/*--------------------------------*- C++ -*----------------------------------*\
| =========                 |                                                 |
| \\      /  F ield         | OpenFOAM: The Open Source CFD Toolbox           |
|  \\    /   O peration     | Version:  v2012                                 |
|   \\  /    A nd           | Website:  www.openfoam.com                      |
|    \\/     M anipulation  |                                                 |
\*---------------------------------------------------------------------------*/
FoamFile
{
    version     2.0;
    format      ascii;
    class       surfaceScalarField;
    location    "4800";
    object      phi;
}
// * * * * * * * * * * * * * * * * * * * * * * * * * * * * * * * * * * * * * //

dimensions      [0 3 -1 0 0 0 0];
oriented        oriented;


internalField   nonuniform List<scalar> 
61001
(
-2.4280966e-08
6.5010351e-06
-6.4767545e-06
-1.1622911e-07
2.5035535e-05
-2.4943587e-05
-3.1397614e-07
5.4809899e-05
-5.4612153e-05
-6.6288069e-07
0.00010021252
-9.9863616e-05
-1.1758211e-06
0.00016348406
-0.00016297112
-1.7327471e-06
0.00024074466
-0.00024018773
-2.1477112e-06
0.00032803266
-0.00032761769
-2.3243611e-06
0.00042803648
-0.00042785983
-2.2459301e-06
0.00054665753
-0.00054673596
-1.9238338e-06
0.00069067657
-0.00069099867
0.00086782623
-0.0008684178
-1.3322665e-06
-2.179224e-08
6.5228275e-06
-9.8061474e-08
2.5111804e-05
-2.5057381e-07
5.4962412e-05
-4.9751009e-07
0.00010045946
-8.3493633e-07
0.00016382149
-1.2340168e-06
0.00024114374
-1.6247267e-06
0.00032842337
-1.9056908e-06
0.00042831744
-1.9480042e-06
0.00054669984
-1.5561187e-06
0.00069028468
0.00086665574
-3.8562357e-07
4.2522549e-08
-3.475515e-06
3.4329927e-06
2.0753097e-07
-1.3361283e-05
1.3196274e-05
5.7692235e-07
-2.9270768e-05
2.8901377e-05
1.2739693e-06
-5.4003411e-05
5.3306364e-05
2.446137e-06
-9.0823468e-05
8.9651301e-05
4.1837775e-06
-0.00014195341
0.00014021577
6.4410483e-06
-0.00020663812
0.00020438085
9.1400624e-06
-0.00028319308
0.00028049407
1.2286439e-05
-0.00037282535
0.00036967897
1.595982e-05
-0.00047940751
0.00047573413
-0.00060817294
0.00060381392
2.0318841e-05
3.8357773e-08
-3.5138727e-06
2.0077949e-07
-1.3523704e-05
5.7682262e-07
-2.9646811e-05
1.2948609e-06
-5.472145e-05
2.5132501e-06
-9.2041857e-05
4.3327778e-06
-0.00014377294
6.6652883e-06
-0.00020897063
9.3728745e-06
-0.00028590067
1.2511088e-05
-0.00037596356
1.6360105e-05
-0.00048325653
-0.00061308672
2.1273884e-05
5.7063909e-08
-3.5709366e-06
2.5578938e-07
-1.372243e-05
6.5754314e-07
-3.0048564e-05
1.3417012e-06
-5.5405608e-05
2.3907426e-06
-9.3090898e-05
3.8416734e-06
-0.00014522387
5.6220696e-06
-0.00021075102
7.6587642e-06
-0.00028793737
1.0047173e-05
-0.00037835197
1.3104977e-05
-0.00048631433
-0.0006175585
1.7576753e-05
-1.02852e-06
-2.6423018e-06
3.670822e-06
-5.095757e-06
-9.3499399e-06
1.3417177e-05
-1.3887169e-05
-1.9132211e-05
2.7923623e-05
-2.9355654e-05
-3.3067601e-05
4.8536086e-05
-5.3470012e-05
-5.2350711e-05
7.6465069e-05
-8.7691347e-05
-7.8261332e-05
0.00011248267
-0.00013323711
-0.00011099678
0.00015654254
-0.00019209042
-0.0001491905
0.0002080438
-0.00026641593
-0.00019307412
0.00026739963
-0.00035725629
-0.00024588283
0.0003367232
-0.00031542789
0.00042054844
-0.00046237684
-3.1668103e-06
5.245085e-07
-1.3662228e-05
1.145478e-06
-3.3869413e-05
1.0749748e-06
-6.6334871e-05
-6.021434e-07
-0.00011263471
-6.0508759e-06
-0.00017177891
-1.9117132e-05
-0.0002392211
-4.3554577e-05
-0.00031059054
-7.7821067e-05
-0.0003845082
-0.00011915645
-0.00046118578
-0.00016920526
-0.00022894886
-0.00054766481
8.9952137e-07
-3.7501283e-07
3.7932916e-06
-1.7482923e-06
9.569556e-06
-4.7012895e-06
1.976235e-05
-1.0794938e-05
3.6361485e-05
-2.265001e-05
6.1334678e-05
-4.4090325e-05
9.5876098e-05
-7.8095997e-05
0.00014078096
-0.00012272593
0.00019709255
-0.00017546804
0.00026619394
-0.00023830665
-0.00031768701
0.00035493208
3.729961e-08
-2.9803257e-06
2.9430262e-06
2.0675427e-07
-1.1512512e-05
1.1343057e-05
6.1237771e-07
-2.5328904e-05
2.4923281e-05
1.4045108e-06
-4.6977178e-05
4.6185045e-05
2.7810447e-06
-7.9617034e-05
7.82405e-05
4.9047383e-06
-0.00012582428
0.00012370059
7.7272203e-06
-0.00018527989
0.0001824574
1.1051518e-05
-0.0002555646
0.0002522403
1.4832559e-05
-0.00033685655
0.00033307551
1.921096e-05
-0.00043253011
0.00042815171
-0.00054724094
0.00054231014
2.4141761e-05
8.4018542e-08
-3.0643442e-06
3.7997092e-07
-1.1808464e-05
9.9004657e-07
-2.593898e-05
2.0575312e-06
-4.8044662e-05
3.7498775e-06
-8.130938e-05
6.1849072e-06
-0.00012825931
9.2703807e-06
-0.00018836536
1.2775235e-05
-0.00025906945
1.6706459e-05
-0.00034078777
2.1409746e-05
-0.0004372334
-0.00055362868
2.7797478e-05
1.1340569e-08
-3.0756848e-06
5.6015775e-08
-1.1853139e-05
1.4593925e-07
-2.6028903e-05
2.8530157e-07
-4.8184025e-05
4.6916514e-07
-8.1493244e-05
6.8589307e-07
-0.00012847604
9.3710832e-07
-0.00018861657
1.2551518e-06
-0.0002593875
1.6994094e-06
-0.00034123203
2.3666094e-06
-0.0004379006
-0.00055455653
3.2944613e-06
6.0104215e-08
-2.6069097e-06
2.5468031e-06
2.9553845e-07
-1.0223765e-05
9.9883298e-06
8.2928572e-07
-2.2844843e-05
2.231109e-05
1.8584327e-06
-4.3140899e-05
4.2111754e-05
3.6484909e-06
-7.4583538e-05
7.2793475e-05
6.3975411e-06
-0.00011999976
0.00011725071
9.9630331e-06
-0.00017811441
0.00017454892
1.4152636e-05
-0.00024494504
0.00024075544
1.9151146e-05
-0.00032113271
0.0003161342
2.5394327e-05
-0.00041101806
0.00040477488
-0.00051991226
0.00051172764
3.3578952e-05
8.2591205e-09
-3.3991574e-06
3.3908983e-06
8.074278e-09
-1.3067121e-05
1.3067305e-05
-4.1512979e-08
-2.863065e-05
2.8680237e-05
-2.135273e-07
-5.2849364e-05
5.3021379e-05
-6.2625852e-07
-8.8986303e-05
8.9399034e-05
-1.366117e-06
-0.00013933411
0.00014007397
-2.265993e-06
-0.00020309167
0.00020399154
-2.9877084e-06
-0.00027843513
0.00027915684
-3.4212351e-06
-0.00036670771
0.00036714123
-3.7644612e-06
-0.00047212041
0.00047246364
-0.00060053636
0.00060103166
-4.2597647e-06
3.1533841e-09
-3.4023107e-06
9.6038978e-09
-1.3073571e-05
3.0768609e-09
-2.8624122e-05
-6.3449505e-08
-5.2782838e-05
-2.8011153e-07
-8.8769641e-05
-7.1903232e-07
-0.00013889519
-1.1996059e-06
-0.00020261109
-1.3774368e-06
-0.0002782573
-1.185438e-06
-0.00036689971
-9.7805659e-07
-0.0004723278
-0.00059972509
-1.7893226e-06
3.0681844e-08
1.5338515e-07
4.3063932e-07
9.541659e-07
1.8358256e-06
3.1564032e-06
4.9261564e-06
7.1629286e-06
9.9421937e-06
1.3348526e-05
1.7437356e-05
1.1361672e-07
-1.6728033e-06
1.5591864e-06
5.3114802e-07
-6.609365e-06
6.1918334e-06
1.4175883e-06
-1.48785e-05
1.399206e-05
3.0048687e-06
-2.8367771e-05
2.6780491e-05
5.571772e-06
-4.9798505e-05
4.7231604e-05
9.3513853e-06
-8.2387737e-05
7.8608122e-05
1.4384218e-05
-0.00012785753
0.00012282469
2.0703159e-05
-0.00018376359
0.00017744465
2.8473421e-05
-0.00024743179
0.00023966153
3.7752317e-05
-0.00032064622
0.00031136733
-0.00040752255
0.00039671608
4.8558789e-05
-1.8613065e-09
5.3342335e-06
-5.3323721e-06
8.1456303e-09
2.0517607e-05
-2.0527613e-05
5.6075919e-08
4.4919819e-05
-4.4967749e-05
1.8133931e-07
8.2443459e-05
-8.2568723e-05
4.2501311e-07
0.00013622087
-0.00013646454
7.94322e-07
0.0002049868
-0.00020535611
1.2995264e-06
0.00028426384
-0.00028476904
1.9831444e-06
0.00037409621
-0.00037477983
2.8925847e-06
0.00047888488
-0.00047979432
4.0681001e-06
0.00060429252
-0.00060546804
0.00075662894
-0.00075800765
5.4468087e-06
4.2278367e-08
5.2919554e-06
1.8189161e-07
2.0377993e-05
4.5476456e-07
4.4646947e-05
9.0274883e-07
8.1995475e-05
1.5453797e-06
0.00013557824
2.3649392e-06
0.00020416724
3.3623002e-06
0.00028326648
4.5816638e-06
0.00037287685
6.0832104e-06
0.00047738334
7.9312116e-06
0.00060244452
0.00075422461
1.0335545e-05
5.6620253e-08
1.842935e-06
-1.8995556e-06
2.7406119e-07
7.2588896e-06
-7.4763311e-06
7.5978695e-07
1.6278412e-05
-1.6764137e-05
1.6852584e-06
3.0890937e-05
-3.1816409e-05
3.2938452e-06
5.3926212e-05
-5.5534797e-05
5.8428348e-06
8.8599692e-05
-9.1148683e-05
9.3928347e-06
0.00013628075
-0.00013983075
1.3775079e-05
0.00019407807
-0.00019846031
1.902881e-05
0.00025983451
-0.00026508824
2.5386414e-05
0.00033609306
-0.00034245065
0.00042734475
-0.00043518083
3.3222497e-05
9.1818097e-08
-2.7078438e-06
2.6160293e-06
4.7208093e-07
-1.0691509e-05
1.0311247e-05
1.3453569e-06
-2.4014574e-05
2.3141305e-05
3.0156899e-06
-4.5557824e-05
4.388749e-05
5.8831999e-06
-7.9008351e-05
7.614085e-05
1.0231395e-05
-0.00012699992
0.00012265171
1.57825e-05
-0.00018724998
0.00018169889
2.223821e-05
-0.00025574276
0.00024928703
2.9852668e-05
-0.00033405176
0.00032643731
3.9174552e-05
-0.0004269834
0.00041766149
-0.00053986808
0.00052829869
5.0743952e-05
8.7176271e-08
-1.438454e-06
1.3512779e-06
4.0960229e-07
-5.6773617e-06
5.3549356e-06
1.1022726e-06
-1.2770632e-05
1.2077963e-05
2.3675861e-06
-2.4343297e-05
2.3077983e-05
4.4830048e-06
-4.2795352e-05
4.0679934e-05
7.7631208e-06
-7.1201844e-05
6.7921728e-05
1.2385203e-05
-0.0001119372
0.00010731512
1.8196249e-05
-0.00016371526
0.00015790422
2.5106244e-05
-0.00022332313
0.00021641314
3.3382912e-05
-0.00029158235
0.00028330568
-0.00037236748
0.00036207201
4.3678386e-05
7.9506441e-08
6.1784672e-06
-6.2579732e-06
3.6160197e-07
2.3798747e-05
-2.4080842e-05
9.3444296e-07
5.212136e-05
-5.2694201e-05
1.8881906e-06
9.5419369e-05
-9.6373117e-05
3.2547686e-06
0.00015624573
-0.00015761231
5.0068977e-06
0.00023157562
-0.00023332775
7.1825056e-06
0.00031732176
-0.00031949737
9.8770136e-06
0.00041531899
-0.0004180135
1.3201345e-05
0.00053086693
-0.00053419126
1.7289014e-05
0.00067020199
-0.00067428966
0.00084025885
-0.00084536391
2.2394075e-05
6.0619228e-08
6.1178487e-06
2.937011e-07
2.3565665e-05
7.9501416e-07
5.1620049e-05
1.6720433e-06
9.454234e-05
2.9838439e-06
0.00015493393
4.7018618e-06
0.0002298576
6.849761e-06
0.00031517387
9.5359461e-06
0.0004126328
1.2902728e-05
0.00052750015
1.7121019e-05
0.00066598369
0.00083501085
2.236902e-05
5.3153319e-08
-9.0885119e-07
8.5569779e-07
2.2933962e-07
-3.6230874e-06
3.4469011e-06
5.7276218e-07
-8.2325281e-06
7.8891053e-06
1.1378251e-06
-1.5883243e-05
1.5318181e-05
1.9726262e-06
-2.8360461e-05
2.7525659e-05
3.095244e-06
-4.826384e-05
4.7141222e-05
4.4838972e-06
-7.8533676e-05
7.7145022e-05
6.2876244e-06
-0.0001199283
0.00011812457
8.9252249e-06
-0.00016942414
0.00016678654
1.2663473e-05
-0.00022581293
0.00022207468
-0.00029201806
0.00028672319
1.7958342e-05
6.5663941e-08
-1.5639201e-06
1.498257e-06
3.1098918e-07
-6.1590301e-06
5.9137051e-06
8.4360862e-07
-1.3823549e-05
1.3290932e-05
1.8299559e-06
-2.6282279e-05
2.5295932e-05
3.5070098e-06
-4.6051755e-05
4.4374705e-05
6.149909e-06
-7.625396e-05
7.361106e-05
9.8799039e-06
-0.00011900139
0.00011527139
1.4437286e-05
-0.00017247278
0.0001679154
1.9636827e-05
-0.0002336246
0.00022842506
2.5696969e-05
-0.00030385237
0.00029779223
-0.00038733365
0.00037984405
3.3186566e-05
9.9009032e-09
-1.5738206e-06
7.0838581e-08
-6.2199677e-06
2.5139603e-07
-1.4004106e-05
6.8337842e-07
-2.6714262e-05
1.6038931e-06
-4.697227e-05
3.3513718e-06
-7.800144e-05
6.1091501e-06
-0.00012175916
9.4793094e-06
-0.00017584294
1.3206906e-05
-0.00023735219
1.7614416e-05
-0.00030825988
-0.00039298408
2.3264847e-05
-5.5775549e-08
-2.8988135e-06
2.9545903e-06
-2.6752345e-07
-1.1078844e-05
1.1290592e-05
-7.2597248e-07
-2.4134973e-05
2.4593424e-05
-1.5577713e-06
-4.4304645e-05
4.5136445e-05
-2.9160036e-06
-7.4409036e-05
7.5767271e-05
-4.9282289e-06
-0.0001172401
0.00011925232
-7.606426e-06
-0.00017444322
0.00017712142
-1.0831538e-05
-0.00024672008
0.00024994518
-1.443048e-05
-0.00033595765
0.0003395566
-1.8216403e-05
-0.00044655794
0.00045034386
-0.0005856074
0.00058937272
-2.198173e-05
-4.8077597e-08
-2.8507351e-06
-2.339307e-07
-1.089299e-05
-6.4216978e-07
-2.3726733e-05
-1.3946919e-06
-4.3552123e-05
-2.6478559e-06
-7.3155871e-05
-4.5437009e-06
-0.00011534425
-7.1069148e-06
-0.00017188001
-1.0219805e-05
-0.00024360719
-1.3730751e-05
-0.00033244671
-1.7499717e-05
-0.00044278897
-0.00058185967
-2.1247437e-05
-4.0852526e-08
-2.8098825e-06
-1.9953378e-07
-1.0734309e-05
-5.5132015e-07
-2.3374946e-05
-1.2090625e-06
-4.289438e-05
-2.3246473e-06
-7.2040284e-05
-4.0451861e-06
-0.00011362371
-6.4014849e-06
-0.00016952371
-9.2755952e-06
-0.00024073308
-1.2549613e-05
-0.00032917269
-1.6236273e-05
-0.00043910231
-0.00057762198
-2.0473967e-05
1.1209618e-08
5.2484533e-06
-5.2596639e-06
5.5184876e-08
2.0163551e-05
-2.0207526e-05
1.5601317e-07
4.4087111e-05
-4.4187941e-05
3.4970453e-07
8.0819054e-05
-8.1012745e-05
6.6886535e-07
0.00013351691
-0.00013383607
1.1096964e-06
0.00020127963
-0.00020172046
1.6564151e-06
0.00027982118
-0.00028036789
2.329074e-06
0.00036880834
-0.000369481
3.1693166e-06
0.00047230925
-0.00047314949
4.2255084e-06
0.00059577434
-0.00059683053
0.00074517995
-0.00074652964
5.5752005e-06
-2.6699245e-09
5.2511233e-06
-3.498274e-09
2.0164379e-05
1.1400307e-08
4.4072211e-05
6.6314804e-08
8.076414e-05
1.8903692e-07
0.00013339418
3.8308438e-07
0.00020108558
6.3927184e-07
0.00027956499
9.7352325e-07
0.00036847409
1.4165568e-06
0.00047186621
2.0014323e-06
0.00059518946
0.00074444255
2.7388328e-06
-3.9103111e-07
8.4658113e-06
-8.073062e-06
-1.8408106e-06
3.1787287e-05
-3.0335916e-05
-4.8154005e-06
6.776701e-05
-6.4789197e-05
-9.75844e-06
0.00012008807
-0.00011514399
-1.6880758e-05
0.00018985052
-0.00018272481
-2.6193803e-05
0.00027370138
-0.00026438866
-3.7888928e-05
0.00036863444
-0.00035693701
-5.2342801e-05
0.00047642025
-0.00046196837
-6.9884592e-05
0.00060174309
-0.00058420014
-9.0738353e-05
0.00075019654
-0.00072934258
0.00092741043
-0.00090372921
-0.00011441932
9.7034272e-07
7.4997793e-06
4.1694829e-06
2.8591445e-05
9.6602433e-06
6.2282938e-05
1.6549575e-05
0.00011320069
2.3733729e-05
0.00018267165
3.0973145e-05
0.00026646214
3.7913965e-05
0.00036169657
4.372517e-05
0.00047060766
4.7694757e-05
0.00059777503
4.9484086e-05
0.00074840765
0.00093048126
4.6413991e-05
1.4144487e-07
-2.849273e-06
6.221025e-07
-1.1172158e-05
1.578123e-06
-2.4970556e-05
3.1796107e-06
-4.715931e-05
5.5760403e-06
-8.1404723e-05
8.7920141e-06
-0.00013021591
1.2674693e-05
-0.00019113261
1.7187894e-05
-0.000260256
2.2584318e-05
-0.00033944815
2.931746e-05
-0.00043371654
-0.00054894887
3.8398256e-05
5.3691287e-08
5.335567e-06
-5.3892582e-06
1.9411088e-07
2.0513708e-05
-2.0654128e-05
4.0111063e-07
4.4865697e-05
-4.5072698e-05
6.3115326e-07
8.2231508e-05
-8.2461551e-05
8.1816965e-07
0.00013572066
-0.00013590768
9.181883e-07
0.00020418628
-0.0002042863
8.9340902e-07
0.00028314676
-0.00028312198
7.2596909e-07
0.00037241527
-0.00037224783
4.5946684e-07
0.00047623749
-0.00047597099
2.1403347e-07
0.00060015026
-0.00059990483
0.00075003131
-0.00075034303
5.257483e-07
1.6210486e-09
5.3339479e-06
3.5693247e-08
2.0479636e-05
1.500479e-07
4.4751348e-05
4.1596454e-07
8.196559e-05
9.1418048e-07
0.00013522245
1.6113888e-06
0.00020348907
2.3122e-06
0.00028244595
2.932336e-06
0.00037179513
3.5499361e-06
0.00047561989
4.3353488e-06
0.00059936485
0.00074897761
5.389048e-06
-1.8682922e-08
1.8616185e-06
-5.8849109e-08
7.2990558e-06
-9.979415e-08
1.631936e-05
-1.0308682e-07
3.0894229e-05
3.9742661e-10
5.3822736e-05
2.915395e-07
8.8308548e-05
8.3359318e-07
0.00013573871
1.7916642e-06
0.00019311999
3.3773369e-06
0.00025824883
5.6886507e-06
0.00033378175
0.00042450844
8.5249605e-06
5.0065989e-08
1.811553e-06
2.1538392e-07
7.1337381e-06
5.3969664e-07
1.5995048e-05
1.0828938e-06
3.0351032e-05
1.9084229e-06
5.2997205e-05
3.0569616e-06
8.7160008e-05
4.505268e-06
0.0001342904
6.2118193e-06
0.00019141343
8.3114025e-06
0.00025614925
1.1167129e-05
0.00033092601
0.00042005423
1.5621343e-05
1.3875144e-07
6.6312486e-07
1.7796773e-06
3.7629371e-06
6.9616429e-06
1.1733912e-05
1.8166794e-05
2.5816631e-05
3.4534091e-05
4.4813885e-05
5.7345559e-05
-1.4634376e-08
-4.276877e-08
-5.4815111e-08
1.1413558e-08
2.7074692e-07
8.7743001e-07
1.9429601e-06
3.5446647e-06
5.8540003e-06
8.9614459e-06
1.2693449e-05
5.7316649e-08
1.1784355e-06
-1.2357523e-06
2.8038853e-07
4.6799315e-06
-4.9030033e-06
7.7148355e-07
1.058388e-05
-1.1074976e-05
1.6801765e-06
2.0294463e-05
-2.1203156e-05
3.2171199e-06
3.5941521e-05
-3.7478466e-05
5.6395475e-06
6.0429068e-05
-6.2851495e-05
9.1411718e-06
9.6517086e-05
-0.00010001871
1.3681379e-05
0.00014397466
-0.00014851487
1.9221884e-05
0.00019941131
-0.00020495182
2.5976545e-05
0.00026257659
-0.00026933125
0.00033682081
-0.0003450667
3.4222429e-05
3.7958822e-08
1.1404774e-06
1.9186943e-07
4.526021e-06
5.4596064e-07
1.022979e-05
1.2350519e-06
1.9605372e-05
2.4648179e-06
3.4711758e-05
4.5063148e-06
5.838757e-05
7.5824731e-06
9.3440931e-05
1.1654599e-05
0.00013990253
1.6651664e-05
0.00019441424
2.2804862e-05
0.00025642339
0.00032911998
3.0505697e-05
3.1752441e-08
-2.3193116e-06
2.2875593e-06
1.4959065e-07
-9.0147001e-06
8.896862e-06
3.9798356e-07
-1.9968405e-05
1.9720012e-05
8.3487469e-07
-3.737081e-05
3.6933919e-05
1.526888e-06
-6.4166396e-05
6.3474383e-05
2.5274812e-06
-0.00010335056
0.00010234997
3.8460945e-06
-0.00015567878
0.00015436017
5.4991796e-06
-0.00021852886
0.00021687577
7.595098e-06
-0.00029093035
0.00028883443
1.0306516e-05
-0.00037591906
0.00037320764
-0.00047840598
0.00047486298
1.384951e-05
2.6236508e-08
-2.345548e-06
1.2211428e-07
-9.1105778e-06
3.2112165e-07
-2.0167412e-05
6.6422884e-07
-3.7713917e-05
1.1932319e-06
-6.4695398e-05
1.9354217e-06
-0.00010409275
2.9052538e-06
-0.00015664861
4.181577e-06
-0.00021980518
5.9134016e-06
-0.00029266217
8.2464881e-06
-0.00037825215
-0.00048147782
1.1318334e-05
3.0115391e-08
-2.3756634e-06
1.3757393e-07
-9.2180363e-06
3.5473567e-07
-2.0384574e-05
7.1585933e-07
-3.8075041e-05
1.2452741e-06
-6.5224813e-05
1.94396e-06
-0.00010479144
2.8298271e-06
-0.00015753448
4.0578775e-06
-0.00022103323
5.8268083e-06
-0.0002944311
8.2398755e-06
-0.00038066521
-0.00048454554
1.1307591e-05
9.0327979e-08
6.0357349e-07
-6.939015e-07
3.9759088e-07
2.4837749e-06
-2.7910378e-06
1.0153092e-06
5.7844991e-06
-6.4022174e-06
2.0734961e-06
1.1428481e-05
-1.2486668e-05
3.7209939e-06
2.0919467e-05
-2.2566964e-05
6.092779e-06
3.6571022e-05
-3.8942807e-05
9.3344526e-06
6.121696e-05
-6.4458633e-05
1.3873138e-05
9.5842934e-05
-0.00010038162
2.0240292e-05
0.00013764621
-0.00014401336
2.8412806e-05
0.00018518439
-0.00019335691
0.00024051401
-0.00025063878
3.8537578e-05
-2.2884807e-08
6.2645828e-07
-8.0294177e-08
2.5411842e-06
-1.63495e-07
5.8676998e-06
-2.5393519e-07
1.1518921e-05
-3.0037833e-07
2.096591e-05
-1.8850297e-07
3.6459147e-05
3.0200369e-07
6.0726453e-05
1.4489681e-06
9.469597e-05
3.3856667e-06
0.00013570951
6.0950141e-06
0.00018247504
0.00023739675
9.2122724e-06
-5.6935186e-07
-2.8835986e-06
3.4529434e-06
-2.7199373e-06
-1.0390576e-05
1.2541164e-05
-7.3281373e-06
-2.1302418e-05
2.5910637e-05
-1.5598238e-05
-3.6381934e-05
4.4652056e-05
-2.9121013e-05
-5.6170864e-05
6.9693716e-05
-4.9862804e-05
-8.0750398e-05
0.00010149222
-7.999265e-05
-0.00010961807
0.00013974804
-0.00012145398
-0.00014200208
0.00018346337
-0.00017543839
-0.00017775584
0.00023174036
-0.00024234353
-0.00021813805
0.00028504324
-0.00026546007
0.0003453659
-0.00032224926
-1.122197e-06
-1.7613896e-06
-5.2176396e-06
-6.2951277e-06
-1.371378e-05
-1.2806298e-05
-2.8415153e-05
-2.1680581e-05
-5.1451487e-05
-3.3134636e-05
-8.5093247e-05
-4.7108675e-05
-0.00013142675
-6.3284742e-05
-0.00019201787
-8.1410947e-05
-0.0002679116
-0.00010186229
-0.00036018565
-0.00012586421
-0.00015520515
-0.00047044056
-1.5699501e-06
-1.9148408e-07
-7.1685897e-06
-6.9651884e-07
-1.8542247e-05
-1.4326987e-06
-3.7777897e-05
-2.4449487e-06
-6.7148341e-05
-3.7642486e-06
-0.00010885189
-5.4051216e-06
-0.00016473868
-7.3980218e-06
-0.00023627692
-9.8726796e-06
-0.00032499267
-1.3146603e-05
-0.00043315058
-1.7706392e-05
-2.390146e-05
-0.00056445428
6.9026195e-08
-1.9685762e-06
3.2998735e-07
-7.7372894e-06
8.9084998e-07
-1.7324984e-05
1.9012488e-06
-3.2826807e-05
3.5489188e-06
-5.7182446e-05
6.0024468e-06
-9.3602217e-05
9.2714001e-06
-0.00014309968
1.3238401e-05
-0.00020242733
1.7960408e-05
-0.00026981024
2.3660546e-05
-0.00034815079
-0.00044214895
3.0628673e-05
5.9802776e-08
2.96146e-07
8.1644519e-07
1.7690801e-06
3.3484338e-06
5.7576491e-06
9.0918479e-06
1.3291981e-05
1.8393909e-05
2.4603783e-05
3.2080357e-05
6.8634921e-07
-1.4102438e-05
1.3414958e-05
3.3406822e-06
-5.5497446e-05
5.286235e-05
9.2155101e-06
-0.00012276751
0.00011688646
1.9289785e-05
-0.00021800722
0.00020794358
3.3622544e-05
-0.00033201221
0.00031767245
5.358758e-05
-0.00046453288
0.00044456853
8.1759824e-05
-0.00062494889
0.00059677169
0.00012171685
-0.00082519853
0.00078523807
0.00017816801
-0.0010786675
0.0010222122
0.00025673428
-0.0013984838
0.0013199149
-0.0017863006
0.0016823018
0.00036073296
2.8776272e-08
5.7468083e-06
-5.775585e-06
1.412302e-07
2.2126518e-05
-2.2238973e-05
3.8823315e-07
4.8464314e-05
-4.8711318e-05
8.3302253e-07
8.8867832e-05
-8.9312622e-05
1.5186126e-06
0.000146222
-0.00014690759
2.4240575e-06
0.00021830084
-0.00021920628
3.5399134e-06
0.00030061769
-0.00030173355
4.9230738e-06
0.00039416935
-0.00039555251
6.667709e-06
0.00050390611
-0.00050565074
8.8954314e-06
0.00063582172
-0.00063804944
0.00079656628
-0.00079942033
1.1749488e-05
3.2106265e-08
5.7147022e-06
1.5307302e-07
2.2005552e-05
4.1477454e-07
4.8202613e-05
8.8316699e-07
8.839944e-05
1.6026342e-06
0.00014550253
2.549514e-06
0.00021735396
3.7106993e-06
0.00029945651
5.1441788e-06
0.00039273587
6.9481721e-06
0.00050210212
9.2504446e-06
0.00063351944
0.000793568
1.2248719e-05
2.3971248e-08
5.690731e-06
1.2276773e-07
2.1906755e-05
3.4696032e-07
4.797842e-05
7.6087047e-07
8.798553e-05
1.4120699e-06
0.00014485133
2.2806395e-06
0.00021648539
3.3503914e-06
0.00029838675
4.6749614e-06
0.0003914113
6.350172e-06
0.00050042691
8.5031233e-06
0.00063136649
0.00079080522
1.1265903e-05
-3.7280932e-08
6.757235e-06
-6.7199518e-06
-1.8648137e-07
2.6112175e-05
-2.5962974e-05
-5.1359831e-07
5.7338776e-05
-5.7011659e-05
-1.0875836e-06
0.00010503818
-0.0001044642
-1.9328124e-06
0.00017113202
-0.0001702868
-3.0147781e-06
0.00025118198
-0.00025010001
-4.2940315e-06
0.00034233108
-0.00034105183
-5.6975419e-06
0.00044859305
-0.00044718954
-7.0650966e-06
0.00057694611
-0.00057557855
-8.0844488e-06
0.0007357574
-0.00073473805
0.00093534724
-0.00093530366
-8.1280336e-06
-3.7072662e-08
6.7943129e-06
-1.7734835e-07
2.6252453e-05
-4.7913671e-07
5.7640577e-05
-1.0079601e-06
0.00010556701
-1.7816232e-06
0.0001719057
-2.7271744e-06
0.00025212752
-3.7588889e-06
0.00034336281
-4.7942501e-06
0.0004496284
-5.6970283e-06
0.00057784889
-6.2053608e-06
0.00073626574
0.00093497955
-5.8376644e-06
1.3529945e-07
-2.7748698e-06
2.6395704e-06
6.2515142e-07
-1.0721628e-05
1.0231776e-05
1.6541184e-06
-2.3615553e-05
2.2586586e-05
3.4811092e-06
-4.38905e-05
4.2063509e-05
6.4152624e-06
-7.4636687e-05
7.1702534e-05
1.0696652e-05
-0.00011857557
0.00011429418
1.6242642e-05
-0.00017573204
0.00017018605
2.2684646e-05
-0.00024356963
0.00023712762
2.9911184e-05
-0.00032180402
0.00031457749
3.826275e-05
-0.00041356041
0.00040520884
-0.00052356918
0.00051310416
4.8727763e-05
5.7450529e-08
-2.8323204e-06
2.7320941e-07
-1.0937387e-05
7.2614384e-07
-2.4068487e-05
1.5131438e-06
-4.46775e-05
2.7444056e-06
-7.5867949e-05
4.5017376e-06
-0.0001203329
6.7353474e-06
-0.00017796565
9.2865161e-06
-0.0002461208
1.217071e-05
-0.00032468822
1.5678121e-05
-0.00041706782
-0.00052813836
2.0247304e-05
1.3355558e-08
-2.8456759e-06
6.3143788e-08
-1.0987175e-05
1.7075952e-07
-2.4176103e-05
3.6812638e-07
-4.4874867e-05
6.9653202e-07
-7.6196355e-05
1.1917695e-06
-0.00012082814
1.8492536e-06
-0.00017862313
2.6610996e-06
-0.00024693264
3.720842e-06
-0.00032574796
5.2439298e-06
-0.0004185909
-0.00053051722
7.6227929e-06
3.7468654e-08
2.1030396e-06
-2.1405121e-06
1.7575875e-07
8.281795e-06
-8.4200866e-06
4.7912702e-07
1.8572831e-05
-1.8876209e-05
1.0533715e-06
3.5236408e-05
-3.5810653e-05
2.0466927e-06
6.140356e-05
-6.23969e-05
3.5981593e-06
0.00010028459
-0.00010183605
5.6716719e-06
0.00015223853
-0.00015431206
8.1182304e-06
0.00021339573
-0.00021584227
1.104147e-05
0.00028271341
-0.00028563665
1.4767454e-05
0.00036377348
-0.00036749946
0.00046151888
-0.00046666222
1.9910795e-05
1.2812233e-08
-3.3228915e-06
3.3100786e-06
6.4061623e-08
-1.2734322e-05
1.2683072e-05
1.7282025e-07
-2.780696e-05
2.7698199e-05
3.5477745e-07
-5.1132023e-05
5.0950065e-05
6.1344483e-07
-8.581857e-05
8.55599e-05
9.4213947e-07
-0.0001344465
0.0001341178
1.3713053e-06
-0.0001976933
0.00019726413
1.9456107e-06
-0.00027537352
0.00027479921
2.5896658e-06
-0.00036909696
0.0003684529
2.9475327e-06
-0.00048287796
0.0004825201
-0.00062250406
0.00062358127
1.8703154e-06
3.8379976e-08
-3.3612705e-06
1.792964e-07
-1.2875238e-05
4.7740257e-07
-2.8105064e-05
1.0077414e-06
-5.1662362e-05
1.8555214e-06
-8.6666349e-05
3.0753932e-06
-0.00013566637
4.6375302e-06
-0.00019925543
6.4772844e-06
-0.00027721327
8.6390861e-06
-0.00037125876
1.1389425e-05
-0.0004856283
-0.00062652639
1.541176e-05
1.7188516e-08
-3.378459e-06
8.1892345e-08
-1.2939941e-05
2.2076799e-07
-2.824394e-05
4.7164226e-07
-5.1913236e-05
8.8127356e-07
-8.7075979e-05
1.4728145e-06
-0.00013625791
2.1747616e-06
-0.00019995738
2.867319e-06
-0.00027790583
3.5655398e-06
-0.00037195698
4.542514e-06
-0.00048660528
-0.00062834439
6.3605184e-06
5.9762345e-08
1.7126817e-07
-2.3103064e-07
2.874175e-07
7.5866584e-07
-9.8632104e-07
7.8525853e-07
1.8794268e-06
-2.3772683e-06
1.7087473e-06
3.9464425e-06
-4.8699313e-06
3.2898219e-06
7.6766207e-06
-9.257696e-06
5.8668168e-06
1.4285096e-05
-1.686209e-05
9.8954289e-06
2.5667457e-05
-2.969607e-05
1.5836572e-05
4.3982605e-05
-4.9923747e-05
2.3869461e-05
6.959106e-05
-7.7623949e-05
3.3969972e-05
0.00010047233
-0.00011057284
0.00013611391
-0.000148499
4.635507e-05
1.1556814e-08
1.5971155e-07
6.3238169e-08
7.0698457e-07
1.8938215e-07
1.7532834e-06
4.4706786e-07
3.6887569e-06
9.3167777e-07
7.1920117e-06
1.7986831e-06
1.341809e-05
3.2917035e-06
2.4174438e-05
5.7614676e-06
4.151284e-05
9.5832176e-06
6.576931e-05
1.4946647e-05
9.5108903e-05
0.000129274
2.1786552e-05
2.1308982e-08
5.2906384e-06
-5.3119476e-06
1.0091842e-07
2.0332244e-05
-2.0411853e-05
2.7042543e-07
4.4469786e-05
-4.4639293e-05
5.68915e-07
8.153674e-05
-8.1835229e-05
1.0251073e-06
0.00013467462
-0.00013513081
1.6297072e-06
0.00020286231
-0.00020346691
2.3666759e-06
0.00028177556
-0.00028251253
3.2576188e-06
0.00037119552
-0.00037208646
4.3488583e-06
0.00047526408
-0.00047635532
5.7001714e-06
0.00059946126
-0.00060081257
0.00074979843
-0.00075149114
7.3928853e-06
2.01937e-08
5.2704444e-06
9.7841684e-08
2.0254596e-05
2.6789563e-07
4.429973e-05
5.7621687e-07
8.1228419e-05
1.0600493e-06
0.00013419079
1.710531e-06
0.00020221183
2.5041441e-06
0.00028098195
3.4608294e-06
0.00037023884
4.6316439e-06
0.00047409326
6.0832999e-06
0.0005980096
0.00074797639
7.9053396e-06
1.0781082e-08
5.7850749e-08
1.6964148e-07
3.8531484e-07
7.4003541e-07
1.2314029e-06
1.8454532e-06
2.6032905e-06
3.5470607e-06
4.7261348e-06
6.1728806e-06
6.0894506e-08
3.0691662e-06
-3.130068e-06
3.1856349e-07
1.2143962e-05
-1.240164e-05
9.2715543e-07
2.7344482e-05
-2.7953088e-05
2.1278976e-06
5.1978289e-05
-5.3179043e-05
4.2247879e-06
9.0012291e-05
-9.2109222e-05
7.326264e-06
0.00014327474
-0.00014637621
1.1124495e-05
0.00020765611
-0.00021145439
1.5605117e-05
0.00028009022
-0.00028457079
2.1155499e-05
0.00036388416
-0.00036943455
2.837017e-05
0.00046465843
-0.00047187307
0.00058863621
-0.00059830575
3.8039765e-05
3.9359493e-08
3.0297839e-06
2.3169778e-07
1.1951593e-05
7.3508128e-07
2.6841055e-05
1.8156917e-06
5.0897648e-05
3.8232335e-06
8.80047e-05
6.9040554e-06
0.00014019391
1.0726984e-05
0.00020383316
1.5218526e-05
0.00027559871
2.0721125e-05
0.00035838156
2.7759221e-05
0.00045762034
0.00057943505
3.6960394e-05
3.827897e-08
-2.4139424e-06
1.749447e-07
-9.3547021e-06
4.5193766e-07
-2.0661567e-05
9.1468764e-07
-3.8537791e-05
1.5962833e-06
-6.5906409e-05
2.4973987e-06
-0.00010569255
3.6400494e-06
-0.00015867713
5.2212646e-06
-0.00022261445
7.4691504e-06
-0.00029667899
1.0443222e-05
-0.00038363928
-0.00048812607
1.4023757e-05
4.9047848e-08
-2.4629901e-06
2.3114987e-07
-9.5368041e-06
6.1558673e-07
-2.1046004e-05
1.2906663e-06
-3.921287e-05
2.3482606e-06
-6.6964003e-05
3.845751e-06
-0.00010719004
5.8143247e-06
-0.0001606457
8.4065112e-06
-0.00022520664
1.1827148e-05
-0.00030009962
1.6152578e-05
-0.00038796472
-0.00049325975
2.1286256e-05
6.5871928e-08
-2.5288622e-06
3.1069881e-07
-9.781631e-06
8.24565e-07
-2.155987e-05
1.7197456e-06
-4.0108051e-05
3.1165714e-06
-6.8360829e-05
5.0993474e-06
-0.00010917282
7.6992023e-06
-0.00016324556
1.1016468e-05
-0.0002285239
1.5212268e-05
-0.00030429542
2.0381702e-05
-0.00039313415
-0.00049934688
2.6468826e-05
5.5451917e-08
-2.584314e-06
2.592238e-07
-9.9854028e-06
6.9906986e-07
-2.1999716e-05
1.5085501e-06
-4.0917531e-05
2.854699e-06
-6.9706978e-05
4.87169e-06
-0.00011118981
7.5863751e-06
-0.00016596024
1.1032008e-05
-0.00023196953
1.5293815e-05
-0.00030855723
2.0393461e-05
-0.00039823379
-0.00050537661
2.6423194e-05
5.5256443e-08
3.016295e-07
8.8849935e-07
2.0344772e-06
4.0300339e-06
7.1344067e-06
1.1360211e-05
1.6518301e-05
2.2538556e-05
2.9513601e-05
3.7241155e-05
2.603631e-08
5.3669038e-06
-5.3929406e-06
1.2873275e-07
2.0629567e-05
-2.0732263e-05
3.5642085e-07
4.5126822e-05
-4.5354512e-05
7.7102647e-07
8.2735713e-05
-8.3150318e-05
1.4212164e-06
0.00013656302
-0.00013721321
2.3025308e-06
0.00020541484
-0.00020629615
3.4142688e-06
0.00028494328
-0.00028605502
4.8029684e-06
0.00037509789
-0.00037648659
6.5260937e-06
0.00048010683
-0.00048182995
8.6327131e-06
0.00060547392
-0.00060758054
0.00075723243
-0.0007597429
1.1143181e-05
2.2055761e-08
5.3448487e-06
1.0785209e-07
2.0543771e-05
2.9759894e-07
4.4937077e-05
6.4429366e-07
8.2389018e-05
1.190365e-06
0.00013601695
1.9305636e-06
0.00020467464
2.8595717e-06
0.00028401427
4.0172487e-06
0.00037394021
5.4588751e-06
0.0004786652
7.2373325e-06
0.00060369546
0.00075506408
9.4056812e-06
2.6387067e-08
-3.4479339e-06
3.4215468e-06
1.2380379e-07
-1.321777e-05
1.3120353e-05
3.3071245e-07
-2.8874985e-05
2.8668077e-05
7.0129494e-07
-5.3115657e-05
5.2745075e-05
1.3002159e-06
-8.9121462e-05
8.8522541e-05
2.1655509e-06
-0.00013931698
0.00013845164
3.2505659e-06
-0.00020382969
0.00020274468
4.4733512e-06
-0.00028203026
0.00028080747
5.8587976e-06
-0.00037563144
0.00037424599
7.5553765e-06
-0.0004889077
0.00048721112
-0.00062788637
0.00062567867
9.7630847e-06
-1.0027912e-08
-3.4379059e-06
-3.4152205e-08
-1.3193646e-05
-5.3158139e-08
-2.8855979e-05
-1.3514724e-08
-5.3155301e-05
1.8549385e-07
-8.932047e-05
6.3098773e-07
-0.00013976247
1.2422655e-06
-0.00020444097
1.8906984e-06
-0.00028267869
2.7111262e-06
-0.00037645186
4.2416239e-06
-0.0004904382
-0.00063095269
7.3079388e-06
-4.6540088e-08
-3.3913662e-06
-2.0088908e-07
-1.3039297e-05
-4.9620901e-07
-2.856066e-05
-9.5758294e-07
-5.2693927e-05
-1.5694946e-06
-8.8708559e-05
-2.2776419e-06
-0.00013905432
-3.097559e-06
-0.00020362105
-4.0011789e-06
-0.00028177507
-4.5995625e-06
-0.00037585348
-3.8327046e-06
-0.00049120506
-0.00063539978
6.1439007e-07
7.6247603e-08
2.8963263e-06
-2.9725765e-06
3.8009008e-07
1.141022e-05
-1.1714063e-05
1.0645007e-06
2.559481e-05
-2.6279198e-05
2.3537794e-06
4.8489677e-05
-4.9778949e-05
4.5154111e-06
8.3872305e-05
-8.6033872e-05
7.6714832e-06
0.00013408369
-0.00013723977
1.1625197e-05
0.0001962018
-0.00020015544
1.6333542e-05
0.00026656166
-0.00027127006
2.2045755e-05
0.00034741515
-0.00035312732
2.9140868e-05
0.00044391536
-0.00045101045
0.00056194358
-0.00057087226
3.8069574e-05
9.1290357e-09
9.6617307e-08
3.931061e-07
1.1396995e-06
2.6970455e-06
5.3489899e-06
8.9335001e-06
1.3275455e-05
1.858007e-05
2.5223483e-05
3.3609921e-05
4.999733e-08
2.8463291e-06
2.5976075e-07
1.1200453e-05
7.6796167e-07
2.5086612e-05
1.8100999e-06
4.7447537e-05
3.7013943e-06
8.1981029e-05
6.6264394e-06
0.00013115864
1.0371967e-05
0.00019245629
1.4846792e-05
0.00026208682
2.0294385e-05
0.00034196758
2.7083675e-05
0.00043712611
0.00055326317
3.5764088e-05
5.7293215e-08
2.9490393e-07
8.5695872e-07
1.975737e-06
3.946824e-06
6.9009529e-06
1.0578894e-05
1.4907373e-05
2.0161711e-05
2.677159e-05
3.533447e-05
-1.8974759e-07
-3.4280714e-06
3.6157273e-06
-5.2984666e-07
-1.4268373e-05
1.4607324e-05
-1.7467417e-07
-3.3828898e-05
3.3469201e-05
2.7880216e-06
-6.756201e-05
6.4597421e-05
1.0287287e-05
-0.00011994323
0.00011243997
2.1743827e-05
-0.00018723577
0.00017577703
3.7362212e-05
-0.00026418497
0.00024856456
5.9099786e-05
-0.00035315141
0.00033141167
8.8913493e-05
-0.00045936691
0.00042955165
0.00012805884
-0.00058805629
0.00054891104
-0.00074587589
0.00069554749
0.00017838436
3.5016392e-07
-3.7748845e-06
2.7015611e-06
-1.6611869e-05
8.9799644e-06
-4.0105173e-05
2.14116e-05
-7.9982831e-05
4.1579584e-05
-0.00014011703
6.9899475e-05
-0.00021554378
0.00010742782
-0.00030171974
0.0001554995
-0.00040120595
0.0002148876
-0.00051875605
0.0002860792
-0.00065924453
-0.0008237642
0.00036396881
5.7349612e-08
2.0456947e-06
2.8267264e-07
8.0564744e-06
7.8394833e-07
1.8071567e-05
1.7218848e-06
3.4298472e-05
3.3171615e-06
5.9808299e-05
5.7852468e-06
9.7816502e-05
9.1021181e-06
0.00014892167
1.3011158e-05
0.00020948668
1.7550311e-05
0.00027817426
2.3042994e-05
0.00035828081
0.00045464576
2.9916116e-05
3.7193261e-06
1.5681658e-05
3.7853589e-05
7.1054289e-05
0.00011360908
0.00016451492
0.00022449598
0.00029388346
0.00037289613
0.00046205445
0.00056877476
1.8903711e-07
2.2128322e-06
-2.4018792e-06
8.852148e-07
8.7519248e-06
-9.4481053e-06
2.3716457e-06
1.9687184e-05
-2.1173631e-05
5.0549683e-06
3.7436721e-05
-4.0120042e-05
9.4228877e-06
6.5295034e-05
-6.9662967e-05
1.5819906e-05
0.00010640495
-0.00011280196
2.4101997e-05
0.00016063968
-0.00016892179
3.4003483e-05
0.00022425472
-0.00023415619
4.5673939e-05
0.0002967357
-0.00030840616
5.950863e-05
0.00038163624
-0.00039547094
0.0004835593
-0.00050030247
7.6251796e-05
7.9301047e-06
-5.8651918e-06
-2.0649128e-06
3.3588505e-05
-1.919529e-05
-6.4631103e-06
8.354644e-05
-3.7385372e-05
-1.2572562e-05
0.00016829208
-6.2691389e-05
-2.205425e-05
0.00029985666
-9.5951541e-05
-3.5613039e-05
0.00048906804
-0.00013654184
-5.2669541e-05
0.0007426132
-0.00018290842
-7.0636728e-05
0.0010631041
-0.00023465152
-8.5839366e-05
0.0014543537
-0.00029371779
-9.7531844e-05
0.0019259111
-0.00036286352
-0.00010869388
-0.00045696923
-0.00013432215
0.0025172025
2.8699965e-08
-3.3506675e-06
3.3218107e-06
2.139718e-07
-1.3441753e-05
1.3257552e-05
7.5631524e-07
-3.0640616e-05
3.0097772e-05
2.0141545e-06
-5.8911385e-05
5.7654891e-05
4.4493744e-06
-0.00010261907
0.00010018315
8.0927564e-06
-0.00016187708
0.00015823456
1.2554135e-05
-0.00023038711
0.00022592493
1.8093679e-05
-0.00030747908
0.00030194022
2.5365215e-05
-0.0003984149
0.00039114281
3.5224214e-05
-0.00050966768
0.0004998086
-0.00064846938
0.000634982
4.8711262e-05
1.0268826e-08
-2.1507768e-06
7.0342108e-08
-8.4801587e-06
2.2270585e-07
-1.9028566e-05
5.2285131e-07
-3.6110799e-05
1.0531171e-06
-6.2927163e-05
1.909272e-06
-0.00010269221
3.1261968e-06
-0.00015552898
4.723374e-06
-0.00021743945
6.8424693e-06
-0.00028775575
9.690357e-06
-0.00037034735
-0.00047025287
1.3281014e-05
3.5041537e-08
-3.3856255e-06
2.6478444e-07
-1.3669761e-05
9.6504542e-07
-3.1340945e-05
2.6120522e-06
-6.0556371e-05
5.7291959e-06
-0.00010573639
1.0327565e-05
-0.00016647449
1.63353e-05
-0.00023639515
2.4258963e-05
-0.00031540271
3.4718994e-05
-0.00040887527
4.8320359e-05
-0.00052326984
-0.00066588088
6.5731618e-05
2.2987988e-07
1.1687371e-06
3.2962598e-06
7.3390784e-06
1.4041292e-05
2.334528e-05
3.5513592e-05
5.1524065e-05
7.2200537e-05
9.7842056e-05
0.00012750826
4.0314528e-08
-2.0088954e-06
2.0191981e-07
-7.8988961e-06
5.7105728e-07
-1.7694128e-05
1.2840503e-06
-3.3539799e-05
2.535453e-06
-5.8433853e-05
4.5230511e-06
-9.5589812e-05
7.2623061e-06
-0.00014583894
1.0595757e-05
-0.00020576078
1.4563465e-05
-0.00027377795
1.9387186e-05
-0.00035297452
-0.00044814177
2.5380004e-05
3.6802383e-08
1.9438129e-07
5.7182379e-07
1.3304954e-06
2.7049438e-06
4.9316292e-06
8.0143561e-06
1.1740245e-05
1.613654e-05
2.1442833e-05
2.7946821e-05
5.3421908e-08
-3.2529245e-06
3.1995023e-06
2.5303615e-07
-1.2341594e-05
1.2141979e-05
6.7444358e-07
-2.6682247e-05
2.626084e-05
1.4134984e-06
-4.8529556e-05
4.7790502e-05
2.5794085e-06
-8.0634853e-05
7.9468946e-05
4.2784686e-06
-0.0001258167
0.00012411764
6.6077005e-06
-0.00018641826
0.00018408903
9.6761175e-06
-0.00026440223
0.00026133381
1.3630265e-05
-0.00036211657
0.00035816243
1.8644178e-05
-0.00048261887
0.00047760496
-0.00062844393
0.00062236645
2.4721658e-05
5.838432e-08
-3.3113105e-06
2.6750995e-07
-1.255072e-05
6.9898441e-07
-2.7113723e-05
1.4460329e-06
-4.9276603e-05
2.6148498e-06
-8.180367e-05
4.3109675e-06
-0.00012751281
6.637032e-06
-0.00018874432
9.7157735e-06
-0.00026748097
1.3715254e-05
-0.00036611605
1.8860009e-05
-0.00048776362
-0.0006351407
2.555678e-05
3.222316e-08
-3.3435333e-06
1.5978188e-07
-1.2678277e-05
4.4008678e-07
-2.7394028e-05
9.4945759e-07
-4.9785973e-05
1.7826283e-06
-8.2636841e-05
3.0431633e-06
-0.00012877335
4.8401592e-06
-0.00019054132
7.2947362e-06
-0.00026993555
1.052543e-05
-0.00036934674
1.4600649e-05
-0.00049183885
-0.00064012634
1.9586279e-05
-4.5423613e-07
7.395178e-06
-6.9409374e-06
-2.0522797e-06
2.7782686e-05
-2.6184643e-05
-5.2269518e-06
5.9366235e-05
-5.6191515e-05
-1.0346105e-05
0.00010578033
-0.00010066117
-1.74937e-05
0.00016889883
-0.00016175111
-2.6509353e-05
0.00024640315
-0.00023738753
-3.7390762e-05
0.00033483471
-0.00032395318
-5.0357462e-05
0.00043510839
-0.00042214184
-6.5738195e-05
0.00055166106
-0.00053628046
-8.3965545e-05
0.00069010815
-0.00067188081
0.00085670038
-0.00083499151
-0.00010567445
-3.9832011e-07
7.7934615e-06
-1.8729264e-06
2.925723e-05
-4.9432609e-06
6.2436476e-05
-1.0131838e-05
0.00011096881
-1.7671118e-05
0.00017643793
-2.7426207e-05
0.00025615818
-3.9410671e-05
0.00034681902
-5.3936411e-05
0.00044963415
-7.1429538e-05
0.000569154
-9.2370509e-05
0.00071104911
0.00088157668
-0.00011724695
-2.7978128e-07
-1.3586342e-06
-3.7117199e-06
-7.8870314e-06
-1.4174312e-05
-2.2404769e-05
-3.2523017e-05
-4.4857094e-05
-5.9903374e-05
-7.8197477e-05
-0.00010034978
8.8472196e-07
1.465971e-05
-1.5531129e-05
4.3524044e-06
5.7979598e-05
-6.1448698e-05
1.149017e-05
0.0001281936
-0.00013531104
2.2747503e-05
0.0002266726
-0.00023792846
4.0207463e-05
0.00034527464
-0.00036272065
6.6989311e-05
0.00048486085
-0.00051163683
0.00010656902
0.0006552923
-0.00069486363
0.0001626377
0.00086920534
-0.00092526307
0.00023755233
0.0011405263
-0.0012154336
0.0003265545
0.0014811808
-0.00157017
0.0018851646
-0.0019706709
0.00041206287
5.5568409e-07
2.9887687e-06
8.4210508e-06
1.7053065e-05
3.0325417e-05
5.0646561e-05
8.0995222e-05
0.00012501352
0.00018687772
0.00026958922
0.00036845047
7.6487233e-07
1.2650763e-05
3.8051536e-06
4.98565e-05
1.0499572e-05
0.00011018676
2.1956043e-05
0.00019651062
3.7746725e-05
0.00030187403
5.8608192e-05
0.00042371226
8.6624205e-05
0.00056875083
0.00012491707
0.00074693914
0.00017771902
0.00096940574
0.00025033322
0.0012472934
0.0015859618
0.00034667348
8.6945003e-07
1.177325e-05
4.3514597e-06
4.6365448e-05
1.1922189e-05
0.00010260504
2.4346303e-05
0.00018408101
4.1172733e-05
0.00028504139
6.2832539e-05
0.00040205012
9.0996634e-05
0.00054058343
0.00012827601
0.00070965819
0.00017823723
0.00091944189
0.00024524088
0.0011802856
0.0014987864
0.00033241841
5.1043271e-08
1.3002345e-06
2.6368687e-07
5.142292e-06
7.5102569e-07
1.1590624e-05
1.6805813e-06
2.2148428e-05
3.2951245e-06
3.9065391e-05
5.8929102e-06
6.5323942e-05
9.6818648e-06
0.00010352616
1.4582184e-05
0.0001530039
2.0555593e-05
0.00021043973
2.7837473e-05
0.0002760238
0.00035335267
3.6556813e-05
6.4482339e-08
3.0377106e-07
8.1941979e-07
1.7646917e-06
3.3516169e-06
5.8240636e-06
9.3315125e-06
1.3820543e-05
1.9308454e-05
2.6001007e-05
3.4286976e-05
3.2498083e-09
-3.6120074e-06
3.6087576e-06
2.1225529e-08
-1.3903818e-05
1.3885842e-05
7.7192678e-08
-3.0493595e-05
3.0437628e-05
2.2499549e-07
-5.6320698e-05
5.6172895e-05
5.6579729e-07
-9.4767026e-05
9.4426224e-05
1.1798926e-06
-0.00014784514
0.00014723104
1.8894618e-06
-0.00021400531
0.00021329574
2.4916636e-06
-0.0002914609
0.00029085869
3.2157785e-06
-0.00038247955
0.00038175543
4.8083432e-06
-0.00049217734
0.00049058477
-0.00062709517
0.00062313974
8.7637684e-06
-5.0276148e-08
-3.5617312e-06
-2.5648977e-07
-1.3697604e-05
-7.3796612e-07
-3.0012118e-05
-1.6823988e-06
-5.5376265e-05
-3.3262673e-06
-9.3123157e-05
-5.8032861e-06
-0.00014536812
-8.9300497e-06
-0.00021087855
-1.2414492e-05
-0.00028797645
-1.6180714e-05
-0.00037871333
-2.0316192e-05
-0.00048804186
-0.00062273243
-2.467893e-05
-4.2254623e-08
-3.5194765e-06
-2.2990362e-07
-1.3509955e-05
-6.8700401e-07
-2.9555018e-05
-1.6171118e-06
-5.4446158e-05
-3.3108567e-06
-9.1429412e-05
-5.9633599e-06
-0.00014271562
-9.2572376e-06
-0.00020758467
-1.2733824e-05
-0.00028449987
-1.6545146e-05
-0.000374902
-2.1585963e-05
-0.00048300104
-0.00061475534
-2.9563057e-05
2.2550546e-08
-3.1958584e-06
3.1733164e-06
1.9932448e-07
-1.2748134e-05
1.2571386e-05
7.4138573e-07
-2.8899487e-05
2.8357477e-05
1.9999897e-06
-5.5268627e-05
5.401005e-05
4.4251517e-06
-9.6027212e-05
9.3602177e-05
8.1326803e-06
-0.00015229223
0.00014858464
1.2778563e-05
-0.00021884462
0.00021419885
1.8455963e-05
-0.0002936163
0.00028793873
2.558787e-05
-0.00038085264
0.00037372057
3.4690763e-05
-0.00048655893
0.00047745601
-0.00061726694
0.00060590996
4.6047698e-05
2.6988242e-09
-3.2736522e-06
3.2709534e-06
2.4824673e-08
-1.2613117e-05
1.2590991e-05
9.5608766e-08
-2.7688211e-05
2.7617427e-05
2.6991677e-07
-5.1216232e-05
5.1041924e-05
6.3716803e-07
-8.6457912e-05
8.6090661e-05
1.2767398e-06
-0.00013576417
0.0001351246
2.1064304e-06
-0.00019822546
0.00019739577
2.9558171e-06
-0.00027153769
0.00027068831
3.8741545e-06
-0.00035681775
0.00035589941
5.1926479e-06
-0.00045829471
0.00045697622
-0.00058152807
0.00057921871
7.5020046e-06
-5.2498799e-09
-3.2684025e-06
-3.5186337e-08
-1.2583181e-05
-1.1386888e-07
-2.7609529e-05
-2.7343933e-07
-5.1056662e-05
-5.4542936e-07
-8.6185922e-05
-9.3813078e-07
-0.00013537147
-1.448908e-06
-0.00019771468
-2.041172e-06
-0.00027094543
-2.5621534e-06
-0.00035629677
-2.7191954e-06
-0.00045813767
-0.00058233504
-1.9122213e-06
-4.2460444e-08
-3.225942e-06
-2.0388458e-07
-1.2421757e-05
-5.5849479e-07
-2.7254918e-05
-1.2172106e-06
-5.0397946e-05
-2.3163189e-06
-8.5086814e-05
-3.9352585e-06
-0.00013375253
-5.9249223e-06
-0.00019572501
-7.9552482e-06
-0.0002689151
-9.8224679e-06
-0.00035442955
-1.1520029e-05
-0.00045644011
-0.00058060455
-1.325052e-05
-2.9367872e-09
2.5360612e-08
1.4143465e-07
4.2966057e-07
1.005997e-06
1.9487214e-06
3.2724299e-06
5.1032173e-06
7.6226537e-06
1.1032217e-05
1.5346548e-05
9.1766483e-10
-3.0766024e-06
5.6562167e-09
-1.1857878e-05
2.2715871e-08
-2.6045963e-05
7.1153184e-08
-4.8232462e-05
1.7961792e-07
-8.1601708e-05
3.7282678e-07
-0.00012866925
6.5580793e-07
-0.00018889956
1.0536046e-06
-0.00025978529
1.6411691e-06
-0.00034181959
2.531147e-06
-0.00043879058
-0.00055594833
3.9229485e-06
5.2030159e-09
-3.0818054e-06
2.8629481e-08
-1.1881304e-05
8.432946e-08
-2.6101663e-05
1.9293891e-07
-4.8341071e-05
3.8379149e-07
-8.1792561e-05
6.8632785e-07
-0.00012897178
1.1076327e-06
-0.00018932086
1.6675521e-06
-0.00026034521
2.4543549e-06
-0.0003426064
3.615411e-06
-0.00043995164
-0.00055765429
5.3213765e-06
-5.0551079e-08
5.2776176e-06
-5.2270434e-06
-2.3132312e-07
2.0540124e-05
-2.0359329e-05
-5.9722817e-07
4.547439e-05
-4.5108417e-05
-1.2013575e-06
8.4419935e-05
-8.381578e-05
-2.0562018e-06
0.00014072848
-0.00013987355
-3.0829562e-06
0.0002128496
-0.00021182284
-4.1362421e-06
0.00029808059
-0.00029702721
-5.0600826e-06
0.00039933727
-0.00039841347
-5.6622726e-06
0.00052363489
-0.00052303258
-5.6442716e-06
0.00068057953
-0.00068059757
0.00088344221
-0.00088461625
-4.4702088e-06
-4.7650553e-08
5.3252569e-06
-2.2410619e-07
2.0716568e-05
-5.8993423e-07
4.5840197e-05
-1.2052029e-06
8.5035195e-05
-2.0894586e-06
0.00014161273
-3.1750234e-06
0.00021393517
-4.3295473e-06
0.00029923512
-5.3927169e-06
0.00040040043
-6.1417746e-06
0.00052438396
-6.1925536e-06
0.0006806303
0.00088198737
-4.7377202e-06
2.5284392e-08
2.1875529e-06
1.822256e-07
8.5949879e-06
6.1045623e-07
1.9258973e-05
1.5189959e-06
3.6528185e-05
3.1950451e-06
6.3619014e-05
5.8857552e-06
0.00010371423
9.6411476e-06
0.00015688431
1.4597747e-05
0.00021929809
2.098288e-05
0.00029035057
2.8856592e-05
0.00037376253
0.00047483807
3.7577831e-05
-4.454784e-08
5.3125875e-06
-5.2680417e-06
-2.1079527e-07
2.0387847e-05
-2.02216e-05
-5.5137747e-07
4.4523351e-05
-4.4182775e-05
-1.1135125e-06
8.1502909e-05
-8.0940773e-05
-1.919038e-06
0.00013444629
-0.00013364077
-2.9415438e-06
0.00020237327
-0.00020135076
-4.1383829e-06
0.00028089112
-0.00027969428
-5.4969111e-06
0.00036971648
-0.00036835794
-7.0405304e-06
0.00047306326
-0.00047151964
-8.8190152e-06
0.0005965233
-0.00059474482
0.00074617623
-0.00074420853
-1.0786717e-05
-7.6670484e-08
-3.4295187e-07
-8.9229652e-07
-1.8509382e-06
-3.3123247e-06
-5.2253531e-06
-7.4562125e-06
-9.9875674e-06
-1.2895293e-05
-1.6276811e-05
-2.0443607e-05
-3.0102498e-08
-3.434761e-06
3.4648635e-06
-1.5067767e-07
-1.318818e-05
1.3308756e-05
-4.2649399e-07
-2.8854214e-05
2.9130031e-05
-9.5853018e-07
-5.3168571e-05
5.3700607e-05
-1.8775171e-06
-8.936561e-05
9.0284598e-05
-3.2634249e-06
-0.00013981409
0.0001412
-4.9907134e-06
-0.00020424119
0.00020596847
-6.8133311e-06
-0.00028163609
0.00028345871
-8.6033129e-06
-0.00037377727
0.00037556726
-1.041263e-05
-0.00048518727
0.00048699659
-0.00062217336
0.00062426526
-1.2504528e-05
-1.9338511e-08
-3.4154223e-06
-9.9236005e-08
-1.3108283e-05
-2.8425702e-07
-2.8669193e-05
-6.4224189e-07
-5.2810586e-05
-1.2596799e-06
-8.8748172e-05
-2.1841865e-06
-0.00013888958
-3.3073293e-06
-0.00020311804
-4.4060672e-06
-0.00028053735
-5.3172641e-06
-0.00037286608
-6.0006139e-06
-0.00048450392
-0.00062161149
-6.5624866e-06
-1.8256726e-08
-3.3971656e-06
-8.8181378e-08
-1.3038358e-05
-2.4215887e-07
-2.8515215e-05
-5.2836233e-07
-5.2524382e-05
-1.0052396e-06
-8.8271295e-05
-1.6983329e-06
-0.00013819649
-2.5086516e-06
-0.00020230772
-3.2320064e-06
-0.000279814
-3.6928157e-06
-0.00037240527
-3.7894841e-06
-0.00048440725
-0.0006219059
-3.4950766e-06
1.2672322e-08
5.279283e-06
7.5084598e-08
2.0315581e-05
2.2562206e-07
4.449641e-05
5.0983485e-07
8.1711262e-05
9.6720738e-07
0.00013512086
1.5950701e-06
0.00020353938
2.3791203e-06
0.00028248243
3.3426685e-06
0.0003719133
4.5264153e-06
0.00047619959
5.9674082e-06
0.00060100353
0.00075263271
7.5593108e-06
2.2195288e-08
5.257088e-06
1.023667e-07
2.023541e-05
2.7408551e-07
4.4324691e-05
5.8424437e-07
8.1401103e-05
1.068418e-06
0.00013463669
1.7109362e-06
0.00020289686
2.4795707e-06
0.00028171379
3.3796126e-06
0.00037101326
4.4328233e-06
0.00047514638
5.648e-06
0.00059978835
0.00075122486
7.0558446e-06
8.5564374e-08
6.9183925e-06
-7.0039558e-06
3.8065211e-07
2.6697236e-05
-2.6992324e-05
9.5432374e-07
5.8535305e-05
-5.9108974e-05
1.8524075e-06
0.00010700154
-0.00010789963
3.0699374e-06
0.00017384974
-0.00017506727
4.6500341e-06
0.00025451881
-0.00025609891
6.7224777e-06
0.00034589889
-0.00034797133
9.3989041e-06
0.00045149653
-0.00045417296
1.2753181e-05
0.00057756179
-0.00058091606
1.6821015e-05
0.00073128376
-0.0007353516
0.00092104914
-0.00092581217
2.1584042e-05
1.0007934e-07
6.8183115e-06
4.6812891e-07
2.6329186e-05
1.253585e-06
5.7749846e-05
2.6361094e-06
0.00010561902
4.6860844e-06
0.00017179977
7.2932599e-06
0.00025191164
1.0450782e-05
0.00034274137
1.4329058e-05
0.00044761825
1.9191176e-05
0.00057269967
2.538793e-05
0.00072508701
0.00091285417
3.3582897e-05
-1.8627552e-07
6.4374395e-06
-6.2511622e-06
-8.9858116e-07
2.4925434e-05
-2.4213128e-05
-2.4326633e-06
5.4859498e-05
-5.3325411e-05
-5.1169362e-06
0.0001008536
-9.8169331e-05
-9.074281e-06
0.00016514564
-0.00016118828
-1.4098792e-05
0.00024349749
-0.00023847298
-2.0054446e-05
0.00033300065
-0.00032704499
-2.6916488e-05
0.00043797325
-0.00043111121
-3.4602581e-05
0.00056599009
-0.00055830399
-4.2816751e-05
0.00072640189
-0.00071818771
0.00093125231
-0.00092334134
-5.0727715e-05
-1.1484907e-07
6.5522828e-06
-5.5538505e-07
2.5365966e-05
-1.50615e-06
5.5810247e-05
-3.1668793e-06
0.00010251433
-5.6068619e-06
0.0001675856
-8.7608216e-06
0.00024665145
-1.2597328e-05
0.00033683715
-1.7018833e-05
0.00044239476
-2.1734771e-05
0.00057070602
-2.6098836e-05
0.00073076595
0.00093392224
-2.8768767e-05
-4.5069022e-08
5.5343784e-06
-5.4893139e-06
-2.1139947e-07
2.1186747e-05
-2.102042e-05
-5.5953144e-07
4.6159266e-05
-4.5811144e-05
-1.1596306e-06
8.4251103e-05
-8.3651005e-05
-2.0582753e-06
0.00013845595
-0.00013755732
-3.2256989e-06
0.00020761302
-0.0002064456
-4.6036538e-06
0.00028748343
-0.00028610548
-6.2070744e-06
0.00037793832
-0.00037633489
-8.1178871e-06
0.00048313897
-0.00048122815
-1.046449e-05
0.00060859035
-0.00060624374
0.00076036119
-0.00075739111
-1.3434571e-05
-7.090675e-08
5.6052808e-06
-3.3066051e-07
2.1446499e-05
-8.6969392e-07
4.6698284e-05
-1.7895041e-06
8.5170913e-05
-3.1542553e-06
0.00013982068
-4.9143343e-06
0.00020937311
-6.9729557e-06
0.00028954203
-9.3363612e-06
0.00038030174
-1.2110217e-05
0.00048591281
-1.5466239e-05
0.00061194635
0.00076453001
-1.9635072e-05
-9.1723631e-08
5.6970074e-06
-4.2563595e-07
2.1780412e-05
-1.1170506e-06
4.7389708e-05
-2.2943565e-06
8.6348219e-05
-4.0325233e-06
0.00014155886
-6.2770443e-06
0.00021161763
-8.9433268e-06
0.00029220833
-1.205027e-05
0.00038340868
-1.5701187e-05
0.00048956374
-2.0043964e-05
0.00061628914
0.00076976115
-2.5275112e-05
4.3261644e-08
5.5150347e-06
-5.5582965e-06
2.002784e-07
2.1235797e-05
-2.1392814e-05
5.2920653e-07
4.6520958e-05
-4.6849887e-05
1.1014958e-06
8.5374267e-05
-8.5946557e-05
1.9638391e-06
0.00014082926
-0.00014169161
3.0867342e-06
0.00021118209
-0.00021230499
4.439102e-06
0.00029193444
-0.00029328681
6.070122e-06
0.00038356038
-0.0003851914
8.0816215e-06
0.00049069472
-0.00049270622
1.0611553e-05
0.00061911794
-0.00062164787
0.00077516673
-0.00077845496
1.3899779e-05
3.5661615e-08
5.4793732e-06
1.7712931e-07
2.1094329e-05
4.8960868e-07
4.6208479e-05
1.0541576e-06
8.4809719e-05
1.9311931e-06
0.00013995223
3.0932339e-06
0.00021002005
4.4953593e-06
0.00029053232
6.1775332e-06
0.00038187821
8.2393928e-06
0.00048863286
1.0817421e-05
0.00061653992
0.00077193485
1.4049305e-05
-5.2813605e-08
-3.3793037e-06
3.4321173e-06
-2.159703e-07
-1.2968031e-05
1.3131188e-05
-4.8534829e-07
-2.8353693e-05
2.8623071e-05
-8.086679e-07
-5.2201194e-05
5.2524513e-05
-1.0827818e-06
-8.7652397e-05
8.7926511e-05
-1.2295173e-06
-0.00013697583
0.00013712256
-1.3422542e-06
-0.00019950107
0.00019961381
-1.6282294e-06
-0.00027296843
0.00027325441
-2.1773727e-06
-0.00035776924
0.00035831838
-2.9212863e-06
-0.00045721365
0.00045795756
-0.00057586214
0.00057662041
-3.6795518e-06
3.8612289e-08
-3.4179159e-06
1.8134056e-07
-1.3110759e-05
4.8315089e-07
-2.8655503e-05
1.0196686e-06
-5.2737711e-05
1.8836152e-06
-8.8516344e-05
3.1448257e-06
-0.00013823704
4.7499765e-06
-0.00020110623
6.5608273e-06
-0.00027477928
8.5559312e-06
-0.00035976434
1.0879704e-05
-0.00045953742
-0.00057883684
1.3854407e-05
1.8323135e-08
-3.4362392e-06
7.7544924e-08
-1.3169981e-05
1.9055359e-07
-2.8768512e-05
3.7248107e-07
-5.2919639e-05
6.3383283e-07
-8.8777696e-05
9.72593e-07
-0.0001385758
1.3735655e-06
-0.0002015072
1.8235689e-06
-0.00027522928
2.3203182e-06
-0.00036026109
2.8709425e-06
-0.00046008804
-0.00057953935
3.5734524e-06
5.0455178e-08
-3.09062e-06
3.0401586e-06
2.3861348e-07
-1.1739055e-05
1.1550893e-05
6.3749829e-07
-2.5411656e-05
2.5012761e-05
1.3430802e-06
-4.6296295e-05
4.5590711e-05
2.4682215e-06
-7.7098247e-05
7.5973099e-05
4.1278947e-06
-0.0001206394
0.00011897973
6.4334944e-06
-0.00017928926
0.00017698365
9.5071865e-06
-0.00025498396
0.00025191027
1.3478035e-05
-0.00034999848
0.00034602762
1.8405158e-05
-0.00046743578
0.00046250865
-0.00061056798
0.00060496467
2.4008469e-05
5.9014468e-08
-3.1496312e-06
2.7556424e-07
-1.1955603e-05
7.286448e-07
-2.5864729e-05
1.5199009e-06
-4.708755e-05
2.7654425e-06
-7.8343778e-05
4.5792608e-06
-0.00012245322
7.0663038e-06
-0.00018177629
1.0339286e-05
-0.00025825695
1.4526171e-05
-0.00035418536
1.9710545e-05
-0.00047262015
-0.00061656029
2.5702855e-05
4.9875849e-08
2.3625506e-07
6.3237355e-07
1.3353258e-06
2.460498e-06
4.1249164e-06
6.4376564e-06
9.5145169e-06
1.3491593e-05
1.8476401e-05
2.4282565e-05
2.1063705e-07
-2.0474399e-06
1.8368028e-06
9.3483219e-07
-8.0000421e-06
7.2758469e-06
2.3822795e-06
-1.7830013e-05
1.6382565e-05
4.8105462e-06
-3.3623813e-05
3.1195547e-05
8.4596135e-06
-5.8263861e-05
5.4614794e-05
1.3437829e-05
-9.487216e-05
8.9893944e-05
1.9670873e-05
-0.00014459316
0.00013836012
2.7141543e-05
-0.00020485646
0.00019738579
3.6011745e-05
-0.00027413186
0.00026526166
4.6505673e-05
-0.00035499919
0.00034450526
-0.00045220693
0.00043933444
5.9378165e-05
9.2321389e-08
-2.1397613e-06
4.3544419e-07
-8.3431649e-06
1.1390104e-06
-1.8533579e-05
2.3142367e-06
-3.479904e-05
4.0553508e-06
-6.0004975e-05
6.400602e-06
-9.7217411e-05
9.3391875e-06
-0.00014753175
1.2941838e-05
-0.00020845911
1.7386529e-05
-0.00027857655
2.2909351e-05
-0.00036052201
-0.00045886042
2.9562837e-05
4.2279632e-08
-2.1820409e-06
2.0189996e-07
-8.5027852e-06
5.5111299e-07
-1.8882792e-05
1.1983255e-06
-3.5446252e-05
2.2828115e-06
-6.1089461e-05
3.9268654e-06
-9.8861465e-05
6.1465634e-06
-0.00014975145
8.9219971e-06
-0.00021123454
1.236277e-05
-0.00028201732
1.6670491e-05
-0.00036482973
-0.00046437411
2.2184178e-05
-5.2062264e-09
-3.3732529e-06
-2.0934582e-08
-1.2924213e-05
-4.7110416e-08
-2.8217764e-05
-7.4769601e-08
-5.1885577e-05
-7.4284794e-08
-8.7076464e-05
-2.3700254e-08
-0.0001363085
-2.2935971e-08
-0.00019995814
-2.2231194e-07
-0.00027770645
-5.0985112e-07
-0.00037166944
-3.1120629e-07
-0.00048680392
-0.00063014428
1.4886841e-06
-7.5706194e-08
-3.2975468e-06
-3.5608182e-07
-1.2643838e-05
-9.3604093e-07
-2.7637805e-05
-1.9157549e-06
-5.0905863e-05
-3.3692244e-06
-8.5622995e-05
-5.323898e-06
-0.00013435382
-7.8528777e-06
-0.00019742916
-1.1054187e-05
-0.00027450514
-1.4769252e-05
-0.00036795437
-1.8243716e-05
-0.00048332946
-0.00062904324
-1.9344762e-05
-1.2314051e-07
-3.1744063e-06
-5.6198647e-07
-1.2204992e-05
-1.4698565e-06
-2.6729935e-05
-3.0524332e-06
-4.9323286e-05
-5.5315596e-06
-8.314387e-05
-9.0469358e-06
-0.00013083845
-1.3585139e-05
-0.00019289096
-1.9119675e-05
-0.00026897061
-2.5785227e-05
-0.00036128882
-3.3824025e-05
-0.00047529066
-0.0006194872
-4.3380065e-05
4.1272687e-08
5.4716696e-06
-5.5129425e-06
1.9706334e-07
2.1030229e-05
-2.118602e-05
5.3439561e-07
4.5993093e-05
-4.6330426e-05
1.1393171e-06
8.4275656e-05
-8.4880578e-05
2.0737118e-06
0.00013892733
-0.00013986173
3.3140878e-06
0.00020857344
-0.00020981382
4.8250955e-06
0.00028887824
-0.00029038925
6.6341603e-06
0.00037994171
-0.00038175077
8.7987254e-06
0.00048603685
-0.00048820141
1.1378176e-05
0.00061265554
-0.00061523499
0.00076578495
-0.00076886624
1.4459475e-05
4.193124e-08
5.4297382e-06
2.0005775e-07
2.0872103e-05
5.3671881e-07
4.5656432e-05
1.1250255e-06
8.368735e-05
2.0144156e-06
0.00013803794
3.1900465e-06
0.00020739781
4.6410364e-06
0.00028742725
6.4064384e-06
0.0003781763
8.5430805e-06
0.00048390021
1.1107971e-05
0.00061009064
0.00076275017
1.4142744e-05
3.6797762e-08
1.7663751e-07
4.7855762e-07
1.0155892e-06
1.8403235e-06
2.9419839e-06
4.3142115e-06
6.0039266e-06
8.0741795e-06
1.0584285e-05
1.3591556e-05
-2.6223193e-08
-2.7836591e-06
-1.3167788e-07
-1.0628854e-05
-3.7261356e-07
-2.313401e-05
-8.3742146e-07
-4.2429572e-05
-1.6515478e-06
-7.1226158e-05
-2.9431513e-06
-0.00011233211
-4.7412106e-06
-0.00016772565
-6.9354394e-06
-0.00023853885
-9.4189714e-06
-0.00032668916
-1.2256818e-05
-0.00043626447
-0.00057406545
-1.5813348e-05
-1.4787159e-08
-2.7688722e-06
-7.7643334e-08
-1.0565998e-05
-2.2756621e-07
-2.2984087e-05
-5.2841705e-07
-4.2128721e-05
-1.0740114e-06
-7.0680564e-05
-1.9621792e-06
-0.00011144394
-3.2118426e-06
-0.00016647598
-4.7208901e-06
-0.0002370298
-6.3746285e-06
-0.00032503542
-8.1967522e-06
-0.00043444234
-0.00057178625
-1.047595e-05
-1.1156347e-08
-2.7577163e-06
-5.7000618e-08
-1.0520153e-05
-1.6452928e-07
-2.287656e-05
-3.7849738e-07
-4.1914753e-05
-7.6527813e-07
-7.0293785e-05
-1.3934238e-06
-0.00011081579
-2.267987e-06
-0.00016560142
-3.2907601e-06
-0.00023600702
-4.3447174e-06
-0.00032398146
-5.4342345e-06
-0.00043335282
-0.00057035983
-6.8606546e-06
3.4097808e-07
5.8585913e-06
-6.199171e-06
1.6985811e-06
2.3062483e-05
-2.4419684e-05
4.7317235e-06
5.1556774e-05
-5.4589193e-05
1.0225585e-05
9.6328953e-05
-0.00010182243
1.8599639e-05
0.00016026564
-0.00016863893
2.9879376e-05
0.00024104229
-0.00025232184
4.4422347e-05
0.00033750865
-0.00035205102
6.2907781e-05
0.0004540535
-0.00047253895
8.6102348e-05
0.00059845909
-0.00062165314
0.00011466408
0.00078121414
-0.00080977534
0.0010172186
-0.0010513129
0.00014875839
2.6106114e-07
5.5976699e-06
1.304054e-06
2.2019572e-05
3.6522868e-06
4.9208852e-05
7.959907e-06
9.2021375e-05
1.4624165e-05
0.00015360183
2.3687727e-05
0.00023197866
3.5460804e-05
0.00032573591
5.0562916e-05
0.00043895116
6.9724916e-05
0.00057929736
9.3640914e-05
0.00075729836
0.00098811489
0.00012274481
3.691123e-08
5.1443786e-06
-5.1812551e-06
1.6130262e-07
2.0096237e-05
-2.0220619e-05
4.0527251e-07
4.464268e-05
-4.4886591e-05
8.1170029e-07
8.3172462e-05
-8.3578899e-05
1.410006e-06
0.00013915257
-0.00013975084
2.1256421e-06
0.000211276
-0.00021199166
2.8937956e-06
0.00029716778
-0.00029793589
3.8558988e-06
0.00039993945
-0.00040090161
5.3894539e-06
0.00052692495
-0.00052845846
8.0931597e-06
0.00068852525
-0.00069122894
0.00089984735
-0.00090446942
1.2715226e-05
1.0951382e-08
5.1334367e-06
6.8085717e-08
2.00391e-05
2.1473436e-07
4.4496037e-05
5.0905392e-07
8.2878129e-05
1.0006816e-06
0.00013866092
1.6871957e-06
0.00021058947
2.578275e-06
0.00029627669
3.7636882e-06
0.00039875403
5.4281967e-06
0.00052526043
7.8951145e-06
0.00068605832
0.00089604714
1.1695319e-05
2.5537494e-09
-3.5734903e-06
1.5629908e-08
-1.3735506e-05
5.381254e-08
-3.0086747e-05
1.4540068e-07
-5.5497196e-05
3.296476e-07
-9.3275145e-05
6.2850379e-07
-0.00014552272
1.0161781e-06
-0.0002111387
1.4687924e-06
-0.00028838998
2.023471e-06
-0.00037890665
2.7791645e-06
-0.00048707002
-0.00061864008
3.8607486e-06
-1.0681206e-08
-3.5628092e-06
-2.5901374e-08
-1.3720286e-05
-2.3267164e-08
-3.0089381e-05
3.3617522e-08
-5.555408e-05
2.0692175e-07
-9.344845e-05
5.5668721e-07
-0.00014587249
1.0486378e-06
-0.00021163065
1.6350334e-06
-0.00028897638
2.4257471e-06
-0.00037969736
3.7400471e-06
-0.00048838432
-0.00062096731
6.0672712e-06
5.7048845e-09
-3.0875103e-06
2.3479591e-08
-1.1899079e-05
5.5169597e-08
-2.6133353e-05
1.0059235e-07
-4.8386494e-05
1.5537816e-07
-8.1847347e-05
2.1583934e-07
-0.00012903224
3.0244163e-07
-0.00018940746
4.8903235e-07
-0.0002605318
8.8455351e-07
-0.00034300192
1.6059211e-06
-0.000440673
-0.00055886472
2.8163475e-06
2.7761526e-09
-3.0902865e-06
8.6316726e-09
-1.1904935e-05
1.1656975e-08
-2.6136378e-05
-1.8412079e-09
-4.8372996e-05
-5.5039383e-08
-8.1794149e-05
-1.660282e-07
-0.00012892125
-2.9102021e-07
-0.00018928247
-2.9930227e-07
-0.00026052352
-6.6144838e-08
-0.00034323508
4.8759006e-07
-0.00044122674
-0.00055979151
1.414378e-06
-4.2334078e-09
-3.0860531e-06
-1.9765638e-08
-1.1889402e-05
-5.2883539e-08
-2.610326e-05
-1.1359271e-07
-4.8312287e-05
-2.1649237e-07
-8.1691249e-05
-3.6866359e-07
-0.00012876908
-5.1182195e-07
-0.00018913931
-4.8343715e-07
-0.00026055191
-1.336998e-07
-0.00034358481
6.0567141e-07
-0.00044196611
-0.00056089839
1.7125552e-06
-6.2641566e-08
-2.9495702e-06
3.0122117e-06
-3.0597214e-07
-1.120165e-05
1.144498e-05
-8.3869124e-07
-2.425151e-05
2.4784229e-05
-1.8147757e-06
-4.42031e-05
4.5179184e-05
-3.4375674e-06
-7.3643939e-05
7.5266731e-05
-5.9082383e-06
-0.0001150316
0.00011750227
-9.2557862e-06
-0.00016937069
0.00017271824
-1.3215098e-05
-0.00023562781
0.00023958712
-1.7564913e-05
-0.00031281134
0.00031716116
-2.251009e-05
-0.00040205188
0.00040699706
-0.00050636384
0.00051248433
-2.8630573e-05
-3.4650935e-08
-2.9149192e-06
-1.6039395e-07
-1.1075907e-05
-4.2968685e-07
-2.3982217e-05
-9.2573674e-07
-4.370705e-05
-1.7656464e-06
-7.2804029e-05
-3.0758411e-06
-0.00011372141
-4.9011975e-06
-0.00016754534
-7.1559376e-06
-0.00023337307
-9.8251083e-06
-0.00031014217
-1.316179e-05
-0.0003987152
-0.00050166823
-1.7857403e-05
1.2644196e-08
-2.9275634e-06
3.5777333e-08
-1.109904e-05
3.8338498e-08
-2.3984778e-05
-4.8056028e-08
-4.3620656e-05
-3.4641313e-07
-7.2505672e-05
-1.0148298e-06
-0.00011305299
-2.1641765e-06
-0.00016639599
-3.8260543e-06
-0.00023171119
-6.0784074e-06
-0.00030788982
-9.1231854e-06
-0.00039567042
-0.00049763748
-1.3153937e-05
3.0169109e-08
5.8621673e-06
-5.8923363e-06
1.4605779e-07
2.2575431e-05
-2.269132e-05
3.9784893e-07
4.9451473e-05
-4.9703264e-05
8.4677274e-07
9.0650715e-05
-9.1099639e-05
1.5321591e-06
0.00014897562
-0.00014966101
2.4391033e-06
0.00022194172
-0.00022284867
3.5814238e-06
0.00030512437
-0.00030626669
5.0341739e-06
0.00039979715
-0.0004012499
6.8995199e-06
0.00051106165
-0.000512927
9.3010124e-06
0.00064502563
-0.00064742712
0.00080848801
-0.00081157962
1.2392621e-05
2.9773307e-08
5.832394e-06
1.4387226e-07
2.2461332e-05
3.9179021e-07
4.9203555e-05
8.3429667e-07
9.0208208e-05
1.5107614e-06
0.00014829916
2.4042168e-06
0.00022104827
3.5221805e-06
0.0003040064
4.9352299e-06
0.0003983841
6.744364e-06
0.00050925252
9.0749403e-06
0.00064269505
0.00080547033
1.2092624e-05
2.9087339e-08
-3.4807641e-06
3.4516768e-06
1.6540001e-07
-1.3358713e-05
1.32224e-05
5.0375512e-07
-2.9205193e-05
2.8866838e-05
1.1909942e-06
-5.3747962e-05
5.3060723e-05
2.4219386e-06
-9.015916e-05
8.8928216e-05
4.3261143e-06
-0.00014059714
0.00013869296
6.7298971e-06
-0.0002041174
0.00020171362
9.2447696e-06
-0.00027835236
0.00027583749
1.171402e-05
-0.00036388131
0.00036141206
1.4312491e-05
-0.00046419091
0.00046159244
-0.00058386942
0.00058089602
1.7285891e-05
5.6467115e-08
-3.5372312e-06
2.6299163e-07
-1.3565237e-05
7.0349261e-07
-2.9645694e-05
1.5073126e-06
-5.4551782e-05
2.8507141e-06
-9.1502562e-05
4.8552608e-06
-0.00014260169
7.2545197e-06
-0.00020651666
9.5008917e-06
-0.00028059873
1.1500007e-05
-0.00036588043
1.3834888e-05
-0.00046652579
-0.00058787837
1.7843835e-05
-5.5066687e-08
-3.4821646e-06
-2.7221165e-07
-1.3348092e-05
-7.5865313e-07
-2.9159253e-05
-1.6680542e-06
-5.3642381e-05
-3.1754149e-06
-8.9995201e-05
-5.3830844e-06
-0.00014039402
-8.2624213e-06
-0.00020363733
-1.1763733e-05
-0.00027709742
-1.5852713e-05
-0.00036179145
-2.043385e-05
-0.00046194465
-0.00058307076
-2.5241458e-05
1.1053485e-08
-2.7766231e-06
2.7655678e-06
5.1358334e-08
-1.0578595e-05
1.0538288e-05
1.3389647e-07
-2.2972791e-05
2.2890248e-05
2.7228017e-07
-4.2023708e-05
4.1885323e-05
4.7772707e-07
-7.0352882e-05
7.0147428e-05
7.62656e-07
-0.00011076018
0.00011047525
1.169403e-06
-0.00016552733
0.00016512057
1.8017931e-06
-0.00023631555
0.00023568316
2.7970932e-06
-0.0003252109
0.0003242156
4.2384377e-06
-0.00043578719
0.00043434584
-0.00057346195
0.00057169463
6.0057494e-06
2.335347e-08
-2.7999745e-06
1.0662872e-07
-1.0661869e-05
2.7580874e-07
-2.3141966e-05
5.606392e-07
-4.2308538e-05
9.8946009e-07
-7.0781698e-05
1.5890958e-06
-0.00011135981
2.4088544e-06
-0.00016634708
3.551474e-06
-0.00023745817
5.1511534e-06
-0.00032681058
7.2911811e-06
-0.00043792722
-0.00057603904
9.8682759e-06
2.3636384e-08
-2.8236102e-06
1.0956357e-07
-1.0747795e-05
2.871396e-07
-2.3319542e-05
5.9209434e-07
-4.2613492e-05
1.0627583e-06
-7.1252362e-05
1.7389444e-06
-0.000112036
2.6798174e-06
-0.00016728796
3.989779e-06
-0.00023876813
5.8016038e-06
-0.00032862241
8.1992072e-06
-0.00044032482
-0.00057889772
1.1057889e-05
1.4963096e-07
-1.7498798e-06
1.6002488e-06
7.1461298e-07
-6.8966788e-06
6.3316968e-06
1.94913e-06
-1.549885e-05
1.4264333e-05
4.2413762e-06
-2.9505806e-05
2.721356e-05
8.1263142e-06
-5.1705047e-05
4.7820109e-05
1.4159668e-05
-8.5323706e-05
7.9290352e-05
2.2480931e-05
-0.0001319658
0.00012364454
3.2646331e-05
-0.00018944501
0.00017927961
4.4467378e-05
-0.00025588133
0.00024406028
5.8329604e-05
-0.00033337698
0.00031951475
-0.00042638533
0.00040948042
7.5234514e-05
8.6923078e-08
4.6609118e-07
1.3498068e-06
3.0395472e-06
5.9492943e-06
1.0519533e-05
1.6913849e-05
2.4854626e-05
3.423496e-05
4.536324e-05
5.8312346e-05
9.2411759e-07
1.0847134e-05
4.5860825e-06
4.2697933e-05
1.2529773e-05
9.4658629e-05
2.5626141e-05
0.00017098036
4.3377313e-05
0.00026728891
6.5881486e-05
0.00037954441
9.4417513e-05
0.00051204665
0.00013101797
0.00067305787
0.00017833248
0.00087212686
0.00023932782
0.00111929
0.0014227725
0.00031534277
8.9200543e-07
9.9570703e-06
4.3881701e-06
3.9200045e-05
1.2015303e-05
8.7035077e-05
2.4810352e-05
0.00015818373
4.2398946e-05
0.00024970276
6.4703445e-05
0.00035723982
9.2783084e-05
0.00048396833
0.00012839806
0.0006374442
0.00017383455
0.00082669157
0.0002317379
0.0010613887
0.0013499953
0.00030451592
-8.3374583e-09
6.726793e-06
-6.7184552e-06
2.0651116e-08
2.5886131e-05
-2.591512e-05
1.8139308e-07
5.6635371e-05
-5.6796112e-05
6.0592485e-07
0.00010341385
-0.00010383838
1.3814808e-06
0.00016823931
-0.00016901486
2.4653488e-06
0.00024697706
-0.00024806092
3.8468334e-06
0.00033598085
-0.00033736233
5.5848676e-06
0.00043816872
-0.00043990675
7.7481401e-06
0.00055947896
-0.00056164223
1.0352378e-05
0.00070675091
-0.00070935515
0.00088798512
-0.00089063627
1.3003529e-05
-1.5713245e-08
6.742506e-06
-9.730907e-08
2.5967727e-05
-3.0002303e-07
5.6838084e-05
-6.9496546e-07
0.00010380879
-1.320153e-06
0.0001688645
-1.9902997e-06
0.0002476472
-2.4667074e-06
0.00033645725
-2.7225279e-06
0.00043842454
-2.9008239e-06
0.00055965726
-3.2853087e-06
0.00070713539
0.000888916
-4.2161895e-06
4.4281454e-08
-3.6070907e-06
1.7147599e-07
-1.384748e-05
3.7965493e-07
-3.029756e-05
6.4248076e-07
-5.5816906e-05
8.8731681e-07
-9.3693286e-05
1.0424145e-06
-0.00014602759
1.1828548e-06
-0.00021177109
1.4648801e-06
-0.0002892584
1.9076465e-06
-0.00038014013
2.3710498e-06
-0.00048884773
-0.00062152808
2.9318208e-06
3.7673528e-09
-3.610858e-06
2.034188e-08
-1.3864055e-05
5.3641077e-08
-3.0330859e-05
9.8621977e-08
-5.5861887e-05
1.3144702e-07
-9.3726111e-05
1.1858428e-07
-0.00014601472
1.0516009e-07
-0.00021175766
1.4268092e-07
-0.00028929592
1.1361091e-07
-0.00038011106
-3.3753134e-07
-0.00048839658
-0.00061976095
-2.1046632e-06
-2.1004198e-09
1.968704e-08
1.2645512e-07
4.3746319e-07
1.1375768e-06
2.3538955e-06
3.8919758e-06
5.4547481e-06
7.0991213e-06
9.2873083e-06
1.2666103e-05
1.6963851e-06
3.3028622e-05
-3.4723761e-05
4.9925082e-06
0.00011717517
-0.00012047047
6.1371855e-06
0.00023292955
-0.00023407177
-2.7648616e-07
0.00037767972
-0.0003712655
-2.1745706e-05
0.0005475689
-0.00052609679
-6.8738144e-05
0.0007387452
-0.00069175274
-0.00014995085
0.00094446563
-0.00086324971
-0.0002665435
0.0011616455
-0.0010450548
-0.0004161384
0.0014011156
-0.0012515178
-0.00060078199
0.0016814042
-0.001496759
0.0020155717
-0.0017892936
-0.00082706152
7.4131633e-06
2.5615574e-05
2.8076049e-05
9.6510856e-05
5.9709444e-05
0.00020129582
9.8722201e-05
0.00033866495
0.00014090262
0.00050538743
0.00017850463
0.0007011408
0.00020001618
0.00092295277
0.00019923408
0.0011624245
0.0001832118
0.0014171367
0.00016274419
0.001701868
0.0020314679
0.00014685293
-1.2653999e-07
6.0933604e-06
-5.966821e-06
-5.6964692e-07
2.3198788e-05
-2.2755682e-05
-1.4472118e-06
5.0256649e-05
-4.9379086e-05
-2.8631021e-06
9.1071823e-05
-8.9655934e-05
-4.8481986e-06
0.00014831285
-0.00014632776
-7.3571077e-06
0.00022037244
-0.00021786353
-1.0390952e-05
0.0003032733
-0.00030023947
-1.4032574e-05
0.00039727157
-0.00039362994
-1.8403616e-05
0.00050655865
-0.00050218762
-2.3652474e-05
0.00063656671
-0.00063131786
0.00079324241
-0.00078691228
-2.9982613e-05
-1.3692153e-07
6.2302814e-06
-6.2951027e-07
2.3691376e-05
-1.6291827e-06
5.1256317e-05
-3.2812527e-06
9.2723894e-05
-5.6460886e-06
0.00015067769
-8.6841727e-06
0.00022341053
-1.2412015e-05
0.00030700114
-1.6930118e-05
0.00040178968
-2.2363828e-05
0.00051199235
-2.8847688e-05
0.00064305055
0.0008008952
-3.6500486e-05
-1.350739e-07
6.3653482e-06
-6.2572131e-07
2.4182013e-05
-1.6326493e-06
5.2263231e-05
-3.3175548e-06
9.4408788e-05
-5.7557915e-06
0.00015311592
-8.919247e-06
0.00022657398
-1.285371e-05
0.0003109356
-1.7690021e-05
0.00040662599
-2.3559523e-05
0.00051786185
-3.0575479e-05
0.0006500665
0.00080913705
-3.8817339e-05
-2.9708142e-08
-3.2949278e-06
3.3246361e-06
-1.2733999e-07
-1.2608837e-05
1.2706469e-05
-3.2640381e-07
-2.7487919e-05
2.7686983e-05
-6.8580364e-07
-5.0449485e-05
5.0808885e-05
-1.2842244e-06
-8.4499916e-05
8.5098337e-05
-2.1862531e-06
-0.00013200045
0.00013290248
-3.3529294e-06
-0.00019274209
0.00019390877
-4.673352e-06
-0.00026462005
0.00026594048
-6.1594671e-06
-0.00034757583
0.00034906194
-8.0137138e-06
-0.00044448981
0.00044634406
-0.00055956656
0.00056247092
-1.0918074e-05
1.4298424e-08
-3.3092262e-06
5.4274172e-08
-1.2648812e-05
1.2450476e-07
-2.755815e-05
2.3537552e-07
-5.0560356e-05
4.0021738e-07
-8.4664758e-05
6.2941623e-07
-0.00013222965
8.8295392e-07
-0.00019299563
1.0485708e-06
-0.00026478567
1.078809e-06
-0.00034760606
1.0691232e-06
-0.00044448012
-0.00055996859
1.4711608e-06
-2.0751748e-08
-3.2884745e-06
-1.0097526e-07
-1.2568589e-05
-2.856355e-07
-2.7373489e-05
-6.5072582e-07
-5.0195265e-05
-1.299793e-06
-8.401569e-05
-2.3198002e-06
-0.00013120965
-3.6922604e-06
-0.00019162317
-5.3213936e-06
-0.00026315654
-7.1917816e-06
-0.00034573568
-9.3918056e-06
-0.0004422801
-0.00055718567
-1.2174732e-05
-2.519511e-08
-3.2632795e-06
-1.2581157e-07
-1.2467973e-05
-3.4762566e-07
-2.7151676e-05
-7.5190365e-07
-4.9790987e-05
-1.4136445e-06
-8.335395e-05
-2.3916287e-06
-0.00013023166
-3.6576508e-06
-0.00019035715
-5.1091136e-06
-0.00026170507
-6.7300074e-06
-0.00034411478
-8.6602481e-06
-0.00044034986
-0.00055474507
-1.1100842e-05
5.7539545e-08
7.6498483e-07
-8.2252457e-07
2.6064382e-07
3.0806991e-06
-3.2838034e-06
6.8535936e-07
7.0462446e-06
-7.4709607e-06
1.4492653e-06
1.3669029e-05
-1.4432935e-05
2.7181905e-06
2.4543491e-05
-2.5812418e-05
4.7065997e-06
4.204889e-05
-4.4037299e-05
7.6372199e-06
6.9063689e-05
-7.1994311e-05
1.1701642e-05
0.00010669469
-0.00011075911
1.711079e-05
0.00015205826
-0.00015746741
2.416118e-05
0.00020336397
-0.00021041436
0.00026257754
-0.00027201004
3.3593678e-05
7.1083708e-08
3.6074506e-07
1.0047732e-06
2.1871347e-06
4.1636628e-06
7.2697451e-06
1.1874802e-05
1.8187867e-05
2.623277e-05
3.6239837e-05
4.8178597e-05
1.770471e-08
5.3271435e-06
8.8579268e-08
2.0472896e-05
2.4852935e-07
4.4777125e-05
5.4614719e-07
8.20914e-05
1.0226396e-06
0.00013554045
1.67281e-06
0.00020402447
2.4835413e-06
0.00028320354
3.4871576e-06
0.0003729366
4.7389262e-06
0.00047741343
6.2989673e-06
0.00060213542
0.00075313529
8.2277636e-06
1.5196506e-08
7.6238991e-08
2.140719e-07
4.7024251e-07
8.7988057e-07
1.437437e-06
2.1284495e-06
2.9785864e-06
4.0367048e-06
5.3595563e-06
7.003705e-06
5.989415e-08
-3.4352159e-06
3.3753218e-06
2.7845735e-07
-1.3168843e-05
1.295028e-05
7.4275127e-07
-2.8766784e-05
2.830249e-05
1.579246e-06
-5.2909922e-05
5.2073427e-05
2.9413688e-06
-8.8740681e-05
8.7378559e-05
4.9320352e-06
-0.0001384917
0.00013650103
7.4295498e-06
-0.00020140715
0.00019890963
1.0149742e-05
-0.00027518781
0.00027246762
1.3021008e-05
-0.00036031559
0.00035744432
1.6306568e-05
-0.00046021313
0.00045692757
-0.00057954934
0.0005751516
2.0704309e-05
2.6306777e-08
-3.4615227e-06
1.0902585e-07
-1.3251562e-05
2.5355166e-07
-2.891131e-05
4.5319592e-07
-5.3109566e-05
6.8996236e-07
-8.8977448e-05
9.4306631e-07
-0.0001387448
1.1597075e-06
-0.00020162379
1.258107e-06
-0.00027528621
1.2717148e-06
-0.0003603292
1.4192331e-06
-0.00046036065
-0.00058029987
2.1697536e-06
-3.6980243e-08
-3.4245425e-06
-1.7631194e-07
-1.311223e-05
-4.783664e-07
-2.8609255e-05
-1.0305331e-06
-5.2557399e-05
-1.9390283e-06
-8.8068953e-05
-3.2715612e-06
-0.00013741227
-4.9495151e-06
-0.00019994583
-6.7805561e-06
-0.00027345517
-8.654301e-06
-0.00035845545
-1.0603452e-05
-0.0004584115
-0.0005781393
-1.2764016e-05
4.4990077e-08
7.2656792e-06
-7.3106647e-06
3.0818664e-07
2.796936e-05
-2.8232554e-05
1.0246406e-06
6.1181861e-05
-6.1898303e-05
2.4956189e-06
0.00011146695
-0.00011293793
4.8157703e-06
0.00018021462
-0.00018253475
7.5187129e-06
0.00026257759
-0.00026528053
1.0202362e-05
0.00035571988
-0.00035840352
1.2917238e-05
0.00046336466
-0.00046607954
1.6032828e-05
0.00059188009
-0.00059499568
2.0115402e-05
0.00074860934
-0.00075269192
0.00094232887
-0.00094758007
2.5366606e-05
1.1140926e-07
7.1542716e-06
5.056655e-07
2.7575104e-05
1.3206778e-06
6.0366853e-05
2.7032699e-06
0.00011008436
4.6625953e-06
0.0001782553
7.0451538e-06
0.00026019503
9.7396094e-06
0.00035302543
1.2731938e-05
0.00046037232
1.6081501e-05
0.00058853054
1.9906939e-05
0.0007447839
0.00093760264
2.4633164e-05
3.8818206e-08
5.6519133e-06
1.8295798e-07
2.1762616e-05
4.9061966e-07
4.767076e-05
1.0349914e-06
8.7441158e-05
1.8649237e-06
0.0001440214
2.9465836e-06
0.00021540373
4.2427633e-06
0.00029709058
5.8021626e-06
0.0003898519
7.7317306e-06
0.00049849734
1.0180407e-05
0.00062891782
0.00078759787
1.3387758e-05
3.974175e-08
5.6121718e-06
1.9347904e-07
2.1608879e-05
5.2795856e-07
4.7336282e-05
1.1247473e-06
8.6844369e-05
2.0396085e-06
0.00014310654
3.2411059e-06
0.00021420223
4.6932821e-06
0.0002956384
6.4427906e-06
0.00038810239
8.5903832e-06
0.00049634974
1.1272142e-05
0.00062623606
0.00078422637
1.4643646e-05
1.2827671e-08
-3.4995961e-06
3.4867685e-06
4.9739746e-08
-1.3392132e-05
1.335522e-05
1.0380173e-07
-2.9202336e-05
2.9148274e-05
1.4870296e-07
-5.3601255e-05
5.3556354e-05
1.3253711e-07
-8.9703074e-05
8.971924e-05
3.4682261e-09
-0.0001397104
0.00013983947
-2.2982782e-07
-0.00020288862
0.00020312192
-5.178725e-07
-0.00027701365
0.00027730169
-8.4954299e-07
-0.00036259764
0.00036292931
-1.2121688e-06
-0.00046310185
0.00046346448
-0.00058337162
0.00058361289
-1.4534426e-06
7.3793607e-09
-3.5069755e-06
1.7875946e-08
-1.3402628e-05
2.3132241e-09
-2.9186773e-05
-1.0394148e-07
-5.3495e-05
-4.0998041e-07
-8.9397035e-05
-1.0212317e-06
-0.00013909915
-1.8964069e-06
-0.00020201345
-2.9049536e-06
-0.0002760051
-4.1232148e-06
-0.00036137938
-5.8659493e-06
-0.00046135912
-0.0005805578
-8.6797618e-06
-2.2032637e-08
-3.4849429e-06
-9.4388689e-08
-1.3330272e-05
-2.0783528e-07
-2.9073327e-05
-3.0543835e-07
-5.3397397e-05
-2.754955e-07
-8.9426979e-05
-2.1739992e-08
-0.00013935291
3.5352577e-07
-0.00020238871
5.6245344e-07
-0.00027621403
4.4225728e-07
-0.00036125918
-2.4064112e-08
-0.0004608928
-0.00057993941
-6.4245917e-07
1.2737142e-09
5.1321513e-06
9.9983604e-09
2.0030365e-05
4.3253494e-08
4.4462745e-05
1.3377969e-07
8.2787595e-05
3.1476695e-07
0.00013847988
6.2623047e-07
0.00021027801
1.1550776e-06
0.0002957478
2.0203796e-06
0.00039788876
3.3857414e-06
0.00052389503
5.5393277e-06
0.00068390471
0.00089242168
9.1647843e-06
-2.5102928e-08
5.1571894e-06
-1.0649706e-07
2.0111735e-05
-2.5928769e-07
4.4615419e-05
-4.9384207e-07
8.3022159e-05
-8.0001307e-07
0.00013878597
-1.1065512e-06
0.00021058459
-1.2799092e-06
0.00029592109
-1.1789343e-06
0.00039778786
-6.3744732e-07
0.00052335347
6.2796895e-07
0.00068263927
0.00088987605
3.1735446e-06
2.9090849e-08
5.803303e-06
1.4248876e-07
2.2347934e-05
3.9217795e-07
4.8953865e-05
8.436473e-07
8.9756739e-05
1.541592e-06
0.00014760121
2.464392e-06
0.00022012547
3.6066049e-06
0.00030286419
5.0348588e-06
0.00039695585
6.8556111e-06
0.00050743177
9.2064617e-06
0.0006403442
0.00080241029
1.2266498e-05
2.7718003e-08
1.3667935e-07
3.7922666e-07
8.2334383e-07
1.5169675e-06
2.4361528e-06
3.5667948e-06
4.970132e-06
6.7511533e-06
9.045918e-06
1.2035878e-05
-6.0116543e-08
-3.4248266e-06
-2.1800012e-07
-1.3172389e-05
-4.5554347e-07
-2.8835784e-05
-7.2584441e-07
-5.3127096e-05
-9.1663171e-07
-8.9236192e-05
-8.9160197e-07
-0.00013937793
-7.2140356e-07
-0.00020255891
-6.7873179e-07
-0.0002762567
-8.2591364e-07
-0.000361112
-9.3478094e-07
-0.00046078393
-0.00057981127
-1.0629236e-06
8.0891906e-08
-3.5057185e-06
3.1346316e-07
-1.340496e-05
7.0698215e-07
-2.9229303e-05
1.252855e-06
-5.3672969e-05
1.8894724e-06
-8.9872809e-05
2.5219014e-06
-0.00014001036
3.1215891e-06
-0.0002031586
3.7474318e-06
-0.00027688254
4.4775141e-06
-0.00036184209
5.4540052e-06
-0.00046176042
-0.00058187191
7.514651e-06
-3.6779422e-08
-3.468939e-06
-1.7886602e-07
-1.3262873e-05
-5.1850422e-07
-2.8889664e-05
-1.2248832e-06
-5.296659e-05
-2.5326162e-06
-8.8565076e-05
-4.6260018e-06
-0.00013791698
-7.3754454e-06
-0.00020040916
-1.0461344e-05
-0.00027379664
-1.3821164e-05
-0.00035848226
-1.7694228e-05
-0.00045788736
-0.00057675256
-2.2813582e-05
-4.0445505e-08
6.8347507e-06
-1.8983911e-07
2.6401843e-05
-5.0392778e-07
5.7954654e-05
-1.0414612e-06
0.00010610454
-1.8117673e-06
0.000172676
-2.72932e-06
0.00025304508
-3.6847557e-06
0.00034431824
-4.5726748e-06
0.00045051632
-5.2443026e-06
0.00057852052
-5.4426462e-06
0.00073646408
0.00093426404
-4.7271338e-06
-2.5326915e-08
6.8600861e-06
-1.2845341e-07
2.6504975e-05
-3.5935356e-07
5.8185573e-05
-7.7344455e-07
0.00010651863
-1.3826703e-06
0.00017328525
-2.0978028e-06
0.00025376021
-2.7962669e-06
0.00034501672
-3.364616e-06
0.00045108466
-3.655314e-06
0.00057881123
-3.4302952e-06
0.00073623907
0.00093309563
-2.2618827e-06
2.6103562e-09
3.9600642e-08
-4.2211007e-08
1.9614772e-08
2.1849287e-07
-2.3549728e-07
7.2786499e-08
6.2300175e-07
-6.7617335e-07
2.0634581e-07
1.4649804e-06
-1.5985397e-06
5.0545676e-07
3.1316885e-06
-3.4307991e-06
1.1275965e-06
6.3148143e-06
-6.936954e-06
2.3443766e-06
1.2183494e-05
-1.3400274e-05
4.5449348e-06
2.2381327e-05
-2.4581885e-05
8.0703762e-06
3.8064211e-05
-4.1589653e-05
1.3057297e-05
5.8416383e-05
-6.3403304e-05
8.2427376e-05
-8.9068047e-05
1.9697968e-05
-3.4523991e-09
4.3052857e-08
-5.7660171e-09
2.208064e-07
1.3347265e-08
6.0388802e-07
9.8443817e-08
1.3798838e-06
3.352975e-07
2.8948341e-06
8.8316505e-07
5.7669469e-06
2.0365775e-06
1.1030081e-05
4.2086878e-06
2.0209217e-05
7.708223e-06
3.4564676e-05
1.2587494e-05
5.3537112e-05
7.5923672e-05
1.9091198e-05
5.5908324e-08
5.3570443e-06
-5.4129528e-06
2.470457e-07
2.0631144e-05
-2.0822281e-05
6.257657e-07
4.5207354e-05
-4.5586075e-05
1.2479767e-06
8.3021263e-05
-8.3643474e-05
2.1392578e-06
0.00013719585
-0.00013808713
3.2717871e-06
0.0002063514
-0.00020748393
4.6282571e-06
0.00028598893
-0.0002873454
6.253269e-06
0.00037626398
-0.00037788899
8.2328279e-06
0.00048163657
-0.00048361613
1.068662e-05
0.00060779097
-0.00061024476
0.0007609323
-0.00076413201
1.3886329e-05
2.4672446e-08
1.2820311e-07
3.678087e-07
8.2034893e-07
1.5516568e-06
2.5469456e-06
3.7668338e-06
5.2509787e-06
7.0932215e-06
9.4161551e-06
1.2340806e-05
-3.3161544e-08
-3.6135643e-06
3.6467259e-06
-1.7099984e-07
-1.3874162e-05
1.4012e-05
-4.9028714e-07
-3.0354414e-05
3.0673702e-05
-1.1061496e-06
-5.5915633e-05
5.6531495e-05
-2.1622057e-06
-9.3856617e-05
9.4912674e-05
-3.7354453e-06
-0.00014631912
0.00014789236
-5.6838735e-06
-0.00021243892
0.00021438735
-7.76489e-06
-0.00029092429
0.0002930053
-9.8628201e-06
-0.00038375767
0.0003858556
-1.2003318e-05
-0.00049566772
0.00049780822
-0.00063310912
0.00063530123
-1.4195426e-05
-2.6757524e-08
-3.5868068e-06
-1.2986308e-07
-1.3771056e-05
-3.6161876e-07
-3.0122659e-05
-8.0817421e-07
-5.5469078e-05
-1.5880539e-06
-9.3076738e-05
-2.7699625e-06
-0.00014513721
-4.1966518e-06
-0.00021101223
-5.6322315e-06
-0.00028948871
-7.0791551e-06
-0.00038231075
-8.8370602e-06
-0.00049390981
-0.00063035239
-1.159379e-05
1.6634524e-08
-3.6034414e-06
7.2124092e-08
-1.3826546e-05
1.7838433e-07
-3.0228919e-05
3.4548518e-07
-5.5636178e-05
5.7287015e-07
-9.3304123e-05
8.5108295e-07
-0.00014541542
1.1942764e-06
-0.00021135543
1.6263682e-06
-0.0002899208
2.1409472e-06
-0.00038282533
2.709031e-06
-0.0004944779
-0.00063092685
3.2834913e-06
2.3264921e-08
-6.5475977e-08
1.1882232e-07
-3.3105469e-07
3.3898381e-07
-8.9633496e-07
7.6698778e-07
-2.0265436e-06
1.5368816e-06
-4.2006932e-06
2.8626605e-06
-8.2627329e-06
5.0693911e-06
-1.5607005e-05
8.5567702e-06
-2.8069264e-05
1.356175e-05
-4.6594633e-05
2.0081161e-05
-6.9922714e-05
-9.714462e-05
2.8157733e-05
8.2168211e-09
1.5149456e-07
4.1227068e-08
6.7397425e-07
1.1644642e-07
1.6780639e-06
2.6172416e-07
3.5434791e-06
5.218346e-07
6.9319015e-06
9.693315e-07
1.2970593e-05
1.7261588e-06
2.3417612e-05
3.0130877e-06
4.0225911e-05
5.1896922e-06
6.3592706e-05
8.5990956e-06
9.16995e-05
0.00012440812
1.3464979e-05
4.2886326e-08
1.0860841e-07
2.0579751e-07
5.110631e-07
5.6349065e-07
1.320371e-06
1.2331546e-06
2.8738151e-06
2.3950499e-06
5.7700063e-06
4.3230229e-06
1.104262e-05
7.4032131e-06
2.0337421e-05
1.203188e-05
3.5597243e-05
1.8332877e-05
5.7291709e-05
2.6313437e-05
8.371894e-05
0.00011428306
3.6438498e-05
-5.6342099e-09
-3.0516567e-06
3.0572904e-06
-3.2931635e-08
-1.16772e-05
1.1704497e-05
-1.0380594e-07
-2.5467816e-05
2.5538689e-05
-2.5618531e-07
-4.6797622e-05
4.6950001e-05
-5.4717845e-07
-7.8611184e-05
7.8902175e-05
-1.0258085e-06
-0.00012367011
0.00012414874
-1.6531688e-06
-0.00018334724
0.0001839746
-2.2854096e-06
-0.00025806531
0.00025869755
-2.7845773e-06
-0.00034953902
0.00035003819
-3.1008415e-06
-0.00046183395
0.00046215022
-0.00060129625
0.00060146884
-3.2734236e-06
-1.7953637e-09
-3.0498613e-06
-1.0459083e-08
-1.1668536e-05
-3.4365186e-08
-2.544391e-05
-9.0479188e-08
-4.6741508e-05
-2.0701647e-07
-7.8494647e-05
-4.0773241e-07
-0.00012346939
-6.5705823e-07
-0.00018309792
-8.4722288e-07
-0.00025787515
-8.8096473e-07
-0.00034950528
-7.3614787e-07
-0.00046197877
-0.00060153733
-4.9506966e-07
1.3138575e-08
-3.0629994e-06
6.0222593e-08
-1.171562e-05
1.5512689e-07
-2.5538813e-05
3.1079467e-07
-4.6897176e-05
5.3248855e-07
-7.871634e-05
8.1701678e-07
-0.00012375392
1.1783359e-06
-0.00018345924
1.6574591e-06
-0.00025835427
2.2833611e-06
-0.00035013118
3.0633065e-06
-0.00046275871
-0.0006024756
4.0015712e-06
4.8114229e-08
6.0697347e-06
2.3636311e-07
2.3377417e-05
6.5237941e-07
5.1204033e-05
1.4044184e-06
9.37903e-05
2.5588059e-06
0.00015377955
4.0892793e-06
0.00022832712
6.0183653e-06
0.00031324478
8.45528e-06
0.00041019588
1.1538991e-05
0.00052441644
1.5422579e-05
0.00066210011
0.00083016553
2.0267898e-05
-4.2283271e-08
5.8853289e-06
-5.8430437e-06
-1.9722513e-07
2.2473159e-05
-2.2318217e-05
-5.1286646e-07
4.8825046e-05
-4.85094e-05
-1.0315911e-06
8.8771602e-05
-8.8252879e-05
-1.7709619e-06
0.00014510014
-0.00014436077
-2.7584986e-06
0.00021630613
-0.0002153186
-4.1168757e-06
0.00029829869
-0.00029694031
-5.9661833e-06
0.00039120931
-0.00038936
-8.3451919e-06
0.00049920035
-0.00049682134
-1.1212007e-05
0.00062768844
-0.00062482161
0.00078253822
-0.00077934834
-1.4401894e-05
-8.1498469e-08
-3.6402659e-07
-9.1808108e-07
-1.8024178e-06
-3.0300631e-06
-4.5874649e-06
-6.5282688e-06
-8.9488807e-06
-1.1936167e-05
-1.556558e-05
-1.9939641e-05
-2.4431767e-08
6.8427462e-06
-3.5020005e-08
2.6339776e-05
7.0875521e-08
5.7643957e-05
4.4317166e-07
0.00010524672
1.1960761e-06
0.00017104687
2.3189907e-06
0.00025078872
3.8581445e-06
0.00034120222
5.921312e-06
0.00044555508
8.6049859e-06
0.000570016
1.194259e-05
0.00072174941
0.00090933191
1.5464854e-05
-8.3597087e-08
6.9263435e-06
-3.9189067e-07
2.6648069e-05
-9.9291167e-07
5.8244979e-05
-1.912998e-06
0.00010616681
-3.1322286e-06
0.0001722661
-4.5192829e-06
0.00025217577
-5.8993025e-06
0.00034258224
-7.2087538e-06
0.00044686453
-8.4968137e-06
0.00057130406
-9.9217059e-06
0.0007231743
0.00091084381
-1.143361e-05
6.4657493e-09
-3.6099071e-06
3.7578168e-08
-1.3857658e-05
1.2408582e-07
-3.0315427e-05
3.2474737e-07
-5.583684e-05
7.2303517e-07
-9.3702411e-05
1.364251e-06
-0.00014605664
2.1410297e-06
-0.0002121322
2.8763386e-06
-0.00029065611
3.5268379e-06
-0.00038347582
4.206879e-06
-0.00049515794
-0.00063182359
5.1036204e-06
-1.3581251e-08
-3.5963261e-06
-3.8661233e-08
-1.3832578e-05
-5.2019656e-08
-3.0302069e-05
-6.3549769e-09
-5.5882505e-05
1.8993486e-07
-9.3898701e-05
6.1124762e-07
-0.00014647795
1.1190327e-06
-0.00021263999
1.5127155e-06
-0.00029104979
1.8962215e-06
-0.00038385933
2.8099456e-06
-0.00049607166
-0.00063428104
5.267391e-06
-8.2871603e-08
5.779871e-06
-3.9209726e-07
2.2089634e-05
-1.0409369e-06
4.8038535e-05
-2.1516125e-06
8.7458895e-05
-3.7941178e-06
0.00014320136
-5.9503609e-06
0.00021377387
-8.6364742e-06
0.00029489444
-1.1920596e-05
0.00038669281
-1.5861322e-05
0.00049350446
-2.0491494e-05
0.00062091931
0.00077501296
-2.5743303e-05
-6.3172318e-08
-2.9175568e-07
-7.6261994e-07
-1.5566062e-06
-2.716023e-06
-4.260746e-06
-6.3066262e-06
-8.9738224e-06
-1.229071e-05
-1.619302e-05
-2.0528396e-05
9.9193292e-09
-3.5463132e-06
3.5363939e-06
4.1522183e-08
-1.3611668e-05
1.3580066e-05
9.9769457e-08
-2.9772235e-05
2.9713988e-05
1.8565391e-07
-5.4830268e-05
5.4744384e-05
2.8501868e-07
-9.2033651e-05
9.1934287e-05
3.806422e-07
-0.00014359381
0.00014349819
5.4013412e-07
-0.00020889014
0.00020873065
8.7011333e-07
-0.00028654954
0.00028621956
1.3390931e-06
-0.00037804418
0.0003775752
1.6923266e-06
-0.00048749755
0.00048714432
-0.00062058323
0.00062093051
1.3450474e-06
6.3421407e-09
-3.5526553e-06
5.2865055e-08
-1.3658191e-05
1.9583805e-07
-2.9915208e-05
5.3395979e-07
-5.516839e-05
1.2096231e-06
-9.2709315e-05
2.3231538e-06
-0.00014470734
3.7857647e-06
-0.00021035275
5.4591381e-06
-0.00028822291
7.4042703e-06
-0.00037998931
9.8724664e-06
-0.00048996575
-0.00062368998
1.2979216e-05
1.1547688e-08
-3.564203e-06
6.6726848e-08
-1.371337e-05
2.1205087e-07
-3.0060532e-05
5.3442769e-07
-5.5490767e-05
1.1729357e-06
-9.3347823e-05
2.2369387e-06
-0.00014577134
3.589119e-06
-0.00021170493
5.0648989e-06
-0.00028969869
6.9100801e-06
-0.00038183449
9.9182116e-06
-0.00049297388
-0.00062943355
1.5661782e-05
6.194682e-08
-3.2584893e-06
3.1965423e-06
2.7738575e-07
-1.2439989e-05
1.222455e-05
7.2452051e-07
-2.7074886e-05
2.6627751e-05
1.5245475e-06
-4.9621246e-05
4.8821219e-05
2.8331815e-06
-8.3019008e-05
8.1710373e-05
4.7724736e-06
-0.00012964661
0.00012770732
7.2235426e-06
-0.00018946376
0.00018701269
9.7615675e-06
-0.00026039689
0.00025785887
1.2101829e-05
-0.00034214016
0.0003397999
1.4450511e-05
-0.00043738602
0.00043503734
-0.000550485
0.0005470093
1.7926207e-05
-3.3085346e-09
-3.2551806e-06
-2.5531409e-08
-1.2417766e-05
-1.1367898e-07
-2.6986738e-05
-3.6969546e-07
-4.936523e-05
-9.4465755e-07
-8.2444045e-05
-1.9811999e-06
-0.00012861007
-3.5461e-06
-0.00018789886
-5.7041124e-06
-0.00025823888
-8.5627928e-06
-0.00033928148
-1.2147727e-05
-0.00043380109
-0.00054601115
-1.6621573e-05
-6.1902628e-08
-3.193278e-06
-3.1776054e-07
-1.2161908e-05
-8.7597965e-07
-2.6428519e-05
-1.8529998e-06
-4.838821e-05
-3.3594628e-06
-8.0937582e-05
-5.4571596e-06
-0.00012651237
-8.1771816e-06
-0.00018517884
-1.163371e-05
-0.00025478235
-1.5923682e-05
-0.00033499151
-2.10226e-05
-0.00042870217
-0.00054083867
-2.6195083e-05
6.7771709e-08
-9.8789091e-07
9.2011912e-07
3.3371962e-07
-3.9453536e-06
3.6794057e-06
9.3077701e-07
-8.9683962e-06
8.3713386e-06
2.0673811e-06
-1.729354e-05
1.6156936e-05
4.0562451e-06
-3.0830763e-05
2.8841899e-05
7.3170431e-06
-5.229365e-05
4.9032852e-05
1.2249527e-05
-8.4611395e-05
7.967891e-05
1.8905961e-05
-0.0001284623
0.00012180587
2.7089636e-05
-0.00018073332
0.00017254964
3.6903513e-05
-0.00024008667
0.00023027279
-0.00030913877
0.00029736892
4.8673359e-05
6.1683133e-08
1.0787942e-06
2.9947404e-07
4.28823e-06
8.218731e-07
9.7073909e-06
1.7911185e-06
1.8636126e-05
3.4413793e-06
3.3061497e-05
6.0718628e-06
5.5757087e-05
9.9302927e-06
8.9582501e-05
1.4952439e-05
0.00013488039
2.0974341e-05
0.00018839234
2.8229499e-05
0.00024916824
0.00032013251
3.7216968e-05
9.0903487e-08
4.3377983e-07
1.1727749e-06
2.5153606e-06
4.7460941e-06
8.2095303e-06
1.3180637e-05
1.9598719e-05
2.7257742e-05
3.6339307e-05
4.7333047e-05
1.4786345e-07
5.0463479e-06
-5.1942757e-06
7.1906003e-07
1.9848086e-05
-2.041932e-05
1.960379e-06
4.4385159e-05
-4.5626617e-05
4.1668208e-06
8.3254724e-05
-8.5461177e-05
7.5312071e-06
0.00014003408
-0.00014339862
1.2157036e-05
0.00021336762
-0.00021799342
1.8306714e-05
0.00030128051
-0.00030743028
2.6290793e-05
0.00040733908
-0.00041532309
3.6297882e-05
0.00053922671
-0.00054923387
4.8238644e-05
0.00070795193
-0.00071989288
0.00093022358
-0.00094331608
6.1331217e-05
6.9075367e-08
4.9773988e-06
3.329492e-07
1.9584265e-05
9.3749594e-07
4.3780906e-05
2.0962861e-06
8.2095945e-05
3.9833967e-06
0.00013814731
6.7342529e-06
0.0002106167
1.0642315e-05
0.00029737278
1.6054031e-05
0.00040192714
2.3256248e-05
0.00053202485
3.2448741e-05
0.00069875976
0.00091851185
4.4160523e-05
1.2083164e-08
-3.0981363e-06
5.6604073e-08
-1.1933923e-05
1.469779e-07
-2.6193634e-05
2.9449912e-07
-4.8459808e-05
5.0246991e-07
-8.189922e-05
7.7097868e-07
-0.00012903759
1.1696527e-06
-0.00018953799
1.88963e-06
-0.00026127188
3.0897004e-06
-0.00034478488
4.8009302e-06
-0.00044367734
-0.00056301789
6.9204305e-06
2.4694727e-08
-3.122831e-06
1.1279436e-07
-1.2022023e-05
2.9844726e-07
-2.6379287e-05
6.2982682e-07
-4.8791188e-05
1.1544896e-06
-8.2423883e-05
1.8973547e-06
-0.00012978046
2.9146206e-06
-0.00019055525
4.358494e-06
-0.00026271576
6.3248484e-06
-0.00034675124
8.7456966e-06
-0.00044609819
-0.00056573559
1.146339e-05
4.0821607e-08
-3.1636526e-06
2.1194543e-07
-1.2193147e-05
6.0196616e-07
-2.6769308e-05
1.3308277e-06
-4.9520049e-05
2.5392191e-06
-8.3632274e-05
4.3243994e-06
-0.00013156564
6.6748197e-06
-0.00019290567
9.5541454e-06
-0.00026559508
1.2988337e-05
-0.00035018543
1.7043002e-05
-0.00045015285
-0.00057026991
2.1577328e-05
-2.0276448e-08
-3.2056653e-06
-1.0286264e-07
-1.233917e-05
-2.9146768e-07
-2.7066313e-05
-6.542232e-07
-5.003519e-05
-1.2870036e-06
-8.4454033e-05
-2.2546365e-06
-0.0001327849
-3.3939255e-06
-0.00019458572
-4.3343649e-06
-0.00026797467
-4.8630715e-06
-0.00035390084
-5.0782337e-06
-0.00045622495
-0.00058031544
-5.367341e-06
1.618615e-08
-3.2218515e-06
7.1960254e-08
-1.2394944e-05
1.7657748e-07
-2.717093e-05
3.2677338e-07
-5.0185386e-05
4.9506948e-07
-8.4622329e-05
6.578824e-07
-0.00013294771
9.5969918e-07
-0.00019488754
1.7348483e-06
-0.00026874982
3.1956951e-06
-0.00035536169
5.2707056e-06
-0.00045829996
-0.00058260884
7.5640969e-06
5.0512025e-08
-3.2723635e-06
2.3033695e-07
-1.2574769e-05
5.9599277e-07
-2.7536586e-05
1.2096404e-06
-5.0799034e-05
2.1137603e-06
-8.5526448e-05
3.3192526e-06
-0.0001341532
4.922681e-06
-0.00019649097
7.152888e-06
-0.00027098002
1.0095734e-05
-0.00035830454
1.3581204e-05
-0.00046178543
-0.00058628515
1.7257516e-05
8.4925711e-09
-8.3101708e-07
5.6668358e-08
-3.3319792e-06
1.8967297e-07
-7.603965e-06
4.8683863e-07
-1.4730101e-05
1.0842576e-06
-2.6409836e-05
2.1855788e-06
-4.513862e-05
4.034806e-06
-7.3843537e-05
6.8739309e-06
-0.00011359823
1.0900639e-05
-0.00016149412
1.6306879e-05
-0.0002158206
-0.00027894806
2.3244898e-05
4.8131126e-07
6.6522863e-06
-7.133159e-06
2.3863721e-06
2.6171629e-05
-2.807659e-05
6.6069489e-06
5.8423795e-05
-6.2643327e-05
1.4109713e-05
0.00010862927
-0.00011613163
2.5235912e-05
0.00017879225
-0.0001899173
3.9913616e-05
0.00026577383
-0.00028045085
5.8561877e-05
0.00036917321
-0.00038782067
8.1994324e-05
0.00049407618
-0.00051750758
0.00011113623
0.00064845763
-0.0006775989
0.00014675217
0.00084256695
-0.00087818175
0.0010903395
-0.0011323079
0.00018872094
4.529177e-07
2.2046828e-06
6.0388754e-06
1.2845603e-05
2.2998398e-05
3.6450452e-05
5.3572145e-05
7.5109773e-05
0.00010191374
0.0001347051
0.00017373179
-2.9634569e-08
5.4560697e-06
-5.4264374e-06
-1.355555e-07
2.0898282e-05
-2.0792362e-05
-3.5013537e-07
4.5557477e-05
-4.5342903e-05
-7.0687671e-07
8.3219351e-05
-8.286261e-05
-1.2240141e-06
0.00013691992
-0.00013640279
-1.8910307e-06
0.00020561738
-0.00020495036
-2.7016665e-06
0.00028510264
-0.00028429201
-3.6809781e-06
0.00037513226
-0.00037415294
-4.8723087e-06
0.00047977124
-0.00047857991
-6.3319247e-06
0.00060445574
-0.00060299612
0.00075516638
-0.00075336003
-8.1382771e-06
-3.3246297e-08
-1.5538528e-07
-4.0905666e-07
-8.4071004e-07
-1.4781127e-06
-2.3063277e-06
-3.3091763e-06
-4.5117993e-06
-5.9687037e-06
-7.7567018e-06
-9.9814327e-06
1.6848725e-06
1.6748811e-05
-1.8437584e-05
7.8146169e-06
6.5965629e-05
-7.2085109e-05
1.9893352e-05
0.00014445346
-0.00015653906
3.9506886e-05
0.00025287795
-0.00027248399
6.9625522e-05
0.00038587905
-0.0004160044
0.00011394704
0.00054652743
-0.00059084772
0.00017477199
0.00074518081
-0.00080601105
0.00024913551
0.00099343615
-0.0010678029
0.00032240711
0.0012978639
-0.0013711409
0.00037421924
0.001649232
-0.0017010481
0.0020275893
-0.0020575178
0.00040414602
1.2192281e-06
5.7532841e-06
1.4894773e-05
2.9857826e-05
5.3011139e-05
8.7909086e-05
0.00013822164
0.00020640162
0.00028882665
0.00036788599
0.00042480755
3.0596973e-08
5.6786553e-06
-5.709252e-06
1.1909452e-07
2.1854312e-05
-2.194281e-05
2.7426288e-07
4.7840052e-05
-4.799522e-05
5.1164993e-07
8.7679263e-05
-8.791665e-05
8.3225059e-07
0.00014428676
-0.00014460736
1.110097e-06
0.00021556234
-0.00021584019
1.0526761e-06
0.00029674461
-0.00029668719
5.3547686e-07
0.00038850417
-0.00038798697
-3.2085575e-07
0.00049569691
-0.00049484057
-1.1969532e-06
0.00062420666
-0.00062333056
0.00078034602
-0.00078015384
-1.3891282e-06
6.9237607e-08
5.6094179e-06
3.3981395e-07
2.1583736e-05
9.3024829e-07
4.7249618e-05
1.9903038e-06
8.6619208e-05
3.6320327e-06
0.00014264503
5.6901244e-06
0.00021350425
7.7712946e-06
0.00029466344
9.7557802e-06
0.00038651968
1.1840759e-05
0.00049361193
1.4457205e-05
0.00062159021
0.00077654437
1.8258853e-05
-4.9443424e-09
-3.4554698e-06
3.460414e-06
-2.9463389e-08
-1.3240538e-05
1.3265057e-05
-9.2237787e-08
-2.8911158e-05
2.8973932e-05
-2.228195e-07
-5.3153178e-05
5.3283759e-05
-4.6088649e-07
-8.9115229e-05
8.9353296e-05
-8.3209241e-07
-0.00013902379
0.00013939499
-1.2997845e-06
-0.00020207725
0.00020254494
-1.773415e-06
-0.00027597428
0.00027644791
-2.1931092e-06
-0.00036128907
0.00036170876
-2.5512386e-06
-0.00046155155
0.00046190968
-0.00058160345
0.00058187077
-2.8185564e-06
-7.104218e-09
-3.4483657e-06
-3.9101842e-08
-1.320854e-05
-1.214709e-07
-2.8828789e-05
-3.0099368e-07
-5.2973655e-05
-6.4809329e-07
-8.876813e-05
-1.2162443e-06
-0.00013845564
-1.9193307e-06
-0.00020137416
-2.5551527e-06
-0.00027533845
-3.0460678e-06
-0.00036079816
-3.5187464e-06
-0.00046107887
-0.00058083438
-4.2878151e-06
3.3110528e-09
1.7170849e-08
5.5219744e-08
1.422876e-07
3.023738e-07
5.3970264e-07
8.7916489e-07
1.3782005e-06
1.9921089e-06
2.5056766e-06
2.5673169e-06
-3.6013357e-08
-3.3553527e-06
-2.0073243e-07
-1.2874578e-05
-6.0705458e-07
-2.8154337e-05
-1.4361855e-06
-5.1864796e-05
-2.9412053e-06
-8.7203539e-05
-5.3208705e-06
-0.00013667466
-8.4800315e-06
-0.00020046189
-1.2187946e-05
-0.00027806716
-1.6485565e-05
-0.00037155586
-2.1811424e-05
-0.0004858792
-0.00062862174
-2.8589465e-05
-1.8169736e-08
-3.3371828e-06
-1.0502399e-07
-1.2787723e-05
-3.3314923e-07
-2.7926212e-05
-8.3426268e-07
-5.1363682e-05
-1.8105241e-06
-8.6227277e-05
-3.4328161e-06
-0.00013505237
-5.5956252e-06
-0.00019829908
-8.106874e-06
-0.00027555591
-1.1207239e-05
-0.0003684555
-1.5895493e-05
-0.00048119094
-0.00061995328
-2.4563953e-05
-7.5981386e-09
-3.3295846e-06
-2.9053242e-08
-1.2766268e-05
-6.1201523e-08
-2.7894063e-05
-9.0132455e-08
-5.1334751e-05
-8.1532159e-08
-8.6235877e-05
1.3030358e-08
-0.00013514693
2.3169102e-07
-0.00019851774
6.3831433e-07
-0.00027596253
1.3974026e-06
-0.00036921458
2.7812583e-06
-0.0004825748
-0.00062220629
5.0342608e-06
3.7894124e-08
5.145813e-07
-5.5247552e-07
1.7698912e-07
2.0972902e-06
-2.2363853e-06
4.7029793e-07
4.8563774e-06
-5.149686e-06
9.9095218e-07
9.5540375e-06
-1.0074692e-05
1.831837e-06
1.7429358e-05
-1.8270242e-05
3.0959909e-06
3.0426568e-05
-3.1690723e-05
4.8980879e-06
5.1167398e-05
-5.2969493e-05
7.4666633e-06
8.1427577e-05
-8.3996153e-05
1.1181222e-05
0.00011945678
-0.00012317134
1.6244872e-05
0.00016299305
-0.0001680567
0.00021334201
-0.00021983946
2.2742318e-05
5.9621408e-08
4.5495992e-07
2.8640658e-07
1.870505e-06
7.8053068e-07
4.3622534e-06
1.6921641e-06
8.642404e-06
3.242357e-06
1.5879165e-05
5.7454938e-06
2.7923431e-05
9.5892347e-06
4.7323657e-05
1.5027551e-05
7.598926e-05
2.2003211e-05
0.00011248112
3.0620746e-05
0.00015437552
0.0002025119
4.1450853e-05
-1.2950876e-09
5.2191633e-06
-5.2178694e-06
5.0109307e-09
2.004667e-05
-2.0052976e-05
3.5766775e-08
4.3826986e-05
-4.3857744e-05
1.1559627e-07
8.034456e-05
-8.0424388e-05
2.7100311e-07
0.00013276856
-0.00013292396
5.0963815e-07
0.00020025605
-0.00020049469
8.3041997e-07
0.00027851907
-0.00027883985
1.2484695e-06
0.00036715937
-0.00036757742
1.7813547e-06
0.00047021977
-0.00047075266
2.4346079e-06
0.00059315061
-0.00059380387
0.00074197115
-0.00074266984
3.1332999e-06
-2.2763265e-08
5.2419265e-06
-9.943397e-08
2.0123341e-05
-2.4304532e-07
4.3970596e-05
-4.5828188e-07
8.0559796e-05
-7.3808555e-07
0.00013304835
-1.0620122e-06
0.00020057998
-1.3942319e-06
0.00027885129
-1.7154159e-06
0.00036748056
-2.0457298e-06
0.00047055008
-2.4513146e-06
0.0005935562
0.00074257912
-3.0592898e-06
-2.6114978e-08
-1.2437322e-07
-3.3655154e-07
-7.1752817e-07
-1.3099436e-06
-2.0807251e-06
-2.9237235e-06
-3.8011013e-06
-4.7706579e-06
-5.9592825e-06
-7.5886975e-06
3.4124861e-08
-4.1399045e-06
4.1058084e-06
1.3100264e-07
-1.546791e-05
1.537105e-05
2.7515911e-07
-3.2921171e-05
3.2777061e-05
4.1061527e-07
-5.8772971e-05
5.8637521e-05
4.2275597e-07
-9.5599846e-05
9.5587749e-05
1.3953521e-07
-0.00014596686
0.00014625008
-6.6785018e-07
-0.0002121507
0.00021295813
-2.3612176e-06
-0.00029602662
0.00029771995
-5.6368257e-06
-0.00039874647
0.00040202211
-1.1732314e-05
-0.00051953568
0.00052563116
-0.00065359576
0.00066381801
-2.1954518e-05
1.4824671e-08
-4.154724e-06
4.6668732e-08
-1.5499751e-05
6.0597569e-08
-3.2935082e-05
-2.7269765e-08
-5.8685099e-05
-3.6807483e-07
-9.5259012e-05
-1.1873655e-06
-0.00014514757
-2.8058726e-06
-0.00021053217
-5.7467344e-06
-0.00029308576
-1.0963712e-05
-0.00039352946
-1.9998503e-05
-0.00051050083
-0.00063923648
-3.4357727e-05
1.2776851e-08
-4.1674941e-06
3.3697607e-08
-1.5520663e-05
1.8894235e-08
-3.2920257e-05
-1.3102352e-07
-5.8535173e-05
-5.9676171e-07
-9.4793255e-05
-1.6603702e-06
-0.00014408396
-3.7467626e-06
-0.00020844575
-7.5532881e-06
-0.00028927926
-1.4269334e-05
-0.00038681343
-2.5620859e-05
-0.00049914929
-0.00062180314
-4.3054192e-05
-2.4900845e-09
-2.7552272e-06
-1.5717982e-08
-1.0506926e-05
-5.3003273e-08
-2.2839277e-05
-1.3981108e-07
-4.1827946e-05
-3.1808188e-07
-7.0115517e-05
-6.3248565e-07
-0.00011050139
-1.0767915e-06
-0.00016515712
-1.5538186e-06
-0.00023553
-1.9369866e-06
-0.0003235983
-2.1897686e-06
-0.00043310004
-0.00057001618
-2.5334233e-06
5.420213e-09
-2.7606469e-06
2.0484157e-08
-1.052199e-05
4.1883363e-08
-2.2860675e-05
5.8166074e-08
-4.1844228e-05
4.540066e-08
-7.010275e-05
-2.2720451e-08
-0.00011043327
-1.293869e-07
-0.00016505045
-1.7604298e-07
-0.00023548334
-2.613452e-08
-0.00032374821
3.9714062e-07
-0.00043352332
-0.00057061075
9.9171035e-07
4.9214238e-09
2.1220631e-08
5.079473e-08
9.1889807e-08
1.3656735e-07
1.7854513e-07
2.4866513e-07
4.4849056e-07
9.1587934e-07
1.7384085e-06
2.8222901e-06
6.0328007e-08
6.3006235e-06
-6.3609516e-06
3.2797909e-07
2.4255125e-05
-2.4522776e-05
9.6934911e-07
5.3094528e-05
-5.3735898e-05
2.2003194e-06
9.7121116e-05
-9.8352087e-05
4.152251e-06
0.00015877887
-0.0001607308
6.6757061e-06
0.0002348746
-0.00023739806
9.6062528e-06
0.00032142166
-0.0003243522
1.2994586e-05
0.00042037738
-0.00042376571
1.7036098e-05
0.0005370702
-0.00054111171
2.2016105e-05
0.00067775196
-0.00068273197
0.00084944596
-0.00085559763
2.816777e-05
4.2650033e-08
2.1693194e-07
6.1725912e-07
1.3652586e-06
2.5318232e-06
4.0786777e-06
6.0029639e-06
8.3668479e-06
1.1245783e-05
1.4708087e-05
1.8790142e-05
1.0372151e-08
-3.5298487e-06
6.3216881e-08
-1.35628e-05
1.9913953e-07
-2.9690941e-05
4.7913113e-07
-5.4726149e-05
9.7808424e-07
-9.1928366e-05
1.7460796e-06
-0.00014348361
2.7904887e-06
-0.00020862908
4.0972666e-06
-0.00028580664
5.6100046e-06
-0.00037641474
7.139601e-06
-0.00048453064
-0.00061558412
7.9683852e-06
2.5434151e-08
-3.5552828e-06
1.3651561e-07
-1.3673882e-05
4.0638578e-07
-2.9960811e-05
9.5526626e-07
-5.527503e-05
1.950795e-06
-9.2923894e-05
3.5109738e-06
-0.00014504379
5.5085485e-06
-0.00021062666
7.7389501e-06
-0.00028803705
1.0274605e-05
-0.0003789504
1.3527725e-05
-0.00048778376
-0.0006202642
1.8207809e-05
1.3971108e-08
-3.5692539e-06
6.0821173e-08
-1.3720732e-05
1.5495013e-07
-3.0054939e-05
3.1978438e-07
-5.5439864e-05
5.8874736e-07
-9.3192857e-05
9.847006e-07
-0.00014543974
1.4624217e-06
-0.00021110438
1.9915205e-06
-0.00028856615
2.7011518e-06
-0.00037966003
3.9054715e-06
-0.00048898808
-0.00062259352
6.2347904e-06
-1.9050745e-08
-3.3105339e-06
-8.1940834e-08
-1.2703378e-05
-1.977679e-07
-2.7778237e-05
-3.6629925e-07
-5.116622e-05
-5.6882238e-07
-8.6033354e-05
-7.7046741e-07
-0.00013494528
-9.4365113e-07
-0.00019834456
-1.0334724e-06
-0.00027587271
-8.7590571e-07
-0.00036937215
-1.3839585e-07
-0.00048331231
-0.00062408991
1.7452311e-06
-5.6791399e-09
-3.3048554e-06
-2.8694198e-08
-1.2680363e-05
-8.431298e-08
-2.7722619e-05
-1.9947343e-07
-5.1051059e-05
-4.0930698e-07
-8.5823522e-05
-7.3104949e-07
-0.00013462354
-1.11808e-06
-0.00019795753
-1.4478167e-06
-0.00027554297
-1.5355235e-06
-0.00036928445
-1.0297694e-06
-0.00048381806
-0.00062611483
9.9514657e-07
5.2232942e-09
7.9319562e-09
-1.6487783e-08
-1.174817e-07
-3.8110332e-07
-8.8683793e-07
-1.580239e-06
-2.3239987e-06
-3.1555463e-06
-4.4535144e-06
-6.9870722e-06
-4.0149031e-08
-3.1024183e-06
3.1425672e-06
-1.9050646e-07
-1.1882376e-05
1.2032734e-05
-5.1143597e-07
-2.5937759e-05
2.6258689e-05
-1.0837561e-06
-4.7704337e-05
4.8276657e-05
-1.998424e-06
-8.0188989e-05
8.1103657e-05
-3.3136314e-06
-0.00012610738
0.00012742258
-4.9831384e-06
-0.00018651585
0.00018818536
-6.8486598e-06
-0.00026148594
0.00026335146
-8.7215533e-06
-0.00035274851
0.00035462141
-1.0414356e-05
-0.00046461798
0.00046631078
-0.0006036657
0.00060498971
-1.1738372e-05
-2.877482e-08
-3.073644e-06
-1.4016871e-07
-1.1770983e-05
-3.8532269e-07
-2.5692607e-05
-8.3843938e-07
-4.725122e-05
-1.593343e-06
-7.9434087e-05
-2.7202868e-06
-0.00012498043
-4.1727724e-06
-0.00018506337
-5.7816717e-06
-0.00025987704
-7.3757758e-06
-0.00035115441
-8.8406232e-06
-0.00046315313
-0.00060244384
-1.0062485e-05
-1.635359e-08
-8.2839149e-08
-2.3675662e-07
-5.3797532e-07
-1.0698874e-06
-1.90158e-06
-2.9903496e-06
-4.1698341e-06
-5.2860613e-06
-6.2889753e-06
-7.2639781e-06
-1.7470087e-08
-3.5467329e-06
-1.0126808e-07
-1.3629572e-05
-3.213603e-07
-2.984044e-05
-7.9888766e-07
-5.501324e-05
-1.6995496e-06
-9.2447161e-05
-3.127541e-06
-0.00014434335
-4.9453609e-06
-0.00020988712
-6.9074922e-06
-0.00028773656
-8.9262317e-06
-0.00037981575
-1.1022027e-05
-0.00049087809
-0.00062759469
-1.2860883e-05
-1.2454162e-08
-3.5342787e-06
-8.9128135e-08
-1.3552898e-05
-3.0946871e-07
-2.9620099e-05
-8.1632719e-07
-5.4506381e-05
-1.8335097e-06
-9.1429978e-05
-3.5237333e-06
-0.00014265313
-5.632214e-06
-0.00020777863
-7.7625671e-06
-0.00028560621
-1.0071571e-05
-0.00037750675
-1.3499142e-05
-0.00048745051
-0.00062122821
-1.9865623e-05
3.0420494e-08
-3.5646994e-06
1.6453135e-07
-1.3687009e-05
4.8286331e-07
-2.9938432e-05
1.1004607e-06
-5.5123978e-05
2.152702e-06
-9.248222e-05
3.7242932e-06
-0.00014422472
5.7939392e-06
-0.00020984828
8.288938e-06
-0.0002881012
1.1105652e-05
-0.00038032346
1.4019869e-05
-0.00049036473
-0.00062342729
1.621894e-05
-1.1765423e-07
7.0132761e-06
-6.8956135e-06
-6.013594e-07
2.7078185e-05
-2.6594475e-05
-1.7014094e-06
5.9400096e-05
-5.8300027e-05
-3.741774e-06
0.00010862563
-0.00010658526
-6.8355273e-06
0.00017631621
-0.00017322244
-1.0320902e-05
0.00025710183
-0.00025361646
-1.3740925e-05
0.00034814598
-0.00034472593
-1.7434896e-05
0.0004540028
-0.00045030884
-2.2348313e-05
0.00058190918
-0.00057699575
-3.0196282e-05
0.00074050972
-0.00073266176
0.00094096474
-0.00092724495
-4.3916067e-05
-2.8029036e-07
7.2935673e-06
-1.3760259e-06
2.817392e-05
-3.8002143e-06
6.1824289e-05
-8.160155e-06
0.00011298557
-1.4600546e-05
0.00018275661
-2.2288073e-05
0.00026478935
-3.0721402e-05
0.00035657931
-4.01702e-05
0.00046345159
-5.1306454e-05
0.00059304544
-6.4984702e-05
0.00075418798
0.00095791204
-8.1931996e-05
4.7594386e-08
4.0736563e-07
2.4235902e-07
1.6757404e-06
6.8917221e-07
3.9154404e-06
1.552672e-06
7.7789043e-06
3.091835e-06
1.4340003e-05
5.6978759e-06
2.531739e-05
9.8714697e-06
4.3150063e-05
1.5926646e-05
6.9934083e-05
2.370514e-05
0.00010470262
3.3192085e-05
0.00014488857
0.00019104884
4.4655148e-05
5.8479349e-08
3.4888632e-07
2.8164573e-07
1.452574e-06
7.7251374e-07
3.4245723e-06
1.6911447e-06
6.8602733e-06
3.2792975e-06
1.275185e-05
5.8873974e-06
2.2709291e-05
9.9611758e-06
3.9076284e-05
1.585392e-05
6.4041339e-05
2.3557177e-05
9.6999367e-05
3.3011355e-05
0.00013543439
0.00017953888
4.452131e-05
4.0807621e-08
-2.957015e-06
2.9162066e-06
1.9140557e-07
-1.1242209e-05
1.1091612e-05
5.0757051e-07
-2.4360947e-05
2.4044781e-05
1.0609715e-06
-4.4442085e-05
4.3888685e-05
1.9341853e-06
-7.4146976e-05
7.3273762e-05
3.2115178e-06
-0.00011628764
0.0001150103
4.9825869e-06
-0.00017322719
0.00017145612
7.3632101e-06
-0.00024685075
0.00024447013
1.0496115e-05
-0.00033941071
0.00033627781
1.4501827e-05
-0.00045423702
0.00045023131
-0.00059554724
0.00059067711
1.9371948e-05
4.4071269e-08
-3.0010893e-06
2.053566e-07
-1.1403497e-05
5.4212789e-07
-2.4697725e-05
1.1293374e-06
-4.5029297e-05
2.0527587e-06
-7.5070406e-05
3.3996554e-06
-0.00011763453
5.2619034e-06
-0.00017508945
7.7543141e-06
-0.00024934316
1.1005871e-05
-0.00034266228
1.5087447e-05
-0.00045831861
-0.00060033991
1.9880117e-05
3.9073342e-08
1.8647149e-07
5.0151413e-07
1.0629292e-06
1.9656252e-06
3.3108195e-06
5.2050277e-06
7.7721416e-06
1.1137484e-05
1.5327535e-05
1.9952292e-05
1.2637356e-08
-3.0499382e-06
3.0373009e-06
6.4104936e-08
-1.1628255e-05
1.1576788e-05
1.7746063e-07
-2.5261848e-05
2.5148492e-05
3.822434e-07
-4.6202137e-05
4.5997355e-05
7.1753174e-07
-7.7199163e-05
7.6863875e-05
1.2224723e-06
-0.00012071851
0.00012021357
1.8745774e-06
-0.00017736562
0.00017671351
2.5034566e-06
-0.00024556441
0.00024493553
2.8947125e-06
-0.00032441461
0.00032402335
2.9578582e-06
-0.00041562123
0.00041555808
-0.00052246417
0.00052281249
2.6095356e-06
2.12438e-08
-3.0711821e-06
7.076971e-08
-1.1677781e-05
1.2346755e-07
-2.5314546e-05
1.2519289e-07
-4.6203863e-05
-1.5311287e-08
-7.7058659e-05
-4.0125035e-07
-0.00012033257
-1.1202785e-06
-0.00017664659
-2.3047199e-06
-0.00024437997
-4.0962488e-06
-0.00032262308
-6.4910874e-06
-0.00041322639
-0.0005198978
-9.0574503e-06
-5.8970357e-08
-2.917713e-07
-8.2208759e-07
-1.846766e-06
-3.638694e-06
-6.4689873e-06
-1.0397338e-05
-1.5190186e-05
-2.065211e-05
-2.6881442e-05
-3.4294921e-05
-2.0491646e-08
-3.5487622e-06
-9.9569757e-08
-1.3641653e-05
-2.7822601e-07
-2.9876283e-05
-6.2144432e-07
-5.5096646e-05
-1.2078546e-06
-9.2606447e-05
-2.073408e-06
-0.00014457419
-3.127793e-06
-0.00021004999
-4.1922571e-06
-0.00028750168
-5.1056499e-06
-0.00037874663
-5.7050861e-06
-0.00048838864
-0.00062262382
-5.6747871e-06
-1.2368358e-08
-7.3956378e-08
-2.3625187e-07
-5.885135e-07
-1.2606739e-06
-2.3366783e-06
-3.6560189e-06
-4.9381419e-06
-6.1095778e-06
-7.3538978e-06
-9.0472111e-06
-2.0336729e-07
6.03105e-06
-5.8276758e-06
-9.659505e-07
2.3391917e-05
-2.2629328e-05
-2.5795252e-06
5.1588074e-05
-4.9974481e-05
-5.3623578e-06
9.5170039e-05
-9.2387202e-05
-9.434761e-06
0.00015680493
-0.0001527325
-1.4536593e-05
0.0002329828
-0.00022788097
-2.0412122e-05
0.00032066476
-0.00031478921
-2.6956847e-05
0.00042385924
-0.00041731453
-3.4061185e-05
0.00055015281
-0.00054304845
-4.1476056e-05
0.00070915999
-0.00070174511
0.00091356787
-0.0009064159
-4.8628024e-05
-2.2011484e-07
-1.0413286e-06
-2.7786708e-06
-5.7779644e-06
-1.0161326e-05
-1.5651504e-05
-2.203173e-05
-2.9283707e-05
-3.743488e-05
-4.6462603e-05
-5.6236068e-05
2.076173e-08
5.2363262e-06
1.028885e-07
2.0153283e-05
2.8494521e-07
4.4142635e-05
6.1797514e-07
8.1068073e-05
1.1475326e-06
0.00013410713
1.8695132e-06
0.00020217488
2.7519885e-06
0.00028083132
3.7958592e-06
0.00036996938
5.0172831e-06
0.00047392495
6.4072226e-06
0.00059839841
0.0007497891
7.8429839e-06
-5.3252245e-08
5.2895786e-06
-2.5793746e-07
2.0357968e-05
-7.1285736e-07
4.4597555e-05
-1.5688021e-06
8.1924018e-05
-2.9717892e-06
0.00013551012
-4.7519286e-06
0.00020395502
-6.4094058e-06
0.0002824888
-7.8461823e-06
0.00037140616
-9.4318011e-06
0.00047551057
-1.1908519e-05
0.00060087513
0.00075451605
-1.6635465e-05
-1.8630996e-07
5.4758883e-06
-9.263328e-07
2.1097991e-05
-2.5853293e-06
4.6256551e-05
-5.6640319e-06
8.5002721e-05
-1.0576016e-05
0.0001404221
-1.6956703e-05
0.0002103357
-2.3919221e-05
0.00028945131
-3.1377873e-05
0.00037886481
-4.0007415e-05
0.00048414012
-5.0953792e-05
0.00061182151
0.00076929378
-6.5731522e-05
5.9126373e-09
5.2452105e-06
2.7236924e-08
2.0143055e-05
6.9474223e-08
4.4029973e-05
1.3692615e-07
8.0696688e-05
2.3093076e-07
0.00013330018
3.5181313e-07
0.0002009647
5.0925714e-07
0.00027940754
7.1953832e-07
0.00036826381
9.9916896e-07
0.00047158658
1.3661764e-06
0.00059482246
0.00074398163
1.8270963e-06
2.7340744e-08
1.1741934e-07
2.8964723e-07
5.6194679e-07
9.3815729e-07
1.4081736e-06
1.9758596e-06
2.6622491e-06
3.4961705e-06
4.5147616e-06
5.8265464e-06
-4.9267553e-08
6.9093579e-06
-2.2662054e-07
2.6682329e-05
-5.8691799e-07
5.854588e-05
-1.1787657e-06
0.00010711048
-1.9974381e-06
0.00017410393
-2.9473985e-06
0.00025471016
-3.9024514e-06
0.00034597178
-4.7457409e-06
0.00045192794
-5.3384861e-06
0.00057940398
-5.4748989e-06
0.00073637548
0.00093245638
-4.8356463e-06
-3.2613636e-08
6.9419677e-06
-1.5115477e-07
2.6800868e-05
-4.0564972e-07
5.8800371e-05
-8.5698676e-07
0.00010756182
-1.5204701e-06
0.00017476742
-2.3211196e-06
0.00025551081
-3.1629836e-06
0.00034681365
-3.9590805e-06
0.00045272403
-4.6003228e-06
0.00058004523
-4.919214e-06
0.00073669437
0.00093227138
-4.7342087e-06
2.6859625e-08
5.995983e-07
1.4424207e-07
2.4238017e-06
4.4199891e-07
5.5699419e-06
1.0920238e-06
1.0868896e-05
2.4049573e-06
1.9652974e-05
4.895322e-06
3.3968783e-05
9.137786e-06
5.6483986e-05
1.5004412e-05
8.8829346e-05
2.1646754e-05
0.00012906716
2.9099274e-05
0.00017502252
0.00022806408
3.8431941e-05
4.7123344e-08
2.3453997e-07
6.5479724e-07
1.4490015e-06
2.8317356e-06
5.1097951e-06
8.6242904e-06
1.3457481e-05
1.9353309e-05
2.6319135e-05
3.4543761e-05
9.1979998e-09
-2.8548739e-06
4.0015082e-08
-1.1017992e-05
9.8487702e-08
-2.4234575e-05
1.8815606e-07
-4.4964535e-05
3.0610474e-07
-7.6314303e-05
4.4502975e-07
-0.00012096707
6.2543749e-07
-0.00017880354
9.38987e-07
-0.00024724619
1.499427e-06
-0.0003263084
2.3980643e-06
-0.00041948954
-0.0005318624
3.7432379e-06
8.8774531e-09
-2.8637513e-06
4.3271561e-08
-1.1052386e-05
1.1776807e-07
-2.4309072e-05
2.5082927e-07
-4.5097596e-05
4.6101713e-07
-7.6524491e-05
7.5962581e-07
-0.00012126567
1.1764262e-06
-0.00017922034
1.8189928e-06
-0.00024788876
2.8072424e-06
-0.00032729665
4.1954197e-06
-0.00042087772
-0.00053361325
5.9462692e-06
-9.1562479e-08
-3.3906021e-06
-4.4358917e-07
-1.2996066e-05
-1.2193434e-06
-2.8383498e-05
-2.6601381e-06
-5.2201586e-05
-5.0656636e-06
-8.7589676e-05
-8.6285089e-06
-0.00013683117
-1.3112659e-05
-0.00019915318
-1.8039444e-05
-0.00027217064
-2.3296224e-05
-0.00035653467
-2.923707e-05
-0.0004560038
-0.00057574141
-3.6566424e-05
-2.6812034e-08
-3.36379e-06
-1.4175533e-07
-1.2881122e-05
-4.0957768e-07
-2.8115676e-05
-9.2744156e-07
-5.1683722e-05
-1.8314286e-06
-8.6685689e-05
-3.2282257e-06
-0.00013543437
-4.9686841e-06
-0.00019741272
-6.6996848e-06
-0.00027043964
-8.3526806e-06
-0.00035488167
-1.0296249e-05
-0.00045406023
-0.00057277881
-1.3258845e-05
-1.4618421e-08
-3.3491716e-06
-5.3676487e-08
-1.2842064e-05
-1.1524203e-07
-2.8054111e-05
-1.9559652e-07
-5.1603368e-05
-2.84879e-07
-8.6596406e-05
-3.6465579e-07
-0.0001353546
-4.0524741e-07
-0.00019737213
-3.609864e-07
-0.0002704839
-2.1383799e-07
-0.00035502882
-1.2249897e-08
-0.00045426182
-0.00057270983
-8.1225724e-08
1.7017679e-08
-2.8807691e-06
8.2458693e-08
-1.1117827e-05
2.2625351e-07
-2.4452867e-05
4.9110062e-07
-4.5362443e-05
9.2821097e-07
-7.6961601e-05
1.5801256e-06
-0.00012191759
2.4768456e-06
-0.00018011706
3.7023034e-06
-0.00024911422
5.3891796e-06
-0.00032898353
7.6576747e-06
-0.00042314621
-0.00053655422
1.0598652e-05
2.8377245e-08
-2.9091463e-06
1.3255883e-07
-1.1222009e-05
3.4611818e-07
-2.4666426e-05
7.0410234e-07
-4.5720427e-05
1.2332465e-06
-7.7490745e-05
1.9419619e-06
-0.0001226263
2.8687526e-06
-0.00018104385
4.157776e-06
-0.00025040324
5.9434216e-06
-0.00033076917
8.2696758e-06
-0.00042547247
-0.0005393689
1.1084351e-05
3.3880033e-08
1.5492857e-07
4.1178381e-07
8.7640104e-07
1.6261563e-06
2.7004372e-06
4.1139909e-06
5.9510502e-06
8.2573869e-06
1.0936632e-05
1.3877876e-05
2.4450231e-08
-3.3736219e-06
1.0379323e-07
-1.2921407e-05
2.5103381e-07
-2.8201351e-05
4.7454573e-07
-5.182688e-05
7.7204597e-07
-8.6893907e-05
1.1358058e-06
-0.00013571836
1.585616e-06
-0.00019782194
2.1753833e-06
-0.00027107367
2.9531211e-06
-0.00035580656
3.9402726e-06
-0.00045524897
-0.00057401976
5.2502023e-06
9.3977617e-09
-3.3830197e-06
3.0844721e-08
-1.2942854e-05
5.6950352e-08
-2.8227457e-05
7.2726803e-08
-5.1842656e-05
4.4067945e-08
-8.6865248e-05
-7.3112091e-08
-0.00013560118
-2.3256037e-07
-0.00019766249
-2.9306203e-07
-0.00027101316
-2.3374368e-07
-0.00035586588
-2.515695e-07
-0.00045523115
-0.00057361799
-6.5334782e-07
-7.6980013e-09
-2.7284989e-10
7.4760086e-08
3.0553073e-07
8.1884099e-07
1.7186924e-06
2.965836e-06
4.4202928e-06
5.9987367e-06
7.6951584e-06
9.2287768e-06
6.1789021e-08
7.0671427e-06
-7.1289306e-06
3.26096e-07
2.7224313e-05
-2.748862e-05
9.347999e-07
5.9590999e-05
-6.01997e-05
2.0576191e-06
0.00010870203
-0.00010982485
3.75163e-06
0.00017615907
-0.00017785308
5.7409677e-06
0.00025724898
-0.00025923832
7.7945692e-06
0.00034879334
-0.00035084694
1.0001285e-05
0.00045426549
-0.00045647221
1.2712141e-05
0.00057986434
-0.00058257519
1.6534889e-05
0.00073265018
-0.00073647293
0.00092076963
-0.00092643719
2.2202448e-05
4.4183987e-08
7.0229595e-06
2.0755243e-07
2.7060945e-05
5.5983514e-07
5.9238718e-05
1.1760028e-06
0.00010808587
2.0691017e-06
0.00017526598
3.2345853e-06
0.0002560835
4.7011954e-06
0.00034732673
6.4726564e-06
0.00045249403
8.5118292e-06
0.00057782516
1.069695e-05
0.00073046506
0.00091869604
1.2770539e-05
-2.1331261e-08
-3.4032112e-06
-1.0661024e-07
-1.3026951e-05
-3.032972e-07
-2.8412568e-05
-6.8936232e-07
-5.2171334e-05
-1.3734618e-06
-8.7384853e-05
-2.4348666e-06
-0.00013635086
-3.7464452e-06
-0.00019863426
-5.0049294e-06
-0.00027219669
-6.0996649e-06
-0.00035736072
-7.240436e-06
-0.00045727073
-0.00057643648
-8.9432568e-06
3.7338464e-09
-3.4069451e-06
9.7107465e-09
-1.3032928e-05
1.6588318e-08
-2.8419446e-05
2.6143818e-08
-5.2180889e-05
3.2502311e-08
-8.7391212e-05
2.2871972e-08
-0.00013634123
5.5238219e-08
-0.00019866662
2.6954543e-07
-0.00027241099
6.6762026e-07
-0.00035775879
9.9663854e-07
-0.00045759974
-0.00057627233
8.324908e-07
1.0235905e-08
-3.417181e-06
8.6269988e-08
-1.3108962e-05
3.1203276e-07
-2.8645209e-05
8.2226737e-07
-5.2691124e-05
1.8017565e-06
-8.8370701e-05
3.3905442e-06
-0.00013793002
5.4978835e-06
-0.00020077396
7.8671054e-06
-0.00027478022
1.0376422e-05
-0.00036026811
1.3101269e-05
-0.00046032459
-0.00057913885
1.5967785e-05
7.0822178e-08
-3.4880031e-06
3.2989769e-07
-1.3368038e-05
8.7614357e-07
-2.9191455e-05
1.8480162e-06
-5.3662997e-05
3.4150461e-06
-8.9937731e-05
5.6943966e-06
-0.00014020937
8.5387864e-06
-0.00020361835
1.160455e-05
-0.00027784598
1.4813017e-05
-0.00036347657
1.8511071e-05
-0.00046402264
-0.00058421254
2.3584765e-05
-2.8561297e-08
-2.899002e-06
-1.5843749e-07
-1.0969163e-05
-4.803826e-07
-2.3662833e-05
-1.1413805e-06
-4.2959658e-05
-2.3544881e-06
-7.1292565e-05
-4.3528972e-06
-0.00011105458
-7.265627e-06
-0.00016348326
-1.1042062e-05
-0.00022793476
-1.5637088e-05
-0.00030329479
-2.1226481e-05
-0.00039008103
-0.00049070859
-2.8155366e-05
-8.086754e-08
-2.8181344e-06
-3.7043046e-07
-1.06796e-05
-9.6588645e-07
-2.3067377e-05
-1.9974203e-06
-4.1928124e-05
-3.6348846e-06
-6.96551e-05
-6.0691307e-06
-0.00010862034
-9.4138067e-06
-0.00016013858
-1.361032e-05
-0.00022373824
-1.8613761e-05
-0.00029829135
-2.4677964e-05
-0.00038401683
-0.00048296562
-3.2420934e-05
2.9405407e-08
-2.8475398e-06
1.2340191e-07
-1.0773597e-05
2.6570229e-07
-2.3209677e-05
3.7111978e-07
-4.2033541e-05
2.5354901e-07
-6.9537529e-05
-3.7074578e-07
-0.00010799604
-1.7457967e-06
-0.00015876353
-3.9366546e-06
-0.00022154739
-7.0129178e-06
-0.00029521508
-1.1322916e-05
-0.00037970683
-0.00047651597
-1.777257e-05
3.3045561e-08
6.8932987e-06
1.4154849e-07
2.6539567e-05
2.4549222e-07
5.8141037e-05
1.3222714e-07
0.00010628008
-3.2679506e-07
0.00017272513
-8.5856896e-07
0.00025270755
-1.1837675e-06
0.00034290744
-1.2482382e-06
0.000446929
-1.0900342e-06
0.00057114586
-7.6891505e-07
0.00072285318
0.00091115216
-1.0772679e-06
3.0305643e-07
6.5902423e-06
1.1549092e-06
2.5687714e-05
2.5508551e-06
5.6745092e-05
4.3797878e-06
0.00010445114
6.4280325e-06
0.00017067688
8.8913371e-06
0.00025024424
1.2103118e-05
0.00033969566
1.6085752e-05
0.00044294636
2.0558888e-05
0.00056667272
2.4781711e-05
0.00071863036
0.00090766701
2.8266861e-05
1.1084268e-08
7.0118755e-06
6.0391464e-08
2.7011637e-05
1.7020475e-07
5.9128905e-05
3.5842702e-07
0.00010789764
6.3839985e-07
0.00017498601
1.0794514e-06
0.00025564245
1.7981033e-06
0.00034660808
2.8748076e-06
0.00045141732
4.3670591e-06
0.00057633291
6.3621682e-06
0.00072846995
0.00091605371
9.0045007e-06
1.2522549e-08
6.9993532e-06
5.6077578e-08
2.6968082e-05
1.508271e-07
5.9034156e-05
3.2589027e-07
0.00010772258
5.9815971e-07
0.00017471374
9.9364914e-07
0.00025524696
1.603785e-06
0.00034599795
2.5546834e-06
0.00045046642
3.9988375e-06
0.00057488876
6.1519821e-06
0.00072631681
0.00091277455
9.4311412e-06
2.3150395e-08
6.9762031e-06
1.1827988e-07
2.6872953e-05
3.2410114e-07
5.8828335e-05
6.7857699e-07
0.0001073681
1.1985836e-06
0.00017419373
1.8627867e-06
0.00025458275
2.7048094e-06
0.00034515592
3.8382069e-06
0.00044933302
5.4383457e-06
0.00057328862
7.7624617e-06
0.00072399269
0.00090944087
1.109614e-05
2.6707163e-08
-3.0897079e-06
1.2276394e-07
-1.1811677e-05
3.1997264e-07
-2.5736024e-05
6.5538538e-07
-4.7232589e-05
1.1603698e-06
-7.9221326e-05
1.8416759e-06
-0.00012443523
2.6681448e-06
-0.00018428571
3.5810024e-06
-0.00025926713
4.5371403e-06
-0.00035108732
5.5718325e-06
-0.00046379341
-0.00060371962
6.8158575e-06
2.3891541e-08
-3.1135989e-06
1.097855e-07
-1.1897571e-05
2.8257463e-07
-2.5908812e-05
5.6911986e-07
-4.7519134e-05
9.9609616e-07
-7.96483e-05
1.5707719e-06
-0.0001250099
2.228094e-06
-0.00018494303
2.842563e-06
-0.0002598816
3.3547032e-06
-0.00035159946
3.8823472e-06
-0.00046432105
-0.00060455303
4.7157541e-06
-3.1959457e-08
-3.0816393e-06
-1.5236635e-07
-1.1777164e-05
-3.9546783e-07
-2.566571e-05
-7.7951569e-07
-4.7135086e-05
-1.2869998e-06
-7.9140816e-05
-1.8736094e-06
-0.00012442329
-2.5692149e-06
-0.00018424742
-3.4787648e-06
-0.00025897205
-4.5055963e-06
-0.00035057263
-5.0489813e-06
-0.00046377767
-0.00060621187
-3.3901435e-06
1.4492957e-07
6.8515603e-07
1.8226236e-06
3.8143346e-06
6.944847e-06
1.1393596e-05
1.7020736e-05
2.3619981e-05
3.1348019e-05
4.0651961e-05
5.2077131e-05
-6.0638784e-08
5.3945855e-06
-2.477276e-07
2.0666724e-05
-5.6714539e-07
4.5070764e-05
-9.8829632e-07
8.2386741e-05
-1.4510272e-06
0.00013568518
-1.952047e-06
0.00020399009
-2.5727493e-06
0.00028306665
-3.3753879e-06
0.00037259777
-4.3841853e-06
0.00047662868
-5.6146926e-06
0.00060059535
0.00075052938
-7.1664633e-06
-1.6088857e-08
5.4106755e-06
-8.3516358e-08
2.0734152e-05
-2.3039079e-07
4.5217641e-05
-4.8037433e-07
8.2636723e-05
-8.4434676e-07
0.00013604916
-1.3261315e-06
0.00020447187
-1.9511691e-06
0.00028369169
-2.7582398e-06
0.00037340483
-3.7776097e-06
0.00047764805
-5.0281498e-06
0.00060184589
0.0007519279
-6.4266721e-06
-1.5761511e-08
-7.3972564e-08
-1.9923452e-07
-4.2512296e-07
-7.7875902e-07
-1.2572464e-06
-1.8575646e-06
-2.605671e-06
-3.537535e-06
-4.6877612e-06
-6.1198916e-06
-1.4678112e-08
-3.581648e-06
-9.9699698e-08
-1.3747557e-05
-3.2476396e-07
-3.0077005e-05
-7.8962372e-07
-5.5417645e-05
-1.6202493e-06
-9.3068076e-05
-2.905533e-06
-0.00014519267
-4.6316788e-06
-0.00021091384
-6.7392683e-06
-0.0002889422
-9.1772005e-06
-0.0003814214
-1.1855548e-05
-0.00049339331
-0.00063193104
-1.4205551e-05
-7.3473598e-08
-3.5081745e-06
-3.4652341e-07
-1.3474507e-05
-9.3719476e-07
-2.9486334e-05
-2.0193537e-06
-5.4335486e-05
-3.7968053e-06
-9.1290625e-05
-6.3783138e-06
-0.00014261116
-9.6123463e-06
-0.00020767981
-1.3278726e-05
-0.00028527582
-1.7376667e-05
-0.00037732346
-2.2202991e-05
-0.00048856699
-0.00062543918
-2.8694849e-05
-4.3311041e-08
-2.090626e-07
-5.6536572e-07
-1.200245e-06
-2.2062721e-06
-3.6174316e-06
-5.3287689e-06
-7.1458806e-06
-8.9020813e-06
-1.0472482e-05
-1.1646398e-05
1.1268002e-08
6.7586269e-08
2.0639708e-07
4.8008976e-07
9.6152849e-07
1.7305411e-06
2.8757757e-06
4.7533462e-06
7.8788446e-06
1.2338711e-05
1.7689574e-05
2.4680688e-08
1.3960266e-07
4.2474288e-07
1.0128228e-06
2.1286457e-06
4.1312472e-06
7.4327323e-06
1.1959073e-05
1.7251497e-05
2.3505575e-05
3.128071e-05
-7.4849191e-08
6.8173558e-06
-3.3590021e-07
2.6228778e-05
-8.4367222e-07
5.7345857e-05
-1.6347097e-06
0.00010459983
-2.6904272e-06
0.00016992021
-3.9562516e-06
0.00024891303
-5.3490159e-06
0.00033785002
-6.7656319e-06
0.00043984115
-8.0755036e-06
0.00056096713
-9.0278214e-06
0.00070808771
0.00088882926
-8.9410785e-06
8.4529164e-08
6.7328269e-06
4.0536319e-07
2.5907944e-05
1.0342802e-06
5.6716941e-05
1.9913734e-06
0.00010364273
3.2517674e-06
0.00016865982
4.7086966e-06
0.0002474561
6.2864101e-06
0.00033627231
8.0995704e-06
0.00043802799
1.045945e-05
0.00055860725
1.3881707e-05
0.00070466545
0.00088410466
1.8606309e-05
8.9165678e-07
-1.2666696e-06
4.2213012e-06
-5.0779367e-06
1.1059279e-05
-1.1539267e-05
2.2469288e-05
-2.2204946e-05
3.930487e-05
-3.9485592e-05
6.186842e-05
-6.6653875e-05
9.0226036e-05
-0.00010645361
0.00012525946
-0.00015775935
0.00016763495
-0.00021784354
0.00021728634
-0.00028795804
-0.00037148527
0.00027108461
5.1995482e-08
-1.3186651e-06
2.7005181e-07
-5.2959931e-06
8.3612178e-07
-1.2105337e-05
2.0973507e-06
-2.3466175e-05
4.568912e-06
-4.1957153e-05
8.7857945e-06
-7.0870758e-05
1.489056e-05
-0.00011255838
2.2670154e-05
-0.00016553895
3.2218415e-05
-0.0002273918
4.3900318e-05
-0.00029963994
-0.00038649692
5.8911962e-05
2.8158376e-07
1.3172875e-06
3.4762831e-06
7.2236679e-06
1.3086624e-05
2.1506218e-05
3.2592379e-05
4.6333044e-05
6.3001527e-05
8.2876335e-05
0.00010585984
-2.5906401e-08
5.1831025e-06
-1.2089323e-07
2.0206732e-05
-3.1259774e-07
4.4807172e-05
-6.2223622e-07
8.3331815e-05
-1.0455686e-06
0.00013920939
-1.5148528e-06
0.00021105389
-1.8897848e-06
0.00029629608
-1.9950003e-06
0.00039789306
-1.5933259e-06
0.00052295188
-2.7777281e-07
0.00068132377
0.00088677394
2.8243542e-06
-4.3957418e-08
-1.965784e-07
-4.9789409e-07
-9.8189164e-07
-1.6461749e-06
-2.4151195e-06
-3.1463714e-06
-3.6666786e-06
-3.7473163e-06
-3.0211425e-06
-8.6348254e-07
4.3137355e-08
3.0574854e-07
2.1428595e-07
1.2814253e-06
5.9803692e-07
3.0408207e-06
1.3238356e-06
6.1344747e-06
2.5895128e-06
1.1486172e-05
4.6895307e-06
2.0609273e-05
8.0235254e-06
3.5742289e-05
1.2980897e-05
5.9083968e-05
1.9699058e-05
9.0281205e-05
2.8218505e-05
0.00012691495
0.00016907963
3.8677761e-05
4.724177e-08
6.0224929e-06
2.2904272e-07
2.3195616e-05
6.2593706e-07
5.0807139e-05
1.3367015e-06
9.3079536e-05
2.422052e-06
0.0001526942
3.8601029e-06
0.00022688907
5.677987e-06
0.0003114269
7.9828336e-06
0.00040789104
1.0906661e-05
0.00052149261
1.4592669e-05
0.0006584141
0.00082555366
1.9204539e-05
3.4256284e-08
5.9882365e-06
1.7027058e-07
2.3059601e-05
4.72919e-07
5.050449e-05
1.0223311e-06
9.2530124e-05
1.8707671e-06
0.00015184576
3.0086739e-06
0.00022575117
4.4735287e-06
0.00030996204
6.3664221e-06
0.00040599814
8.8029216e-06
0.00051905611
1.1903292e-05
0.00065531373
0.00082167999
1.5776956e-05
3.3467455e-08
5.9547688e-06
1.6147868e-07
2.293159e-05
4.3988376e-07
5.0226085e-05
9.374061e-07
9.2032601e-05
1.6976474e-06
0.00015108552
2.7095858e-06
0.00022473923
4.0046981e-06
0.00030866693
5.6763849e-06
0.00040432646
7.8370771e-06
0.00051689542
1.061121e-05
0.0006525396
0.00081813918
1.4152019e-05
1.9057825e-08
-4.1865311e-06
5.344896e-08
-1.5555041e-05
4.784899e-08
-3.2914644e-05
-1.2303098e-07
-5.8364291e-05
-6.8993794e-07
-9.4226363e-05
-2.0230138e-06
-0.00014275089
-4.6932693e-06
-0.00020577553
-9.6163214e-06
-0.0002843562
-1.8234245e-05
-0.00037819555
-3.2361781e-05
-0.00048502179
-0.00060111165
-5.3053278e-05
5.842208e-09
-4.1923594e-06
-1.4430328e-08
-1.5534757e-05
-1.4980056e-07
-3.2779278e-05
-5.8052676e-07
-5.7933566e-05
-1.6213981e-06
-9.3185536e-05
-3.7690356e-06
-0.00014060326
-7.7830648e-06
-0.00020176155
-1.4833115e-05
-0.00027730616
-2.6607407e-05
-0.00036642136
-4.4963422e-05
-0.00046666588
-0.00057527933
-7.079575e-05
-2.9505566e-08
-4.1629171e-06
-1.8513758e-07
-1.5379169e-05
-6.0961401e-07
-3.2354898e-05
-1.5520556e-06
-5.6991144e-05
-3.418545e-06
-9.1319118e-05
-6.8316374e-06
-0.00013719014
-1.2726448e-05
-0.00019586681
-2.2480171e-05
-0.00026755232
-3.7902151e-05
-0.00035099925
-6.0682477e-05
-0.00044388553
-0.00054471668
-9.1245166e-05
-7.1021557e-08
-4.0918646e-06
-3.7124293e-07
-1.507892e-05
-1.0949658e-06
-3.1631121e-05
-2.5728708e-06
-5.5513217e-05
-5.3318576e-06
-8.8560071e-05
-1.0175833e-05
-0.00013234616
-1.8294185e-05
-0.00018774841
-3.1351374e-05
-0.00025449518
-5.1322614e-05
-0.00033102797
-7.9769967e-05
-0.0004154383
-0.00050744653
-0.00011704021
-1.9807312e-07
6.5634129e-06
-9.0234145e-07
2.488627e-05
-2.3066963e-06
5.3667551e-05
-4.5766276e-06
9.6678705e-05
-7.7574917e-06
0.00015629673
-1.1787796e-05
0.00023060428
-1.6700171e-05
0.00031584792
-2.2632926e-05
0.00041255877
-2.9749473e-05
0.00052497835
-3.8222206e-05
0.00065853923
0.00081907158
-4.8156753e-05
-3.7758463e-07
-1.6760026e-06
-4.2001125e-06
-8.1825975e-06
-1.3637148e-05
-2.0420356e-05
-2.8525751e-05
-3.8108698e-05
-4.9410908e-05
-6.275243e-05
-7.8672369e-05
-1.1062465e-07
5.6411906e-06
-5.5305654e-06
-5.784738e-07
2.192537e-05
-2.145752e-05
-1.6800042e-06
4.8458359e-05
-4.7356823e-05
-3.799107e-06
8.9698401e-05
-8.7579296e-05
-7.2060743e-06
0.00014868622
-0.00014527924
-1.1599114e-05
0.0002227804
-0.00021838736
-1.6594819e-05
0.00030896916
-0.00030397344
-2.2267287e-05
0.00041083333
-0.00040516087
-2.9011337e-05
0.00053588127
-0.00052913721
-3.7326967e-05
0.00069403084
-0.00068571521
0.00089875743
-0.00088886019
-4.7224203e-05
-1.864934e-07
-8.9045635e-07
-2.4065955e-06
-5.0953982e-06
-9.1417009e-06
-1.4242266e-05
-2.0062327e-05
-2.6543513e-05
-3.3710703e-05
-4.1424977e-05
-4.9083458e-05
9.4658937e-08
7.0596136e-06
4.5085018e-07
2.7218913e-05
1.1994631e-06
5.9618243e-05
2.4670556e-06
0.00010881676
4.280356e-06
0.000176442
6.5746025e-06
0.00025790078
9.3487053e-06
0.00035025133
1.2669017e-05
0.00045705201
1.6657292e-05
0.00058454226
2.1529997e-05
0.0007399112
0.00093150213
2.7630506e-05
5.5656912e-08
2.8224599e-07
7.9151401e-07
1.7086495e-06
3.0833818e-06
4.8852521e-06
7.1652473e-06
1.0044296e-05
1.3670497e-05
1.8230101e-05
2.392006e-05
6.9421937e-07
7.7084049e-06
-8.401595e-06
3.4279772e-06
3.0338605e-05
-3.3073928e-05
9.4158688e-06
6.7643836e-05
-7.3630122e-05
1.9755893e-05
0.00012495671
-0.0001352981
3.4565997e-05
0.00020283723
-0.00021764643
5.3677925e-05
0.00029736244
-0.00031647423
7.7598965e-05
0.00040921375
-0.00043313469
0.00010727581
0.00054429894
-0.00057397377
0.00014378332
0.00071083919
-0.00074734675
0.00018798635
0.00091878311
-0.00096298516
0.0011806038
-0.001232037
0.00023941994
5.7646006e-07
2.8380959e-06
7.8404714e-06
1.6665299e-05
2.9586475e-05
4.6498689e-05
6.7892434e-05
9.4685536e-05
0.00012792641
0.0001685298
0.0002168252
3.2307222e-08
5.9224607e-06
1.564056e-07
2.2807491e-05
4.2572369e-07
4.9956764e-05
9.0493325e-07
9.1553392e-05
1.6348619e-06
0.00015035559
2.603768e-06
0.00022377032
3.8371654e-06
0.00030743353
5.4219762e-06
0.00040274165
7.4674256e-06
0.00051484997
1.0099519e-05
0.0006499075
0.00081477243
1.3466272e-05
3.0125519e-08
1.4629739e-07
3.9979994e-07
8.5355317e-07
1.5481338e-06
2.4697881e-06
3.636634e-06
5.1283791e-06
7.0513522e-06
9.5317316e-06
1.2724542e-05
-1.6764504e-08
-3.4140748e-06
3.4308392e-06
-1.0098555e-07
-1.305242e-05
1.3136641e-05
-3.1046217e-07
-2.8448642e-05
2.8658118e-05
-7.2439835e-07
-5.2218188e-05
5.2632124e-05
-1.4377938e-06
-8.7448524e-05
8.8161919e-05
-2.5222237e-06
-0.00013640803
0.00013749246
-4.0109297e-06
-0.00019840212
0.00019989083
-5.9518274e-06
-0.0002709938
0.0002729347
-8.3746895e-06
-0.00035462597
0.00035704884
-1.1222199e-05
-0.00045291809
0.00045576559
-0.00057104798
0.00057388132
-1.4055536e-05
-7.7501668e-08
-3.3365731e-06
-3.5392511e-07
-1.2775997e-05
-9.3592765e-07
-2.786664e-05
-1.9828314e-06
-5.1171285e-05
-3.6864613e-06
-8.5744894e-05
-6.1744315e-06
-0.00013392006
-9.3367505e-06
-0.0001952398
-1.2937384e-05
-0.00026739317
-1.6972247e-05
-0.00035059111
-2.173103e-05
-0.0004481593
-0.00056475603
-2.8022986e-05
-1.1936909e-08
-8.1464731e-08
-2.6112075e-07
-6.235204e-07
-1.2700769e-06
-2.2876556e-06
-3.6186929e-06
-5.0713835e-06
-6.6005529e-06
-8.4157989e-06
-1.0700911e-05
2.935219e-07
6.4393045e-06
1.2018123e-06
2.4999654e-05
2.8690169e-06
5.5049736e-05
5.4075799e-06
0.00010110417
8.7443262e-06
0.00016532307
1.2777972e-05
0.00024342245
1.7548561e-05
0.00033150172
2.3117688e-05
0.00043245886
2.9486815e-05
0.00055223813
3.6467842e-05
0.00069768443
0.00087614363
4.4428872e-05
-1.9093756e-07
6.6302423e-06
-6.7235963e-07
2.5481076e-05
-1.3677952e-06
5.5745172e-05
-2.1361565e-06
0.00010187253
-2.7767985e-06
0.00016596372
-3.2596093e-06
0.00024390526
-3.6440598e-06
0.00033188617
-4.0078262e-06
0.00043282263
-4.5301012e-06
0.0005527604
-5.5146706e-06
0.000698669
0.00087911123
-8.4822741e-06
1.39743e-08
9.4634107e-08
8.2172365e-08
4.4286505e-07
2.5602864e-07
1.1465149e-06
6.2232967e-07
2.5075141e-06
1.3310526e-06
5.0612836e-06
2.6346585e-06
9.7390141e-06
4.9235523e-06
1.8048528e-05
8.6456626e-06
3.1875133e-05
1.3986748e-05
5.1950623e-05
2.0916205e-05
7.6789484e-05
0.00010582263
2.9376633e-05
2.9158089e-08
1.4096844e-07
3.9114825e-07
8.7211867e-07
1.7327087e-06
3.20899e-06
5.6505122e-06
9.4563817e-06
1.4812372e-05
2.1679142e-05
3.035715e-05
5.4296212e-08
-3.5812242e-06
3.5269097e-06
2.5547182e-07
-1.3549137e-05
1.3347947e-05
6.7803335e-07
-2.9208583e-05
2.8785983e-05
1.4158549e-06
-5.2931507e-05
5.2193671e-05
2.573521e-06
-8.7538767e-05
8.6381056e-05
4.2536511e-06
-0.00013584323
0.00013416309
6.5581001e-06
-0.00020018748
0.00019788298
9.6030058e-06
-0.00028261957
0.00027957467
1.3505462e-05
-0.00038547924
0.00038157674
1.8286558e-05
-0.0005112034
0.00050642225
-0.00065998809
0.00065474033
2.3534313e-05
6.4008746e-08
-3.6452148e-06
2.9588669e-07
-1.3781002e-05
7.7415409e-07
-2.9686812e-05
1.593635e-06
-5.3750976e-05
2.8533805e-06
-8.8798459e-05
4.6431965e-06
-0.00013763304
7.0497593e-06
-0.00020259399
1.0175182e-05
-0.00028574502
1.4125474e-05
-0.00038942948
1.8911693e-05
-0.00051598958
-0.00066523474
2.415835e-05
6.0124748e-08
-3.7053333e-06
2.7738564e-07
-1.3998257e-05
7.220988e-07
-3.0131515e-05
1.4753084e-06
-5.4504179e-05
2.6180943e-06
-8.9941231e-05
4.2227507e-06
-0.00013923769
6.3635779e-06
-0.0002047348
9.135245e-06
-0.00028851669
1.2633884e-05
-0.00039292811
1.6848346e-05
-0.00052020404
-0.00066971536
2.1328965e-05
-8.2131769e-09
-3.3889527e-06
-4.1271823e-08
-1.30053e-05
-1.1723077e-07
-2.8439257e-05
-2.6533288e-07
-5.237628e-05
-5.2580159e-07
-8.8010827e-05
-9.1713864e-07
-0.00013780515
-1.3490399e-06
-0.00020187582
-1.6353972e-06
-0.00027952764
-1.6223227e-06
-0.00037241834
-1.2303389e-06
-0.00048479924
-0.00062271053
-4.2570187e-07
8.5850293e-09
-3.3975377e-06
3.6373084e-08
-1.3033088e-05
8.6166462e-08
-2.848905e-05
1.5382567e-07
-5.2443939e-05
2.2183808e-07
-8.8078839e-05
2.7806927e-07
-0.00013786138
3.9218123e-07
-0.00020198994
7.098838e-07
-0.00027984534
1.3376639e-06
-0.00037304612
2.3066596e-06
-0.00048576823
-0.00062401182
3.6079492e-06
2.4009094e-08
1.1127465e-07
2.9030095e-07
5.9143658e-07
1.0351379e-06
1.6253941e-06
2.3801348e-06
3.3422683e-06
4.5421323e-06
5.9850244e-06
7.6518654e-06
-2.5183337e-08
-3.46534e-06
3.4905233e-06
-1.3785441e-07
-1.3326373e-05
1.3439044e-05
-4.0384044e-07
-2.9212462e-05
2.9478448e-05
-9.1302612e-07
-5.3952389e-05
5.4461575e-05
-1.7711479e-06
-9.0863383e-05
9.1721505e-05
-3.0463068e-06
-0.00014212214
0.0001433973
-4.7147031e-06
-0.00020646545
0.00020813385
-6.7079185e-06
-0.00028182254
0.00028381576
-8.9709836e-06
-0.00036992681
0.00037218988
-1.1454174e-05
-0.00047549743
0.00047798062
-0.00060485888
0.0006072635
-1.3858791e-05
-7.4441618e-08
-3.3350931e-07
-8.6573478e-07
-1.7967455e-06
-3.2610942e-06
-5.3092688e-06
-7.7831799e-06
-1.0448876e-05
-1.3234453e-05
-1.6268247e-05
-2.0095465e-05
8.514649e-08
-3.2487991e-06
3.9035715e-07
-1.2498357e-05
1.0256351e-06
-2.7404586e-05
2.1412673e-06
-5.0635681e-05
3.9042101e-06
-8.5395217e-05
6.4131288e-06
-0.00013407456
9.5753905e-06
-0.00019606793
1.3214035e-05
-0.00026923373
1.7340079e-05
-0.00035431147
2.2226691e-05
-0.00045503946
-0.00057662448
2.8581262e-05
2.2154147e-08
1.1478821e-07
3.2762897e-07
7.3387198e-07
1.4293155e-06
2.4793587e-06
3.807189e-06
5.2617695e-06
6.8497092e-06
8.7864654e-06
1.1380695e-05
-3.7906552e-07
6.9693083e-06
-1.5298266e-06
2.6838475e-05
-3.601896e-06
5.8817162e-05
-6.6972428e-06
0.00010754649
-1.0649331e-05
0.00017462897
-1.5062048e-05
0.00025465696
-1.9749815e-05
0.00034438343
-2.4995358e-05
0.0004481919
-3.1525362e-05
0.00057320273
-4.0589293e-05
0.00072769429
0.00092257842
-5.55007e-05
-1.6934078e-07
7.1386497e-06
-8.2136996e-07
2.7490505e-05
-2.1339927e-06
6.0129787e-05
-4.1848925e-06
0.00010959739
-6.9549601e-06
0.00017739904
-1.0523964e-05
0.00025822596
-1.5024133e-05
0.0003488836
-2.0468869e-05
0.00045363664
-2.6759986e-05
0.00057949384
-3.3560474e-05
0.00073449477
0.00092802045
-3.9002499e-05
-7.5936803e-08
-4.0160042e-06
-4.2402325e-07
-1.4730884e-05
-1.2964013e-06
-3.0758855e-05
-3.1160243e-06
-5.3693618e-05
-6.5602326e-06
-8.5115934e-05
-1.2656268e-05
-0.00012625013
-2.2875813e-05
-0.00017752896
-3.9125487e-05
-0.00023824547
-6.3391721e-05
-0.00030676186
-9.6945417e-05
-0.0003818847
-0.00046475932
-0.00013963275
-2.0048776e-07
-3.8154764e-06
-1.0072126e-06
-1.3924125e-05
-2.8434076e-06
-2.8922574e-05
-6.360009e-06
-5.0176982e-05
-1.2516837e-05
-7.8958976e-05
-2.2657584e-05
-0.00011610935
-3.8531955e-05
-0.00016165444
-6.21419e-05
-0.00021463559
-9.5259518e-05
-0.00027364409
-0.0001388686
-0.00033827561
-0.00041040244
-0.00019322546
-3.6243292e-07
-1.7453311e-06
-4.7571351e-06
-1.0282047e-05
-1.9547269e-05
-3.416445e-05
-5.6070855e-05
-8.7243187e-05
-0.00012914694
-0.00018237948
-0.00024741605
-1.813428e-06
1.6218676e-06
-8.2159637e-06
5.7059713e-06
-2.1005339e-05
1.1356523e-05
-4.2131879e-05
1.8681575e-05
-7.3517476e-05
2.7621166e-05
-0.00011682751
3.7904975e-05
-0.00017334898
4.9123321e-05
-0.00024415047
6.0929016e-05
-0.00033057893
7.3281862e-05
-0.00043481238
8.6527014e-05
0.00010111973
-0.00055983358
-3.2418274e-06
4.8636102e-06
-1.435455e-05
1.6818629e-05
-3.5860748e-05
3.286253e-05
-7.0061888e-05
5.2882656e-05
-0.00011869515
7.625414e-05
-0.00018278175
0.00010199158
-0.000262942
0.00012928325
-0.00036015254
0.0001581398
-0.00047654593
0.00018967515
-0.00061579298
0.00022577398
0.00026839685
-0.00078306997
-5.5304325e-06
1.0394073e-05
-2.4004362e-05
3.5292597e-05
-5.8934436e-05
6.7792674e-05
-0.00011314564
0.00010709389
-0.000188288
0.00015139656
-0.00028501835
0.00019872195
-0.00040407347
0.00024833842
-0.00054774286
0.00030180915
-0.00072064958
0.00036258191
-0.0009293677
0.00043449201
0.0005206811
-0.0011816516
-1.363574e-07
-3.0569205e-06
-5.7607605e-07
-1.1722189e-05
-1.4236818e-06
-2.5580913e-05
-2.8225235e-06
-4.6989368e-05
-4.9149154e-06
-7.884519e-05
-7.7754052e-06
-0.00012365188
-1.1318603e-05
-0.00018163564
-1.5374874e-05
-0.00025072608
-1.9942582e-05
-0.0003304238
-2.5345352e-05
-0.0004232994
-0.00053323398
-3.2950036e-05
7.4063089e-08
-3.1309836e-06
2.6957045e-07
-1.1917697e-05
5.6436996e-07
-2.5875713e-05
8.9504161e-07
-4.732004e-05
1.1024106e-06
-7.9052559e-05
9.6879061e-07
-0.00012351826
4.8167574e-07
-0.00018114853
-1.9663688e-08
-0.00025022474
-3.9066542e-07
-0.0003300528
-1.0160515e-06
-0.00042267401
-0.00053209274
-2.1572971e-06
-1.3945685e-08
-3.1170382e-06
-7.5017218e-08
-1.1856625e-05
-2.4604106e-07
-2.570469e-05
-6.536536e-07
-4.6912427e-05
-1.4867598e-06
-7.8219454e-05
-2.932608e-06
-0.00012207242
-5.0091116e-06
-0.00017907202
-7.521035e-06
-0.00024771282
-1.0356296e-05
-0.00032721754
-1.3658001e-05
-0.00041937231
-0.00052768792
-1.8062821e-05
-7.9737201e-08
-3.5957484e-07
-9.1577242e-07
-1.8308448e-06
-3.1864234e-06
-5.0452743e-06
-7.403783e-06
-1.0181074e-05
-1.3375257e-05
-1.7189482e-05
-2.2064911e-05
9.4736733e-08
6.8814663e-06
4.4050517e-07
2.6527184e-05
1.1811872e-06
5.8087653e-05
2.5002584e-06
0.00010604903
4.4677581e-06
0.00017222623
6.8747539e-06
0.00025217576
9.5869082e-06
0.00034244377
1.2745621e-05
0.00044617431
1.668374e-05
0.0005693505
2.1895112e-05
0.00071878132
0.00090205998
2.9276007e-05
1.2738378e-08
6.8687277e-06
1.1369871e-07
2.6426224e-05
4.006474e-07
5.7800704e-05
9.8832253e-07
0.00010546136
1.9391751e-06
0.00017127538
3.2094713e-06
0.00025090546
4.7930438e-06
0.0003408602
6.7479904e-06
0.00044421937
9.1422263e-06
0.00056695627
1.2010272e-05
0.00071591327
0.00089912123
1.4949016e-05
6.2981321e-08
6.8057462e-06
2.4747753e-07
2.6241728e-05
5.5763515e-07
5.7490546e-05
9.6721812e-07
0.00010505177
1.4251341e-06
0.00017081746
2.0167613e-06
0.00025031384
2.8914601e-06
0.0003399855
4.0860311e-06
0.00044302479
5.5279469e-06
0.00056551435
7.0582095e-06
0.00071438301
0.00089754476
8.6346791e-06
8.7291463e-08
4.138996e-07
1.1083345e-06
2.3217314e-06
4.12433e-06
6.3772414e-06
9.00041e-06
1.2118454e-05
1.5990571e-05
2.1018434e-05
2.7926928e-05
-5.8724541e-06
3.395804e-05
-2.8085253e-05
-2.7053107e-05
0.00011463871
-9.3457842e-05
-6.9421992e-05
0.00021790243
-0.00017553282
-0.00013820973
0.00033885926
-0.00027007133
-0.00023742661
0.00047058573
-0.00037136765
-0.00036899888
0.00060707603
-0.00047550373
-0.00053327641
0.00074811435
-0.00058383536
-0.00073203396
0.00090171895
-0.00070296235
-0.00097027058
0.0010788204
-0.00084058262
-0.0012557851
0.0012894014
-0.0010038874
0.0015445904
-0.0011988173
-0.001601556
-1.0270553e-06
-4.8381366e-06
-2.0239953e-06
-1.819835e-05
-8.8075225e-07
-3.8528616e-05
4.4593109e-06
-6.8031452e-05
1.7774713e-05
-0.00010926694
4.478714e-05
-0.00016355427
9.0915432e-05
-0.00022903672
0.00016007827
-0.00030381436
0.00025622534
-0.00038986486
0.00038470567
-0.00049134386
-0.00060999274
0.00053772918
-1.7629695e-06
-3.0751677e-06
-8.0515972e-06
-1.1909722e-05
-2.0194007e-05
-2.6386207e-05
-3.8815845e-05
-4.9409615e-05
-6.3652905e-05
-8.4429886e-05
-9.3558902e-05
-0.00013364827
-0.00012715509
-0.00019544053
-0.0001636316
-0.00026733785
-0.00020270116
-0.00035079529
-0.00024400806
-0.00045003696
-0.00057119127
-0.00028280953
3.5694987e-07
1.5784154e-06
3.8152797e-06
6.9301787e-06
1.0426805e-05
1.3901097e-05
1.8074382e-05
2.3990935e-05
3.1514027e-05
3.9434622e-05
4.486376e-05
2.2633724e-08
-3.5106369e-06
8.073327e-08
-1.3426137e-05
1.5730244e-07
-2.9268024e-05
2.105019e-07
-5.3716196e-05
1.6538309e-07
-8.9892612e-05
-5.1261274e-08
-0.00013999273
-4.1936424e-07
-0.00020325025
-8.4294992e-07
-0.00027742239
-1.2804346e-06
-0.00036303909
-1.7646111e-06
-0.00046353847
-0.00058376129
-2.2158616e-06
-3.7465215e-08
-3.4731718e-06
-1.6166111e-07
-1.3301941e-05
-4.0489862e-07
-2.9024787e-05
-8.1177735e-07
-5.3309317e-05
-1.4357434e-06
-8.9268646e-05
-2.3151014e-06
-0.00013911337
-3.3848367e-06
-0.00020218051
-4.5034244e-06
-0.00027630381
-5.6548777e-06
-0.00036188764
-7.0149863e-06
-0.00046217836
-0.00058161479
-9.1614876e-06
1.3596656e-08
6.6874947e-08
1.9036223e-07
4.3739839e-07
8.879922e-07
1.6140952e-06
2.5555004e-06
3.553386e-06
4.5950622e-06
5.8811833e-06
7.8792813e-06
-3.5520932e-07
-1.7097035e-06
-6.8132471e-07
-6.1369948e-06
-9.9969166e-07
-1.2254195e-05
-2.965557e-06
-2.0088385e-05
-8.8849472e-06
-2.9693648e-05
-2.035895e-05
-4.1195538e-05
-3.6194246e-05
-5.4801432e-05
-5.180636e-05
-7.0227252e-05
-6.2560664e-05
-8.6777541e-05
-6.6536564e-05
-0.00010471798
-0.00012278921
-7.8069507e-05
-7.6602289e-07
-6.5981568e-06
-2.2768237e-05
-5.5174901e-05
-0.00011068709
-0.00019536393
-0.00031050049
-0.00045383573
-0.00062653231
-0.00083389069
-0.0010785935
2.4024051e-07
5.357668e-06
1.1823229e-06
2.1077607e-05
3.2751111e-06
4.7116594e-05
7.0794129e-06
8.8217095e-05
1.2954644e-05
0.00014772716
2.0949758e-05
0.00022398341
3.1339397e-05
0.00031534679
4.4669086e-05
0.00042562106
6.1578117e-05
0.00056238882
8.2654316e-05
0.00073622248
0.00096255559
0.00010821393
1.6334653e-07
8.2158573e-07
2.3115273e-06
5.0674234e-06
9.3960497e-06
1.5386032e-05
2.3302715e-05
3.3600557e-05
4.6755711e-05
6.3085444e-05
8.2324927e-05
7.1195156e-08
-3.3435586e-06
3.4978319e-07
-1.2853357e-05
9.6947596e-07
-2.8156278e-05
2.1206329e-06
-5.1950191e-05
4.0188986e-06
-8.7424714e-05
6.7876836e-06
-0.00013692199
1.0364942e-05
-0.00020006823
1.4596676e-05
-0.00027521176
1.9341175e-05
-0.00036304903
2.4432205e-05
-0.00046687646
-0.00059133029
2.9477345e-05
8.0387753e-08
-3.4239462e-06
4.1473688e-07
-1.3187706e-05
1.1935475e-06
-2.8935089e-05
2.7092655e-06
-5.3465909e-05
5.3402203e-06
-9.0055668e-05
9.3326776e-06
-0.00014091444
1.4390035e-05
-0.00020512558
1.9932639e-05
-0.00028075436
2.5858973e-05
-0.00036897537
3.2703045e-05
-0.00047372053
-0.00059997335
4.1346111e-05
6.6577089e-08
3.1791487e-07
8.6127473e-07
1.8569408e-06
3.5227773e-06
6.0056357e-06
9.0139015e-06
1.2075296e-05
1.5289804e-05
1.9549897e-05
2.6840041e-05
5.9689554e-08
5.5497283e-06
3.0070481e-07
2.1342721e-05
8.5198999e-07
4.6698333e-05
1.886795e-06
8.5584403e-05
3.5293302e-06
0.0001410025
5.6788712e-06
0.00021135471
8.104775e-06
0.00029223754
1.0724421e-05
0.00038390004
1.3628355e-05
0.000490708
1.7028634e-05
0.00061818993
0.00077233957
2.1233435e-05
3.6785969e-08
1.9348642e-07
5.6139296e-07
1.2652177e-06
2.4059874e-06
3.9468826e-06
5.7951707e-06
7.944439e-06
1.0451021e-05
1.3405964e-05
1.6879289e-05
-5.3012617e-08
-3.4159264e-06
-2.5671586e-07
-1.305917e-05
-6.9103873e-07
-2.8455342e-05
-1.4566486e-06
-5.220098e-05
-2.6711505e-06
-8.7350574e-05
-4.4076716e-06
-0.00013618046
-6.568192e-06
-0.00019824864
-8.9285312e-06
-0.0002714363
-1.1455095e-05
-0.0003559557
-1.441986e-05
-0.00045492259
-0.00057295442
-1.8217995e-05
-1.1824535e-08
-3.4041018e-06
-4.04507e-08
-1.3030544e-05
-7.4764975e-08
-2.8421027e-05
-9.2310678e-08
-5.2183434e-05
-6.1893287e-08
-8.7380991e-05
3.3381299e-08
-0.00013627573
1.7597883e-07
-0.00019839123
3.0293554e-07
-0.00027156326
2.9751049e-07
-0.00035595028
-1.7108594e-08
-0.00045460798
-0.00057190575
-1.0657812e-06
2.6737496e-08
1.3283456e-07
3.6992601e-07
8.1861592e-07
1.5995438e-06
2.816273e-06
4.315869e-06
5.6873043e-06
6.7858639e-06
7.9434828e-06
9.919054e-06
5.3715332e-08
-3.9099627e-06
3.8562491e-06
2.4088636e-07
-1.4726425e-05
1.4539256e-05
6.0951272e-07
-3.1599963e-05
3.1231345e-05
1.2039864e-06
-5.6946897e-05
5.6352428e-05
2.0528911e-06
-9.356881e-05
9.2719923e-05
3.1698219e-06
-0.00014422697
0.00014311004
4.5763685e-06
-0.00021129479
0.00020988826
6.3114241e-06
-0.00029693436
0.0002951993
8.3738614e-06
-0.00040340183
0.00040133942
1.055752e-05
-0.00053228429
0.00053010063
-0.00068102956
0.00067945166
1.2135424e-05
4.5973105e-08
-3.9559308e-06
2.0357823e-07
-1.4884025e-05
5.0756669e-07
-3.1903941e-05
9.8366758e-07
-5.7422993e-05
1.6380724e-06
-9.4223206e-05
2.4624116e-06
-0.00014505131
3.4588612e-06
-0.00021229123
4.6420103e-06
-0.00029811751
5.9642606e-06
-0.00040472408
7.1352591e-06
-0.00053345529
-0.00068123121
7.336917e-06
3.8971852e-08
-3.9948934e-06
1.7018566e-07
-1.5015233e-05
4.1789998e-07
-3.2151652e-05
7.9377128e-07
-5.7798863e-05
1.2862783e-06
-9.4715722e-05
1.8671125e-06
-0.00014563214
2.5147918e-06
-0.00021293893
3.2067769e-06
-0.00029880948
3.825442e-06
-0.00040534276
3.9699063e-06
-0.00053359975
-0.00068003635
2.7750353e-06
7.0368949e-07
9.2530844e-06
3.5950363e-06
3.6304522e-05
1.0085883e-05
8.0544385e-05
2.1283516e-05
0.00014698299
3.7006944e-05
0.00023397979
5.7058497e-05
0.00033718785
8.220595e-05
0.00045882086
0.00011385962
0.00060579259
0.00015384118
0.0007867103
0.0002041216
0.001011109
0.0012889052
0.00026521207
8.5366935e-07
4.0841446e-06
1.1002497e-05
2.2687653e-05
3.9024058e-05
5.9738994e-05
8.5426589e-05
0.00011724819
0.00015661276
0.00020473938
0.00026160719
-1.9863335e-07
5.079988e-06
-4.8813331e-06
-7.7528741e-07
1.9887221e-05
-1.9310573e-05
-1.7486045e-06
4.4316515e-05
-4.3343163e-05
-3.0655345e-06
8.2887454e-05
-8.1570545e-05
-4.536045e-06
0.00013911564
-0.00013764509
-6.0294596e-06
0.00021136455
-0.00020987117
-7.4379525e-06
0.00029726366
-0.0002958551
-8.4999349e-06
0.00040049006
-0.00039942814
-8.6808284e-06
0.00052899576
-0.00052881479
-6.7155105e-06
0.00069386599
-0.00069583129
0.00091118246
-0.00091793749
3.9582014e-08
-1.0127278e-07
-4.3467666e-07
-1.0047769e-06
-1.6962272e-06
-2.33145e-06
-2.9585573e-06
-3.6307891e-06
-4.0423471e-06
-3.5050379e-06
-8.6804786e-07
5.8450114e-06
5.3937273e-08
-3.759281e-06
2.4686075e-07
-1.4191188e-05
6.3967535e-07
-3.0524353e-05
1.3032932e-06
-5.5167805e-05
2.3089708e-06
-9.0946941e-05
3.7233227e-06
-0.00014065205
5.6207239e-06
-0.00020663224
8.098913e-06
-0.00029099487
1.1251831e-05
-0.00039608106
1.5052558e-05
-0.0005240048
-0.00067371776
1.9054961e-05
4.5545618e-08
-3.8048183e-06
2.1107038e-07
-1.4356709e-05
5.5068914e-07
-3.0863954e-05
1.1257019e-06
-5.5742814e-05
1.9969225e-06
-9.1818132e-05
3.2209159e-06
-0.00014187604
4.863426e-06
-0.00020827471
7.0092682e-06
-0.00029314072
9.7254825e-06
-0.00039879722
1.2930306e-05
-0.00052720958
-0.00067683857
1.605112e-05
5.1446844e-08
2.3400295e-07
6.0141955e-07
1.2110347e-06
2.11284e-06
3.3468421e-06
4.9604064e-06
7.0189661e-06
9.5611777e-06
1.2452229e-05
1.5065324e-05
-1.1824364e-07
7.4118115e-06
-5.7967888e-07
2.8635354e-05
-1.5829646e-06
6.2827576e-05
-3.3060583e-06
0.00011470866
-5.7641394e-06
0.00018521469
-9.0894117e-06
0.00026811462
-1.3384642e-05
0.00036087454
-1.8422773e-05
0.00046848972
-2.3606531e-05
0.0005982292
-2.7631358e-05
0.0007582128
0.00095779084
-2.7510153e-05
1.0114574e-07
5.039458e-07
1.4332157e-06
3.2039512e-06
5.8838856e-06
8.7179778e-06
1.1189002e-05
1.3599177e-05
1.6832698e-05
2.2353582e-05
3.2564347e-05
4.5423511e-06
2.1064376e-05
1.9666013e-05
8.1378513e-05
4.6394654e-05
0.00017455627
8.4075727e-05
0.00030097726
0.00013183312
0.00045762352
0.00018549713
0.00064747077
0.00023360365
0.00087484208
0.00025930914
0.0011367113
0.00025450281
0.0014219405
0.00022730931
0.0017290572
0.0020754709
0.00018330535
2.6246877e-06
1.1935609e-05
2.9946533e-05
5.8449912e-05
0.0001000632
0.00015668537
0.00022551326
0.00029441012
0.00034520711
0.00037320941
0.00039116457
2.7589715e-08
2.7815907e-07
1.3829811e-07
1.170717e-06
3.9246902e-07
2.7866503e-06
8.8944242e-07
5.6375013e-06
1.7901162e-06
1.0585499e-05
3.3486255e-06
1.9050763e-05
5.9341543e-06
3.3156761e-05
9.95539e-06
5.5062732e-05
1.565215e-05
8.4584445e-05
2.3155078e-05
0.00011941202
0.00015947254
3.2762167e-05
4.7128538e-08
2.3152455e-07
6.4090672e-07
1.4084767e-06
2.7362799e-06
4.9249528e-06
8.3856442e-06
1.3524628e-05
2.0485125e-05
2.9324299e-05
4.0297833e-05
1.0407643e-07
-2.9516162e-06
3.5540107e-07
-1.1024922e-05
6.3705247e-07
-2.3491329e-05
6.856962e-07
-4.2082185e-05
4.1348655e-08
-6.8893182e-05
-1.8786224e-06
-0.00010607607
-5.537854e-06
-0.0001551043
-1.1117087e-05
-0.00021596815
-1.885033e-05
-0.00028748184
-2.9237068e-05
-0.00036932009
-0.000463805
-4.194804e-05
-3.653081e-07
-2.5863081e-06
-1.6686963e-06
-9.7215334e-06
-4.2683029e-06
-2.0891722e-05
-8.5110307e-06
-3.7839457e-05
-1.4681701e-05
-6.2722511e-05
-2.2953593e-05
-9.7804178e-05
-3.3428056e-05
-0.00014462984
-4.6269337e-05
-0.00020312687
-6.1906795e-05
-0.00027184438
-8.0957165e-05
-0.00035026972
-0.00044162273
-0.00010313943
-1.7605263e-07
-2.4102556e-06
-5.730523e-07
-9.3245338e-06
-1.096718e-06
-2.0368057e-05
-1.7177806e-06
-3.7218395e-05
-2.5744183e-06
-6.1865874e-05
-4.2348844e-06
-9.6143712e-05
-7.8119893e-06
-0.00014105273
-1.4422486e-05
-0.00019651637
-2.4128089e-05
-0.00026213878
-3.6523714e-05
-0.0003378741
-0.00042325593
-5.4890514e-05
1.2605665e-06
5.3532096e-06
1.2908776e-05
2.4226467e-05
3.8825663e-05
5.5164618e-05
7.0654428e-05
8.2181856e-05
8.7442707e-05
8.6291808e-05
8.3584318e-05
3.6774011e-08
1.5160182e-07
3.8200473e-07
7.9939032e-07
1.4912363e-06
2.5132579e-06
3.8685815e-06
5.7272248e-06
8.3220462e-06
1.1737229e-05
1.6322425e-05
-1.0087042e-07
-2.980769e-06
-4.4122283e-07
-1.1436812e-05
-1.1108938e-06
-2.499604e-05
-2.2153865e-06
-4.6030593e-05
-3.840333e-06
-7.751587e-05
-6.0201966e-06
-0.00012224343
-8.7787904e-06
-0.00018148883
-1.2184231e-05
-0.00025556661
-1.6244419e-05
-0.00034651244
-2.0708291e-05
-0.00045931379
-0.00060198186
-2.4938302e-05
-6.4654033e-09
-2.9743042e-06
-6.2369488e-08
-1.1380908e-05
-2.3082519e-07
-2.4827585e-05
-6.1542778e-07
-4.5645991e-05
-1.3809713e-06
-7.6750327e-05
-2.7110423e-06
-0.00012091336
-4.6855628e-06
-0.00017951431
-7.2892618e-06
-0.00025296291
-1.064415e-05
-0.00034315755
-1.5196955e-05
-0.00045476099
-0.00059559311
-2.1585691e-05
-1.9712708e-08
-1.1002756e-07
-3.441858e-07
-8.5373145e-07
-1.8367834e-06
-3.4978215e-06
-5.890701e-06
-8.9084279e-06
-1.2509382e-05
-1.692651e-05
-2.3146896e-05
4.7033193e-08
6.475794e-06
2.137444e-07
2.4945093e-05
5.4966966e-07
5.4626486e-05
1.1084519e-06
9.9900674e-05
1.9088585e-06
0.00016302108
2.8440022e-06
0.00024020859
3.8159441e-06
0.00032745143
4.9066304e-06
0.00042722676
6.3554755e-06
0.00054525099
8.5683098e-06
0.00068807185
0.00086300798
1.2216064e-05
1.1484333e-07
5.3716128e-07
1.4277513e-06
2.9763393e-06
5.2666156e-06
8.0771537e-06
1.1176377e-05
1.4637421e-05
1.8776708e-05
2.4116591e-05
3.1526946e-05
-8.5885238e-08
6.6381756e-06
-3.9693744e-07
2.5677022e-05
-1.0302003e-06
5.6443521e-05
-2.0678445e-06
0.00010355197
-3.516802e-06
0.00016903457
-5.3807717e-06
0.00024851542
-7.6750719e-06
0.00033913145
-1.0296067e-05
0.00044501575
-1.2958461e-05
0.00057336841
-1.5099917e-05
0.00073290741
0.00093451498
-1.5692652e-05
-8.178243e-08
-3.6773879e-07
-9.3589098e-07
-1.8481146e-06
-3.1003595e-06
-4.684947e-06
-6.6053294e-06
-8.7791044e-06
-1.0989254e-05
-1.2819904e-05
-1.3608585e-05
-7.4371139e-09
-3.4288021e-06
-2.0709652e-08
-1.3156708e-05
-2.881336e-08
-2.8760409e-05
-1.4610837e-08
-5.2933841e-05
4.9059767e-08
-8.8841367e-05
1.8687009e-07
-0.00013871361
3.9906497e-07
-0.00020171939
6.7619076e-07
-0.00027550641
1.0253711e-06
-0.00036061027
1.4632123e-06
-0.00046052588
-0.00057994395
1.8678116e-06
2.1948291e-08
-3.4507507e-06
9.5517155e-08
-1.3230277e-05
2.4253125e-07
-2.8907423e-05
4.9329686e-07
-5.3184607e-05
8.7787723e-07
-8.9225948e-05
1.409027e-06
-0.00013924476
2.0696079e-06
-0.00020237997
2.8395862e-06
-0.00027627639
3.7376993e-06
-0.00036150839
4.8251458e-06
-0.00046161333
-0.00058142056
6.3017499e-06
9.6634906e-09
4.4442989e-08
1.1095162e-07
2.1010381e-07
3.3745185e-07
4.8768635e-07
6.5264943e-07
8.2416868e-07
1.0245451e-06
1.3208911e-06
1.7711016e-06
6.0540507e-08
-2.2425814e-06
2.8773144e-07
-8.7299761e-06
7.7121947e-07
-1.936628e-05
1.6300158e-06
-3.6305048e-05
3.0041919e-06
-6.2463638e-05
5.0083716e-06
-0.00010086564
7.6532804e-06
-0.00015239636
1.0903051e-05
-0.00021448431
1.4836458e-05
-0.00028595073
1.9636245e-05
-0.00036962952
-0.00047026715
2.5529292e-05
4.4977771e-08
2.1186352e-07
5.655957e-07
1.1944661e-06
2.2052108e-06
3.6895334e-06
5.6533452e-06
8.0448062e-06
1.0928503e-05
1.4506626e-05
1.9102458e-05
-2.3980826e-08
-3.209241e-06
3.2332217e-06
-1.2390285e-07
-1.2250079e-05
1.2350001e-05
-3.6443412e-07
-2.6645152e-05
2.6885683e-05
-8.565504e-07
-4.8793329e-05
4.9285445e-05
-1.7598545e-06
-8.158944e-05
8.2492744e-05
-3.2148217e-06
-0.00012746779
0.00012892276
-5.1565647e-06
-0.00018665958
0.00018860132
-7.2861164e-06
-0.00025741753
0.00025954709
-9.4384331e-06
-0.00033940336
0.00034155568
-1.180209e-05
-0.00043498228
0.00043734594
-0.00054804632
0.00055117408
-1.4929852e-05
-4.3065261e-09
-3.2049344e-06
-3.5226975e-08
-1.2219158e-05
-1.1779776e-07
-2.6562581e-05
-2.8602839e-07
-4.8625098e-05
-5.957639e-07
-8.1279705e-05
-1.1089242e-06
-0.00012695463
-1.7877431e-06
-0.00018598076
-2.4464543e-06
-0.00025675882
-3.0144412e-06
-0.00033883537
-3.7293546e-06
-0.00043426737
-0.00054681301
-4.9626628e-06
-8.3920013e-09
-3.0005026e-09
6.2169917e-08
2.582911e-07
6.8895988e-07
1.4416538e-06
2.4735845e-06
3.5736297e-06
4.5381565e-06
5.3081281e-06
5.5044157e-06
3.0718444e-08
5.5814536e-06
1.5218324e-07
2.1487414e-05
4.2528285e-07
4.7063183e-05
9.3115299e-07
8.6338499e-05
1.7303093e-06
0.00014230738
2.7998153e-06
0.00021313272
4.115228e-06
0.00029432299
5.7283256e-06
0.00038648929
7.7320657e-06
0.00049434601
1.024166e-05
0.00062372646
0.00078105671
1.341132e-05
2.3157248e-08
1.1775755e-07
3.3105368e-07
7.2299584e-07
1.3387737e-06
2.1665119e-06
3.2026902e-06
4.5005807e-06
6.1403632e-06
8.2189534e-06
1.0820701e-05
-4.9816838e-08
5.0271875e-06
-1.7182185e-07
1.970624e-05
-3.7737401e-07
4.3986429e-05
-7.1250029e-07
8.243105e-05
-1.1771976e-06
0.00013861204
-1.5510898e-06
0.00021099057
-1.5176089e-06
0.00029733937
-9.8118156e-07
0.00040139065
-1.7667094e-07
0.00053122042
4.3988318e-08
0.00069853912
0.00092213094
-3.5749889e-06
1.4588824e-07
5.4155772e-07
1.184909e-06
2.0454021e-06
3.0124834e-06
4.1318591e-06
5.6162508e-06
7.5786795e-06
9.9844579e-06
1.2692468e-05
1.6885831e-05
-1.661137e-07
5.6420021e-06
-7.9004537e-07
2.1721923e-05
-2.1140368e-06
4.7580543e-05
-4.4082274e-06
8.7296911e-05
-7.8112581e-06
0.00014382514
-1.2244532e-05
0.00021476898
-1.7711351e-05
0.00029491813
-2.4256349e-05
0.00038540981
-3.1852936e-05
0.0004917367
-4.032217e-05
0.00062029074
0.00077797099
-4.8999383e-05
-6.724961e-08
-2.8813632e-07
-7.0281262e-07
-1.3225518e-06
-2.1047783e-06
-3.1759918e-06
-4.9450455e-06
-7.5222072e-06
-1.062608e-05
-1.3665897e-05
-1.5848748e-05
2.5187142e-08
-2.8487999e-06
1.1921862e-07
-1.0841828e-05
3.1776764e-07
-2.3518096e-05
6.6628591e-07
-4.2962011e-05
1.2170954e-06
-7.1803176e-05
2.0262014e-06
-0.0001128451
3.1654694e-06
-0.00016842723
4.7453857e-06
-0.00024034805
6.9019839e-06
-0.00033077901
9.7204816e-06
-0.00044314331
-0.00058222076
1.3043525e-05
3.3697554e-08
-2.8824982e-06
1.5729531e-07
-1.0965426e-05
4.1632368e-07
-2.3777126e-05
8.7011605e-07
-4.3415803e-05
1.5874623e-06
-7.2520524e-05
2.6401296e-06
-0.00011389777
4.1100039e-06
-0.00016989711
6.1109582e-06
-0.000242349
8.7832041e-06
-0.00033345126
1.2225146e-05
-0.00044658526
-0.00058632526
1.6329647e-05
3.3709714e-08
1.5989588e-07
4.2755431e-07
9.0043683e-07
1.6536786e-06
2.7662118e-06
4.3252285e-06
6.446357e-06
9.2729106e-06
1.2918972e-05
1.727082e-05
6.3017899e-08
6.8789543e-06
2.7444935e-07
2.6589438e-05
7.0234503e-07
5.8372482e-05
1.437856e-06
0.0001068263
2.5043435e-06
0.00017370093
3.7265245e-06
0.00025428863
4.9901769e-06
0.00034555
6.4233612e-06
0.00045129084
8.3388063e-06
0.00057812978
1.1243721e-05
0.00073378946
0.00092733852
1.6176586e-05
-1.6663305e-08
-2.1702657e-08
5.0743289e-08
2.917813e-07
7.7026796e-07
1.4424401e-06
2.2664967e-06
3.2485047e-06
4.3825407e-06
5.5102344e-06
5.6037997e-06
-9.6109602e-08
5.4409788e-06
-5.3448577e-06
-3.9538349e-07
2.109218e-05
-2.0792901e-05
-9.3337515e-07
4.6531189e-05
-4.5993167e-05
-1.7211558e-06
8.605138e-05
-8.5263599e-05
-2.7111771e-06
0.00014287481
-0.00014188474
-3.8108426e-06
0.00021532712
-0.00021422747
-4.9219233e-06
0.00030055167
-0.00029944054
-5.9917492e-06
0.000401252
-0.00040018223
-7.057385e-06
0.00052416013
-0.00052309452
-8.4164688e-06
0.00067846395
-0.00067710487
0.00087711953
-0.0008739504
-1.1585611e-05
-8.9594473e-08
-4.5493954e-07
-1.2805846e-06
-2.8085002e-06
-5.2129342e-06
-8.2731729e-06
-1.1694946e-05
-1.5603822e-05
-2.0580889e-05
-2.7832157e-05
-3.957282e-05
8.2657491e-08
6.5475851e-06
3.5050538e-07
2.5213228e-05
9.3131951e-07
5.5164358e-05
2.0504698e-06
0.00010075338
3.8118817e-06
0.00016420231
5.868835e-06
0.00024184831
7.8678056e-06
0.0003298872
9.883377e-06
0.00043080706
1.2314145e-05
0.00055032963
1.5884634e-05
0.00069509851
0.00087235878
2.2637082e-05
7.6561721e-08
6.471023e-06
3.6237222e-07
2.4927418e-05
9.3573395e-07
5.4590996e-05
1.8492133e-06
9.9839901e-05
3.1088209e-06
0.0001629427
4.6833604e-06
0.00024027377
6.5580483e-06
0.00032801251
8.7410346e-06
0.00042862407
1.1270259e-05
0.00054780041
1.4174797e-05
0.00069219397
0.00086952562
1.700796e-05
-5.7315666e-09
-2.1901143e-08
-4.305824e-08
-6.6773302e-08
-9.5195438e-08
-9.1580785e-09
3.8565785e-07
1.1498994e-06
2.2143503e-06
3.4096557e-06
4.5174743e-06
-1.3883856e-08
-3.1605231e-06
-1.0467989e-07
-1.2114196e-05
-3.6443637e-07
-2.647018e-05
-9.4872296e-07
-4.8739e-05
-2.09683e-06
-8.1995764e-05
-4.0321121e-06
-0.00012890316
-6.7171163e-06
-0.00019020596
-9.9851222e-06
-0.0002657026
-1.4038369e-05
-0.00035723557
-1.9829849e-05
-0.00046949918
-0.00060998834
-2.9328704e-05
-1.7955936e-08
-9.9417848e-08
-3.1090921e-07
-7.7325164e-07
-1.6653584e-06
-3.1459391e-06
-5.1665392e-06
-7.5176779e-06
-1.0131845e-05
-1.3320242e-05
-1.8318872e-05
1.2614439e-07
6.3587468e-07
1.8345631e-06
4.2211035e-06
8.3774044e-06
1.4319736e-05
2.1400122e-05
2.9723878e-05
4.0014012e-05
5.3263767e-05
7.0978653e-05
-1.6710184e-08
-3.2465691e-06
-7.2152181e-08
-1.241253e-05
-1.8194329e-07
-2.7041884e-05
-3.686468e-07
-4.9604284e-05
-6.5811653e-07
-8.306448e-05
-1.0690136e-06
-0.00012982076
-1.5946392e-06
-0.00018983152
-2.2203245e-06
-0.00026107939
-2.967843e-06
-0.00034336726
-3.9167031e-06
-0.000439401
-0.00055334071
-5.3210616e-06
5.4016154e-09
-3.2519708e-06
1.9177098e-08
-1.2426306e-05
3.9440084e-08
-2.7062147e-05
6.3365255e-08
-4.9628209e-05
8.75162e-08
-8.3088631e-05
1.0941406e-07
-0.00012984266
1.078489e-07
-0.00018982995
2.2657159e-08
-0.0002609942
-1.8332761e-07
-0.00034316128
-4.6704792e-07
-0.00043911728
-0.00055314964
-6.5812053e-07
-1.8749008e-08
-9.5054051e-08
-2.7151813e-07
-6.1428212e-07
-1.2101686e-06
-2.1300752e-06
-3.3587053e-06
-4.8058164e-06
-6.4114184e-06
-8.182759e-06
-1.0158318e-05
3.7933016e-08
-4.0328331e-06
1.6385886e-07
-1.5141162e-05
3.9504959e-07
-3.2382867e-05
7.2878627e-07
-5.8132602e-05
1.1302294e-06
-9.5117206e-05
1.539739e-06
-0.00014604164
1.8945376e-06
-0.00021329377
2.1093708e-06
-0.00029902427
1.9573936e-06
-0.00040519077
8.7240345e-07
-0.00053251478
-0.00067704425
-2.1197247e-06
4.0358105e-08
-4.0732339e-06
1.6852724e-07
-1.5269357e-05
3.942578e-07
-3.2608667e-05
7.0248229e-07
-5.8440838e-05
1.0379999e-06
-9.5452775e-05
1.3116723e-06
-0.00014631531
1.4180968e-06
-0.00021340024
1.2030045e-06
-0.00029880917
3.1519592e-07
-0.00040430303
-2.0229208e-06
-0.00053017678
-0.00067214462
-6.9225825e-06
3.2591813e-08
1.3429751e-07
3.0273063e-07
4.9942496e-07
6.3445436e-07
5.6922004e-07
1.27154e-07
-9.6210218e-07
-3.2429727e-06
-7.7885846e-06
-1.6115225e-05
-2.6447822e-08
5.3517266e-06
-1.2243432e-07
2.081257e-05
-3.2731576e-07
4.6045148e-05
-6.9070127e-07
8.5398597e-05
-1.2362643e-06
0.0001421584
-1.9236255e-06
0.00021462252
-2.656666e-06
0.00029996826
-3.2920941e-06
0.00040103579
-3.5947208e-06
0.00052468666
-3.1385752e-06
0.0006801742
0.00088003261
-1.1837859e-06
6.8773087e-09
2.6544225e-08
7.8538825e-08
2.1352615e-07
4.8718501e-07
8.8222143e-07
1.4099545e-06
2.2635003e-06
3.8556477e-06
6.9250328e-06
1.3007259e-05
5.6140036e-08
-3.3996717e-06
2.6257685e-07
-1.2884712e-05
6.9568847e-07
-2.7827139e-05
1.4535046e-06
-5.0543787e-05
2.6459203e-06
-8.3829262e-05
4.3812941e-06
-0.00013050872
6.7672029e-06
-0.00019292724
9.9203346e-06
-0.00027308867
1.3924768e-05
-0.00037335119
1.8661473e-05
-0.00049657556
-0.00064489004
2.3425184e-05
7.2867206e-08
-3.4725498e-06
3.3563951e-07
-1.314749e-05
8.7520881e-07
-2.8366731e-05
1.7960587e-06
-5.1464641e-05
3.2067487e-06
-8.5239979e-05
5.2056381e-06
-0.00013250761
7.8866535e-06
-0.00019560828
1.1356336e-05
-0.00027655834
1.5698904e-05
-0.0003776938
2.0780751e-05
-0.00050165742
-0.00064963659
2.5527286e-05
5.4366231e-08
2.5482659e-07
6.7408664e-07
1.4031178e-06
2.544194e-06
4.1996705e-06
6.4743699e-06
9.490709e-06
1.3373648e-05
1.8138487e-05
2.3242231e-05
2.8374479e-07
-2.4069197e-07
1.3174475e-06
-8.1289629e-07
3.4111584e-06
-1.489823e-06
6.8319534e-06
-2.0409112e-06
1.1628692e-05
-1.9019046e-06
1.7313716e-05
8.1922685e-08
2.2721756e-05
5.622041e-06
2.7013557e-05
1.5917416e-05
3.0799488e-05
3.0778744e-05
3.4922869e-05
4.9413732e-05
7.1880501e-05
3.896604e-05
-1.9503952e-06
-8.9002862e-06
-2.2644304e-05
-4.47736e-05
-7.6369152e-05
-0.00011748277
-0.00016666216
-0.00022097199
-0.00027697079
-0.00033227504
-0.00038318375
6.0791871e-08
-3.6254913e-06
3.0415301e-07
-1.393037e-05
8.6029748e-07
-3.0494576e-05
1.9306791e-06
-5.619436e-05
3.7713458e-06
-9.4322887e-05
6.5355702e-06
-0.00014698894
1.0025973e-05
-0.00021333868
1.3911923e-05
-0.00029198716
1.8197956e-05
-0.0003846095
2.3328013e-05
-0.00049549479
-0.00063025045
3.0151173e-05
3.1117769e-08
-3.656609e-06
1.5162332e-07
-1.4050876e-05
4.1899383e-07
-3.0761947e-05
9.2148146e-07
-5.6696848e-05
1.7751015e-06
-9.5176507e-05
3.0422946e-06
-0.00014825614
4.5674689e-06
-0.00021486386
6.1456668e-06
-0.00029356535
7.8520281e-06
-0.00038631586
1.0126339e-05
-0.0004977691
-0.000633996
1.3871889e-05
-9.8831414e-09
-4.8758913e-08
-1.3700386e-07
-3.0235596e-07
-5.6618932e-07
-9.2996809e-07
-1.4064774e-06
-1.966528e-06
-2.426785e-06
-2.3876675e-06
-1.0824342e-06
4.0375215e-08
5.438998e-06
1.9504916e-07
2.0939655e-05
5.3298355e-07
4.5870545e-05
1.142439e-06
8.4200263e-05
2.0872822e-06
0.00013900738
3.3420059e-06
0.00020876533
4.8734352e-06
0.00028900089
6.7264517e-06
0.00038002519
8.9914183e-06
0.0004863679
1.1782445e-05
0.00061374889
0.00076846433
1.5252965e-05
2.1503885e-08
5.4174942e-06
1.1106153e-07
2.0850098e-05
3.2138619e-07
4.566022e-05
7.2747591e-07
8.3794173e-05
1.3929698e-06
0.00013834189
2.3085258e-06
0.00020784977
3.4607201e-06
0.00028784869
4.9043305e-06
0.00037858158
6.723772e-06
0.00048454846
9.0100214e-06
0.00061146264
0.00076560577
1.1868581e-05
4.5411702e-09
3.2357198e-08
1.0650218e-07
2.5720182e-07
5.1196313e-07
8.7780746e-07
1.3810994e-06
2.0736958e-06
3.0060259e-06
4.2239024e-06
5.6976607e-06
4.3160608e-08
2.1284414e-07
6.1704361e-07
1.4480069e-06
2.9406747e-06
5.1491549e-06
7.8933946e-06
1.1261519e-05
1.5547438e-05
2.1130343e-05
2.8734528e-05
-7.8309655e-06
1.822509e-05
-3.3716862e-05
6.117854e-05
-8.1748955e-05
0.00011582487
-0.00015438186
0.00017972685
-0.00025232322
0.00024933812
-0.00037546366
0.0003218624
-0.00052462817
0.00039750316
-0.00070291852
0.00048009936
-0.00091549036
0.00057515385
-0.0011679586
0.00068696033
0.00081775565
-0.0014650332
-9.8600319e-06
-4.2139266e-05
-0.00010184695
-0.0001921914
-0.00031422052
-0.00046786191
-0.00065419371
-0.00087705694
-0.0011424855
-0.0014594117
-0.0018404747
-4.1012247e-08
7.1796628e-06
-2.0617844e-07
2.7655671e-05
-6.1183639e-07
6.0535446e-05
-1.4182381e-06
0.00011040379
-2.6959593e-06
0.00017867676
-4.4827294e-06
0.00026001273
-6.9051678e-06
0.00035130604
-9.9902378e-06
0.00045672171
-1.3573612e-05
0.00058307722
-1.7220777e-05
0.00073814194
0.00093117625
-2.0376582e-05
5.0732805e-08
2.1778447e-07
5.5353201e-07
1.1324697e-06
1.9561531e-06
2.7305598e-06
3.1896639e-06
3.4391581e-06
3.9411899e-06
5.6101979e-06
1.0349261e-05
-0.80177018
0.19529981
0.60647037
-0.0026501193
-0.05886536
0.061515479
0.207688
-0.15313446
-0.054553543
-11.65117
12.496386
-0.84521594
0.034355569
-0.048842737
0.014487169
0.029500987
0.089193554
-0.11869454
0.040360771
0.0012763502
-0.041637121
0.0093318726
0.01564613
-0.024978003
0.029814323
-0.0063261807
-0.023488142
0.084487865
-0.012401498
-0.072086366
-0.32698875
0.16722612
0.15976263
0.035371618
0.0030959283
-0.038467546
-3.5650985
3.402973
0.16212552
-1.4645349
1.1875244
0.27701058
0.0066552535
0.017292647
-0.0239479
0.051018665
0.029899679
-0.080918344
-0.0018763873
0.037248005
-0.018934991
-0.42067468
0.43960967
-1.110529
1.3173373
-0.20680824
-0.014566965
-0.004143238
0.018710203
-0.027528914
-0.060170737
0.087699652
-2.3689599
-5.5650238
7.9339836
-0.0008398896
-0.01888887
0.01972876
0.065193507
-1.8093924
1.7441989
0.10417725
-0.4297581
0.32558085
0.0610355
-0.071483331
0.010447832
-0.028341329
-0.051897085
0.080238413
-2.7883295
3.7003074
-0.91197792
-0.041625545
0.040488669
0.0011368762
-0.031125272
0.050312518
-0.019187246
-0.2748373
0.20188376
0.07295354
-0.03039288
0.036211756
-0.0058188768
-0.70334732
1.6244406
-0.92109333
0.030706317
-0.030287892
-0.00041842539
-0.029831396
0.029814761
-1.4923507
0.67482417
0.8175265
0.015945302
0.035240752
-0.051186054
0.020542277
-0.028145842
0.0076035654
0.017784834
-0.026093041
0.0083082063
-0.021705914
-0.018131464
0.039837379
0.13692996
0.010668997
-0.14759896
0.064922732
-0.042470503
-0.022452229
0.25900455
0.12573785
-0.3847424
-0.023135167
-0.00076601572
0.023901183
0.02208083
0.016269604
-0.038350434
-0.016699001
0.0074016007
0.0092973999
0.015197655
0.045736314
-0.060933969
-0.03588241
0.00087979187
0.035002618
0.049847074
0.11099381
-0.16084089
0.034189519
-0.0043751961
-8.918081
-0.026614253
0.030698245
-0.0040839918
0.054496072
-0.048242255
-0.0062538168
-0.0036132497
0.025459269
-0.021846019
0.027138953
-0.050534817
0.023395864
0.02400607
0.010132953
-0.034139023
-0.39486462
0.26209085
0.13277377
-0.03019143
-0.014494226
0.044685656
0.11036674
-0.019862825
-0.090503914
-0.65408095
0.76642923
-0.11234828
0.14630578
0.11335015
-0.25965593
-0.0030871432
0.020146627
-0.017059484
0.050449765
0.019729839
-0.070179604
-0.0013470102
0.021452045
-0.020105035
0.034287391
-0.043650161
0.0093627707
0.042493921
-0.046298423
0.0038045018
0.00065134209
0.022268375
-0.022919717
-0.0018217519
-0.032426664
0.034248416
0.096315745
-0.045426898
-0.050888846
0.51538513
-0.33309677
-0.18228836
-0.073940044
1.0400887
-0.96614862
-0.24778375
0.21412197
0.033661781
0.02900927
0.0081229432
-0.037132213
0.029775165
-0.066617366
0.036842201
-0.0040619519
-0.060386065
0.064448017
0.023443435
-0.028245881
0.0048024463
-1.1928413
1.5650973
-0.37225595
-0.020769174
-0.0023659934
1.1824904
-2.2805113
1.0980209
-0.34389898
0.32496399
0.37385769
-0.22755191
-3.0054119
-7.8162122
10.821624
-0.38623497
0.21478878
0.17144619
0.039366015
0.025556717
-0.12656334
0.21249406
-0.085930715
-0.043298476
-0.95974941
1.0030479
-2.397673
2.699963
-0.30228993
-0.01354685
-0.031933262
0.045480112
0.58535707
-2.4967237
1.9113666
0.015641651
-0.023414049
0.0077723983
-0.00015377072
0.01811323
-0.01795946
2.136505
-0.90186332
-1.2346417
0.091765543
-0.22154962
0.12978408
-0.061134808
-0.017157624
0.078292431
-6.5776913e-05
-0.033323479
0.033389256
-2.4117105
2.1766356
0.23507491
-0.050374058
0.078565257
-0.028191199
0.026008777
-0.042005501
0.015996724
0.0084615631
-0.031247318
0.022785755
0.92090329
-1.0312122
0.11030887
-0.00070267692
0.030731655
-0.030028978
0.024103214
-0.18454224
0.04518633
0.13935591
-1.8055876
1.9413249
-0.1357373
6.7022102
-7.7360171
1.0338069
-0.32906775
0.34643248
-0.017364728
-0.022705189
-0.0085421292
-0.066046569
-0.26094218
-0.040774601
-0.064892082
0.10566668
-0.042041165
0.053391096
-0.011349931
0.041096425
-0.027853952
-0.013242472
-0.18338267
-0.042274143
0.22565682
-0.094250756
0.63033667
-0.53608591
0.10482045
-0.094346977
-0.010473475
0.34967007
-3.1379995
-2.3334291
2.3986226
-0.066239453
0.015865395
0.13027168
0.7906316
5.8694408
-5.2576989
-0.61174185
0.037832069
-1.1483611
0.032107807
-0.012344206
-0.019763601
-3.25977
0.021768558
3.2380014
-0.39533331
0.056591316
0.33874199
-0.04212159
0.047428878
-0.0053072878
0.040305684
-0.048474616
0.008168931
0.031457876
-0.0074518063
0.02978986
0.0087969628
-0.038586823
-6.8865568
-3.4032512
10.289808
0.034455342
-0.001981201
-0.032474141
0.022077195
-0.0012486891
-0.020828506
0.01600437
0.010246377
-0.026250747
0.10022814
-0.14100274
-2.4211029
-1.1439956
-0.013175997
-0.031466837
0.044642835
-0.055991111
0.020108701
0.0027527137
0.019897089
-0.022649802
0.014214658
0.013064442
-0.027279099
0.015474049
0.0079128629
-0.023386912
0.24526306
1.6124305
-1.8576936
-0.041753535
0.028206686
-0.73629433
0.53632469
0.19996964
-0.032836143
0.0024432633
-0.037135406
-0.018146797
0.055282203
0.035922761
-0.0047149017
-0.031207859
-0.033504926
0.012744572
0.020760354
-0.005603213
0.022945725
-0.017342512
0.047857295
0.15983071
-0.019184685
0.022185197
-0.0030005116
4.1222936
-4.7575506
0.63525702
0.19515922
0.014090867
-0.20925009
0.030347119
-0.030900731
0.00055361234
0.03993389
-0.013925113
-0.01350834
-0.010909973
0.024418313
-0.019686859
-0.0015591633
0.021246022
-3.0706771
3.7315754
-0.6608983
-0.40093446
-0.33535987
-0.044747063
0.042096944
-0.74112132
0.087040372
-0.02152463
0.02077865
0.00074597995
-11.748991
4.8624346
-0.068853921
0.084051576
-0.032362774
-0.070996033
0.10335881
0.18606319
0.22124031
-0.4073035
-0.99835026
0.19079118
0.80755908
0.26111689
-0.18032798
-0.080788913
0.028018287
-0.055482867
0.02746458
-6.1551293
1.9994766
4.1556527
-0.020637831
0.021932897
-0.0012950667
-0.040037572
0.048648185
-0.0086106135
0.011912735
-0.15911364
0.1472009
0.039453036
0.18227148
-0.22172452
0.028446805
-0.048968059
0.020521254
-0.037666611
0.013364032
0.024302579
0.049640238
-0.024600654
-0.025039584
0.016208977
0.044134857
-0.060343834
0.019730886
0.053279544
-0.073010429
2.8750708
-2.1666241
-0.70844663
0.0027520066
0.016780592
-0.019532599
-0.025848363
0.022235114
-0.034636174
0.012930259
-0.042332151
0.034941857
0.0073902938
-0.033217045
-0.022774067
-0.0082854715
0.023759521
-0.024840248
0.027618679
-0.0027784311
-0.038039862
0.0044157359
0.033624126
0.026437041
-0.014786659
-0.011650382
-0.011039192
0.11747999
-0.1064408
-0.11044085
0.14707725
-0.036636405
0.022045811
-0.0099400238
-0.012105788
-0.13046531
0.058929148
0.071536166
0.027877438
0.0047991519
-0.03267659
0.21991444
-0.021306725
-0.19860772
1.5993523
4.2700884
0.025250223
-0.0060642554
-0.019185968
-0.23176137
0.095860716
0.13590066
0.00081464951
-0.024413319
0.02359867
-0.025959184
-0.15858306
-0.0017302861
-0.019794344
0.74688585
-2.3572992
1.6104134
0.023589259
-0.037676332
0.014087073
-0.014140955
0.01970758
-0.0055666246
-0.04184686
0.041835274
-0.016606233
0.023100351
-0.0064941186
-0.084099821
0.09080556
-0.0067057393
0.043554501
-0.0047990423
-0.038755459
0.14802104
-0.11344899
-0.034572047
-0.11017512
0.043075274
0.067099841
0.1124013
-0.083648562
-0.028752738
0.0065007129
0.021503141
-0.028003854
-0.045808988
0.030230291
0.015578697
2.7818696
-1.1815361
-1.6003335
0.041604277
-0.0012985931
0.117591
-0.15608399
0.038492984
0.19938234
0.18673083
-0.38611317
0.0051361487
-0.024823008
-0.085035202
-0.0017641451
0.086799347
0.0013914687
0.03183579
-0.033227259
-0.027088014
-0.0019376149
0.029025629
0.065843764
-0.19240711
-0.46195554
1.6444459
-0.075850959
0.15727669
-0.081425733
0.034201568
-0.03432274
0.00012117151
-0.027089244
-0.0027421521
0.026297662
-0.020675388
-0.0056222739
0.13484002
-0.08596478
-0.048875243
-0.89514952
3.0151102
-2.1199606
-0.012311069
-0.0043879314
2.5680322
0.21383737
-0.022837567
-0.20327778
0.22611534
0.04180477
-0.0075173791
-0.38521564
-0.15928424
0.54449989
-0.030989245
-0.010699388
0.041688633
-0.066742788
0.045211662
0.021531126
-0.062776844
0.056814454
0.0059623908
-0.026455162
0.010284776
0.016170387
-0.011782684
0.046138253
-0.30973248
-0.07650249
0.013961007
0.0181468
0.21479397
-0.20658885
-0.0082051191
0.011914882
0.0067066557
-0.018621538
1.1694646
-1.068345
-0.10111953
0.017360059
0.1197528
-0.13711286
-0.87116264
-0.12718762
-0.037487476
0.035090751
0.0023967254
0.3654886
-3.6252586
0.022931214
-0.022996991
0.025543096
-0.02265366
-0.0028894362
-0.032889898
0.036718221
-0.0038283231
0.018678297
-0.0067634152
0.018622502
-0.054251659
0.035629157
-1.0440108
1.1386037
-0.094592927
-0.023587056
-0.0027922871
0.026379343
0.15989825
-0.042307249
10.923348
-8.388247
-2.5351009
-4.2727271
-5.9509893
-0.023029826
-0.0018104223
0.015770434
-0.021373647
-0.36112734
0.39160327
-0.030475932
-0.84675407
4.9690477
-0.0022048918
-0.021289494
0.023494386
0.017504344
-0.25080141
0.23329706
0.029826316
0.025388256
-0.055214573
0.022107568
-0.025017543
0.0029099748
0.099679146
0.035160877
0.0044982849
0.023287176
-0.027785461
-0.090273985
0.10557835
-0.015304364
0.0036212786
0.026057062
-0.02967834
0.024988537
0.0002616862
0.017157246
-0.035856186
0.01869894
-0.069732172
0.1873699
-0.11763772
-0.57257149
0.34014498
0.23242651
0.018408591
-0.24618092
0.22777232
-0.013135807
0.028535002
-0.015399195
-0.036046434
0.0035151118
0.032531322
-0.016685535
-0.0027021115
0.019387646
0.074428184
-0.023409519
0.032983345
-0.016978975
0.0031978668
0.025559571
-0.028757438
0.039451646
-0.032864963
-0.006586683
0.16344212
-0.1245285
-0.038913624
7.1984061
-10.203818
-0.12133838
1.7164064
-1.595068
-0.15307517
0.15868974
-0.0056145778
0.032932605
-0.036985518
0.0040529129
0.039864778
0.40729348
-0.44715826
-0.048100843
0.041279839
0.0068210039
-0.031776187
-0.0058904237
-0.021165051
0.021202629
9.685555
-9.2657229
-0.4198321
0.077673452
-0.061464475
-0.61090314
0.34621602
0.26468712
-0.01999614
-0.0027419795
0.022738119
0.063950117
-0.020986014
-0.042964103
-0.24188616
-0.032951141
-0.032884952
0.044438454
-0.011553501
0.033316506
0.0095158003
-0.042832307
-0.13002932
0.060297145
2.3207205
-1.6253146
-0.69540591
-0.16161335
0.4206179
0.14377372
-2.1610663
2.0172926
0.083151751
0.072811332
-0.15596308
0.12409301
0.059663854
-0.18375686
-0.0053899889
-0.02625339
0.031643379
-0.059627238
1.2290918
-1.2655864
1.1688442
0.096742119
0.021955489
0.034971095
-0.056926584
0.5889053
0.082387405
-0.67129271
-0.073246403
0.025842275
0.047404128
-0.022526635
0.0018803626
0.020646272
1.8784221
-1.8423639
-0.036058268
-0.040367578
0.0092423055
0.012517139
-0.026025478
5.2565394
4.7587363
-10.015276
0.079000609
-0.036430551
-0.042570058
-0.31803585
-1.908249
2.2262848
-0.034539963
0.032718211
-0.023506886
-0.0038599239
0.02736681
0.018860554
-0.019014325
-0.026083602
0.0035054755
0.022578127
0.012103073
0.042392998
-0.19504069
0.16459619
0.030444509
0.014694713
-0.014111529
-0.00058318439
-3.8062096
0.73553247
-0.004536534
-0.016518015
0.021054549
0.023069342
-0.019270851
0.019276355
-0.10034536
0.086088007
0.014257354
-0.039109482
-0.011603733
0.050713215
0.088272537
-0.10684593
0.018573391
-0.054026174
0.034660401
0.019365773
0.062223816
-0.00054828106
-0.061675535
-0.030002003
0.013322711
0.016679293
0.078372849
0.069648188
0.18913502
-0.18669092
-0.0024440915
-0.028974936
0.023336678
0.0056382583
-0.571228
0.18601236
0.023877407
-0.00016356779
-0.023713839
0.017648639
0.0079354734
-0.025584113
-0.016659111
0.017357732
-0.00069862132
-1.1886129
0.1446021
0.0026369206
0.028949805
-0.031586726
-0.016305607
0.024017199
-0.0077115916
0.031213217
-0.019590462
-0.011622755
0.018377438
-0.022763901
0.0043864634
-0.027538543
0.031759892
-0.0042213492
0.020797834
-0.026325123
0.0055272886
0.019233477
-0.019224249
-6.2937166
1.8949539
4.3987627
-0.40269585
-0.16987564
0.036126635
-0.04215341
0.006026775
2.2393881
7.0677569
-9.307145
-0.019834667
-0.00080316321
0.017847233
-0.012711084
11.115443
-0.19209508
0.090097843
-0.1659488
0.013971925
0.017241292
-0.085374527
0.090765938
-0.0053914114
0.004906951
-0.021513184
0.026298363
-0.0040823486
-0.022216015
-0.024221556
0.025036206
0.024197036
-0.02990357
0.0057065346
0.047536241
-0.050587422
0.0030511811
-0.016177535
0.016563388
-0.00038585316
-0.19514948
-0.24964851
0.44479799
-0.028675442
0.0080561146
0.020619327
0.06553214
-0.29217381
0.22664167
-0.0043643479
0.043815995
0.037002783
-0.0025004436
-0.034502339
-6.0439181
1.1649108
4.8790072
-0.033795125
-0.018914508
0.052709634
0.12282103
-0.11090829
0.036219986
-0.012630727
-0.084545653
-0.00082887359
-0.91940542
-0.57294525
0.061770189
-0.11443285
0.052662665
-0.0038987685
-0.038222821
0.029446476
-0.023858846
-0.0055876291
0.045207542
-0.75542519
0.71021764
0.019783283
0.00073252452
-0.020515807
2.083685
-2.1241577
0.040472714
-0.052758117
0.012112401
0.040645716
-0.021947863
0.0056422554
0.031056664
0.0088772253
0.00014484562
-0.067333897
0.067189052
0.0014350608
-0.028523074
2.2641384
1.4480725
-3.7122109
-0.056184472
0.014143307
0.020630006
-0.023244609
0.0026146033
0.016703615
0.0053421963
-0.0018341394
0.023617681
-0.021783542
0.041113299
0.0051483008
-0.046261599
0.023716948
0.017379476
-0.057329614
-0.037204582
0.094534196
0.12590198
-0.01553524
0.020425338
-0.0026405038
0.03037364
-0.003843264
-0.026530376
0.011554641
-0.071123144
0.059568503
0.11183639
0.033139608
-0.144976
-0.027149851
0.0081444655
0.019005386
-0.030749684
0.035247969
0.01661611
-0.03461297
0.01799686
0.028978014
0.050022595
0.0084197631
-0.08192582
0.073506057
0.036095603
-0.030469522
-0.0056260813
0.018308603
0.0014746797
0.49237417
-0.39923484
-0.093139327
0.01393241
0.010273881
-0.02420629
-0.014046035
-0.021612111
0.035658146
0.035232299
-0.0054424385
0.010482731
-0.050520303
-0.026028751
-0.39613144
0.42216019
-0.05498012
0.047289995
0.0076901246
0.039102946
-0.0080462806
0.022895203
0.053600747
-0.076495951
0.028239951
-0.023024151
-0.0052158002
-0.28150733
0.34703947
0.041044075
-0.016805699
-0.024238377
-0.03426662
-0.032476168
-0.0057380334
0.058240609
-0.052502576
2.1483337
-0.064648661
-0.0026017741
0.02441555
-0.021813776
0.49616134
-0.55416422
0.05800288
-1.6500606
1.6318309
0.018229716
1.6218272
-1.7431656
-0.0024451241
-0.017398447
0.019843571
-0.027222933
0.021373302
0.0058496311
0.23851714
-0.22101279
0.043397543
-0.051866994
0.0084694509
0.079477489
0.0050103761
-0.079794209
0.081269541
-0.0014753324
-0.032438532
-0.21534522
-0.021862068
-0.013798862
0.035660931
-0.023769256
0.0012426207
-0.062033596
0.086119773
-0.024086177
0.012098644
0.014338397
0.033530107
-0.14397095
-0.007491198
0.021452205
-0.030397124
0.019487151
0.008867859
-0.089740098
0.080872239
0.12077856
-0.097844673
-0.022933886
-0.033100648
0.03593852
-0.0028378727
-0.024356698
0.003669885
0.020686813
0.021289897
0.0007872984
0.0090181407
0.0044884104
-0.013506551
0.033644299
0.00055726883
0.23817816
-0.1032532
-0.13492496
3.2905989
-3.8796532
0.58905428
0.35725254
-0.17118936
0.014291181
0.0066748831
-0.020966064
0.0070837958
-0.0076314606
-0.022277317
0.028932571
0.014381779
-0.016215918
0.014162056
0.00053265714
-0.37549104
-0.42627914
11.343203
-3.4980209
-7.8451823
-0.005314983
0.017456629
-0.012141647
1.0801349
-1.7834822
0.018053571
-0.019675763
0.0016221923
0.085016119
0.078426004
-0.010290172
-0.01685968
3.5192042
-0.22860528
-0.5633477
0.14699708
0.41635062
0.063877355
0.084634378
-0.14851173
-0.25302193
4.7480027
-4.4949808
0.069038409
0.37543525
-0.44447366
0.040803713
-0.02396173
-0.016841984
0.67373174
-1.3065021
0.63277037
-0.072198588
0.1962916
0.057346251
0.085634796
-0.14298105
-0.80468382
-0.30304741
1.1077312
-0.040907433
0.0064047983
0.034502635
-0.039129608
0.042508125
-0.003378517
3.0063181
-2.0128136
-0.99350449
-0.32471882
-0.8681225
0.17754627
0.04236817
0.002716489
0.029635964
-0.032352453
0.037820235
-0.014007075
-0.023813161
0.0063926032
0.01528883
-0.021681433
-0.1226151
0.022269735
-0.077187665
0.14051951
-0.063331844
-0.025313951
0.04105278
-0.015738829
0.033510051
-0.005491764
-0.21457457
-0.18029005
0.016655944
-0.056702355
0.04004641
0.018720846
-0.023053183
0.0043323369
-0.021737221
0.027340119
-0.0056028982
0.0059082748
0.036585646
0.03427931
-0.038424698
0.0041453882
0.036096869
0.0053541864
-0.041451055
-5.5515791
4.0197581
1.5318211
-0.014311123
-0.0046733832
0.018984506
0.055733192
0.081525656
-0.13725885
-8.9028427
-0.9112411
9.8140838
-0.022891741
0.022189064
0.034607479
-0.035980131
0.0013726521
0.0012260332
-0.043696536
-0.031737543
-0.0037819783
0.035519521
-0.027896425
-0.0085762867
0.036472711
0.044570747
-0.046844493
0.002273746
-0.00091706494
0.036839826
0.011668018
-0.041859448
-0.041709559
0.039473558
0.0022360018
-0.29709776
0.42283561
-0.0036883069
-0.035011829
0.038700136
0.00033589496
-0.029076203
0.028740309
0.022706719
0.0011706878
-0.051156919
0.01388635
0.03727057
0.0010528791
0.029653438
-0.095379134
0.03804952
-1.6208163
0.14461031
1.476206
0.086232903
-0.028469955
-0.057762948
-0.023514878
0.017740448
0.0057744298
-0.041184337
0.057129639
0.035759543
-0.0014802327
0.21224434
-0.13375648
-0.098004894
0.16775559
-0.08460384
-0.51803207
0.55213582
-0.034103745
0.56746553
0.24176695
-0.80923249
0.36356214
1.7729429
-0.25693595
0.015049793
-0.53103816
-1.8806723
0.075919223
0.0039908295
-0.079910053
0.060741587
-0.029449036
-0.031292551
-0.16814014
0.75704544
0.020698928
-0.020750888
5.195973e-05
-0.17591273
-3.8508033
10.792425
0.039520207
-0.010226879
-0.029293327
-0.034789756
-0.0026506347
0.037440391
-0.21414812
0.019107425
0.76806603
-0.8081619
0.040095864
0.69530792
-8.4717674
7.7764595
-1.2194662
1.1455261
0.0073543613
0.022992758
0.13612241
-0.021654081
-0.11446833
8.1414114
-7.4461034
-0.018027615
-0.0009870979
0.019014713
-0.030682474
0.030203632
0.00047884221
0.027906427
0.030626667
-0.058533094
-0.0034192083
-0.02538371
0.028802918
-0.033194868
0.0065806151
-0.18466392
-0.62899036
0.81365428
-0.027081401
-0.053146382
-0.01938732
0.0027017856
0.08004186
0.03235944
-0.58400698
-0.88052795
-0.0051826964
0.065575192
-0.060392495
-0.035467757
0.035803652
-0.0024519193
-0.023631683
0.016133995
-0.052503897
0.036369902
-0.031868233
0.07777584
-0.045907607
-0.036307035
0.037040207
-0.00073317175
0.050854083
0.0098875042
-0.011361181
-0.040285853
0.051647034
-1.1869304
1.7722875
-0.0477996
-0.015151214
0.062950814
0.2297036
-0.19006822
-0.039635387
-0.15132786
0.20117493
-0.38867159
-0.0066617212
0.066533495
-1.5053059
1.4387724
-0.020729042
-0.0059102417
0.026639283
-0.010058507
-0.014734967
0.024793474
-0.036198218
0.03540873
0.00078948755
-0.040548968
-0.018221845
0.058770813
-0.004749982
0.021998533
-0.017248551
-0.035192238
-0.0022952381
0.11283501
-0.025920225
-0.086914783
0.044596862
-0.053771419
0.009174557
-0.23686915
0.27784663
-0.040977482
0.028406724
0.02600222
-0.054408944
0.0012209271
0.030952634
-0.032173561
0.028300287
-0.022269792
-0.0060304946
0.80212616
-0.56939295
-0.2327332
-0.012848483
-0.013933645
0.026782128
0.79555268
-0.47171216
-0.32384052
5.1194553
-7.4884151
-0.24371824
0.24884146
-0.0051232189
0.026216652
-0.028421544
0.013473798
0.026097124
-0.039570923
0.01989439
-0.03232948
0.012435089
1.3509771
-8.6719191
7.320942
0.026191876
-0.016277187
-0.0099146886
-0.050621338
0.0060473902
0.044573947
-0.015793534
0.0016525788
-0.25074614
0.26915473
0.15108068
-0.1127162
-0.038364478
0.014357918
-0.0057122632
-0.040079197
0.04579146
-0.023084102
0.021835413
-0.28101948
4.4737867
-4.1927672
0.018020664
0.030873362
-0.030537953
-0.00033540898
0.046597794
-0.003043293
-0.014273162
-0.028108667
0.042381829
0.023290158
-0.022926308
-0.00036384937
-0.028823229
0.026914499
0.0019087296
0.018681603
-0.059230571
-0.062955875
0.024825243
0.038130632
-0.054185152
0.041009155
-0.030030471
0.029508848
0.00052162304
-0.039473668
-1.9479964
1.98747
0.16321118
-0.046308481
-0.1169027
0.021483268
-0.016275092
-0.0052081744
0.030582805
0.010241762
-0.040824567
-0.21378085
0.78358095
-0.56980009
-0.24441888
0.20662827
0.037790605
-0.031533086
0.025079459
0.0064536278
-0.018834124
0.022634165
-0.003800041
-0.12893045
0.70939971
-0.58046925
-0.018743812
0.016298688
0.026735127
0.035103943
-0.06183907
-0.31926407
0.51864641
-0.028947793
0.029599135
-0.066547832
0.12547439
-0.05892656
0.30083609
3.4307393
0.0014773346
-0.03000837
0.028531035
0.000325373
0.021157894
0.0037392833
-0.022923968
0.38643215
-0.12275614
-0.26367601
-0.14960518
-1.4712112
-4.2871404
-1.8679888
-0.033237981
0.040713024
-0.0074750432
-0.020438339
-0.025370649
-0.048777589
0.014982463
-0.078131371
0.025392731
0.05273864
-0.016874246
0.040161422
0.0010263772
0.021039211
-0.022065589
-0.038519502
0.0037297458
0.019537202
-0.0052460207
-0.060163969
-0.11342846
0.17359243
-2.9346784
2.6816565
-0.022661525
0.35815356
-0.33549203
-0.025095673
-0.012444001
0.037539673
-7.5382744e-05
0.020713876
-0.020638493
0.016424171
-0.049856341
0.03343217
-0.029555206
0.034069392
-0.0045141861
-0.0026368246
0.025926982
0.0028624415
-0.034599984
0.030236424
0.00046182097
0.031752945
0.012048756
-0.043801701
0.019349082
0.0020920918
-0.021441174
-0.45757592
0.52661433
-0.091521526
0.046250809
0.045270717
-0.075489936
-0.034685179
-1.9844136
1.4731747
0.5112389
2.1510179
-1.9057549
-0.02147348
-0.0068550978
0.028328577
-0.029384597
0.003988518
0.025396079
3.1464028
0.09798332
-3.2443861
-0.059287267
2.3234256
-0.011870356
0.12030972
-0.10843936
0.0010145282
-0.030569734
0.0056710869
-0.01998221
-0.026439506
0.023862931
0.002576575
-0.016848744
-0.038131376
-0.0023278296
0.00069891548
0.034089517
-0.034788432
-0.047177401
-0.049396356
0.096573757
0.036383747
0.015383535
-0.051767282
-0.362785
0.29811115
0.06467385
0.0032604891
0.021024471
-0.02428496
0.0047405665
-0.02462318
0.019882613
0.017344669
-0.0173182
-0.19581205
-1.6097755
-1.0801545
1.0368561
-0.026658299
0.02929522
0.033453719
0.0075903568
-0.0052080049
-0.02829692
0.044393217
-0.10642681
2.2685734
-5.18781
2.9192367
0.0011575882
0.024224626
-0.025382214
-0.25076097
0.45294073
-0.20217976
0.032403763
-0.022332863
-0.0100709
0.030936616
-0.028184609
-0.014266143
-0.069962062
0.084228205
-0.0055955874
0.034604858
-0.034018087
0.02088228
-0.076096513
0.14183648
-0.065739965
0.045681691
0.4868564
-0.53253809
-0.045778916
0.06243486
0.018611241
0.013792522
-0.024740451
0.0030032299
-1.6986142
2.6168908
-0.91827661
-8.2014089
10.440797
-0.006053014
0.053589255
-0.0034301392
-0.02514672
0.02857686
0.0093941603
0.064451402
-0.073845562
0.23780935
-0.40091872
0.16310937
-0.065041528
0.08366403
0.04438855
0.013364928
-0.057753478
0.07202347
-0.066994888
-0.0050285817
-0.0067165982
-0.022667999
-0.39144272
5.6199785
-5.2285357
0.0573782
-0.022717799
2.7083774
3.3882022
-6.0965796
0.064124003
-0.032971828
-0.031152175
-0.11628373
0.20258061
-0.086296882
-0.0052855999
-0.020013132
0.025298732
0.0014112622
-0.36419626
-0.0038458927
-0.015424958
0.0025365438
-0.019631422
0.017094878
-0.0056131852
-0.0020491264
0.0076623115
0.041394934
-0.040003465
0.15134082
-0.0034228224
-0.0092215443
0.012644367
0.007003543
-0.033965034
0.026961491
-0.47734711
-0.13355604
0.020651625
0.0014559436
0.037659509
-1.4081816
1.3687079
-0.018615276
-0.029485567
-0.022733705
-0.028423214
0.0036328302
0.030822512
0.045333924
-0.012278835
-0.033055089
-0.033872988
0.0033879494
0.030485039
0.02449764
0.080322812
0.23915834
-0.22510973
-0.01404861
-0.06459215
-0.026929376
0.025783624
0.016021146
-0.025055082
0.040144936
-0.015089855
-0.19295091
0.2182349
-0.02528399
0.00047153964
0.052057488
-0.083925721
0.46254518
-6.7562617
0.019789739
-0.043086721
0.023296982
0.88039919
1.9946716
0.014646785
-0.031452484
0.14526975
-0.056997216
-0.097683057
0.086643865
0.0066967983
0.019601565
-0.0073603495
-0.034971801
-0.12857623
0.1078437
0.020732534
-0.014993712
-0.047783132
-0.11662156
0.22992485
-0.11330329
-0.10471658
0.059220832
-0.0017012084
-0.057519623
-0.0014395258
0.027369282
-0.025929756
-0.40914223
0.091117869
0.31802436
0.047436923
-0.02029797
-0.14824893
0.18662088
-0.038371954
-0.031723245
0.044386633
-0.012663387
-0.042024375
-0.010733742
-0.0086897047
-0.021312299
3.9365215
7.4066816
-1.1195797
-0.53048092
0.00037934382
-0.032102589
0.0042566176
-0.078231625
0.073975008
0.031091086
0.007590161
-0.038681247
-0.0032722033
0.016469137
-0.013196934
-0.23950844
0.16284017
0.076668269
-0.087484679
0.026349871
0.0066030568
0.016497294
0.013231358
0.012960518
-0.0028101065
0.01540664
-0.012596534
0.063034334
-0.00081051771
-0.73013474
0.12110076
0.60903398
0.058438487
0.092642192
0.5846956
-0.086311276
-0.49838432
1.7579692
-2.0946822
0.336713
-2.5426417
3.3807475
-0.83810586
-0.029108601
0.028930603
0.00017799766
0.036725877
-0.0023630291
-0.034362848
-0.020630032
0.024543182
-0.0039131503
0.067331076
-0.045375588
0.014042585
-0.043286192
0.029243607
1.1987846
-0.37086935
-0.82791528
-0.0028674388
-0.020467881
0.02333532
-0.09488916
-0.12823448
-0.23289286
-0.0055287767
0.026419336
-0.02089056
0.0014072311
-0.032156915
0.025735834
-0.032727636
0.0069918012
0.0067862784
0.18837294
0.032352691
-0.003905886
0.060365451
0.12345576
-0.18382121
0.14169184
0.10012455
-0.24181639
4.3678611
-2.177945
-2.189916
0.032947846
-0.031902864
-0.0010449826
0.070385702
-0.030802365
-0.039583337
-0.031453391
-0.002309955
0.033763346
-0.032190961
-0.0039006346
0.036091595
0.031112638
-0.021780765
0.046659319
-0.014823529
0.058282667
0.05455234
-0.0071811989
0.024829838
0.017000085
-0.0036716486
-0.013328437
0.4135203
-0.54245076
4.2868814
-2.2571985
-2.0296829
-0.031394847
0.032093762
0.0016924069
-0.079823778
0.0271185
-0.019254509
-0.0078639904
0.023514561
-0.026116335
-0.038271345
-0.055615258
0.093886603
0.12113464
-0.060099141
-0.3059281
0.055167128
0.064211774
-0.00026165688
0.020675669
0.0020711528
-0.022746822
0.023589441
-0.026676584
0.014227183
-0.02250173
0.0082745466
0.12561945
0.082281259
-0.20790071
0.10104712
-0.039276935
0.0046129328
0.0353335
-0.039946433
-0.0060346845
0.015052825
-0.0094732419
-0.04204908
0.051522322
-0.039878281
0.035626763
0.0042515184
-0.030772915
0.017824355
0.01294856
0.022371649
0.021355837
0.015095509
-0.036451346
0.037257036
-0.00025425267
-0.018429227
0.038323617
-0.0017047289
0.028048986
-0.02373863
-0.0043103564
0.043860539
-0.003499768
-0.019798987
0.021773463
-0.0019744759
-0.81491978
0.030436105
0.78448368
-0.023785384
0.040896912
-0.017111528
-1.4291683
1.3117777
0.11739061
0.035037618
-0.047449198
0.01241158
-0.038975024
0.011078599
-0.025378586
0.029474001
-0.0040954144
-0.012034799
0.015673814
-0.0036390147
0.030942579
-0.0095867422
0.045164771
-0.00059402394
1.0290209
0.10927727
-1.1382982
0.056304244
0.084215265
0.015686722
-0.019823969
0.0041372469
-0.13682469
0.021433501
0.11539119
-0.10052833
0.0417529
-0.045237129
0.0034842291
0.027537368
-0.019401999
0.023829361
-0.0044273625
-0.017243723
-0.013153401
-0.011445608
-0.030179937
-0.021576461
0.0017774742
0.056287139
-0.024799624
-0.031487515
-0.076917664
-0.051658567
-0.15610045
0.2489742
-0.092873756
0.041712564
0.095217394
0.062841645
-0.033015328
0.014935974
0.042762335
0.014615864
-0.024677817
0.068005617
-0.0433278
0.021190422
-0.027129507
0.0059390849
-0.10162652
0.58274919
-0.48112267
-2.3576854
2.5014591
-0.025027298
0.022172759
0.0028545388
-0.020264174
0.005697209
0.090014603
-0.12828595
-0.022217589
-0.0028097082
-0.017048451
-0.0091439401
0.026192391
6.545458
-3.19881
-3.346648
-0.0018867858
-0.064862486
0.066749272
-0.67500117
-0.13991861
-0.038057105
0.044557818
0.24671702
-0.20726399
-0.15411276
-0.22635387
0.38046663
0.0015388378
-0.026917424
-0.12566873
0.093305958
0.023615064
-0.042459951
0.018844887
-2.4935882
1.4256416
1.0679466
-0.0046760181
-0.022546915
-4.8704991
-2.2706679
7.141167
0.48944588
-0.38833669
-0.10110919
-0.026710008
0.022173474
-1.2918191
0.3355876
0.95623154
-0.037695639
-0.012839178
-0.0050121488
0.029960777
-0.024948628
0.003167264
-0.023896305
-0.048118247
0.046231461
0.020594793
0.0050930683
-0.025687862
-4.9111485
0.43016799
4.4809806
-0.101463
0.13443194
-0.03296894
0.0131396
-0.026023125
0.012883525
0.0071174189
-0.026371928
-0.12747857
-0.013944592
0.01510218
0.014790435
-0.25850868
-0.48391159
1.1416509
-0.65773927
-0.64999076
-0.15985918
0.80984994
0.15171533
-0.016413974
-0.13530135
-0.0069918751
0.014075671
0.035395623
2.4776395
-2.5130351
-0.026075156
0.0025682701
0.0050973981
0.016916149
-0.022013547
-0.032004376
0.020643195
0.0082574529
-0.026083453
0.017826
0.036388458
0.015133411
-0.051521869
1.1154721
-0.8006625
-0.31480962
-0.037053231
0.0010067967
-1.8452445
2.5921303
0.0067175205
-0.043852926
-0.016853489
-0.013919426
-2.5131734
2.2321539
0.66984222
-0.62416053
0.025550065
-0.025542506
-3.6460426
-1.6800693
5.3261118
-0.00067894178
-0.022908115
-0.017261493
-0.007033084
0.024294577
5.0318069
-0.77109204
-4.2607148
0.3552472
-0.11651458
-0.23873262
0.065083491
-0.0092657533
-0.055817738
0.023054831
-0.012117981
-0.01093685
-0.021582087
0.0021800877
-0.0021288263
0.040405507
-0.043650229
0.003244722
0.35786646
-0.095775613
0.02548651
-0.017112809
-0.0083737011
0.024459433
-0.02257907
0.042790865
-0.026366693
0.0057687775
0.035368882
-0.04113766
-0.0010405099
-0.029156961
0.030197471
-0.021772946
0.025937672
-0.0041647259
0.01793265
-0.14120336
0.12327071
-0.036301995
-0.0017378664
0.14370473
-0.16128217
0.017577439
-5.9791189
-0.72369261
6.7028115
-0.071959709
0.050973695
-0.30446109
0.39622663
-0.026430466
0.033902943
-0.0074724776
-0.023560639
0.018780539
0.0047801006
0.022164258
-0.0028151761
-1.6208515
0.050602078
-0.0041079268
-0.046494151
-0.016820065
0.0068800415
0.011323351
-0.051369822
0.040046471
-0.047226398
0.021230554
0.025995844
-4.7442068
1.0981642
0.034009724
7.9792858e-05
0.028129416
-0.033347369
0.0052179538
-0.13595326
0.15331332
-0.051975241
-0.0089425739
0.060917815
0.026010882
-0.0038003903
-0.022210492
-0.064184507
0.023764486
0.040420021
0.013141554
0.0064863708
-0.019627925
-0.020754758
0.023507472
0.59158479
0.2039679
0.034248822
-0.030627543
0.036415008
-0.098035325
0.061620317
-2.0468148
-3.5047643
0.58922435
-0.54645832
-0.042766033
0.011455417
-0.063430658
-0.024627833
-0.022598564
-0.38886386
0.74970821
-0.36084435
-0.020981951
-0.0010588136
0.022040764
0.07821689
-0.066893539
0.012591682
0.045275558
-0.05786724
-0.026203482
-0.057896339
-0.033806239
0.00092128692
0.7426377
-0.17517216
-0.16656367
-0.48503053
0.6515942
0.009140266
0.01898915
-0.50410226
3.7256609
-3.2215586
-0.0028864549
0.12366501
0.10210827
-0.062171139
-0.039937133
-0.48469192
-0.78089444
-0.52073404
0.56594159
-0.041503617
0.039311518
0.0021920991
0.0034034633
-0.039355402
0.035951938
7.0603561
-0.35814588
-0.018159758
0.0019822232
0.018850153
-0.024172984
0.005322831
0.036958024
-0.015407103
-0.021550922
-0.04454466
0.046021995
0.022175858
0.014782165
0.015307508
-0.095870041
0.080562534
-0.0069941115
0.0013809263
0.048449441
-0.0038525792
0.084779767
0.0035611258
-0.088340892
-0.027517112
0.016509792
0.01100732
-0.019501039
8.5951594e-05
0.019415088
-0.061676975
-0.1416008
-0.032802899
-0.022679967
-0.053981129
0.049683441
0.0042976884
-2.5407595
0.84214531
-0.0293188
0.059093965
-0.025212193
0.02521764
0.043640067
-0.025724293
-0.017915775
0.10243523
-0.17354109
0.071105854
-0.0061337979
-0.011720747
0.017854545
-0.022578474
-0.0021619764
-0.0038091236
0.044838274
-0.04102915
-0.023612151
-0.0050632904
0.70524583
1.1731763
0.0026971183
0.021605204
-0.024302322
-5.7823075
-0.26161054
-0.01762449
0.017659824
0.039932805
-0.0038061695
-0.023769617
-0.0053389842
8.7980213
-3.2231198
-5.5749015
0.022054977
0.00065174126
-0.0822466
-0.15726183
0.64576164
0.46971047
2.8073107
-3.2137972
0.40648655
0.0077250282
0.028671878
-0.036396906
0.016745082
-0.0025536565
-0.014191425
0.048005237
-0.041728563
-0.0062766737
0.040724338
0.011332522
-0.05205686
0.36605411
-2.9086958
0.051955085
-0.024463664
-0.027491421
0.098058697
0.0075196517
-0.037023965
0.037196543
-0.00017257796
1.1215312
-0.013654774
0.018225815
-0.0045710412
0.18015349
-0.068317097
-0.0070476294
-0.023673481
0.03072111
-0.010386619
0.015756936
-0.0053703178
2.2144218
-2.5324577
-1.041626
-2.5478714
3.5894974
0.063382642
-0.012932877
0.025195521
-0.10660967
0.081414151
0.03334865
-0.00040080356
3.3273457
-1.2271677
-2.100178
-0.08558592
0.21120537
0.00090907633
0.017493
-0.0043514465
0.031076583
-0.0085806666
-0.022495916
-4.5891224
4.1976796
-0.0097758694
-0.018495876
0.031859909
0.027156025
0.0024400001
-0.029596025
-0.005319771
-0.038484809
0.04380458
-0.049438572
0.068804345
0.0019210015
-0.028324767
0.026403765
0.067371377
-0.092049193
0.010225762
-0.00041871527
-0.0098070465
0.017693901
-0.024190497
0.0064965957
0.052305686
0.072802368
-0.12510805
0.014251267
-0.021924099
0.0076728318
0.33800944
-1.7173186
1.3793092
-0.074932367
0.040989745
0.033942622
0.032784678
0.012549246
0.080381872
-0.15647839
0.057271827
-0.064766666
0.0074948384
-0.11139867
0.09661079
0.014787879
-0.006915737
0.11243119
-0.10551546
-0.46247789
-1.2541547
1.7166325
0.019997794
-0.0057465269
2.1449233
-2.1879544
0.0430311
-0.0023449311
0.037621635
-0.035276704
-0.29707785
-0.068817078
0.36589493
-0.016236912
-0.004027262
-0.023290531
0.001072942
0.18126826
-0.32732257
0.14605431
-0.026029127
0.029954756
-0.0039256291
-0.05077794
0.026992556
2.968272
0.17813076
-0.0014383245
-0.021852207
-0.076382401
0.10222468
-0.020640746
0.020565363
-0.019700106
-0.090120805
0.10982091
0.021831112
-0.0034536739
-0.15617348
0.096009509
-0.16259791
0.074813558
0.087784351
-0.025833769
0.0025512081
0.023282561
-4.2525122
3.3573626
-0.031111795
0.029672269
-0.018011931
0.020548475
-0.11928192
-0.017542769
-0.036441303
0.027498729
0.019548896
0.0057265586
-0.025275455
-0.52255774
-0.7692614
1.867011
1.4603347
-0.066190703
0.089085906
-9.8692199
10.487251
0.050657833
0.074816559
-0.018002376
-0.070980307
0.088982683
0.01197463
-0.015397453
0.027261836
-0.007183446
-0.02007839
-0.05807974
0.020384101
0.00876955
0.012520347
-0.034053734
0.04805012
-0.013996386
0.019174801
0.070355177
-0.089529978
0.028117113
0.010985833
0.034511476
9.6003069e-05
1.8077237
-0.82257416
-0.78440533
1.6069795
-0.0015974069
-0.028433064
-0.05069923
-0.021129586
-0.0053099198
0.043546054
-0.096419157
0.052873103
0.41665883
0.075715342
-0.41761056
-0.65073449
0.027663213
-0.0084251376
-0.019238075
0.024035127
-0.18314876
0.020134942
0.0019200354
0.028741618
0.0089702552
-0.037711873
0.023202077
-0.029086269
0.0058841913
1.9233145
-2.6005715
0.67725694
-0.012346619
-0.011168259
0.012039969
-0.0046383681
-0.031614009
0.026814967
-0.002082909
-0.016751215
1.8061331
-0.83975399
-0.96637909
-0.046090661
0.29488929
-0.24879863
-0.043832304
-0.0049452851
4.4972964
-5.3971965
0.89990012
-0.089972423
0.010178214
-11.977403
2.1081828
0.018007561
-0.043321512
0.025189109
0.03109803
0.038163465
-0.0070723793
-0.0056633097
0.029939266
-0.024275956
-0.0313254
-0.0025475879
-0.043929703
0.014647129
0.029282575
0.017554509
-0.00080942682
-0.090530514
0.083614777
-0.0092874045
-0.023602493
0.026786547
0.023525971
-0.0080045144
0.036121627
0.014967981
-0.014956771
-1.1209887e-05
0.02061554
0.12308919
0.011124112
0.025087645
0.063428844
-0.066802434
0.0033735892
0.015021336
-5.3354265e-05
0.031666294
0.078295005
-0.071454176
-0.0068408295
-1.3772905
0.45788511
0.033833325
-0.032294487
0.053323581
-0.021580755
-0.031742825
0.039679643
0.034941574
-0.074621217
-0.38822596
0.18305015
0.2051758
0.32358083
-0.085771477
-0.071003291
0.057381017
0.013622274
0.1096075
-0.10144969
-0.0081578041
-0.021224206
0.025919595
-0.0046953889
-0.20513161
0.60231758
-0.39718597
-0.030074669
2.8373854
-0.10866918
0.077823294
0.03084589
0.15435791
0.034777105
-0.099771637
0.11954561
-0.01977397
0.029323201
-0.013543946
-0.015779255
-0.0068040486
-0.017552649
0.058281304
-0.042147308
-0.0052306758
0.0323867
-0.022350947
0.011964329
-0.016029181
0.060417731
-0.018741322
0.01934239
-0.00060106842
-0.025867144
-0.082978463
0.10884561
0.0088957552
0.04949458
0.020891121
-0.021418263
0.0051813507
0.22457814
-0.086782836
-0.13779531
0.01308831
-0.025256021
0.01216771
0.001488209
-0.02877711
0.027288901
0.0024339509
-0.028463078
-0.029897243
0.0023587003
0.021490801
0.0078068878
-0.029297688
-0.0034732503
-0.082028793
0.085502043
0.17569011
-0.16159925
0.057126552
0.021406899
-0.078533451
-0.0080603172
-0.0031182629
0.01117858
-0.012207147
-0.013530669
0.025737816
0.0023977229
0.038830753
0.011771325
5.9989041
-4.6479271
-0.54074065
0.43911413
-0.27329776
-0.1149282
0.059330511
0.026902392
-0.076790368
0.076935214
-0.649229
0.45407952
0.83895619
1.3376794
0.00047140053
-0.030759292
0.0073117779
0.018231318
-0.24068886
0.013327517
0.034421741
-0.047749257
0.041933029
-0.037320096
0.21903704
-0.2651277
0.29648208
0.089950071
-0.0046306292
0.028074064
-0.017226227
-0.024141024
0.041367251
0.022857272
-0.020229803
-0.0026274695
0.00045178488
0.024007648
-0.17646765
0.15516093
0.017280366
0.047162847
-0.064443213
-0.11562634
0.19600821
0.0093562088
0.055727282
0.01704172
-0.020948095
0.0039063752
-0.0046971676
0.024594256
-0.035633288
0.0013105479
-0.51626487
0.59958757
-0.083322704
-0.067077751
-0.17734113
0.087648707
-0.05162491
-0.036023797
-0.040315427
-1.4434669e-05
0.040329861
0.015188762
0.014134439
0.11972699
-0.13023432
0.01050733
0.62783528
1.1782978
-0.07752822
-0.033870449
-0.013615336
0.0074815383
0.022455405
-0.039681633
0.058329907
0.08890069
0.12589328
-0.17343888
0.069973644
0.10346524
-0.061449049
-0.047220134
0.09319953
0.034884532
-0.039151117
0.004266586
0.16074877
-0.091866637
-0.068882134
-0.0036649231
0.038549454
0.014606811
-0.29435074
0.27974393
-0.027554542
-0.043448749
0.57941137
1.1785578
0.034442538
0.0150113
-0.049453837
-0.12987287
0.14342131
-0.013548441
-5.5142304
5.9680212
-0.45379089
0.9514496
-0.90040345
-0.051046158
0.037255504
-0.22063818
0.03647211
-0.039891318
-0.08985835
0.10026653
-0.010408177
0.0063419854
-0.043481422
0.037139437
-0.0026332036
0.063421536
-0.046980157
-0.016441379
-0.0021839146
-0.029371754
0.031555669
-0.03329148
0.031310279
0.017644886
0.0054099452
-0.03258377
-0.039375939
0.0010251705
-0.022940356
0.021915185
-2.02541
-3.2322889
-0.028070435
0.027853795
0.00021663995
-2.5626424
0.75496778
1.8076746
-0.076787443
-0.020342501
0.097129944
0.0028259866
0.039564965
-0.042390949
1.5180769
-1.1800675
-0.41591184
-0.14743586
0.015335532
-0.059167835
-0.094489577
0.10335744
0.03557697
-0.0048453152
-0.022670006
-0.00035981989
0.53473376
-1.3394176
7.8399092
-5.1315317
0.029708173
-0.007417196
-0.022290977
0.0043982783
0.022583538
-0.026981817
0.0052053222
0.031593757
-0.036799079
-0.066019606
-0.12751547
0.19353507
4.1147677
-3.7147536
-0.40001405
-0.0772297
0.018106107
0.059123593
-0.018442714
0.053480332
0.046788884
-0.10472881
0.057939925
8.360005
-10.549605
2.1895999
0.093552924
-0.084158764
0.0058246359
-0.024977118
0.019152482
3.2008351
-3.1654395
-0.014209051
0.019167776
-0.0049587246
0.015374664
0.024028641
-0.039403304
-0.023868056
0.0066065635
0.019676308
0.0047609834
-0.024437292
0.022232797
-0.036031659
-0.0039394913
0.03181693
0.012432628
0.0072749524
0.018661248
0.033293837
0.043333233
-0.028353746
-0.014979486
0.0074438792
0.040825444
-0.048269323
0.035020678
-0.039385026
0.00880813
0.018855083
0.022991715
-0.0023617092
-0.022894091
0.00022549778
0.022668593
-0.054912228
0.057834252
-0.0029220246
0.041791418
-0.042831928
-0.45779637
0.72813801
-0.27034164
-0.12857338
2.6966056
-0.021110572
0.01451206
0.0065985128
-0.00038901209
0.1131399
-0.11275089
9.7253557
1.0978556
-10.823211
-0.042127633
0.0088896525
0.02529805
-0.025154855
-0.0001431946
0.036331018
-0.034207658
-0.0021233603
-0.06049967
-0.0024562045
0.05390507
0.19526017
-0.24916524
0.010670431
-0.024112756
0.013442325
0.022829128
0.035411482
-0.022395493
0.023766661
-0.0013711685
0.026461832
-0.018853776
-0.007608056
1.2468346
-0.21781367
0.01441586
-0.033334392
0.018918532
-6.702211
1.1371872
-0.0052459871
0.062372539
-0.047722601
0.033456458
0.16530096
-0.080284842
3.5016712
0.56480861
-0.52494383
-0.026158657
-0.04877371
-0.003109474
0.036042079
-0.34125099
0.52637445
-0.18512346
0.42691433
-0.37032301
-0.033272677
0.030994062
0.0022786143
-5.8115242
-4.2372729
10.048797
-0.045422459
-0.012657281
-0.0029224028
-0.020161699
-0.31853953
0.15509306
0.16344648
0.024558724
0.053468575
-0.078027299
-0.020236969
-0.0058535454
0.026090514
-0.0046916441
0.03800815
-0.030769118
0.026988981
0.0037801371
0.016511357
0.021308878
0.0046934012
-0.099182978
-0.0047828358
0.0077345387
-0.0029517022
-0.022586776
0.00019128309
-0.0014976072
-0.027196243
0.02869385
0.036821709
-0.14756946
-0.0086040231
0.039537912
-0.0077849673
0.012987344
-0.033797994
0.02081065
0.048803814
-0.035330016
-0.093154034
0.0067686436
0.086385391
0.4027982
0.093363139
-0.0062821658
-0.021770782
0.028052948
0.01729863
-0.02188387
0.0045852395
0.0012783716
-0.017222729
0.015944358
-0.032249817
0.00085497069
-0.035085543
-0.0088441605
0.017379307
0.024554958
-0.041934265
0.45338818
-0.4760497
-1.5194552
-0.97726849
-0.04430223
0.041548272
0.0027539583
-0.080563996
0.013455749
0.067108248
0.047637119
-0.031021009
0.0055024835
-0.025498623
-0.038576263
-0.051282087
0.020105988
-0.027597186
0.63253071
-0.48553362
-0.014917312
0.049359849
-0.51339431
0.024574286
0.48882002
0.017496698
0.00055687292
-0.012988342
-0.027327085
-0.03545873
0.033113799
0.018995917
-0.018958676
-0.009815187
0.027194494
-1.3684598
-7.5343829
1.3516826
2.9351988
0.049027343
-0.2419341
0.19290676
-0.0054869229
0.033689936
-0.0079541013
-0.014663656
0.04076078
0.099482487
0.13869568
0.070203322
-0.057808401
-0.012394922
-0.023392203
0.00072219748
-0.87082858
-0.3105629
1.1813915
5.2626856
-0.76538914
0.038253408
-0.020078969
-0.01817444
-10.217024
5.9442973
0.0029037198
-0.060708673
0.057804953
0.017253213
0.011047074
0.084393775
-0.064663936
-0.10395587
-0.015326058
-0.14517183
0.038313566
0.10685826
-0.019059291
-0.0074351668
0.026494458
0.024491444
-0.006296172
-0.018195272
0.038311505
-0.037090578
0.029827652
-0.029908711
8.105876e-05
-0.030063031
-0.0062688568
0.036331888
-0.077513992
-0.11882514
0.19633914
-0.37702126
-0.011315431
-0.042789361
0.01133597
-0.030699443
0.032106675
0.020935154
-0.016912962
-0.0040221916
-0.025640661
0.00042846852
-0.028891926
-0.1162799
-0.057484706
0.054011456
0.032538331
0.0024823481
0.10589943
-0.1023383
-1.6980551
-0.79553309
-4.435833
-0.47531551
0.014594452
0.029451067
-0.029272683
0.053312745
0.24247121
-0.29578396
0.029520813
0.011282901
0.053417429
-0.025511002
0.039180826
0.083322766
-0.12250359
-0.01034923
-0.013994607
0.024343837
-0.026028522
-0.25115378
-0.10976928
0.36092306
0.012365217
-0.017893994
0.021802198
0.022584435
0.021909125
-0.023372947
0.0014638222
-0.0012424639
0.033663673
-0.032421209
-0.016540872
0.0028860978
-0.094910149
0.12509296
-0.030182812
0.043039226
-0.45218145
-0.024944567
0.020205266
0.0047393016
0.32670767
0.14415897
-0.47086664
0.0030263067
-0.029724805
0.026698498
-0.00046845131
0.032851119
-0.032382667
0.14102749
-1.0614677
0.92044022
-0.0015211318
-0.024271523
0.02271236
-0.62955272
0.11221485
-0.062334867
-0.049879983
-0.0010043394
0.021546616
0.011376754
0.038263484
0.034366617
0.0019644008
6.7367408
-7.5156304
0.77888958
0.023920563
-0.0099881535
-0.15696774
0.20215407
-0.025621081
0.0065617895
0.00067064069
-0.044972871
0.0079708627
0.01849097
-0.031905703
-0.006186766
0.038092469
-0.17682676
0.06266117
0.11416559
0.020779977
-0.023200749
0.0024207728
-0.0047952343
-0.037051625
-0.026628932
-0.0014415032
0.031805137
0.010030137
-0.030924741
-0.0023479362
0.017353928
0.094860922
0.056345084
-0.019961337
0.046432465
-0.043029001
-0.8955812
0.24559044
0.31038425
-0.78843374
0.47804949
0.86568152
-1.3281594
-0.079682103
-0.0053530997
-13.196405
7.2326591
5.9637464
-0.0026717421
0.046218306
-0.043546564
0.01657086
0.002654144
-0.019225004
-0.013594029
0.04172446
-0.028130431
0.018226156
0.006265288
0.019274016
-0.044329098
-0.021903128
0.00092117726
0.0022628244
-0.038569859
0.013846175
0.012451487
-0.60792764
0.23050048
0.37742716
0.016837545
-0.027226559
0.010389014
-0.034945179
0.00033220917
0.17250987
-0.15457722
-0.0238787
-0.0072679775
0.031146677
0.024569439
-0.008923309
-0.02505563
-0.031506044
0.026116055
0.084742111
-0.20102584
0.10902158
-0.08382606
0.029259684
0.069226411
-0.098486095
-1.2734137
3.541987
0.0096111157
0.043086911
-0.052698027
0.023389991
-0.0025921563
0.56420764
-0.46975437
-0.09445327
-0.019681704
0.00079283359
-0.005825744
-0.015284828
-0.12339877
0.080247486
0.04315128
0.056820083
0.045288189
-0.024052146
0.013993639
-0.092121089
0.12138077
-0.0071359289
-0.021109952
-0.020409873
-0.0015379895
-0.025416267
0.024935907
0.00048036038
-0.0058150239
0.50315403
-0.497339
-0.015379741
-0.012766101
0.016402706
-0.043806625
0.027403918
0.044044666
1.3401684
0.24280142
-1.5829698
-0.046391045
0.02825958
0.04055993
0.038005327
0.019956604
0.0033048711
-0.023261475
-0.1259876
0.080937745
0.045049851
-0.13783996
0.038935177
0.098904785
0.32328707
-0.27567603
-0.047611045
0.026965298
-0.010127753
0.095965875
0.13373773
0.15221734
-0.056356622
0.20061976
-2.5558108
2.3551911
-0.011571167
0.024710766
0.021139461
-0.026425061
0.025911054
0.005720944
0.034767725
-0.082611491
0.034811892
0.11851718
0.017605226
-0.015815714
0.046398519
-0.090739216
0.064872072
0.013294225
0.019182412
-0.032476637
0.026466813
-0.013722242
0.35141386
0.16397127
-0.032026275
0.034003118
-0.0019768428
0.24176463
-0.19779794
-0.043966693
0.041622775
-0.024712273
-0.016910502
0.024269832
0.082125104
-0.10639494
0.019945309
-0.0010951562
0.11799623
-0.077466853
-0.040529378
0.020099624
-0.021086722
-7.9464301
-5.2499754
-0.026623004
-0.019546817
0.046169821
0.017156151
-0.0021348153
0.036626474
0.080853513
-0.018944758
0.01480152
-0.114972
0.17884935
0.013609294
-0.0033835317
0.15603029
-0.31014306
-0.01266474
0.02337005
-0.010705309
-0.01270831
0.021852576
-0.0091442659
0.032502631
-0.037822402
0.016342756
0.011897195
0.063530381
-0.014667498
-0.048862883
0.022160018
-0.0009695959
-0.77475729
-0.10785995
0.88261724
0.028743949
0.026991432
-0.05573538
0.020505912
0.017747496
-0.017571333
0.0032388501
0.014332483
-0.0010300662
-0.024507083
0.025537149
0.097932336
-0.044341917
-0.053590419
0.030225723
-0.037273352
-0.015595503
0.021483316
-0.0027624708
-0.022750299
0.00097735301
0.0011610443
0.099067097
0.00031158863
-0.00039898137
-0.020241765
-0.044170921
-0.036393075
0.0067992477
-0.021008299
0.15676641
0.7946832
0.049441559
-0.043099573
-0.26181717
1.341952
0.067380781
-0.16548274
0.098101954
0.046737394
-0.029580148
0.022113607
-0.023460617
-0.80186649
-0.58271409
1.3845806
0.062445014
0.10371219
-0.1661572
0.00054925628
-0.25714597
-0.47527745
0.1781996
-0.038328631
-0.012292706
0.0062655885
0.035487311
-0.045847281
0.047964339
-0.0021170603
0.0034430999
0.060680903
0.052378612
-0.072078718
-0.099045098
0.047343762
0.051701337
-0.023230667
0.03148812
0.0081053615
-0.039410846
0.031305485
-0.0080837451
-0.19061278
0.19869653
0.83969398
0.12092302
-0.12131203
-0.014154638
-0.017378449
2.2207215
-1.4016793
-0.81904216
-0.2408554
-1.1883129
0.096588214
0.021408017
-0.37696621
0.075562593
0.30140362
-0.026703112
0.011935592
0.01476752
0.12853694
-0.071452907
-0.057084028
0.042209167
-0.032068838
-0.010140329
-0.015019326
0.009704343
-5.8490498
4.8750388
0.97401105
0.023486429
-0.0027725533
-0.045559339
0.013653636
-0.016582948
-0.036469525
0.053052472
0.014565318
0.0025908331
-0.044625057
0.030579022
-0.045503521
0.0037358118
0.041767709
0.012609129
-0.0093718016
-0.0032373277
-0.17625072
-0.13784963
0.31410035
-0.022542585
0.026988745
-0.0044461602
0.019252483
0.0014464446
-0.050538029
-0.010718916
0.032521114
-0.065227776
0.00063562591
-1.5956571
0.87988594
0.71577115
0.0049079259
-0.032946733
0.028038807
0.09657935
0.064169421
0.0095295422
0.014631375
0.0067260886
-0.021357463
0.59712159
-0.032913952
-0.15395791
0.16762142
-0.013663506
-0.0029908164
0.020032536
-0.68549302
-0.019948827
-0.00046104583
0.039056382
-0.022786778
-0.0080573209
-0.011618443
0.29967886
0.046881609
-0.08401667
0.03713506
0.1757319
-0.11838565
0.020310105
0.010589384
0.0083825601
-0.018971944
-0.2202588
0.064158357
-0.015828453
-0.010874659
0.70536422
-0.79961498
0.10857969
-0.017813755
0.52243748
1.0426598
0.22104146
-0.67883784
0.64567567
-1.8272118
-0.096226918
0.27749517
0.75262024
0.015445796
0.044379705
-0.048441657
-0.018475685
0.033664492
-0.015188807
0.030064797
0.00023547288
-0.03030027
0.057143676
-0.052887058
0.033951915
-0.03222553
-0.0017263855
0.0017543462
0.017479131
-0.026658635
0.00082486648
-0.50781466
0.14863471
0.0030806198
-0.16705517
0.35010533
-0.019831837
-0.0024379547
-0.005396834
0.029011898
-0.029068194
-0.14298444
0.17205264
-0.2407941
0.12417254
-0.040463117
0.03896551
-0.016369446
0.012939307
-0.0049192922
-0.016245759
0.034084119
-0.00013220374
0.006429328
0.014773301
-0.0032503341
-0.02834417
0.031594504
0.3282237
-0.35425245
0.026186795
0.5585088
0.08093317
-0.069378529
-0.010403793
-0.050748484
0.061152277
0.15935412
-0.41058192
0.2512278
0.0079140321
-0.033009705
0.002207139
0.020650133
-0.06533585
0.036865895
-0.031346902
0.030878451
-0.0056751346
-0.084426341
0.016688183
0.067738158
-0.15507349
0.18753905
-0.032465555
-0.053017456
0.038744294
1.7878354
3.2439715
0.19193352
0.032644621
0.04298745
-0.060989827
-0.0012223982
0.031596038
0.061316728
-0.041526989
0.000864984
-0.039994592
-0.022403932
-0.0022883865
0.024692319
-0.014290599
-0.028226627
0.042517226
0.035743613
-0.040229056
0.0044854429
0.018878339
0.0051425268
-0.024020866
0.82713951
5.7502038
-6.5773433
-0.0016800151
-0.09978298
0.035601517
0.062330819
0.039299045
-0.034900766
-0.012094586
-0.014156066
0.026250652
0.10201753
-0.29512121
0.19310368
0.77342571
-2.7862393
0.15795192
-0.16398493
0.0060330062
6.287541
-0.28863693
0.0014770859
-0.0302173
0.028740214
0.031376928
-0.34110941
0.00095531762
0.029918044
-0.00383874
-0.46584652
0.46968526
0.012682644
-0.010559231
-0.0021234127
-0.017194893
-0.020032265
0.037227159
-0.087872593
7.5535313
-7.4656587
1.7056067
-6.3428452
4.6372385
0.020759887
-0.0030659855
-0.024607585
0.022428777
0.0021788085
0.029494808
-0.0057182282
-0.023776579
0.01179603
-0.013878939
-0.0011997271
0.017770587
-0.029627845
0.042615189
-0.017249248
0.0051312673
0.030195539
0.00088104332
-0.071496977
-0.058968337
-0.025244911
0.05609925
-0.03085434
1.8325407
-0.8676977
-0.96484299
-0.02407488
0.02159498
0.0024798998
-0.072855905
0.067673208
-0.025873342
-0.00039169669
0.026265038
-0.086670253
0.075488339
0.011181914
0.037712891
0.015390384
-0.033866069
0.0024188602
0.021170581
-0.07504689
0.0063464959
0.068700394
-0.014700953
-0.034267106
0.078283257
-0.49895794
-0.01985069
-0.021215249
0.041065939
0.0055888166
-0.044944218
0.019693459
0.010121301
-0.013102178
-0.023883341
-0.0050668234
0.026206284
-5.685481
0.8149819
-0.027439902
0.0075937929
0.019846109
0.055727025
-0.14105091
0.085323881
-0.026638551
0.1158321
0.013915996
-0.024474339
0.010558342
0.34439554
0.010851656
-0.046775028
-0.14869901
0.1140572
0.03464181
-0.016968847
0.0067741188
0.010194729
0.017201443
0.00014322612
-0.14201552
0.0041755566
0.029237938
0.099298998
-1.2770888
-4.7020301
-0.0093777688
-0.0075910787
0.023907675
-0.030153301
0.0062456254
0.018309174
0.023899993
0.0027883887
0.019679235
-0.022467624
-0.53623364
0.022839337
-0.044930768
0.064661654
0.076360174
0.068909578
0.036979322
-0.11959038
0.082611056
-0.04027658
0.0092873347
-0.017881949
-0.0019527186
-0.006822118
0.028312919
-0.025306018
-0.03812678
0.044035055
-0.035542496
0.038423548
-0.0028810524
-0.22154427
0.072675567
0.1488687
-0.0032388605
0.010873478
-0.0076346181
0.017095917
0.00020271317
-3.7701964
3.0930797
0.67711674
-0.021831444
-0.0022434355
-0.024866612
0.02487231
0.070349261
-0.1530254
0.082676136
-0.021944844
-0.00094924749
0.24634081
-0.039712536
0.00050996131
-0.023534112
0.11580068
-0.18514687
0.069346191
-0.06011121
0.049284561
0.010826649
0.092831087
-0.049755813
-0.0040023186
0.019245872
-0.015243554
0.012462628
0.028096347
-0.040558975
-0.026430533
0.018005396
0.0015359553
0.060768009
0.12750837
-0.37866215
-0.0094238195
-0.083375421
0.092799241
0.17075363
-0.22344129
0.052687662
-0.00056875332
0.020117649
0.068046456
-0.032927261
-0.035119196
0.02180302
-0.038651764
0.26275872
-8.6510057
0.037708216
-0.03311339
-0.0045948255
-0.01519414
0.041679691
-0.02648555
0.07420856
0.32242341
-0.39663197
-0.0050854861
0.0066342167
-0.0015487306
0.030571446
0.004074741
-0.034646187
0.013302031
0.0076331233
-0.034793645
0.03248369
0.0022302191
-0.037772715
0.035722375
-0.030231374
-0.0054910007
0.11173906
0.047984134
-0.15972319
8.6256881
-8.3629294
0.097475831
0.06782513
0.048915794
0.049399722
-0.098315516
-0.023654839
-0.0061304531
0.029785292
0.015127143
-0.11489878
-0.027338172
-0.018221167
-8.6424582
0.44104937
0.027320248
-0.024293942
-0.026279467
0.0042884915
0.021990976
-0.038175037
0.059581935
0.15711258
-0.10137939
-0.035422744
0.029140578
0.03970973
-0.021607184
-0.018102546
0.0092061857
0.015827737
-0.025033923
0.049932343
0.12776503
-0.17769737
0.044637984
-0.059771208
0.015133224
1.6541704
-4.0201335
2.365963
-0.40735696
0.43309561
-0.025738648
0.05093464
-0.045165862
0.052852184
0.25789699
-0.31074918
-0.037431615
-0.0017195041
-0.0072004225
0.021831797
-0.02782321
-7.085792
7.4326457
-0.34685365
-11.194086
5.2430972
0.3081689
0.11874543
0.037631616
-0.0041778975
0.020035157
-0.17510865
0.021203019
0.018506711
0.12776171
-0.0080347204
0.044821864
-0.091999265
0.30374572
-0.28913891
0.057731053
-0.068092722
0.010361668
0.056747198
0.015276271
9.5641618
-1.1715298
-8.392632
8.9048294
-0.5448244
-0.01471307
-0.0019460402
0.012629631
0.031010436
-0.02982932
0.045203983
-0.0042075353
-0.052494819
0.097029363
-0.072470639
-0.013245797
-0.019086799
0.032332596
-0.046700942
-0.017483565
-3.0368787
-0.0020226692
3.0389014
-0.0045681788
-0.024784577
0.029352756
0.020616801
-0.079482161
0.21618968
-0.1437941
-0.072395578
0.026970603
-0.024273485
-0.39427615
0.39043741
-0.35727105
-2.0000282
-0.037774993
-0.0042493827
-0.014798417
-0.029565903
0.044364319
0.18037045
-0.1313431
0.059236876
-0.04778146
-0.023647167
0.0012432344
-1.0653335
1.206361
0.0011845313
-0.20777338
0.020126685
0.0020375732
0.064514641
-0.051922959
-0.0010881645
0.044841155
-0.04375299
0.090540537
-0.18940704
0.098866504
-0.00030052717
0.026311409
2.5759435
-0.35522201
0.039455267
-0.008327328
-0.031127939
-0.044627083
0.027272938
0.017354145
7.4922729
-1.9872236
-5.5050493
-0.0029035897
0.022579898
0.0060193215
-0.030660541
0.02464122
-0.00027785717
0.021057834
0.032338181
-0.067034576
0.034696395
0.0086531961
0.040194384
-0.04884758
0.01784429
-0.10971093
-2.9241216
2.215675
-1.8095569
0.026074751
0.025856796
-0.019837475
-7.3649594
-1.3069597
0.052468164
-0.040419408
-0.048154151
0.026013913
0.022140238
0.017721924
-0.041395404
0.043041607
0.159539
-0.033135389
0.0011434987
0.03199189
0.025405344
0.045450583
-0.070855927
1.126383
0.042461255
0.017113013
0.008373497
0.015509504
-0.01628905
0.00077954531
-0.02562832
-0.015592577
-0.022757857
-0.095942768
0.11125028
0.025569869
0.0093030588
-0.034872928
-0.027064467
0.021997644
-0.030712582
-0.00021215873
-0.49023558
-0.063928643
-0.03343701
0.04554941
0.067378413
-0.038971689
0.035379955
-0.032370719
-0.0030092361
-0.033774961
0.007344495
1.3645907
8.3209644
4.3619162
-5.3896097
1.0276935
-0.23081678
0.22273304
-0.0047777398
-0.23378535
0.33580289
0.0096139903
0.026481613
0.015698936
0.019276327
0.011361548
-0.030637875
0.017265631
0.032482799
-0.031558221
-0.00092457765
-0.053672877
0.029531852
-0.10530264
-0.019773653
0.023288765
3.9310076
0.43685343
0.017187782
0.013854643
-0.031042425
-0.085493256
0.021098045
0.064395211
-0.055354547
0.059345376
0.023429417
0.0038324183
-0.00051491923
0.016024423
-0.0099637989
0.0019034817
-0.033166124
3.1728337
7.9426093
0.0041726625
0.037445499
-0.023029638
-0.049460761
1.301567
-0.023591262
-0.024562889
-0.024012027
0.019262045
-0.010869608
0.019110129
-0.0082405209
0.016178353
-0.019450556
0.061280081
-0.0020592496
0.018502455
-0.0028157322
-0.01901029
-0.0049944768
0.024004767
-0.1840925
1.5242609
-0.026216051
-0.15061071
0.67909762
-0.42658677
-0.25251085
2.1561482
-0.23283368
0.029459268
-0.054704179
0.36386993
-0.26761185
-0.096258078
-0.026505316
0.027982402
-0.28438826
0.10406028
0.069686752
-0.051005149
-0.0011557752
-0.024580952
0.031939485
5.4198189
-7.9549198
0.038755049
-0.019495741
-0.019259308
0.023515814
0.00068122157
-0.073038428
0.10945344
-0.061474804
0.17727548
-0.1050797
0.14426052
0.019074001
-0.020549131
0.0014751301
-0.022683862
0.012334633
0.28746076
-0.26506518
-0.022395579
-0.040766746
0.025968329
0.24750781
0.075779261
0.0065174284
0.006091701
-1.3236656
0.19976809
-0.13710692
0.0048117042
0.052460123
0.025652871
-0.020737791
0.0036893404
0.11816154
-0.11346813
-0.013844921
-0.02894444
-0.055614798
-0.0097210522
0.037646846
-0.028676591
-1.6799922
-0.60051903
3.1896271
-0.32357321
-2.8660539
0.027902163
-0.036468955
0.0085667913
0.0014533387
-0.040301276
0.013678272
-0.016982519
8.9007699e-05
0.016893511
0.07588768
-0.1286949
0.052807221
0.055870937
-0.040859637
-0.0083707052
-0.024371979
0.032742684
0.023548462
-0.021341322
-5.7380691
2.2884125
3.4496566
-0.020620442
-0.0029154298
0.023535872
0.0036024724
0.081058865
-0.084661338
-1.7249153
0.51676513
1.2081502
-1.8611857
-1.9450238
-0.061169317
0.051696075
0.027916065
-0.00049391767
-0.027422147
9.9572236
-2.8894667
0.04796579
-0.037724029
-0.81429676
5.1762129
-0.048995024
0.040958344
0.0080366803
0.13151259
1.3858149
-0.37007584
-1.015739
0.035973195
-0.028969652
0.00064784481
3.4420058
0.032399012
-0.050620858
-0.011674985
-0.040389211
0.052064195
-0.62384183
-0.13158335
0.10227416
-0.031605652
-0.070668507
0.046089795
0.021956661
-0.00025748197
0.035954408
-0.035696926
0.24210309
-0.15982183
0.022676129
-0.021649751
0.025216186
0.010194803
-0.03541099
0.12134024
0.27026303
-0.1749807
0.25235503
-0.077374339
0.0046961942
-0.048375258
0.043679063
0.033326773
-0.0077672019
-0.021396697
0.029249361
-0.0078526642
-0.010518372
0.0027618899
0.025154175
0.039324864
-0.03807218
-0.0012526836
0.023832759
0.01035676
-0.010918396
0.03214895
0.032776423
-0.030855422
-4.0461313
-1.6919379
-0.019012827
0.016145388
7.1570828
-0.42034196
-0.037345589
0.031158823
0.034037656
-0.0018155966
-0.032222059
0.025811162
-0.0068611805
-0.018949982
-0.20677343
0.12584889
0.080924542
-0.050526083
-0.026703616
-0.16846021
0.14878952
0.019670687
-0.066676761
-0.030076881
0.096753641
-0.026871583
-0.16607933
-0.0058883003
0.021077063
-0.029262184
-0.0014503975
-0.031691898
-0.046539727
-0.017228276
0.023954364
0.066728943
0.011566062
-0.020483556
0.00053472857
0.020281864
0.0015445611
-0.021826425
0.012528692
0.017958736
-0.030487429
0.023965201
-0.010049205
-0.19971533
0.051466403
-0.0056939623
-0.079799294
-0.10621357
0.029426126
0.019255065
-0.017976693
-0.23463535
0.17003933
0.064596022
-1.4712627
1.2094455
-0.0033714573
-0.022501884
-5.7131574
4.0330881
-0.42932164
-0.0630052
0.49232684
0.012646489
-0.024262938
0.01161645
-0.043114869
0.019884202
-0.026482298
0.0047933636
0.069181644
4.4702429
-0.35547526
-0.0076405245
-0.022011197
0.029651721
0.043592908
-0.030173695
-0.013419214
0.036173634
-0.036174818
0.0014807373
-0.0068403904
0.072415582
7.1927684
-7.280641
-0.003763622
-0.069757867
0.073521489
2.7471943
-2.4475155
-0.081646696
0.081098415
-0.067711401
0.13806066
-0.018708982
-0.033999858
0.0024828166
0.03151704
-0.11850566
0.043270612
0.075235049
-0.020902763
0.067784373
0.063818424
-0.033865073
-0.029953351
8.6989913
0.099030031
-0.46981404
0.2420317
0.22778234
-0.044769858
0.076464535
-0.0020363514
0.00093919115
0.016060894
-0.070575161
0.0087257843
0.061849376
-0.019946426
0.015867432
0.0040789935
0.00052927496
0.016927355
-0.93119603
-0.0099196287
0.023007939
-0.035764464
0.033092722
0.056589712
-0.030587491
-0.0022846379
-2.5941482
1.1924688
-0.26585222
-0.14150474
0.058648491
-0.040773785
-0.017874706
0.29881637
-0.035895767
0.049223284
9.240868
-7.2107951
-2.0300729
-0.033382129
0.035373932
-0.0019918038
0.051622869
-0.036239334
0.016281447
0.037042134
0.033390208
-0.02092758
0.0091534055
0.016784266
-0.038845907
0.04405123
0.024618689
-0.019251236
-0.0053674532
0.013625579
-0.020826002
-0.032536165
0.076082219
-0.021211867
0.00072831083
-0.012011538
0.022681969
-0.068230682
0.0067816324
-0.032858134
0.0082574804
0.0020140157
0.020296927
-0.022310943
-0.045331839
-0.27320769
-5.2620379
10.381493
-1.2565512
0.99058048
0.26597072
-0.033370314
0.0020454489
0.031324865
0.049852603
0.0087958884
-0.024866861
-0.36200705
0.028910275
1.3372664
-1.2994343
0.095849119
0.091520778
-0.11610385
0.20664439
0.0056912106
-0.10337427
1.4971281
-0.96239431
-2.6253719
0.29194277
0.016249969
0.020468252
0.025518784
0.0039552168
1.4050236
0.4275171
-0.014243723
0.049484475
-0.0079854628
0.018574847
-0.20507711
0.31822233
-0.11314522
-0.037367317
0.041315395
-0.0039480787
0.047602644
-0.031199937
-0.22654164
0.28044671
-0.031971983
-0.004416113
0.036388096
-0.11291791
-2.0750365
0.024257342
-0.019159944
0.06736474
-0.030976283
-0.012949634
-0.01588116
0.022273763
-0.00047618352
0.020409676
-0.019933492
-0.00016417808
0.019238179
0.053002208
-0.01534257
-0.037659638
0.030337316
-0.032521231
0.19944692
2.1212736
1.0687957
0.42833238
-0.18528777
0.10777378
-0.078636691
0.04605292
0.012073102
-0.025603772
-0.080786109
0.023245762
0.057540347
0.022405781
-0.015909756
-0.0064960256
-0.072568516
0.22977965
-0.15721113
-0.02504627
0.0035386678
0.021507602
-0.025402959
0.0005363474
-0.0078518943
-0.018578639
-0.056071811
0.02033906
0.035732751
0.025781269
-0.026811335
-0.058177324
0.05246506
7.7693326
-8.6805737
0.0050790858
0.017385942
-0.022465028
0.0097954527
-0.033786028
0.023990575
-0.073640585
-0.035776924
0.10941751
0.0145344
0.0078713812
0.069660234
0.0080132184
0.039271966
-0.025229381
-0.03607343
-0.0047033792
0.04077681
0.014579003
-0.016812183
0.0022331798
0.026139349
-0.037057745
-0.054888398
-0.014672581
0.06956098
-0.0027211363
-0.016503112
0.046404563
-0.047492728
0.5575467
0.0398234
-0.1070929
0.12702461
-0.019931713
0.061231346
-0.0035002929
0.026032817
-0.025007647
-5.4448262
-0.06940418
0.0063548121
0.013623592
-0.019978404
-0.050397569
0.16139138
-5.3518312
0.46838345
4.8834477
0.069679348
-0.052398982
-0.12353834
0.063129017
-0.022404679
0.017955875
-0.013215308
-0.0011367506
0.20814759
0.15572234
-0.024950885
0.0047139165
0.091692446
-0.10810642
0.029484587
-0.026933379
0.00026495556
-0.037610545
0.024520212
-0.0065603154
-0.017959896
-0.015883112
-0.040188699
-0.066647678
0.04852657
0.018121108
-0.00042244583
-0.0061543563
-0.031620636
0.51240814
-0.57651819
0.064110043
-0.056098643
0.0036829265
0.052415717
-3.7416122
5.3409645
0.011235982
0.016813004
-0.036209347
0.077351683
-0.041142336
-0.0467786
0.0050500365
0.020929128
-0.0031886798
0.037658843
-0.063296734
0.02563789
0.013896706
-0.019785007
-0.026380799
0.02392888
0.0046476442
-0.02249057
0.017842926
-0.054238985
0.053154243
0.0010847424
0.014774695
-0.023836628
0.0090619327
-0.10406937
1.144158
-0.014533287
-0.011887233
0.02642052
-0.016336218
0.025542404
0.12331746
-0.039994697
-3.733555
2.6114901
1.1220649
3.3746057
-4.1099746
0.7353689
-0.027791119
-0.025881758
0.018400038
-0.0014493133
-0.016950725
0.03638435
-0.033944349
-0.029881621
0.024650945
0.010965378
0.01852943
0.0013632671
0.028464385
0.019129245
-0.033367906
0.02753378
0.0058341255
0.028712883
-0.033725032
-0.001465643
-0.069657501
0.00095684612
-0.029748654
0.028791808
0.019521199
5.1910364
1.3544216
0.0043246285
0.072139907
0.028843266
-0.028546418
-0.00029684866
-0.02732924
0.0019129725
3.5995892
-10.329111
6.729522
6.5460535
5.9503324
-0.024509754
0.060875337
-0.030057521
-0.030817816
0.57747229
-0.55788936
-0.019582926
0.10334231
-0.18892823
-0.038640158
0.041466142
1.8279774
-1.7056827
-0.1222947
0.0507856
-0.00098599899
-0.049799601
0.0025302707
-0.0073131072
0.35621727
-0.18546364
0.29675204
-0.39786123
0.055870955
0.070427264
-0.12629822
0.022113567
-0.02315689
0.0010433227
0.050143812
-0.032178099
-0.017965712
0.011771191
-0.024509473
0.012738282
-0.39604541
0.11453808
-0.038316458
0.033371173
0.0078569055
0.012141749
0.012476941
-0.11778911
0.1697731
-0.051983999
-0.01399882
-0.0095618198
-0.014433701
0.036666498
-0.00325695
0.025525325
0.02102867
-0.022698353
0.0016696825
-0.042724518
0.03386225
0.0088622684
0.044296478
-0.03657145
0.23577554
-0.49636165
0.26058611
-0.046138697
-0.013972513
0.049108784
0.014827295
-0.063936079
0.029632201
-0.032100269
0.002468068
0.43683434
-0.35244452
-0.084389824
1.6843133
-0.29849839
-0.016165497
0.028811986
-0.02018564
-0.0097179306
0.0045550478
0.01956445
-0.024119498
-0.010582798
0.012484797
-0.0019019995
0.033220794
-0.0080046071
-8.8987433
-1.2826273
10.181371
-0.015636242
0.044708646
-0.029072405
-0.00011647241
0.014731813
-0.014615341
4.151549
-2.7481436
-1.4034054
-0.012826779
0.012885691
0.0037646011
-0.033860108
0.030095507
-7.0356945
6.7403959
0.29529863
-0.15545085
-0.017988028
-0.023297178
0.0026671462
-1.1524682
5.6153845
-4.4629163
-0.23099781
2.3793315
-0.017758145
-0.017187034
0.054178925
-0.014867408
8.0791788
-0.47630087
-7.6028779
0.099107789
-0.012088886
-0.087018903
-1.6805745
-0.91999695
0.082257558
0.025651189
-0.036501491
0.010850301
-0.00565352
0.018643238
-0.012989718
0.0062939516
-0.0062721651
-0.015557972
-0.034298369
0.20732339
-0.14695794
-0.021152588
0.010119559
0.011033029
-0.017363626
-0.0013776961
0.11897917
-0.013290363
-0.1056888
0.0075110928
-0.023705602
0.016194509
-0.015252008
-0.024626274
-0.037940526
-0.040830241
0.078770766
-0.11664556
-0.090127871
-0.0023089903
0.021772698
-0.019463707
0.023738066
0.015318316
-0.014077494
-0.003493839
0.12398207
-0.0046247109
0.022041383
-0.017416672
-0.0203708
0.036622779
-0.016251979
-0.30784368
0.529084
-8.4549756
-0.44376765
-0.0033514701
0.023633334
0.037339933
-0.10401669
-2.9922755
3.4825756
-0.49030015
0.029154029
-0.023329393
-0.088839699
0.14114538
-0.01090059
-0.069885519
-0.31078457
1.2306996
-0.91991507
0.18279489
0.10220572
-0.0030690651
-0.09913666
-0.011798777
-0.014526346
-0.020014399
0.017272419
-6.9556489
7.2090158
-0.25336692
-0.035475702
0.021630781
1.9413381
-2.4524964
0.51115826
-0.033902979
0.099858378
-0.10141865
0.0015602764
0.0055163204
0.024548476
-0.054589788
0.016414751
0.057504549
-0.0060918911
-0.051412658
0.14542343
0.0029684901
-0.14839192
0.034618411
-0.064067448
-0.016027144
0.011353761
0.020677534
0.0012315901
-0.058907367
0.2940084
-0.23510103
0.003129467
0.060299377
0.020484843
0.004813207
0.07854092
0.055891015
0.024389842
-0.022197743
-0.0048632804
-0.021723459
0.02658674
0.13791221
0.18276053
-0.32067274
6.1694776
0.11806348
-0.016800288
7.0799403e-05
0.016729488
-0.019175718
-0.0115934
0.033605901
-0.0054355789
-0.028170322
0.014042382
-0.033079878
0.019037497
-0.098877642
0.0057236081
0.33002687
-0.058612946
-0.27141392
-0.017322967
0.031679764
-0.014356797
0.0082953698
0.055235011
-0.018666715
0.007797107
0.090319646
-0.021093235
-0.04329382
0.063159395
-0.019865575
0.0040457549
-0.016710495
0.18171426
-0.091616422
-5.2420935
4.5910908
0.6510027
-2.365288
0.25534607
0.074680801
-0.034839964
0.0015164848
0.014807064
-0.018175705
0.0033686405
-0.084117932
-0.13742634
0.015883559
0.00058557818
0.40987724
-0.36280242
-0.047074816
0.016061753
0.0034754485
-0.002241062
-1.3698516
0.18878835
-0.26135687
-0.043018181
0.058353713
-0.062367942
-0.021009993
0.083377935
-0.11499973
-0.068483695
-0.030561404
1.1470789
-0.95628774
-0.0026170925
0.016198024
-0.045142464
-5.3607491
3.7646223
1.5961268
0.067945421
-0.028265778
-2.7019765
-3.0111809
-0.0024421835
0.03612078
0.0019765217
-0.038097302
-0.07285893
0.07576265
0.06471009
-0.055098975
2.9555102
-0.82008346
-2.1354268
0.039390174
-0.050089562
0.021851341
-0.00039929562
0.022947643
-0.0018563604
-0.021091283
0.023027305
-0.0084929054
0.017705161
0.012983999
-0.03068916
0.17788716
0.053994806
-0.23188197
-0.032217245
0.006016397
0.026200847
-1.7257026
0.75932354
-0.020650258
-0.025903181
0.046553439
-0.010155
0.09904829
-0.08889329
0.038464035
-0.0046307103
0.024273277
-0.020609444
-0.0036638327
-0.0053195687
-0.022120333
-0.42037579
0.34701861
0.073357185
-0.018123807
-0.0077651228
0.025888929
-0.032128818
0.011728293
0.020400525
-0.027616888
-0.014451273
0.042068161
4.5982229
0.14977983
-0.0079685029
-0.099124398
-0.26407086
-0.36548187
-0.0084501135
-0.050471868
0.058921982
0.056002261
-0.042407964
-0.013594297
-0.013817788
0.0073297242
0.0064880633
0.026857708
0.0037217964
-0.030579504
-1.1248263
-0.96985588
0.096764696
-0.085887443
-0.010877253
-0.1371239
0.036595566
-0.01115355
-0.013791017
-0.011307708
-0.038911522
0.05021923
-0.007226106
0.080429084
-0.073202978
0.0030010215
-0.029342416
0.026341394
0.021681085
-8.6104934e-05
-0.01396605
-0.027667787
0.041633837
0.028410922
-0.010705761
0.010399988
0.028871978
-0.016628975
-0.0096504918
-0.75632159
2.2043941
-0.000266562
-0.079297965
0.079564527
0.02020419
-2.9909156
0.42827326
0.227085
-1.4812397
0.11528889
-0.09101906
0.083716934
-0.07892357
-0.046930316
-0.075313285
-0.027067959
0.10238124
0.036407351
-0.018152896
-0.018254454
-0.017613326
0.00081303846
0.2621764
-0.22821785
-0.033958558
-0.030269831
0.046290977
-0.015321437
0.035498455
-0.020177018
0.017099184
-0.020591847
0.0034926631
-0.13245408
-0.33735997
0.022154906
-0.098531457
0.076376551
-0.010891298
-0.0024586228
0.01334992
-0.24306414
-0.087677805
0.33074194
0.030160483
-0.037481534
0.0073210506
0.013702509
-0.02808117
0.060419351
0.025692396
-0.01540762
-1.5096117
-0.74055979
2.2501715
0.022305733
-0.068084649
-0.018966022
-0.005543732
-0.085740376
-0.032321166
0.11806154
0.99821113
-1.5584316
0.56022051
-3.8808275
3.8845918
-0.0037642571
-2.6551126
-2.6967185
-0.01410204
-0.0085537735
0.022655814
-0.014962058
0.064984653
0.022268931
0.014138419
0.033385843
-0.00090304368
0.019207285
-0.0025036696
0.0048115718
0.018558478
0.034014121
-0.03273777
-0.0084037665
-0.0015600325
-0.024890488
0.0037609021
0.056522125
0.010366047
-0.066888171
-0.025391091
0.036106478
-0.047781462
0.056780571
-0.028036622
-0.01698113
0.012978811
-0.12666467
-1.1298865
-0.13402716
0.039117013
-0.0024186453
-0.023962154
-0.72586566
0.024418855
0.68325615
-0.70767501
-1.8071928
1.4964082
-0.010887579
0.028343319
-0.017455741
-0.061381037
-0.89836837
0.028481796
-0.00062800062
-0.077682405
0.13661155
-0.057791735
0.012697953
0.045093782
0.018257072
0.083948653
-0.020129131
0.014303387
-0.13334572
0.0013374783
0.13200825
-0.054186598
0.079591943
-0.039775228
0.012437057
1.6254677
-0.86433734
-0.76113033
0.057007284
-0.13468969
0.023636648
-0.0015230809
0.65743275
0.10899648
0.026021466
1.4342695
-1.2896592
-0.024587189
0.01715754
-0.050129368
0.013031654
-0.14037672
-0.022221184
0.0062210188
-0.029875858
0.031196331
0.000217731
-0.031414062
-0.029745541
0.041059423
-0.011313882
-0.030166248
0.0047825375
-0.03241319
-0.0025462043
0.034959395
0.054508073
-0.17115363
-3.9292214
3.929674
-0.00045257899
-0.0049453197
-0.0086756405
0.01362096
-0.021458194
-0.0036966609
0.024222246
-0.017407057
-0.0068151884
0.036527189
-0.040734724
0.52722023
0.040474076
-0.5676943
0.004084673
-0.024455473
-0.007254104
0.032772888
-0.020654059
-0.00011511454
-0.032494395
0.0007182094
-0.66603603
0.34219551
-0.19921215
0.10243911
-0.055650229
-5.824328
-1.261464
-0.019255564
0.13900837
0.015158509
-0.00041045585
-0.014748053
-9.8583364
3.3170924
6.541244
0.029144253
-0.0098679252
0.036433269
-0.0077613912
0.027787673
0.030481782
-0.058269455
-0.033917481
0.0066667628
0.037474018
-0.01103781
-0.026436207
-0.048016432
0.058499163
0.036706813
-0.0026926919
0.052574573
0.004569102
-0.49184601
0.016376508
-0.04830977
0.033098588
-0.00024746929
-0.016425163
0.058432623
-0.04200746
0.038780346
-0.030674985
-0.027025373
0.018048796
0.0089765775
-0.15747008
0.81490283
-0.02142929
0.029364764
-0.00050039069
0.027782453
-0.027282063
0.020205671
-0.051498222
-0.0049180794
-0.00035042857
-0.023388201
0.059868128
-0.00026555832
-0.016365989
0.016631547
-0.039169026
-0.046218695
0.085387721
0.055647832
0.021523478
-0.07717131
0.032573697
-0.037484224
0.0049105277
0.019885184
-0.022194174
0.018330749
-0.0022689962
0.0066503903
-0.032903781
0.057928306
-0.0014061814
4.1123889
-0.38672803
0.052317732
-0.015790543
-1.1831893
1.0842084
0.098980922
-0.034377072
0.021131276
1.4320926
0.2522207
0.026654204
-0.073634361
0.019764109
-0.070090114
0.050326005
0.015357056
-0.0015599757
-0.01379708
0.02622098
0.20508728
0.0038995706
0.031042287
-0.05106876
0.0015494169
0.049519343
0.056676004
-0.23401713
-0.0053447449
-0.017308915
-0.031674353
0.026011043
-0.033105994
0.011493883
0.026927057
-0.024138668
-0.020492423
0.00092502747
0.019567396
-1.657351
9.4266836
-0.0043109888
0.036884685
0.011710983
-0.017364503
0.03263429
-0.029134577
-0.003499713
0.14136394
-0.02962488
-0.0093187288
0.064920039
-0.059390129
-0.0055299102
-0.10370195
0.052532303
-0.064046571
0.011514267
0.021761474
-0.12571734
0.032140746
0.029091521
-0.061232267
0.088069133
-0.03915334
0.21945604
-0.22875634
0.009300307
-0.016583825
0.051586444
-0.03798732
0.069128381
0.0023895267
-0.071517908
-0.035050657
0.039466393
-0.029638699
0.02507052
-0.097108375
0.09534423
2.9860627
-0.41011918
-0.068844605
-0.092103136
0.16094774
0.025129065
-0.020049979
-0.04877469
0.042874555
0.0059001358
-0.39510709
-2.9820783
3.3771854
0.021880346
-0.086921874
0.33957584
-0.0029087966
0.021570894
-0.018662097
-0.064092891
-0.74330549
0.80739838
0.0048638302
-0.030010551
0.80306653
-0.9071359
0.0083423773
0.057551174
-0.12261164
0.065060461
-4.5551165
-2.4860836
7.0412
-0.0028577938
0.019669313
-0.016811519
0.018445858
-0.088407921
0.0030162063
0.036920414
-0.019927897
-0.016992517
0.0056432387
0.016943452
-0.022586691
0.019272812
0.017647602
0.054211958
0.79805373
-0.85226569
-0.018016186
0.022426944
-0.00098673176
-0.021440212
0.017391068
0.00026875681
0.0051837059
0.0018159479
-0.0069996537
-0.027696536
-0.015967105
0.043663641
0.066889274
0.014380267
-0.025005454
0.025019503
0.030338181
0.079269317
-0.036538826
0.063335569
-0.026796743
0.038898855
-0.010802508
-0.023996077
0.042651935
-0.018655858
0.073128302
-0.083283301
-0.00078249333
-0.032587821
0.78031802
-0.77529838
-0.0050196402
0.083367685
0.048481186
0.002304414
0.032263604
0.0089749917
-0.041238596
-0.00064078651
-0.029897166
0.22360907
-0.13480048
-0.088808589
0.00032070347
0.04431728
1.2168706
0.031394702
-0.027796487
-0.0035982151
-0.020134043
0.00048159062
0.019652452
-0.0030539848
-0.017075146
0.065891426
-0.016396845
-0.031373201
0.057401355
-0.067805148
0.42663512
-0.0020784273
0.029303998
-0.02722557
-0.010640747
-0.071285073
0.013931698
-0.012992507
0.25020556
0.0021132306
-0.033762219
0.031648989
0.0069191222
0.033486384
0.031107172
-0.0071994969
0.06672691
0.10102868
0.02443222
-0.021412005
-0.0030202154
0.10400986
0.045642834
-0.1496527
1.9205857
-2.4516239
0.0016040636
-0.038628029
-0.87023429
0.52700361
0.34323069
0.070973849
-3.736526
2.6282041
1.1083219
-0.47102249
2.4123606
0.082087084
-0.20084826
0.11876118
-0.013959238
0.0016481689
-0.086772293
-0.011653246
0.0084143858
0.012763846
0.016944327
0.86811001
-0.75883274
0.0034193153
-0.13329219
0.025160704
0.0042837324
-0.029444437
0.37643039
-0.32357821
0.0055705673
-0.023686044
0.018115477
0.044886841
-0.0043373626
-0.040549479
0.031209931
0.02682612
0.018060721
0.020000664
-0.0012201255
0.034199444
-0.03484609
0.00064664614
-0.015616572
-0.051394994
0.067011566
0.14127282
-0.068597257
-0.035655089
0.066281756
-1.2377735
-0.016115149
-0.0089001069
0.025015256
0.0490979
0.060673645
-0.10977155
-9.5670661
9.1914484
0.37561776
0.91051489
-0.97460778
-0.0088206435
0.00041687705
0.018189797
0.003293519
0.034471635
-0.03454046
6.8825155e-05
-0.0371076
-0.0022731091
0.039380709
-0.016175395
0.016713124
0.0015665998
0.098291779
0.13930438
0.084304694
-0.0016021682
-0.017898871
0.12915749
-0.096017882
-0.02481344
0.0086982911
-1.1393678
0.26853922
-0.025566521
0.010388063
0.015178458
0.10138179
-0.67077475
0.093424058
-0.099883117
0.0064590596
0.40386847
0.90790918
-0.037221223
0.045649416
-0.0084281927
-1.2472224
-2.4649885
0.33704822
-0.49897885
0.16193063
-0.018498361
0.018022178
0.019637284
0.0020438008
-0.027806987
0.045181067
-0.01737408
9.2781233
-4.519387
0.0094768865
0.038744264
-0.0015477205
-0.0061967319
0.073086006
0.0010723129
0.014738035
-0.073558077
0.058820041
-1.1157601
-0.10370608
-0.018049093
0.00016714467
0.021881441
-0.048096168
0.76058104
0.011521843
0.020797782
-0.001919443
0.041029538
-0.041202116
-1.0003836
0.81571968
-0.017356197
-0.026293965
0.0020783231
-0.02808096
0.026002637
0.0015850375
-0.025981716
0.024396678
0.11567778
1.5963195
-0.17067785
-0.0040785898
-0.0099464307
0.01402502
-0.030419908
0.022674273
0.0077456353
-0.030418188
0.03042288
-4.6899657e-06
0.0066025475
0.010755184
-0.089869575
0.02421989
0.065649686
-2.2475763
1.8903052
-0.22249988
-0.19787591
-0.41748504
0.12038728
-0.022761321
0.012786338
0.0099749829
-0.0070521679
-0.017980139
0.025032307
0.012112825
-0.02072845
0.0086156242
-0.075581275
0.04271941
0.032861865
0.92508159
-1.228129
0.040104052
0.047798043
-0.087902095
0.030927537
-0.045595035
0.059909467
-0.067135573
-0.92941916
1.4518566
0.020594277
0.002553081
-0.023147358
0.26810153
-0.34719489
0.17094916
0.17624573
-2.5162606
-2.7258329
0.038723831
0.037978044
-0.076701874
0.0734115
-0.019810753
0.01294683
-0.0036769918
-0.027223739
0.017900414
-0.0050881737
-0.01281224
-0.016582765
-0.20514175
0.053655716
0.035258185
-0.0889139
-0.0084929895
0.025388553
-0.016895563
0.031209774
0.0023961269
0.035496956
-0.010232418
0.055507977
-0.031140396
-0.0036995675
4.3753034
-3.4127851
-0.9625183
-0.012413623
-0.010347698
-0.050190842
-0.012866157
0.063057
10.111798
-5.6115858
-4.5002127
-0.17645348
-6.7791954
0.072353599
-0.034694756
0.040781743
-0.013955623
-0.61845031
0.30875814
0.30969217
0.021444285
7.1034968
-10.9543
6.6024042
4.1900205
-0.42049792
-0.7626914
-0.024820905
0.016043646
0.0087772598
-0.61585808
0.69824548
0.015413833
0.051854171
-0.06127799
0.0081304639
-0.036261807
0.028131343
-0.022249768
0.0015957087
-0.013839161
-0.049340268
0.063179429
-0.022467428
0.00819234
0.014275088
0.038318807
-0.0058104047
-0.032508402
-0.03606267
0.0029272806
-0.056403914
0.042564753
0.045769843
0.33049817
-0.39931525
0.0075095897
-0.061977739
0.054468149
-0.007102371
-0.01506931
0.022171681
0.017338793
0.00015790514
-0.021406496
-0.011321139
0.15836942
-0.082113417
-0.08634679
-0.0081468472
-0.082383666
-0.063745876
0.060473822
0.003272054
-2.6047034
-1.165493
-0.010205343
-0.058206711
0.017022374
0.031828926
0.04367022
-0.075499147
-0.051321216
-0.0028639358
-0.20644929
-3.5271057
0.028413118
0.019407673
-0.047820791
0.31015094
-0.23594238
-0.14912861
0.28704082
-0.0040698355
-0.031405867
-0.02387357
-0.020550686
0.016961553
-0.0015549126
0.0280829
-0.034586287
-0.049164974
0.083751261
-0.090743692
0.09047713
-1.1524309
0.841868
-0.030648747
0.0067700478
0.037848907
-0.027448918
-0.097992974
0.16537376
-0.024254491
-0.073318043
0.056735095
-0.0057573074
-0.025638804
0.031396111
-0.02254531
0.024130347
2.9403512
-2.528832
-0.41151921
-0.052961654
0.035042746
0.017918908
8.4059411
-8.9046826
0.49874144
0.43263327
1.3953441
0.072197278
0.052686589
-0.085222754
0.017959268
0.013536785
0.022185589
0.025020973
-0.0076706011
-0.017350372
0.026321651
-0.03699048
0.010668829
0.024948127
0.06847593
-0.027758134
-0.0026600542
-0.048697679
-0.010960776
0.059658455
-0.090455398
-0.075027338
-0.016681314
0.069367903
-0.369283
-0.16695065
0.021778341
0.097200826
0.036075699
-0.13643434
0.44460324
9.3070763
-8.4981581
-0.80891817
-0.039840425
0.036590091
2.0967605
7.2103158
-0.015661872
-0.0077303316
0.023198615
0.020635432
-0.043834047
-0.039458239
0.0097126983
-0.021456005
0.021431441
0.0089023281
0.0092417041
0.0064321098
-0.020533357
-0.0026235331
0.038800294
-0.011527355
-0.029203475
0.018976595
0.024410593
-0.017807537
0.0079996074
-0.025591694
0.017592087
0.053360882
0.067773758
-0.027586469
0.042243008
-0.0011902281
-0.012355301
0.03249687
-0.01726866
-0.01522821
-0.022901982
0.019275013
0.0036269697
0.013509403
2.3740199
-1.8515249
-0.52249497
-0.024265053
-0.047184382
0.045483174
-0.01016251
0.045531392
-0.085275749
0.10445055
-0.0012488179
-0.13936817
0.14061699
0.0020529319
0.029143477
-0.031196409
-0.02661136
0.012078073
0.0040341327
-0.020853703
0.01681957
0.011166189
-0.036890482
-0.030434675
0.032356324
-0.001921649
-0.028787136
0.033586288
0.023616874
-0.03893831
0.49025529
-0.082961811
0.018185925
0.0019077573
-0.020093682
0.0017852903
-0.029392465
0.027607175
0.048724608
0.17073143
-0.60807933
0.00093343624
0.018929424
-0.019862861
-2.1117497
0.60213803
4.3418797
0.13190697
-0.0073528488
-0.082387249
-0.027431471
0.0097840063
0.017647465
0.015407393
0.0090032004
-0.0069964838
-0.012949942
-0.16711491
0.10109531
-0.030659463
0.031608533
-0.00094907059
-0.10674274
0.033102154
-0.0043698544
-0.020607264
0.024936338
-0.0023358007
-0.022600537
0.014425792
0.028712473
-0.043138265
-0.08826032
3.177292
0.012335141
-0.025917125
0.0054492435
0.2479661
-0.086385236
-0.16158086
-1.5492169
-0.69835939
-0.00096836923
-0.033031489
0.018815951
-0.018423543
-0.00039240804
0.28068595
-0.0015359994
0.036218234
-0.034682235
0.0068216181
-0.021723856
0.014902238
0.026111412
0.017221821
0.0025421
0.035776707
0.028801381
0.023695601
-0.052496982
-0.034881735
0.020218079
-0.0038012438
0.028737582
-0.017957829
0.00020114306
0.017756686
0.2058661
-2.4160385
2.2101724
-0.00061941857
0.061850765
-0.007919013
-0.018104112
-0.053188474
0.012902621
-9.5015381
1.5708959
7.9306422
0.20668347
-0.028796307
0.00072046795
-0.20623842
0.054910564
-0.010146962
-0.029188226
0.039335188
-0.0031708479
0.023904574
-0.020733726
-0.21536682
-1.591826
-4.6656118
-0.69513734
0.05402977
-0.027294643
2.655934
-0.12365707
-2.5322769
0.078570848
-0.11773987
-0.057413632
0.0031746468
-0.9848408
-0.61081628
0.035639156
-0.030942959
0.17478723
-0.94670938
0.77192215
0.032512044
-0.011992967
-0.020519077
0.093058069
-0.062516118
-0.030541951
-3.8475155
-0.03331207
0.086366007
-0.071627972
0.037005372
0.0081399468
-0.012218537
-0.58874189
0.58292687
-0.027655616
-0.0061193446
-0.029604188
0.068970203
0.0055289972
0.019491976
-0.032116867
-0.0004686535
0.032585521
-0.027053076
-6.9784633
0.92210179
6.0563615
0.0077673014
0.021683765
-0.67303749
0.045041507
-0.012256829
-0.015824914
0.0018633823
0.013961532
0.045899146
-0.049708269
0.090031932
-0.072767256
-0.017264676
0.031192696
0.0040854165
-0.035278113
-0.022562361
-0.02393179
-0.0069769559
-0.0068408317
0.083654771
-0.076145182
-0.05244018
-0.014207498
0.0077871086
0.0094608572
-0.24633
0.82165894
-0.041340918
-0.070506144
-0.058188757
0.13466765
-0.00092413237
-0.017574229
-0.063095536
-0.06289206
0.0070383336
0.017183912
-0.0052525025
0.021605152
-0.01635265
-0.039126355
0.033515864
0.0056104911
-0.032768525
0.042284325
-0.081696803
0.032300446
-0.023046703
0.024831994
0.00073601635
0.017664022
0.019601918
-0.028497512
0.0088955943
-0.50972948
-0.098198159
-0.0063994511
-0.020067952
0.026467403
0.020624532
3.5849322e-05
-0.020660382
0.28913826
-1.0324437
-2.0247592
0.46025087
0.45026401
0.75530357
-0.96384804
0.20854447
-0.034695471
0.0040200785
-0.089128082
-0.022082382
0.019159979
-0.015587544
0.038786159
-0.031164018
0.10396639
0.25821683
-0.11307835
-0.031856791
0.14493514
-0.021686138
-0.0012158448
-0.031816656
-0.1157823
-0.28938253
-0.27526157
0.5646441
0.019657522
0.050021827
-0.032826031
0.031583567
-3.6687287
0.020828194
0.058626962
-0.079455156
0.028631607
-0.066439086
0.03780748
0.068049645
-0.039823843
-0.028225801
0.067740718
-0.15658042
0.064837997
0.024122337
-0.088960334
-4.8186618
4.1528037
0.66585815
-0.24335946
0.21092093
0.022153494
-0.024489295
0.066476344
-0.044783405
-0.021692939
0.040303416
-0.038063654
-0.0022397622
-0.0010222371
-0.020433768
0.10582245
0.071189633
-0.17701208
0.012236591
0.030798335
-0.043034926
2.5039729
0.019829991
0.028135799
0.13248517
-0.28101352
0.14852835
0.022077622
0.081279813
0.019065383
-0.019989516
0.0085644988
0.014949472
-0.047127571
0.021193169
0.071549773
-0.092742943
0.099771128
-0.77711568
0.67734455
0.041504569
0.015456815
-0.056961384
0.093744939
0.024416597
0.02633422
-0.018363357
-1.0305387
-0.21538642
0.52577067
0.017660095
-0.072548493
0.012710877
-0.055729058
0.029514709
0.0081321369
-0.029685808
0.055242525
0.0051354917
-0.043977348
0.038841856
0.20409587
-0.28759945
0.08350358
-0.029739764
0.019202027
0.010537737
0.23007721
0.093232683
-0.3233099
-0.027645867
0.03744132
0.050657605
0.014152439
-0.064810045
0.046824804
0.070048905
-0.025914048
0.020455826
-0.047947247
0.0058462597
0.023546277
-0.029392536
-0.066905889
0.12534438
-0.096518864
-0.1606271
-0.038166722
-0.076266132
0.068576025
0.024804751
-0.093380776
-0.074383693
-5.2378839
5.3122676
4.2752225
-5.0463145
1.9757449
-1.7751252
0.026710379
0.0060660441
0.014644449
0.055042302
0.004712998
-0.047120962
0.022784525
-0.057747385
0.034962859
0.87179845
-0.5428758
-0.32892264
0.031435104
-0.0052184518
0.045731028
0.016533146
-0.062264173
0.015674386
-0.039557727
0.020532065
-0.1019821
0.081450037
-2.3539538
2.0680837
0.28587015
-0.02987894
0.22355438
-0.13881227
0.099827673
0.57001454
-0.011090535
0.026604375
-0.015513841
0.1902295
-0.04853766
-0.99201014
1.552842
-0.56083185
0.076003622
0.021698115
-0.097701737
-0.010208126
-0.51097416
0.52254394
-0.011569787
-0.045189592
-0.00031392881
-0.055927139
0.29106886
-0.23514172
0.014483174
-0.05347921
0.038996036
0.0015771539
0.042613357
-0.044190511
-0.43399574
2.329385
-1.8953893
1.4645346
-0.46632344
0.033988498
0.020612028
-0.054600526
0.049477098
0.011440717
0.059392538
-0.039831735
-0.019560804
0.046913237
0.025916016
-0.072829253
0.031070197
0.011544933
-0.042615131
0.025583741
-0.034164408
-0.0088277843
-0.026203755
0.035031539
-0.51681771
-1.7216704
2.2384882
0.21049665
0.10355062
-0.31404726
-0.31753218
0.066786046
0.036263112
-0.051899353
0.037017391
0.011564554
-0.048581946
0.00064284262
0.028200424
-0.041664343
0.070388898
-0.028724555
0.045555015
0.016886034
-0.062441049
0.019907907
0.00019171706
-0.088598893
-0.04163543
0.051624207
0.011582797
-0.063207003
0.23840265
-0.23903546
0.0006328167
0.029592886
-0.030093276
0.078475483
0.027980229
-0.10645571
-0.79807118
0.17422935
0.048303071
-0.077245312
0.028942241
-0.0022818256
-0.11116716
0.031597296
0.021284554
-0.05288185
-0.028061023
0.037201289
0.036131822
0.010075871
-0.046207693
0.0026325426
-0.034604525
0.049987394
0.014023458
-0.064010852
-0.087694046
0.066596622
0.021097424
0.021327095
-0.0051487421
-0.018504463
0.0216184
-0.003113937
-0.010991431
0.022028432
-0.011037001
-0.072391881
0.069220398
0.0031714823
0.10707193
0.027047028
-0.13411896
-0.048960035
-0.00032461771
0.015896345
-0.015571727
-0.18783653
-0.10760084
0.29543737
-0.00490531
-0.020943053
-0.024088466
0.65661388
-0.5515689
-0.10504498
0.052562378
0.017000294
-0.069562671
-0.013673652
0.039995303
-0.0052523763
-0.025408165
-0.013792824
-0.0084569434
0.030677151
0.0068213786
-0.03749853
0.037825139
0.0019206036
-0.032532002
0.030611398
0.029524751
-0.032713479
0.003188728
-1.0277741
0.25437996
0.7733941
0.020455797
-0.0046158829
-0.015839914
0.088562772
0.014428734
-0.10299151
0.011002487
-0.029563408
0.018560921
0.05601307
0.014108634
-0.070121705
0.029483119
0.0099721472
0.076888857
0.02227727
-0.099166127
0.031824699
0.0095782688
-0.041402968
0.0067896079
0.024876606
-0.031666214
0.016925006
0.047589636
0.0018007631
0.062647254
-0.93078988
0.028377834
0.0066249752
-0.035002809
-0.025223355
-0.0035537552
0.084956562
0.023203111
-0.10815967
-0.022323583
0.0066617113
-0.48489859
0.067844573
0.018333958
-0.086178531
-0.0006923541
0.021721024
-0.054332353
0.044592965
0.0097393878
0.06428712
0.026109878
-0.090396998
0.046643438
0.012593438
-0.064949288
-0.036555801
0.10150509
0.078659353
0.014540177
-0.054527892
-0.064392788
0.11892068
-0.060298102
-0.020707975
0.081006077
-0.067885841
0.053040345
-0.040410714
-0.054418354
-0.071618561
0.12603692
0.11442283
0.085345259
-0.046998107
0.036169893
0.010828214
5.7603455
-10.892086
5.1317403
0.024576853
0.0079235042
-0.026385775
0.043120077
-0.0018402382
-0.0012595961
0.59287267
-0.089718639
-0.12904334
0.12789927
0.0011440716
0.36164579
-0.54034789
0.1787021
6.02534
-1.1953454
-4.8299946
-0.054162323
-0.021418952
0.76114954
-0.71127474
-0.0498748
-0.017215505
0.016949947
6.1614814
-8.460932
2.2994505
-0.016093287
-0.015187668
0.031280955
0.017483814
-0.020574485
0.0030906709
0.022572241
-0.0072248158
-0.015347425
0.073202306
-0.076965927
-0.067453683
0.037772194
0.029681489
0.030011545
-0.00032318438
0.02195209
-0.021628905
0.032087039
0.0087653299
-0.040852368
9.9447947
-6.3452055
0.22757448
-0.0054224112
-0.22215206
0.0080182159
-0.025480027
0.033610491
-0.022176391
-0.06730643
0.089482822
0.012611005
-0.0446151
0.032004095
-0.069191198
-0.038478383
0.046068544
0.030561244
-0.027963433
-0.002597811
-0.025677059
0.028937548
0.0055919394
0.018025742
0.025425428
-0.023411412
-0.5619186
0.32237914
0.23953946
0.034089463
0.0039844289
-0.038073892
0.85783251
1.5161874
0.076416729
-0.12580844
0.049391713
-0.13663288
0.10271252
0.03392036
0.042633097
-0.069187587
0.026554491
0.018973156
-0.044577334
0.025604178
-1.4321205
0.91969068
0.51242979
0.052465149
-0.034404428
0.043496335
0.0097817737
-0.053278109
0.021319166
-0.063368247
0.4553049
1.0350403
-1.4903452
-0.02517941
0.044582606
0.0065511762
-0.051133782
0.031385507
0.016462867
-0.047848374
1.0389028
-0.013918855
-1.0249839
0.0091291314
0.041805509
-2.5398471
0.18216173
-0.076860045
0.014492103
-0.035412598
0.061593556
-0.026180958
-0.06319943
-0.076131132
0.13933056
-0.027264545
0.015377312
0.40931317
-2.1756496
1.7663364
-0.052401824
-0.019775351
0.072177175
-0.10474673
-0.059238191
0.021531109
-0.00049189778
0.49438896
0.093692444
-0.5880814
0.0091038324
-0.031436696
-0.26966374
0.21211206
0.05755168
-0.029685277
0.018142945
0.011542332
0.043119209
0.0040718456
-0.047191055
0.032486499
-0.099392388
-0.0029697043
-0.018312745
0.021617616
-0.01802145
-0.016355622
0.028103617
-0.0070791461
-1.6306661
7.3910116
-0.069316325
0.012944268
-0.029037555
-0.065858901
0.021066231
0.04479267
-1.8834637
0.49106319
1.3924005
0.079583533
-0.0063209409
0.038341796
-0.032020855
0.041755001
-0.028460776
9.1132169
-0.70727578
-0.019588659
-0.0020254018
0.021614061
-0.02899686
-0.0012345142
0.035664375
0.0019672416
0.61096221
0.098437498
-0.013146211
4.9432602
-3.7595778
-1.1836823
-0.23826468
-0.016235361
0.25450004
-0.11830669
0.10300233
-0.033209118
-0.1232528
2.1553304
-1.6391608
-0.51616961
0.00085734447
0.017535091
-0.018392436
0.023900376
-0.006607729
-0.10096796
-0.29995076
-0.022703662
-0.014871206
0.037574868
-0.031921665
0.0029738728
0.00057354204
0.038751322
0.023175889
-0.021238676
-0.0019372123
-0.16649252
0.16387542
-1.134323
0.91270557
0.22161742
0.17034864
-2.9569785
2.7866299
-0.74549515
0.35416296
0.39133219
0.02532898
-0.14655417
0.12122519
0.022710908
0.10755815
-0.13026906
-0.17081974
0.02600941
0.14481033
0.016596324
-0.41087248
-0.11947718
-0.11881114
0.068669046
-2.8413499
2.7726808
0.057903211
0.97244374
-1.0303469
-0.022038168
0.014935797
-0.00061108722
0.029734501
-0.029123414
-0.036610157
-0.042026534
-0.22096324
0.19189505
-0.026093977
0.004370518
-3.4265152
0.46354505
2.9629702
-0.13481799
-0.19122082
0.044176345
0.14704447
-0.019176127
-0.023283824
0.13866245
-0.32747711
0.18881466
-0.007000755
0.011336833
-0.0043360776
-4.2852326e-05
0.027013456
-0.12894067
0.0033907219
0.12554995
-0.039855644
-0.014290409
0.054146053
-0.43564485
-0.10470305
0.026055055
0.0033551143
-0.029410169
-0.033653886
0.049687459
-0.016033573
0.0093831937
-0.062529576
0.00976904
0.080061174
-0.089830214
-0.044691315
-0.019093686
0.063785001
0.12840507
-0.17831289
0.049907818
0.026853683
0.48555446
0.1669285
-0.050630455
-0.11629804
-1.5264982
-1.687299
-0.0020421421
-0.027111197
0.02915334
0.05122603
-0.12272301
-0.004221293
0.035593268
-0.031371975
0.02967588
0.0036892078
-0.033365087
-0.27837839
0.29316882
-0.0091729856
0.066574341
-0.036856184
-0.0038366342
0.040692818
-0.022341432
-0.0031682513
0.025509683
0.026693768
-0.11408291
0.062843498
0.051239414
-0.66815898
0.72696543
-0.058806455
-0.031271943
-0.0011985494
0.032470492
-0.0087325943
0.053937489
-0.045204894
-0.0033699973
0.035824477
-0.03245448
-0.036444426
0.048771933
-0.012327507
-0.095177916
0.019864631
0.00079649928
0.018019452
-0.026456748
-0.00166433
0.028121078
-0.029464257
-0.026634386
-5.6354235
8.8921905
-3.256767
0.0028474524
0.017667927
-0.020515379
0.039517167
0.0015123711
-0.60552048
0.018871328
0.0056488836
0.34289792
-0.19421732
-0.1486806
-0.12885649
0.01893117
0.10992532
-0.085520365
-0.10736634
0.021625969
0.0034711129
-0.027742636
-0.25738296
0.027604935
-0.016639557
-0.0075843623
-0.059869321
-0.027864252
0.04399087
-0.016126618
-0.030601416
-0.002161379
0.032762795
-0.093875022
-0.90650858
-0.043362928
-0.0053969641
0.048759892
0.0043377499
-0.012777585
0.0084398348
2.3096244
-2.5406222
4.3058755
-0.40819277
-3.8976827
-0.052419683
-0.0061818453
0.058601528
-0.0040145601
-0.02103171
-0.022645131
0.0026791848
0.019965946
0.01413093
-0.022014209
0.0078832783
0.055257582
-0.0067310126
-1.8319475
0.34898987
1.4829576
0.5662973
-0.029972604
0.018697347
0.012735129
-0.031432475
-0.072265246
0.00088388223
-0.023623816
0.022739934
-0.035972895
-0.034558054
-0.018790868
0.053348921
0.0015085753
-0.02578206
-0.0036032539
-0.025669436
-0.0058843328
-0.014222075
0.020106407
0.047059169
-0.036374711
-0.010684458
0.026579059
0.00075490499
-0.027333964
0.055157256
-0.038523502
-0.016633755
-0.030626212
0.029024654
-0.050686888
-0.030181033
0.080867921
-0.014298421
-0.10400827
-0.12258959
0.1920332
-0.069443602
-0.094045189
0.13371898
-0.039673792
0.016620783
-0.025001134
0.023259452
0.001741682
-0.12090388
0.023370468
0.097533409
0.0034751613
0.019794994
-0.023270156
0.044605821
-0.080815168
0.019588522
-0.066147818
0.046559296
-0.064952809
-0.0079030957
-0.10178706
0.018808598
-2.724603
0.23523412
2.4893689
0.021089876
-4.4054449
4.712348
-0.30690302
0.74758653
-0.99988941
0.25230288
-0.14681044
0.044112796
0.10269764
-0.77773455
-0.025584326
0.1000786
-0.074494273
-0.88629234
0.97865667
-0.092364328
-4.4959785
-1.3530713
0.03922293
-0.050530637
-0.015936518
-0.25372722
-0.033598294
-0.05162446
-0.063112046
-0.3361228
-0.0026820688
-0.016461202
0.019143271
0.197823
0.064353408
4.1401773
0.4580456
-0.034266437
0.032901192
0.0013652445
-2.9477683
-1.8708936
-0.016674543
-0.024578816
0.041253359
-0.073276184
-0.15183354
-0.036180042
0.0046218204
-0.35878535
-0.018398741
-0.016613584
0.035012325
-0.013246819
-0.012374262
-3.3925242
-6.1417422
5.9939911
0.14775105
-0.32475959
0.076641805
-0.15277294
-0.51121433
0.053638401
0.23958718
0.052053123
1.1454112
0.053373412
-0.11696375
0.17623042
-0.059266661
-1.3805419
-0.34516078
2.9694869
0.73082046
0.071710389
-0.088868012
0.18235321
0.077417086
-0.0097438773
0.032707698
0.0025872237
-0.035294922
-0.016214901
0.015890284
-0.0097007713
0.0027000163
-0.0086884938
0.10527671
0.023853713
-0.01634262
0.28481041
5.7405296
-0.0039298492
-0.03720781
0.0028474446
0.01642891
0.017879955
-0.015482233
1.3570918
0.64431947
-2.0014113
0.047583531
0.34298182
-0.0018603389
0.02947892
-0.027618581
-0.11403453
0.068653722
0.045380806
-0.2209877
0.17484484
0.046142861
0.02093065
0.010464052
0.020038048
-0.091888526
0.030932279
0.060956247
0.034513169
0.0054694886
-0.039982658
-0.031437492
9.0589589e-05
-0.00020327077
0.080450757
0.028136131
-0.027638501
-0.00049762973
-2.6310923
-1.1054337
-0.03065516
0.0029995439
-0.021966226
0.0014328691
-0.091143549
0.12148173
-0.025486791
0.028487813
0.19266858
-0.027373406
0.028330252
-0.032530245
0.031747752
0.033127244
-0.0029667609
-0.022683981
-0.0093411302
0.032025111
0.0016833485
0.055512115
-1.0548547
0.99934255
0.027144435
-0.0029198087
0.0053010169
-0.045720425
-0.015189471
-0.0042856543
0.019475125
1.2929375
-1.5337929
1.2605541
-0.26997358
0.0158194
-0.0018877023
-0.01022835
0.038130513
-0.0063569065
0.021131602
0.014807799
-0.048024843
0.035850989
0.055821963
0.014562487
-0.070384451
-0.092323968
0.0089485466
0.0121921
-0.019674388
0.0074822881
-0.041803454
0.03599305
-0.0016409995
0.026070642
-0.024429643
0.020183408
0.0054040785
-0.025587486
-0.085666191
0.060163119
0.025503072
0.022729552
-0.017158985
0.028726131
-0.0005900001
0.1002779
-0.029342494
-0.070935408
7.8308722
-9.4882232
-0.075404824
0.045800635
0.0089883075
-0.047045412
0.015240343
-0.019646696
0.0044063521
-0.048484467
0.055040017
-0.0065555495
-0.037685988
0.03041801
0.036653784
0.0051376345
-0.035362349
0.039045275
0.11443774
-0.1029159
0.029641697
-0.03038966
0.00074796352
0.017558565
0.0050136754
9.0224997
-3.4656602
-5.5568394
-0.011069922
-0.010616216
0.0057305757
-0.050896438
0.0054886023
0.088243384
-0.2644941
0.78320621
-1.107925
-0.016269577
0.19560457
-0.66179161
0.46618705
-0.12430775
0.055463146
0.019815325
-0.0045749819
-0.0037773345
-0.027275897
0.031053231
0.020911292
-0.0056224618
0.07410349
-0.0044432561
0.043705751
0.0065465177
-0.050252268
0.019905063
-0.031815521
0.011910458
0.55789847
0.034974193
0.01167987
-0.041283461
0.02960359
-1.0436261
0.22109775
0.82252831
-0.018499321
0.021804357
-0.015449544
-0.027181367
-0.0061865389
-0.75584404
4.6868517
-0.016414276
-0.027360061
0.030724164
-0.0033641036
0.0071438311
0.057776208
0.059242915
0.0031984628
-0.0063179406
0.0031194778
0.00040858907
-0.026295605
0.025887016
0.05036111
0.0014509887
-0.051812099
-0.05514233
-0.0066402985
0.061782629
-0.044513554
0.57760027
-0.67525949
0.097659226
-0.3423721
0.43089022
-0.088518121
0.17356317
-0.022708488
0.058971599
-0.027295725
0.027124895
0.00017083068
-0.019905369
0.006112545
-0.0081204025
-0.012630485
0.63168065
-0.30681439
-0.72095967
9.6320989
-2.139826
-0.071906753
0.075639159
-0.0037324059
0.047098214
-0.055292382
0.0081941672
-0.035192821
0.056477375
2.5520669
-0.021293093
0.022560625
-0.0012675321
-0.017004601
-0.025750883
-0.019193335
0.44599527
0.23310235
0.1008235
-0.036536382
-0.12230131
0.18474633
0.00039379797
-0.038465978
0.18044913
-0.04109322
0.18561246
0.0010152299
0.022186847
-0.060171464
0.059552046
-0.12598302
-0.057773844
0.050776992
0.0069665411
-0.057743533
0.80539585
1.7867345
-0.017005119
-0.0076024667
0.00023138743
0.02219739
-0.23586873
0.33941935
0.055998789
-0.024988352
0.080409345
-0.026753629
0.0044383085
-0.033877896
0.029439588
-0.230441
-0.0041943542
0.13141175
0.14643488
4.2008388
0.004488904
-0.025778398
-0.027183243
-0.0029904519
-0.04052886
0.038170792
0.0023580686
-0.6840629
0.024195681
-0.076438737
0.052243056
0.018804628
0.044457071
0.019361353
0.060607021
0.082814292
0.031895669
0.013145839
-0.029381616
-0.067037541
-0.014148848
0.73768755
-1.611225
0.8735374
0.041127753
-0.048740593
0.0076128404
-0.018765644
0.047478117
-0.42676192
0.019992408
-0.052343256
0.032350848
0.01124032
0.06921897
0.033341721
0.0022850421
0.046870783
0.011420153
-0.058290936
-0.020202954
0.0084822069
-0.10885268
0.12311552
-0.01426284
-0.11569452
0.063141359
0.052553162
0.0010711714
-0.027456947
-0.43336812
0.15295392
3.9872234
0.061753717
0.016635616
-0.078389333
0.038338635
0.013097397
-0.051436032
-0.018923306
-0.039018993
0.059267321
-0.020248328
0.10808065
-0.12596382
0.017883175
0.022597804
0.002988771
-0.025586575
0.054013822
0.014775846
-0.068789668
0.18078411
0.00075403473
0.23557654
-0.34842304
0.1128465
0.013639233
-0.061420693
0.0080513475
0.018937398
6.2657213e-05
-0.017458393
0.017395736
-0.12155306
0.16843819
-0.046885132
-0.025799376
0.025305456
0.065398396
0.018141877
-0.083540273
-0.34639067
2.8984576
0.031043792
0.0081374111
-0.039181203
-0.039818314
0.0058471562
0.033971158
0.020035665
-0.097502519
-0.10919908
0.21024499
-0.10104591
3.8250983
0.64514463
0.059869506
-0.094455792
0.040152214
-0.022872728
-0.017279487
-2.4637407
2.0303726
0.013139116
0.024611135
-0.03775025
-0.0053970993
0.017589199
5.9605233
-5.6757129
7.3552546
-6.5281151
0.034072083
0.10070614
0.080077967
3.3474003
-2.5206811
-0.82671928
0.49627232
-1.8768142
0.0092932957
-0.0031227526
0.11901409
-0.11589134
0.1574198
0.002817667
-0.16023747
-0.021037341
0.0099674196
0.084691023
0.056454362
0.017061624
-0.019970421
1.7283425
0.012857741
-0.063862889
-0.12608267
0.76094811
-0.63486544
0.036786929
-0.046237013
0.0094500847
-0.067516908
0.0047567247
0.031181796
0.11117074
0.01475675
0.00040175924
0.056709356
0.012443849
-0.069153205
-0.050011569
0.08973467
-0.039723101
0.12445893
-0.11514413
-0.0093147961
-0.089611129
-0.095676646
0.036758204
0.025676656
0.011071696
-0.062994655
-0.00062114265
-0.029287568
-0.019060892
0.040150769
0.013365896
-0.2140856
0.2007197
3.506639
-3.8621143
0.010482117
-0.041610056
-0.023374583
0.079022415
-0.010480505
-0.018201576
0.028682081
-0.057917718
0.01114269
0.001449491
-0.03354976
0.04096845
-0.0017436928
-0.039224757
0.32463916
-5.7694653
0.068050314
-0.026816723
-0.045112182
0.0078909589
0.016679823
-0.016650261
0.02650662
-0.0098563584
-0.12855109
0.11425267
0.18274203
0.37081481
-0.55355684
-0.50969618
-0.095824302
-0.50275746
-0.36747684
1.3335738
-0.26477806
-2.3611965
2.2965479
-0.71014145
0.10269281
0.60744864
0.026165133
0.15255499
-0.17872013
-0.028199673
0.011549411
0.057370231
0.022556225
0.0078145698
-0.030370795
0.11904743
-0.013643511
0.0027522131
-0.2744452
-0.089306997
-0.095420502
0.016867362
0.07855314
-0.085036561
0.56497033
-0.47993377
0.12496355
-0.12037886
-0.0045846984
0.060171016
0.015917286
-0.076088302
-0.044763632
0.089369454
0.023088482
0.0053563012
-0.0053831142
2.6812814e-05
0.13018517
0.11778093
-0.024924234
0.0028586456
0.055176293
0.0095780394
-0.064754332
0.0440208
-0.086047333
2.4023167
-0.092692306
-4.9132448
0.036253039
0.010179426
-0.052355944
0.015827942
0.036528002
0.010952453
0.015407584
0.34664679
-0.31954301
-0.027103785
0.046165706
-1.9936801
1.4768624
-4.6566391
0.16165831
0.039760163
0.010015932
-0.049776095
-0.021549781
0.024792746
-0.0032429654
-0.018548538
0.037245885
0.69971424
0.045507398
-0.74522164
0.063224425
0.014992466
0.072608016
0.011870704
-0.08447872
0.4907379
-0.25496235
-6.5636078
-3.9859971
-0.019495338
0.021374453
-0.0018791151
-0.081227702
0.28532358
0.027437144
-0.01173261
-0.015704535
0.07139494
-0.25133365
0.17993871
-0.036444195
0.010154715
0.02628948
-0.027996609
0.00035810803
9.7926318
-0.06727615
0.18845789
-0.17509199
0.011396185
0.017853176
-2.3468227
1.9717781
0.37504461
-0.0086249785
0.045197076
-0.036572098
-0.018995214
-0.0084362569
0.033804863
-0.040796913
0.0069920503
-0.015474033
0.015357561
0.041856558
0.016497154
0.10259782
0.63050419
-0.84249267
0.21198847
-0.020369964
0.033586356
-0.013216392
-0.065539993
0.023392685
-3.1947504
-6.0709725
-1.319993
0.37164075
0.94835228
0.035383498
-0.037271437
0.0018879389
0.028134414
0.03607736
-0.03363536
0.014195638
0.019439722
0.0028788298
-0.033284273
0.030405444
0.0090682566
-0.037744848
0.36921628
-0.28613405
-0.083082233
0.087806211
0.018093216
-0.044404373
0.016707837
-0.0044412367
0.02604644
0.078284483
0.08874798
-0.22367294
0.057887104
-0.049233908
0.040501423
-0.036625437
-0.0038759865
-0.093531426
0.20130521
0.037857676
0.0025140656
-0.040371742
0.018636201
0.020662843
-0.74918517
0.77962127
0.017130181
-0.018970654
-0.161857
0.25060498
-0.14225536
0.051111812
0.022009213
-0.13547735
0.3212154
-3.2649434
2.943728
-0.045996944
-0.030071071
-0.0097933318
0.039864403
0.32753497
0.10556064
0.053498331
0.028024531
-0.081522863
0.012385532
-0.05010956
-0.057328168
0.0071373262
0.041138563
0.013508772
-0.054647335
0.024971369
-0.025294553
0.023187275
0.0053895847
0.078653434
0.012570605
0.011972577
0.060268728
0.023395302
0.03285944
0.012887968
-0.045747408
-0.022459103
0.017464626
0.029344853
-0.035836205
0.0064913512
0.0047177843
0.0015761673
0.03295943
0.0047487857
-0.02652594
-0.03128246
0.063255725
0.02097248
2.309819
-0.67432306
-1.6354959
0.0071197161
-0.11166244
0.10454272
0.010402456
-0.044917764
0.034515308
0.028123286
-0.060599454
0.0035953535
0.020765251
0.076843958
0.02007274
-0.096916698
0.02584245
-0.0053075533
-0.020534896
0.091314393
-0.11827416
0.02695977
-0.014149509
-0.01246185
-1.3516472
0.60491812
0.74672907
-0.019266
0.023898602
-0.0046326018
-0.013418104
-0.0023754293
-0.013260067
0.00043328791
0.010265909
0.034570277
-0.044836186
0.056425617
0.017528323
-0.07395394
-0.0019727347
-0.08244346
0.084416195
0.059648207
0.015408524
-0.075056731
0.032509801
-0.090272749
-0.076281861
0.022960666
0.053321195
0.085089074
0.023932507
-0.010919468
0.033475693
-0.016246132
0.041071375
0.016091171
-0.019344661
0.0032534896
-0.02464256
-0.020499904
0.20274068
-0.041728597
-0.16101208
0.019202709
0.020949505
-0.045908303
0.011743597
0.034164706
-0.27861958
-0.01355423
0.019767033
0.00036790908
-0.84697119
-2.3745874
0.031919762
0.0075629637
-0.039482726
0.32199459
0.10084102
-0.033205968
0.049668835
-0.016144099
0.030839543
-0.014695444
0.053110387
0.011833829
-0.064944216
0.055621737
-0.014561043
0.034904806
-0.020343763
0.022571586
0.046435387
-0.064221373
0.017785986
-0.057255359
0.014106004
0.043149354
0.079414347
-0.017416552
0.0050699333
0.053691451
0.017413671
-0.071105122
0.027131365
-0.0024901453
0.06133456
0.014631643
0.046243694
0.049253982
-0.0064335264
0.052203369
-0.00083160817
0.021426401
-0.045488805
0.028278157
0.017210647
0.020661926
0.10226932
-0.11427513
0.012005815
0.028642684
-0.015520199
-0.013122485
0.045342662
0.019276239
-0.064618901
0.01811009
-0.0059683413
0.057471032
0.0084405538
-0.065911586
0.083006424
-0.023358217
0.00042653032
0.014263761
-0.014690291
-0.3049048
0.036709857
0.0037915664
-0.052022913
0.046551261
-0.03016493
-0.016386331
0.03431102
0.0091513588
-0.043462379
-0.066580669
0.023426268
0.043154401
0.038184637
-0.04626131
0.0080766731
0.016153928
-0.052049695
0.03876161
0.016740629
-0.055502239
2.195808
7.3683538
-0.052726193
0.031670366
0.021055827
-0.18770181
0.10545521
-0.024579573
0.026657896
0.06101183
0.062751411
0.016281618
-0.079033029
0.036113728
-0.039174423
0.0030606959
-0.033337187
0.031476848
0.06922853
0.017751976
-0.086980506
0.18010767
0.046007671
0.02917944
0.0060904449
-0.035269885
0.084100936
-0.035358684
-0.048742252
0.0059772127
-0.032328059
0.026350846
0.0075923129
-0.039449872
0.031857559
-0.28556053
0.059018896
0.035834329
0.013388955
1.061939
-0.016646703
-0.027135876
0.0057065858
0.78371139
-0.44812379
-0.028883629
-0.0017425828
0.14593331
-0.20079231
0.054859002
0.006071754
-0.02901211
-0.01154217
-0.0086881141
0.020230284
0.039500932
0.0099406264
-0.17287206
0.14105541
-1.0811935
0.015859966
0.025165294
0.0048307505
-0.029996044
0.61613644
-0.16530223
-0.45083421
-0.018630492
0.0070883216
0.032632253
-0.048020642
0.015388389
-2.1913424
2.7290534
-0.53771108
-0.029961434
0.050300495
-0.0076081152
0.037122825
0.017536157
0.0042949552
0.015823225
0.0041220849
-0.054432956
0.0057352774
0.012801127
0.010511106
0.012912863
-0.023423969
0.11582256
0.07858534
0.16027069
-0.028538189
-0.1317325
7.9994628
-1.8299852
0.01040662
0.03364461
-0.18049689
0.095893048
-0.62344582
0.180767
0.44267881
-1.1871796
-0.0014332474
-0.024582995
-0.073935666
0.098518662
0.0052203471
-0.034189999
-0.036653495
0.036659099
-0.0032430127
-0.019889486
0.023132499
0.10247298
-0.044300222
0.011269058
0.033031163
0.091313882
0.046792325
-0.10974874
0.062956416
0.13148853
0.004448445
-0.04904187
0.037259186
0.018894207
-0.024744321
0.005850114
0.044263959
0.028976344
-0.047405571
0.02597615
-0.79151277
0.76553662
0.49388555
-2.3745579
0.25015101
-0.24598356
-0.0041674432
-0.0096429466
-0.030760418
0.040403365
0.0070824087
0.014244686
-0.039222038
-0.0005962759
0.016246068
0.044241994
-0.070767934
-0.041653514
0.015036978
0.013605706
0.064335084
-0.024748248
0.50461429
0.072857992
0.025958686
0.011775879
-0.037734565
0.068534169
0.23173766
-0.30027183
-0.36782349
0.032163882
-0.00089346861
-0.031270414
0.0050979329
0.033646331
-0.10501342
-0.020094631
-0.0047566272
-0.01872404
0.023480667
0.17541351
-0.097802201
-0.077611305
0.2134719
0.066974801
-0.34300905
-1.2778424
0.0087798562
-0.031463837
-0.023081236
-0.022942114
0.027766431
-0.0048243169
-0.068718385
0.094828263
-0.02872074
0.033660779
-0.0049400382
0.0071864527
-0.0088196261
-0.012204344
-0.010848839
-0.0053837301
0.027618844
-0.47324127
-4.2910193
4.7642606
-0.31475944
-0.028535308
0.57677435
-0.54823904
0.024435162
0.001318877
-0.025754039
-5.0963433
0.83562853
-0.63781589
0.54383943
0.09397646
0.01305685
0.022691823
-0.035748673
-0.1257683
-0.67230289
0.1882086
0.13026886
-0.31847745
0.04819149
0.016213419
-0.0046795857
-0.011533834
0.018425865
-0.041212642
-0.071171743
0.092592749
-0.021421006
0.055793097
-0.031392694
-0.0051886525
0.036581346
0.46819734
-0.42772327
-0.13427384
0.2196191
-0.023528728
0.0019747738
0.021553954
0.015292043
6.5012422e-05
-0.075095514
0.11948873
-0.56756223
0.60317761
-0.035615379
-0.036813066
0.0084688956
0.0023800979
0.029883506
-0.39688661
0.092425522
-0.5048456
0.70045017
0.15740548
0.028541839
-0.18594732
-0.068119164
0.076844949
-0.038933861
-0.029150787
0.13639246
0.037469912
-0.17386237
0.064139833
0.031076238
-0.032171681
0.0010954426
-0.021276135
-0.0084636299
-0.03375481
0.035380486
-0.0016256765
0.02320411
0.01566979
-0.0388739
-0.029713114
0.0079423313
0.33814127
0.80893765
0.70448286
-2.4261533
0.099341438
-0.031241858
-0.06809958
0.12066631
0.027710378
-0.14837669
0.2142692
0.085313688
-0.29958288
0.036057901
-0.0051212854
0.023470949
-0.00061655614
-0.022854393
-0.017497292
-0.011588976
0.029054116
-0.0042073306
-0.024846785
-1.3014135
1.058362
0.24305146
0.035150783
-0.047506084
0.001268195
0.020504503
0.0083230001
-0.0332294
0.022807772
0.0032250454
0.026329726
-0.00048190793
-0.025847818
0.0362146
-0.044985429
0.0087708284
0.056839022
0.0037189545
0.12775546
-0.0068324472
0.024537893
0.0086411728
-0.033179066
0.021887389
-0.029287011
0.0073996216
-0.070215808
0.06496982
-0.00048469359
-0.027375993
0.027860686
-0.007004671
-0.012243207
0.019247878
0.78369741
2.6192756
-0.58461383
0.1298719
0.45474193
0.016943559
0.00054025486
0.0070130236
0.023380836
-0.03039386
-0.0064514159
0.30255283
0.044465778
0.0065416105
-0.037660474
0.031118864
-1.0125946
-1.4034439
0.062052822
-0.036431576
0.042447973
0.07065752
-0.021329185
0.016180443
0.032556639
0.028410107
-4.1274878
3.0858618
-0.033705288
-0.0050886865
0.038793975
-2.3572801
3.162676
0.090456371
-0.027457564
0.013166965
-0.030496275
-0.00035914677
-0.68195375
0.1014845
0.032062663
-0.051051282
0.018988619
0.13228168
-0.17350887
0.041227189
0.063620136
0.025219715
-0.088839851
0.041662414
-0.013249296
0.01712988
-0.066470148
0.036743195
0.0023183693
-0.023724866
0.01937851
-0.019777491
-4.2751067
0.082339549
0.11336752
-0.046134707
-0.014578576
0.060713282
0.0037760281
0.0065715648
-0.02382777
0.017256205
-4.4700189
4.9001869
3.8513412
0.0023613792
-0.054336306
0.051974927
0.02721393
-0.0053645917
-0.021849339
-0.19136764
0.50012577
-0.027639874
0.01999935
-0.028443545
0.030273395
-0.0018298507
0.068515553
-0.0099405343
0.023837241
0.021546728
-0.06048059
-0.0030125937
0.028793863
0.49474966
-0.026552314
0.48079803
0.10195116
-0.023952814
-0.0028585212
0.32948256
2.6108686
-1.2063921
0.32794642
0.87844572
0.27160039
-0.10158776
-0.17001263
0.010847426
0.035750368
-0.14670693
0.069095523
0.025781773
-0.07876251
-0.019334178
-0.0122979
0.031632079
0.042328486
0.025904927
-0.068233412
-0.026515038
-0.0039544845
0.047499085
0.021243707
-0.010241428
-0.08243562
0.018342909
0.064092711
-0.022237646
-0.0031445688
-0.02810697
0.032175732
-0.0040687623
0.027625168
-0.031402503
0.097420922
-0.018737711
-0.05551306
0.074250771
0.036266185
0.086290431
-0.067222178
0.020692265
-0.0030473796
-0.045018283
-0.011753195
0.024817636
0.0017835821
0.018672215
0.098595633
-0.013639071
0.032380599
-0.0012127799
-0.031167819
-0.022276882
0.017660999
0.1022534
-0.070424476
-0.0060839768
2.2180456
-2.2119616
-0.0013253805
0.023662666
0.048521081
-0.0071261468
7.8530215
-7.734958
0.2093092
-0.15937685
-0.030615557
0.031692375
-0.0010768183
1.2435103
-0.11666245
-1.1268478
0.056907216
-0.78767642
0.12403205
0.66364437
-0.0007314367
0.14281232
0.037852268
-0.18066459
-0.05202769
0.052033457
-5.7673359e-06
-0.072265759
0.22967124
-0.013445243
0.042928362
-0.024999779
-0.0055083822
0.030508161
-0.022265356
-0.003835373
0.026100729
0.60804337
-0.043234757
0.17848798
0.37364784
0.55823282
7.2947887
0.070577485
-0.0072083882
0.08321201
-0.14288886
0.030172654
0.02604046
-0.016887055
0.0047252277
-0.022032663
0.017307435
-0.036136937
-0.012705801
-0.05538508
0.04141903
-0.55207783
0.50799364
0.044084193
-0.38732066
0.041391829
-0.042158484
0.00076665516
-6.8140317
-3.0443046
0.019851196
-0.019821719
-0.017621177
-0.0046557045
0.053793847
-0.15880727
-0.026679328
0.00016429052
0.0065135464
0.030761675
-0.037275222
0.0055178605
0.026646022
0.10035747
-0.12784965
0.01470678
0.11314287
-0.0030421448
0.0029576461
0.0035669539
-0.0065246
-0.22898001
0.11287616
-0.0027298497
0.00033993434
-0.017322453
0.073972511
-0.013703783
0.051054252
0.16887725
-1.922671
2.6271539
-0.012985528
1.0971939
-0.1347326
0.10336899
0.031363607
-0.082612623
0.019273216
0.063339408
-0.61031378
-0.0027514755
-1.2583581
-2.7087015
3.9670596
0.011588307
0.024214728
-0.022095023
-0.0021197044
-0.079146375
0.023633316
-0.10611359
0.072602722
0.033510869
0.00088399962
0.021542944
0.074838522
0.0292176
-0.10798011
-0.028027895
0.027883915
0.00014398012
0.049959631
-0.025293795
-0.024665836
0.037038618
0.049576804
-0.0073500173
0.036529457
-0.028755074
0.032559827
-0.0038047527
0.055166568
-0.040534925
0.12547364
0.04806409
-0.02485998
-0.035601276
0.058084155
-0.13247644
0.098822708
0.033653728
-0.0048950775
0.030060371
5.3429212
-0.54264243
-4.8002787
0.033633396
0.00040425979
-0.03251504
0.0032862051
-0.024009519
0.020723314
2.0351474
-3.0880739
1.0529265
0.33508673
-0.17884913
-0.15623759
0.037449014
-0.0066873388
-0.20966987
0.082154406
-0.0064233828
0.04460802
0.002517902
-0.042895743
0.040395299
-0.0078554662
0.14771334
0.28724989
-1.0879124
0.06580834
1.2070892
-1.4862325
0.27914328
-2.5252039
4.2308106
-0.038578881
-0.025467689
0.028974884
-0.097235933
0.068261049
0.38052722
-6.8504278
6.4699005
0.26824832
0.8117275
1.4980915
-0.065309351
0.20807797
-0.14276862
0.013062538
-0.026356303
0.013293765
-0.057818139
0.020016302
0.037801837
0.031180997
-0.040254512
0.0090735146
0.046330337
7.4226654e-05
-0.021009264
1.4552787
-0.060305114
-1.0822943
1.3432514
-0.26095708
0.019676398
-0.038655356
0.018978958
-0.04617729
-0.021915432
-0.018165722
-0.0090608375
-0.074920313
-0.0067263827
-0.1456838
0.032605457
-0.027793036
0.017772383
-0.056791376
-0.01559274
0.0046013085
0.23119991
-0.36763426
0.045871249
-0.023286814
-0.042583839
-0.014687568
0.057271407
0.055911901
-0.026414121
-0.02949778
0.070449075
0.034311158
-0.026624008
-0.0076871495
-0.050689682
0.011778159
-0.028126608
0.0031189606
0.04506931
-0.028109604
0.028345077
-0.033973117
-0.12253692
0.026594149
-0.033975875
-0.042486247
0.076462122
-3.6684833
2.358066
1.3104172
-0.034644666
0.030307303
-0.11499096
-0.018926876
0.016726533
-0.023286848
0.016335819
-0.023267622
0.0069318032
0.044047839
0.0068062446
0.0040727716
0.010764275
-0.018749738
-2.7886854
3.1099008
0.099508513
-0.34778975
0.24828123
-0.0097901549
0.022210665
-0.01242051
0.067146726
0.059153799
-0.12630053
-0.003726056
-0.025912643
-0.013228596
-0.028574859
-0.024553758
-1.0566397
-1.0570261
-5.9786684
0.17521689
-0.1233237
2.3377455
0.79406626
6.6385794
0.091604638
-0.11412383
0.022519193
1.1542814
-0.91720759
-0.23707385
-0.063202196
0.023346553
-0.022351193
-0.0060054696
0.028356662
-0.30324728
0.46635665
0.025499941
-0.025984635
-0.047428324
0.029281133
0.018147192
0.021003617
0.0095576272
0.07901343
-0.19244189
-2.1077766
-0.4246811
0.04248851
-0.11758402
-0.0020896386
-0.026235128
-0.074324091
0.10356203
0.054035293
0.003469256
-0.049959898
0.10201739
-6.6304978
0.030696255
-0.032406678
0.0017104231
0.0074127469
0.017716318
0.017728195
-0.094438246
0.0653553
0.039492581
-0.10484788
0.040626242
4.5508021
-4.0824186
0.054318021
0.007532744
-0.019554797
0.0043653262
-0.0063315998
-0.013118956
-0.02332784
-0.0063852738
-0.015334285
-0.0059948996
0.033327717
-0.10449946
0.029831962
-0.0046712574
0.0043155119
0.17681135
0.050763122
0.045226154
-0.083147295
-0.016772257
0.036448655
-0.0017473102
0.032318756
0.085441603
-1.0489339
0.96349232
0.02122889
-0.049035877
0.06330112
-0.074392476
0.011091356
-0.030695474
0.030947399
-0.00025192566
-0.0040542783
-0.033640439
-0.00030391012
-0.008623754
-0.059181394
0.035212215
-0.035216686
-0.013694409
-0.00089109953
0.014585509
0.045831308
-0.0025435298
0.048633325
-0.022921227
0.019120836
0.031254177
0.0098052463
0.11669805
0.0034977998
-0.020610609
0.075853656
-0.100545
0.024691346
-0.77704878
-1.5233163
2.3003651
0.026141454
-0.059820682
0.0267245
0.033096182
0.053409591
0.010764427
-0.064174018
-0.070205034
0.15357272
0.36429583
-1.5526087
0.018134698
-0.0098104683
-0.0083242293
0.095157063
0.048310782
-1.720145
-7.7813931
0.0054921424
-0.051480755
0.045988613
0.0021744483
-0.092146871
-0.034400815
0.020377329
0.049842327
-0.0061365758
-0.18050449
-0.068660757
0.17537245
0.048181933
0.012040429
0.026283188
-0.095410642
0.049983744
0.039813177
0.0048954697
-0.077901081
0.013038595
0.56559689
-0.43370587
-0.13189103
0.0055385725
-0.031784612
0.032100169
-0.00031555736
0.027074498
-0.041991809
-0.02970121
0.1145175
0.018134722
-0.0047725182
-0.013362204
0.0080100798
-0.0050524337
-0.15509276
0.019139497
-0.029209409
-0.045473298
0.0069884894
-0.033286126
0.029105076
0.19596057
0.050756459
0.1356559
-0.050021102
-0.075379732
0.084664191
-0.009284459
-0.032100349
0.0009599522
0.010482404
-0.059345286
-0.06220883
0.0097686493
0.0031954239
-0.023245403
-0.024469686
-0.004516548
0.028986234
4.4455238
0.96252562
-5.4080494
-0.0087720845
-0.018253289
-0.020327049
0.019525
0.00080204909
-0.012073268
-0.019601085
0.00030084206
-0.020324028
0.020023186
-0.05517143
-0.059291257
0.0098526853
-0.11019428
0.020073476
-0.11921959
0.042301923
0.098829203
-0.088650989
-0.051256905
0.018329644
-0.086014549
0.015034242
0.018215804
-0.045720411
0.027504606
0.043489847
0.12902002
-0.062862726
0.010156694
0.052706032
0.013150223
-0.017892276
0.0047420531
0.066607589
0.0074959011
-0.012686176
-0.041646177
0.1472502
-0.047005439
0.0041735105
-0.040491299
0.0031712034
-0.52066341
0.035167442
0.035879093
0.0082011356
-0.054378426
-0.10899909
-0.016499122
0.12549821
-0.12147975
0.019141449
0.0078601888
-0.013894873
0.012974461
-0.0051142719
-0.15219305
0.117424
0.034769057
-0.10611641
0.022290354
0.00015508943
-0.0052405755
-0.029804678
-0.0022628932
0.032067571
-0.039390975
-3.8630615
0.010973405
0.021104958
-0.032078363
0.036307657
-0.0050977259
-0.050557542
0.0075285407
-0.0065231849
0.05001952
0.12406673
-0.028631879
0.00066844534
0.040714438
0.087761299
0.021084308
0.06660726
-0.059373941
-0.12731698
0.062822689
0.011234639
-0.074057328
0.10234639
-0.03291404
0.0016420968
0.70560022
7.2938625
0.042887018
0.032286418
-0.0026504539
-0.27280408
-1.047189
0.43872144
-0.72810397
-0.030557475
-0.00088001672
1.4822257
0.016495783
-0.021084226
0.0045884425
0.048820675
-0.03039481
0.056479783
0.012648598
0.079082763
-0.90411664
0.77834834
-0.22748512
2.2955688
0.010848209
0.042146916
-0.052995125
0.041492757
-0.0050206468
-0.0015548954
0.059918999
0.12053013
0.056315591
-0.0017533613
-0.05456223
-0.050580792
0.0074812186
-0.10676114
0.40165044
-0.028828208
0.0094989276
0.01932928
0.0055799556
1.0259172
0.021024663
0.019120274
-0.018711872
-0.0041308205
0.134037
-0.12990618
-0.0021570657
0.89035276
0.37020131
2.6145944e-05
0.020752504
-0.21323746
0.31149191
0.75044713
-0.037381751
0.0053205175
0.035994877
-0.038379968
0.012540619
0.025839349
0.055174901
-0.0045034004
-0.050671501
0.012905571
-0.030228538
-0.12387771
0.063778567
-0.020299388
0.017920097
0.002379291
0.043037504
0.0012589746
-0.046556166
0.02904837
0.017507796
0.0067926612
0.010761848
-0.26011892
0.085138227
0.09553084
-0.088762196
-0.040315359
0.0037439088
-0.002525098
0.016896525
-0.014371427
0.0042885576
-0.022399144
0.018110586
0.17396543
0.068137653
-0.51217853
0.49274062
0.019437919
-0.02308135
-0.0051032591
0.19698575
-0.97174304
-0.037479297
0.79009953
-0.21490126
0.05793352
0.05250611
0.01611822
-1.1260494
-0.013618079
-0.024523466
-0.0021062325
0.026629698
0.019818856
-0.00061682856
0.058312559
-0.070227879
0.01191532
-0.024292131
0.0054808461
0.018811285
0.010781471
0.01525899
0.0044577383
-0.022483291
0.018025553
0.030667858
-0.029398789
-0.0012690683
0.00019734431
0.036848018
0.009173977
0.10204631
0.48764589
-0.5896922
0.0074141277
-0.038806822
0.53053121
-0.018583153
-0.0029989338
-0.0010972621
0.01928706
-0.01772274
0.0071907102
0.01053203
0.055728029
0.037423885
0.018447052
-0.082474493
-0.020645116
-0.0064193514
0.11081493
-0.5919376
0.020253471
0.0049195132
-0.025172984
-0.22360626
0.089332423
-0.052675143
0.039988967
0.18487836
-0.24197542
0.057097053
0.72726536
-0.5062239
2.3843011
-1.6422927
-0.74200839
0.1554431
0.096911935
-0.71767889
0.10595616
0.61172274
0.01320861
0.018690616
-0.021947566
-0.72658146
0.10242094
0.044575853
0.01230588
-0.056881732
-0.094811556
0.026093171
0.059151982
0.021781188
0.0030597972
0.019562957
-0.022622754
0.045552259
0.082033315
0.014996049
0.13154817
-0.046913791
-0.052632239
-0.0027528406
-0.0016118847
-0.025504709
0.027116593
0.036442803
-0.0071868036
-0.029255999
0.23716487
-0.067125539
-0.50537985
0.028032741
-0.21649112
0.072697011
0.21686981
-0.033242415
-0.18362739
-4.0054223
7.9419438
0.033937863
-0.031892414
-0.10990342
0.33260928
-0.22270586
0.033880034
-0.15064735
-0.031802701
-0.001873744
-0.041243963
0.043117707
-0.40551162
0.2956082
-0.39583238
4.9466345
2.0458728
-0.30167396
-0.14046272
-0.074438537
-0.046994385
0.040457678
0.0065367064
0.13214158
0.030698586
0.037130067
-0.0095852593
-0.027544807
0.035764882
-0.021371828
-0.014393053
-0.022962522
0.068112703
-0.01229074
0.02566567
0.018360703
-0.021351519
0.16205992
0.45407652
-0.0028754163
-0.11366973
-0.0076423025
0.085910891
-0.24776789
-0.0026824646
-0.0022129621
0.0048954267
-0.018560013
0.066149648
0.037320002
-0.040013127
0.0026931256
0.019296056
-0.12437575
0.011846091
-0.039187633
0.027341541
-0.18136048
0.13518438
0.0461761
-4.8584767
3.6726864
1.1857904
0.055730214
0.024471965
-0.093760607
0.025696481
0.068064127
-0.051913252
0.04464952
0.0072637317
0.028646836
-0.014496543
-0.014150292
-0.013057298
-0.0080952901
0.00048172923
0.022243753
-0.022725483
-0.023956936
0.039275252
-0.13409701
0.34836621
0.056652557
-1.3379336
-0.68682562
0.03746574
0.0077459226
-0.0068377681
-0.023043144
0.029880912
-0.1499688
0.51832666
-0.36835786
-0.034676308
-0.0099487491
-0.034858009
0.01660718
0.018250829
-2.5979942
2.5679195
-0.091889426
2.2506886
0.2507705
0.014278892
-0.0071479173
0.016243403
0.017193197
0.068152379
-0.085345576
0.38991422
0.029364156
0.00046780602
-0.10454351
0.59893247
-0.045865163
0.0054020464
0.0007212259
-0.031278701
-0.041325756
0.032969499
0.0083562565
0.05887643
-0.10356199
0.044685557
0.0052454653
0.0056216549
-0.01086712
-0.03008063
0.001637086
0.00099165981
0.0098818187
0.025060461
-0.026893446
0.0018329846
0.030996047
0.0068884756
-0.037884522
-0.66669683
0.1816663
0.03176026
0.020155351
-0.022795855
-0.034612215
-0.71884497
0.1029869
-0.046633645
-0.026122497
-0.031695642
-0.10890501
-0.06021615
0.0016306108
0.78285306
0.032615722
0.010036213
0.072908978
0.048534689
-0.058204823
0.0096701339
0.084983001
-0.1509279
0.065944899
0.1279022
-0.046376542
0.2966845
0.57511394
-0.055241345
0.040820805
0.01442054
-0.036249171
0.037479403
-0.0012302321
-0.047290311
0.55190461
0.95650099
0.22179681
-0.054482359
0.0039443293
0.025956722
0.018481731
0.045480503
-0.053930617
0.92357711
-0.081709108
0.15201214
-0.0032226176
-0.022677599
0.041522486
-0.14507334
-0.019410253
-0.16168287
0.18109313
-0.05939786
0.060947277
0.012089114
0.040913094
0.035171816
0.058002378
0.026098558
0.015792628
-0.022797299
0.012783703
0.077248229
0.01823477
-0.13918295
-0.061708767
0.0536199
0.008088867
-0.082486889
0.020393729
0.030297302
-0.040502645
-3.4314642
-0.92191327
4.3533774
0.056227346
-0.82761878
0.17752297
0.6500958
-0.022190537
0.022491379
-0.077784369
-0.060374144
0.051716133
0.0086580113
-0.72320902
0.068451085
-0.16879907
0.10034799
3.0419369
-6.7835491
0.096981351
-0.11623692
5.0643362e-05
-0.018062574
-0.073109798
-0.042195129
0.014086462
0.026730985
-0.007836778
-0.16324028
0.13931504
0.023925236
-0.011922276
0.18294445
-0.1629093
-0.017292054
-3.6940146
2.6056653
1.0883493
-5.2788091
0.035073143
0.00016233253
0.028174286
-0.028336619
-0.012870399
0.019023024
-0.00083709965
0.0034943925
-0.03436056
0.030866167
0.019485781
-0.020191138
0.00070535753
0.020890805
0.012180726
-0.033071532
-0.061987221
0.046990053
0.014997168
-0.037732989
0.02127462
0.016458369
0.023040355
-0.0067045362
0.024251167
-0.0095382337
0.018910029
-0.009371795
-0.049930925
0.040312951
0.0096179734
-0.031973909
-0.0042061324
2.58444
0.50863964
0.11539311
-0.43449022
0.3190971
0.081768955
0.15539591
0.050784305
0.01802004
0.020793033
-0.017992717
0.014550143
0.0034425737
-0.014753867
-0.023733897
-0.008323013
-0.00084023606
0.0091632491
-0.052323767
0.019117799
0.10057494
0.11192949
-0.21250443
0.004020108
0.027172588
-1.4741505
0.0062078891
0.023686414
-0.017114849
0.0026738365
-0.081969384
-0.0079001909
-0.13869447
0.050610711
0.088083755
0.057614116
0.0096146042
-0.06722872
-0.11331137
-0.0009637657
1.0014215
0.3622573
-1.3636788
-1.681764
-0.014320277
0.02355093
-0.027394194
-0.31288049
4.793861
-0.088069396
0.13905299
0.023537326
-0.16259032
0.034132701
-0.034981299
0.0008485977
0.019909077
0.0031916208
3.4994977
-1.0844749
-2.4150229
5.3971512
-0.83821906
-4.5589322
-0.03937353
0.0040388211
0.035334709
0.03528235
0.012154574
-2.8483364
-0.062374744
0.018925995
3.0630619
-3.9100331
1.220525
-1.1169999
-0.1035251
-0.022446547
-0.013520587
0.035967134
-0.02392149
0.0016838443
3.2048633
-2.0533553
-1.1515079
-3.5345743
-3.443889
0.068717964
-0.033348451
-0.035369514
0.013671292
0.019900242
-0.033571534
0.065852935
-0.02808074
-0.022205365
0.020104294
0.0021010708
-0.051174816
-0.15797757
0.023177082
-0.031410795
-0.00070607227
-0.064003206
0.046801666
0.01720154
0.058966069
-0.0010377633
0.006332874
0.029047081
-0.0079742306
0.02159981
0.053307831
0.14943285
-3.5093294
9.6708108
-0.0096447208
-0.0080780193
-0.077734978
0.010841439
0.009784936
0.012147961
0.028384629
-0.0041699017
0.016557197
-0.030629534
0.014072337
-0.14549076
-0.12384326
-0.022876504
0.027160236
-0.16521141
-0.039378205
0.0047760641
0.018559256
0.035460527
-0.0012345214
-0.034226006
-0.018455891
-0.0018711583
0.049908063
-0.059546969
0.0096389059
-0.012855991
0.0037078007
0.0091481908
-0.096178961
-0.0099374526
0.025016549
-0.02815663
0.003140081
-0.21463231
0.061407061
0.043335688
-0.10474275
0.085605876
-0.29068298
0.11735308
-0.080373762
-3.2561666
-0.0010754045
0.027334674
-0.02625927
0.018571394
0.10449847
0.016882306
0.76203328
-0.32331184
-0.84650405
0.71492069
0.019392283
-0.071791265
0.019318804
0.024907922
-0.044226726
0.034132981
-0.056846798
0.022713818
-0.057271691
0.0021727163
0.013416698
0.0182753
-0.031691998
0.011990235
-0.038740052
-0.071031493
-2.1456205
-0.88178801
3.0274085
-0.00093137088
0.036978597
0.0068259826
-0.084435213
-0.0074533134
0.037155977
0.011449072
0.015986927
-0.027435999
-0.12102503
-0.30315527
0.4241803
-0.028705852
-0.0051880943
0.033893947
-0.033221161
-0.0038864388
0.021561742
-0.021413328
-0.00014841369
0.82265151
-0.02433137
0.018665909
0.0087009009
0.020688266
-0.0014132529
-0.00028650825
-0.028259909
-0.00036170618
-0.047019976
-0.0036697057
0.080756753
-0.32382089
-0.025584444
0.047707938
-0.05499323
0.0072852921
-0.099125536
-0.052181536
0.03712507
0.015056465
0.0062607378
-0.016547163
0.010286425
-0.028305021
0.027081726
0.0012232952
1.0367248
-0.0045862351
-0.00015670377
0.06891569
0.0301326
-1.7690589
0.026012203
0.030221891
-0.0093310854
-0.068354454
-0.15089278
0.19875007
0.043692858
-0.047747136
-0.089793461
0.010523029
-0.56858961
0.49978365
0.068805959
0.0023282395
-0.018426777
-0.019306212
0.02150337
0.020927621
0.033030994
-0.48317987
0.58522618
0.078608068
0.02073337
0.017953732
-0.0063665678
-0.011587164
0.03604541
-0.024596337
-0.11655618
0.020385411
-0.0072351878
-0.058034685
-0.0594608
0.026657901
-0.026637617
-0.04254997
-0.077056884
-0.033137397
-0.094333783
5.18171
-6.028464
-0.032711436
-0.064466667
-0.015826205
0.035818613
0.01428057
-0.013347134
0.60874665
-0.0037693604
0.031303141
0.02277479
0.010208556
-0.090080731
-0.049964744
0.19277706
-0.16397248
0.26409703
0.042694749
-0.040431925
-0.051169565
0.095190364
-0.03524117
-0.0026085619
0.016302415
-0.013693853
-0.059802939
0.015632018
-0.00018011373
0.019707812
0.057073192
0.023355892
-0.041812567
0.11817274
0.023625469
-0.005909151
0.015779706
-0.11354057
0.027653125
-1.5063796
2.0235219
-0.5171423
-6.3109516
0.057974195
6.2529774
0.025495432
0.13658942
0.3794946
-0.51608402
0.030063156
-0.025624848
-0.024206954
0.024220365
-0.32136128
0.45701056
-0.13564928
-3.8115617
-0.03950053
0.032352613
-0.20115572
-0.029624999
0.0022346404
0.062755909
-0.07417909
0.011423181
0.015362479
0.0044464171
0.032427322
-0.036873739
-0.013578945
0.066894533
-0.23910107
0.17220654
0.047418596
-0.036913759
-0.010504838
0.054370575
-0.012565067
-0.54720969
-3.5802781
0.015694174
0.031724423
0.11017003
-0.054443008
-0.032903016
-0.0091485709
0.042051587
0.017377924
-0.096301494
-0.016981282
-0.3985558
-1.5259715
1.9245273
-0.028622113
0.001262052
3.4514906
-0.074125795
-0.040226181
0.017758785
-0.017669778
-0.12431579
0.033296726
0.035587252
-0.039517101
0.1989676
0.23192261
0.027311674
-0.015631804
-0.047199562
-0.0194885
-0.0048036313
-0.041046087
0.03799674
0.003049347
-0.023985066
-0.10487142
-5.2196404
-0.042214739
0.012253305
-0.068488847
0.00030892295
0.068179924
-0.058381019
0.011361043
-0.090480189
0.029462655
0.061017533
-0.10937069
0.021638407
0.087732281
-0.030797216
-0.0033307477
0.020890523
-0.017559775
0.031498047
0.054867961
-0.032265746
-0.41724384
-2.424106
0.01159177
-0.03807537
0.0264836
-0.033650144
0.020661802
0.011895265
-0.0049838925
-0.0069113726
-0.35888674
-0.90677087
1.2656576
0.45836006
-0.020575027
0.035889295
-0.015314268
0.023082717
-0.0021092703
-0.020973447
-0.059607171
-0.00017386221
0.059781033
-0.1191597
0.022980737
0.0039368683
0.02800936
-0.031946228
-0.10387799
0.021849198
7.9198582
-9.2024856
-9.4791191
3.6675949
0.0015340226
-0.019989913
0.018678592
-0.020541563
0.0018629711
0.038034633
4.0166637
-5.0167091
1.0000454
0.051409993
-0.10136989
2.5522791
-0.014344982
0.063453766
-0.11684009
0.091623784
0.025216307
-0.12386928
0.096172629
0.027696652
0.013809195
-0.026586288
0.012777093
0.11588214
-0.20941357
0.00057930879
0.06864109
-0.020953661
0.002824205
0.018129456
1.9479663
-0.47479157
-0.040042023
-1.4097306
-3.0806356
0.033663098
0.048540525
0.028787458
0.0054613641
-0.0029598006
-0.011262274
0.0073384647
-0.026321355
9.4679221
-1.3887434
0.019281381
-0.036155627
0.016187968
0.0016919878
0.024522951
0.038564349
-0.02087301
-0.017691339
-0.10122482
0.079913095
0.021311721
0.050569838
-0.031295822
0.00019776636
0.015492363
-0.015690129
0.021823207
0.017412096
-0.021301798
0.051937653
-0.0020850502
0.0053935866
-0.025406719
-0.98016736
0.035196746
7.2778676
2.8339309
0.0070197577
-0.015077079
-0.49314529
2.0158846
0.38273802
-0.02454062
-0.057320946
0.0061461301
-0.038251457
0.0057212116
0.044861124
0.0071574648
-0.0186615
-1.3408843
-7.7351377
-0.044301518
0.090354438
0.02976777
-0.0029100618
-0.12235145
0.027543639
0.094807815
-0.024982575
0.019102121
0.0058804541
-4.8136377
0.010219453
0.0079152686
-0.021717475
-0.020463747
-0.0047946787
0.025258426
-0.036906292
0.087879987
-0.041673744
0.069808159
0.010467548
0.030500903
0.003838772
-0.023140132
0.0030060893
0.019048624
-0.020810697
0.0017620728
-0.082140853
0.011925045
-0.36811397
-0.021709552
0.0021208928
-0.02691366
0.025301776
0.030639369
0.00080592958
-0.031445299
0.020904043
-0.024751576
0.0038475328
0.016444112
0.011899207
-0.055529029
0.047944666
0.14030053
-0.011929282
-0.12837125
-0.0027269743
-0.022914717
0.025641692
-0.029440719
0.063378188
-0.033937468
-0.027901594
0.040265467
0.028452497
0.081181129
4.6790359
-0.16705499
-1.5386277
0.036723805
-0.0016729782
-0.035050827
-0.085323748
0.066835894
0.018487854
-0.0019751985
-0.028178102
-6.0264346
-0.31641057
-0.065015955
0.0077442642
-0.025300331
-0.0026886277
0.9813453
0.0016693624
-0.0211647
-0.0029208926
0.03465598
-0.0090047908
0.073425508
-0.07356638
0.00014087283
-0.027794349
0.0011654176
-0.11354527
-0.044946415
-0.12693629
-0.0027453381
0.12968162
0.19640517
-0.067247679
-0.0030169657
0.014017949
-0.039463401
0.036565127
-0.070541001
0.019549216
0.0020216777
-0.057617188
0.083088525
7.7177005
1.5231675
-0.010930151
-0.012314458
0.058923156
-0.056512633
-0.0024105228
0.13092862
0.17834044
1.5779578
-6.4750878
4.89713
0.11767776
0.057735747
-0.0036783494
-0.019117506
-0.055170578
0.015128554
0.30575923
0.0011557365
-0.018068699
-0.093281207
0.11283556
-0.01955435
-0.11973818
-0.091869841
-0.19273588
0.28460572
-0.00061949486
0.018154586
-0.07180612
0.064597732
0.10524468
0.094659931
-0.19990461
0.087986016
-0.024268098
6.1144077e-05
0.01973203
-0.028520538
0.008788508
0.007534842
-0.090021731
3.021864
0.068427116
-0.0013188684
-0.024326637
0.012232051
-0.011921635
-0.015207872
-0.025354524
-0.096859835
0.12221436
0.015741551
-0.66840402
0.15870784
5.0606075
-0.38209985
-4.6785077
-0.77827199
-0.08207886
0.14409165
-0.062012792
0.055725615
-0.17069761
0.022369771
-0.0045032954
-0.03115058
0.035653875
0.13970295
0.017716851
0.040141034
-0.0050678913
0.05399615
-0.0015665124
-0.052429638
0.11634201
-0.037968415
0.077538741
-0.039570325
0.053985364
0.054077643
-0.10806301
-2.0978184
0.0014826985
0.026999097
-0.17067151
0.26064276
-0.089971248
-2.3865668
0.43857044
-0.038392184
-0.002405446
0.04079763
0.019370295
-0.019348717
0.038597563
-0.028740701
-0.0098568622
0.028637095
-6.0958388
0.12005963
-0.16323643
0.043176805
-0.009685437
0.094228687
0.075544417
0.019844311
-0.023212171
0.00336786
-0.032263012
0.0016474558
-0.0046269928
0.11455231
-0.055372772
0.0093707277
0.0087639702
0.13012096
-0.1931255
0.063004541
-0.28060708
0.3996545
-0.41430489
0.35617262
0.058132269
-0.055855669
0.010925121
0.044930548
-0.032885534
-9.1203702
7.9276716
1.1926986
-5.5266051
-1.460248
6.9868531
-0.046564642
0.010095117
-0.028278676
0.022652595
0.033245224
-0.00015412147
-0.033091102
0.3059747
0.7755876
-1.0815623
-0.0061112475
-0.0087103208
-0.025578241
0.027790139
-0.0062044868
-0.021585652
-0.019073944
-0.014944143
0.0064901163
0.0054051488
0.060217047
-0.028725835
-0.15862099
0.01354765
-0.15561846
0.53511305
0.019412054
-0.038317312
0.34573586
-0.58757037
0.24183451
0.019962746
7.3975545e-05
-0.020036721
0.0063382467
0.050622917
-0.056961163
0.039650903
-0.0044790874
-0.00016189404
-0.019900397
0.020062291
0.014554115
0.037763616
-0.02591356
0.10176722
0.029239361
-0.0083087112
0.21210034
-0.047101249
3.2189282
-3.171827
-0.020561316
-0.0016440491
2.03672
-0.10772919
-0.47688463
-0.84163385
2.4520472
0.031774303
-0.00057797202
-0.0053253687
-0.031727862
0.058934913
-0.096903328
0.075413806
-0.20988116
0.13446735
0.055965534
0.017300809
0.0150174
-0.03231821
-0.014260299
0.011735201
0.0048332928
-0.011618978
0.0067856852
0.27241968
-0.1541615
-0.11825818
-0.00057431589
0.029869535
-0.056602045
0.0065528863
-0.0018202972
0.022025563
2.0034713
-2.2309565
-0.024150275
0.015334492
0.0088157827
-0.0063019028
-0.011390524
-0.0034871651
-0.083282827
-0.0097242719
-0.015872913
0.025597185
5.0360181
0.028738602
-0.0060643291
-0.012609178
0.00015506059
0.012454117
-0.0033542587
0.032879009
1.9559677
-5.0895086
3.1335409
0.047721777
0.0085938144
-0.0058017596
-0.020815098
0.026616858
0.02402477
-0.025100174
0.027796981
-0.018779753
-0.0090172287
-0.012194156
0.027571469
-0.041934696
-0.013594333
4.823885
-4.6709311
0.022820138
0.0066644484
-0.0035038993
-0.11305228
1.0619171
2.4286879
-0.026371135
-0.025775902
0.025658655
-0.0034541048
0.019949888
-0.026339539
0.051443337
-0.019302591
-4.4448924
-0.0025348238
0.031823771
-0.029288947
0.028007249
-0.0087258681
0.080465595
-0.012520174
-0.021075607
0.024546719
-0.03075295
0.032786042
-0.0020330921
0.020489426
-0.021255144
0.00076571892
-0.048850333
-0.036089125
0.017540586
0.019779586
0.018784763
-0.11632042
0.088451681
0.027868742
-0.49459076
-2.4976847
-0.0085447052
0.034414742
-0.0050505865
-0.11686146
0.0078623696
0.02344053
-0.0387831
0.030747656
-0.030529925
-0.026345175
0.0052695687
-0.033779153
0.090381945
0.042592991
-0.023274187
-0.10883892
0.096612569
0.012226353
-0.12489676
0.14665823
-0.01946071
-0.0037933823
0.023254092
0.02126304
-0.024633864
0.0033708241
0.018294452
-0.0013508932
0.010143335
0.033876044
-0.03010681
-0.0037692337
0.0094737747
0.023038269
-0.11119905
-0.042323566
0.0056981291
0.11804543
-0.028541499
0.034329559
-0.0057880601
0.019100229
-0.020971387
0.020229934
0.0056125159
0.026797489
-0.0023032151
-0.0035214365
0.060834497
-0.090840164
0.030005667
-0.03433311
0.038487974
-0.0041548632
-0.045678684
0.20741351
0.5535346
-0.018049553
-0.11050154
-0.036090324
-0.030490344
0.00061385971
0.046384312
0.0020651288
-0.020123383
-0.00036904042
0.020303537
-0.20434954
-0.020403968
0.013640553
-0.021784106
0.0031205931
0.029513697
0.0018899982
-0.031024575
-0.0010365267
0.018135711
-0.051038183
-0.023764544
0.040190172
-0.016425628
0.4924375
-0.86330684
-0.15144526
0.079049678
-0.039309914
-0.0078176576
0.0078597328
-0.76021518
0.69269828
0.021693365
-0.040754257
-0.00026831687
-0.019735324
0.020003641
-0.022147577
0.015151093
-0.092484935
0.03481845
0.057666485
0.039215318
-0.041266025
2.6715306
-1.0321688
1.1520125
-0.11984363
0.29516866
0.10105797
0.0027946613
0.023327835
-0.00024511844
0.02108911
-0.0041729616
-0.028952601
0.033562145
-0.0046095438
-0.32785871
-0.16850294
4.8359849
0.77498618
-5.6109711
0.031730154
0.01707366
-0.14846457
0.066385712
-0.010431583
0.11570829
-0.035092395
-0.025979758
0.061072153
-0.19446244
0.053999713
6.3745183
0.019360559
0.0064711364
-0.025831695
-0.023283672
-0.038333838
0.019259894
-0.033542738
0.035463342
-0.13766181
-0.11329722
0.25095903
-0.018214554
-0.0029875284
0.021202082
-0.038947097
0.035979609
0.0029674882
0.055176025
-0.11375616
0.075179894
-2.5017903
-1.3778629
1.3245141
-0.26615213
0.27290128
0.0087158745
-0.28161715
0.098404762
-0.19408141
-0.16370917
-0.0027833427
0.038219933
-0.022643779
-0.015576154
0.11092106
-0.040716835
0.014617108
0.026099727
0.044385258
-0.08914889
-0.036005238
-0.065585501
-0.13248811
-0.008479793
-0.11002587
-0.038476098
0.035384842
0.0030912551
0.0024678233
-0.04473784
0.042270016
-1.6835616
1.4994691
-0.08459992
-0.032198276
0.1167982
-1.184803
0.047220256
0.045837813
-0.016973072
-0.012425718
0.006321671
0.048844898
0.94383925
0.01185319
-0.0073647794
0.063953817
1.5367243
-1.6006781
-0.10104164
-0.54818736
-0.045832765
-0.028260711
0.030313642
-0.037728135
0.023095403
-0.018016648
-0.0050787552
-0.51884709
0.18148712
-0.0010900379
-0.023915416
0.035022733
-1.5459469
0.4198975
-0.022482115
0.014716992
0.0021526862
-0.0047844914
0.022170434
0.056257477
-0.082604945
0.026347469
0.028652955
-0.02701141
-0.0016415451
0.036049987
-0.024381969
-0.016567812
0.043795196
-0.027227385
2.4845861
-4.9706697
-0.019047611
-0.10843096
2.6916615
-2.8202349
0.017969534
-0.029524375
0.027445948
0.002606835
0.0350148
-4.5154219
0.0033328787
-0.087850419
0.0081810109
0.079669408
0.0014757001
-0.021760456
0.020284755
-0.015898879
-0.039775147
-0.024159329
0.057523126
0.03020879
0.00603129
-0.035407137
0.029375847
2.5903963
-0.36375439
-2.2266419
0.0062996615
0.057001458
0.10064855
-0.043034431
5.168892
-0.28782897
-4.8810631
-3.7090214
3.3222934
0.0013889552
-0.022847149
-0.030982701
-0.0055720516
-0.046930524
0.06060411
0.020626826
-0.022483186
0.021621922
-0.040334694
0.018712771
0.041699878
0.058378721
-0.043468118
0.043614967
0.084453459
0.024732995
0.017184119
0.0020709465
0.11887541
0.074659659
5.6580228
-5.5102718
0.08332175
-0.0057830099
-0.044289801
-0.84357866
0.0028210668
-0.028496151
0.025675084
0.0031140655
-0.022365301
0.019112651
-0.021418103
6.098868e-06
0.018652442
-0.021261003
-11.99586
7.0693976
4.9264624
-0.26195876
0.021100972
0.24085779
-0.12155383
0.044025614
-1.3117007
1.8079731
0.019702928
0.046934463
-0.066637391
-1.4037704
5.1683927
-0.0073195895
0.0019364753
-0.41329931
-0.96399122
-0.013983347
-0.26046185
-0.018891556
0.00030840374
0.017854977
0.017909904
0.00382292
-0.21834884
0.06770149
-0.21276323
0.16204118
0.050722049
-0.026119166
0.23102123
-0.0066920887
-0.053479375
-0.1118633
0.18898537
-0.07712207
-0.084798206
0.10576934
-0.020971135
0.33803765
5.6224857
0.076066496
-0.11101366
0.034947159
-0.019535911
0.016984672
0.0025512392
-0.040582791
0.00073724173
-0.036986413
-0.024253454
-0.0064602742
-0.041564569
-0.027435245
-0.026397424
0.05383267
-0.68926196
0.58140201
0.074742876
-0.047709439
0.043433358
0.0042760803
0.030298809
-0.034288821
-1.6457733
-0.75659569
2.4023689
0.049146074
-0.047917701
-0.0012283734
0.024741255
-0.032953272
0.024582567
-0.038748307
0.031247066
0.0075012412
0.0052409315
-0.01775147
0.012510538
-2.126782
-9.8506207
-0.10319528
1.1291125
-0.79132318
-0.049561806
0.054752975
-0.020619994
-0.0077848872
-0.66036007
-0.017781565
0.089013691
-0.18063011
0.0045258418
0.038524843
-0.043050685
0.011389986
-0.00061432855
0.058736203
-0.058121874
-0.11324975
0.041796845
-0.014904364
-0.023843944
3.0757719
-3.9118634
0.83609151
-0.0063391993
0.034200838
0.064906951
0.42943444
-2.9617113
0.0092302338
-0.061683332
0.15169794
-0.033648289
0.014936417
0.091872909
-0.081327997
0.029703087
-0.099777726
0.037442858
-0.024307808
0.0019439494
0.022313392
-0.0034016562
-0.02218583
0.0019404633
-0.63222581
-3.3879077
0.00075411706
-0.058931441
0.23677473
-0.050008446
-0.18676629
-0.0090809419
-0.037964471
0.064371525
-0.037660717
-0.026710808
0.085026845
-0.17433384
-0.7052321
-0.031223407
0.035651995
-0.0198586
-0.015793394
0.068493293
0.069377775
-0.13787107
0.031141089
0.0018672245
-0.019514636
0.017647411
-0.58074465
0.17981018
-0.052911831
-0.01294707
0.44988715
-0.33114172
-0.05745141
0.016677625
-0.010478509
-0.018349699
0.21753193
0.0010260476
-0.21855797
0.11598936
0.0073281031
0.00037578904
-0.033456074
0.033080285
0.013162995
-0.044563353
0.031400358
0.020759796
0.013320281
-0.034080077
0.031236259
-0.16889807
0.068996017
-0.18462236
-0.019632443
-0.00094204218
-0.24698841
4.8842269
-0.1635342
0.13817968
-0.0083225382
-0.26542011
0.3799582
-0.004988774
0.018834949
-0.2473203
0.1912123
0.056108007
-0.11122874
0.035327139
-0.037406292
0.0034066682
-2.7180923
3.0285007
-0.31040847
1.0936971
-1.195519
0.10182187
-8.0425636
4.6179727
3.4245908
-0.074696229
0.036437985
0.064468826
0.017406817
-0.081875644
4.4951366
-6.5205467
0.28658207
0.057813477
-0.0052517908
-0.019997287
0.025249078
-0.035903531
0.038138171
0.13707389
-0.030646378
0.031543561
-0.00089718377
-0.026984183
0.0047188268
0.14509255
-0.14167323
0.022445281
2.4260192
-10.242231
-0.03431899
-0.014421603
-0.020927474
0.01138924
0.01479992
-0.044264177
0.13146968
0.11029495
0.19205409
-0.28392394
0.023758745
-0.0084242521
0.052414293
-0.0073205109
0.032406344
-0.12100524
0.0153832
-0.015310841
0.015508608
0.017708585
-0.0069443103
-0.0031749789
-0.028948373
-0.0003138115
0.12268131
-0.24193158
0.11925027
-0.036874796
0.021196849
0.015677947
-0.040376561
0.031448959
-0.01135183
-0.020097129
0.0083700175
-0.041912756
-0.039036137
0.022403186
0.016632951
-0.23075784
0.143975
0.0025060059
0.018914582
-0.021420588
-0.045693554
0.0065671989
4.3133296
-0.4882313
-0.17553404
0.12095194
0.054582101
-0.011956114
0.0072765285
-0.017255247
0.0085796064
-0.035610116
0.033736372
-0.13417993
0.019035797
-0.023165131
-0.024263193
-0.33409447
-0.092667452
-0.020813876
-0.0028332906
0.00076650964
-0.029005175
0.028238666
0.068021861
-0.017695856
-0.028176216
-0.020605525
0.023158606
-0.018991356
0.13539976
0.078722215
-0.0091525289
0.034584774
-0.025432245
-0.0030460778
0.14209907
-0.039329828
-0.091457287
-0.029639366
0.025418073
0.039105486
-0.036622669
-3.3323044
-0.36171023
0.023149545
-0.017231399
-0.0059181456
-0.0033036919
-0.00087855302
0.021503085
0.057644171
0.28900262
-0.023125145
-0.0041705799
0.2411883
-0.11850699
-0.00087915666
-0.042414663
0.2073392
0.0095348285
0.029245518
-0.0021119873
0.21964391
0.026715077
-0.02389401
0.063966961
-0.95091707
0.40658517
0.5443319
-0.027932072
0.088095191
0.018384274
-0.0014271434
-0.52487488
-0.082090749
0.009231819
0.045385448
-0.05553241
-0.044649987
-0.032753572
0.10852217
-0.31603938
0.021118781
0.0053005549
-0.016358064
-0.025633383
-0.027987524
0.053620907
0.025590229
-0.0077634966
-0.017826732
0.027593064
-0.027380272
-0.00021279264
-0.026420998
0.026829587
-0.037099594
0.0018228899
0.029577574
-0.032112397
0.036643394
-0.0056959944
-0.02304354
-0.62118574
0.02975481
0.0020689607
-0.040767525
-0.050707779
-0.069542914
-0.0085004059
0.1300935
-0.1215931
-4.0870319
-1.1184146
5.2054466
0.090173005
-0.078633648
-0.011539357
0.0072560229
-1.452283
-0.26503564
0.089565222
0.36823159
-0.45779681
4.1172172
-3.9777457
-0.1394715
-0.054108536
0.011524697
0.012845773
-0.0054510294
-0.043628659
-0.0062895549
0.049918214
-0.040857082
0.0056648444
0.10545949
0.054811197
0.38608707
-0.22673295
-0.075238899
2.3898124
0.20058387
0.24033331
-0.085240253
0.027407341
0.0013955772
0.00014213279
0.027450932
-0.0028056656
0.043451382
0.016972772
-6.5227103e-05
-0.0047352101
-0.015362983
-0.22367248
0.089594471
-0.0084797252
-0.081114746
0.016897456
0.056528051
0.017873499
-0.03108989
0.014359754
0.01307739
0.025983537
-0.1370949
0.19282051
-0.15104639
0.12325335
0.0073138655
0.019326955
-0.02664082
-0.23318874
0.0023719599
0.10611109
-0.030044598
0.020127335
-0.012708368
-0.007418967
-0.070658089
0.01085515
-0.012564007
-0.0011304023
-0.062553871
0.062314359
0.0002395118
0.024695837
-3.1454972
0.59762578
0.14664191
0.023905896
-0.02343809
-0.053793054
2.4256056
-0.046274113
0.030324174
0.016511949
-0.046836123
0.030352622
0.033414657
-0.040932036
-0.0062100382
0.039624695
-0.041071513
-0.045141173
0.0024303991
0.064261734
0.021240309
-0.049191486
0.0021971009
-0.18074365
0.071924642
0.10881901
-0.0055718773
0.0051551841
-0.024421184
-2.5580675
-0.057263964
-0.017644688
0.017695331
-0.040959463
0.0074614628
0.033498
0.73332526
0.65761137
-1.3909366
-0.001989229
0.02804629
0.029205138
-0.057147005
0.027941867
0.011363098
-0.016451272
0.0011176206
-0.017570895
-0.031203795
-0.054996458
0.011512953
0.043483506
0.020933383
-0.060757227
0.0097063488
-0.061662891
0.060392176
-0.054742226
2.6831881
-3.0295788
0.0021122406
-0.021084415
0.018972175
0.0086617752
-0.024680186
0.05875227
0.030609494
-8.9504551e-05
-0.030519989
-0.0028818492
0.015290621
-0.04820391
0.032913289
-0.031503035
0.00085665689
0.029254069
0.056457439
-0.055150435
-0.050215593
-1.1403926
-0.060568721
1.2009613
-0.0202551
-0.011622942
0.031878041
0.031069307
0.0012201262
-0.021153619
-0.084705574
-9.0012779
4.764005
-0.016465109
-0.0083557965
0.091900303
0.002960619
0.086460413
-0.03594233
0.00036281916
0.035579511
0.1832422
-0.29097139
0.062443353
-0.17430665
0.066243474
2.6254181
0.01145622
0.019246873
-0.0017107169
-0.036328002
0.0047567981
-0.003927449
0.0091729142
-0.0004260446
-0.023656584
0.024082628
-0.0053306418
0.59780722
0.23138397
-0.82919118
0.073045642
0.0084638058
-0.081509448
0.043776442
-0.023570771
1.8835616
-1.3723227
0.11362583
2.962146
0.062323849
-0.038977297
-0.0012835206
0.019962113
0.0023211306
-0.031692885
7.9676014
-8.7702911
0.80268967
-0.52684892
-0.0056891667
1.163046
0.1802054
-0.014723181
-0.0049235143
-0.042318084
-0.14494568
-0.021701691
0.16664737
-0.036532319
4.91998
-0.0063256869
-0.024897285
0.031222972
-0.065945484
0.018661615
-0.0005483844
0.017672324
0.018659564
-0.0068360751
-0.0060199164
0.016273791
-0.034119861
0.01784607
4.1266286
-0.52932625
-3.5973024
-0.045713126
0.0059727655
0.26789518
1.6800711
0.024274562
-0.0049505181
-0.019324044
0.03701777
-0.0079996061
-0.010667109
0.11016365
-0.059919241
0.0040635723
0.063237799
0.0040932772
-0.75531032
0.56394268
-0.058081509
-0.061909912
-0.040953915
0.072792658
-0.0063030087
-0.066489649
0.034247146
-0.031832225
-0.0024149203
-0.021998271
0.0063824659
0.015615805
-0.044638463
-0.14616585
0.043984633
0.10218122
-0.0017300934
0.030767884
-0.02903779
-0.052583053
0.050511528
-0.025223482
-0.028547936
-0.027135773
0.0015692523
-0.031323948
0.03100498
0.00031896844
-0.11753805
0.02042968
0.026322961
-0.046173651
0.14742635
-0.036389709
-0.00057811646
-0.01877162
0.019349737
-0.032327626
-0.066809034
0.024643327
0.012514237
-0.0051087402
-0.0074054964
-0.041040797
-0.0216333
-0.0096921002
0.016846669
-0.045916437
0.029069768
-0.024495212
0.0097085523
0.018651115
-0.023407742
-0.022391151
-0.0093408475
-0.017110709
0.026451556
-0.32891732
0.21240274
-0.023182173
-0.022892693
0.016854458
0.0060382349
-0.063341067
0.029475994
0.061448813
-0.1009964
0.03954759
-0.16988042
0.12861439
0.0055186405
-0.17981189
0.17429325
-0.62139492
0.17385751
-0.05040175
0.00080374271
-0.039282126
-0.02905508
0.031147413
-0.0020923327
-2.5001355
-3.2821721
0.12214683
0.01764627
-0.028736804
-0.052612513
0.00069926095
0.011359836
-0.025856379
-0.0067820884
-0.039479222
-0.059792655
-0.022987156
0.018401381
0.0045857747
-0.021985671
0.0034812081
0.36939719
-0.25822644
-0.0035005641
-0.067622987
0.73120324
-0.024473948
0.014854923
0.014384438
0.098697961
-0.010814532
-0.087883429
0.0047373345
0.042952817
-0.022070536
-0.22711832
0.29171434
0.0028939741
0.021898772
-0.45340638
-2.0103343
0.035069657
-0.030693607
0.041933927
-0.05428485
-0.069169106
0.0059419011
0.063227205
-0.45531415
-0.10257521
-0.11210975
-0.014755409
0.015181939
0.041134355
-0.019456493
-0.021677862
-0.39067457
0.167076
0.22359857
0.010270501
-0.069466857
0.059196356
-0.042176518
0.038614263
-0.0025005357
0.013150612
0.024076547
-0.04892639
0.91818373
-2.6162388
-0.032637221
0.050556129
0.021133749
0.0038827994
0.018082112
-0.011821374
-0.061095837
-2.5370157
-0.55105822
0.015928574
-0.032901646
0.027327136
0.22018068
0.015991181
-3.761604
-1.4262061
0.18113232
-0.08042618
-0.0026729358
0.032770075
-0.030097139
0.0013396282
2.4398371
-2.4869384
-0.14785639
0.23897426
-0.20246597
0.0027049279
-0.022594414
0.044594422
-0.038890102
-0.0057043199
0.088634807
-0.093261799
0.046268017
-0.02792969
-0.018338327
-0.030987685
4.4908308
-4.341051
1.9730348
-2.7931183
-0.023998323
0.01869077
-0.042731451
-1.2407018
2.0000254
-0.043871437
0.020584623
0.0019034107
-0.016351416
0.014448006
-0.01049266
0.057557573
0.00077233419
1.6489743
-2.0041963
0.022903332
0.0037184512
-0.026621784
0.092281309
0.0043294805
2.6347112
0.74603632
0.11777821
0.16661974
-0.28439795
0.030126109
0.01648268
-0.046608789
0.060937178
-0.037848696
0.034840435
-0.030555369
-0.0042850655
-0.29714098
1.7292335
-0.095392838
-0.022881325
-0.056801595
-0.047836166
0.052563315
-0.0047271488
0.026082662
-0.0088294495
-0.044946289
0.0039868258
0.016201557
-0.038282848
-0.098535828
0.15499019
0.0021839572
-0.02350206
0.021318103
0.047154761
-0.055699466
0.025000783
-0.045255883
-0.11120547
0.014092958
0.097112509
0.041912236
-0.0002938095
-0.041618427
-0.038916253
-0.058817096
-0.029588632
0.030981825
-0.0013931923
0.0010394973
0.016299296
2.5426314
0.016206892
-0.01442331
0.75078155
-0.038672992
-0.015809367
0.29493172
0.0031794223
0.0044936257
0.70134485
1.1962242
-3.9049257
-0.07056877
0.22096361
-0.15039484
-0.031353845
0.0017652132
0.029832672
-0.0053975107
0.0046465196
-0.04527401
0.018917771
0.016734224
-0.0049870383
0.0020530112
-0.031129215
-0.051239524
0.042122598
0.66339693
-0.0046605542
-0.017773139
0.031562036
-0.0083077516
1.5864206
7.1411954e-05
-0.028753606
0.028682194
-0.055693147
0.020280549
0.018640796
-0.00033219306
0.0070354711
-3.4778998
0.95721869
-0.95574979
-0.022940763
0.032025556
-0.0090847929
0.62036002
-2.0945106
-0.019338193
0.010972578
0.0083656148
-0.026310297
0.047394473
-0.021084176
1.3165937
-1.7151495
-0.03071666
0.042314155
-0.0061442619
-0.015312957
-0.021747654
0.037060611
-0.026096666
-0.026666353
-1.476056
9.3959142
0.038247263
0.031120641
0.035430999
-0.019045904
0.0017714585
0.017274446
0.33322012
-0.038051453
0.013305483
-0.041532109
0.019103301
-0.022504957
-0.0030989527
0.0069742539
0.02795071
-0.011393513
-0.00043726889
-0.82899206
0.11706904
-0.16628586
0.049216826
-0.039373639
-0.060062872
-0.086470648
-0.091983373
-0.0038866681
-0.33221772
0.45355796
3.5803435
-0.018552036
-0.0366332
-0.0082845644
0.01168503
0.0012006617
1.3730622
-0.25661139
0.21683625
-0.15423859
0.038456291
0.046565129
0.0006222776
-3.2140181
2.818911
-0.63012623
-0.031621823
0.00029787466
0.0062758856
0.0007879582
0.035921899
0.0016126179
-0.032365568
-0.09194778
-0.064136208
-0.013960142
0.58367466
-0.075681024
-0.34569739
0.24242474
0.10327265
0.019923178
-0.069070196
0.014725019
-0.035300047
-0.017573962
-0.031886799
0.048186722
-0.0019684158
0.0093241811
0.1042545
0.008119482
-0.0073831366
-0.00073634552
-0.055474406
-0.028796673
-0.020406094
0.049202767
0.026448616
-0.0067165862
0.018116793
-0.00093267465
0.010139266
-0.0025591219
0.014087276
0.028740481
-0.042827758
-0.12386001
0.16406946
-0.040209449
-0.0095709315
0.017368039
0.35743874
-0.47541025
0.11797151
-0.0029219815
-0.020323421
-0.74237177
0.8421429
0.049839657
-0.082593229
-0.05389482
0.05348561
0.00040920989
-0.042397527
0.068074183
0.018390237
0.056775154
-0.075165391
-10.518918
6.5120041
4.0069138
0.019349397
0.00013638379
-0.0039743564
-0.020769965
-0.043090397
-0.027236113
-0.0017122597
-0.34217251
1.7375166
-0.0036064429
0.046684149
-2.20536
5.247297
-0.13189829
0.011519434
-5.0524125
6.6303703
0.028148879
-0.02782095
-0.00032792866
-0.27893033
0.00055193893
-0.021009598
0.020109667
0.0079237409
-0.028033408
0.084943053
-0.031659587
0.002604507
0.01762328
0.015755394
-0.033378675
-0.063222902
0.01714296
-0.023592283
0.0048682436
-0.017591007
-0.01928379
0.025838864
0.0012925011
0.69429642
-8.1468047
7.4525083
-0.039158148
-0.030839252
0.037427068
-0.0536732
-0.026218455
0.056291244
-0.0091574597
-0.047133784
-0.0031083446
0.019504339
-0.056503662
-0.091277473
-0.068650731
-0.018791505
-0.00094929119
0.019740797
0.0055823977
0.017363328
-0.040958201
-0.30044742
-5.4690179
0.031170633
-0.00013530942
0.037614713
-0.037490051
0.56196314
-0.029476189
-0.10600116
0.025966829
0.021765374
0.0096211362
0.014232576
-0.038007857
0.015561311
-0.16664677
0.098935369
-0.025916049
-0.18816955
-0.033994567
-0.033912765
0.067907332
-0.049170957
-0.011977688
0.032653661
0.019039862
-0.051693523
-0.042038962
0.0061354309
-0.019259519
-0.0028228628
-1.7846418
0.01623452
-0.0090438093
0.0016511949
-0.011022997
0.033012196
-0.039842132
0.030156694
-0.28361979
-0.064803249
0.020051557
-0.44565334
0.61939141
-0.17373808
-0.51495121
-9.5343862
0.41401599
0.73219495
-4.8967043
4.1645093
-0.035870066
-0.033359427
-0.020904132
-3.3886402
3.4095443
-0.029292672
0.013288262
0.012301967
-0.09343637
0.12557072
-0.032134354
-0.032067424
0.03878814
-0.006720716
0.047491766
0.0069834103
-0.054475177
-0.022216363
-0.0027187797
-0.019926351
-0.016139485
0.01881867
-0.074886219
0.99996781
-0.045561612
-0.027497309
6.0163028
-1.1803179
-0.0046899484
2.3861539
-0.59941946
-0.081958072
-0.024289458
-0.029113516
-0.13172737
-4.3428845
-0.41466619
1.046141
0.14138338
-0.027916722
0.01776137
0.010155352
-0.0034454293
0.018482408
9.3167595
-6.6422533
-2.6745062
-0.33658799
5.9946108
0.079641844
0.060925447
-0.0070972151
0.035375372
-0.01620732
0.0087692841
0.0074380358
-0.051677097
0.0037593961
-0.06376935
0.007256717
0.0026130291
0.016594255
0.648685
-0.047710341
0.091952334
-0.033782773
0.022337165
-0.096909511
-0.081152076
-6.643981
0.33302943
-0.026878389
-0.36126287
0.12747751
1.236385
-0.092907584
0.10379652
-0.37140836
-0.016065865
0.02337973
0.0076433559
-0.34728414
0.16843501
1.2864936
-0.019789619
1.0135209
-0.050135169
-1.5163201
1.251542
-0.013736375
-0.020706993
0.031659446
0.0024440928
0.079118496
-0.044176923
-0.032624816
0.02995188
0.14026601
3.4524476e-05
-0.00080581517
0.030459253
0.032951488
0.00071218513
0.005387619
-0.00020391323
0.0032399235
0.019750246
-0.02299017
0.35538697
-0.15031292
-0.20507405
-0.063356234
0.065048641
0.0058169986
0.018187768
0.12874533
0.089930044
-0.21867537
-0.045577349
-0.032086419
0.0014269559
0.0034228369
0.0090913995
0.01319754
-0.087521631
4.1354699
-0.6288309
-0.033065149
-0.032072275
0.031264427
0.00080784793
-0.0058268545
-0.0005116739
0.0063385284
-0.091851873
0.0094084127
0.015528694
3.9130869
0.21354175
0.018878246
-0.016091257
-0.0027869894
0.0051206352
-0.021051762
0.017317949
0.0037338136
-0.0036178269
0.012548975
-0.018334993
0.0057860177
5.3487448
3.9680146
0.44608378
0.92697844
0.097073767
-0.061815582
0.04676595
0.050071568
-0.0021269012
0.090581624
-0.075953802
-0.014627822
-0.1846314
0.059734634
-0.02458328
-0.047026228
-0.11034564
-0.3951462
-0.0069279998
0.027485077
-0.13392587
0.035229624
0.00043475036
-0.029951537
0.13659336
-0.0051270591
-0.1314663
0.032332434
-0.024993969
-0.18801806
0.26978702
-0.0093541528
-0.020270442
-0.24511144
-0.16919345
0.060833662
0.066190952
0.020742866
-0.023606111
0.031662225
-3.5823008
0.0087699148
-0.037926876
-0.019770901
-4.6380672
6.8338752
-0.45791746
0.43613335
-0.030198601
0.038013171
-0.018949715
0.015504285
-0.0028496577
0.023168026
0.00073786986
-0.06904213
0.022210344
-0.0015220782
-0.019421009
-0.034058201
0.063154707
-0.02755319
-0.041679333
-0.0053461179
-0.041784347
0.019713811
-0.051282525
0.1261086
-0.10336053
-0.022748073
-0.027650813
-0.0077601765
0.0084236607
-0.02573058
0.017306919
-0.011487165
0.84922626
-0.093922687
-0.005137279
0.019268209
0.023817514
-0.20644173
0.18262422
-0.00089567356
2.477675
-0.026370595
0.033988733
-0.048982445
-0.24565015
0.079277957
0.16637219
-0.042296486
-0.022719469
-0.019978217
0.025795216
-0.0037850813
0.024185606
-0.13603896
-10.33896
8.2121782
-0.034457091
0.019896048
0.028730405
-0.028090298
-0.0006401061
0.0035801725
-0.07537973
0.09959962
-0.037093536
0.058194891
-0.021101354
-0.003434374
-0.029242216
-0.0054737941
-0.01969919
-0.020095982
-0.0037720737
-0.06440802
0.0105132
-0.070479721
-0.032894546
-0.0092796706
0.021644888
0.02019416
-0.10710894
-0.044845743
0.11046612
-0.22376334
-0.029093393
0.076220479
0.059428141
-0.13564862
0.028443203
-0.027676694
0.0076688877
-0.0044704249
-1.7366059
1.7316878
-0.01611978
0.019652305
-0.0035325247
0.0023180247
0.017839713
-0.020157738
0.30175503
0.21657162
0.051350068
0.17731228
-0.22866235
-0.022273987
-0.02011411
0.023354033
-0.57568794
0.025431481
-0.0060709217
-0.056058383
0.66509236
-0.030278249
0.0319871
-0.0017088503
-0.22404459
0.11484551
-0.025779444
0.019263235
-1.0751249e-05
0.026059978
-0.024584278
-0.0001606374
-0.010240918
-0.013659014
0.023899932
0.0019748646
-0.03606119
0.034086326
-0.022670424
-0.73483234
0.017153448
-0.019844724
-0.075575778
0.0282932
-0.043121462
0.014828262
-0.0040826309
-0.0022353097
-0.10278657
1.0610924
-1.4041015
0.0054176629
-0.018767744
-0.0043848695
0.023152613
-0.023785764
2.3923126
-0.095764746
0.0045786072
-0.025042355
-0.00027046319
0.094505505
-0.094235042
0.020356818
0.0028190703
-0.02453847
0.024286544
0.026430485
-0.030265858
-0.002351269
0.032576992
-0.033745162
0.0016777383
0.027636093
0.022468934
-0.027455972
-0.023275057
-0.033529087
-0.0093581539
0.038406524
0.033657525
-0.022607228
0.021609984
0.00099724329
3.9463544
0.051621738
0.050482048
0.04659172
4.6168202
0.55207185
-3.850458
0.24178065
0.15097853
-0.39275919
-0.040166393
0.13367274
-0.025773526
-0.003407177
0.029180703
0.027919855
-0.047984091
-0.66704499
0.58200843
0.10810154
0.16431814
-0.19880212
0.084083027
0.11471909
-0.0086594289
-0.068664275
0.077323704
-0.020590727
-0.0013541168
0.010030362
-0.019970896
0.029910862
-0.029915596
0.0003147879
-0.028124709
0.027809921
-0.0093902021
-0.01852652
0.035377351
-0.022848659
3.9996587
-3.5416131
0.0052286539
-0.019951835
0.0064488397
0.017237574
0.097247768
0.015710173
0.0027922818
-0.0058373168
-0.10906146
2.509718
-2.9198371
-0.013582254
0.80638241
-0.0083890744
-0.0065676969
0.029795131
-0.0066085223
-0.023186609
-0.0069016451
-0.011538059
-0.0053161683
0.016854228
0.075625761
0.60763039
-0.017431939
0.06231788
1.1528392
-1.2151571
0.035321001
-0.072221929
0.036900927
-1.4238762
1.645673
0.03610671
0.061951987
-0.21907268
0.38614868
-0.037296741
0.16454523
-0.04182871
0.031026202
0.0057998627
0.053166207
-0.024546687
0.020572331
4.2865878
-4.1249294
0.050600741
-0.036513465
0.71517182
0.018713934
0.0051846677
0.04773268
-0.034569684
-0.13552606
-0.92068972
0.056777866
0.043488661
-0.056530693
-0.02618192
0.050953155
-0.0016685941
-9.0578348
-0.031337398
0.049553202
-0.046989706
-0.17614939
0.24754432
-0.028508982
0.022707223
0.043736644
0.77879166
-0.13376873
-0.036446519
-0.010579709
0.027420267
-0.01942066
0.017982644
0.0029464838
-0.2517054
-0.095489491
-0.0068137179
-0.060803466
-0.027659449
-0.15106068
-0.015197414
-0.00088799176
0.016085406
0.032867084
0.0027390335
-0.035606118
-0.011838684
-0.0123343
0.018379464
-0.02263901
0.0042595465
0.0027019666
-0.020866228
0.018164262
-0.0069339388
-0.022805849
0.029739788
-0.023751912
0.01402764
-0.0015984298
-0.031738757
0.067245601
-0.078122853
0.016276152
0.34116259
-0.013220826
0.072506257
-0.096491323
0.024483614
-0.055260591
0.066185712
-0.014734505
0.027469633
0.8358734
5.0312404
-5.8671138
0.037208257
-0.025875736
-0.0020943337
-0.041515452
0.048976915
0.00081583562
0.0073036464
0.052295848
-0.033659646
0.032594177
0.011641256
-0.078475458
-0.025230604
-0.042059578
0.032266246
-0.16485124
0.021295614
-0.027335754
0.0060401395
-0.96057304
0.27651014
1.2390799
-3.062903
0.071758986
0.0039621369
-0.02867441
0.051330499
0.84814729
-0.74545448
0.02018677
-0.00054948605
0.0030556494
0.028393309
-0.63951615
0.88128311
-1.1156379
-1.2311847
0.030633501
0.0021525411
0.0066800627
-0.38521912
-4.6610954
0.0041488982
0.016499621
-0.020648519
-0.15189831
0.0054316781
-0.022659954
-0.023179591
-0.1354414
0.0033188273
-0.038931765
0.053346107
0.0032909753
-0.056637082
0.009299661
0.02264422
-0.006533353
-0.030120142
0.028082812
-0.026668643
0.43806335
-0.21902631
-0.060889369
0.040170898
-0.054749474
-0.040031587
0.058039148
-5.8364945
-0.25934434
-0.057282185
-0.018554744
-0.0024465041
0.021001248
0.062725294
-0.049216522
-0.098656566
-0.022645587
-0.0011910407
-0.062189641
0.01706711
0.045122531
-0.0057754721
-0.0012186394
-0.016871677
0.022971806
-0.0061001292
0.17856868
-0.077539994
0.024482711
0.0032358772
0.04917984
0.032792706
-0.025378578
-0.005008372
-0.027938361
-0.054065274
-0.0064153154
-0.005947318
0.044258823
8.4859044
-0.095937738
-0.026580126
0.036734841
-0.025212508
0.0093395946
0.028652702
0.017615315
-0.14207563
0.026000349
0.0052110569
-0.031211406
-0.52641644
-1.9252074
-0.02466529
-0.020218226
-0.0051104665
0.025328692
-0.00622333
-0.048112977
0.060474014
-0.077455297
0.0019903095
-0.028882172
0.028862883
1.9288743e-05
-0.0020585686
0.077089271
0.11924986
0.030296488
-0.019907474
0.017357347
-0.01892272
0.0015653725
-0.059541006
0.023166295
-0.055319191
-0.045334901
0.061832055
0.029050151
0.058111607
-0.021990827
-0.018965414
-0.0019882469
0.37774361
-0.14766639
-0.030465465
-0.0016068094
-0.020264788
0.056342148
0.00016796062
-0.02816457
-0.025671831
0.11625346
0.01585639
-0.018538458
0.062258483
-0.082121308
-0.051605696
0.0038585596
0.034838975
-0.011506803
-0.023332173
0.071740453
0.00088931165
0.02931432
-0.00067406411
-0.022051419
0.031837607
-0.015535191
0.036974843
-0.13257003
0.095595192
-0.023389073
0.021211313
-0.05767828
0.019589167
0.038089114
0.030375074
-0.031075249
-0.0018583767
0.032933626
-0.52967535
-0.016782969
0.013047022
0.12213736
0.078549071
-0.091994462
0.013445391
-0.16135087
0.2619293
-0.10057843
-0.04707292
-0.030110948
0.077183868
-0.01658573
-0.067322358
0.083908089
7.5539452
1.4685544
-0.074269598
0.057683868
-0.010532849
0.075001676
-0.043368074
0.051013395
-0.0076453213
0.075422673
-0.14762126
-0.2667083
0.096036788
0.01067261
0.047214494
-0.34084572
0.44640637
0.016395114
-0.022588575
0.0061934608
0.0015254834
-0.029701699
-0.0091705159
0.016252925
0.01755795
0.0010828463
0.38620451
4.56043
0.76622557
0.024688574
0.031223327
-0.0027629165
0.13291117
0.0090506836
0.014708061
-0.027234549
-0.015489969
4.2362953
-6.6737631
2.4374678
-0.23568477
-0.00479939
-0.022972168
0.0061004912
0.067800427
0.0099754133
-1.1392817
1.2015996
0.16299788
-0.50924311
0.34624523
-0.013449371
-0.030258114
-0.0015159017
0.031774016
0.00030963758
-0.049351508
7.886243
2.4952503
3.4428173
0.0480976
0.034908824
-0.036080725
-0.0009075942
-0.0053645709
-0.12569074
1.5003686
-1.3746778
0.00390616
-0.02505825
-0.007799884
0.053284707
-0.041181633
0.0054158198
0.021573161
-0.024584331
0.038237967
0.11563066
-0.14951253
0.033881867
-3.8201842
0.032226639
-0.0050917876
-0.011449084
-0.1033843
0.1624863
-0.059102006
-3.6977818
5.6537494
0.020644107
0.033534818
0.0050129879
-0.0017048461
-0.029623643
0.03132849
-0.099653469
0.5496108
-2.41241
0.76663679
-0.024116414
1.8909113
0.11256005
-0.007138255
0.011476005
-0.084514351
-0.046874745
-0.03395901
0.046846978
0.01020932
0.017210947
-0.016250133
7.4737965e-05
-0.020870849
0.020901
0.0058834234
0.0044140187
-0.010297442
0.2665933
-0.024122083
0.13165089
-0.011341173
0.10173413
0.1492249
-0.012242327
0.02431543
-0.021665885
0.039842012
-0.11032173
-0.087102822
-0.012525593
-0.032965229
0.0024975038
0.030467725
-0.0024154949
-0.030549734
-0.019114637
0.045437339
-0.026322703
0.07275056
-0.040229466
-0.032521094
0.030964629
-0.0054340348
-0.025530594
-3.4156262
0.95063773
0.035606013
-1.1087334
0.26824203
0.84049138
-0.0060608364
0.027064454
-0.035351995
-0.014315198
0.00073294422
-0.024293204
0.03052
0.020516679
0.0025787246
-0.083812015
6.0679183
0.97328175
-0.025056013
-0.002738336
-0.0020058235
-0.017448035
0.019453859
1.1204296
-1.026385
8.5803303
-0.067206848
0.033049858
-0.049647527
0.060790217
-0.068718704
-0.078091443
0.028001207
-0.0083076484
-0.024184956
0.032492604
-0.019206771
0.030550866
-0.011344096
0.031443433
8.0003889
-0.18141541
0.14083063
-0.071452857
-0.03573839
-0.0025444574
-0.071520164
-0.019151398
0.040500528
-0.024787717
-0.015712811
0.0014224873
-0.023904602
0.014878553
-0.028361999
0.013483446
-0.0076642412
-1.3120142
1.2083081
-0.0673644
-0.19510263
0.0017333364
0.17395678
-4.2108825
-3.8316811
-0.041307413
0.016641577
-0.42835179
0.14221774
-0.17568522
0.22589735
-0.050212136
-0.035319786
0.059084272
-0.089653365
0.06272399
0.021305651
0.013599155
-0.21591332
-0.028610643
-0.0447074
4.3299387
-2.3304621
0.0045181503
0.019756411
0.3118141
0.028108103
-0.027793315
-0.044943511
0.073066797
-0.30719604
0.42758332
-0.019142854
-0.0086006308
-0.015151281
-0.057157229
0.046127593
0.011029636
0.025160973
-0.0012563988
-3.3972984
2.2460351
1.1512634
0.017357592
-0.048175408
-0.074916064
0.035075047
-0.034912714
0.010047439
0.041890961
-0.018464693
-0.017623073
0.0012914845
0.016825309
0.0010686098
-0.029950782
0.084716412
-0.061755746
-0.021714706
0.027104291
0.016759981
0.030279002
0.079147301
-0.037384236
0.0044812201
-0.092123236
0.14323505
-0.074985316
-0.012001426
-0.010762476
0.037112389
0.0040219656
-0.019485524
-0.37404304
-0.031468583
-0.063350855
0.086746157
-0.40808349
0.21931345
0.18877004
0.04308866
-0.0061258551
-0.036962805
0.011981472
0.016404343
0.0024739036
0.16594534
3.2086603
-0.012749956
0.0022803882
-0.031880581
0.029600193
-0.76018176
0.71027139
0.04991037
0.055206248
-0.088343645
0.034810034
0.01285567
0.025358903
-0.038214574
0.44458369
-0.017649653
-0.049756654
0.2023998
-0.94477157
-0.022111761
-0.054378863
0.11193004
0.061983414
-0.038590729
6.5421575
1.2977517
-0.059222473
0.080194952
-0.10769494
0.0085119575
-0.050066452
0.057330184
0.018207147
-0.036105442
0.0096913209
-0.062221556
0.094731357
-0.022183428
-0.020669495
-0.0026276828
0.020806809
0.0056418067
-0.12401024
0.037237943
0.00025601297
0.033747105
0.72304649
-0.68886118
-0.034185308
0.0033459557
-0.041477451
0.016419201
0.033350849
-0.025543961
-0.012938645
0.0074016535
0.0055369917
0.000193104
-0.034526214
-0.0089577965
-0.18884014
-0.0108416
0.018017806
-0.0071762062
0.016199245
-0.051100012
-0.011706593
0.05686735
-0.045160758
-4.8960074
-5.6229105
-0.024011548
-0.011753447
-0.039445829
0.0084009548
-0.045034155
-0.0013114997
0.036772027
-0.05153031
0.059276233
-0.0073165547
0.024908641
0.01679193
-0.0074212019
0.032535105
-0.12852905
-0.14871754
0.22064219
0.12478053
0.84363896
-0.7376828
-0.075366343
0.0035602236
0.023730682
-0.023719417
-0.014989358
-0.01141903
0.026408388
-0.070952332
0.08835915
0.20751421
-0.0088044277
-0.06931737
0.078121798
-0.1445235
-0.18023614
-0.77551364
0.018829193
-0.021601746
0.0065183608
0.05038626
0.11734367
-0.16772993
0.041878152
0.060864255
-0.043078269
0.19180228
0.049386024
-0.042024283
0.059046657
-0.27674702
0.12050942
0.0077015345
0.055054374
0.080439263
0.0033503636
-1.1833249
1.7882431
0.0073853304
-0.024500179
0.02096753
-0.0036282082
-0.0041095362
0.039842287
-0.0072948449
0.037669919
-0.0064425369
-0.0064961083
-0.030868212
-0.078880529
0.22935893
-0.11889281
1.6790477
0.22933616
-1.9083839
-0.058649275
0.076755382
-2.7123508
-0.059451142
0.076979465
0.0027710426
-0.069665961
-0.14868288
-0.053286815
0.019995335
-0.0062502597
0.017422831
-0.011172571
-0.029694594
0.023295143
0.018450625
-0.021558969
0.88923491
-0.60854897
-0.54266478
-0.017521119
0.061257169
0.019208425
0.043107454
1.2623119e-05
1.6572443
0.0020081682
-0.2954254
0.39626642
-0.0027544209
-0.030737211
-0.0033537321
0.034090943
1.9066673
-2.4443784
-0.041103719
0.063675304
0.03983213
0.012249408
-0.0012513287
-0.056548607
-0.01194024
0.019522796
-0.0018548698
-0.058754362
0.076168032
0.017097302
0.01273537
0.0020680813
0.017658972
-0.019727053
-1.1028771
0.65388785
0.4489892
-0.0077262891
-0.0084810308
0.60972865
-0.016336424
-0.043756308
0.057862313
0.088145614
0.0073852259
-0.45282011
-0.038467407
0.022414952
0.016052455
-0.017551233
0.023242236
-0.0056910027
-0.016593883
0.117764
-0.097569841
-0.0020578515
-0.029574042
0.031631894
0.0090214872
-0.0038777898
0.023204745
0.05586168
-0.062489046
0.0066273667
1.0696583
2.9129272
-2.2672515
0.04806681
-0.037800901
-0.04308268
-0.0074376222
0.049205007
-0.028569575
0.016810245
4.1010697
-1.1315828
-0.010524952
-0.039554748
0.050079699
0.0074572275
0.024863739
-0.02762065
-0.0022765929
0.013400386
-0.09317378
-0.10312763
-0.14594759
0.24907523
-0.11167716
0.034603311
0.077073844
-0.64417409
0.54313245
7.861462
0.18642894
-8.0478909
0.014572957
0.010628157
-0.025201114
0.083648697
0.95901109
-5.3897025
4.5754057
-0.020805173
0.026254416
-0.045654184
0.052993791
-0.0073396075
0.014814842
-0.032967738
0.0079440209
-0.036973924
0.029029903
0.019634616
0.01337758
-0.059279931
0.097772914
-0.027261346
-0.073735057
-0.066820896
-0.0032637797
0.019120169
3.7202076
11.083823
-3.8854166
0.0043933525
-0.010199558
-0.019495037
-0.0032865499
-0.016876582
-0.019102639
-0.02020188
0.024977944
0.013609185
-0.037373729
-0.025460926
0.015728522
0.0097324036
0.017049195
-0.024058085
0.0070088905
-0.016368858
-0.003313132
0.01968199
-0.025858146
0.04155232
0.016403739
-0.042261885
-0.0023693684
0.033705389
-0.031336021
0.0020416469
-0.0021197164
0.26757474
-0.16211953
-0.18937627
0.22007486
-0.031457946
0.032857579
-0.0013996323
0.096976431
-0.10110725
0.038041038
-0.022650655
-0.0051735326
-0.018993536
0.024167069
0.02050231
0.010337233
-2.8573823
-6.6770039
-0.029712557
-0.038041646
0.054195573
-0.0029030992
-0.017423412
0.020326511
0.031010415
-0.036518797
0.019078441
-0.024552235
-0.041531823
0.06258765
0.020023463
-0.019960806
0.35384834
-0.58658294
0.2327346
-0.014552027
0.019066929
-0.02198891
0.035443249
-0.035382102
-0.17536826
0.017787847
0.15758041
0.029829944
-0.0047256482
0.030625592
-0.044916001
0.0177233
0.0017994958
0.21200133
-0.018739133
0.02432153
0.006395872
-0.015631978
0.015787038
-0.028757314
-0.1251023
0.15385961
-0.0016732701
-0.02995605
0.03162932
-0.019377587
0.017371764
-0.019712339
-0.13452625
-0.0020834624
-0.030174461
0.032257924
-0.0029808548
0.036627186
-0.17877613
0.2247838
0.69366633
-0.59124539
-0.031086204
8.2818243
-0.42036227
-0.046259855
0.052796562
-0.15749697
0.21235597
-0.074133431
-0.020678124
-0.038869479
0.052258434
0.016151583
-0.016771078
-0.26784742
0.36199051
-0.094143093
0.0041674314
-0.027292577
0.126996
0.18481811
-0.017612932
0.019690148
-0.0020772168
0.0043816707
0.017260084
-0.021641754
0.0006196953
-0.071582669
0.14502668
-0.073444006
0.057250498
-0.029336037
0.03136488
-0.0020288431
-0.0055036417
-0.0093716803
0.018140964
0.13916452
0.090194408
-0.10659581
-0.084920484
-0.024734884
0.0018151664
-0.038441949
0.053830338
-0.029400678
0.0063575346
-1.6196077
0.059116279
-0.0017352617
4.1391945
-4.0072875
-0.049246398
0.029286684
0.019959715
-0.047823697
0.019962509
0.027861188
-0.025472118
-0.014782394
0.0022422937
0.029355342
-0.031597636
0.030343905
-0.012470406
-1.126379
4.0456157
-0.25880082
0.31781971
-0.0035927378
0.01606779
-0.012475052
-0.054879727
0.016192844
-0.037821316
0.050723937
0.14236625
-0.24996709
0.061816306
-0.15254415
0.20745471
0.14878409
-0.03136009
0.044865354
-0.021169753
-0.1164608
-0.039623221
0.011269475
0.19788884
-0.031027738
0.023003084
-0.18160723
2.5168676
-0.30669521
-0.15259915
-0.012503522
-0.0015327681
0.01403629
9.4017681
-0.016630533
0.030075903
-0.01344537
2.1079564
-0.45898211
-0.015077694
-0.032707727
0.0016324778
-0.0049879604
-0.05309183
0.058079791
0.0017632273
-0.0086388372
-0.0065920874
0.015230925
-1.7853701
-6.0449299
7.8303
-0.043410765
0.0055034371
0.037907328
-0.030228639
-0.00034200003
-0.036351837
0.049152964
0.019686792
-0.0086537631
0.092820828
-7.3270532
-2.240013
0.0140066
-0.045473438
-0.030020092
-0.0020663268
0.022512182
0.0074040302
0.48021585
-1.0759847
0.59576881
-1.9572718
0.32105861
-0.14887187
0.22745721
0.038739952
-0.048382899
0.044423289
-0.1682833
-0.1095783
-0.0096722145
-0.015677501
0.025349716
-0.60730194
-0.1811318
-0.026442467
-0.036915494
0.0066573798
2.2842514
-6.3303827
0.035111601
-0.023201143
-0.021967126
-0.0068298228
-0.031646275
0.030233571
-0.34775052
-0.39747112
0.0020938027
-0.032152758
0.030058956
-1.6003532
0.051136279
-0.038401844
0.048808463
-0.068155703
-0.15582971
0.50999267
-0.034935889
0.030005372
0.004930517
-0.15952898
-0.24657533
0.40610431
2.4293964
-3.2484386
-0.01681049
-0.016239642
-0.024289219
-0.018265156
-0.0029724503
0.021237606
-0.17013843
-0.029500341
0.19963877
0.050335524
0.017527598
-0.68221696
0.23138275
1.0727287
0.0016440142
0.036511329
-0.038155344
0.065433249
-0.097631526
-0.010671398
0.068128662
-0.089641876
0.021513214
0.028166385
0.00056402126
-0.35252621
-0.20939239
-0.025602869
0.017938628
-0.046121909
0.057390967
0.038163895
-0.022235321
0.048539095
-0.027219928
-0.047470551
0.032858317
0.014612234
-0.023123287
5.3487648
-4.4574416
-0.89132319
0.001104235
-0.067711364
0.066607129
0.015946924
0.086306479
0.053994448
0.023357235
-0.0048783493
0.021596969
-0.036030671
-0.038160445
0.0021829473
0.035977498
-0.0019256963
-0.02861285
0.0076852705
0.077964043
-0.064472582
-0.013491461
-0.006656407
0.057904829
-0.04234521
-0.0082422123
-0.012316021
0.090924089
-0.016779297
-0.00077142548
-0.036843762
0.071462174
-0.027499091
-0.40988099
0.061048804
0.031954621
0.0061716334
-0.022920318
0.016748684
0.015179218
-0.15848026
0.10808269
0.046072179
-0.002715748
-0.043356431
-0.018719239
-0.00264042
0.021359659
-0.017972349
-0.089627855
0.1076002
-0.0029733696
0.017523513
0.02135224
8.561516e-05
-0.0015847599
0.01930806
0.53454286
-0.45181782
-0.082725043
0.024171509
-0.020976311
-0.035250107
-1.2986211
1.5645918
0.014713273
-0.022383874
0.001839779
0.033389845
-0.6459595
-0.0038286473
-0.018869705
0.014290587
0.016005901
-0.08346366
0.0096653862
-0.028872157
0.010914127
7.3518367
-0.029551898
-0.11145084
0.0059717418
-0.076277336
0.024994812
0.026838213
-0.10077388
0.019700621
0.018519311
0.17659422
-0.080701172
-0.0068245374
-0.037728999
0.27034394
-0.18744888
-0.082895064
0.099231378
-0.28932129
0.19008992
0.024388325
-0.063776987
0.014631311
0.049145676
-0.29448244
0.36301661
-0.015219277
-0.06105806
-0.022684336
-0.020430533
0.016549273
-0.01607211
-0.00047716298
-0.029869295
-0.0022493632
0.032118658
0.0033878263
-0.0024569938
0.048584587
0.018378871
0.77439358
0.018870388
-0.023980854
0.060590543
-0.069214297
-0.52471042
-0.79895516
0.10186075
-0.093801062
-0.388476
0.48227706
0.024958048
0.0021824216
0.11552211
-0.065040067
-0.039639953
0.04881393
-0.027756194
0.18211411
0.15010371
-0.12867021
-0.050607936
0.50399611
0.0051162687
-0.023884012
0.21534902
-0.017690635
0.046666979
-0.23133301
0.29830782
0.018935744
0.09838833
-0.06848865
0.021436783
0.027788936
-0.0039928022
-0.019396271
0.23668824
0.2162525
0.16395129
-0.097565575
0.0085698352
-0.024912455
-6.6660854
-2.811384
9.4774694
-0.018970291
-0.0050280316
0.027775352
-0.027630156
-0.00014519612
-0.040037662
0.030452403
-0.013764377
0.011305755
-0.0012133752
0.034032754
-0.032819379
-0.073593704
-0.0102584
0.77579502
-1.2508126
1.2091591
-0.031622067
-0.0018340068
-0.051138472
0.082636519
-0.030050555
0.025226239
0.00091033475
-0.018555022
0.024196097
-0.029414549
0.017088744
0.010529935
-0.013548076
0.024382217
-0.010834141
0.021502846
0.0031894727
-0.55681214
-1.8177457
-0.018473453
0.022962357
0.023581119
-0.032400745
-0.002422699
-0.030202117
-1.3422821
0.11415313
7.2403499
1.1570323
0.026060714
-0.027227762
0.0011670487
-0.044978495
0.011216276
-0.0016401563
-0.016960946
0.017354189
-0.00039324312
-0.3417139
-0.022625577
0.36433947
-0.010727214
0.023892919
-0.013165706
-0.84168291
0.17352393
0.022187706
-0.027571436
-0.017837424
-0.22140046
0.2881865
-0.0033430464
0.085370166
0.15140457
0.022131552
-0.027036862
0.057770229
0.043043142
-0.030810938
0.0051291783
-0.0087309639
0.0036017856
1.1624623
0.023183962
-0.026290239
0.021495561
-1.6402934
-0.74627346
-0.0033305734
-0.0052734987
0.0086040722
0.055587294
0.088504358
-0.25199413
0.37384706
-0.12185294
-0.007649783
-0.019215652
-0.044368749
0.029598532
0.014770217
-0.0026734492
-0.028809978
0.031483427
0.071628277
-0.28743342
0.21580514
0.025023942
-0.019021348
-0.026577128
-0.04041776
0.03044167
-0.033461069
0.031350934
-0.02910864
0.0061295045
-0.028567206
-0.015517343
0.044084549
0.019295627
0.00056043243
-0.019856059
-0.030904684
0.028798451
-0.020245868
0.0010505864
0.019195282
-0.46346214
0.026940699
-0.018370864
0.021349651
-0.018644723
-0.03341066
0.68660474
-0.59262828
0.0051051831
0.022324319
-0.027429502
-0.036542688
0.015082011
0.021460676
0.1532299
-0.077807227
-1.088085
-0.00084124824
-0.020144083
-0.0054587861
0.014288974
-0.018913685
0.14673188
0.085910224
-0.0073611532
-0.21607575
0.26426724
-0.013041257
0.0079325169
-0.18087336
-0.0063408005
0.02023673
-0.013895929
-0.0020742262
0.015590625
0.010298304
0.03900503
-0.032839435
-0.0061655942
-0.0053792794
0.022624976
-0.017245697
-0.027082517
0.059914123
-0.032831606
1.3641166
6.0306798
-7.3947963
-5.5187775
-2.3364705
7.855248
0.10755606
-0.032742507
-0.052151994
0.021867776
-0.017142548
1.5658774
5.136934
-0.10347008
0.12408562
-0.033785444
0.033840746
-5.5302109e-05
-0.039005114
0.026707213
0.017126859
-0.017277565
-0.044769438
0.046744303
0.027266448
-0.20871523
0.49886113
-0.2901459
-0.017606354
-0.10904975
-0.046913335
-0.0017573781
-0.086093041
-0.0074644644
0.0082803001
-0.01089824
-0.010049855
-0.092238935
-0.041441289
0.13368022
0.0027927717
-0.021512011
-0.021623652
0.021625479
0.49622337
-0.36255064
-0.001927393
-0.029299019
0.031226412
-0.093268609
0.0049277162
-0.0061095964
0.025102606
-0.014856229
0.46992066
4.2943399
0.010484119
0.026674581
-0.037158701
0.024162399
0.0037883111
0.28941465
0.0045937478
-0.034839341
0.033166363
0.040740039
-0.017836707
0.038467385
-0.043656037
-0.094829752
0.066711035
-0.27139734
0.34302562
-0.0030685024
-0.022509739
-0.024396066
0.050880067
-0.034680821
-0.022626697
0.024810655
-0.035462642
0.018624803
0.0064646013
-0.025089404
-0.025148851
0.01415998
0.010988871
-0.0075228415
-0.025378805
-0.0038705929
-0.01858851
0.082356035
-0.01035202
-0.012394802
-0.82625491
0.12646157
-0.046400397
0.00075357298
-0.029925164
0.023505812
-0.020786388
0.036262949
-0.095189509
0.012789886
0.0010729665
-0.029353805
0.031634193
0.030440049
-0.032568093
0.0021280435
-0.020195504
-0.0012178241
-0.010997166
-0.014690696
0.04033786
0.089836746
-0.07293929
-0.023051852
-0.0078032758
-0.032699369
-0.051348226
0.05326916
-0.0019209334
-0.012679787
0.016679287
0.019412309
0.056403095
0.17342274
-0.22982583
-0.035741704
-0.020420213
-0.6226612
-0.024727875
0.68398161
-0.58554411
0.0081757245
-0.067016655
0.058840931
0.029281171
-0.031339023
-0.044250042
0.011431162
9.686809
-8.5889533
0.096985169
-0.026629992
-0.020168229
0.022711994
-0.002543765
-0.0005776512
-0.023675803
-0.028275374
0.034992894
2.8745506
-3.3453764
0.47082584
0.071750509
-0.042658988
-0.60864352
0.53777921
0.070864311
0.028623848
0.018840867
0.023403122
-0.018884972
-0.017824924
0.00021199186
0.027350498
-0.10352667
0.10227785
-0.44146883
0.14151807
-0.17481477
0.19330691
-0.018492141
0.036281168
-0.022208831
-0.041591488
0.043744174
-0.012364508
0.0087717707
-0.01986796
0.019941936
0.043457443
-0.10678929
0.027312865
-0.029060176
0.031510206
-0.035716338
-0.024478277
-0.075404841
-0.036919915
0.035850475
0.0010694399
-0.82767732
8.7952788
0.072532961
-0.0041641247
-0.018823031
-0.26648797
0.35180165
0.017758897
0.00090271745
0.029305343
-0.034408602
0.20831029
-0.71453419
0.043265699
0.0088996428
-0.052165342
-0.043067427
0.033118678
0.029746892
-0.034868177
0.00030304789
-0.021766801
0.021463754
0.0050276787
-0.025095631
0.34192248
0.029459179
-0.026485306
0.20698884
0.02219613
-0.020083889
-0.029258473
0.028641644
-0.0023570346
0.03643575
-0.034078716
-0.025895489
0.034218489
0.0063345893
-0.025126095
0.030103966
0.0017825699
0.023876085
-0.03813531
0.046906139
-0.024890692
0.028009653
-0.024694921
0.027919967
0.0043246234
-0.024381667
0.028752185
-1.1424868
1.5126881
0.028756513
-0.032963844
0.40466768
-0.029281567
0.031443944
-0.0021623766
-0.016820817
-0.0071907308
0.095998353
0.0310899
-0.031571807
-0.51668901
-0.082686797
-0.028990359
0.0042671499
-0.019749382
0.025144121
0.0098682031
0.010646088
-0.065448786
0.024618545
-0.040627249
-0.036571209
0.035646631
0.030309815
-0.03300849
0.0026986747
0.0024727054
0.028878229
0.91714061
-0.11407409
-0.018625557
-0.48673772
0.026965739
-0.033170226
0.0033460981
0.11760584
-0.024302571
0.017585973
-0.0017352443
-0.018564143
-0.21989962
-0.1148757
-0.024351423
-0.022662379
0.047013802
0.0015601098
-0.0015351992
0.0035177277
-0.017464972
0.013947245
0.74854494
-1.3671311
0.61858615
-0.0874919
-0.035119735
-0.0012432701
-0.021196467
0.019102133
0.069394329
-0.070948757
0.0015544278
-0.019904457
0.029569843
-0.082370457
0.016179755
-0.043547368
-0.0058365941
-0.0061672237
0.26407315
0.10532404
-0.042526291
0.030903349
0.020555345
0.055083813
0.0054644262
0.031178968
-0.011408023
0.10405022
0.020073271
-0.017755246
0.049799128
-0.0094095165
0.026220037
-0.01681052
0.033033771
0.0076749309
-0.0030829923
-0.0045919385
-0.43079233
0.56066423
0.02272617
-0.015904552
-0.019699606
-0.060542266
0.30640834
-0.24877635
-0.057631984
-0.0248255
0.024857207
-3.1707243e-05
0.81935007
-0.029250531
0.015345125
-0.025017339
0.034240541
-0.034237368
-0.044980684
0.051522294
0.016855051
0.0062944943
0.0056601118
-0.022891511
-0.059282149
-0.075535843
0.0013057251
0.019171029
-0.020435606
0.03406947
0.014302351
0.0058040559
-1.9460129
0.015983079
-0.011226281
-0.040617678
0.03832244
0.7249181
0.026375653
-0.19902083
0.24123993
-0.042219105
-0.018820742
0.023925925
-0.025179071
0.018453583
0.0067254879
-0.30467015
2.4677145
-1.7525426
-0.0053579259
0.039388399
-0.034030473
-0.035696089
-0.018372701
0.017798386
-0.38217323
0.42663901
0.0030852546
0.01691541
-0.0063236877
0.00054821561
0.027467342
-0.020082012
-0.033972918
0.032436919
-0.69110492
-0.030517593
-0.0017387863
0.032256379
0.14357323
-0.0094043076
-0.048273973
0.0090917677
-0.0032083443
0.024663132
0.0066604796
0.031510312
-0.080960994
-0.0016427065
-0.042834902
0.044477608
0.053448146
-2.4009316
3.586722
-0.92542389
-1.6151984
0.011924988
0.50440466
-0.40022741
-0.017259478
-0.0029863902
0.046206243
0.00025330341
0.1012959
-0.12757815
-0.63260362
-0.036098546
-0.023073523
0.059172069
-7.1513161
4.6511807
-0.12611034
-7.3895201
-0.027279551
0.017359922
0.0033407275
0.011040772
0.021701453
-0.032742226
0.022372525
-0.17139525
-0.21041833
0.39011244
-0.12603929
-0.034953668
0.033683234
0.0012704347
1.2627562
-0.13637325
0.04036744
-0.11086143
0.039865395
6.0895988
-7.8749689
0.044128729
-0.0090588727
0.028498595
0.022301741
0.01843933
0.065215442
0.0049746337
-0.0023309204
-0.028244785
0.030575706
4.0469855
-3.964646
0.67924924
-0.57776475
0.13677333
-0.14818135
-0.12305588
-0.046618529
0.028837026
0.017781503
7.906274
-3.726707
0.61577038
-0.13951995
-0.47625043
0.030298671
-0.02345849
0.0065629266
0.5557699
-0.038307426
0.0051940358
3.9421929
-0.0053050703
0.010012793
-0.0047077224
-0.023799013
0.011556685
0.030260838
-0.029189667
-0.00055768028
0.018918383
-0.00078927029
0.029253655
0.029273182
-0.031368173
0.0020949916
0.087191201
-0.065410013
0.021575691
-0.056930766
0.040972677
0.065930692
-0.10690337
-0.12514525
0.12207728
0.0030679718
-0.15687496
0.020189121
-0.027123059
1.7382317
0.028564921
-0.028990965
0.018037116
-0.018305433
0.018681286
-0.018841206
0.077076096
-0.015818926
0.033706805
-0.04080402
-0.64550116
0.25447282
0.39102834
-0.036856073
-0.0012178185
-0.0080977141
0.16287137
-0.19162869
0.062472944
-0.044025892
0.85750932
-0.021307566
-0.0013314441
0.1117737
-0.1197422
-0.00054787515
-0.0077751378
0.025819369
-0.028831963
0.017789753
0.025089841
-0.027948362
-0.14499303
0.16902815
-0.018527123
0.035766749
0.024817727
-0.027737535
0.096821783
9.2393115
-8.046613
-0.029733463
0.031827265
-7.75369
0.073316956
7.680373
4.4370219
-0.58568063
-0.018294083
-0.010203429
-0.0030060266
0.018157119
0.024758319
-0.027902888
0.02172019
0.067792611
-0.089512801
-0.031317263
-0.0015365771
0.03285384
0.015869777
0.00148757
-0.010365833
-0.26322028
0.14046414
-0.16368727
0.01962304
-0.018272911
0.023421212
0.13275326
0.00031039198
-0.026966621
0.02665623
-0.02957813
-0.011188616
-0.095163761
0.092487261
0.0026765
-0.032821722
-0.050978172
0.083799894
-0.029290374
-0.001921618
0.031211992
0.55324783
-4.8403883
-0.032200215
0.025444823
-0.036459145
0.011014322
-0.029824844
0.032093169
-0.002268325
0.020063466
-0.024056268
0.035604061
0.026438252
-0.02227082
0.022615162
-0.023261975
-0.069580121
-5.0987712
0.75588673
-0.0098703006
-1.0995168
1.4274632
0.020891807
-0.021914044
-0.058483883
-0.045294491
0.032119187
0.014914821
-0.047034007
0.020473349
0.016587262
-0.0040029836
0.022693599
-0.0099357102
-0.0094839861
0.0021810491
-0.022850544
0.027506683
-0.034805333
0.0072986502
0.0018675311
0.074874871
-0.050630442
-0.024244428
-0.010228026
-0.0091101671
-0.16563306
0.06284649
0.027787263
0.0070531715
-0.03449486
0.00023746927
-0.040252136
0.040014668
0.8004477
-0.88885435
0.08840665
-0.029206306
-0.0020412892
0.031247595
0.031703705
-0.037764542
0.027571227
2.7595956
-2.7656796
8.5248828
-1.1198791
-7.4050036
0.048984576
0.072497154
0.1045586
-0.10768135
0.0086024485
0.0081894812
-0.011447348
-0.013731723
0.0077702744
-0.027674732
0.00971884
-0.004885547
-0.70045094
-0.14566721
-0.037481551
-1.2399644
1.3845665
-0.033027247
-0.014770304
-0.0028907838
-0.018892758
-0.001799174
2.118229
-0.010215306
-0.025674493
0.035889799
-0.030274875
0.031715233
-0.0014403578
-0.022533361
-0.25270117
0.065052362
-0.03477488
-0.030277482
6.3897773
1.5164967
-0.0031502565
0.24541164
-0.018335579
0.020279528
-0.040248029
-0.078853132
0.0019879916
0.07686514
0.046993937
0.30839303
0.0018201053
-0.01926814
-4.3426843
5.5927791
-1.2500948
-1.1500287
5.3056814
0.41854489
-1.3439688
0.23471735
-0.1665797
0.29426449
-0.060086574
-0.23417791
0.0024918733
-0.0058582816
0.12608236
-0.12022408
-0.03560819
-0.0018208014
0.037428991
0.42057826
-0.098154849
-0.78747095
-0.020558594
-0.018629038
0.17159986
0.018035214
-0.022420084
-0.030491337
0.02372512
-0.019146513
2.3319673
-3.0885629
0.063188654
-0.052817012
-0.010371642
-0.45734727
2.4949314
-0.1464208
-0.02230663
0.020248062
-0.0064683982
0.030368391
2.0062131
-3.1898954
0.037674967
-0.041344673
-0.089847983
0.10001254
-0.010164553
0.0082754377
0.0024113849
0.018573961
-0.020985346
1.3176208
-1.4342833
0.0038148492
-0.039951786
-0.030927742
-0.03961326
-0.1110088
-0.5635653
0.096016056
-0.02516399
0.00033849024
-6.8267432e-05
-0.027752683
-0.011097898
-0.014050953
0.024746421
-0.0031364371
-0.0049153117
0.01004449
0.028797065
-0.030527158
0.039000077
-0.039965475
0.00096539923
-0.00080736496
0.0075009048
0.15514235
-0.12496969
0.032956478
-0.0062818966
0.093679036
-0.024763346
-1.7207047
0.21432513
0.042629149
0.02498969
0.0030843736
0.020000916
-0.59708812
0.55385336
0.037398429
0.01894241
0.0044247816
-0.023367192
-0.004689273
0.011459713
0.018335418
-0.028613122
0.036358757
0.03378245
-0.029820313
-0.024427103
0.012694494
0.0062531071
0.017764092
-0.074242265
0.040498662
0.033743603
0.16545549
0.26185643
-0.42731192
-0.018742281
0.045025469
-5.2139806
2.5363193
2.6776613
-0.015668906
-0.066563822
-0.027831497
1.1908775
0.0016922863
0.13882172
-0.14685644
0.016333328
0.035641599
-0.1159108
-0.049722263
0.00037910054
0.023337848
-0.099283486
0.025184963
0.074098523
-0.030791495
-0.0076759116
-0.012721105
-0.021144964
0.036050753
-0.015577404
0.034615617
-0.034612792
-0.020173937
0.0032129903
0.53124288
-0.92077658
0.033449695
0.88732688
0.15560528
-0.12319893
-0.0016043568
-0.028768285
0.030372641
0.006104322
0.020822735
0.035352859
1.8543158
-0.023676852
0.023688602
-2.2382073
-4.3437344
6.5819417
0.017478478
-8.4355701
-0.46911249
0.015261744
-0.011744016
6.5910151
1.5017449
2.6154723
0.61282659
1.1016531
-0.033827029
4.1584396e-05
-0.011596384
-0.02033373
0.13802507
-0.12331829
0.01712131
0.014825904
-0.044855356
-0.0028869761
0.047742333
-0.011855356
0.011367636
0.00048771952
-0.018728144
0.015415012
-0.034931624
0.032811919
0.020355398
0.71178851
-0.92220684
-0.022671704
-0.014504771
0.037176475
-0.17009828
-0.0080714507
0.17816973
0.51099447
-0.50060704
-0.01038743
-0.20170055
0.25042516
0.13519034
-0.14450514
0.0024699966
0.01105729
0.014742941
-0.025800231
-8.6275297
7.6011446
-0.025120511
-4.347898e-05
0.00080421914
0.015745054
-0.069612652
0.03679093
0.063509903
-0.29294016
-0.020793251
0.80806059
-0.21025338
-0.064015031
0.00051069602
0.063504335
-3.2036573
1.4822235
1.7214338
-0.016240191
0.021236112
-0.0039181628
0.058123815
-0.057369698
3.753844
-4.9284019
1.1745579
0.022246371
-0.033075582
0.033507255
-0.007143706
-0.016468445
0.15476582
-0.12340222
-0.014339101
0.025396391
-0.023697467
-0.040369981
-0.51358403
0.023741629
-0.16433729
0.14059566
-0.078543267
0.097816483
0.034081196
-0.033412751
0.13914561
-0.1437303
-0.0027774166
-0.030024484
0.031924668
-0.001900184
-0.022926125
0.004637869
0.018288256
0.11786937
-0.074598761
0.031093431
-0.03094945
0.0097772853
0.0016477167
1.0998266
0.16598955
1.0410997
0.43013075
-0.25226724
-0.17786351
0.017111826
0.0088289272
-0.025940753
0.019133733
-0.024225338
0.024535731
-0.0023082734
-0.019639292
-0.028929797
0.029146964
-0.032951716
0.030404588
-0.031589406
0.0011848184
0.15940108
0.11094286
0.029631481
-0.03105481
0.001423329
0.21247446
0.20577523
-0.41824969
0.00095734071
-0.14884319
-0.040563855
-0.031058651
-0.5920796
-5.9625568
6.5546364
-1.8403443
-8.0254428
9.8657871
0.018962143
0.016999183
0.00055876708
-0.0022339581
0.021243283
-0.019009325
0.0021157811
-0.023281443
0.021165662
-0.0060946062
-0.041654651
-0.00037225107
1.7546755
-1.9504875
0.034788724
0.058022235
-0.092810959
0.0007237875
-0.026373168
0.025649381
-0.014972668
0.01045612
0.15524177
-0.12158804
-0.061882896
0.085128657
-8.3502565
6.2182414
2.1320151
0.0085224727
0.7710988
0.069645034
0.098793158
-0.045509532
-0.059793111
-0.033218344
-0.017509531
0.050727876
-0.05251807
0.060804122
-0.017363994
-0.0016819106
-6.3893734
5.846731
-0.86691216
1.0416994
-0.26873547
-0.018697949
-2.9007701
-0.041227387
0.024021194
0.017206193
-0.025186609
-0.015042446
-0.0046712055
-0.018254919
-0.024098387
-0.016986073
0.041084461
0.0026093969
0.018082868
0.010001954
-0.0022743641
-0.029606217
-0.033718852
0.031367583
0.053987187
-0.019016092
0.011486523
0.027987035
-0.32221119
0.011462011
-0.0088891344
0.0022204973
0.019044664
-0.021265162
-0.059230786
9.2075258
-2.6506222
-6.5569036
-2.9579611
0.78001604
0.030711749
0.0014271124
-0.031223098
0.029795985
-0.0048878656
-0.024255097
0.029142963
-0.014798167
-0.010932412
0.058520672
-1.6002227
-5.8631931
0.81303105
0.30106935
-3.7138545
0.067695382
-0.12697753
-0.014020039
0.037263212
-0.043731611
1.6088925
-6.9311474
5.3222549
0.076347363
0.1317306
2.1404154
-0.16863733
-0.04373999
0.00032922484
0.074709933
-0.035494615
0.0030420883
0.019014465
-0.022056553
-0.026934248
-0.070301685
-0.032601055
-0.022745761
-7.9398263
2.3044027
2.9431594
-0.50332228
0.0016342257
0.076633432
-0.01956024
0.046786714
-0.029940045
0.15205132
0.57491411
-0.44224485
0.024094065
-0.008050419
0.035490102
0.0042886775
-0.039778779
5.7039973
-0.010263438
-0.0095605315
-0.011838181
-0.11330707
-0.46844702
6.9383475
0.062217512
0.041344516
-0.0023883801
0.031743722
0.011376287
-0.034939466
0.023563179
-0.39400424
0.025646376
0.013845344
0.013565468
-0.027410812
0.019350978
0.048013762
0.021374062
-0.011095046
-0.010279016
-0.021257166
-0.067528262
0.0040747344
0.019081683
-0.023156417
-0.091919999
0.11300431
-1.3685901
-1.9115993
3.2801894
-0.017687614
0.3470586
-0.32937099
-0.017877453
-7.0502298
7.0681073
0.0012116029
-0.018923382
0.017711779
-6.4434106
5.9671097
-0.020246939
0.028017213
-0.18135117
0.29218151
-0.11083034
0.41654801
-0.31275149
-0.77519295
0.66925123
0.10594172
0.0011238453
-0.021952352
0.017374088
0.034679035
0.13423439
0.029701978
3.9312298
-0.032938286
0.0079802762
0.02495801
0.1184166
-0.05208671
0.2348816
-0.0038424644
0.031086053
-0.062777951
0.025558671
-0.013480598
0.012922958
0.0011527132
0.0059421005
0.024779417
-0.030721518
0.0034481614
-0.019288076
-4.5466141
0.00021244918
-0.020800884
0.020588435
0.045811424
-0.079805992
0.15553003
-0.013478143
-0.089513364
-0.039336187
-0.071892552
0.01075018
0.039550315
-0.14088514
-0.020504793
-0.073006295
0.062473445
-1.8926321
-3.0799479
4.9725799
-0.052384923
0.026814605
0.083186781
-0.073954962
-2.7156392
0.024761085
-0.018507978
1.47421
-0.026964644
-0.0047632182
-4.7272116
9.9801693
-5.2529577
0.050713726
-0.045210289
-0.29291367
0.031335408
-0.0021919306
-0.019106077
0.019587667
-0.0014035929
0.01916249
-0.019374317
-0.012509061
0.041714199
-0.018619725
-0.0072916818
-0.32561835
0.41804387
-0.017169083
-0.026481146
-0.045509818
0.014839689
0.16303183
-0.035266798
-0.088738425
0.072767473
0.015970951
-0.029873377
-0.0017484463
-0.35021997
-1.0000902
-4.011384
5.0114743
-0.066935942
-0.020831079
0.020401253
-0.045114276
-0.028452105
-0.0062494715
0.039218971
0.0019872787
-0.022101389
-0.0486235
0.034949847
-0.022524454
0.015307339
0.0069033262
-0.10506772
0.22139611
0.049086582
0.0052839936
-0.16994101
0.22746413
-0.012084489
-0.010502287
-0.075129388
0.12083429
-0.098315094
-1.4092356
1.1721617
0.012618401
-0.0151955
0.0022455578
2.6109535
-2.7342772
-0.44307217
0.13982489
0.024694715
-0.019045831
0.61713227
4.2830546
0.63726875
-1.9280595
1.2907908
-0.51432965
-0.016882804
0.021516885
0.010467503
0.0076146089
0.0072611004
0.092418045
0.07855149
-0.15892525
-0.60306795
0.64715214
0.013713372
0.076317914
-0.068822013
0.066575598
0.043045195
-0.034311678
0.00048464972
0.023933852
-0.013545789
-7.931712
9.6338966
-1.7021845
0.0077493005
-0.0020810421
0.023274057
0.0092228136
-0.07242242
0.11889286
-0.046470439
-0.011357849
-0.076736972
0.031806204
0.026715147
-0.036324174
0.0083944849
0.019835273
0.0054130359
-0.025248309
0.02870098
-0.00050055654
-0.00045139181
0.02172021
-0.021268818
-0.038300981
0.010650168
-0.017614534
0.014350754
0.019200775
-0.13693409
0.11773332
0.16532689
-0.061984586
0.02462664
-0.010343402
-0.014283239
0.023516886
-0.018400617
0.025794948
-0.011052007
-0.041224839
0.0051636482
0.018701933
-0.021423069
0.25654239
-0.12635722
-0.023674214
0.019796424
0.1409134
-0.15749617
0.018373878
-0.18098222
0.4937192
-0.31273697
0.097543316
-0.090282215
0.02904884
0.56306524
-0.67264354
0.075835144
0.11609838
-0.03553687
0.025337312
-0.011257533
-0.20353897
0.2147965
0.00055399773
-0.017917623
-0.0020759573
0.031357129
-0.0073699211
0.2871689
0.031053431
7.2453803
-0.6068009
-0.077551711
-0.01444275
-0.031406733
1.6594457
-9.5911577
0.066687751
-0.059125612
-0.0075621395
0.021263308
-0.021937372
0.041713679
-0.037398167
-2.9150463
0.68063368
2.2344126
0.67735903
-0.57540788
0.044219739
0.01709699
-0.0032958426
0.05390263
0.019183376
0.021294377
0.010336195
0.02992213
-0.040258325
0.018574966
-0.034454242
0.015879276
-0.20331892
0.058325895
0.031587913
-0.003578553
-0.095603268
-0.0017750937
0.032470442
-0.030695348
-0.0015953833
-0.029991343
-0.0076956045
0.024038361
0.0013521612
0.016126316
-0.022516045
-0.37610259
5.0989991
-6.5027695
-0.16480461
-0.0023737607
-0.029778998
0.015003949
-0.12756757
0.11256362
0.035486157
-0.035790067
8.5315431
-1.8208103
-6.7107328
-0.048950867
0.0020203427
0.39468079
-0.56479257
0.17011177
0.0027041825
-0.020918736
-1.2889208
1.5319723
-2.8200261
-0.84845721
-0.0033732166
0.03132462
-0.027951403
0.0038167212
0.025113882
6.6011705
0.98085921
-7.5820297
0.068679144
-0.051321553
2.3992345
-0.04918809
0.018245131
0.0036367931
0.34794696
-0.24843845
0.030038669
-0.01790234
0.061955356
-0.064498886
-0.040062535
0.046954371
-0.0068918369
0.036845699
-0.042521059
0.0056753608
-0.01411781
0.055786474
-0.041668664
-0.022332646
0.0015187703
3.585691
-0.62272076
0.072342248
-0.054012604
-0.086781837
0.11147318
-0.02720583
0.02763287
-0.00042704028
-0.038063852
0.036600202
0.0014636505
-0.12414246
-0.023805673
0.010257596
0.10428814
0.064473248
-0.05370882
0.00074374809
0.017305048
-0.48863886
0.11586349
-0.05542825
-0.090737603
0.034386307
-0.028355017
1.6708211
0.0006984662
0.17467398
-0.0058703172
0.05271521
-0.041131117
-0.011584093
0.047242558
-0.045419668
-0.021958185
-0.014897889
0.062410931
-0.059175054
0.022210427
-0.020188749
0.027947418
-0.0013177195
8.032044
1.0811729
-0.0017124776
0.031312671
-1.2448442
0.19591024
0.022786647
-0.005843195
-0.022188393
0.027616115
-0.0054277224
0.023462512
0.043920282
-0.043116539
-0.60033502
0.5807521
0.10048982
-0.012344209
0.066026842
-0.051226922
-0.0186898
0.023568146
-0.891324
-5.4026634
6.2939874
0.061167272
-0.05567513
0.015256936
-0.036837689
-0.48766913
0.089696296
0.0069162731
-0.099209169
0.091439924
0.0077692448
-0.11738139
-0.0065116845
0.12389308
0.91629826
-0.017606129
-0.045894415
0.038602733
0.064639196
-0.059827492
0.023662415
-0.00011256308
-0.023606853
0.02621884
0.0010738262
0.031258827
-0.032332653
0.0057611047
0.016152438
-0.0094203454
0.06714223
-0.063408746
-0.0037334836
-1.0351145
1.8183207
-0.0066293267
0.0083175338
-0.096968523
-2.6892949e-05
-0.029888703
-0.018373015
0.01928335
-0.031929831
0.0023557885
0.026335107
-0.00031854447
-0.027302106
0.0717191
-0.066180528
-0.0028564069
0.043572402
-0.040401199
-0.0057615428
-0.011392339
0.017153882
0.036133009
0.032661302
0.072759572
-0.055602032
0.0092271635
0.028621743
-0.02674073
0.0064937907
0.036391967
-0.021755722
0.021761895
-0.014656437
0.016348425
2.0551157
-0.0028187851
-0.019686172
-0.042675439
-0.014206294
0.0043153727
0.024506076
0.064436748
-0.056141378
-0.017825884
-0.0054417378
-0.0092260558
-0.014975614
-1.6050719
-5.5462442
0.017159713
0.0056269338
0.065913386
-0.055430982
-0.0015742191
0.032864406
-0.031290187
-0.040868884
0.029362081
0.030837043
0.00095947215
-0.030832849
0.012906073
-0.027949874
0.0150438
0.064494309
-0.053821699
0.025910005
-0.0023954448
0.0061471739
-0.028158371
-0.0032694614
-0.023371359
-0.089530495
0.080246036
0.069152972
-0.10731969
0.019819013
-0.015670115
0.02140243
-0.14122589
0.11982346
-0.021718331
-0.036399955
-0.00058645839
0.01560221
-0.015041777
0.082749331
0.021469201
-0.10421853
-0.00048655967
0.062545127
-0.062058568
0.011571372
-0.031993804
-0.17038985
0.21387969
-0.0011020104
-0.022502719
0.0049514856
0.074709901
-0.50129667
0.069087652
-0.058930957
0.038278425
-0.038613258
0.00055115447
0.038062103
-0.017652184
0.019519409
-0.031217767
0.068264886
-0.097741075
-0.00085126543
-0.0014499675
0.054101752
-0.052651785
0.067343767
-0.059811023
-0.03419738
-0.00011429844
-0.054829386
-0.011734435
-0.0026599459
0.13227079
0.024841791
-0.0018160437
-0.017625685
0.019441729
-0.053520853
-0.0068229813
-0.23829349
0.010609268
0.12425962
-0.10665439
0.067545485
-0.071045778
0.032486312
-0.033734357
0.0012480449
0.03594617
-0.0015795529
-0.11858937
0.015673473
0.12067181
-0.056893246
-0.062612043
0.12930157
-1.4981471
1.3688455
0.0087556988
-0.044363888
0.07798588
-0.069784745
9.0719026e-05
-0.063932633
-0.0053203661
-0.018365678
-0.0068794969
0.024117071
-0.0012020995
0.14629465
0.010284712
-0.028450434
0.026905817
0.09338632
0.028690957
-0.052137271
0.022949045
0.075119234
-0.056998125
-0.06394307
0.029679148
-0.022254724
-0.016781413
2.6436704
-2.6183661
-0.025304215
0.1615743
-0.082427
0.011170137
-0.17062817
0.19795531
-0.016361115
0.021818035
-0.00545692
-0.21029693
0.76383153
-0.37213791
0.012487397
-0.024480364
0.006713043
-0.067061139
0.42609367
-0.2985853
0.066158641
-0.056389991
-0.014945718
-0.2233749
0.26626192
0.0011274161
-0.037426617
0.036299201
0.13650639
0.03922551
0.020723079
-0.018217073
0.058011702
-0.058185564
0.010687925
-0.017864132
-0.038478261
0.024733011
0.069361266
-0.058126627
-0.024513937
-0.033403852
-0.013154207
-0.019803919
-0.041428347
-0.025642229
-0.010453011
0.03609524
-0.094253838
0.12084799
0.0088133177
-0.0062615803
0.016949506
0.021210799
0.068491828
-0.062691966
-0.32403746
0.42509543
0.055114363
7.6109311
-0.25567654
-0.26810792
0.028519572
0.23958835
-0.68493001
0.55303898
0.071891127
-0.06152508
-3.7307884
-4.0052288
0.040295913
-0.0018314894
-0.038464423
-0.016002182
0.0044683479
-0.28250822
0.08740559
-0.3793696
-0.10829953
0.98130921
1.4085032
0.069832632
-0.058984423
-0.002851459
0.031527182
-0.028675723
0.012261265
0.00089767578
-0.013158941
0.0045774324
0.014669441
-2.6800483
0.17369364
0.22795679
0.021679669
-0.0052845545
0.069991761
-0.062290226
-0.59776501
0.32250344
0.58604708
0.1121984
0.011952308
0.04204214
-0.20262675
-0.72893439
0.93156114
-0.091905487
-0.0061298374
3.4170473
-9.0958124
5.6787651
-0.0021757394
0.031448921
-0.013859892
0.022970299
-0.018415251
0.017138003
0.030862241
-0.048000244
0.07354346
-0.057751078
-0.015792383
-0.0020539331
-0.022993792
0.0066326777
-0.77206263
-2.6252358
-0.018553282
0.044392631
0.027662789
-1.2997404
0.17289262
-0.0020484185
0.032107374
0.038531505
-0.022658712
-0.015872793
0.054075542
-0.068763111
-0.18010025
-0.0037258492
-0.019313626
0.023039476
-0.021393334
0.020815218
-0.031946831
0.0026063258
0.016656909
0.069818729
-0.064238773
-4.3111165
0.88564696
3.4254696
0.02632015
-0.11362592
0.087305772
0.065093553
-0.057403428
0.00057178458
0.016492639
-0.034639435
-0.002674178
-0.020233937
1.1427248
-7.8824838
-2.9407276
0.075059198
-0.062020603
-0.027285618
7.9787718e-05
-0.17737015
-0.21026309
0.26101955
-0.040589383
0.040826851
1.4643042
-0.0080761206
0.0047455472
2.7293028
-4.0063916
-0.0058307277
0.02289835
-0.017067622
0.024611732
0.022213072
0.015647672
-0.016394188
0.00074651531
3.9794995
-0.54876024
0.044520498
-0.040346988
-0.016721714
-0.010557837
-0.076748572
0.10035829
-0.023609722
-0.015420802
0.011574909
-0.012206849
0.031841465
0.10401025
-0.030570426
0.0030731577
0.018637818
-0.021710976
0.021765143
-0.02358544
0.042099202
-0.040840228
0.02551751
-0.021442775
-0.11924549
0.010275504
0.015989534
0.038971075
-0.022598326
-0.016372749
-0.20592086
0.29105909
0.0013052169
0.014901675
-0.025170654
0.024852109
0.051532757
-0.047788849
-0.014649255
0.0014950477
-0.094520978
0.097995987
-0.0034750089
-0.015075178
0.0474771
-0.040169819
-3.4869358
-0.13176145
-0.0099117851
-0.028086372
-9.3996865e-05
-0.027536159
-0.078222017
-0.01695517
0.095177187
0.56727125
-0.44970782
-0.21632821
0.0094466205
-0.023083187
0.019813726
0.003818269
-0.23118302
0.24455049
-0.013367472
0.014017341
0.015126912
-0.013187171
-0.0096523081
0.02283948
-0.03229673
-0.013964869
-0.0058866417
0.011423633
0.039530983
-0.039410585
-0.00012039804
-0.0075196056
0.029821347
0.64294803
-0.62351011
0.12173175
-0.19227962
0.56051121
0.013883871
0.014500758
0.11946756
-0.054034315
0.6720424
0.24509821
0.50174671
-2.181739
-0.10606938
0.047101039
0.0073715152
0.029668692
-0.038126063
0.003585603
-0.084014604
0.039764562
-0.045621164
0.0030948737
-0.51888955
-0.0039861748
0.022660195
-0.01867402
0.043425463
-0.039931071
-0.19638314
0.25249115
0.10111211
0.026821443
-0.045360471
0.035145165
-2.6418082
-0.00031344608
0.031860566
-0.029637102
-0.0022234643
-4.9853044e-05
-0.04738627
0.074263107
-0.062347787
0.26759124
0.17047211
-0.0030754824
0.062010986
-0.064933011
0.67617355
-0.56535862
0.013528742
-0.035247036
-0.12701094
-0.1017454
0.41748538
-0.30209227
0.0058684839
-0.023694368
0.037691244
0.0036522663
-0.041343511
-0.036533234
0.036621197
-8.7962946e-05
-0.021088781
0.018448361
1.1565469
-0.49962396
-0.65692298
0.0064974821
0.0064769787
0.016687629
0.0072667356
-0.01221544
0.0010173599
-0.039958047
0.038940686
-0.71749078
0.70232472
0.015166059
-0.036931767
0.033609511
0.0033222561
0.08602513
-0.072558269
-0.013466861
-0.1954846
0.25258165
-9.5013476
3.8772518
5.6240958
0.032052667
-0.029426823
-0.0031412698
0.0035229402
-0.055040266
0.0036452718
-0.080499857
-0.027599482
0.027089948
-0.047354736
-0.032038745
0.030443362
-0.86300494
-7.0364292
7.8994341
-0.1032741
0.010284017
0.092990084
-0.021937098
0.0011997643
0.00030300472
0.021322474
-0.015201655
0.028107728
-0.02169131
0.019796564
0.60733855
-0.01186844
-0.00063508123
4.9773269
-8.4753478
0.037619394
-0.013623121
0.04846093
-0.043814411
0.008716477
-0.038003788
0.029287311
-0.29392313
0.03192427
-0.048501026
0.0050329076
0.039455485
-0.038438126
0.010315112
-0.017744403
0.051521236
-0.02455013
0.001904543
-3.5333516
-0.77776498
-0.02477261
0.024985221
-0.00021261098
-0.0078727024
0.0022518756
-0.61451709
0.64254983
0.019100254
-0.024149648
0.0050493941
-6.5760411
0.064783665
0.00059020845
0.016943483
-0.017533691
-0.0017174714
0.032122059
0.06071308
-0.063170074
-0.0044940463
-0.024981194
0.02947524
-0.34604935
0.15183203
-0.00025537717
-0.0055473049
0.023769321
-0.018222017
0.012927427
-0.019268228
-0.011514694
-0.016019399
0.037456181
0.039876388
-0.041110909
-0.036385993
0.023515594
0.054678201
-0.057431042
0.017194577
-0.030964919
-0.037701263
-0.035589776
0.0018919241
-0.030855633
0.028963709
-0.0043005292
0.041991774
-0.029285112
-0.0022072905
0.031492402
-0.05198876
0.0001766606
-0.031012243
-0.00049079149
0.0074980478
-0.031683004
0.25830786
0.015960618
0.0010385647
-0.0081023774
-0.034056107
-0.01246822
0.024985358
-0.021187098
-0.027156698
-0.00012891955
0.031919307
-7.5574486
-3.3346372
-0.02867838
-0.011555739
0.04023412
0.51274481
0.31153419
-0.26831803
-0.043216168
0.02550105
-0.014573625
-0.010927426
-0.00015103445
0.00011117733
-0.014824248
-0.056438085
-0.0048892292
0.061327314
-2.8984027
3.1491732
0.013960883
0.01212178
-0.022535011
0.11592133
0.025961776
-0.0063973259
-0.85539385
1.0121603
-0.0077867139
-0.052818238
0.013907782
0.023999616
-0.037907398
0.0023786587
-0.016801968
0.043483273
-0.047289442
0.15647667
-0.13718061
-0.021092733
0.0228602
-0.015505839
-0.036834382
0.012465031
0.024369351
0.0023758428
-0.029933347
0.027557504
-0.0099056858
-0.012717068
0.0017073969
-0.021869096
0.001091623
-0.020057645
0.043430916
-0.04073779
0.68206581
-0.60644005
5.7282108
-5.2656656
0.010766942
0.0075638075
0.035238067
-0.044386638
0.03543413
-0.023974417
-0.038396432
0.066302751
0.086927149
-0.0045938198
-0.020111333
0.024705152
0.0020125133
0.029847144
-0.031859657
0.94325569
8.2960558
0.028468117
0.003888207
0.0003365308
-0.020204491
-0.025570822
-0.0015649519
-0.031595767
0.0023106552
0.014489899
-2.3779792
1.9069567
0.043288647
-0.079825029
0.023846997
0.0098174947
-0.084655654
0.1216305
-0.75552447
0.066663284
-0.032263635
-0.42565383
-0.10289393
0.070909571
5.9237012
0.73941741
-0.55960722
0.087631583
-0.044452959
-0.043178624
-0.0035457763
0.021656363
-0.043518406
-0.00067210511
-0.0018736718
0.031814228
-0.029940556
-0.033201551
0.095360637
-0.080364588
-0.15368148
0.19810477
0.043669347
-0.062811697
0.036234569
-0.24447402
0.061751436
-0.037117658
0.030657384
-0.0063169096
-0.026690934
0.033007843
-0.11626051
-0.01825972
-0.0040638629
0.15551528
-0.036725257
0.00019202292
-0.0082835697
0.015257712
0.019327062
-0.92022429
-0.054383489
0.014105935
-0.054655414
0.051365598
-0.059721116
0.0083555177
1.225248
-0.43374261
-0.7915054
0.0018917681
-0.031173335
-0.04116483
0.018487231
2.3128177
-2.7374988
0.15732354
0.19062342
0.015925172
0.020682673
0.010281955
0.0033961239
-0.023568684
-0.031602746
0.7824398
-0.37968098
-0.40275883
-0.053000327
0.07077271
0.030686144
-0.026899591
-0.061002504
0.021075292
0.76177777
0.02994316
0.002649175
-0.033509989
0.030860814
-0.026339326
-0.054059496
-0.060295963
-0.029554866
0.08985083
0.033813853
-4.1325182
5.7414107
0.017851203
-0.0038255446
0.14525206
-0.14142652
0.0073456524
-1.3646719
1.4483206
0.036870101
-0.025802579
0.033547478
-0.031899761
0.068602082
-0.054458774
0.92945168
-0.72705188
-0.013539389
-0.0098481099
0.023387498
-0.031942137
0.030020519
-0.88443238
5.5012526
-0.022233172
0.01825803
0.0039751417
-0.034149605
-0.0037349178
-5.2984639
0.017604548
-0.019420592
-0.61355952
0.56626921
0.037973115
-0.20275144
-0.0035844481
-0.048499918
0.052084366
0.026387583
-0.26832169
-0.0049938786
0.023575839
-0.018581961
0.048976595
-0.043574548
-0.014946829
-0.021973086
-0.028354717
0.028426129
-0.26772016
9.9439913
-9.6762711
-0.0039971552
-0.02211918
0.025908004
-0.034988946
0.15741579
-0.16102655
0.0036107521
0.01660403
-0.67938846
0.55585012
3.6472386
-0.024933862
0.0001612521
-0.0075911813
-0.0080015585
0.036145142
0.02465898
0.019630757
0.023133648
0.007324985
-0.030458633
0.017605308
-0.84559124
-0.040335833
-0.011801438
-0.045389875
-0.0013887246
-0.063893529
2.4865378
6.720988
-0.0032202862
0.030999473
-0.02963732
-0.0013621531
0.17467298
-0.14291272
2.8074654
-9.4735508
0.039551231
0.05800483
0.021637014
0.065590676
-0.057501809
-0.054334965
0.012743477
-0.022396418
0.019185425
0.0032109928
-0.011981529
0.47315949
-0.022764283
0.023488071
0.041816346
-0.045923123
0.0041067773
0.02352823
0.003120751
0.019523469
-0.49007127
0.49673803
0.061787831
-6.7764664
-0.042310149
-0.0017892718
0.044099421
0.76091132
-0.65792442
0.029434807
-0.031792762
0.0023579546
0.20339106
0.010774055
0.069098726
-0.054678186
-0.19558901
0.033906135
0.038241083
-0.029524606
-0.14540717
0.024838631
0.061984364
-0.05231423
0.076857775
0.0075359996
0.16236915
-0.14322966
0.02909633
-0.0298856
-0.071713014
0.051842273
-0.1785294
0.12668713
0.032704199
-0.0014453724
0.0025956138
0.023794827
-0.11362504
-8.0420421
9.7014878
0.0429282
-0.029225691
-0.027171352
1.4654035e-05
0.10845234
-0.029183019
1.7183809
0.045288072
-0.00097079152
0.033047968
-0.029312156
-1.5209979
2.1582667
0.17602137
0.065296324
-0.067031585
7.966664
4.8990266e-05
-0.0037837626
0.0037347729
-6.1369419
0.034975677
-0.028928287
0.16286558
-0.1660882
-0.0011255852
-0.030470182
0.078045829
0.0064464985
0.015385299
0.029951301
0.063145797
-0.065230847
-0.011137121
0.0058320506
-0.018106616
0.031276709
-0.013170093
-0.032286245
-0.011542906
0.043829152
0.0016245772
-0.018184114
2.7432501
0.0057784736
0.027014233
4.7436617
-3.8580148
-7.2632581e-06
-0.0019326997
0.031856941
-0.029924241
0.036254831
0.013850668
0.073975217
-0.044293727
8.4054327
-0.036359279
0.036444889
-8.5610427e-05
-0.040975771
0.18299333
-0.14201756
-0.23642966
1.5117377
-1.275308
0.062490912
-0.062251401
-0.0035845584
-0.037617557
-3.5675014e-05
-0.023641177
0.023594605
-0.029194391
-0.0024032444
-0.15849579
0.071578002
-0.054900377
0.024134718
7.3758001
1.1101043
-0.0033608033
0.042750977
-0.013754003
-0.031645873
0.02936928
0.039054397
-0.010266939
0.09150932
7.1175065
0.23509523
-0.44343765
0.20834243
-0.029957476
0.015618375
-0.0016200156
0.0027538438
-0.032322302
0.029568458
-0.070452695
-0.0065909518
-0.014827311
-0.033119152
0.030696453
0.95889532
-1.5416094
-0.060999739
0.070752194
-0.0097524547
0.066118653
-0.26098102
0.19486237
0.022245395
-0.020024898
0.021759455
0.051068597
0.013453297
0.16475237
-0.14717493
10.153378
-1.9376835
0.016528811
0.0026537367
-0.019182547
0.064279784
-0.055621773
0.064993531
-0.055375558
0.013715919
-0.016269576
0.1016571
-0.17323977
0.039977022
-0.033053978
0.031315192
-0.0098273024
0.020102807
-0.017827468
-0.0017258579
0.019553325
-0.74411265
-0.29215421
1.0362669
0.0015856916
-0.013660391
0.0078988483
0.57424608
-0.60716003
0.037035102
0.069819562
-0.051799522
-0.024869105
-6.4756975e-05
-7.4058882
7.3880108
-0.84006584
0.022478977
-0.024712935
-0.037318403
0.019520352
-0.016818386
0.074983773
-0.076302641
-0.0070952948
0.17052169
-0.14659646
-0.023181392
0.018187513
0.064220063
-0.066630586
-0.033462901
-0.00073447919
0.013770119
-0.0072172322
-0.075288543
-0.68023592
-0.0824059
8.2769418
-1.4787199
-6.7982219
0.053297768
0.022017364
-0.06224683
-4.6167498
3.4903707
0.12272817
-0.089547832
-0.033180341
0.01851001
0.030694997
0.018358513
-0.017768305
-0.031270349
-0.038053352
0.14206321
0.90238495
-1.1388146
0.077167054
-0.069153835
0.012089754
0.041555033
-0.035347144
0.038858705
-0.023339606
-0.015519099
0.19626917
0.18883668
-0.3981569
0.20932022
0.61364965
4.1802114
-0.040834394
0.065497527
0.074067422
-0.059070254
0.17381594
-0.15609909
-0.00011626603
-0.021639456
0.35029448
-0.16753396
2.3460385
0.025693976
0.007526817
0.24952848
-0.13867496
-0.11085352
-0.032846578
-0.0016076643
-0.055853908
0.013508698
0.013450198
-0.028162553
0.014712356
0.28742379
-0.48857951
-0.55012549
0.040396013
-0.041267618
-0.042658103
0.0097631299
0.018260561
0.0052201059
-0.082088178
0.082022528
6.5650211e-05
0.22587706
-0.11394757
-0.02388279
0.11260427
-0.093462821
-0.019085109
-0.0013188599
-0.015951494
0.0010146289
-0.02288277
0.018211564
0.015405033
-0.025275334
-0.30554885
-0.46665607
0.14529479
0.02369177
-0.019053901
-0.024398878
-0.059873971
-0.081176935
0.026279163
-0.12408136
0.023392842
-0.024870155
-0.023649819
-0.021684903
0.018866118
0.025286627
-0.18819592
-0.27057875
-0.43709625
-1.4511399
1.3476148
0.019983898
-0.0078805007
-0.0051607565
-0.029033905
0.024863325
-3.5920887
-0.06327999
-0.21922823
-0.017903565
-0.012305086
-0.0066655687
0.56857199
0.016352237
-0.0050318783
-0.011320359
-3.043174
0.98981866
-5.2442646
4.3223513
0.050290791
-0.04276225
0.02872406
-0.0078297759
-0.020894284
-0.000304845
-0.014892569
8.5307787e-05
-0.034322676
-0.01313609
-0.10120363
0.43825185
-0.022925994
-0.010676769
0.058153869
-0.0062477373
0.21597216
0.88568093
-0.5198608
-0.020555778
0.022081262
0.038052744
-0.11443515
-0.024182238
-0.00017160111
-0.02494891
0.019819108
-0.026307728
-0.52512808
-0.50608407
-0.73824708
0.015100276
-0.010666902
-0.014674491
0.025341393
-0.095546962
-0.027508919
1.3570618
-0.036950166
0.0097545393
0.027195627
0.027597195
1.3683758
0.0025441374
-0.032061151
0.029517014
-1.0929814
1.4552387
0.0001828596
0.015464813
7.7935523
0.0092223949
0.031616978
-0.002039404
-0.020257808
0.020470257
0.10369628
0.72690927
-0.14086219
-9.2172908
-0.99973357
-0.032822296
0.031047202
0.11324349
-0.0092973044
0.041416488
-0.95759427
-0.1522477
-0.31850218
0.3350985
-0.11098573
0.013415888
0.010351212
-0.041838727
0.1017887
-0.099800706
0.017744722
0.0017091368
8.3126101
-0.1755883
-0.15357636
-0.10310231
0.25951128
-0.10772815
0.071554244
-0.060712805
-0.0023784449
0.074460067
-0.055534071
-2.1267648
1.6187404
0.50802436
-0.062637888
-0.00056911575
-0.017835673
0.0439354
-0.014369069
-5.9476837
-4.3912764
0.0024854931
0.019169478
-0.021654971
-0.034017652
0.03834499
-0.03489418
-0.0034508098
0.0024630177
-0.094609889
-0.11524332
0.067718266
0.047525051
-0.035994572
-0.014709164
-0.02724917
7.7817534e-05
0.28126043
0.051348858
-0.11008053
0.22295669
-0.11836696
-0.02362052
0.14198748
0.39055309
-0.34751387
0.105489
0.013525093
-0.024750823
-0.00011828229
-0.37336206
-1.1792466
-0.031913989
0.030201511
-0.019446786
0.0016193188
0.043976582
-0.046521039
0.010542699
0.0038842531
0.016875633
0.046264275
-0.0028388116
-0.041310169
-0.027881029
-1.2505671
0.2183983
0.008543159
0.06687489
-0.06646568
0.0019798754
-0.056691275
-0.0038083957
-0.029108792
-0.0021615568
-0.034392175
0.019926668
0.044748373
0.43050651
0.1155401
1.5635076
-0.092577116
-0.096525158
-0.022137481
0.018383562
0.0037539181
-0.004613514
0.30163845
-0.0064069566
-0.13924989
0.14565685
-0.025831072
0.12001239
-0.11610623
0.011625441
-0.030535855
-0.014027499
-0.0047976284
0.017769754
-0.012972126
0.032975979
-0.02958803
0.019000183
-0.022197934
-0.0016595319
0.023857466
0.024868955
-0.027717101
-0.0033017036
0.031018805
-0.030795108
-0.0015445886
0.032339697
0.0017381995
0.01906861
-0.018677396
0.17122016
0.17888516
-0.088853354
0.082126971
0.075939396
-0.058737856
0.16144032
-0.017825859
0.0011369276
0.016688932
0.00022014834
-0.021021033
0.015128046
0.033135764
-0.0092463724
0.0038084735
-0.0030679993
0.0019458442
-0.078091026
0.061839151
-0.051986466
-0.042203842
-0.0057802522
-0.0054272231
0.16829859
0.38758212
-0.00057338431
-0.38700874
0.036947964
0.0020658609
0.0240869
-0.0016062209
-1.764344
0.57614919
0.06070927
-0.057240014
0.10582126
-0.12379361
0.023991524
-0.0015596932
0.13785357
0.031322942
0.0011633698
-0.0050943306
-0.018270156
0.023364486
-0.012295222
0.025348753
-0.013053531
-0.054463226
0.0012230964
0.011165027
-0.012388123
0.017464468
0.00069011822
-0.018767874
-0.011189602
0.083820567
-0.083309871
7.6898742
1.9422248
0.062105398
-0.052466492
-0.0072493199
-0.034684945
0.11488252
-0.092592169
0.016448131
0.013627771
-0.0016698299
-0.021542341
0.13400407
-0.0020892496
-0.029278924
0.0039958721
0.0026383446
-0.031111415
0.0020026236
0.01535638
0.043667053
-0.00078091859
0.031990692
-0.3774724
-0.067912763
0.44538517
0.0022118133
0.13439169
-0.094087559
-0.040304129
2.1072079
0.043810021
0.062793713
-0.064462307
0.0096866693
0.02170835
-0.043782578
0.022074227
0.053239229
0.033537725
0.023800735
0.018876428
-0.01981847
-0.020244955
0.016939228
-0.068355858
0.05141663
0.018322581
-0.023649518
0.0053269369
-0.23001154
0.021480687
0.019019841
-0.032721254
0.030515793
0.0022054608
0.12363402
-0.077991182
-0.033526813
6.3912052e-05
-0.032191295
0.029339836
0.042020535
0.0015944328
-2.5367508
-0.032584142
0.030535723
0.1119114
-0.095029093
-0.033632877
0.036495319
-0.03243665
-0.0011962269
-0.036379788
0.073233559
-0.054662166
0.017908853
-0.021911837
0.03118757
-0.02962849
-0.0015590802
-1.6804984
-0.039919719
-0.014222397
0.024551779
-0.020292233
-0.02476901
1.8187122e-05
-0.2353892
-0.0076846728
-0.25427409
0.036699106
-0.035182621
0.098142496
0.019371747
0.01982235
-0.018610747
-6.5899732
0.27446755
-0.22047275
0.0015000131
0.038376375
0.0045074237
0.018278332
0.010776091
-0.22778253
-0.024918643
0.066791764
-0.064619048
0.033180186
-0.032728344
-0.00045184207
0.00028447881
0.049614071
-0.042788089
-0.91152822
-0.0033980993
0.024597891
-0.0033355064
-0.033755072
0.0055301951
-0.021205829
0.042446894
-0.10674803
-0.0027685178
-0.019220392
-0.010066175
-0.0043059075
-0.018802248
0.023108156
0.054865338
-0.014305408
0.024395808
-0.021885458
0.017159809
0.00081933679
0.014967701
0.022494979
-0.0036657862
0.012460581
0.050332595
-0.043344106
0.036275705
-6.1422214e-05
-0.036214282
-0.001049377
0.01720096
-0.024643076
0.074910386
-0.050267309
0.017445693
10.420589
0.034893492
-0.039596871
-0.011994988
-0.028463923
5.3061845
0.87086334
1.0704615
0.016618858
-0.029089264
-0.032349091
0.030074727
0.63489576
-0.56608981
0.051416129
-0.044130837
0.11561414
-0.095304036
0.06213985
-0.046521684
-0.015618166
-0.0014165259
-0.034942753
0.004924893
-0.022616697
0.017691804
0.0014304285
-0.027090123
-0.00015904647
-0.019537372
-0.026591846
0.051487526
-0.052715899
0.020484978
0.11629203
-0.08615943
-0.029502864
0.35978585
0.0077625884
-0.019154928
0.068445928
0.0095181149
0.060345761
-0.045289296
0.026703669
-0.052937317
-0.031077287
0.0017358626
0.030520516
-0.0017027258
-0.0024866072
-0.029689243
0.03217585
-0.0036081144
-0.018625057
0.020712032
-0.00087675886
-0.019299185
0.022419936
-0.028114002
-0.0090375576
0.037151559
0.027948629
0.035956156
-0.034996204
-0.018888487
0.015985387
-0.029770405
0.031782918
6.295276
-7.158281
0.022060072
-0.034964526
0.03544929
-0.02549948
-0.0055442801
0.03104376
0.018917417
-0.020762091
0.0018446738
8.946223
-1.5704228
-0.0096743382
-0.011301973
-0.017813941
0.020887099
-0.021934724
0.021590294
0.11915849
-0.11683025
-0.0016752624
-0.029914144
-0.059552314
0.058937985
0.017910495
-0.023004825
0.078569584
0.01977356
0.00047314723
-0.020246708
0.0775936
-0.055968426
-0.021625174
0.10692486
-0.085997238
-0.01851147
0.017880121
0.0048134781
0.020183925
-0.057277461
0.0019090905
-0.01656723
0.024618578
0.016576574
0.0023591698
-0.093543618
0.11731102
-0.073822359
0.057625313
-0.015900853
-0.12586867
0.085894145
-0.070262127
0.023529851
-0.0064411068
0.023816299
0.005356254
-0.023829707
0.0044629476
0.01849941
-0.27716668
0.019978199
0.025273284
-0.045251482
0.012086996
-0.0044293236
-0.0043016403
0.16092102
-0.0057600893
3.9196216
-0.46813099
-0.019565322
-0.0033273707
-0.010276931
0.011045993
0.0022484884
-0.019643857
-0.032616965
0.030409674
-0.22594645
0.21058346
0.0017832376
0.019566414
0.022927676
-0.0050171817
-0.012249111
0.0018948481
-0.031518492
0.10800063
-0.08792715
0.047692564
0.00078795275
-0.029135391
-0.0019760248
-0.029336399
-0.10493583
0.058717139
-0.023041191
0.019554245
0.0034869459
-0.0012110891
-0.036852763
-0.017892015
0.017343631
-0.023161397
0.0034102856
0.0042646452
0.050592467
0.023061006
-0.024701163
-0.012713608
-0.0078536554
0.020567264
0.013663361
0.0038296396
0.093637631
0.13926203
-0.096960109
0.04900943
-0.040119778
0.84328579
-0.033039625
0.030665864
-0.057540782
0.069682874
-0.012142092
0.0059517002
-0.002702994
-5.3487931
5.3426835
0.035962436
-0.03614255
0.013169926
-0.03744344
0.039037873
0.0066954011
-0.0022748086
-0.01168443
0.053411532
-0.045930313
-0.027034644
-0.046562526
0.0067221005
-0.031846631
0.029458251
-2.4584076
0.90007142
0.10571863
-0.086010815
0.034965
-0.036381526
0.023045625
-0.0042047581
-0.039693658
0.02852581
0.011167848
0.031402693
0.017900986
0.7448075
-0.76270848
-0.031791734
0.032650838
-0.00085910335
0.027105516
0.094984387
-0.071628495
0.021174808
0.06562454
0.030179072
-0.031490571
-0.057715027
0.22494115
0.087289245
-0.0072133679
0.017036588
-0.015414395
0.31805156
-0.12599747
0.020426355
4.390141e-05
0.022711347
0.053370872
-0.0016621681
0.031509312
0.0013884517
-0.027199679
0.00010955568
-0.019573952
-0.21438098
-0.0096687138
0.022217924
0.0058197514
-0.0067091416
-0.022569048
0.0013725813
0.021738766
-0.0026366329
0.013870355
-0.041877704
0.024119559
0.016019677
0.026908523
0.11112822
-0.10956162
-0.57832451
1.2322124
0.063510651
0.10930439
-0.081651269
0.14718922
0.10233926
-0.00044955229
-0.021094384
-0.0062413701
0.08674325
-0.070963545
0.01932775
-0.0019559862
0.0080336832
0.030064706
-0.038098389
0.1254983
-0.10000287
0.0037920829
0.012190996
0.0061965504
0.065912406
0.038958485
-0.10487089
-0.032053033
0.030179361
0.086991932
-0.071957689
-0.024812676
4.366611e-05
-0.03975802
0.022777246
-0.0098379395
0.024417576
-0.16641927
0.018449101
0.14212685
-0.088373936
-0.053752912
-0.00042257306
0.0017020647
-0.03129078
0.0021553894
0.0060978098
0.0170128
-0.02311061
0.025294055
0.015445984
0.13771365
-0.095916803
-0.00010821667
0.036708419
0.020086808
0.015963945
-0.022945919
0.029417055
0.044342218
-0.040066138
0.037339411
-0.032730113
-0.004609297
0.045502023
0.022419999
-0.021151804
0.037789095
-0.036782298
0.028279837
-0.012184127
-0.044962878
-0.036772206
1.7031207
-1.677046
0.10927052
-0.10317266
-0.0060978551
-0.060969219
0.088536942
-0.073174463
-0.63815889
0.75035729
-2.2117934
2.5945314
-0.033562423
3.5610684e-05
-0.7133876
0.0019144098
0.029297582
0.72654295
0.016094751
0.031067285
-0.029640221
0.040142385
0.0018465957
-0.031802645
0.37674127
0.055041515
-0.054967289
-0.31038028
-0.042069096
-0.0050518658
-0.011033376
0.016395282
0.09198193
-0.074604005
0.017726164
0.03889445
-0.0027614409
-0.0098073711
-0.011250596
0.012473692
-0.00015850592
-0.05118972
0.048252657
-0.034388035
-0.013864622
-0.032308707
0.03187039
0.00043831637
0.027643301
0.57885859
-0.5438844
0.013106683
0.065099756
0.12170756
-0.099437825
-4.0430534
-0.97365574
-0.017919822
0.020910851
-0.002991029
-0.38012222
0.12376196
-0.090465231
-5.7972312e-05
-0.012506034
-0.0044743351
0.025172969
0.010947934
-0.036120902
-0.05139426
-0.018767586
0.0019960294
0.092405144
-0.073965814
0.12695572
-0.090692767
-0.098333113
0.032794594
0.05737841
0.066966553
1.7059763
-0.019264981
0.022057752
0.00066226607
-0.01014962
0.1459245
0.27156089
0.018088272
0.0047287253
-0.022816997
0.0067545373
0.073684726
0.044961583
-1.011831
-0.029694442
-0.0019651451
0.0037978588
0.019927261
-0.024800535
-1.2141164e-05
0.023264268
0.015849767
-0.010624598
-0.0052251683
0.036309947
-0.021662818
0.09201872
-0.090072876
0.032590015
-0.031842909
-0.00074710591
-0.0062801615
-0.29791737
-3.6798283
0.10396587
-0.81524061
1.3956406
-0.035934779
0.022624252
-0.018757796
-0.0038664551
-0.032354957
0.031229372
0.15806764
-0.16457932
-0.094083861
0.0027544773
0.032626009
-0.060472205
2.3389016
-2.9992617
-0.0013057957
-0.030340077
-0.146879
0.24370078
-0.023296762
-0.0058134277
0.02911019
-0.028203278
0.029237328
0.019097215
-0.033801272
0.031868572
0.022355313
0.1083148
-0.078852142
-0.0017140194
-0.029209071
0.03092309
0.0021966537
0.01306509
0.004508908
0.03857157
-0.043334788
-1.1947343
0.11729887
-0.095660465
0.0066033944
0.018996542
-7.9124678e-05
2.3135509
-2.8066962
-0.065624115
-0.024339757
-0.074664508
-0.0075516245
0.069401001
0.017524067
-0.048819889
0.027428958
-0.011850261
-0.0086375218
0.11574238
-0.092761639
3.3393465
0.040244759
-0.043083571
0.023760868
-0.47850844
-0.03194357
0.029540326
-0.044206584
-0.037056762
-0.00026164074
0.0050828477
0.01786656
-0.022949408
-0.027202165
2.4865873e-06
0.12237278
-0.11307358
-0.0092992013
-0.035380857
0.031151718
0.004229139
0.10113237
-0.079892062
0.053675138
-0.042314095
0.0024251622
0.050356138
-0.0527813
0.15714355
-0.31667253
-9.4247835
1.3827413
-0.023901516
0.55078893
3.9787546
-0.0093493938
0.025793506
-0.06524798
0.083352546
0.027523822
-0.022262003
0.016882724
0.013228841
0.012119912
-0.020339635
0.10878399
-0.08693479
0.017715871
-0.0024673465
-0.0018151994
-0.019449962
0.1084506
-0.11428719
0.017290453
-0.017107593
-6.6355692
6.511722
0.12384714
0.034262335
-0.021498489
-0.021016823
0.021818873
-0.033505671
-5.6752278e-05
-0.084673618
-0.16130994
0.0040804329
0.019927215
0.01970892
-0.017888815
-0.029144267
-0.0017705697
0.030914836
0.0230616
-0.023512992
-0.013535321
0.018442272
0.12398591
-0.098769602
-0.012382447
0.013280123
0.033220523
3.8372363
0.020720729
-0.00020006866
-0.020520661
-0.034191478
0.032015739
0.00080329611
0.031847542
-0.0055591716
0.020272445
-0.1911304
1.2955257
-1.1043953
0.0055834691
0.030307789
-0.029586564
0.12872359
-0.10102694
-0.0015563615
-0.039696439
-0.011552102
-0.027453011
0.037278755
-0.039635789
0.022088745
-0.020554722
0.10512162
-0.102161
-0.025311312
0.011830714
-0.024399146
0.037547864
-0.038761239
0.00078367437
-0.039180106
-0.037579738
0.028515192
0.085411986
-0.056622431
-0.028789554
0.0079715714
0.049310614
0.0087735414
-0.53454276
-1.5599678
-0.029334726
-0.0019560538
0.35124021
0.016389002
-0.022259319
0.013905405
-0.022677489
0.086193456
0.0059762927
0.24089866
-0.0032039983
0.024582145
-0.033863373
-0.0041578483
0.0089033955
-0.18217917
0.0068109049
-0.044899496
0.034222727
-7.915705
-3.2783814
-0.98503563
-2.8056932
3.7907288
-0.020386787
0.022374066
0.045535851
-0.044035838
-0.012394166
-0.010851915
0.02324608
0.16651267
-0.16316657
0.03350627
0.0048387201
-0.041143652
0.14139061
-0.097933164
0.036706505
0.04192273
-0.036461366
0.0026613728
-0.021091524
0.018430151
-0.035663553
-0.026010349
0.026313397
0.11997977
-0.082536913
0.0095087601
-0.70996579
0.023134127
0.029807233
0.0030156589
-0.0208296
-2.7253896
-0.86669908
0.028350158
-0.026611958
-0.043560241
0.040516948
-0.0058270674
-3.707305
3.4823668
0.22493816
-0.029970105
-0.034171215
0.034109793
-0.021791586
-0.03150541
0.0042245198
-0.023194811
0.018106972
0.86177897
0.10777466
-0.086462939
0.12782855
-0.13547086
0.0021317662
-0.013669826
0.030148158
0.0039359612
-0.034729669
0.032463594
0.0022660748
0.0014303449
0.029882326
0.02101907
-0.024025097
-0.0053430056
0.044083208
-0.017189282
0.0085504451
0.053637897
0.1944182
-2.0018794
0.35958665
-0.013209327
0.013942271
-0.60110147
0.67581137
-0.0018917047
0.02654265
-0.031587458
0.032598172
-0.0010107138
-0.0018179788
0.030927022
-0.029109043
-1.0673195
-0.27209809
0.0058354951
-0.031474299
0.0078916512
-0.007217941
-0.03277971
0.031062239
0.4106036
-9.5364697
1.7550766
0.017562525
-0.017409135
-0.00015338988
0.0022302256
0.0039040046
0.029958245
-0.031193103
0.022272353
-0.019786859
0.029874797
0.0083002956
-0.038175092
0.90117275
0.0010025571
0.083313013
-0.03637855
0.13934068
-0.14208602
2.0342357
0.0053056835
0.19040735
-0.034386156
-0.040846722
0.045915158
0.027870467
-0.009911731
0.00051084407
-0.0032882602
-0.020414915
0.020635063
0.45873781
1.767547
0.033621749
-0.034617389
0.0009956399
0.13047634
-0.1029327
-0.023469336
0.016589839
0.0070204033
0.030319007
-0.045783879
-0.067527487
-0.29041899
0.22083887
-1.587326
-0.051834838
-1.0631936
1.7684394
-0.0043116939
0.01954338
-0.015231686
-0.031498216
0.029336659
0.016923562
-0.0081102438
0.011183653
-0.017445234
-0.29065161
0.0019812643
-0.053197103
-0.014340637
0.018808985
0.0042178979
-0.023020146
-0.0077964062
3.4722388
0.02594111
-0.012129748
-0.013811362
-0.029903485
-0.0015442619
0.031447747
-0.042408612
0.16931998
-0.12691137
0.092558012
-0.048573379
0.00012256737
0.020368527
-0.020491094
0.075543926
-0.062353018
-0.013190907
-4.5538291
6.0319242
-5.4786764
0.030352332
0.0017550417
-0.00084930417
0.036917132
-0.036067828
0.022960107
0.01722042
-0.33312127
-0.0038786148
-0.030338424
0.032074287
-0.038250824
0.037039735
-0.52527985
0.42407621
0.016867559
-0.0040492091
0.024276223
-0.02251415
0.060671636
0.055573142
-0.032682571
-0.022890571
0.0010710586
0.031527113
0.015489673
-0.014184456
0.015607038
-0.0007053636
0.00023744152
0.018121072
0.11760512
-0.11327563
0.0013479266
-0.039430049
0.089272286
0.10701931
0.010902364
-0.081724015
-0.75650854
0.83823255
0.00010435188
0.030895121
0.021519782
-0.025198132
0.011502307
-0.00084251948
-0.036193548
0.037036067
0.078598302
-0.066673256
0.0058094252
-0.026394459
0.030277258
-0.010801181
-0.043390011
-0.04556291
0.003632806
0.041930104
-0.51389564
0.14357262
-0.12936167
0.013470327
-0.0052194396
-0.017397257
0.0057910664
-0.027415917
0.02162485
0.002893699
-0.032772639
0.028254315
-0.029858671
-0.0043999987
-0.021620532
0.026020531
0.015017906
-0.034044726
0.031955476
-1.3367009
1.3156917
-0.015544898
0.032682902
-0.10644399
0.084453927
-0.083681593
0.055602551
0.13619973
0.86623698
-0.027202549
3.8377651e-07
-0.012523176
-0.0019526266
0.0050664127
-0.0031137861
-0.058093923
0.04439014
-0.032192563
0.031239003
0.00095356003
0.020525794
-0.00075223363
-0.063954689
-0.18975019
0.19434394
-0.58142814
0.00012743025
0.020461005
-6.3306561
5.1806274
0.020611242
-0.0048186138
0.028947377
-0.036429285
0.013757581
-0.011297764
-0.021551217
0.021560623
0.041476267
-0.15986192
0.023611347
-0.019291752
-0.0037494383
0.023778765
-0.080939059
0.082043294
0.00027368444
0.039181801
-0.018535897
0.065945485
-0.047409588
0.10000019
-0.070297102
-1.6689913
-0.067614591
0.0099290177
-0.044940847
3.4807759
-0.025032474
0.028880007
0.0025381398
-0.031121504
0.0012557948
-0.032220714
0.022533987
-0.037213467
0.03710525
0.6638007
0.018036103
0.0053283835
0.15801541
5.3808994
0.3230979
0.099480121
-0.080992267
0.032279873
-0.031312227
-0.00096764579
-0.0041664553
0.02992368
-0.032293049
-0.033411774
0.030925167
-0.22225849
-0.62070264
0.12336363
0.013964064
0.00019799166
-0.14373311
-0.36551
0.012025083
0.01830784
0.0076032135
0.00086121344
-0.033589558
-0.007764674
0.03782938
0.13921032
0.0022080102
0.0015083655
0.086244081
-0.018065984
-0.0055835338
0.020394054
6.7270987e-05
-0.020461325
-0.030858286
0.021242201
-0.032038034
0.025721125
0.0093975596
0.020545599
0.0017058873
-0.091727619
0.012454803
-0.016576812
0.046180402
0.068566684
0.46234803
0.08956539
-0.034249473
0.035110687
-0.019290558
0.012989732
-0.022837842
0.013110568
0.0080538708
0.011288519
4.4512362e-05
0.022579739
0.036403225
-0.038001655
0.0030303623
-0.042108976
1.0122343
-0.039790549
0.011553345
-0.031722168
0.030046905
0.58476076
0.21329297
0.013110191
-0.0056815398
0.22711611
-0.15128096
0.014962859
0.0026984683
-0.71514253
0.029216337
-0.031249429
-0.030492766
0.0048240684
-0.024148112
-0.044262617
0.027091634
0.017170983
-0.11165803
0.05111576
0.023079498
-0.0050433951
-0.029185695
-0.0020074078
0.0015189231
-0.014320053
1.107986
0.048560907
0.12758273
0.13306002
-0.0015108223
0.40454755
6.5823056
0.029736258
0.00021504237
-0.062165654
-0.01932842
0.017372434
0.019574432
-0.023374473
0.0020779433
0.0021978178
0.020686479
3.4250439e-05
-0.036934017
-0.97350398
-0.10805831
0.020403708
0.17795313
-0.14318408
0.22890678
-0.16590223
-0.048306695
0.048012885
-0.0089605717
-0.012923298
0.020758922
-7.2443588e-05
-0.016135855
0.036222663
-0.013426614
0.01653418
-0.0031075663
-0.031214034
0.029238009
-0.01959595
-4.9421213e-05
0.019645372
0.023228965
0.029682124
0.039602137
-0.002053974
0.0050292306
-0.023095215
0.27979743
-0.35038255
0.070585125
0.016127716
-0.023223011
0.088471228
-0.027453695
-0.0048931361
-0.0048173119
-0.028801026
0.030956415
-0.00064845713
-0.03755469
0.011187997
-0.0032614476
0.025118367
-0.014129496
0.0012306939
-0.032412883
0.031182189
0.021194535
-0.016812865
-0.036171901
0.029101516
0.0070703845
0.033029714
-0.024241206
0.005051102
0.024034083
-0.029085185
-2.1839454
2.2975713
-0.077075331
0.0107219
0.17750276
-0.12615269
-0.031058259
0.032337946
-0.0012796868
0.024635267
-0.027068286
-0.00013426313
0.01386925
-0.018666879
0.074198916
-0.082296603
0.0080976873
-0.0026449474
-0.019039955
-3.174661
-0.21397924
0.010452572
0.014888821
-0.031772167
-0.045814464
0.14329029
-0.0285898
-5.0240581e-05
0.00069136879
-0.076291638
-0.087417535
0.020435432
-0.020642569
0.00020713691
0.031259921
-0.002043584
-0.031415539
0.029463267
0.0019522716
0.019896799
-0.00090025675
9.5003773
-1.706825
-0.07312751
-0.042115807
0.030972209
-0.029114981
-0.0018572278
0.001191887
-0.032250146
-0.028078448
0.028862143
-0.00078369443
-0.021863168
0.0038874156
0.017975753
-0.022142571
-0.019084816
0.008945714
-0.020614984
0.030762628
-0.031949218
0.0011865902
-0.049447073
0.018426064
0.0019277808
0.029516163
-0.00058560077
0.00054606748
-0.037496234
0.0010571825
-0.025486825
0.0038976112
8.9452012e-05
-0.017857757
-0.033524754
1.9083034e-05
-0.10661166
-0.11523239
0.18457858
0.032307863
-0.031077169
0.024881793
-0.025459474
0.0005776819
-0.31753765
0.017616071
-0.080374308
0.021656725
0.0011205208
0.020516621
0.1573008
-0.11774589
-0.039554911
-0.0001391083
-0.033385646
-0.0013034279
-0.030678185
0.031981613
0.017034468
-3.8332502e-05
-0.024762202
-0.031048762
-0.001283891
0.043766438
0.1108909
-0.15465734
-0.020486995
0.02521572
-0.004424986
-0.0033617278
-0.0011592571
-0.0342216
0.68121673
4.2780707
-4.9592875
0.014265039
-4.813718
2.4127864
4.2250604e-05
0.020716672
-0.028075293
0.027426837
8.0366429
-11.080948
0.68733891
-0.080000359
0.30285712
-0.53659674
0.23373961
0.018906029
0.0045897832
-0.023495813
-0.032234958
0.03093153
-0.020408558
0.020475829
9.4933038e-05
-0.02164615
-0.0019939136
0.035026331
0.021686533
-0.042490474
0.042858918
-0.05211633
0.044264958
0.0078513723
0.019667434
-0.027128892
6.0605987e-05
0.036760149
-0.039165595
0.020360611
0.0001651831
-0.031839791
0.030295202
0.1367182
-0.092692589
-0.0073172139
-0.020479273
-0.029841737
-0.0015121081
0.019380296
-0.017671159
-0.038252916
0.033185025
0.03347493
0.00014681875
-0.036493776
-0.020356346
-0.086606178
0.1025531
-0.016023445
0.022195078
-0.01410453
-0.021476802
0.018708285
-0.0064720764
0.016249362
-0.03305686
0.034601859
-0.001544999
-0.0043586666
0.02226752
0.0006832225
-0.032526132
0.18999519
-0.14681839
-0.031316738
-0.0010961444
0.0016412945
0.030073938
-0.038311475
0.039989213
0.0257497
-0.012520859
-9.1830154
8.5771731
-0.1550862
-0.084495607
0.013468383
-0.0041326003
-0.028875889
-0.02814793
-1.6639958e-05
-0.028086786
0.017712848
-0.044865052
0.03500819
0.015595812
-0.016645189
-0.032005516
0.030343348
0.029701603
-0.013082745
-0.022687759
0.01896191
-0.018608029
-0.004208968
-0.029330182
0.032553613
7.8982188
0.99799856
-8.8962174
-0.0065693128
0.015171761
0.00096313411
0.0014936707
-0.029968514
0.029854216
0.027850607
-0.0011469381
-0.037390287
0.0092762856
0.072348979
0.0040548487
0.0035173178
0.018902618
-0.042857671
0.037499746
-1.2029962
-0.35543542
0.038117625
0.019331082
-0.018808006
-0.00052307618
0.0089005087
0.0064066127
0.032592061
-0.037689787
-3.9289783
-1.2850024
0.077179807
0.024413117
-0.019544873
0.016871837
-0.02074243
-0.02915756
0.03107197
0.019733471
0.00016332811
0.014385911
0.024793652
-0.018072449
0.023428703
0.0014795614
0.025087901
-0.026567463
-0.031223779
0.02945321
0.021536487
-0.0019118181
-0.0054713186
0.031839859
-0.029591371
-0.018839508
0.020622746
0.020342219
-0.021310325
0.0009681066
0.017302588
-0.030362905
0.00045942004
0.032020339
-0.0012577115
0.055998619
0.0071900352
-1.9116281
-0.87461126
-1.1502476
1.2743144
-0.00049070367
-0.031000088
0.031490792
-0.054265376
-0.056943701
0.08260937
0.030930072
-0.0030693346
-0.027860737
0.015864427
0.21063272
-0.038077703
-0.001842018
0.01073278
-0.030911981
0.020179201
1.2792781
2.324002
-3.6032801
0.025766229
-0.020581561
0.038559983
-0.044507301
-0.49044073
-0.021273026
-0.023095723
0.024976726
-0.02056262
0.02069005
0.032610034
-0.030633513
-0.079393843
0.044821797
0.014694874
-0.010902791
-0.0341585
-0.038959211
0.037239708
0.027403679
-0.022248495
1.8369067
0.54924722
0.034124374
-0.044482529
0.035772208
-0.031480694
0.02952464
0.017578576
0.02747366
-0.025994099
0.25327789
-0.096134343
-8.551294
-0.63172139
0.001763138
-0.034121488
0.034313511
0.049720468
-0.049842096
0.00012162823
-0.03229618
-0.00014047025
-0.073640248
0.13823436
-0.064594115
0.023472357
-0.018422963
-0.027112273
-1.6618588e-05
0.0016365846
-0.031954443
0.030317858
-0.037731022
-0.45531441
-0.13126853
-0.025365213
-9.4261656e-05
-0.019559575
0.023357434
0.10989617
-0.10314163
0.16168651
-0.14813886
9.4739344
-10.115454
-0.028061145
0.021292696
-0.031043071
0.006186404
-0.029272629
0.023086225
0.015217575
-0.013020921
0.014202018
0.13215792
-0.018384618
7.7117416e-05
0.018307501
0.025413987
0.036917214
9.4892018e-05
-0.017195148
0.017100256
-0.026664742
-0.0014245148
0.028089257
-0.15391386
0.10910744
0.04480642
0.025361333
-0.0085417634
0.018839972
0.016270493
-0.0055035509
0.019062914
-0.019117102
5.4188372e-05
0.020322708
-0.019849561
0.015233119
0.17236749
-0.1876006
-0.020813363
0.018998163
0.02916615
0.0017486862
-0.03576539
0.040054067
-0.0013171457
-0.016297388
-0.031990187
0.03159762
0.00039256655
0.008324488
0.031061501
0.0012463613
-0.022459597
0.0038515682
-0.03976799
0.097434475
-0.013723005
-0.0093751149
0.68179366
-0.76351767
-8.9893517e-05
0.022537038
-0.0061480355
-0.0047946935
-0.025988494
0.00045435339
0.025534141
0.01845449
-0.03122815
0.029410171
-0.00027404191
-0.0039039002
0.021892811
0.029897822
-0.040330009
0.00057199019
0.018217157
-0.022203332
-0.041414758
0.036394112
0.020171879
0.0001703391
0.018457351
-0.33942528
0.044906098
-0.046748116
0.0027788783
0.017114636
-0.019893514
0.032305138
-0.0012436367
0.13785605
-0.37322073
0.23536468
-0.031003076
0.0018868598
0.029116216
-0.00080718795
-0.030439573
0.031246761
0.031381023
-0.011996012
-0.019385011
0.0048448034
0.00657883
-0.029983717
0.029649335
0.00023299125
0.02152229
-0.032328493
0.03088312
0.030385018
-0.001757441
0.0012891839
0.028703653
-0.0036157524
-0.050396971
0.057380381
7.0188515
0.020065799
-0.01705014
-0.042587655
0.038108568
0.019239325
-0.02163936
0.0024000349
-0.0062131315
-0.0068995559
0.023489395
-0.024884125
-0.00048108783
-9.1609409
0.010354249
-0.005492109
0.016675763
0.017714257
0.011009803
0.0043695663
0.2163623
-0.15842878
8.2108725
0.3663006
-0.026793623
0.0066976404
0.031761668
-0.0014093352
-0.029981845
0.031736887
0.019472523
0.0019194995
0.030685403
0.017567254
-0.0058241817
-0.023586647
0.029410828
-0.02601921
3.9578119e-05
-0.020448136
0.00093816677
0.014551506
0.00064973999
0.0330217
-0.03367144
0.020604449
0.0011999074
-0.90161517
-0.15323949
0.22689936
0.59350598
-0.82040534
0.47962385
-5.2201244
2.9494565
0.01831957
-0.020627843
0.013684528
-0.0044428236
0.019914709
-0.019870196
-0.030223073
-0.038685528
-0.073601372
0.022567383
-0.024302628
-0.0076826794
0.0011126091
-0.032424836
-0.030498979
0.031754774
-0.0017369565
0.0048564344
0.0012339452
0.031071193
-0.032651175
0.031096279
-0.082146621
-0.008597071
0.0034099778
0.027520094
-0.03131412
-0.047219584
0.0075231438
0.015519924
0.027953465
-0.0044252346
-0.027429841
0.00031756711
-0.008980641
-0.0030143476
-0.019297004
0.0004042461
0.012927487
0.0048422669
-0.030908901
0.0018100534
0.029098847
-0.028129176
-0.028894587
0.055887143
0.017942938
0.020282953
3.9755254e-05
-0.00010071408
0.025435455
0.025160336
-0.014707764
0.03495627
-0.02555871
0.74738182
8.2030966
-8.9504784
-0.0029941892
-0.051065307
-0.0091738664
-0.031765564
0.030959296
0.00080626798
0.023556916
-0.019049492
-0.0095079863
0.022497718
0.039496652
-0.036466289
-0.24614361
-0.71873248
0.96487609
0.017278568
0.0025356321
0.016238332
-0.018773964
-0.034540184
0.037238651
0.0021409895
0.015437265
-0.017578255
-0.031017317
0.0019023365
0.017864592
0.0052149055
0.017884281
-0.0078914328
0.023466808
-0.015575375
-0.030912072
0.030604045
0.00030802706
0.029929113
-0.00019285478
0.032351612
0.019355804
0.043958304
0.058098743
-0.064151757
-0.0562386
0.029534983
4.3912069
0.023775736
0.019891862
-0.036027717
0.01580186
0.020420803
-0.0040128551
-0.030554961
0.030784887
-0.00022992591
-0.020194868
-5.8514809e-05
0.020253382
0.026139403
-0.021110172
-0.017655986
-0.0054392285
-0.0076950036
0.02382272
0.018001021
-0.050819419
0.017382409
-0.029973242
1.7352192
-7.2539967
0.026665449
0.020063832
-0.020024254
-0.0215596
0.018914652
0.0013421546
0.074694593
-0.00074312057
-0.026149613
0.026840982
6.1035939e-05
-0.00026549924
0.031863119
1.5846723
-0.0099136843
-0.0078377853
-0.030736259
0.029929071
0.13140772
-0.13491162
0.0025363254
-0.019799191
0.017262866
0.0050759425
0.018303788
0.0018674111
-0.030978806
0.029111395
-0.020738201
0.00010440899
0.020633792
-0.021298247
0.023419139
0.019082794
-0.010854196
-0.021224167
-0.001419063
-0.030715273
-0.02935975
-0.0019943825
0.031354133
0.011356007
0.035234811
9.1508514
-8.4034696
-0.00023200315
-0.023790898
0.024022902
-0.62720952
-8.5337314
0.0012660845
-0.033436591
0.032170507
-0.0028143074
-0.018662495
0.014585039
0.011607352
-0.020277223
0.0179054
-0.022264066
-0.017979696
0.018069148
-0.028990875
-0.038686662
0.026281187
0.012405476
0.00067326785
0.01703958
0.01698619
-0.0013903784
-0.030119156
0.029980047
0.016256234
-0.028651387
0.015568642
-0.028833374
0.029498717
-0.00066534319
0.0057203316
0.053015871
-0.027302214
-0.0001276263
0.026158479
0.0016921274
0.027269761
-0.028416699
0.027241657
0.048593982
0.068204214
-0.017275257
0.019811583
3.5896395e-05
0.011638893
0.013479474
0.0020688516
0.030132764
-0.029483024
0.023230184
-0.0088442733
0.028189776
-0.022952452
0.0048800032
0.030202916
-0.0013662118
-0.028836704
0.019226274
0.0023224473
-0.021548721
0.002040523
0.0017474156
-0.020586924
0.019039886
0.0015828598
0.099054226
-0.018090477
0.018327918
0.022955911
-0.0070914842
-0.023770631
-0.029971919
0.029915167
0.0024294023
0.017544031
-0.019973433
0.0062991177
0.025155114
-0.0025799142
-0.019313321
0.021893235
0.019931038
0.0039965966
0.010698278
0.010083344
-0.13549623
0.056506354
0.078989871
0.10165547
-0.071649802
0.043620662
0.032547371
-0.019360757
-0.00047057116
0.019831328
0.0290547
-0.0023487706
-0.026705929
0.003636238
-0.023195813
0.020182455
-0.024914609
3.0484421e-05
-0.032300783
0.00060521348
0.013596804
-0.00026354648
-0.00058462563
-0.021769523
0.01387809
-0.038205106
-0.00027719581
0.020073701
-0.0026074342
-0.018205928
-0.024188736
0.023920834
0.00026790203
0.030535909
-0.0013697594
-0.029146483
0.030895169
-0.018410661
-0.0040489359
-0.022824486
-0.0044296845
-0.021637148
0.026066832
0.015880631
0.020223964
-0.020181714
-0.025871575
0.017562863
-0.031453882
0.029446475
-0.037254009
0.00031999215
0.014153319
0.0043011707
0.029847582
0.0022423752
6.9349858e-05
-0.018827146
0.018021121
0.0024806958
-0.02154559
0.019064894
0.012551017
0.013198683
0.021541534
-0.0023152599
-0.0022542068
0.019955606
-0.017701399
0.029071363
0.0016504764
-0.05705421
0.074782405
0.00086658556
-0.022221946
0.02135536
0.015807975
-0.02270753
0.016802962
0.0066864331
-0.020664204
0.020768613
-0.020448263
0.020293004
0.00015525904
-0.017164723
0.011672614
0.011040815
0.0056349475
0.019638292
-0.015268725
0.0018454204
0.030223585
0.0015380823
0.021461572
-0.002571768
-0.018889804
-0.030239651
0.032159151
0.014883414
-0.013945247
-0.0003639455
-0.023765967
0.023121425
0.00064454137
-0.030948998
0.029191628
0.00175737
-0.018352076
0.018429194
0.020221431
-0.03998412
0.0014826335
0.0017634313
-0.036188323
0.036508315
0.010607836
0.013229405
-0.063379888
-0.02362341
0.087003298
0.02030176
-0.020402474
0.012949704
-0.009499944
-0.0034497599
0.010394584
0.014765752
-0.035451592
-9.8923709
9.9278224
0.021234028
9.1463523
0.012504939
-0.022012925
-0.0053081231
0.023288081
-0.0054234884
0.012147836
-0.020125264
0.0079774282
0.029593704
0.031900907
-0.0056496106
0.031040942
-0.025391332
-0.023228307
0.018548615
-0.02069402
0.0021454049
-10.619139
3.9768852
-0.015862247
0.035754109
0.035735268
-0.019933408
0.028311228
-0.029054348
-0.023345162
0.005689176
-0.023636434
0.01594143
0.0043258447
-0.026770083
0.028503963
-0.0017338799
-0.026319402
0.030821969
-0.0045025668
0.057002107
-0.082915667
-0.018984974
-0.0025746254
-0.0026160861
0.021530738
8.3466401
-8.9463345
0.59969436
-0.028336594
0.028071095
-0.023654508
0.023656994
0.025743653
-0.032958287
0.0068086738
0.0051983772
-0.0026735903
0.019565415
-0.016891825
-0.027550747
0.00024853317
-0.019549178
0.019528704
0.021650173
-0.0024772487
-0.019068341
0.024059371
-0.024037002
-0.0024459375
0.019026612
-0.016580675
-0.018297136
0.016979991
-0.029177196
0.12256983
-0.094701091
0.01419558
-0.002839573
-0.023747177
-0.021424436
0.018610129
-0.019533475
-0.0043563999
0.0222618
-0.0021178234
0.018070101
-0.015952278
-0.00028874078
-0.025705358
-0.017657368
0.018330636
0.015698078
0.0012881119
-0.016877779
0.015487401
0.03015953
-0.013903296
-0.012742999
-0.015908388
0.025743444
0.00041503555
0.027385537
-0.00014388019
-0.023522433
0.023537087
-0.031945091
0.001229818
-0.029076969
0.03114582
-0.02351034
0.014226927
0.009003257
0.020005601
0.0081841746
-0.017538314
-0.0054141378
0.024433519
-0.019553515
-0.032112406
0.030828515
-0.028538981
-0.018727481
0.020474897
0.020502688
-0.0014628023
0.02561728
-0.029751118
0.004133838
0.029274589
-0.0060837589
-0.02319083
-0.024087514
-0.00080917596
0.02489669
0.0057121881
-0.0057235568
0.017871393
-0.023641783
-0.010584135
0.014580732
0.015096975
-0.0043986968
-0.026299711
-0.00047037199
8.3111885
-0.018452728
0.018273894
0.00017883402
-0.023966583
-0.00022215381
-0.026233667
-8.5734736e-05
0.00037271345
-0.025638864
0.026904948
-0.00016521029
-0.029321417
0.006164644
0.023156773
-0.0023966148
-0.01951112
-0.03114909
0.0058037687
0.025237173
-0.007648778
0.0035557663
0.0040930117
0.00029420137
-0.028464523
0.033012699
0.0020136323
-0.021615066
-0.028095728
0.026671214
-0.013262518
-0.0068627466
0.028838285
0.0016976248
0.001776607
-0.022454682
0.0040440206
-8.1026016
-2.5165369
-0.007680763
0.023561394
-0.0031234043
0.017276723
0.00021853687
0.029629045
8.0219296
1.7921542
-0.015566509
0.017707499
0.038458522
0.030438844
-0.0013674813
-0.029650874
0.03130135
0.029727198
-0.026698844
-0.0030283538
0.021351428
0.023523707
-0.0067207451
-8.4984757
-0.44785878
-0.0054700471
-0.011694676
0.015986358
-0.004945543
0.0044282862
0.015210006
0.0053416661
-0.020610392
0.031274627
-0.029429206
0.031555312
-0.0013317271
0.0082734949
-0.038391482
0.030117988
0.034598284
-0.032298948
0.0020592965
0.0020575216
0.030101629
0.014489133
0.00039428115
-0.014239953
0.00029470518
-0.034212392
0.033848446
0.021679799
-0.027542269
0.0058624703
-0.01925942
-2.4820196
0.016800516
0.0061886277
0.023085961
-0.029380521
-0.029609769
0.00052009616
0.0427827
-0.0062743845
0.010477429
-0.00018933401
-0.019972361
-0.00043011392
0.0241771
-0.013782516
0.001824439
-0.030935141
0.029110702
8.5191428
0.020742321
-0.0082373823
-0.022940932
0.017632809
0.017992136
0.0052959451
0.031180281
-0.0015865768
-0.026938531
0.030706611
-0.0037680793
0.02088003
0.014855238
-0.035757189
0.019894942
-0.017864061
-0.0054811015
-0.0078748965
-0.015761537
0.024036428
-0.0080949976
0.030340881
-0.021572948
0.0025879742
0.018887958
-0.021504044
-0.018558886
-0.0028655502
-0.0028777003
0.021487829
-0.031237821
0.029425434
0.0018123876
0.017903899
-0.022260299
0.038148291
-0.0085648594
-0.029826623
0.00010141766
0.0004564628
0.017874173
0.017201698
-0.0015036193
-0.0013548147
-0.015522965
-0.027790838
0.015047839
0.015902684
0.014256846
0.027470865
-0.021748819
-0.0057934496
0.024923502
0.00081994158
0.028559773
-0.020403564
0.020400291
-0.03069873
-0.03124187
0.0021649013
-0.010173918
0.024400845
0.024808047
0.024968441
-0.02297654
0.0054382254
0.017937493
-0.030477667
0.0019386853
0.019001431
0.0015012571
-0.020370665
0.0016431838
-0.025488521
0.0099043589
0.015584162
0.0036090242
-0.014193159
0.0036459137
0.010934818
-0.0095671995
-0.015921322
-0.023026047
0.023398761
0.0093530488
-0.024631659
0.01527861
-0.02298144
0.0034703207
-0.0046715829
0.0045450431
-0.023504609
0.018959566
0.03092469
-0.029148083
0.0305098
-0.0016715151
-0.018422447
-0.0040322343
-0.021224709
0.026579656
0.013610516
0.013972512
-0.01553482
-0.0094092639
0.024944084
0.03151107
0.031096988
0.029710104
0.01554091
-0.02510811
0.028517195
0.0016776157
-0.019978521
0.00042934358
0.024824997
-0.015471948
0.019274211
0.026074746
-0.02010603
0.020112846
0.016902229
0.006621478
0.012306581
-0.017776628
0.010957973
0.0050283848
-0.016130345
0.021472011
-0.014913183
0.029349349
0.0019252781
0.02958736
0.0019679529
0.0022001133
-0.029703334
0.032177922
-0.0301204
7.9190903
-8.6555672
0.73647691
0.014875078
-0.00038594517
0.014928767
-0.014534486
-0.029153795
-0.0050585965
0.034522958
-0.00067451196
0.029566706
-0.0026109413
-0.032610496
0.033130592
0.0072261471
0.02022825
-0.020417584
-0.020724594
0.0099876675
0.014189432
-0.022789826
0.0090073096
10.367854
-1.8487115
0.010882356
0.0098599653
-0.022828748
0.014591366
-0.0052491284
0.022817435
-0.0051846257
-0.031500926
0.017438914
0.014062012
0.023251363
-0.005259227
0.030339033
-0.014831279
-0.02092591
0.034304769
-0.013424738
-0.022867672
0.0050036118
0.015797625
0.0082388026
-0.023737926
0.015863029
0.023451072
-0.004618876
-0.018885733
-0.02498728
0.00945246
0.025999968
0.0043409131
-0.023442431
0.0089896013
0.014452829
0.021443344
-0.0025553866
-0.019018082
-0.0025548662
-0.53817063
8.4572609
0.034441637
-0.034435792
-0.025666608
0.012258964
0.013407644
-0.014027715
0.015415733
0.023337927
-0.029568708
0.0062307805
-0.021352246
0.0027933599
0.018618541
-0.021496241
-0.0046906814
0.022684322
-0.01799364
0.022316727
-0.0044128283
-0.0043711649
-0.017889134
0.0247642
-0.015448868
-0.0093153321
3.5442219
0.019072868
-0.018616405
0.015818327
0.001383371
-0.016582291
0.015227476
-0.012451208
-0.01533963
-0.014811548
0.030714232
0.030704977
-0.013140006
0.028187845
0.026042701
-0.0011191988
0.02729106
-0.026471119
-0.00030085941
0.028860633
-0.030624775
-7.3954146e-05
-0.029176009
0.031035286
-0.028870385
0.019287467
0.0055205803
-0.018896107
-0.028121878
-0.0017212504
-0.018649415
-0.018721606
0.02036479
0.020489147
-0.0014877156
0.022457568
-0.01428239
-0.008175178
0.014118537
-0.010472623
-0.014953019
0.0094900102
0.0054630087
-0.030722076
0.025414117
0.0053079583
-0.015376346
-0.0092553124
-0.018980292
-0.0017884101
-0.02912049
-0.018938532
-0.004042908
0.023415233
-0.019944913
-0.024174969
0.0092049018
0.014970067
0.028757747
0.0017520526
0.029120791
0.0018038985
0.0017802406
-0.030928323
0.0046650968
-0.023087544
-0.0093658938
-0.01549103
0.024856924
-0.0033657477
0.01733826
-0.00017549643
-0.00944637
-9.0250147
8.4868441
-0.029767683
0.03149277
-0.0029755749
0.029524331
-0.023489833
-0.0060788747
-0.0086858397
-0.014756591
-0.0013411482
0.02061536
-0.015130367
-0.009044602
-0.0058531338
0.022755363
-0.0043366037
0.015294577
0.015378926
-0.010350542
0.0049670457
-0.02109739
0.031180457
-0.0015930974
-0.029235978
0.031203931
-0.0343141
0.036514213
0.029929959
0.0022479627
0.0024435532
-0.032146887
0.014710922
0.00016415605
0.034542041
0.013771728
0.0088968863
-0.023179276
0.024416063
-0.0091641446
-0.015251918
0.0098308669
-0.0026047199
0.00051433797
0.019713912
-0.017291432
-0.0099272575
-0.012901491
0.020232657
-0.0093503011
-0.015678483
-0.009429627
0.015323174
-0.024689068
0.01697424
-0.022974987
0.017725859
0.0019894801
-0.016817725
0.014828245
0.017966404
0.0052849584
0.031711685
0.013505251
0.020799518
0.021835219
-0.017509025
-0.0053586478
-0.0078377922
-0.015900134
-0.0081328521
0.023930477
0.02657765
0.024057395
-0.015067794
0.018636724
0.0028066198
0.0025933238
-0.021611406
0.018895348
-0.021450735
0.0092856956
-0.0029078083
0.021526349
-0.018475494
-0.002876752
0.014845577
-0.024009722
0.017933695
0.0043830324
-0.022228747
0.017857582
8.1228157
0.15900862
0.00037271473
0.018700153
-0.001315269
-0.015267022
0.017456225
-0.0016378984
-0.0016868986
0.016914375
0.014869224
-0.029680772
-0.027036163
0.014584955
0.015856907
0.014857325
0.024846816
0.0011958854
-0.026870215
0.026569356
0.029109166
-0.029634004
-0.00099077154
0.028777084
0.0022582017
-0.031298992
0.0021229827
0.022371841
0.0017501654
-0.030354944
0.0022330657
0.00047884753
0.020010299
0.0033500755
-0.022071681
0.0016576719
0.018707118
0.0032073979
0.010911139
-0.019880549
0.0093878539
0.0055606243
-0.024499156
0.024528076
-0.031259934
-0.029190278
0.030970519
0.030812348
-0.0020546012
-0.029165185
-0.017124364
0.02178946
-0.018962772
-0.004124772
0.01461829
-0.017984038
9.2726256
-1.14981
-0.024918318
0.0027813127
0.028711457
0.00083401365
-0.030601697
-0.025634753
0.019781619
0.016267227
0.0064881363
0.011567634
-0.015904237
0.010820299
0.0044742785
-0.016504968
0.021472014
0.02949556
0.0016848965
-0.031954542
-0.0023595578
-0.0021824384
-0.029277737
0.031721291
0.031931134
-0.029683171
0.023866953
-0.0005739064
0.034456409
8.5632744e-05
-0.018053624
0.018567962
0.01943987
0.01047093
0.0097617272
-0.020757766
0.010830508
0.021773356
-0.019216892
-0.0025564638
-0.0056169864
0.022591226
-0.0044228374
-0.01855215
0.023339957
-0.0053735529
0.031293259
0.035555149
-0.022049898
0.036917231
0.0049966155
-0.02250564
0.016401036
-0.024533889
0.0082742217
0.015656255
-0.023691672
0.015853879
0.0005439563
0.026033693
-0.018997503
0.021590827
-0.002511373
0.021406721
-0.0025465122
0.024940328
-0.0094377815
-0.015502547
0.018672406
-0.021580214
0.0027960801
-0.021271574
-0.01783573
-0.0043930166
0.022378248
-0.0044445532
-0.019034461
0.019407176
0.018050901
0.00064925184
-0.016231164
0.014915895
0.01593374
0.0015224857
0.031531316
-0.015674409
-0.012071207
-0.014964956
-0.003051863
0.027898679
0.027865785
0.0012433805
-0.031794234
0.0021602298
-0.03206794
-0.029047116
0.018319494
0.0040523463
0.024426294
-0.027656269
0.020275533
-0.018617861
-0.019762917
-0.00062819363
-0.010352842
0.013560241
0.014027734
-0.0031165948
0.019075104
0.0026982518
-0.021796806
0.001852762
0.028959586
0.0017160596
-0.030906338
-0.023110927
0.0041481552
0.0092618453
-0.024989817
0.015552035
-0.022839903
0.01035929
0.012480612
-0.002196627
0.016814917
-0.021041641
0.01866022
0.002381421
0.027772471
-0.026938458
-0.028706849
-0.015403372
0.022119879
-0.0058526521
0.023455834
-0.016967697
0.014493184
-0.0036728853
0.0045775798
-0.021082548
-0.030107946
0.03111116
-0.0016155995
-0.031210665
0.0019329272
0.0026421864
-0.028960487
-0.00072268428
0.034492019
0.022071343
-0.0043080208
-0.017763322
0.0016627662
-0.019716391
0.023746998
-0.0043071276
0.02185896
-0.01138803
0.020982755
-0.011221028
-0.021995951
0.017573114
0.017477145
-0.023094131
-0.023771589
0.018023119
0.0053168379
0.017580472
-0.022954025
0.023664041
-0.0088184633
0.020635552
0.014919597
0.023662698
-0.018666083
-0.017184754
-0.0053208865
-0.0096249814
0.026026018
-0.0068556725
-0.016835999
-0.0086881527
0.024542032
0.023843284
-0.023299328
0.026248217
-0.00021452341
-0.021602589
0.019056077
0.018891893
-0.021403266
0.0026526705
-8.7905085
8.6783513
0.11215726
-0.018518899
0.02131498
0.021640238
-0.0029678322
-0.0028762432
-0.018395331
-0.02217068
0.0043349495
0.017954539
0.0044237096
-0.022195155
0.017802138
-0.030876898
0.028994135
0.001882763
-0.019040196
5.734509e-06
0.00032141541
0.019085761
-0.0017577456
0.017691485
0.017562517
-0.016040032
-0.0015752066
-0.014655958
0.014247481
-0.026318688
0.015866981
0.015664335
0.028135355
-0.031187218
0.0008813727
0.027017306
0.028183353
-0.030547428
-0.0012468056
0.0025149202
0.021170322
-0.0028508276
-0.029974629
0.0023183602
0.019563659
-0.020191853
0.0015772687
0.018698265
0.0023591937
0.018885011
-0.021244205
0.011372865
0.0026548695
0.0033359985
-0.013688841
0.030844349
-0.028991587
0.030820615
-0.0018610287
-0.019097368
-0.0040135594
0.015436536
-0.017633163
-0.010559657
0.010390182
0.00016947486
0.00027338
-0.029506522
0.00079967329
-0.59179685
-8.1987117
0.0065797516
0.016876082
0.010626272
0.0038669121
-0.0053125504
-0.0023362276
0.020705124
-0.016127544
-0.0041607598
-0.016921788
-0.031671577
0.0015636313
0.0012764077
0.029834752
-0.029473424
-0.0017372403
0.038603837
-0.0041118175
0.01955619
0.00057630358
-0.020132494
-0.017065378
0.0095906866
0.011392068
-0.0027804165
-0.019215535
-0.0054291709
0.023002285
-0.0052149279
0.022692073
0.023372967
-0.005349848
0.03603734
-0.015401788
-0.023147978
0.0059632243
-0.023390271
0.014702118
0.026677165
-0.00042894826
0.021356516
-0.0024646232
-0.019094413
-0.0025081764
-0.0024592972
-0.018943969
-0.0024303477
0.021201023
-0.018770676
-0.020927794
0.0024088943
0.018762187
0.0028780514
-0.02167916
0.018711328
-0.021276781
0.018400538
-0.0044785149
0.022433054
0.025401344
-0.020977634
-0.0044153698
-0.017779785
0.019571438
-0.019250022
-0.016104354
0.014529148
-0.017574922
0.015817177
0.016052766
0.0016387191
-0.016330158
0.0016742004
-0.01667831
0.032545291
0.026506445
-0.011640201
-0.014678487
-0.026425623
0.027306995
0.033974403
-0.006957097
0.028590671
-0.00040731872
-0.030834132
0.00028670408
-0.028538807
0.031053727
0.0026593201
0.018511002
0.017150089
-0.0021913956
-0.027783234
-0.018536671
0.020113939
-0.0020380869
0.020295091
-0.0015968265
-0.0096087251
0.012944724
0.013996232
-0.0026233676
0.028959304
0.001861311
0.0040107876
-7.6204498
9.3885639
-1.7681141
-0.027578741
0.02474006
-0.018160309
-0.0029328038
0.013559076
0.013856398
-0.0099894857
0.0047916766
0.015913448
0.0057693755
-0.02189692
-0.029983527
-0.030030283
-0.031366621
0.001893197
0.037869358
-0.019167206
0.0021018289
0.020819262
-0.011228575
0.016766442
-0.02198137
0.017778985
-0.023208155
0.01749714
0.0051949333
0.0180515
0.0053214673
0.024964988
-0.0094339654
-0.015531023
0.021180718
0.014856622
-0.0054581386
-0.017689839
0.026665024
-0.021514905
0.015805147
0.0057097581
0.018836333
0.0025201835
-0.021571661
-0.021404108
0.01894481
-0.0183136
-0.0029631811
-0.003056128
-0.018623032
0.021702247
-0.0029400608
-0.022157409
0.017742039
0.017926136
-0.022404651
0.017978134
0.0044549199
0.019342545
0.0002288931
-0.0016998745
-0.01440448
0.017926352
-0.0018735863
-0.0019386531
0.016467801
0.014832228
-0.031510538
-0.025667916
0.016543008
0.016002283
-0.020902373
0.038614279
-0.017711906
0.034201299
-0.00022689614
0.028651277
-0.029880572
-0.026528217
0.026814922
0.0025144239
-0.019990482
0.023049359
-0.0045383573
0.0016421644
-0.020178835
-0.030010005
0.0022267717
0.018977862
0.0011360776
0.0094472093
0.015517779
-0.013118828
0.003510103
0.011855596
0.0021406361
0.0027196002
0.010225123
0.022000737
-0.0045156726
-0.017485064
0.015450619
-0.024884585
-0.0141741
0.016265366
-0.0020912661
0.030814316
-0.0018550114
-0.019137103
0.023147891
-0.029189119
0.0016103778
0.016990093
0.007749967
0.0041909081
0.0096654899
0.01140025
-0.014333054
-0.01574553
-0.031487685
0.0014574017
-0.029377865
-0.0019887559
0.033968119
0.003901239
0.0031461858
0.0099963849
0.014861739
-0.024858124
0.0087561518
0.01206311
0.0087147169
-0.019943292
0.022692817
-0.0051956772
0.021663238
-0.025538612
0.016078524
0.0094600878
-0.0053541197
0.02340562
0.022539892
-0.017218425
0.03793969
-0.016758972
-0.023410377
0.017952238
-0.022340392
0.0046505528
0.026528877
0.00013614706
-0.0024725839
0.021308917
-0.018995952
-0.002408156
-0.019085703
-0.0024859582
0.018657128
-0.021713256
0.0029166728
-0.021230273
-0.021290812
0.018327631
0.018844089
0.0028581586
-0.017718368
-0.0044390408
-0.0044804329
0.022222472
0.022486672
-0.0045085384
0.0012406894
0.018101855
0.019630308
-0.019401414
0.016175926
0.0017504264
-0.015873975
0.033440177
-0.01689717
-0.017825995
0.032658223
-0.03124583
0.0024363341
0.028809496
0.028988413
-0.00033713551
-0.036660797
0.0067802246
0.030517099
-0.028002675
0.018352191
-0.018350547
0.019992711
-0.027652051
-0.015542227
-0.010128238
-0.0029905904
0.01401997
-0.0021643739
0.011483593
-0.008763993
-0.031218664
0.0023926535
0.028826011
-0.0088527957
0.02493132
0.031075855
-0.028756866
-0.0023189889
0.02892842
0.0018858958
0.004010566
-0.023147669
-0.0023528211
-0.028865843
0.002306013
0.014150053
-0.016456066
0.020596824
-0.027297351
-0.0062846032
0.023274696
0.01330968
-0.0091187718
-0.0019228159
0.013323066
0.0055004574
-0.021245987
-0.029901993
-0.028853177
0.031315178
-0.029857776
-0.029870757
0.00049289149
0.034452768
0.028723034
-0.030860306
0.0019437785
0.028916527
0.020282238
-0.011526086
0.017424069
0.0052687481
0.018041963
-0.023396083
0.017266813
0.0052730789
-0.0023110207
0.031209248
-0.028898227
0.015000084
0.022939607
0.024454692
-0.041213664
-0.017096008
-0.0052443835
0.026547064
-0.021554479
0.0083200488
0.01323443
-0.021305248
0.018832664
-0.021613077
0.0025273735
-0.021451763
0.0024558113
-0.021410337
0.019002181
-0.021620742
0.019134784
0.0025323445
0.018776572
0.029613118
-0.026733903
-0.0028792149
0.014326713
-0.0094913686
0.020674413
0.00076021613
-0.021434629
-0.0030559037
-0.018234909
-0.0018445832
0.020688672
0.021628408
-0.015959699
-0.0056687094
-0.0027516883
0.021408816
-0.018328614
-0.0033846416
-0.022090653
0.0043722849
0.021591468
-0.01873331
0.017702954
-0.022183387
0.0044852294
0.018001443
0.00020321993
0.019427088
0.018159861
-0.001983935
0.017139817
-0.015389391
-0.0018491258
-0.014024849
0.016243829
0.017196349
0.013578518
-0.031404512
0.028988797
0.0047029251
-0.024776429
0.020073504
-0.039678502
0.008299966
0.031378536
-0.0346853
-0.0019754966
-0.029869962
0.0022179108
0.015514731
-0.039048312
0.023533581
0.021843311
-0.0034911195
-0.020067541
0.001716994
0.017375366
0.004253042
-0.031322246
0.0016745828
0.012345387
0.030413871
-0.038946814
0.0085329422
0.024181671
-0.019478745
0.012275861
-0.014440235
0.0035443186
-0.013672556
0.0041223199
-0.031680329
0.027558009
0.004593968
0.019587703
0.031097129
-0.0024998282
-0.0285973
-0.031067887
0.0023434044
-0.017472362
-0.0030266145
0.020498976
0.038775142
-0.0083612704
0.030354727
-0.001426307
0.030849806
-0.02896391
0.023134165
-0.019123599
0.017854096
-0.028004859
0.010150764
-0.018929771
-0.030642946
0.038942912
-0.019362992
-0.0047646194
0.024127612
-0.029006703
0.0017093525
0.0096543942
-0.012067123
0.0024127286
0.024741249
-0.00606275
-0.018678499
0.018866373
0.0046086593
-0.023475032
-0.028936732
0.030926077
-0.0019893448
-0.019995911
-0.004780518
0.028888831
-0.030966499
0.0020776681
0.016768662
-0.02138855
0.0046198878
-0.018108129
-0.0045538771
0.022662006
0.027370229
-0.0066452761
-0.020724953
-0.031734686
0.0018326929
0.0046436038
0.0086660764
0.0237341
-0.018065964
-0.0056681368
0.0054039524
0.018330148
0.031109172
-0.028672838
-0.016101929
0.021602387
0.012128
-0.014050816
-0.019355962
-0.0064577581
0.02581372
-0.0086928433
-0.03025397
0.023369876
-0.018775908
-0.030929248
0.0019925162
-0.018836596
0.024900687
-0.0060640914
-0.0011938018
-0.028676955
0.030597391
0.0081777505
0.0059046532
0.024417371
-0.0065632753
-0.0030814353
0.012735829
0.023032816
-0.0056574501
0.028911583
0.0020144935
0.012023104
-0.01510454
-0.021057667
0.0050979685
-0.0025156981
-0.019800954
0.022316652
0.0025364755
-0.021879616
0.01934314
0.032347412
0.0021053569
0.005238804
-0.036775175
0.031536371
-0.022746933
0.0037846538
0.018962279
0.03097679
-0.0020879588
0.004443268
0.018926608
-0.02225733
0.019624981
0.0026323486
-0.022925904
0.0048177745
0.029164221
-0.03094712
0.0017828983
-0.021020282
0.0035479206
0.038885764
-0.0082883722
0.022297107
-0.017853839
-0.019918092
0.0078864859
0.012031606
0.028854617
0.0021221728
0.021689815
-0.0049211527
-0.0053727462
0.022796815
0.021569294
-0.017549814
-0.0040194801
-0.014262511
-0.0040044677
0.018266978
0.022036861
-0.016632908
0.030949314
-0.0020377305
0.0074740783
0.01280816
0.0057512396
0.019149448
0.015625852
-0.01990143
0.004275578
0.022911457
-0.019357052
-0.0035544051
-0.019458652
-0.0022663691
0.021725021
0.032599339
-0.034244583
0.0016452442
0.019743731
-0.022259429
-0.016554088
0.021896284
0.018223977
-0.022871541
0.0046475641
0.0050614094
0.023426204
-0.0053842405
-0.016125403
0.020419222
-0.0042938184
0.024902186
-0.016403755
-0.0084984311
0.030985145
-0.0021305279
-0.0024239623
0.022220046
-0.019796083
0.0047001734
-0.024063166
0.0027170542
0.019911753
-0.022628807
-0.0049273557
-0.016461194
0.0036255361
-0.017888047
0.0028250475
0.018080163
-0.020905211
-0.002627137
-0.019630193
0.031319778
-0.03740884
0.0060890622
0.037710994
-0.02271091
0.01843836
-0.022996972
0.0045586118
0.0064556452
-0.023551654
-0.029242187
0.0066918761
0.022550311
0.022280206
0.02083978
0.005896473
-0.026736253
-0.0093560077
0.012077511
-0.0027215031
0.020678246
-0.018639338
-0.0020389085
0.02187182
-0.019461048
-0.002410772
-0.018638705
-0.004506093
0.023144798
0.0050026187
0.017034242
-0.019112749
-0.0025003279
0.009359959
-0.0023585803
-0.019051756
-0.022281156
0.019654019
0.021139622
-0.018607277
0.021259997
-0.0024834253
0.030969497
-0.029111176
-0.0018583211
0.014370162
-0.018262203
0.0038920414
0.022954367
-0.019249387
-0.0037049801
0.023435222
-0.018846034
-0.0045891882
0.01564864
-0.019312255
0.023655812
-0.0043435572
-0.031720056
0.0029525871
0.028767469
0.02674689
-0.00019982556
-0.0278069
0.021349142
0.02292803
-0.017759589
-0.0051684408
0.031441747
-0.028764769
-0.0026769782
0.0058337237
0.02026107
-0.026094794
-0.019641809
0.022256412
-0.031433313
0.036672117
-0.018871243
0.023547946
-0.0046767029
0.0018592692
0.029101293
-0.030960562
-0.03825122
0.027001894
0.011249326
0.0042573965
0.019571145
-0.023828542
-0.0046411657
0.020267018
-0.0089401888
0.02482058
-0.015880391
-0.019371568
-0.0025080477
-0.0015458809
0.021197077
-0.019651196
0.026676863
0.0029362547
0.021720666
-0.0027762546
-0.018944411
0.021596808
0.0049972583
-0.026594066
-0.019881945
0.022599
0.023185843
-0.017434604
0.019740343
-0.022164305
-0.019524647
0.02191995
-0.0023953032
-0.0066890291
-0.022553158
-0.02220817
0.018425497
0.0037826732
0.01934902
-0.023021903
0.0036728831
-0.0025450073
0.022312504
-0.019767497
0.0088934735
0.0080538266
-0.0169473
0.021841414
0.018000674
-0.029092356
0.030976833
-0.0018844774
0.021641688
-0.019152205
-0.0024894831
-0.0046241595
-0.015277271
-0.0018866731
-0.028973633
-0.018202674
-0.0046001408
0.022802815
-0.021799317
0.019047629
-0.00048760855
-0.020769557
0.00038007634
-0.032199359
0.031819283
0.017815339
0.005370504
0.019197409
-0.023241303
0.0040438934
-0.021063254
-0.0061623465
0.027225601
-0.021875624
0.020031041
-0.018020236
-0.0031656963
0.021185933
0.0019037591
-0.011259767
0.022235871
-0.0026108891
0.019664481
-0.022308093
0.0026436123
0.027802675
-0.021153622
-0.0066490521
-0.021022267
0.019476387
-0.004629966
0.022826347
-0.018196381
0.018140578
-0.021196481
-0.020986895
0.004432807
-0.0043942681
-0.017696385
0.02193842
-0.01745319
0.013804129
-0.015653255
0.018034386
0.0026542858
0.017065655
0.029354278
-0.023030274
-0.0063240037
0.020683755
-0.0037973071
-0.016886447
0.022538255
-0.0045368126
-0.031345866
0.028829277
0.00251659
-0.0026166747
0.018302361
0.0052750276
-0.023577388
0.037297972
-0.0059781937
0.0018771412
-0.022440035
0.0027982263
-0.032714238
0.032843791
-0.00012955352
-0.01733208
0.022219664
-0.0048875845
-0.019116854
0.032695371
-0.021895356
0.01717754
0.0047178166
-0.019816853
0.020020073
-0.021029352
0.0030091155
0.021514317
-0.021618259
0.00010394229
-0.0045424133
0.022245367
0.022512484
-0.019839909
-0.0026725752
-5.2088913e-05
0.032661768
-0.032609679
-0.028242907
-0.014896695
0.043139601
0.0033854286
-0.021714043
0.0055867448
-0.02562015
0.020033405
-0.022284766
-0.0062478391
0.028532605
0.021291602
0.0065110723
0.034176696
-0.017932868
0.019398515
0.003555852
0.016314228
0.0018456326
-0.031960796
-0.0027245041
0.021866669
-0.002344527
-0.019522142
0.034611924
-0.03262663
-0.0019852942
0.006219238
0.021706909
-0.027926147
0.0046531084
-0.023524352
-0.004003133
-0.01962945
0.023632583
-0.015944039
0.0019191907
0.0067350292
0.022323611
-0.02905864
-0.0033484173
-0.0018132701
0.030977492
-0.019697666
0.021812264
-0.0021145983
0.0058880076
-0.027088873
0.021200866
-0.022345962
0.01840133
-0.017832097
-0.00056923345
-0.034072055
0.032951311
0.0011207445
0.015454038
-0.024394227
0.032779998
0.0022475594
-0.035027557
-0.0024124464
-0.027457515
0.0048024722
0.016766822
0.006436806
0.020933423
0.0013805516
-0.034208039
0.032827488
0.020495912
-0.018826229
-0.018013552
0.022345889
0.0021675444
0.028792344
-0.030959888
0.028995232
0.0024465154
0.023519481
-0.018316828
-0.0017507124
-0.0041559758
0.023336267
-0.019180291
-0.018168304
0.019885298
-4.3058825e-05
-0.032720786
0.032763845
0.021788849
-0.019402625
-0.0023862243
-0.018311236
-0.0050559554
0.0025223796
-0.0047740148
-0.014108339
0.018882353
0.0061557599
-0.027219014
-0.034602565
0.035064745
-0.00046218042
0.019604729
0.002631142
0.0042418288
0.018055278
-0.0059106106
-0.03149823
0.016549615
0.0052936962
-0.02508257
-0.0063460299
0.0314286
0.032637554
-0.034826368
0.0021888145
-0.023509099
0.0048703942
-0.032613367
0.033993919
0.034764549
-0.0021269958
0.021004542
-0.018179494
-0.029087851
-0.010758631
0.026408143
-0.015649512
-0.033097001
-0.00090433666
0.033647558
-0.032743221
-0.02284643
0.018159774
0.0046866555
-0.019726119
0.016858678
0.0028674407
-0.028823414
0.030990958
0.040205564
-0.0091839014
-0.031021663
0.028597311
0.00039148601
0.022826339
-0.0037423675
-0.019083972
0.013584978
-0.011910395
-0.016368777
0.0035565363
-0.0039035229
-0.018359189
0.022262711
-0.031583029
0.0061133621
0.025469667
0.019505449
-0.021958575
0.0024531259
-0.0039545692
-0.013109276
0.017063845
-0.026234311
-0.018268426
0.044502738
0.021276125
-0.017991769
-0.0032843566
0.0036620703
0.0067920274
0.022423882
-0.029215909
-0.021775857
0.002317205
-0.019125402
0.021845538
-0.0027201358
0.017638321
-0.020013019
0.0023746977
-0.019674955
-0.0026331385
-0.030924446
0.020622235
-0.004628531
-0.015993704
0.0019289066
-0.03239511
0.030466203
0.019099187
-0.02300271
0.0035894608
-0.022946513
0.014095359
-0.0017499722
-0.0045978517
0.022821829
0.0067584803
-0.03099617
0.02423769
0.019610394
-0.022314149
0.0027037552
0.00016270355
-0.032319618
0.032695992
0.0019159318
0.0053044496
0.01982953
-0.025133979
-0.022959289
0.0047566154
-0.0021373434
0.034917341
0.0078790711
0.031006693
-0.0095320362
-0.029837868
0.039369904
-0.021436593
0.027655831
0.023133674
-0.022079626
0.0045298121
0.0021617311
0.019430433
0.0024413867
0.0024406963
0.020053312
-0.015050693
-0.032688403
0.032645344
-0.0068809587
-0.013037133
-0.028792362
-0.0025535042
-0.01954116
0.0042638891
-0.023141162
0.021965164
0.0011759975
0.0044167561
0.015563702
-0.019980458
0.02305762
-0.0062025696
-0.028726282
0.044309675
-0.015583394
-0.0043093697
0.018679531
0.01927399
0.0023676983
5.4757058e-05
-0.032775543
0.0024489677
-0.021910016
0.018867763
0.0028529033
-0.018851901
-0.0046724506
0.0020608559
0.028888458
0.019496282
0.0023703866
-0.021973245
-0.021314233
0.0027261682
0.018588065
0.030892887
-0.038540199
0.0076473115
0.020083154
-0.0024448331
-0.018273268
0.022920051
-0.0046467831
0.024687668
0.006315015
-0.031002683
-0.0011242423
-0.032947813
0.00090201806
0.032943042
-0.03384506
0.028314389
-0.032420072
0.0041056832
0.018180532
-0.022810498
-0.028905643
-0.023125072
0.029654651
-0.0065295796
-0.023395109
0.018038854
0.005356255
0.019493125
0.0023305119
-0.021823636
0.020446858
-0.015808158
-0.0046387006
0.003855477
0.016828278
-0.032905294
0.00042713995
0.032478154
-0.00099426909
0.022591077
-0.0027248243
0.034965979
-0.03599547
0.0010294909
-0.0061129911
0.030800659
0.019774562
-0.022363639
0.0025890773
-0.0055538886
-0.0028832415
0.0084371301
-0.02107187
0.013460304
-0.0029681947
-0.010492109
0.026727788
-0.02261196
0.003289676
0.019322284
0.033239473
-0.043394337
0.010154864
-0.016586484
-0.0031396344
-0.0020494221
0.03093788
-5.5855544e-06
0.031292799
-0.031287214
-0.00022343184
-0.031126956
0.031350388
0.0025974197
-0.021722822
-0.032740492
-0.03279886
0.032853617
0.016022534
-0.012676225
-0.0033463091
0.019309771
-0.024630588
0.0053208173
0.0060739509
0.016958865
-0.022253969
0.002490218
0.019763751
-0.022790184
0.019441766
0.0061077891
-0.0076565198
0.002593726
-0.022096366
0.01950264
0.0038489123
-0.011254409
0.020920166
-0.01845399
-0.0024661759
0.01844213
0.0023193917
-0.020761522
0.016312866
-0.020129871
-0.029775272
0.0066502004
0.017714025
0.0023691293
-0.0039404073
0.023258464
-0.019318057
-0.022457773
0.0044442202
-0.0027698991
0.02207967
0.020598688
-0.02662903
0.0060303415
-0.018451968
-0.0049348947
0.023386862
-0.0099063262
0.0187998
0.02886619
-0.022429618
-0.006436572
-0.038382897
0.010513133
0.027869764
0.0040370095
0.019097156
0.025660809
-0.0041464926
0.0027485984
0.019038498
-0.021787096
-0.034068643
0.0014552761
0.018916855
0.0046585307
-0.023575385
-0.026034565
0.019971815
0.028512046
0.0018426809
-0.0045009017
0.023185339
-0.018684437
-0.021568054
-0.0053293718
0.023631733
-0.031256481
0.028720653
0.0025358283
0.0060389202
0.021162052
-0.027200972
0.030441842
-0.029482369
0.017807165
-0.022446662
0.0046394967
-0.017654514
0.021949469
0.017468579
-0.022228439
0.0047598599
0.0040214008
-0.023145
-0.0025252677
-0.028731213
0.022203491
-0.0025987628
-0.019466051
-0.032556083
0.032495476
6.0606934e-05
-0.0028499181
0.021891257
-0.019041339
0.002659873
0.019648404
-0.022308277
-0.0024516324
-0.019601101
0.022052733
0.022023644
-0.019429918
0.002553045
0.019759459
-0.029206128
0.0063804042
0.022825723
-0.021193719
-0.0058951537
0.028749565
-0.031193283
0.0024437179
0.018383378
-0.022983519
-0.039053825
0.012589843
0.026463982
-0.0041043783
-0.017790978
-0.032939173
0.034496555
-0.0015573816
-0.02301497
0.004710923
0.018304047
0.012037261
-0.015712648
0.0036753872
-0.027390126
-0.0016165771
-0.018372045
0.023647072
0.015240598
-0.025999229
-0.0062557607
0.02768593
-0.02143017
-0.019158916
0.023255362
-0.0040964461
0.019474076
-0.021884848
-0.02287112
0.0021379197
0.029050588
0.0019262457
-0.022497194
0.0033449887
0.018288086
-0.023128889
0.004840803
-0.022075639
0.022443408
-0.00036776928
-0.028204761
0.031071469
-0.0028667081
0.029149724
-0.0068261128
0.013211571
-0.0010835706
-0.018172941
0.020832814
-0.020669086
0.027015993
-0.0063469071
-0.023660383
0.0054596824
0.0182007
-0.023075343
0.019483152
0.0035921917
-0.0022827322
-0.0026608544
0.022271249
-0.01972959
0.022282635
0.018764542
0.0024325353
0.021633312
-0.002274722
-0.01935859
0.0036989473
0.033047258
-0.036746206
-0.02315316
0.0045849457
0.018568215
0.0097106082
0.0023669026
0.019366943
-0.0035348084
0.023010472
-0.019475664
-0.035759905
0.0075551436
-0.018106387
-0.0038345335
0.021940921
-0.022411768
0.019761161
0.0026506071
-0.030533373
0.031547902
0.018331588
0.0021643237
0.019525409
-0.021869936
0.0045089243
0.015544387
0.019790233
0.0025264191
-0.00235857
-0.019448083
0.021806653
-0.0046110467
0.018929129
-0.018212213
-0.0028171388
0.019020595
-0.023574472
0.018890846
0.0046571004
-0.019835715
-0.0026577999
0.022493515
0.018403524
0.0096943583
-0.0077905992
0.0080801774
-0.0019723882
-0.0066722533
-0.023816969
0.030489223
-0.029618176
0.032570763
0.0066087801
0.023045871
0.017464503
-0.021965405
-0.021893997
-0.01917223
0.023226788
-0.0040545581
-0.0018149997
-0.018198019
0.02849005
0.0027948908
-0.03128494
-0.032546808
-0.0024460044
0.034992812
-0.0014693044
-0.0034374441
-0.019352739
0.019069284
-0.0075378197
0.038430707
-0.018184463
0.013042563
0.0051419002
-0.0082376874
0.012881291
-0.02191617
0.0047817447
0.017134425
-0.0039979051
-0.022357997
0.0041850563
0.0045330467
-0.022187561
-0.028978757
-0.0019504915
0.031083529
-0.0023604951
0.024914233
-0.0094601949
0.021053347
-0.0049249745
-0.016128372
0.021477432
-0.0019101528
-0.019567279
-0.031705725
0.0020875489
0.019626207
-0.022077839
-0.022545116
0.017815743
0.004729373
0.030361867
0.018026472
0.0028936943
-0.019635016
0.022117079
-0.0024820627
0.0040111026
0.018334787
-0.018306021
-0.0045655201
0.0041695293
-0.023702318
0.019532789
0.015904869
0.0028471901
-0.018752059
-0.027734019
0.021584635
0.0061493831
0.040451127
-0.0076319156
-0.032819211
-0.018775145
0.020822893
-0.0020477476
-0.017068468
0.021485225
0.0021676706
-0.021876567
0.019708896
0.014406365
-0.042649272
0.040876545
-0.025252715
-0.015623829
0.017963247
-0.013795222
-0.0041680252
0.0095200177
0.016888125
-0.02170699
0.0056050609
-0.0024350085
-0.019254781
0.02168979
-0.0046160201
0.022818652
-0.018202632
-0.018975552
0.024280002
0.027125679
0.0057610117
-0.032886691
-0.031738503
0.031515071
0.0025737435
0.010886561
0.002870608
-0.021082821
-0.014921272
0.016916722
0.0048618839
-0.021778606
-0.0025291815
-0.017761979
0.02029116
-0.015286511
-0.003627314
0.018913825
0.028688657
0.0023948716
-0.033745053
0.032840717
-0.0058450436
-0.017652103
-0.0019435829
0.019595686
0.031292911
-0.0025722583
0.022112398
-0.0051956756
-0.0068516908
-0.020882328
0.033254196
-0.032596506
-0.00065769
0.0029919858
0.013030549
0.020205859
-0.0024918338
0.031147593
0.0011342375
-0.03228183
-0.043622976
-0.033089278
0.032654462
0.00043481582
-0.020675557
0.026714477
-0.023258278
0.004099362
-0.025303792
0.0098837812
0.015420011
0.0039948706
0.028170178
-0.032165049
0.02448016
0.0067908733
-0.031271033
-0.026790139
0.032524987
-0.0057348486
0.033257103
0.00056700396
-0.033824107
-0.023603193
0.0042909376
0.034197547
-0.0010295912
-0.033167956
0.028661778
-0.030960328
0.0022985496
-0.0051437945
0.023669583
-0.018525788
0.017630092
-0.023002838
0.02196035
-0.0024794963
-0.019480854
-0.031703952
0.0030269967
-0.0099134406
0.004359552
-0.00078780273
-0.032117491
0.022894296
-0.029583326
-0.0054231933
0.032292109
0.0229236
0.0064306778
0.02339897
-0.018535829
-0.0048631401
-0.023483278
0.0046372443
-0.00417611
0.032490499
0.016242864
-0.021016879
0.034772149
-0.032666792
-0.0049321239
0.02387658
-0.018944456
-0.023355156
0.0049031881
0.022329156
-0.019681186
-0.0026479702
-0.0096133642
-0.01558775
-0.020943887
0.0021687416
0.02364454
-0.032843035
-0.032754525
-0.0003347525
-0.034895765
0.0043573032
0.030538462
0.035486264
-0.00040275784
-0.035083506
-0.0026446227
-0.019767145
0.017804314
-0.020333496
-0.021826794
0.019468224
0.014783992
-0.019222714
0.0044387222
0.0065614665
-0.029026057
0.02246459
-0.024335949
-0.017742643
-0.014443446
-0.023807774
0.032550697
0.0076548667
-0.026791314
0.0041941702
0.022597144
-0.019795001
0.01849781
0.001297191
0.023234321
-0.0040369113
-0.025146428
0.031675099
-0.0065286703
-0.0050655765
-0.017142594
-0.031909227
-0.00050040188
0.032409629
0.018101676
-0.022849148
0.0047474728
0.021826812
-0.0023963793
-0.026146634
0.031629765
-0.005483131
-0.013868087
-0.028513792
0.042381879
-0.021699217
0.019264208
0.023500383
-0.0046058796
-0.018894504
-0.0021731249
0.030965468
-0.0039841297
0.023295947
-0.019311818
-0.02182638
0.017589995
0.0042363849
-0.0062825271
-0.019346505
-0.0019677285
0.028773586
-0.030223983
-0.0037138541
0.016029742
-0.012315887
-0.02367977
0.030016755
-0.0063369847
-0.0017278254
-0.012322991
0.017510373
-0.020536988
0.012078958
-0.038588181
0.026509223
-0.016432117
0.021891799
0.0062423116
-0.026911398
-0.0044691539
-0.017759285
-0.021712837
0.017308259
0.0044045781
-0.00092379788
-0.03010358
0.031027378
-0.012298415
0.0041997011
0.0080987136
-0.023036802
0.0046859426
0.018350859
-0.00079050622
0.033733548
0.032035376
0.0005351658
-0.032570542
0.022202765
-0.019570416
0.0025206829
-0.035067491
0.032731872
-0.0056061929
-0.003325232
0.022719029
-0.019393797
-0.031867555
0.03186197
-0.031660749
0.004655248
0.027005501
-0.018733124
0.022902653
-0.032578809
-0.018437542
-0.0049575661
-0.019865713
0.0022136108
0.031314418
-0.002540832
0.017878077
-0.0039906116
-0.013887465
0.022285868
-0.0024956345
-0.0091231443
0.042362617
0.030971767
-0.0023099881
-0.01856373
-0.0045774321
0.0033490081
-0.018635519
-0.028973918
-0.009408979
0.017972192
0.0047186096
-0.022690801
0.018790219
-0.023451079
0.0046608601
0.0024749291
0.019485421
-0.030992122
0.030717019
0.00027510357
0.021413957
-0.0051710925
0.017591133
0.0046582638
-0.02286446
0.018206196
-0.030382825
0.0066367955
0.023746029
-0.0022916681
0.021697408
-0.01940574
-0.030157379
0.0064776089
-0.0026818808
0.022381864
-0.019699983
0.022175528
-0.01729403
-0.0048814978
0.0039268656
0.017964391
-0.039335789
0.019373337
0.002415512
0.0041701194
-0.022587327
0.018417208
-0.017573741
-0.0042526385
0.041768848
-0.018451648
-0.0233172
-0.028425201
0.0021775517
-0.020816889
-0.012126981
0.01960106
3.9314727e-05
0.032622453
-0.019858323
0.022177715
0.021758591
0.0064637045
-0.028222295
0.019777794
0.0025080739
-0.00096270157
0.034219805
0.02476967
-0.02014201
-0.0046276606
0.031777899
0.0055200725
-0.0039972008
0.018956675
-0.014959475
0.026463709
-0.020278021
-0.0061856881
0.0049295617
0.016346564
-0.0088606172
0.041411315
-0.030426526
-0.00056559618
0.018343337
-0.023487132
0.031343455
-0.0028534056
0.0023354423
0.01914199
-0.022147825
0.0025128085
-0.021582924
0.0034643593
0.018118565
0.025196363
-0.0051004724
-0.020095891
0.0042733134
0.0054854109
0.017572209
0.031508401
-0.024981526
-0.006526875
0.017994427
-0.021846828
0.0038524008
-0.022368039
0.0027165638
0.019651475
0.021128209
-0.0068537183
-0.022558725
0.029412443
0.018951126
-0.0030462569
-0.033854294
0.033063788
-0.031345058
0.002552696
0.02885725
-0.031054531
0.0021972807
-0.0061940939
0.014179784
-0.00798569
0.018062707
0.0053634971
0.0053557271
-0.025754283
0.020398556
0.023541712
-0.0053022237
-0.018239488
-0.026111055
0.020763979
0.0053470758
0.002679123
-0.022514838
-0.022663071
0.002344992
0.020318079
0.019273804
-0.023257933
-0.039523974
0.015218562
0.024305412
-0.0041902887
-0.020588662
0.02477895
0.016107333
0.0057919729
-0.021899306
0.0046743076
-0.023079583
0.018405276
-0.006381153
-0.021194692
0.027575845
-0.018858046
0.02354891
-0.0046908646
0.021012128
-0.018617104
-0.0023950235
-0.02476053
0.020401657
0.0060620527
0.0036518162
0.018523711
-0.02628096
0.02028883
0.0059921303
0.0045921531
0.035982428
-0.0010164486
0.0041632828
-0.022155052
-0.027227187
0.031225096
-0.0039979089
0.022392693
-0.017755929
-0.0046367639
-0.022451109
0.004208311
0.018242798
-0.0041985706
-0.017668875
0.021867446
-0.00027116571
0.032188496
-0.03191733
0.021827473
-0.0057201397
-0.017822193
-0.0019343405
-0.020953864
0.022888204
-0.032542543
0.0001309104
0.032411632
0.007444843
0.00017632726
-0.0076211702
0.022481199
-0.0046740344
0.018187645
0.0040750668
0.018032582
-0.023416822
0.023645156
-0.030498874
0.020890616
-0.026629476
0.0057388598
-0.035197687
0.033040834
0.0021568531
0.016719436
-0.013370428
-0.017405737
-0.0046063902
0.022012127
0.016688634
-0.020685835
0.015956497
0.018713
0.0025469971
-0.0044113721
0.022836869
0.034873872
0.00061239171
0.022031201
-0.019282603
-0.031616733
-0.0032790325
-0.0053192865
-0.021472028
-0.028850819
0.0016236322
0.020930463
0.0046100135
0.018310038
0.025926237
-0.030399243
0.0044730064
0.01921922
-0.02321878
0.0039995603
-0.019412226
0.025867871
-0.0035265513
-0.019548792
0.0025786641
-0.031343433
-0.018476994
-0.0023310436
0.020808038
0.031025243
-0.0020492831
-0.02897596
0.0041080003
-0.023303918
0.019195917
-0.01564442
0.018533635
0.0024784929
0.019061267
-0.022386499
-0.0024720487
0.031221614
-0.0027604684
-0.019765916
0.022526385
-0.0027389257
-0.03274633
0.035485256
0.018210327
-0.0020142205
-0.032911541
0.034925762
0.012010417
0.0058676601
-0.0029401192
0.0027403439
-0.022622289
0.021757626
-0.0024836357
0.021594873
-0.002009345
-0.019585528
0.028766695
-0.03093982
-0.0049650003
0.023003854
0.018240873
0.0020929632
-0.020333836
-0.029509566
0.0064792914
0.019423802
0.0042320105
0.00087101169
0.040229068
-0.041100079
0.0045873196
0.017460839
-0.022048159
-0.030947138
0.034351412
-0.0034042733
-0.0049699428
-0.019720427
0.02469037
-0.0017335941
-0.032819897
0.034553491
-0.018060415
-0.0054912387
0.018962246
0.0040881603
-0.023050406
0.017383127
-0.022798658
0.0054155309
0.0018931339
-0.032840272
0.026433099
0.0012840881
0.019683407
-0.020967495
0.0066907878
-0.031837216
0.023515838
0.014195156
-0.028253227
0.031177674
-0.0029244467
0.02019147
-0.025161413
0.023501124
-0.018892465
-0.028015751
0.02175999
-0.014254784
0.026731257
-0.012476474
0.024822566
0.016946283
0.0023645085
-0.021976894
0.019612385
-0.0029008025
-0.019762268
0.028701365
-0.022139898
-0.020055022
0.021529701
0.017948638
-0.044182949
0.0023058452
0.0051389976
-0.027221916
0.0042371181
0.022984798
-0.021414673
0.019056093
0.015151665
-0.019106234
0.023870526
-0.03054278
-0.0039403344
-0.018559131
0.022499466
0.035417208
-0.031718261
0.0063837436
-0.02866851
-0.033637748
0.035566654
0.026682133
0.017178356
0.0056184587
-0.018328633
0.022861679
0.032589564
-0.032550249
-0.017916737
-0.0039994331
0.03241621
-0.031004688
-0.0014115223
0.0026089289
-0.021721678
-0.032537569
0.032856109
-0.00031854014
0.0040015016
0.018824838
-0.0015502945
0.035475247
-0.033924952
-0.0052459451
0.023853286
-0.018607341
0.023508129
-0.019250732
-0.022591248
0.019690446
0.033052104
-0.035066325
0.017426888
-0.013162999
-0.032965137
0.00042756751
-0.017980012
0.022567331
0.023138533
-0.0035608476
-0.012807929
0.019173268
-0.023530707
0.0043574391
0.0024128541
-0.020889849
0.017410462
0.0042004486
-0.021610911
-0.0043958308
-0.032932923
0.00021868506
0.019603408
0.0026000838
-0.023421048
0.0049835059
-0.015875722
0.018722912
0.019309151
0.0024011132
-0.021710264
0.013701181
0.0030182556
0.018121486
-0.021963749
0.0038422634
0.03156236
-0.0047579909
-0.026902758
-0.02932794
0.039226515
-0.0098985745
-0.019730647
0.028354659
-0.031122833
0.0027681739
0.034648326
-0.017451977
-0.033068934
-0.00078536036
0.026602486
-0.0057118703
0.018490699
-0.0030809539
-0.015409745
-0.019768976
-0.002840751
0.022609727
-0.023559408
0.018313463
-0.0040882077
-0.038079447
0.028643477
0.0094359707
-0.0044090728
-0.017303764
0.014612462
0.003350785
0.021153779
-0.016945468
0.017838845
0.037689644
-0.036818632
0.024223142
-0.0046354396
0.025344704
-0.019121122
-0.0062235824
0.00023777507
0.032618334
0.0026074373
0.019780708
-0.022388145
0.029254036
-0.022873632
0.022069662
-0.019585003
-0.0024846587
0.039508259
-0.01092874
-0.028579519
-0.02880923
0.022043693
-0.019836979
-0.0022067144
-0.019757729
-0.0045086684
0.024266398
0.031632234
0.001621962
-0.019249139
-0.0018880165
0.021137155
-0.022774732
0.0053943526
0.017380379
0.018927111
0.0026677618
0.033073305
0.022697337
-0.029549028
0.033236818
-0.03318007
-5.6747902e-05
0.016364691
-0.018504642
0.002139951
-0.019602823
-0.0024981755
0.022100998
0.022026096
-0.0039046102
-0.0039693223
-0.025439415
0.021249126
0.022750906
-0.018677961
-0.0040729455
-0.022034311
0.0025643199
0.019469991
0.020829199
-0.0026886214
-0.024652551
0.01618257
-0.0041453093
0.02624859
-0.019858025
-0.0063905645
0.0024241874
-0.03114943
0.0028962032
0.033225199
0.00057651987
-0.033801719
-0.022178579
0.017636166
-0.030661128
0.024902455
-0.015485494
-0.0094169613
0.023291127
-0.019286207
-0.0040049202
0.0034637447
-0.01657302
-0.032997877
0.032877989
0.0001198882
-0.023534749
0.00271127
-0.030792689
0.028081419
0.0045430498
0.020226621
-0.0047325872
-0.018282383
-0.026732407
0.020794774
0.0059376325
0.043327298
-0.012781118
-0.030546179
0.015284137
0.0036725386
0.0019698598
-0.030973086
0.029003226
0.02356614
-0.0046752936
-0.0052621674
0.023453312
-0.018191144
-0.024257981
-0.015265992
-0.031072311
0.035429614
0.036319318
-0.028611178
-0.00770814
0.016866297
-0.0048558796
-0.0024761747
-0.035005323
0.020871346
-0.026511334
0.005639988
-0.019733906
0.050798701
-0.022077127
-0.028721573
0.019649928
-0.022177683
0.0025277551
-0.019754464
0.022361901
0.024819615
0.0066887865
-0.0022553009
0.01605943
-0.015885839
0.019830246
-0.0039444073
0.0041329614
0.018617945
-0.019366036
0.025199759
-0.024047694
-0.0064174243
0.030465118
-0.030953383
0.028740714
0.0022126689
-0.018324829
0.021410084
0.037536628
-0.017117725
-0.020418903
-0.015086612
0.020045926
-0.004959314
-0.0044389203
-0.017556639
0.021995559
-0.018147758
-0.0046986719
0.0065842046
-0.030631899
0.021658788
0.01587784
0.019047587
-0.021301672
0.002254085
-0.0024847469
-0.017956189
0.020440936
0.026019019
-0.021121678
-0.0048973409
-0.0021998589
0.031057109
-0.030992694
0.028943272
0.013442592
-0.0034020962
-0.010040496
0.018469749
0.0048640752
-0.023333824
0.0040620908
-0.0025326884
-0.019501623
0.018632109
0.0045532297
-0.022956847
0.0046320177
0.031373649
0.0049456699
0.022338421
-0.0025638592
-0.025175376
-0.013878449
-0.0024274358
0.021932885
0.033318207
-0.00090199616
0.018067648
0.016109049
0.022624664
-0.021453976
-0.029080852
0.031050712
0.026323221
-0.031816937
0.0054937152
-0.022048662
0.017654394
-0.031901389
0.031630223
0.0047127818
0.018547867
-0.023260648
0.040200832
-0.041751126
-0.0064489912
0.028207582
-0.016026439
0.013343474
0.0026829647
0.018025775
0.0045124806
-0.002238848
0.020479721
-0.032579802
2.3719563e-05
0.019168255
0.0040871064
0.0020794269
0.028945816
-0.0044536092
0.021761868
0.012968242
-0.0028606989
-0.010107543
0.019509945
-0.022058282
0.0046525455
-0.031237509
0.031281501
-4.3991793e-05
-0.0061462663
0.012959288
-0.0068130216
0.018164525
-0.023230101
-0.034672768
0.0068402703
0.023553365
-0.030393635
0.002504772
0.01956489
-0.03133987
0.0033030201
0.02803685
0.0026052525
0.028466217
-0.034691582
0.036106981
-0.0014153994
0.026157543
-0.0038657298
0.021669608
-0.017803878
0.028706866
0.0038412508
-0.023232546
0.019391295
-0.023287707
0.019131731
-0.0026657455
-0.022710071
0.0044040501
0.011952002
0.027839442
-0.039791444
-0.02339449
0.029977358
-0.0065828685
0.02335838
-0.018684072
0.033824876
-0.00041807466
-0.033406802
-0.0047565403
0.022858216
0.018909207
0.0046569331
0.004706284
-0.032525461
0.027819177
-0.017375297
0.021118889
-0.0037435918
0.017810295
-0.021295866
0.0034855708
0.0036743986
-0.019560237
-0.0065122984
-0.028522404
0.001001974
0.02752043
0.019517086
-0.021996583
-0.023789685
-0.0063676942
-0.0024346364
-0.020185893
0.020646515
0.0053725044
-0.0024762245
0.021724627
-0.019248402
0.021291072
-0.0032566855
-0.021249091
0.0048169744
-0.029843267
0.027104341
-0.019537146
-0.0063773114
0.025914457
0.0047117224
0.018202482
-0.022914204
0.022601379
-0.0047856365
0.026508823
-0.0056374764
-0.030064698
0.031690377
-0.0016256791
-0.019468932
-0.0025700769
0.022039009
0.032677852
-3.2507521e-05
0.023699592
0.0027615311
-0.022648444
0.019886912
0.031407941
0.022254966
-0.0026009476
0.0059417335
-0.028458539
0.031078763
-0.0026202244
0.023738777
-0.019630777
-0.0020705495
0.018384778
-0.025893892
0.011639108
0.031562016
-0.0056357798
-0.0021866884
0.0094072428
0.015495212
0.01797765
-0.022514463
0.00062875515
-0.035320337
-0.018526349
0.0026506278
-0.0038877798
-0.019362743
0.023250523
-0.029887178
0.03119239
-0.0013052123
0.0062029591
-0.02523123
0.019028271
0.0030777628
0.018412588
-0.02149035
-0.0044931301
0.021816893
-0.017323763
0.032550698
0.00012715351
-0.022233805
0.017468277
0.004765528
0.00095970171
0.019060371
-0.031516793
0.0016296145
0.014838088
-0.040090803
-0.02284407
0.0046839281
0.018160142
0.0057222241
-0.026972861
0.021250637
0.019913056
-0.0022876208
-0.017625435
-0.0045407093
0.021090324
-0.031100818
0.028395341
0.0027054774
0.0028494524
0.015641246
-0.0021350433
-0.028804777
-0.02895986
0.030952377
-0.0033907133
0.025834122
-0.0062737088
-0.021782151
0.02805586
-0.018061707
0.016118124
-0.028126294
-0.0032135759
0.018911195
-0.031168927
0.012052072
0.022998204
-0.018251654
-0.00474655
-0.022022062
0.0043256774
0.023437199
-0.017777192
-0.005660007
-0.024230552
0.0044728231
0.022868591
0.033152674
-0.037953326
0.004800651
-0.0012939697
0.035118846
-0.032866337
6.7476166e-05
0.032530275
-0.023101138
0.0089286095
0.014172528
0.022896862
-0.0046087759
0.031150566
-0.0027959063
-0.006089309
-0.02194777
0.028037079
-0.0060746148
0.02772291
-0.021648295
0.019420023
-0.01692953
-0.0024904936
-0.017726905
-0.004576565
0.02230347
-0.021844462
0.019726816
0.019259658
0.0040314685
0.028760732
-0.030895775
-0.020239927
0.02331769
-0.032577891
0.032428886
0.00014900561
-0.0058445834
0.023227711
-0.00043322397
0.036254366
-0.035821142
-0.034133874
0.0013875437
0.029199985
-0.03088044
0.0016804549
0.0056936281
0.015492305
0.022386753
-0.019588527
-0.0025462886
-0.019689206
0.022235495
-0.0036323381
0.032041452
-0.032903621
0.000862169
-0.0042666812
-0.016772303
0.021038984
-0.02117718
0.0175786
0.0035985804
-0.023271944
0.004534126
0.018737818
-0.032555375
-0.00040976202
0.00028694167
0.03232371
-0.032610651
-0.018144003
-0.0047000667
-0.0033293201
-0.017867161
-0.0039628015
-0.018649158
-0.021731006
0.036022934
0.00095186086
0.012002515
-0.012954376
0.022946044
-0.018234322
-0.018197329
0.016187984
-0.0082832007
-0.0029765661
0.021132292
-0.0026125783
-0.018519714
0.024940839
-0.031741702
0.0068008636
0.023186605
-0.0046863099
-0.018500295
-0.031769737
-0.00015958152
0.031929318
-0.021248478
0.0039620417
0.017286436
0.015840468
-0.029270472
0.030946605
-0.0016761324
-0.006238817
-0.019795748
-0.029584956
0.0061904664
-0.021477541
0.017305705
0.017721112
0.034501409
-0.0022093
-0.02334064
0.0049152609
0.018425379
-0.029415685
0.00089328017
0.028739407
0.021112652
-0.01891002
-0.002202632
-8.2724792e-05
-0.032495167
-0.0010080581
0.033959369
0.019420429
-0.0024978967
0.026653258
0.0061190498
-0.032772308
0.031027667
-0.0018276823
-0.030160216
0.030700936
-0.0005407193
0.022135411
-0.02822472
-0.014612707
-0.0084884313
-0.019630982
0.021995491
0.032659615
-0.032232047
0.023250682
-0.019409431
0.0017447519
0.019445209
0.0036884646
0.00136289
-0.030633362
-0.023073623
0.018497715
0.0045759075
0.024777802
-0.031499897
0.0067220951
-0.018608108
0.023985623
-0.0053775148
-0.0096157065
-0.028463741
0.022486755
-0.019762649
-0.0027241067
-0.035048885
0.021481901
-0.0045872557
-0.016894646
0.020685724
-0.018592761
-0.0048854064
-0.030954926
0.02145798
0.005767847
-0.027225826
0.021731028
-0.027805643
-0.019524598
0.021568399
-0.0065746506
-0.023200622
0.018434502
-0.022927632
0.0011403819
0.012444596
0.015841975
-0.038974905
0.02313293
-0.02875591
0.032123224
-0.0033673138
0.032083763
-0.04094438
-0.042124236
0.023672589
-0.028452278
-0.0026485399
0.028880498
-0.022040227
-0.017124165
-0.0041243129
0.030269342
-0.02684145
-0.0034278918
-0.01662521
0.020446817
-0.0038216064
-0.040662518
0.031478617
0.022342614
-0.003380368
-0.02239951
0.019717629
-0.028221479
0.0026902921
0.018442
0.032700735
0.0001528829
-0.025381729
-0.037343924
0.028289792
-0.0067051564
0.0006009936
0.032733101
-0.033334094
-0.021952083
0.02703456
-0.005833695
0.02367078
-0.0045108008
-0.029202908
0.0066441833
-0.030778289
-0.00045922049
0.031098288
-0.033233398
0.0021351096
0.022419664
-0.0042598898
-0.029655676
0.030735503
-0.0010798268
0.033792203
-0.032420686
-0.00070212505
0.033122811
-0.030954693
0.0019948328
-0.019836578
0.022576922
-0.022387146
0.0026326822
0.0019699341
0.018568157
-0.020538091
0.027935935
-0.0066443325
-0.0029139145
-0.013112524
0.00070785185
0.012503719
-0.0029280607
0.021975648
0.032412751
-0.033029988
0.033312341
-0.00028235306
-0.019426578
-0.0037856792
0.023212258
0.0080678748
0.032383252
-0.017744657
0.023161663
-0.005417006
-0.022227283
0.019697406
0.0025298764
0.018720734
0.0047093849
-0.023430119
-0.032566123
0.018991648
0.0046430084
-0.023634657
-0.0288928
0.015650824
-0.024876879
-0.013675539
-0.029655916
0.028434148
0.0012217681
-0.0052460605
-0.026873373
0.032119433
0.034621049
-0.0011974008
-0.033423648
-0.0025799083
0.01773355
-0.015153642
-0.00074438753
-0.028865492
0.02960988
-0.0026922181
-0.019730439
0.022422657
0.022348151
-0.02859599
-0.0056617916
0.038814466
0.038764143
-0.026685185
-0.019369683
0.0043189904
0.017097063
0.0023229606
0.020338176
0.0048753176
-0.025213494
0.021408891
0.0065270435
0.034451003
-0.0096732011
0.026831344
0.003437998
-0.018325879
0.028607682
0.0018585974
-0.030466279
-0.022441498
0.01974928
0.0059092068
0.017761573
0.015327481
-0.024940845
0.017186401
0.0039673777
0.018417499
-0.023352393
-0.019708878
-0.0025184051
-0.023634244
0.03048502
-0.0068507762
0.030418879
-0.0068655138
0.026410492
-0.020261109
-0.031839079
0.0030831689
0.0040097408
-0.030097937
0.00044226059
0.018244222
0.0047539827
-0.021163102
0.0027670537
0.018396048
-0.032734017
-0.0022935406
0.0023106279
0.0097976736
-0.012108301
0.02828851
0.003059953
-0.031348463
0.021908639
0.033129421
-0.033139531
1.0109612e-05
-0.0049932695
-0.019369499
0.023052187
-0.003682688
-0.03176301
0.027036756
0.004726254
0.018873617
0.033080977
-0.034089035
-0.036429207
0.035995983
-0.00024678779
-0.032148322
0.0047923879
0.019084192
-0.0011082996
0.032206588
0.023744744
-0.02091304
-0.0028317043
0.0024736114
0.019284014
0.0062493373
-0.022291047
0.033518425
0.0014636056
-0.034982031
-0.0067208546
-0.022998529
0.029719384
-0.030087607
-7.2608979e-05
-0.01941034
0.021851727
0.0017253883
0.033749858
-0.0047427301
0.022924778
-0.018182048
0.023269108
-0.029989963
0.031479079
-0.028460501
-0.0030185784
-0.034384254
0.0019635688
0.027310454
0.0012015921
-0.0047171582
0.023100537
0.018328172
-0.023590339
-0.031501627
-0.00045916909
-0.01018604
-0.030476478
-0.018223599
0.0047504469
-0.025339108
0.030357654
-0.001749972
-0.022885885
0.018474513
0.0055302465
-0.013767934
0.029809367
-0.023339314
-0.0064700535
0.031699364
-0.031671854
-2.7510008e-05
-0.031720641
0.0055740074
0.0043438319
0.018842773
0.00019569024
0.032463924
-0.028708469
-0.002484814
-0.023586623
0.019567143
-0.018429967
-0.0046372614
0.023067228
-0.0019224981
0.023424359
-0.0047036254
0.028073562
-0.031534852
0.0034612902
0.027466802
-0.021464153
-0.0060026495
-0.021620917
0.0023000674
0.019320849
-0.011591092
0.0054448261
-0.0050562659
-0.022067879
0.016240758
0.0058271209
-0.015674316
0.013946491
-0.024647972
0.020139304
0.031631627
0.019504995
0.031348763
-5.5963652e-05
7.1543611e-06
0.033122267
-0.019138711
0.023160112
-0.022432505
0.015038137
0.0067893356
0.022285878
-0.019687503
-0.0007277308
-0.031931829
0.03265956
-0.019605209
-0.0054619961
0.025067205
0.023457041
-0.018872096
0.026557417
0.023932837
-0.030350262
0.0025443952
-0.020500585
-0.029661495
0.0022039802
-0.004278516
0.02981376
-0.023726542
-0.0060872181
-0.01398889
-0.023264389
0.019826945
0.023187043
-0.01919584
-0.0039912036
-0.0025015047
0.022198911
0.0046384155
-0.023490317
-0.035091082
0.0027230445
0.032368038
0.031476409
-0.028173389
-0.021837934
-0.0046799602
0.026517894
0.0043225858
0.017159316
0.0093822878
-0.024970038
-0.023873262
0.018545758
0.005327504
-0.018928112
0.0067309298
0.022681513
0.0046155514
0.018930749
-0.0235463
0.018253132
-0.01847281
0.0031586977
-0.018836617
-0.0035136728
0.031587234
-0.011565696
0.012517557
0.007504469
-0.010012135
0.0025076655
-0.00010907935
-0.032888798
0.0045356397
0.006010886
0.021455916
0.0044942403
-0.021796503
0.017302263
0.021668737
-0.0023595859
-0.023169996
0.0037481078
0.019421888
0.022194422
-0.020910334
-0.002689984
0.022601737
0.0054812409
0.0225966
-0.019835069
-0.021261251
0.018957141
0.0023041103
-0.027319846
0.033080857
-0.00047358756
-0.0068771462
0.030522302
0.0067699942
-0.0050598615
-0.014309822
0.0024093035
0.033916049
-0.036325352
0.0045184623
-0.024741332
-0.02750616
0.039458162
0.022915585
-0.0045029975
-0.015878587
-0.0039671166
0.008647646
-0.0046805295
-0.031582487
0.03174519
0.018706018
-0.0023413269
0.0026259852
0.019786046
-0.022412031
-0.0023767032
0.021750041
0.032485278
-0.034110955
-0.018119775
-0.019802096
0.022481219
-0.033501793
0.034900463
-0.0013986694
0.020777176
-0.019769888
-0.0064192084
0.029099746
-0.022680537
0.023637183
-0.004645535
-0.0042604487
-0.018078993
0.022339442
0.0064010744
0.023470849
-0.029871923
0.015060506
-0.017640415
-0.0019467275
-0.0064060755
0.008352803
0.031249884
-0.0063481598
-0.024901724
0.017333725
-0.010541064
-0.018764623
-0.0046045762
0.023369199
-0.031372828
0.025399434
0.0059733943
0.016893169
-0.020520483
-0.017220712
-0.018111293
0.021120409
-0.022255166
0.039272721
-0.028759588
0.0032438682
-0.0015884335
-0.0060680863
-0.010758757
0.0024755563
4.9123517e-05
0.029224342
-0.029273465
-0.023134307
0.0037648081
0.022230217
-0.019739999
-0.015725536
0.02503209
-0.0093065545
0.00022522612
0.027899944
-0.02812517
-0.015204836
-0.0065021537
0.0053149339
0.018879339
-0.024194273
0.020750529
-0.0019859871
-0.02341501
0.0046503875
0.016178949
0.0027721772
-0.022945682
0.028729136
-0.0057834539
-0.032410315
0.034599129
0.02307633
-3.9138564e-05
0.026025759
0.0056040059
-0.02064084
0.016380391
-0.011566252
-0.01373754
-0.023390154
-0.0066953514
0.030085505
-0.0047796299
0.022920892
-0.010321236
-0.012599656
0.0036107642
-0.024564628
-0.012048431
0.027289029
-0.037575008
0.036331738
0.022698203
-0.019454334
-0.029382821
0.018841258
-0.023513708
0.025185257
0.018496639
-0.023239369
-0.023226365
0.019285958
0.0010114962
0.032947873
0.005113457
-0.024395486
0.019282029
-0.00011365691
0.019332801
0.0060119032
-0.0060812931
0.028903934
-0.022822641
-0.019758986
-0.0027054227
0.022464409
0.016021422
0.0027014894
0.032771841
-0.028065557
-0.0066935725
0.031516583
-0.024823011
-0.033056458
0.033632978
-0.026638374
0.0055336197
0.021104754
0.0027277692
0.011116786
-0.038565705
0.0046784629
0.018905344
-0.023583807
-0.021836647
0.0023120486
0.022435148
-0.016161481
0.021766542
0.0045661719
-0.022762553
-0.00019247982
0.02945241
-0.02925993
0.022512412
-0.017844839
-0.0046675736
-0.005335836
-0.019511456
0.024847292
-0.031373374
-0.0002536362
0.03162701
-0.0025829312
-0.019253218
0.014280392
0.0068478171
-0.031319436
0.0055955734
-0.030765595
0.025170022
-0.021674631
0.019382963
0.02135652
0.019060393
0.0038364689
-0.039232731
0.014057354
0.004652777
-0.020378313
0.041453613
-0.033191011
-0.008262602
-0.0061157975
0.021153935
0.019422474
-0.021024642
-0.018297577
0.0052817187
0.01821965
-0.023501368
0.017945802
0.0022104292
-0.020156231
0.01806347
-0.01374448
0.023624418
-0.018971382
-0.0046530361
0.023234717
-0.00474215
-0.003099988
0.031388498
0.0044311943
-0.023109155
-0.0046844989
-0.018395084
0.016900011
0.0054984621
-0.023246974
0.017748511
-0.030924213
0.03851457
0.012610638
0.030146521
-0.030310574
0.00016405332
0.018670484
0.0042451013
0.0099504586
-0.018537123
0.008586664
0.00058785077
-0.033143225
-0.0028425511
-0.018347538
0.021190089
0.018817447
-0.024868528
0.0060510812
0.019237857
-0.023158157
0.0039203002
-0.017611052
-0.0035661279
-0.0025207134
0.010025182
-0.01230719
-0.026280991
0.021540642
0.033856244
-0.032844748
0.0060658564
0.002014321
-0.025425368
0.038015211
-0.015676897
-0.018669825
0.022833108
0.0025178066
0.01920682
-0.032411949
0.0039534102
-0.021521249
0.028313276
0.016576137
-0.023522218
0.0069460809
-0.01852328
0.0034366689
0.019774266
-0.017563829
-0.0022104373
-0.019166686
0.024753431
0.030808157
-0.031385488
0.00057733053
-0.01766106
0.02343549
-0.020878624
0.0020523954
0.015324863
0.0024086874
0.0023782402
-0.021538184
0.0099960778
-0.0076854499
0.00030613148
0.031882365
-0.018901543
0.017396731
0.0015048125
0.011304313
-0.0087305698
0.023574681
0.006442074
-0.017428623
-0.0045367822
0.022019894
-0.019647096
-0.023071685
0.018354527
0.018229113
-0.022874388
0.0046452746
0.0077670194
0.019173845
0.0040131986
0.0048150418
0.018285495
0.02321066
-0.019684624
-0.0035260368
-0.034404742
0.014060979
-0.021079219
0.0056182968
0.015460922
-0.024543805
0.03562136
-0.011077555
-0.02286002
0.018319311
-0.018152974
-0.0045570975
0.031213289
-0.0022287167
-0.028984573
0.029848348
-0.027243096
0.033242754
-0.032641761
-0.020672067
0.016202913
0.022409337
0.0064711609
0.006377506
0.017292077
0.023285081
-0.019995405
0.013395398
-0.038820766
0.033650839
-0.0010101544
-0.032640685
0.023414795
-0.018417537
-0.0046354615
0.022864574
0.0028370814
0.0026681324
0.019956531
-0.019413055
0.0028265709
-0.029374527
0.028947486
-0.030570141
0.000278102
0.030292039
0.021684033
-0.032566713
0.032714136
-0.00014742289
-0.035741064
0.0074058171
0.028335247
9.761908e-06
0.0044877308
-0.026139607
0.021651877
-0.0063442936
0.024168649
-0.020961864
-0.0066613176
0.027623181
-0.018410584
0.022898315
0.01781935
0.0046618496
0.00098717479
0.028834926
-0.029822101
-0.016827701
0.023052741
-0.0062250402
0.029908895
-0.02350782
0.0027458591
-0.022508508
-0.0020930114
0.0081588678
0.030979099
-0.03175986
0.0007807611
-0.02315969
0.03094893
-0.0022082152
0.0045761402
-0.023523989
0.018947849
0.001045966
-0.0019199116
0.02345706
0.0026917437
0.019690121
-0.019463771
0.021641323
0.02415236
-0.020800976
-0.0033513834
-0.016324743
0.039762149
-0.023437406
0.023072613
0.0036484505
0.014618528
-0.0043457503
-0.017676312
-0.0039163641
-0.016163325
0.02007969
-0.030110552
9.7286983e-05
0.0083322647
0.033121348
0.030809283
-0.029994651
-0.00081463163
0.0094764582
0.013444434
0.019631546
-0.022230309
0.02484773
-0.019243191
-0.0056045395
0.028719695
-1.2829191e-05
-0.022069886
0.0026009538
0.023497675
-0.020114673
-0.0033830029
-0.0023329551
-0.019168398
0.021501353
0.0041972451
-0.019118517
-0.0058302775
-0.025542551
0.01705766
-0.0033564797
0.0045286229
-0.021817694
0.017289071
0.0013043257
-0.031314528
0.030214202
-0.0062813646
-0.0002272175
0.032262594
-0.027635146
-0.013342875
0.017485254
0.0081755554
0.030810748
-0.024052268
0.028032169
-0.032208279
0.0023353874
-0.034745702
-0.017375197
-0.0022718992
0.022780848
-0.018779346
0.022915304
-0.018100262
-0.017967887
0.021488419
-0.0035205314
-0.029026975
-0.019933179
0.021210036
-0.0024970363
0.024930284
-0.015046503
-0.011171767
-0.019361606
-0.028999901
0.029152394
-0.00015249291
-0.023191479
0.0046277499
-0.035972015
0.0024702219
0.03858746
-0.030932593
-0.021628551
0.019067415
0.0025611354
-0.0032612023
0.020771575
0.02512505
-0.0090657918
-0.016059259
-0.0005155581
-0.024073049
-0.0023472027
0.021767631
0.021147945
-0.018277337
-0.01910562
-0.0023090525
0.016241723
-0.018312273
-0.021092148
0.0018540727
-0.019123503
-0.0018203838
0.035086457
-0.017018809
-0.019637419
0.0057821841
-0.015593808
0.019534284
-0.024566762
0.0050324782
0.00033603928
-0.030836546
0.030500507
0.020876885
0.0058509031
0.0024540778
-0.022105274
-0.032431883
-0.0026591988
-0.03265864
0.033370825
0.030693923
0.031337427
-0.0065178121
-0.020907251
0.026351762
-0.02325736
-0.003094402
-0.0067975605
0.029221442
-0.032342642
0.00076015577
0.026011458
-0.039889907
-0.023302668
0.0041143225
0.019188345
-0.022476807
0.027155269
0.020740475
-0.026153058
0.0054125823
-0.031718207
0.030794409
-0.019062149
-0.0044685578
0.029886453
-0.006617345
-0.0068233265
0.0014626897
0.016799617
-0.018262306
-0.0022982276
-0.028617839
-0.003100657
0.031718496
-0.032280448
0.025066892
0.0072135568
0.029316999
-0.022799265
-0.0065177341
-0.0027766077
-0.019871836
-0.0041100236
0.02317129
-0.004720845
0.023781238
-0.022645853
-0.0075636175
-0.02393628
-0.019489577
0.023048141
-0.0035585643
0.018533016
0.0018365968
-0.020369612
-0.0030366515
-0.018246727
0.021283378
-0.0018543484
0.03455034
-0.0067935711
-0.033966121
0.0008971869
0.017342981
-0.008919637
-0.0084233443
-0.0026807262
0.021040343
-0.018359617
0.034758168
0.0012242597
-0.003036491
-0.015865052
0.0046488661
0.0048451511
-0.024474601
0.020761827
-0.018551397
-0.029883412
-0.029642498
-0.0060985652
-0.013237804
0.0106007
0.0026371041
-0.01864823
0.025025736
0.044559325
-0.023897523
-0.019298103
0.02050295
0.021825928
-0.01952586
-0.023046145
0.019694675
0.020946489
0.012693439
0.0034891307
-0.0026968324
0.022588928
-0.019892095
-0.00085758121
-0.029496088
0.030353669
0.038250143
-0.014734305
-0.030257813
-0.001243814
0.0025683163
0.019818437
-0.030172855
0.0067827005
0.029101341
-0.03332269
-0.0045599634
-0.027965498
-0.0025713781
0.022202924
0.030968583
-0.0023904662
-0.028578117
-0.031317876
0.0012142956
0.015940541
-0.019737848
0.030971031
-0.028758362
-0.0054122446
0.021988381
0.032669196
-0.0001184983
0.026053727
-0.0070060292
-0.019047697
0.026499669
-0.0050416896
0.032839894
-0.00013915956
-0.0025394164
-0.0131349
0.018987706
0.0054428192
-0.024430525
0.0151705
-0.033103368
0.026122953
-0.030506056
0.0043831027
-0.022684563
0.0020714432
0.017702823
-0.0097309526
0.019681411
-0.0023036608
0.021359753
0.022966188
-0.018121037
-0.01691174
-0.031091576
0.02825571
0.0028358663
0.029819497
-0.032363468
0.0025439712
0.014682826
-0.015823314
0.013568013
-0.022227004
0.017650439
0.010534341
-0.0045636052
-0.027199405
0.037018335
-0.0063244116
-0.023586136
0.0055257214
0.029046474
-0.027138269
-0.0019082049
-0.0025448595
-0.019844092
0.022388951
0.012390727
-0.012621553
0.01010084
-0.016356997
0.020758914
-0.0044019165
-0.018511068
0.025281062
-0.017618446
-0.0045601326
0.00082276061
0.031959978
-0.032782738
-0.023527994
0.0048797642
-2.4611029e-05
0.023723291
-0.017649341
0.006840757
-0.018967738
0.027172938
-0.019832343
0.022354722
-0.030883066
0.0294751
0.0014079659
-0.021447961
0.018118641
0.0064323962
-0.0093865735
0.0029541773
0.0001973419
-0.032807021
-0.022738368
0.019961761
0.026490725
-0.022016941
-0.0044737838
0.0069327714
0.0060265165
-0.029259209
-0.020227562
-0.019641452
-0.020688817
0.0045604441
-0.023761317
0.004031713
0.019729604
-0.025570727
0.019571474
0.0059992535
-0.0047479727
-0.01832565
-0.0019856989
-0.027670217
-0.036316377
0.02244829
-0.019356747
-0.019929399
-0.0056907504
0.017535794
0.004312603
-0.021848397
0.00043400253
0.033057586
-0.033491588
0.013142897
0.015721843
-0.012405759
-0.003316084
0.0016563475
-0.0078043339
-0.01791836
0.0015988694
0.032897686
-0.012375949
-0.018792978
0.027838054
-0.030535549
0.0026974947
0.0039297994
0.013497089
0.0047213608
0.018218646
-0.022940007
-0.0024199379
-0.0070944098
0.0095143476
0.019307888
-0.021561606
0.0022537171
0.022019334
-0.018092468
-0.017842469
0.013936887
0.003905582
-0.0045908388
-0.022095336
0.028927737
-0.0068324014
-0.035063231
-0.0089990052
0.026629097
0.017805578
-0.020919515
-0.033328081
-0.00060883635
0.033936918
0.0065586393
0.022142726
0.0026542008
-0.038945436
0.028016696
-0.0034341361
0.019374677
-0.032329469
0.0039042679
-0.0044627557
0.018341663
-0.013878907
0.0020142249
-0.031522535
0.02950831
0.018233897
-0.021220525
0.0029866271
0.018899909
-0.023548687
0.004648778
0.0046247912
0.018487165
-0.023111956
0.021989259
-0.0037553612
0.019807646
-0.022648397
-0.021661898
0.0045794215
0.017082477
-0.002767418
-0.0097093101
0.012476728
-0.019271007
-0.0023553631
0.02162637
0.042771204
-0.029059777
-0.00082363549
0.011921307
0.002910945
-0.014832252
-0.044523944
0.0047073425
-0.0228551
0.033342415
-0.032250098
-0.0010923164
-0.032999636
0.02110263
0.022765774
-0.0043445292
-0.016079799
0.018852726
-0.002772927
-0.028540005
0.031248917
-0.0027089115
0.0036795073
-0.021527284
0.017847777
0.0093597519
-0.028778965
-0.0024330416
0.031212006
0.022966474
-0.018243497
-0.0047229768
-0.025323692
0.022002984
-0.019438664
-0.022002065
0.017742033
0.0042600325
0.033727258
-0.0012419795
-0.017635715
0.022777094
-0.0051413791
-0.0043754622
0.030960227
-0.024316044
0.020527098
0.033089399
-0.036468249
0.00337885
-0.021464423
0.016975825
0.0044885976
-0.0027957098
0.012927781
-0.010132071
0.034688702
-0.030731932
-0.0039567701
0.017775831
-0.021922324
-0.010531007
-0.015069385
0.025600392
0.0028564988
0.028622581
-0.020959468
0.018831517
0.0021279504
0.0023977301
-0.02178275
0.017397128
0.0043856227
-0.033370593
-0.00045351435
-0.0038512416
0.023019497
-0.023802629
0.0051945202
0.011195732
-0.038701891
0.00033367512
0.027150316
-0.027483991
-0.016955206
-0.0037168608
-0.021761999
0.031091429
-0.0024027715
-0.013385986
0.018323728
-0.0049377419
-0.023380458
0.0045438411
0.022045028
-0.0024188214
0.00043711987
-0.03621366
0.03577654
0.02196422
-0.0039165851
-0.018047635
-0.0043439153
0.021314201
-0.016970286
0.0011811675
-0.031245865
-0.006237926
-0.022340943
0.021343114
-0.017487637
-0.00588177
0.022694774
-0.0027857651
0.023534339
-0.020748574
0.023284549
-0.004024891
-0.017096457
-0.0043810841
-0.00599183
-0.020740576
0.038618178
-0.031212361
-0.0064405144
-0.024174411
0.030614926
-0.0073566179
-0.0072364315
0.014593049
-0.0021708227
-0.033026865
-0.018830494
-0.0064026246
0.025233119
0.017448429
-0.0024631917
-0.014985238
-0.031645829
0.02780971
0.003836119
0.017218746
0.0048936524
0.0028635486
0.032599603
-0.035463152
0.00023028108
-0.032000018
0.013878546
0.00038770774
-0.033417696
0.0030934725
0.028528922
-0.031622395
0.022588929
-0.0045631541
0.0016666452
0.036920814
-0.017487009
0.022035441
-0.0045484328
0.0040795847
-0.022812709
-0.004750272
0.023184774
0.0021848924
-0.033624855
0.031439963
-0.0040892458
-0.019213422
0.036816156
-0.033722683
0.018036924
0.0037799693
-0.018819071
-0.0019424508
0.019728712
0.0053712354
0.029665844
-0.026507146
-0.019203871
-0.036884977
-0.028740612
0.01952923
-0.022265605
0.0027363753
-0.023584113
0.017987368
0.005596745
0.03004189
-0.028998706
-0.0010431837
0.030821371
0.022825429
-0.018043684
0.015561122
0.0093531116
0.0046851993
-0.010853791
0.0061685916
-0.019417253
0.020214994
-0.00079774191
0.0039624944
0.019295969
0.027135198
-0.021181108
-0.0059540905
-0.020393245
0.01725361
-0.021913863
0.0025035227
-0.03107239
0.030027408
0.024393502
-0.019859376
-0.010000206
0.0021958716
-0.0068326261
-0.022226014
0.01992916
-0.016966937
-0.0029622225
-0.032239987
0.027878414
0.004361573
0.011402604
-0.024745478
-0.032448673
0.02684248
-0.0025239914
-0.03042436
0.0015588682
0.0061634459
0.018806103
-0.024969549
-0.030246061
-0.0012707318
-0.0036683566
0.023239502
-0.025062631
-0.0066790709
-0.029724405
0.029877509
-0.00015310344
-0.030494488
0.032269345
-0.0017748566
0.022401609
0.0067481153
0.00016505365
0.018895317
-0.034810108
0.001740803
0.033069305
0.028602331
-0.031127598
0.0059198118
-0.01327643
-0.016595699
0.018015586
-0.016552896
-0.035180021
0.013500825
0.0035630198
-0.018372437
0.02210625
-0.031073347
0.002621069
0.018124327
-0.02307922
0.0049548931
-0.0028999281
-0.01969132
0.028957298
-0.028973938
-0.015177812
0.011616964
0.0036133351
-0.023125994
0.019512659
0.019789053
0.0028206742
0.018417247
-0.023138475
0.0047212285
-0.0080550324
0.0073186867
0.021028486
-0.024725147
-0.018928499
0.023544051
-0.00043140967
-0.035206231
0.035637641
0.0046884137
0.017631726
-0.02232014
-0.015556644
-0.0094331725
0.031908429
-0.014943677
-0.016964752
-0.027129459
-0.0053192145
0.037128244
0.022238649
-0.019784572
-0.0027008326
-0.019565458
0.022266291
-0.0026335405
-0.020754661
-0.0024115122
-0.019738431
0.022149943
-0.0049743565
-0.010096805
0.015071161
-0.013763075
0.016659462
-0.0028963871
-0.0035120454
0.0029712113
0.01905999
-0.033764034
0.032976231
-0.022708393
-0.0058320452
0.028540438
0.022139453
-0.0024362898
-0.019703163
0.018343542
0.0027621338
-0.021105676
0.021748465
-0.017561138
-0.0041873277
-0.0042039854
0.033309061
0.024737297
-0.0040907822
-0.022214759
0.002751052
0.021014232
-0.016805272
-0.0042089601
-0.028810362
0.0016720928
0.023518022
-0.018964792
-0.034793104
0.03280781
0.023210574
-0.019122414
-0.023506206
0.018618622
0.0051487739
-0.040030211
0.034881436
-0.017971337
0.022939825
-0.0049684875
0.0051854637
0.018800159
0.004558158
-0.022771594
0.018213436
-0.0047334625
0.019720508
-0.022490407
-0.01368266
-0.0036762726
0.017358933
0.014925189
-0.025246234
0.0080255213
-0.0013065476
-0.034856914
0.036163461
0.017471198
-0.021974195
0.024270802
-0.031147948
-0.0042078183
0.021794461
-0.0025747306
-0.019521636
0.019273189
-0.023261489
0.0039883001
-0.017733399
-0.0052812249
0.023014624
-0.027472709
0.041879073
-0.023294773
0.019406994
-0.029060582
0.041609828
0.018933591
-0.023570294
0.0046367031
-0.0028402861
0.017900793
0.02774462
0.014912428
0.0088108633
0.023462248
0.0060667336
-0.026344755
-0.0012138469
-0.033437435
0.00077879529
-0.0038983102
-0.01827496
0.022173271
-0.030551652
0.030826756
0.02226207
0.0062705355
-0.0022851665
0.030934315
-0.028649148
-0.019147241
0.02321886
-0.0040716189
0.016349391
0.0046648407
-0.019209114
-0.0040948033
0.039214235
-0.02337226
0.017749979
0.0045534906
0.0063523069
-0.028134458
-0.021466694
0.0023610735
-0.020149318
-0.021974918
-0.032491217
0.030215557
0.00227566
-0.0021937047
-0.019224399
0.022447896
-0.0036304493
0.022743076
0.0065739235
0.021638405
-0.018801324
0.032032094
0.0016951635
-0.031153592
0.031082875
7.0716929e-05
-0.031667835
0.00023285981
0.031434975
0.015247399
-0.003326092
-0.017954811
0.022483434
-0.020446306
0.0044785421
0.015967764
-0.0087409311
0.040824694
0.009019341
0.0097804587
0.022502454
-0.017878083
-0.0046243708
-0.0042688892
-0.017497093
0.021765983
0.0018228027
0.031601765
-0.033424568
-0.033261899
0.032830489
-0.034402577
0.0027858439
0.0035454629
-0.02303504
0.035489856
-0.00061598447
-0.034171591
0.0012237775
0.022026254
-0.019858584
-0.0090034879
-0.030332301
-0.0047222086
0.022793751
-0.018071543
0.021520456
0.028889017
-0.031210633
0.0023216163
-0.0040997424
-0.018049065
0.034158114
-0.037523091
0.034072281
-0.01759855
0.023797345
-0.0061987946
0.026186358
-0.0055054722
-0.020680886
0.014541125
0.0092200992
-0.023761224
-0.03168708
0.0280432
0.0036438806
0.02086965
-0.027097047
0.0062273976
-0.0021419888
-0.028817899
-0.0024414891
0.0047332532
0.017779159
-0.026548454
-0.00045599466
0.027004448
-0.01961083
0.021922878
0.002611238
-0.022469561
0.019287558
-0.023078111
0.003790553
-0.01067226
-0.002581079
0.030419133
0.019672454
0.0011603597
-0.019818732
0.021051453
-0.0042231754
-0.0034869574
0.020147511
-0.016660554
-0.020547783
0.032599855
-0.032930427
0.035793975
-0.029267769
-0.00010675769
0.018342388
-0.02309036
-0.004089574
-0.017528685
-0.0046149159
0.023617027
-0.019002111
0.028928123
-0.0020428999
0.018221849
0.028966481
-0.0039473718
-0.041613294
0.032204315
0.0046872875
0.018821824
-0.023509112
-0.020036081
-0.006576008
0.026612089
0.028597688
-0.031178767
0.0046831889
0.018675191
0.023541502
-0.030236853
0.028633739
0.0023380273
-0.024982723
0.019542712
0.0026600529
0.022863518
0.032589945
-0.021370685
0.019111589
0.0022590953
0.016751955
0.0051398442
0.028451083
-0.028625601
0.00017451803
-0.032027137
0.018003877
-0.01116312
0.012931961
-0.0098862176
-0.0030457436
-0.025034173
-0.025335626
0.024478045
-0.029926139
0.037385987
-0.0074598472
-0.011617988
5.8509338e-06
0.011612137
0.019614087
-0.0025170239
-0.0035739971
0.026320988
-0.0068757786
0.032937558
0.00079599034
0.0027517219
0.017150923
-0.019902644
0.0066762558
0.024661171
-0.02305772
-0.020589048
0.017327846
-0.0068747369
0.0396236
-0.032748863
0.031448924
-0.027017779
-0.0044311454
-0.02440454
-0.014828191
0.017844451
-0.023164817
0.027903286
0.0019450629
-0.018314647
-0.0027681742
-0.024150808
0.017249273
-0.040566473
-0.017623196
0.021702781
-0.014074067
0.035293028
-0.021218961
-0.0040531905
-0.001154428
0.032379473
-0.031225045
0.023582713
-0.0046735063
-0.006521789
-0.025315427
0.0025800375
-0.022309627
0.019411662
0.0034765425
0.018895
0.0045560722
3.1597276e-05
-0.032897934
-0.0024311026
-0.013392211
0.0021487314
-0.019707149
-0.0028606155
0.022567764
-0.021857698
0.017768124
0.020746367
-0.037864092
-0.03544361
0.031062049
0.0043815617
-0.0060634758
-0.021137496
0.0036608831
-0.023147624
0.019486741
-0.031766968
-0.00079974501
-0.0059971905
0.032650449
0.022201311
-0.0024725984
-0.0043477171
-0.017424345
0.021772062
0.030490965
-0.036501556
-0.0018922887
0.038393845
-7.9955695e-05
-0.027533452
0.028940433
0.0020119439
0.034947819
-0.023465674
0.018871854
-0.0016248811
-0.01817012
-0.033031948
0.0033075427
0.027558371
-0.02079517
-0.006763201
-0.030180079
0.030566667
-0.00038658776
0.0040852588
0.014111229
-0.018196488
-0.039976494
0.037345129
0.0026313651
0.027967314
-0.00021481218
-0.027752502
0.023504856
-0.0049036869
-0.018601169
-0.015520538
0.024902826
-0.0068730468
0.030527834
-0.023654787
0.032820731
0.00049912935
-0.033319861
0.013477621
-0.010368165
-0.0031094558
-0.019880435
0.022548568
0.020556036
-0.027527628
0.019359939
-0.023300273
-0.021732655
-0.006283096
0.030425827
0.00027510885
-0.041341856
0.03370994
-0.022200461
0.01957473
0.0026257306
0.0025454649
0.028551664
0.0024409106
0.015574675
-0.041500174
0.014027466
-0.033242062
0.032701343
0.032530243
-0.032093123
-0.0028776158
0.022723725
-0.022435523
0.0197909
0.0072148893
0.031403289
-0.021904826
0.0023826844
0.016890684
0.036737477
-0.024774342
-0.011963136
0.002883928
0.014509574
-0.0037276851
-0.010781889
0.0016438595
0.019041864
0.020833396
-0.027210708
-0.034021122
-0.0022463835
0.036267505
-0.041854456
0.015192441
0.026662016
0.0029630511
-0.021209778
-0.018571633
-0.023772943
0.0048284862
0.0034803106
-0.026761065
-0.0047536553
0.023122378
-0.018368723
-0.032640985
-0.0016035978
-4.2939759e-05
0.021661938
-0.021760335
0.028661342
-0.03152805
0.0044011377
0.018935129
-0.031925504
0.0325368
-0.00061129538
-0.019254483
0.022225694
-0.0017798775
0.034314793
-0.032534915
-0.020221446
0.00097903519
0.023315327
-0.019283858
0.029683593
-0.029347554
0.019438226
-0.021785429
0.021407443
-0.024377148
-0.022155543
0.018781557
0.0033739859
0.0025964782
-0.021415549
-0.011625459
-0.029769946
-0.0034224084
-0.032931621
-0.00058431986
0.033515941
-0.031203262
-0.034917238
0.03113526
-0.019223271
0.022162802
-0.0029395302
-0.020247926
0.0205733
-0.0025379756
-0.018486667
0.003662985
-0.01862246
0.028224338
0.0023577389
-0.030582077
-0.0018231536
0.022393868
-0.019743261
0.003100369
0.027462102
-0.028430471
-0.031795869
0.02527408
0.014050521
-0.024581529
-0.0066593403
0.0311395
-0.033069885
0.00051406452
0.03255582
-0.041339906
0.025716077
0.0027600218
-0.034420863
0.023390041
-0.018072543
-0.0053174984
-0.027197061
0.021011373
-0.0057717241
-0.015204288
0.020976012
-0.0086442823
0.0010231122
-0.019506158
-0.0022558403
0.010378908
-0.0086556894
-0.0017232181
0.0011085447
0.028075595
-0.02918414
-0.018264374
-0.036805529
0.00030397237
0.0044604745
-0.023388587
-0.039596138
0.0047392241
-0.005404751
-0.018397878
-0.0073237666
0.00335665
-0.0024296148
0.031530956
0.024923827
-0.015511295
-0.0094125326
0.016452687
0.0019320903
0.0025891878
0.032188707
-0.031080163
-0.00071236098
0.02039458
-0.002262919
0.016590289
0.0048236675
-0.0047464362
-0.018377438
0.023123874
0.022982345
-0.0047381231
-0.022501273
0.017492859
0.0050084136
-0.001238217
-0.018499631
-0.036443126
0.016024222
0.023549492
-0.018892392
-0.0022204882
0.020547706
-0.018327218
0.016435346
-0.00023911703
0.031640159
-0.031401042
-0.0045708603
0.023465861
0.035742344
-0.034928973
-0.0008133709
0.028130431
0.0033459789
0.016961927
0.0059533773
0.035718719
-0.034331175
-0.019795126
-0.0026403968
0.019502163
0.002417787
-0.034857173
0.035485928
0.021910334
-0.017456371
-0.0044539628
-0.002826013
0.018434595
-0.015608582
0.019537514
-0.022323279
-0.018373767
-0.040325733
-0.004808307
0.023093802
0.037236156
-0.035413353
-0.022815106
0.0073296121
0.019761964
-0.01769052
-0.017471413
0.021965654
-0.019808419
0.022589242
-0.0027808233
0.0079941398
0.014535297
-0.022529437
0.020292987
0.0017866821
0.02417201
0.028319529
0.0028310369
-0.003506415
0.0028075229
-0.02112217
0.018833073
0.016187635
-0.012539185
-0.019591931
0.0020281023
-0.030604085
0.030895954
-0.0002918687
-0.016833848
-0.0064131258
0.0061955412
-0.0064630137
0.010560597
-0.004097583
0.018235201
-0.022967788
-0.030866012
0.030702737
0.00016327444
0.0094657638
0.032207117
-0.041672881
0.0049415946
-0.023445221
0.018503626
-0.019288004
0.021762933
-0.019464895
-0.0056455851
0.010330784
0.0230996
-0.0038120423
-0.0027583471
0.020160287
-0.01740194
0.02354228
-0.0023154323
0.021927818
0.018592638
0.010698371
0.0038112036
-0.003175576
-0.016237479
-0.02029348
0.016026799
0.0021323923
-0.00067902796
0.033742816
0.028197446
0.0027531577
-0.022469645
0.019716488
0.0190791
-0.021979028
-0.0024565791
0.02222033
0.023833991
0.0063802107
0.015728081
-0.0076742548
-0.00068635828
0.033623916
-0.02153956
0.036752081
-0.0049741816
-0.0067759427
0.029280942
-0.022504999
-0.018538606
0.022433173
-0.0038945662
0.028068839
-0.032272824
-0.021170896
0.018920815
0.0022500802
0.0046934911
-0.023502075
0.018808584
-0.041560143
-0.0045336827
-0.018909246
0.023442929
-0.022120132
0.018695208
0.0034249234
-0.0023581126
0.021360293
0.0032329567
0.016974405
-0.020207362
0.031411353
-0.0045800085
-0.019507741
0.016681728
-0.021438935
0.023588014
-0.0046368615
-0.018951152
0.024176075
0.038766036
-0.033376916
-0.0053891204
0.022957125
0.01462817
0.011256289
0.0026222578
0.022274531
-0.002639332
-0.0194808
0.0025289403
-0.022131763
-0.035740262
0.034526415
0.022897091
0.035398536
-0.03321377
-0.0021847657
4.1283811e-05
0.030765227
-0.030806511
0.0023477602
0.019580057
2.6982912e-05
-0.03102934
0.031002357
-0.041704057
0.031518017
0.024394764
-0.029562227
0.031172324
-0.001610097
-0.032556605
0.034414741
-0.0018581357
-0.023129746
0.0039813533
0.019148393
0.018921001
0.0027174042
-0.0014215184
0.022507763
0.029453797
0.00058809347
0.018542647
-0.021273607
-0.0027260001
0.035184463
-0.032458463
0.022960603
-0.018827642
0.013588083
0.029551519
-0.017031615
0.032902928
8.1180929e-05
-0.032984108
-0.032406031
0.030414227
-0.029414248
0.0066149834
0.023292846
-0.018734688
-0.0046561968
0.023589788
-0.026527797
0.032376155
-0.0058483579
0.023299852
-0.0039399136
0.014497273
-0.0068902313
-0.0076070417
0.0057793979
-0.021940879
0.029066065
-0.033013437
0.019124177
-0.021616014
0.0024918378
0.016840044
-0.02162568
0.033019544
0.00029279756
-0.031694122
0.032087971
-0.00039384868
-0.0045657652
-0.014039905
-0.031582712
0.045622618
-0.033739396
0.037767831
-0.0040284349
0.019159444
-0.021492399
-0.031336726
0.030312154
0.0010245723
0.00013079744
0.031798521
-0.00095106367
0.035752469
-0.034801405
-0.027113512
0.027070033
-0.0019398163
0.030961865
-0.029022048
0.02322692
-0.0053824685
0.025036622
0.022673956
-0.017956139
-0.018826806
0.016783906
-0.0027877984
-0.0079709586
-0.036214254
0.037423686
-0.0012094328
0.029705299
-0.029347191
-0.030344382
0.031346356
0.00083287283
-0.032608252
0.031775379
0.016046403
-0.024707859
0.031396645
-0.0022104953
0.0086428916
-0.0066470434
0.027287335
-0.020640291
0.032933512
-0.027707993
-0.0052255189
-0.023108419
0.0053312268
-0.012289792
-0.0028880197
-0.0022998297
0.020020942
0.0033645413
-0.018660342
0.015295801
-0.023329204
-0.0060513173
-0.021107988
0.01849541
-0.021462141
0.003388091
0.01807405
0.021814695
0.016407924
0.026363281
-0.022791108
0.0046471043
0.023008157
-0.0046937896
-0.018314368
-0.0029276607
0.031589003
0.0063186851
-0.026815873
0.020497188
-0.021710739
0.016765736
0.0049450033
-0.004198854
-0.038078334
0.0067220481
0.031356285
-0.0047025523
-0.017766243
0.022468796
0.028797513
-0.00036679899
0.031997408
-0.031630609
-0.030372458
0.031205331
0.019248436
0.002577491
0.042177916
-0.028589834
-0.038750181
0.0052821417
-0.023026544
-0.019685133
-0.0024847629
0.022169896
0.019857916
0.0044084818
0.0046743616
-0.028938865
0.030581641
0.0024419178
-0.031220883
-0.027919971
0.029274776
-0.001354805
0.037648092
-0.038599155
0.0015275907
0.025782863
0.028791099
-0.033105978
0.032996899
-0.0027015158
-0.019780963
0.022482479
-0.023163542
0.0048507972
0.028867201
-0.028957095
0.013757917
0.018282678
-0.032040594
-0.031247009
0.028706177
0.023625308
-9.3390762e-05
-0.031837515
0.031930905
-0.018230286
0.020608526
-0.0034624785
0.029585432
-0.01173607
0.040979677
0.023041374
-0.029867487
0.025813785
-0.003015707
0.0022364532
0.019672338
-0.021908791
-0.021976853
0.017631102
0.00065759743
0.0198695
0.0046905434
-0.010748002
0.0060574586
0.0041987064
0.01986579
-0.024064496
0.027965821
-0.031479494
0.0041747243
0.0023277548
0.0024515561
0.019687897
0.02888499
0.0019735798
-0.030858569
-0.031303554
0.03196059
-0.00065703603
-0.005913418
0.013414323
0.0056515234
0.016937405
-0.018819377
-0.0022161665
0.021035544
0.019178349
-0.02181189
-0.0010866874
-0.00427915
-0.017125356
0.021404506
-0.034539872
0.038504316
-0.0039644444
0.0022913041
-0.019220834
-0.025492649
0.031994498
-0.0065018489
0.019406003
-0.022908338
0.003502335
-0.031216983
0.033227713
-0.0067839614
0.031317886
-0.024533925
0.0058632279
-0.02543319
0.019569962
0.0023601789
0.017253908
0.0017468396
0.01849724
-0.020244079
0.002513778
0.025697191
0.022525686
-0.0044013593
-0.0027402498
-0.017593246
-0.018228181
-0.0053579548
-0.023442653
-0.0067302019
-0.01944121
0.02108507
0.033732794
-0.0041226425
-0.018006815
0.022129457
-0.0026040264
0.031202265
-0.00050922961
-0.030693036
-0.00062184091
0.029811994
-0.029190153
0.018176746
-0.02284432
0.00078293768
-0.033957952
0.033175015
0.022250274
-0.017597497
0.0070800472
-0.036407987
0.0053679234
-0.019676296
0.0046609405
-0.022961261
0.018300321
-0.021985137
0.019543648
-0.025475936
-0.0063199337
0.033235143
-0.03315535
0.010151906
-0.030699688
-0.0033483831
0.016378932
-0.0022075528
-0.0058474796
-0.00427571
-0.017726355
0.0023390386
-0.021864899
-0.01429769
0.0064111017
0.0078865884
0.020011641
0.0050342774
-0.025045918
0.023591037
0.006297242
-0.029888279
0.024063928
0.015667668
0.010407077
0.028040293
-0.0066314015
0.0044502732
-0.022085988
-0.029532795
0.030895685
0.019647786
-0.022219164
0.0082236853
-0.019717934
-0.0032918795
0.023009814
0.022699963
-0.0047277718
-0.017448652
-0.0046096302
-0.021179277
0.0026595633
-0.0037177011
0.032783766
0.0028138362
-0.015219596
-0.031127416
0.0030807031
0.028046713
-0.0073649186
0.005473749
0.020712609
-0.013042416
0.0025503067
0.0026730456
0.011957842
-0.014630888
-0.0060587801
-0.021468848
0.0019933928
-0.031074245
-0.029052
0.030936546
-0.001884546
0.0088931192
-0.039147089
-0.006809084
0.029850458
0.031305301
0.0020371139
0.02182632
-0.019252844
-0.0025734767
-0.0046069423
0.022356921
0.032673374
-0.026554324
-0.018615339
-0.0045948603
0.018842125
0.021762647
-0.0024786324
-0.022699404
0.0047406568
0.017958747
-0.028686101
-0.0022851169
0.030971218
-0.00089632248
0.031427609
-0.030531287
-0.0079778692
-0.017936768
0.021508562
-0.003571794
0.008415263
-0.014609357
0.019390928
0.023035774
-0.0298684
0.0050766392
0.01941573
-0.024492369
0.00082017413
-0.031132168
0.030311994
-0.001884943
0.034937047
-0.031264258
0.032112856
0.010689823
-0.0048952795
0.0026484856
-0.021902968
-0.017918769
0.023356903
-0.0054381334
-0.021686082
0.019326496
0.035132471
-0.033239337
-0.0047468988
-0.018072785
0.022819684
-0.015990778
-0.0029742345
0.018175738
-0.015201504
0.028282067
-0.018874824
0.016187084
-0.01852127
0.0023341864
0.019618904
0.0040264201
-0.023165131
0.015368609
-0.018449563
0.01592805
-0.020783929
-0.028878051
0.030957478
-0.022836181
0.018248925
-0.034358353
0.033328762
0.0066858316
-0.021913844
0.0023585828
0.019555261
-0.017666327
0.022318873
0.031795699
-0.032991926
0.02206771
0.024228086
-0.0185705
-0.0056575862
-0.0055679537
-0.02107042
-0.014509246
-0.019895496
-0.022370492
0.0026858684
0.03295562
-0.032802737
-0.034301363
0.0011334066
0.022290873
-0.019710835
0.0063964073
-0.028180195
0.021783788
0.0059414791
-0.02245393
0.0046946445
0.017951625
-0.014723772
-0.0032278538
-0.02886561
0.032971293
-0.0026869732
-0.019754525
-0.032824833
0.034423702
0.029302254
-0.038917961
0.009345033
-0.024994545
0.0018000863
-0.020078277
0.01827819
0.028708784
-0.01641529
-0.0042705453
0.028135166
-0.030490431
0.0023552652
-0.005969356
0.027700384
0.018998456
0.0046387271
0.011966721
-0.0019634433
-0.029061132
-0.0092083822
0.024628393
-0.0027689772
0.021863536
-0.019094559
0.017416557
0.0020882356
-0.019504793
-0.031303019
0.0031767245
-0.0025742883
0.022246911
-0.019672623
-0.022568585
0.019807997
0.0027605883
0.031751917
-0.032118716
0.028568544
-0.03117257
0.0009098146
-0.0095540969
0.030348883
-0.03525527
0.0049063868
0.0024909153
-0.02195581
-0.0054284308
-0.0061626616
-0.014756278
0.017564058
-0.0028077794
-0.0050742079
0.024608492
-0.029992364
0.029244446
0.00074791797
-0.028188997
-0.0030534208
0.031242417
-0.029011497
-0.001868943
0.02024465
0.021573868
-0.0038253566
-0.031846593
-0.00088514369
-0.002464664
0.020809212
-0.018344548
0.021882143
-0.028529187
-0.018264102
0.020118174
-0.017788724
0.022048757
0.019005418
-0.021543393
-0.0002975043
-0.031020371
-0.019653598
0.024103871
-0.00067858997
0.03048973
0.013819945
0.019996796
-0.032567063
0.0010413274
0.031525735
-0.029503077
0.022849774
0.006653303
-0.002598715
-0.017990333
-0.045385325
0.031510931
-0.00053183163
0.023046757
-0.023527138
0.0046368132
0.018890324
-0.002761364
-0.019453395
-0.00633424
-0.031619086
0.018356568
-0.021199119
0.0041637581
0.022066963
-0.026230721
0.0015644091
0.036125235
0.028007935
-0.039510106
0.011502171
0.0094032893
-0.012639254
0.00031755112
0.012321702
0.019122322
0.0028806616
-0.028481062
0.001747159
-0.042388458
0.030652388
0.029087274
-0.030945595
-0.03107267
0.024199623
0.027863855
-0.021132925
0.018371807
0.0047091746
-0.023080982
0.022173854
-0.018230006
-0.0026752051
-0.023191305
0.0039954647
0.029007198
-0.0059413959
-0.017469192
0.023410588
0.028671551
-0.039343811
-0.0017316612
0.030511577
-0.028779916
0.02148658
-0.002178692
0.0046602221
-0.00082270687
0.031248534
0.022037981
-0.019377928
-0.022354781
0.0026735955
0.01858255
0.0027771087
-0.023507851
0.018816986
0.013506555
-0.011365919
-0.027718175
0.00038059246
-0.032723235
-0.019347358
0.023093703
-0.0037463454
-0.02752928
0.027497573
-0.015569941
-0.018887151
0.022116647
-0.019587706
0.00015177522
-0.030576135
0.0064774226
0.022388768
-0.028449111
0.031550675
-0.0031015639
0.030033718
-0.031065401
0.0010316831
-0.00052131156
-0.011096677
0.032284042
-0.033578012
-0.0039850151
0.01748584
-0.024393623
-0.023437605
0.0045120629
0.018925542
-0.012934818
0.016597803
0.019540814
0.0024946457
-0.02203546
0.0068256737
0.022985593
-0.029811267
-0.036165228
-0.0015761837
0.037741412
0.030441148
-0.00040743008
-0.0068018682
0.037290667
-0.035112957
-0.00217771
0.023140592
-0.019452127
-0.013011746
-0.0070570773
0.020068823
0.029924938
0.0043117249
-0.034236663
-0.01962843
-0.0050241207
0.031023485
0.0029010104
-0.020709071
0.017808061
0.002403049
-0.022034031
0.0046168735
-0.023607973
0.0189911
-0.011627389
0.0027244641
-0.02095447
0.022245794
-0.021444812
0.0020275596
-0.032568104
-0.00119593
0.019359333
0.0026149215
0.019746979
0.0021014012
-0.031198653
0.029097252
0.0093636633
-0.025767418
-0.0066576323
-0.023332331
0.029445693
-0.031409136
0.026474324
-0.020940704
0.019313513
-0.022074877
-0.018645131
0.023264197
-0.0046190656
0.022343714
-0.019728793
0.0023731359
-0.023635372
-0.033107559
0.00035303323
0.03149054
-0.03101829
-0.00047225053
0.0034050889
-0.00028306608
-0.03143514
-0.0025568694
0.022174847
-0.019617978
-0.019323037
-0.0024463561
0.021769393
-0.030800358
-0.0115881
0.022106687
-0.0034114792
-0.021651481
-0.0083646269
-0.023112621
0.018362349
-0.003868575
-0.019426198
0.018645195
0.0025648417
0.033252179
-0.038706798
0.0054546187
0.0025005959
-0.020632051
0.018131455
-0.021952022
0.0031135574
0.013944103
-0.031017978
0.028369438
0.021562672
-0.02743992
0.005877248
0.01943077
0.0037098218
0.034725896
-0.038436805
0.0099730642
0.023441838
-0.03009947
-0.019480348
0.022967294
-0.035752937
0.037317346
0.013471406
-0.02266583
0.0053717997
-0.033008692
0.019644077
0.0039877275
-0.023299545
0.0033200869
0.020424657
0.014689253
-0.018035563
0.028631818
-0.031107888
0.0024760696
-0.0055802072
0.022332162
-0.035127104
0.031774222
0.0033528817
0.023310011
0.018114807
0.0045470495
-0.022661857
-0.021352336
0.017486606
-0.0049715704
0.025163041
-0.0047396189
-0.018373002
-0.0026982294
-0.018672455
-0.0046352001
-0.028989655
0.027039257
0.0097768991
-0.0007752244
-0.028454158
0.03477292
-0.0063187622
-0.0043654091
-0.017096237
0.021461646
0.0025429454
-0.031251414
-0.0026687096
0.022417989
-0.0046439875
-0.018807092
0.017520724
0.0025002177
-0.034029291
0.03324393
0.0011211505
0.032166304
-0.033287454
-0.0063902013
0.021917648
-0.015527447
-0.03044303
0.0019888716
-0.019916737
0.017931617
0.0019851195
0.018642331
0.016444126
-0.017769951
-0.0046839788
-0.034541573
0.035117554
-0.00057598047
-0.004952568
-0.018449272
0.02340184
0.00014295357
0.033203976
-0.033346929
0.028658387
0.0022381538
-0.030998206
0.028760052
0.028061207
-0.028074036
0.015428694
-0.024978093
0.0095493982
-0.0047363127
-0.018275233
0.023011546
-0.018913361
-0.00023628076
0.032939701
-0.03270342
0.021898507
-0.014012021
0.023087914
0.006379393
-0.029467307
0.023178616
-0.019152196
0.022771614
-0.0031117337
-0.019659881
-0.0014962036
-0.038099934
-0.0010070712
-0.02147104
0.022801389
-0.0013303489
-0.0025873036
-0.019918013
0.022505317
-0.0061335263
0.034172333
0.0105032
0.010553966
-0.0058634221
-0.039078876
0.024926599
0.014152277
0.0023877222
0.019607769
0.020738071
-0.018237475
-0.023089862
-0.0055086176
-0.019474106
-0.023096178
0.018973536
0.0008010922
0.032540372
-0.033341464
-0.0028016767
0.022609323
0.027330519
0.033583162
0.0023971968
0.019646497
0.0023195302
0.028402686
-0.030722216
-0.022113773
0.018541941
0.0035718316
0.03523355
-0.032790286
0.021984809
-0.0042089778
-0.0024557681
-0.0046230211
-0.018904116
-0.022544302
0.019666687
0.024862438
-0.032848549
0.0079861105
-0.021458295
0.032691208
0.0053705797
0.020979327
-0.026349906
0.0069052729
0.0050614478
0.0023496866
0.00084629618
-0.030941809
0.030095513
0.02539936
-0.031229638
-0.019551199
0.022055971
-0.0017484579
-0.03306165
-0.031845948
0.0016658693
-0.0025865135
-0.018592763
0.0046941138
-0.010122545
-0.0030085035
0.014264792
0.003784013
-0.021936987
0.00042397679
-0.027321543
0.02142639
0.028259192
-0.028529186
0.00026999335
0.018377057
0.0034492634
-0.016989715
0.0033070544
0.0063232054
0.0015603038
-0.017287679
-0.0060058279
0.023293506
-0.018429567
-0.022122741
0.019578976
0.022970978
-0.025258012
-0.0051412307
0.018228689
-0.012729791
0.015543627
-0.036975257
0.0060426641
0.0073589088
0.031071798
-0.019582604
-0.0023312393
0.006701723
0.018193558
-0.022481956
0.0042883985
-0.019024798
-0.031033003
0.03013668
-0.022263494
0.018267671
0.028823458
0.0022336511
-0.0040039315
0.028691874
0.0022570556
0.0040192814
0.0061076771
0.026268478
-0.02871728
-0.019330784
-0.0024075653
0.021738349
0.0033569253
-0.005021516
0.027156927
0.0064054799
-0.028492322
0.022086842
-0.024671345
0.017609405
0.0042931927
-0.021902598
-0.022525621
0.019804701
0.0027209197
-0.0043274986
0.019479163
-0.034184197
0.02695332
0.0072308759
-0.015112013
-0.023966863
-0.031588027
-0.031893323
0.032455243
-0.00056192072
-0.022188354
0.019589138
0.002599216
-0.021727522
0.019359732
0.0023677891
-0.030946765
0.022880278
0.0062097519
-0.029090029
-0.033453372
-0.0075796806
-0.0059268704
-0.0023088737
-0.016194976
0.018503849
0.0066001033
0.025049948
-0.0050383072
0.00019994943
-0.033208641
0.0068046073
0.023047954
-0.029852562
0.019196148
0.0038560393
0.00083079827
-0.031725264
0.030894466
0.022460622
-0.0054263802
-0.0046137268
0.022941899
-0.0021946624
0.020421895
-0.025202413
0.0040795465
0.02331024
-0.026185808
0.020021877
0.0061639308
0.019591508
-0.023117545
-0.03028201
0.023611278
0.0066707328
-0.030908943
0.027695367
0.0024037306
-0.021643041
0.019287678
0.0022482136
-0.022326968
0.017652933
-0.028584471
0.023487353
0.0055487449
0.019891463
-0.025440207
0.012561164
0.0054427131
-0.01900857
0.022621905
0.018554162
-0.02319815
-0.020947724
-0.023317654
0.0046725221
-0.0091614596
0.023211981
-0.023312383
0.019237187
0.0040751966
0.035262353
-0.034828471
-0.00043388214
0.030064586
-0.031062178
0.00099759232
-0.019533802
0.032534373
-0.032345292
-0.00018908135
0.018519202
0.0036296429
-0.022148845
0.02141933
-0.025784739
0.015485226
0.0094450588
-0.022435855
-0.023168498
0.019159139
0.0040093582
0.033554973
-0.033437586
-0.00011738641
-0.0038634272
0.023014684
-0.019151257
0.024915447
-0.015480219
-0.0094352288
-0.029325133
0.029352116
0.038542822
-0.031662203
-0.0068806192
0.031714167
-0.032223396
0.0046361714
0.017756522
0.0031333043
-0.022575423
0.019442119
-0.023310228
-0.031272902
0.025266373
0.0060065295
-0.033023506
0.035702386
-0.0026788804
-0.0049215091
-0.0029288019
0.030832088
-0.00022691328
0.032366647
-0.032139734
0.03092167
-0.030075373
0.01702247
0.0029066897
-0.033951944
0.030956192
0.0029957527
0.031769566
-0.0010254637
-0.030744103
0.023007978
0.023181856
0.026363981
0.006309393
0.028427293
-0.0060676024
-0.022359691
0.034144793
-0.00083612136
-0.033308672
0.024404174
-0.031269688
0.02275973
-0.013025495
-0.016948348
0.019239652
-0.028417139
0.023395623
-0.0028790815
0.022569527
-0.01673052
0.019944849
-0.0032143291
0.031210579
-0.027991616
-0.0032189634
-0.024777449
-0.0024225579
-0.019562579
0.025627653
-0.021847516
0.022637136
-0.0035129597
-0.00062496508
0.042630361
-0.042005395
0.035521517
-0.0032374744
-0.00539742
0.023917047
-0.014988438
0.017977755
0.024763412
-0.038630465
0.013867054
0.018341826
-0.023070839
0.0047290137
0.0047586626
-0.023348501
0.018589838
0.031587709
-0.032334815
0.023560904
-0.0021034581
-0.0072831155
0.022267786
-0.0046173466
-0.036320908
0.0023629557
-0.000415423
0.0022932747
-0.020543363
0.025260631
-0.0047172683
-0.020245841
0.00080463033
-0.020402509
0.024647602
-0.0042450935
0.027475532
-0.027931526
0.036959217
-0.0044248435
-0.028174929
0.030886199
0.032721829
-0.033131591
-0.031353446
0.031484243
0.035303637
0.028138545
-0.031601023
-0.018912545
-0.02779232
0.021668652
0.0061236687
-0.0058734682
0.018339017
0.030220666
-0.035519656
0.0052989898
-0.0015759573
-0.030830073
0.0025913242
0.019432319
0.014755588
0.033259649
-0.028206958
0.0065098449
0.021697114
0.0024140035
-0.016559152
-0.019883974
-0.021806672
0.015555267
0.0094813553
0.0033923865
0.019867306
-0.023259692
0.031081552
-0.028327991
-0.0027535607
0.0034984797
0.027880272
-0.031378752
0.00073419244
-0.030216562
0.025172342
0.024866753
0.0059811553
-0.030847909
0.023383277
0.023952756
-0.014589093
-0.032143002
0.0066503527
0.022366917
-0.01745388
-0.0049130373
-0.00088755322
0.031353757
0.0055181438
0.0062689911
-0.025444709
-0.022157291
0.019296676
0.023337157
-0.0182237
0.022413266
0.005057543
-0.029346876
0.024289333
0.0068490615
0.024468825
-0.015453115
0.024521557
-0.0090684415
0.022733678
-0.0046509386
-0.01808274
0.012470719
0.019700478
0.0025903947
0.022441892
-0.0030358892
0.0029886773
-0.02084343
0.018627264
0.0046876374
0.032064444
-0.0021569924
0.038263974
0.033192378
-0.033474731
0.01781974
0.0038830409
-0.019631825
0.023921773
0.0065433456
0.0034850149
0.017751097
0.0063254707
0.021742333
-0.0023041069
-0.0025186681
-0.0073244851
0.0098431533
-0.019180523
-0.0039879744
-0.03164456
0.02624714
0.02980796
-0.023608585
-0.0061993756
0.018766531
0.004696343
-0.023462874
0.031726965
-0.031299825
-0.022784528
-0.0063300806
0.029114608
0.019260865
0.0040544615
0.015753425
-0.021694821
-0.002268454
-0.0061611924
0.02975223
-0.017836257
0.022839524
-0.0050032672
0.002456219
0.0330098
-0.035466019
-0.0040270879
-0.031516313
0.028449838
0.0030664754
-0.01722953
0.019589709
0.00078307638
-0.034111158
0.035679275
-0.033953886
-0.007490654
-0.0037637548
0.018274695
0.0030726766
-0.017826543
-0.023257347
0.019058493
-0.0031500634
0.022936905
-0.019786842
-0.019306185
0.022916949
-0.02219501
-0.024818462
0.030414036
-0.030124426
2.648937e-05
0.031727303
-0.031215035
-0.00051226877
0.018552282
-0.019662445
0.016486869
-0.016835143
0.020804642
-0.0039694993
0.0015521077
-0.023041162
0.019136551
0.0090803322
-0.023693039
0.029277467
-0.0012086277
-0.0329188
0.028402338
-0.028642062
0.00023972432
0.0064793559
-0.035090534
-0.031206009
0.030025615
0.0011803944
-0.018566419
-0.0048476302
-0.017316117
-0.015628735
0.021280259
-0.0033092156
-0.01812501
-0.0027536144
-0.026343737
0.039739135
-0.0052416191
-0.018317789
0.024136826
-0.018609538
0.033234603
-0.033913631
0.00040124849
-0.030525675
-0.022723342
0.0038936472
0.018829695
-0.019603399
0.022146097
-0.0025426976
-0.024416396
0.019314568
0.0051018276
-0.018524636
0.021222144
-0.016612542
-0.0046096027
-0.0062745649
0.032638546
-0.0014985574
0.019716548
-0.0022273009
0.030928954
-0.028701653
0.022832506
-0.0036541571
-0.023675099
0.00461295
-0.023557553
-0.0023072498
0.033247528
0.023478619
-0.004712088
-0.018992615
-0.023378863
0.0068087245
-0.0063775589
0.027947496
0.011759899
-0.039707396
0.031445049
-0.025721892
-0.0057231571
0.019353366
-0.021842849
-0.028021721
0.036483622
-0.0084619014
-0.0040744714
0.035721713
-0.031647241
-0.030533283
-0.0024902229
-0.005958139
0.030635841
-0.024677702
0.0020727048
-0.032622439
-0.029018216
-0.00097414808
-0.036060435
0.037065519
-0.0010050836
-0.019037227
0.018909133
-0.02282494
0.0039158067
0.018093685
-0.035027684
0.0040890994
0.030938585
0.0059024978
-0.0031163205
0.031254865
0.018257411
-0.021941615
0.0036842043
-0.002218299
-0.017675487
0.019893786
-0.017939544
-0.034239257
0.035360408
-0.014291497
0.010215934
-0.019269132
0.01559286
0.0057819658
0.021688899
-0.018949857
0.023113616
0.022860465
-0.018114549
-0.0047459159
-0.0012647649
-0.025281422
0.019057797
0.0062236253
-0.023087435
0.0037400774
0.0049953369
0.030943545
-0.035938882
0.0054036198
-0.023148277
0.0025159951
0.0016404378
0.030728936
-0.032369374
-0.021652694
-0.025574035
0.020114788
0.0054592473
-0.029759709
0.026924493
-0.0047406895
0.022943171
-0.019786526
-0.0027406424
0.022527168
0.01133279
0.028125372
0.033645825
-0.028650488
0.0037966254
0.01970105
-0.028619996
-0.0032190828
0.032486712
-0.00065716672
-0.031829545
-0.028532314
-0.0037971556
0.022906075
-0.0039969413
0.018120213
0.0026178577
-0.0012383607
-0.028227519
0.029465879
-0.030899976
0.028672675
0.0052532931
0.00622257
-0.011475863
-0.0034933559
-0.027928896
0.031422252
0.021753983
-0.0042032421
0.023736031
0.032098979
-0.032376752
0.00027777274
0.017645025
-0.020385275
0.02837671
0.0025851549
-0.019861222
0.02245041
0.031910126
-0.00011160532
0.023505013
0.0044833065
0.014399047
-0.032549486
0.040617361
0.0061985673
0.020220643
-0.026419211
-0.0021043299
0.0036669206
0.033753171
-0.04008741
-0.018483135
0.016629994
0.0018531411
0.0044976749
-0.024648312
0.020150637
0.028906621
-0.030895966
-0.040260782
0.033386045
0.033004054
-0.033140606
0.032956896
0.00018371044
0.0057453951
-0.027217423
0.024732072
0.0012011235
-0.032180494
0.03097937
0.027357784
-0.0065243878
0.004704783
0.017797671
0.032507169
-0.032922592
0.018782961
0.0039978872
0.018197092
-0.023438711
-0.022546994
-0.022184346
0.042587487
-0.02040314
0.028831988
-0.0062246176
-0.02260737
0.0038964971
0.031509596
-0.035406093
0.032970404
-0.0012013039
0.029978809
-0.023831635
-0.020698832
-0.0051510325
0.039143228
-0.019111793
-0.0040179537
0.035667948
0.0020800801
-0.037748028
0.0049374706
-0.024655405
0.032297518
-0.031741118
-0.00055640001
-0.004980062
-0.018792881
0.0061706051
-0.002736363
0.022431038
0.021032096
-0.022425729
0.0013936331
0.006469508
0.022660523
-0.02893823
0.0062777065
0.0036547638
0.016424926
-0.030376772
0.038332034
-0.0079552624
-0.0012624169
0.018719394
0.031728817
0.00056870122
0.0082752074
0.023986621
0.021753448
-0.018620143
-0.02169277
0.021963565
-0.019438951
-0.0025246146
0.02828191
-0.001144599
0.028875499
-0.0277309
-0.0028299016
0.017794581
0.0054323382
0.0038483385
-0.035837323
0.031988985
-0.019209951
-0.0054282025
0.02357593
-0.018147728
-0.0357941
0.032515067
-0.0044913742
0.023161858
-0.0046763004
-0.0034863883
0.0094613892
0.015482695
0.0017684444
0.029209047
-0.032762479
0.027894051
0.0048684279
-0.022952538
0.029142462
-0.0061899237
0.027474353
0.0038561378
-0.03133049
-0.032287046
0.031608456
-0.023477616
0.014574911
0.0089027055
-0.027143752
0.031616758
0.030953269
-0.0040267117
-0.019410893
-0.019125124
-0.0052983153
0.026062294
-0.008831728
-0.015562499
0.027917997
0.0065208334
-0.028950452
-0.022503612
-0.019546243
0.023649147
0.0068786871
-0.032891665
0.029391952
0.020996633
-0.018272169
0.03095861
-0.030733384
0.0001263019
0.031783824
-0.0046293133
-0.019045786
-0.0028026514
-0.018469518
0.021272169
-0.031385074
0.0034561778
0.025772281
-0.01944681
-0.018970683
0.024839431
-0.0058687484
-0.030923451
0.031754249
0.0050450045
0.020253728
-0.028609478
0.0078143079
-0.022376209
0.0028107506
0.032603613
-0.043371464
0.012825285
-0.030397369
0.02925277
-0.0036923325
-0.019489402
0.023181735
-0.031638566
0.00011937978
0.031519186
0.02489805
-0.030933788
0.0060357373
-0.0010078254
0.03354227
-0.032534444
0.0020909169
0.028932568
0.033032199
-0.00031036983
-0.01583399
0.02461125
0.019297603
-0.022980291
-0.019657733
0.021961335
-0.022908227
0.00094689119
-0.031107126
0.030400087
0.00070703934
7.5544019e-05
-0.00541239
0.023517279
-0.018104889
0.02284646
-0.018105803
-0.0010047319
-0.029999956
-0.033059425
-0.036890065
0.032254865
0.036727835
0.01549135
0.0094240975
-0.019595381
0.005209815
-0.0027040975
0.022387504
0.0051883172
0.018168586
-0.0037024951
-0.027943334
-0.022190766
0.019633897
0.018389008
-0.023354009
-0.020071925
-7.1999832e-05
0.020143924
-0.0043551057
-0.017296376
-0.033735373
0.032534069
0.031070141
0.016947304
-0.023041454
0.0060941499
-0.04616963
0.019825893
0.031316288
0.00068112023
0.0054697369
-0.031627475
-1.1090782e-05
-0.030609712
-7.8931946e-05
-0.00079970617
0.020682319
0.0018988266
-0.038717459
0.00095928121
-0.033380491
0.0061126021
0.023864756
0.037566775
-0.0039849954
-0.0050746282
0.032861891
-0.00376776
0.029726697
-0.025958937
0.0054659232
-0.026646646
0.021180723
-0.020499648
0.025544652
0.0047200827
-0.023317741
0.018597659
-0.031067025
0.037156087
-0.00040367398
-0.032727917
-0.02099708
0.028339049
-0.007341969
-0.021914938
-0.032250945
0.0051549558
0.027095989
0.022285908
0.0061413849
0.017692303
-0.019910602
0.032539873
-0.033441869
0.028160292
0.0045538443
0.023623926
0.0061840344
-0.0058988418
0.030049099
-0.0056321336
-0.024416965
-0.021246171
0.00441847
0.011717117
0.031391801
-0.035231999
0.003840198
0.03359423
-0.0011075182
0.019471577
-0.023139933
0.03778484
0.0023933552
-0.030415076
0.00089772265
-0.032246496
0.031348774
0.0063913194
0.020966465
-0.0057700141
-0.021202847
-0.026636581
0.021068627
0.032653364
0.029276542
-0.02533714
0.031951859
-0.0066147185
-0.032540027
-0.00060384214
0.033143869
-0.037095155
0.00027141073
0.036823744
0.0011558633
-0.032235621
0.031079758
-0.029784228
0.030604402
-0.029855314
0.038748433
-0.0063678986
0.0034846572
0.025132675
-0.020468397
-0.0046642777
0.038343054
-0.032822982
0.0043357019
0.018601203
0.0047091593
0.017541115
-0.010937501
0.022520884
0.0063111035
0.0047136336
-0.022693645
-0.02250507
0.0068792588
-0.030513502
-0.0044134751
0.024271391
0.032713658
0.0027147579
-0.022445197
-0.020722018
0.018257353
-0.019305198
0.023314939
-0.03155269
0.031305902
-0.016119908
0.0086409496
-0.0099495204
0.025600344
0.018083737
0.0053733221
-0.020998014
0.026546759
0.031061612
0.022661461
-0.019808563
-0.002190083
0.029850518
-0.0068649254
-0.030596487
-0.00053568055
0.020505014
-0.0038427288
-0.02686869
0.031523938
0.0036653729
0.018494645
-0.0027404675
0.021323018
0.0019965347
-0.030972495
-0.022053413
0.0063105859
0.023871854
-0.03018244
0.028285646
0.0176356
-0.014193026
-0.023324296
0.017552572
-0.023363152
-0.022646641
0.018326412
0.0043202292
-0.0035615146
0.031527336
0.034386801
-0.033214776
0.0010188786
0.032195897
-0.0025429802
-0.031217324
-8.6230674e-05
0.018375479
0.032064347
3.4632258e-05
0.0099901467
0.028595403
-0.03858555
-0.002327845
0.019766235
-0.01743839
-0.027714543
0.0063198711
0.021394672
-0.024987139
0.015037618
0.033413225
-6.5537212e-05
-0.033347688
-0.031370721
0.031648823
-0.033611292
0.03219694
0.001414352
0.032728447
-0.00093274779
-0.012087008
0.040382203
-0.021678779
0.027460745
0.028157159
0.023279381
-0.029602236
0.0063228548
0.015008039
0.0089447169
0.031184094
-0.031674023
0.0004899291
-0.031049022
0.030547549
-0.0024123836
-0.033926535
0.030158775
-0.031363957
-0.00088253961
-0.0045217622
0.022691387
-0.018169625
0.023487357
0.002198606
-0.03123153
0.029032924
-0.019036187
-0.028617329
0.021956011
-0.028013975
-0.0036213366
0.031635312
0.031297613
0.00076673424
-0.015388338
-0.0034384679
-0.038877016
0.028970664
0.0099063516
-0.03204671
-0.0018798253
0.032899196
-0.032889434
-0.032020828
0.030235033
0.0017857946
0.0061977699
-0.037696
-0.039258862
0.021942746
0.024240212
-0.018722068
0.032643014
0.031147796
-0.03056736
0.038214672
-0.031295279
-0.011670664
-0.0036861918
0.031160544
-0.0010100776
0.03424522
0.032338052
-0.023196943
0.019125324
-0.031629676
0.0044859243
-0.0013535814
-0.032854458
-0.031197336
-0.0010382851
0.034142535
0.0046946327
-0.031597391
-0.0051443137
-0.015872565
0.023652568
-0.016045322
-0.0029367827
0.018982105
0.023479304
0.027585637
-0.021723166
-0.0062623968
0.029733246
-0.033242152
-0.029955686
0.023674322
-0.0061466978
0.037806814
-0.011671048
-0.026135766
0.0026301002
0.018288441
-0.020918542
0.018809338
-0.022551705
-0.0030855185
0.022383121
-0.0023365934
-0.03139105
-0.007310841
0.028331695
0.0073706918
-0.013317176
0.030447455
0.0026753562
0.0043882928
-0.021844664
0.029233326
-0.00226528
0.031193403
0.018344017
0.019806679
-0.022547322
-0.034424741
0.0023780306
0.0047516273
0.018106589
-0.0034326607
-0.0039009866
0.0073336473
-0.0016841166
0.031564785
-0.029880668
-0.0023146749
-0.00539112
0.023185701
-0.0043586474
-0.018123309
0.031616557
-0.033853474
0.0022369176
0.018323202
0.004453892
0.028671971
-0.030804657
0.0021326858
-0.022923043
-0.0066619136
-0.017921349
0.022395621
-0.0044742716
0.030959338
-0.0060042761
0.017749273
-0.030839084
0.027152892
-0.022086655
0.0025354557
-0.015067075
0.0027520925
0.024635548
0.012526859
-0.037162407
-0.035670828
0.020078377
-0.011525197
-0.0312648
-0.020242263
0.0018294695
0.018412794
0.019479735
-0.023093283
0.01835697
-0.00099010113
0.033471592
-0.032481491
-0.0033908877
0.031427738
0.0037426243
0.017376264
0.0049375902
-0.0068748197
-0.022936447
-0.011868295
0.034459806
-0.022591511
-0.0022071064
0.027613482
-0.031315977
-0.036588407
0.024962948
0.0061460026
0.022394436
-0.032345165
-0.0035500437
-0.032244056
0.023259224
-0.0036677163
-0.029506103
0.02387397
-0.0058123946
-0.016167515
0.021979909
0.037992169
-0.03063326
0.0046353913
0.018989027
-0.021884482
0.025442773
-0.02712689
-0.0020027584
-0.032790345
-0.021693676
0.004269331
-0.020954352
0.019854868
0.0010994838
-0.025977198
0.0053369074
-0.004864237
0.0013607939
-0.030103411
0.028742617
0.032316145
0.00058305038
-0.018610604
-0.0047300359
-0.017540807
-0.019715586
0.017387741
-0.025078804
0.028577283
-0.0042333783
0.031729093
-0.027495715
0.039246269
-0.027913479
-0.028734027
0.021234717
-0.0027308754
-0.018503842
-0.024233471
0.0092450337
0.0042609599
-0.044237454
0.017873542
0.0026634042
-0.02245853
-0.0051027463
0.03089573
-0.0026100837
0.018572774
-0.021159287
0.032588382
-0.034095059
0.0015066765
0.0046165331
0.01897148
0.031332456
-0.028425021
-0.0029074353
0.0026170607
0.029956659
-0.0065148214
-0.0058802339
-0.025872473
0.031752707
-0.0015349716
0.022473711
-0.017230654
-0.0052430571
-0.032195488
0.030131486
0.0020640016
0.005161374
-0.022997631
-0.01957066
-0.0060140787
0.031143452
-0.025129373
-0.021333887
0.004498744
-0.002326349
-0.018252916
0.022799965
-0.02757139
0.012369735
-0.020341343
0.02702922
-0.031262598
-0.030121629
0.031016127
-0.00089449858
-0.030566884
-0.00065044015
-0.018483472
0.025216181
0.015925054
-0.029077351
-0.0063317605
-0.004882207
0.03771655
-0.027726403
0.0030863123
0.032362978
0.038901841
-0.0095995862
0.0040483326
0.019130283
0.017801097
0.0045658199
-0.022404081
0.0029403716
0.028392085
0.032638912
-0.023570537
0.018212582
0.016283765
0.023635269
0.030144577
0.0048511035
0.028538856
0.0024297267
-0.0024940043
-0.028579343
-0.020245823
0.019446117
-0.0036081229
-0.0314262
0.035034322
-0.019135823
-0.0052596636
0.019194711
-0.02353924
-0.031728863
0.02643093
0.0052979329
-0.018967274
0.033405638
-0.035743184
0.0023375453
0.0027274925
-0.031055484
-0.0062877081
0.027157358
0.021924086
-0.0026978756
-0.019706205
-0.023130173
0.03583197
-0.0011432681
0.0016518889
0.038716516
-0.030183573
-0.026232849
-0.032934403
-0.021932303
0.023021297
-0.029818858
-0.0063534583
0.018646425
0.0039907117
-0.018372331
-0.00474064
0.023044687
0.031596526
0.00013077773
0.022859935
0.0036425962
-0.030484047
-0.026946136
-0.0044326161
0.019736441
0.002657427
-0.029450411
-0.0023094491
-0.0068086157
0.03121279
-0.017909515
-0.0020236649
-0.026274534
0.020976219
-0.00013468113
-0.033454876
-0.029023615
0.031185556
-0.0021619405
-0.021362236
-0.038806047
-0.022693383
0.0032130346
0.03348205
0.0027006295
-0.022082498
0.019381869
-0.00016766631
0.033124562
-0.037035539
0.037685157
-0.0061755613
0.032604948
0.027093314
-0.0077787458
-0.038815509
0.0089601955
-0.033748229
0.038435866
0.010924725
-0.010918874
-0.032151443
0.031692222
0.027031369
0.011732775
0.039129777
-0.025658372
0.0094280499
0.015093507
-0.03127578
-0.00027690952
-0.031993381
0.00077834595
0.0093686256
-0.019343613
0.0099749878
0.026570677
-0.0047733342
-0.019845061
0.024305536
-0.033041039
-0.007219743
0.018980437
0.0054130648
-0.02270534
-0.032701699
0.032636162
0.027501445
-0.031724552
0.0042231064
-0.0028183924
0.037244554
-0.034426161
-0.033115529
0.032805159
-0.019772451
-0.017443705
0.022605079
-0.0337853
0.032543321
0.00061312805
0.036346088
0.0035732592
-0.031852464
-0.00063875284
0.024200874
-0.015559924
0.021193149
-0.027320684
0.0061275354
0.019421319
-0.0014654442
-0.0049456536
0.0046840405
-0.023114007
-0.019845796
0.0022077796
0.017638017
-0.031774898
0.017912715
0.001745286
-0.019658001
0.017352814
0.0051078079
0.020968852
0.0023208951
-0.035534666
-0.031731389
0.0048626984
-0.021618811
0.018656671
0.0029621399
0.021146839
-0.021952613
0.00080577339
-0.026600873
-0.0051279895
0.033171412
0.0023501052
-0.023563494
0.025499624
-0.00016765416
-0.031500181
0.0052855372
-0.039720296
0.034434759
0.028401149
-0.030895154
-0.0046380359
-0.020658261
-0.028979621
0.022543049
0.028620344
-0.030930332
-0.031324016
-0.021879629
0.0057121145
-0.030621131
6.9478868e-05
-0.034124398
-0.0044213519
0.02669607
-0.0052136299
-0.00030218709
-0.032813342
0.024951907
-0.009466681
0.005989132
-0.037448422
0.03648572
-0.019794489
-0.018442418
0.021927433
0.020345578
-0.024706784
0.0043612057
0.028724152
0.0022468791
-0.019342475
-0.018766909
-0.0020499801
0.023537667
-0.0053405755
-0.0072239901
0.021164091
-0.026519004
0.0055338573
-0.026214743
0.018419619
0.0024032736
0.042124001
-0.035732496
0.00080352267
-0.0016637092
-0.0066153157
0.0089211612
-0.03001215
-0.0052952076
-0.022484629
0.018125982
-0.01445439
0.0018532363
0.028694313
-0.01489063
-0.0069889991
0.030728244
-0.0023255577
0.0047039454
-0.032293481
-0.034679682
0.0022477983
0.00068819621
0.019994123
0.020180987
0.030062321
0.022390228
-0.019986497
0.019724781
-0.00060517427
0.031052629
-0.0017483727
0.0049097349
0.01798858
-0.0043580618
0.031665848
-0.030252923
-0.00044011276
0.034437983
-0.030936478
0.017045463
-0.013972787
-0.0031592161
0.019317642
-0.016158426
-0.031233155
0.035611967
-0.0043788122
-0.020242612
0.017484265
0.00011786984
0.031446915
-0.010281613
-0.023171727
0.0043534221
0.028137077
-0.033024267
0.028015896
0.004488558
-0.024166227
0.031504834
-0.028487026
-0.003017808
0.0059068571
0.033548019
0.0052180175
-0.033253976
0.034875938
-0.0030830471
-0.028219972
0.031475119
-0.027709143
0.032538695
0.018544122
-0.021235626
0.0026915045
0.022007066
-0.0025370752
-0.038395864
0.0080190919
-0.032416892
-0.00093079533
0.022986828
-0.0054289149
-8.2779035
8.182822
0.095081448
-4.5880104
-5.6393619
5.4607867
8.8973964
-7.636419
-1.2609774
8.3017777
-8.7451373
8.0068902
-8.6309727
7.8032954
-5.2210013
-5.0013425
-10.860363
-4.7668196
-4.2760335
-4.5872245
-5.5886944
-6.2780474
-3.9100053
-5.5168711
-4.6539297
-5.1418734
-5.0221124
-8.882069
-8.5341534
-0.34791561
9.1343382
-0.83256054
-7.8985034
8.5217488
-9.2410501
8.6920866
-8.08412
-8.1283218
8.4369707
7.5745384
-8.2274841
7.6109229
-0.0046086224
0.038868727
0.0025425867
0.033126546
0.0047153365
-0.026173717
0.02145838
-0.020937309
0.0043247672
-0.028686227
0.033039649
0.028295659
-0.030117718
0.0018220587
-0.028683439
0.030756143
0.032360504
-0.0010546024
0.0030557226
0.032525264
-0.027031653
0.020678195
-0.005853994
0.027755106
-0.021901112
-0.0012126261
-0.032572674
-0.033614552
0.031196365
0.0024181866
-0.018157602
-0.0018363583
0.024301639
0.024936409
0.0076842514
-0.029474509
0.0062836786
-0.031194721
0.028929441
-0.032302576
0.023950312
-0.018220315
0.032537538
0.01807766
-0.028874462
0.030965379
0.0039749226
-0.025159972
0.021185049
-0.016355764
-0.022968805
0.029654637
0.024636979
-0.018371324
-0.004129949
0.026616346
-0.0063957026
0.029069687
0.005301969
0.02467684
-0.0010215555
-0.0062548811
-0.022469092
0.028723973
0.017555798
-0.0022960518
0.034730262
-0.034816493
-0.032526615
-0.034532193
0.029937554
-0.00023225532
-0.017770724
0.022486061
0.00018611955
0.034286583
-0.034472702
-0.03130136
-0.00099212072
0.031472951
0.0054489989
0.020919088
-0.0093391628
0.037982639
-0.021451563
-0.0046364926
0.0050688
0.0061192691
-0.025977294
0.034676486
0.018126159
-0.0026168291
-0.022094478
0.0057387139
0.030879206
-0.019380291
0.00033999748
0.019712575
-0.022148865
0.023018117
0.030820445
-0.0017875206
0.0048810347
-0.028297537
0.023416502
0.015071399
-0.035120104
-0.019383139
-0.0039171341
0.002297688
0.018737856
0.0037719661
-0.037125416
0.035316199
-0.03285998
-0.024568338
0.013198172
-0.044589222
0.027192752
0.0039677923
0.032898928
-0.033201115
-0.01891454
-0.002719062
0.021841384
0.017707239
-0.014032841
0.018875566
-0.01827428
-0.004686981
-0.032931965
-0.00043727587
-0.00072657649
0.030601167
-0.0020034791
0.023429425
-0.018709342
0.032188645
-0.001108887
-0.00012924227
-0.031653787
-0.00070177981
0.02073156
-0.0019287552
0.002785137
-0.0043674475
0.032083755
-0.00039153335
0.0030674886
0.018926516
-0.0051302161
0.020808674
-0.026662668
-0.018962437
0.02896107
-0.031189787
0.021470519
0.027053153
0.024679435
-0.0043338567
0.028806526
-0.033834049
0.032621423
0.003648114
-0.023114165
0.0020864764
-0.032105186
0.017981767
0.001571558
-0.0017132936
0.0022947872
-0.031218328
-0.038530432
0.027838613
0.010691819
-0.0069836462
-0.015153139
0.028065828
0.0054063055
-0.00080159167
0.019442089
-0.0035870434
-0.018783449
0.019557503
-0.022132234
0.031083302
-0.022019426
-0.0046432419
0.019720271
0.0026234427
-0.022426648
0.0027204431
-0.011612632
0.032447383
-0.019414327
-0.00049464007
-0.012144614
-0.00073229481
-0.030340096
-0.020159843
0.01789421
0.0022656327
-0.031546569
0.00019312293
-0.019445676
-0.0036718687
-0.029562678
-0.0092528316
-0.022459424
-0.023930474
0.018386742
-0.019589335
0.021977057
-0.018813704
0.032571621
0.029770178
-0.00049271119
0.013410075
0.0043499845
-0.0047208255
0.026065978
-0.031549109
0.035075297
-0.004600456
-0.02920526
-0.02308354
-0.028557611
0.0061979207
0.00032967429
-0.032879924
-0.024339223
0.0049645792
0.026559359
-0.0031101321
-0.024367998
0.01553627
-0.026417851
0.020977402
0.0054404487
0.034114845
-0.024150497
0.0055840779
0.018432066
-0.018408106
-0.0043634878
0.0058746353
0.019901705
-0.02577634
-0.016250978
0.0024879022
-0.018900086
0.0019517377
0.02151873
0.0058117892
-0.017791495
-0.0065344649
-0.03465171
0.03673179
0.014977391
0.031634882
-0.0018647039
0.025016656
0.030159608
0.003727658
0.019366045
-0.026262707
0.010428717
0.019660679
0.002586232
-0.0093530257
-0.0062147717
-0.022006707
0.0061951273
0.0042769258
-0.0011920517
0.023626491
-0.02027856
0.025752309
-0.034696565
-0.00082309079
0.017307905
-0.020127136
-0.01546913
0.02489718
-0.035645838
0.00052573334
0.0029910743
0.014644525
-0.0020976873
-0.018745743
0.017538223
-0.018608567
-0.0021113801
-0.01957993
0.014858216
-0.017321408
0.031886662
-0.032021343
-0.03022257
0.024050666
0.0061719039
-0.00045850301
0.019471797
-0.017148836
0.0025994944
0.029977488
-0.032576982
0.0050045194
-0.018796996
-0.0047050788
0.0081744842
0.0091684971
0.0021624362
-0.020304548
0.018142112
0.0032136481
-0.022505401
0.012770772
-0.0025247014
0.03074904
-0.00045314662
0.031734647
-0.024287449
0.020084207
-0.018679001
0.002571448
-0.023299724
-0.028683227
-0.0022167493
0.024867264
-0.0093845694
0.032269006
-0.00092023191
0.0087317436
-0.011040496
-0.027489936
-0.0021018723
0.022581908
0.037672889
-0.027803152
-0.0031057917
-0.009558444
0.0041032053
0.019632825
-0.02177714
0.0023681965
0.01766434
-0.0047466594
0.0099999525
0.028279671
0.023055831
-0.019168051
-0.00388778
-0.014083362
-0.0019417635
0.031520959
-0.029579196
-0.020109515
0.01986391
0.00024560469
0.01952159
0.019777057
0.0026747282
-0.0026942714
0.031938717
0.036629648
-0.031683978
-0.023497709
0.018594022
0.035288854
-0.0070185958
-0.028270258
0.018043793
-0.022653396
-0.015484209
-0.0094938836
0.022369124
0.020122155
-0.025471964
0.0049723161
0.027717878
0.029750127
-0.022870868
0.0025142443
-0.0058368347
-0.021603085
-0.034532336
0.0043451945
-0.036158271
0.031813078
0.018246188
0.038791268
-0.022886389
0.0044029166
0.0046385212
-0.022087173
-0.027496035
-0.0053906554
0.03159614
-0.0046635713
-0.017663396
-0.028370747
0.0018138381
0.031027377
0.0013520962
0.021203828
-0.0028003039
-0.028915439
-0.0063973335
0.031424064
-0.028012272
0.026715314
0.0012969589
0.022742689
-0.029072769
0.02354675
-0.0054205911
0.00093100012
-0.0027189415
-0.020317823
-0.0065081184
-0.0035656186
-0.00280228
-0.022978771
0.019009449
0.031684054
-0.031566184
-0.031648596
-0.023012682
-0.00050431322
-0.025673454
-0.006469548
0.0042178415
0.021409811
-0.022510245
0.0043281977
0.019246091
0.00254837
0.032221202
-0.0012050748
-0.0020367125
0.027947076
-0.031337964
0.03227808
0.025285704
-0.021067863
0.023471629
0.035264827
0.023262384
-0.018613518
0.020392764
0.0052554063
0.006159847
0.020680415
0.029929629
-0.023817027
-0.004283214
0.0017549055
-0.018793599
0.0027482772
-0.019319813
0.021743206
-0.002423393
0.032167311
0.002907986
-0.034392963
0.025056063
-0.025715316
0.020206698
-0.0048834132
0.019808602
-0.020932993
-0.0057035883
-0.008744035
-0.0033230878
0.00025220045
-0.031602125
0.0027084923
0.01903429
-0.023663603
-0.017334251
0.0011392757
-0.0040289215
0.0090513258
0.033642744
-0.0011086751
-0.0025584856
-0.035002434
0.0056434019
-0.024614085
0.0054374762
0.0096766609
-0.031004449
-0.0011760449
-0.021454573
0.027149879
-0.021404484
0.00054498763
-0.032374671
-0.014360121
-0.0058777248
0.022992003
-0.017987484
-0.019880287
-0.0047680247
-0.022438342
0.0029054593
-0.035363922
-0.03108064
-0.0036159251
-0.022089858
0.01900434
0.0021372183
0.0019316363
-0.020056646
-0.0052639253
-0.030916063
-0.028992506
-2.1915034e-05
-0.035672048
0.033515056
-0.004005992
-0.033619006
-0.030181654
-0.0069135009
-0.00038989268
-0.023127181
0.0047497434
-0.028628925
0.031463202
-0.02852283
-0.003761153
-0.023492133
0.0046951368
-0.0025965819
0.03528779
0.047143935
0.0066058637
-0.023371456
0.020541323
-0.026779249
-0.031296453
-0.0025570217
0.018218922
-0.031941238
0.03356487
0.018214246
0.015858736
-0.0055780193
0.020022889
-0.00057677233
0.033630518
-0.032643343
-0.012648257
-0.0009730107
0.013621268
0.032638809
-0.014034214
-0.030899609
-0.0050392733
-0.0099472966
0.022317625
-0.0025973535
0.022296567
0.0029851869
-0.0065508055
0.027290187
0.017212551
-0.010746937
-0.0058654397
0.0049824067
-0.006203087
-0.023685192
0.02312529
-0.019231643
-0.00069090585
0.025471568
-0.031337008
-0.024604819
0.0059772175
0.018604918
0.0046592794
0.022109772
0.018483721
0.0037602579
-0.022722695
-0.0033385975
-0.012305823
-0.032988916
0.0028711981
-0.0039416159
-0.0029597928
0.0094676976
-0.00091619424
0.0015515946
0.0236102
-0.0046637345
0.0082778761
0.03043864
0.018213498
0.0051970894
0.033217016
-0.00039628453
0.0061008624
-0.018184034
-0.020266405
-0.0024719636
-0.029858468
0.004486476
-0.0052252127
0.030301984
0.005705152
6.4119462e-05
-0.029560208
-0.02243965
0.0061199682
0.019658121
-0.022140183
0.018782748
0.0046958709
0.023544574
-0.030307775
-0.024569712
0.0044757981
0.020093914
-0.0037170082
0.032624685
-0.019089599
-0.0025849466
-0.0040986085
-0.0032251581
-0.0016980587
0.004677026
-0.023494725
0.018817699
0.030276894
0.0018370076
-0.035451559
0.018273742
-0.021911482
0.019969031
-0.005223697
0.0037443734
0.0082837211
0.0017414612
0.020948375
-0.0025054867
0.031471968
0.028693223
-0.006172339
-0.0023040979
-0.03544393
-0.0049615645
-0.01856643
-0.017648588
-0.029431161
-0.0060495238
-0.023133177
0.019491819
0.0036413576
-0.023110953
0.0047422303
0.024575259
-0.0095376413
0.021379865
0.0012034298
-0.034203066
0.022011893
-0.019608844
-0.031977785
0.03318123
-0.032667166
-0.017823939
0.022533099
-0.02303272
0.0020830162
-0.018483458
0.019179425
-0.021444295
0.008493817
-0.0032808981
0.031190959
-0.0019381889
-0.00090433117
-0.0020051856
0.0035323694
-0.024946646
0.021414277
0.018501779
-0.010386866
0.0082938546
-0.0036205179
0.032331699
-0.034888721
-0.0087220284
-0.0068643554
0.00017322624
0.030648145
-0.0022244334
-0.0046554762
-0.017791185
-0.020964181
0.016355559
-0.02166413
0.027641347
-0.014368642
0.030990496
0.0075763218
-0.0046992668
0.030932212
0.0043594343
-0.019836705
-0.0032057629
0.023042467
0.026375884
0.0024431207
0.028205773
0.020192098
0.0050936058
0.02724521
0.03153334
-0.031381565
-0.0069282537
0.019723764
-0.022833896
0.0078602394
-0.01971189
-0.0011833384
-0.00078696191
-0.028480789
-0.0030355243
-0.0027393246
0.027905999
-0.031736317
-0.018375811
-0.0037379612
0.025654533
0.0023127806
-0.0020221168
-0.028873658
-0.0043776142
0.021623911
-0.04129981
0.034080067
-0.0034459722
0.028337778
0.023673017
0.0040139061
0.0023751527
-0.031984451
-0.0031060838
-0.025740556
-0.0062349407
-0.0022282256
-0.031407348
-0.0015270558
-0.037893213
0.0033533414
-0.030079297
-0.0068735667
-0.031441248
0.031505367
-0.0028502349
-0.00025057729
-0.0027491378
-0.0023312626
0.02791383
0.0042177584
-0.0028782907
0.021172725
-0.027568428
-0.0026484398
0.012633672
0.0034947065
-0.021728476
0.017824576
-0.0052838112
0.0025459866
-0.00016435283
0.017323429
-0.022664005
-0.034556237
-0.0054739734
-0.021423157
0.017599823
0.023496268
-0.018800397
0.0027873918
-0.023053797
0.028200102
0.00020223658
-0.030713545
-0.003523118
0.0047514575
-0.023003112
0.039627542
0.028112894
0.0071759596
-0.0046424629
0.0029761756
0.031045102
-0.00021834597
-0.0045255169
-0.020531159
-0.024650453
0.015442071
-0.0064328408
-0.022478838
0.0026176157
-0.023394073
-0.0063617897
0.029755863
0.0097978795
-0.0306217
-0.00559196
-0.036171003
-0.0014040057
0.0062452939
-0.0041427053
-0.018341924
-0.039038708
0.0088155044
-0.022827525
0.018444274
-0.00032480722
0.031119216
0.0065681195
2.1832881e-05
-0.031777971
0.0051770972
-0.023183629
0.03206064
0.022839842
-0.0065579678
-0.0329842
-0.022171347
0.0024681842
0.019181745
0.002681791
0.038406076
-0.031732645
-0.0058762342
-0.017465017
-0.0040680389
0.023905031
-0.019836992
0.0209951
-0.02657312
0.031658385
-0.0016309772
0.031853788
-0.027731468
-0.019918264
0.022586026
-0.0022899981
0.01598858
0.0035491698
-0.00039645284
-0.021648319
-0.0026787256
0.018887398
-0.021328458
-0.035466375
0.034203959
-0.00047197172
-0.0027902665
-0.03161231
0.01873945
-0.024357181
0.0056177309
-0.035729845
-0.018512495
-0.014080763
0.037662677
-0.023581915
0.00034220042
-0.035425706
0.0026403309
0.0030117829
-0.0040895448
0.0087836586
-0.042190882
-0.0063700746
0.0014251844
0.017660844
-0.034674245
0.0043331052
-0.010492849
-0.010774188
0.021267037
0.025683937
-0.0046518407
-0.034434864
0.02491931
-0.023046101
0.0057584221
0.01929076
-0.025008845
0.0094522004
-0.0041284914
0.0058317132
-0.018324369
-0.016123441
0.0067531747
-0.0010343247
0.037529643
0.0011841962
-0.0020772985
0.0067427608
-0.024143993
-0.017576577
0.0045442375
-0.012407947
-0.029782936
0.02342419
-0.0046863722
-0.0045577938
0.0015306835
0.018683105
0.0034901659
-0.026813391
0.0054385421
0.018789544
0.040548103
-0.042852201
0.017925925
0.0077580111
0.0028524374
-0.035008419
0.0010292255
0.033979194
-0.0045317996
0.01852215
0.0047508723
-0.033974321
-0.02057012
-0.029774472
-0.0026020992
-0.0046921256
-0.022299365
0.0046330376
-0.021207221
0.0022972007
-0.018442177
-0.017499727
0.021769058
0.023347378
-0.0045380404
0.025585732
-0.0053320048
-0.018252718
0.023462533
0.033098878
-0.036293594
0.019734442
0.024813541
-0.013410938
0.027889634
-0.013052893
0.00021881162
-0.017499099
-0.029045265
-0.00018909722
0.027797537
0.0038373442
0.0024344572
0.032881742
-0.020223504
-0.0044832798
-0.029759045
0.027681746
0.011229749
0.020664609
-0.018623727
-0.0099272113
-0.015128418
0.023629557
-0.019001819
-0.0046277383
-0.021522787
-0.021203685
-0.015336495
0.00061312655
-0.00052042965
0.015506777
-0.0023165452
-0.030373317
-0.0072931988
-0.0047228557
-0.018259063
0.022981919
0.025016789
-0.0094556675
0.0047123583
0.00681368
0.00043854639
-0.0043163802
0.031222767
-0.0041041361
0.01802364
0.042482629
-0.01814664
-0.03885893
0.028613178
0.0019879892
0.0099861667
-0.0074207345
0.015307323
-0.024987314
0.0062079679
-0.034812523
0.03979493
0.029373747
0.0024609797
0.019390747
0.0060607432
-0.028325967
-0.0038445146
0.023040663
0.0036273111
0.017834335
0.00016646863
-0.030254076
-0.017824909
0.0026866759
-0.017538477
0.0027821989
-0.02314446
-0.0159012
-0.0026416543
-0.031753344
0.03219189
0.019213554
-0.029158331
-0.0032451271
-0.0083738512
0.015161712
-0.022017929
0.0039440383
0.028681564
0.0071504055
0.035330695
0.00089529534
-0.032838209
-0.035752818
0.0286605
-0.038787825
0.02602921
0.012758615
0.017500228
-0.024483874
0.0022831431
-0.021945027
0.019661884
-0.0029348249
-0.017307787
0.021626157
-0.0025587413
0.032817907
-0.03278631
-0.018323861
-0.004746978
0.030981207
0.0050803014
-0.014199073
0.0027488481
-0.0022700917
-0.0057776384
-0.018152835
-0.0060116287
-0.003959627
0.02282654
-0.0047328553
0.031232421
0.0053990222
0.032793206
-0.032412614
0.002928898
-0.031592326
0.0012817524
-0.0198676
-0.014547403
-0.018706967
-0.0046734913
-0.0022375053
0.006319623
-0.0056171137
0.018117307
-0.00022434072
0.005444674
0.024969362
-0.0098498449
-0.0033879593
-0.030654926
0.0016367109
-0.0019514673
-0.0041581596
0.031376285
0.0029415762
-0.019873083
0.030973573
-0.025151257
-0.034324402
0.0010157304
-0.0049141664
-0.01577465
-0.022497723
-0.022448253
0.0057630772
0.0025140926
0.018632551
-0.021146643
0.0083997681
-0.021411514
0.033393079
0.0017257676
0.01914861
-0.023203168
0.0062470459
-0.0025352142
0.018671673
0.0023760545
-0.021986884
0.018891572
-0.016939834
-0.00076964153
-0.020010523
-0.030881247
0.028973042
0.0015881326
0.0039346907
-0.022634708
0.019833031
0.0022422672
-0.022102353
0.0226954
-0.0039952452
0.0047397532
-0.024029769
-0.030251737
0.003464134
0.018044428
0.019122653
-0.0010449925
0.020255427
-0.0026860455
-0.00096841692
0.0040048134
-0.018770429
-0.0014774966
0.0049075902
0.0024374909
0.019712452
0.018722084
-0.0039149407
-0.019343029
0.02325797
-0.022421257
0.0025771651
-0.021209985
0.032923003
0.0046274455
0.027374659
-0.0056857601
-0.023056021
0.0047416536
0.0080689941
0.0028912868
-0.019621807
0.014995634
0.0036735145
0.0041040739
0.01823854
-0.01985294
-0.0044175601
0.017580032
-0.029576024
-0.017647043
0.0039562171
-0.032086965
-0.0021513182
-0.017440613
-0.017651263
-0.00072635857
-0.0024533068
0.017348556
0.0031357072
0.004330287
-0.002996251
0.013920976
0.0041084699
4.2363697e-05
0.0027112089
-0.022692934
0.0067470106
0.022533932
0.02504327
-0.020993135
0.018353803
-0.0053254199
-0.031499785
0.035456562
0.02976997
-0.024777896
-0.023247932
0.0035943336
-0.0054554371
-0.0025630165
0.019124353
0.006709769
-0.033445049
0.032643458
-0.00029896851
-0.033369167
-0.011051669
-0.017658829
0.0053976944
0.00088781072
-0.00024810097
0.038286687
-0.031931321
-0.0027317656
0.004557455
-0.031409591
0.00049457982
0.031858544
-0.032353123
0.012994012
0.0075814112
-0.027238179
-0.023346801
0.013788357
0.0056986927
0.019371059
0.035702839
0.0024184419
-0.022255421
0.018137187
0.003185831
-0.014912108
0.0021823174
0.023194074
-0.0045932322
0.0045970531
-0.023564327
-0.019420914
-0.015605876
0.019336163
0.0022219142
-0.004720737
0.022880879
-0.021868338
0.0027196984
0.019148639
0.0024616782
-0.019736935
-0.023543873
0.018966441
0.01588433
-0.030077895
0.027976023
0.025360145
0.039764687
-0.017215302
-0.0058639179
-0.0040233336
-0.022971096
-0.032250015
-0.0069006242
-0.031177709
-0.00037294372
0.011985081
-0.031735178
0.0037756849
0.027959493
0.020702997
-0.0035520748
0.018184973
-0.020860178
-0.0055892387
-0.020126077
0.022791356
0.0047553976
-0.02372019
0.012210701
-0.023404967
0.00026619332
-0.032855358
-0.01812965
-0.023075195
0.0054266069
-0.0022698326
0.0029779117
-0.027398386
-0.0026355303
-0.00017678873
0.031006931
0.0047319107
0.0011327242
0.031164277
-0.00088738332
0.0052981074
0.030909868
-0.02877265
-0.01840298
-0.0047517021
0.022326199
-0.019702756
0.028000165
0.0043664818
0.0020908162
0.023278508
-0.019999191
0.017142784
0.022160586
0.029014532
-0.025531587
0.010327299
0.031549219
-0.00010230396
-0.0067351856
0.021988053
-0.0016753983
-0.022513589
0.024188987
-0.027786129
0.019333918
-0.021650463
-0.0031511854
-0.01045342
-0.022138379
0.037142866
-0.019371138
-0.0058694927
-0.01841461
-0.00061978793
0.02887898
0.0028009034
-0.005640981
0.019645876
-0.019242321
0.032021463
-0.0021519278
0.00088920997
-0.0058734593
0.030694644
-0.00034097459
-0.0020664257
0.020693689
0.019961635
-0.0022576193
0.032267867
0.019178731
-0.023267977
-0.019406649
-0.0030232527
0.0039085371
-0.0026989108
0.0046334507
0.033318178
-0.033494966
0.021259276
0.0025583906
0.019691525
0.0024182466
0.019719618
0.0066802692
0.025958277
0.019749965
0.0056347405
-0.024547285
-0.0046672063
-0.02218989
0.0026560879
0.006850283
-0.030388673
0.02353839
-9.8196449e-05
0.0023631765
-0.0051534057
0.021598769
-0.016445363
0.018900768
0.019663905
-0.022206885
0.022974679
-0.00096666536
0.0062096338
-0.002943374
0.0031552186
0.018770061
-0.02192528
-0.00042481727
0.034309641
-0.0035873603
0.019831134
-0.022471531
0.030182313
0.022654697
-0.014877534
0.00081034759
-0.00099956929
0.033680542
-0.032225266
0.028677252
0.031351488
0.001185312
0.0029204806
-0.018264603
0.0017489526
-0.00028745092
-0.0087735676
-0.019600377
0.028952362
-0.029202939
-0.023617
0.017272706
0.0066692722
0.002314395
0.032268981
-0.0043905663
0.018444651
0.002317176
-0.022723085
0.018129853
0.0040310804
-0.0056775219
-0.0020815149
-0.0098604428
0.022103489
0.0091798607
-0.032874209
-0.006250283
0.0039455645
-0.01817676
0.003423539
-0.011167214
0.017440085
0.0043319769
-0.022747843
-0.0034721723
0.0025566083
0.0057038175
0.026211294
-0.031915112
0.017573733
0.0040515183
0.019233031
-0.018671209
-0.0039357789
-0.0040084492
-0.013532358
0.023339997
-0.019712686
-0.0026823673
0.018900095
0.025149024
0.029325424
0.0036768542
0.028634305
-0.031561966
0.0084916498
0.031129889
-0.00023393554
-0.0061661843
0.027873094
-0.0040961252
0.02285291
-0.025059624
-0.024721064
0.037407564
-0.024880705
0.031981819
-0.03222992
0.023036157
0.0068143007
0.02399688
-0.005666732
-0.028113821
-0.024102223
-0.020135121
-0.022921063
-0.021820833
-0.00023363589
0.01924235
0.0038829401
0.0026939308
0.033247769
-0.032634643
0.019837598
0.00265216
0.031610481
0.0236511
-0.019523283
0.01983695
-0.022535861
0.0023403875
-0.021697135
-0.021445011
0.019137761
0.0029246311
0.0010132091
2.7766147e-05
-0.0019864616
-0.032553501
-0.024583045
0.020249189
0.024923901
0.033943665
-0.0012107716
-0.032732893
-0.021312736
-0.0027261215
-0.033396396
-0.0013249673
-0.0037532308
0.030468544
-0.0026778873
0.020802831
0.0051441792
0.0020254902
0.022589957
-0.021782176
0.042333663
-0.022062223
-0.02027144
-0.020151149
0.024261406
-0.0041102567
-0.019219852
0.03600111
0.0085582146
0.022173946
-0.0069314816
-0.0061214113
0.030209436
-0.031176102
0.00061437718
0.0022774078
0.028729523
-0.017842221
0.020342439
-0.015285066
-0.0043773795
-0.037677114
0.0031108128
0.029149026
-0.0046364539
-0.016730842
0.017968848
-0.0053198739
0.013094724
-0.00056711561
-0.039499536
0.033773471
0.0080236895
-0.01845182
0.0032528167
-0.0036566654
-0.019742588
0.022488447
-0.033388895
0.033332147
-0.00468505
0.010129876
-0.0052071186
0.0024547996
-0.022185222
0.019730423
-0.015504167
-0.023995368
-0.0042379483
-0.021353824
0.025591773
0.00069229504
-0.0024705703
-0.020003096
-0.027318002
-0.0049329422
-0.020187184
0.031243944
0.027056926
0.0036919781
0.0058292531
0.0068044186
-0.00030897689
-0.0033961233
0.016468513
0.03249865
-0.03402841
0.021505828
-0.0034083326
7.6497978e-05
-0.031748352
-0.023570217
0.001614039
0.032799853
0.022097185
-0.028311956
0.020909394
0.0056930917
0.0085228375
0.02747631
-0.0045960238
-0.0019911171
0.030897738
-0.00034293294
0.021002787
0.028969197
0.018335517
0.0011682859
0.022112807
-0.029676425
0.021938547
-0.0036214846
-0.021639185
-0.0046711042
0.02359762
-0.0033253825
-0.0036142452
0.018165649
0.0028371387
-0.032520114
0.0025974695
0.04102936
0.023214685
0.029684222
-0.00073185961
0.0026067899
0.02112261
-0.03319712
0.022108579
-0.02855757
-0.0068317128
-0.018593952
0.022664322
0.0049083803
0.027965021
-0.011268735
0.014831755
0.019071594
-0.0010143659
0.0069815269
-0.018717337
0.017113595
0.0042909111
0.0013620565
-0.033937709
-0.031767225
0.030523411
0.02249667
-0.014064445
0.0046068341
-0.0083746957
-0.0088373305
0.023118001
-0.019063539
-0.0056019401
-0.019554397
-0.0041490899
0.021123495
0.03012653
-0.030516422
-0.008559575
-0.021774715
0.016321535
0.021386766
0.0041102619
0.0076615678
0.028663559
0.033009591
0.00092872086
-0.031209636
0.030280915
-0.016725328
0.005915756
-0.0024402455
-0.006867515
0.0048260813
-0.017267394
0.0034044212
0.028023316
0.01871928
-0.0006697006
0.031746157
-0.031406159
0.002780679
-0.0041960848
0.021681339
0.0028883633
0.0041837463
0.0028867544
-0.018978331
-0.014418065
-0.0027212229
0.0048582194
0.018895244
-0.028172707
0.021955529
0.02519624
0.0067556183
-0.0098404576
0.01420001
0.0027682239
-0.02253414
-0.018899104
0.02357613
-0.0026211311
-0.035191948
0.00088923082
-0.03323223
-0.00018901973
-0.020039491
-0.027682811
-0.018814347
0.021112035
0.028645629
0.019141483
-0.018239769
-0.032750461
-0.0046979603
0.029307027
0.0021170362
0.0021930495
0.018952927
0.020307967
-0.006532513
0.019747731
-0.0026823528
-0.024878857
-0.034733912
0.0033861947
0.018770754
-0.0031960783
-0.022672399
0.0042262652
0.034391765
-0.03292816
0.025588062
-0.019953322
-0.0028427125
-0.012763164
-0.031738902
0.02616828
-0.031803264
0.031460331
-0.032116474
-0.032288172
-0.020356599
-0.023458144
0.018807205
-0.026366409
0.021324719
0.028575537
-0.020223802
-0.014617299
0.01172928
0.0026742757
-0.0015499705
-0.0030699426
-0.0069302632
0.02244875
0.03776723
-0.025906757
0.020038009
-0.0067013652
-0.0057949998
-0.0088143571
-0.010165173
0.02222989
-0.022077847
0.018782573
-0.02227357
0.00018704082
0.0038677707
0.02563532
0.032230348
-0.031850272
-0.029601394
0.0089923632
-0.017636444
-0.015494148
0.019816734
-0.043617792
-0.0021092114
-0.030302738
0.019677009
0.017320602
0.038483336
0.018947098
-0.022970431
0.022258404
-0.01975033
0.008770054
0.024186463
0.0095145582
-0.039041201
-0.026490109
0.02208875
0.0021727614
0.024594777
0.004391052
0.026680609
-0.006081921
-0.03869889
0.011208953
-0.006469559
-0.019766453
0.026236012
-0.00031764355
0.0035793429
-0.032840494
0.033961238
0.0034896487
-0.018172296
0.014682647
-0.038214512
0.042595254
-0.0096365301
-0.0097070833
-0.0018831737
0.03133697
-0.023593553
-0.00032908409
0.019230461
0.0038102012
0.029570718
-0.015411274
-0.021022749
0.0025738788
-0.009093818
0.011716076
-0.0029391961
0.020690293
0.0026507523
-0.017198155
0.021701289
-0.024724541
0.030725298
0.016221677
-0.00040227685
-0.018074305
-0.0065644748
0.018145281
-0.040207504
0.026132791
-0.0049520674
-0.018556167
0.028908286
1.9945061e-05
-0.010248814
0.023755396
-0.018182293
0.014085048
-0.017519184
-0.019846857
-0.0028764442
0.022723301
-0.0025422262
-0.015561635
0.033789048
-0.020260075
-0.022085759
0.017510991
-0.0027446257
0.01914935
-0.016404724
-0.021005096
-0.02956283
0.030914926
-0.021002252
0.029525163
-0.0022711329
0.031200574
0.019854684
-0.022612893
0.021061818
0.023567242
-0.029396689
0.0035958727
0.013889968
0.0034316511
-0.031846735
-0.0023023471
0.015639489
0.02684314
0.033381007
-0.018649934
-0.0046653122
-0.022985801
0.0037766865
-0.0036513366
0.018985484
0.032483561
-0.028198438
0.0064162617
0.03728032
-0.035918263
-0.032809066
-0.026995809
0.030076512
-0.020742973
0.023197756
-0.019762475
0.023477687
-0.0045769183
0.0035927473
0.013942639
-0.030065788
-0.032698128
0.024996358
0.014526364
-0.019459715
-0.0036879089
-0.0024957801
-0.040598645
0.0032806272
-0.031418462
-0.0047280116
-0.019942548
0.015991131
0.0030123798
-0.022060077
6.2841491e-05
-0.031653363
0.0023729244
0.0024357072
0.02049774
0.0057326661
-0.026230406
-0.0038049219
0.0025637549
0.01739788
-0.026157395
0.027454354
-0.019337051
0.0092177489
-0.0043093687
0.018706382
-0.022896048
0.017934338
0.0049617106
-0.0040789039
0.043575832
-0.033839559
-0.014670655
0.02207237
0.019278241
-0.037407891
-0.03204163
0.030158456
-0.023308225
-0.0053505672
0.022548269
-0.020417788
0.0045464616
-0.0012329533
0.023463407
0.0046990698
0.016680274
-0.01961947
-0.023123884
0.018760396
0.037511401
-0.030789353
0.018317912
-0.019185915
-0.0038193701
-0.022124384
0.018247371
0.0046172034
-0.0072009177
0.039599108
-0.032398191
0.0018306445
-0.023039364
-0.0024495005
0.03792009
-0.0015883521
0.0025359898
-0.042871928
0.040230274
-0.028530453
-0.022576328
0.020318709
0.022613884
0.0064858613
0.028867906
-0.029086252
-0.019749702
-0.02383791
0.023567452
0.0012140261
0.032729639
-0.0035250948
-0.032740499
0.033437365
-0.00069686537
0.01328924
0.031613548
0.029212584
-0.0048567137
-0.0041541996
0.0019011987
0.019724791
0.021524066
-0.01915093
0.0023676643
0.036629981
0.026709885
-0.022630875
0.00455809
-0.0025355479
-0.013819708
0.01915607
-0.0013627612
-0.035699416
-0.021335771
0.024825937
0.0077434881
-0.015290701
0.031630545
-0.028169255
-0.0031692378
-0.0054249675
-0.030841757
0.00018387327
-0.02352336
-0.0023028094
0.021590487
0.028993532
-0.040664195
0.0070139491
0.0016289425
0.0014347137
0.004983154
0.015788421
0.027636429
0.0035167243
-0.015116138
-0.0027666429
0.029014048
-0.013596598
-0.018332815
0.01359329
0.030219281
0.001029253
0.031164521
-0.0065033498
-0.018029234
-0.012625566
-0.018068053
-0.020507921
-0.0061211087
-0.018448507
0.0069325016
0.0012263662
-0.022018347
0.0013095691
0.022655692
0.026074335
-0.026172531
-0.004337968
0.023144853
-0.0012409705
-0.032337042
-0.0071147525
-0.014826127
-0.017637908
-0.032430482
0.029444041
-0.031075018
-0.018373492
0.021681974
0.0060731317
-0.017675436
-0.0044629427
-0.032264712
0.034683344
0.027788131
-0.03199595
0.02328581
-0.026199212
-0.0038927305
0.016701016
-0.017792485
0.022345975
-0.019066417
0.019306065
-0.023221006
0.00062381652
0.019256917
0.028524092
-0.022517796
0.0094551541
-0.0063864856
-0.0025970327
0.02121043
-0.018645588
-0.0045208775
0.023669517
0.017412113
0.011048023
0.0029441121
-0.0025717371
0.021638698
0.031175108
-0.00096567159
0.0046361313
-0.031764238
0.028545155
0.015151502
0.016615917
-0.020997001
-0.0040381003
-0.0076328702
0.032056331
-0.018961606
-0.017854202
0.014137342
-0.001849204
-0.04475527
0.030721057
-0.028790479
0.019009166
-0.027365158
0.018856524
0.02206758
0.0027828616
0.00060503867
-0.023549651
0.040907461
-0.0077861133
-0.0045054374
-0.032436293
-0.023275894
-0.0056019159
-0.023458655
0.018741387
0.019076731
-0.023636929
-0.0065999242
-0.022024638
0.028716514
0.02123545
0.017772667
0.026708598
-0.0048274804
-0.011508667
-0.01751642
-0.019809972
0.0014091923
-0.03105474
-0.00026515435
0.0011302781
-0.0048591243
-0.019787676
0.0026400258
0.0045294583
0.00080120676
-0.033541706
-0.021687055
0.00045924713
-0.029176901
0.028717654
-0.023246035
-0.014260293
-0.0040710382
-0.0063504028
-0.0025429688
0.0065320466
-0.022639375
-0.0061610375
-0.024120973
-0.029391366
-0.017001195
-0.0046379902
0.028296825
-0.0036734015
-0.019602492
-0.0039250822
-0.020099597
-0.022297514
0.021751075
0.017577999
-0.011141269
0.032692205
-0.0037767278
0.017720831
-0.021398985
-0.00059917572
-0.0046501015
0.023639128
-0.024142856
-0.017311871
0.028722319
-0.021941546
-0.0061661574
0.03245462
0.031224092
-0.0012466043
-0.0048391797
0.022400154
-0.019822989
0.0024584889
-0.021075593
0.027709017
-0.031658469
0.028557812
-0.022319589
0.021294651
-0.017068385
-0.018247052
0.025017647
-0.025549479
0.017121962
0.0052102001
-0.021585099
-0.0065876081
0.024505181
0.019382107
-0.019460256
0.017434423
-0.021064872
0.0022374417
-0.027583774
0.0061149255
-0.0029756008
-0.015868061
0.0047527388
0.018087103
0.0027659935
-0.012888564
0.021458342
-0.027620688
-0.0052707413
0.001228208
-0.032733618
-0.0063506703
-0.031604797
0.00017997207
-0.0045258477
0.022566842
-0.0027119733
-0.018572673
-0.032461646
-0.0046570714
0.023204938
0.00047639366
-0.0025148959
-0.01558545
0.018100346
-0.036597755
-0.0011162556
-0.031765311
0.032881566
0.0039691186
0.018579151
-0.0033884694
-0.018456825
0.023282907
-0.022488559
-0.026856953
0.020505616
-0.025606088
0.025344242
-0.028615367
0.0064890188
0.022126348
-0.00376552
-0.023222469
0.003978939
0.01924353
-0.036098715
0.0014470054
-0.020319095
-0.022651417
-0.00028857223
0.022411177
-0.02226304
0.0037763734
0.020330586
-0.029148
-0.023453409
0.01796217
-0.019921027
0.018100643
-0.018910604
0.0042073963
-0.0017711051
0.0054493467
-0.0047682673
0.00058998844
-0.0062076408
-0.030948427
-0.0049485743
0.017888645
0.0051229015
0.0093398206
-0.023202818
-0.0030215796
0.031590112
-0.0018548422
-0.026830575
-0.004624443
-0.0032862844
0.019254581
-0.015968296
-0.0051419776
-0.033273396
-0.016935991
0.023402115
-0.0064661241
-0.0026031301
-0.018323024
0.034405787
-0.022615893
0.00019576535
0.033766303
-0.033153175
-0.004834308
0.017080481
0.028607263
-0.0028970725
0.022621864
-0.022312698
0.034448761
0.0068073806
-0.031521707
0.0176133
0.000145663
0.029411748
-0.007199849
0.013799952
-0.028357378
0.0052028881
-0.016721416
-0.031345835
4.6010039e-05
0.020164045
0.023006332
-0.019601244
0.0026992886
0.0055681185
0.016874033
-0.016738281
0.0036582065
-0.00013149318
0.0061842073
0.024959245
0.0061254319
-0.027773727
-0.021411829
-0.0060026202
-0.0060494954
0.025619458
-0.0066964971
-0.0060050523
0.023009495
-0.0046739779
-0.010390896
0.02463018
-0.024929148
-0.022627719
-0.031730126
-0.023253653
0.019360922
0.0044476448
0.032811824
-0.00017566175
-0.032573024
-0.0012610254
-0.0035937507
-0.0019568187
0.0022066316
-0.031424995
0.032908318
-0.033304602
-0.015402161
0.0046995361
0.0058013464
0.020197435
-0.0018584179
-0.032737958
0.00030166509
0.032643843
-0.033548174
0.019848062
0.026621426
-0.023296005
-0.018948027
-0.0046163001
-0.0047480466
0.032462299
-0.0048588586
-0.02498669
-0.031230422
-0.020927039
-0.0045123751
0.033048658
0.00032866487
-0.030248083
-0.00092801866
-0.018024152
0.015509256
0.031007155
0.0034370779
0.0028670657
0.016482424
-0.010311819
-0.0050291014
0.033158948
-0.032724132
-0.019727916
-0.017211663
-0.0048417495
-0.00090516015
0.033417989
-0.0080232322
0.027588604
-0.0021458309
-0.02633867
0.032042488
-0.0046629899
0.00046983209
-0.031894827
-0.022137945
-0.028097257
0.039253796
0.033038184
0.00034059392
0.032711521
-0.033052115
-0.032187607
0.028566122
0.0025670412
0.0013795711
-0.012645163
0.011265592
-0.021598342
0.019295533
0.0021212952
-0.020097989
0.014003623
0.026343836
0.012170874
-0.01557297
-0.031788796
0.004589391
0.020097221
-0.04036866
-0.015473148
-0.021481995
-0.006716443
0.03228159
-0.031811758
-0.021772743
-0.0045936654
-0.025246923
-0.022342607
-0.0063259029
0.030367131
-0.023730336
0.022556678
-0.0027190807
0.032742397
-0.031186005
0.024837845
0.022483762
-0.0028218779
-0.021085738
0.015536163
0.00058990022
-0.036015606
0.0046345107
-0.033753375
0.0057473816
0.015855005
-0.00032224744
-0.025890769
-0.0063974034
-0.019647435
-0.014211484
-0.0091353166
-0.0035103553
-0.017807271
-0.0071393748
-0.029659752
0.018818571
0.0046776967
8.6213969e-06
0.028815785
-0.030806902
0.030206691
0.006750579
0.0091860964
-0.019784151
-0.019885213
0.00036426001
-0.022509231
0.028506859
0.016062915
-0.0036838925
0.019658246
-0.032740166
-0.033307205
-0.0018847422
-0.032477031
-0.019204459
-0.032044154
0.038032732
-0.0059885785
0.032618869
-0.00020723686
-0.0063657364
0.016099431
-0.006633573
-0.024362597
-0.022459112
-0.028499715
-0.001578181
-0.032590677
-0.021015106
0.019927834
-0.020878743
0.0025341952
-0.0052103397
-0.021700595
0.022509934
-0.0047122636
-0.0059424697
-0.0047353146
-0.022795387
0.020501425
-0.039013919
0.036449489
0.0061808719
0.001728658
-0.014345718
-0.018822203
0.018115025
0.0048769778
-0.022763458
0.0053501792
-0.012278433
0.02856731
-0.033234344
0.034017421
0.03861639
0.0067861723
-0.030603142
0.025256171
-0.015852882
0.029797652
-0.00064862567
-0.018443036
-0.021931727
0.0078541959
-0.019797524
0.022523692
0.022161652
-0.00020755072
-0.032530408
-0.021935333
0.0012052817
-0.019837737
-0.0026981243
0.0071089782
0.018318743
0.0066051583
-0.0026176667
-0.01861796
0.03044272
-0.0068325194
0.023138998
-0.022349823
-0.02051036
-0.0026151357
-0.035310287
-0.0066951087
0.023776883
-7.4001258e-05
0.031857826
0.036831565
0.031925064
0.0032852167
0.02822994
-0.031515157
-0.0041274473
-0.034747091
0.026235863
-0.020595875
-0.023161966
0.0037553164
-0.0025672455
0.023146607
5.0102836e-05
-0.0060498867
-0.005274676
-0.015509253
0.00070008281
0.032737282
-0.0043494169
-0.023486258
0.0023818937
-0.022023345
-0.0029393856
-0.0046261944
-0.018035662
-0.0019849637
-0.028961802
0.017735026
0.031346946
-0.03168792
-0.034144012
-0.0059621162
-0.024450864
-0.004594401
0.02746914
0.011322128
-0.0028274842
0.0017689867
-0.019256624
0.020646624
0.018242614
-0.018251949
-0.0047511627
-0.017644532
0.021880917
-0.020967696
-0.022067278
0.017339266
-0.023570208
0.026167803
-0.020770109
-0.0073615883
-0.0045831828
0.032475799
-0.031870761
0.022739693
-0.031445298
0.019729983
0.0022456651
-0.0064250356
-0.0040675812
-0.031870694
-0.018163393
-0.017468998
0.02204643
0.027302872
0.0044262216
0.01969306
-0.024647524
0.0095313857
-0.022404571
0.004613386
-0.0094561414
-0.0065256144
0.028222728
-0.028602746
-0.0046071142
-0.00049258288
-0.032827278
-0.0010029445
-0.022470099
-0.019573843
0.0046549477
0.018942673
-0.0044674552
-0.020960139
0.019072122
-0.0220717
-0.02249401
0.00049178264
0.0027430176
0.018910965
0.00222619
0.021391846
0.019771788
0.0055601488
-0.0013393942
0.013679255
-0.017687704
-0.014781467
0.033835449
0.0026003451
-0.032781472
-0.019735678
0.022336057
-0.019652137
-0.019474532
0.023351864
-0.0060284352
0.017825061
0.0046827026
-0.0347984
0.0018664355
-0.013158759
-0.022655428
0.019158799
-0.019568622
-0.022700047
0.020732319
-0.024279641
0.023705368
-0.0085436555
0.029578854
-0.0030194945
0.022524131
0.031374535
-0.0029824505
0.02510333
-0.022447242
0.021034318
-0.018555825
-0.024289039
-0.024118827
0.030703032
0.020403785
-0.028117612
-0.019376507
0.0042959848
0.021801007
0.028489536
-0.0034732141
0.031107091
-0.030769547
-0.023245949
-0.023607874
0.0032416615
-0.034959922
-0.0020968721
0.022109677
0.0038503076
0.017704817
-0.004658693
-0.032498173
0.026819026
-0.015592345
0.022467078
-0.019739309
0.0025034528
0.031750364
-0.019460174
0.0025225058
-0.0029610329
-0.037215726
-0.00088420833
0.038454338
-0.0039980791
-0.023476979
0.0046698868
0.031651752
-0.031725753
0.0027098844
-0.00022143145
0.032825045
0.019827618
0.023629557
-0.018971026
-0.034051265
0.031180705
-0.013680478
0.030858622
-0.021078976
-0.0064894513
0.015818655
-0.01941756
-0.032760116
-0.032915863
-0.018384346
-0.031812584
0.0064328669
0.019833837
0.002659678
0.0262366
-0.023403321
0.018704054
-0.019361628
-0.0045666971
-0.020291883
0.0045172331
0.0046985857
0.0040310071
-0.023183203
0.022106143
-0.0049943255
-0.018641047
0.0047001911
0.020833949
-0.017966883
0.023738526
-0.032781613
-0.0025923681
-0.018412728
-0.033021323
0.028608261
-0.014819904
-0.0030077345
0.0022599343
-0.022350726
-0.0089165581
-0.0203417
-0.023577794
-0.006810879
0.022449352
0.0050999407
-0.027545555
-0.0035320375
-0.019225239
0.022757277
-0.0031690065
0.0018753968
-0.032381478
-0.017432633
-0.0041782777
0.022999857
0.0047590406
0.027523527
-0.032282568
0.0046828099
0.020944819
0.032996491
-0.031571306
0.00026920398
-0.018914525
0.017654466
-0.031555029
0.0022644237
-0.02156719
0.019302766
-0.024481732
-0.014716314
0.019082793
-0.026707896
0.0312398
0.0052459202
-0.018275249
0.0025983522
0.028849921
0.01519237
0.010151873
-0.031086188
0.019671126
0.0024350178
-0.024474804
0.0063653331
0.026118228
0.028543781
-0.015398231
-0.0025610565
0.021056466
-0.028973106
-0.0026646605
0.022375056
-0.03161124
0.023664109
-0.0035134716
-0.03232361
0.0044804716
-0.0183975
-0.02599812
0.019735313
-0.022114995
0.0019161756
0.028994077
-0.030910253
-0.0092738833
0.03133584
0.013638944
0.0046789065
0.00018576239
0.020788192
-0.0063601601
-0.023578258
0.004663733
0.033125963
0.022325071
0.020976714
-0.018473262
0.032218316
0.0025709243
0.0032349328
0.018811497
0.035534627
-0.018910169
0.032578218
-0.0076452319
-0.0028389773
-0.010319782
0.0045331521
0.022998927
-0.027439581
-0.032682582
-0.0016751471
-0.023376198
-0.033343541
0.0028031554
-0.031969327
0.026723267
0.0046721437
-0.019222492
-0.0040188107
-0.019492229
-0.017666048
0.0039538968
0.019241163
-0.023195059
-0.0047119182
0.0046470016
0.018982555
-0.0026355786
0.0024084351
0.0090300168
-0.039362318
0.033835798
0.00038400643
-0.0030685003
0.019425837
-0.023211516
0.017629517
-0.027932948
-0.0021704632
-0.029608664
0.0039073554
-0.0062481667
-0.025907482
0.032155648
-0.032795975
-0.029284511
0.022549325
-0.019745999
0.028773828
-0.0063850607
-0.006611784
-0.028727192
0.0093882254
-0.023125765
0.033829145
0.021733277
-0.034197517
0.0025011346
-0.0036398849
-0.0011669518
0.033629251
-0.019268573
-0.0020162451
0.0035697133
0.021748799
-0.032916895
0.029271458
0.0041954338
0.020452169
0.0096597465
0.022708146
0.019536244
0.022571502
-0.0045938514
-0.017017007
0.021036288
-0.031462216
-0.021843102
0.0038980645
-0.018740534
-0.0023011075
0.022553749
0.017927406
0.035401888
0.0013299026
0.0024361844
-0.019172161
0.0064667216
-0.030641133
0.020238602
0.028356727
-0.023999434
0.019218207
0.023312115
-0.0074051583
0.019140074
0.0040200379
0.0052921856
-0.018555155
-0.0052408272
-0.028727507
0.0032722216
0.01825748
0.023252743
0.0037500998
-0.033330913
-0.021938745
0.019738703
-0.032751839
0.020496149
-0.0015851839
0.03096403
0.023276924
0.0046126944
0.017328226
0.023623714
-0.030223638
-0.014651883
0.020746033
0.023177084
-0.024501246
0.03067315
-0.017713939
-0.019920315
-0.019070619
-0.018915141
0.020652195
0.032866572
-0.014583894
0.0030949346
0.0063575157
0.0026506095
0.025676471
-0.0056430659
-0.023260163
-0.015677987
-0.0060034464
0.0052700454
0.0039477035
0.025131182
-0.023218838
-0.028534046
-0.0032301918
-0.03374936
0.022904782
0.0028416109
0.032204118
-0.031839858
0.0025867433
0.0060947606
0.032510232
-0.00090846753
0.032277134
-0.00041858998
0.021747673
-0.015342339
0.022616286
0.030963383
-0.0064582023
-0.0053543791
0.021793784
0.0025667126
0.017276859
0.02144819
-0.028067296
-0.01889398
0.021253173
0.031817946
-0.032750694
0.035082054
-0.0027190758
-0.0039752498
-0.018908371
-0.027848987
-0.033070185
0.00021008021
0.021364786
0.00035252626
0.033483272
-0.016806992
0.022239456
-0.0054324635
0.032507401
-0.0057678977
-0.0046179878
-0.022033273
-0.019642186
-0.0026660911
0.00484696
0.021249944
-0.03503696
-0.0064312214
-0.019180829
-0.0054022164
0.02229985
0.020735432
-0.022412
0.0042352397
-0.00014001409
-0.0038715453
0.022632254
-0.0048829814
0.011789193
-0.0080727408
-0.023499834
-0.01035766
-0.013403564
0.0012588757
-0.019701053
-0.030424948
-0.0046365716
-0.010791116
0.00023145874
-0.033143065
0.0046095095
-0.022373831
-0.017862712
-0.019710395
-0.034003986
0.00068815756
-0.0026437387
-0.032745564
0.0274863
-0.0030898356
0.019768079
-0.024603207
0.02049295
0.028854152
0.017771534
0.0045853876
0.023185201
0.0068312813
0.025745631
0.0033925068
-0.0026036082
-0.019754389
-0.038135274
0.011854283
0.038082552
-0.010243961
-0.0028483851
0.021014034
-0.019658165
-0.0011113926
0.0037184254
0.030324563
-0.0011164899
0.033846129
-0.019338066
0.019798852
0.018027902
0.030930224
-0.022933125
0.0041839862
-0.010781153
-0.02208381
0.019817223
0.013569656
0.019125716
0.018957394
-0.023610431
0.021620405
-0.033259179
0.00047626818
0.032782911
-0.028284643
0.027877212
-0.00021926437
-0.0091378161
-0.030430139
0.027744094
0.023978229
0.033509534
-0.01881262
-0.0060180376
0.033561099
-0.00051244057
0.019249495
0.0039445788
0.022548758
0.019064587
0.0075475026
0.0076191557
0.013462374
-0.02108153
-0.021765
-0.022079707
0.018250603
-0.0026376941
-0.0053438337
0.0067588869
0.0064486985
0.018172177
0.025599221
0.032613665
0.034294249
-0.025224407
0.020014068
-0.019683175
-0.019247823
0.023247383
0.031695043
0.03334772
0.020486761
-0.0066133313
0.030851021
0.033288007
0.0044534042
0.030013933
-0.019499865
0.023486111
0.0026763911
-0.0054106084
-0.019723371
-0.018780615
-0.01892747
0.023621127
0.021814934
0.0024406566
-0.022960688
0.0030756401
-0.0330763
-0.00034139629
0.0046677581
-0.032073837
0.028792939
0.0041239227
0.016998687
-0.030022177
0.019328463
-0.0046521014
0.020004237
-0.0142467
-0.021091039
0.023190645
-0.023450189
0.020244426
-0.032837019
0.032661358
-0.028960551
4.5317509e-05
-0.00097596603
0.032793912
-0.004058086
-0.028860008
-0.002760848
-0.030710423
0.023899544
-0.032681038
0.033021632
-0.022538356
0.02915334
-0.0241832
0.0046690784
-0.021407359
-0.00018255333
0.0059739009
-0.03461181
-0.0022794049
-0.032279036
0.0049610334
-0.0005968123
-0.01786207
0.025887591
0.0010245043
0.032020648
-0.033045153
0.021104492
-0.02349285
0.027629644
0.0067215115
0.018552175
0.0025874465
-0.0047555086
0.001517185
-0.040223983
-0.021472478
0.0042220872
0.0091421726
0.0083688181
-0.030903044
-0.0023038306
0.035185572
-0.02239807
0.0037837774
-0.022070959
0.018008348
-0.0076401005
-0.033409478
0.0029184342
-0.017532885
0.017418095
0.031060308
0.032333726
0.018298839
-0.035950102
-0.0094945364
0.0051851679
0.00048479884
-0.004151038
-0.0094139944
-0.018922565
0.022505294
-0.022003826
-0.01976549
-0.021871747
0.0024418296
0.032355559
-0.0094505274
0.019205886
0.033015239
-0.011371237
0.0019962722
-0.03342409
-0.016668082
0.016831718
0.032268388
0.02432981
-0.02101852
-0.020231114
0.033064554
0.010966073
-0.033075469
0.025001798
-0.031347828
-0.00079930868
-0.0023998332
-0.0013651772
0.018736818
-0.0024039766
0.021495512
-0.019091535
0.0031452407
0.028405435
-0.0015341322
0.034431818
-0.019618955
0.0012254241
-0.032990735
-0.032039016
0.02579085
-0.022425088
0.019275771
-0.015557345
-0.032495168
-0.0017078984
0.0055503934
-0.019223491
0.021643843
-0.0024203525
-0.033923324
-0.0094632609
0.027983487
-0.023028979
0.019041004
0.007433107
0.038189511
-0.0027353769
-0.00049989454
-0.031853229
-0.033529693
0.032832828
0.032643397
0.021466956
-0.017249198
-0.032122261
-0.032593973
-0.001822876
-0.019667746
-0.002355599
-0.0045735504
0.0011059624
0.015499043
-0.024908227
0.020908794
-0.025680531
0.019925593
0.017662256
0.0051574273
0.0025312225
0.031047087
0.029093285
-0.022519361
0.029270836
0.023469383
-0.0073969972
-0.019109052
-0.021912305
0.0023906689
-0.031017364
0.028698375
0.019645046
-0.0042476452
-0.013440059
0.010834028
-0.003961964
0.031684703
-0.025571341
0.019879919
0.019515154
-0.02157959
0.00015235908
0.0026837236
-0.032458669
0.031958267
0.01965898
0.025546513
-0.019813847
-0.018087235
-0.0194673
0.023215408
-0.032400063
-0.022980246
0.00062584345
0.0319044
-0.0052988142
0.0050984658
0.0024347206
-0.02661232
0.033322372
-0.033663769
-0.029203614
0.0066652573
0.022313181
-0.015956913
0.041986124
-0.026626412
-0.0003475557
-0.033279762
-0.02042906
0.0067176788
-0.030796532
-0.0058547481
-0.019341
-0.0194562
-0.033978262
-0.0017211534
-0.0241776
-0.0052328554
-0.023557278
0.019889562
-0.01172419
0.027707512
0.027219418
-0.0040818812
-0.031703053
0.019407336
0.024126141
0.017713246
-0.0027608945
-0.019748336
-0.023768597
0.0046201991
-0.00069087775
-0.031917374
-0.019582163
-0.032837398
0.031652252
-0.028367035
0.018344988
0.032843409
0.023201497
-0.032429232
-0.0049146914
-0.019560937
-0.021368412
0.024384948
-0.030843151
-0.018501313
-0.020506147
0.00034042178
0.021099172
-0.032834142
-0.030117073
0.025141263
0.012521415
-0.016030386
0.01334206
0.0012357435
-0.014577804
0.017288679
0.026011909
0.019452095
0.01664108
0.0052973397
-0.000591262
0.032078397
-0.0037274694
-0.028350928
-0.023155209
-0.019325561
0.022128232
-0.028740016
-0.032892031
0.032924679
-0.0046430692
0.015524378
0.032602252
-0.031976408
-0.032729764
-0.03395915
-0.002762352
0.019671999
-0.0046121645
0.0045278913
0.017472846
0.0067769033
0.0037215605
0.0045250153
-0.022707302
0.034301215
0.0038141382
-0.038789392
-0.0067321936
0.012238508
0.0018568513
0.030994982
-0.0038992414
0.032820104
-0.0065992746
0.032136415
0.0042096736
0.017489887
-0.022000688
-0.032357874
-0.019642821
-0.0028679497
-0.0020070295
0.019001641
0.0046704602
0.023230537
0.0020985061
-0.014289665
-0.0037592077
-0.020157161
0.030804103
-0.040336139
0.025895868
0.020481508
0.019329951
-0.02658439
0.032187028
-0.0056026385
0.020646687
0.023150321
-0.0058764562
0.021153561
0.033636707
0.032849208
-0.0026215226
-0.028528809
0.031150332
-0.019786406
-0.023221474
-0.019537253
-0.005330607
-0.0020217572
0.0015036581
-0.020446817
0.025739003
-0.013521088
-0.0021321667
0.021337901
0.031911374
0.0066339783
0.018580698
0.024350462
-0.033141529
0.032165563
-0.019195874
0.023209072
-0.030890887
-0.016672589
-0.0056249253
0.0047870667
-0.021101257
-0.0024668557
0.020545849
0.0098429225
-0.0062561844
-0.0036162208
-0.019629814
0.019865518
-0.022563642
-0.025454828
0.015138897
-0.039134265
0.019376909
0.014301448
-0.031916105
0.0062994133
0.0047116575
-0.015955724
-0.031923503
0.025934244
-0.017406711
0.023237307
0.023967747
-0.0048835543
-0.032319238
0.00075367591
-0.041087706
0.020684566
0.0061694939
-0.031298867
0.0192197
0.0059769706
0.018575777
-0.00053221723
-0.032499731
-0.020351149
0.026202052
0.0046270892
-0.032350166
-0.0006060982
0.024728679
-0.0049218631
-0.019806815
-0.031863503
-0.032001977
-0.028952188
0.0061724983
0.0048434656
-0.022942424
0.016999387
-0.02154782
-0.034323763
-0.023522334
0.031859792
0.012674956
-0.0049844715
0.00075608503
-0.0061648378
-0.022106038
-0.027712536
0.0003918995
-0.02867369
-0.0038214469
-0.00087958925
-0.019853039
0.0060169714
-0.031889445
0.031934941
-0.032304885
-0.030991916
0.0023286642
0.028663252
-0.031795612
0.0039266882
0.027868924
0.028737439
-0.022072182
-0.031122977
0.028501455
0.021943491
-0.017835022
-0.0043112159
-0.025339421
0.019681835
-0.020241178
0.0026522782
0.023720033
-0.018320586
0.024543737
0.005806394
0.028281242
0.0067035979
-0.014719981
0.021305751
-0.0086876324
-0.026238941
0.022317461
-0.026022045
0.0057729927
0.0063349311
0.032574411
-0.00071461831
-0.019533027
0.0050682636
-0.0062916844
-0.0256861
0.023255095
-0.0042751135
0.0055248256
-0.016300149
-0.0022969457
0.03248173
0.031785302
-0.024101499
-0.0044079717
-0.021119541
0.011412458
-0.039437454
0.024830144
-0.019433648
-0.017668378
0.002453584
0.0050427924
-0.031856184
-0.025178334
-0.015105834
-0.018970007
0.031443061
-0.032192587
0.0060721757
0.021717927
0.023056668
-0.004015663
-0.032890091
0.028963133
-0.0063371594
0.0040943248
-0.023024096
0.087060508
8.5912908
8.3516287
-7.9105793
-0.032691027
0.01781849
0.0042528525
-0.031790155
0.0026108782
0.029179277
-0.0018903749
-0.025292338
-0.018174917
-0.013229595
1.5468352
7.7768905
-9.3237257
0.025364769
0.00061822736
0.030805814
-0.01459362
-0.0038838074
0.019481078
0.0015329556
0.018854716
-0.027325832
0.031915223
0.015480792
-0.026926535
0.031900364
-0.027122358
-0.0049007755
0.032023133
-0.019011338
-0.0320553
-0.0061507238
0.031515493
0.031909215
-0.027482994
-0.011276618
-0.019050676
-0.004244927
0.032033058
0.031781115
0.0045833829
-0.031863025
0.028124717
-0.031852187
-0.034043964
6.5701036e-05
0.0044112677
-0.031894261
0.0039533114
0.027608861
0.014139243
0.032529601
-0.003323453
0.031868608
-0.0061866573
-0.0016038841
0.037956476
-0.036352592
-0.014980081
-0.0040907669
-0.027905183
0.031575919
0.018743102
0.0028483664
0.032208702
-0.0059402249
0.031900402
0.015083267
0.0020565503
0.026421397
-0.032024035
-0.0024208155
-0.02863476
0.031055575
-0.02828062
0.031797345
-0.014563867
0.0034548425
-0.031735463
0.012389271
0.03141668
-0.028295448
-0.03131996
-0.028208306
0.005787182
0.0053813601
-0.0025960642
-0.018947329
0.02858463
-0.031005445
0.037027556
-0.0091577916
0.021397388
-0.005476758
0.028243155
0.0031453434
0.031894261
-0.027168007
0.028328799
0.031419879
-0.0050965985
0.026993485
0.0035890384
-0.031597227
0.031943283
-0.028016595
0.019097377
-0.031233588
0.02828806
0.0029455286
-0.028337385
-0.0024066936
-0.019045069
0.0169289
0.013420614
-0.037318136
0.028664285
-0.031164114
-0.01011203
0.031276737
0.0024662992
-0.032063592
0.027308084
-0.027480209
-0.0092950071
-0.028693367
-0.031822235
0.028379563
-0.031184203
0.0028046394
0.0312106
-0.03205376
0.0019086017
-0.030882235
0.030902679
-0.02145845
-0.026102263
-0.002447951
-0.019172792
-0.027642492
-0.0042854001
-0.0022878407
0.028092003
-0.03203482
0.028448129
-0.031122524
0.0026743945
-0.028445782
-0.026642675
-0.028416029
0.019195892
0.031153607
-0.028501295
0.031956137
0.031275164
0.0024504423
-0.015600684
-0.0047472165
-0.021673119
0.031027039
-0.0024219924
-0.028700985
0.0034066639
-0.0019289546
-0.028653122
-0.0002558917
-0.031001335
-0.0031917924
0.0027375778
-0.026915526
-0.031125842
0.0028732152
-0.0018536506
-0.029023248
-0.028315116
0.03146046
0.0032464898
0.0026367633
-0.028252471
0.031306647
-0.028361119
0.028324197
0.0015267387
-0.031093081
-0.031268554
0.031014356
0.021487804
-0.019037362
-0.020652111
0.0016821038
-0.031037531
0.0021910712
-0.03041362
0.028222548
0.17951505
8.1316735
8.2844939
0.067134811
-8.700315
8.7873756
0.028666544
0.028268667
0.031248745
-0.028444105
0.017678645
-0.022117686
-0.0023709869
0.028395339
0.0023792444
-2.2612088
-7.6835597
8.6092814
-0.92572167
9.4774774
0.031176287
-0.028501892
-0.002953797
0.021281428
0.032384304
-0.016719969
0.028867935
-0.031204953
0.00159616
-0.009359177
0.024809796
0.024720835
-0.0058661183
-0.01262609
-0.0063852478
-0.0094037926
-0.030601793
-0.0030242662
0.028467375
0.0024325313
-0.022698571
-0.0044554922
0.02225763
0.019241586
-0.0025741784
-0.035647848
0.017038334
-0.020422976
0.028606074
0.017875402
-0.028630293
0.031001279
-0.03903809
-0.02852735
-0.011420378
-0.011419525
-0.018601978
-0.0048083986
-0.0045047414
0.0024870061
0.020125601
-0.011410884
-0.023846362
0.010368223
-0.020909287
-0.011358216
-0.016985542
0.0023148865
0.0085995149
0.017285334
-0.022781986
0.0049904909
-0.0044632918
0.0059871308
0.017418489
0.020241774
-0.00068558336
-0.019891895
0.023253944
-0.022123188
-0.98138629
-7.7905886
8.7719748
-8.5208
8.8982737
-0.61377975
-0.017742154
0.033744437
0.0044805892
-9.6253448
1.4748661
8.1504787
-9.7410304
7.4798216
1.8570276
1.7050042
-0.0030445686
-0.018535646
0.014619439
0.007281795
0.010589598
0.015317042
-0.024611095
-0.020801268
0.021732979
-0.035735811
0.022459918
-0.004533782
0.013968164
0.016632726
-0.022033472
0.01747334
-0.0051546563
-0.0097983625
0.017595296
-0.022058588
0.017951379
0.016836729
0.014916068
0.023055989
-0.0062895464
-0.014494531
-0.0024910106
0.002138195
-0.0045606264
0.017860311
-0.022490307
-0.017220125
0.039710432
0.0032041527
0.010354923
-0.017172352
-0.0044882197
0.021660572
0.01629246
-0.0046045077
0.021564763
-0.0045630836
-0.0092373044
-0.0024868851
0.012869643
0.011849402
-0.01447277
0.016270694
0.034041784
0.020149159
0.00034987886
0.017056064
-9.1125968
7.9168874
-8.7748708
0.57615914
8.1812661
0.27599484
-0.0044917556
-7.9203406
9.5725116
-7.715484
-1.1484287
-8.5926016
0.0186149
0.0029114494
-0.021343904
0.018467152
-0.0085598376
-0.009294053
-0.013519473
-0.015017267
0.017006747
0.019891572
-0.018836072
0.035128532
-0.038065223
0.0023294123
-0.038122498
-0.0025070232
-0.018943712
0.016882889
0.0085184554
-0.021355361
0.018890738
0.015205712
0.017616234
-0.032200128
0.015487134
-0.022285442
0.0044929575
0.01776698
0.015561317
0.021337809
0.029068774
-0.030917977
0.016807947
0.011957992
-0.011250141
0.035687219
0.0034463097
-0.020541156
0.017094846
0.018878602
0.001552852
0.021125225
-0.0024138969
0.021178286
-0.0024105509
0.018185164
0.020013011
0.015674207
0.036820958
-0.021195675
0.018765327
-0.012427849
0.0099409636
-0.009384622
0.019717004
0.0011668765
0.0038846181
-0.0036904597
0.015225248
0.028990699
0.020725463
-0.020524022
0.020873901
-0.0020729254
0.018994919
-8.5129025
-0.59360476
-0.7386798
-0.0024145096
-0.0018880993
-0.021490059
-0.0095884172
0.03085201
-0.014081119
-0.017419807
1.652171
8.1241969
0.018220373
-0.02207931
0.01499062
-0.024284673
0.018949742
-0.018947004
0.0012266294
0.019068462
0.0023639389
-0.02902749
0.01110784
-0.021987131
-0.038514775
0.014911294
0.0026512239
-0.0043521897
-0.0018432625
0.030912036
-0.03086651
-0.021667601
0.01775969
0.016550013
-0.022131974
0.021308489
-0.0023587468
-0.0024214373
0.021254101
0.004285435
0.0094064239
-0.0023074756
0.023190245
-0.0056097732
0.010438581
-0.020532894
0.018301589
0.0022313056
0.017002676
-0.024924203
0.0055556861
-0.023474046
0.017840397
-0.012339281
0.018831736
0.02183065
0.018703987
0.015147887
-0.012226742
-0.0029211456
0.0056594822
0.016460397
-0.011287985
0.0011606216
-0.018282172
0.017623362
-0.021898735
0.0042753729
0.021876214
-0.018694172
-0.023509419
0.019376489
0.0041329303
0.022535564
0.00020144083
-9.1065072
8.1297526
-8.8684324
-0.020858873
0.020928675
-0.0021908189
-0.0060612045
0.0028360464
-1.6471814
9.7713783
-7.9210173
9.5731883
-7.7721062
-0.0090191016
-0.014101882
-0.018502871
-0.0020300237
0.0018546424
-0.019504584
0.017649941
-0.002442656
0.037398812
-0.036424101
-0.00097471039
-0.036874996
-0.0016397791
-0.0017714275
0.019822328
0.0023715011
-0.023913551
0.018627567
-0.0029433655
0.021492951
0.016250961
0.017314333
0.024458471
-0.0093053314
0.010848861
0.0027113795
0.016757001
-0.023612674
0.030787805
-0.029035752
0.018995181
0.0024926233
-0.021450992
-0.0066332694
0.013503731
0.021136828
-0.0024818616
-0.024405866
0.019084979
0.02163851
-0.016321672
0.0021378113
0.015181043
-0.0036134093
0.012936503
-0.0015204774
-0.010566531
0.0027596414
0.018338063
0.0028248962
0.011508158
-0.022883783
0.005759419
-0.010740882
0.012878694
0.020835233
-0.021239952
-0.015840151
-0.0044122635
-0.89526212
-0.61966314
0.0021956203
-0.018735627
0.015691266
-0.017329164
-9.6264202
7.9242357
1.6467258
-9.5677431
8.1315148
-9.2813247
-9.4192877
0.017990926
0.0042708733
0.0044200858
0.014447706
-0.022920345
0.025135908
0.020314852
-0.016964776
0.00052381562
0.030274773
-0.015405549
-0.016704166
0.018481845
-0.020232557
0.0017962179
0.00073470433
-0.029048552
0.028313848
0.027544982
-0.0012640864
-0.026280896
-0.0018836564
0.0016969905
-0.0019723338
0.031286654
0.016910174
-0.030139769
-0.01467953
0.014600364
-0.0017882706
-0.0026968804
0.021333605
0.017143131
-0.016056045
-0.021230024
0.0026227471
-0.01360716
0.0030406292
0.018709841
-0.029070292
0.023777977
0.01141154
7.2053451e-05
-0.024323106
0.01022427
9.7361329
-0.0047090629
0.014698549
0.00076299761
-0.020957865
-0.00021067923
0.021045912
-0.020493831
0.021256829
0.0021578938
0.0091103623
-0.0091008578
-0.021767621
0.00052766907
0.019192182
-0.020679897
0.0094080559
8.3154066
-9.2106687
-9.1181388
-0.0042229836
-0.018041083
0.017335098
-0.015951727
-0.021342426
0.0026799309
-7.9796944
9.5671541
-1.5452245
-1.2877729
-0.0084726392
0.021685193
-0.02167105
-0.030717455
0.00184707
-0.00099967108
-0.035690467
-0.027214886
0.01407488
0.016623858
-0.022290598
0.01787777
0.025411411
0.0021335716
-0.025498963
0.02834706
-0.027868218
-0.028272045
-0.028594472
-0.014761213
-0.012629931
0.031481183
0.024116874
-0.025402684
0.0012858099
-0.017824614
0.022317572
-0.0044330161
-0.015530464
-0.017978583
-0.024960091
-0.014895858
0.00028313775
0.015212744
0.023238614
-0.016617136
0.0024592554
0.013876514
0.0062709171
-0.022969076
0.01778445
1.7283926
-9.6108764
0.016815064
-0.02070451
-0.032922259
-0.005243217
-0.022243753
0.019465322
0.021799297
-0.022159117
-0.020248851
-0.0045025057
-0.017902145
-8.4890522
-1.4033187
-0.80273227
-0.021558733
0.0025187772
0.017830858
4.3315189e-05
-9.3903745
-9.7601591
7.2436222
1.5874597
1.676045
0.013583392
-0.0099743682
-0.021735157
-0.016362691
0.017759068
0.010578072
-0.013568662
-0.035407329
0.003110769
0.016616334
0.018646354
-0.018544936
-0.012020612
-0.017068652
-0.0053096813
-8.7552362e-05
0.018480109
7.501506e-05
-0.00032694259
0.026552948
-0.026226006
0.0212587
0.0044689283
0.017848643
0.022403532
-0.017818145
-0.022376474
0.017873968
0.022373959
2.9949176e-05
-0.031367876
0.025823596
0.022346698
0.023068824
-0.0053097565
-0.017843975
0.022457361
-0.01773191
-0.0047658127
0.020188697
-0.020618811
0.017759143
0.017932648
-0.022623329
0.018553422
-0.021418972
-0.02228403
0.0040291103
0.019945278
-0.016799093
-0.0045278308
0.021621509
-0.021618376
-0.0029428192
-0.00022888769
-0.0047077308
0.022640379
0.0045595574
0.017868601
0.0045887603
0.016353481
-0.025025321
0.016930323
-0.0042222272
0.0045183166
0.0013963243
-0.019010247
0.015107914
-0.0087226666
-0.002500038
0.0053360844
-0.0024577938
-0.0048362656
0.017825368
0.022508097
-0.021478465
-0.022465702
0.0047337924
-0.0091622913
0.021339425
-0.02135286
0.021462439
-0.021469606
9.7646872
-8.0362946
2.5845562e-05
6.4102977e-05
-0.018105103
0.022752668
-0.0045563575
0.017892856
0.0046152412
-0.00044445659
0.00041089746
-0.020659748
-0.0029518205
-0.0034500156
0.021214107
-8.936911
8.5184197
-9.321152
-0.0050523575
0.0028170478
-0.010786607
-0.016502422
0.022433526
0.017899744
0.013889218
0.031069584
-0.029010288
-0.021767007
0.022554706
0.0067079004
9.6783972
-8.0841141
-8.003698
-1.2831724
-8.1072021
-0.023978511
0.022318979
-0.008734488
-0.013035035
-0.0078570667
-0.011595212
-0.004767479
0.020182296
-0.021523444
-0.48344124
0.022488504
0.00094918431
0.017972058
0.017907432
0.004647274
-0.014526124
-0.023218351
-0.0024870072
0.017642719
0.01792542
-0.0046403343
0.031051163
-0.00058343783
0.022590134
-0.018435825
-0.0030426396
-0.025000344
-0.025040874
0.024953322
0.0035183856
-0.021438208
-0.029232938
0.024606959
-0.024531943
-0.024557886
-0.024293525
0.022540662
0.022268578
-0.0083631726
0.022706584
-0.0051654692
0.017923138
0.0046669961
-0.028011302
0.017777168
0.0040990463
-0.021387646
-0.022112118
-0.018549066
0.019781712
-0.019775352
0.019394675
0.01794681
-0.029973286
0.023886068
-0.00610853
0.022594084
0.018957778
-0.021532404
0.020814739
-0.020280011
0.0027110028
-0.027687501
0.02121634
0.0030238714
-0.030608488
0.049118499
0.01579836
0.017951015
-0.01806625
-0.0037007577
-0.021324812
0.021489977
-0.018997354
0.022618011
0.032598657
0.0036290087
0.0049750634
-0.0030495827
-0.0025462653
0.0052901642
-0.069943265
0.064653101
0.01708156
-0.0015941584
-0.026219734
0.024955648
-0.020563492
4.2831e-05
-0.00090584261
0.01557794
-0.011653248
-0.0179638
-0.0046833698
0.01598348
-0.00051866758
-0.017650763
-0.0036740495
0.021561772
0.017957009
-0.01879048
0.00093272286
-0.020700345
0.078198465
0.0056674381
0.063726891
0.01654163
-0.0048690166
0.022678857
-0.006870882
-0.0019421298
0.01963265
0.019866621
-0.0017512241
0.0027659135
0.029872835
0.024630496
-0.014547151
-0.0028249434
0.021715677
0.011596087
-0.028823552
-0.041834538
-0.020796027
-0.00016183783
0.015958111
0.0060525361
-0.020162115
0.020171878
0.01987892
0.0027008188
-1.1651412
-0.026102954
0.02394661
0.0021563441
-0.020454717
-0.00010877451
0.015320216
0.029909329
0.029851954
1.1757339
-0.021003091
0.022392046
-0.020731924
0.020742517
0.13737421
-0.062194317
-0.002761624
0.021265466
0.00084771914
-0.019627472
-0.02124207
0.020797614
0.00084372826
-0.027063462
0.020683575
-0.00051169521
0.021119161
-0.020708264
0.021148585
-0.024598601
0.0017436592
-0.0009857531
-0.41849125
-0.0014854037
-0.0012295897
0.00028902108
-0.057250185
-0.01514095
0.017298844
0.028038896
-0.054262149
-0.024410237
0.024389326
2.0910962e-05
0.034295384
-0.013460971
-0.029893538
0.024722756
-0.0057188896
-0.019003866
-0.029021784
0.021530518
-0.019122664
0.019110159
0.0057418288
-0.030517357
0.024775528
1.6746992
-9.3672865
-0.023891924
-0.00051831286
-0.023963618
0.021853182
0.0021104354
-0.00079140775
0.023110387
-0.020299018
-0.00014924581
0.017845953
-0.019452278
0.012995781
-0.021730269
-0.019912129
0.022090676
-0.0021785476
0.024115796
0.0010742781
0.025363974
-0.021944458
0.0026311369
-0.020407847
-0.018823147
0.020406006
-0.08348352
-0.0025076022
0.021563679
-0.027630075
0.027652277
-0.44015265
-0.14789105
0.45074818
-0.029135541
-0.021402925
0.021363923
0.128419
-0.015283468
-0.032278612
0.031094416
-0.022122203
0.024531308
-0.0024091045
-2.2106685
3.0528138
0.021610426
-0.021082757
0.00018696415
-0.028055182
0.026518732
-0.026503783
0.017357994
-0.026482602
0.0091246072
-0.0021768096
0.030953894
0.021270197
-0.021260766
0.014952145
0.026247833
-0.026234829
0.016512225
-0.026080317
-0.017959314
0.01584149
0.00089318271
-0.024111533
-0.017186013
0.015434789
-0.019536321
0.019554928
0.026520013
-0.03101406
-0.001811448
0.02457629
-0.019899913
-0.020358868
0.018762042
0.0218577
0.0052948696
2.8909928e-05
0.024559475
-0.0036895832
0.02314382
0.02912427
0.0017708997
0.023669387
0.023892673
-0.023876896
-0.023765046
0.023779198
0.024042106
-0.02376258
0.023776046
-8.5226419e-05
0.022129021
-0.022167838
-4.7022215e-05
0.0016517503
0.02282846
-0.021944578
-0.023629141
0.023549353
0.52667848
-0.30318466
-0.22349381
0.019106052
-0.019102768
0.0077614821
-0.02192515
0.014163668
4.9072678e-05
-0.0011481566
-0.023145369
-0.0018657973
0.0059844079
0.019627728
0.0060936428
-0.022976447
-0.021462906
0.021470299
0.021729269
0.021499254
-0.021480995
0.021328301
0.021718072
-0.021703613
0.021581188
-0.021574184
0.020530249
-0.021635007
-0.020906998
0.020928232
-0.020107661
1.6307968e-06
0.02111364
-0.021129489
-0.021631551
0.022175121
0.021788839
-0.02177196
-0.032190949
0.030911262
-0.020387312
0.020376526
0.020118745
-0.020133147
0.021240286
0.02117872
-0.021186309
-0.021934359
0.022617762
-0.022612373
0.021303787
-0.021313769
-0.021193023
0.021173084
-0.019433806
0.019354681
-0.021142226
0.021121782
-0.03016594
0.040502135
-0.031465645
0.029471263
0.021269422
-0.02127756
0.021233859
0.021256649
-0.021262769
0.020510614
0.030821894
0.022172062
-0.00430815
0.02119785
-0.00090484567
-0.030960778
0.029335099
-0.019695206
0.019669931
0.021260428
-0.02505381
-0.0096766418
-0.021313066
0.017612308
0.015089282
0.0081226987
0.023991988
-0.021208454
0.021178471
0.038252122
-0.029951826
0.0093484501
-0.020233225
0.00081229876
4.3422682e-05
0.020771317
-0.47390667
4.4346983e-05
0.00051914353
4.893073
-0.015421318
0.070299102
-0.024260911
-0.019076476
0.024296582
0.0025235909
-0.021520944
-0.019086436
0.021518967
0.02202928
-0.0031727557
-0.019380384
0.019543712
-0.018970758
0.019039339
-0.021546941
-0.00029007471
0.15570717
0.0017861419
0.001851214
9.9310602
-2.3775288
-0.0020086871
0.017825864
0.01037177
-0.116216
1.6156851
0.23459506
-0.023432232
0.0060155595
0.02901639
-0.013447748
1.4545308
8.4894604
-0.017192373
0.028969011
0.00059225543
-0.028140814
0.0054279365
-9.0305692
-0.03087822
0.028834636
0.031345167
0.0022605024
-0.019521541
0.0016192014
-0.016287989
0.018823621
0.030891691
0.032094444
-0.019008813
-0.034401203
0.029350616
-0.021956913
0.021964881
0.0020153762
0.15071176
0.067523139
-0.00076570024
-0.0018191303
0.031104806
0.015113094
-0.030958695
-0.19577528
0.25217837
-0.022018611
-0.0002033353
-0.019567721
0.01909715
9.14814e-05
0.015891999
0.027746704
0.022370954
-0.0081984257
-0.013648926
-0.008032884
-0.0011409825
-0.0024487801
0.021583564
0.016086166
0.00081540811
-0.017394069
0.0003820649
-0.019172544
-3.5370074e-05
-0.0037911768
0.0038193345
0.021595869
0.021347756
-0.0023977742
0.14727474
0.042209455
-0.0091167329
-0.019302374
0.019326516
-0.017960641
-0.019783576
0.019852925
-0.0028916092
-0.020844037
0.023735646
0.062577892
-0.39387203
-1.1520748
0.031306745
-0.025202423
-0.029103281
0.030889423
-1.0675083
-0.027062342
0.029759837
0.030848103
-0.029023664
-0.015900744
0.01590669
-0.013910028
0.034330831
0.01774982
-0.014567679
0.02314845
-0.029227325
-0.0061241788
0.015489592
-0.013110933
-0.0077017729
0.065506726
-0.017450166
-0.0052216545
-0.028386174
0.033607828
0.25460619
-1.3219257
-0.0024816053
0.0085070549
-8.9243691
4.1971575
-0.015787111
0.015792432
0.0091652754
-0.0091307317
0.017005518
-0.012657787
0.012679971
-0.0016893204
0.0055007884
0.013706206
-0.013680826
-0.00011672174
0.015698811
-0.00046629738
-0.0053605571
-0.017928654
0.0016312665
5.3719984e-05
-0.020815811
-0.022161805
-0.02561605
0.0034276568
0.015326094
0.0024715534
-0.021557989
-0.020476231
0.00071331379
0.0062500641
-0.0062055427
-0.021595927
0.019147147
-0.020039743
-0.018782449
0.012828588
0.044038763
0.011699009
-0.01168132
0.016327795
0.017979622
-0.022872758
0.021844081
-0.00016173999
3.6403672e-05
-0.032414841
0.034810968
0.019245097
-0.017625779
0.24061511
-0.0010279308
0.018729001
-0.0036330622
0.013710645
-0.04797068
0.034260036
-0.019409524
0.050305754
0.00063188373
0.019776833
-0.020408717
0.020013196
-0.019973441
0.023089741
-0.017991275
-0.0048502533
-0.07311189
0.1706087
-0.097496807
0.028295487
0.060063662
2.9359286e-05
0.014740097
-0.020891952
0.021684785
0.017105584
-0.047086702
0.029981118
1.6857454
-0.14902109
0.018856791
0.0030364443
0.021555043
0.0055434302
-0.005510668
2.1111954e-05
0.01178726
-0.027126891
-0.019764204
-0.00016808381
-8.3607357
-7.7331466
-0.013397625
0.027414966
0.0004972426
-0.021500333
1.059307e-05
0.033868019
0.019480902
-0.0053786528
0.020877696
7.683414
-0.26588815
-7.4175258
-0.0039565955
0.030350959
-0.036139019
0.025110913
-0.0016375588
-0.019960398
-0.0016778585
0.031012957
0.0026200684
5.0303506
0.01844192
0.030962969
-0.029159071
-4.4220058e-05
-0.0017829766
0.03515415
-0.020180722
-0.020146472
0.018986609
-0.020143649
0.020100818
-0.020094813
-2.4688939e-05
0.00027861279
-0.024877214
-0.020063326
0.02005285
0.020225163
-0.020232024
-5.4873503
0.00027694863
0.023230523
-8.9254202
8.506929
-0.019994335
-0.018997293
0.016551355
-0.0040429572
0.0025575535
-0.020303404
0.020281423
0.029464063
-0.0063778386
0.019895154
-0.019916401
-0.020133009
0.020109862
-0.029073702
-0.020102945
0.020059522
-0.020062912
-0.020375602
0.020368338
-0.02023372
-0.042504468
-0.020391458
0.02039546
-0.02228812
-0.025954135
0.017837844
-0.020404741
0.020394679
-0.037837903
0.0078677975
-0.021099428
0.02108111
-0.020913822
0.020902084
-0.020058661
0.020074073
-1.7453195
2.2470662
0.017484805
-0.01750415
-0.0072206609
0.028043396
6.0348082
-0.020428733
0.019596416
-0.019594671
0.018962787
-0.018961792
-0.019210495
-0.0022819038
0.019427324
-0.01942671
0.019931875
-0.019924567
0.019795553
-0.019802116
-0.019968543
0.019976195
-0.0031534917
0.0027703079
-0.0068620603
0.0068848027
0.029889826
0.0018470606
0.019846336
-0.019849831
0.026511623
-0.041218856
0.014707232
-0.019808111
0.019811719
-0.0092384625
0.0092617074
-0.010506317
0.010540604
-0.011619399
0.011651479
-0.019694997
0.019694572
-0.017020313
0.0038640522
-0.0038336951
0.0092965619
-0.009259345
-0.018581166
0.01856952
0.020226283
-0.020221016
0.0049593513
-0.0049299747
0.0047312493
-0.0063122263
0.0063509041
-0.0053593131
0.0053996109
-0.013453101
0.01348373
0.016974975
-0.016924231
-0.0092673462
0.0093146793
0.017429137
0.020035765
0.017789278
-0.017740567
-0.0033076606
0.0033273586
0.014789623
-0.010370201
0.010427547
-0.017979226
-0.018218771
0.018207177
0.02305371
-0.003956495
0.013218653
-0.013198742
0.014354613
-0.0030120165
0.0030311077
-0.014620436
0.014654015
0.012483343
-0.012446786
-0.015916161
0.015949771
-0.0070606413
0.0070785996
0.021811273
-0.0087266559
0.0087748345
-0.018675928
0.012173656
-0.012150391
-0.021612894
0.021658942
0.010033151
-0.0099844775
0.014281894
-0.014253948
-0.014162016
0.014170541
-0.010482631
0.010516854
-0.017517753
0.017497888
0.023584365
0.019919302
-0.019903641
-0.016169507
-0.013670034
0.01369995
-0.019051151
0.019052496
0.01740637
-0.017400135
0.0074795367
-0.0074411048
-0.019548085
0.016874494
-7.7500843
-7.9845451
0.0073143579
-0.0072697028
-0.017522266
0.017537612
0.016211647
-0.016202883
0.018842847
-0.01882464
0.017228658
-0.01599654
0.015966977
0.017332703
-0.017326636
0.01829027
-0.018268996
-0.015744201
0.018342553
-0.022142082
-0.019184108
0.019182319
-0.018551044
0.018548939
-0.017230579
0.017210484
-0.023063962
0.020954731
-0.0024061159
-0.017248983
0.016742185
-0.016730804
0.22056781
-0.1478708
-0.016511179
0.016505812
0.015581577
-0.015578761
0.018224404
0.016527753
-0.016520251
0.015097571
-0.015069773
-0.016509652
0.016511365
0.00023024062
0.017138323
-0.01651134
0.016525218
0.015958381
0.013496812
-0.013471282
-0.014491877
0.01449562
-0.00068140991
0.015960277
-0.015949678
0.014018209
-0.013997962
-0.014574021
0.015049018
-0.015045723
-0.015775284
0.015779207
-0.016719879
0.033053206
-0.01165276
0.011682323
-0.014262754
0.014274073
0.032966326
-0.0064564973
3.9633628
-0.64106944
0.011002297
-0.02505325
0.01231802
-0.012284833
-0.13356503
0.15496746
-0.0024082137
0.018876727
-1.2161967
-0.034370484
-0.019366967
-0.00040825059
0.0094754188
-0.031183154
0.021707735
0.031427908
0.031952843
0.02314365
-0.00038769721
0.0023561454
0.020906093
-0.00067288948
0.021470503
0.00084956737
-0.010519058
0.0096694903
0.015908138
0.0024344153
0.001842479
-0.0014310324
0.020193074
0.0038314773
0.030002278
-0.033833755
0.014437118
0.011158965
-0.02528846
-0.019075388
0.059811822
-0.13618819
0.16102998
0.040371343
0.019795898
0.10524225
0.11440167
-0.0022261068
-0.019299443
0.016756521
-0.011441176
0.019228596
-0.030910797
-0.020465936
0.024818027
-0.0043520904
-0.034119243
0.031723798
-0.0024744613
0.00052899295
-0.0013912537
0.018558765
-0.028811678
0.02299825
-0.001414813
-0.017328999
1.6022023
-1.4729007
0.48962196
0.12589295
0.021307952
-0.027929001
0.02093885
-0.0025435195
0.21553094
-0.16153122
0.064961968
0.017904446
-0.001688985
0.033128948
-0.031110868
0.02507815
-0.0048289618
0.020833057
0.0008872805
-0.0017287073
-0.03637562
0.031766077
-0.29794459
-0.11263733
-0.002410842
-0.042349996
0.054128156
-0.02178304
0.018487197
-0.11169106
0.043282639
0.068408423
-0.0055747569
0.037069693
-0.022213071
0.014358783
-0.0023201256
0.034730631
-0.13027759
0.016072475
0.0024862908
0.29045869
-1.5066553
-0.018344196
0.022332496
0.26025476
-0.25153888
0.040989264
-0.038759045
-0.0020023286
-0.0012115786
0.023501082
-0.018911299
0.0099475283
-0.0090979609
0.023855347
-0.027852502
-0.15089626
-0.0016308928
-1.9569971
-0.027568069
0.038777023
-0.027806149
0.0020483066
0.1077672
0.018974974
-0.012807587
0.04984269
-0.99049191
-0.03985504
0.020021326
0.020399798
-0.017299429
-0.0021648897
-0.077878214
0.43513076
0.00024395718
-0.00083231698
0.028140653
0.02743249
0.019185446
-0.022207026
-0.030566942
0.072597822
-2.3947387
-0.029333652
0.19562561
-0.34430621
0.0016502223
-0.047040097
-0.014322115
-0.027743666
-0.020026224
0.019270362
-0.038779961
0.033122392
-0.031348417
0.00088295188
0.018405944
-0.015971529
-0.017148848
0.012279831
0.017048391
0.031414886
-0.039368987
0.0143721
-0.040787112
0.052300065
-0.027361315
0.030036671
-0.0035062639
-0.017510357
0.019939759
7.2875428e-05
-0.013535252
0.0023745728
-7.7089105
7.453234
0.023095493
0.80909167
-6.216227e-05
0.0051098098
0.11541518
-0.004204804
0.012373165
-0.019743086
0.058582843
-0.051613429
-0.017600868
-0.082516713
0.24291466
-0.16039795
0.022191658
0.016143025
-0.022159558
0.022161428
0.015657635
-0.034916257
0.0060666119
0.0052727746
0.00018411709
0.0046527035
0.00025310484
5.9533209e-05
0.0037399111
0.0051634845
-0.00020553359
-0.045808131
0.018580747
-1.2923702
-0.0014182694
0.13680156
0.018197636
-0.031671124
0.030261789
0.022677582
0.016520756
0.002628594
0.0079447803
-0.025482611
0.017537831
-0.021525755
-0.098445439
1.7148458e-05
0.002581885
0.00083902477
-0.067832982
-0.30430493
0.0011088152
-0.29925109
0.0010272107
-0.037911592
-0.89287829
0.018629316
-0.0024126142
0.019800355
0.0019770258
-0.021467819
0.0011256562
-0.030901384
2.9215704e-05
-0.02169564
-0.0057202773
-0.027489089
0.020111072
-0.00050679842
-0.020001036
0.01774683
-0.00020305083
-0.010117739
0.011569982
-0.0076154899
-0.029358434
0.024160002
0.023268876
0.00031534208
-0.0006697982
-0.006770603
-0.0074517944
0.0013293348
0.0024616929
-0.00045138038
0.30736788
-0.032121506
-0.27524638
-0.19064896
-0.021593867
-0.0098428284
-2.0755228e-05
7.5965572
0.00073348348
-0.18017728
0.23089933
0.01075112
0.022196223
-0.005084397
0.016415408
-0.019185544
-0.0022822754
2.4412076
-2.961871
0.0015951686
0.020478822
-0.025557577
0.029954426
-0.025934348
-0.021440937
0.0022553937
0.022726707
-0.0047470846
0.010380202
-0.015254467
-0.0026631569
-0.041966149
0.01772738
0.019925832
-0.0022878157
-0.11171294
0.15547938
-0.091011273
-0.0021667625
0.29968321
-0.001799473
-0.029106865
0.02927101
0.0087116294
0.12587391
-0.14840892
0.057318781
-0.0084045824
-0.02977051
-0.038231205
0.048793621
-0.0044139159
-0.022239945
-0.017949983
-0.026347986
-0.020270543
-0.029144014
-4.1073319
2.7387418
-0.0014339267
-7.8666211
1.1959661
-0.098772186
0.027686971
-0.028892046
0.28396876
-0.24691997
-0.037048789
0.031506981
-0.029411989
0.36906329
0.01237998
0.019347327
0.00047527764
0.015131761
-0.0039256302
0.032722695
0.0027105336
0.014812979
0.043470299
0.021551184
-0.037138728
0.026043017
-0.012844334
-0.018213099
0.020243123
0.0070721024
0.032925351
-0.026687621
0.0059626684
0.01988024
0.7263456
-0.049723069
-0.67662253
0.0055253075
-0.034057547
0.016915602
0.0028343623
0.026935937
-0.0082295546
0.027551476
-0.0059266256
0.016680644
0.0026666827
-9.6061488
7.8993238
-0.047736041
-0.10617782
-0.31581223
0.0060749892
-0.019293709
-0.0024097923
-0.018575554
-0.0024643133
2.2163068
-0.57918541
-1.6371214
-0.1105603
-0.43956519
0.071712396
-0.058503786
-0.0041835972
0.016463428
0.019104896
-0.012155278
-0.0036848728
-0.075584319
0.033938655
0.041645664
0.018252009
-0.018933419
-0.0025134442
0.015822613
0.0089001433
0.0067091797
-0.0038977623
0.011826556
-0.030725564
0.029049431
-0.0022725762
0.039699966
-0.03742739
-0.031938058
0.00073019867
-0.07638642
1.2054989
0.030300037
-0.029115218
0.022263129
-0.0198213
0.0032259026
-0.023080842
-0.0062405746
-0.030880363
0.029191043
-0.030246523
0.017890253
0.016112377
-0.17063382
-0.022925385
0.016073717
0.012930064
-0.97470974
-2.8883517
0.02348695
0.029344604
0.278363
-0.037738833
0.031365039
-0.031594965
-0.0060293478
0.029115309
0.031008287
-0.0032641937
0.028254727
0.015026784
0.023150202
-0.0032229873
0.0050319844
0.0059328763
0.0082671332
0.024242634
-0.023228414
0.028659983
-0.0054315686
-1.6819131
-7.8912751
9.3661413
0.019382319
-0.016715636
0.11162187
-0.040795144
0.033218822
0.003409252
0.028859679
0.035425915
4.6654935
-1.2772914
0.018126702
-0.041694095
-0.021602639
0.011582543
0.80575994
-0.079414342
-0.025848378
-0.026018616
0.012730294
-0.012772242
-0.023247478
0.038382343
-0.015134865
-0.55163631
0.0058185857
-0.0048747105
0.006563546
-0.0016888355
-0.0046397799
0.023289714
-0.01893028
0.018336833
-0.090242065
-0.0029317151
0.14041171
0.11613068
0.019179949
0.0027135388
0.009825811
-0.022979212
-0.018829027
0.048115711
9.345568
-0.0030756429
-0.012980403
-0.00019484534
-0.25373459
-0.14442231
-0.010128808
-0.011884117
-0.065511069
0.02330077
-0.013961176
-0.023030299
0.0039404662
0.0033931811
-0.13179015
-0.0052174808
-0.27702537
-9.0802051
1.86941
0.020643353
-0.019523273
-0.0011200796
0.010776865
0.086486698
0.1282648
-0.093317637
-0.0012011443
0.019976405
-0.014735021
0.44336522
0.076078598
0.032373737
-0.0096421895
-0.017025389
0.14218604
0.070309581
0.14174061
-0.086836644
-0.054903968
-0.048557201
0.045196397
0.0057610771
0.0014238218
0.0019995851
-0.003423407
0.018147021
-0.0026885438
0.93047538
0.050249861
-0.016258524
-0.035823044
0.00086937578
-0.0012768805
0.036871162
-0.036299173
-0.018574168
0.021027752
-0.021420436
0.0031022656
0.018318171
-0.39735549
0.016489373
0.0025744645
0.018634458
-4.5453617
4.0160355
0.0046080169
-0.0030604917
-0.01930481
0.015692796
-0.016869579
0.016870411
0.016763632
4.8057754
5.3753076
-9.9625321
0.020590856
0.011250609
-0.016775717
0.016778284
-0.0099401057
-0.01284972
0.02464787
-0.01392597
-0.016581362
0.016595216
1.8776032
7.3138451
-9.0257095
1.2925629
0.80222678
-9.1629625
5.5133971
-5.7603855
-0.48072477
0.14958305
0.043895358
0.2168097
-0.14910821
-0.019938128
6.3715878
-5.5566059
0.06075485
-0.075076964
0.014948605
-0.01497067
-0.014415597
0.014405438
-0.037945397
-0.04255446
0.013045061
0.00066474513
0.025347458
0.029062322
0.0018915721
0.020058259
-0.020042291
-2.8972583
4.1765364
0.013039649
-0.013052803
0.01732302
-0.017313101
0.093567327
0.11151996
-0.01614174
0.017398968
0.016222578
-0.0018180982
-2.8156418
0.90401373
-1.5142009
-2.2005528
-0.71153211
0.10224377
0.60928835
0.019823096
-0.01980581
0.001151411
-0.021538198
-0.025671371
-0.023878537
-0.01760762
-0.0017665586
-0.013020522
-0.020627767
-0.030214118
0.040187182
-0.018613816
0.024827257
-0.015094853
0.016182092
0.04359894
-0.02510608
-0.020779533
0.037932918
-0.017153385
0.095359352
0.01697654
0.00045259696
-0.373717
-3.4378447
0.030964658
-8.3510398
7.4273506
0.92368922
-0.43595977
-0.0065193758
2.096598
0.014674543
-0.014656699
-0.016532942
-0.0026191354
-0.016120521
0.016122292
-0.016580106
0.016566847
0.015268992
-0.01527181
-0.015964569
0.015955625
0.0057466312
0.025297129
0.030983805
-0.015729299
0.015718198
0.016323253
-0.016315374
-0.016119014
0.016114727
-0.017012304
0.017630204
-0.01758534
0.016022595
-0.016019021
0.02003378
-0.020033861
-0.015407032
-0.01561052
0.015616822
0.01793133
-0.017942249
-0.020351491
0.020347811
0.036645241
-0.0083339112
-0.02831133
0.015372491
-0.015387421
0.016131567
0.014972357
-0.014948773
-0.014120075
0.014102012
-0.013023776
0.013000963
-0.016102894
0.016101829
0.016301937
-0.016302579
0.01574005
-0.015745372
-0.043137747
-0.016150057
0.016122034
0.010591689
-0.010600746
-0.016482408
0.01594546
-0.015971655
0.01747434
-0.01747173
-0.015042454
0.015033774
-0.016840333
0.016822476
-0.01569407
0.015693412
-0.060551952
-0.0023579075
-0.074102679
0.095822869
0.015470299
-0.0092737489
-0.066939562
-0.46116981
0.25001676
-0.6762959
0.023412746
0.080885094
0.014019217
-0.010530086
3.9796604
0.010046569
0.028143127
-0.038189696
0.040097718
-0.018869969
0.0023490929
-0.026036839
0.10715809
-0.085947288
0.023180287
-0.013448669
0.013416248
0.024639585
0.11102249
-0.030153628
0.00081997662
-0.0058544585
-0.010577924
-0.012703519
-0.0058334299
0.52124388
-0.23382009
-0.005220228
0.0024434294
-0.021017597
0.00052886309
-0.029768909
0.07690736
0.029840532
-0.027771572
-0.015561637
0.0476243
0.015834233
-0.0010446097
-0.015847514
0.0026487714
-0.005678445
-0.016961622
0.012551533
-0.020749959
0.074944058
-0.006340031
0.017651944
-0.011141588
-0.015203587
-0.49138775
0.28397372
0.20741403
-0.021184586
-0.082192304
0.10337689
-0.62525164
-1.7527275
0.019708857
-0.0050400561
-0.0026192468
0.021677919
-0.017989089
0.022452037
0.044808814
-0.02164445
-0.023164364
-0.0034529457
0.1932693
-0.0054398848
1.5592704
-9.3093547
1.2644418
-9.2489869
-0.0018681039
0.019040151
-0.019231212
0.064316973
0.029301979
-0.033227609
-0.0025771679
-0.0055413008
0.0086325509
-0.0046920847
-0.0055649439
-1.3486601e-06
-0.10325292
0.020471287
-0.018132248
0.031975414
-0.036606125
0.034803035
-0.26258557
-0.20957821
0.23339572
0.10970081
0.072110756
0.02250014
-0.017215181
0.0061784672
0.25660979
-0.31432482
0.023737264
0.0077680644
-0.014224562
-0.023359372
0.015839767
-0.049753522
0.071390536
0.019083673
0.0023778989
0.046787416
0.010603551
0.0022740901
-0.02544425
0.02317016
0.0012705816
0.018752308
-0.021264705
3.3054391
-0.087897184
0.0019324035
-0.0014999777
-0.00057513706
0.012739479
-0.021663516
0.018265417
-0.0011818289
-0.021383237
0.019112265
-0.0020854853
0.27075075
-0.12677575
-0.018344549
0.015025807
-0.00037179168
0.0045675078
-0.015077884
-0.16789301
-0.0061440064
-0.023993808
0.01931779
-0.044550462
0.023770929
0.0025712978
-0.021639639
0.10244972
-0.76220555
-0.44787069
1.2100762
-0.02984045
0.045423844
-0.018580705
-0.0020481579
0.0026388452
-0.00012164274
0.013566543
0.42210506
0.015696509
-0.015669669
-0.028840422
-0.0018851424
0.040562972
-0.043898478
-0.0165184
-0.0018741251
0.13622733
-0.14208561
-4.4824
-0.86639304
0.005389102
-0.018361228
7.8814591
1.686284
0.029106324
-0.014508952
-0.018548534
0.021314447
-0.042039764
0.028750525
0.053095074
-0.037711874
0.017209661
-0.03066067
-0.00033941799
-0.045075118
0.08411331
0.018325802
0.037223133
0.00139113
-0.17321368
-0.32576517
0.019945715
-0.018648524
0.0013517626
0.020886138
-0.018224765
-0.00096825942
-0.0039173884
0.011919233
0.074834109
-0.015859195
-0.0057172657
0.039698013
0.0046611942
0.018091473
0.0054396134
-0.012237915
-0.021881945
0.091353331
-0.037550468
0.016335219
0.069669356
0.013517425
0.076162093
-0.0064840415
-0.01742056
0.067272608
0.0048273316
-0.035899643
-0.01294449
0.012926718
-0.0018027165
-0.002916922
0.056637849
0.08362816
0.91331955
-1.4294892
-0.030826619
0.0017197537
0.0063371135
-0.02729174
-0.51933223
-0.2299569
0.74928913
0.021404033
0.0026785957
-0.018532598
0.021444047
-0.0015436593
-0.016348356
0.034495047
0.11622716
0.024180951
-0.017558363
0.022087822
0.017599569
-0.00077425979
-1.4630665
-0.44531739
0.13932203
-0.15116021
-0.019488771
-0.011817346
-0.019272544
-8.3166298
6.0784224
0.0265726
-0.0055774993
0.3710435
-0.16172328
-0.022642397
0.01728375
-0.003557418
0.014640839
0.0011043202
-0.24779547
0.25016743
0.076537653
0.025819521
-0.0027585144
-0.000453296
-0.031320213
0.01067862
0.012973057
0.00051067274
0.065246406
0.0248564
-0.030680582
0.013769926
-0.016845569
0.098019561
0.010431037
-0.0052989593
-0.025274061
0.03057302
-0.0020342192
0.0057618354
0.11405014
0.022507391
-0.24617987
-0.0016876576
-0.023201406
-0.01300628
0.030959844
0.012491538
0.0035144785
-0.03105966
0.030027977
-0.0021123848
-0.038620674
-0.075847654
0.015617671
0.10346123
-0.1190789
-0.032506245
0.029896161
0.0013051355
0.001315747
-0.012488318
0.012399226
-0.0038604882
0.018729066
0.0034670639
-0.0029552317
-0.033898155
0.0068698131
0.052672787
-0.070704941
0.018032154
-0.036513747
0.031292093
-0.0080678039
-0.012549347
0.00026512216
0.0093490855
-0.02408359
-0.017534303
0.02163335
-0.0025613708
0.00087253535
0.012015314
-0.023836688
0.37960218
-0.3217887
-4.8096749
-0.48878894
0.038194117
-0.026339833
0.011508932
0.004078852
-0.018849156
0.021272426
-0.0044005889
-0.0050610026
-0.045536658
-0.005969447
0.41696311
-0.52166615
-0.018351956
-0.018034037
-0.0055628343
0.038747917
0.017964482
-0.22767484
0.4401493
0.015500181
2.5997739
7.045201
5.6476374
4.3409491
-5.460797
7.7360392
8.8876594
-0.44732274
1.3963698
7.7790601
10.392325
3.9246554
6.0232495
9.8720468
-6.7951028
-1.0008636
8.2224766
11.242153
-6.3534356
8.7314197
-7.5940948
-0.1092683
-0.043757101
-0.020181229
0.0018408575
0.018340371
0.031689274
0.86276228
-0.037307815
0.32490561
-3.7627503
0.003442103
0.0035636894
0.034035957
0.0049600165
-0.0056520883
-0.011585716
0.0018779424
-0.14815794
4.7392487
0.0046045936
0.0037509521
0.022246709
-0.043821769
-0.067836258
-0.00095667028
0.027999049
-0.033298008
0.0033147314
0.0045084676
-0.0067384189
-0.019396998
-0.013566846
0.0035382996
0.0051056435
0.011381611
0.0088551185
-0.035547633
0.042248999
-0.00055070398
-0.084247502
-0.023780066
0.0013124415
0.016818272
-0.022648999
-3.8172536e-06
-0.010156115
0.022905331
-0.028553712
0.0014913703
-0.022708703
0.017691522
-0.01673455
0.016809288
-0.058993598
6.9870107
-7.8783347
0.022380078
0.020692773
-0.019159817
0.0062550212
0.0085846682
1.3253399
-3.2447888
1.9194489
-0.03149741
0.031775183
0.0030039409
-0.03157932
0.028575379
0.0057245936
-0.073058491
0.042140033
-0.042982552
0.13116856
-0.032950829
-6.394387
-1.9558695
-0.039788353
0.0090279351
0.017909395
0.022295039
-0.027991034
3.6422052
0.069645927
-0.2205387
-0.011166642
-0.028737818
0.03990446
-0.020603755
0.23185807
0.053846689
-0.042011272
0.053506108
-0.024778268
-0.028727839
-0.16208676
0.28133702
-0.16214671
-0.06189788
-0.35607155
-0.07289919
0.010383072
-0.044920175
-3.218155
-3.425826
-0.023589908
0.093705132
-0.018953266
0.0052942521
-0.020097657
0.020068962
0.023261442
0.018172253
0.067737971
0.020126013
-0.019673416
-0.01359441
-0.050872257
0.021554628
-0.0058012034
-0.016329415
0.0038164042
-0.021350708
0.0068778382
-0.0042598441
-0.039601429
3.6827831
-4.0222084
0.010545864
0.014215222
-0.019922823
0.041358372
0.0047024893
0.0017636194
0.060281572
0.54846508
9.1391558
-1.2331701
-7.9059857
-0.012227609
-0.00795362
-0.0020053671
9.4568845
-6.9703467
5.3282954
-10.845166
4.8382959
-5.4945322
-4.7192478
-0.19290342
0.55105698
-0.019560029
-0.0039972488
0.023231898
-0.002046849
-1.0992392
-0.0094941747
0.00052195088
-0.015876705
0.015354754
0.020018534
0.0096359104
0.22795099
0.018644532
-0.026896926
-0.0035922669
0.0068736184
0.051280251
-0.076595736
-0.018293856
-0.082480023
-0.026113578
0.023221969
0.028444675
-0.033115932
-0.01504658
0.036597765
0.038955137
0.047813205
0.04256874
-0.009233266
0.0047869494
0.9206727
-2.4348736
-0.0056924196
0.1202589
-0.017736064
-0.0017005336
0.017137069
-0.10394624
0.23094223
-0.0068871564
0.04406627
-0.065487276
0.022559845
-0.02698953
-0.036600475
-2.5457925e-05
-0.038983808
0.039009266
-0.48884297
0.024753614
-0.0041102609
0.054376259
-0.024686618
0.030556111
-0.0062667779
2.8395968
-0.14299123
0.04111492
-0.031068351
0.029743514
-0.030805289
0.0080026755
0.15495508
0.0096927014
0.0065566605
0.012130792
0.049685515
0.27440968
0.01308276
0.024494202
-0.78712993
1.0887684
0.02960364
-0.034448955
-0.0016893935
-0.00021419624
1.2861591
2.6435149
0.033729475
-0.038818162
-0.030588794
0.01393486
-0.032156027
-0.0013788197
0.036821577
0.00065926966
-0.0037562747
-0.0031165722
0.024393429
-0.043940246
0.062637128
0.016462792
0.014918231
0.00095689441
0.028920593
-0.031137342
0.0037948459
-0.031265834
0.029168962
0.00082852998
0.04503168
0.035377665
-0.0012886315
0.027924698
-0.029878519
0.0021265375
-0.003800684
-0.00085152936
-0.001770105
0.028775606
0.024422009
-2.6472312
2.7036886
0.022484479
-0.019844453
-0.013463126
0.0020140415
0.020687462
-0.12106245
0.00051177223
0.41317127
0.00084291603
0.037054996
-0.0056561743
-0.0092396832
-0.0039022946
-0.018278704
0.020722133
0.0012594828
-0.03012309
0.081395827
-0.17734482
0.095948996
-0.0092207436
-0.028935047
0.01176441
-0.026729366
0.15374769
0.35724678
0.02298493
-0.0038451915
0.012112325
-0.019224815
0.032434308
0.0058067756
-0.00046492276
0.089907525
0.0039248285
-0.041341432
0.016198747
0.0037990465
0.9798997
-0.96179273
-0.19955886
-0.012462245
0.0073398837
-0.0053078679
0.035267872
8.2582208
-7.62667
-0.082259783
0.021589463
-0.015896735
-0.022912877
-0.060626559
0.34722208
-0.28659552
0.017355059
0.0021261716
0.034990728
-0.032672359
0.029367941
-0.029130041
0.022983343
0.026864676
-0.021161087
-0.0054120323
0.0052217453
-0.023644709
-0.03534638
0.00053385704
-0.22756353
-0.029047862
0.048547707
0.021660644
0.017198061
-0.031995351
0.0033426709
0.02865268
-0.036040238
0.028745393
0.78431749
0.025965857
-0.0052222529
0.014207055
-0.083376161
0.01005367
-2.2331686
9.4767908
-0.12055647
2.7459745
-0.00044726626
0.00015659845
-0.012141679
0.01245923
0.036634511
-1.1586689
1.3388743
-0.029451752
-0.0055203768
-0.013747851
0.014902774
-0.022321741
-0.022451866
0.020782036
0.072362224
-0.09962357
-0.0014239556
-0.042586363
-0.0029609163
-8.856314
-0.0056955078
-0.0051582832
0.01155893
0.016102772
-0.016113857
-0.0046053051
-0.031128839
-0.064034922
0.040590576
-0.0040792472
-0.004581459
0.031496702
0.36465573
-0.54437217
0.17971644
-0.011259177
-0.0012468572
-0.033280997
-0.0223338
-0.4459244
-0.92705512
-3.1802768
0.033444985
-0.044502633
-0.030307477
-0.28409693
0.38942097
-0.0034080998
-0.059308905
5.9239976
-8.5746197
-1.95835
0.99173432
0.96661569
-0.020967145
0.021011047
-0.015850151
-0.019392176
-2.014365
0.33731906
0.31797268
-0.28574604
-0.015362481
-0.50543141
0.16279393
-0.0012584257
0.018173835
-0.032733075
-0.001830932
-0.015561449
-0.023125213
0.0049265304
-0.021972485
0.0093766872
-0.020043796
1.3787928
-0.0027328048
-0.015040913
0.019448885
-0.0042236371
0.026871446
0.22775193
-0.0031715962
0.32924355
-0.21338005
-0.024521892
0.058435941
0.030983186
-0.030750931
-1.2108382
-2.3969311
-0.0037421222
0.1311695
-0.034193073
-0.031637251
-0.069812442
-0.0022602072
-0.0031306353
-0.094006408
0.45977319
-0.36576679
0.0087149745
0.051315668
-1.7431112
0.13333571
-0.0029792165
-0.022845458
0.026693596
-0.041736043
-0.47834321
-1.0632662
0.061080219
0.018637217
0.023805454
-0.0074519728
-0.43153333
0.0038100675
-0.0043484852
-0.010670841
-0.0038688048
0.034495914
-0.034033734
-0.022033733
0.064265139
0.099686148
0.0085425102
-1.0179664
7.6191369
-0.019990919
1.0725176
0.021943782
0.017027293
0.0012951144
0.00087147301
0.095847913
-2.4472963
-2.9499003
0.023364449
0.023505952
-0.0056287497
-0.017877203
-0.098539794
0.12485994
-0.017121111
0.016256083
0.032281824
-0.048537908
-0.030087915
0.020678398
-0.0096256516
4.9829911
-9.7498107
0.28538049
-0.23403163
1.7831142
-3.6455652
0.029708368
0.018464472
0.0039095943
0.27553934
-0.13512763
-1.1666404
8.4947365
-7.3280961
-0.39173065
0.027029785
-0.0090441564
0.01969889
-1.270211
8.9600851
-8.1054668
-0.0043982988
-0.018796512
0.013093158
0.023176109
-0.036269267
-0.023039345
0.011192853
-0.055831315
-0.035032313
0.014532409
-0.013353807
0.13904776
-0.16074945
-0.062642176
0.023664879
-9.5856088
8.4189684
0.02926793
-0.022755902
-0.019466368
3.9280839e-05
0.029382045
-0.030436648
-0.10233909
-0.020128187
0.049197955
-0.028885998
-0.015168869
0.024966748
-0.008102976
0.029726404
-0.0075787023
0.46917247
0.09149176
0.014658186
0.019021522
-0.021939128
-0.1204895
0.13610717
-0.064939963
-0.02295722
-0.017691131
-0.030175029
0.03767627
0.026485787
-0.016187482
-0.0017354317
-0.028853363
-0.016665275
-0.001166002
-3.5574938
-10.241234
5.6031665
0.030751106
-0.0012978963
0.018341249
0.031615351
-0.013340051
-0.19446463
0.01667179
-0.00077979133
-0.022546676
-0.2334849
0.44286114
-0.20937623
-0.13383505
-0.10695905
1.3883605
-9.8270172
0.95858478
0.029222375
-0.1118739
0.4767782
-0.15427476
0.10935012
-0.088920437
0.02844525
-0.030528266
-0.015172447
0.026508417
-0.15778316
-0.0047993082
-0.019942992
4.9114722
0.02251932
0.01985865
-0.018722573
-0.023841286
0.028305565
-0.61287922
-0.098791409
-0.029788914
-8.9605776e-05
-0.015403998
0.0080943895
-0.037877031
0.020151252
0.030031591
-0.002055568
-0.027706033
-0.024765982
0.0061719595
-0.021812143
2.4050839
-2.9561421
0.015373222
-0.076459352
0.071315654
0.0051436986
-0.017726266
-0.067938826
0.040856308
0.029381347
0.0088711407
0.016646369
-0.025776567
-7.6326185
0.0069609973
-0.43371232
0.023377107
0.017172149
0.0026652389
-0.3015541
0.05988877
-0.052850837
0.01120466
0.0098362658
0.020668415
-0.01816728
-0.030704662
-0.0057975154
-0.016418499
-1.2903743
3.9167602e-05
-0.020270454
-0.00076688689
-0.0026069112
7.4214486
-2.8156403
-4.6058083
-0.021683302
0.032990441
-0.043495278
6.7769333
0.016181753
0.029263643
0.033038074
-0.0026200636
-7.0284704
-1.3511255
8.3795959
0.0038928736
0.018439622
0.0036202149
0.013656508
0.00010863693
0.013209612
-0.0028491614
0.0080343292
0.021865716
0.39973977
0.018613672
0.031237738
-0.15313558
0.22278151
0.020645001
-2.4442204
0.025534804
-0.032665389
-0.021536348
-0.021110656
0.019300478
-0.02162332
0.016886984
-0.010101298
0.048109926
-0.012934817
-0.20637697
0.10299267
-0.013376137
-0.006445573
-0.031445508
0.038312217
0.039281383
-0.046617261
0.030597862
0.021147156
3.1314783e-05
0.015454537
0.023946747
-0.0027112969
-0.030346148
0.029825719
0.29233506
0.029672975
-0.0057869063
-0.18001685
0.2356194
0.002695073
0.027822026
-0.016212235
-0.022571629
0.005582996
0.016988633
0.013852027
-0.015990465
0.013029549
0.021111395
0.042942684
8.2085462
-1.372556
-7.7399681
9.1125242
0.018139342
9.6357363
-1.8901229
-7.7456134
0.10102066
-1.0399625
0.0028280986
0.0035104298
0.0031958409
-0.03945811
0.010779729
0.075278951
-0.040724163
-0.034554787
0.023229511
-0.03084747
2.546322
0.018317772
0.0078216311
0.0079586076
-0.020672216
0.017302512
0.10667956
-1.0600442
-2.8448815
0.022648928
0.017246503
-0.0049651718
-0.015346558
0.024408491
0.0087488368
-0.7357559
-0.84721393
-0.010908703
6.4454279
-0.15202749
-0.023164247
-1.4844845
9.0934441
-7.6089596
0.030467
-0.0177947
0.17722382
0.10136479
0.11959882
-0.13194517
0.04239734
-0.023363916
0.019239144
0.017787136
0.030221705
-0.028584994
0.031193903
0.34511133
0.014826134
-0.24222194
0.36969945
-0.018468777
0.010592663
-0.024875901
-0.09549008
0.07330204
0.02218804
-0.48569197
-0.02321151
-0.049457195
0.072668705
0.014579316
0.010569708
0.00059923058
-1.0876759
0.015014453
-0.081912644
-0.035703408
-0.0017808179
-0.0043434748
-0.026495609
0.027515428
-0.016992399
0.011872056
-0.0036833459
0.00062876115
-0.034810774
0.039725466
0.011364044
0.13027691
-0.082166986
-0.45681369
-0.27801865
0.024098218
1.4226972
-9.0919823
1.0556877
0.072104411
-0.042628417
0.013687973
0.039123809
-0.027801681
0.099594285
2.8742784
0.040108652
0.049384328
-0.08949298
0.0018537471
0.031487974
-3.729426e-05
5.7034949
-6.0199055
0.010260684
0.028579618
-0.017219782
-0.015213887
0.025620964
0.02112536
-0.025954322
-0.031201375
0.031105943
-0.0071153673
9.2189154
-5.3816791
0.012892701
0.0204557
-0.020210095
0.029710228
-0.021765448
-0.66069358
0.66766784
-0.012298814
-0.00047342858
-0.71568018
0.01574339
0.035843437
0.023060627
-0.057461442
0.0026968464
-0.013226932
-0.017871892
0.034168
-0.019313077
-0.47760944
0.0045662578
-0.022332501
-0.0084177897
-0.015441057
0.028699973
0.040870666
0.00092546602
-0.03142847
0.030430878
-0.0043167159
0.04135885
5.0646798e-05
0.039705531
-0.039756178
0.034023476
-0.023559424
-0.0023193202
0.011511468
-0.0013875931
-0.22687207
-0.0011344431
0.037234156
-2.264638
0.85645641
-0.0011710523
0.029099565
0.017901844
0.03286482
-0.0069568166
0.017365749
-0.01691099
-0.00070795518
-0.03088701
0.027858091
-0.031077054
0.037850561
-0.019733986
-0.018116576
-0.0013179695
-0.031626055
0.031113786
-0.015276195
0.023037677
0.022165899
0.014306812
1.2566504
3.6183884
0.018810534
0.019720971
-0.043317931
0.015531747
-0.022117613
0.140105
-0.11798738
0.040219425
-0.0019078461
0.017075335
0.0068296962
0.00089196411
0.018938341
0.031404346
-0.02221825
-0.032896675
0.0044171441
0.028479531
0.035747004
-0.022596392
-0.022230175
-0.035712188
0.026088378
-0.031724157
0.0015274581
-0.018957671
9.8669823
-7.2245255
-2.6424567
-0.027036066
-1.4961821
-0.016811439
0.0084832131
-0.0029494389
0.021551833
-0.019033056
0.0039377076
-0.017059138
-0.0023063049
0.017052218
-0.0023452409
0.13283108
-0.064066064
-0.068765019
0.18889754
0.0036798345
0.038554829
-0.024275937
0.0046456168
0.0040103156
0.026675087
-0.018106587
-0.0025000959
0.022573367
0.068050651
0.0041466277
-0.01887727
0.023738984
-0.017134794
0.00021074524
0.00042121361
-0.04235591
-0.032200519
0.022691268
0.0026925233
0.027883183
0.030212618
0.041030745
-0.025039564
0.012875607
-0.0034756408
-0.70948454
-8.3824977
0.0017545177
-0.024669115
0.0051622543
-0.020737629
-0.024954233
0.070690547
0.020943577
0.39234875
-0.010174188
0.042745782
-0.026502379
-0.0047891279
0.02248065
-0.029752451
-0.001080398
0.016477732
-0.017283833
-0.0047018377
0.045092379
-0.024507756
-0.051461875
0.0024794299
-0.014309571
0.043541621
-0.02923205
-0.036932247
0.018872167
7.5026936
-0.021191271
-0.024995075
-0.023827375
0.10403712
-0.025466271
0.055555386
0.032646582
-0.088201967
0.044322431
-0.025588145
-0.018734286
0.0082723734
0.031116026
-0.028283274
-0.0017973561
-0.0098730114
0.018546065
0.00095926591
0.033181707
0.026580448
-1.4343636
-0.27829199
-0.0068271974
0.044898857
-0.028416177
-0.04921459
-0.019507054
0.036330777
0.0021940665
0.0022729472
0.017702967
-0.020391588
0.26876778
-0.10148245
0.061053215
0.040429236
0.019122419
0.022547118
0.038411304
-0.021543745
0.13063527
0.028762544
0.05026082
-0.033155236
-0.023195296
-0.0028456657
-0.011978582
0.014006744
0.034744391
-0.10240391
-0.063881952
-0.143788
0.077454438
0.021662445
-0.018982514
0.035270871
-0.030483922
0.011541467
-0.0054200553
-0.20108221
-1.1208435
-0.013279415
-0.025667683
0.65535087
-0.87079473
0.21544386
-0.0034298731
0.012778323
0.022868976
-0.017348396
-0.05100967
0.10499632
-0.053986651
-0.0001263669
-0.030761566
-0.0031890601
8.2258662
-8.6462285
-0.035375376
0.062546429
-0.027171052
-0.88310235
0.16561157
0.01681737
0.021006722
3.9189483e-05
0.022595194
-0.020913091
-0.0045722684
9.1626606
0.020530312
0.032649516
-0.053179828
0.019760342
-0.022203463
0.048371409
0.0064688726
0.016502934
-0.0021697303
-2.9446367
1.1599949
-0.028771439
0.0031301871
0.020050099
-0.021582035
0.032009323
0.072010835
-0.0035649067
-0.047533338
-0.34419731
7.2472002
1.7203012
-8.9675014
-0.039056859
0.030765979
-0.028507777
0.29928314
-0.2987312
0.038514872
-0.029803242
-0.029861523
-0.03122007
0.030795253
0.0072687597
-0.0019182777
0.010575796
-0.038302199
-0.013320838
0.013339941
-0.089804918
-0.0041620181
-0.0010751726
0.016423948
-0.0023115793
1.0716258
0.024913719
-0.012142947
0.024243784
-0.019595006
-0.068506801
-0.073469472
0.11444215
3.3938189
0.029933499
-0.076478631
0.046545133
6.4672674
-0.7170636
-0.0091537843
-0.0011062923
0.0024420527
0.0055655765
-0.76406696
1.0230704
-0.25900347
4.6762879
0.91649111
0.033529802
0.012019608
-6.2820771
5.4724124
0.80966477
-0.021421065
0.024870328
-0.022305151
0.027642058
-0.014850852
-0.0081952482
0.0041324514
-0.018020295
-0.002733044
-0.022064277
0.0017408556
-0.010019811
6.5596797
-8.0383996
0.076055984
0.10116783
0.015538881
-0.018759167
0.019029306
-0.030150858
-0.049681119
0.0085115632
0.012919878
-0.14029766
0.018709616
-1.0554585
0.00020208197
0.01700499
-0.01736884
0.020515967
0.0053716237
-0.13005021
0.055629893
0.074420321
0.013021251
0.00094281369
0.016478462
0.038666492
-0.0087443618
-0.019234958
-0.029328789
-0.18563655
0.33288675
-0.017324257
-0.0055662382
0.022890495
0.0055556752
-0.0059732684
-0.041418185
-0.023202813
0.019464852
-0.0033132513
0.02087428
0.020179443
-1.1071631
-0.25302002
1.3601831
0.0018656604
0.015025707
0.020072928
-0.023681042
0.0061428462
-0.015037014
-0.030995416
0.031531096
0.15398047
-0.0015281374
-0.46021103
0.0093819719
4.8899917
0.014477382
-0.024651301
0.030949388
-0.0064808667
0.063605063
0.0084057716
-0.93393426
0.12401098
0.80992328
0.029388988
-0.018965133
-0.066310616
0.0087146657
-1.5581651
-0.3076232
0.33900013
0.031057497
-9.7705657
0.0081300271
0.11254253
-0.091073329
0.023267862
-0.017971916
0.026472187
0.096339839
-0.056231187
0.018489341
-0.0016137074
0.013386341
0.0098731107
0.021144743
-0.0021465797
-0.0017685626
-0.038943199
0.036067782
-0.044246197
-0.0043795641
-0.028469899
0.022988797
0.018754116
-0.035198241
-8.2234827
-5.4703212
-4.6895478
-4.9297177
-5.2846683
-0.02999604
-0.00070862181
-0.030918579
0.025361746
-0.02494671
0.00049268107
0.021952428
-0.0070501904
-0.047458896
0.00048992118
-0.013810759
0.68110794
-0.0020179312
0.21273069
-0.13057628
0.013978113
0.019614681
-0.013335932
-0.030523685
0.03078884
-0.016869932
0.01243121
0.01442849
-0.071246813
-0.015733692
0.02933773
-0.030954307
0.35230402
-0.18386901
-0.037599105
0.032125132
0.021369793
1.9218709
0.19940274
4.7815375
-0.030880429
0.030421926
0.019804188
-0.019817167
0.020197741
-0.00067738927
0.036967799
0.027326726
-0.0044296349
0.023047334
-0.091346581
-6.6938822
0.0016952957
-0.037269783
0.040482397
-0.023339437
-7.5699571
3.5585731
-5.0481402
-0.01097575
0.00054545003
0.44128489
0.010249666
0.99616321
-0.0018392613
-0.023359237
0.078063341
-0.054704104
0.028226105
-0.030280706
-0.016155013
-0.071851664
0.073778624
-0.0019269599
-0.036320635
0.10225133
0.02761038
0.02622247
0.011049957
-0.057683603
-0.036083401
-0.0019120104
0.03805981
-0.22622936
-0.018352625
0.023625704
-0.30044577
-0.20498563
0.031133429
-0.029362324
0.043027055
-0.024792284
0.0070351166
-0.048523647
-0.07794643
0.12647008
-2.8755276
-3.6354948
6.5110225
0.0095535323
0.027612464
-0.24218703
-0.0044606709
0.022677828
-0.034682956
-0.001135401
2.1633637
-2.3304187
0.045565365
-0.026061026
0.019233327
0.01103122
0.037155501
-0.027331944
-0.016752151
0.022020899
0.37855937
0.0080547591
-0.026453192
0.040360974
-0.0023065032
-4.4568615
4.7374538
-0.28059228
0.010633804
-0.0020652988
0.021012628
-0.034412538
0.026557071
0.0015564199
0.026103013
-0.027659433
-0.00095034769
-2.4193394
2.8092536
0.015805275
-0.032334067
0.016528793
0.047965441
-0.027571712
-9.4061601
0.0078433616
0.017428177
0.024843519
-0.032848386
0.032655263
-0.074459468
0.026749127
0.027203024
-0.043390571
0.016187547
-0.0027213152
0.050016715
-0.028251341
0.010460644
0.01286435
-0.0043237654
1.1927212
0.1028045
0.0036777921
-7.64823
-0.028850641
-0.0083535144
0.039375177
0.0087021108
-0.019652729
0.051572036
1.132877
0.18446025
0.0028460475
0.053336912
-0.030170617
-0.0010808135
-0.013057723
-0.047392755
0.28562134
-0.23822859
0.007945123
0.010195841
-8.7869996
-0.0053989317
0.0068517883
0.019262271
-0.0027334606
0.025756111
-0.027744694
0.0141492
0.008753619
0.056111179
-0.0314522
-0.029695514
-0.028476607
0.044880345
-0.030392919
0.026374572
-0.03095458
-0.0051472793
0.020708596
0.0090095537
0.009212267
-0.057640534
0.012902694
0.0047218824
-0.023606855
-0.018298264
-0.064989754
0.0099403503
0.0020377608
0.20051728
-0.020779756
0.024328926
-0.01836379
0.037967561
0.78557679
0.23275058
-1.0183274
-0.0019236441
-0.0052735461
0.01774781
0.010592424
-0.0096562601
0.0003969151
-0.031821891
-0.00099863953
-0.022669185
0.28403155
-0.036485488
-0.00031359119
0.015314732
0.068806604
0.1583507
0.052854667
0.35059306
-0.26102767
0.028363787
0.0083450405
0.0089640664
-0.012511012
0.010064508
0.017106065
-0.029392169
0.0096257544
-0.0083261502
-0.029370101
-0.0013804726
0.013737886
0.03085297
0.030647251
0.011562204
-0.032360341
-0.007974353
0.0073147374
-0.50510106
0.057074285
0.011949938
0.010145889
-0.66330384
1.5368412
0.0095515452
0.0038627776
-0.037777866
0.0087890809
0.025944522
-0.014133963
-0.0031334313
0.0083103544
0.095844236
-0.023337979
-6.0698925
-0.68636922
0.058603326
-0.0026047072
7.8839488
1.3349666
1.2172901
-0.045128319
-0.0057743795
0.0037931101
0.0065790436
-0.021479845
0.031209254
-0.021459927
0.002911393
-0.012778287
0.022332379
-0.0095540919
0.00096142598
-0.029794396
0.029232475
1.8487067
-0.13230022
0.0088347162
-0.15464272
-0.19539363
0.35003635
-0.023094048
-0.018614129
0.023714821
-0.0051006929
-0.011544131
-0.047070798
0.058614929
-0.026935711
0.072445674
0.59264669
0.0097720074
0.041710593
-0.10589146
0.042537084
-0.022823273
-0.012799158
0.020647547
-0.024644795
0.0090633268
-0.031376719
0.029691822
1.0985833
0.05227134
0.0063319859
-0.03168361
0.021103902
-0.095287266
0.37251417
-0.60236713
0.22985296
0.015360992
-0.020179605
0.35971738
0.0087234284
0.017934649
0.26126333
-0.050342397
0.0091717691
-0.083778456
0.18062867
-0.096850215
0.19731141
-0.57699239
0.0070290839
-0.0018769626
-0.019343562
-0.37528515
0.014547279
-0.98082456
1.0963647
-0.012445313
0.017067134
0.79217409
-0.13792428
0.22785432
-0.023934034
0.0048845414
0.021350118
0.0016923499
0.011488543
0.011183206
-0.022671749
-0.029581348
0.027677465
-0.043178211
0.015500747
0.0084128095
-0.021331018
-3.5914149
1.5446001
-0.020791406
10.606774
-0.07442521
-0.029773772
0.0053182158
8.1395146e-05
-0.0085906177
0.0079096494
0.0077344619
-0.0020719493
0.2233422
0.052660718
0.52970213
0.0044908489
3.638441
0.013088734
-0.00030106544
-0.012787669
0.029112617
-0.028923598
0.0069401026
0.008559337
0.024852413
-0.010662981
-0.77682024
1.1663193
-0.38949906
-0.050111374
-0.088717041
0.0053344888
-0.9471089
0.013174633
0.020017696
-0.027704846
0.02590537
0.039146992
0.045031491
0.024930394
-0.069961884
-0.041119744
0.04513006
-0.074582322
0.042254696
-0.0025044784
0.030585897
-0.027480106
-0.008002004
0.00051423524
0.26782122
-0.27907876
0.0091605154
-0.02254595
-1.0246226
5.6000283
-0.018561397
0.021597841
0.20778659
-0.01634454
-0.0047758689
-0.019033713
0.022673544
0.059122764
-0.0035198724
0.022601555
0.024515115
0.012971274
0.52595431
-0.018816199
0.035969041
-0.021113803
0.19675119
-1.4991429
1.3023917
0.013919143
5.242141
-1.7924844
-0.031338683
0.021452707
-0.0040182841
0.021903134
-0.0049166946
0.036270451
0.0042213736
-0.019810301
0.010365201
-0.0028052885
0.015051805
-0.061191521
0.046139716
9.427399
-2.1801988
0.009199161
0.22728009
0.22627787
-0.024650802
0.020547252
-0.097127989
0.006885924
-0.029756405
-0.030582222
0.028721193
-0.012387526
0.046239668
-0.029983585
-0.03234912
0.025628404
0.0029804144
-0.030652107
0.02886913
0.015689747
0.0083075521
-0.02100192
0.0027959911
0.091569955
-0.025657549
-0.42145953
-0.0015866699
-0.020533663
0.018042298
-0.018247831
0.050812955
-0.0062432894
0.044373921
0.011007338
-0.022201509
0.0021766116
0.070065758
-0.068220123
0.0027965226
8.0610511
0.63794015
0.010739487
-0.028095683
0.027585999
-0.0077487937
-0.0096964401
-0.030575922
0.023993054
0.016974949
-0.016931634
0.10076567
0.011253234
-7.6897165
0.014704848
0.010941683
-0.02562017
0.02030216
0.010974548
0.0081142724
0.055998829
0.014691352
0.023019318
-0.006201046
0.012067651
-0.060587859
0.017422785
-0.0054967292
0.0016980039
0.017989121
0.021326797
-0.0038431693
-0.09328482
0.10187509
0.24534698
0.0031571957
-0.028003981
-0.012181666
-0.020740594
0.12464966
0.010820425
-0.018001787
0.022283564
0.010008288
-0.011202409
0.0016139924
0.010970951
-0.032807426
-0.033007234
0.032316328
-0.014286163
-0.018686014
-0.027470169
-0.010222599
-0.008607318
-0.023773165
0.019740931
0.017937079
0.0014765624
0.012242504
-0.019472117
0.022124788
-0.018955014
-0.0031463748
0.011480505
0.025254336
0.010458407
0.060198218
-0.0035874174
-0.012401953
-0.0039099254
0.061598082
-0.023243457
0.018782786
-0.0039434427
0.055098687
0.011094023
-0.022013491
0.12992565
-0.019051032
0.014084642
0.23364538
-0.75297761
0.12356119
-0.028545849
-0.057507586
1.668027
0.42857099
0.070859353
0.12244756
-0.0018319417
0.35674562
-0.1941828
-0.16256282
-0.029954192
0.028376011
-0.019010345
0.01069253
0.038480601
-0.0035828111
0.032228235
-0.028645424
-0.033268769
-0.0018412649
0.0050603289
-0.019443469
0.023376893
9.5610934e-05
-0.028156756
-0.30361277
0.012322659
-0.030311072
-1.1313638
0.18425495
-0.020288178
-0.016170967
0.05987607
-0.0043035152
0.027123654
0.0057731735
0.016695622
0.026239137
0.0025237062
0.018798762
0.83516626
0.0018076646
-0.032809984
0.031343022
0.020636622
-0.0081463383
0.025357285
6.0737641
-1.0425237
-0.021875173
0.0083398526
0.16822176
-0.12899625
-0.061478111
0.0060526803
2.2371913
-0.0028135359
0.019583227
-0.020628504
0.021628306
-0.094134078
-0.016267317
0.026422669
-0.82715136
0.37033767
0.026036623
0.0035488087
-0.028965521
-0.039187132
-0.0478077
0.014589356
0.32272011
0.026018209
-0.14438517
-0.16384433
0.052131388
-0.038241591
0.030608721
0.048167353
-2.353771
2.0115985
-0.0068093669
-0.015898163
0.18904115
-0.10764533
0.02145649
-0.02986324
0.00056244123
0.023102878
0.028781687
0.014424925
0.02148378
-0.018863711
-0.021066548
-0.00047165043
0.011233074
-0.01841652
0.048089254
-0.07144849
-4.8221447
-1.5082379
0.11617816
-0.11638144
0.022365014
6.0046917
-6.2640361
0.025959175
-0.042731432
-0.028021162
0.02970451
-0.01835934
0.0061854699
0.017288576
-0.0096768507
-0.010266442
-0.70799449
0.68341354
0.27134564
0.11623648
-0.031067271
0.026723797
0.036567687
-0.021648089
0.057006549
-0.036573365
0.021974938
-0.0023736785
0.48137033
-0.28607052
0.20946725
0.16909212
0.080832416
0.019954763
0.20829654
-0.10663944
0.45364878
0.019827615
-2.3625403
1.2388974
6.8887157
-4.4041296
0.33083796
-0.0018540918
0.026140636
-0.006071942
-0.017529516
-0.0023642697
0.0055565397
-0.023547815
-0.00027240044
0.029072012
-0.028799611
0.020389896
-0.019229536
-0.016211438
-0.0036939312
0.37669722
-0.22571868
0.0093967824
-0.025736443
-0.064732145
0.037870757
0.0058195595
0.01386559
-0.15135753
0.23121479
-0.079857261
0.026089129
-0.0064292487
0.0034180342
-0.0077196745
0.028978949
-8.7543854
5.3511342
-0.035800557
0.035074199
0.020783143
0.0050517252
0.017817251
0.024046048
-0.03639906
0.00031565953
0.037319718
0.014132161
-0.051451879
0.01590372
0.0024331128
-3.9648592
1.0676009
-0.035045445
0.016196289
0.003265543
0.0037818144
0.21438111
-0.13029809
0.065648481
-0.047041959
0.74838681
-0.17030238
-0.0013940137
0.019462592
0.031272
0.014778437
-0.012626229
-0.011811062
-0.0045595055
0.021233694
-0.014116275
-0.018948702
0.0007348358
0.029486869
0.03594322
0.023588954
0.019715782
0.010140818
-0.029856599
-0.11428128
0.092163669
-0.066208481
0.20533541
-0.13912693
0.016536722
0.0080818561
0.023293223
0.0019335349
-0.20817018
0.29377605
-0.040778992
0.018355642
-0.017748941
-0.00060670093
-0.009769127
0.063907378
-1.5894939
1.0165486
-0.018162368
0.011306497
-0.024493669
-0.017127035
0.037604727
-0.025250406
-0.012354321
0.021917011
-0.011626917
0.039833603
0.11670719
-0.017278903
-0.0013515891
5.039979
2.101188
-0.016201361
0.019239588
-0.0030382271
0.013099218
0.038499533
0.003083928
0.025097305
-0.031033806
0.029178795
-8.4682151
0.24473241
-0.0017664036
0.019913044
-4.6310081
-0.61325653
-0.019155656
0.29381434
0.0015560468
0.026279397
0.0020239367
0.017938176
-0.00043473106
-0.062788171
0.029834528
-0.0029984022
0.028399979
0.0062560005
0.0098477876
0.011059973
0.01194311
-0.0039489095
-0.011186149
-0.017429659
0.02456025
-0.030533518
0.017226774
-0.02120688
-0.017695745
0.0016127525
0.0029594362
7.1671492e-05
0.010317819
-0.058430796
-0.034426807
-2.1722712
0.097217293
0.18738842
-0.009851963
-0.005739233
0.033716416
-0.027977183
0.002814537
0.014357612
0.0083842184
-0.013032528
-0.004580798
-0.01660841
0.04787872
0.010201071
-0.81405182
-6.6068822
7.4209341
-0.031777597
0.30752415
0.56462826
0.2790107
0.095555462
0.044549535
0.053671672
-0.24112055
-0.02713965
-0.00096410295
-0.023675685
-0.018176989
0.021254763
-0.0030777748
-0.0093619056
-0.013475936
-0.027793256
-0.023026163
0.020351911
-0.0058704732
-0.014481438
-0.036820797
3.1312938
-2.2106211
-0.019622224
-0.041398924
-0.0064377975
0.001967296
0.032176716
0.0021882076
-0.028724082
0.049642983
-0.033266475
-0.018489519
0.02167535
0.025730303
0.03356162
0.24087395
-0.47435885
-1.8168558
-4.8569073
0.08742566
0.017248221
-0.048641563
0.012771497
0.18744849
0.1217606
-0.25559565
-0.030281281
-0.032621202
0.0033285297
2.7265143e-06
0.014964975
-0.026149523
-0.028268719
0.0057561107
0.022512608
-0.020646876
0.022645475
-0.0083565007
0.02049135
0.0119386
0.011820921
0.014354616
0.01241155
0.011221784
-0.0021931648
-0.01168505
-0.0098157155
-0.029882406
0.0055929476
-0.005402019
3.9678156
-0.036838625
0.030094989
0.0078499198
-0.075337515
0.14498255
-0.85267683
0.23128191
-1.2650569
-0.10962095
0.012635986
-2.42962
-0.035633298
0.015699889
-0.019669352
0.37715722
7.7545163
-0.008796054
1.6258757
0.11579653
0.0036690709
-0.049470264
0.023828035
0.019154168
0.0011351828
-0.033981761
0.039489674
0.15091022
-0.028297521
0.00096557692
-0.0028521274
0.015362666
-0.017257488
0.0191774
2.2513535
-0.001744168
0.035401693
-0.022139804
0.0072889513
0.026556958
0.010263896
-0.035634545
0.0012701385
-0.0063867575
0.12749213
0.034994169
0.027009758
0.017792801
0.021421474
-0.019124528
-0.032169301
0.014973652
-0.0036702125
-0.012544983
-0.0067129319
0.067897533
-0.030749838
0.018856233
-0.014901016
0.12046922
-0.019459456
0.022347819
0.094452663
-0.055517486
7.2214833
-9.5579538
-0.021999191
0.53235978
0.0051621839
-0.022351041
-0.0083381197
-0.18469636
0.87879033
0.12055222
-0.022607001
0.016405955
0.1550114
-0.031573473
-0.015580644
-0.0022735587
-7.9839636
0.032588882
-0.065869879
0.43742404
0.029062407
-0.030057036
0.039788833
-0.030320429
-0.051976174
-0.031407948
-0.0025830712
0.0024984538
-0.22116389
0.0024212449
0.020218634
-0.03314257
0.032355608
-0.02629488
-0.019861001
0.033223277
0.014778721
-0.048001998
-0.020970508
0.054505325
0.015989275
-0.050352411
0.073745253
0.018922595
-0.022871504
-0.022073665
0.0084523811
2.0109427
-1.3533313
0.0059286522
0.022677716
-0.045340095
-0.042281385
0.048502152
-0.028523953
-0.089931725
0.016291477
0.020859289
0.021589787
-0.019081739
-0.029514366
0.016162212
-0.022470973
-0.0088067222
-7.9484521
0.45709277
7.4913593
-7.8362948
-8.3909169
0.55462209
-7.8147578
0.013646437
-0.019319589
-0.00036858077
-0.023221327
0.021924092
-0.026840786
0.63912081
0.087422138
0.0075255902
-0.049264028
-0.00095294478
0.13690911
-0.036853776
0.034242835
0.019456431
0.090679214
-0.47580552
0.0046614286
0.02953987
2.4903703e-05
-0.0097342137
-0.0092051044
0.05451882
3.1185606
0.0044097373
-0.018694478
-0.38824921
1.2539307
-0.028352289
0.010455066
0.017897223
-0.033460448
-0.0038362927
0.017575886
0.015720122
0.0027837278
0.08452587
-0.048291301
0.022541583
-0.0080934765
0.058449614
-0.015856321
0.0066166384
0.026085954
0.019635923
0.0084676109
-0.051659497
0.0043700548
0.086137351
-0.021961715
-0.47438946
0.021952645
-0.36367622
0.34172358
0.016019288
-0.012005382
0.0063455408
-0.018184225
-0.048159655
0.043432506
-0.028538254
0.083000271
-0.054462018
0.034321173
0.039173284
-0.02744051
0.12275243
0.010176682
-0.027951842
-0.0019996942
0.070215295
-0.051215112
-0.023952795
-0.00018161982
-0.0021797106
-0.18835153
-0.30500915
0.49336069
-0.051309914
3.3708614
0.060417775
0.015876733
-0.032534611
0.016905134
0.025499434
0.024524933
-0.017725685
0.0063471544
0.027513814
-0.1833497
0.96892649
0.51948598
-2.2838299
-0.022398374
-0.12402243
0.018209337
0.014840521
0.015228097
0.14424296
0.13129638
0.019414043
0.041597786
-0.030529475
0.029103168
-0.017448727
-0.0056450745
-6.2702468
1.9265124
-0.0015009405
0.038779695
7.5465234
0.3553392
0.023635208
0.030473712
-0.013011717
-0.00035651423
-0.020710034
0.051215006
-0.0060019585
0.016288384
0.0029175544
0.03463031
-2.5072035
2.9517872
-0.034396202
0.014622549
8.1072749
0.9861693
-0.12726949
0.27910152
0.064486509
-0.7836544
0.12572998
1.0703759
-4.9996135
3.9292376
-0.028521266
-0.019241988
0.016563262
0.022734813
-0.019675531
-0.0059401789
0.0093794071
-0.058366226
0.022285501
0.00075803822
-0.014799185
0.014041147
-0.85280578
1.0855564
0.00026827565
-0.041886702
-0.0050445464
0.0085213098
0.0021335744
0.025111518
-0.010345765
0.019855964
0.0029222214
-0.11502351
0.44541664
-0.33039313
-0.0018003359
7.8397521
-0.035219248
0.0024257787
0.016681825
0.020243353
-0.022835509
-0.13125817
-0.0013118611
-0.14756923
-0.53126861
-0.0038333066
0.0018185867
0.023346759
-0.017591749
0.020133232
-0.0025414828
0.0791362
-0.092671452
0.0085982905
-0.0048399452
-0.03275916
-0.078495271
-0.0030141772
-0.023523927
0.014980271
-0.13801046
-0.015072921
0.014599492
0.0060761707
-0.016963863
0.36533012
-0.3967987
0.0068630546
0.032355916
0.0069367491
-0.019969277
0.07554706
-0.020527565
-0.028780248
-0.91792913
-0.032612488
0.031729948
0.025051063
-0.019836157
-0.017175533
0.017342678
-0.0012501192
-0.057308485
0.086029255
-0.02872077
-0.0044810756
0.012673416
-0.0032536816
0.0038992863
0.41795761
0.037667827
-0.023309044
0.02322285
-0.0061432602
0.031749908
0.0074368358
-0.003808673
-0.033922358
-0.023490041
0.027219484
-0.057275103
-0.037163143
-0.022258907
0.0063621717
0.028746616
0.012885969
-0.40136104
0.0075914115
-0.066093319
-0.040133978
-0.0022659816
0.019368331
-0.022541087
0.028074074
0.0021141717
0.0098974747
-0.060527917
0.090047241
-0.019182003
0.021959112
0.0065006007
0.01168194
0.054477811
0.073345783
0.61399313
-0.05684978
-0.015040737
-0.0036261422
0.018574891
-8.5126454
0.014487302
0.073051678
0.1232175
-0.003776387
0.0033670603
0.035214588
0.0055737216
-0.029254455
0.022513692
0.10951943
0.017390212
0.0035178832
-0.020908096
-0.02002854
-0.0067115624
-0.048969629
-0.008571153
0.028621777
-0.030609766
-0.019989773
0.14000196
-0.10276401
0.073482623
-0.015187776
-0.002308454
0.01749623
-0.023469158
0.018029929
0.0011180128
-0.012296538
0.0020194078
0.025196778
-0.0039476527
-0.38479875
0.10070182
0.027923525
-0.016994757
-0.00092916125
-0.019674594
0.19648891
-0.25847073
0.061981813
0.0033850171
0.021864147
0.0034115321
0.18015595
0.1490876
1.1420734
-0.9261012
8.2229741
-8.8355976
0.0074284813
0.019961235
-0.011260334
0.0028648281
-8.5360204
-0.017426957
-0.98382641
0.17789117
1.4793531
-0.007436069
-0.01488352
-0.0020500977
-0.16858372
0.066729217
0.082128892
-0.1931377
-0.036921484
0.018955779
-0.043045718
0.025317956
-0.025286642
0.0076266077
0.012890071
-0.80788569
1.2568749
0.018633627
-5.9455836
0.022686657
0.020648382
-0.043335039
0.23970799
-0.092518768
-0.028142716
-1.6378463
-0.031001072
0.05122577
-0.3681061
-0.061651997
-0.021659867
0.03557601
-0.0017793102
-0.019000446
-0.14427362
0.072820765
0.020695829
0.012950464
0.032544757
0.037861794
-0.02470334
-0.013158454
0.017884674
4.1661813
-6.0588133
-2.1665237
0.42120421
-0.0062584611
-0.046439566
-0.0033668494
0.036798752
-0.03241994
-0.026336432
-0.017497615
-0.020453319
-0.063235025
0.028460145
-0.42394791
0.047354138
-0.0035741484
0.0053780005
-0.0056044531
0.017787063
-9.4729149e-05
-0.029287981
0.017047117
0.00099518048
0.018742138
0.022562841
-0.061295215
0.022704486
0.02245891
0.0073396349
-0.029798545
-0.26469813
0.98761123
-5.7972862
-0.8698712
0.02692423
0.011340819
0.032111413
-0.004541982
-0.49404585
-0.0018736995
-0.0011420314
0.010039629
-0.016870676
-0.012375581
0.029246257
-0.00098511471
-0.017948304
-0.027772778
-0.016520193
0.024530675
-0.042669921
0.018139246
0.020186426
-0.087393274
0.10355165
0.19138007
0.098027245
-0.0019029548
0.34896156
0.03272704
0.020183251
-0.052910292
-0.02914665
-0.052257514
0.0094737153
-0.01403694
0.024465658
0.86005607
-0.032175318
0.031255086
-0.012733919
0.082403275
-0.00058537402
0.018374651
0.047491361
-0.01844563
0.01938333
-0.0046752686
-0.005286415
0.01268531
0.038552535
0.011527164
-0.029572063
-0.023390472
0.016168004
0.009591504
-0.012674609
-0.037131347
-0.019820555
0.022631306
-0.014968608
0.022216783
-0.019465731
-0.020053909
-0.16230748
-0.0021311746
-4.3409708
-0.0016587307
-0.02064642
0.016781557
0.0084633577
-0.059528665
0.034088205
-0.034832256
-0.0019981326
0.018448579
0.094171544
-0.05664302
-0.037528524
0.0057001366
0.0013519623
0.023189821
-0.0021830987
0.002331933
-0.0030272667
0.023572866
0.017871013
-0.018456387
0.012979471
-0.031941077
0.010118932
-3.5463739
0.022716736
-0.0034635174
-0.019341635
0.015292699
6.5561962
-1.5162172
-0.049356606
0.0041463171
-0.10909741
0.022793346
-0.069284551
-0.0034008789
0.030944919
0.44791939
0.18461132
-0.00048251941
0.020259353
0.019726795
-0.021764882
0.88336553
-7.2471347
6.3637692
0.025156988
-0.5605107
-0.22814164
0.78865234
-0.0058300025
0.010327221
0.031560475
-0.018483085
0.006851821
-0.13346061
-0.039818533
0.17327914
0.29986539
-0.0018356056
-1.3286404
0.023111793
-0.014604738
-0.0055882754
-0.16240427
0.016387779
-0.023614017
0.007226238
0.008771252
0.043939161
-0.00010628414
-0.017213191
-0.016347906
0.021351173
-0.0049956144
0.017361816
-0.015787683
-0.033903965
0.032722136
-0.03460207
0.013457106
0.020515551
0.23448387
-0.021946355
0.035323935
0.17619944
0.04328152
-0.01888809
0.024880727
-0.00088592144
-5.2820496
0.012129599
-0.033990755
0.02358994
0.00059101103
0.0021600844
-3.0651699e-05
0.017450954
0.016491324
-0.75530068
0.77074648
-0.0060493268
0.021495323
-0.029601473
0.0010992891
0.0028002351
-0.67579058
0.087048692
0.039019286
0.020585048
-0.047959492
0.037803378
-0.018849738
0.0011091709
0.018784006
-0.15872191
0.24891631
0.010291337
0.0065022145
0.73830528
0.040533581
0.029515324
0.016132496
-0.38423859
0.035457835
0.0075445068
-0.05627721
-0.0090230084
0.0080720232
0.050615502
-0.024750637
0.026762483
0.21535162
0.17079705
-0.45148784
0.051260429
0.2118597
-0.17795356
0.011872541
-0.16476257
0.090324037
0.00077353517
0.011481765
-0.10242356
0.09094179
-0.17314884
0.089370385
-3.7104253
-0.30555321
0.006386557
-0.047696726
6.3282488
0.009289388
0.0073566888
0.041797302
-0.006046934
1.3476388
0.014425593
0.023309234
0.029546276
-0.014667723
-0.036052255
0.03515696
0.0076298618
-0.017205009
0.056866775
-0.039661766
-0.054799592
0.0095102961
0.29009753
0.024162025
-0.0051830663
0.02385445
-1.0278875
-0.028629167
0.0024883909
5.8914648
-8.0464368
0.020765429
0.010866081
0.74450702
0.29564471
-1.0401517
0.041074364
-0.014853384
-0.12199312
0.41484922
-0.27699318
0.0020960251
-0.10794121
-0.0077494128
-0.14937573
1.0270616
-0.02918143
-0.019932657
-0.012416462
0.0014316339
0.031432772
-2.0092594
-4.7960384
0.0028100803
-0.018250041
0.017280446
-0.043298228
-0.10427123
0.023096461
0.064192785
-0.13056377
0.11316853
0.00096623228
0.067679418
0.016444833
-0.04559562
-0.003956789
0.022003387
-0.071787004
0.067978608
0.022431785
0.0085635403
-0.14032499
-0.0042624814
-0.018283469
0.021607419
0.011674516
0.014439318
0.023230601
0.038681554
-0.0348269
-0.0046558257
-0.1109588
0.032867361
-0.03200748
0.03101536
-0.014289822
-0.018677916
0.022288819
0.014628411
-0.069612294
0.06215898
0.0071933678
-0.018604252
-0.018441248
0.025202221
0.059926437
-0.088075037
0.11571834
-0.00096833366
-0.026628852
-2.1676164
-5.4023407
-0.12843627
0.0060980738
0.020915382
6.5988127
-8.5546822
-0.64849373
0.8753931
0.021575748
-0.0066399512
0.03429107
0.017791477
0.03161863
0.018494621
0.018619104
-0.047188679
-0.012584591
-0.035374901
-0.92705679
0.12013194
0.01755183
-0.015027216
-0.030210575
-0.29873185
-0.05086655
0.020258062
4.8614281
-0.030083007
0.027727741
-0.074580085
-0.0283404
0.10292048
-0.039902046
0.00333746
0.016432869
3.036781
5.9960409
9.6379653e-06
0.014255683
0.027620001
-0.017122037
-0.0026964335
0.043282092
-0.060487101
0.027391331
-0.041598829
0.02329358
-0.026993094
-0.064675481
0.053774891
-0.024732341
0.0044401081
0.023681924
-0.035308841
-0.40733735
-0.034907497
0.015114755
-0.11369107
0.31017998
0.0042224404
0.0016465446
-0.0026817512
0.020384718
0.027358589
-0.028987242
0.023150207
-0.04572094
0.064170041
0.012833851
-0.05400342
0.0317153
0.022224285
-0.031228617
0.47509979
-0.13230137
-0.34279842
0.0081599504
0.011908873
0.016028387
-0.011125902
-0.009077052
3.9059362
-2.9161175
0.005607735
-0.16464452
-0.093826204
-0.025496554
0.027619246
0.019371703
-0.032209533
0.030877806
-0.013289995
0.017066023
0.13204514
-0.47714135
0.34509621
0.13264644
0.74614388
0.0016842969
0.016579253
0.033725604
-0.0035465326
-0.092904002
-0.037456722
0.014806068
0.010209518
-0.021802918
0.014843403
-0.027381284
0.037957079
0.08290573
0.054037164
-0.13694289
-0.014825185
0.0018014086
0.023759091
0.046951767
-0.11101783
-0.094715529
-0.013390891
-0.72663891
-3.8187228
0.0068099027
0.017584861
-0.017771773
0.02324151
0.0053247702
-0.0029582333
-0.018043686
-0.083659412
0.026384308
-0.036961047
8.7308188e-05
0.018807467
0.015804007
0.033322873
-0.26003154
0.42762475
-0.16759321
0.023783055
0.013306034
0.0048954457
-0.0053662211
-0.0015612931
0.053375817
0.0070378464
-0.023673985
0.048964846
-0.025290861
0.017801138
0.0051633625
0.0053972619
0.007620045
2.9124563
7.0323384
-0.0032686615
-0.018938974
0.015149858
-0.031517514
0.027086369
0.51522132
-8.1418913
-0.33307833
-0.0071123588
-0.24704942
0.27374319
-0.010880658
-0.010560516
-0.017249931
0.0020621545
0.066631756
0.024292332
0.025224532
-0.010335711
0.028899674
0.018052907
0.027978912
-0.035796569
0.0024295557
-0.072187423
-0.077887306
0.008780283
0.013814911
0.14461433
0.31756084
-0.067581805
-0.016276434
-0.0044611954
0.028069107
0.0092743109
0.013700368
-0.024083608
0.021320692
0.026606106
-0.24099866
-0.077857091
0.31885575
0.031907553
0.0063170866
0.0087540747
0.076044306
-0.059119342
0.025443537
0.033675805
0.030829946
-0.018045296
-0.01278465
0.018241922
0.3937951
-0.44132844
0.085846332
-0.030290946
0.00091967725
-0.0083184169
0.024123692
0.031418927
0.086906398
-0.11832532
3.5384854
-3.3249437
-0.035955544
0.11302939
0.024691801
-0.030800331
0.030916059
-0.0085011072
-8.5176126e-05
-1.1740714
0.3097341
0.037194636
-0.0094314905
0.0043790568
0.029285766
-0.01326298
-0.066570837
0.022280229
0.050459974
-0.017013053
-0.033446921
0.052501261
-0.026429374
0.077497972
-0.026866665
-0.041134983
-1.5747256
0.043126842
0.0090765272
-9.0512466
6.2356063
-0.070953675
0.17509495
-0.10414128
0.021833837
-0.019661076
0.031240772
-0.026372344
-0.0092364237
-0.014646366
-0.02433847
0.068534575
-0.099663414
-0.015001226
-0.0055399295
-0.023250449
0.0041965474
0.014896455
-0.094984676
-0.010679947
-0.073697235
0.0037539701
-0.00011584919
0.30960234
-0.041150195
-0.027356606
0.028187652
0.21032949
-7.4902851
0.0018699649
-1.978888
-2.1310866
-0.010282875
-0.05729893
-0.0014120579
0.032783474
-0.39044803
0.10488943
0.28555859
-0.03454147
0.01230615
0.019792257
-0.035634549
0.015842293
-0.014994178
-7.001102
8.2988536
0.0010719216
0.039837819
-0.031836738
0.030798452
0.028317024
0.018186832
0.039250856
0.030020567
0.048081422
-0.04401785
0.0077075831
-0.00078523059
-0.00054160998
0.018561062
-0.065337887
0.028494125
-0.020029542
-0.0021719669
-0.072631678
-0.028786977
-0.040569961
0.038825793
-0.011369887
0.017791111
-0.0063044831
-0.019461279
0.00076680025
-0.025134002
-2.5842472
3.0147537
-0.036557582
0.0100936
0.017818768
0.0013831299
-0.011026829
-1.5898404
-0.15327081
-6.8141045
0.016181048
0.02332712
0.028478379
0.00046434762
-0.020687183
-0.012921016
-0.018900875
-0.032588083
-0.03856245
0.038097528
-0.094579999
0.032764416
0.024843476
-0.011602144
0.024873722
-0.00013134173
0.0025630283
-0.025327514
6.4299661
0.025237746
-0.026454964
-0.23691028
0.02041499
0.60989237
0.29758996
-0.0045340208
-0.0043408391
-0.0052752433
-0.0054291369
0.0046047408
0.020757005
-0.029396034
0.013090652
-0.019802214
-0.039682826
-0.05219863
-0.083297596
0.032543176
0.031888098
-0.034711099
0.16760385
-0.13289275
-0.0021773805
0.021006056
-0.019901736
0.0004557663
-0.032657711
0.0014346135
-0.024762541
0.0062052173
-0.00098316542
0.018849725
0.039189174
0.93352112
-4.2667482
-0.27100642
4.5377547
-0.01819114
0.015182681
0.0067496214
1.2235514
-1.0821681
0.022237602
0.048333063
-0.00027415589
-0.017317593
0.016559242
0.052534347
-0.069093589
3.7929697
0.018921494
0.020820268
-0.016351214
0.016349346
0.034292043
-0.021591262
-0.012700781
-0.0032213903
0.019403143
-0.022424849
0.016234975
0.029047156
-0.022443154
-0.044540646
0.00025112649
-0.032842969
0.016000985
-0.39083627
0.0023602698
0.41144095
0.34560449
-0.0035596069
-0.031091612
0.034651219
0.081635589
-0.026429341
0.0009269207
0.33329963
-0.014656822
0.0057727082
-0.065493824
0.045284329
0.011325142
-0.0019316286
0.03741894
-1.5731187
0.0043420994
0.0036922298
-1.1368857
-0.0216695
-0.023752959
-0.014460587
0.0023230506
-0.040762763
-0.44697203
-7.3939726
-0.049497766
-0.025123451
0.044569029
0.017894116
-0.027092239
0.026278216
-0.0051528563
0.014733284
-0.21438613
0.3932713
-2.0397178
8.4294951
0.012268179
0.012256754
0.024942742
0.030467915
0.028500291
-0.019024872
-0.037048797
-0.029316376
0.015571867
-0.031423873
0.029830776
-0.018447333
0.017056293
-0.043392725
-0.0038212299
0.020201621
-0.015734166
-0.019221338
0.063551852
0.016245283
-0.072485048
0.32609494
0.20058354
-0.027476947
0.028451095
0.01337381
0.14319546
0.033131791
0.0055962334
-0.073133057
-0.21126489
0.0052447843
0.015788019
0.017780671
0.1391144
1.5901191
0.034795475
0.028477361
0.0080873033
-0.030714001
-0.046457323
-0.06523374
-0.0074816045
0.014550013
0.00098886812
0.18518422
-0.16264263
0.20437329
0.020737583
0.00088553952
0.033147215
-0.013076553
0.014009276
0.018069158
-0.017904867
0.78435702
4.983423
-5.76778
0.016318597
0.00033539681
0.0049743912
0.042217857
0.00016886888
0.021460403
-0.17976107
0.02038422
-0.021602877
1.6002615
0.054965338
-0.12373036
0.04202564
0.0024507241
-0.028860095
0.0083941587
3.4952319
0.2542691
-0.013411313
0.030389436
0.0022860728
0.027653193
-0.019771611
0.014188077
0.024777774
-0.001670476
-0.017005452
-0.25229697
3.6096624
-3.3573655
-0.021977139
0.011837223
0.029835889
-0.031690731
-0.29335051
0.085180336
0.023624535
0.010271341
0.0013801378
-0.039945824
-0.026227069
0.0078562049
0.017918412
-0.021325589
0.046440563
0.01379691
-0.17105612
-0.54347807
-0.031330535
0.027934412
-10.211179
5.4919317
0.22001664
-0.11674399
0.050010587
-0.13347425
0.023442568
-0.01031502
0.0064177553
-0.038775901
-0.00146241
0.020434585
-0.063085332
0.050138262
-0.0093121977
0.021182999
0.074720108
-0.012232062
0.012872491
0.018146314
-0.028746464
-0.0080922114
-0.030439554
0.029330667
-0.029137783
-0.029495993
0.037768367
0.03974518
0.022801249
0.026828618
-0.15442345
0.062966158
-0.021335239
0.0051338786
-0.030038298
0.023660459
-0.023042
0.018833032
-0.001303812
0.15033693
-0.13254908
-0.0086766082
0.38386292
-0.0206798
-0.10189131
0.036851243
0.053838178
0.01485613
-0.00092648704
-0.014950218
-0.034401367
0.031682291
-4.7352597
-0.22775148
0.020578554
0.013660098
-2.1604868
-0.035109245
-0.0012415053
0.015049689
-0.035011026
0.010638659
-0.019180789
0.0006275301
-0.78336607
0.21256714
-0.028943815
0.0095231552
-0.019471053
-0.014469836
-0.18349629
0.44841428
0.039652058
-0.02332408
-0.66082231
0.68414639
0.79940102
0.066835959
-0.39697238
0.019933435
-0.0032203117
-2.6572125
-0.031515691
0.0072744852
-0.047247646
0.012566825
0.15417738
-0.35664335
7.4461314
-1.0745436
0.03178108
-0.022909939
-10.492434
0.02155978
-5.8710893
1.3121571
0.038701345
-0.033312225
-0.40599423
0.11584833
-0.29219651
-0.016348403
0.069669598
0.02297371
0.038665299
-0.0082128964
0.014549389
-0.018399697
0.0088763514
-0.01148979
-0.0073631555
0.035152092
-0.065799145
-0.80590103
0.26323625
-0.02946671
-0.00010535313
0.039042471
0.0056515929
0.016602251
-0.0035490483
-0.077553806
-0.045169201
0.0040732776
-0.081914199
0.077840922
0.063523501
0.0035126098
0.005336641
-3.8494827
-0.95815413
4.8076368
0.029129817
1.5695294
5.527441
-10.041722
1.995109
-0.10207544
0.029136152
0.053831988
-0.00406314
0.018502431
0.020111148
0.041293088
-0.03078449
0.025564262
-0.013643983
-0.0017773354
-0.026507039
-0.025672962
0.0066271312
0.017433776
-0.005660855
-0.0051264495
-0.29014842
0.15502079
-0.022857337
-0.0048758393
0.3074852
-0.015973702
-0.81988701
0.79063648
0.017844967
-0.70308147
-5.9921314
-4.2491024
-0.064841773
0.022182785
-0.014429737
0.01627441
-0.0055617714
0.020332367
-0.019527736
0.14856498
-0.092058625
0.014105891
-0.045285498
0.045899358
-0.018188004
0.013090036
0.005981558
-0.010746797
-0.0047475204
-0.032448063
-0.0026307481
0.027588594
-0.0055909502
-0.017603071
0.041277101
-0.02367403
0.0042301211
0.0061416485
-0.046844763
0.50471059
1.4606289
-0.32775186
0.03050551
-0.0059452599
-0.0073236603
-0.019721024
0.021532692
-0.0015461945
0.022660555
0.16469163
0.096571697
-0.0047849042
-0.030463649
0.0055934931
-0.034094226
0.018478104
0.015616121
0.022655897
-0.029215946
0.0062213555
-0.016120371
-0.0045996127
0.021431331
-0.020628147
-0.054690337
0.016118957
-3.7804029
-0.015582561
-0.0065572425
-1.6057892
-0.0042922425
0.00056492215
0.016410027
-0.00026951035
0.36471103
-0.23193726
0.022499245
0.002875749
-6.3700936
-0.0015991439
0.027880331
5.9854641
-6.1898137
-0.09392905
0.057608415
0.0059533761
0.038365831
0.019030768
0.036326735
-0.018799137
-0.028688644
0.0064401497
0.2575666
-0.97629908
-0.28378963
0.16193669
1.0969387
-1.0304052
-0.0031840887
-0.0047825627
-0.046014971
-0.013104371
0.024073384
0.0024332361
-0.014810354
-0.0081618143
-0.0052473529
-0.015817519
0.00061270614
0.44164224
-0.22232879
0.00098067745
1.8475471
-2.3955317
0.54798459
-0.0076826925
0.034389906
0.03819081
-0.011319364
0.3098321
0.029877244
0.031691054
-0.0055749994
0.044506543
-0.030047863
0.01010487
-0.0056425502
0.043000594
-0.056595005
-0.17318985
0.055443957
0.01439087
-0.048778904
-0.03135872
0.029743121
0.31604009
0.015202
-0.18943077
-0.077277522
-0.014480813
0.0076424117
5.5299051
-0.28130146
-0.0023561167
-0.022523425
0.019713619
-0.11871969
0.55356219
-0.4348425
0.032677829
-0.0026573097
-0.014046931
0.019462462
0.020360798
-0.019186842
-0.047874297
-0.0061935436
0.022166825
-0.019788926
0.019930912
0.00074662265
-0.062257486
0.021630237
-0.0526321
0.011512356
-0.21235593
0.046453699
2.454235
-0.21982245
-0.021796817
0.20091869
-0.46095023
0.0087935494
-0.0054379959
-0.0037935884
0.020971945
0.034720715
-0.035720744
-0.35008772
0.31796621
-0.0046117152
-0.013749513
-2.2085462
-5.6664227
0.046531137
-0.043335296
0.025167341
0.030027394
-0.0065215812
0.026344532
-0.18275977
0.058029121
0.12473065
0.80148803
-0.55147127
-0.0060164787
0.020369547
-0.018750346
-0.52756917
-0.0012367454
0.020006807
0.031912498
-0.032115931
0.030939886
0.074857127
0.026438777
-0.052685757
0.014465711
0.038220046
0.028198492
0.063328902
0.031336517
-0.034312092
-0.54369112
-0.36242724
0.90611835
-0.0057143731
2.0791702
-0.094659334
-0.033779705
-0.015690559
-0.080244032
0.0009460678
0.41471811
-0.38921072
-0.025507389
-0.034062303
0.032239427
-0.026493686
-0.0070354013
0.062213437
-0.028035727
-0.02952934
0.0091091273
0.046246883
-0.0075025887
-0.025145302
0.044487443
-0.12204125
0.20058664
-0.33715215
-0.019684198
0.014201395
-0.0090765063
0.01932532
-0.027382068
7.8176396
-4.4005923
0.022870006
-0.03303943
0.00097498666
-0.012307814
0.03010254
0.047714222
-0.019794228
0.015801962
0.012301655
-0.017982224
1.5328413
-0.050615602
0.29937783
0.027351375
-0.032234705
0.010025873
-0.018797364
0.015294028
0.012296245
-0.027590274
0.11679274
-0.073510106
0.087518781
-0.85022726
7.8683201
1.2708356
0.1020802
0.0057822759
-0.035737493
0.033906004
1.022606
-6.2882716
-0.02395096
0.0043559541
-0.0085026479
0.035853146
0.011835072
-0.018426023
0.11855028
0.039548678
-0.0089696562
5.5806057
0.26612525
-0.0030422003
-8.0946878
0.021961094
-0.0037221463
0.025046866
-0.00075491929
0.017318182
-0.016597956
0.027167664
8.7846967
0.023669209
-0.016687682
0.49175728
0.043088433
-0.0099697544
0.053457014
-0.042943814
-0.18942685
-0.024547002
-0.0012299715
0.019828218
0.0026051343
-0.022433352
1.6107661
-2.695241
-0.13431705
0.15562501
0.024007558
-0.0042511466
-0.0011678029
-0.019491945
0.42620248
-0.031783557
0.022027462
0.013063289
-0.009838965
-0.86674311
0.79858741
-0.18642413
0.12021564
0.02069369
-0.0281131
-0.012601323
-0.010509287
1.2049236
0.0017074503
0.0070076809
0.027906592
-0.030234787
-0.016112975
0.10984601
0.32528475
0.032786276
0.0080294085
-0.040815684
-0.036385656
0.0092255559
-0.023040379
0.013814823
-0.0078373001
-0.033294083
0.087839059
0.0089807864
-0.079939004
0.070958217
-0.017221643
-0.00073574226
0.017957386
0.016060972
0.005728488
-0.04120973
0.034379908
0.011371603
0.013534501
-0.032908818
-0.010496522
0.097140387
-0.0057744738
0.02193687
-0.019305733
0.017117425
-6.4478942
7.406479
0.028086507
-0.041372549
0.013286043
-0.0236315
0.11946979
-0.092066506
0.022687978
2.1107693
0.038198617
-0.03033082
-0.18030553
0.013924007
0.00031323029
-0.0058079105
-0.025611365
0.031419276
8.0241307
-0.90662424
-0.17206456
0.21354083
0.020051063
-0.053744068
-4.5353783
0.053196786
8.275632
0.093944487
-0.55193757
-0.022670791
-0.22880904
0.36032163
-0.02024862
0.012812551
0.060977513
0.044692479
-0.012912561
-0.031779919
-0.019362232
-0.019306409
-0.040231046
0.059537455
0.0086740109
0.028567552
0.0027570673
-0.0022377431
-0.026059177
0.021012653
0.024694483
-0.010016086
-0.021167067
1.9222362
0.32483002
0.0045316536
0.019325812
-0.019086074
0.029690791
-0.010604717
0.017326505
0.0018861917
0.018446175
-0.0090377101
0.019769524
-0.024807831
-0.31278029
0.29541556
-0.019426664
-1.8903431
3.785297
-6.9663234
6.6194697
0.023937683
-0.02939312
0.95600525
-1.0640636
6.2241597
0.057102156
-0.0056892787
-0.0037747592
-8.1765004
-0.051458864
0.015482001
0.034000896
-0.022147077
-0.025610543
0.032873894
-0.0072633509
-0.00071108503
0.016829209
0.069914439
1.9954545
-2.065369
0.0067086728
-7.312673
8.8291697
-0.0077701817
-0.091778499
0.034847732
-0.10057022
-0.013055704
-0.037336819
-0.011614048
0.013301897
-0.03669744
-0.016771124
0.053468564
-0.06308968
0.019063788
-0.0057983446
0.033797393
-0.24415335
0.18947985
-0.3570138
0.0059870025
0.020586015
0.029484377
0.03616779
-0.0077678102
-0.035330882
-0.0079191708
0.043250053
0.028235516
-0.030291084
-0.029153639
0.028339755
0.00081388349
-0.016510649
0.035426738
-0.013399276
0.029292496
-0.025111716
-0.0041807802
-0.020122729
0.01498135
-0.024711122
-0.0072949034
0.032006025
-0.021368273
0.017293206
0.0032610766
0.030540099
-0.0049559639
0.025051939
-0.0099238921
-0.013313645
-0.018169022
0.042699697
-0.034244689
0.00056934065
0.044849292
-0.0065268517
0.030812981
-0.01015022
-0.021541778
-0.0060037799
-4.9040358
0.23842395
-0.0071323448
-0.018606537
0.021527447
0.012459294
-0.027116805
0.025123165
0.018694166
-0.023032149
0.0054737856
0.041506704
-0.0080708221
-0.033435882
2.2486035
0.047473488
-0.036204013
-0.056003849
0.029579431
-0.03145313
5.140833
0.012672427
0.029594708
-0.042267134
0.0005072383
-0.072358902
-0.031167026
-0.080129596
-0.0061576596
-0.0011432169
-0.026930819
-5.9578069
0.045936591
0.020862692
0.02212629
-0.02770379
0.021749486
-0.025685326
-0.0071406987
0.032826025
0.37749658
-0.05994317
-0.010549572
0.067546601
-0.056997029
-0.0024989889
-0.0049607343
-0.041493635
0.021704016
0.031114259
0.003185945
0.015380609
-0.044733374
-0.017196657
0.050419934
-0.066011145
0.05392226
-0.030209685
-0.096167027
0.065003009
0.01066179
0.045124685
0.034888118
0.11186005
-0.14674817
-0.29046059
0.14014767
0.016033055
-0.22089317
0.10601747
-0.021292453
-0.0059565282
-0.052794837
0.052844327
-0.11111994
0.0010089156
0.000390451
-0.02748269
-0.012754447
-0.0060867588
-0.00010794606
-0.080835425
0.031378231
0.021523302
-0.082447679
0.060924378
1.9823535
1.4476666
-0.38001431
-1.0676523
0.017334984
0.017423084
0.0084896803
-0.034638817
-0.0022149586
0.076517488
-0.039609607
0.038398028
-0.0063394237
-0.017360169
-0.023733988
0.048460383
-0.032499112
0.078705355
-0.0065353794
0.018364204
0.71617445
-0.4847917
0.15304641
1.7012694
0.41631916
-0.89022584
-0.021523471
0.015218935
0.039137048
-0.050914703
0.011777655
0.00057120293
-0.028582505
-0.023176267
0.017764235
-0.010988675
-0.038238295
0.04922697
0.024403225
-0.016581594
0.012450085
0.0055048275
0.014564135
0.011496302
-0.025328599
0.01662295
0.014814233
-0.031437183
-0.035501366
-0.0060185136
0.04151988
1.5469309
4.8477479
-6.3946788
-0.0086456422
-0.043195272
0.038306043
0.041678471
0.010206336
-0.024715288
-0.24818847
-0.016925502
0.24082379
0.02127121
0.17944859
-0.23829963
0.071719936
-0.0038187544
0.014712442
-0.029425808
-0.090480589
0.025070576
0.16160859
0.068876345
-0.23048493
0.16611951
-0.25178419
0.085664686
0.40025506
1.8251846
-2.2254397
0.022684458
-0.0026115303
-0.026349948
0.023213511
-0.1551479
-0.0017270601
0.022111295
-0.013137064
0.012053493
-0.73050894
-0.004146409
-0.017136786
5.2761287
4.3596076
-0.67894182
0.63189986
-0.2053846
0.0050709038
0.044285776
-0.014891391
0.035916054
-0.0052926565
-0.012707747
-0.010418018
8.3073746
-0.70623
-0.045403269
-0.013080613
0.010401163
0.024985351
-0.021869597
0.0340568
-0.0027416077
0.10952034
0.0031052457
8.1513961
-0.034935768
0.0012258281
0.023146604
-0.01784092
0.0027279282
0.041125542
-0.0020876685
-0.011265471
-0.024965202
-0.027957643
-0.0091525149
-0.026878294
0.1208363
-0.093958004
-0.40319171
0.14874846
-0.21269842
0.063949955
-0.006528271
-0.053472101
-0.0043782595
0.068938909
0.013063054
0.026433597
0.13866264
6.1981116
0.019494834
0.40558263
-0.091422504
0.050154885
-0.13576005
0.0024678647
-0.13752616
0.24245855
0.12858494
0.013642883
-0.016776314
-0.012354949
-1.3296191
0.03104027
0.0035688998
0.0086890861
0.011390934
0.0093556638
-0.019097932
0.022323835
-0.017197603
-0.0060254081
0.11564547
0.028682209
-0.010207856
0.01509092
-0.0083778771
0.023276684
0.3436351
1.0515552
-1.3951903
0.14733663
-0.0091577029
0.041943979
-0.031908236
-0.0153946
0.047302836
0.012610667
-0.39525507
0.21739156
-0.038231292
-0.032710609
0.031079716
0.0052779122
-0.034049351
-0.0041883692
0.010356961
-2.1859852
2.2297952
0.036655425
-0.020068164
0.095650632
0.022265649
0.034007747
0.063426727
7.5863627
-1.3681212
0.070217479
-0.0068780716
0.021988951
-0.14247916
-0.049386581
0.0086487904
-0.02373567
0.034485152
0.0027379808
-0.0057142081
0.016306691
-0.026621401
0.028560086
-0.003020692
-0.031892022
0.12383553
-0.27296414
0.54593866
-2.2332376
-3.6725045
0.025591603
-0.016484058
0.0094399967
0.064589328
-0.030924794
0.039680493
-0.01870317
-0.028944798
0.047525545
-0.025074569
0.02102536
-0.0090868895
0.35926354
-0.17253271
0.01338344
0.0060101932
-0.019939506
8.3835414
1.5816456
-8.9711656
-0.26895582
0.034777912
0.063123658
0.070556567
-0.029125872
-0.017393312
-0.0046790578
-0.018194501
0.033748185
0.10844198
-0.087664893
-0.020777083
0.018413874
-0.055987616
0.071263888
-0.061261047
0.12268202
0.016552926
0.02027251
-0.020849282
0.011030891
-0.27857526
0.42214849
-0.0047576484
0.18825433
0.2546068
1.6232664
-0.019863537
0.3409091
-0.76140702
0.047153835
-0.021765579
0.017216473
-0.0021554987
-0.019994904
0.0054992084
0.023293731
0.023143153
0.05591735
0.18685766
-0.24277501
-0.0447841
-0.84407025
-0.0062553315
-1.630418
-0.1024349
0.027854819
-0.012882003
-0.11310102
0.022722615
0.064661377
0.020593682
-0.022485387
-0.007727772
-2.931261
-0.95630035
-0.014673685
0.0035477831
0.038611827
-0.049964375
-0.013120957
0.046833047
-0.040690201
0.021375085
0.082015893
0.029234383
0.14833511
0.043200818
-0.6840748
0.78112604
-0.62907472
0.30590759
-0.0023126136
0.067087771
0.059020827
2.8364683
-3.5275732
-0.39871382
0.30400065
0.09471317
-0.0061094919
0.020103131
0.26570739
-7.9793598
-0.0045859123
0.029018021
-0.007490574
-0.02319877
-0.0022838408
-0.029866991
0.023626416
-4.1562763
3.5152068
-0.030165707
-0.051893485
-0.00049143837
0.017019771
-0.019656404
-0.0049608942
0.00021175404
0.0066139345
0.021386241
-0.24185899
0.013046482
0.1944238
-0.29715939
0.10273559
2.7190404
-0.018767217
0.14322945
-0.27049894
-0.54872355
0.29427468
0.25444887
0.0033754726
-0.073345342
0.023847576
-6.3333979
-2.5229161
-0.029906823
-0.026528412
-0.025521284
0.0043161723
-0.029860134
-0.30235654
0.037658409
0.72406044
-1.3080674
0.011218364
-0.023996651
-0.032023305
0.030256747
0.017618053
-0.023646687
0.063149878
-0.03950319
0.019551678
-0.014223295
0.033169015
-0.033289413
-0.034259888
-0.012131157
-0.019442492
-2.9323068
-0.23737269
0.11036175
-0.022101126
0.01566002
0.083441004
-0.018243446
0.013435792
-0.013431532
-1.2179828
-0.019790756
0.13574261
-0.0060311666
0.020282294
0.017298147
-0.012439288
1.0871903
0.032044741
0.0053631313
-0.02029982
0.018962068
-0.55678711
-0.046924153
0.047135907
-0.0032774929
-0.0040356137
0.025436523
-0.057558162
0.00018846383
-0.26905379
0.20411255
0.064941239
-0.032042638
-0.060869909
-0.028576011
0.1625217
-0.19131801
1.1737282
-0.0053158688
0.012428377
-0.0024825486
0.0050223514
-0.0083676936
-0.016375036
-0.013295374
0.0064763467
-0.02802391
0.021547564
-0.28321827
0.081517713
0.038078152
-0.0020312444
-0.031947949
-0.030776975
0.02974459
0.0010323848
0.032622873
-0.032893169
-0.00040091401
-0.012841808
0.02185758
-0.18877403
0.08426194
0.10451209
-0.23648459
0.39792491
0.0016941575
0.018942043
-0.036189216
-0.10052824
1.3060272
-0.031538624
0.0023799651
-0.061562288
0.081828583
-0.082916287
0.0010877037
0.068348736
-0.057317063
-0.011031673
-0.098432872
0.038489702
-0.019211758
0.024016798
-0.013240707
-0.00092294195
0.046807571
-0.045884629
0.0043574207
-0.12484692
0.020641588
0.023442961
-0.076610844
0.012211549
-0.0033015719
0.067905513
-0.030507084
-0.01604358
0.016082748
-0.0037226585
0.026813286
-0.02619233
-0.012123802
0.011170858
0.0036478672
-0.33299695
0.042345336
-0.032414034
0.034121932
0.036563622
-0.005954901
0.085315204
-0.27474598
0.10332019
-7.2775611
6.6707602
4.7011136
-0.016973561
0.016450485
0.0043617227
-0.018533229
0.014171506
-3.948396
-2.1850429
-0.031060967
0.0093536252
0.031477504
0.28788817
-0.35040128
0.06251311
0.0081480438
0.0360464
0.0010668501
-0.020696664
0.01587889
0.019340326
0.025444242
-0.02998861
0.0045443686
0.042293
0.031452254
0.014448537
0.00092036789
-0.027764449
0.027086781
-5.939703
-2.5212289
-7.3059736
-0.021876332
0.67549736
2.007898
-2.6833953
-0.11781186
0.0082502383
9.2657047
-1.2290617
-0.014112202
-0.014617876
0.018512442
0.021739123
-0.025337338
0.49125415
-0.3416711
0.016928327
0.030667671
-0.27059072
0.10850396
-0.018234121
6.104212
2.145186
-8.249398
-5.9929405
-0.509829
-0.026788361
0.026426655
-0.027785855
-0.0013400171
-0.037876552
0.011536719
0.025189219
-0.0098328389
0.13738024
0.034174008
-0.0026003715
0.21288475
0.032285418
-0.053933679
0.021648261
0.038554997
-0.029141465
-0.0011392407
-0.0019477439
0.003715298
0.011504298
-3.6184991
0.016664384
-0.024555468
-0.019707149
-0.029065264
0.027820852
-0.043390066
0.015569214
-0.019152681
-0.026292023
-0.056890648
0.0075164662
-0.066254322
0.016200304
-0.027341893
0.036816359
0.002025497
-0.033349685
0.011631354
-0.024061188
-0.0068798016
0.035625195
0.017064266
-7.6949631
0.0085650185
-0.056595208
-0.00047456629
0.057069775
-0.0026358041
0.028524069
-0.0067120938
0.026841635
-0.037206346
0.010364711
-0.051405235
-0.008933914
0.088588227
0.017934995
-0.02780292
0.023402829
0.81323754
-0.051459772
-0.012112447
-0.0081116354
0.034773648
-0.041657985
0.020821345
0.002809017
-0.023630362
-0.10233487
-0.011946412
-0.017375724
-0.04223819
0.0039509321
0.00019546756
-0.011577392
0.020355882
0.0095337558
-0.029889638
-0.36798729
0.055235797
0.10132017
-0.016402251
0.011594014
-0.033424275
0.01974058
0.013683695
-0.035476689
-0.067260758
-0.010690627
0.077951385
-0.026881329
-0.029731715
-0.0018193662
0.025657433
0.00019942054
-0.025856854
0.016551497
0.044438065
0.02577723
-0.0020883337
-0.014431918
0.0058024345
-0.073330696
-0.006954297
0.0093670256
-0.016778794
-0.0151797
-0.016014748
0.0092478569
-0.026173359
-0.015867185
-0.023077874
-0.015569823
0.031009818
0.11531868
0.038114672
-0.15343335
1.1311389
-0.5125527
-0.026355791
0.16715302
1.8879627
0.010936755
-0.063697901
0.052761145
-1.4131001
1.8805271
-0.467427
-0.059575441
0.0027300975
0.028516664
7.8329852
0.21742137
0.26044477
-0.47786614
5.3151201
-6.920192
-0.26337206
-0.318137
0.58150906
0.11908315
-0.097756351
-0.031915571
0.017012924
-0.017939411
0.5247387
-0.13340651
0.25894047
-0.67655103
2.1536875
1.7522487
-0.20569216
-0.029178389
-0.08096298
0.0070080178
0.042348712
-0.0073988645
0.074123595
-0.0023965737
-0.024170889
-0.0037347902
0.046916826
-0.043182036
0.032457818
0.020999196
0.0025224153
0.0011731188
0.03872434
-0.018075958
0.021706005
-0.028751475
0.0021300737
0.0038372692
0.021512157
-0.025349426
-0.01568057
-0.22523923
0.26285025
-0.037611021
0.015680044
-0.033092198
0.031057979
-0.015017868
-0.0077554848
0.0011337535
-0.037200707
0.036066954
0.024542543
-0.022332216
-0.0022103275
0.0062121115
-0.018599637
-0.018834699
0.019363692
-0.016495001
-0.032439379
0.04818093
-0.017018411
0.021449605
-0.0013186872
0.021146905
0.051598166
-0.031936124
-0.00094050982
0.033961833
0.014732076
-2.040623
-0.0068287209
-0.03172401
0.038552731
0.90642082
-0.039581548
0.14754086
-0.1346108
0.085025403
-0.30699338
0.025640613
-0.0041237285
0.19270681
0.24893543
0.091604333
0.045304774
0.028668608
-0.016248089
0.72566001
0.029367533
-0.031479918
-0.012354228
0.013917957
-1.4965226
8.0953353
-0.023895613
0.045148928
0.015834831
-0.060983759
-0.023594932
-0.0042658029
0.033354509
0.064450271
-2.4552112
2.429907
-0.029916531
-0.39073681
0.092151505
0.031798303
-0.0022188726
0.019212866
0.016529791
0.018166786
0.0062785747
-0.024233234
0.0051480477
0.060444647
-0.065592695
-0.0019981551
-0.02487206
-0.034872989
-0.018259459
0.10156599
-0.13961934
-0.017031688
-0.069987215
0.10884401
1.2387708
-2.9046558
-0.013305019
-0.0022100379
0.0010649789
0.06168692
-0.031205138
0.006016854
0.016144574
-0.015189691
-0.017144376
-0.018106565
0.018166098
0.066375479
0.31949247
-0.38586795
0.01757022
0.047033416
-0.053324752
0.0062913361
-0.014512881
0.014505258
-0.026012107
0.028813597
-0.0028014896
-0.050776222
0.017123234
-0.0024139475
0.021497919
0.0067959176
-0.0053506637
-0.0049516656
0.013208214
-0.02234353
-0.016213975
0.021457032
-2.7361847
0.20865868
2.527526
-0.02236038
-0.014141111
-1.318655
0.090228762
0.030619225
0.043040922
-0.0044381885
-0.43883636
0.12609939
-0.032924054
0.031967383
-0.0093422765
0.047145654
4.9111462
-0.97991646
-0.040384163
0.027876215
-0.0045810723
0.080127225
-0.078957134
-0.0011700909
0.02109048
-0.003635625
-0.016844096
-0.030324457
-0.013122576
-0.0091991652
-0.042249569
0.07443473
0.030626887
-0.0052895745
0.025172673
0.012575491
0.36197208
-0.021811436
0.0016226875
-0.0035378023
0.0085232233
0.0284487
0.87956956
-0.70604562
0.078131026
-0.038033308
7.5166956e-05
0.014681583
-0.013426551
-0.014627515
0.0090748531
0.066339292
0.026620669
-0.0027558143
-0.023864855
0.018482919
-0.0059672882
-0.00033583999
0.024179124
0.04602134
-0.0144393
-0.018054308
-0.017114345
0.028512286
-0.031131533
-0.0023566715
-0.013213152
-0.016795139
0.02471888
0.0069071021
-0.032517645
-0.033363268
0.032162123
0.031262065
-0.031845503
-0.01144666
0.014876307
-0.018905229
-0.018852795
0.016951021
-0.022671298
-0.020664188
-0.00052290972
-0.029211441
0.028426211
0.038924125
-0.0454435
-0.032318148
-0.026844945
0.023661488
-0.12468843
0.0030929281
-0.020214965
0.030515173
-0.016067658
0.019611458
-0.023189695
0.0035782366
0.022278528
-0.12104813
-6.1036207
-0.018234535
-0.016907192
0.032912939
0.014169244
-0.66189888
0.020141556
-0.018789793
0.0039465154
0.0021462346
0.016060943
-0.022356281
0.012753388
-0.028416986
0.90824869
0.11482174
-4.2092781
-0.022686652
-0.020897878
0.020829173
-0.0057405513
-0.015088622
0.36514869
-0.48386839
0.0025686079
0.017783303
-0.026274637
-0.016857374
-0.0065295379
-1.1806685
0.089150071
-0.074371634
-0.02671244
0.033090928
-0.10092719
0.028874579
0.020278411
0.00080665864
-0.019306342
-1.5942999
0.019574272
-0.029888964
0.0097033239
-0.90032207
-7.7535558
8.6538779
-0.04888058
-0.021780832
-0.0013506804
-0.53648609
-6.2541801
6.7906662
-0.038929698
0.013537099
-0.015724511
-0.68748584
-1.5771522
-0.018757902
0.015383916
-0.02837577
-0.0020608772
0.017586916
-0.014175437
0.036723604
-0.014429194
0.017256678
-0.025595065
-0.050883567
-0.0025556411
0.075857681
-0.037601067
0.015952977
-0.17969861
0.1423652
0.037333409
-0.50648564
0.31420603
0.027819505
-0.13075221
-0.0038701433
-0.011799525
-0.002219134
0.019647311
-0.52440354
-1.7594264
-0.011700396
-0.020718562
0.016800399
0.017597777
-0.01887759
0.010569838
0.28434923
0.0052590492
0.003063556
-8.3791588
6.8826362
-0.019347009
0.23027171
-0.11692156
0.0051295828
-0.042905959
-0.26874723
0.43921935
0.0046312529
-0.0045595814
-0.01880896
-0.015285266
-2.5709374
2.9017753
-0.016762303
0.023632116
0.17290317
-0.96422635
0.064786067
0.013984699
-1.3082453
-0.13850841
0.060561977
0.034831198
-0.74678375
2.7793032
-0.033328694
0.077249016
-0.042088139
0.011327946
0.031905197
-0.0039039893
0.31822836
7.2926945
-0.025469154
-0.38315745
0.047556541
-0.007718722
-0.0060252928
-0.01932128
0.001102358
0.0011121449
0.024670718
-0.010573729
0.0017924535
-0.0076399332
-0.0073349702
-0.020295105
0.019686824
-0.022761403
0.0030745795
0.03299048
0.026933256
0.020138575
0.035178202
-0.005816121
-0.34865334
0.28149688
0.067156467
-0.17191738
-0.0050484664
0.0066774089
-0.025715585
0.062107551
-0.021416148
-0.011241563
-0.026275832
0.053340301
-0.062123613
0.017152033
-0.01913802
0.81691636
8.0879131
0.0084052129
-0.031173978
0.022768765
0.62091075
0.014311489
-0.10068943
0.023820711
0.076868718
-0.032818356
0.031439537
-0.30411683
-0.0018112708
-0.0011794019
0.017859676
0.0065248086
0.011587219
-0.011695283
0.042499499
-0.051841775
-0.03480953
0.1063303
-0.091840405
0.012358055
0.026100467
-0.014549929
0.023622093
7.9630567
-6.1307236
0.012490447
-0.044781358
-0.017779351
0.025984816
-0.0082054648
-0.027303681
0.022116198
0.0040700426
-0.065009754
-0.077469406
0.012402552
0.013650618
-0.032200765
0.028934569
0.001229636
-0.026308439
0.0030088453
0.026283651
0.014710399
-4.7424471
0.029517419
0.16666748
0.31194814
-0.036820323
-0.0018828962
-0.018644668
-0.027711344
-0.0021954792
-7.3343081
7.7114653
-0.03294036
0.03525116
-0.0023107996
0.014291137
0.029545225
-0.00032163793
0.021709863
-0.017082113
-1.1590031
-5.6232618
6.7822649
-0.37261281
1.5574738
-1.184861
-0.021967314
0.013468883
0.016013018
-0.020288911
-0.02448079
0.0030110688
0.030412579
-0.0049776902
-0.0013132548
-0.037852341
-0.011802821
0.033364521
-0.0215617
0.019553214
0.017069565
-0.0011523054
-0.022959228
-0.024554
0.23573349
-0.21117949
0.015958437
0.029453062
-0.13037901
0.018893639
0.11148537
0.038851206
-0.027946455
0.01671156
-0.0088596236
-0.011184173
0.018056404
0.016754808
0.0034695933
0.0091593898
0.025438894
0.024861258
-0.048091277
0.86532016
0.0027898567
0.20332083
-0.017984845
0.080037667
-7.8718776
-0.0091076274
0.044345695
0.017706218
-0.020453443
0.025025225
-0.017578455
0.032980244
0.051510716
-0.04516422
-0.010619362
-0.0029493004
-0.01241578
-0.028341007
0.022414382
0.023674167
0.001793728
-0.025467895
0.09264621
0.11399818
0.01859
0.025033614
0.020286251
-0.024663865
6.8073631
0.02058911
-0.015605956
5.6584297
-0.019226093
-0.82848193
-1.8515663
0.056632801
-0.049180492
-0.0074523087
0.019814675
0.0016464347
0.015686268
6.9553694
0.046371199
-0.03892884
-0.0074423591
-0.0062773519
-0.0061184395
0.060193982
0.0096200387
-0.1577589
0.030509713
0.090773982
-0.19732499
0.86936739
-0.098554133
-0.084514858
0.047391238
0.013936077
0.18501364
-0.35640888
0.019310712
0.017806156
-0.0002568792
0.14680532
1.9936101
-0.00948651
0.027158834
0.007605621
-0.028559588
0.020953966
0.064540558
0.00024550911
-0.016137587
0.028229182
0.024685864
-0.020697346
-0.263067
0.030596651
-0.02143886
1.3942927
5.7927458
-7.1870385
-0.012977636
0.030359163
0.021844643
0.019813674
-0.070622919
0.037753446
-0.029966337
0.038087404
-0.0313183
-0.0067691048
0.017849491
0.084963457
0.033708983
-0.19530823
-0.020844743
0.019393868
0.041970712
-0.0070772202
-2.4548839
-0.50125822
-0.052051973
-0.02032536
0.0050348365
-0.014660488
0.13076023
0.56598997
-0.17496163
0.1962231
-0.092212849
0.024577875
-0.0033665618
0.014123598
-0.032404669
-0.026366405
0.023528632
-0.056683868
0.0065662515
0.0382115
-0.029108066
-0.0091034332
0.0006174613
0.014064122
-0.015333951
-0.0084385437
0.023772495
-4.6625003
-0.0033675876
0.039645348
-0.036277761
0.0017003231
-0.025690365
-8.521889
0.87365902
-0.00094068538
-0.045983468
-0.52344989
0.4383887
0.085061189
0.033242867
0.014838555
0.014731729
-0.025427572
0.0039847969
0.015509939
-1.3271042
1.8943755
-0.0040730641
0.033423681
-0.094803568
-0.028399218
0.0054892783
0.053155263
-0.13999191
-0.026816833
0.013803957
-0.013791096
0.0077791302
-0.030964562
0.031137715
-0.00017315264
8.237696
-7.9617012
0.010973146
-0.036133095
0.036398217
2.1556425
-3.0012338
-0.030370845
0.027922433
-0.036721646
-0.89862592
0.93534756
-0.010141211
-0.02329538
0.025665672
0.0042292824
-0.0049362985
0.053820483
-0.048884184
0.022872535
0.013005792
-0.15603411
-0.0012781961
0.050546148
0.030831519
0.041783748
0.23919735
0.064548368
0.013279724
-0.072209389
0.058929665
-0.026482712
-0.047450187
0.021547005
-0.026279933
-0.16356701
-0.011541641
-0.010820147
0.04374742
-0.0050074681
0.0098571704
0.022643304
-0.78147605
0.0022933188
0.030837274
1.1131973
-0.013370675
-0.016779974
-0.0028764299
-0.024054941
0.020157179
-0.060534047
0.043024515
4.6924249
1.0577792
-3.6995875
-0.019814172
-0.055131178
-0.2278377
0.28296888
-7.7273165
-0.0027452905
0.034511367
0.29297556
-0.44761828
0.025805973
0.001437123
0.058078189
-0.121999
0.063920806
1.3894724
-7.0949034
7.0967734
0.020735677
0.023726572
-0.025323979
0.22149607
-0.10189724
-0.0016575913
-0.084427264
0.011956625
0.025578411
-9.2177383
-8.0209941
-0.37163784
-0.096933071
-0.1463169
0.24324997
0.016090336
-0.011451635
0.019011736
-0.00057152279
0.026645857
0.055992322
-0.044810408
-0.012627209
0.01426593
0.015413411
0.038670089
-0.0035249241
-0.016797363
0.019371242
-7.6959624
6.7956403
0.0051282183
0.0075628035
-0.033133625
0.028998913
-0.015012122
-0.0038680399
-0.032127943
0.015013511
-0.018398104
0.0016007416
0.030006877
0.0063319423
0.96100504
-0.78498367
-0.026518409
0.017528981
0.009209803
-0.049810365
0.084620399
-0.00075308549
-0.021532341
2.6465263
0.0094666453
0.018572251
-0.019741255
6.9990965
-7.6191107
-7.9467059
-2.2728132
-3.1653141
-7.2972391
0.0031916034
0.021435705
-0.016374295
0.0059930459
-0.0063691656
-0.0081481679
0.045303669
-0.006872835
0.020121441
-0.049317682
-0.0024145417
0.051732224
1.4602807
-0.0073617665
-0.021686786
-0.015213717
-0.020458361
0.012876103
4.6680525
-5.7355608
-0.0060266396
-0.10372327
0.056264375
-0.0088143323
0.018938652
0.014748763
-0.021972753
-0.049529074
0.0019737722
-0.02069584
-0.014389525
-0.20747855
-0.010545377
-0.018476407
0.0065354216
-0.018838863
0.012303441
-0.040326653
-0.0096932997
-0.022073925
0.015107526
-7.4820458
1.508376
-1.3709772
-0.13739879
0.071423979
-7.3336473
0.016748439
-0.0013108126
-0.021988515
-0.0099029045
-0.0022885407
-0.015215609
-0.019318145
5.4355627
0.022611329
-0.024675331
0.00033462564
0.020755135
-0.0049667133
-0.022038453
0.0030301672
-0.028438714
-0.0073552614
0.097589637
0.033651879
-0.13124152
0.22649769
-0.038396393
-0.035617691
-0.00054528427
-0.025982933
-0.010323236
-0.02514314
-0.83184344
-0.0068072777
-0.017448757
0.0040649566
0.00012288769
-0.0200228
-0.0046717347
-0.0063394912
0.026695373
-0.0016788399
-0.019724085
-0.018222097
0.13764641
-0.78977306
0.65212664
-0.036185443
-0.25423355
-0.017485354
-0.026296053
4.276831
0.045520344
-0.0059467055
-0.03537621
-0.021871857
-0.017567709
0.035368571
-0.011751697
-0.88372176
0.17033416
0.090633221
0.90696929
4.4880775
-5.3950467
0.028861287
0.0042900179
0.0031718501
0.018192302
0.053851134
0.061867205
0.0057502966
0.015929753
0.0011345123
0.057567605
-0.30175536
-1.4189493
-0.023944736
-8.1527744
0.01628239
-0.0084961814
-0.69958857
-5.4373533
0.019687618
0.012623604
-0.0039597292
0.011027746
0.023744403
0.0078951837
0.06342047
-0.020325131
0.019129246
0.023412154
0.0009989097
0.024018737
-0.20967099
-0.010086566
0.014055443
0.020773081
0.016793184
-0.025308051
0.029148249
0.0016159317
0.020173373
0.019747288
0.027620518
-0.044018375
1.2475576e-05
0.021257722
5.0491415
0.0071763902
-0.12219093
0.086156813
0.036034115
-0.026462357
0.031263008
0.17060345
-0.0055045642
-0.01540577
-0.025597232
0.012676257
0.012371133
0.025585342
-0.0036066562
-0.029014546
0.021904415
1.3366963
0.040460959
0.023709082
-0.019092184
0.00084873787
-0.006629413
-0.025870318
-0.034717785
0.0045582838
-0.02434596
-0.0012320468
-0.024103579
0.0019510053
0.022445003
0.025301388
0.025481841
0.016504283
-0.024430463
0.010894025
0.027369949
-1.5034855
-0.065338242
1.5688238
-0.018156639
-0.0083165188
0.023822551
0.0037235047
0.013076112
-0.076423044
-0.0071076163
-0.0072423835
0.0047668273
0.001768432
0.022861748
-0.012574607
0.017895424
-0.025467777
-0.023997115
0.0086346337
0.025085571
0.014702509
-0.0010115213
-0.0022785508
0.021007617
-0.012409773
-0.0032205505
-0.010069062
-0.023220848
-0.0014399347
0.015577276
0.012434452
0.010232147
0.0080426041
-0.0091835865
-0.95636802
0.22931614
0.017875169
0.016709522
0.014319896
-0.031029418
-0.0087783359
-0.023153493
-0.02108813
0.00063468712
0.025940562
0.0036566681
0.016312363
0.012792413
-0.017195329
-0.0071710284
-0.018909288
-0.0040212081
-0.016238867
-0.009535004
0.0075180423
0.01900069
-0.04034084
-0.019637806
-0.0074354327
-0.024606197
0.031432821
0.030359122
0.2244032
0.035652032
-0.26005523
0.027632073
0.015798499
-0.0089153623
-0.022113978
-0.091811556
0.25342014
-0.0032706621
-0.024956856
-0.11617717
0.022859536
0.019609521
0.020505672
-0.020732568
-0.00083676387
-0.018699557
-0.028574402
0.049339327
0.014427234
0.012113868
-0.022714679
-0.0010569101
0.097695124
0.010295471
-0.090660059
-0.0069982333
-0.025141501
-0.00049840968
0.018656012
0.047089008
0.029103775
0.02452393
0.012672093
-0.014857344
0.012952064
-0.019827842
-0.017175465
-0.0167433
0.018491804
0.016369314
-0.021158755
-0.0019504003
-0.014280695
0.019606115
0.016078936
0.025104836
0.45032619
-0.58565368
0.13532749
0.0072218443
0.019025988
0.032416652
-0.019838441
-0.0021886585
0.23104265
-5.7847018
5.5536591
-0.022794174
-0.0006172386
-0.011138213
0.31414752
0.1005706
-0.017398027
0.097278039
-0.030709306
0.011099815
0.0767106
-0.067302188
0.0092821515
0.0075720762
-0.019650923
-0.168545
-0.015559877
-0.78782676
0.80338664
-0.027605975
0.02359312
-0.043445993
0.025566463
0.0020267694
-0.035487218
-0.017443106
0.35959236
0.23999521
-0.02720317
0.010408031
-0.020089877
-0.021128978
-0.016916384
-0.025805283
-0.00053404334
-0.10818285
0.13260486
-0.055164495
0.032978858
0.0056119888
-0.038590847
0.014170808
1.0701584
-0.029757052
0.00056738533
0.019161542
0.019220801
-0.33990939
0.25162756
0.08828183
-0.067384951
-0.031103965
0.019999304
0.13105343
0.014603417
0.015299949
0.010300443
-0.067741224
0.0062767489
-0.014121808
-0.012584583
0.030025677
-0.032632588
0.012581651
-0.032559276
0.00065951425
0.075939002
0.069646356
0.23860336
-0.30824971
-0.022976629
-0.035209182
-0.00040850869
-0.077648801
0.016778891
-0.0015522187
-0.046947699
0.039505881
1.1620937
-0.012891288
0.0085868923
-0.10132506
0.092738165
0.036698839
-0.21228714
0.054119545
-0.051082188
-0.0030373565
0.10237512
0.12058157
0.17287661
-0.029323979
0.00024162131
0.011819637
-0.026994824
0.015175187
0.11726685
-0.10854805
-0.008718799
0.091435862
-0.11830477
0.026868903
-0.028708684
-0.0012078474
0.021074108
-0.02561609
-0.058339538
-0.0055539907
-0.062116698
-0.0016883043
-0.041428235
0.11421703
-0.10080114
-0.0015992977
-0.090716102
0.092315399
-0.049100626
-0.032638708
0.032785527
0.28385223
-0.16055525
0.036694283
-0.03014461
0.070751663
-0.060894821
-0.0098568418
0.17806926
0.58314629
0.10774614
0.026290861
-0.03217049
0.030367773
-0.047365783
0.2657311
-0.1439705
-0.11956446
-0.025269603
0.003665398
0.0050495765
0.58223179
-0.34135784
-0.338986
1.4448725
-1.1058865
-0.067674578
0.053007984
0.014666594
-6.6390005
-0.032019244
-0.011288059
0.018386091
-0.023788307
0.018795325
-0.019277845
-0.031656366
-0.0022475986
-0.24546308
0.11868733
5.8213897
-0.00044537017
2.508164
-0.048108552
-0.0059999837
-0.019863431
0.0083477191
-0.017747592
-3.9277486
0.66976035
3.2579882
-0.18163003
-0.076775502
-8.8684745
0.016768077
-0.0038075593
-0.016411212
-0.068002378
0.081126756
-0.01547707
0.21980024
-0.17230888
0.0039945917
0.0051686574
-1.2594473
-0.015860767
-0.0096777171
0.02543379
-0.0013572427
-0.10593829
-0.27108296
0.030601528
-0.0034856617
0.021546723
0.029770959
-0.033358377
-0.048675724
0.082646417
0.0030357822
0.016523004
0.003448044
2.7153732
-3.235234
-0.44068975
0.11492458
0.12029724
-0.29211832
0.17182108
0.69406603
0.39035664
-0.45826941
0.63581286
-0.73891517
0.12198261
-0.099189264
-0.029029352
0.037744018
0.011813384
0.019231512
2.4498678
-3.298325
-0.001000053
0.019340424
0.30205014
-0.065926991
0.021694975
-0.044518248
0.031266993
-0.03103838
-0.040814253
-2.3179341
-6.762271
-0.097348093
1.4246218
-1.3272737
0.013719056
-0.14196864
0.1044231
0.037545536
-0.080500804
0.092190938
-2.3254221
-0.11895627
0.77605104
-0.017218894
0.00791112
0.022125551
0.023590081
2.7137317e-05
1.0421754
-0.84626511
0.0020756139
-1.6294042
1.5071095
1.8041897
0.14139481
-0.07602882
0.025901573
0.026984408
-0.073828381
0.0046745461
0.021709338
-0.0036397006
6.7052473
-5.3109545
-0.0028751842
0.018800239
0.067551632
-0.06975523
0.0022035978
-0.0083561599
-0.021929445
-0.030152441
0.022939073
0.013437803
0.012162541
0.0083405386
0.0041539863
0.0058543016
-6.2090933
-0.38087994
1.3027271
-0.054778412
0.13484215
0.025773321
-0.0056108315
-0.082719944
0.088330776
0.026289035
-0.02382298
0.022629588
-0.0031647364
-0.05864543
0.18251442
0.014762204
-0.27599174
0.064726843
-0.012776574
0.017478261
0.0098835992
0.15568649
-0.16557009
0.66599247
-0.066759031
0.024130614
0.024118752
0.0072856638
-0.041970608
0.10065121
-0.048036872
0.036000153
0.012036719
-5.9236806
-0.059745326
0.002505312
-0.063779161
0.012410054
-0.015037523
0.027858145
0.061416894
-3.3965808
0.035104877
-0.028494505
0.0019760963
-0.023056551
0.0079259043
-0.05278053
0.044854626
-1.389303
-8.1704178
1.5348487
0.024918855
-0.028752765
-0.06108723
0.10774167
1.4802829
-0.013361036
-0.011914419
0.031239735
0.016244563
0.0054653004
0.3584336
0.011800129
-0.16023051
0.022010882
0.13821963
-0.053047339
-0.20953823
-0.042982574
0.19286099
-0.41857967
0.0031948345
4.5905044
0.032366673
0.6776914
-0.93669487
1.7267522
-0.20921335
-1.5175389
0.027402859
0.020289705
-0.021614071
0.019416963
-0.018121849
-0.031925809
0.030057705
0.039289315
-0.019120433
-0.00079733614
-0.021716253
-0.15375396
0.25609321
0.043329517
-0.00045496217
0.078634357
-0.11823579
-0.036722455
0.053942876
0.0033024112
-0.023639107
-0.063265962
0.097273709
0.066448812
-0.015591911
-0.0508569
0.22462639
-0.15694697
4.5941569
0.098267935
0.077024166
-0.18911889
-0.30226886
0.12318301
0.0065880847
0.014649521
0.043838623
-0.02317576
-0.019070313
0.039690634
-0.0026416533
-0.037048981
0.097474147
0.002735103
-0.027395471
0.019863893
0.0075315781
0.016749883
0.028664403
-0.033930688
0.051656852
0.048636003
-0.04353409
-0.0051019135
0.10292435
-0.0056012753
-0.09732308
0.0016538932
-0.065632622
0.025691786
0.14764296
0.12292491
-0.10939982
0.038627911
-0.25397313
-0.01593449
0.010429926
0.085543527
-0.0044451123
0.030291095
-0.027363815
-0.61348875
0.0020111913
0.086493815
-0.0043668436
-0.023843719
0.020389459
0.0034542593
0.041962122
-0.013682285
0.23554859
-0.2459381
0.010389509
0.20881402
0.21881073
0.25573565
-0.16954219
-0.016906868
0.05107462
1.344566
0.020743664
-0.11482752
0.67144004
-4.3512684
0.050355631
-0.0030679313
-0.030511315
-0.02080829
0.039153065
-0.018344775
0.11414933
-0.0083280679
0.013089589
-0.0051654494
0.075367322
-0.3857476
5.5136724
0.10379342
-0.13973951
0.035946098
-4.6396773
4.7275739
-0.087896599
0.01966869
-0.0025738119
0.078703434
-0.089369649
0.010666216
0.12428071
-0.022123771
-0.10215694
0.01552389
-0.021123461
-0.012956616
-0.22845187
0.28212354
-0.3175455
0.47556091
-0.2294793
0.12734851
-0.0081888459
-0.11915967
-0.029671241
0.012706489
0.28926758
0.024684959
0.00071111951
-1.429919
1.3694468
-0.023035018
-0.80753511
0.85808125
0.05399271
-0.05496773
0.00097502004
-0.83343222
-0.0050600377
-0.043909591
-0.3033302
0.073318664
0.0096661438
-0.008350397
-0.019329208
-0.00080393875
0.17365923
0.076305426
-0.24996466
-0.24083821
0.13961911
0.10121909
0.41610188
0.020605928
0.23639035
0.022307661
-0.02253424
0.00022657865
-1.2131683
-0.097752262
1.3109206
0.6242147
0.12614259
3.2563085
-4.3740787
1.1177701
-0.32494622
0.076507777
0.014960948
-0.0012469978
-0.038731012
0.2194176
-0.18068658
0.02217588
0.052684696
-0.071887142
-0.86282463
-0.030233745
-0.011362208
0.031953064
0.040110968
-0.052295095
0.023590751
-0.040603804
0.006834155
-0.058023875
-0.019840336
0.024724878
-8.791157
-0.02775361
-0.0053014791
-0.089496011
0.27151252
-0.1820165
-0.018359314
0.020397075
-0.36556009
0.088393409
0.072492882
0.031576128
-0.085699551
0.21161614
2.7146886
-3.5813877
0.67977366
0.24380345
-0.034792843
-0.049967438
-0.028471163
0.10760419
0.68678231
-0.7943865
0.9453998
-0.022376624
-0.11130954
0.13368616
0.030568983
-0.0064707657
1.0184593
-0.029929604
1.3852353
7.0337331
0.78603386
-0.81481411
-0.03259288
-0.0028838089
-0.062473305
0.031478139
-0.03364787
0.063535201
0.00097936806
1.1451075
-0.95068926
0.014878767
-0.18788152
0.41437921
-0.61617617
0.050086367
-0.038182975
0.023730886
-0.029335339
0.012676284
-0.034154226
0.0018678318
-0.013873214
-0.063028731
-0.0094948291
0.07252356
-0.013138031
0.060053642
0.0093473593
5.9780506
0.31626542
-6.294316
3.7302624
-0.25802356
-0.036359289
-0.0020689926
0.038428282
-1.0172623
0.64500632
0.09314287
0.045091493
-0.052364742
0.044883138
-0.00075239411
-7.0245237
0.033189567
-0.034160358
0.029753507
-0.031758874
-0.0077759764
-0.10022003
-0.034153705
-0.0026666187
-0.0018569958
9.2792488
-2.5582607
-1.4012979
-0.027484347
0.0080993353
-0.018161755
1.7051723
-1.2428243
-0.078538564
0.071660493
0.0059722768
0.0052063033
-0.40254092
0.10044866
0.020832095
0.00087243961
-0.021704534
-0.017980279
2.2098804
-0.086451753
0.050690393
0.027521636
0.010048271
-0.037569907
-1.5578931
1.4482721
-7.7039103
7.7585996
-0.054689357
-0.026036946
0.026836619
-0.015705847
0.0024870087
-0.021417289
-0.00040913333
0.0045276784
-0.017844668
0.017108925
-0.11239417
-0.044953721
-0.13258439
0.18543905
0.024414421
0.0025653942
-0.026979815
-0.16039585
0.23757566
-0.0066689381
0.024053309
-0.25719168
1.2510835
-0.99389182
0.0064449461
0.038247533
0.0056412165
-0.49638004
0.065829099
-0.055827146
0.026865594
-1.4592676
0.069964548
0.024087755
0.03041757
0.0090342638
0.016484327
0.0050623956
-0.015569358
0.079250689
-0.039009713
-0.033010555
-0.014499376
0.70510235
0.13313021
-0.051454973
0.076868959
-6.157515
-0.10652106
0.052273151
-0.033433179
5.1314601
0.049167273
0.034034471
-0.038713485
-0.018289212
0.016430794
-0.0099003531
-0.014975548
-0.040749837
-0.001359139
0.057261635
-0.45113463
0.393873
-0.095883284
0.25677119
0.13690492
-0.12343459
0.42627926
-0.29412134
-0.045557687
-0.0019350409
-0.058422119
-0.0058146762
0.064236795
0.55136601
3.2211238
-3.7724898
0.012540894
-0.016274382
0.00961412
-0.0058346497
-0.012245331
-0.049797183
-0.0051701055
-0.02017547
3.559945
-3.54568
0.051849124
-0.27410761
0.65870202
-0.74440157
0.37510407
-0.50637259
0.0036780638
0.0010803544
-0.22997059
-0.032374344
-0.0035604355
-0.034491386
0.019708993
-0.044922142
0.047401572
0.0150516
-0.014540927
0.012246785
0.025119786
-0.013176676
-1.070976
-0.015197369
0.015943885
0.010838939
0.014616594
-0.051548841
0.018983392
0.031447049
0.01312198
0.007704909
6.833094
-8.7232169
0.0017050652
0.089730797
1.0020736
-0.030871647
-0.0029917259
0.028322109
0.0070552423
1.3656489
7.9135999
-0.059519136
-0.0039009014
0.023868332
-0.018758522
-2.9817184
0.94330587
-0.71202396
0.02873122
0.0050353633
-0.033766583
0.05989811
-0.04187699
0.88342601
-0.83948685
-0.43535535
0.036211753
1.4880492
0.011786262
-0.036842929
-0.0030881412
0.011472783
-0.34097136
-0.21059754
0.061497513
0.012626082
-0.19550396
-0.040659279
-0.0024242919
-0.37794883
0.19006731
0.0023907052
-0.16534791
0.1629572
0.020103986
-0.019774437
-0.00032954903
-0.017061695
-0.066034846
-0.046087004
0.012027982
-0.030768095
0.018740113
0.051778913
-0.021036019
0.027088555
-0.046189634
-0.004703598
0.050893232
-0.15862906
0.23682753
-0.049116885
-0.0036644151
-0.033416047
0.031726654
0.18321793
-0.17640703
-0.0030035978
-0.25991636
0.1533047
0.018719663
0.018429469
-0.022047296
0.15965734
0.031408611
-0.31897662
0.05625932
0.36753997
0.0025320695
0.029386235
-0.018925946
-0.027918817
-0.03697873
-0.0026570597
-0.031274213
-0.0046250524
0.035899265
-0.044031854
0.044801212
-0.00076935755
-0.031027126
-0.090816445
0.39776544
-0.034113745
-0.003465993
-0.014684208
0.040990903
0.017048244
-0.035327691
-0.0034335487
-0.01171035
-0.012310515
-0.0027126846
-0.016447132
0.091366883
-0.13348269
-0.067951639
0.02518221
-0.019681421
0.045742046
-0.041804339
-0.23014627
0.099848184
0.034510685
3.6286718
-4.9136741
-0.0035576254
0.022666824
0.0036465736
-0.63141208
-0.4375981
0.12006045
0.036400921
0.057022963
-0.041696869
0.009861376
-0.14042514
0.84634091
-0.090236459
-0.037310817
-0.0038000926
0.027201148
-0.12996516
-0.060826497
0.20957496
-0.0058652185
-0.03817062
0.061211257
-0.038506772
0.18331617
0.002368106
-0.879727
-0.00080094662
-0.049054679
-0.0033100632
0.032570249
-0.099510331
-0.24037545
-0.043285921
0.034523353
-0.00095487187
-0.010102572
0.027816829
-0.035095679
-0.0036597803
-0.0042892538
-0.039270987
-0.042081946
-0.0016964283
0.043778374
-0.040909675
0.0508261
-0.009916425
0.21742354
-0.15761172
0.054752338
-0.060799661
-0.076911261
0.091833977
-0.051294269
-0.0092397776
-0.024416558
0.028455379
-2.368484
10.086184
1.2896753
-1.071277
0.17004444
-0.16448876
-0.47412159
0.71993484
0.023611175
-0.035049054
0.011437879
-0.17333767
0.29745023
0.013032131
-0.038600357
0.052972456
-0.021389467
0.024968705
-0.0035792378
0.020398665
0.0030204742
-0.019517109
-0.022218933
0.024595455
-0.13365663
-0.17124818
0.061021441
-0.055989457
-0.025154586
0.020894742
-0.011127486
-0.012586353
-0.0047342089
-0.021250412
0.0030831314
0.011659823
0.79743184
0.36486333
-0.038613292
0.099220314
0.41454171
-0.29912653
0.018710963
6.8883613
0.13049018
1.6184675
-1.9058608
-0.05885581
0.067031535
-0.026176145
0.93301945
0.32385545
-1.0753903
-0.15537964
-0.026045815
0.029876798
-0.0038309829
-0.040117463
-0.046491852
0.074951997
-0.20608959
0.18552201
0.15590015
-0.14603877
-0.036524845
0.080591115
-0.28974621
-0.013970098
-0.019061391
0.0029565888
0.30099155
-0.15674859
-0.023461272
-0.045160597
-0.18613179
0.23129239
-0.063545509
0.30213527
-0.034449813
0.03214331
0.51958589
-0.38754075
-0.95990312
1.058884
-4.4997391
-0.0005465661
0.034800953
-0.034254387
-0.045903564
-0.016891559
0.016205975
0.020901466
0.0044131969
-0.025314663
0.041437722
0.067171975
0.014871319
-0.03149118
0.029937821
-0.028011743
-4.9933872
0.76549571
0.1179303
-0.017656548
0.015568214
-0.032183358
0.029462043
-0.033235579
0.031547922
0.022302657
-0.23197364
-0.025511017
-0.03762795
-0.13314627
0.044249264
0.088897008
0.015164414
-0.64320403
0.45136788
-0.44495689
-0.0064109914
-0.027115041
-0.11497098
-0.053755957
0.033394603
-0.11720662
0.34668485
0.075475339
-0.010604428
0.049704417
-0.3039785
-3.4430097
1.048271
-0.00138176
-0.032335118
0.027391755
0.0052538347
-0.03264559
-0.036177326
0.0090351931
-0.12403493
0.0042915486
0.038005954
-0.10952612
-0.063226069
0.017850481
0.023770433
0.010618484
0.002310936
0.010690027
0.068000732
-0.00012085298
-0.067879879
-0.025070963
0.052675077
-0.51288611
-0.12968263
0.25351816
0.32731048
-0.23309996
-0.032247446
0.022313351
-0.011534091
-0.36729534
5.9299142
-0.024341899
-0.0028211933
0.027163092
-0.028431727
0.033397696
-0.004965969
-0.018211259
-0.033569307
-0.03974679
-0.0055601485
0.045306938
0.011463129
-0.0023657494
0.018155477
-0.017944186
-0.019642068
-0.042615418
-0.033745359
-0.1971583
0.086943657
0.11021464
-0.030129762
0.024296332
-0.032348807
0.026670362
0.043808188
0.0042046975
-0.025355137
0.015436375
1.6002487
-0.029310105
0.024270049
-0.32128072
0.43230321
0.099830811
-0.14850653
0.17529391
0.47230852
-2.034768
2.0974723
-0.062704317
-0.02730999
0.0012730448
0.017617165
-0.32387971
-0.031438779
0.06315408
0.02347672
0.020466824
-0.030537724
0.02480111
-0.026301088
-0.29596391
0.16996645
0.075160546
-0.082019208
0.006858662
-0.03534529
-0.013842799
0.10311078
0.035703093
-0.13881387
0.080677842
-0.0089674538
-0.049140531
0.10284565
0.14607066
-0.0094408132
0.036282448
0.31631325
-0.24420249
0.0056289086
3.5416351
-0.0031497062
-0.020634334
-0.15115632
-0.02473
0.039536068
-0.030132386
0.033667696
0.023925678
0.045022851
-0.004033587
-5.5066911
4.2565963
-0.022133955
0.021134284
-0.025191362
0.10320832
0.031633832
0.025098013
-0.022742997
0.030713114
-0.0079701168
0.016788132
0.0078514528
0.20170411
-0.20273205
0.037114736
-0.028631523
0.1063919
0.035002908
0.057108055
0.049465377
0.4019025
0.0045374034
-1.5783405
0.10543979
0.019664311
6.3647222
-0.75700165
-5.6077206
-0.017696198
-0.00082137795
0.013633645
0.021860318
0.017383471
1.6029052
-1.1808002
-0.4920231
0.58337643
-0.034795455
-0.16660602
0.22881946
0.018225959
-0.029995394
1.436595
-1.1461363
-3.9032268
0.016122346
0.0087965092
0.025227994
0.0020689055
-0.0272969
0.24496123
0.4382831
0.016601398
-0.042723895
2.3591931
0.32564195
0.018236532
-0.34387848
0.0069209571
0.022961694
-0.27386362
0.5277528
-2.9925185
2.4647657
0.067099502
0.36761793
0.48338059
-0.36933045
-0.020835507
0.020227593
0.0014571926
-0.020164849
-0.02891382
-0.00399738
0.038399439
-0.043460442
0.27207989
-0.27389116
-0.18305004
-7.6108868
0.0072876358
0.049694377
0.0076860039
7.5654722
-0.11223819
0.018030578
0.0071264099
-0.024639056
-0.018031466
-0.010064217
-0.12917768
0.48390247
-0.3547248
0.033347068
-0.0070580328
0.033332988
0.0035842262
0.0017244356
0.032041181
-0.027081165
0.032803086
0.0017434562
-0.034910503
0.029258414
-0.026450311
-0.053065561
-0.27425701
-0.011273293
0.017311528
0.11108318
0.036559778
0.038665343
0.03303192
-6.1102158
2.6445555
0.73231312
-0.747873
-0.039728664
0.033313348
-0.030010742
-0.006504214
0.036514956
0.5782358
0.027063034
-0.021768164
-0.011009249
0.030287602
-0.019278353
0.56410075
0.024381661
-0.00098998977
-0.023391671
0.17791863
-0.0025330162
0.020011278
6.3317899
3.5325915
-4.2364795
10.74209
4.8453283
5.171157
-5.111472
9.1130368
-7.8419739
9.9625788
8.7360013
-0.86666524
1.9928576
7.3395365
7.8213685
1.7038782
9.4515162
-4.0471193
0.17285651
0.079321857
0.24604087
0.31087892
-0.55691979
1.1239444
-4.3227544
-0.019427036
0.051897217
-0.32714359
0.0045753576
-1.0455134
0.94674118
-0.15835875
-1.8358404
-0.0065618293
0.025214893
-0.025369015
-0.18492173
0.41287272
0.028927903
0.0058830653
0.099149459
-0.11598113
0.049120055
0.0038958166
-0.019988268
-0.025490818
0.041106939
-0.24718366
0.026331128
-0.00067369507
-1.9678357
-8.147618
-0.25049484
0.97869367
-0.72819883
-0.12387317
-0.3011048
0.0580496
-0.0038293489
-0.054220251
0.18156008
0.074903107
-0.25646318
0.10391625
0.046187462
0.074497411
-0.5140626
-1.4216745
-2.2035841
-0.043475249
0.07043802
-0.04408815
0.010549722
-0.071262526
-0.07295285
-0.016104308
-2.2018226
1.057827
-0.022112261
0.0013785352
0.05528242
0.003655565
0.11426099
-0.16199703
-0.041834141
-0.0015011552
-0.037828136
0.050318572
-0.091660004
0.023850281
-0.049827275
-0.097722839
0.14755011
-0.023908674
0.036214823
0.01011185
-0.0190877
-0.057613106
0.11696455
0.014819564
0.14066572
-1.0422346
1.0114293
0.014755733
0.06193713
0.0027159709
0.0079877675
-0.043489134
-6.727214
8.2293255
-1.5021115
-0.022587558
0.019285986
-0.35498008
0.21055777
-0.036954661
2.0067013
-2.4955443
0.26757863
-0.28607581
0.01849718
0.11350882
0.042198342
-4.8484833
0.11134722
0.035927527
-0.015890291
0.043814989
0.9179513
0.0048886639
-0.034144663
0.020192004
0.0097813131
0.014684344
0.087924587
-0.014655586
-0.073269002
0.20790561
0.23224369
0.98618063
-0.069126894
0.0208344
-0.030677229
-0.038472855
0.20920428
0.22728604
-0.22665323
-0.030282366
0.02711077
-0.020715128
-0.028554465
0.028586254
-3.1789741e-05
0.048363944
0.019683217
-0.06804716
0.33148575
-0.005713551
-0.041142111
0.15646079
0.0018807277
0.0064993286
0.059955836
-0.10196711
0.043836142
-0.034936499
0.02583438
0.003260201
0.027458318
-0.030718519
-0.02266271
-0.025699613
0.056011897
0.12849927
0.039722491
0.043098728
-0.0016610063
-0.0014437492
0.025042419
-0.10441286
0.94162933
0.031711711
-0.025933237
0.59693702
-0.65624593
1.0795587
5.7106267
-6.7901855
0.032559902
0.037095586
0.12393439
-5.1750422
0.014716227
-0.36387388
-0.030578983
0.072813748
0.035628229
-0.0043665895
-0.13876427
0.070129712
0.025693157
0.35881677
-1.4409848
-0.011478642
0.027853847
-0.016375205
1.5187491
-1.2584123
-0.26033684
0.11687357
0.038093881
6.5062193
-0.0006462264
0.041939287
-0.03737359
-0.0045656973
0.135902
-0.073877179
0.08143503
0.0027814114
-0.074244949
0.11109619
-0.0068687407
0.24562245
0.30543453
0.031323281
0.013154328
0.0091168364
0.012923928
-0.024758926
0.020435161
-0.088986805
0.038889873
-0.038375638
0.016904363
-0.017670064
-0.071986248
-1.2399901
-0.83504646
0.018600061
0.02067651
0.0073668857
-0.012546287
-0.01086669
0.024350136
0.01637775
-0.017905888
0.15960801
0.018310625
-0.028164236
-1.9952766
0.02327099
0.0080357558
0.023422682
0.031302144
0.03807575
-0.032048517
-0.0053788732
0.022857539
0.0058024437
-0.041106069
0.032893172
0.023913885
0.0054062105
-0.029320095
0.025313929
0.0098304464
-0.035144375
0.0020943486
-0.0082735504
0.02884687
0.011524472
0.31833334
0.045646716
-0.36398006
0.011803753
0.031865593
0.036701116
0.013518114
-0.31797013
-0.0030170988
-2.3073229
2.5211603
0.040415565
0.013712591
0.072303638
-0.062157749
0.14518825
-0.13822725
0.17530872
0.067605946
-0.9200321
0.0054377166
-0.8495506
-0.50729967
1.3568503
-0.027783821
0.0016076764
-1.5061399
1.5835943
-0.034979852
0.04290953
-0.0079296778
-0.16367945
0.22356822
0.36485804
0.65809138
6.9610455
0.057017318
-0.040431632
-0.016585685
0.025459172
0.037261073
-0.028163387
0.034725408
-0.0065620214
0.49128357
-0.0052824726
-0.0012421274
0.12466362
0.078998624
-0.20366224
-0.0050292566
-1.9843595
-0.013453273
0.049370366
-0.035917093
-0.44034447
0.13879037
-0.12260012
-0.14582667
0.15457551
0.029344181
-0.020415556
-0.76767148
0.22419341
0.14967594
-0.0046761791
-0.10641901
0.11829106
1.4217214
0.62961214
7.4982496
-0.02118275
7.0111817
-0.93275931
0.030508117
-0.035339712
0.1000803
-0.13026311
0.0032246068
-0.081814828
-0.020006185
5.2010814
-7.1762586
1.9751772
-0.06334768
0.067844231
-0.0044965505
0.033703488
-0.39932781
0.23760453
0.18181063
0.051585094
-0.046692266
-0.12994924
0.14569263
4.2918454
0.24052881
-0.019885654
0.12719651
-0.16640891
0.039212396
0.024436443
-0.03824123
0.19984287
0.078520125
-0.034803774
0.0075692242
0.0025578156
0.033343314
0.014703055
0.0012525704
-6.6748031e-05
0.042006035
0.25271759
-0.2302102
-0.025441742
2.4060145
-2.8836239
-0.10845467
0.077312006
0.031142664
0.70537807
-0.60578378
-0.017203714
0.022594272
-0.062825318
6.5118191
-0.037056281
-0.0096113894
0.04666767
-0.041173401
-7.5907462
0.026035402
0.0089125842
-0.083872058
-0.023587339
-0.0060839021
-0.03036675
-0.0062393747
-0.026748128
0.012287541
0.12317867
-0.096598221
0.047545635
-0.0023492381
-0.03104603
0.039661002
-0.0086149721
0.023125578
0.0096969159
-0.032822493
-0.040077137
0.0077167965
0.026305853
-0.032827434
0.12585374
0.42293822
-0.90923538
0.069748525
-0.045381167
7.3179007
-0.18908353
0.51517846
0.027095003
-0.045424033
0.059889744
0.034853692
-0.033196523
-0.0016571688
0.11116232
0.073246037
-0.051063252
0.068901655
-0.060992006
0.053392269
0.026819104
-0.0028385432
-0.023980561
0.8776365
-0.087000022
-1.1971788
1.5895276
-0.13600479
-0.0063113968
0.03261725
-0.03115279
-0.0066753455
0.038143285
1.7307059
-1.4988478
-0.0019318783
0.015574761
-0.053523127
0.012349726
-0.053027378
-0.0007562081
-0.007081092
0.012881532
0.013757751
0.034118776
-0.031090929
-0.24652022
0.064160346
0.18235987
0.093757413
-0.064621261
-0.020407131
0.046138912
-0.0066276945
0.040331182
-0.047026035
-0.0059381748
-0.19053067
0.13376573
1.1715043
-1.6084295
0.43692527
0.17300738
0.020261918
5.8934903
-0.035646979
0.03696876
-0.0013217812
0.026928634
-0.026652977
0.0020413893
0.053662126
0.021281933
0.028712447
0.04646327
-0.041402941
0.14976305
-3.7659258
-0.60205991
-2.729819
2.5868277
-0.11910105
0.15398917
0.22965477
4.1843294
-0.79051054
-0.012424868
-0.075045292
-0.065674876
0.13308516
-0.031519171
0.038938838
-0.03407984
-0.0048589987
0.017009136
0.03755042
0.076741747
0.026635143
0.02061742
-0.0074092059
-8.1893388
-0.082267839
-0.0010154627
0.039703775
0.041164145
0.0098752669
0.012793327
0.0046940336
-0.0032776314
-0.034966558
-0.071230795
0.029161001
0.011953919
-0.035196206
0.078172168
0.17020192
0.21162005
0.011112985
0.036618878
-0.0053167341
-0.0046916477
0.047320797
0.099763771
-0.10360694
0.25790988
-0.0056371951
0.038615523
-0.11286047
0.028927255
-0.040731416
-0.65871405
0.62144427
-0.72333164
0.66116598
0.0049316549
0.018343041
0.037919089
-0.030978972
-0.044745195
0.067339467
0.19260253
-0.43031133
0.23770881
-0.055925009
0.065478541
-0.069475755
0.00035889861
0.19118991
0.066719964
-0.095968458
-1.069731
1.4285478
0.031450015
-0.0052876817
-0.026808585
0.0011089719
-0.14550608
-0.0037287856
-4.2884414
-0.88660074
-0.062138428
0.069981789
0.012082008
-0.035990682
0.230746
0.019421424
0.022718286
0.045057566
0.30409901
0.037865769
0.076439868
-0.082054446
0.064982726
-0.056280615
0.0041623186
0.032659258
-0.026495597
0.027281518
-0.081100596
0.062135464
-0.035268633
-0.0086298449
0.11724972
0.041855898
0.012984196
0.057242909
-0.049128636
0.00417156
0.33942281
-0.035422156
0.064293307
0.12383704
-0.059502911
0.068466977
-0.0039797021
0.029889227
0.056135903
-0.19704147
0.5616972
-0.026953501
0.032714606
0.031175162
-0.0041963808
-0.026978781
-0.0088204921
-0.02645686
-0.0068411483
0.09959308
-0.12632077
0.026727689
-0.27431387
-0.0011371789
-0.002371022
0.036775959
-0.63753946
0.59976159
-0.035299856
0.066394658
-0.059815615
1.9662748
-1.6289558
0.021803035
-0.015392549
0.014419562
0.00097298649
-0.029325303
0.023926372
-0.012955282
-0.0056443557
-1.3045756
-0.035109337
0.013464887
0.0061728979
4.5315818
-0.058124295
-0.057088965
0.066152292
-0.016754053
-0.011243879
0.020251188
-0.027257104
-0.061126763
0.068155846
0.13304449
0.12800909
-0.26105358
0.097470599
-0.14900438
0.051533784
-0.015923445
0.056287539
-0.040364093
-0.029193148
-0.0073205995
-0.015361015
-0.076394629
0.084129091
-0.063250375
0.089365443
-0.086297472
0.0019351464
-0.65371244
0.89867367
0.058269018
0.081119068
-0.07578458
0.036088403
-0.027618952
-6.7940032
-0.38671688
0.20111889
0.005869954
0.13226125
-0.022389901
-0.066369112
0.076734314
-5.7545165
0.0055428986
0.067427732
0.12219953
-1.2098755
-0.020981384
-0.036660881
0.41122257
0.014980426
0.07581258
-0.067505028
0.90944314
0.0085081615
-0.034357871
-0.0068201383
0.04117801
0.028781998
-0.0081035998
-1.6806619
-5.9302249
0.095200288
0.030452728
-0.0070531276
-0.038483531
-0.19586684
-0.076149561
0.087402794
-0.042173843
-0.0047009021
0.023163671
0.018788548
0.0087974514
0.31981565
-0.26381682
-0.17676208
0.2369603
0.030686163
0.077440149
-0.066619724
-0.065769298
-0.040136137
0.0058133181
0.049429207
0.4424894
-0.47291648
0.27824149
0.19467498
1.4891451
-4.3340266
-0.02360368
0.02099215
0.06286203
0.013982919
-0.040808545
-0.0041116306
-0.063044988
-4.7919711
5.7084623
-0.024525341
-0.0055036364
-0.030753614
0.077269215
-0.038788613
-0.35137755
-1.2682302
-0.21007907
0.26995514
0.0022595416
0.29422539
-0.19137974
-0.83302106
0.78388053
0.050194876
-0.038990216
0.015630974
0.017655351
-0.014990112
-0.02734426
-0.039263284
0.037312116
-0.028638105
0.016258571
-0.011736659
-0.021832648
0.075518177
-0.060774987
0.029336208
1.8684224
-0.026292474
-0.0068234582
-0.24756958
0.018006334
-0.0027063848
0.026473712
-0.027786417
0.02542086
0.010976145
-0.036397005
0.89755006
-0.24447402
6.1743883
-0.20903339
0.018749313
-0.025134587
-1.3784352
-0.032649489
-0.21898519
0.66617242
-0.28397759
-0.38219483
-3.5688268
1.2062865
-0.012913171
0.018185945
-0.019481311
-0.033015672
0.017757178
-0.0013263836
-0.083989146
-0.17566679
0.040249648
-0.0867415
0.028727351
0.0072522579
-0.42672191
0.1369757
-0.029856393
-0.0067440824
-0.050156732
0.017909286
0.003282869
-0.06880032
0.019699694
-0.066317095
0.00059447058
0.2039267
0.04633612
0.062186045
0.028607477
0.010401789
0.017536376
0.25328001
-0.016784349
-0.049496527
0.066280876
0.013609994
0.00061799027
-0.054373947
-0.2682729
0.039539117
0.22873378
0.16605306
-0.16901958
0.0029665164
-0.034163427
-0.0058400379
0.69692704
-0.0050858146
0.034189589
-0.030256812
0.6364702
-0.027076495
-0.0073724595
0.031541181
0.033047944
0.0096683157
-0.04271626
-0.10158555
0.026719327
-0.016211034
4.9460668
-6.0214572
-0.031754373
-0.099073192
-0.024725787
-0.0043669093
0.029092696
0.023399471
0.016663237
0.42529717
-0.040241543
0.043325471
0.0064137459
-0.018401516
-0.0049463454
0.022336558
-0.82981378
-0.22541598
6.397369
-8.4147396
2.0173705
0.0048737093
0.011414674
0.0061010948
-0.10670616
0.078617985
-0.065981999
0.83734046
-0.11740562
0.28082382
0.13594385
-0.41676767
-0.024346224
0.040299201
-0.017351385
0.049636803
-7.1611558
-0.68961114
0.65277252
-0.021212416
0.047769374
0.021345606
-0.036346869
0.0018799403
0.063351231
-0.05968216
-0.052816426
0.10884013
0.027267038
0.11715538
-0.12301088
0.005855497
0.013582513
0.011537273
0.74468392
-0.11718402
0.0011316138
-0.014932461
0.042753313
-0.027571665
0.059154894
-0.027052367
-0.0056199921
-0.10070145
1.3249081
-0.53269036
0.28253155
0.25015881
0.0040904794
3.202304
-2.8347641
-0.21184419
-0.17465969
0.025542172
-0.020896555
0.015575826
-0.10374321
0.084718937
0.019024276
0.10030345
-0.079444157
0.015361735
0.095428353
-0.066042118
-0.043331095
-0.060980534
0.033215316
-0.010039207
-0.34343314
0.34042955
0.024644513
0.18274855
-0.16329212
-0.29533854
-0.043901878
0.042400938
0.51238326
-0.56164729
0.11946314
0.034809449
0.24661367
1.8641557
-0.057838648
0.066306259
0.055627345
-0.018393189
0.17295077
0.11938429
-0.071306019
0.12693591
0.16894268
-0.15203755
0.83083233
-0.86813157
1.2234708
-3.6276779
-0.015512872
0.016469767
0.057883889
-0.048504481
1.2794786
-1.7336825
0.45420391
-0.0060079516
0.066262799
0.025571178
0.068574951
0.018802197
-0.07533289
0.00045791741
0.083425725
0.041434219
-0.19571684
0.1772247
0.17018427
-0.14683751
-0.17858387
0.065221753
-0.1421877
0.051951244
0.071188412
-0.063751576
-0.011354058
0.038552016
-0.027197958
-0.064410262
0.025400549
0.66778791
4.1137496
0.040754709
0.018167273
-0.10105529
0.10605137
0.024335452
0.14495505
0.15048232
-0.082019259
0.018671579
0.022132159
-0.055945106
-0.002148817
0.18388669
-0.1653118
0.0025525097
0.041464033
0.031164537
-0.022801407
-0.054849179
0.077650586
2.8140535
0.032380193
0.043133977
-0.012536115
0.020848774
-0.47812138
3.1672084
-0.13944561
0.0089400452
-0.034461329
0.071136695
-0.063708214
0.051591474
-0.70400045
0.91944431
0.0066582106
-0.0065768154
0.15832031
-1.2791638
-0.020083266
-4.0087989
-0.33217187
-0.52981121
0.49497895
0.44886715
0.013919751
0.013383741
-0.050515088
-0.13779806
0.024444805
-0.024192119
0.01447054
0.038214156
0.1391087
0.064556913
-0.054517284
-0.059242849
0.32500638
0.19364003
-0.020452893
-0.03700855
0.08480582
-0.093413138
-0.019580842
0.034338059
-0.02272765
-0.032282034
0.025454836
-1.3242569
1.4270614
0.044916523
0.070971228
-0.0015279444
-0.09393957
0.043020141
-0.013425433
0.11529912
-0.096850541
-0.44165266
0.13609945
0.038229325
-0.036877363
-0.31598665
0.23812956
-0.0034446973
-0.0043489601
0.26190435
-5.8179826
6.6276474
0.067241954
-0.056914733
-2.100586
0.024770756
0.051733343
-0.044881522
0.013330119
-0.003861948
8.9315638
9.1802289
3.9907193
9.1862774
6.1306806
9.0380586
-0.019884141
-0.067509132
-0.98064445
1.3390781
0.069898547
-0.057768948
-0.15901957
-0.39143776
0.55045733
-0.02555705
0.0021443186
-0.021915219
0.12968967
-0.11319835
-0.010920888
0.022311822
3.144062
-4.4413076
1.2972456
-0.020651623
-0.10972738
0.069918895
-0.058046354
-0.045128794
0.0099395545
-0.02429098
-0.063910987
0.054990918
-0.046918895
-0.024102254
-0.0063613943
0.035519991
5.8548932
-0.2803704
0.056764336
-0.049134474
0.01781456
-0.015482627
0.03835176
-0.035863369
-0.055921609
-0.0065433977
0.024106261
0.16269632
0.17019042
0.002480091
0.014614755
0.0099750892
0.006554702
-0.068182648
0.019263228
0.039118579
-0.038152346
0.12962522
-0.10762183
0.12789127
0.19909316
0.13670973
-0.0056137004
0.040292735
-0.24119299
0.43405398
-0.062349095
-0.12407503
0.084750472
-0.073075956
-0.76174703
1.1935068
-0.90423917
0.018822694
-0.1248761
0.23261777
0.060347965
-0.027879467
0.010577454
0.21993362
0.14976583
0.20519759
-0.11300665
-0.02353524
0.045230215
0.063553947
-0.022697639
0.092744715
-0.076716327
-0.081708755
0.109328
0.056284245
-0.025682716
0.13183002
0.087907861
-0.080899843
-0.12574833
0.048703633
0.10311352
-0.085312386
0.046507672
0.019321428
-0.046386463
-0.012646534
0.13127743
-0.086882293
0.11878985
0.12971689
0.014060911
-0.061426694
-0.067049777
0.052191118
0.014858659
0.37169113
-0.19881453
-0.042900253
0.017572739
0.13567766
-0.044732043
0.025117897
-0.010548297
-0.0145696
0.13137698
0.12913849
0.28745181
-0.18975669
-6.8571036
-0.042830243
0.05740196
0.071754702
6.4052009
7.4988206
-6.3742804
-1.1245402
-0.15927234
0.23069632
0.022674168
-0.021602247
-1.1274463
0.028572367
0.1219649
-0.097121425
0.073875291
-0.093585963
0.11140473
-0.019183837
0.024648263
0.09615705
0.82530551
0.024632787
0.14362636
-0.079740783
0.098662277
-0.18299672
-0.057538846
0.0083678889
0.070571936
-0.024026803
-0.049688926
-0.3331064
0.34028279
0.023752487
1.2460128
-8.0082838
0.61451509
-0.57547262
0.20121331
2.0501401
-0.081237988
0.14022086
-0.058982876
-0.014593783
0.13393235
0.087563714
-0.016738325
-0.010009802
-1.8561519
-4.7828486
-2.4114752
2.7953381
0.034524136
-1.0242649
1.121007
0.16605727
-0.13292548
0.092397195
-0.043483973
0.084210319
0.11971262
0.50119814
-0.025099232
-3.2647791
2.7635209
0.027761751
0.01577987
1.4088525
-2.084299
0.67544648
0.057136028
-0.031195466
0.02698507
-0.020567315
0.17726778
-0.18133092
0.0781775
0.12240914
0.0051044374
0.0487847
-0.026880285
-1.0156738
-2.2292093
3.2448831
0.25251428
0.041857223
-0.027967816
-0.94186403
-0.033032717
0.027743143
0.045214114
-0.025526496
-0.010306593
-0.022141471
0.022726561
0.0016209176
-0.024347479
0.17811044
0.34886188
0.026311231
-0.02097459
0.0095202219
0.4216287
4.7545842
-0.04190766
0.037125097
-2.5672875
2.8516368
2.8802357
-0.10093252
0.071854182
-0.05774829
-3.0562968
-0.021483751
0.12995754
-0.042186631
0.037060181
0.034864148
0.011157192
-0.042935361
-0.010658582
-0.040316485
0.18907759
0.01688971
-0.020104993
-0.10252705
0.051376006
-6.5921964
7.927163
0.22826433
-0.14598962
7.3309454
-7.8674315
-0.3509394
4.1829948
-1.7487009
0.011963584
1.8698801
0.043627434
0.028592434
-0.072219868
0.11719323
-0.093571133
-0.74569038
0.69428514
-0.80433397
5.9515782
-6.0084689
0.050631411
-0.054923654
0.020209879
-0.026226358
-0.038415231
0.032221687
-0.030979897
0.98273868
-0.79848372
0.12471624
-0.0027852645
-0.50069068
-0.02878511
0.052313742
-0.048426108
0.10069812
0.0031561392
0.019213541
-0.059150674
0.022721494
-0.021098806
0.25495942
0.025233408
-0.068139367
0.023776904
0.047452958
-0.027638283
-0.28707897
0.029360352
0.28241763
-0.22531547
-0.028730483
-0.21387223
0.043638822
-0.025932604
0.05099045
0.010030991
-0.014480866
0.039941827
-0.02398339
0.043118353
-0.036141224
-0.02545578
-0.018039499
0.037108835
-0.022817697
-0.044728476
0.016594923
0.029974475
-0.017484028
0.016362954
-0.042322173
0.0366078
6.551649
-7.8812681
0.029103707
-0.034962407
1.6575059
-0.076836838
-0.0031021652
0.19427118
-0.20335807
0.0024269062
-0.11393533
0.33727754
0.022253727
0.0022046592
0.010254571
0.25720035
-0.25355248
-0.73042195
0.68512746
-0.027335638
0.23595493
-0.039040574
-2.4586279
1.6630948
0.011060053
-0.018787825
0.013280711
0.015918732
-0.055677788
0.018169981
-0.11988948
0.018825938
0.0028304246
0.27932123
-0.26686194
0.66595489
-2.6956378
0.46148336
-0.084339257
-0.16212443
-0.4402427
0.057419093
0.00062263736
-0.0062415378
-0.035086326
5.1260768
0.47395152
3.4672966
-5.259781
0.28145473
-0.064442727
0.022784742
0.068939132
0.068661048
-0.15705565
-0.037109319
0.02957317
-0.013044377
-0.03741014
0.030874761
-0.22825447
-0.021381358
0.010197186
-0.0083672234
-0.013014135
3.5461906
2.2534579
-0.051750576
0.036474664
-0.0029546855
0.026015844
-0.032342025
0.16138717
0.06853768
0.14067142
0.029829819
0.41820407
1.9106433
-2.5538473
-0.030513653
0.11082263
-0.03513745
-0.49463026
-0.18126426
0.67589452
-0.018578624
0.034211444
-0.015632821
-0.10534028
0.35068726
-0.0099398038
-6.0505461
4.3586082
1.17888
0.70164713
0.015644688
0.011697499
8.0413042
0.69628766
0.0096551417
-0.045030043
0.049294872
0.028768468
0.029725984
-0.022120363
-0.02286997
0.00095978716
-0.018178682
-0.0088596063
0.040169885
0.01931175
-0.009336661
0.054890943
0.03700317
-0.091894114
0.040060974
0.062190353
0.043485292
0.070956856
0.0050453887
-0.26060611
-7.1569197
0.046225011
0.080245065
-0.022352992
0.040978107
-0.18951613
-0.56346149
-0.10247751
0.044286881
-0.031226805
0.034569476
-0.026011441
-0.1286459
-0.073123692
0.039235906
0.030640561
0.034691089
-0.024665216
0.046653236
-0.065100716
-0.0019490617
-0.027796454
-1.1059497
-2.4973304
4.7383889
-6.2466269
-0.01132525
-0.52603732
0.015487379
0.2163733
0.055257684
-0.80598305
-0.049445741
0.063381817
-1.0071355
4.4166799
-0.030194613
0.10976455
-0.079569938
-0.019244964
0.022435658
0.028437774
0.00066539419
0.097357069
-0.084077346
-0.036047252
0.076414691
0.94741621
-0.23164506
-0.15860939
1.1527032
-0.015179721
0.019529954
0.015989567
0.22609261
0.036757638
-0.023317084
0.021621929
-0.66603243
-0.04252678
0.0025824365
0.091399624
-0.081104153
-0.13686521
-0.026979111
-2.8525272
-1.112332
0.25006303
0.027247576
0.047187153
-0.056260528
0.053845987
0.12841811
-0.036254446
-0.15076159
-0.030738636
0.18150023
-0.00012103712
-0.073437039
-0.16683817
0.070319307
-1.4959398
4.9767157
-0.019582283
-0.025012282
-0.046505625
-0.044189307
-0.0041935916
-0.018447741
-0.74607535
0.028413234
0.008617177
0.00052744517
-0.00060932259
1.7684243
-0.14254865
0.029522976
-0.019382158
-0.17703223
-0.044623835
0.22165606
-0.011576585
0.035903692
0.14067598
-0.045120519
0.024590418
0.050076365
-0.45435116
0.19097909
-0.036963237
-0.0044356877
-0.028068414
0.0069740306
-0.02608034
0.024729659
-0.28791278
0.060075082
0.012971172
-0.041701802
-0.29752878
0.10213516
-0.20782329
-0.033297259
0.066188334
-0.044134173
0.0065166157
0.061885411
0.019241345
0.020638221
0.15869482
-0.048617355
-0.11007747
0.012936553
-0.029807229
0.43506108
-0.029371561
-0.23890955
-0.025473775
0.26438333
0.0010555408
-0.017023837
-0.010234698
0.023007392
-0.012772694
0.02613537
-0.0082003747
0.23533519
-0.11953866
-0.13580684
-0.059479672
0.017198287
-0.024437482
-0.02616119
0.0010619581
-0.26301772
-0.03483364
0.29785136
3.850981
-0.73242039
-0.00087022109
0.036495416
-0.46439345
0.15938429
-0.026422521
-0.028892263
-0.055702623
-0.018554584
-0.041769418
-2.5990785
2.5657498
-0.83935203
4.3297228
-0.057371067
0.022681877
-0.070973178
0.71439473
0.25453176
0.024966912
-0.15623682
0.2875332
-0.034549668
0.015643732
-0.027328783
-0.031305183
0.027182542
0.01829757
-0.052634407
4.6580748
-0.72883725
-0.5044805
0.28159025
0.22289025
-0.061376895
-0.12025664
0.025760206
-0.080222224
-0.05929036
-0.077199845
0.013822965
0.018301491
0.031341491
0.31616098
-0.17384214
-0.14231884
0.013421775
0.0346088
-0.05921475
0.02460595
0.14903218
-0.031710401
0.0031559368
0.78561997
0.29993639
0.33829072
-0.17963557
-0.15865515
-0.026884113
0.0013270629
1.1796405
-0.20422364
-0.27013521
-0.011132262
-0.016774776
-0.14562709
0.022309421
-0.027462277
0.11820154
-0.24307764
-0.056385921
-0.0041419958
-0.028280287
-0.25027566
-0.26539923
0.51567489
-0.009410828
-0.015301887
-0.13739411
-0.07574566
-0.021923457
0.02362378
-0.58363636
-1.5644982
-0.14155804
7.6944575
1.2350833
-0.12891959
-0.013712361
0.29884234
-0.0736787
0.044088462
0.029590238
-0.22785631
1.408761
-0.097457209
-0.027703444
0.078157871
-0.073483325
-0.16987747
0.010576869
-0.024863032
0.018466227
0.010500712
-0.036794677
-0.035594894
-0.20837763
-0.0059704554
0.0074049314
-0.019147215
0.010877267
-0.034629658
0.033242065
-0.045946375
-0.019531551
0.015710321
0.016467778
0.0011493868
-0.023804017
0.019943529
-0.0065744273
0.023077361
-0.033827969
-0.022251212
-1.747841
-0.045009132
-0.027425244
-0.035139035
0.03283273
5.229728
-0.10210561
0.065243734
-0.062738422
0.027505103
-0.20212401
0.026190959
0.0020123154
0.069951616
7.1101285
0.6259107
0.14170741
-0.056557004
0.053190154
1.3807778
-0.044069888
-0.47223374
0.20209854
0.082048703
-0.095082945
-0.0015293843
1.157949
0.11902045
-0.37562142
-0.74540689
0.015301577
0.0013616602
0.0074260882
-0.028842237
0.0022049396
-0.018288866
0.019412594
-0.0050158913
-0.046831026
-0.021969293
0.17200218
-2.9116273
-0.0043195383
0.017736959
-0.28905231
-0.0086697202
0.018283237
0.38002685
-0.039046203
0.088015064
-2.3296981
-0.0061850745
0.015265327
-0.22584718
-4.1155199
1.4188014
0.049639061
-0.0080428425
0.13652541
0.026121083
0.030327793
7.9319551
-0.085898114
-0.66363047
0.085686643
7.2046267
-0.51038379
0.029583498
2.1951685
0.010378838
0.021587262
0.023293083
-0.0018327938
-0.33714944
-0.056256534
0.031210246
-0.020303421
-0.04281883
-5.7355345
-0.019252833
0.0069086276
0.90417642
-0.29190998
-0.39845956
0.019120093
0.0428213
0.030887503
0.010081911
0.011293175
-0.083777742
-0.40263589
-0.10373671
0.15366642
-0.14265921
-0.067792415
-0.028723167
0.025297086
-0.39602356
-0.055955448
0.2428131
-4.0067048
0.054001805
0.035786462
0.023719227
-0.19538543
-0.048613926
-6.6629691
0.36531802
0.14893249
0.079798057
-0.024913014
0.041126964
-0.044560513
-4.348467
0.0077654162
-0.038923421
-3.3351589
0.01680758
0.008271293
9.0175172
-0.054919898
-0.00491905
-0.01868463
-0.042930767
0.55420293
1.0169929
-0.052990697
-0.0087702616
0.022589618
0.011933735
0.047393023
-0.25208129
-0.036251181
0.15573463
0.066779706
-0.23046697
0.045801169
-0.027661922
-0.087687052
-0.022328952
0.14888748
-0.1117919
0.016625873
0.1607767
-0.090717883
0.099193523
-0.20985058
0.2541245
1.3461242
-0.025476441
0.03779363
-1.0188101
0.37793554
0.010355622
0.013661176
-0.0032089644
0.036484795
-0.022130179
-0.034245549
-0.41341533
0.48889066
1.3764458
0.018426326
0.019249945
0.090512368
-1.4460291
1.5514689
0.3173844
0.29481895
-1.0637369
0.037585307
-0.025503299
0.0028933051
-0.0192676
-0.62150696
0.020277752
0.54398126
0.0058683555
0.022373962
-0.026984028
0.045697924
0.14409853
7.8585956
-0.00098692595
0.0089140803
0.40867395
-0.00035584372
0.030263976
1.1012162
0.064674945
0.042083172
-0.048710866
0.035117776
0.045001863
-0.022173169
0.08244702
0.25463057
-0.0098390756
-0.017006534
0.017046234
0.064014882
-0.36112536
0.026064364
-0.082573667
-0.11056403
-0.026846843
0.47229366
0.019238409
0.059178237
-0.19431748
0.034094985
-0.004026314
0.00061381945
-0.079140159
0.071512546
0.13556782
0.089381532
-0.007363259
0.017923163
-1.1662216
-0.11294222
0.064710584
-0.06452212
-0.02405769
0.032528113
-0.16596967
-0.017987033
0.022528906
3.0931254
-0.50629766
-0.12054301
-0.070341291
0.038976243
0.031365048
-0.2538114
0.049606595
-0.23520767
0.14948342
0.27771961
0.58912889
0.038677317
0.048504869
0.060366115
-0.046653524
0.00061661974
-0.62460459
0.028868645
-0.032580132
-1.2649971
-0.052011142
-0.11948113
-0.012570878
0.019400574
0.028512809
0.0035275058
-0.046709542
-0.038869592
0.099454101
0.039583622
-0.04090751
-0.076338128
0.10297327
-0.026252829
-0.0046646342
0.037410015
0.033441118
0.012135322
0.0093947476
-0.0098134629
-0.031865346
-0.0053027538
0.026817201
-0.07989582
0.81949259
-0.026460634
0.010318894
-0.034079496
0.033634126
-0.10809875
-0.026533896
-0.025604754
-0.041271753
0.028052613
-0.025053069
-0.69685439
0.013338016
-0.024504843
-0.0076733256
-0.026051707
0.042189929
-0.096406048
-2.0754645
-0.022656389
-0.027523181
-0.027783514
-0.066754473
-0.00038109999
-0.0044624101
-0.031000232
0.34069032
-0.27353386
0.25808035
-0.017552772
0.0091850783
0.030211123
0.26056227
-0.29351341
0.0057738264
-0.74902205
-0.13070495
-0.0080403374
-0.014440133
0.25223808
0.0013354027
0.015453631
-0.0098800338
-0.0085459895
0.097378843
-0.10983787
0.0024187018
0.0057465609
-0.034854627
0.010401443
-0.027532002
-0.18764138
-0.041060484
0.0013073862
0.0081783379
0.0073180425
0.19172961
-1.0747046
-0.029976226
-0.027147976
0.012093605
0.017017551
-0.027883365
-0.032812979
-4.413603
-0.024109523
-0.003017366
0.0067700428
-0.018218055
0.023743363
0.034683224
0.0052515069
0.50143777
0.014012006
0.07235436
0.010048915
0.035015061
0.0011610044
-0.036176066
-0.024666202
-0.010486396
0.014822177
0.03765048
-0.052472657
0.04219289
0.023694227
0.010491809
-0.018642155
0.021553548
-0.042543118
0.074349321
0.48310373
1.07437
0.027960263
-0.004046378
-0.0077130339
0.060474179
-0.035754499
0.033836221
-0.068467625
-0.0049836441
-0.0001910654
-0.083425322
-0.00062246218
-0.002163484
0.085578636
-0.11245693
-2.6637453
0.06816546
-0.048568995
-0.017940635
-0.0046651835
0.016669814
0.01094517
0.013649086
0.03209149
-0.034403069
-0.021034226
-0.023341514
-0.020049057
0.18230195
0.053431541
0.034178882
-0.085635071
0.0083872226
-0.023767775
0.027964189
-0.013957115
-0.0017487322
6.3100021
2.6215617
-0.33380159
0.081871968
-0.00094358921
-0.054821305
0.065371027
0.018567104
0.028124791
0.042450123
-1.2367726
1.8495992
-0.022216055
0.038360664
-0.47320316
-0.025322999
0.00081815658
0.10915636
-0.10012117
-0.0024093102
-0.055584921
-0.21771283
0.033344409
-0.036077453
0.015258587
-0.0046744064
0.0065593862
0.027048442
0.0010682886
0.9355639
-6.9142323
-0.28984712
0.42408151
0.13464481
-0.0060304181
-0.016242065
0.0036696331
-0.030335986
-0.022937921
-0.11507855
-0.17703977
0.012282752
0.60006993
-0.19713357
-0.0078888322
0.012923669
-0.013892388
0.0060035553
-0.0055798219
0.026533788
-0.0077947055
-0.027009068
0.07885278
-0.092243672
-0.17737364
0.36802313
1.6376251
-1.7801738
-2.0471983
6.6463051
-4.5991067
0.030906344
1.0059497
-0.10807824
1.0434258
0.099675208
-0.13923012
-0.042498897
-0.015652656
-0.0030088013
0.040044869
0.4824084
-0.39734721
0.031724643
-0.033943515
0.01213234
-0.047986128
0.041501724
0.0064844034
0.050586206
-0.035764029
-0.8838041
-2.8266212
-0.01711083
-0.00027499937
-0.028530641
0.083862781
-0.042899528
0.067034246
0.045471377
0.0050347603
0.025526981
0.010277125
0.018311729
6.8022846
0.042933692
-0.027287152
0.026638526
-5.4368437
-0.011939564
-0.030173629
0.88929632
-0.022869984
-0.020308228
-0.021353136
0.027070818
-0.01235459
0.029302194
-0.03110253
-0.018319108
0.025293138
-0.25148526
-0.10936058
0.054456608
0.10785879
0.010369213
-0.010257402
-0.010708662
-0.033665723
-0.028838632
0.023767023
0.045915851
0.013175751
0.015188749
-0.020105731
0.021214901
0.12317346
-0.01863074
-0.0147946
0.017578328
0.00066661731
-0.0024711425
-0.018423142
0.017108649
-0.036932582
0.03365495
1.5816078
-0.021427606
0.0086615045
5.4752141
-5.773946
0.54216967
-0.0039378031
-0.074098777
0.04459168
0.029507097
-0.026379163
0.0017129608
0.028341903
-0.032084025
1.1746628
-0.027093697
0.022128731
7.3489817
0.026970497
0.0086671444
-2.7566529
-0.038669029
0.0073507294
-0.17706454
0.020240243
0.0051536773
-0.026605099
0.021451422
-0.018824874
0.00029164494
0.017269339
-0.0012262236
0.032518317
0.040292784
0.016573992
-0.0087134676
-4.9858057
-2.5256071
3.6905179
0.0039526706
0.015992089
-0.059120885
0.07263831
-5.0249322
4.1915
-0.0040293264
0.60646694
-0.0098218779
0.078356453
-0.0011974088
-0.015320906
0.026094962
0.022961788
0.12547065
0.01115035
0.015272319
-0.035269706
0.033430445
2.9621032
-3.4507421
-6.7493767
3.1838209
3.5655559
-0.019204676
-0.60844774
0.034550329
-0.017146568
-0.0032400272
0.0068130392
-0.023650906
4.2264669
0.0069144518
-2.5299334
-4.2194434
0.017108789
-0.023285603
-0.39205786
-0.088989803
0.034285699
-0.026739138
-0.04735964
-0.0083185485
1.4332953
0.046987661
-0.19780084
-0.034957755
0.025840953
0.041170613
0.029810021
-0.014774742
0.00863452
0.0060274117
-0.052751399
-0.25549832
0.013510414
-0.0051580436
-0.021885997
0.028410805
0.019632046
0.12188434
-0.035727522
0.037262199
-0.012658205
-0.025249194
-0.032696061
0.03156066
-1.4020392
0.03006857
-0.037836381
-0.034459621
0.032748123
0.0017114985
0.027820008
-4.6492124
-0.018888651
0.029723634
0.010418679
0.013482504
-0.0381651
0.024136072
-0.021155657
-0.0045799118
-0.010668318
0.088509239
0.055582861
-0.044055697
0.031275679
-0.0270506
0.0033374761
0.026620769
6.0868397
0.2326925
-0.10851996
-0.025406111
0.17029188
-0.028096999
-0.00034651557
-0.037895411
-0.016834249
0.01943516
-0.046722698
0.024255756
0.022466942
0.30375356
-0.79120956
0.38424817
-0.025042525
0.084544578
0.3793229
0.62647891
0.026571433
-0.033789374
-0.10836372
0.012647506
0.095716218
-0.11981076
-1.5388863
0.69882042
-0.080123392
0.068209866
0.011913526
-0.01369849
-0.057311983
1.5656563
-6.3096311
-0.0011401601
3.7954314
0.080687608
0.032247315
-0.043048496
-8.5934485
0.16909423
-0.12541408
-0.043680157
-0.00077426287
0.063384804
-0.001090683
0.011037368
0.0073018147
0.078817958
0.076749293
-0.02657048
-0.033953029
0.0088821861
-0.029995989
-0.029787777
-0.006114472
0.015657826
-0.044889876
-0.042704086
0.065238073
-0.007568231
0.018156034
0.15737527
0.018784989
-0.035021042
0.016236053
0.0048032258
0.015963257
-0.020766483
-0.63730892
-0.060956571
0.69826549
-0.025157078
0.027525615
0.0070716372
0.015663433
1.8984065
-0.026456186
0.0028052796
-0.013329936
-0.0019137432
0.020364993
0.00063625507
0.057948686
-1.4086737
0.55912306
-0.030756434
0.031421828
0.70706597
-0.68442266
-0.043735581
0.027071313
-0.032311351
-0.0046212305
-0.045116537
0.10454468
-0.011775724
-0.011144764
-0.010258224
0.26032038
0.015340309
-0.025731878
0.013233088
0.0020254991
-0.092035626
-0.036785224
0.01736592
-0.030555497
0.046950779
-0.0040561064
-0.37864163
0.0007823292
0.013917626
-0.0097405323
0.17904008
0.013896827
-0.44593762
-0.028795282
0.026617901
0.0029993032
-0.00057134975
0.056103664
0.001666565
0.00017100303
-0.012438728
0.024322491
-0.021786945
0.028091024
0.014034638
-0.015291929
0.020765714
0.020357586
-0.039976203
0.05956537
0.0028690482
-0.01654944
0.73018219
0.0021309313
-0.066859888
0.092295344
-0.039742266
0.031479664
-0.024175182
0.069547117
-0.16771612
0.26135375
4.6516681
-1.0044295
-0.03317921
-0.013986709
0.0047129598
0.0067839164
0.026345545
-0.036093331
0.14051643
0.0080415352
0.11669493
-0.05001356
-0.12210282
-0.32486922
-0.024151365
-0.023422584
3.1185167
-0.0028764759
-0.066878754
-0.016063247
-0.0406211
0.035880777
0.01774013
-2.5300074
8.553257
0.0060244964
-0.015201769
0.013515177
0.0016865917
-0.025648791
-0.082079363
0.032653778
-0.16008581
0.083916278
0.14737611
-0.012170897
-0.018057641
-0.040033641
0.033729158
-0.0047078633
-0.031316895
-0.025437516
-0.0067286349
0.13335515
0.046967368
0.18572513
0.024037245
0.012737745
-0.042304281
0.061698956
-0.018052443
4.1407388
-4.195202
4.3297798
-6.3769781
-0.34378863
-1.4086835
1.9848327
0.017746596
0.2426297
-0.033902362
0.023299755
-4.6508012
3.759478
-0.56547002
-0.0014222122
-0.038947087
0.05563527
0.056038195
-0.0095478252
0.026530218
0.015086134
-0.023002162
-0.063901276
-0.00071820441
3.4714987
-6.6914817
-2.2796839
-0.010939703
0.1660167
0.04357356
-0.20959026
-0.17600249
0.24860031
0.0010409557
0.012555849
-0.025458101
-0.018233991
0.03294439
7.1357417
-0.34507552
0.026470662
-0.01373238
-0.020001709
0.021776189
-0.0064144536
-0.15814091
0.24438499
0.040763744
-0.017803578
0.029390797
-0.13324507
0.023773458
-0.71692439
-0.29429454
0.43350486
-1.1253258
-0.013574537
0.051794583
-0.038597324
-0.0014363175
0.039978586
-0.030977308
0.028905359
0.020012188
-0.061518603
0.083205136
-7.1742319
0.18251985
-0.084377356
-0.87855702
0.10304337
0.045259717
0.016879253
0.05492023
-0.84839661
-1.6883542
0.023945612
-0.017671875
-0.039752977
0.057695916
7.1083231
2.3190759
-0.0036796847
-1.0944697
0.023976412
-1.144186
0.015280821
0.062717535
-0.047197611
0.016702464
-0.016798053
0.15501768
-0.02904673
-0.025288235
-0.023674484
-0.011284579
0.031025159
0.00087256735
0.024706864
-0.014422152
-0.030988458
0.030882174
0.020466659
0.017720152
-0.21586654
-0.02566031
0.28079542
-0.21585418
-0.023075021
0.029374139
0.0042038949
-0.024507316
0.019873537
-0.018080672
-0.0091404721
0.050642196
-0.00014631228
0.027448623
-0.022020687
0.023452107
-0.038485611
0.054813406
0.019743226
-0.048163675
0.063115821
0.017237958
0.030139558
-0.032025286
0.029219997
0.0089789462
-0.053598116
0.077445692
0.021695482
-3.5354542
1.0770467
0.025261876
-0.032000295
-0.023228827
-0.0038678949
-0.0097002412
-0.25554259
-0.1008663
0.23493848
-0.16463938
-0.037337945
0.051775063
-0.95401948
-0.025449741
0.022899791
-6.8957248e-05
-0.0054228879
-0.30635681
0.43477581
-0.0085162913
0.035931456
-0.02690705
-0.017149725
0.015145366
0.033657289
0.74360737
0.46646887
0.0075275653
-0.08223851
0.0026844682
0.0092035627
0.018450904
0.038701742
-0.004665785
0.058626939
0.00071843673
0.012089119
0.19596012
0.17260352
-0.02592163
0.0017464477
-0.038412062
0.033189809
0.0094165437
-8.9574698
1.2175017
-0.021464784
0.023591321
0.020077872
0.018039752
0.048977914
0.10650146
-0.10642562
-0.028247811
0.041533853
-0.021601691
-0.019849364
-0.20983116
-0.13676535
0.011705394
0.0016084806
1.1295304
0.022464908
0.013749916
-0.0026219632
-0.0026511618
-0.10298159
0.02456421
-0.39981655
-2.5935144
7.5199768
-0.02719905
0.02397879
-0.029833248
0.026792286
-0.033132317
-0.08915405
-0.0048764875
-0.2735875
0.38520937
0.021740881
-0.027180766
-0.021214553
-0.021516879
-0.010697541
-0.0091046729
0.019472931
-0.019895504
-0.080624111
-0.11637764
0.17496048
0.015084853
-0.21436995
0.29127731
0.026330373
0.0058610354
-0.031271178
0.029810403
-0.02415881
-0.038275398
-0.00021777785
-0.025151237
0.00070032795
0.012598323
0.029603288
0.041858886
0.022830448
0.031943283
0.075273797
0.034794505
-0.036706515
-0.032318194
0.0096592702
-0.018402139
0.028432277
-0.035064583
0.029501749
-0.014616538
-0.3711973
-0.051714425
-1.2111265
1.7007484
0.031052806
-0.035431066
-0.46631269
-1.1943342
1.6606469
0.034175088
0.029299916
-0.025985184
6.5075179
0.0113133
-0.59947118
0.69483053
-0.0013437934
0.0066971143
-0.026645039
-0.59606706
6.1776199
-0.039700162
-0.021090715
-0.020379595
0.00083560937
-2.7511258
2.3174135
-0.055985602
0.011915239
-0.37196878
0.50729627
-0.075410369
0.027228639
-0.033386299
0.009160842
-0.092644362
0.019550355
-0.01761682
-0.028304775
-0.22376063
-0.16808241
0.39184304
0.015869177
2.3389121
-2.8293528
-0.25128921
0.31653561
-0.031614699
0.029447937
0.66719526
-0.57349013
0.00027293843
-0.18470397
0.25425109
-0.028367789
0.056114494
-0.00097281818
-0.030325996
0.027195361
0.0060996791
0.025734979
0.036898586
-1.2915473
1.2490428
-7.376142
-0.32776829
-1.3483495
-0.010493251
-0.00097080296
-0.026326097
-0.031153484
0.078073719
-0.060072699
-0.12744325
0.080302302
-0.0013911009
-0.076400493
0.084745534
-0.025242351
0.012542628
-0.018709852
0.011051982
-0.0044237583
-0.023744856
0.021600955
-0.025028847
0.015999552
0.15821346
0.076381605
-0.38553237
-0.026856517
0.0087472689
0.59168422
-0.62137973
-1.3011499
1.7143211
-0.6676682
0.60215713
-0.23964849
-0.0073480151
0.15867271
-0.016933357
-0.017851886
-0.0018091896
-0.032891523
0.014676734
0.018214789
-0.067045153
0.012043533
0.16598345
-0.15213142
-0.063603145
0.066126851
-0.019556741
0.072221252
0.14113541
-0.12630928
0.033777816
0.14842786
0.13604389
-0.1257832
0.015104738
0.01455731
0.14447647
-0.132965
0.0032050516
-0.030568866
0.69317862
4.337172
-0.10261598
-0.016444138
0.02280631
0.022390947
-0.021464026
-0.40033131
0.10108022
0.0067404756
-0.033616252
0.032298283
1.6035691
-0.03403965
-1.8107995
1.9414348
-0.022422422
-0.010997109
-0.066739645
0.084520316
0.01910782
-0.018804439
-0.00030338053
0.015049653
-0.00033374297
0.064570538
0.0026228386
0.0048227103
0.014920516
0.24665318
0.50952154
-0.038412526
0.038747923
0.0091124951
-0.011408124
-0.0094951039
0.020903228
0.063919276
-0.053669609
0.024399846
-0.00094177619
0.84550652
-0.7227541
-0.01268076
0.031721295
0.15676984
0.039156292
-0.061095421
0.010792494
0.0039203317
0.0037419799
3.9603462
-3.9206481
0.073909854
-0.06327605
0.027949741
-0.041119451
0.033616862
0.065213068
-0.054752424
-0.0095568715
-0.063001397
0.068794081
0.69585043
-0.01935448
-0.058418319
0.066728673
-0.00038156001
0.1339217
-0.077060805
0.095868272
-0.056008441
0.065780449
0.09287327
0.06558677
-0.056863342
-0.070749544
0.064988711
-0.056575901
0.069722146
-0.062782043
0.024163693
-0.0264239
-0.02823192
-0.02141555
-0.06003275
0.0031829695
0.084182867
-0.074983706
-0.10567009
0.12952454
3.6717517
0.0012240409
-0.279768
3.7749998
-0.0004200456
-0.0048676361
3.9267523
-0.62131324
0.037711307
0.0059407805
0.030573043
-0.033386579
-0.018050094
0.0098025186
0.016813415
-0.031289974
-0.050668433
0.0074731606
-0.70090289
0.6516883
-0.052922295
0.063098977
0.028558681
-0.56761938
0.68432657
-2.9039465
-1.1958896
1.1712204
-0.024930954
0.12211245
-0.096167923
-2.7484585
0.016836244
-0.024725543
-0.23278246
-0.070078995
0.082146646
-0.026944112
0.38348557
0.11972921
-0.42236248
2.9498885
0.01443383
-2.3991433
0.043931761
0.19161683
-0.026539333
-1.5475361
1.576236
-0.00053308867
0.0046612582
-0.27625588
0.34506248
-0.044480314
-0.0029698728
-0.023789238
0.065875
0.71844249
-0.0395261
0.016411801
0.004699594
-0.06881997
0.081062474
-4.8919218
1.6097498
0.030260323
-0.023074759
0.015085462
0.0001953589
0.025501474
0.021572554
0.11688211
-0.015281349
0.017427583
0.0041615211
0.016810424
0.04461045
-0.016046747
0.25817034
-0.20307166
0.02406051
-0.021564082
-0.10414713
-0.70001353
-0.6235752
0.59076778
-0.062747962
0.0095508591
0.018682421
-0.013181477
0.039653664
-0.47108203
-3.3848431
0.94062269
0.20037546
0.071704432
-0.78285514
-0.038731696
0.036817953
-0.012876189
-0.03090639
-0.025383445
0.024244205
2.2859981
-2.7074577
0.036639438
-0.042608885
-0.12910063
0.024247409
-1.5604169
0.021616135
0.0060361427
-0.024013446
0.00029388318
0.023719563
0.6634479
0.51794357
-0.054059625
0.23731975
-0.023601047
0.0051133583
0.026394772
0.035634834
-0.0022792609
0.020004018
-0.014965294
-0.012597072
0.018695146
-0.1049496
-0.0078642619
-0.01073999
-0.00027818229
0.01248098
-0.016657761
-0.0051291842
0.27173659
-0.22356923
0.57963556
-0.015467858
0.01855099
-0.049238433
0.055529769
0.14985798
-0.054525109
-0.004531038
0.035188422
-0.027406442
0.029090739
2.4811549
0.051517566
-0.013428452
-0.025871503
0.013744023
0.7047586
-0.55842067
0.49694256
-0.036172877
0.57483886
-0.47407319
0.032123649
-0.023740763
-0.011865355
1.2835119
-0.0047542977
-0.021706141
0.015289747
-0.020458517
0.031896396
-0.024651129
-0.012207856
0.013248812
0.033597936
-0.0069481657
-0.02664977
8.4968145
2.2642056
4.4761903
-0.015887628
-0.038903531
0.94910865
-0.33491844
0.17626328
0.0021657838
3.1225991
-0.34192175
-0.22707151
2.9461119
-0.028525316
-0.035542209
0.05017352
0.64547029
7.2681296
0.11756434
-0.43585289
0.13224012
0.019224322
0.015093855
0.022180402
-0.20727458
-0.024699067
-0.028960798
0.022671243
0.16869234
0.065288597
0.059946038
-0.025969232
0.19915766
-0.14208337
0.16862084
-0.0036468384
-1.5301556
0.0048298577
-0.0098139017
0.019872363
0.26477063
-8.2641871
-0.056377112
-0.0029597566
-0.018352542
0.16101451
0.028826907
-0.027794522
-0.0077708412
-0.00398243
0.019882226
-0.0088810548
-0.0071336967
-0.12091116
-0.0019940896
0.018357044
0.0055989555
0.025087207
-0.0028496049
-0.074254498
-2.7531932
0.13104147
-1.3343978
1.7880466
-0.038619175
-0.0064279972
0.011422746
-0.023743453
-0.0044143399
0.10145069
0.028637853
-0.075246662
0.8733334
0.013993483
8.4635308
-0.056510401
0.028713543
-0.031026157
-0.005435081
0.020260841
-1.8983477
0.74608216
-0.017508152
-0.025286091
-0.027653185
0.00016919396
0.020104525
-0.014807186
-0.0057399659
-0.01191204
0.015933583
0.0088428696
0.024844382
0.0014437339
0.090307003
-0.55226879
0.13465037
1.0562271
5.611018
-0.52176149
-0.025170283
0.0013810449
-0.02572545
-0.037932989
0.0021352418
-0.020971108
0.0043133473
-0.00014478873
-1.6511737
-0.022437937
0.01411952
0.057936351
0.024871872
0.0052981088
0.0012567097
-0.017319258
0.012038033
-0.00018604617
-0.48955612
0.16567641
-0.096116371
-0.009912198
-0.25215697
-0.01665526
-0.026718838
-0.0067727507
0.0031452189
0.042161719
0.00055657847
-0.04866513
-0.02209419
0.029779461
0.015290751
-0.026163907
-0.0051606064
-0.076858601
-0.0049636191
0.082642479
0.012854254
0.0037040458
-0.00050265202
-0.026658225
0.027160877
0.0029347417
0.061949203
-0.00027589645
0.014926816
-0.021890522
-0.016643249
0.016283315
-0.018965667
0.1461939
-0.037265274
0.14327081
-0.029821485
0.0087211268
-0.060079054
0.073050328
0.012295892
0.019415311
-0.024150267
0.00040681414
-0.098938811
0.18588247
0.06797012
0.18440697
-0.14190583
0.15555226
0.0079834766
0.027890467
0.0020904153
-0.029034527
0.04390305
-0.0042879456
0.03237897
-0.022691109
-0.01008153
-0.024276774
0.001683596
-0.032335703
7.3681999
-0.69743976
0.012177434
0.75585944
-0.016382794
0.022367202
-3.8119225
2.1624757
0.11613611
-0.022914226
-0.029652052
0.16603917
-0.011109235
-0.43432032
-0.15770481
0.17734073
1.8452908
0.010392904
0.0017426248
-0.012135528
-0.033703112
0.040600329
0.041915856
0.01045256
0.0020646248
-0.28875384
0.0062593778
0.041203512
-0.055847537
0.062194692
0.020932287
-0.15319303
-0.0098768659
-0.011546203
0.063708704
-0.060583662
-0.72530548
0.67399556
-0.054895601
0.05233996
-0.11978252
0.14251733
-0.015324269
0.011381077
0.0081055482
1.2871599
-1.7324773
0.042589254
-0.050031613
0.1813489
-0.046377267
-0.06331571
0.071914
-0.061600818
-0.0011510465
-0.0042668656
0.0048224561
0.01505977
-0.024407419
-0.016873458
-0.02394803
-0.078865361
-0.031102715
0.014989382
0.0016605003
-0.021948678
0.035612725
0.001237138
0.016651739
-4.0300761
-4.219322
-0.14541383
0.17263332
-8.1723012
0.33326368
0.03117064
-0.00354313
-0.0087799833
-0.30157395
0.42767334
0.0056480172
-0.059868268
-0.00080978402
0.034673009
0.00043883813
0.014473535
-0.016031949
-0.028701425
0.066765754
-0.063129235
0.023547686
-0.31606326
0.15523998
0.16082328
-0.0044975695
-0.018130704
0.48647086
0.018466633
-0.039909852
1.4566947
-0.065488045
0.015530297
0.023373848
-0.016630531
0.021013437
-0.074198586
0.028545468
-0.030901585
0.021166453
0.010311051
-0.025207026
0.0012589953
-0.026062585
0.027423773
-0.026374155
0.0029941143
0.016366126
-0.01907373
0.040226703
-0.045234172
0.18126637
1.6310406
-0.10985299
-0.021388531
-0.011421591
4.6113979
-0.16170332
-0.055316265
0.01669709
-0.041027115
-0.09934961
-1.3653037
0.25422751
-0.20300174
0.10164664
-0.0048306051
-0.2812452
-0.033330304
0.00089065257
0.047034904
-0.14258415
0.97422113
-0.021029318
-0.019451756
-0.0249387
-0.0079436192
-3.5295687
4.7684661
0.021049864
-0.012665292
0.018375128
-0.0087990506
-0.018823866
-0.27968714
0.44988906
-0.024556231
-0.02219067
-0.01165604
0.054644523
-0.0072515
0.30405742
0.005820031
0.097594736
0.0069641546
0.89793245
-0.99568471
0.022255499
-0.014267456
0.15953221
-0.063906752
0.075247571
0.012031437
0.023544574
0.00088001424
0.018862664
0.0042504174
0.47127048
-0.59835871
0.042816248
-0.0047404983
-0.013981561
-0.088609036
-3.4054504
-0.028164711
0.0047148682
0.008118983
0.22069633
0.46608598
7.5886907
-0.89632192
0.076650317
-0.067058813
-0.057889812
0.068008744
-0.77238628
-0.046495506
0.052424158
-2.8702129
0.0030789907
0.30241623
-0.13574875
-0.061610342
0.070381594
-0.0028540026
-0.026517948
0.016351183
-0.00016319834
-0.030951461
0.018198014
0.039745165
-0.049466217
0.026691114
-0.032120251
-0.024097123
0.028113863
0.0026651335
-0.010473581
0.0078084472
-0.064224933
0.07451627
-0.025800695
2.5395487
0.021612377
0.012165439
-0.016627672
0.0016405887
-0.014253263
-0.16178866
0.54181551
-0.0030513523
-0.02277972
-0.051704298
0.059060987
0.1121766
-0.091591552
0.019811838
-0.027402603
0.10544989
0.028821363
-0.047708658
0.055253165
0.019387968
0.19525178
0.091218317
-0.024955518
-0.10679878
-0.11638303
0.090948405
-0.043847366
-0.039447804
0.040221339
-0.12283166
0.23600019
-1.4396881
-0.082475648
-0.043918099
0.029822038
-0.013969344
0.014572104
-0.013011995
-0.010562482
-0.0017634298
0.62644763
0.046024491
0.030841062
-0.0023583232
-0.024869007
-0.047117242
-0.0018193476
-0.17178406
0.010203201
0.0053678305
-0.081051839
0.10181727
-0.039054036
-0.16997936
6.304957
0.094975625
-0.0023854954
-0.09259013
0.039291324
0.004995341
-0.04952514
0.088544426
0.034626846
-0.10011311
-0.0033325164
0.0011610502
0.18187605
-0.0047201472
0.026199883
-0.028819947
-0.013174707
-0.043616669
-2.3123855
2.4967875
-0.184402
0.094390695
-0.018303875
0.0016433213
-0.026473568
0.010698641
-0.18792662
0.10741764
-0.089626167
0.050616686
0.0093718938
0.033537636
-0.017324132
-0.042563011
-0.019727258
-0.025099356
0.0046115265
-0.0029845423
0.048148369
0.0037636873
0.028108972
-0.027670134
0.0094960727
0.0142961
2.6462536
5.283683
0.11992245
0.035728092
0.045608526
-0.012091492
0.0053299329
0.030133409
0.0153556
0.57327872
-1.1037596
0.077899551
0.026599252
-0.0068902592
0.0032139089
6.6461906
0.010941091
0.010715601
0.013056893
0.030571176
-0.011419524
-0.019151652
-0.015150433
0.019991236
0.8036058
0.37432056
-0.47502201
0.015703936
0.0092679264
0.0084270324
-0.0044913291
-0.038865101
0.028149959
-0.069996641
0.085111396
-0.0016554247
-0.039883141
0.044105581
0.017773708
-0.066357356
-0.03252603
0.0028434411
0.019685018
0.034647435
-0.20759904
0.0026774603
0.046282242
0.0075623537
-0.098197716
0.12198077
-0.022927996
0.0036934082
0.019234588
0.050420045
-0.023061457
0.075383484
-0.13436636
0.031414896
0.0057527135
0.22066471
-0.10955625
0.1052441
-0.087191193
0.98921496
0.2042918
0.0039234496
0.032695428
0.0049990059
0.017698755
-0.025370862
-0.024140627
0.015371831
0.0025320094
0.023716688
6.5005806
-1.4514391
-0.10533699
0.26105933
0.0604104
-2.9562874
-0.15844274
0.0028600177
0.87020835
-0.036195218
0.012804745
-0.075420274
0.0049675789
-0.016027377
0.13824174
-2.2267639
0.016523504
0.021714463
-1.0564213
-0.15873578
8.9234857e-05
0.028412133
0.066957522
-0.026325552
-0.04063197
-0.023379084
-0.019802783
-0.048911267
-0.096594811
-0.27967805
0.024618412
-0.0008827659
0.033667871
-0.044022765
-0.0055065188
0.02823308
-0.035872684
0.0310188
0.0062950811
-0.10248425
0.13080127
-7.3768206
-0.058103647
0.061537127
-0.002170256
-0.059366871
-0.52176803
0.1913749
-0.14046019
0.13938352
0.92782931
-5.2162708
-0.059484411
-0.034444639
-0.0083805243
0.14095421
0.016943829
-0.083948846
-0.0025506499
0.054526492
-0.045016196
0.0096774566
0.031750163
-0.019704197
-0.023959092
0.02442344
-0.18310046
0.16979059
-0.00026138763
0.0046658467
4.7901531
-0.0072136624
-0.0074844667
-0.021145127
-0.15285617
0.00010501333
-0.024512433
4.7467018
-0.040969049
0.11828106
0.037040558
-0.049138471
-0.028076127
0.0045216328
0.014866335
0.032438188
-0.024441227
-0.054239802
-0.85080688
0.75877125
-5.5098177
0.033067113
-0.032611347
0.0024468902
6.5596406
0.014970088
0.16170609
-0.13131666
-0.064406714
0.00063059786
0.011146599
0.057166704
0.11294054
-0.074541166
-0.025083323
0.030328107
0.3966291
-0.75905634
0.024590202
-0.0024011384
-0.051259525
-0.009721009
0.057604856
0.037724006
-0.095328862
0.039799675
-0.17892661
0.011527485
0.034215066
-0.037939487
0.0027575076
-0.0622463
0.67396904
0.030576442
-0.10549351
-0.026238982
-0.053198112
0.066789596
-0.021529879
-0.082499751
0.048586986
0.077808379
-0.061563096
-0.021535103
-0.016932443
-0.17455281
0.06502404
0.01143809
0.023740645
-0.0034671351
0.018874844
0.097650478
0.019593961
-3.48106
0.00073380952
-3.9849431
0.021861276
0.014803544
-0.13188794
-0.010168648
0.0081188328
0.0064395091
-0.017153285
-0.0038760327
1.921818
7.5813824
-1.0297333
-0.023152108
-0.0036788651
0.026712772
-0.020098306
0.00090028143
-0.10824006
0.13168263
0.040121502
-0.045782357
-0.10162955
0.076458784
0.021261437
-0.012002311
-0.016934147
-0.033222585
0.008679333
0.071135557
0.02008276
0.020264583
-5.1724161
5.0845195
0.13062773
0.054614731
-0.061938391
-0.004246475
-7.0896427
-0.50110352
-0.081256325
0.10286374
-0.010432408
-0.10510209
-0.0097980148
0.074969275
-0.06517126
0.013418526
-0.0030642774
-1.5448632
0.018022205
0.013794725
-0.025554701
-0.019909429
-0.13981376
0.034827884
0.073893723
-0.16023699
-0.041400002
0.070627284
0.0011274185
-0.0055369159
0.049303252
-0.033286336
-0.0086213233
0.030880324
0.0033322506
-0.049614065
0.01450482
0.015655631
-0.076595237
-0.95129223
-0.088763874
0.11638387
-0.0025632429
0.067029834
7.2535916
-0.024043799
1.0731124
-0.086422911
0.020380794
-0.15962684
0.23297876
0.046342465
-0.07558836
0.098738566
0.10258161
-2.8140544
-0.96634856
0.25061086
0.01045718
-0.0087145554
0.33177719
0.049517647
0.0011137639
-1.6630378
0.36326888
0.048083944
-0.053726495
-0.016192946
0.014961063
0.014701107
-0.032527288
0.0068559168
-0.045522477
-3.5630162
-0.018529844
0.096463852
0.044207565
-2.3365721
-0.0058061691
-0.0013266567
-0.0237727
-0.020541261
0.51994825
-0.053297781
0.19205878
-0.138761
0.017361307
0.051316212
-0.058894914
-0.031187675
-5.2345146
5.2692354
-0.054923941
-0.009352142
0.15289288
0.0081671654
-0.02907991
-8.2952872
0.0046984041
-0.060731125
0.024263253
-0.03046764
0.019491721
-0.046833921
0.041395925
0.10111187
-0.040596547
-0.042720294
0.00017798065
6.1586403
2.3946166
0.061187252
-0.015047536
0.024830879
-0.023909092
0.039649071
0.016409017
0.03456233
-0.01884562
-0.0083678827
-0.0086734024
-0.028896504
-0.15693171
0.2195096
0.064784864
-0.031367372
4.9497084
0.62143779
-0.65715853
-0.11299003
0.017594589
-0.044976657
0.040224203
0.036626645
-0.042315923
0.019517011
-0.020596977
-2.5348804
-1.2376094
0.36492278
-0.0046912614
2.8451793
0.0019540868
0.0019561058
-0.023736871
0.01801674
-0.016951761
-0.0044916158
-0.00031197262
-0.021873433
0.92179202
-0.80386172
-0.014040169
0.015794686
0.13554198
-0.47269413
-0.02018037
0.020185865
0.014527223
2.8743135
-0.015577859
-0.0083719892
-0.023437682
0.013373465
-0.46377741
-1.1093413
0.98956885
-0.054088798
0.005204587
-0.023756623
0.0040082834
-0.017705343
0.0132424
0.027377029
0.011441162
-0.042644958
-0.021017589
-0.0132271
-0.58743062
0.0026176324
-0.22842852
0.03095073
-0.0043560436
0.00057579884
-0.023750176
0.024667471
-0.013014289
0.054359212
-0.047044475
-0.0059369113
0.095376605
0.037708554
-0.32851127
-1.0871335
-0.081451317
6.2486368
-0.33926425
0.01056917
-0.57428507
-0.1546358
0.14559809
0.06007792
-0.05945993
0.047285355
-0.016747322
0.081142533
0.026882694
-1.4575418
-0.13675809
0.025514224
-0.025767884
-0.0033439757
0.041251304
-4.6600883
0.8133559
0.20101263
-0.08050321
0.030716055
-0.25861161
0.26368251
0.073343255
0.021648763
0.00701564
-0.034561207
-0.010412645
-0.025262572
0.019258792
-0.0059970858
-0.00022496492
-0.0067900049
-0.32780778
-0.03617228
0.02778672
0.025899715
-0.028219036
0.011808932
0.014257302
0.091516351
0.0030746403
-0.037111735
-0.31761306
-0.033617805
-0.012842286
-0.013395778
-0.0091287635
0.049529207
-0.040400443
0.045855985
0.0012101419
0.016286042
0.046605059
-0.013955543
-0.068650615
4.7943951
-0.60289513
-0.025383194
0.024542008
-0.025005383
0.00046337495
0.010230302
0.024716526
-0.14053993
0.16736855
-0.079074766
6.648623
0.0084978053
0.0079763397
0.016101906
-0.0014192589
0.01014385
-0.0066724835
0.03410626
0.011292505
0.018337025
-0.022646706
0.01813001
-0.29706251
-3.0487433
-0.03866521
-0.00096452701
0.050571493
0.024306229
-0.013680607
-0.0032182673
0.028587143
0.0089245112
-2.8575145
0.021228762
-0.82620008
-0.13802627
0.26087334
0.047168409
-0.010230801
7.8722051
0.29286225
-1.2891514
0.0076594703
2.5677401
-2.1621575
0.02605272
-0.00052590183
2.4435908
0.25240019
0.0038400517
-0.024580645
-4.1877904
0.13769688
-0.74351036
0.69934817
0.55347848
0.42521519
0.00065059149
-1.5016203
0.046291102
1.0107115
0.12185488
-0.018782432
0.071864324
-0.053081892
-0.2634457
0.54597725
0.6015611
4.0655579
-0.050797344
0.046096442
0.75293104
-0.021302442
0.018671694
0.25512973
0.081245664
0.0032540539
0.018621189
0.036767137
0.046385902
0.0054349289
-1.4564737
-0.033267631
0.027647639
0.017892993
0.032158482
0.12988805
-2.7871006
0.15573102
0.073940222
2.2507714
-0.2006312
1.7433931
0.30898835
0.010473842
-0.029856
0.05243198
-0.11798474
0.16696266
0.40037669
-0.012789699
0.012455074
-0.031765108
0.027934126
0.049872238
-0.035903368
-0.014965672
-0.30941255
-0.72516481
-0.040272015
0.13789807
0.033713774
0.76967286
0.013360214
-0.019079283
-0.0023271627
0.002780714
0.047066533
-0.031286663
6.2201976
0.18500331
-0.0046926206
-0.039513963
-0.057504134
0.20810311
6.6871708
-7.9481482
-0.088930043
0.19914468
-0.001099518
0.0070142331
-0.033166552
0.026152319
0.59057861
0.22467774
-0.013576848
-2.6431903
-0.34673362
-0.031603968
0.0033685418
0.12565873
0.017736961
0.0015312486
-0.0048930204
-0.024943462
-0.017115084
-0.0021144524
-0.026862535
0.040842723
0.015184421
-0.020808854
0.016021205
0.74476656
-0.1801383
0.047213348
-0.031555522
0.0038914644
0.0012807723
0.011237879
0.0017797192
0.032330062
0.013449368
0.23519039
0.093244053
-0.030395907
0.018195307
0.38205788
-0.21296577
0.055706575
-0.03820852
0.027428737
-0.1049436
-0.51828629
0.12110032
0.011033955
0.040282413
-0.023670233
-0.026652576
0.12065409
5.138484
0.90557731
-7.597059
0.020671722
-0.021001271
-0.0072822601
0.14934657
0.063538182
0.016986562
-1.5637819
-0.58449909
0.12820245
0.27863079
0.031892951
0.025243077
0.0014578041
-0.025196221
0.021616983
0.027684719
0.020654269
-0.021872108
0.012938194
0.0070644764
-0.015154104
8.690838e-05
-0.13604756
0.23736773
0.34400511
0.021081745
1.355364
9.2209353
-0.43355979
7.1448758
0.0082882049
0.025795811
-0.018704731
0.03073564
0.008050519
-0.0016862642
-0.07478364
0.38827271
8.0708318
-0.029371391
0.037796983
-0.022359069
0.0015136753
-0.12425259
0.052032307
0.0082670704
0.025687379
-0.023874687
0.031670643
-0.00053292775
0.060142665
-0.01232946
0.019885863
1.4105542
0.027102649
-0.021538768
-0.021445199
0.18501151
-0.8061604
0.016258291
-6.1406833
-0.64950214
-0.033166618
-0.011308343
0.093364735
-0.076785482
2.0602407
0.030259415
0.30411852
-0.005440323
0.024766135
0.073814062
0.59345607
-0.66727013
-1.2125139
-0.00045521291
0.2295407
-0.16060179
0.017168155
-0.06134839
0.022323542
-0.01764228
0.010925217
0.032724129
0.14660545
-0.095071666
0.034730667
-0.020980752
0.29216789
-0.016374251
-0.020572428
0.0042228972
-0.066744557
0.69864441
-0.0099251287
0.020799619
0.003762615
0.002719658
-3.0023785e-05
0.070722787
-0.97903597
-0.053588563
0.0045899368
0.048998626
0.025081878
-0.027029622
-0.0082908748
-0.0056491173
1.9716839
-1.7500008
0.024707917
-0.033020521
0.032199143
0.027813983
-0.00038524582
0.0084412266
-0.018091718
-0.0025997095
-0.077249215
-0.15747301
0.013963772
-0.00020418647
0.044182324
0.010822162
0.026489954
0.37302449
0.18218932
-0.024975445
0.010508289
0.15380985
0.043115668
0.0016862324
0.014758177
-0.085760033
-0.018035143
-9.7105356e-05
0.0020050342
-0.043471887
0.03664067
-0.040821909
0.11646153
0.044277379
0.01203544
-0.0088025356
0.032399024
0.028780612
0.0068999706
-0.00031327346
0.020666306
-0.020353032
-0.013246924
-0.066288842
-0.089186132
0.01292
0.021126059
-0.014616313
-0.0065097459
0.031674301
0.0053920181
-0.0022932889
-0.024569246
-0.0088083658
-0.0077834269
0.10566867
-0.3402964
0.18731671
0.057816748
0.04391898
0.0032609738
0.02142755
-0.015249083
-0.039117782
0.03050281
-0.0019150725
-0.00027568443
0.58916338
-0.0015345035
0.00075169932
-0.19302159
-0.56505955
0.094125616
0.04005086
0.1668901
6.2049839
-7.3402701
-0.41328575
-0.024641697
0.01258203
-0.80459401
0.76426736
-0.15947796
0.027086901
5.7404249
4.8663489
-0.036010268
-0.016136251
0.058610242
0.11534653
0.01037819
0.0055356578
-0.17960743
-1.2188084
4.7802954
-5.6668961
0.04142735
0.021910886
-0.012583467
0.056978522
0.052391287
-0.029946284
-0.018435905
-0.034968786
-0.017805993
0.72771315
-0.042585691
-0.079270377
0.0050868075
0.049029152
0.050989307
0.0049852721
0.26965266
0.055909192
-0.047541303
-0.16217958
0.11682364
0.034373655
-0.0411646
0.1908854
0.6740307
-0.020088352
0.0087800091
-0.0004169093
0.054221833
-6.368855
8.9904167
-0.33659468
-0.0057123208
2.0117189
-0.19651502
-6.3808283
6.7000193
0.0071904056
-0.026167976
-0.20957237
0.03425908
-0.031500855
-0.027032239
2.3837885
-6.9031755
-0.18033384
0.02440971
0.11580897
-2.7466932
0.00050515933
0.011923218
0.59466336
0.19577848
-0.023228997
0.024550571
0.12675147
-0.005109455
0.029415684
-0.00033836623
-0.053871248
0.043702341
0.12255399
-0.07834643
-0.029792311
0.0076719476
-0.98736815
0.14478229
-0.026952773
-0.061038058
0.01842264
-7.1382667
6.8937927
-0.035732835
0.015842109
0.0057984035
0.026361945
-0.015034
-0.02910229
0.024426111
0.024425082
6.0172996
0.15708863
-0.020269981
-1.9646839
0.78709487
0.63318063
-0.23701446
-0.036876706
-5.7261585
0.057654451
6.7145066
-0.69837708
-1.2074837
-0.0069675657
0.40719216
0.024338018
0.13631882
0.22630994
0.42713828
-0.32656769
-0.016159964
-0.018991336
-0.0053112043
-0.05818041
0.083751589
0.25961996
0.05957694
0.0054938972
-2.0748153
0.028989747
0.14321842
0.013735363
0.063899173
-0.046961542
-0.026020491
0.025293914
-0.013107136
-0.65931776
-0.06352734
-0.0079211499
-0.073621006
0.091862928
-0.014645226
-0.0022164776
-0.025251325
-0.00076916574
-7.5574815
-7.8548618
0.015675513
0.010110482
-0.019562478
-0.028928761
-0.73639228
-0.15593564
0.030661128
-0.010658436
8.6995336
-0.032040412
-6.9413478
-6.484255
-6.8321706
-6.2775485
-7.110109
-0.84912553
0.012799401
-0.013844011
0.01392023
0.0036061387
-0.017526368
-1.3705626
-0.11367604
-0.026219512
0.026135307
-0.81759929
-0.05351751
-0.11818432
0.055752254
-0.020392684
-0.82170264
0.85541641
0.042007736
0.070760539
-0.080617381
0.015926685
0.035336618
0.026080276
0.044733968
-0.020749818
0.0221514
-0.022314687
-6.8576639
0.12531394
0.028464412
0.0069251031
0.016648408
-0.0012890923
0.038615412
0.011406736
-0.0027902656
-0.66510111
0.021805977
0.060390657
0.042529828
0.019793841
-0.0028571823
-0.012440615
0.015297797
0.028212597
-0.0035244154
0.030064733
0.065453884
-0.040210807
0.018573679
-0.062020581
0.015865834
-2.1704398
0.025186024
-0.00077631448
0.30120383
-0.00049828215
5.6795608
-6.0604408
-0.01797613
-0.003255581
-0.024499729
-0.0338046
0.022782628
0.074760676
-0.0026101466
4.4472862
0.045530847
0.47603575
-0.59344137
0.0047735897
0.016234027
0.041262194
0.02045604
-0.027017869
-3.7404108
0.013493339
-0.011948502
-0.10006361
0.010278103
0.0018574169
0.016032739
0.0042487762
-3.9679776
-6.8771888
0.058582172
-0.0056061176
-0.042916047
-0.10297668
-2.7603712
0.017211923
-0.022020803
0.015892689
-0.81562586
-0.062931157
-0.0051829927
0.057051265
0.014575939
0.071134993
-0.070007575
-0.00052425342
4.1677354
0.0091855708
1.3628423
0.18862659
0.15380189
0.026196977
-1.1552146
0.034939503
-0.024159773
0.043239029
0.10997815
0.036121686
0.062473694
0.12625569
0.025750061
-0.019454356
-0.00042708457
-0.051360256
0.046868927
0.021126067
-1.1881015
0.037800621
0.0046003165
-0.016604555
0.031281289
0.0049350844
-0.089953711
-0.0066609654
-0.41821978
0.81795955
0.048625695
-0.025057061
0.00095993776
3.0777538
-3.4099256
-0.0027590564
-0.17112886
0.25264657
-0.001658859
0.056574138
-0.36954944
-0.99469276
-0.024480466
-0.050024174
0.062672771
0.024528334
-0.055168792
-0.023118684
0.00035341762
-0.011477658
0.083784136
0.76697383
-0.05130153
0.089869211
0.0057814207
-0.012414356
-0.13358955
-0.0077046002
-0.16884927
0.0028796063
-0.011042483
-0.0041387089
0.029015354
0.017890785
-0.36333211
0.046411173
-0.022297773
0.19534869
-0.0066665337
-0.33303201
-0.020581052
0.083501717
-0.014538431
-0.017521656
0.0061692965
-0.069280405
0.032301866
-0.035025256
0.034272862
0.012930027
0.013449316
-0.58898894
0.014520301
0.0015323396
0.057769947
-0.025369666
-0.0024806889
-0.048060131
0.015410642
-0.24725768
-1.9344813
0.018467124
-0.41783277
-0.10393525
-0.024792963
-0.046155794
-0.068529404
0.10002611
-0.054091021
-0.01908279
0.09793557
-0.050161247
0.023496482
-0.021469104
-0.00012353081
0.025075549
0.043674014
0.013061008
0.053866549
-0.094681595
-0.0047443593
0.11040135
-0.010715207
-0.016001208
0.022027418
-0.0016849926
0.057468021
-4.0552677
0.01211872
0.00073652344
-0.021208505
-0.034045569
0.23137083
0.20093238
0.014620087
0.059234567
0.0050057083
-0.016933051
-0.020524144
0.025716568
-0.001188234
0.044751184
-0.045206146
-0.00099363451
0.0032710531
-0.0061174777
-0.020837417
0.018835825
-0.041679247
-0.011888095
0.041025246
0.039448049
0.0022307759
0.0013945
0.08791873
-1.0632338
0.88143832
-0.020801691
-0.049177051
0.02799915
0.3210745
-0.0011736233
0.0025891351
2.3479159e-05
-0.020493266
-0.029345822
0.00033127652
0.024733453
-0.0054474676
-0.22068589
0.016724193
0.0039216292
-0.023918916
-1.0656156
-0.066556804
0.24295797
-0.17860456
-0.026323097
0.023525907
0.016617368
-0.0023600663
-0.61567046
0.28674782
0.013393708
0.17457923
0.036922503
-0.011756754
-0.025165749
-0.8342286
0.47893574
0.35529286
-0.10994905
-0.36507296
0.0081658693
-0.0078438003
-0.012672007
0.051675731
-0.0063596993
0.01866314
-0.0025467592
-0.0013757706
0.012782506
-0.00010183873
-0.20753786
-0.023210795
0.00034052681
0.0091393548
-0.0047770148
-2.5950129
2.4908658
-0.0014453122
-0.66708783
-0.0043205649
0.036689962
0.00075109842
0.024299235
0.030279111
-0.005238555
0.036768451
0.00049073465
0.023896166
-0.0219518
-0.00025924383
-0.19986642
0.029887059
0.012117568
-0.37574144
0.10462251
-1.022695
-0.021185491
0.023103142
0.044732731
0.02321747
0.0013625543
-0.024580024
-0.029022937
0.024606824
-0.36064062
-0.0051261665
-0.0063457145
-0.04166108
-0.016737567
-0.071038645
0.081734424
0.037055422
0.39149048
-7.5484102
0.0092487991
0.013581649
-0.013778031
1.1397316
-0.044572296
-0.011949719
-0.018925933
0.022091999
0.014884749
0.013842709
-0.031922916
-0.017543301
0.067474043
0.035499228
-0.021001348
0.05153011
0.029145384
-0.05570595
-0.17350916
-0.062537449
0.057412213
-0.0033159707
0.036614425
-0.041354923
-0.029518481
-0.32473397
-7.4529748
-0.0012075834
-7.8234657
6.7937323
-0.074993599
0.080951238
0.023765114
0.48389843
-0.047262679
-0.031083814
-0.0013036951
-0.018598041
-0.13303876
-0.01454901
0.022641402
-0.021384692
-0.028824832
-0.019177166
0.011850841
-0.029866338
-0.053214439
0.017471075
-0.043385123
-0.45832715
0.00018505286
-0.015327433
-0.76279257
0.024384867
0.002837193
-0.0032313952
0.24457288
0.018325189
0.24352551
-0.017667379
0.035465765
-6.3541121
6.7456026
-0.013733887
0.27688888
-1.3445411
0.045476757
0.027680136
-0.020608112
0.023687453
-0.023672246
-1.5206872e-05
0.017371228
0.015583893
-0.016261283
0.23895517
0.39083172
-5.1646217
0.021944133
-0.0010836646
0.0063053388
-0.041098182
-0.0019182446
0.0018134249
0.38224803
0.067983747
-0.012195909
0.03789666
-0.056896887
0.070879806
-0.008278228
-0.0070870355
-0.045547371
-0.0069867284
0.010534512
0.029329572
-0.90440111
0.074587333
0.0034151251
0.024821993
-0.2268331
0.04658727
-0.013980017
0.02338951
0.019034254
0.064211464
0.071723996
0.0058041011
1.8783827
-1.4398122
0.02018989
-0.016695246
-0.041963985
0.023196633
-0.039762064
-0.022349648
0.0013682637
0.072543634
-0.21410168
0.036359469
0.024969205
-0.0012523407
0.011541624
3.5211083
-0.024688976
-0.026911376
-0.95062511
1.0852755
-0.023418929
0.024691974
0.0089678689
0.0016346055
-0.0022015829
-0.05079552
0.014227984
-0.014431035
-0.3033821
-0.016764421
-0.038796826
0.02666567
0.012886513
0.28894194
-0.021422657
0.0048266185
-0.050131301
0.39503742
-0.0061166347
0.0049261792
-0.019610184
0.015204369
-0.0038610658
-0.14482044
0.24277154
-0.20684008
-0.061569799
0.032103294
-0.02546634
-0.15086642
-0.0054101782
0.0087093282
0.02087417
0.31500777
2.4625073
0.027832128
-0.042592702
-0.0081202214
-0.3145597
-0.027098973
0.037463684
1.3598073e-05
0.021558277
-0.021571875
0.020529623
-0.020066248
-0.032573588
-0.0058908349
-0.012817695
0.022640059
0.015487333
0.017457057
-0.016475209
-0.007891594
-0.44393305
-0.020313685
-0.00031576966
-0.11019912
0.022839916
0.0022970963
-0.095167282
-0.38870111
0.012113311
-0.3003391
0.49122449
-0.028159863
-0.031622916
-0.020284594
-0.0022685806
-0.056571038
-0.80872064
-0.094059197
-0.023680678
-5.8285152
5.1790131
-0.081476726
-0.02062888
0.018994682
-0.15701845
0.016328793
-0.015169033
-0.018708499
-0.39296228
0.018304866
0.016257193
0.012160235
-8.0733817
5.864272
-0.022728097
0.016893447
-0.20992952
-0.015115442
-0.2914
-1.5482
0.086996037
-0.019021772
0.07993536
0.0038833843
0.013730767
1.1556338
-0.83177838
-0.1078488
0.15666061
-0.021316629
-0.0038612628
-0.016037158
0.011337777
-0.01338255
-0.16478101
0.026982951
0.21026568
-0.15199666
-0.19276208
-0.0019668876
1.5210632
-0.072738051
-0.017824126
-0.021954529
0.011929383
-0.0063216476
-0.029859609
-3.9042016
-0.59530201
0.77717806
-0.060917187
1.5334235
-0.24263275
-0.0013523302
0.012901601
-0.021319842
2.763752
0.0064351729
0.0034999558
0.029689854
0.040082925
0.017785055
-0.015065397
0.010865901
0.056747727
0.053614365
-0.016893308
-0.020254671
0.018535306
0.1230121
0.0044944997
-0.045256305
-0.14515121
0.0004276637
-0.013001977
0.01677835
-0.84980746
-0.075669224
-0.0018704681
-0.056175886
0.021566086
-0.022335251
-0.056286497
0.049199461
-0.019622328
-0.0020505262
-0.01760929
-0.082615881
-0.012518496
-0.00041632152
-0.021755306
0.0094301529
0.049019461
0.061651132
0.022851895
0.044757199
0.11434882
-0.018348464
5.1114809
-2.347729
-7.4443339
0.01316546
0.025873337
-0.0011834776
-0.018861121
0.021873193
0.026883885
0.023915017
0.024285383
-0.00037036621
-6.7340657
0.37995359
-0.021220343
0.026258704
0.0010108839
-0.027269588
-0.0062678683
0.63393782
0.010391118
5.9082662
-0.028361069
-0.013919117
0.0058258326
0.016626204
-0.023873733
0.024242459
-0.01932207
0.023836242
0.00040621711
0.029062243
0.0018199312
0.0219515
-0.040506788
0.021836381
0.00011511901
-0.023642721
-0.0074598092
-0.027783762
0.022865872
0.021688444
0.0011774282
-0.00023308647
0.022912703
-0.00086556347
-0.011260142
0.021598916
0.0013137878
0.024069137
0.022479318
0.001589819
0.019642511
-0.01986943
0.020847896
-0.052648125
0.014141354
-0.020402186
-0.01838467
0.014858152
0.54391711
-0.49383074
-0.027183178
2.7452728e-05
0.05509179
-7.9656711
-0.070370871
0.030548035
0.46529792
0.0082764613
-0.021119512
-0.27538629
-0.10119923
0.10858445
-0.15022909
0.0082626514
-0.036900757
0.022359563
0.067172983
-0.00033732155
-0.022308773
0.022646094
0.013360819
0.019627304
0.013597415
-0.0019325107
-0.021330205
-0.034957895
0.3035292
-0.013548166
-0.02332984
0.069426658
-0.020317627
-0.015563426
-0.0064107696
0.97596581
0.044252358
0.041750293
0.030918412
-0.029604925
0.019111009
0.017026953
-0.018524925
0.017754928
0.017710836
-0.32702347
0.13454673
0.030200103
0.00068039129
0.012568421
0.024158108
-0.033162899
0.022318373
0.021948007
0.15292696
-0.054957932
-0.020654949
0.022697363
-0.024875073
0.02310358
0.022098496
0.018503917
-0.018490319
0.022213615
0.021004182
0.022181611
-0.023864189
0.020777605
0.022091393
0.020503041
0.02209286
0.0078872267
-0.014144272
-0.050649285
-0.017117824
0.028806084
-0.93680749
0.15180624
0.024825681
-0.026150211
-0.010946901
-0.021905155
-0.0083176403
-0.43364688
0.0056957781
-0.088143458
0.0037704293
-0.026208367
0.015798385
0.02079938
0.021193036
0.044599386
0.0012613232
-0.060457827
0.015729351
-0.010154441
-0.043145065
-0.1030117
5.1095631
0.0053527745
-0.038261199
0.021633527
-0.0016144535
-0.03458956
0.28175125
-0.036236639
-1.2713111
-0.063174864
-0.083904116
0.036610749
-0.026158189
0.011986879
0.036858019
-0.37651516
-0.088135286
0.0019799672
0.0038257719
-0.026336926
-0.054552796
-1.5581035
0.36376935
-0.019617128
0.016400238
0.0085665099
-6.5774528
0.0020921663
-0.054256717
0.1243075
-0.0005425124
0.028977067
-0.10768835
0.13321534
1.6726744
-0.5701424
0.04260571
0.56553669
0.052573063
-6.4177499
0.0094814739
0.02146234
-0.018313204
0.021216823
-0.031710074
0.072991996
-0.090212695
0.025591435
0.026544117
-0.02584282
-0.001907176
0.10013468
0.011351321
-0.086806079
0.014884201
-0.033709474
0.57374923
-0.072551098
0.016809826
-0.49554701
0.0062094677
0.045730552
0.21685639
0.025638527
0.3837106
0.6162572
0.64925821
-0.20628154
-0.073396511
0.0021211231
-0.054713192
0.46880967
-0.37899725
-0.03345967
0.0097064922
0.032768212
-0.024203193
-0.058704822
-0.22315278
0.17110081
-0.11760185
-0.022390062
-0.12220861
2.1075463
-0.048954461
-0.017079641
0.030580482
0.0062374709
0.02159872
0.029155519
-0.030308578
0.030667476
0.015234991
-0.1984728
0.3012084
-0.006010027
0.067403094
0.029189381
0.078997319
0.12184766
0.039333971
-0.07163657
0.008118537
0.037027392
0.44617109
-0.015956907
-0.0042580577
0.00525919
0.04491433
-0.36465728
0.023487582
-0.018481874
-0.015876828
-7.8662606
-0.041963088
-0.059366201
-0.02567256
-0.027508747
0.048479838
2.8113739
-0.020611094
-0.02579758
0.011672049
0.032162292
0.034627304
0.02802886
0.86155768
-0.038212997
0.0018849955
0.058617977
0.054475206
-0.01434362
0.019888057
-0.010076624
0.018540237
-0.068069311
-0.31815544
-0.0042795403
0.032258452
-0.16814343
-0.012681435
-0.091813372
-0.037903066
0.0089160849
-0.032629799
0.17496572
-0.030440687
0.04297071
-0.027808084
-5.802551
-0.044538413
0.10255594
-0.058949739
-0.026381819
-0.016230727
0.047410523
0.025639805
-0.11975088
0.13427811
0.020726611
0.089988839
0.58584203
0.0058341927
0.049086038
0.016870407
-0.0044753352
-0.010665765
-0.0012234529
-0.019460174
-0.028236552
0.61737221
-0.039704802
0.043851119
0.11168417
0.031383369
1.3475963
0.0077677728
0.026341206
0.003288936
0.033406277
-0.087505044
0.007213663
0.027433772
-0.027989171
0.026566959
-0.023609787
0.16311721
-0.13950742
0.29623476
-0.0042344059
-0.020345618
0.28085884
-0.3756886
-0.0099512986
-0.0283099
0.036487621
-0.25911051
-0.11550215
0.028609533
0.10505639
0.66448028
-0.15492644
0.0018905653
0.019639502
-0.0069017574
-0.03011684
-0.0059160682
-0.033288831
-2.4754871
-0.011006274
-0.37929284
0.021506933
-0.02932288
0.21504801
-0.019231786
-5.670761
0.030176629
-0.018909197
0.55831918
0.034031682
0.1580254
0.051178879
0.024542854
0.031334839
-0.022956666
-0.0092368067
0.046995318
-0.0063214948
0.040500377
0.24817647
-1.2785817
0.074700687
-0.11135229
1.659903
-1.6928825
-0.0083098019
-0.008930214
-0.084292717
-0.05393919
1.8526278
-0.024220444
1.6839904
-0.018354335
0.0031052522
0.018950591
0.0077447819
-0.022772799
-0.031074376
-0.03507443
0.033106014
5.5195281
-0.027448282
4.9211404
-0.032887699
-0.033605982
0.10247763
0.0048609669
0.048319541
0.021004874
-0.02250481
-0.024415084
0.035037353
0.015829946
0.070133435
-0.016662112
0.04328147
-0.015640638
0.035528696
0.061835981
0.029533395
-0.017626057
0.0072249751
0.026006941
-0.022588409
-0.054197814
0.038326524
0.12396182
0.6242312
-0.0071445148
0.035774812
0.42012158
-0.058096299
0.0035824413
-0.056164543
-0.019347635
0.05264357
0.022603966
3.8364444
0.10034542
-0.017179856
-0.012676744
-0.02446409
0.022891266
-6.4292289
0.048400623
0.10050382
0.12553744
-0.53532106
1.822481
-0.015942194
-0.70388383
-0.014616587
0.06906728
-0.054593745
0.029271126
-0.024184319
-0.86254613
0.0263213
0.037866935
-0.0019136486
-0.067698645
0.0017413523
-0.034751907
-0.093953711
-0.43176196
0.034832071
0.014775043
0.0069567991
0.015345409
0.00049592367
-0.45774357
0.16068106
-4.292219
-0.020291444
-4.7856851
0.019801313
-0.05150743
0.0064451261
-0.65486996
0.19377602
-0.35739815
-0.18964965
0.054021073
0.046113611
-0.063218858
0.023122839
0.025048755
-0.044247006
-0.01320399
0.097454939
0.15606322
0.3889225
-0.084458199
-0.037301334
-0.016955382
-0.047492075
-0.26832016
0.10782956
-0.23423729
1.2241209
-1.683103
0.013198556
-0.04172251
-0.18295472
-0.028849899
-0.15601149
0.020190676
-0.021942128
-0.01104026
0.025880781
0.025242608
-0.057097014
0.19314539
-0.21184334
0.023418578
-0.020369763
1.2000679
-0.14092573
-0.029998095
0.15506719
-0.065987318
0.11912423
-0.28597425
0.00068470604
0.029448703
-0.022324864
-0.25804554
-0.04378878
0.019594383
0.050765886
-0.034839201
-0.030357308
-0.029667854
-0.15224799
6.1687864
-6.2442256
1.7711074
-0.034540067
1.0012383
0.29735446
0.01478755
-0.047882897
-0.0061872982
-0.038059708
1.3760617
-0.02801828
0.028740491
2.2519611
-1.4865639
-0.011320396
0.042040686
0.00081174558
0.16788059
0.021972446
0.015985387
0.01616456
0.013762681
-0.10546251
0.022846627
0.016895848
0.098479672
-0.057883071
-0.043264863
0.025589657
0.026331149
-0.46627564
0.40171273
-0.31172389
-0.28765047
-0.020449392
-0.064479984
-0.0028004601
0.043748984
-0.056520183
0.042650386
0.018353155
0.0025500734
-0.047539262
-0.024606181
0.02202025
0.02264778
-0.034156179
0.029247638
0.085825946
0.079612508
-0.019510696
-0.045983128
1.476269
0.048707856
-0.039470378
-7.3209565
-0.10440541
0.1773974
-0.0087585887
0.041886614
-0.28061923
-0.0034660851
-0.1062613
-0.081477059
0.27664711
0.0094024723
0.009635479
0.63416443
-0.039244362
-0.0024877292
-2.460231
0.022440663
0.007685938
-0.0058813371
-0.18675374
0.045828019
0.04220307
-0.049683867
0.0074807971
-1.7158284
0.0038200291
0.074406344
0.043798041
-0.052546883
0.0098771308
0.062449867
0.0049834676
0.13206429
0.015379715
0.84165641
-4.4319709
0.69158718
3.7403837
0.018095023
0.0052684172
0.33911564
0.22687433
-0.73783242
0.06825902
-0.046954067
0.013280449
-4.4082302
0.022138606
-0.14423739
0.00074981416
0.021890245
0.25162679
-0.16596211
-0.23961373
-0.13737659
-0.32215458
-0.029835607
0.0030808247
-0.25103617
0.013248876
-0.033167622
-0.018757401
-0.027952378
-0.467758
-0.079969417
-0.17450277
0.020315949
0.028163889
-0.024884456
-0.040827568
0.19261954
-0.060555258
-0.015999867
0.07156103
-0.017383022
-0.060262903
0.0014754135
-0.036086411
-0.11413148
0.0072394827
0.018350174
-0.053049944
0.026387936
-0.054606664
0.015136287
0.14028113
-0.097883791
-0.022078718
0.031553158
-0.033531593
-0.0260417
-0.041130783
0.045973909
-0.18840007
0.19286936
-1.8677168
0.0031707329
0.014503477
0.38053394
-0.0011810059
0.023644676
0.007098544
0.011127415
0.37770592
0.090848028
-0.033892345
1.4127475
0.042625212
0.023222248
-0.022786745
0.01891885
0.19842419
8.6631423
0.029040208
0.015772949
0.03215707
1.9069151
0.034417836
0.01429002
-0.015636401
-0.044698461
0.056507393
0.21391647
-0.11461785
-0.023181207
-0.019095159
-0.029157203
0.22568419
0.020520319
0.0070254691
0.00042661445
-0.0066091635
0.033554869
-0.024870529
-0.0099840984
-0.0053757431
-0.79353517
0.01658153
8.2956056e-05
0.017892131
0.05385527
0.035759574
0.025740615
0.093593283
-0.0098416942
0.035339206
0.063625214
0.045937597
-0.031575304
0.023602672
-0.22315886
-0.036041222
-0.020584212
-0.12732142
0.003437301
-0.059433604
0.35607384
-0.021869918
0.14110587
-0.020167769
0.054821698
0.01460496
-0.12369017
-0.1345448
0.014540707
4.397325
0.35361911
1.0230145
-1.9605339
0.73025375
-0.014298148
0.007084486
0.11973023
0.056260736
-0.041217493
0.019323455
-0.076124559
-0.17111929
-0.02394602
0.042815406
-0.042837178
0.044721805
-0.048022378
0.080747075
0.059769359
-0.0082547244
0.078144368
-0.0015185293
-0.026086474
-0.029725555
-0.073664745
0.1113733
0.12513867
0.068398469
0.032500446
-0.057304701
-0.38755539
0.078142845
0.037747803
-0.12785601
-0.058527404
0.094026631
5.1275787
0.01456697
0.041196689
0.02912648
-0.12556413
0.022111058
0.23772254
-0.043522661
-0.02634577
4.5246836
0.071056267
-0.011916234
1.0539071
-0.012542986
-0.0044316907
0.017049617
-0.018957628
0.011622663
-0.0079773328
0.18279234
-0.03830241
0.067133845
-0.015734846
0.036664241
0.053922444
0.0033623115
-0.022402696
-0.0026995849
0.021618435
-0.16368624
0.038695301
-0.01429274
0.077789151
0.021394927
0.029274865
-0.095097221
-0.48490906
0.012282272
0.012415995
2.1246397
-1.1050061
0.030628543
0.0088730646
)
;

boundaryField
{
    back
    {
        type            empty;
        value           nonuniform List<scalar> 0();
    }
    front
    {
        type            empty;
        value           nonuniform List<scalar> 0();
    }
    farfield
    {
        type            calculated;
        value           nonuniform List<scalar> 
60
(
-2.7330889
-6.9416214
-0.61803107
-3.6615416
-8.2156947
0.60584232
0.64151927
0.60964684
0.59561867
0.60416556
-0.6232454
-0.60957065
-0.60796663
-0.61681544
-0.62408252
-0.63367529
0.60828357
0.60018481
0.59106511
0.59994964
0.61712001
0.62709964
-9.6449749
-9.9885865
-4.5544787
-1.7857068
-8.4403366
-9.1754299
-7.6149537
-6.2023042
-9.9479049
-3.076944
-7.221613
-4.888717
-1.1373249
-0.6315508
-0.60709304
-0.60487271
0.62001422
-0.64946679
-0.61278278
-0.61262351
-9.8643814
-6.505611
-10.016485
-4.0015648
-2.120605
-7.869336
-9.3323941
-9.5252467
-5.404397
-8.7375919
-8.9295407
-0.82182656
-0.64364168
-5.7232356
-9.783599
0.14766919
0.5926752
0.58378303
)
;
    }
    outlet
    {
        type            calculated;
        value           nonuniform List<scalar> 
20
(
10.223716
10.227372
10.222344
10.227606
10.220331
10.175919
10.188053
10.170801
10.163986
10.21378
10.181083
10.166591
10.159869
10.214386
10.226088
10.219519
10.164411
10.176653
10.193045
10.182265
)
;
    }
    flap
    {
        type            calculated;
        value           uniform 0;
    }
    mainfoil
    {
        type            calculated;
        value           uniform 0;
    }
}


// ************************************************************************* //
