/*--------------------------------*- C++ -*----------------------------------*\
| =========                 |                                                 |
| \\      /  F ield         | OpenFOAM: The Open Source CFD Toolbox           |
|  \\    /   O peration     | Version:  v2012                                 |
|   \\  /    A nd           | Website:  www.openfoam.com                      |
|    \\/     M anipulation  |                                                 |
\*---------------------------------------------------------------------------*/
FoamFile
{
    version     2.0;
    format      ascii;
    class       volScalarField;
    location    "1000";
    object      p;
}
// * * * * * * * * * * * * * * * * * * * * * * * * * * * * * * * * * * * * * //

dimensions      [0 2 -2 0 0 0 0];


internalField   nonuniform List<scalar> 
38984
(
-524.43526
-524.43549
-524.43551
-524.43481
-524.43243
-524.42623
-524.4112
-524.37653
-524.31473
-524.23151
-524.10067
-522.95836
-522.95889
-522.95927
-522.95883
-522.9566
-522.95106
-522.93964
-522.91811
-522.88244
-522.83083
-522.74182
-85.16156
-85.160883
-85.159897
-85.158417
-85.155862
-85.151017
-85.141647
-85.124309
-85.095031
-85.050617
-84.989174
-88.403888
-88.403253
-88.402273
-88.400786
-88.398143
-88.393068
-88.383709
-88.367804
-88.341633
-88.300997
-88.263203
-96.738743
-96.73789
-96.736778
-96.735342
-96.733163
-96.729501
-96.723464
-96.714178
-96.700043
-96.684804
-96.715508
364.64767
364.63903
364.62797
364.61523
364.60126
364.59023
364.58575
364.5743
364.51881
364.44785
364.67358
451.02501
451.09128
451.18484
451.30925
451.46855
451.6591
451.83296
451.86824
451.62484
451.07593
449.57451
342.49292
342.39179
342.26864
342.12384
341.95424
341.76613
341.59001
341.49462
341.56768
341.87947
343.18625
78.69898
78.699462
78.700216
78.701289
78.703034
78.706264
78.712556
78.724518
78.74627
78.784675
78.854664
67.985917
67.986877
67.988108
67.989595
67.991589
67.994576
67.99927
68.00642
68.017923
68.035465
68.015438
62.831825
62.832181
62.832667
62.833273
62.83415
62.835638
62.83837
62.843213
62.85108
62.86481
62.896027
-404.59405
-404.59358
-404.59294
-404.59207
-404.59066
-404.58814
-404.58348
-404.57531
-404.5625
-404.54353
-404.49446
-72.237451
-72.237334
-72.237126
-72.236713
-72.236353
-72.236133
-72.235447
-72.231993
-72.2191
-72.195221
-72.153471
-74.870008
-74.869961
-74.869902
-74.869784
-74.869005
-74.866319
-74.858669
-74.840118
-74.810275
-74.771509
-74.674536
-79.613715
-79.613254
-79.612575
-79.611569
-79.609784
-79.606178
-79.598677
-79.58379
-79.556755
-79.511728
-79.440289
-228.09043
-228.08942
-228.08811
-228.08653
-228.08436
-228.08079
-228.07375
-228.05857
-228.0242
-227.94806
-227.86273
-512.76517
-512.76525
-512.76518
-512.76444
-512.76176
-512.75533
-512.74335
-512.72376
-512.69445
-512.65276
-512.58635
-515.15631
-515.15603
-515.15545
-515.15421
-515.15181
-515.14721
-515.13839
-515.1229
-515.09898
-515.06626
-515.02935
-269.86746
-269.86714
-269.8667
-269.86603
-269.86482
-269.86226
-269.85686
-269.84682
-269.83126
-269.80758
-269.7357
-431.08376
-431.08304
-431.08194
-431.08025
-431.07716
-431.0712
-431.06137
-431.04822
-431.02923
-430.99807
-430.9849
-177.42595
-177.42517
-177.42418
-177.423
-177.42143
-177.419
-177.41471
-177.40702
-177.39389
-177.37383
-177.35261
-521.63317
-521.63268
-521.63184
-521.63013
-521.62612
-521.61711
-521.59899
-521.56727
-521.51904
-521.45394
-521.37185
-520.24513
-520.24483
-520.24423
-520.24292
-520.23984
-520.23301
-520.21923
-520.19413
-520.15317
-520.09361
-520.02029
-92.045893
-92.045493
-92.045087
-92.044714
-92.044305
-92.043692
-92.042473
-92.038838
-92.029321
-92.01149
-91.962634
-194.93444
-194.93396
-194.93332
-194.9325
-194.93131
-194.92925
-194.92532
-194.91807
-194.90655
-194.89017
-194.84431
-203.64769
-203.64757
-203.64733
-203.64689
-203.64599
-203.64408
-203.64203
-203.64273
-203.65041
-203.66795
-203.65886
-427.17575
-427.17635
-427.17652
-427.17502
-427.16966
-427.15698
-427.13248
-427.09114
-427.02788
-426.93474
-426.76886
-432.23304
-432.2335
-432.23368
-432.23264
-432.22877
-432.21965
-432.20232
-432.17363
-432.13024
-432.06465
-431.93328
-436.72406
-436.72478
-436.7253
-436.72468
-436.72142
-436.71323
-436.69692
-436.66848
-436.62482
-436.56198
-436.42821
-535.02472
-535.02472
-535.02458
-535.02396
-535.02219
-535.01824
-535.0108
-534.99857
-534.98033
-534.95469
-534.91823
-537.0713
-537.07139
-537.07135
-537.07091
-537.06952
-537.06635
-537.06028
-537.04997
-537.03406
-537.0108
-536.97529
-1000.6891
-1000.6912
-1000.681
-1000.6347
-1000.5171
-1000.2829
-999.88655
-999.29136
-998.468
-997.37211
-995.87764
-1055.4628
-1055.473
-1055.4667
-1055.4073
-1055.2247
-1054.8172
-1054.0793
-1052.9364
-1051.3438
-1049.2827
-1046.8964
-454.37704
-454.37613
-454.37511
-454.37408
-454.37296
-454.37164
-454.37003
-454.36835
-454.36763
-454.37669
-454.43113
-566.6843
-566.68419
-566.68416
-566.68422
-566.68445
-566.68552
-566.68943
-566.69961
-566.71884
-566.754
-566.83999
-564.62222
-564.62207
-564.62162
-564.62051
-564.61802
-564.61346
-564.60811
-564.60566
-564.60691
-564.61064
-564.66583
-257.29919
-257.29963
-257.30005
-257.3003
-257.30018
-257.29922
-257.29598
-257.28721
-257.27092
-257.24528
-257.12974
-251.69502
-251.69492
-251.69489
-251.69495
-251.69517
-251.69581
-251.69736
-251.70048
-251.70645
-251.71946
-251.7352
-238.87179
-238.87052
-238.86888
-238.86702
-238.86471
-238.86161
-238.85799
-238.85651
-238.85908
-238.86284
-238.92894
-212.37468
-212.37498
-212.37517
-212.37496
-212.37394
-212.37134
-212.36422
-212.3474
-212.31722
-212.27787
-212.19689
-146.63128
-146.63092
-146.63041
-146.6298
-146.62892
-146.62739
-146.62423
-146.61752
-146.60552
-146.59015
-146.5544
-137.02515
-137.02499
-137.02471
-137.02426
-137.02346
-137.02194
-137.019
-137.01338
-137.00346
-136.98732
-136.94852
211.47167
211.47204
211.47252
211.4731
211.47385
211.47499
211.477
211.48057
211.48604
211.49636
211.54146
200.80227
200.80254
200.80289
200.80333
200.80394
200.80493
200.80676
200.81004
200.81496
200.82463
200.87447
190.23337
190.23364
190.23399
190.23441
190.23499
190.23598
190.23797
190.24192
190.24868
190.26232
190.32159
-43.07841
-43.077353
-43.076111
-43.074756
-43.073196
-43.071206
-43.067743
-43.058506
-43.030833
-42.961875
-42.880269
-24.472163
-24.472426
-24.472605
-24.472577
-24.472003
-24.470002
-24.464836
-24.454122
-24.4367
-24.415119
-24.354259
-435.52493
-435.51459
-435.47947
-435.37769
-435.13325
-434.62765
-433.69784
-432.1336
-429.66998
-426.06521
-421.33259
-386.42631
-386.41059
-386.35979
-386.21628
-385.87819
-385.18981
-383.93628
-381.84373
-378.63354
-374.1833
-368.59552
-310.88978
-310.86685
-310.79012
-310.57654
-310.08757
-309.11642
-307.38587
-304.59271
-300.53619
-295.17996
-288.57657
-280.35617
-280.35572
-280.35513
-280.35439
-280.35329
-280.3513
-280.34733
-280.33993
-280.32856
-280.31217
-280.25998
-185.22017
-185.21973
-185.21912
-185.21836
-185.21722
-185.21516
-185.2108
-185.2014
-185.18371
-185.15483
-185.09189
-90.73968
-90.732592
-90.707138
-90.633293
-90.458575
-90.102469
-89.453713
-88.369499
-86.685367
-84.270682
-81.100375
-514.56258
-514.56255
-514.56229
-514.56128
-514.55857
-514.55251
-514.54093
-514.52138
-514.49186
-514.4502
-514.38301
-514.44082
-514.44077
-514.4405
-514.43956
-514.43702
-514.43138
-514.42055
-514.40217
-514.3742
-514.3346
-514.27204
-513.60239
-513.60237
-513.60214
-513.60125
-513.59894
-513.59394
-513.58457
-513.5689
-513.54535
-513.51244
-513.45981
-535.09347
-535.09392
-535.09405
-535.09278
-535.08824
-535.07729
-535.05548
-535.01751
-534.95806
-534.86961
-534.71897
-536.06728
-536.0677
-536.06775
-536.0664
-536.06177
-536.05062
-536.02806
-535.98778
-535.92348
-535.82767
-535.66871
134.04298
134.0445
134.04643
134.04864
134.05135
134.05504
134.0607
134.07043
134.08905
134.11832
134.09024
128.29619
128.29693
128.2979
128.299
128.30031
128.30203
128.3046
128.30865
128.31462
128.31866
128.29613
120.53976
120.54
120.54034
120.54084
120.54164
120.54307
120.5456
120.54968
120.55468
120.55656
120.5606
-326.67894
-326.67889
-326.67879
-326.67855
-326.67821
-326.67769
-326.67626
-326.67339
-326.67002
-326.66742
-326.60983
-328.54039
-328.54008
-328.53951
-328.53839
-328.5359
-328.53007
-328.51675
-328.48997
-328.44618
-328.38364
-328.26524
-333.8349
-333.83408
-333.83267
-333.83
-333.8244
-333.81293
-333.79155
-333.7557
-333.70052
-333.62184
-333.53214
-337.38488
-337.38417
-337.38292
-337.38045
-337.37513
-337.36417
-337.34407
-337.31142
-337.26296
-337.19442
-337.10601
77.567491
77.568507
77.56985
77.571441
77.573401
77.576004
77.580009
77.587479
77.603277
77.63545
77.673143
89.370033
89.370653
89.371505
89.372544
89.373889
89.375836
89.379209
89.386229
89.401759
89.434928
89.518201
-529.10565
-529.10556
-529.10527
-529.10445
-529.10234
-529.09767
-529.08872
-529.07361
-529.05067
-529.01852
-528.97425
-530.87227
-530.87219
-530.87196
-530.8713
-530.86952
-530.8655
-530.85773
-530.84458
-530.82437
-530.79571
-530.75929
-532.50323
-532.5032
-532.50299
-532.50235
-532.50085
-532.49781
-532.49213
-532.48223
-532.46641
-532.44328
-532.41004
-564.23169
-564.23149
-564.23109
-564.23026
-564.22863
-564.22561
-564.22087
-564.21464
-564.20876
-564.20894
-564.16792
-539.01943
-539.01946
-539.0192
-539.01834
-539.01638
-539.01245
-539.00581
-538.9961
-538.98338
-538.96321
-538.86431
179.99572
179.99607
179.99652
179.99702
179.99769
179.99881
180.00122
180.00669
180.01807
180.0427
180.12054
170.78226
170.78272
170.78332
170.78407
170.78509
170.78671
170.78975
170.79617
170.80988
170.83877
170.90965
162.09126
162.09192
162.09278
162.09373
162.09489
162.09651
162.09942
162.10556
162.11864
162.14414
162.19385
152.39278
152.39334
152.39408
152.39502
152.39638
152.39861
152.40291
152.41206
152.43133
152.46959
152.55074
147.71872
147.71936
147.72033
147.72165
147.72363
147.72707
147.73373
147.74737
147.77604
147.83322
147.91452
-522.17363
-522.17343
-522.17303
-522.1721
-522.16992
-522.16521
-522.15585
-522.13894
-522.11157
-522.07206
-522.02217
-523.66439
-523.66428
-523.66398
-523.66319
-523.66128
-523.65712
-523.64897
-523.63452
-523.61149
-523.57835
-523.5336
-283.37353
-283.37287
-283.37177
-283.36977
-283.36571
-283.35748
-283.34181
-283.31441
-283.2709
-283.20742
-283.11992
-286.07629
-286.07589
-286.07497
-286.07293
-286.06849
-286.05951
-286.04401
-286.02042
-285.98463
-285.92797
-285.85737
-291.46341
-291.46325
-291.46259
-291.46046
-291.4551
-291.44468
-291.42949
-291.41236
-291.39181
-291.36356
-291.37867
-500.49698
-500.49658
-500.49595
-500.49497
-500.49315
-500.48946
-500.48218
-500.46936
-500.45116
-500.42491
-500.32231
-414.5742
-414.57418
-414.57385
-414.57283
-414.57058
-414.56599
-414.55716
-414.54064
-414.51021
-414.45703
-414.37501
-482.93254
-482.93238
-482.93205
-482.93139
-482.92997
-482.92684
-482.92056
-482.90974
-482.89441
-482.86981
-482.76184
-520.40236
-520.4021
-520.40163
-520.40079
-520.39908
-520.39564
-520.38931
-520.37887
-520.3645
-520.34617
-520.27094
-838.50071
-838.50257
-838.50262
-838.49632
-838.47788
-838.43952
-838.36101
-838.19188
-837.87487
-837.37078
-836.64461
-869.54741
-869.54208
-869.54069
-869.56108
-869.62412
-869.74564
-869.9304
-870.18628
-870.53025
-870.95679
-871.74939
-313.52231
-313.52204
-313.52165
-313.52101
-313.5198
-313.51756
-313.51424
-313.51055
-313.50779
-313.50997
-313.50448
-1174.9127
-1174.8542
-1174.73
-1174.4462
-1173.8215
-1172.5854
-1170.4306
-1167.1266
-1162.5444
-1156.5652
-1149.3208
-379.65207
-379.65021
-379.64782
-379.64489
-379.64081
-379.6342
-379.62265
-379.60246
-379.56604
-379.51119
-379.53822
59.100028
60.612454
62.757904
65.68185
69.696322
75.257969
82.845074
92.82009
105.28788
119.82742
136.61508
-683.89471
-683.89504
-683.8952
-683.89467
-683.89245
-683.88748
-683.87944
-683.86597
-683.84196
-683.79467
-683.63206
-336.82198
-336.82205
-336.8221
-336.82209
-336.82161
-336.81989
-336.81551
-336.80678
-336.79879
-336.79792
-336.74996
-727.3486
-727.34874
-727.34839
-727.34697
-727.3436
-727.33589
-727.31673
-727.26987
-727.18261
-727.05286
-726.73795
-774.91805
-774.9164
-774.91403
-774.91109
-774.90792
-774.90276
-774.88565
-774.83363
-774.73749
-774.62546
-774.40363
-290.85953
-290.85933
-290.859
-290.85846
-290.85744
-290.85542
-290.85145
-290.84428
-290.83307
-290.81561
-290.76595
-300.57277
-300.57268
-300.57246
-300.57199
-300.57099
-300.56891
-300.56491
-300.55824
-300.54861
-300.53407
-300.48339
-531.54589
-531.5459
-531.54536
-531.54304
-531.53619
-531.51966
-531.48713
-531.4336
-531.35633
-531.24605
-531.07411
-538.86106
-538.86126
-538.86128
-538.86053
-538.85827
-538.85355
-538.84341
-538.81946
-538.7634
-538.65811
-538.51536
-536.49705
-536.4983
-536.49891
-536.49687
-536.4892
-536.47444
-536.44769
-536.39775
-536.31675
-536.19727
-535.97448
-818.88847
-818.89349
-818.89853
-818.9013
-818.9001
-818.89407
-818.88456
-818.87424
-818.86097
-818.82734
-818.7425
-876.92428
-876.92835
-876.92889
-876.91685
-876.87897
-876.79819
-876.65815
-876.44726
-876.15454
-875.75303
-875.18286
-937.4176
-937.42014
-937.41596
-937.39092
-937.32213
-937.17815
-936.92607
-936.54027
-936.00196
-935.28177
-934.28691
55.342269
55.355678
55.399847
55.523808
55.812169
56.393377
57.437124
59.123557
61.581556
64.843414
68.808604
-27.57923
-27.569151
-27.536813
-27.446335
-27.234249
-26.801034
-26.005586
-24.67094
-22.626053
-19.776124
-16.165552
-149.26709
-149.26051
-149.23922
-149.17895
-149.03604
-148.74256
-148.20506
-147.30578
-145.90176
-143.84424
-141.06943
-191.7301
-191.72569
-191.7106
-191.66624
-191.55767
-191.32826
-190.89815
-190.16678
-189.01267
-187.28997
-184.88542
-164.39229
-164.3919
-164.3913
-164.39049
-164.38925
-164.38703
-164.38271
-164.37445
-164.35932
-164.3331
-164.28207
-157.44412
-157.44368
-157.44308
-157.44226
-157.44094
-157.43849
-157.43334
-157.42242
-157.40257
-157.37426
-157.31065
-126.31461
-126.31416
-126.31338
-126.31185
-126.30874
-126.30322
-126.29641
-126.29358
-126.29919
-126.31062
-126.35112
-132.95993
-132.96034
-132.96086
-132.96144
-132.9621
-132.96327
-132.96636
-132.97396
-132.98933
-133.01563
-133.03601
-139.89548
-139.89599
-139.89662
-139.89707
-139.89678
-139.89414
-139.88441
-139.85823
-139.80992
-139.73854
-139.5333
-612.54589
-612.546
-612.54576
-612.54482
-612.54247
-612.53751
-612.52845
-612.51263
-612.48527
-612.42622
-612.25201
-5.3849342
-5.3846738
-5.3842462
-5.3835204
-5.3821111
-5.3793275
-5.3744817
-5.3675966
-5.3582855
-5.3447387
-5.3411014
-12.893993
-12.893763
-12.893436
-12.892914
-12.891956
-12.890236
-12.887727
-12.88553
-12.885742
-12.891106
-12.906382
-17.771289
-17.771537
-17.771808
-17.772007
-17.772011
-17.771623
-17.770543
-17.768408
-17.766176
-17.765205
-17.726005
-464.1705
-464.17082
-464.1711
-464.17118
-464.17085
-464.16964
-464.16586
-464.15618
-464.14103
-464.12084
-463.9879
56.200779
56.200968
56.201252
56.201692
56.202471
56.203979
56.20695
56.212501
56.222349
56.241192
56.285014
49.902666
49.902926
49.903314
49.903895
49.904901
49.906815
49.910442
49.916764
49.927187
49.946308
49.985402
-517.74402
-517.74351
-517.74236
-517.73961
-517.73318
-517.7192
-517.69136
-517.64061
-517.55551
-517.42173
-517.22066
-520.85573
-520.85532
-520.85435
-520.85191
-520.84604
-520.83309
-520.80705
-520.75934
-520.67903
-520.55278
-520.36524
-358.36437
-358.36404
-358.36333
-358.36214
-358.35997
-358.35552
-358.34566
-358.3237
-358.27968
-358.20319
-358.08085
-555.49156
-555.49201
-555.49242
-555.49239
-555.49138
-555.48868
-555.48335
-555.47454
-555.46211
-555.44433
-555.39209
-557.35106
-557.35196
-557.35296
-557.35378
-557.3542
-557.35373
-557.35137
-557.34639
-557.3414
-557.33584
-557.25471
-255.68575
-255.68571
-255.68545
-255.68447
-255.68162
-255.67474
-255.66025
-255.63353
-255.59278
-255.53647
-255.42572
-260.27193
-260.27185
-260.27155
-260.27064
-260.26835
-260.26322
-260.2527
-260.23292
-260.20016
-260.1508
-260.05852
-265.21787
-265.21769
-265.21728
-265.21624
-265.21369
-265.20801
-265.19646
-265.17495
-265.13925
-265.08626
-265.00359
-513.54855
-513.54841
-513.54809
-513.54726
-513.54504
-513.5399
-513.52988
-513.51291
-513.48678
-513.44908
-513.40333
-513.73507
-513.735
-513.73462
-513.73349
-513.73087
-513.72566
-513.71666
-513.70285
-513.68355
-513.65657
-513.6108
-541.11904
-541.1186
-541.11752
-541.11455
-541.10692
-541.0896
-541.05538
-540.99674
-540.90821
-540.78204
-540.58419
-541.11746
-541.11698
-541.11604
-541.11368
-541.10773
-541.09495
-541.07131
-541.0319
-540.97095
-540.88434
-540.79644
-533.81712
-533.8186
-533.82016
-533.82084
-533.81937
-533.81365
-533.80011
-533.77338
-533.72799
-533.65687
-533.50187
-532.94451
-532.94586
-532.94718
-532.9475
-532.94549
-532.93917
-532.92582
-532.90168
-532.8616
-532.79621
-532.66248
-603.90948
-603.90997
-603.91045
-603.91054
-603.90977
-603.90737
-603.90226
-603.89341
-603.88069
-603.86258
-603.81668
-611.8707
-611.87145
-611.87225
-611.87276
-611.87261
-611.87125
-611.86777
-611.86127
-611.85248
-611.84188
-611.79381
-620.49324
-620.49423
-620.49537
-620.49634
-620.497
-620.4974
-620.49782
-620.49892
-620.50263
-620.51057
-620.48458
-513.55448
-513.55427
-513.55384
-513.55279
-513.5502
-513.54453
-513.53388
-513.51644
-513.49066
-513.45554
-513.41183
-512.67041
-512.6702
-512.66973
-512.66861
-512.66595
-512.66033
-512.64994
-512.63266
-512.60588
-512.56768
-512.52587
212.85612
212.85648
212.85702
212.85781
212.85903
212.86106
212.86466
212.87142
212.88445
212.91084
212.97162
207.26504
207.26582
207.26686
207.26813
207.26979
207.27224
207.27621
207.28299
207.29572
207.32027
207.33602
201.49907
201.4996
201.50029
201.50111
201.50217
201.50369
201.50618
201.51073
201.51974
201.53762
201.56117
-522.28032
-522.28035
-522.27995
-522.27816
-522.27314
-522.26154
-522.23758
-522.19235
-522.11561
-521.99529
-521.78951
-526.55574
-526.55553
-526.55501
-526.55356
-526.54959
-526.53962
-526.51739
-526.47414
-526.40025
-526.28369
-526.08962
-530.75858
-530.75831
-530.7575
-530.75521
-530.74957
-530.7372
-530.71275
-530.66906
-530.59773
-530.48567
-530.2979
265.34936
265.35108
265.35311
265.35521
265.35735
265.35953
265.36217
265.36791
265.38675
265.43978
265.48506
256.88975
256.89057
256.89162
256.89272
256.89384
256.89506
256.89686
256.90089
256.91065
256.93152
256.97564
244.50093
244.5014
244.50203
244.50283
244.50395
244.50571
244.50895
244.51543
244.52835
244.55571
244.62624
-341.28364
-341.28302
-341.28176
-341.27894
-341.27257
-341.25975
-341.23811
-341.20706
-341.16583
-341.11243
-341.05639
-347.21654
-347.2168
-347.21696
-347.21654
-347.21509
-347.21258
-347.21148
-347.21765
-347.23605
-347.26148
-347.24245
-346.3097
-346.3111
-346.3123
-346.3123
-346.30966
-346.30278
-346.29053
-346.27192
-346.24829
-346.22399
-346.12059
-517.55507
-517.55461
-517.55383
-517.5524
-517.54941
-517.54315
-517.53089
-517.50903
-517.47417
-517.42502
-517.37453
-519.22482
-519.22444
-519.22378
-519.22252
-519.21976
-519.21385
-519.20215
-519.18122
-519.14778
-519.10041
-519.04847
-520.83106
-520.83076
-520.83021
-520.82904
-520.82646
-520.82097
-520.81021
-520.79096
-520.76001
-520.71588
-520.6642
-442.3001
-442.30077
-442.30119
-442.30032
-442.29641
-442.2865
-442.26612
-442.22965
-442.17263
-442.08792
-441.91462
-447.45831
-447.45892
-447.45928
-447.45841
-447.45455
-447.44478
-447.42468
-447.38885
-447.33289
-447.25003
-447.08531
-452.39076
-452.39143
-452.39188
-452.39112
-452.38748
-452.37812
-452.35876
-452.32395
-452.26881
-452.18628
-452.02428
-404.41785
-404.41552
-404.41018
-404.39719
-404.367
-404.30356
-404.18356
-403.9774
-403.64951
-403.15456
-402.452
-416.79709
-416.79501
-416.79007
-416.77795
-416.74994
-416.69153
-416.58169
-416.39342
-416.0939
-415.64092
-414.99616
-491.24837
-491.24731
-491.24523
-491.24075
-491.23072
-491.20957
-491.16872
-491.09655
-490.97884
-490.79805
-490.53552
-496.918
-496.91695
-496.91486
-496.9103
-496.90019
-496.87902
-496.8382
-496.76592
-496.64713
-496.46249
-496.19272
-99.778695
-99.778562
-99.778211
-99.777301
-99.775128
-99.770476
-99.761806
-99.747154
-99.72381
-99.689387
-99.64143
-103.2096
-103.2095
-103.2092
-103.20848
-103.20689
-103.20356
-103.19758
-103.18889
-103.1762
-103.15223
-103.11373
42.884067
42.884288
42.884615
42.885123
42.886052
42.887893
42.891468
42.897799
42.908023
42.925792
42.96701
36.486818
36.486988
36.487248
36.48767
36.488476
36.490129
36.493471
36.499714
36.510205
36.528571
36.575198
30.043558
30.043666
30.043874
30.044314
30.045279
30.047338
30.051489
30.05927
30.072743
30.096669
30.153294
251.06908
251.06862
251.06803
251.06739
251.06673
251.06617
251.06599
251.06695
251.07081
251.08006
251.09751
259.29865
259.29845
259.29822
259.29798
259.29779
259.29812
259.29963
259.30345
259.31198
259.32644
259.33448
265.67274
265.67291
265.67311
265.67341
265.67397
265.67471
265.67571
265.67754
265.68043
265.67916
265.64476
-516.76859
-516.7686
-516.76838
-516.76741
-516.76467
-516.75849
-516.74648
-516.7257
-516.69377
-516.64855
-516.57554
-516.16942
-516.16943
-516.16922
-516.1683
-516.16577
-516.16013
-516.14923
-516.13042
-516.10137
-516.05951
-515.98847
179.10304
179.10361
179.10443
179.10553
179.10715
179.10984
179.11456
179.12299
179.13884
179.16922
179.20249
175.17528
175.1759
175.17678
175.17794
175.17963
175.18207
175.18478
175.18468
175.17546
175.15037
175.06634
172.54344
172.54309
172.54262
172.54205
172.54129
172.54011
172.53748
172.53022
172.51143
172.47478
172.43257
-472.71443
-472.71527
-472.71597
-472.71558
-472.7126
-472.70438
-472.68678
-472.65415
-472.60101
-472.5192
-472.35461
-478.41553
-478.41631
-478.41691
-478.41634
-478.413
-478.40409
-478.38524
-478.35065
-478.29464
-478.20858
-478.0378
-483.48713
-483.48802
-483.48881
-483.48859
-483.48593
-483.47827
-483.46155
-483.4301
-483.37828
-483.29787
-483.13561
299.03303
299.03424
299.03587
299.03787
299.04038
299.04366
299.04838
299.05578
299.0675
299.08738
299.14584
286.73201
286.73288
286.73415
286.73574
286.73788
286.74121
286.74762
286.76113
286.78603
286.81553
286.83288
-229.88733
-229.88347
-229.86954
-229.8285
-229.72951
-229.52375
-229.14309
-228.50238
-227.50162
-226.02356
-223.95743
-263.26937
-263.26597
-263.25443
-263.22058
-263.13801
-262.96428
-262.63994
-262.09054
-261.22874
-259.95697
-258.19147
-526.78197
-526.78197
-526.78164
-526.78059
-526.77778
-526.77144
-526.75899
-526.73737
-526.70372
-526.65212
-526.55493
-530.79964
-530.80001
-530.80003
-530.79848
-530.79313
-530.77945
-530.7491
-530.69195
-530.6034
-530.47963
-530.23667
-114.78698
-114.78628
-114.78549
-114.78451
-114.78261
-114.77859
-114.77026
-114.75359
-114.7245
-114.68684
-114.66799
-115.68592
-115.68575
-115.68539
-115.68474
-115.68378
-115.68182
-115.67636
-115.66289
-115.63884
-115.60335
-115.51209
-118.12589
-118.12569
-118.1252
-118.12409
-118.12157
-118.11624
-118.10653
-118.09147
-118.06874
-118.02919
-117.96243
1187.4521
1187.3784
1187.3124
1187.3018
1187.3834
1187.574
1187.8621
1188.2164
1188.5812
1188.7777
1188.5997
948.56748
948.57477
948.64612
948.87377
949.36104
950.2035
951.45334
953.08127
955.01801
957.42853
960.58335
-682.8981
-682.89922
-682.90042
-682.90125
-682.90141
-682.90076
-682.8995
-682.8981
-682.89589
-682.88974
-682.87681
-702.22912
-702.23044
-702.23191
-702.23309
-702.23389
-702.23469
-702.23693
-702.24267
-702.25221
-702.26349
-702.27989
-724.19738
-724.19868
-724.19997
-724.20047
-724.19946
-724.1965
-724.19241
-724.18898
-724.18527
-724.17688
-724.18243
172.58067
172.58051
172.58033
172.58019
172.5802
172.58069
172.58256
172.58784
172.59975
172.62328
172.67646
173.07469
173.07479
173.07493
173.07516
173.07559
173.07631
173.07731
173.07805
173.07757
173.07355
173.04305
176.13462
176.13446
176.13426
176.13401
176.13373
176.13346
176.13327
176.13309
176.13213
176.12864
176.13145
178.13852
178.13836
178.13818
178.13808
178.13819
178.1388
178.14048
178.14428
178.1516
178.16364
178.18791
-61.979319
-61.97883
-61.978265
-61.977648
-61.976869
-61.97571
-61.973744
-61.970029
-61.963036
-61.955127
-61.974422
-48.177075
-48.176173
-48.174961
-48.173624
-48.172089
-48.170134
-48.167311
-48.162693
-48.153465
-48.135461
-48.137747
-525.21969
-525.21963
-525.21942
-525.21878
-525.21713
-525.21349
-525.20643
-525.1941
-525.17468
-525.14677
-525.10877
-526.98267
-526.98262
-526.98237
-526.98156
-526.97954
-526.97527
-526.9673
-526.95373
-526.93272
-526.9029
-526.86162
160.4764
160.47714
160.47809
160.47926
160.48083
160.48315
160.48663
160.49179
160.50017
160.51166
160.47798
159.62941
159.62974
159.63015
159.63059
159.63109
159.63167
159.63207
159.63125
159.62694
159.61369
159.5627
159.91597
159.91573
159.91544
159.9152
159.91506
159.91512
159.91541
159.91563
159.91455
159.9112
159.92353
-532.94535
-532.94484
-532.94323
-532.93867
-532.92818
-532.91063
-532.88482
-532.84682
-532.79005
-532.69864
-532.56102
-537.74182
-537.74084
-537.73913
-537.73569
-537.72841
-537.71394
-537.68761
-537.64407
-537.57886
-537.48895
-537.36746
-513.94822
-513.9481
-513.94774
-513.94673
-513.9442
-513.93881
-513.92884
-513.91245
-513.88782
-513.8534
-513.80637
-513.40452
-513.40434
-513.40385
-513.40256
-513.39941
-513.39266
-513.38008
-513.35928
-513.32781
-513.28334
-513.22558
158.85607
158.85624
158.85649
158.85682
158.85739
158.8582
158.85934
158.86074
158.86129
158.85792
158.8468
159.09885
159.099
159.09916
159.09925
159.09919
159.09917
159.1
159.10395
159.114
159.13104
159.17514
161.64973
161.64963
161.64955
161.64965
161.65038
161.65225
161.65509
161.65805
161.66059
161.66612
161.6906
-502.325
-502.32397
-502.32201
-502.31785
-502.30863
-502.28916
-502.25116
-502.18308
-502.07045
-501.89554
-501.6416
-506.2159
-506.21513
-506.21358
-506.21014
-506.20237
-506.18574
-506.15295
-506.09369
-505.99484
-505.83991
-505.61091
-515.45452
-515.45454
-515.45436
-515.45354
-515.45126
-515.44616
-515.43632
-515.41931
-515.3929
-515.35516
-515.29398
-514.91692
-514.91693
-514.91673
-514.91583
-514.91331
-514.90769
-514.89708
-514.87949
-514.85318
-514.81596
-514.75599
165.12748
165.12721
165.12709
165.12728
165.12789
165.12941
165.13296
165.13911
165.14727
165.15575
165.12988
157.70003
157.70055
157.70108
157.70158
157.70208
157.70244
157.70211
157.70011
157.69602
157.68565
157.61997
162.63855
162.63827
162.63789
162.63732
162.63648
162.63524
162.6335
162.63131
162.62779
162.62168
162.63793
-537.01821
-537.01868
-537.01884
-537.01771
-537.0135
-537.00309
-536.98171
-536.94316
-536.88097
-536.78678
-536.62778
-537.9671
-537.96752
-537.96764
-537.96645
-537.96216
-537.95162
-537.93001
-537.89128
-537.82956
-537.73789
-537.58471
161.72956
161.73008
161.73079
161.73166
161.73278
161.73436
161.73694
161.74212
161.75338
161.77823
161.84142
174.05094
174.05146
174.05218
174.05311
174.05428
174.0558
174.0579
174.06139
174.06802
174.08495
174.14474
-514.59562
-514.59528
-514.59469
-514.5935
-514.59099
-514.58598
-514.57665
-514.5606
-514.53565
-514.50214
-514.46782
-512.95126
-512.95113
-512.95083
-512.95015
-512.94859
-512.94513
-512.93818
-512.92559
-512.9042
-512.87093
-512.83481
-215.22865
-215.2287
-215.22871
-215.22856
-215.22795
-215.22639
-215.22295
-215.21648
-215.20703
-215.18947
-215.1148
-219.79199
-219.792
-219.79188
-219.79128
-219.7893
-219.78395
-219.77142
-219.74657
-219.70733
-219.6571
-219.55494
-224.08228
-224.082
-224.0815
-224.08048
-224.07839
-224.07389
-224.06434
-224.04565
-224.01413
-223.9673
-223.88759
149.42089
149.42162
149.42256
149.42365
149.42492
149.42657
149.42918
149.43433
149.44508
149.46734
149.5254
98.89036
98.890824
98.891359
98.891877
98.892379
98.892992
98.89445
98.899058
98.910471
98.932397
99.025646
111.46796
111.46865
111.46953
111.47051
111.47161
111.47289
111.47465
111.47797
111.48552
111.49917
111.48907
-385.25759
-385.25743
-385.25689
-385.2552
-385.25073
-385.24045
-385.21953
-385.18157
-385.12055
-385.03189
-384.90077
-389.41662
-389.41642
-389.41569
-389.41348
-389.40784
-389.39528
-389.37045
-389.32668
-389.25804
-389.159
-389.01232
-394.0728
-394.07236
-394.07153
-394.06977
-394.06564
-394.05634
-394.03698
-394.00077
-393.94058
-393.85063
-393.7218
-519.81447
-519.81426
-519.81366
-519.812
-519.80797
-519.79929
-519.78258
-519.75369
-519.70891
-519.64519
-519.55467
-654.30051
-654.30098
-654.30134
-654.30112
-654.29972
-654.2968
-654.29334
-654.29187
-654.29359
-654.29765
-654.31744
-667.29747
-667.29816
-667.29877
-667.29873
-667.29735
-667.29382
-667.28779
-667.27957
-667.26827
-667.25073
-667.23393
-536.68649
-536.68656
-536.68588
-536.6838
-536.68025
-536.67374
-536.66067
-536.63645
-536.59429
-536.52857
-536.42891
-542.16196
-542.16254
-542.16303
-542.1622
-542.15683
-542.14179
-542.10936
-542.04923
-541.95494
-541.81504
-541.54656
-226.70084
-226.70074
-226.70018
-226.69848
-226.69451
-226.68658
-226.67225
-226.64826
-226.61068
-226.55253
-226.45284
-231.66799
-231.66766
-231.66706
-231.66583
-231.66286
-231.65648
-231.6458
-231.63163
-231.61267
-231.58372
-231.56666
-631.10584
-631.10677
-631.10783
-631.10871
-631.10935
-631.11027
-631.1132
-631.12107
-631.13643
-631.15943
-631.16871
-641.53863
-641.53934
-641.54006
-641.54042
-641.54018
-641.53963
-641.54077
-641.54734
-641.56165
-641.58332
-641.61523
-169.15634
-169.15613
-169.15573
-169.155
-169.1536
-169.15039
-169.14267
-169.12598
-169.09726
-169.05334
-168.96082
-170.54056
-170.54032
-170.53977
-170.53857
-170.53594
-170.53036
-170.51945
-170.49981
-170.46667
-170.41466
-170.33983
-177.87523
-177.87475
-177.87385
-177.87203
-177.86826
-177.86142
-177.85218
-177.84457
-177.84094
-177.84095
-177.88074
199.00947
199.01007
199.01085
199.01183
199.01317
199.01497
199.01679
199.01693
199.01243
198.99525
198.90409
204.30726
204.30729
204.30728
204.30709
204.30658
204.30557
204.30373
204.30027
204.29305
204.27781
204.24471
207.51269
207.51205
207.51123
207.51039
207.50946
207.50827
207.50623
207.50104
207.48644
207.45841
207.44678
-107.68485
-107.68418
-107.68322
-107.68193
-107.67999
-107.67667
-107.67052
-107.65922
-107.63874
-107.60292
-107.55822
-127.75542
-127.75499
-127.7544
-127.75367
-127.75266
-127.75105
-127.74825
-127.74356
-127.73656
-127.72593
-127.69942
-119.11075
-119.10991
-119.10882
-119.10756
-119.10594
-119.10353
-119.0994
-119.0921
-119.07968
-119.06109
-119.04761
-449.19453
-449.19265
-449.18876
-449.18004
-449.1604
-449.11939
-449.04137
-448.90592
-448.68863
-448.3599
-447.8938
-457.98146
-457.97995
-457.9768
-457.96959
-457.95313
-457.9183
-457.85107
-457.73239
-457.53713
-457.22971
-456.77634
23.903267
23.903515
23.903856
23.904282
23.90493
23.906164
23.908861
23.914842
23.926696
23.947732
23.993545
16.294294
16.294675
16.2952
16.295986
16.297382
16.300221
16.306462
16.319978
16.345541
16.387186
16.470703
12.979418
12.97994
12.980721
12.981795
12.983521
12.986782
12.993511
13.007408
13.034043
13.079569
13.154867
-24.602784
-24.602911
-24.603012
-24.602873
-24.602053
-24.599652
-24.593826
-24.58126
-24.559552
-24.528033
-24.44483
-30.282428
-30.282245
-30.281976
-30.281579
-30.280904
-30.279546
-30.276365
-30.268618
-30.252482
-30.226396
-30.169009
-35.912267
-35.911754
-35.911092
-35.910278
-35.908998
-35.906289
-35.899539
-35.883354
-35.851405
-35.800479
-35.713606
-68.06589
-68.065862
-68.0657
-68.065301
-68.064574
-68.063274
-68.0605
-68.054331
-68.042607
-68.02094
-67.940357
-374.49504
-374.49259
-374.48604
-374.46883
-374.42817
-374.34324
-374.18434
-373.91379
-373.48598
-372.84414
-371.93897
-391.41859
-391.41593
-391.40954
-391.39358
-391.35641
-391.27885
-391.13358
-390.88627
-390.49589
-389.9097
-389.07899
-589.60905
-589.6093
-589.60948
-589.60925
-589.60813
-589.60538
-589.60006
-589.59124
-589.57813
-589.55936
-589.52933
-596.04122
-596.04161
-596.04193
-596.04185
-596.04084
-596.03817
-596.0329
-596.02418
-596.0114
-595.99268
-595.9547
298.61802
298.64057
298.72199
298.95253
299.47291
300.46658
302.12005
304.56847
307.87991
312.09807
317.16122
160.24545
160.26408
160.32623
160.4986
160.89042
161.65793
162.98648
165.03996
167.9079
171.60961
176.11251
-513.39861
-513.39861
-513.3986
-513.39835
-513.39751
-513.39606
-513.39596
-513.40173
-513.41534
-513.43371
-513.4686
-512.12391
-512.12321
-512.12198
-512.11968
-512.11516
-512.10751
-512.09842
-512.09259
-512.09218
-512.0982
-512.1597
185.45563
185.45587
185.4562
185.45665
185.45737
185.45868
185.46117
185.46576
185.47364
185.4862
185.50653
182.69675
182.69705
182.69743
182.69788
182.69849
182.69954
182.70172
182.7067
182.71757
182.73775
182.77412
179.82491
179.8253
179.82582
179.82648
179.82741
179.829
179.83235
179.84053
179.85983
179.89807
179.95943
-303.27061
-303.27066
-303.2708
-303.27089
-303.2708
-303.27023
-303.26807
-303.26213
-303.25407
-303.25462
-303.2308
-305.6798
-305.68
-305.6801
-305.67968
-305.67771
-305.67137
-305.65402
-305.61605
-305.55372
-305.46552
-305.26137
-308.89457
-308.89431
-308.89368
-308.89209
-308.88827
-308.87989
-308.8637
-308.83574
-308.79163
-308.72472
-308.61219
1.4617393
1.462143
1.4626166
1.463129
1.4637577
1.4647309
1.4669263
1.4732303
1.4878993
1.5124959
1.6011928
12.582984
12.583558
12.584291
12.585108
12.586085
12.587494
12.590124
12.595289
12.604032
12.613592
12.598736
-545.19938
-545.1994
-545.19927
-545.19872
-545.19713
-545.19329
-545.18572
-545.17336
-545.15535
-545.13084
-545.09914
-547.4277
-547.42797
-547.42816
-547.42799
-547.42701
-547.42433
-547.41856
-547.40816
-547.39201
-547.3673
-547.32005
-551.59221
-551.59253
-551.59283
-551.59284
-551.5921
-551.58979
-551.58441
-551.57413
-551.55856
-551.53662
-551.4822
-575.82978
-575.82707
-575.82036
-575.8034
-575.76358
-575.68027
-575.52426
-575.25921
-574.84328
-574.22893
-573.38525
-576.22008
-576.21666
-576.20888
-576.18979
-576.14505
-576.05078
-575.87305
-575.56995
-575.09201
-574.37442
-573.35221
-571.32251
-571.31897
-571.31014
-571.28749
-571.2341
-571.12237
-570.91351
-570.55937
-570.00255
-569.17047
-567.99477
-457.39201
-457.39268
-457.39312
-457.39231
-457.38856
-457.37904
-457.35952
-457.32467
-457.26966
-457.18718
-457.02559
-462.66947
-462.67018
-462.67068
-462.66997
-462.66636
-462.65706
-462.63788
-462.60357
-462.54928
-462.46771
-462.30638
-467.47246
-467.4733
-467.47399
-467.47361
-467.47063
-467.46253
-467.44538
-467.41401
-467.3634
-467.286
-467.12868
-519.24507
-519.24457
-519.24359
-519.2415
-519.23688
-519.22751
-519.21089
-519.1841
-519.14213
-519.07948
-519.01751
-520.22891
-520.22851
-520.22762
-520.22562
-520.22128
-520.21241
-520.19546
-520.16584
-520.11945
-520.05111
-519.94469
-142.39549
-142.39525
-142.39485
-142.39419
-142.39293
-142.39018
-142.38355
-142.36862
-142.34222
-142.3043
-142.22584
-146.42139
-146.42086
-146.41994
-146.41832
-146.41516
-146.40897
-146.39807
-146.38135
-146.35693
-146.32118
-146.28573
-154.12937
-154.12887
-154.12811
-154.12688
-154.12454
-154.1201
-154.11265
-154.10206
-154.0877
-154.06868
-154.06134
-311.90616
-311.90614
-311.90555
-311.90355
-311.89904
-311.89048
-311.87553
-311.85154
-311.81518
-311.75967
-311.67457
-318.8087
-318.80847
-318.80809
-318.80719
-318.8044
-318.79599
-318.77664
-318.74801
-318.71267
-318.66534
-318.62996
-328.12596
-328.12552
-328.12471
-328.12267
-328.11767
-328.10754
-328.08917
-328.05006
-327.97899
-327.88233
-327.71351
-370.47232
-370.47246
-370.47226
-370.47096
-370.46712
-370.45826
-370.4407
-370.40993
-370.3636
-370.29897
-370.19327
-375.5721
-375.57204
-375.57161
-375.57004
-375.56585
-375.55639
-375.53748
-375.50322
-375.44798
-375.36765
-375.2447
-380.16253
-380.16247
-380.16203
-380.16043
-380.15602
-380.14586
-380.1256
-380.08984
-380.03381
-379.95256
-379.82234
-185.28766
-185.28779
-185.28798
-185.28817
-185.28833
-185.28867
-185.29014
-185.29443
-185.30377
-185.32213
-185.34115
-192.04697
-192.04725
-192.04755
-192.0475
-192.04627
-192.04155
-192.02714
-191.99167
-191.92737
-191.83086
-191.60081
-193.04488
-193.04448
-193.04382
-193.04274
-193.04073
-193.03644
-193.02667
-193.00577
-192.96865
-192.91244
-192.81759
-543.79764
-543.7979
-543.79807
-543.79743
-543.79374
-543.78068
-543.74622
-543.67794
-543.57386
-543.42847
-543.09231
-542.36525
-542.36741
-542.36999
-542.37209
-542.37266
-542.36905
-542.35374
-542.31585
-542.25444
-542.17272
-541.88832
24.836193
24.836807
24.837668
24.838758
24.84023
24.842423
24.845888
24.850965
24.857846
24.871151
24.904209
34.474104
34.474873
34.475896
34.477131
34.478713
34.480971
34.484881
34.492999
34.510231
34.542133
34.593649
-505.72789
-505.72869
-505.72936
-505.72902
-505.72617
-505.71805
-505.70004
-505.66535
-505.60614
-505.50952
-505.32267
-511.85823
-511.85884
-511.85929
-511.85875
-511.85571
-511.84729
-511.82824
-511.79061
-511.72564
-511.62491
-511.44833
-517.3164
-517.31677
-517.31695
-517.31619
-517.31302
-517.30448
-517.28499
-517.24606
-517.17874
-517.07233
-516.87509
232.30966
232.30977
232.30994
232.31018
232.31054
232.31108
232.31174
232.31221
232.31176
232.30496
232.25491
236.77969
236.77965
236.77954
236.77932
236.77891
236.77812
236.7764
236.77229
236.76263
236.73874
236.66358
244.06506
244.06452
244.06379
244.06292
244.06187
244.06061
244.05899
244.0565
244.05207
244.04533
244.04012
-158.85404
-158.85392
-158.85368
-158.85313
-158.85185
-158.84917
-158.84429
-158.83683
-158.82656
-158.81115
-158.78023
-164.55509
-164.55512
-164.55508
-164.55461
-164.55286
-164.5483
-164.53813
-164.51765
-164.48378
-164.43805
-164.33941
-535.1705
-535.17158
-535.17264
-535.17283
-535.17078
-535.16389
-535.1473
-535.1135
-535.05415
-534.95779
-534.76988
-534.3863
-534.38768
-534.38912
-534.38977
-534.38839
-534.3827
-534.36842
-534.339
-534.28776
-534.20427
-534.01925
-514.41418
-514.414
-514.4136
-514.41266
-514.41048
-514.40585
-514.39738
-514.38368
-514.36318
-514.33252
-514.28372
-515.92886
-515.92913
-515.92942
-515.92948
-515.92855
-515.92405
-515.90911
-515.87393
-515.81462
-515.72876
-515.55461
-516.72871
-516.73076
-516.73342
-516.73628
-516.73934
-516.74179
-516.73861
-516.72156
-516.695
-516.66186
-516.38472
-540.11983
-540.11992
-540.11994
-540.11967
-540.11853
-540.11549
-540.10912
-540.09791
-540.08097
-540.05729
-540.01645
-543.51629
-543.51618
-543.51583
-543.51482
-543.51248
-543.50816
-543.50105
-543.48965
-543.47244
-543.44849
-543.41292
-538.27613
-538.27656
-538.27667
-538.27544
-538.27107
-538.26043
-538.2387
-538.19966
-538.13697
-538.04278
-537.88488
-538.27373
-538.27421
-538.27439
-538.27332
-538.26936
-538.25981
-538.24071
-538.20691
-538.15337
-538.0753
-537.94637
-16.910169
-16.909787
-16.909221
-16.908385
-16.90716
-16.905437
-16.903484
-16.903376
-16.910531
-16.928943
-16.946504
-5.9607271
-5.9601409
-5.9593335
-5.958355
-5.9570711
-5.955103
-5.9514444
-5.9439288
-5.929351
-5.9043535
-5.8437957
112.65999
112.66022
112.66053
112.66098
112.66176
112.66331
112.66657
112.67291
112.68294
112.69641
112.73764
105.60917
105.60938
105.60968
105.6101
105.61077
105.61202
105.61456
105.6198
105.62953
105.64668
105.699
170.15292
170.15228
170.15146
170.15052
170.14947
170.14832
170.14706
170.14546
170.14135
170.13261
170.178
166.90115
166.90105
166.90091
166.90083
166.901
166.9019
166.90487
166.91307
166.93133
166.96534
167.05484
166.69081
166.6909
166.69106
166.69129
166.69167
166.69238
166.69385
166.69691
166.70268
166.71344
166.74529
98.095493
98.095766
98.096172
98.096778
98.097797
98.099657
98.103194
98.109827
98.121113
98.137301
98.171871
90.907587
90.907948
90.908423
90.908976
90.909717
90.910972
90.91356
90.919158
90.929751
90.945688
90.979108
82.362317
82.362752
82.363325
82.364109
82.365366
82.367748
82.372961
82.384722
82.408232
82.447929
82.526953
164.18557
164.18587
164.18627
164.18674
164.18741
164.18848
164.19028
164.19307
164.19768
164.20676
164.22
162.49665
162.4968
162.49698
162.49727
162.49786
162.4992
162.50242
162.51024
162.52628
162.55338
162.60928
164.3072
164.30737
164.30771
164.30826
164.30921
164.31094
164.31431
164.3212
164.336
164.36609
164.40829
-532.46564
-532.46512
-532.46399
-532.46139
-532.45564
-532.44466
-532.42558
-532.38857
-532.32678
-532.26085
-532.21645
-532.6041
-532.60386
-532.60318
-532.60142
-532.59717
-532.58754
-532.56724
-532.52869
-532.46445
-532.36014
-532.14821
159.09043
159.09037
159.0903
159.09027
159.09038
159.09109
159.09384
159.10096
159.11481
159.13741
159.18551
158.25403
158.25421
158.25444
158.25481
158.25553
158.2569
158.25957
158.26617
158.28314
158.31937
158.38591
160.5371
160.53743
160.53797
160.53876
160.54005
160.54229
160.54631
160.55362
160.56779
160.59487
160.62426
158.15064
158.15132
158.15223
158.15337
158.15496
158.15737
158.16067
158.16362
158.16429
158.16149
158.10792
274.69585
274.69569
274.69547
274.69518
274.69485
274.69454
274.69447
274.69495
274.69586
274.69254
274.66433
285.53596
285.53545
285.53472
285.53365
285.53186
285.52877
285.52328
285.51335
285.49749
285.47226
285.41324
294.25418
294.25468
294.25519
294.25541
294.25548
294.25766
294.26414
294.27694
294.29831
294.32089
294.3082
-541.1265
-541.12683
-541.12727
-541.12783
-541.12816
-541.12588
-541.11586
-541.09327
-541.05929
-541.01878
-540.92482
-547.22263
-547.22225
-547.22145
-547.21895
-547.21253
-547.199
-547.17291
-547.12721
-547.05833
-546.96175
-546.79329
-533.68149
-533.68142
-533.68087
-533.67868
-533.67236
-533.65751
-533.62801
-533.57832
-533.50788
-533.41944
-533.28817
-532.88989
-532.8901
-532.89003
-532.88887
-532.88516
-532.87627
-532.85792
-532.82439
-532.76976
-532.6901
-532.57457
-531.51576
-531.51602
-531.51618
-531.5158
-531.51396
-531.50907
-531.49874
-531.4798
-531.44884
-531.40017
-531.31033
-398.7903
-398.78947
-398.788
-398.78507
-398.77865
-398.76492
-398.73801
-398.69128
-398.61999
-398.52147
-398.38521
-401.67147
-401.67056
-401.66903
-401.66615
-401.6599
-401.64686
-401.62241
-401.58158
-401.52075
-401.43668
-401.31342
-405.64346
-405.64309
-405.64219
-405.63963
-405.63298
-405.62005
-405.60082
-405.57492
-405.53886
-405.48959
-405.42478
-391.32313
-391.3219
-391.32034
-391.31862
-391.31649
-391.31331
-391.30797
-391.29931
-391.28601
-391.27102
-391.28933
-569.17254
-569.1728
-569.17278
-569.1718
-569.16877
-569.16225
-569.1507
-569.1316
-569.10056
-569.05176
-568.9873
-577.11968
-577.11976
-577.11977
-577.11948
-577.11844
-577.11583
-577.11042
-577.10121
-577.08811
-577.07131
-577.05186
-582.88506
-582.8852
-582.88522
-582.88487
-582.8837
-582.88097
-582.87555
-582.86638
-582.85256
-582.83263
-582.80491
-243.55381
-243.5533
-243.55266
-243.55163
-243.54966
-243.54591
-243.53962
-243.53061
-243.52005
-243.5139
-243.52472
-243.61893
-243.61936
-243.61971
-243.61964
-243.61851
-243.61485
-243.60544
-243.58695
-243.55998
-243.52225
-243.39875
-250.452
-250.45209
-250.45201
-250.45125
-250.44896
-250.44389
-250.43462
-250.41837
-250.39073
-250.34513
-250.24951
-97.895763
-97.895606
-97.895342
-97.894964
-97.894395
-97.89337
-97.890711
-97.882749
-97.863977
-97.830032
-97.734123
-78.012311
-78.012067
-78.011676
-78.011095
-78.010076
-78.008036
-78.004235
-77.999803
-77.99919
-78.001285
-77.967144
-529.23687
-529.23773
-529.23847
-529.23827
-529.2361
-529.23044
-529.21883
-529.19758
-529.16367
-529.1161
-529.02366
-527.77997
-527.77996
-527.77965
-527.77856
-527.77601
-527.77311
-527.77132
-527.77043
-527.7695
-527.7648
-527.76467
351.89205
351.89573
351.89933
351.90089
351.899
351.89188
351.88247
351.89001
351.95755
352.12221
352.27831
329.16272
329.16302
329.16359
329.16469
329.16664
329.17001
329.17621
329.18841
329.21206
329.25846
329.39271
312.5874
312.5897
312.59257
312.59559
312.59872
312.60205
312.60668
312.61715
312.64395
312.70014
312.79973
-510.8122
-510.81147
-510.80992
-510.80636
-510.79817
-510.78058
-510.74594
-510.68362
-510.58035
-510.42027
-510.18904
-514.28511
-514.28448
-514.28317
-514.28019
-514.27336
-514.25858
-514.2292
-514.17563
-514.08567
-513.94482
-513.73908
45.356487
45.357155
45.358044
45.359121
45.360526
45.362628
45.366406
45.374217
45.390575
45.421759
45.480037
-519.30442
-519.30427
-519.30387
-519.30283
-519.30026
-519.29455
-519.28298
-519.26155
-519.22629
-519.17479
-519.10345
-518.73254
-518.73247
-518.73212
-518.73094
-518.72786
-518.72097
-518.70743
-518.6836
-518.64605
-518.59164
-518.50924
-518.4319
-518.43186
-518.43155
-518.43039
-518.42725
-518.42017
-518.40624
-518.38198
-518.34453
-518.29137
-518.21036
-566.34413
-566.34056
-566.33084
-566.30456
-566.24131
-566.10812
-565.85965
-565.4414
-564.7902
-563.82632
-562.47583
-559.6584
-559.65467
-559.6437
-559.61311
-559.53901
-559.38315
-559.09268
-558.60165
-557.83041
-556.68047
-555.06262
-550.75864
-550.75477
-550.74223
-550.70585
-550.61675
-550.4284
-550.07604
-549.48182
-548.55698
-547.19214
-545.278
-537.89033
-537.8863
-537.87162
-537.82759
-537.71944
-537.49203
-537.06964
-536.36017
-535.2558
-533.62059
-531.30295
-748.72223
-748.72405
-748.72603
-748.72739
-748.72775
-748.72713
-748.72671
-748.72814
-748.72974
-748.72306
-748.71033
-776.09576
-776.09943
-776.10394
-776.10918
-776.11669
-776.12964
-776.15305
-776.1916
-776.24463
-776.30015
-776.34136
-535.79961
-535.79965
-535.79943
-535.79827
-535.79462
-535.78531
-535.7643
-535.72245
-535.65094
-535.54065
-535.34095
-535.59164
-535.59231
-535.59286
-535.59249
-535.58972
-535.58159
-535.56247
-535.52374
-535.45611
-535.34888
-535.15324
-538.41683
-538.41607
-538.41469
-538.41175
-538.4048
-538.3895
-538.36002
-538.31051
-538.23647
-538.13262
-537.99432
-538.8185
-538.81812
-538.81726
-538.81534
-538.81118
-538.80245
-538.78483
-538.75176
-538.6966
-538.61725
-538.51901
-338.32775
-338.32499
-338.31704
-338.29524
-338.24303
-338.13339
-337.92791
-337.57801
-337.02545
-336.19858
-335.03322
-357.75342
-357.75076
-357.74357
-357.72432
-357.6783
-357.58142
-357.39972
-357.09096
-356.605
-355.87859
-354.85391
-517.81938
-517.81938
-517.81915
-517.81818
-517.81551
-517.80945
-517.79737
-517.77584
-517.74241
-517.69548
-517.62267
-517.30179
-517.30181
-517.3016
-517.30066
-517.298
-517.292
-517.28023
-517.25947
-517.22643
-517.17827
-517.10079
166.77148
166.77123
166.77088
166.77048
166.77003
166.76934
166.76768
166.76267
166.74905
166.72019
166.67782
170.30804
170.30739
170.3066
170.30581
170.30513
170.30485
170.30562
170.30826
170.31256
170.31996
170.3703
168.52977
168.52967
168.52948
168.52926
168.52899
168.52861
168.528
168.52728
168.52711
168.52728
168.52963
-535.8777
-535.8764
-535.87495
-535.87322
-535.87019
-535.86222
-535.84581
-535.82084
-535.78796
-535.7514
-535.74554
-513.40443
-513.40525
-513.40527
-513.403
-513.39592
-513.38053
-513.35377
-513.31324
-513.25491
-513.16219
-512.97582
126.28929
126.2897
126.29034
126.2912
126.29242
126.29436
126.29761
126.3029
126.31196
126.33687
126.41391
136.16292
136.16361
136.16449
136.16552
136.16674
136.16832
136.17077
136.17563
136.18588
136.20866
136.2805
-563.63601
-563.63543
-563.6342
-563.63141
-563.62482
-563.61005
-563.57932
-563.52084
-563.41946
-563.25653
-563.0024
-567.25221
-567.25123
-567.24937
-567.24543
-567.23659
-567.21746
-567.179
-567.10818
-566.98878
-566.80137
-566.52083
-570.19576
-570.19459
-570.19245
-570.18807
-570.17843
-570.15778
-570.11659
-570.04128
-569.91479
-569.7161
-569.41996
-270.37162
-270.37136
-270.37084
-270.36967
-270.36688
-270.36058
-270.34764
-270.32379
-270.28519
-270.2295
-270.14589
-275.19667
-275.19631
-275.19564
-275.19424
-275.19106
-275.18403
-275.16958
-275.14259
-275.09847
-275.03475
-274.94156
-279.36483
-279.36428
-279.36341
-279.36185
-279.35858
-279.35141
-279.33644
-279.3083
-279.26233
-279.19564
-279.09874
-59.387901
-59.387908
-59.387982
-59.388111
-59.388336
-59.388891
-59.390555
-59.395059
-59.404965
-59.424741
-59.459565
-60.929752
-60.930446
-60.931164
-60.931523
-60.930837
-60.928007
-60.921471
-60.909536
-60.892105
-60.865736
-60.758707
3.5641621
3.5652536
3.5666586
3.5683753
3.5707448
3.574492
3.5809238
3.5920089
3.6106456
3.6370386
3.6415307
0.47596309
0.47641924
0.47711937
0.47814686
0.4798258
0.48278906
0.48802755
0.49669744
0.51032394
0.53063896
0.5509769
-526.9614
-526.96338
-526.9652
-526.96566
-526.96288
-526.9541
-526.93549
-526.90234
-526.85196
-526.77525
-526.55435
-533.76142
-533.76266
-533.76402
-533.7648
-533.76464
-533.76395
-533.76467
-533.76934
-533.78078
-533.80205
-533.77799
-523.4108
-523.40608
-523.38977
-523.34091
-523.21921
-522.95933
-522.47031
-521.64082
-520.34055
-518.40508
-515.66252
-504.27492
-504.26836
-504.24595
-504.18
-504.01933
-503.68313
-503.06092
-502.01876
-500.40001
-498.00655
-494.65187
-472.2706
-472.2631
-472.23499
-472.15109
-471.94837
-471.52923
-470.76175
-469.48482
-467.50082
-464.56897
-460.56215
-199.90994
-199.88124
-199.77949
-199.48822
-198.81044
-197.45856
-195.09317
-191.43794
-186.37354
-179.86672
-172.04272
-60.071856
-60.017587
-59.840847
-59.360937
-58.303634
-56.330833
-53.134603
-48.542508
-42.505593
-35.026528
-26.41419
168.51794
168.59402
168.86143
169.56942
171.03556
173.58315
177.44967
182.74009
189.47726
197.61822
206.96223
217.34792
217.34682
217.34567
217.34473
217.34421
217.3446
217.34638
217.34897
217.3505
217.35409
217.39155
211.29347
211.29393
211.2943
211.29451
211.29466
211.29483
211.29532
211.29785
211.30588
211.31692
211.30632
221.25213
221.25203
221.25184
221.25146
221.25074
221.24947
221.24736
221.24429
221.24023
221.2324
221.20918
227.27496
227.27438
227.27372
227.27323
227.27312
227.27386
227.27637
227.28262
227.29654
227.3228
227.35288
-532.60159
-532.60117
-532.60005
-532.59701
-532.59001
-532.57643
-532.55408
-532.52097
-532.47284
-532.40724
-532.35798
-528.65319
-528.65319
-528.6529
-528.65188
-528.64902
-528.64247
-528.62961
-528.6073
-528.57295
-528.52143
-528.42104
-533.16794
-533.16774
-533.167
-533.16525
-533.16126
-533.15186
-533.13192
-533.09523
-533.04031
-532.96964
-532.83159
-531.27322
-531.27279
-531.27191
-531.26912
-531.26194
-531.24731
-531.22211
-531.18386
-531.1278
-531.05037
-530.99628
1194.7575
1194.6182
1194.4813
1194.4104
1194.4437
1194.5858
1194.8103
1195.0916
1195.358
1195.1954
1194.1969
287.29973
286.48445
285.48219
284.32935
283.02875
281.58155
279.99653
278.2798
276.40394
274.20061
271.60059
219.22888
219.21757
219.20529
219.19743
219.19688
219.20597
219.22275
219.23363
219.20864
219.1553
219.46797
217.55366
217.55659
217.55981
217.56219
217.56329
217.5635
217.56649
217.58345
217.6325
217.7254
217.85791
156.99571
156.99594
156.99619
156.99642
156.99662
156.99673
156.99663
156.99651
156.99727
156.99634
156.97173
159.10213
159.10205
159.10201
159.10209
159.10244
159.10342
159.10612
159.11327
159.12971
159.16063
159.21613
158.67212
158.67238
158.67278
158.67338
158.67443
158.67637
158.67969
158.68436
158.68997
158.6964
158.69226
250.3209
249.63685
248.7907
247.80451
246.66909
245.37647
243.93685
242.36899
240.65463
238.65599
236.48383
1263.382
1263.2808
1263.1535
1263.0104
1262.8437
1262.6359
1262.3626
1261.9782
1261.3824
1260.5211
1259.7301
-428.86077
-428.85872
-428.85412
-428.84313
-428.81785
-428.76498
-428.66523
-428.494
-428.22159
-427.81095
-427.23206
-439.88498
-439.88294
-439.87865
-439.86886
-439.84674
-439.80062
-439.71314
-439.56167
-439.31873
-438.94892
-438.41968
-40.723132
-40.722359
-40.721274
-40.719753
-40.717322
-40.712831
-40.703462
-40.683452
-40.645058
-40.582448
-40.489414
-42.47224
-42.471374
-42.469995
-42.467876
-42.464237
-42.457653
-42.446395
-42.429046
-42.402227
-42.358809
-42.316917
-51.850746
-51.849682
-51.848231
-51.84631
-51.843433
-51.839137
-51.834705
-51.835701
-51.847456
-51.871851
-51.982838
-513.28815
-513.28745
-513.28631
-513.28429
-513.28031
-513.2725
-513.25867
-513.23683
-513.20427
-513.15817
-513.12363
-514.87007
-514.86953
-514.86865
-514.86707
-514.86387
-514.85735
-514.84496
-514.82372
-514.79044
-514.74316
-514.69785
162.95327
162.95294
162.95256
162.95231
162.95244
162.95353
162.95685
162.96501
162.98208
163.01412
163.08512
165.75729
165.75735
165.75748
165.75774
165.75824
165.75929
165.76172
165.76756
165.7808
165.80678
165.84402
166.91467
166.91498
166.91543
166.91607
166.91707
166.9186
166.92022
166.91947
166.91156
166.89042
166.82369
-578.78062
-578.77857
-578.77478
-578.76705
-578.75023
-578.71508
-578.64726
-578.5275
-578.33238
-578.03312
-577.60339
-579.90073
-579.89852
-579.8944
-579.8859
-579.86735
-579.82866
-579.75441
-579.6242
-579.41325
-579.08998
-578.6225
-580.47445
-580.47213
-580.46758
-580.4577
-580.43568
-580.38967
-580.30199
-580.14959
-579.90473
-579.53245
-579.00137
-291.13198
-291.12904
-291.11938
-291.09127
-291.02245
-290.87671
-290.60275
-290.136
-289.39931
-288.30381
-286.78975
-315.45342
-315.45068
-315.44176
-315.41615
-315.35418
-315.22428
-314.98222
-314.57292
-313.93081
-312.9755
-311.63661
-476.81226
-476.81152
-476.80965
-476.80494
-476.79353
-476.76835
-476.71817
-476.62742
-476.47496
-476.22973
-475.87649
-485.83078
-485.82976
-485.82734
-485.82144
-485.80792
-485.77987
-485.72697
-485.63568
-485.48962
-485.26776
-484.95008
-572.91933
-572.91799
-572.9155
-572.91035
-572.89904
-572.87506
-572.82793
-572.74296
-572.60208
-572.38384
-572.06649
-574.57095
-574.56955
-574.56685
-574.56117
-574.54863
-574.52207
-574.47011
-574.37694
-574.22287
-573.98313
-573.63161
-576.85313
-576.8514
-576.84827
-576.84198
-576.82835
-576.79973
-576.74395
-576.64424
-576.47986
-576.22511
-575.85595
-533.08076
-533.0832
-533.08588
-533.08804
-533.09002
-533.09468
-533.10833
-533.1368
-533.17865
-533.22768
-533.26289
-531.63712
-531.63752
-531.63751
-531.63609
-531.63153
-531.62059
-531.6066
-531.59957
-531.59881
-531.60192
-531.6853
676.72868
676.77685
676.92816
677.30872
678.06995
679.35859
681.27397
683.83941
687.01771
690.79637
695.19224
461.61854
461.65845
461.79186
462.14378
462.88142
464.18955
466.22425
469.07323
472.77103
477.34075
482.56247
55.988216
55.988773
55.989517
55.990403
55.991525
55.993109
55.995807
56.001331
56.013127
56.036294
56.079456
66.444464
66.445263
66.446302
66.447503
66.448953
66.450866
66.453825
66.459205
66.469607
66.489313
66.522981
301.64355
301.64472
301.6465
301.64982
301.65629
301.66676
301.68446
301.71613
301.76573
301.82979
301.8924
322.89685
322.89284
322.88756
322.88059
322.86965
322.8499
322.81445
322.7633
322.6981
322.59937
322.42781
344.45227
344.45361
344.45402
344.44958
344.43354
344.39523
344.31842
344.17761
343.96433
343.68222
343.27294
319.26596
319.2834
319.31311
319.36748
319.4684
319.64619
319.93476
320.35446
320.8782
321.46459
322.13043
-353.14993
-353.14979
-353.14964
-353.14934
-353.14863
-353.14686
-353.14208
-353.12928
-353.09962
-353.04199
-352.87591
-401.36761
-401.36828
-401.36797
-401.36533
-401.35923
-401.34684
-401.32439
-401.29182
-401.25161
-401.202
-401.09966
-423.87384
-423.87311
-423.87198
-423.86915
-423.86132
-423.8443
-423.8147
-423.76949
-423.70811
-423.62816
-423.49668
-423.27698
-423.27701
-423.27699
-423.2768
-423.27569
-423.27127
-423.25834
-423.23213
-423.19275
-423.1352
-422.99053
-522.42341
-522.42353
-522.42356
-522.4232
-522.42199
-522.41957
-522.41632
-522.41281
-522.4071
-522.38918
-522.35335
-521.84932
-521.84871
-521.84747
-521.84469
-521.83856
-521.82686
-521.80837
-521.78262
-521.74715
-521.70593
-521.70517
-532.09394
-532.09509
-532.09612
-532.09601
-532.09327
-532.08572
-532.07058
-532.04434
-532.00181
-531.93307
-531.80265
-533.00047
-533.00131
-533.00198
-533.00152
-532.99837
-532.98999
-532.97294
-532.94298
-532.89476
-532.81818
-532.67546
198.18468
198.18508
198.18564
198.18634
198.18733
198.18894
198.19191
198.19776
198.20952
198.23282
198.26896
192.23839
192.23896
192.23969
192.24055
192.24165
192.24327
192.24601
192.2511
192.26071
192.27713
192.29659
189.49433
189.49469
189.49518
189.49578
189.49665
189.49806
189.50058
189.50509
189.51279
189.52497
189.53915
233.42077
233.42144
233.42232
233.42335
233.42465
233.42651
233.42977
233.43616
233.44863
233.47299
233.52826
222.25057
222.25108
222.25176
222.25257
222.25361
222.25515
222.25783
222.2627
222.27091
222.28627
222.33142
189.26842
189.26828
189.26809
189.26791
189.26781
189.26777
189.26798
189.26922
189.27308
189.28203
189.30256
191.93586
191.93589
191.9359
191.93593
191.93605
191.93672
191.93899
191.94546
191.96175
191.99606
192.04942
198.89054
198.89064
198.89089
198.89135
198.89223
198.89398
198.89751
198.90459
198.91889
198.94544
198.97513
-513.24972
-513.24956
-513.24917
-513.24809
-513.24537
-513.23937
-513.22774
-513.2077
-513.17665
-513.13207
-513.06784
-512.87878
-512.87868
-512.87833
-512.87736
-512.87511
-512.87055
-512.86199
-512.84703
-512.82349
-512.79002
-512.73986
-465.70766
-465.7062
-465.70307
-465.69595
-465.67985
-465.64613
-465.5816
-465.46882
-465.28881
-465.02637
-464.68119
-475.8912
-475.88938
-475.88615
-475.87959
-475.86532
-475.83551
-475.77817
-475.6774
-475.51314
-475.25645
-474.85688
-511.5483
-511.55039
-511.55294
-511.55561
-511.55937
-511.56811
-511.59094
-511.6408
-511.7278
-511.84917
-511.88731
-509.40539
-509.40625
-509.40703
-509.4072
-509.40651
-509.40659
-509.41454
-509.44254
-509.49954
-509.58673
-509.67627
-488.65644
-488.65733
-488.65811
-488.65789
-488.65523
-488.64757
-488.63064
-488.59836
-488.54446
-488.45972
-488.2894
-494.9143
-494.91506
-494.91568
-494.91527
-494.91233
-494.90419
-494.88648
-494.853
-494.79735
-494.71044
-494.54181
-499.54837
-499.54927
-499.55006
-499.54988
-499.54729
-499.53967
-499.52264
-499.48986
-499.43441
-499.34579
-499.16974
-538.52137
-538.52156
-538.52144
-538.52045
-538.51781
-538.51247
-538.50397
-538.49231
-538.46965
-538.41165
-538.30807
-538.37373
-538.37385
-538.37327
-538.37039
-538.36239
-538.34545
-538.31347
-538.25703
-538.17093
-538.05975
-537.89903
-527.35168
-527.35173
-527.35114
-527.34885
-527.34345
-527.33305
-527.31468
-527.28288
-527.22989
-527.15019
-527.03987
-534.21271
-534.21246
-534.2119
-534.21032
-534.20583
-534.19413
-534.16779
-534.11676
-534.02964
-533.88559
-533.60777
-527.38949
-527.38853
-527.38699
-527.38412
-527.37865
-527.36963
-527.35788
-527.34554
-527.33316
-527.32469
-527.34604
-522.9735
-522.97273
-522.97156
-522.96964
-522.96567
-522.95694
-522.93894
-522.90562
-522.85132
-522.77243
-522.66196
-525.14784
-525.14772
-525.14718
-525.14526
-525.1398
-525.12644
-525.09823
-525.05177
-524.98793
-524.89664
-524.71461
-365.63374
-365.63359
-365.63328
-365.63157
-365.62692
-365.61802
-365.60013
-365.56596
-365.51468
-365.43756
-365.23444
-366.03435
-366.03427
-366.03399
-366.03368
-366.03241
-366.02613
-366.00903
-365.97463
-365.91647
-365.82901
-365.6673
-649.46329
-649.46272
-649.4617
-649.45972
-649.45606
-649.44982
-649.44151
-649.43213
-649.41671
-649.37672
-649.30714
181.34602
181.34599
181.34598
181.34606
181.34632
181.34705
181.34878
181.35257
181.35988
181.37219
181.38966
183.21204
183.21212
183.21224
183.21244
183.21283
183.21357
183.21475
183.21609
183.21678
183.21472
183.19804
186.37431
186.37415
186.37396
186.37377
186.37364
186.37364
186.3737
186.37334
186.37119
186.3656
186.35726
-580.1516
-580.14923
-580.14424
-580.13292
-580.10744
-580.05446
-579.95433
-579.78176
-579.50642
-579.09131
-578.51184
-580.6573
-580.6545
-580.649
-580.63693
-580.60965
-580.55207
-580.44186
-580.25043
-579.94351
-579.47652
-578.80767
-582.24821
-582.24481
-582.23793
-582.22249
-582.18774
-582.11555
-581.97973
-581.74745
-581.37981
-580.82476
-580.02152
-523.84852
-523.84805
-523.84701
-523.84446
-523.83841
-523.82514
-523.79863
-523.75034
-523.66974
-523.54547
-523.36522
-526.64891
-526.6486
-526.64793
-526.64622
-526.64178
-526.63113
-526.60842
-526.56572
-526.49343
-526.37963
-526.21955
-553.95248
-553.95183
-553.95104
-553.95005
-553.94772
-553.93743
-553.91057
-553.85923
-553.76967
-553.62054
-553.38911
-557.56819
-557.56752
-557.56627
-557.5635
-557.55678
-557.54108
-557.50728
-557.44267
-557.33576
-557.17214
-556.88591
-560.19053
-560.19029
-560.18943
-560.18689
-560.18045
-560.16588
-560.13585
-560.07955
-559.98388
-559.83273
-559.58867
186.0693
186.07213
186.07545
186.07831
186.0803
186.08114
186.08224
186.09011
186.11785
186.18142
186.29576
195.05734
195.04584
195.03284
195.02269
195.01704
195.01754
195.02402
195.02963
195.01535
194.99373
195.30297
-197.40247
-197.40155
-197.40009
-197.39774
-197.39341
-197.38527
-197.37117
-197.34922
-197.31586
-197.26664
-197.23649
-204.28781
-204.28697
-204.28571
-204.28375
-204.28019
-204.27362
-204.26294
-204.24822
-204.22785
-204.19851
-204.19815
-210.00192
-210.00149
-210.00071
-209.99914
-209.99574
-209.98897
-209.97763
-209.96153
-209.93995
-209.91363
-209.90992
-512.95047
-512.9502
-512.94962
-512.94829
-512.94523
-512.9388
-512.92673
-512.90651
-512.87572
-512.83213
-512.77752
-512.72402
-512.7239
-512.72362
-512.723
-512.72159
-512.71837
-512.71152
-512.69825
-512.67518
-512.63951
-512.59109
-512.76994
-512.76996
-512.76973
-512.76869
-512.76566
-512.75877
-512.74564
-512.72411
-512.69337
-512.65194
-512.57966
-591.13295
-591.13295
-591.13289
-591.13256
-591.13135
-591.12807
-591.12048
-591.1053
-591.08401
-591.05319
-590.86542
454.80215
454.91699
455.27091
456.13176
457.7922
460.49858
464.3795
469.4299
475.58489
482.87417
491.21755
856.62301
856.62724
856.74754
857.14218
857.97538
859.37996
861.40527
863.97548
866.97337
870.69142
875.64249
-531.99113
-531.99155
-531.99155
-531.99009
-531.9855
-531.97569
-531.95918
-531.93556
-531.90448
-531.86242
-531.76859
-533.18387
-533.18377
-533.18323
-533.1813
-533.17623
-533.16586
-533.1502
-533.13754
-533.13031
-533.10403
-533.06512
-4.352851
-73.323512
32.221827
-2.3874904
-410.96666
-90.152625
-513.10979
163.04455
145.17266
-228.31859
-5.7375482
-508.07413
3.6144433
-10.18607
91.936249
-382.10473
-505.24259
28.588048
15.173715
323.9809
-327.74225
1.0364392
-319.68709
-24.357843
5.6465183
127.51655
-399.63722
3.8916135
-490.50481
140.6313
-3.2393744
-590.84275
6.3932505
-509.23592
-512.71855
16.583149
-243.9501
-298.32025
-184.26037
-259.74683
103.99617
150.811
-158.96663
-166.1495
433.32485
-88.968928
143.02118
-454.25509
-334.3396
138.34138
-2.6367728
-82.023548
-198.48425
-165.30058
156.09376
-484.13946
20.975334
-121.1595
91.5051
22.835103
-178.25923
159.03705
-200.77517
-100.81235
-261.50372
-459.64554
190.12688
-391.73149
137.09483
40.406625
15.89381
80.705592
-456.12531
-465.22538
-455.74374
-335.01801
-43.403491
-170.7327
9.4969637
32.486748
-173.01342
-0.28892423
61.702445
147.50866
3.6093808
19.669115
8.1245659
258.30362
13.465714
161.7745
-337.83882
-13.732538
-155.00441
-41.686081
-290.55324
11.579923
102.45501
-60.072516
161.46987
27.770462
-52.58052
161.72743
-24.989263
14.100054
0.056189107
48.603383
161.21849
-0.26214384
185.89491
-336.05655
169.59676
-53.902376
28.815599
33.580312
4.5335756
-22.62093
113.85731
26.390324
-0.93951055
14.740282
-337.55103
9.2595613
20.803837
185.72796
-185.14992
-482.84073
168.08008
-0.10380769
149.48182
209.66399
-244.72203
174.17897
4.4046808
-184.83452
-456.13519
-326.78078
186.98151
160.60049
9.850317
269.49135
-100.78385
-584.50779
-58.551511
-485.5363
-675.06943
-322.72235
30.725095
160.2673
-8.145135
94.250607
-542.71552
-74.391066
-240.49528
464.06003
6.404613
-94.062169
-76.510159
21.382265
153.59386
-0.31232023
140.95453
134.04463
-33.661424
-35.691266
-279.48797
75.087787
-7.3961709
-285.06466
-448.6751
137.34847
-201.93911
172.3094
-749.21296
113.57362
70.3895
104.74394
-17.433033
-89.227335
-163.07214
-264.66431
159.52067
-455.97916
156.61117
-245.36512
-291.26948
-262.46139
204.42146
-75.380065
231.18495
-22.039534
-741.37133
42.403933
-0.97056506
228.87994
-45.898323
-208.60254
-31.209043
147.97433
-13.715274
430.72129
739.98733
-525.64762
188.27748
9.5211489
-531.16475
-119.13666
128.96426
7.7985162
-448.61204
40.813037
-3.6406749
-205.93256
-349.76987
12.09552
452.2795
146.14896
17.212314
-74.930254
-0.23900665
9.422667
114.62443
-485.24579
-518.24421
-322.33096
-385.46999
8.2525784
-98.283347
-3.4737874
-250.82332
-270.13492
21.793567
-136.15345
-126.13003
-444.61914
190.48565
-403.0641
58.026486
-337.1783
123.72527
328.26274
-44.759787
-368.0495
-39.757105
-300.76951
9.3420642
-297.40225
177.80927
160.12369
319.07911
-366.92104
16.705982
-19.64595
-360.22314
-0.76897907
0.053711046
-245.47402
-326.92917
-109.51838
-7.6661221
-147.72365
61.485705
150.64906
-516.72441
-385.43524
-484.37198
52.723025
-236.32605
231.06978
-455.3172
-67.653119
40.115284
-264.14301
172.62435
-270.13269
-55.097807
-389.21108
-241.29088
-296.54779
279.60048
112.13447
-0.28965726
-1.6023875
-271.46233
-516.02963
7.3440661
-71.253785
-755.56315
-356.66114
-3.9410179
69.319281
18.149054
-218.17961
150.78721
-5.8888574
167.79628
-319.60213
-75.619361
12.800281
-173.86572
-23.213939
105.63393
90.635762
-495.14359
-42.318652
2.8339869
75.508986
-104.66311
135.16604
-170.61759
15.829234
135.43824
-238.75141
-2.4374632
117.0907
12.494326
-398.52633
8.9363484
-329.15567
-219.54139
-194.16572
-281.15255
-499.24743
6.8985417
-230.55217
137.1189
199.06064
-272.69321
162.26958
82.211679
-449.72546
144.13385
190.88631
-124.92095
-170.20444
169.05956
23.181897
-86.649307
-243.8383
-187.15623
16.433087
-478.16525
-379.60481
-363.53925
171.17963
-538.40739
-342.56363
164.61599
2.8051346
37.393601
-479.20442
-2.9995692
-274.98015
450.1826
-0.60506577
111.26277
-349.6032
-298.02849
188.08779
209.31297
-208.45828
351.0194
-240.94988
-258.74467
10.682002
-285.95525
-29.052294
267.981
-28.993064
4.176476
-460.08541
148.45308
437.60767
-310.69612
15.66777
205.80535
183.22661
167.75173
22.381584
195.91787
3.8174154
127.48479
-381.69386
-92.427593
-103.36433
-78.988778
-2.0223739
-327.73403
-37.531149
232.52195
194.39248
-227.83967
168.5788
75.77991
88.251497
-186.34343
175.97279
-140.78824
-5.3585305
-330.34274
-487.79353
432.18068
116.48355
-407.15092
-24.293596
195.68666
44.539398
-255.77368
-373.35715
168.67484
-445.68048
-165.50222
-414.91145
-107.00081
-394.61151
-466.28053
-33.559601
-411.35595
-116.96881
-71.374318
1.9410083
49.968731
-158.64946
8.1598541
-2.8605859
115.72745
66.894266
70.176935
-62.310154
-233.25928
271.43885
75.127357
424.85247
-173.59045
34.976057
-260.97761
-83.849004
-331.9141
-243.84961
-170.66361
-59.910124
-499.12125
235.98829
207.38523
87.516221
-486.55559
-32.905149
6.9878508
-28.749892
173.2425
422.47919
92.640707
196.49293
-494.66739
-2.3718201
-0.48639938
-422.35727
5.2557984
-531.55112
110.19557
-330.77608
7.3070902
-8.4287113
-225.09216
-10.843524
-75.304687
141.95235
-37.596387
93.013174
-168.10754
16.64373
166.01665
-500.20948
-15.580032
-44.330616
35.403755
-473.7665
145.87429
253.92462
-261.18427
-316.75477
-90.678989
80.864162
20.981238
-103.30978
217.69509
-334.19819
-457.90526
-377.07818
-371.54739
6.2351383
-235.88709
-95.412548
1.2568855
-50.746624
-503.55795
151.11298
-482.83909
-531.0865
-272.34749
-486.70842
-121.13667
-464.46614
-151.32324
-494.15408
-510.05467
-83.282859
-460.67292
-508.37131
87.005142
9.2062644
-181.03467
162.36663
-238.29475
-384.11841
-181.66483
-39.778272
102.56935
42.351479
-67.486405
-12.373156
-11.411539
10.909
8.9058678
-457.66225
-111.63873
182.10522
-261.52689
-1.7130392
-477.53767
-397.06228
-294.44116
31.886087
-2.4383582
15.887518
-545.32469
-6.7715995
-2.7779396
-208.4087
-584.29493
151.43814
-512.08219
-85.060142
18.617474
-513.78401
-451.37838
-57.521832
11.752432
-8.9688003
150.69047
-506.41169
-222.73796
144.36582
141.54255
-513.67533
-458.70036
-317.42985
13.851079
-7.2624358
-23.936762
-325.20373
25.598712
-6.7549077
-618.87875
172.77115
-471.9638
-493.57565
19.755839
-304.61938
249.56597
-221.92464
85.409076
-69.169022
-91.041141
195.36268
5.464422
182.62404
36.742146
1.2262737
9.7055515
-146.09948
163.17567
168.84708
-5.6003954
275.19267
-441.14784
724.67591
-250.87162
-151.32811
421.0629
-195.37601
212.60597
-12.57802
-327.81897
-509.47912
-526.49482
-516.28245
188.92689
-1.4919564
-487.23284
147.80361
-185.09537
-105.9094
-4.9695613
27.809202
943.88388
-191.88279
34.788263
-26.093336
-201.21321
-82.979036
-92.920286
115.06644
-439.7429
14.637882
188.25066
-388.18685
5.7350857
-388.32143
1001.2552
160.20516
-126.38493
9.4619573
-7.0021918
-282.88966
36.267876
-457.45649
130.10222
-481.82526
-175.66292
-398.82702
173.51415
102.12034
-11.669323
45.490748
495.95952
229.95475
-39.527112
-471.75373
190.78467
-484.88064
-79.901065
-382.25361
86.622909
-73.685491
58.775793
131.32785
-8.9745037
9.7528061
508.30286
-317.37857
9.2023263
-1.4829717
39.069282
-473.1608
-234.3958
-234.18514
-415.07569
-377.9073
-499.95592
-404.02896
-50.60865
-3.412735
162.05328
224.46962
162.73677
13.680868
19.349106
-480.87894
-412.75973
-689.91846
31.537982
6.283328
-51.136935
58.792314
389.3684
-87.695283
-435.65057
-454.75522
170.92788
56.428217
-54.882791
-99.075824
402.44485
-338.88172
-18.431518
-2.8998143
-237.26289
-326.50339
129.14599
45.274542
-361.46163
148.11342
101.70747
-318.54887
4.0405766
-452.79175
-4.4218933
-100.89745
-351.82466
20.900826
-1.0968461
198.25681
253.66563
119.2217
13.301385
31.90313
360.33798
-417.61125
15.575516
-518.48599
-71.072069
-4.0400816
-74.517682
-460.04649
150.30016
213.22247
-192.05841
22.05646
-300.5342
70.15511
-275.72403
425.82171
-65.742797
167.92262
139.08649
2.5055441
-485.732
-19.221401
-416.00784
82.487898
220.20614
209.35898
174.62856
-365.35746
-442.79601
84.874478
-320.05585
-381.06007
-213.91458
53.203097
157.39396
-1.0145913
157.15024
130.8978
192.64812
-0.547791
10.21846
156.71652
-443.34877
177.57474
-1.2947513
-300.90046
-32.475956
187.01496
274.03487
-173.09508
147.08883
20.091831
-140.04929
5.6495121
13.32904
-13.606301
-83.09754
161.96875
-190.36657
69.53403
101.40576
19.954099
-324.87075
-394.25968
-116.08029
211.14937
-489.7031
92.523907
93.46234
174.01337
-303.87608
-53.106266
-7.6220464
-485.70775
-326.40583
160.3241
-486.64768
162.34434
24.558657
254.9704
-244.2951
-246.50337
-98.334818
-0.091947122
-502.66319
135.52602
-8.6946601
46.787514
124.46492
124.53453
61.673635
151.5177
7.5871579
158.6533
-336.49642
-270.58603
214.13605
84.905289
85.534194
-403.8817
-526.23924
-312.97763
-332.96193
-180.06298
-26.527246
166.75955
-4.7968958
-400.80948
-511.53446
-120.95423
25.699625
56.917459
15.71259
167.16829
-520.17565
-238.41363
-71.430627
-181.18967
-267.16757
16.392773
-322.13196
258.90182
-344.12983
-81.919289
-453.06527
188.00242
-82.996221
-246.26614
-489.66683
-122.34443
155.69995
-362.56037
-173.93588
99.525223
149.33857
-274.61898
-452.84767
255.61175
-296.03454
-110.72237
-21.225213
-184.79747
315.11214
121.43779
-185.70584
-234.08249
0.82421214
-413.98873
27.366295
-445.87394
-192.67425
24.950814
-241.94422
123.23824
472.84279
4.3212004
72.823987
4.7675817
20.428378
-227.99235
-57.293475
156.05918
-440.41812
-626.78113
-425.27781
-257.13574
-3.5094061
118.44928
160.37059
-10.821831
67.553403
-52.054811
13.296085
-32.128019
24.32541
-376.36445
369.71524
5.9868297
6.4906363
-428.04757
-321.94777
507.53322
-396.75188
9.1754372
-259.83177
-13.622269
-65.245218
-321.8403
-13.506939
-55.194733
-513.06835
-1.4205151
-20.976516
32.228504
-2.5614354
2.4963379
-433.32618
173.53201
-83.674537
-473.77221
-466.16404
24.989861
-229.02244
-168.95666
-39.749274
-428.08323
-380.20627
-360.24252
-47.722322
-289.36578
-351.27682
-3.1521684
148.13888
-147.52443
-308.50443
167.11873
84.257136
-10.599736
-218.14498
236.0759
-360.81401
-377.90537
-0.37963844
-498.92492
168.5755
-356.36203
-444.07468
208.30061
151.40729
206.13325
-332.07819
34.736141
-228.54093
129.31409
6.5018097
13.041527
-440.37184
-374.66807
10.969518
-417.1302
-354.92886
-447.26573
2.9563849
168.96281
-67.414407
34.458183
168.28524
7.5851538
-68.984175
-243.52329
4.9504179
23.88677
159.18637
-497.7462
0.15631189
-244.31336
160.08885
-799.17108
-383.42311
-765.14648
32.608628
114.53557
-216.76802
-394.41018
-384.05541
-337.03984
-240.1906
84.373958
-85.772428
-18.567184
-457.44015
-511.79032
134.70825
26.399469
162.29293
-339.25423
-450.49584
-289.10511
15.539612
64.118578
3.922208
-518.75389
-478.26522
-86.364791
0.58312191
-78.694073
-294.15554
8.855371
-7.448693
64.581789
493.84937
163.07781
157.14787
-13.420454
102.96734
48.137031
-441.90644
7.8098129
-232.06846
1.9533696
-483.80678
-150.01232
11.89694
9.1715846
-207.01841
-162.42781
-486.8428
0.45001897
-283.50008
-500.11548
209.55296
198.30857
4.1740028
191.74285
-763.00781
33.201355
-485.74917
-445.97353
-313.69364
256.35663
173.3934
-359.29618
62.557727
-66.42282
13.452999
171.83595
194.22309
53.460735
-53.878848
-67.827967
-369.47716
15.637098
-67.737016
-16.464976
-366.99363
-2.5208498
300.07264
-189.57773
64.937072
207.92478
64.271912
9.5677405
-190.70752
132.4715
233.76322
-404.5937
170.1375
105.28201
-321.85152
148.45336
7.9192858
-210.93811
256.70527
-345.20712
-447.56669
-314.91175
-55.499286
0.22316205
-388.27542
3.2011328
-389.69565
-441.98486
347.19157
-112.58014
154.44664
207.70624
-450.4533
-380.04048
-119.59297
-502.57592
-0.5772964
6.1622526
-107.23965
31.869922
-235.59789
285.57955
42.615433
-48.704512
-396.6129
128.68571
-79.016369
-288.33095
-211.29988
-24.571539
156.12259
-88.898216
-539.59294
-69.798108
-31.659884
33.582146
-458.39533
3.7337922
256.70519
2.2068089
-81.279405
155.44968
178.95386
69.127787
-195.77032
-128.63881
498.5805
-377.90166
159.70879
124.27279
-132.76329
-69.030281
-356.54749
-591.39847
-39.717809
-81.714001
-476.40541
-304.29826
15.352255
-240.05326
5.9023323
-180.71993
51.484271
51.343887
-432.02583
-411.01202
-115.85916
26.754849
-7.2333394
-126.57923
-160.28629
-169.43733
177.01176
242.34705
136.59235
36.762706
-144.63105
136.86566
-291.43273
-77.629645
161.48023
-318.84936
304.54451
92.89406
-396.70048
90.474744
205.42379
-536.84528
158.49899
-417.81413
103.74192
-465.09611
19.980067
186.32527
-202.40645
-223.5218
-6.1142711
-118.24038
46.527905
-176.66021
-106.07873
11.481958
11.935299
-509.37562
178.38267
17.079666
-295.33085
83.711101
29.93629
-135.47742
-330.84305
-198.81535
279.04098
-165.94418
51.389472
-12.093345
38.986834
-431.73041
-487.52959
-323.36051
-486.57142
-132.67219
-19.545546
-449.39045
-227.91575
176.16317
-194.60373
-33.63651
-53.864014
166.1494
-177.75101
-449.32817
128.58309
-316.32342
-113.18533
-400.16595
-239.51016
-107.04307
-260.47306
63.606534
-431.75597
13.372315
-175.15135
185.23191
-4.5851862
-18.228911
-63.176339
-504.54542
126.02124
-266.77679
-479.28823
-441.07269
-475.27009
134.35891
180.62792
147.74407
182.69797
-0.65968806
-784.98363
7.232941
-368.62831
193.4723
13.955046
-9.0087941
-455.78764
-160.21219
-48.037043
-250.09596
16.204725
-4.3248319
150.90195
-159.18744
-334.75114
83.962418
2.3205819
-166.15902
164.67071
-366.69322
2.6801496
126.50381
-272.30022
6.1181596
157.70471
166.26693
30.45029
-411.75468
445.6007
-743.0361
809.86179
90.637973
-271.21269
-147.24879
279.76879
-394.30212
-38.635651
-221.23959
-338.32131
-375.06689
30.835198
-2.5550421
-259.25255
-87.593108
1.2044378
-276.26811
-274.36218
-352.51895
156.45596
-272.39686
196.87056
-84.164889
-165.12176
-276.92961
16.051844
173.01151
1.1024121
-457.33315
-438.94285
113.42314
5.5128295
8.8773779
186.74665
-515.24226
36.706883
14.209306
-577.80226
0.23642507
154.49727
215.30058
-244.68624
100.57834
4.646946
-315.53515
-18.906573
144.85864
-154.90144
214.0471
-165.90398
97.742315
89.488169
106.03268
-388.09696
157.60952
161.36745
-141.44518
-167.36082
116.37616
395.43861
175.41469
-503.54627
-122.06452
233.70297
42.849999
13.949663
-456.44819
-441.12397
417.57423
-221.03687
126.58937
-326.3502
-11.626356
-188.02858
17.106413
-522.43838
-214.57849
-373.76106
148.29248
246.71558
1.3832105
-0.68174109
101.54696
51.432729
91.738891
163.56787
-45.761728
212.56271
-250.08534
16.122773
3.5170646
-503.92991
0.087713092
-205.62133
194.41821
-191.19079
-345.46144
-392.91865
-370.3432
-278.82944
-92.069269
-508.72242
-502.41764
104.80545
20.903397
161.32339
-493.42432
-258.37483
-511.67016
-395.9595
-422.58295
269.07849
-388.00611
4.1712527
-3.545918
-447.60294
-828.80731
68.652707
140.75971
153.37027
-340.14728
-110.31007
-515.92709
-199.68383
214.54006
157.01762
-388.71694
-504.8143
-230.96618
-37.481955
51.451762
-374.42669
40.841908
-510.63719
-499.6812
23.507736
-338.57321
468.22962
14.580674
-413.08719
-299.60307
114.7375
-352.9022
1.7955329
-252.23922
-21.384823
-374.81706
-457.8121
-275.45126
-435.59098
33.552879
-109.57756
-519.19036
-766.50656
-520.59759
-574.81492
-414.19369
-48.443268
-494.02638
25.56513
28.463537
16.760385
159.0163
1.9493018
-459.49395
-515.91929
155.64742
-276.8442
412.39528
-420.80075
-509.81235
-321.31181
30.224219
178.8864
438.4708
-50.256135
-140.70826
163.15082
184.27437
-490.83303
-341.90572
-155.32781
-384.31278
6.4929834
-444.42248
-338.43301
22.910044
-311.90703
-252.10757
171.89013
-234.75304
173.09763
-375.96378
-336.96997
-388.15191
-187.38069
-35.451183
-300.62807
369.33401
199.80684
14.952825
-261.51814
100.19094
185.8578
-84.517364
-387.01918
50.145975
180.60545
-30.408319
-51.543349
10.945809
155.58319
17.461347
-163.90879
-488.97735
-3.6764
-5.7680464
-191.95772
-73.525981
97.106053
-683.79668
43.141099
-498.7654
91.49675
171.72175
-349.19372
161.26621
-274.49747
-200.44658
1.5472748
-15.433928
-99.614442
193.91199
328.37937
-220.17124
172.09107
29.795545
-470.20651
160.10128
-489.18177
-451.45469
-130.23142
-292.57905
-2.9675224
159.39234
-503.67345
-467.00454
-39.707559
-203.82487
-490.09889
443.03751
218.76426
-353.66828
166.08935
-580.54312
236.83248
-443.8933
153.03345
-17.284774
-258.39361
4.4146592
67.889205
-452.59831
-99.376366
8.530344
-102.03519
-115.98783
-19.19572
-3.402508
-439.30804
-451.2805
348.20827
-92.941997
-409.67896
129.30247
499.87921
-329.62769
-41.690448
-17.181272
-79.812553
-203.04557
11.692498
14.5084
-265.14753
69.858451
203.74019
-211.60448
42.268545
-391.88479
2.3934992
226.83942
-431.14287
-10.984039
-112.99204
-372.42002
-399.69517
-10.045151
41.337926
193.64454
180.71513
-92.095273
157.66768
83.77532
9.2243622
-758.87039
-105.38232
-389.6399
197.73004
25.446362
33.970001
-495.83314
36.802529
-386.6675
414.41549
-524.66625
-14.923225
-4.2934991
-165.35474
-368.19564
181.1652
-180.76931
204.54087
27.510601
-291.4598
-40.553533
26.59915
-2.6883196
58.395852
29.647868
-467.43834
-252.12803
-90.237527
-449.20168
-404.2248
162.98581
146.75789
34.230047
-371.13078
52.279099
194.23949
488.16973
-246.35143
80.936454
96.747899
-330.77173
-374.11366
-410.19386
-357.34407
-465.32235
-175.91067
4.0785024
-135.409
155.20659
42.848303
476.93605
286.54993
-187.85239
-502.30399
167.25498
231.98761
151.52795
-509.12721
-2.8230876
92.503002
-447.53321
174.23121
-479.8413
-503.41172
-347.92462
-464.32251
-341.76668
-343.664
-4.0853736
120.83437
-195.44707
-155.54928
65.303083
22.865779
-14.32161
-57.277398
-6.1532665
-490.75191
57.792492
-509.41218
3.0365335
-83.659935
158.70131
0.48755687
-5.142035
-360.75513
140.33763
-284.23728
-68.864421
-507.50274
156.98048
175.60763
201.57606
-31.505055
176.09735
-0.87307737
17.507888
144.73913
-523.69714
-424.20391
-504.2364
-249.69579
158.3807
28.098162
174.13853
25.409369
-130.14332
-498.81211
-515.29509
-515.01482
19.752201
4.5830446
-92.790995
-375.54511
-91.205313
170.09351
5.9180384
-488.06099
102.05412
-356.49437
166.27348
-381.23381
-220.7839
-3.6618286
-344.4962
-294.88789
46.20727
182.40622
19.263445
99.943267
89.233156
-381.8929
-130.70549
-270.93899
158.75502
-326.86358
-454.72653
-159.0249
-180.59931
-290.4469
409.70693
3.8477168
15.688932
-511.58209
105.98114
-225.90767
-31.029087
-469.69103
-274.80028
-441.99413
131.12903
162.56052
-419.54715
-405.45195
-340.98491
-4.8322718
-193.53496
-73.597498
-178.44545
-311.80478
27.70269
-420.49814
-0.81944256
-318.01626
-117.21029
51.778445
199.41992
-296.77513
-248.63063
159.54071
-163.28172
-209.74578
-228.12573
-0.68967715
112.22063
-336.55174
-411.96415
-177.20772
-430.65984
-3.0926507
-2.4406779
-512.76194
-100.95972
-474.37433
-97.62173
111.46821
-529.67634
-275.70193
-246.16846
-245.23106
-2.0826689
-109.38313
-423.02025
4.00694
7.0392468
-234.19451
202.59097
-463.76194
3.0412669
0.078456754
6.3467136
-419.73729
141.24806
-522.04137
-184.58109
-397.92104
70.997803
-235.26622
98.155533
2.6028584
2.640311
-194.57589
130.06827
164.94722
-108.32879
97.271027
175.50306
151.52534
8.899619
-573.40102
-75.14315
18.152543
64.459181
-0.27058443
-15.150368
128.0333
160.39348
101.04082
-435.25256
-352.2539
22.333888
115.65275
84.199529
-443.49468
8.6811037
93.031265
214.8905
11.667848
-408.75697
-309.91622
3.0506486
-414.35331
-177.34114
-106.76456
122.77051
-161.08814
-115.03887
-16.244236
4.3770487
-176.37642
-5.3924687
-375.43912
-353.94485
-478.31602
-351.57436
185.95928
132.74029
4.0502797
-226.39299
122.58665
-512.64057
441.34791
26.267231
-392.17341
16.266172
-573.27245
-163.26008
121.97045
-64.465776
-488.19469
-303.35314
-3.5812606
5.5661412
-35.61564
160.9144
24.641131
-21.409613
-440.57748
186.82539
149.33324
-69.741571
-212.68533
0.67217625
-278.11776
-6.8662465
47.642485
-412.35901
17.008593
-110.51507
125.14893
14.49526
164.66464
-0.55815105
-211.20178
171.31811
-112.12199
-36.502129
-346.81196
19.281742
197.74232
-4.1076716
-370.92731
256.18896
178.61089
14.009451
28.836264
39.570842
-23.475435
177.66593
-14.22909
-487.82241
-270.95969
-479.70589
11.435851
32.552156
-290.87941
-0.91223757
-516.6453
348.24147
126.99845
-279.69196
-327.85049
93.528053
-106.89629
-55.947782
161.4484
52.436502
-0.45546473
-30.763012
33.917843
-53.011907
-517.79218
-234.00356
-145.5106
162.22228
-191.7568
-281.4671
8.8107875
-3.4259213
-80.306545
-485.32838
-17.447962
322.30737
109.58727
-171.74502
-538.72047
292.51273
0.64080477
65.119837
265.22961
13.492426
7.5036054
-397.00985
-902.80029
-2.804332
-186.40907
5.0854949
339.87453
21.824846
-4.3104134
-413.29918
-71.017051
-2.5937981
-497.70469
-228.80496
21.973902
115.81091
32.964505
42.438286
-261.26624
-173.41633
-404.72239
-102.54459
-151.31366
466.11431
-298.92644
241.73374
-283.85199
-851.27116
-493.95903
139.04772
-372.07557
-306.73581
0.7205779
-329.40695
2.0348216
-439.16723
-499.20754
-419.53927
78.611552
-170.66942
-359.75049
113.94481
-61.412222
175.36017
-569.7426
-441.63645
195.17523
-304.9654
-391.89779
-43.962452
151.34775
170.88401
0.751711
-414.62809
-360.87798
176.26973
-79.398796
3.2324249
-535.96941
-2.0383553
30.604541
171.66557
481.8577
159.00883
-441.15095
1.7826146
-529.43122
124.43584
-521.49251
-94.026657
154.46491
0.4211198
-139.71819
-14.628592
139.08094
103.10145
-386.0896
1184.2801
-5.6487495
-1.8820978
152.8785
0.18513991
56.098059
164.24894
-390.82824
-267.42227
-249.36331
-304.09202
-445.69507
24.926507
-407.63339
-467.44917
-68.730779
-485.41155
12.202339
-97.720037
-421.39805
32.518731
-289.51883
1.9519059
-499.12231
-47.567813
-19.881592
-421.25259
-346.05633
-329.84601
-139.73886
205.01707
303.31334
-391.38636
194.05807
-105.57123
108.71789
204.67854
-244.99374
1.1553275
-42.148428
-510.29837
-421.92568
-343.66503
37.345218
14.366522
-61.443704
90.224548
227.34732
15.725396
-22.397001
160.16696
-232.33758
-0.67828019
-255.36106
175.07864
-5.4669024
-255.6666
355.7612
-258.53476
-447.03476
-17.365789
-420.52425
-393.39066
-397.2737
248.61891
-352.9161
96.265599
-451.55543
-472.54832
12.153188
15.842511
101.52723
145.24094
188.0485
72.469544
-158.9859
71.375878
-93.608297
-511.35643
-407.99022
-325.0862
-39.161903
-187.00671
1.3563898
-340.59169
-422.18246
-34.471906
-156.7733
74.579246
105.04312
-512.94774
241.40882
-365.65196
-449.21616
160.6115
9.1651667
4.9140817
153.76811
-395.78532
-228.47349
181.44614
-4.1266849
283.74125
-343.31708
-6.5771601
-12.344522
19.775496
154.85753
221.82189
227.50745
-10.983649
2.612009
-386.63955
146.76409
-440.64013
-311.30651
-322.73232
-268.22349
89.926019
131.68643
-87.826374
-11.851319
-0.68203072
-399.24417
146.65595
162.3542
160.90806
142.0664
175.04524
-225.22503
-335.1492
-445.85759
-310.60261
15.879565
183.23277
-271.86636
-344.58623
-7.832181
8.2509937
-199.27618
283.63112
33.614842
36.1307
-281.03763
-509.03879
112.75328
-296.5901
-436.05039
-146.70887
-500.42521
301.48249
0.74348077
-389.52967
-508.14899
-187.64976
-2.1594953
-2.3017216
-363.86942
47.373389
36.788668
-291.77542
236.50229
14.515882
-440.11624
306.44746
-165.96155
25.551575
98.70655
56.885453
-449.35102
-222.65568
-28.786834
-460.5804
-161.56265
-131.19578
98.678955
166.03734
449.70164
189.99493
-415.42247
-146.42887
171.7807
64.326979
47.381278
-442.58052
147.5932
155.67207
60.481913
-4.6604573
170.64361
337.4633
117.01018
-39.748233
-409.4511
-0.28200667
164.22703
175.19546
-12.971316
331.61519
390.04402
4.0170338
-314.54112
-191.20747
3.0652864
2.8260782
439.2156
155.54868
2.5737973
-86.941213
-24.217922
107.73854
-10.912979
261.54747
90.943128
-43.435583
-293.07952
168.69212
-298.04068
-119.47225
174.69835
-523.62406
-440.18162
73.749339
45.734209
404.32328
-469.45655
154.24814
-279.87122
-508.98239
-34.889439
-0.38710585
-42.103863
107.98572
-14.997477
-268.01748
62.098233
75.047431
-28.778402
2.9369629
-276.87813
-344.15777
-216.75791
-1.3581164
163.26027
8.087079
-783.30726
-152.74051
-86.050165
-480.4821
36.188036
89.658547
-453.61599
-230.64334
-389.9716
-90.093304
-35.470013
-271.34959
119.14866
163.04605
177.72038
67.113668
-5.6559712
-328.34412
-23.392725
160.90243
185.69891
-141.5716
6.1677588
164.903
-121.84913
186.47397
-390.53232
-259.2712
-477.12249
106.86868
2.0869164
7.9015003
12.65244
-282.5818
171.37461
-169.71219
-12.559525
-195.21307
170.134
241.03358
5.7872237
67.890109
-452.093
-459.9558
115.89764
132.15094
-35.403822
28.310896
161.6923
5.995377
-191.33503
-2.1790751
172.54451
153.28907
-196.88801
-440.24133
1.5929536
-128.524
-99.243715
-359.53003
-154.38822
-297.13807
-45.495171
453.29947
-28.125584
54.942742
-408.08441
-233.53798
-432.53809
-95.755741
-173.20726
168.24231
-195.46902
-439.87757
-9.745761
-391.10078
15.315922
154.81117
-454.66618
209.56667
-486.04181
12.868941
-397.0214
-81.952938
-376.39519
141.84748
-446.58249
-504.79244
23.704094
31.530196
-301.32825
78.935056
-103.39075
-2.8540558
-313.41315
-333.21219
6.6832226
15.683892
-342.01488
-435.25925
-454.87035
-419.13039
492.36951
-329.6899
-42.154346
-270.52966
341.5197
191.47783
53.602929
78.683984
-380.30396
-24.405389
-492.23978
-449.51001
137.35658
187.51106
12.090252
-100.23084
-375.59795
-206.30989
-20.511213
7.7861311
-7.2659308
-93.505982
115.84859
505.39629
-67.709633
230.20838
-468.66459
-520.18392
14.11541
-239.45609
-340.24617
-512.13534
-235.77356
157.1547
162.86738
-42.450491
-31.320267
-228.33088
24.920212
-117.42173
-27.567468
169.76116
21.146463
-796.86418
-14.807206
-226.33183
-287.26847
-262.2628
-200.74341
134.47929
-426.36527
-6.9762498
-18.240631
59.306444
24.165048
-514.23489
9.8310311
-513.57462
-107.96372
180.77605
-324.88359
-419.36782
-475.28986
-292.61156
-519.67934
75.29164
74.453506
-12.896381
190.92891
-275.76617
296.07045
-111.85683
31.10513
-506.65505
-227.04805
-171.33872
-784.0331
38.678059
-292.21426
-357.88452
3.2825352
-372.43719
279.14912
-1.4757552
191.34065
68.311423
-90.571752
494.65499
-160.52387
470.25762
-441.44267
-523.92963
-451.88923
-129.26835
257.09681
-498.71686
-465.3085
-322.64436
-372.93282
24.788462
-240.05873
-695.5233
-459.88208
-24.598595
-405.65299
64.256264
-158.73678
-14.259238
-359.15905
-286.60438
45.305311
166.70138
-502.91063
-338.25479
6.9309414
-109.86269
14.530418
173.41623
-3.3247988
-437.55788
-181.73581
347.4119
28.970576
74.774637
150.93506
-430.04605
-15.069061
176.67826
59.898209
-379.57667
179.74527
245.96689
1.2051617
-304.56634
256.78879
-671.28412
-225.19433
167.94228
149.65271
-383.39225
355.95962
-340.67425
-450.86193
-345.23418
-300.91448
-456.0425
-196.39762
19.628492
-285.71455
-565.41578
136.97154
11.140558
109.07499
-335.08419
-42.309121
-12.30351
-353.27315
11.080786
-342.35609
22.033087
-323.28892
15.661438
39.900197
106.72695
-2.5559641
262.03894
-431.61997
62.774192
-512.12985
-321.60577
-511.81319
6.5910723
-527.89924
218.65638
-510.59077
105.1566
-166.15835
281.14264
-512.25146
-405.49062
-363.57127
-410.93379
-423.65871
-413.4305
-511.71206
15.83026
-19.200455
-438.23529
-401.61487
-509.58281
-132.63522
-239.59817
-12.43922
161.15645
347.26689
-254.15904
-317.67283
-482.37903
149.68456
3.2370932
-490.8306
-409.06943
-279.82537
52.33163
-89.207829
-464.95832
-297.03337
98.800689
-100.59397
-329.61416
10.546876
-443.84221
23.338915
270.51399
-4.3360362
7.4019961
-203.07081
-100.21904
177.86017
-253.7939
150.44402
16.756379
174.32619
-120.70539
-2.3760882
160.43741
420.02372
-227.94742
428.02955
166.9404
-490.14948
297.43746
-184.18626
149.74568
-2.6728947
-179.08881
126.63986
2.5887479
21.207285
8.052437
219.40153
-449.74671
-483.05807
254.75757
-149.47036
-144.19765
-340.22717
-10.287432
-182.48872
14.888331
295.37172
3.9877806
164.675
16.964938
126.85377
-1.3439674
-88.537541
-358.57232
25.031072
-18.638209
-2.4318506
159.92909
-444.75586
296.01443
-499.83445
138.70186
15.68707
-259.61306
460.38947
46.764089
23.61614
-376.44423
-345.12223
-437.22666
18.622287
-256.02401
-509.09525
-514.35228
-53.254063
3.8787575
-240.35223
192.21522
-864.66081
-184.95797
-53.698164
-14.685241
-175.82256
-137.88194
215.37997
-169.70654
-293.40611
-259.4098
17.230885
-368.39798
-133.12923
-452.81227
-41.263512
-178.28048
65.686078
56.757426
2.3431995
-151.37725
-400.53805
-165.59106
-543.71723
-448.76827
-216.69849
-78.334126
-141.21111
160.18727
48.854269
-450.18449
-283.60161
-10.038935
209.20238
-363.55495
-3.7540185
-1.6839012
139.82936
448.10114
19.561633
-230.88017
-1.6369064
-1.9106547
16.035225
178.50535
-96.026872
508.7303
-71.610469
42.071557
-168.48739
-132.65265
8.73501
-95.877095
-19.27142
188.46103
-137.32889
-453.87091
0.48435412
-432.83968
218.66226
-535.8023
89.990762
-291.92003
-359.00699
-380.17602
155.72749
3.6742813
-305.3866
-224.75215
-140.84348
-190.47169
-7.2225465
-459.39663
54.804122
69.096155
164.21409
178.88473
-284.35613
-185.24684
-538.54792
125.55662
-305.80303
16.048348
-134.33013
80.578499
74.570841
248.07204
-9.9705359
-440.12731
-517.04926
10.771782
-88.469058
1.0125776
14.451006
117.70603
318.19971
-416.89025
-205.8828
-356.7722
-527.76086
162.29716
-850.68681
-426.83825
61.21918
336.77989
21.39292
-110.08809
-448.14815
6.4301579
-2.3046766
-463.33858
-2.0182826
-253.90467
-224.85836
-284.87523
-301.90832
-249.04412
-62.612104
53.576133
-317.65651
-475.15835
187.69727
-291.94765
122.09108
-784.53838
-101.31326
-237.50534
97.833054
-199.10099
-264.06564
-20.268603
-511.99236
-387.33228
-431.98268
-367.8038
98.093959
-476.49497
185.19186
197.33101
136.30285
-474.49338
105.88196
-762.2541
331.1758
5.0782768
105.57424
-523.75764
-295.66705
-24.061211
155.93807
12.138303
-11.700459
-175.91323
160.27085
187.02064
-298.34289
87.030242
-526.52902
-22.134648
-275.21964
-190.9618
-509.1766
-149.98096
-2.8743554
-322.41003
77.728114
-16.165476
1153.0387
34.265452
16.060222
-454.4987
214.22393
-268.75205
-32.236095
327.97641
164.76556
-186.08545
324.89861
6.2561395
-219.53653
162.13747
-308.00217
1.1646457
-51.542645
326.68511
-315.53702
165.23059
-66.90606
-28.060485
5.9442776
-443.88247
-16.936697
-13.043209
-447.4413
8.3185053
499.95689
-54.536708
-172.0573
-434.06556
7.5452858
135.19045
-227.17332
-227.48586
-36.802554
-305.7751
144.47987
-356.55147
-480.91866
170.685
2.8771343
-782.55909
32.941868
171.67372
-143.04706
-447.5206
-58.411769
123.1952
-208.60342
201.3092
-427.50921
-279.66007
-515.89038
79.459008
16.032762
112.73742
-160.94373
-361.40312
-74.441311
297.03427
-385.91816
379.01512
-316.09235
-407.71044
-527.52191
280.97114
-151.39016
29.406826
-122.40117
-398.54696
21.528699
-26.254475
21.599001
24.267953
138.39988
72.235233
-279.07459
218.12223
-227.40255
69.457291
-266.69563
78.465713
-200.10936
99.0444
-33.784417
-29.027133
-501.00285
2.8384645
-19.127237
-42.745366
-359.38133
54.985347
-7.4846316
-6.6423224
67.482775
-191.13692
-432.46553
-422.47765
-304.89195
47.978342
-58.744936
-17.078459
-181.49056
-51.080638
-154.58673
-367.47102
454.0871
-446.14344
-169.05871
-73.110682
-175.21044
-139.30062
-277.75719
-44.412246
29.475869
-444.67788
-449.21154
-277.94311
148.60627
-448.75132
85.299579
185.08391
-21.584429
-418.3636
-441.94839
-504.40792
76.837164
112.00984
-313.54161
-133.69548
-12.839647
194.4201
-334.99923
-3.8920137
-2.8560993
11.429475
-303.21967
-479.35276
-452.61226
-393.08745
-0.52608625
-142.02528
-378.61241
-510.92044
-209.47379
11.782907
-503.31231
-328.59582
-49.60113
175.61201
-59.289189
-14.488894
-410.55178
422.65755
27.228022
-395.08457
-34.086127
-460.2095
-449.48438
11.709393
-22.177854
-95.401855
-442.63022
112.93726
-96.059543
-175.29276
193.29106
-406.584
-11.733694
-49.112227
-247.38842
161.75059
-42.2672
-508.72093
115.47989
-168.44868
-206.31409
-205.92449
-441.89998
103.42568
-687.5176
0.058181708
22.708173
138.33681
-104.92151
114.50633
167.25395
-266.447
-444.8083
-433.67441
131.8883
-20.097171
-431.95416
169.65754
112.00064
-123.4694
-142.63873
-322.30947
72.85661
-165.11486
-359.84036
-20.394538
-364.13045
-521.11828
-182.3476
-180.82719
-291.21258
409.88746
-125.16235
-704.65107
-31.038182
-128.79428
-318.15671
139.9181
-465.11325
-409.01185
-186.67579
-501.99124
133.2226
-442.38852
-445.7745
-43.137103
126.71615
87.663742
-264.68956
-255.66895
54.933425
-422.01103
-419.7927
375.59812
100.55063
-434.06353
137.74788
-398.47884
131.5715
299.22131
-148.33008
115.92843
125.02169
41.553231
-18.669478
-3.2805841
-512.10183
-376.3697
194.32471
-67.04494
-128.78889
-42.15801
-125.4416
46.514112
-7.0053548
-255.3406
14.972655
-157.53822
-2.4175915
177.27147
-276.40705
179.93548
-142.32052
145.27468
155.98007
-527.87614
-482.77354
-2.1717826
-107.25508
-211.89624
43.57619
270.1373
-438.30457
157.92459
174.26343
13.03246
161.5662
192.49083
201.68185
-54.93057
118.78351
-21.08752
115.81399
109.10939
144.38042
-97.991237
16.979268
416.04503
-436.75466
-414.09856
13.615211
-413.46964
191.90702
-362.05889
159.64728
14.695448
-421.75679
-20.29884
-453.82332
13.178919
118.37099
181.34765
11.116413
329.69988
-65.856955
-174.70318
-110.45933
388.44249
21.025221
431.42919
-428.96398
-139.19943
187.54115
184.91326
173.38482
161.98329
-3.1626941
-421.98982
179.19646
-81.485528
12.172121
277.45988
-497.79754
92.759804
0.62390009
-343.52212
-215.25688
-418.50628
-83.528217
-174.18903
-5.2711018
-178.05029
43.578248
175.33362
51.334818
4.9579379
-227.46433
94.533885
45.806387
483.52987
187.95094
-500.38483
-485.74786
21.022052
19.378802
-15.281936
31.281261
-103.49486
-113.1168
-93.792852
-1.595617
134.71257
128.55098
-20.093361
21.848607
222.05018
-286.1765
145.33286
-237.111
177.81211
-13.715784
122.2077
-86.311235
471.33056
-8.2628137
-56.20513
67.860696
-254.66543
305.9584
43.488286
64.226989
410.91624
-448.71945
-303.52801
357.64999
95.322071
-81.224838
74.222425
-8.3948039
-16.268919
-33.236349
-486.30624
60.321924
10.43145
148.08324
182.42001
212.04412
58.007356
197.28409
1.7871489
-495.60681
165.5426
190.04878
93.308544
-414.59724
37.247461
205.11759
-18.96025
-3.8108573
-362.14103
-435.83359
39.120642
-308.62435
60.168739
-339.20098
37.692382
-192.27293
460.47455
-16.463244
-277.07099
147.78185
432.0346
197.95681
17.835662
174.68011
6.996784
1.8783045
7.4520298
157.76269
-96.831032
-62.131214
-34.927122
-265.44806
13.428508
-99.988881
173.09478
147.53973
-323.65608
165.84593
-257.00327
60.774677
-864.75099
163.64775
156.50828
25.930895
388.26742
1199.4368
136.56576
47.202746
-336.65763
79.075576
227.15993
-183.48593
-101.50191
1.0862972
144.34764
-437.3641
140.41488
-89.549871
-17.62647
171.21918
6.7535363
21.632928
-67.115122
21.091081
136.17624
18.560672
2.3464556
145.89116
23.757371
316.70889
46.968186
-498.25919
-39.237151
-9.4649716
443.25747
-6.058224
452.67182
-299.6469
-73.949194
38.557051
503.58304
-376.337
-1.7659663
2.394142
-87.251104
115.11873
-64.287399
111.91048
104.96779
18.410417
68.409602
-25.703303
3.4110969
-38.917938
-181.11298
143.232
56.159813
-313.94047
-57.447024
-255.03482
173.7014
-6.3441813
-429.12121
195.2191
-212.06363
12.475802
160.22321
-57.941296
-220.59349
120.64864
-77.171238
161.32487
-275.97394
22.37535
-480.13879
-503.29423
160.91024
-510.43569
-3.7293767
-301.63495
51.002156
-395.40597
-507.52612
17.329664
-502.62106
-516.02981
-491.36143
63.965274
-271.75885
-13.015934
-47.859879
-368.31327
-493.15208
14.513425
-44.903522
-304.14415
-77.169206
-318.53127
-453.24392
351.07607
-200.71897
-60.01357
-56.919009
-13.21807
-715.76965
137.72882
-38.700045
160.22709
-508.26272
91.09894
1.2492393
143.16535
-442.46949
-383.15967
-25.02149
-133.13129
-374.52091
-7.3714172
-386.58907
5.5608481
178.84968
-2.3945969
-203.02663
-418.54793
88.388175
43.946649
-42.128008
443.45228
-6.8534685
112.22287
-385.11616
-485.42493
258.99423
81.574412
-175.67278
184.56575
-49.953917
164.20162
24.288885
-382.20414
275.94003
-296.58495
-6.270464
-87.265208
-149.67131
150.89213
-51.754351
237.23654
-839.28218
-419.9292
-78.517004
-259.75519
-94.041933
66.394722
54.919219
158.84672
-661.10914
-179.71931
184.29264
32.693312
-35.173248
2.8488449
-378.36783
-411.93146
106.55344
11.15672
-101.04168
-102.55806
-497.09384
39.079636
94.446467
-103.82836
-496.98153
-21.537899
48.294241
-208.304
-221.37053
77.638559
-347.14068
-11.953308
133.24686
144.74721
-54.196331
137.15136
-77.666339
200.89021
-69.174926
86.653088
-3.6033234
-150.84743
137.42308
-465.62401
13.617952
-418.6052
-170.98306
152.57765
192.9379
149.1378
284.76183
14.87381
-24.639586
112.44139
-514.39737
61.601445
-430.25101
-276.37629
-95.11346
-524.89902
-428.0353
165.28217
-379.86305
125.52125
193.79118
11.017064
-8.6143506
-428.14756
-398.35369
107.13122
-298.29883
52.621325
-323.21664
-425.30958
98.377625
-40.486805
74.137841
-431.35664
195.26964
-570.93262
-355.65002
-915.8587
-342.33643
10.329932
-394.71837
-483.90177
-278.04736
-278.43316
2.0773343
122.39416
-484.77747
10.61036
-488.89955
-56.077753
-6.1592895
-3.8018862
156.63304
94.675904
0.16849514
-23.106973
170.8514
186.60139
-351.644
-441.36165
-205.44562
70.193539
-349.51386
1.4585335
-473.64834
-22.041176
-476.37177
-93.937518
21.051474
-500.03666
-47.086041
273.13176
-434.75377
117.94616
-255.52516
102.35853
-92.1819
-440.48022
-509.05298
169.09459
49.058302
1.5412022
-403.75689
-367.37681
-266.43044
-482.72197
156.10969
879.89685
-3.5689622
-281.71166
-270.54227
121.41346
-0.19506016
-362.55266
-501.68123
39.05049
-69.078522
36.547373
21.935816
15.599161
3.6096297
-43.749105
74.291436
-502.25723
-91.278345
-175.27307
-13.2995
-386.65227
20.121019
111.52219
116.1468
15.817435
-296.25256
-348.25906
142.09318
115.77798
-74.817834
74.048703
-179.843
-482.628
142.79593
-0.28874731
-3.4475581
-493.66763
-448.82324
-489.19118
-264.87697
-432.47955
-43.612856
-174.93974
-10.96719
-10.893525
-453.56244
-135.81747
171.67689
23.546734
-355.48479
-184.47789
45.347742
2.5682704
-337.49272
89.563999
181.69425
-133.08041
-286.52115
-508.32803
0.86781148
57.027425
246.59512
-9.0658531
31.934956
160.08642
-278.90895
175.61995
-451.60061
-22.413469
15.870021
-11.279669
26.646695
511.90194
143.4162
-4.1487583
-32.954682
-280.33889
150.41526
-205.8032
-422.54348
-277.90522
50.38049
-385.32619
-165.8584
66.879279
-31.218626
-27.131636
-161.38976
-459.90603
97.467279
-291.29911
-150.27704
26.285437
891.59438
-36.476755
-387.56911
-138.45851
-0.052638971
125.32102
-395.1093
-116.19329
-91.354623
-186.03048
-356.29755
-453.51228
-525.00896
-322.82921
-45.318642
-181.9102
-363.84302
-170.57543
179.62488
199.78205
106.31584
95.910848
-319.49071
220.94411
-434.09571
13.577679
-107.15046
-457.43167
-103.35187
158.87511
-219.89623
-411.42561
-246.04171
-243.95292
184.98781
-38.325568
159.88996
651.00759
323.39302
98.597538
-404.28363
-424.70285
-108.34942
-200.0076
-176.95209
-121.08684
-165.97193
-175.01892
134.69534
157.50302
162.70742
11.813799
-484.64069
-267.19309
-19.624273
-74.69236
8.1219826
-422.1902
-158.91032
157.91777
159.87716
-214.15363
-456.93941
499.07525
-245.67651
-206.24904
-155.08949
-90.456438
158.30099
-161.66449
-172.72935
-175.24248
51.843209
-56.643807
-456.201
-257.43613
192.60353
288.93378
-296.9413
161.79451
-28.818769
-138.14908
-228.61094
-205.23006
161.17035
39.326349
-461.31436
78.074238
-333.75305
-196.85473
94.721955
-411.79504
-280.27319
-241.56584
2.8059264
-406.16556
-278.93018
-512.00553
-169.67418
-450.47356
-449.02707
-212.23542
-183.50512
-253.5007
-215.94796
133.47555
-224.33313
-206.6816
-252.15605
-293.24424
-32.15833
-55.340401
-239.9598
-61.462185
1101.9709
15.023524
-306.15146
184.35913
-311.79857
-254.30514
87.344138
22.062137
-232.39812
19.161135
-315.08716
-416.57351
-8.9078018
-334.60095
-281.10492
167.84484
158.66099
-422.81754
-320.84375
199.54816
-144.38397
-325.78766
-324.73935
-5.6960001
-331.40999
102.05319
-43.191363
16.161402
241.94897
-408.63318
-535.96191
219.15072
-159.48389
-446.41615
-172.8162
141.14303
-128.87337
-502.8868
-399.77642
-219.88441
-270.55929
165.2462
27.837346
10.236335
-210.75387
-468.75693
-33.224998
-484.39154
33.27458
213.65746
15.918713
162.04158
-445.47843
-511.29043
38.8444
-183.59512
-203.98527
12.834177
-186.1072
-443.51707
54.669271
159.91385
54.603311
-250.97588
-11.041113
-129.19975
64.359874
260.31021
-136.50558
5.1011544
86.73614
-177.99845
-414.71317
-148.65307
207.84902
-159.56307
-5.1267778
-12.008366
36.903497
-187.34007
-1.8417916
-72.617983
474.79567
21.880821
40.206405
-237.49468
364.31338
406.10023
12.456695
-445.31825
-530.15087
31.061453
42.334848
422.59129
346.87102
35.237369
23.197358
-466.43143
-170.80918
-405.81207
-149.60553
-9.7807841
62.029562
-241.5973
-105.30838
-87.874478
-437.01227
-184.85982
186.49639
-431.16279
163.70637
118.19978
-31.517904
-10.721548
48.157896
-107.04114
-228.89896
-83.388334
-185.99159
-212.86079
-97.078717
20.260939
-244.09556
48.82172
186.0095
204.68783
179.6568
190.06601
-389.10463
-454.41054
-327.81983
-84.689917
-191.76528
-198.94624
-447.93716
-489.44279
-109.74167
3.874615
-138.7098
-279.00058
-205.56012
-328.1131
-161.91862
-442.60336
7.253793
11.248377
442.80142
-471.00478
-18.879
-306.87901
-316.84726
8.6650825
-297.59908
-11.916568
-345.7318
-466.20018
-302.65743
-95.382838
152.35166
-72.778687
14.569908
-461.76184
-133.61207
-296.12766
84.759625
240.97179
-12.013947
-328.85004
-56.212786
-220.26862
-305.95326
-3.9654051
4.7406365
317.87084
-99.350792
-218.0475
18.285483
-523.89901
-522.46962
-386.83789
173.63873
-107.14829
-35.590538
32.156667
-103.38906
-42.094596
10.567181
-43.62625
-257.49265
-530.89089
84.134602
-371.88353
8.6769849
-6.4011117
-142.57036
-47.395292
-30.277994
-506.94069
-58.62872
-198.86733
-36.672027
-53.899542
-647.01801
-483.4207
-201.80872
-22.610725
-191.64472
-425.8072
-27.282626
180.27601
27.80726
184.1187
-142.46498
-276.0098
107.14927
-122.45596
-133.03065
12.026597
157.46
-199.72102
16.239019
-5.1556293
-235.05311
-470.8688
19.632747
-41.803402
29.667487
-90.656469
61.593507
170.05246
60.499062
-414.35274
-549.86247
109.80064
8.581076
45.853478
-4.7560974
-161.87254
-416.60017
-161.44218
-362.20409
-257.35039
-419.29786
31.271337
8.307304
38.742929
294.53872
-1.2913436
-39.501231
-106.6067
48.275182
-33.40291
-202.00625
-199.76034
-404.28232
-233.47244
106.56926
232.36156
89.281199
-325.9507
328.99672
-372.1709
-445.87566
-74.502999
-11.260469
11.449114
-278.96884
110.53327
-49.176309
-180.93926
2.3966367
186.78579
204.27632
-26.034667
-262.75834
220.64103
-437.93824
4.6523968
2.5015773
158.3176
-514.94762
-258.54538
-215.74101
-12.048083
58.650987
-96.057924
162.55995
-511.78281
-437.75851
-196.64733
-314.75425
-232.41762
5.9328685
-500.8883
-495.31464
180.64996
10.376688
69.960254
-232.70125
-202.63567
77.980918
-416.15955
-188.31174
-27.321882
-426.42995
-113.11559
7.1300231
-217.94722
-20.382207
-456.21423
-5.2416644
351.55936
180.77396
2.3075191
51.674842
13.373422
60.841064
174.34703
-452.8056
-514.16027
14.487199
8.9680324
-303.76697
-316.80019
21.027072
-490.45906
-241.68127
178.84305
135.31508
76.276363
-267.86527
-289.25236
165.77456
14.990853
156.25737
-453.45301
54.047882
-429.25368
157.74615
135.42693
181.55861
-422.26775
-89.350118
-182.42479
18.097798
147.92223
6.3329274
428.04719
28.589781
-332.45853
-315.69999
-561.90689
-457.02325
-450.3898
172.12393
-0.50625467
-62.608959
152.46606
38.38954
-562.2918
1.3252223
23.141429
3.8025968
21.092287
11.813466
2.7543828
6.0637069
17.516582
299.15493
-220.85263
37.736517
-487.57268
-356.81402
16.48681
96.970133
11.413331
29.316685
-317.44842
-231.9631
42.400131
135.57478
1.3336428
54.251454
-332.53641
115.20025
139.08502
18.77965
-283.42591
-6.6030258
-209.69545
-351.49714
-497.88909
11.004715
-326.08722
117.3797
-4.9098535
8.2039102
-116.43368
38.259243
-99.308161
-486.16055
102.38351
-484.55158
-302.64433
-456.74518
4.6279472
-11.595595
98.663966
113.5379
-488.15645
29.671493
-357.17225
144.77252
-515.19565
-137.69462
-497.89345
30.996188
194.27433
-292.46711
-308.33033
-227.52374
-50.079576
-14.819342
-708.5836
384.17123
6.8664159
-20.5631
13.003076
168.90983
55.342713
-432.28278
-403.94218
1.2703124
-39.282238
246.65998
309.39373
109.55708
-186.76631
-277.7856
-327.70462
-180.92344
165.59215
134.52686
164.35951
-414.4179
10.564477
-87.047728
-498.51218
-191.07058
-220.32648
-258.16337
-227.31465
-438.24674
227.27562
-350.73202
-187.30629
-482.05049
-499.96052
-500.19687
-416.33197
-177.85996
-179.90078
133.52268
-275.40831
-138.49353
-286.06233
-332.1798
-236.54874
6.869194
-371.62761
-304.0857
74.541793
-519.81574
-436.72093
-442.89521
-399.12347
-352.77561
249.58846
18.163931
159.72538
-436.60656
-139.80914
-41.31964
-191.61111
-109.46674
86.974382
362.10201
69.994339
-368.0228
78.4413
10.37888
131.73823
138.67875
-247.38297
-226.43116
-380.67476
117.05414
118.81047
-98.261515
-137.99402
194.20651
-471.60245
134.51344
2.9387316
401.47042
-222.13177
-489.97804
-85.487847
-440.52211
21.080487
9.9864298
124.94608
-67.807327
-429.17655
-177.92756
-303.10592
-391.17685
-493.49378
-5.2361539
-197.92987
127.95638
-287.29227
-472.13959
-37.354496
-35.703939
-502.2497
8.7096359
203.0563
386.1108
23.886792
27.754685
20.644934
12.108698
-355.80662
-492.00295
108.87803
-140.07654
-13.801779
-448.44074
-253.73737
-256.09664
28.944518
181.54155
-400.263
12.039442
438.41159
414.70304
-42.554385
-74.188404
-43.75465
159.42428
4.5615555
-28.691672
-239.89687
-258.90329
165.62911
155.59891
164.02965
123.53087
-144.27322
69.210901
387.43345
518.19267
-157.57804
-133.83703
59.405391
255.74447
142.5441
-266.48652
29.746458
-90.847234
-1.3816795
28.633291
-24.043466
-418.66723
-369.32078
162.25365
12.666414
-231.02614
-130.88026
183.65628
-422.9909
-240.41177
-343.96212
-396.54129
-269.69461
-360.84823
-382.92103
18.555832
-536.96237
-19.270551
-86.7653
225.65406
134.9766
-39.896456
-182.23032
284.65736
10.782205
-109.04291
-246.85583
36.35881
360.57386
-90.137345
23.345497
-80.026953
-25.902221
-139.73085
-44.478828
-452.22716
121.82687
191.73644
-59.997757
-180.38267
93.742075
-128.11451
140.86231
-479.61273
101.70262
-236.27053
26.040266
-489.63188
-36.027288
-91.896301
14.088845
12.799813
68.631084
-0.37909685
-506.74129
28.362246
-421.11127
4.5525479
-375.97628
-247.1628
26.071221
-6.0139467
-24.001693
-31.603549
-411.77542
-293.71945
51.996633
-524.02176
-42.853125
-209.36217
-428.30875
-507.47349
18.331222
-485.19172
-67.938985
-29.866538
-227.79903
-445.25155
-360.97549
-326.61331
-422.72691
-53.277357
-4.9141356
-433.02338
141.60812
190.23178
258.08129
-399.41451
166.60828
169.97409
57.735988
179.35346
385.97028
-236.16807
-431.91189
-27.050243
-127.31856
117.49986
-58.166463
5.7626576
-378.79219
-599.34346
-7.7555905
255.33142
-395.52646
-20.131197
157.81422
-381.36821
156.23332
266.09624
-13.095496
-110.93566
-119.13033
91.634425
-503.15798
-251.8919
128.64589
217.62288
-522.3895
-331.72254
212.39943
206.66272
-400.52918
31.260804
-350.0024
-178.16346
140.64559
-89.088431
-355.35811
323.07607
-458.20911
-268.69533
111.97252
23.45906
-424.59076
257.13817
-315.42084
91.053423
-107.1688
0.38666686
-422.84905
-486.58484
37.899408
-33.053457
-97.210563
165.75603
157.70151
17.866638
-352.97169
455.23588
-99.179202
123.09998
-426.1272
-450.71605
-489.86124
130.44009
-111.03648
-52.579153
163.11055
15.68106
-340.92705
250.59138
158.87362
-310.89285
-10.157368
-416.17843
-26.443811
-518.65134
104.98092
-412.40842
123.01217
28.177447
82.431113
-0.1429793
-384.95953
261.62637
313.03102
-520.32805
-219.5843
-349.76473
195.4206
132.12775
158.69837
7.7343372
-3.0165658
-102.78313
-215.67032
-423.93074
-108.93045
-491.7122
376.9364
108.79307
-474.55527
239.4691
299.68526
-404.69412
-519.28752
-567.48893
-510.66741
221.45122
114.14194
-76.68721
4.4001013
-49.420719
-106.00215
-445.26592
-330.72289
-448.10833
-448.40704
-598.92314
53.393973
157.03846
89.759284
124.91722
11.247662
-289.10379
-301.85821
-157.97176
-59.222454
-107.52113
108.752
-296.55616
-33.156078
10.363137
181.17201
178.62682
-2.84412
248.91859
-364.05134
-490.67854
-355.02442
-45.171662
-5.7976444
1.9088008
135.21355
157.76452
11.568558
-426.99485
7.923403
20.337746
168.8714
-57.448752
-6.9870002
3.3374474
103.0145
-160.85101
146.69959
-31.968539
-259.16952
-125.59482
-481.90553
-421.84171
-326.4813
-487.02951
210.15238
12.685041
-2.3524829
144.25329
-345.35335
-286.83635
205.7296
-277.25349
-104.10241
-114.14305
-119.62743
-96.16488
466.20715
-321.47962
-526.20801
-304.31269
-441.45381
-403.06174
-126.14252
160.80768
17.930404
194.71764
-10.987035
-375.50526
-13.992282
-522.35279
-439.20328
-375.34199
-33.391119
20.683109
1.2292138
164.6886
154.22768
-436.63626
-4.7391016
173.86097
58.692075
129.68339
8.95705
-185.70524
-485.48737
20.213576
-87.07926
-318.40068
-9.8009359
-18.119978
-391.85177
-486.19895
-417.17345
9.3107637
-289.24239
12.447844
-195.64324
-510.77888
286.40665
132.42615
-21.307554
214.55625
-478.91697
-111.69443
-472.83425
98.617378
-484.92118
22.653583
-99.23441
77.059206
-312.12856
-406.03526
-13.729844
67.579684
297.01815
-437.581
25.031211
-493.24396
-352.14038
167.22357
-70.455307
-87.266321
-361.40901
-524.61423
394.41789
-402.81548
64.075241
27.548657
48.017053
28.416165
-315.45447
-61.440034
-110.17159
118.59932
100.9007
146.11082
-400.24506
-161.17232
-7.1998845
-276.8791
342.07647
-433.64059
160.31829
19.152118
-292.87117
-238.77758
-117.73559
63.876225
-44.657942
85.816179
-504.9974
139.90744
496.10822
185.4731
-438.51066
-267.58437
-394.97538
-131.97745
-444.20384
86.88522
-335.93758
-440.63064
-391.4338
-30.79095
-5.5123818
-343.12536
-47.832064
219.18906
20.487757
-512.39973
-247.87126
-145.6933
-12.434422
-386.82019
60.446343
-102.58964
207.25558
-482.93554
-379.18843
-432.70088
154.86084
-489.58627
-7.9080302
-449.94632
-426.85
72.51755
8.3237051
-449.47384
-382.67042
-453.5602
-430.4509
-382.55025
-18.410214
-153.48177
6.4770684
-292.48266
142.14026
184.70202
316.19389
-332.79615
-433.95745
71.224476
165.68255
177.10298
-241.45856
-268.2795
-351.02749
2.7837977
159.76752
-338.00314
-94.205433
126.55249
-420.4921
-444.3976
-376.43153
-16.072921
-397.52662
134.4302
200.34405
-20.191055
398.46667
-199.31986
-41.422381
8.9961978
7.7718537
518.85277
57.591724
53.64676
-111.18828
-480.47297
-413.14919
-0.33562257
0.33447921
-294.90416
-26.542964
-444.68485
6.1253717
133.21562
-0.81542105
146.13604
-173.06395
-241.70424
173.49248
94.441324
113.53549
-313.55458
-9.2926107
377.06044
15.432745
-15.519198
193.01208
169.10374
-233.98702
168.04333
-266.33184
461.67169
2.7151664
-477.45169
-226.3813
214.29839
-543.78089
-403.30321
414.79158
91.294634
-96.540069
415.1341
-428.09256
-428.50387
-419.69627
18.79361
17.795284
200.32472
-3.5087455
-502.89998
11.004583
-20.503541
112.7083
-253.88094
-519.42431
177.59971
-106.35199
-360.18047
152.36056
12.408587
2.5180533
-48.688051
142.781
-485.13872
-291.19026
-307.35802
6.9283677
-211.44195
-54.523583
-170.55578
145.72847
148.22517
823.29564
-138.78794
333.10691
-274.05196
-442.83926
6.607445
-340.47023
-487.74144
-481.7775
159.73157
168.85701
150.85576
25.664533
-482.16066
150.10323
60.691847
108.00406
-157.54967
6.9896683
14.099378
-353.15623
-438.23243
-298.89482
-4.6330345
-439.0979
57.627119
19.430566
-338.14459
196.95979
-9.925651
-105.10211
-754.43926
-326.45581
116.10717
-82.362596
-7.5555587
29.797244
-358.026
168.64621
-41.398119
146.12187
-340.95804
370.93066
82.660315
2.1466211
-53.292869
-408.78334
-102.81617
424.43234
-83.479677
0.22371263
53.657112
-162.94357
365.16998
-171.03749
-258.85209
-100.59909
20.158395
68.254448
-240.14545
-421.78856
-126.013
56.252639
-511.52759
-213.37507
239.16186
-16.166682
-432.1914
61.344578
-297.76288
151.0321
146.5015
32.975034
0.17192642
20.043599
-1.794315
-204.93005
-317.30479
12.578416
-21.575434
-347.29141
-209.44399
-435.76392
-90.879128
140.22228
85.266867
-22.074925
-819.5904
-243.09781
-4.8143556
-182.23388
14.013591
-185.21853
74.307938
-4.1395192
-93.060876
-367.62069
94.848811
150.14808
190.69164
-472.32289
-339.42166
125.14303
161.66691
-57.173805
-21.229372
-178.56451
-73.903711
25.536248
-4.1456631
0.36579485
-14.981518
-22.57811
-268.9245
20.301526
-310.21573
-505.95295
153.33347
-22.413661
170.5931
-26.56392
11.207618
1.9546306
-554.64292
-89.965205
-42.492828
487.48871
437.27325
380.18851
34.601318
252.56596
-370.73665
-479.94467
-424.40177
-105.33429
-39.442449
162.26517
-66.775759
8.9556822
-35.263755
12.969809
-139.29616
-12.0959
-474.32165
-257.93467
333.8622
137.68353
18.18254
7.0302346
-466.98638
256.85974
-424.50927
492.20524
85.606192
-481.83458
154.54678
283.47408
-376.61902
11.518392
-274.355
19.806931
122.07378
166.84194
134.58182
173.49942
6.2287536
193.46197
339.40107
-709.05693
-1.7574656
-446.55349
2.9723457
-525.66496
171.63501
179.426
152.86826
-8.177645
149.47392
-49.512283
18.27777
0.62286736
-869.7902
200.91518
166.93864
-453.85012
7.7095569
74.407809
-480.89013
-475.03754
-203.18393
467.75534
-171.70161
-477.65829
-340.33177
145.32879
169.71197
-527.33387
-16.199721
-14.984459
-202.15325
-106.08696
-233.84489
-454.59944
-477.51781
458.21706
-491.47906
-248.66966
193.90422
166.67137
25.625705
-331.67839
-439.19315
-113.15603
-245.51716
-288.71327
435.30073
-696.7348
-169.358
-124.77888
-461.18872
116.70741
-39.59815
-312.75753
-244.71453
-197.84706
1.2088514
160.00077
-14.84252
-523.73033
-430.88295
-20.532636
42.928329
89.749209
-298.40683
-209.55652
249.70558
241.90556
3.6157366
318.64148
-109.39835
-681.46501
-668.01374
191.63376
398.59144
137.75348
20.623304
15.746443
-446.9161
206.62114
19.766029
166.95768
-370.94094
-286.48957
126.324
144.71391
84.089415
-18.62503
4.3191505
-133.20308
56.921158
62.479584
-431.87145
95.362995
49.17531
-6.2477048
160.03797
-5.0227519
-246.23677
151.93051
-34.006249
2.1536237
-323.62559
153.91074
168.59838
-126.93738
40.2086
229.97587
-461.80983
-447.00574
123.71737
6.5724557
21.243018
-19.671244
99.107599
15.361843
-508.0914
68.557129
165.12043
139.95346
-246.98375
-28.653441
-9.2253029
-12.111774
-451.74304
-405.8352
13.968755
110.07401
13.30975
-433.56557
-271.3861
64.928212
-10.314304
68.748769
137.69655
14.412521
13.101618
-361.82899
300.36633
-478.7037
55.426516
-21.716524
48.650209
-57.269446
-511.09052
-472.69366
11.108989
168.60726
15.039777
-342.98165
131.7626
129.6469
-117.72772
388.59474
-2.356383
69.14942
-1.5279227
454.82547
-488.92277
-367.01702
-6.0150288
-384.8494
66.799955
-528.8655
139.35523
16.713967
-449.46523
136.69708
-59.197638
404.63937
-351.0224
10.01335
105.36126
114.8321
6.1655673
6.8583842
-282.86824
123.36758
-56.951514
95.152685
-355.57489
-156.58358
135.37651
971.60571
-47.105083
-511.29385
180.69485
87.146934
2.1740458
140.52463
-437.68886
9.6147568
-483.83045
-140.58987
-97.668074
-102.03367
154.96363
181.42892
-0.73701601
57.521481
-44.478553
-22.498002
145.06256
5.8396575
-23.38791
14.255226
22.720224
-88.164854
-516.82989
-450.41748
0.51555895
-1.811155
-1.347121
-80.062127
-229.66619
86.875042
-173.08969
-5.5232046
-255.34246
65.954435
163.01602
-367.99734
-489.4307
-512.70319
15.790936
-454.34563
294.63469
-5.1076191
139.45836
-273.49498
-488.76375
-488.94605
11.730469
12.012074
-475.79202
-364.29574
-532.9972
-524.93631
-511.64937
1.9900818
12.086836
22.438331
-412.80813
155.21791
94.697144
5.2293444
164.2363
103.68795
178.14875
-145.50708
-215.70458
-197.77553
-527.42135
0.97769764
-483.0931
-95.298687
-17.137154
171.68541
118.25902
407.00526
124.65945
-441.50164
-406.8202
199.47339
-416.2778
134.94925
-33.223382
-1.5451437
-174.22349
53.212953
-443.32716
272.31565
107.72035
-93.102988
-502.7129
-535.69506
117.05072
-818.4041
-387.39825
-84.767139
-67.793904
2.646355
-1.4918322
-416.51352
183.20263
36.055734
-337.09993
-367.44978
-144.05423
-165.56179
45.252958
41.231109
-266.41551
-5.4829736
142.42107
-277.0331
-35.122035
-322.54808
-109.06008
-265.75718
36.433184
-360.63921
-306.63555
-9.6979344
17.883558
4.5440788
253.00781
5.7179431
117.61227
-301.24805
-0.24590036
-433.43997
161.62351
11.204061
-300.92545
-486.31955
73.693198
-498.65
109.90012
170.1831
271.09984
-0.45793966
107.61321
219.17113
-26.221084
88.126972
68.081906
-275.87196
-230.1556
-211.70449
160.52818
-97.241593
166.88488
-175.1578
-567.49156
44.204083
-516.44106
87.448501
-161.67363
-129.98358
-511.22017
89.527192
11.57611
-148.3186
368.68886
1.2284557
-96.694514
355.23279
185.87598
-249.20589
-411.9126
-266.51388
-349.68209
56.813539
-352.93739
-483.43726
-185.9009
166.69146
-179.97103
5.2907816
79.038765
170.63285
-370.58361
-493.05149
-13.006678
-488.74361
1230.581
7.3947946
-244.85909
-423.92555
-399.75182
-40.852319
-651.17318
50.149108
-263.43932
38.460703
-324.84252
35.287878
-486.14851
292.25062
-24.40807
-50.915842
-349.33737
156.8401
-20.323012
-189.12661
162.63012
-392.37223
-200.23958
121.72691
-45.685758
209.81857
-1.687219
152.9793
-80.331666
-672.05954
-811.49428
-360.38491
-478.38606
112.08209
213.01223
-87.362744
-481.92474
-476.86316
49.983013
-423.01477
-365.28524
-413.93103
-0.95072028
-402.68429
-334.30685
12.791163
48.330253
5.5311893
-455.1106
-316.80973
-364.50982
221.81462
-502.09854
262.73573
-310.97363
-323.9141
40.519457
-333.86015
10.619579
-237.24387
-511.70959
-677.85179
-353.7897
131.24814
514.91769
-183.75929
350.92986
98.611922
-178.07979
-420.80313
-99.464236
525.01891
180.17587
-80.343329
-198.27344
-275.04793
-76.800674
-28.582201
59.703165
119.41408
-446.5961
-295.73768
-142.87776
-304.82382
-8.5901181
9.3422139
-310.2431
-109.9478
-405.829
2.0865357
140.36541
-506.15849
-274.22025
-284.05448
23.583232
129.70765
-38.811787
-415.80637
-413.28506
-208.73136
48.570592
159.72455
-15.057022
-466.22383
265.10037
-175.22888
-25.577256
-246.3533
249.2014
-467.91417
199.11759
-48.451709
-38.072963
-350.78098
-433.64437
-419.64155
95.609645
-339.50114
9.8321062
-343.55543
-381.67322
153.82708
-311.06812
195.78397
124.75665
-499.72219
-486.16127
-15.697319
-426.38287
-443.22658
19.650803
306.76545
408.48771
-349.84183
-268.90773
0.28224911
177.74458
-410.28183
-224.05266
-451.87859
-145.61001
89.046525
-0.81839063
504.65083
171.19049
-457.39633
15.007982
222.68072
-30.418883
-247.23075
-77.515883
-374.10018
-462.97155
-7.5600987
1.4483062
278.83844
-343.53208
-24.357569
-476.74124
0.57606537
-59.21265
19.76074
-384.02613
110.28556
9.5469454
-6.0834234
-402.95181
-429.89231
-345.193
-389.20928
-502.16335
-386.66439
171.18747
6.9546841
-450.22861
-174.85445
-94.82975
-7.8833839
-121.28227
-452.21576
195.29888
90.754229
-66.32624
69.611501
17.935988
-435.9827
-442.12618
-398.34926
-462.82619
158.1613
197.48109
345.06168
-369.1844
-517.55224
-422.63302
-436.404
-227.0335
296.18504
-498.74846
137.78596
-132.91146
88.400545
-403.89724
-634.89949
-271.40728
159.78792
-194.23562
-284.5802
-199.05509
160.1676
-265.84542
160.15368
-326.50075
-265.43994
3.8001443
-11.589959
228.08694
151.40988
-329.9335
87.902791
-49.396334
24.382654
-310.31585
173.15921
-474.44281
3.5566905
18.265189
176.44281
-400.67201
165.54922
-412.72873
120.98726
-270.68509
71.163377
-426.70833
-52.703235
-447.62762
-340.89192
7.1498566
-45.410989
162.73493
92.666053
96.784198
169.11595
-81.03752
-134.0069
10.029263
42.247188
-270.41171
-67.572439
-475.32134
320.36159
-5.7926641
-180.84184
36.454203
-126.93456
160.578
-114.0701
45.940148
-20.383923
-489.01167
-447.5893
158.94972
-483.262
3.2554576
-85.253383
160.16411
87.197399
-346.78962
9.7968256
-268.20397
57.666877
-479.66458
157.01981
5.8411667
91.464609
-173.93918
-470.43874
-475.54448
9.4242617
50.976727
40.985387
221.50687
107.50365
-349.44718
164.16143
-479.99706
-9.2840351
2.3898594
-243.70388
-472.79703
-26.849505
155.50327
658.12081
-134.32274
-184.05482
-442.61858
12.487646
149.98786
-100.65302
-1.8450894
-78.133914
-14.761468
-71.887529
154.34286
106.21665
-720.45203
-4.3569074
-236.55873
-343.69079
300.69848
196.44809
-179.644
-269.31566
-282.47343
68.508737
-616.08656
-206.07933
295.26371
-306.05345
-251.86081
-270.36213
44.710685
-474.87094
-528.66775
-27.229482
-20.577261
-145.33404
-44.147741
-104.10197
-7.9397569
132.11236
22.316268
1.8262288
80.349958
-476.11659
-201.18993
101.49273
-391.65859
-515.63557
80.950173
-510.35109
-58.908111
108.34956
9.709923
-240.75998
182.40936
-482.55131
183.12505
-6.0898472
-488.6325
21.062286
200.02954
144.94614
-42.103556
-0.20596522
24.617111
-242.80709
10.365932
284.16531
160.50597
-18.506519
5.4005442
-51.984771
378.35889
-365.89808
166.14007
-0.23112045
333.02749
123.93743
-365.29607
-129.80148
-462.3617
135.99342
-283.88893
35.019215
-280.29537
-29.314612
29.09917
-343.30797
-454.51591
-1.453993
99.116033
-38.374342
33.018773
-99.412019
1.0577504
50.45443
-458.04686
341.87044
-31.767342
16.369265
103.79783
107.92224
-222.31598
-11.474994
-36.740404
-499.8481
129.97253
-459.95154
-478.71939
-350.26346
-259.54899
6.9592663
-143.23626
169.27919
-189.68585
513.50849
-100.79854
-448.92161
308.108
126.20518
-258.81752
-99.365769
-78.383249
-213.84036
185.68598
114.71415
176.34888
-198.49991
102.73244
-21.683551
167.86002
48.425112
-335.07287
-68.87691
-207.74711
-423.93792
-86.72277
-82.887598
-3.0241651
239.67974
-223.18567
121.82309
-564.12996
14.144335
-419.97196
-57.217607
0.4381196
-308.15778
-0.001646195
-508.91446
13.992713
-247.30424
172.48637
28.082084
-475.66312
170.65548
-204.75945
165.40568
159.72135
-523.39172
-167.08188
-2.9265101
-270.73263
-179.43226
124.3026
-420.87401
-416.97018
-385.7562
108.92936
-343.15198
160.71315
-219.36173
-377.28799
-303.80931
-227.93419
133.41865
-319.95966
-191.37219
-3.225522
-172.79954
-493.45688
-448.90316
23.714472
-406.07638
-142.10624
-218.6175
156.59896
172.60526
171.02765
101.7404
48.990867
-142.50522
-232.77409
-414.73975
157.05706
-487.22264
220.73101
-14.017929
141.65989
-9.5560722
178.40793
-374.49346
68.60289
-418.42276
-89.793173
-62.844161
-4.478655
-3.009111
-201.75593
-211.15901
-9.4695377
-220.08741
-78.39285
-382.4093
-193.77916
-238.11925
-243.13009
-65.042862
-61.272043
17.782694
-245.75967
-228.28718
-6.5711823
-130.60351
-11.060369
19.984158
-236.14633
-335.33998
-8.5003886
-12.558327
109.47031
162.09717
0.041699208
1.8006751
-91.030315
95.648298
188.82759
176.8246
-477.06139
-411.05935
225.30977
23.912844
195.30377
-487.22924
-235.64013
27.835017
-405.00071
-5.9867509
-95.082934
20.650966
20.691179
-161.76058
-12.104723
-77.613714
-274.65254
66.678755
-30.892392
-144.16299
-8.1803064
-173.92061
15.275238
-278.48155
-260.42815
-327.56305
-176.65148
-467.78516
20.672588
-508.91238
-506.59243
116.97332
-138.10178
166.45523
-218.08585
149.50526
177.32187
68.66212
-257.79268
-526.38863
-220.23827
-232.00794
-374.89307
2.2194342
-177.31913
-488.43517
157.70092
-101.81647
-459.91369
7.3851601
159.54286
-497.26422
-454.55488
160.14918
-442.55267
-0.25693047
-28.709298
-72.101379
-19.354474
139.77552
151.80817
49.509353
-322.51534
8.080047
-446.89457
-125.20342
-288.63872
-36.466441
-498.49005
195.05201
-424.30215
-179.3764
-124.26372
-262.2733
-106.193
-441.86001
-271.01328
-182.60291
-392.94546
260.37921
-281.41403
8.4106561
-381.54
-45.442043
2.8582098
-117.57123
-172.18922
161.94363
-0.91486235
-106.00471
-441.21675
-195.13522
154.47504
-460.07745
-197.25559
-511.18429
15.166446
167.0013
-102.11919
-407.12668
-404.54344
-527.36638
197.0992
-459.73042
23.806257
-33.425565
-195.52075
-52.133183
-93.363886
-0.95670037
-179.00802
-437.4156
62.263721
-439.46214
176.24895
-196.10338
-79.136515
1.3304347
-400.53956
521.71014
-871.14962
112.73153
-49.591579
-126.61422
-726.30259
-250.14168
372.5
26.477469
-426.77643
226.95133
216.57311
234.09569
-418.07558
34.779375
-187.61122
-358.12258
-486.29837
230.44773
-26.622542
-128.77356
161.49819
6.0019147
74.694118
-202.48909
-139.25091
27.047833
-328.18655
13.403937
-471.81272
-268.62989
-195.34584
181.17409
-528.79875
248.82452
158.46733
-440.59058
-216.54536
-40.554146
114.53721
40.108859
237.00353
47.474156
-9.5627737
-211.23814
-127.8383
-319.49653
-178.05063
4.6691036
-173.81897
213.37811
-479.99435
118.67172
104.05464
-495.89088
-198.56466
-508.29842
81.089926
32.259717
169.29159
391.87468
-178.65794
148.47547
-7.0797159
-256.75476
-64.828559
5.8962585
-7.5352303
56.257162
148.15657
-170.74424
-187.92365
-268.80668
526.08576
15.926276
90.57368
86.004431
226.00415
-80.654887
-226.66426
173.65591
-536.32014
-505.98435
106.22127
149.62435
-9.8052624
-387.97842
-299.09943
62.907878
247.08134
-188.64003
10.51682
-475.77845
-10.258209
-53.06822
175.01822
-140.38376
-166.68117
-111.38713
171.68009
16.059575
111.19585
-31.438053
37.682495
44.436407
-175.85791
68.458286
-408.02486
-317.83994
-225.95853
-10.113005
96.966861
-13.421076
159.71738
-140.8094
-96.720718
8.8886555
123.45336
-43.427355
-486.71704
-439.97878
-0.14440636
-101.38502
-135.8574
-54.263259
-130.68852
-0.13470738
25.923975
-77.848574
-129.75556
-287.63185
158.69499
59.849107
-103.99934
-33.547746
71.15743
-268.78511
-462.5496
157.02752
-229.28619
-355.74708
-386.15591
173.90887
-198.98099
-402.17964
53.099098
-98.502026
-692.41154
-364.12701
-119.82323
-73.072824
174.8309
4.7919864
159.32509
182.26601
-171.42125
-313.73667
-146.19008
155.00323
-385.43983
18.805617
-1089.4493
-392.20927
-35.40176
-7.3006646
12.350938
-1.1179405
-12.943104
121.36
170.68983
134.40375
-44.119911
28.315123
-157.39574
-62.295767
-10.435287
-478.89524
420.3604
-2.5769187
161.085
-63.639387
190.54502
-86.55395
96.00371
166.35885
144.47284
189.80203
-135.26579
-537.24403
-536.79523
1.1728444
25.735219
-85.25551
-59.598414
-82.463771
-3.670453
-438.22743
-316.48561
-450.3992
-196.89022
-311.10267
-375.30899
111.83824
-508.86522
95.031649
-293.91303
-7.7893952
-546.16821
-754.58617
-113.78452
-86.391267
-4.3136498
-119.60993
-280.64846
172.26118
149.15968
-121.56388
-70.434382
9.8726521
-91.326422
-62.935728
300.91825
-388.81749
-133.48196
-500.58229
-388.32375
60.717262
104.11403
177.12786
481.59804
155.04063
152.30647
-448.01016
-100.58808
150.39995
-317.95837
-23.453223
-487.37474
152.77551
-509.34095
37.372124
-510.26512
86.751505
-494.82479
-61.332403
152.81025
-586.47047
54.809616
179.30239
-41.656179
167.31985
-65.945897
-408.5955
162.2141
-33.1448
-477.95542
14.571304
-46.99848
-360.36806
-155.1555
-380.12809
-170.9073
-2.1748294
-177.41783
-310.02721
-235.69595
68.462605
-233.00851
-154.2365
-112.33433
-305.39688
169.62129
-35.446384
200.92384
-5.5261167
21.301216
58.593581
146.6154
-361.88095
-273.21596
-147.96466
-236.60996
-0.25395789
-246.97279
173.37683
-507.44601
141.30973
15.87532
-100.68822
194.91012
-475.57864
-404.06663
0.91868916
-5.0967992
-201.8932
160.9458
83.212114
14.855463
-221.16651
-275.6747
109.02902
-189.4826
-17.343929
-4.4812414
-426.95423
-380.37921
-12.363706
4.1719096
-242.43431
-138.21703
-2.0122816
154.45325
-95.460557
-447.53385
-477.33
40.411407
22.596102
12.267733
-102.13447
11.750422
3.5426255
241.91121
-398.6111
-165.98186
-284.94567
242.43124
-197.67117
196.66991
75.006193
44.254652
39.634622
190.33818
9.947194
214.53196
0.63469733
328.03151
-498.87262
-496.72765
161.36725
-434.85997
152.68874
-1.5693347
-508.22104
-45.587026
18.692871
-504.71249
-484.08647
-842.51688
100.36489
-34.79684
30.50565
-2.3800949
-740.34334
-347.39646
-28.70887
-1.8802276
-21.955267
178.95311
-475.83976
-391.05975
21.642561
-57.740054
-366.07104
744.68865
222.73209
-4.8064615
-42.183806
113.76379
-277.14395
10.739627
74.60835
-139.88229
-489.09768
168.44281
167.03633
-273.26824
15.451992
0.40183715
-37.698999
160.71717
111.12173
4.5609355
159.53281
45.16785
-179.15814
150.06181
68.499279
484.2794
-150.46375
-15.064003
-8.056013
-119.12434
75.790794
-503.31712
-100.84613
-132.35976
-294.80076
173.1952
-427.26516
-65.014571
4.9235982
40.284247
-328.58823
-106.18524
-189.12958
96.274873
130.35703
190.5424
-501.79892
-114.61471
-316.63601
160.92682
-478.71449
-360.70049
114.38191
-455.07833
-375.28422
-27.495168
103.11758
163.67509
-110.80598
26.987404
27.005014
-356.6032
55.427793
-183.70183
-310.08398
158.13273
7.7993731
162.74432
-471.88938
10.297638
-406.90863
-435.00294
145.71506
-10.766176
-399.30651
-314.27887
-67.684413
-53.986478
105.42464
132.42758
-3.8180061
-428.95631
-160.99133
-394.21653
-37.289576
51.587182
-167.78215
-40.633376
-195.74312
132.32453
-211.0328
169.85182
-499.81256
-78.495325
-461.64534
104.70276
157.97482
183.08926
-527.11299
86.540098
223.39673
-155.62111
-180.57837
38.92004
-3.0192235
-5.684992
966.26664
155.8428
-455.63835
-530.29817
-26.74865
-125.04886
-293.54256
139.29102
-289.57439
19.864186
-203.89127
94.980027
-44.40173
-423.80697
-512.81908
181.31443
-294.3067
21.078797
-165.07828
28.769
25.218548
222.93662
190.2609
100.96547
124.37785
-200.74385
56.169712
-219.70134
73.271677
-370.82746
42.884336
-228.46459
-35.849238
-300.23863
-390.15872
-400.2851
-322.96135
-29.458683
184.09907
135.84104
29.2387
-8.2721909
-159.43452
-13.228361
-419.42925
-414.86507
-7.6239755
127.75616
44.438093
-121.29136
-348.98267
16.073137
28.851007
-411.94221
-208.59101
-64.126467
-1.7591438
-473.37089
-150.66016
83.584922
-534.34375
-8.513883
-239.21911
-319.12055
-179.30379
-456.23339
-83.198012
-367.62528
-154.70362
-209.13638
-358.63653
-12.588493
177.48969
-6.2823069
-427.24008
-150.06423
-134.89848
13.231444
-293.12173
-320.06076
-526.28382
223.26385
-481.63817
-62.286403
-73.819389
-151.97591
14.233574
-1.5364244
92.660276
-446.74387
-218.207
-230.53761
3.3797432
100.77232
-389.53766
376.15907
-535.91045
380.08604
228.09485
-224.44586
-139.43549
13.910463
-0.50077408
189.55558
-38.32382
4.8845239
-316.44682
-257.2874
478.87101
165.24312
179.21799
-343.76578
-335.50326
-41.226019
-517.04538
-2.3709404
162.14307
-0.16864036
3.9333701
-123.97328
-303.73629
171.16073
480.64772
-316.52009
135.74904
170.40231
175.9329
-405.95351
-437.39373
-426.43362
-498.39041
227.90338
-270.38712
-284.78374
-498.5987
-39.551587
-244.3485
-315.74628
147.12912
-4.4056342
-211.86574
-273.76038
160.64232
-541.00949
-253.10703
-400.36124
-571.65726
45.53451
-476.655
-340.78269
-489.15211
-489.42409
138.03752
-436.97749
-308.85997
320.30975
-365.15492
-185.33414
-315.04685
-204.03315
332.30376
-61.001945
-475.97972
-355.27797
98.153714
-470.10798
-446.28454
-243.71965
-59.439986
-417.79298
-0.30238276
-407.06055
-295.27532
111.53264
-287.40147
-248.03379
-167.17245
-645.9812
82.342342
-263.6967
162.07242
-335.15388
96.382194
-126.98135
-479.90998
41.143379
170.87776
29.108196
9.3646095
-3.4436659
83.73369
191.82034
-412.36712
-60.992632
14.645919
-429.57427
-10.691265
161.29776
-136.32278
-518.29874
-476.79124
541.71027
6.4662258
-239.32511
452.30033
124.87996
173.76268
-301.62588
75.86471
-153.28489
-305.63837
-107.0562
338.55395
-92.910368
-267.87952
92.479349
-410.2647
182.98246
162.78257
35.253294
5.8440688
37.34191
493.57175
1.141453
562.93191
12.759141
-494.07171
-478.98645
-181.20136
31.257777
185.3197
-1.6334416
-235.10605
-754.09067
207.52003
-314.18538
170.56752
126.23348
2.426355
-189.59315
-524.49786
396.71376
-209.48208
-13.076648
-12.039028
59.970239
-314.28109
-466.03973
-28.416841
33.910994
-264.08974
27.042814
-255.06332
-476.46453
0.414395
180.80162
-355.92891
-452.95395
-166.6767
26.501022
-469.82813
-17.944911
-324.93844
20.205358
32.254306
-506.23984
-182.25698
11.102352
-183.20324
-464.91188
-218.6043
-321.70281
137.29194
373.9568
16.385512
13.800857
1.6766694
118.68417
-84.237597
121.28175
-897.62494
-48.914368
-277.27729
-441.71096
-262.77264
-419.84947
-450.38517
-423.67311
-6.7957366
-399.21505
-127.17196
146.98822
159.85098
471.40108
-456.75623
-471.05366
-428.1873
-424.81359
175.79759
117.92916
-241.61988
54.345485
-410.66109
-480.71309
-450.14004
-483.88362
-444.43632
4.5053312
10.672519
-522.43466
-248.5462
-425.03767
-268.67227
-275.40894
-351.86391
-470.55276
171.61537
109.61797
-464.77519
-486.05889
-499.62197
-369.66176
35.114561
-253.83447
168.42431
158.16396
-39.184192
-351.78513
-422.26314
7.2463158
-419.33299
177.10965
-26.302623
759.93339
-80.755454
-5.2033711
167.84013
8.4375755
-103.1421
229.85977
-507.84067
98.138965
-422.01985
155.17548
49.2084
27.228827
-511.11191
-273.59526
-426.30733
-195.63917
-109.36503
474.60959
205.96779
-550.69207
-458.42395
-424.99369
-486.08098
-386.23199
-16.806507
-62.904041
138.48059
-28.146453
-80.422432
4.5310456
177.73885
-473.10487
-58.144842
-376.83614
-152.66098
-336.23445
41.593335
-317.90842
6.0050544
162.16889
-237.21688
-502.97827
-374.76089
68.843421
58.666947
-68.421175
57.280048
0.28662822
173.80273
-1.8750015
-245.20747
-509.40764
46.319481
-352.26551
-471.39812
-74.58756
25.660131
-408.11944
15.802459
-367.96619
131.14858
-135.10528
270.17724
-140.83935
-240.28247
573.76436
-347.09371
9.5276908
-152.16255
-146.92668
-466.53985
17.371476
-187.91326
-2.5813322
-25.103874
-152.77744
-92.868367
172.52228
-665.04089
160.85254
-3.0343051
37.367065
1.0133137
-158.35484
43.550408
-233.26936
-299.00312
48.525179
-163.55317
300.8504
-80.21851
-277.61114
194.97758
6.920237
11.72307
-168.86101
-3.5927341
192.34289
5.5839259
-205.19254
-325.18658
161.24422
184.70467
-541.76184
-222.74882
-241.80037
-246.98047
0.075574062
100.98298
-709.36857
-695.1811
-478.93309
17.163792
-260.1081
-420.12689
-128.99375
-212.72089
-41.15918
172.76399
225.86512
-535.94757
-69.778699
-319.58088
453.18069
80.333276
15.265949
-509.87163
-280.19818
-277.99369
-8.5970126
-359.14432
-226.39707
-168.80971
-16.15193
-229.50031
-477.80447
168.70607
-519.47737
163.56192
84.175025
-3.3605401
3.276119
-316.59228
129.60082
-259.44062
-2.9153851
-364.61828
-523.32822
-144.28678
16.216312
8.6998455
-436.83959
-307.36786
-94.041392
-426.79542
108.94143
63.289951
-365.05796
-487.56985
-114.80063
167.46848
-539.51223
-161.08332
-480.54542
-396.79845
-7.3360954
-246.91227
-4.7313958
-344.79551
-278.87558
-102.8583
-347.37177
143.72035
-520.84983
33.131189
139.07348
-212.83975
151.63154
-202.48648
-151.31991
-613.97008
-481.88592
159.18148
553.77191
-271.49203
180.99955
129.57344
7.8471569
-1.6597485
-299.20326
-517.53948
7.6630672
136.3527
-381.07346
159.15104
-499.59511
-474.09965
-482.00774
-413.62717
-259.48697
13.043852
-94.448482
169.25506
-308.12574
182.49404
-273.67478
-485.82329
-280.24669
-506.4665
-279.8618
-14.50381
-290.42575
-80.267249
-177.56992
-479.55131
144.29617
183.29941
1.4639298
-383.52606
61.375978
-511.65771
-66.74427
-3.2254281
-446.73818
12.023627
172.62171
-250.82945
-120.09617
-264.53379
-365.9037
100.78598
40.521041
117.22569
-271.86867
18.751952
441.61125
257.46533
-304.87083
-310.49563
-75.592605
155.64326
180.32626
0.15504057
19.870632
68.459109
-216.389
177.30971
-343.41806
-89.317629
19.834262
144.15107
-376.71423
-82.365734
100.30746
-125.18727
12.59787
185.69741
13.00834
-336.68063
182.24189
-457.79147
183.68326
-230.7245
-532.97114
-889.71571
-383.8232
180.03996
178.24283
-230.64523
176.42912
-40.367911
-95.789216
-38.580241
-477.45792
7.9734705
207.5127
187.72892
1.5602475
-144.63517
-208.77672
506.38172
49.135671
-443.18069
152.20285
-68.350797
-482.38416
-480.16305
15.35259
198.05007
30.748407
175.24168
-22.348998
-90.044657
-326.4078
-136.28569
-41.132663
90.312114
78.210878
114.25936
-346.02513
-60.743408
-24.115558
110.27272
-497.06521
-433.10971
183.29749
-39.384454
793.40574
-381.24307
-428.19656
31.050855
-228.85626
-65.884102
314.60303
-377.50595
115.71723
-820.06925
-841.09546
-135.84447
-316.10435
161.39444
142.10773
23.575725
172.20785
45.132067
210.17209
-127.35717
210.39099
-403.68995
134.69486
33.820606
-534.00432
26.475683
129.84112
-267.87368
-503.5047
-438.41391
-236.51593
-247.34937
122.37564
-280.16883
-320.57616
-264.77758
105.85636
154.37449
-26.139501
16.79252
-301.74108
-5.4287498
-484.02594
-215.89491
-314.43701
-311.42327
-194.01621
-13.724807
-75.983856
-440.83516
139.6659
-483.80374
-151.82435
164.99282
104.74127
-295.72546
-451.4925
8.214376
-466.113
-18.681391
163.20398
199.69584
266.29791
-464.63048
-78.355297
158.16971
142.71769
-4.9803142
0.76745072
-109.41271
5.7842319
-214.16057
145.83746
-524.4322
40.748259
13.7071
80.345179
3.5421121
1.7867572
-395.61476
-469.54148
-464.76887
-257.84909
57.975364
13.073314
-73.813674
-459.3202
3.0443086
147.79975
138.30742
-1.3351779
-339.27475
-204.53236
172.28702
-425.80329
-281.57767
-561.59076
-10.931736
-89.673753
-136.19007
59.310042
-398.04409
-3.4907553
-1.9454321
31.655609
-106.93649
-143.57088
37.847787
-309.49454
-0.55209603
198.48867
192.06191
120.1917
190.96838
-515.57667
-509.43069
-471.9919
-121.1776
97.163541
-362.67626
126.52098
-15.85685
19.946889
-386.4117
-20.461071
-29.125414
-367.31078
340.79901
212.27007
-221.69689
184.27648
11.503508
115.99718
143.62144
-54.009897
-178.8338
-22.67081
169.07512
-232.80199
-382.42275
47.809196
-35.522647
-427.89055
-41.546946
115.74285
159.926
-504.30119
-47.553039
-15.311101
-3.7565098
-472.24924
1.738455
4.3290021
-153.55572
-284.37287
-53.209105
-127.91482
-506.85545
496.90381
-60.818944
-130.08064
6.2674923
-225.79568
-232.45084
-338.17441
-931.4552
161.27433
133.5585
123.76484
-477.60447
-6.4258279
-554.02301
124.87695
-470.74067
-67.814257
-35.428149
-650.74694
-207.98812
165.39311
1.5188853
-8.1004607
290.82451
169.84084
-40.400624
-300.20641
-54.821797
19.776365
72.092186
-349.2909
365.84074
191.61722
-372.91086
171.54917
-197.38202
-196.02946
-472.16703
131.60967
270.33975
40.466636
-733.01754
-723.57444
-166.75933
-56.635507
-474.25478
18.225178
-509.68096
11.277445
0.60059223
-390.62708
193.18662
129.71209
-313.71672
-477.57349
805.92893
442.59026
-26.591305
131.28097
16.36646
-294.78234
-25.791688
470.12393
194.49134
-390.84673
-3.272539
-18.97203
-476.39057
164.80079
30.274325
58.024841
-3.2160579
180.38298
63.249553
-408.9358
150.03524
-408.27261
-219.67859
-340.60412
-0.56088545
-7.3072041
1.3780585
-255.75692
125.09705
-31.498972
-486.20377
-16.366631
-242.99028
49.85194
3.3448861
-428.61138
-159.49962
-323.94306
-462.74738
-175.2709
11.415068
-465.63985
52.117491
-0.079373107
36.383728
60.520016
47.588823
-4.9848961
135.18481
-22.105295
168.05694
172.94444
18.731092
-421.87491
146.09045
95.063006
25.376098
130.83438
-533.33295
-510.58312
536.79306
145.68326
189.3074
-511.23978
-291.92884
-495.06302
-36.944528
-158.94229
-417.26583
-351.11257
-411.27272
-30.021186
167.95543
-329.75983
-325.45639
10.615257
149.84542
-227.76644
-224.23614
173.73501
189.09883
167.82881
185.50704
-377.49818
329.96737
-132.58292
162.77488
3.431124
-89.535051
-241.3399
19.553324
221.11416
-182.53064
327.09065
33.929277
167.47825
-86.852645
-296.33895
-252.64252
368.76609
-508.05875
158.13972
37.698565
21.290499
-205.18324
-494.26536
181.47633
-501.18581
-6.5345068
-513.58608
4.2119902
163.35628
0.76657473
-63.694409
-5.3010003
5.9137025
-20.347114
-14.198595
-526.14331
-56.847565
169.3058
-226.86338
340.84773
-411.03473
177.55059
-475.5615
-411.38019
200.67063
149.46513
11.78278
425.10291
-301.74463
35.798885
-286.43002
-249.02447
185.47752
185.16156
-1.6697698
-531.57906
210.89546
132.64896
96.697859
26.030369
168.24004
-81.040738
-446.57951
7.5763283
-459.10288
-458.74073
-164.89753
6.2719346
40.497278
-316.81217
-72.293225
-260.5201
-289.27656
-268.32757
187.02399
-453.44541
23.357267
-303.21209
106.50753
10.579713
-287.23015
-233.08203
-474.79999
166.86856
-3.2526212
2.907505
217.18637
188.55657
16.914454
-252.45002
-19.439462
58.796822
-511.2738
-419.95634
-981.6087
193.40114
-482.1987
-11.964936
-1.1164058
-470.48158
42.752598
-4.8467045
55.471481
-475.94627
95.922475
-475.1868
-4.7799727
0.34466324
-249.80487
204.1991
-526.7796
-398.92844
-293.29597
-496.83429
13.201681
166.9905
-519.25797
-239.63227
-302.16651
66.108519
3.761028
23.989371
-350.71521
-7.0936966
-492.00373
137.56024
153.14205
-366.95186
5.3922537
-50.847244
-226.5761
9.5736625
-502.70227
-337.27157
167.62356
320.72587
179.63837
153.16522
-470.8149
-502.95214
81.325391
-463.05586
11.319388
-427.80343
160.93643
29.430327
2.2404287
-7.7974115
-493.71724
173.25841
-398.75364
-542.47669
148.18871
94.373183
-15.68196
1.4926542
19.714891
-9.3640093
125.111
-405.66591
47.137865
-2.2658159
58.999727
-8.9563235
-236.71803
141.50097
-354.18926
171.89526
-467.51084
-93.573725
-4.0609066
9.2689043
-504.67447
-450.28307
160.10511
-1.0090672
-42.108129
179.99462
170.94235
-5.977658
255.20348
-7.5987318
2.0847618
-242.74753
-475.8992
-437.97762
3.2301752
643.20772
-395.66551
420.78112
-392.79369
-190.00017
174.09207
-70.748285
8.0848588
33.829873
1.7725126
-334.61746
2.3469076
841.35615
-201.77466
-6.3445455
3.3813251
209.55894
88.342884
-30.921507
-391.98727
-372.06
0.80384501
198.98021
82.927385
-1.5749069
873.53458
-436.11578
172.57298
187.23552
370.28901
-173.45262
-117.80645
-3.249812
-428.66534
-134.4628
56.284849
-316.08275
-257.64117
-339.4279
30.487679
-136.80746
-317.73656
5.1608916
-167.71234
168.77792
-342.48989
-178.4911
1.1447995
-372.28465
-15.179517
-246.94751
-0.44514345
-226.35852
19.576153
-475.21869
361.07637
-351.00672
-96.824341
261.38684
-100.57987
-303.1174
-31.315137
-140.0471
-465.26092
-371.55271
177.29719
-246.56201
100.84054
-498.93885
-90.036076
-1.1572786
95.169079
166.97386
-358.51116
-109.70833
-267.45271
-142.1281
-513.26447
166.8151
157.77411
99.592178
17.118964
-425.96651
-61.372782
-168.77399
110.95188
-0.094975874
17.201782
-450.02191
-298.68505
11.192902
33.269753
-304.27901
-3.81417
-22.685974
31.184604
-152.7155
-120.34746
73.4156
-372.41132
-368.14483
10.744302
546.53625
83.371524
-441.02127
3.0258901
-522.34373
285.93417
0.5165301
-96.071818
47.819624
100.78569
85.536553
190.03324
98.224287
136.483
165.12065
-304.76459
-508.41702
-528.76583
-400.08066
-525.85996
-199.06315
-304.78794
515.32164
-313.4461
183.02413
-442.06162
161.32502
72.977083
-73.083582
-225.06276
-353.38876
-163.45602
-362.76525
156.92736
31.894257
89.516965
-122.91544
80.688969
-304.60757
-478.62389
57.279047
-3.500801
2.4747402
-370.13069
-473.5765
0.55175221
47.46505
54.773961
38.504046
-4.9827187
-96.387047
-478.51579
139.81058
305.78649
-198.30526
-152.05383
-174.70939
107.82764
-479.52985
103.84799
-466.78487
-476.84917
-452.06171
164.45434
-320.62642
12.44518
5.4373163
-227.4442
-468.7661
-131.81094
29.974842
1.9553566
-170.98934
-39.4447
29.283956
229.68923
19.06673
5.8830862
16.824866
-78.738424
3.1860017
36.726156
1.2247526
543.32799
-722.80534
-64.628638
-453.05808
-351.17882
25.937659
-239.55988
-379.90348
-339.05584
-357.23407
-14.537807
14.14357
-52.779784
-510.1025
-334.71915
83.789487
561.41081
206.61998
444.01613
1.2909801
-367.62451
9.1573072
-71.993096
-366.55507
191.80512
-346.35887
-7.6969517
-335.37789
177.12565
81.197388
-353.4403
112.14188
-11.981619
-333.49284
-129.51614
0.8186407
-470.79679
3.2749612
-323.08824
966.17493
177.09297
169.79305
34.155618
-142.82077
-26.965703
-201.62375
-198.6356
3.9192063
-42.37341
-0.11810151
27.931852
10.383054
-226.55246
-103.42538
17.233973
-356.83265
-30.528325
-56.977046
-511.53286
-511.77171
-121.35632
-469.57079
-288.98731
179.40987
-383.98826
-71.698832
-38.604467
-448.36146
236.11002
-532.01114
273.83085
-482.58754
-397.23077
-535.3391
-88.538054
-363.99362
77.629064
197.29691
-450.83579
158.48945
-105.77389
60.223584
848.40848
151.33918
-532.0765
-234.99884
-7.9278961
133.22755
-185.12915
-168.66692
-342.67383
-122.66532
-555.8275
191.63501
187.66494
3.2795216
-320.2079
-138.72539
-477.49512
-60.723896
-458.87631
-500.06503
678.93206
-154.80872
48.829375
-538.883
-78.782364
127.71635
183.593
160.87897
-249.31846
183.58561
-482.41111
-415.46288
150.023
-172.89489
-263.791
-502.58703
-44.461159
248.00891
-318.72875
37.879439
-190.35661
1190.1027
-80.811976
-340.7403
-379.7509
-478.39785
-152.36918
-490.38688
80.063499
-208.1968
-525.43735
-238.25229
-187.65612
-114.37872
-366.71042
63.614013
50.167831
-184.36345
-12.576502
-226.30679
-371.45569
-362.78444
-391.22004
119.49107
18.479939
16.534636
-248.17397
-244.4385
-348.11927
37.193764
160.58435
-300.61577
177.77182
177.30868
149.78057
-24.800179
167.48805
-262.38473
147.67132
-376.60685
-515.77862
7.2540623
111.14945
74.808136
61.306501
-508.73178
-16.215524
64.43839
-174.97584
-26.502588
32.158358
-180.97757
-280.52758
473.91024
-190.34614
-415.30802
-177.20597
-151.17528
361.21478
52.038663
241.04466
-313.82944
-86.068047
-297.78235
-279.09051
81.745408
314.05454
-450.91531
-25.717229
11.633932
131.03968
252.99761
117.44358
-314.33494
-126.88398
161.14889
-3.966519
-128.70568
352.137
12.177532
-332.03622
0.41651858
205.31285
-446.05334
61.663869
348.70167
-31.767113
31.064218
0.34015594
10.84673
-347.24638
176.32208
-476.25327
-469.55574
171.41375
9.6893681
31.20234
-307.74281
-364.28218
-34.391489
-95.355954
145.85427
-59.001372
130.42297
0.92225262
-470.85759
155.43162
116.06852
-468.17134
-377.85501
-462.96357
-512.33065
4.7834413
162.54498
-510.56372
19.803607
-6.9625233
-468.50329
-489.1126
-449.4032
-8.4152015
-147.10023
-633.12263
-583.13329
178.22391
-391.72548
7.2820544
-64.837361
-407.89279
-178.39316
-61.90285
-24.618647
15.931785
0.93576393
-402.83564
-511.8176
-275.58968
4.554202
-171.02018
-127.77461
-26.36838
191.40986
-3.9031606
163.03448
-505.1254
-532.51115
5.2043165
-361.18339
-420.30156
-204.06117
197.0513
176.7089
87.646876
56.66546
221.47089
-381.57562
68.186136
172.43627
79.857744
-514.72678
-526.79166
-150.71271
-160.42906
-537.00032
59.290643
309.03853
-185.68562
-187.57741
-189.70223
-6.6416788
159.447
-92.537541
-511.06503
-163.03526
-24.496648
40.479585
-171.33979
-78.12834
192.1717
-130.99764
57.614597
193.24747
14.289971
177.17495
-219.35711
182.55188
-442.16189
173.90741
28.019459
-46.589182
45.447259
204.36378
112.00967
15.308599
59.770101
7.8126203
-37.935301
-513.22097
-446.57191
142.0762
307.41481
32.586562
-133.00268
-471.85623
-109.09617
49.397396
-88.022455
-18.748987
0.14953354
-537.17361
-476.68555
-480.98767
133.85674
-411.46865
23.579394
-338.18266
-330.65549
-101.20926
531.91676
-114.13164
-299.54401
-52.097863
-551.54316
-305.19178
-472.14232
173.60432
22.156609
91.221046
197.49892
134.55307
-297.65805
21.834854
-409.68086
-420.6131
-90.648633
-2.2308524
-480.97294
-481.00813
-37.570669
290.7004
133.09201
-459.01277
154.82642
-473.98866
-0.69508816
241.41154
-537.7437
-902.20681
-540.16113
702.5796
58.491773
64.482728
11.225433
505.89003
-0.64738388
139.1522
165.7122
100.05448
-220.14434
45.724919
-456.52672
1021.9999
-269.20441
169.87367
196.72595
19.896274
-304.41084
7.6249905
-527.53179
-382.33344
-480.73673
15.521168
-178.61634
-0.87429383
70.270422
-517.50155
-469.1712
-420.23944
-252.14588
62.666013
-663.54182
-312.39757
-218.70092
636.0322
50.750946
-518.81654
-80.118313
-493.90779
24.830929
-218.17495
-472.53825
1254.0205
184.35198
-494.14057
-296.52783
-467.23131
157.53307
-421.94222
-498.78293
-372.56938
55.422046
205.04556
307.67843
-234.76294
206.89898
-510.43511
-1.3741582
159.49297
-3.4125723
-37.130429
-147.16451
70.025814
6.1001597
-263.2486
47.123952
-197.08797
55.817006
-18.287736
195.83217
-30.154918
119.93465
-18.79318
-374.8021
-456.6559
-243.80333
-136.75722
-475.398
-315.1414
-520.76517
-545.79462
170.53951
-357.04712
137.45338
214.88564
-383.01156
-354.79964
-103.1877
2.1928183
168.87481
-450.66355
172.32794
-346.41104
72.490317
163.34073
-470.8962
-3.5032269
-475.57741
261.66736
282.46519
-468.66897
228.01083
7.1188826
105.32692
-250.21346
167.50333
-71.466657
-115.79604
-290.66526
1.6239044
-80.912209
164.95064
146.19722
-450.94027
-470.78963
165.62357
96.738022
-30.751039
151.77011
95.785003
42.342483
144.26527
-457.23664
-547.77013
103.07159
-260.03977
106.93
419.17343
-474.5349
-435.23224
170.70233
19.984208
401.29537
250.65179
-46.946326
-478.61537
442.18428
10.875823
-57.053239
426.16646
-39.728124
149.50649
-29.644537
-341.72947
-435.77139
32.238829
-282.52903
532.46119
-366.24581
21.78686
-774.59111
-463.70709
196.49312
292.68558
122.73185
-527.0466
-2.2107917
160.10183
-324.58471
-226.89246
-36.682753
401.5256
-487.92252
185.54404
-320.23593
-62.411097
518.33363
-475.37569
6.0797979
220.81514
199.88955
-2.8368296
-112.99542
-170.91969
-374.94657
35.439105
-395.43845
62.77639
164.07292
95.673176
165.46364
89.845452
192.29509
-486.23399
-1.9091003
41.463733
-447.3034
-333.48406
-488.86513
19.594957
1.5910367
-527.26813
176.08216
153.19253
181.05595
208.29702
-316.77273
7.0424297
168.85686
164.46804
152.05242
2.3479693
-46.534788
-487.83673
-336.97548
-1.7890462
-314.13378
-105.05611
-333.29701
18.267475
-82.907286
-167.62045
-226.23868
24.337546
-521.75013
-227.0046
157.93676
-133.47049
-149.24427
74.063228
179.0265
-0.4655832
-0.60074376
-227.04381
-82.371926
-482.19259
-31.390891
-262.72677
-417.22797
114.38228
-215.45136
44.448033
88.524096
-307.81235
-187.96536
-339.3077
83.112781
-506.52401
-6.2170459
-225.30562
-468.07465
-471.59847
-315.03342
0.45266068
-453.11409
-512.09718
-413.04023
10.418719
-241.92939
-403.92459
-21.207695
2.3199544
-424.71151
1.3527036
16.252848
-3.2670849
-444.78515
-342.21877
-467.31663
-375.36786
205.21562
-505.6473
-414.35253
198.47179
-289.82932
134.32551
112.81768
139.35644
6.4599538
-547.32646
-49.733284
6.7667426
-499.80066
-468.93765
-157.01725
-261.06208
142.10527
2.01824
-408.45393
-341.80179
17.885478
-296.34076
-433.71348
-512.59127
-512.19321
-475.59284
65.466696
-410.54318
114.05536
-3.9274991
-135.10194
-217.67485
-532.24311
-245.49926
-1.4005989
23.298899
189.82734
-481.33386
-474.91415
-315.194
297.39953
-12.636205
-463.92132
8.9533113
172.02257
-394.00549
-204.67873
159.25843
-79.415262
-15.575403
-220.98476
-341.18144
-29.735427
-1.1388581
-299.21617
-406.45123
111.76969
509.61563
92.424283
101.50082
-463.48826
-362.44521
-513.9119
-356.80213
-54.130759
-477.77809
192.31179
23.926658
-454.05625
-440.53309
-525.59023
1.8046106
9.0447264
-523.53549
-422.46883
-350.74956
-421.10375
-278.54473
-338.89349
165.9677
-402.79276
-521.54043
467.16238
-68.797248
111.96194
3.6065021
147.18233
-431.11736
6.186027
102.77168
94.764254
-287.10547
-466.34624
-367.00384
-214.75166
-533.14087
-476.50738
-337.05791
18.497598
71.977322
-249.93279
-278.95706
192.03764
-522.43232
55.532279
55.714014
-2.8134754
248.0729
-398.00758
-187.87862
-336.52095
-530.53414
63.597295
3.9294246
-410.41121
48.018128
-157.5391
-234.66487
173.61879
-111.61026
30.754208
139.62839
-193.66847
159.85424
29.589639
86.021611
508.9078
-371.88137
314.00482
14.891111
-732.10888
168.14751
170.36132
-95.828711
41.835525
-137.13058
166.3334
-818.2357
-373.05104
59.614457
-60.410479
-315.02272
-442.62805
-486.86202
134.20667
122.65961
-114.42656
19.245213
-377.81297
-145.39376
-645.47758
5.1461562
-20.326617
174.93967
721.62744
8.7004826
635.54184
-6.4793172
-9.3807719
-484.96762
184.1926
-256.13815
-492.00869
172.77639
-84.465411
125.07277
-203.04009
-182.73877
-17.61209
9.906366
171.26187
130.34186
-795.79784
-531.74157
-170.47238
-205.84664
-862.59511
27.893896
0.44927785
-241.26576
184.61257
61.343129
1.1513095
-460.78532
-511.41471
-6.4757747
-474.44731
-31.783972
-540.97604
0.40555215
-68.361503
-476.99807
-422.65091
-94.325049
-100.65018
0.10956117
-464.17086
-334.08011
30.725368
167.61217
557.99227
4.3517181
-182.92715
-5.5043876
209.34131
157.00151
-402.88888
-346.29359
-1.7699079
87.49717
27.875688
16.808318
75.344304
102.08882
130.08483
-337.27905
-373.56531
-421.76054
13.92999
-443.39307
162.1136
185.21883
1.5670173
109.06357
-517.80625
-294.08514
234.13863
171.24718
-427.62669
175.35384
-510.92281
26.377099
85.403718
-428.81388
128.49221
53.708526
193.00239
-525.78093
12.053154
-468.59117
-350.73894
-269.23408
-277.44005
-356.95648
-471.16917
156.04937
3.2781046
-483.62538
-419.09086
-478.08639
150.64267
-197.50655
-475.28703
-66.936076
-160.57214
153.17808
-473.57986
-8.8449137
-8.9239208
-367.32949
177.06159
-88.034201
-505.01111
-21.860154
-305.73974
88.796049
-215.19407
-258.74953
-147.44983
350.90135
-189.18733
-444.85124
-545.88204
-529.51741
-508.74539
-467.97467
-208.45603
171.08049
35.454284
130.05715
-415.86727
23.155664
-89.296793
-433.73946
182.82444
-139.1612
199.25679
-71.39003
-479.28653
-422.75771
-438.82207
644.61768
-55.967506
-9.5371472
-449.35168
-481.31126
-203.44014
-222.05736
-9.2582572
-28.854916
41.382159
104.573
-167.48165
-321.38438
-507.33955
-318.25681
-370.32729
164.7023
599.76191
-9.3411913
-457.66513
-320.67638
-244.69237
189.56967
-439.36714
2.8101993
-437.20457
226.60532
-133.84701
567.03428
147.75524
115.38109
-470.91017
209.48176
-476.22686
181.25336
-453.51933
160.21145
46.123604
-362.11587
-271.06392
8.8955497
-436.25651
752.56487
366.37944
-452.50419
-461.15355
54.584209
-258.05988
-255.05791
212.07596
-123.64522
-183.38209
-71.256198
-489.29195
-464.25493
-322.35909
-524.36729
-474.09962
845.46304
9.6567673
-372.50757
-466.09049
-367.31403
-488.90552
-490.69415
108.02469
-434.40556
193.13246
-474.34067
6.179286
-164.37594
183.86174
-226.2729
-523.7051
-108.59873
83.585049
54.346253
-273.23225
91.63415
68.293455
-326.73301
-5.6973409
-38.731029
-516.58888
161.42951
-261.70827
32.200821
-432.5953
-467.00384
162.66674
-481.17383
16.725459
-343.33437
157.36282
-99.335644
-406.04241
191.25358
-435.81268
-378.38297
-343.72305
-322.02655
-119.16223
108.26533
-269.01739
-313.27034
334.99323
324.8378
219.94063
367.53871
730.61445
-477.74617
-468.64414
-260.23399
-430.61907
-325.84863
-1.6519158
-506.34148
229.98718
-490.61852
-477.08648
-5.5824121
14.139082
553.37853
-468.57695
-68.208973
-474.42504
-359.83617
-498.90118
-428.02231
-408.63828
-330.35628
-260.09577
-512.83576
-229.7993
-737.21103
-471.85877
-422.68144
-398.7858
118.04939
55.059546
193.22193
-423.27145
-468.37542
-506.11672
142.321
-467.33277
-191.875
-467.74131
217.91849
-306.13406
-134.49005
-246.37363
-477.48633
-266.27538
-5.011981
159.8026
-473.38932
-0.8587879
126.22459
-411.10336
-415.66885
-480.8913
-504.78924
-4.0092405
169.56001
89.132273
225.84968
163.1593
-532.54214
-353.31458
-469.04652
-469.35161
-270.42121
-204.50765
165.14474
270.48224
-463.308
145.20213
-395.66095
324.75927
189.94337
-126.40902
-469.52751
193.52687
-494.76272
90.457502
120.24903
156.60211
58.744556
-427.54586
-242.88278
-351.60376
-154.99422
-150.40277
154.81708
-56.937394
161.03181
593.48709
195.92484
53.620999
5.8861482
225.12648
542.89658
96.448282
-479.82898
-39.448352
-464.52204
100.91929
227.91099
164.9769
520.59925
-478.44389
-391.78451
149.68079
-387.30555
-475.06
-478.34192
-7.9063581
-254.9932
-334.20618
-354.08103
-420.20125
202.58369
-330.76263
-672.23316
438.99073
200.57329
-118.84362
-344.47712
-266.63714
12.801635
-466.2932
-459.20931
-292.7718
-352.4919
-6.9663277
-257.80436
-260.13918
864.3328
-313.76412
-107.2703
-245.17224
61.345285
-461.44109
-473.77457
-1.0139474
21.11033
-388.34391
-427.51548
-250.98901
-439.87638
-107.59927
15.512409
-467.31246
-347.65961
-435.64377
140.04986
-536.60868
-7.5597163
273.2703
-5.2413565
-559.07104
64.886314
-417.62895
303.81432
-469.53207
-468.91564
-511.41137
-459.508
-43.971202
-458.65952
-333.08231
-507.43252
192.95245
184.72934
182.83825
-241.22282
425.867
-453.78582
-140.52558
-10.232202
-421.63189
-384.05409
56.253353
-466.59445
-13.526103
-432.48122
-362.07192
-220.52612
-334.55544
2.4964518
32.223203
-394.40957
-468.56989
-429.31718
-523.688
-242.35341
-333.6878
566.93588
88.86973
-387.81994
21.938754
-217.66974
-360.40813
-476.02045
-216.7791
-463.87368
144.5186
-424.27225
-193.00546
-351.94372
355.0347
-316.9167
-263.2907
-514.10354
-429.49719
49.132062
-249.14277
159.47688
239.05855
-485.07001
-414.26561
3.0149483
-379.86003
96.903556
-425.65603
-87.94857
-19.085004
-520.58733
-70.91794
-479.01127
-61.860147
-481.2205
-481.11426
-51.376583
-477.28671
-43.122389
14.85529
44.225143
-145.10656
-453.6903
-398.63622
-136.2425
-422.54524
-141.01766
224.4129
-453.30531
39.405294
-499.49842
174.14538
-237.91018
-474.31721
-281.56197
-49.475674
-130.68161
-209.66068
-254.35947
5.6988762
-92.780093
57.52998
-324.10081
-147.60763
193.14993
-457.97801
-175.47941
25.035213
-359.61546
-471.89471
-419.21319
-374.59682
47.027489
-400.56482
-12.599119
165.5739
-545.42428
107.24174
-46.204043
-93.08641
33.068246
-258.694
-18.538066
-474.59793
-173.66962
-521.86009
63.30711
208.39905
-123.65923
-416.96731
-467.70813
3.205069
5.1652441
14.34622
14.916787
-475.03344
-480.33223
-464.60414
-94.861339
199.14035
-429.85493
15.168283
5.0899987
-530.61296
-17.552269
-303.65413
-675.80414
-510.96082
-118.12218
-466.38873
-449.79086
-413.83843
-486.23355
-78.887264
-52.64322
-237.95324
-24.283481
-369.12174
197.18118
-508.68705
10.443022
253.77748
-981.94978
12.300035
-262.79776
398.53284
45.49627
9.3959102
-107.21959
-1.3118682
-467.48886
-414.80628
3.1698816
-473.43847
122.9098
-403.42394
-355.59968
-513.07601
-311.7662
-479.99007
-409.65229
98.951294
123.31144
-457.15051
-191.08838
0.46494585
-512.99692
33.643173
-9.2370467
168.96863
16.092519
-53.32926
-503.705
163.8576
619.99863
320.91744
-406.49899
-364.67133
165.02778
158.64705
24.741033
-560.06038
-2.8590437
145.88324
-295.76456
-523.2894
-217.49604
-164.99749
-332.74575
-483.42579
-526.77884
-378.2982
186.93828
-167.73567
-510.89253
-412.46688
-160.80185
-0.68260155
-451.94479
-468.64268
-469.15444
-348.07432
4.1308338
197.0752
-505.2997
-235.00816
-335.21995
-341.69525
-300.34931
-150.12186
-454.79368
-286.00143
-404.11744
187.28502
189.22042
-510.99525
-468.83928
-319.63965
-528.35587
-363.72789
-429.14185
-443.99791
-436.63292
9.6505062
-474.84479
7.4480571
178.09897
-363.42977
-142.33274
175.74314
33.383592
-454.23645
-1028.4986
-542.49217
186.31187
128.09196
-211.9543
0.17947538
3.9436225
-143.2804
-508.79263
575.79979
-82.868829
-296.48447
-278.82817
-298.78832
-480.09785
-224.62101
157.50085
-410.52483
99.76404
-400.50555
171.66763
16.269805
-289.88319
202.15057
-506.28483
227.79756
4.8211848
-206.11884
-516.09681
-180.18272
101.84683
7.468537
-214.90929
-481.17416
160.14491
-472.55655
-468.04445
-248.87768
8.1994505
-396.733
-61.521297
-168.13888
-409.64108
-464.7178
-471.9105
-277.02227
-321.74997
359.05118
184.01937
-244.41432
3.250318
-23.733762
-524.474
35.414866
38.836775
152.44571
-467.91991
-471.01138
15.833365
-441.78988
174.99246
2.1695059
-466.67756
2.7001783
1.4183924
-559.24652
-475.87422
-142.71674
-475.82177
108.5415
-186.67962
1.927705
-469.50015
141.85395
-75.097755
10.750693
164.80752
12.316014
453.89344
118.02646
-462.70082
155.5219
-134.44508
-440.33441
12.936336
-496.81795
-283.36843
-304.79041
-516.1358
-289.48127
9.7649723
7.0397239
14.89922
51.81285
-102.52934
-473.16978
113.88209
271.22955
-351.95912
-451.95236
-15.150911
-475.42957
-295.01433
339.45381
337.38312
-122.07736
-477.14374
-534.49557
2.9106356
183.6859
-499.50622
-84.603478
-375.57386
-442.1438
-430.98116
5.0386434
-6.041274
-469.60992
-208.50563
-325.71678
-146.39987
66.544431
-75.479643
-469.90643
-359.12137
-84.565973
167.37554
-90.138905
-265.24648
42.412822
158.976
-469.61472
-166.5866
-168.99025
-539.30048
-78.746185
-436.09578
-160.97946
64.425162
-269.17076
-63.553713
-488.92858
-111.47654
-156.76735
-465.22114
81.941222
42.597539
-431.88964
-309.68824
159.63483
-383.13625
-16.992731
-463.26283
12.097484
-22.901689
175.2621
-333.40118
-140.11609
-504.26549
-492.41023
-53.445385
-166.29458
-468.54202
9.4398588
-470.52576
123.08301
-433.39376
57.224442
1.5954061
-511.75967
-69.409669
253.89464
-377.32099
-474.46623
-457.71679
-153.12546
-105.19008
-129.24564
-429.48291
-6.7470377
-109.97264
-86.692899
429.52401
-91.396618
-523.11869
-150.33298
136.70753
-256.2394
-251.18874
-393.58454
-269.11032
-62.72572
-431.27828
-27.528795
-496.50674
-7.1627759
159.20987
-229.42394
-472.84493
-474.07341
-446.67213
-376.06169
27.94215
164.11482
-103.11838
-5.3479621
-428.00133
-468.13821
-199.45911
-505.35952
-464.99461
63.798054
-30.289255
-514.16084
-107.57268
-225.66342
-160.94159
-468.77091
-231.49473
-120.86668
-471.95291
-471.9203
-166.70258
-184.88195
-454.52763
-484.07983
-85.27138
-539.65608
-738.09762
227.44311
-160.85885
160.82951
250.43051
-32.641386
489.50669
-232.17103
-472.53321
-358.06838
509.94006
535.4256
-287.12357
-481.32552
-190.46426
-395.15842
3.1715363
22.66852
91.538795
-466.88648
7.9534338
-489.09147
-318.50479
86.35964
-60.464092
-314.7793
-13.591928
-475.5006
-477.83258
-124.18322
-431.12094
131.87275
163.97966
-474.65922
-475.47612
-143.95516
21.233159
-245.27531
-170.44485
0.96868949
-506.51236
14.886052
-370.42804
-77.526976
-470.06235
-470.32276
-453.41731
-409.70563
19.278995
-447.35618
-88.406755
-48.778792
-241.99472
392.24361
-447.24624
356.14433
-548.52617
-472.94291
267.95716
-383.09069
-510.05058
-108.15513
-372.22123
-188.16787
-180.39661
-282.42718
-425.58357
166.66893
165.78782
-478.07086
-1036.9115
-43.020717
-60.094429
556.38505
-469.80281
10.88135
161.82018
-284.11445
-209.73506
-58.961565
2.0292615
-320.57639
186.75407
75.435217
-468.22252
171.39174
-513.78185
364.32358
63.326507
131.36605
-10.364773
184.29408
-468.21475
108.06736
92.788504
-508.47701
-831.86559
13.567563
-437.87883
-474.51357
-468.71754
-502.31523
0.3520788
160.9754
-485.40605
-469.73559
-352.46049
-525.9567
-418.437
-502.39879
142.23645
152.35752
-445.5236
-478.85292
405.69146
-478.51194
-432.64399
-461.96881
-706.07913
331.68388
-439.06887
-540.39292
-519.37302
70.782111
-262.91371
-472.93863
-518.94464
-46.865528
-509.59164
0.75433786
-333.31754
-33.22004
-449.12847
-55.57675
4.7158329
-522.19291
-477.14446
-573.77081
-522.00605
-468.15044
104.84071
-93.372688
-312.31034
129.05754
-478.23226
-1.8004953
-10.022082
-4.6601505
-448.67453
-934.55131
-1.0679207
8.2299864
39.636566
162.12222
-474.17664
-461.41917
-521.49518
-447.37613
-444.14029
-165.32502
14.000532
-105.84794
-435.67467
-512.24991
-172.91644
-458.91645
-465.21653
-50.24337
160.63356
-475.02023
-338.64632
-210.24418
-500.05419
-499.63795
-326.85956
-120.25736
-270.80749
-474.42438
664.78196
-349.23374
228.17287
-446.39764
192.91578
-469.30016
-83.270259
-468.21763
-477.5454
-198.05178
-320.47041
51.563551
622.91804
-4.0497813
28.475225
-38.364762
-73.220293
-266.48175
-481.35492
-508.47488
-510.52487
320.77877
-185.55874
-268.29011
-466.98646
570.50938
-145.9097
-94.900186
-730.18783
-472.68814
0.13260748
107.75032
-469.77598
-476.27105
-530.74712
-505.40719
-469.28036
-235.57442
-95.966895
-137.49833
-132.7453
-77.458663
-18.07806
156.64058
-525.59154
175.6239
167.77751
-222.12484
3.2194554
-188.98053
159.44574
181.83231
-472.45989
-481.15702
-505.28987
-237.23914
-351.45757
-156.27742
-512.25969
-481.19575
-479.16711
-112.90812
-221.22779
-481.89929
232.38415
-378.59086
-573.98695
-500.63506
-477.3055
-464.3993
-12.906955
19.903726
-487.18993
-112.29442
-422.64095
-572.22253
-247.58094
30.162927
-122.94092
-439.5652
337.93286
-10.486232
159.41911
181.44036
-89.271489
10.453187
184.51261
-520.46014
-435.95542
154.91785
-122.36899
2.9885987
-488.26587
-251.88418
159.40727
-10.148423
181.68322
-496.91857
-472.64905
-570.5915
-514.16662
-201.0222
-3.1024895
-486.87251
-487.29263
-177.94035
-0.053396279
-488.77897
69.304754
-180.0574
-513.96061
-467.17471
-119.43308
42.393332
-175.54813
-518.59055
-175.21111
-109.61764
28.558363
-80.633551
-369.41304
-2.9506306
-671.27792
386.25183
-472.73025
-325.03583
-83.521346
-89.450536
-139.34663
-537.01226
-162.16163
-205.97637
171.58689
-559.73277
-529.19027
145.75825
197.76457
-395.40063
-208.32527
169.58394
-504.98448
-470.98471
73.537075
160.2993
-484.95442
169.17307
-533.28395
-524.77547
-293.01698
-474.48544
-97.633409
123.06684
188.90861
191.23277
-68.065902
-509.1958
177.83718
179.33839
188.3502
79.21416
382.65786
-468.8328
-436.81129
-422.34492
-411.26592
-505.32188
-205.215
-131.93855
-484.64067
-379.45952
-435.01389
7.4720513
-80.529285
-460.31655
-472.85989
-3.5013701
-497.72334
-519.49731
168.43921
181.86499
-474.12276
-470.88583
-523.0311
-465.14693
-499.09365
198.94274
-469.67665
-510.75353
-229.07675
-4.3753265
232.30137
-472.20368
107.842
-307.41979
-306.26708
-516.68252
-4.0236515
100.33746
284.41263
-205.79566
181.84078
328.82586
-19.045925
-2.7906507
24.524759
-468.35256
-472.00936
-158.20125
-471.29511
-234.72937
-262.41747
-169.78828
-467.74208
-180.89577
-521.29545
275.58436
-59.911677
-10.385566
-25.726742
29.97528
5.1854761
195.0684
-61.947609
-488.79563
-469.7138
-249.16143
-290.16786
-367.43322
-132.25905
196.39157
-469.68591
-45.807314
-476.96961
-472.63108
237.78168
-474.36617
103.44675
-297.05867
-576.85602
-564.56245
-266.33231
-136.9421
158.53606
-512.79067
-454.67101
196.65466
351.76644
-496.16908
-531.25056
56.600782
-227.3589
-472.71366
-453.43838
-114.46122
186.03629
-722.91899
-2.5919787
274.44527
-467.18501
-523.27205
161.2137
172.18796
517.68098
-382.2321
-40.538093
-322.99947
-416.63558
-296.92192
-365.26498
-486.07375
163.43464
164.39167
-475.68313
239.76319
-271.79468
-525.60135
-505.77565
-472.89377
-529.15776
159.85269
-228.54144
-178.55296
6.6825141
-924.83111
-441.05423
372.7084
340.56073
-85.062008
-526.39896
-434.77401
-189.68286
-190.18263
-283.58984
-153.13784
117.80138
-534.71833
3.2018003
191.79028
-473.51222
172.05929
132.21006
-478.75662
-196.08099
-210.84708
-527.44357
-812.73446
-509.7547
-528.12264
0.23721542
74.968428
-508.52459
-526.33597
-44.749179
-445.95421
-75.26072
-480.44783
-425.12326
-334.38919
-509.20575
385.10124
-917.17458
-901.71715
-477.38942
-938.65643
-471.25488
-412.49776
387.94971
-2.9569248
-516.37616
-325.28699
-3.0403229
-529.15779
-352.25417
-230.75065
-358.21841
194.37132
-555.73041
-482.61508
412.31262
312.9136
-280.29406
-527.63232
576.5875
582.61406
-526.05417
-716.62165
-224.0416
-514.38641
-507.05984
-503.72886
-514.69577
119.58965
-435.96339
-146.2236
572.87183
-481.90491
-526.66716
-239.09366
-347.2046
-159.32611
-488.13973
111.3691
-483.12887
-482.79565
234.9402
234.32419
94.958036
-554.11433
-539.31439
-248.38857
-518.66344
-528.66379
-434.63233
-313.76505
-540.15922
88.273662
-492.25588
-12.841798
174.23772
58.230778
-11.740836
-364.50728
-148.31531
-501.67735
-560.23781
-178.33765
-173.58036
-517.51376
-474.30755
-104.61532
-531.37247
-512.70205
-382.37034
-255.9981
247.98377
-276.5608
-432.16235
-424.39563
-475.69093
157.64068
-573.58664
-484.32405
-487.12204
-99.646606
193.37388
34.146517
176.67833
-453.33909
162.572
-472.48591
-390.69161
386.36932
-506.77377
228.19073
-487.56452
-245.9812
112.90367
642.95762
114.7677
-415.00118
-472.06652
-475.21394
101.03305
-273.59457
-396.77102
-310.49602
-303.67021
-431.62724
-263.52308
302.29286
279.42849
322.06376
-473.32795
-469.50968
100.18151
-473.88241
-466.20635
-188.35021
-518.30883
-517.66242
-496.69137
-551.25131
-454.81746
-222.29615
-478.54515
-478.3388
-368.50407
172.77919
-432.01153
-446.21469
259.17964
185.60428
-1.0149138
-699.11622
-2.9606681
506.20169
-324.54097
163.34611
246.0909
-506.6799
-503.76018
-529.38362
-495.15257
565.07077
107.46737
-0.17903218
373.05962
325.47552
-529.72691
-193.08838
-287.4481
-178.36177
-600.92746
-515.38285
-34.809558
129.24706
135.85472
-1.3085787
-531.89511
-434.06967
-514.5139
-358.12704
-789.69647
-526.15094
-428.93964
-512.87734
-434.46841
112.41659
109.92477
-519.43817
-400.277
-545.51695
-870.06787
-21.799844
-405.57014
-518.89485
-357.84504
-362.02081
194.08436
-356.35792
-517.43463
307.2612
-283.73025
-289.54521
595.23428
573.7816
-506.46099
-513.47255
-513.35089
-479.09615
-484.01547
-515.12113
-233.88373
-343.88297
-161.16451
-160.04298
-465.25577
185.51661
-484.88286
239.64744
231.59431
-533.47663
-309.42599
-604.29569
-245.6966
245.17094
-517.49325
-516.20463
-13.73568
-27.252505
-598.72129
-1.1037609
-548.5793
-572.44873
-515.95891
-498.74015
-534.77791
-514.90717
-288.02312
-170.57953
-179.88449
-490.39565
-490.41011
225.84832
160.944
-437.13005
-514.75832
-532.89802
243.81282
-453.2075
-485.88408
-487.74193
-102.55622
0.10822436
176.39938
405.32029
-505.39149
1.0171437
-354.00084
-422.21687
-471.09282
-477.40419
-535.38098
-270.98441
-305.17724
-1.4494417
304.17112
293.63995
324.71411
312.89885
-475.70034
-468.2642
-203.93081
-462.0396
-475.30818
-475.07675
-203.94986
-180.23829
-511.38946
-142.88491
267.07293
9.3665922
-297.88909
-304.05402
-309.15572
-481.21119
-541.56862
-351.15964
-368.2212
247.08384
-440.71056
-444.82163
187.2279
-479.69801
-2.4957255
511.36401
-328.93564
162.86802
-505.99784
-537.90194
309.75436
391.12095
-194.61015
-290.13065
-288.54148
-514.77922
125.67214
136.65942
-781.91285
-431.5777
-360.98971
-360.40967
-468.90885
195.48878
-198.06898
-197.74081
308.80058
300.6429
-295.74556
-285.57802
583.0551
600.59506
-139.17425
-147.73515
-507.68418
-511.83851
-383.51388
-477.58839
-484.74176
-237.06911
-340.04197
-350.41437
-164.11876
-158.37928
-485.76691
233.17261
242.16656
194.07759
3.9229274
-30.953392
195.43375
-487.65532
206.83038
-182.95229
-510.0876
162.81585
-489.88791
-485.27547
-104.6205
177.26884
136.18994
418.83161
196.45143
-59.322758
-503.41042
-506.56756
199.38282
-472.33301
-478.43743
-478.55261
-433.63907
202.24173
-266.36476
190.58016
-397.02311
-302.47895
320.38817
287.63745
304.45684
306.62195
-476.77793
-469.36152
-477.07052
-474.1983
-477.65111
-2.1607881
-211.71077
-213.11299
-508.4859
-508.82864
-468.42901
-118.36785
-381.77054
-337.23389
241.27058
-434.09308
-450.3866
186.54273
189.40005
-2.8368385
531.13098
500.74333
-332.11626
-330.52907
567.96681
162.77066
-506.65795
409.87352
307.71404
-197.76896
-285.77763
-293.95266
162.58921
162.60264
197.53192
-515.6607
216.96565
140.46328
122.70171
-2.0171252
-482.34198
589.53235
573.42674
200.74678
-331.21427
-358.24688
-366.16087
181.38258
195.06734
197.42693
210.86837
8.3180894
295.50613
-298.58532
-295.15988
572.13612
620.12295
584.38088
601.5637
-506.45032
-509.1149
-509.84137
-478.95465
-483.43185
-486.81824
-338.75484
-166.11333
-484.64193
240.01475
247.32067
230.28606
223.75405
-34.212192
220.12738
-535.14596
208.51179
-485.92589
-494.56891
-184.66489
-184.57584
222.93965
-486.86743
-491.42142
-490.47968
-107.43595
212.32341
439.59739
-505.50113
198.83826
-1.9713222
-480.63403
-471.3218
-325.31556
-336.69153
217.89719
-266.42918
224.87721
-303.87847
302.84131
265.28263
296.99655
-468.11109
-471.61027
-479.56739
-478.78957
-475.68055
-226.93101
-512.57639
224.96181
228.41136
225.76006
246.60966
-429.041
187.8714
482.79612
537.73787
200.70694
217.88485
-327.51504
-336.75836
-345.03242
162.33412
-506.12415
290.2363
430.42067
-199.35932
-296.67146
-287.0238
-517.02649
211.56979
143.49312
119.2455
141.25991
224.41304
-368.67782
-361.31409
231.26136
193.21719
198.86071
-0.41048886
289.18086
-290.84035
-310.46138
-308.65861
637.29515
579.03318
624.12103
-507.32128
-507.80411
-510.43316
-477.51341
-488.15838
-484.20647
-334.09582
-169.37338
-485.55752
231.57143
251.07375
249.80405
-53.953266
-492.64042
209.53386
-187.63336
-183.12762
217.67897
-472.49379
-492.57648
-486.25558
-488.99836
-108.38706
-109.42345
452.52687
-0.30786682
203.313
-472.32307
-481.71243
-307.80421
-300.72307
326.32314
294.99123
288.16276
-469.19168
-480.90418
-477.29087
-478.2857
-481.3665
222.19623
-234.13538
-509.97296
-423.18459
-430.65418
558.46622
467.95142
91.420854
-329.13303
-339.54955
162.26041
-506.79042
277.32891
431.60896
-202.79378
-290.9734
-284.24306
-300.8862
-516.59271
118.66931
145.19405
116.27274
201.97939
-374.42067
-358.46203
200.89846
192.73296
284.36077
288.51204
-301.10628
-312.87432
644.6517
566.23383
-506.47544
-509.19926
-479.29329
-474.47326
-482.91802
-332.41596
-170.08876
-484.49265
255.26026
235.70437
228.71453
-58.407616
-71.112059
94.397639
88.398372
-487.97661
-493.13476
-112.38381
200.76084
206.40404
634.097
470.36694
186.8362
-483.7357
-474.43209
-480.62999
218.69423
-301.75053
-296.81078
311.27874
282.18475
-479.76285
-467.97718
-479.68827
-482.43962
-482.62132
-513.53105
206.14603
-421.01632
-425.19159
572.83921
565.70645
-344.15435
-333.50325
-337.55864
161.88003
162.54118
-506.32986
232.27258
260.88003
-204.13003
-204.35727
-291.7949
-303.25579
-302.40063
-515.24675
-519.14766
116.7378
145.96003
115.29916
-1.1461082
-352.66184
-376.84959
-361.5353
201.3739
190.97273
202.4303
-495.9064
284.02532
278.34228
-323.30059
-303.2643
-296.78427
570.3283
646.33262
-504.37647
-507.5162
-510.47202
-477.70249
-483.69437
-328.47401
-485.43346
225.07821
257.53109
160.9684
-92.10982
-38.044648
-490.23262
-487.40756
-114.32032
482.1994
369.95665
-484.76937
-481.67533
-1.3191438
-294.10421
301.1824
237.79934
274.77873
280.09266
-481.14725
-469.122
-478.54457
-511.25675
-407.80776
-425.78012
-414.93012
587.35528
-348.04523
-345.71441
-334.95533
161.8245
255.69517
-207.37519
-306.23236
-518.86401
-520.39461
149.98541
113.66334
142.59288
170.887
-349.64378
-373.3353
-382.72159
-367.558
190.46612
189.68956
204.558
273.46461
-307.89506
-333.09151
-324.93332
-281.94338
667.52551
587.16222
557.21146
-509.34941
-507.39866
-508.84222
-479.06055
-485.74144
-326.86029
-325.42667
-484.35064
263.05781
222.29511
253.67662
-43.164495
-107.87512
-489.10247
-117.23743
0.83503538
-480.64165
-290.077
318.21734
271.58744
277.00188
268.4238
-471.36584
-480.03379
-480.0765
-514.86681
-413.25559
592.65138
-339.30343
-350.55593
-331.86766
161.49018
212.46189
238.75714
-208.99602
-520.45298
264.38663
153.37304
110.29275
143.28519
-370.60083
-386.40481
-375.67407
206.20182
191.53368
188.80954
268.08314
-302.68839
-335.63584
-323.09227
692.47381
559.06603
665.65329
692.12232
-508.06779
-510.17659
-477.56605
-481.99149
-486.55655
-329.78213
-322.78055
-482.341
266.96956
-485.30229
264.61687
212.19014
-20.188465
-130.68653
-68.501986
216.87176
217.87004
-330.99346
-488.56032
-118.16632
-481.7038
-287.39681
256.98976
349.01328
263.32699
-481.32517
-478.93293
-512.28024
-418.86681
218.33454
618.30218
571.14788
-333.18809
-352.37823
213.69305
161.45446
161.20969
231.88624
-207.43002
-212.44941
-520.46958
157.55003
139.74171
107.21494
-392.43533
-367.35398
-376.77462
-372.19686
208.39211
205.29939
188.16272
267.93917
263.65691
-336.6321
-314.34944
639.06832
717.04434
-542.79382
-508.51984
-479.65177
-488.5646
-320.91617
273.08781
-484.23989
212.84253
1.8167989
-145.53135
-75.009223
-537.31593
215.10995
-529.16397
-490.287
-121.12832
-534.48886
-365.24462
270.26225
-480.69531
-288.63526
225.88976
370.57048
258.33501
-480.24584
-539.89534
-483.78001
-480.21437
-516.12123
-531.85769
-498.59172
622.67898
-329.99601
161.67343
160.91846
-531.62054
213.43155
243.15738
-214.01356
-522.22921
669.32005
158.55429
103.95623
135.89331
140.26158
107.44615
160.953
-541.09769
-335.38005
640.45265
-393.73562
-379.79323
-374.34378
-207.2298
-394.64785
-396.36183
209.19984
-366.46266
207.01292
186.58027
258.98272
-346.58604
-327.52147
-309.0299
632.38224
744.00341
-509.46686
53.10408
-247.74533
-477.98476
-485.22429
214.6311
-317.17528
277.46685
-199.52082
-241.90971
-166.1819
-223.63526
56.707499
-135.95383
30.04865
-607.40051
62.67195
-538.5484
-529.05415
-534.32314
240.28596
-236.55911
-489.75139
-492.63688
-122.18289
-409.17368
-123.09015
-239.07037
48.979921
-481.74107
64.415681
-193.6817
165.0576
-505.08949
47.390969
-513.03408
-13.45424
177.33215
-427.03079
-481.64074
206.85265
-115.12155
-108.63236
-545.46169
252.2989
404.3352
-390.26965
-217.7104
66.346662
-505.43299
-184.05724
-479.05923
-241.98759
-186.79154
-405.52769
68.831715
-196.95443
-507.02485
67.839679
-210.22262
-17.308738
-16.980277
-513.66595
-342.82518
-200.11894
-512.82246
72.572337
-4.676866
176.23667
-504.9729
234.43805
-254.56468
76.197675
211.8519
-514.94473
-11.119583
-331.24375
171.24906
69.717399
-108.66138
-506.71334
651.2885
-177.36819
3.8250534
-211.67432
75.703508
-452.33902
-18.176671
230.27205
169.59193
-395.43157
161.60447
69.174599
208.73436
-514.76857
-31.79454
47.027296
-74.566285
-20.305594
67.914659
226.12297
-7.6919584
-320.03787
204.15019
48.093771
-217.55097
-309.05762
-16.647988
-111.22841
108.73197
66.686931
62.357631
165.35132
-101.77632
100.87607
210.39723
136.48544
-8.6268768
159.82263
165.25941
-502.03817
21.486494
-206.69958
165.30078
69.588231
95.564211
-569.82224
-522.23254
-388.67384
-27.921175
-560.70069
-113.19454
-41.414407
-335.03343
166.09385
-501.2887
270.64915
-215.74889
6.0445603
200.11244
-21.244805
-9.6800636
-543.2908
-344.95786
-107.22801
-73.240657
-177.59323
-32.197818
52.369948
-315.45674
161.19011
-205.43194
-18.189476
182.81264
-31.431616
-21.519574
-503.31006
73.091542
-3.3124289
-496.72881
165.10399
-400.70079
-391.70842
-509.31084
-170.45474
-142.03983
-158.89477
-379.35772
221.29594
104.45459
-2.5850691
-13.720127
-314.23577
-10.485705
173.0954
-386.30617
233.60015
211.53069
185.63907
-321.71124
-370.31945
-4.407884
-298.79016
263.66428
185.9782
-562.88776
-11.683326
-232.44878
-329.72986
-503.69524
-42.44089
-474.58287
6.9817282
772.37759
164.72642
254.47809
216.10024
209.05756
205.71663
-58.308031
-469.58948
198.79172
-393.56467
-70.849619
-220.37852
-307.13112
605.24138
-205.10415
-346.93047
-479.55611
60.676638
-446.08874
-175.09699
165.73761
-217.97879
-291.1234
-396.59463
-201.72752
-504.56852
-26.750223
-109.10372
-19.090956
236.61933
-473.72433
203.51113
-445.8187
-484.22298
169.95258
-416.92632
-463.37942
-406.79249
214.74466
-514.38947
-564.84003
165.55311
274.97827
-130.76661
283.95297
-480.16679
74.829077
-229.32596
-28.109861
-76.932926
-162.4212
-400.00537
0.44327971
82.704237
-317.92131
-316.14293
-505.02238
-438.65246
164.65033
-458.226
-443.10008
222.6064
-503.37988
757.83608
-474.49411
-465.27609
161.39616
-453.76014
-516.83135
12.796979
-508.05027
161.76986
-176.178
-427.50399
-124.44356
-538.30372
47.614871
41.560913
373.41349
186.145
-210.11121
-369.35427
73.175205
-353.23241
233.34226
-16.768956
-502.45846
15.240772
-467.24775
-122.51606
-215.10014
-178.92409
169.21201
-438.35442
-10.780745
-487.48384
-444.71202
-28.529003
165.4502
-450.2822
-259.34425
-176.19068
-174.41828
-202.02158
173.04539
-516.97186
65.695729
-22.423928
-102.14279
-476.03081
217.57312
-559.00643
-5.1403305
168.15207
238.05814
-234.65628
156.7006
23.528966
76.269847
-481.96829
59.583484
-341.76907
165.01345
-508.70426
64.430278
4.6178685
-58.814035
-256.30918
238.79939
169.13189
-468.57638
-475.53463
-476.66014
-677.37671
173.61396
-510.98643
-315.24853
-272.8075
66.662571
198.29694
261.04229
-512.82721
-106.09013
-565.42168
-449.3563
-459.40559
-25.39591
218.19074
-397.69479
139.01469
-107.98103
-166.20898
-22.789215
-457.28197
-508.41747
-507.76426
-505.64129
-351.6348
-473.62605
-486.14774
136.59648
-52.759372
-189.17857
-2.7981285
-200.10217
194.63101
25.190939
-184.50704
-370.56139
-48.72253
22.210384
67.318822
-321.05478
244.29225
-165.2872
212.11441
-51.577013
-146.76326
-277.81324
176.84211
-250.09288
-135.8996
-120.19401
208.87888
-369.46683
-454.59476
176.63427
-193.37138
-491.65323
204.84789
-420.3259
-228.98533
-551.58422
-135.48903
-502.64646
192.19552
168.97199
174.39869
-125.18974
-548.08693
2.583507
-206.94151
-463.10908
-374.43595
-15.754191
28.735093
25.861419
-14.832432
-282.73434
-114.25469
-550.02991
165.36577
92.998644
164.96269
-467.95911
167.01828
-26.760196
-480.75425
-234.37856
731.87524
-183.86677
-127.54985
61.932762
169.6001
-441.78505
-505.025
70.326096
203.40837
-84.203777
-598.48545
-390.54236
428.40629
-14.83366
-205.95785
-161.22618
-220.51452
69.128274
-8.7958004
-13.850223
-5.819002
71.48966
-442.8206
189.3193
117.07039
75.768265
-128.70551
-597.75666
163.81831
-36.441548
-477.24401
-402.99785
60.272766
-94.791942
-13.65287
70.96079
172.56311
165.71013
213.94768
177.99152
166.92498
-53.590202
71.382318
107.52617
197.01053
-395.53939
-573.91958
-309.71494
205.61251
-126.53629
-133.70332
228.35553
-566.1369
-436.55323
-456.11885
-201.73111
-349.81681
-267.82018
-88.633345
175.00323
161.79072
-47.773261
-17.173091
168.61505
-503.5668
-532.00238
205.37589
-29.601803
29.101283
-573.12613
27.9932
170.03248
-476.42529
-366.98722
17.421203
216.32597
170.4414
107.67978
-444.95936
-474.80203
-96.76965
47.785657
235.17815
-73.437616
230.41425
344.40102
-479.93958
786.10494
246.73275
94.686809
171.7383
-26.691454
-678.13947
-503.05456
147.3795
208.8305
-12.4981
-57.7927
-441.72828
147.61011
-534.83194
-470.07913
-168.27573
214.02939
-552.05088
-55.47819
-485.70895
-491.25415
144.59946
250.13029
-422.78852
195.44902
-501.55722
-134.31724
-130.55259
189.05684
-655.13036
-470.51263
-641.95113
-501.20501
94.761057
-482.64193
-518.18788
-281.44391
-335.51112
42.439499
-480.61035
213.90202
-510.9651
-315.25298
234.20376
-516.83514
-293.41857
-108.8687
164.64229
-673.58654
-76.310183
-508.10188
24.485555
-281.645
-21.80083
189.05269
45.769459
-369.45573
-471.79405
-499.44218
-390.70472
-409.49173
-39.549552
-451.00285
70.82042
-60.006929
-265.41517
-196.32194
168.58682
301.22532
-4.5123991
-96.314952
-358.76368
-138.94573
-519.33971
160.18354
-501.70378
168.81368
68.53887
-555.0533
828.78591
94.58186
165.13993
-480.54952
-514.19818
-159.32075
223.49578
-288.04282
-62.483445
-567.16231
-79.392036
-367.53848
410.06267
244.6038
12.097606
-161.88095
-209.71838
174.0944
232.26306
-504.2878
191.41122
166.15784
-479.79409
-509.97198
-3.7689224
-431.82209
-660.68012
-116.49006
-505.14262
-566.17288
112.67238
-439.95836
-274.04526
209.21569
-568.40201
-139.89737
-11.893857
-52.872573
-517.98918
167.74174
147.90482
-126.27885
178.25181
175.66548
45.614127
-492.83722
-74.120599
13.504619
172.10322
-381.87108
86.589503
-374.26653
-31.721188
-290.81928
-374.48721
-225.38236
78.214782
98.288125
226.35786
456.68272
-667.73041
64.758619
654.04631
-467.93902
-47.91005
-232.58411
-8.2452515
-503.93603
62.077069
-331.62653
87.941677
-171.00862
187.43394
-26.545939
-491.66147
-279.00666
-566.42391
33.427503
15.118744
158.72119
-0.8210422
13.063398
-226.73369
-500.88266
130.17286
-24.595805
678.67338
-513.71057
-455.33711
-484.72122
-558.41358
-521.61016
126.65626
161.35534
-28.010488
160.6448
-27.363773
-55.264393
-88.963592
-157.85128
139.51428
44.284758
233.54039
168.12189
-459.01424
166.55748
194.10481
45.496885
-165.14434
-289.44892
-299.51701
-22.641243
-446.78155
184.33099
-492.37098
161.12081
90.644206
218.8408
-505.96802
238.20998
-79.271871
-232.00871
-472.13319
244.40363
190.38394
-121.10916
161.78351
-510.78136
-85.147817
-463.84443
153.03069
195.40615
84.778584
241.29411
168.65424
160.48485
-417.02052
-364.49151
-391.18356
-101.25315
-493.34862
86.382354
168.41622
-569.05455
-148.07038
-218.68397
-221.9786
-560.18451
210.37679
-513.50553
-138.35358
135.70738
198.26869
-115.20773
-550.61958
-64.374498
-434.46423
172.20897
-460.58087
-130.46144
231.85763
-74.741757
79.166877
-91.980917
-511.59766
-269.03863
-370.96892
-304.35526
101.42713
-404.44418
158.63462
-488.77475
23.936919
-458.42607
-218.85972
-122.25504
-276.12214
-484.71474
309.80659
-34.288207
-531.00248
187.0018
-551.42148
21.015743
164.89246
-184.47702
682.36378
413.19619
37.500007
-91.996299
-265.37295
196.37333
404.69693
251.44496
-247.80851
137.1117
40.152432
-395.19319
-174.97526
-436.40942
-225.01238
-470.83389
-524.05204
-328.28425
169.38202
-463.89339
162.34321
-444.20076
97.675114
-466.88059
162.37745
67.018608
-437.58699
-239.45049
-217.98929
-93.616951
-466.5409
-4.6761197
-464.22619
159.17444
50.125938
-424.96911
183.22136
205.38529
239.15405
84.171166
-472.02386
5.6209759
-277.86204
-432.46436
91.14713
160.69386
135.83671
-570.46407
-565.5359
-322.76653
-87.46188
-544.80468
649.517
-486.67936
-81.787822
-438.10749
-83.00287
-237.42621
184.57227
-482.15307
-146.36839
234.75113
-478.20654
94.625024
224.93158
-388.82032
64.260389
-230.25715
-465.27769
-30.592987
-282.37778
27.12091
-100.54628
-554.72706
11.210288
78.569877
-489.07817
91.900396
161.45099
-88.967381
-480.74539
-483.22379
-499.4712
-376.20226
21.535977
135.00333
129.8505
40.739424
-294.90128
37.92748
-389.75309
21.716267
-24.030292
-228.27241
71.902271
-551.99375
-493.54107
207.55527
-251.71695
181.74138
-154.0418
39.967998
-484.90801
166.39245
-552.6086
67.6511
167.20582
-119.96437
65.238748
95.26125
-506.4337
167.32565
160.83792
163.20885
-385.12514
-353.73812
-131.56312
-6.4694991
-400.95676
-67.953473
-39.228633
431.1909
9.6373336
-29.446522
-493.50194
-339.82322
113.59714
-292.64275
-112.32236
-406.85737
-513.67727
165.46885
528.02844
763.80331
220.38037
159.85852
-414.6145
499.23435
129.54069
251.51978
-47.174727
-521.59534
-506.0107
20.418171
-286.63344
-136.80199
34.822429
207.75037
165.42719
-355.16157
-23.482288
111.71422
50.2576
-447.01714
594.53465
-82.211055
-508.61301
-581.75606
213.47267
-508.7887
163.52922
-428.93028
-228.56611
-389.30097
184.50539
-374.74853
-464.69548
-125.21867
-515.50092
230.00215
188.66657
-230.21118
197.88601
-490.26858
203.89867
160.96668
-463.9937
-553.80923
30.304457
-577.78692
-604.2182
-413.93297
-109.83646
233.27833
-509.22408
-184.39888
-129.43265
-13.778899
170.80614
-49.534033
-369.05348
167.22612
-471.97185
167.11157
168.26013
-685.83727
-364.62096
198.86975
112.51131
-387.96559
-493.29226
41.762872
-380.19785
-283.26475
254.14589
-42.240792
91.54306
-372.00544
-164.5442
-426.68473
-268.07437
170.45869
168.3076
-64.692583
-500.25315
33.000487
-474.29156
-275.19614
-79.613406
-563.63432
-6.5436347
-659.32406
-530.79927
-140.83
-357.16244
684.36733
-561.81299
-511.34599
182.32059
186.91799
-403.85155
-422.0128
-185.59925
-492.42031
-282.20702
-329.99331
161.05509
-476.6267
163.8219
250.41632
-493.42867
362.02643
173.47518
-91.772254
286.46898
-312.57596
-541.37164
-436.35029
-509.35022
-507.63469
-82.566157
-199.15846
215.46597
-572.70351
165.57077
801.58974
163.38682
212.24109
-124.37486
77.389135
171.61226
-170.03535
-477.22277
-488.03259
371.18632
202.15441
205.75673
-544.42208
-195.48513
-152.96638
-411.48258
202.48573
68.171033
-27.307557
-151.91192
-506.8078
-333.5381
-471.55956
-272.45529
-386.1326
-436.40548
-502.6384
223.12703
-42.602181
-4.2602779
215.66017
-495.36456
252.77388
-441.4719
198.33082
-465.80327
-477.51849
174.05256
-389.7996
-169.20299
91.511703
-426.78262
-201.01089
169.84346
-92.958873
98.230408
190.58603
-546.69196
194.47244
-500.56435
-453.0609
197.78436
-496.00659
-199.84081
-375.75194
238.03173
164.70425
255.51669
-514.43254
64.673123
161.76108
-492.18964
-555.74831
161.247
-469.30012
-477.07607
74.50968
11.899946
-668.65737
-502.27089
-497.01095
-196.70089
201.56123
37.980069
-459.95303
-186.23514
290.44747
-200.46223
-496.58902
161.05391
1006.093
-44.411305
-138.06918
-54.833317
-456.1655
42.249532
-363.95811
279.9742
-282.79821
-511.23262
-119.8172
-154.30245
24.860248
159.67198
-326.71507
161.59438
-199.93147
461.11625
-634.72698
-35.177806
478.08753
-537.7653
-556.7695
-457.50931
-556.79155
160.96648
5.4756391
-119.1508
-32.856159
-199.8379
193.57232
-488.51727
-270.89677
-325.52279
-467.8456
-467.74903
49.736297
-105.52843
218.41224
-522.2869
-491.85114
-440.14489
160.986
-491.97574
-496.39937
-450.15142
-507.93814
-73.405948
-31.393885
-392.08426
-302.48854
-385.76993
420.74622
132.02816
-465.43044
-491.48121
-196.80288
-109.66953
161.11381
0.099292992
164.14726
-3.6761421
179.75777
-519.37287
193.53028
-96.470738
-514.90325
-620.45451
-474.45841
-389.27078
-490.05756
-40.816432
-221.33977
-186.61809
11.537271
-103.95941
-408.88418
36.46103
-295.68152
959.57673
-560.945
166.525
-493.85482
-42.03329
215.89473
190.80118
101.39031
-275.24117
-3.1616459
-449.19879
-542.86375
-476.68516
-633.79894
-157.21019
-493.35613
164.01343
194.02664
-447.20273
178.69571
-575.8568
-457.25994
-500.14125
208.28134
-186.53335
-593.48617
167.68424
-482.18497
-397.79739
-465.12749
30.612616
-443.40767
125.40399
82.308824
-178.2301
-9.7343664
-477.49965
-345.26589
-498.3044
66.136023
-443.17753
160.40066
-344.72434
-579.26819
-447.30708
-491.24524
164.88342
160.95278
-477.77108
23.836195
186.33978
42.387424
-492.97492
161.26897
169.00193
-332.55463
-503.44099
-566.90397
196.58409
-458.41852
-546.77918
169.6473
164.8403
-504.66141
163.72466
-594.66102
-138.02572
79.457289
211.96823
163.30544
216.74003
435.85657
74.581835
-534.62408
-216.00152
-508.41085
-498.16366
-126.24232
462.45378
238.75326
-12.86223
71.560912
-483.6249
-42.99095
188.12865
-161.6349
-405.62542
245.62349
-485.18196
101.9312
-352.89058
14.046455
-199.86178
-140.54945
2.2405957
164.69257
-421.05033
-584.60944
160.64477
48.939901
187.0513
-290.84858
194.96644
-502.97884
167.73732
170.8657
191.35404
-482.17696
164.53811
-592.93677
-215.78515
127.34241
-486.7453
70.17718
-132.89741
223.42112
94.304938
-200.23197
-33.060821
-73.463057
-237.93492
-78.21042
149.22143
-693.67028
-493.3314
-501.48923
-106.3563
-111.70306
-454.55357
203.88792
193.47563
-45.70569
-325.82297
-171.49042
215.20085
-483.76771
-385.60226
-35.728782
81.215494
-435.84914
168.56628
-54.058717
-455.11872
-199.98649
-307.72704
-266.12171
180.53008
161.06365
-349.54058
-402.28582
123.91272
-487.74332
547.99312
178.24079
-521.29416
142.1417
816.60474
212.7499
-5.2738955
-130.75189
-249.90547
185.49777
95.883527
-505.55357
-189.95614
-2.029071
182.09115
-518.7257
244.92004
-253.73257
-4.2890763
178.04406
-452.67776
-267.64603
-433.01396
210.24378
-501.7975
-551.55736
161.56137
187.9038
-363.53029
-86.631509
165.34085
-235.73513
728.28104
-485.71515
-252.14644
-479.47487
165.25995
-25.763801
160.97526
-163.6425
-475.25717
-11.993004
-469.90534
-222.98687
-272.6147
-49.983065
-430.31811
-703.50935
-514.68226
-488.73587
-58.366087
-51.780111
100.48052
170.93987
22.588771
-107.44173
241.7833
173.67921
-510.1015
166.62565
-234.88155
-508.5273
-28.715911
76.439678
711.67965
-507.07766
-447.3862
86.350188
102.55396
207.84817
125.25458
185.45871
-100.76181
243.82697
-344.76229
165.82106
160.29093
199.26587
-105.46224
172.70194
-326.95126
161.66491
-575.47086
-298.89962
166.3104
-409.17254
172.82241
162.21038
-404.99942
40.496075
-509.79134
-325.23734
183.33168
-463.01161
191.53138
-269.74918
-164.37601
-445.68229
129.60355
25.807478
-444.94348
-470.29257
205.47439
90.291983
-423.55932
183.55595
94.688232
-530.68023
-370.28614
172.63527
721.75238
-395.69174
-69.526259
-515.28312
160.06761
-402.52585
-389.64685
-417.47948
183.03212
-504.14691
301.68618
150.49428
-361.71854
202.50166
-346.48635
230.30633
165.22775
167.35683
151.40083
-138.63071
164.5279
148.50651
491.64546
-219.16395
59.860175
-309.30787
171.73918
-528.50583
-609.42181
-463.35244
174.63089
-543.3973
-280.16229
-170.01213
103.89831
-457.37659
-105.49113
166.99116
-368.81041
-79.377563
-449.14542
-507.7353
-493.82161
97.447448
-491.30467
-295.37136
-462.29247
-263.73935
-317.4769
-326.06027
-266.62717
189.55665
-521.79474
161.61786
-350.03165
-56.583408
206.82993
-515.88386
-84.439933
-513.44679
166.88549
197.20376
203.71992
161.30274
-28.707579
64.845482
-107.99887
200.03205
-216.95039
77.175841
214.70554
121.43375
-480.87477
-497.5522
-114.67836
-492.62847
-232.82033
168.34245
1.7020847
122.00803
-507.6713
30.576303
51.205657
121.83695
-14.525699
-526.39893
160.08533
162.65261
-421.14286
-492.57352
-398.21712
-511.54622
-403.04304
661.85731
206.50255
-439.65274
-659.78159
-428.70423
224.63628
162.20222
164.28089
-212.51963
-272.6629
133.32904
173.13166
187.79283
-478.41274
-506.25487
166.89577
-457.60328
2.0562677
32.32786
250.75726
197.74415
-508.91172
-385.9562
77.351968
205.81732
132.99307
-367.01987
-392.53476
41.717932
607.7212
-201.13663
161.01204
-227.62109
5.1793134
-503.15303
-102.4621
-11.3389
-422.03746
-510.08226
-337.12605
-483.38697
-90.395042
-614.93705
-363.61075
-481.79972
115.43086
-134.6569
170.61179
-35.59105
-501.84221
181.97529
-338.52509
173.88713
274.06835
62.69693
-609.94255
-711.23653
-287.22195
-83.037332
-113.1555
210.71564
-111.70517
982.12052
-221.43942
-380.83101
204.71304
-448.86781
-534.36095
-483.52397
188.19956
206.54225
-453.41015
297.9343
54.939947
-220.32876
197.61465
-506.31246
-291.52608
36.982096
-282.48796
-196.97006
91.240825
-384.71568
79.468735
-43.727043
203.21989
-16.290333
-83.466745
-512.14614
178.58716
-479.28345
-38.385228
-370.08147
-533.76962
-678.28836
3.877675
-523.02024
-505.69371
268.6411
-516.35261
173.72007
-474.87541
-368.76513
-116.29773
-486.61747
436.77284
-81.518307
590.36089
-632.87767
-30.526211
-392.9737
176.78361
140.6741
-223.72212
172.2675
-481.22229
-479.34923
703.20529
-354.24889
204.27973
-111.29325
-591.21229
-346.3809
-222.11974
-480.87782
-32.910433
-70.823085
127.74932
216.97054
-107.51546
209.27485
-510.40908
-286.52091
-507.18456
-190.07552
619.50793
-131.86587
-27.474387
-515.64254
-396.63563
161.30068
-467.11475
-84.247384
-216.63595
204.408
-568.64006
170.90115
33.456079
-477.60191
-31.967962
118.3966
-213.02057
160.33294
-513.2392
809.26258
16.379427
-76.502736
225.35944
-526.08515
-214.28037
-399.35634
-481.89644
-424.28626
-212.6212
162.04841
-466.25155
791.41373
-516.47658
2.9632049
161.01622
87.391329
82.747445
-378.11768
-157.39881
205.727
-68.8739
-419.5756
458.15585
-336.55049
-440.76897
-510.20734
-259.32537
-18.760601
-105.53385
266.78982
-669.92456
-175.34646
-477.35243
-98.480739
162.82132
176.98556
-98.199166
-84.510647
-451.44548
548.77667
101.01047
389.08117
-505.23107
116.67934
50.987676
161.19461
-484.44562
-429.78931
-406.89442
-368.63581
91.875789
259.0655
-557.31039
200.74648
191.92071
-540.84344
161.12482
-233.21729
38.503129
210.73129
-439.44123
230.02056
-456.57881
-523.55443
246.57209
-432.96234
228.2849
48.954685
-514.54687
211.41538
191.26158
-584.16766
-338.32636
97.774172
230.12031
-503.16747
-464.14497
-122.17104
-47.246297
-29.839018
-519.98721
175.80679
62.634093
-535.01517
-120.78275
159.91856
164.10319
30.324286
-516.6408
-180.66003
850.45799
-500.75935
-34.519149
-220.01742
-33.250808
207.82232
256.55704
-392.91868
-254.23946
-148.67262
240.43862
-125.43367
-287.54601
-425.78729
197.95987
-465.58497
-284.42056
-375.07013
-605.13362
-48.756688
-446.26987
-499.17714
148.51125
-488.73577
-479.14113
183.85095
-12.263662
205.56414
112.34568
160.72439
-482.8298
-137.0687
-481.56889
161.36627
-52.843695
1.446614
-117.78404
-484.24647
94.609948
-516.56381
-425.59424
-25.5258
-216.6575
-515.67095
-491.4231
160.61102
205.19673
-7.7137142
162.00682
-163.19484
-123.02476
-469.12519
63.291059
-483.18869
196.68869
-197.67817
-404.78884
-482.75672
-662.53982
658.9433
-646.92444
-224.12092
-396.10656
-488.68256
180.7537
-492.24616
-212.39617
-555.84634
-519.2062
-481.62435
-382.72991
250.57249
-471.44258
-544.94271
205.21373
-284.24973
272.25042
-442.52023
49.283284
-446.00932
-538.01355
-273.80042
-96.710178
-506.76525
-443.72462
-220.83329
-80.026484
161.62313
-208.97003
-272.15897
167.46437
-490.59175
189.10463
207.26283
518.27528
-647.02029
100.37152
-11.065985
-4.9692249
-405.04446
0.011962823
188.77764
-394.79368
-432.45659
-403.54526
-361.02206
-507.025
-262.55342
14.55689
-15.876554
229.78219
-498.81558
-39.383854
43.169195
189.7677
-481.8513
205.52718
-451.72837
-123.18259
4.9478592
-288.70512
-352.59842
-38.341915
181.81369
160.01813
-52.856167
107.40294
151.62297
815.69299
-374.05035
-322.29328
-500.02882
-654.91288
82.404406
22.180362
-199.15055
-307.36717
228.45268
-183.43284
193.58994
168.75882
-415.48569
212.9354
-180.65708
74.107843
-174.4591
-451.19019
-512.20868
-373.26389
-495.26354
-215.38521
-533.30481
-128.44999
189.0198
-141.51914
439.10001
200.82569
-203.3005
129.56989
525.99285
-518.39638
-105.23049
-266.0482
-281.78625
-363.58744
-438.04923
-510.52154
-498.13144
118.15091
162.26195
190.58113
-58.842366
180.03967
181.72363
-383.58491
-499.88068
-485.08074
-385.44357
-224.96377
-415.43286
-472.06276
-72.877498
-218.34388
175.26113
-57.930777
-536.50802
188.61395
568.7306
-305.6375
161.5029
-49.289846
717.81166
-613.79397
-190.42506
-512.16403
44.352595
167.1671
-526.16365
22.64924
-49.158705
-194.01669
-593.13441
-516.32567
-11.821167
-22.017783
258.80907
-359.65497
834.94823
-453.42781
-506.88315
161.18837
211.61343
189.17908
-530.82007
-462.26548
-571.90713
-683.90755
-133.95177
168.41921
-376.66553
-514.40126
169.16941
-363.14556
-520.61665
-45.962215
-0.78719846
-187.73664
-470.3209
122.06793
-154.47889
-513.95204
-503.67791
613.80719
-316.97968
-115.43386
-514.24782
-275.13138
-249.77409
-415.95677
-492.98932
-196.80949
-477.95762
-465.28754
-476.28602
-204.99263
255.80871
-129.64191
-555.4154
144.52734
160.77442
-614.56342
206.45438
-84.494767
472.66903
117.24465
155.98569
-709.99722
-492.77222
168.70072
-538.89819
-15.89261
-230.57511
162.85374
-485.57875
-349.31552
-567.77766
-101.20386
213.96653
556.39695
-516.89784
-140.97302
-205.48737
-489.8932
-650.08425
3.4590708
233.77779
-503.63073
175.83095
-421.59054
-529.45414
-484.11657
-509.53474
-384.46756
163.69204
-361.27903
-521.46266
-581.23797
-518.01425
-33.621155
-339.06229
-549.81134
-290.06733
185.39417
-483.25579
-475.10693
78.654726
-78.089691
-456.20783
-141.82867
-172.90469
-189.7132
-498.08737
-110.58483
9.4355575
-541.88757
276.98469
254.05214
-494.59534
-512.05567
-91.920277
-40.829822
-291.10653
58.132352
-14.529122
906.20584
-102.7375
-6.1581052
-361.12534
-267.22549
-448.61504
275.91333
200.15325
253.44592
22.151664
-125.62495
-525.93915
162.33179
-453.86199
-365.38792
97.78421
91.506358
-593.82232
-127.86325
-495.76132
-356.00745
-444.8629
-291.95569
-493.23553
-153.22382
-505.22447
77.292114
188.85335
-230.63156
-53.503098
-475.55113
-399.95061
-482.11392
-547.67596
-479.56869
-92.423034
982.0355
-347.94096
86.27301
-549.11483
-500.85042
-35.176491
-387.23853
1093.8674
-535.05155
194.11026
-275.46294
-461.27121
-501.42395
357.45935
-74.95899
-449.97233
160.32648
-171.70227
-292.84808
-490.38786
293.11818
58.342979
250.33862
-493.26616
168.05364
-410.72681
194.11192
-363.47476
-53.411595
221.9962
-535.36252
183.16367
-357.25192
-43.821739
-495.49605
-524.20007
-102.40768
-376.86947
-67.080468
161.12749
162.56899
-132.07284
274.34667
526.784
166.69538
217.64664
196.35696
-505.01544
163.38384
-431.02812
-590.18797
163.88417
-444.25052
-44.073651
55.794954
-392.92814
225.11542
-471.8644
-251.61255
-395.57716
-226.73612
164.04819
-496.20073
180.17941
-384.55251
220.90738
-78.228899
721.35862
-48.376523
-239.98494
-548.34143
161.89233
201.44287
-102.71398
79.333946
-389.58505
-519.32759
162.47533
-267.43813
-86.724021
167.9236
-575.34211
-28.65806
168.43437
-284.25986
46.110263
60.076533
-17.978837
-191.00074
-454.03942
160.07443
39.490938
-366.21344
2.0572959
-452.47488
256.65108
-485.17733
-487.76377
-511.6259
-47.963784
-98.275144
-1.048548
-392.1981
188.51925
-480.99551
116.72394
-340.42656
-351.00436
-176.74612
-496.97331
153.75448
165.77842
-70.904457
210.47927
-214.6888
144.05698
-494.99524
-558.80534
-486.20665
39.527763
169.92077
161.09643
-219.55982
-226.93844
2.4468003
156.86574
736.55122
-216.17138
19.161442
-442.62093
-262.5426
-473.6836
-430.89122
43.669203
-504.54495
16.023412
179.88513
-497.29855
-442.11538
-144.51156
-360.0323
-443.90289
187.69902
-513.47118
213.17633
-369.19322
-429.10324
-295.56913
164.05522
230.14337
-494.27577
-497.04602
-292.57166
180.51856
169.40484
-622.30975
-169.83051
199.50297
236.6335
-671.92939
-261.46312
169.08105
-489.62289
-496.32033
163.39816
-317.10664
-407.80113
122.23467
-497.0021
-556.44918
-498.83691
-384.21176
-530.0484
-505.80133
160.79948
193.59961
163.52366
-474.64406
88.691714
-476.19763
-506.69154
-495.44543
-500.12447
242.73577
-495.88632
161.78436
-338.44407
-690.50108
-127.09853
-441.64774
261.83014
243.1861
-314.3394
192.64765
-418.00313
-361.84166
344.20382
175.09747
159.2161
-595.46925
-288.60264
180.57102
-118.63833
-300.48158
164.37604
-508.91501
-496.26823
-496.87352
82.399093
167.59387
-275.64007
197.31678
7.7073552
84.33735
-287.96904
162.10395
-507.78684
-244.4539
-540.55745
-496.82537
-395.10994
-493.10461
-519.12942
-491.16742
-54.36144
183.39712
-507.14613
545.73994
-565.22501
233.12371
-531.72526
-638.76458
-502.49109
-410.238
-635.92229
72.094132
-389.8693
-209.82025
203.36387
145.398
216.79074
242.93962
90.55792
-169.8964
-585.02713
226.85098
-404.78494
208.34876
18.190472
-495.92726
-496.74552
-36.740104
182.4962
169.87628
-399.5548
169.02916
251.42923
-265.56634
-404.00027
-559.57763
-245.94607
-556.95133
-471.84052
-573.02133
-158.56435
-413.09141
-369.81789
5.5337754
196.79243
-270.17777
119.169
-455.33146
-223.67222
-376.54229
-354.34711
-479.05099
139.43293
-556.26916
-491.93878
-498.63901
168.16919
-486.62487
183.86298
-310.99637
161.24497
-27.604593
168.30635
43.763856
-542.1297
-496.85337
866.02496
145.13487
-155.35108
213.18972
76.818903
196.95892
12.525902
-354.56461
-158.642
188.96261
-46.674173
-291.19274
165.40072
225.4014
-498.55228
2.9776081
887.9157
-268.75894
176.44933
197.77643
185.79217
-672.55437
-376.69377
-551.83061
196.82144
-43.959529
137.61739
174.05816
-146.98608
-508.91993
-500.78509
-204.41015
-383.58499
-482.48994
5.0748966
199.30202
-681.80787
-511.68909
166.50216
166.42874
190.64525
85.301831
172.93891
-536.06479
-495.49863
-721.58161
-433.00715
148.99797
80.965252
-403.82694
-3.3513106
-495.8289
-470.83815
-493.068
87.107518
-490.05196
-354.42801
-71.675265
94.162543
-478.79858
162.19645
229.31474
-427.49412
180.91596
-373.61065
20.678832
-129.30811
-451.90685
-129.53338
-517.71828
39.632154
-488.03081
-332.70968
53.994861
195.85407
-494.3643
210.31558
-96.718957
-63.311373
502.05936
151.44982
-492.75763
-479.18291
-14.765289
-212.98014
-117.84458
175.96291
-442.27892
-691.5907
-45.092643
-460.8041
-143.19118
756.03769
-390.38874
-506.5157
77.879214
-556.06513
-150.38916
182.3427
155.27582
-658.51995
190.92066
-360.04438
239.58414
-573.743
-5.3909917
-70.374591
-499.36012
-552.73131
280.16057
-379.51345
222.77989
57.319175
210.79166
-429.93208
7.6434389
-495.11392
-554.87801
-501.18077
-362.77318
162.02138
-568.9717
-485.43387
222.1197
-337.36753
-385.47019
208.75713
-353.1155
-504.69911
222.81132
-467.50877
122.14452
-365.24812
-496.78373
255.42852
-303.81443
252.36338
205.64438
-517.65005
190.19264
184.27756
40.129244
-161.1564
194.05401
-154.94122
-386.78862
-77.321707
183.63764
-281.71281
41.587653
-540.51638
64.854294
-499.97207
-481.66548
-506.49627
162.21337
1.2562546
223.22718
-143.77246
-507.29041
328.38502
-243.21036
-588.71927
-519.91503
-5.8126007
85.17481
-110.01408
-496.71126
0.078972262
-23.76192
173.97827
167.02816
-139.29537
-151.58233
-483.60981
-191.9546
-532.48571
533.59694
19.978544
-490.11352
-244.71983
-592.88437
-493.18677
-481.10822
-218.93796
-484.26253
50.997123
396.16614
163.48195
88.750481
35.99287
-433.25467
-458.02391
-492.14334
-490.68678
-468.27174
-201.93538
191.77799
265.68148
-385.72868
15.860364
-515.34541
-480.26599
35.770428
172.36103
-34.519198
217.6609
-23.574252
157.94119
-505.22459
-121.04787
-26.2805
-512.79644
206.35072
-350.84063
-649.70367
-56.34502
39.623057
170.38675
-18.96992
-25.061463
118.35801
-243.04938
-501.56107
-496.83939
-177.65715
-500.61879
9.1859354
82.005627
88.343766
-211.33944
236.81996
140.12721
161.44147
-185.69517
176.50847
-521.36257
235.17728
215.29634
167.40955
-533.82453
-121.95909
-200.38224
-437.87541
-126.14625
-350.76124
-257.11053
-375.4215
73.149206
-294.54661
-493.07929
-3.4838967
-162.63273
129.50891
132.4711
-541.36221
-325.82994
-152.46365
-412.86292
-163.95811
176.8163
236.49214
23.343421
160.60128
117.59121
-484.3319
-482.53482
-492.30977
-496.8018
-309.87457
-546.25804
-40.15716
173.68158
267.33703
-491.69461
-425.54758
790.04648
-497.22478
-398.09173
592.0948
175.69469
-485.25778
-272.87013
-238.43799
-510.54422
-537.9903
-521.42417
-505.59924
194.91534
163.6678
167.97743
-493.05981
208.40058
219.49848
-309.77675
-130.35322
-267.01468
-363.63815
-512.39421
-314.72583
-68.307234
-735.73137
49.930458
53.452711
359.89249
41.797601
231.8875
-74.404145
-51.789773
133.70327
-453.05022
-82.907244
-118.26548
-445.53709
15.382378
-517.43125
142.90692
-581.87387
211.40998
38.530774
182.12009
-93.628494
-647.72349
-356.49693
-435.24056
-34.851491
126.10353
222.88637
-493.41478
-520.84246
31.058528
-473.23718
-516.09106
182.73175
218.46823
157.48266
172.11731
-490.34912
-115.55414
-510.37539
7.9497854
105.99919
-193.85447
-439.6916
-326.07716
-1.2004471
60.9559
167.94924
-567.01561
163.29248
-359.66346
21.984061
-271.83521
50.124706
-410.9235
173.6437
144.47421
-493.25531
-6.4144458
206.38504
-523.93466
78.901365
-515.87267
140.52918
-617.83434
-571.0351
84.813181
-311.15445
-192.49623
-219.06927
135.81558
220.15066
-60.689394
42.151118
1067.5098
389.43854
-495.53564
-462.06436
10.798767
87.49598
-509.62861
-282.93457
-714.15825
109.3593
-356.42863
109.63947
14.817847
-490.44334
-80.01243
-184.84073
-497.32237
-99.478085
161.10328
78.125423
44.002021
-131.56356
-136.09545
-250.03404
143.23886
-604.24589
-566.32039
-93.001159
101.00863
-535.54513
-503.86112
192.03945
-548.9056
-286.81649
-81.636938
642.3638
-222.96865
174.34665
-177.22721
170.7022
191.26852
-145.38003
-413.79897
-493.31153
-222.34525
-511.52658
-293.2301
-306.61765
188.75148
-41.443367
-134.37734
-491.55765
-121.07183
184.68934
-503.08066
-486.82061
-494.99516
161.89982
-204.24884
-379.19238
-505.1619
-503.74534
-285.46309
-617.28987
-500.77048
-495.68679
-477.47441
-422.2923
-495.47553
161.10371
160.12721
-674.85428
-222.2996
-492.64287
-539.64321
173.16922
-165.25262
-394.37877
-192.66706
-92.071282
-479.96245
-545.44517
60.476624
40.398329
-16.817275
-257.99259
-396.47829
-488.6537
-569.6452
196.73264
176.40642
132.19976
165.04175
-322.58765
-464.4783
167.87849
152.25939
202.35419
-489.13839
-499.41895
165.93248
-331.28334
-350.85768
93.452134
-524.24926
-513.9915
-558.23274
-470.06569
-495.98797
-422.01817
-629.46009
-290.32442
-160.24866
-510.46219
0.31148144
-493.19461
-495.88551
28.86674
195.88039
-490.59106
-252.89301
-435.30086
550.79126
78.984298
192.14752
-89.118776
-536.28172
-514.75381
-742.6118
-503.63014
45.883409
-461.44508
-289.36436
203.21184
-573.21902
166.22709
-465.27238
-566.7644
171.93767
-26.540644
-102.69075
-9.988589
-46.225858
-533.87146
-562.13533
182.36455
162.89893
179.25407
-11.65509
-242.68725
-555.6213
170.95118
-341.73287
-410.91571
-496.06791
123.73621
57.813682
-400.65906
-454.51163
-330.95729
79.979681
169.7919
-136.30851
-561.03086
-416.07645
163.0353
-516.40246
-271.90831
-150.62242
-241.20208
-515.66225
-348.28883
-258.06961
-457.83097
123.86602
-620.25926
-403.71894
-507.49412
-450.73989
-150.02904
160.55908
-430.65715
-117.08967
-341.68277
-237.85972
-1.5363718
-450.64641
-492.18923
-460.74343
-209.79893
-464.7175
221.41629
160.36124
129.55997
206.10022
-496.01575
-693.97148
-509.71562
-345.28797
-493.55174
161.55682
494.56255
181.76605
-370.03368
-405.98292
100.45005
-238.89456
-346.69428
-492.68141
-493.58797
-169.97403
14.545717
-325.04326
-171.67083
33.36333
-655.67766
149.39753
6.9210846
-510.4102
-394.94699
180.71016
-227.0533
125.58486
-476.87568
162.88654
162.5743
-388.66069
-506.51756
-271.25676
-14.474462
-542.70764
72.846024
-522.25193
-356.54186
-126.30704
-504.4133
-624.88959
-497.38541
-494.14634
-471.85239
29.390639
-164.76262
174.89549
-392.54377
-537.83917
-631.65262
170.60851
-387.54335
172.74132
-420.70762
134.52542
210.65994
104.01483
-134.41364
-156.49693
170.19227
-461.54738
140.66579
-195.36226
-372.96365
161.20368
24.693301
-499.45535
-406.9038
-90.093724
-498.8908
-528.04356
169.22787
-64.05302
-58.357234
-366.89205
56.35296
-626.05996
-439.87483
-660.32439
-161.42463
235.95243
-499.19267
-507.5844
205.97133
-570.14908
-190.42392
107.87326
-457.72223
-465.3638
-507.36281
-43.117175
-500.1252
167.07598
168.35918
-69.425657
-96.458738
-239.7758
-498.86351
120.66318
-171.88348
-380.88681
71.653371
-502.75367
-142.11985
-493.72131
-501.09249
-104.9745
-480.96972
-465.23275
-263.21564
180.59459
-495.38132
162.76831
-236.88188
-65.777121
532.60827
-251.58797
-448.69666
-279.34291
-492.34028
-441.45988
-545.17349
153.16574
-0.74446165
-27.958679
-146.37033
-351.26329
-272.25689
-496.73259
16.016634
575.26262
-42.161152
-367.15228
-277.10541
-262.02399
128.3788
-232.8472
164.62123
-513.03353
-463.70636
-495.01147
-72.165582
-213.7721
-207.22056
-110.98053
-67.819148
170.20144
-735.45209
-511.79758
-547.86986
160.68674
-403.17455
-145.66084
160.91814
-397.78947
-321.02596
175.81737
-421.80035
194.94661
-506.20773
-740.49988
-293.46164
121.19635
-32.637523
-591.85055
-464.22559
192.04942
-578.45672
-520.42548
163.15842
-240.71939
-24.523775
203.66279
-562.81289
-254.94329
-55.788561
54.428051
-474.21524
-660.78792
214.58555
-516.47191
-498.52739
179.57514
184.74525
-572.4011
-332.50456
-130.64024
-500.00042
26.196043
-593.72297
-7.0474398
-488.90392
99.762585
-509.89531
-207.22637
-493.70975
-338.00332
-474.16233
-451.22549
-517.41752
-472.7638
177.65154
-185.03058
-325.91936
136.55126
-515.48483
-514.46385
160.93541
171.76261
-445.45035
-498.66346
-487.68163
-362.80457
185.41416
-126.61486
-192.17066
160.90819
-32.447858
-65.28254
-599.37222
8.3084957
-266.54493
235.65186
239.54795
-446.06509
-494.87845
-303.85932
111.43984
-494.59199
160.07456
-495.35214
-517.90059
-524.09934
225.7253
-376.48818
-506.69624
-363.72445
-363.67763
96.763958
-728.36304
-430.26278
-57.338509
29.880813
162.79825
-313.05078
-471.72795
-182.87704
-434.84768
-645.33286
-217.4073
-395.83834
-451.44854
-489.85665
-410.10541
-452.65752
-429.98517
161.88245
195.9373
-411.10717
-443.27143
-210.5907
-338.42792
-522.4992
-464.88599
-256.67878
-96.883356
-65.358149
-363.07112
-468.02926
-304.22547
-603.11374
-457.44801
-384.88094
-465.19599
-498.27584
-197.49813
213.60611
52.970657
-323.95854
-340.95182
184.78487
-93.478404
-246.45656
160.74978
-56.165872
-457.06948
85.310982
-471.07957
-42.650991
224.96844
-158.78945
-461.43905
232.51849
180.75651
195.77711
161.10929
-79.984911
-523.96293
170.30695
-73.485362
124.90091
-426.1695
-494.76452
58.232303
126.41646
-576.08054
-291.90298
178.21959
-513.70131
160.97851
-383.92096
-540.00302
-430.9003
-288.39281
-270.27051
169.21239
-582.76104
-397.15574
-476.42563
5.2039688
-495.196
162.87294
-460.05258
-98.549639
-407.41832
-196.87362
198.20745
-455.43165
-496.42735
-454.93542
-496.15694
-201.57803
449.99286
-133.04402
-549.55247
-424.03344
-326.22825
204.46432
-493.70491
-468.21006
-556.93107
-434.17922
-463.10801
161.05958
161.07822
-503.78389
-295.69481
-325.45473
-596.48898
-458.51044
-477.47294
-120.95326
-435.46585
-458.4142
-498.09478
40.144488
-308.3449
520.88645
-570.1864
-455.83601
-545.24562
-249.01225
-618.93981
-65.420414
-587.73381
-495.75183
-468.22642
-127.40676
-585.94779
-465.02472
-463.60459
-449.80123
-574.3127
-83.49861
-347.46079
-446.58985
162.77309
-141.67129
-343.31634
-454.49724
-396.8188
-277.82089
41.439804
217.51867
162.04086
-181.71208
83.866782
-16.383146
-505.49628
98.206204
-448.78258
226.81595
-493.71398
-531.0992
133.11702
-65.558256
-431.51164
167.67132
212.98353
-493.40627
56.344019
160.74219
174.66487
-418.30725
231.03258
-501.56662
-381.26773
177.98669
-506.4692
166.19905
161.03929
-578.64847
28.609574
288.11517
-498.64114
355.11532
-516.10855
20.0657
108.50518
-505.32807
-379.77707
-265.82713
164.21764
-508.17565
-576.42287
-363.97963
-276.6302
-441.96619
875.35043
-519.02558
-590.34101
-468.92651
-257.41052
-463.60282
-398.22897
140.48789
-428.30494
223.50864
-264.61721
173.78181
-441.15442
-490.91325
-453.19941
235.02887
-70.731467
-342.78889
38.477392
-494.56644
-456.82908
-423.20501
160.68146
-35.306352
-416.63533
-766.55765
-599.87445
-55.450457
-501.51824
184.50507
200.05335
-324.42433
160.78218
-45.854489
-392.30761
-539.39574
184.51171
-428.68591
170.66071
-571.29302
-63.521398
-344.40702
-561.62705
-486.54072
-248.38419
-437.52733
-261.62634
25.481695
-493.47229
223.68622
90.445941
176.1593
713.38558
-174.79314
-589.56626
-453.27136
-496.80743
-294.54324
-174.41361
161.0982
-480.10133
-402.53357
-732.39464
-94.867765
-414.70934
-156.47422
-128.37916
168.93438
-33.540246
-576.14039
-461.77367
-221.98759
-365.60986
183.19814
-385.1121
-479.45112
-525.91128
-534.65454
229.02968
-392.3131
183.13808
-17.973085
87.690881
-574.25249
170.29597
-477.64877
-536.8415
-186.62837
224.23651
-36.586337
-309.78509
-514.04864
-359.84344
-216.51931
-537.9507
-496.97582
-298.84388
227.58576
-363.62185
-278.83406
-256.55589
220.26202
166.04382
-462.66961
-288.1393
-558.57539
-732.10827
-32.102537
-518.07672
-528.6532
128.84406
-26.827419
-466.65503
-521.7646
-202.56205
-435.08944
-260.77949
-453.89185
66.803774
-499.05302
-272.82418
-288.81053
-495.272
-320.58272
-184.65385
-334.16986
-271.14527
-494.86797
-1.4742917
70.624961
183.26845
-459.34148
67.149052
-462.35894
178.82778
-55.149136
181.83975
192.8427
-131.97948
198.94814
-335.61642
-459.54215
-591.51105
-409.41823
-477.14701
-296.14703
-44.535729
-263.9589
-444.12785
-512.08158
-598.76816
-517.69778
179.86922
-202.57019
219.48724
-271.50517
165.48268
-407.35035
-494.09484
-368.41357
-403.53195
-92.752973
-51.226108
-469.03694
-585.73755
-404.78369
-409.32397
-575.38746
-486.81619
169.62708
26.177646
-496.95353
-206.9271
-530.82427
162.24098
-485.80346
212.58992
-250.70171
-515.10183
-342.75882
-496.17431
218.92769
-496.63752
-510.27808
69.099514
-78.141407
-563.04943
-478.8778
190.75753
224.32319
-508.90414
-257.23142
-445.92895
-355.24893
87.160203
-518.76674
87.699988
60.647524
-233.39512
-197.99957
-196.20233
198.76214
-583.64697
-52.394916
52.093718
334.74464
-433.04734
-492.40643
328.98061
-505.96357
-31.812056
175.19911
150.1345
-560.36406
217.50237
-517.1176
51.29684
-465.11521
-416.90851
222.74013
-222.94414
-377.0265
-93.114382
-37.771874
-451.87305
-495.29961
-265.51579
225.13218
-601.44152
-490.39902
-386.13588
-501.21169
-413.86492
-335.93114
-364.58037
-464.03263
-494.41642
-111.70963
-139.44161
-683.00727
-730.66478
-357.29894
-411.71976
-586.92784
-136.80532
-225.58436
-483.10911
-568.82734
-291.52564
-206.53806
-455.98245
179.22384
40.449548
-221.32028
-452.75582
166.61192
-182.48699
-1.7935494
0.045859262
0.094504989
-2.8356707
-4.0378387
1.4437803
1.3076913
0.041682034
0.10968826
0.039396534
-0.0948775
-0.16547584
-0.046503352
-0.07805419
-0.065189002
-3.3932423
-2.180199
-2.4890428
2.5395269
3.3378808
3.1364091
2.957485
2.8219278
2.5381892
-2.9204563
-3.7689336
-4.2236915
-3.9342376
-3.7592146
-262.90253
-43.453117
-458.68768
-250.59637
31.241277
-698.70935
-527.8108
-499.91612
-459.8786
-592.51739
-428.10691
-702.66207
-277.84831
-168.17773
-445.44668
-502.44444
171.5508
-432.76417
59.646624
187.3391
201.0451
-315.01644
-528.84124
125.64933
42.618332
167.89844
-449.84517
161.17278
-519.67542
132.24204
215.61946
-106.90848
-333.03292
75.786493
-135.56791
-236.27373
-282.9246
-542.38979
-437.02415
-235.99936
-404.49695
-382.11843
-491.81751
-456.07191
-704.20519
-505.24869
-253.17578
-381.81779
-463.50865
-461.79452
-50.23439
-166.96514
-325.42024
-159.09502
243.15059
171.53936
-256.72216
-232.62143
-422.48216
160.86111
-530.30549
211.22941
-464.88693
-373.75707
-494.86718
13.652667
-418.24322
-503.36279
-208.1948
172.72292
-425.88883
63.658783
-175.16119
174.68313
191.57565
-434.6551
-451.51447
201.54589
-3.3981687
-592.56444
-483.29303
-206.8405
44.106923
116.36121
118.62893
168.88687
-465.67828
-496.5376
-521.2474
-514.11568
162.10097
-463.69933
-456.4607
76.142136
-497.87734
-455.99191
840.85366
-429.84885
3.0301492
219.32869
-496.42665
-559.19809
169.74429
-725.29416
-169.21294
170.04298
-526.3401
179.88066
-580.8601
87.867376
-257.10852
-450.27486
-328.12235
-210.43629
-381.97998
-493.37083
-354.95288
-441.12541
-376.23315
-496.17745
-74.853783
-164.93105
201.28537
-543.18655
160.97442
-441.92419
-454.51581
-34.495218
147.05874
21.480042
-540.1103
-173.78983
-21.980485
-38.454209
165.87746
-463.8523
239.06952
-255.00088
-482.08797
-399.9691
-309.6174
-494.47996
139.54198
-177.4635
-46.399485
-372.30344
42.183887
49.358959
526.30547
-497.10051
207.21934
-346.08706
165.46925
-547.26146
-408.43016
-583.03072
-510.97968
164.39521
-226.85297
-461.42097
-509.11915
-576.56881
190.04256
-55.621442
207.27909
-43.029555
-415.318
161.26027
187.03689
179.50415
-140.23466
-376.76013
-386.90789
-113.44398
160.94049
-285.01837
-339.10747
105.34643
230.45368
-441.19976
-496.32129
191.23828
-506.92527
-190.16628
176.18136
-2.3002458
-48.085598
-55.416318
-204.97422
-320.01585
92.983321
-447.46129
173.28434
-42.113961
-494.73936
227.86642
15.363647
182.19935
-427.83972
-431.12281
165.9181
226.60172
161.45224
55.327891
-388.05039
-463.18955
-442.27963
-461.71326
-399.36815
-523.97356
-246.70026
164.5457
189.81864
-412.94522
-260.0218
181.22348
-551.14812
-491.7656
102.81781
-232.49642
12.272727
-178.48149
-505.26631
193.80712
-463.40183
180.54874
-63.868412
-514.80084
-251.95789
-301.70814
-561.7191
197.20066
113.42205
81.77405
-489.64462
-574.94345
207.0765
-491.16085
-151.52933
-504.44155
179.54042
-523.95345
-77.084123
216.99823
-220.01648
-51.303026
-37.09218
-493.8122
-347.79082
-287.06004
-261.57828
31.041779
193.89731
-30.144351
4.8958448
27.680221
-193.14299
-458.37327
88.441507
-126.79625
-398.61717
-256.24262
166.76741
-13.909183
-298.18144
200.65785
-677.2778
-463.93981
192.8046
-563.60568
-363.88732
-493.87128
73.462922
-495.1385
-246.67057
-527.67625
-319.41575
-501.13541
-555.068
-272.28457
160.88064
-551.46972
-450.68135
-501.62115
219.79215
-63.857774
232.09669
-389.5865
220.0826
124.34091
-497.18069
-526.35442
-495.67786
179.34579
-464.6035
-581.67883
-11.488123
161.04442
85.44602
-451.98941
-438.54709
-569.46337
-443.61191
-8.5045897
163.30158
-476.33611
58.336325
-229.65225
-251.85734
-187.36541
35.23175
-364.78194
238.12616
-487.14001
-437.479
51.883067
43.554504
-407.79778
-437.9848
-489.41346
-53.455909
-164.41579
147.95895
-70.244337
-320.457
58.69275
-495.06558
-0.85442027
-554.69178
-79.009157
-379.44042
180.35834
-348.23474
187.01386
178.30171
-449.41003
-0.11852476
-479.09964
-133.6139
-693.79702
959.43581
-463.76457
182.34987
231.36164
-103.44057
-493.892
-464.65821
706.53856
-479.64624
-248.75122
66.258035
-231.79693
-423.64555
-493.55881
-562.83783
-180.15
-459.25726
-505.65676
-401.50855
-233.94244
-546.36427
-523.96746
-492.56908
-400.85052
-131.27339
556.92552
-377.3741
-505.36176
162.32206
-508.1875
54.873582
-581.15693
-585.68073
164.69158
-440.26109
-64.90046
-304.59243
-457.5297
-331.72581
-498.78202
-219.65059
-419.32406
-448.02075
161.22213
-495.56896
-567.56992
174.16472
193.27375
-62.208737
229.14207
-518.16961
-250.39129
-497.74663
82.014277
-372.22572
-134.47215
-19.936117
186.37404
220.39556
320.30904
-88.3201
-510.24586
-348.56952
-360.19233
-171.18841
-462.4065
-505.10145
-72.551078
-145.52329
172.40991
15.379217
-151.93794
170.31741
-564.86307
127.60774
84.622188
-524.27837
182.89418
-413.55341
191.74754
-492.41279
-500.29502
-373.03714
-440.95267
160.44042
-222.38722
-241.80766
-477.88533
-340.07225
-465.02422
160.88749
-237.76501
-87.741479
-573.60511
64.627932
-238.32184
-393.27725
-314.26969
-511.14114
-207.59958
-260.44089
16.592007
163.80011
-215.76947
-577.79187
3.9386747
-586.91132
-482.50395
11.034236
-414.3793
7.7666642
223.39186
-441.06895
171.681
-490.35214
-498.34216
-231.95359
-187.56201
-53.251665
-89.287505
-377.40576
136.24543
157.27368
-573.48939
-241.62445
-350.94029
-287.91554
173.10083
-388.18115
-156.32718
-215.66149
163.4709
160.94254
200.37145
-404.85335
-98.633694
-431.82869
36.210287
-554.97461
-505.56219
182.33604
141.44304
-519.81167
-279.1481
-124.45026
-120.44905
194.08235
-521.86292
-454.32943
-536.66965
-549.85123
-509.54187
-452.89119
217.35816
-353.30037
-288.18877
201.10018
-217.1707
-425.17019
191.24587
-465.77308
-492.59869
-401.21514
193.25311
-260.73849
-144.15422
163.65641
124.95267
-472.53841
-108.02514
165.66145
-525.75612
-293.50394
933.53302
-644.85926
-494.77747
49.219887
-67.03856
-3.5531149
-23.973553
-492.81013
223.70898
-57.273978
217.27225
-41.457314
-490.14126
-373.91961
-462.95822
-613.95287
-68.70127
206.69202
-587.96387
-624.99659
140.43297
135.82172
-552.00302
-504.6551
-1.1620397
-128.23278
-145.86135
-651.70896
-519.79797
181.37365
-113.0992
-523.18607
-343.79262
-44.936085
219.1831
-403.19359
-495.79479
-248.0948
-215.15415
-521.41335
-508.18176
-542.44465
-495.14566
-50.956867
-426.49923
-186.17133
253.53701
-543.21508
-359.28364
-584.3986
-417.73453
220.84075
-236.17188
-496.71565
-553.06399
-585.12123
198.6895
-524.84169
129.91211
-430.04297
-228.51399
23.094104
-494.47046
-231.45801
-285.71387
-429.44122
161.64135
163.50203
118.57333
-89.05685
-510.81501
-385.22638
164.80968
-73.252083
-265.60034
168.89192
-586.43218
-496.38932
177.22544
-510.52187
-330.58747
-496.06724
-344.41849
191.65967
192.38891
-628.93839
-44.552296
-338.11862
192.11451
-518.62321
-479.67533
-371.41702
176.33155
-199.40011
213.09097
-271.6045
-500.26564
159.26693
-460.82341
-586.44002
-315.23438
64.885636
178.94404
-95.186337
-518.12724
165.97343
-356.61724
-411.68807
12.521452
-356.46897
-488.28434
-502.1792
-497.58758
-712.55811
154.09583
-133.85736
202.65643
-63.984971
-476.16046
-481.96433
-618.37475
-88.665921
-410.46959
413.14988
178.69644
-493.3324
-258.72294
-13.784375
169.1384
141.11351
-517.98988
-404.86406
-385.80115
-142.75364
-446.51736
-561.5065
555.22367
79.866605
-410.98307
-27.066673
-386.29557
222.27781
114.71484
-215.90603
-496.62799
201.06628
-454.37737
-315.4681
-502.00697
166.84956
-362.86658
-541.06077
-480.10553
184.05394
-328.78172
85.205109
169.01524
206.72169
113.21734
-100.37894
214.63116
175.55296
-357.32266
-490.78398
-465.24603
-519.46395
186.07341
163.97172
-29.49444
-255.18815
-563.33748
140.60001
199.62892
-335.38629
174.08472
-508.55772
-372.90839
-586.49441
-548.22107
-90.528836
-364.93796
-362.23555
-414.87938
-488.84608
-587.70587
-394.11623
161.8588
-588.50374
-308.28555
7.2878299
-351.07453
-33.878976
166.94931
197.95455
-374.96359
157.45641
-236.51259
-440.83589
-382.93434
232.00228
161.65969
28.349823
160.75561
-485.96555
-441.74349
579.94906
678.13417
-711.88591
207.41347
-494.39978
-494.01287
-37.042132
-554.94761
-492.31527
-497.39782
-450.01159
81.838536
-516.31656
-41.364408
33.318702
13.500775
241.9925
512.62118
184.01973
186.09429
173.17654
186.60809
195.88319
-507.51004
-460.28837
184.61489
97.200293
-572.77665
-482.76383
-275.71414
168.48491
206.69808
-365.40753
-449.24973
-495.17472
-433.52733
-566.20429
-354.92022
-336.53821
-112.35901
-392.16535
280.63416
-393.70813
156.7091
-516.05898
-429.74109
-526.01505
201.06463
189.93295
162.15575
-342.5506
-482.89381
69.368289
-459.41622
-641.18862
-181.40392
-519.02615
-308.85115
-497.17651
24.679575
-396.89562
-415.98605
-139.92542
-205.43743
781.23362
123.92807
88.442977
-304.53194
-498.03462
-333.05986
-497.43584
466.79009
-491.46205
192.25242
39.864718
124.00484
-149.58531
-514.16127
-462.6302
-383.20203
-705.02009
-378.39761
-512.86364
317.68664
-166.36382
-75.279999
-468.60091
34.71186
-481.33388
176.94188
164.9579
-518.63152
215.59745
80.951308
-456.0131
-388.66692
-382.93413
-213.10377
128.7328
173.4422
-536.83937
160.87182
-267.23798
-487.37887
-639.41805
-511.55574
-48.239803
-239.46516
-415.88788
163.67094
-374.52787
-177.8738
163.28732
-78.5165
166.7776
-392.24461
-399.70757
182.90591
-445.21067
-207.02529
30.128781
-495.48593
-506.10239
-119.80343
-688.01885
126.30357
-52.844792
-268.61962
12.956266
-489.34948
-440.02521
-39.024464
137.55048
-489.34286
177.85553
-43.227469
-73.510563
182.7807
189.97064
-474.90961
-132.55457
-277.665
189.34496
-31.606594
20.977195
-377.52874
-493.79747
97.572912
-478.74994
-495.02279
126.65912
-84.481007
-396.98501
-93.837113
55.02863
-266.71409
-166.65387
202.82435
162.77369
221.66715
-383.21871
-428.77796
161.31319
-483.58238
-367.84439
-533.40181
-492.20889
-39.928674
-387.22797
-161.11785
913.34218
-3.7792548
3.8867764
212.90254
-170.52666
-34.309445
-468.15181
180.36404
-458.96159
188.20925
-130.78846
160.78847
-511.90358
-204.00254
-472.70151
140.49116
-382.48161
22.215486
-117.021
-37.880858
215.83405
-269.24891
-465.89173
-80.912001
-159.78499
-494.33699
-392.12469
163.10432
601.75459
-462.71477
75.803466
194.65596
-241.20734
-351.59897
-308.02443
-532.92507
-515.87692
230.05189
-479.55029
-29.514976
163.55939
-344.29497
-251.19142
-214.27905
-86.483336
-500.90779
-448.0083
138.07737
217.18161
-447.88194
-277.53662
-192.753
218.43053
-180.08103
-434.2801
-404.84679
-9.5355222
-79.59537
-496.44053
-459.01012
-517.43331
-496.83745
37.085004
-492.63757
213.8988
217.88986
-19.272137
-494.08138
-500.79724
-282.98109
-380.5423
-491.40384
-46.224045
168.42936
-262.12392
-611.88505
131.9764
-499.85993
54.650538
-253.38991
-107.01875
-482.26482
83.122871
-338.67032
199.53956
-111.32752
-496.65551
90.558595
-493.18647
-447.48991
9.7283598
180.4339
-336.79585
-161.08321
-109.80658
171.97874
169.41434
82.526893
-419.46904
-264.75207
-267.87298
-485.19281
161.66977
172.37942
-346.33228
-429.49881
168.17024
773.9806
-212.14941
-511.80225
-481.07288
-536.19511
347.33061
39.762273
-274.82951
-141.34162
169.70625
-661.3978
-89.242365
-297.44597
-263.07052
-618.02486
-469.81264
226.57457
-148.08972
-565.93125
-59.084134
-90.161835
203.62903
-419.75693
181.08417
-282.92005
-496.58311
-499.3202
584.86017
-365.25742
173.3044
-35.907198
-512.5497
-2.0046602
-475.76175
-124.17895
-554.10062
-548.45874
-498.78966
-521.35888
345.29905
171.72738
-358.02701
-496.6685
-493.17048
-489.27366
-536.41587
-508.38081
-263.28165
161.72868
-20.883726
-502.18548
159.84721
-392.30665
-101.04899
-371.57729
13.060288
-683.133
-290.75108
-492.87435
-332.37967
-240.59596
-628.75518
-497.75709
97.330602
-622.48643
726.15593
166.464
-407.1993
-164.82658
152.98071
-525.20257
-372.58433
-129.36827
-495.8623
-398.75487
-381.35461
-509.014
-79.821222
-87.592944
-57.614044
-87.592762
-203.99985
-480.35762
-64.705844
238.51787
-149.26681
-510.61203
-475.77031
174.80022
-401.08971
273.83905
-470.61006
-431.81763
-135.82994
-191.66143
-96.742979
83.848647
-174.99238
181.16411
-58.975921
185.16657
-503.42873
-127.45486
17.646788
19.508812
-10.609041
-647.75899
-461.43891
-292.97762
-243.32455
189.56796
69.681727
-225.60161
-411.09851
-518.31652
188.3441
-265.96874
163.6217
195.0272
4.2268884
188.23335
-492.27876
-344.31077
-180.97615
-606.1026
-395.37462
-461.24214
-284.20645
-433.52779
-114.35386
-45.203587
173.25943
-494.27083
-493.45592
-87.844705
207.0038
-511.11148
-481.74862
-449.60644
-643.09487
-494.06537
-89.087495
-50.551796
-410.66772
-453.2719
-497.94724
191.43494
6.4370083
-492.0937
-311.21328
-494.4842
-243.48902
-415.6425
-1.3612228
-656.0096
-491.50188
202.64441
173.23669
-156.22158
-495.30898
-512.5203
380.35806
-552.24095
23.80949
210.19834
162.22479
-491.41298
-709.18022
-154.75876
161.05455
-417.01834
166.95542
230.90975
176.65272
-453.69876
-429.19398
-28.945632
-588.29349
834.14004
-146.49534
-73.727005
183.83912
161.47661
239.22251
-45.193105
-311.09107
-49.472172
163.6927
188.71377
-167.99285
-139.97685
-250.89882
-511.32957
-495.96482
-590.74002
193.20042
-147.82593
-521.27409
-171.04089
216.41194
9.4664565
197.64818
-255.78948
-516.51421
339.78861
-503.80855
-376.43071
-105.89691
-607.32098
395.37227
-180.46966
169.51571
56.206887
-492.42475
-169.43135
169.16
-299.33201
-84.127347
-511.32571
-70.10712
165.78779
-591.49531
7.471964
36.709831
-60.22205
16.74805
125.93422
186.9795
-489.44797
-468.59261
-499.70978
-398.63434
143.6345
83.297612
-163.28535
-460.19278
-212.22259
-420.16198
198.90078
88.788406
522.98728
115.13917
-501.63731
-556.54136
-58.546016
232.2741
-479.8605
-20.713129
-474.43985
-78.233359
-344.61647
610.98166
108.04714
-349.76066
-207.3568
11.597392
205.52812
149.3483
-490.13366
-441.54101
-493.26736
-523.86538
262.43505
-466.86851
-495.82198
-461.23096
-494.02913
159.92613
462.60145
-440.78967
172.69379
514.30263
-495.64334
149.82744
-515.51547
192.62392
-83.550139
159.9819
87.287073
-196.93051
-401.97734
-55.245023
-504.12377
214.59547
-304.98298
-268.8697
-10.487506
8.2000057
170.52226
-358.35474
-238.58211
-479.16211
-473.53816
32.786468
168.26822
-642.82578
-217.60415
-490.17097
-337.713
296.06101
-602.31124
-433.70544
198.58265
-495.55236
-560.05529
199.04541
225.40637
-384.49463
-677.36371
-502.84073
-235.65415
-284.6726
-370.56008
-227.17259
-502.15008
160.53121
-481.24878
-490.13922
-205.87965
-76.521523
-211.73506
-252.66236
167.66675
-482.71975
-494.71729
-502.3764
-494.48645
10.00548
-510.41458
167.31329
-483.01142
936.42871
48.266182
-510.73551
-662.08436
177.01419
170.2248
-494.57311
165.98024
-186.78267
12.883345
-661.82338
-39.386202
-497.06327
247.66474
-144.86574
-490.57532
-16.845933
194.75986
-495.04109
-470.9812
-228.93709
-397.30479
-353.46592
-506.13325
-194.89394
14.465001
-709.3988
34.200301
-130.08742
50.298725
-496.76213
-221.17854
-435.79147
-236.33905
-493.5605
704.2232
162.82153
248.48551
-374.37559
-500.44249
-482.5539
872.00915
48.323721
-267.49584
73.471557
212.36156
229.40685
79.918131
360.0589
-152.57132
-73.17577
-28.534656
-501.12897
-503.31968
-426.09802
-510.29218
256.10413
-504.8026
-265.42218
-218.75187
-120.07722
230.38811
-578.54593
201.35744
-254.82618
-69.154362
-489.99974
160.74595
-740.47355
88.300765
-493.82919
-278.61864
6.4534945
-446.56246
-467.65565
-581.59275
165.13843
169.02389
-494.7436
-440.41057
-497.52396
-75.132516
207.03661
-2.0572419
-611.5329
58.572355
200.98497
531.75015
-357.98059
195.17361
13.59193
240.93098
165.35233
-476.91553
-263.21828
44.030159
-593.04924
220.13228
-66.06621
163.27275
170.99618
-39.021065
160.03969
-468.3026
-442.23351
-583.58782
-515.72249
-468.96072
-528.32444
-368.15785
-495.91141
-570.1299
-216.28701
173.48912
-601.13963
-105.67318
187.28511
298.29154
-341.54696
-40.908372
-510.16964
8.9348718
-503.24288
-374.04205
-243.44373
-376.79109
-682.79788
185.68725
-524.04256
170.28126
182.62809
128.766
-274.02218
2.6793443
-101.12915
-54.789537
-393.26897
-498.45372
-136.88243
-357.23028
284.15389
174.63515
161.35431
-494.74066
-492.14697
-472.04025
-132.80293
-293.95105
-417.02788
-502.46609
-680.29249
-492.02183
-498.52888
-360.68866
-596.50469
556.04662
-166.14366
-495.6732
179.85369
162.98948
-117.47798
-507.95889
209.06596
-548.73536
172.85097
-576.86426
-462.31915
245.95421
-459.50491
-153.25592
-43.490764
-310.62674
-457.16288
-131.18746
-335.72881
-163.21138
-474.89226
164.22765
-320.7226
220.74891
207.90575
-224.41379
160.8339
-7.5216589
-495.31168
-59.242788
-269.85652
-506.35328
-506.68871
-284.85865
161.15601
51.275034
27.449547
-528.75997
-1.1236482
-479.00224
-302.50454
-400.09041
4.5228108
-407.67728
-140.16389
49.33217
-658.95787
-247.69337
-7.4946921
222.41192
234.52843
-228.99327
-588.9292
-116.47625
-267.29244
37.701425
222.84463
-288.92337
-236.82531
-488.09051
-517.31877
-143.22974
-50.599187
-319.39783
-493.25103
164.51578
229.66964
-468.6677
177.99157
161.62335
-262.55285
108.59473
176.94447
-515.09877
-56.225588
-509.44228
-179.64799
-499.91403
-386.45517
58.462211
-97.347493
-210.41809
160.54379
-458.68358
-400.93292
-97.956854
-391.78623
-311.82943
-285.49022
-261.76496
-298.27852
644.34847
-54.306473
183.71889
-533.55379
162.56288
-491.8016
-253.14554
172.78235
737.45116
170.76641
268.50806
-96.464123
-469.67692
-432.92522
-493.0803
195.29785
207.36742
-411.4693
-517.40889
-314.6067
26.322583
185.87271
-432.39248
209.24913
-496.19973
-318.59895
471.65162
-304.05387
-528.91102
-54.663697
868.27218
184.65908
177.06421
-508.3198
58.541309
899.96915
-280.34185
-97.990115
-499.57626
-533.88598
230.4953
-578.63218
-305.19927
-540.95565
-290.94104
-478.90568
159.03349
-143.76008
-395.18797
208.78711
-627.34832
-349.84591
-458.16535
-478.50009
169.3701
-364.08384
-489.31384
-554.70979
-511.79981
-318.34448
-5.5076669
164.16807
-99.576484
29.23207
88.855984
-356.47304
161.25954
1057.177
-475.35102
209.31161
-139.68911
-23.89747
-207.48163
-541.62779
540.37484
96.593707
-520.87653
-537.57112
160.17263
-215.28604
199.77824
-367.33992
-447.37161
-500.69296
-608.61359
-477.96557
47.868721
-482.17796
215.04455
-7.0864011
-86.758893
-196.34301
280.00351
-558.99569
-164.62937
0.33602368
-180.57312
209.30586
-448.83238
-317.68014
161.13621
-445.57024
313.24165
-464.09789
-386.91364
-362.3105
618.26739
-518.77192
-139.98986
160.4978
-444.39499
199.96795
193.40695
-492.8182
-403.42801
-111.88242
-117.97022
-323.23254
186.49441
-39.627564
-466.21382
178.59016
-487.44055
-292.96074
-206.32501
-549.96144
121.65174
-201.71645
74.521891
159.13162
166.36245
-505.80369
-185.29341
-379.06851
-219.5293
-490.79223
-579.81961
-538.22401
42.161987
-225.51588
-482.64481
-23.586885
-319.67288
-128.70376
85.415767
-117.20278
-480.67875
-260.90466
-498.88695
186.93709
185.73084
168.46335
-458.61613
-509.26122
-226.68092
-468.11855
196.13326
-193.05768
-131.6957
177.90104
-552.82055
-276.54052
221.93144
-389.46024
213.85605
-12.625232
-337.63377
-88.65885
118.1412
76.853014
997.20093
-88.317723
163.01644
-8.5306248
826.65814
-119.94236
-513.02113
-470.77631
-376.90102
-279.63897
190.7019
-22.052926
-602.5625
-516.8496
-261.16569
-62.496129
-6.75235
-6.570269
-498.42042
207.39415
-78.555623
166.72296
104.12163
-70.853296
168.25832
-511.1503
254.06446
-221.45509
-514.72937
-232.00091
-608.9197
202.51183
-55.784044
-502.53494
-122.57207
197.23478
520.25175
191.49397
-497.82415
-466.71254
177.17628
635.79193
-223.27529
-201.52923
-152.38661
566.48277
216.27127
-421.6666
37.865573
-333.42637
-83.003442
-491.96014
-508.72083
-521.12683
245.96118
-18.885552
-486.92684
234.87044
68.000378
-509.30132
-488.22881
-479.66047
10.086606
201.42174
-163.16582
165.04784
918.06762
-475.47012
-641.87079
-332.47981
-183.93253
-180.55303
249.61464
199.28015
-397.91815
81.599912
-168.85118
-506.30803
-112.46729
173.81552
-561.42343
-59.790882
-32.593398
206.24084
-226.01373
-98.175796
-549.0517
174.98196
-69.132336
-347.62821
109.24566
-85.321767
-481.64526
223.06118
-139.30885
-488.99394
167.38419
-12.590301
-159.15522
-618.98466
-506.06013
-96.605387
200.76964
262.23766
244.01166
-651.6526
-257.58665
174.56277
-15.795085
496.22891
175.9269
-499.51653
66.943052
-484.10662
-461.09192
192.32717
-526.48404
79.416864
-659.92323
6.9525445
-4.0544372
-118.73811
21.354569
-84.447692
-513.23783
80.261582
-264.83113
181.53766
-506.04508
-144.34594
-206.45389
-481.51226
-187.68889
-133.09615
-124.6078
-327.87969
-155.40353
-369.15259
-308.61265
-49.377943
4.6104936
-99.100279
-252.78931
241.62166
-221.80418
59.904791
228.13208
-22.694641
-382.15946
-519.44974
162.3032
-505.40768
-512.99328
160.76747
-274.56116
-30.463506
58.436719
165.71253
-511.73111
-465.10992
232.71678
160.65745
-528.27836
178.52398
122.1289
-142.44589
-410.6301
5.2780783
407.66067
-271.23424
-73.954358
-292.23842
-618.23235
-553.53784
-287.7198
177.19445
-163.80923
-619.16744
-191.05227
-124.24902
126.28113
161.20253
-118.0922
-351.51344
218.01324
492.19364
-447.46571
165.85737
-339.88968
17.384489
-507.33289
-443.83387
174.60895
-204.31673
-293.1496
40.464205
4.2280513
-451.11016
51.917443
-180.33499
167.86451
-475.79324
-523.13323
-287.78742
-33.197072
189.34838
-662.78043
-604.19364
239.14075
160.85941
-482.66648
-37.345116
-519.96258
-145.26144
-269.25499
226.24204
-96.919501
-459.84803
-184.28429
162.68096
-263.82849
89.239361
-150.8345
-262.03406
246.15086
166.38167
-426.36415
905.87062
695.83765
-159.85914
-518.14593
-474.04966
-208.77715
-528.24603
-498.68476
215.7971
-69.239252
-217.95814
200.74372
-475.35796
-188.60225
162.6504
-470.61152
235.88332
-513.89661
-389.56101
463.00319
-512.09619
93.210265
-440.04613
-484.76458
-281.29904
170.9707
189.24578
-477.96077
-3.3318796
201.46599
-238.8589
-477.9439
-153.25663
-326.85372
-454.47178
182.60366
-519.12892
165.18015
-345.61604
-257.45306
-394.67985
-507.17549
-216.92752
-515.34076
41.312945
-147.1419
-9.8964766
-149.12926
-480.97002
213.77227
-508.61158
-486.83805
-507.91503
-167.99987
-512.38692
-699.10517
163.66198
199.24239
234.51237
-477.50741
-515.88109
122.82889
-370.98612
-167.5423
-506.74672
-479.77237
-672.65111
161.11629
24.35991
170.93764
-157.64006
258.70685
-513.59972
-313.80401
53.848162
198.22211
-436.36563
-79.748576
-501.44685
-507.00693
-465.01966
186.89821
-526.28409
-87.456619
165.29708
-406.94856
-441.30806
-493.57895
204.76987
-472.87562
-526.00286
87.93135
-209.31432
-182.50502
215.74672
-518.24805
253.7932
-179.68093
-415.01926
-59.514547
-69.733957
201.62373
161.62876
-485.08898
-487.52649
-530.68885
-156.96128
219.0198
-31.629975
160.55179
-155.44263
-590.82887
129.13704
-136.97288
166.83989
86.365019
-519.75553
172.21596
-453.74762
-88.954312
-328.69754
-506.43239
229.08072
-179.00178
219.32047
-462.10063
-451.74556
-398.98498
-384.04853
-442.07614
-510.31071
-482.35938
-347.99464
168.13704
-93.758911
1.6348756
-533.10312
-483.32262
-457.46047
-66.264551
-624.67541
-285.08384
168.82063
41.798333
-405.62069
169.0192
211.26237
-586.34683
35.607882
-486.82741
-514.69923
-489.03659
-460.56284
-401.7103
82.043442
129.79075
193.65101
561.10205
7.3224969
-505.85874
-87.515747
160.91021
-459.01499
-499.3377
-9.4842137
50.956579
78.561394
-489.36649
168.00356
-597.53838
-485.10394
162.03201
192.89052
-67.405978
-509.13793
-244.41337
-190.13036
-375.35837
-81.07507
-216.56533
-470.27969
-508.07011
-652.29353
-156.03057
-449.88682
-200.10789
104.26526
171.04005
-411.71021
169.7299
20.41612
-599.58388
619.60018
190.07793
-357.42895
-506.25433
-122.27099
-3.3087717
-230.07975
-382.12124
-68.5069
-463.64921
-484.64691
-73.74815
1.0643744
201.42213
209.46668
-403.4278
180.36131
-462.07611
253.09283
-500.0016
-605.06143
-12.746335
12.150009
197.85336
-643.44489
-412.40191
-354.2671
-526.41298
152.8144
-315.52826
164.27566
-506.5475
-500.0711
-490.06201
-338.76623
-104.72961
-59.223284
39.655008
-504.40104
-56.952498
-92.056174
22.405797
-499.6764
-652.09873
28.902327
-463.69765
-444.01621
-439.29659
184.02666
-357.27908
-470.38399
-347.95815
-255.85991
-389.52507
-445.28843
-359.13334
-509.28107
-673.73041
163.13211
90.980825
216.74084
-9.3031064
-161.90351
179.65465
-129.18508
127.90561
162.36587
587.30537
-394.81954
-456.85815
-399.76725
169.92321
-247.38648
164.00201
219.95222
-616.5924
-502.19642
-234.61403
-402.96677
182.08355
-493.19724
-448.20749
212.56109
66.1593
137.42858
771.78544
-58.389143
10.585807
-531.51146
-481.12724
213.50387
-513.40692
-63.552939
-286.49945
-159.51674
176.38594
-517.29895
-433.53829
-83.398157
-176.31367
-155.12841
454.45976
246.1821
-387.94716
-379.24704
-499.88535
-212.34609
-491.66462
-598.11336
-343.16604
110.10569
-383.798
-466.16705
-66.405597
-195.07578
27.535753
160.92709
-239.78821
-505.99126
582.87304
-473.87032
-210.83124
-136.57099
-466.47698
162.69457
160.77094
31.442622
-585.32891
177.69362
-507.4669
182.90767
-494.30773
-507.62323
-394.73287
471.26492
-271.56675
685.88322
-432.10753
-556.67679
-26.221719
-57.382919
258.79318
-60.90315
171.55357
164.3598
221.03757
195.9826
162.90213
161.39071
170.73725
-16.386374
-39.060286
-225.00385
164.2862
-490.26168
-510.46858
-359.67987
-142.97826
-499.00692
137.48139
88.123149
-321.02828
-125.32309
-510.91362
206.41241
174.4508
172.58852
-603.92515
-17.810037
201.49989
194.97919
169.99087
-248.48948
-158.68066
-598.06607
-435.24243
-323.59321
-476.82473
-488.93022
-59.448573
18.40853
171.38934
160.41764
92.309994
32.377398
58.47662
-270.97847
-214.60287
-430.63357
-507.98206
-61.000243
-116.70888
95.965009
129.2426
-70.692039
-267.73956
-492.49726
-42.97026
32.900076
-453.75884
36.053214
-375.93862
-436.84784
622.23708
-24.30376
31.969633
-320.11628
-137.79819
36.583162
-82.984597
-228.08647
187.02486
-461.56079
19.919701
178.51899
-215.64797
48.264635
-64.3266
108.05799
194.27999
-566.85789
-451.43215
185.0873
-576.33861
-506.08269
-227.75578
196.15626
97.145474
-65.197816
-415.50682
-224.76435
-273.79964
-186.5353
162.24037
248.38393
220.72898
-216.85695
117.724
-496.46135
-509.65442
-200.18844
-57.765825
171.95434
170.97868
140.62998
-431.00319
-507.19366
18.819001
-172.29285
-352.56726
37.351708
-712.54415
-247.4546
268.0092
-50.492169
207.40497
178.0983
161.32507
-503.17874
-202.07196
-38.851839
-91.9829
-351.48775
204.84075
60.416186
173.5795
-502.88465
-46.927286
-226.5241
-486.98351
69.229879
-40.074535
175.85648
-465.2535
-162.49765
-502.85537
-242.24174
58.387454
51.929051
-497.54556
-479.31893
182.20775
-478.84301
213.92964
-500.9375
-222.79889
-155.9373
-50.266683
-596.4696
-83.658188
166.24574
78.489765
161.80893
-41.258107
171.93449
-133.51146
20.330104
-36.957895
-244.49208
184.49071
-248.98186
190.95283
794.0997
-511.89045
206.10128
-468.15919
201.71813
-602.42197
-492.14096
169.07849
-516.69969
-22.876785
-133.77598
-33.647821
-418.92301
169.12831
-498.30096
15.900254
-135.93531
-11.127843
-130.58762
-120.2441
-617.81088
-469.07294
-500.08384
-246.3502
242.32098
167.66182
-660.12563
169.95747
-74.980005
-498.55914
-501.38094
174.80082
5.5133224
-501.18989
100.30685
185.89003
164.73306
-93.469447
471.41004
133.45552
136.82036
-66.609755
-511.95113
-412.45976
-510.48995
200.79781
-507.5039
23.959159
-597.90548
-621.25978
-575.1561
-48.422493
197.66397
-472.59435
246.84356
-256.51235
-26.793044
-30.943825
-516.1227
72.878857
-621.00462
163.30946
170.91205
-276.43737
-558.98601
-47.448489
200.62282
-499.88656
-691.59062
-404.443
180.58748
-612.5796
-296.1428
-466.91414
-402.02407
685.92501
163.40361
-506.9037
112.98786
-305.89991
174.44937
-473.57821
-22.738841
100.18442
204.95424
-510.24669
-20.132522
-280.19357
172.5124
-380.53274
167.14211
-675.80264
118.85301
9.1125228
-686.08414
165.39823
-626.29664
-463.01043
-499.35671
167.59872
-460.45788
-218.6551
-608.80129
166.72949
-144.18353
56.270018
274.60738
202.25515
-154.06599
-125.82458
166.00626
-106.17055
177.39153
-221.26479
45.795927
-204.21716
-501.92013
198.03402
-261.65316
-194.84385
164.32396
637.66254
-493.52315
195.67952
-320.97625
-174.53619
-582.98058
91.715346
-480.60889
-135.42251
169.36694
-332.25427
-146.13165
-239.93312
-463.22295
171.71771
-280.06991
-544.35799
186.05142
-505.19665
-242.63893
-325.48963
192.78603
140.70894
-412.922
-155.2713
-477.1275
-438.25162
-312.42597
45.746438
-484.15906
-497.34426
98.302965
-629.76231
-338.82228
187.27296
-501.27205
99.23376
-543.98879
26.892096
186.11063
146.19811
-580.64772
221.33926
30.859504
182.29552
216.28125
164.44568
-339.31987
172.5091
33.834707
-134.49524
-433.95729
169.72444
-581.46421
-165.65619
-504.20791
-401.47051
161.88235
-260.43446
-243.86611
4.7186736
-526.14363
-124.26517
-413.43442
-19.228641
-301.24697
22.327878
-425.73505
-218.68091
-269.7352
199.06233
-154.73984
-149.36339
-504.99307
-210.48557
-505.28053
-597.22503
-609.39302
-21.108053
-505.82039
-482.94449
98.388837
-510.13766
-143.33705
-391.37501
164.35677
-368.97248
-306.08221
-121.23759
-41.260714
-444.47511
178.81099
-78.337662
-462.01593
205.42634
179.47946
-92.981029
559.91521
-702.78243
186.72879
-316.26925
-54.099934
-67.708495
171.39214
-460.53443
-173.73417
185.02667
253.74208
33.777018
-46.765847
46.353715
-157.49819
-124.10433
-612.01379
-454.13954
171.28631
-89.108172
-501.15228
16.118919
-226.58704
-501.78344
-389.51492
-501.36749
102.95221
-181.28464
-200.48818
-64.693395
-450.78139
159.58408
248.02647
120.48185
-168.96913
-172.25649
-211.85991
-219.04017
159.87739
-499.73451
-420.39107
553.25678
-135.45102
-150.06671
172.7888
-618.09168
-514.16728
-504.52584
-484.14334
174.08601
-504.65907
175.51886
-489.17225
-326.52579
161.34049
170.39529
166.29603
-238.36949
34.142669
-18.735043
-305.2237
-226.10326
-466.85113
-566.44166
-234.35405
78.841491
-499.51531
-15.768578
164.53711
141.52843
161.98876
-505.32147
-180.9908
208.58612
160.96969
8.9978246
-510.72948
-307.10489
187.33821
688.21892
-71.584093
-378.74645
167.18703
-212.92869
174.64822
-362.28952
391.95896
-504.6421
164.37717
-52.204101
186.13027
178.6501
-24.445184
241.42744
49.893733
-25.941124
-499.04989
-390.92343
198.53222
-126.39471
-443.86022
-490.3394
174.59229
-506.76675
77.786435
-489.07451
-242.38794
165.75473
-75.206409
102.85469
-221.95791
160.96334
184.97274
-245.78839
197.82915
-87.450606
-150.7788
196.19261
-374.91115
-362.42842
-438.93376
-25.172721
-499.69943
-19.104693
-623.14102
-19.893849
38.451301
-45.685309
-279.05121
-218.1175
199.8137
-282.43319
15.349256
-455.90163
-396.35203
147.93143
-404.09624
-462.00462
-170.85873
-50.84179
219.40833
-502.13678
-321.18365
-39.29864
305.09613
-29.698911
774.67011
173.20797
-487.2312
88.862176
29.283052
-508.06236
-490.15346
-473.71925
-126.73776
-529.29995
-432.44382
-420.73731
164.0856
-203.60834
-489.69342
-85.656208
-159.21297
-73.564213
199.36269
-367.29285
-494.30822
200.90211
163.22286
218.87449
-466.98059
161.50332
170.82276
77.523681
-48.581918
-35.498129
-389.19084
-419.45982
175.8547
-0.69027329
-468.65733
-477.41803
-11.638034
-10.605822
178.38681
-480.68759
-234.77947
-149.44604
-501.47487
-78.896713
203.97977
-499.79727
720.14306
-430.07146
-463.74799
-499.57809
-628.29579
-139.48277
-168.49158
163.24911
266.71982
-34.279641
-371.33103
176.68497
173.79799
72.265097
53.542048
-293.08227
807.50506
-490.61689
-351.58546
172.49696
-529.07844
-203.09781
-502.64656
4.8083825
192.54765
-366.71509
-63.637101
178.10302
262.39106
117.30407
106.72583
191.21066
-191.66622
905.6215
-466.23137
248.63837
-511.77192
-20.640607
-508.35074
-501.58482
-298.61773
222.81715
-503.98033
-561.77798
-417.56811
-512.3902
-292.6435
175.2115
-420.92765
204.33873
-506.54612
-128.78347
31.155349
491.10072
93.385931
-654.25936
-469.39951
-372.45435
845.48677
-505.16055
-467.86471
-153.42005
-240.72188
-390.04456
163.79573
-681.66324
-326.84463
162.99143
-650.126
-516.56536
-503.94062
192.04768
218.3329
-505.17123
188.94688
-448.0262
-454.74254
-226.35647
12.238523
29.811708
165.8207
184.71665
219.93144
-481.3526
-571.01478
-27.926026
120.69768
204.411
-505.70377
-466.04911
633.90958
-460.95775
39.887705
162.76617
-487.806
98.336786
-502.72022
181.91197
84.224567
-53.229006
-363.03421
-59.634914
23.4988
-464.46966
211.17918
-141.14792
-479.79021
227.62651
-488.95893
-473.96904
135.50415
-49.669456
-310.97036
161.80042
-499.25054
75.523376
-444.11469
500.17003
118.43656
-505.8954
84.389292
97.052215
187.54515
-505.60665
-501.46789
-466.74224
-148.92871
26.068297
201.76142
-500.96724
158.95478
-310.07988
125.1939
757.58314
-598.80825
-470.08232
16.031551
-510.47479
235.58786
-49.077067
-576.36779
-34.935017
153.67859
-177.09842
-425.77305
-62.093114
101.17651
192.15433
-230.96931
13.702872
-445.92052
186.5162
-503.81741
269.97193
-135.15131
-461.18003
-509.20269
-320.51439
-78.190248
-501.5168
-472.75275
-452.28352
249.16021
-424.68092
171.92119
-509.22034
-525.76778
27.421619
-654.53246
-460.40722
160.47035
160.87984
-543.90326
-20.029759
162.42048
-348.1621
-471.20465
-281.70749
-326.86759
163.96625
-532.26009
644.25796
19.869397
-526.45405
-119.32099
-50.66761
-468.76343
490.38921
-38.375938
140.47902
188.05874
-138.01256
-456.68436
-160.06436
-543.77476
-69.787466
234.18975
51.45323
-669.71271
241.36118
-502.61604
-69.482489
-505.1682
-19.757233
-447.27359
-475.58149
-85.39236
160.76942
-202.07979
54.129055
160.56895
-501.56474
-210.83751
-427.48721
-510.4492
164.36059
98.57903
-17.37426
154.59551
-511.99677
160.68402
-221.0211
-221.96876
-36.456945
-495.24103
-196.85467
-396.86508
-497.99059
-297.74931
-17.761042
303.20078
149.18028
304.77828
-505.62829
-343.24069
-497.17046
-92.290416
-320.36842
-429.0506
-121.46882
96.004781
-466.65098
-196.86295
25.446039
-463.18704
-223.84804
-9.0826201
135.09567
239.94526
-504.64304
218.36133
-152.6065
-155.91722
-149.99224
-137.10511
-611.42919
-194.77714
-79.469587
-464.3941
216.20717
-60.629751
-59.982181
670.94913
166.06687
-501.74737
34.520903
-474.47428
-605.23883
317.28345
162.80831
-507.01219
-181.22772
-12.690279
-323.46347
-350.82345
242.76626
-448.89006
163.21837
-497.71158
-8.7538783
-508.1031
167.35627
12.825236
-27.888189
-514.50405
-197.36533
64.373768
195.59637
-301.42002
245.90406
-127.84411
-215.44987
184.15822
-575.68679
-144.46265
-475.6856
-504.32908
-640.67333
-205.33605
16.832476
-491.08113
-280.28901
-494.38122
-478.04326
315.28988
-457.74815
161.54084
-480.28854
183.8671
-321.25456
-507.2511
-470.96484
-512.28534
-506.22101
-69.113511
11.050255
-419.53639
166.23962
215.09004
-454.06373
-205.43301
13.262667
56.443378
165.32185
53.137599
804.14266
-189.65331
-147.28197
-313.4657
-424.42414
-199.48324
164.59938
14.592594
244.55634
-604.90071
-477.71748
-175.77736
288.76398
-459.22142
164.15677
-498.13412
32.04976
-455.64695
-275.74243
-515.38642
-37.186346
216.05101
221.27932
-356.70146
-512.38979
24.527205
-60.267193
-366.88412
144.87388
170.69114
-435.55051
-160.46697
-507.76627
-146.4924
-275.97509
-202.19953
-118.81225
-211.93898
-183.54688
-510.23712
-363.79146
799.12908
162.20966
-179.18503
135.56223
-615.11718
-242.49625
-125.24524
858.69969
183.6863
-473.18298
-512.03948
175.20697
-545.64638
-68.824199
-311.0599
-189.55098
809.94199
-238.13811
-501.32912
-468.32775
-16.866502
-514.53221
-315.45193
170.20794
160.39503
-505.14359
-286.70806
-123.22808
105.52355
833.82277
-508.83779
93.280874
178.97788
-79.694341
193.30288
197.03474
-505.17816
-139.66363
-50.283008
-61.317526
-456.54252
159.24723
-148.07184
83.650152
23.03649
-423.37227
-78.133081
177.58806
-61.685165
-19.653409
-440.30466
-158.49063
177.75614
-483.15973
-304.10216
82.022404
27.183923
-64.810861
-88.594783
106.1969
182.81902
178.44653
-11.44892
-209.06455
-118.31485
-211.89789
-191.52072
-507.00512
-453.20645
175.8011
-296.36208
-506.79294
-14.754073
-369.49023
-505.78482
59.601971
-176.05223
32.837824
-438.24882
-630.06611
-507.65392
564.99821
-503.84824
38.936057
199.53144
-227.42264
-453.18203
-519.60067
-101.0177
-70.51919
166.15324
159.82737
-504.79764
22.241734
-501.79447
31.829283
-511.8996
-512.15122
-500.89375
-142.89003
-165.92084
37.676642
623.46509
208.12894
-461.37216
166.4792
-499.99171
-500.13121
30.355506
164.13785
-510.26128
-474.89682
-286.42084
-602.37822
-509.90864
-313.70191
-212.87666
-506.97682
-471.45762
-62.982244
-574.78199
-137.71837
-505.25544
-598.04317
-523.67084
-621.33063
-455.69968
175.22136
-504.96628
-297.44991
-541.95673
227.11439
-174.04025
60.282725
-291.22331
-122.18809
-97.500602
31.031079
-64.249657
185.84346
652.29789
-464.53916
-104.33439
-648.97533
-409.03052
-289.25779
-63.331687
-409.68718
-235.68732
32.111519
148.58586
187.44815
-302.33639
-69.507754
-510.39134
254.36304
-582.25876
-95.48372
-68.261574
-355.3196
-501.81209
-512.03911
-103.29669
250.49178
-562.06939
-165.11872
-212.55197
221.46517
182.32121
-197.65915
247.14999
-500.11908
-200.07392
35.049228
-511.65729
-575.2542
-75.087152
-222.02933
205.86482
171.7
-162.32557
165.95323
-320.2796
-471.76937
-207.33525
-499.82497
224.16957
170.5176
-597.27166
-329.24316
-462.98885
-507.94944
-270.37941
-94.311364
-612.03884
-223.89353
-395.58954
-106.44026
-526.62523
-633.6681
-455.40538
-556.3083
51.007292
-132.09274
-210.5304
-514.34627
-494.41786
-462.45997
-523.12336
-126.06337
-0.93458014
-2.9702573
28.853184
-505.39994
203.91659
41.025459
224.17619
29.751858
-512.10801
-531.64202
-498.15759
-509.78049
-183.75901
737.38574
57.62237
1.1685074
-537.35424
-510.16078
-493.89875
236.4798
-646.77605
18.388448
221.80033
-610.96213
-506.89946
215.61683
-608.49019
-596.74717
-618.51015
224.77983
-629.37622
-525.50647
-615.3503
-520.78983
171.51102
175.55602
-127.12623
-636.1949
20.537753
-601.80206
-619.44649
-507.05715
-556.49366
-630.45333
-465.55473
-622.71328
-606.94599
-623.97975
-147.94759
-506.80729
-519.0271
-619.30839
-604.7124
-447.28844
-575.99375
760.57901
-294.98302
-635.11701
-597.45569
-363.00096
-602.20398
-562.71767
-628.21519
-328.64446
-604.55249
-532.15538
-505.13835
-617.4879
179.76103
-591.22064
-618.33545
-596.84857
-169.25096
-581.52524
-528.41768
-569.61403
-623.16737
-571.51996
-595.8501
-356.47694
-529.13385
-150.57058
-365.06858
-631.84497
-614.96676
-580.67816
-604.58075
-611.82013
-580.07478
-632.77182
-606.60722
-624.62121
-605.27915
-632.32044
-596.35462
125.50159
-561.27698
-556.91551
132.38854
-337.80047
-181.18028
-535.25251
-153.86913
-560.86893
97.911425
-620.11157
-636.22461
-632.04878
689.23577
-521.04031
-130.1599
-623.43214
-495.68218
-553.18654
-617.32158
-553.0033
-640.5456
-497.20065
-499.47181
132.80539
-579.57448
104.28733
-635.2555
-617.77748
-642.34022
-523.83367
-593.46345
-606.4232
-538.44557
-641.96106
-545.56343
-633.86742
-606.41466
-549.17717
104.41876
-639.46764
-545.48896
-626.66125
-535.23421
128.66759
-626.70311
-634.43473
203.98518
-501.28467
-619.88201
-626.45355
101.01538
-614.05618
-526.44897
-538.47076
-603.64273
-547.17728
-181.17339
-534.81095
-599.01811
-549.29616
-175.29683
-545.518
-557.1919
-611.45511
-541.90733
-494.17247
-586.82559
-585.49449
-635.5285
-586.93127
-528.65483
-564.87097
-361.72444
-566.34288
-571.09984
-338.43841
-538.43802
-566.44166
-529.07582
128.25155
-400.38975
-532.09309
-160.09632
-541.421
129.07951
-0.97316664
-2.705921
-0.87270348
-529.18914
-592.50548
-557.59633
-592.16382
210.20663
97.863455
-521.15047
-529.21895
-561.89965
-539.61986
-0.38458432
0.641309
1.0476502
-549.46235
-561.904
-379.96637
623.51381
-544.30387
-557.53269
-162.72363
218.62251
223.77626
230.89327
216.81284
-544.7311
-570.88258
-553.34655
121.5921
675.04748
-553.44109
-549.3389
-565.44241
201.73087
-538.94306
101.15562
-542.00475
-538.51943
-457.67689
-531.39917
-547.18579
-402.40868
-535.17905
-404.4787
-386.24626
-526.26595
-523.586
-526.33453
212.7263
-542.07928
-532.06493
609.45438
-208.94683
209.0144
-532.09977
-535.27144
573.19834
-212.05658
558.07637
-174.77446
-372.22774
594.97867
219.34657
160.94394
212.39298
161.18009
-403.00366
-399.25934
160.94967
210.96871
-2.5102304
-1.0295241
-2.6278729
686.68238
218.8771
-213.53749
0.54915052
-0.33824969
0.94616861
0.73838063
-377.86184
230.69419
238.97982
222.78438
224.82532
232.01442
592.88534
216.66248
-460.03153
161.16577
190.80979
-344.41309
-351.58733
211.49349
232.382
214.44741
212.88399
189.18737
-381.82702
716.5857
216.58147
-340.49265
-370.12861
-354.7242
212.97258
-337.69076
748.13085
304.6936
212.51149
680.08851
-361.88847
215.36068
209.27272
258.39031
188.42931
264.46887
270.41518
-99.82944
215.67892
741.26634
-418.7215
-403.89123
-383.97481
211.32023
-1.2539564
-2.4370536
-1.5269806
-1.8542127
208.42705
0.70020245
0.91862543
-0.38657238
-365.34893
-367.24473
228.97003
224.17114
231.71148
-115.03623
-338.9297
-333.29883
795.5618
699.89422
-451.63491
737.57016
138.06992
188.07582
150.83854
734.96293
581.43403
620.81964
200.3627
203.25207
259.56954
251.42297
187.79834
-497.33236
686.78138
382.50885
757.89686
213.33232
659.08354
394.17941
-384.91894
164.94352
147.27499
-381.30092
743.11777
703.41397
172.14952
761.99184
596.96952
304.60505
314.191
681.6043
214.04423
202.25611
366.23542
186.16744
-383.21959
210.24589
-491.90868
-413.61236
-409.59208
322.46398
359.6083
-390.60882
-1.3954578
-1.6865084
-2.3335797
154.96816
-495.42278
660.36776
453.05952
-491.37429
568.80334
0.77009713
-0.27450202
701.80334
237.36182
229.86381
147.92454
156.64214
255.1998
169.33759
-498.12847
321.6858
260.42595
697.33189
-454.06412
-304.97911
203.51447
-496.86964
-494.67598
297.19385
-383.875
207.96126
-315.9145
205.18188
151.86288
155.7983
162.83477
206.43785
218.38682
191.37403
-493.14297
162.43132
595.7798
189.44681
-159.12232
212.32261
162.18031
152.8228
-498.56849
162.07209
647.09658
163.87122
605.52971
174.5261
389.52685
-299.20283
645.11706
-317.83249
-387.35374
207.42386
168.09511
202.45329
202.21487
185.20871
-114.85408
-295.31943
-414.77519
166.44713
204.5989
-1.6222213
-2.3199374
193.05399
178.83018
230.51068
212.80189
-0.14934646
0.70455943
-0.0060991771
161.97787
232.47079
234.93174
184.02777
630.88747
194.86186
179.1225
-435.96607
-444.31597
281.68895
177.95664
629.49525
183.7351
-370.44487
-367.67386
-292.50706
278.17271
205.23394
199.29027
193.80522
-81.431114
188.07405
-307.11675
-489.12752
131.58479
138.70135
-308.57682
-99.977151
180.00814
176.53632
230.56946
-202.87473
180.64045
161.58392
-122.9524
344.31496
-88.601359
-170.98334
271.91867
-364.27125
-376.56964
386.43656
338.28767
203.60091
-111.43847
-131.32678
-420.1993
135.35079
-356.50364
368.07588
-117.14995
-2.1084756
-1.7562145
-113.79403
-113.33968
-204.21884
-319.75481
0.57577463
0.78298863
-0.25083254
-0.08398092
192.31237
161.24115
237.63781
239.53415
-111.82271
256.17263
-446.97628
659.05266
-319.30102
268.72854
-490.76857
-510.62468
-511.35876
-331.47467
258.66765
-591.04358
-157.37872
710.37463
-342.06345
357.55656
665.14954
-315.73141
147.40816
-359.33979
413.03255
-116.21455
155.58842
-155.37392
148.36681
-492.9839
-116.10667
-105.53024
213.33806
264.66991
-127.85351
256.2926
688.45288
-327.14523
-2.3964743
230.7378
269.44659
-433.31006
-421.08111
-427.86433
-361.373
220.6389
195.16061
-360.84717
226.43525
211.35895
-2.0228062
-1.6650989
152.41503
196.25627
-289.19296
-349.56771
0.71555175
0.95798445
-0.097128924
237.6316
-518.7325
-487.51879
223.80109
-460.88385
609.848
586.97162
196.37015
-514.28078
-512.77235
-291.29969
-586.43583
-593.26764
-486.26369
584.4644
258.0003
596.8192
604.89449
-533.85364
198.95095
198.30539
204.62415
548.7314
205.24931
186.94795
-475.3112
216.03376
-298.29881
206.31109
-487.02129
602.06743
-295.6482
605.08878
199.72088
-335.10437
215.21072
1.3335367
-428.32084
-427.22415
534.16269
-338.23434
-247.95018
-252.52506
-361.52466
193.25786
-1.1511694
-1.8167591
127.76535
299.50849
-0.12041437
0.22933852
0.77009137
0.35439398
2.8605663
248.88032
252.78375
-342.81353
2.3080537
-463.02771
-15.578259
-264.3289
302.84038
547.03765
-336.62928
-513.06287
292.44206
-590.81031
-571.61146
225.43128
197.06207
196.38028
194.4531
192.02531
295.57483
-476.22066
-493.83833
195.76414
193.93839
-344.43315
193.56256
177.75071
-437.98991
-341.28926
182.48508
-366.80625
167.80315
-424.65057
-17.550527
196.21668
-544.81361
-369.46296
-432.42935
180.86315
194.80617
192.15078
-349.12354
-499.37792
-292.79723
197.54408
-342.74994
233.75317
190.28229
289.68582
243.75656
232.27634
230.13862
230.77268
233.01797
-233.3769
181.92204
190.8273
-375.3124
180.01618
-295.37989
-603.15197
-568.56019
1.6046749
-436.65396
-432.22606
169.15391
168.95593
189.57799
-252.16294
-365.93853
-370.08179
-380.7366
-1.3803814
-1.7375581
244.50117
780.37858
740.59567
193.55039
191.92277
-299.39471
-551.16719
-477.87183
179.25058
188.1606
-43.171631
0.89304262
0.28902907
0.68770738
0.064113808
-547.91599
245.85817
242.15315
257.93172
-268.75909
13.524858
190.94869
-478.99445
180.4715
187.07493
-294.2218
-425.67833
-83.365825
-514.69749
-49.663911
189.45412
-511.75399
179.43196
-498.38543
185.55581
-378.73226
-515.82222
-514.29221
-95.120606
-495.20287
-592.73307
-600.26297
-572.03357
188.42248
-358.51775
181.99401
184.68758
-481.4539
200.11367
228.62299
-376.04332
197.78486
226.47739
-352.52041
-336.43204
-187.30302
187.07461
-351.97506
-357.26889
183.10171
185.99042
129.92151
-394.86671
-479.35423
-531.91679
-556.80647
-208.92879
-393.87142
-518.47408
184.79431
169.46204
180.52166
-384.74432
131.08203
183.6568
181.339
-450.20476
751.15021
186.57262
-379.45139
133.60425
-184.54658
-302.20757
182.59598
-511.32362
-458.15577
-524.73855
160.46432
-530.19834
-305.42822
21.787436
168.63678
179.19343
-533.85951
-388.3481
-69.090948
111.22524
-532.76093
180.29847
-533.91137
-385.56524
-532.658
178.57867
-273.73854
-34.895263
317.24604
-311.9498
-428.66403
-370.60249
-381.08424
-532.25626
182.13539
199.80194
-317.39186
-349.74102
-531.33642
173.54283
-530.88406
-389.02968
-518.70397
313.95548
-530.90901
-447.19151
-532.88791
-439.51052
-309.15451
-530.19236
-313.75525
-282.35101
-475.1045
-27.66082
-518.54501
-456.67006
-312.03654
-533.7783
-535.72641
1.5303048
-285.54603
-437.9051
-442.57232
119.92552
-546.61086
177.9994
177.38715
170.53211
-254.67672
-512.81965
-374.63566
-369.89509
-383.08615
-525.99086
-546.53333
-1.5067022
241.04161
-537.34764
-472.82201
134.26473
-371.22683
-349.448
-538.05542
-193.75579
-584.48306
27.116708
-565.46952
-535.9867
-531.48207
-193.69755
-477.58631
-533.4895
-524.75
-254.03265
-536.23259
-538.59483
-462.39842
0.73601926
0.23220179
-580.33652
-537.56046
-522.92343
-550.45031
-540.46135
-529.76619
-536.85832
-264.36446
-377.5027
-535.29201
258.23308
254.69032
-519.45878
-539.33148
-538.30677
-658.14859
85.296594
-444.76255
238.83509
215.53813
120.20822
-531.95176
-26.90171
38.872875
-498.32774
-532.60866
-155.95219
-364.14465
-469.75307
-469.7734
-519.73094
-17.226642
-364.96465
-585.36552
-527.1361
-49.453224
-487.46088
-531.51704
-261.867
-525.40596
-566.03065
-527.64153
-367.01751
-515.80629
-521.62219
-327.54999
-527.66591
-251.76488
-496.17919
-586.44234
-522.03022
248.60993
-522.64168
-522.27795
-310.69193
-577.965
-518.90426
246.50895
-520.63758
-488.6703
-515.70902
-517.62955
-517.32174
-518.39938
-516.79243
-513.92326
-724.57798
-378.6949
-516.04717
241.78024
-318.53739
-514.04749
-513.53579
-513.32186
-514.5578
3.0268271
-222.97345
-321.18834
-597.37232
-566.21309
-325.02866
-313.63241
-515.86844
-512.31199
-514.20048
-511.15918
-516.40268
-514.74035
-155.5874
-515.48906
-512.15237
-513.07732
-528.54275
-520.28621
-513.33732
-543.00374
-517.12405
-526.46076
-607.1924
-521.60976
-513.21818
-395.78117
-509.91935
-530.44712
-546.07382
-514.54859
-465.2248
-554.56818
-654.61229
-573.41871
-550.70139
-536.6082
-565.92925
-595.48629
-667.23617
-518.37571
-555.49629
-146.79259
-469.02673
-589.21203
-576.9038
-582.56417
-610.81231
-488.06886
-546.8014
330.5405
-259.56875
-498.25652
-619.60255
-107.69586
-310.26631
180.52442
191.14525
187.14421
-682.77322
-181.31661
-55.77509
-382.76334
-518.9293
-517.76597
-512.97205
-515.07395
-513.9921
-394.99581
16.526656
-590.03508
-365.49102
-6.6139042
-573.59663
-231.94331
-776.93736
159.57629
127.3929
180.04106
121.29947
-115.6946
-509.17256
-514.73285
124.94234
-516.93812
120.63852
-542.51676
-192.96668
-565.4136
-599.72501
-336.03514
-489.69128
182.49957
-471.09662
0.48117157
-344.48665
189.58197
12.804731
43.490584
-283.21507
600.98171
-1.796052
-574.53529
-526.64159
-485.38098
-510.24221
-434.29911
-519.82855
-528.46296
-514.70568
-312.93612
-3.3197185
-513.47628
-472.4021
-574.6753
-474.41906
-377.91322
-553.25959
-345.60549
-405.5094
-490.85295
-474.44702
126.85405
-107.71009
123.2798
-140.86963
-351.34914
-63.236825
-659.34526
-556.41077
-495.68255
-474.49835
609.4323
-498.80946
-270.8041
-592.16397
-549.85701
-277.43546
-509.8471
-541.18036
160.47111
-585.52355
197.60244
195.14458
-468.21452
-579.08415
-419.00683
-172.20071
110.82389
-356.78029
-614.88476
-572.74029
-541.55981
-673.86989
150.34407
-534.55459
130.3284
104.44316
-128.45252
246.69169
-466.69792
79.702195
-569.24793
-494.43601
-558.97873
93.920335
-283.88226
209.18281
-566.72167
10.397328
178.37273
-491.88733
4.8391105
-518.87996
-563.88524
-481.8439
106.5462
339.99533
-529.11898
629.50346
-336.09481
-330.18834
-142.59318
-213.44063
-342.00135
-453.42372
15.983558
-560.48428
124.21489
-556.99358
174.17324
-0.58674254
50.229467
-4.5497757
-553.80247
245.35492
-496.83939
-312.56661
-290.0476
-268.72576
-355.07736
-492.43318
150.33631
-526.36772
-511.15376
-277.38481
967.93032
-277.7302
117.75769
238.85518
35.195069
111.03161
-47.015756
-537.22603
30.992491
-559.87851
-95.769948
-400.93153
-340.20207
167.14851
356.03814
-383.37291
-370.17559
159.42465
-343.3314
116.9076
162.69148
189.73282
386.83316
-528.21934
-523.90291
82.000057
-312.19885
-478.60813
160.53696
160.31419
100.53871
-298.48341
-477.66559
-557.72162
612.49572
-519.34487
-304.33336
153.97127
13.38922
91.168381
94.2177
56.575957
-462.94856
-514.36582
555.53966
-502.93785
-272.11991
1.531821
1.4132123
197.68574
-286.40898
-444.05847
-496.78346
-262.20541
158.64992
-3.214538
219.36485
-42.258604
-524.79523
187.71771
-480.85933
-478.27033
-485.93405
124.60444
-497.73033
121.5361
-4.9226174
-113.30299
-493.53692
-258.62734
-462.85281
-460.07657
-458.36484
-425.96217
-464.91432
-470.06533
-375.35142
-386.90472
-444.84451
-449.8078
-2.0779903
-483.28804
-330.39811
-1.4030619
-439.54357
-410.59083
249.31377
107.77026
-424.71245
-319.31336
-430.21258
-420.78208
-499.73363
-463.18797
-400.00708
-404.74023
-378.32312
-387.53114
15.448224
-392.4423
-200.34156
14.412029
-373.87692
-345.48017
-204.34746
-363.51956
-368.92297
-333.01512
7.3083236
-346.50231
186.53927
-3.9195651
-307.37481
-443.7846
-310.90232
-318.54201
118.3167
-292.35815
-285.50454
-258.86793
-278.11282
201.6729
3.5352533
-473.09835
-264.08467
-497.52329
-273.96304
-66.50138
-521.38509
-156.05863
-184.24918
-269.23038
-449.80076
137.30683
-127.34087
-249.19855
-231.94374
127.05119
101.03273
46.213809
66.834584
-279.41215
-431.51116
-119.05074
-498.61673
-418.40762
-681.58251
162.59813
-887.1206
-350.33978
-240.65849
-537.06202
-218.12251
-115.20538
-325.15687
-406.52721
174.85202
-403.73213
-163.56989
-413.74936
-91.267093
-769.44612
-48.696473
-204.87679
-202.98977
-610.44864
-107.38874
-299.58328
-254.71349
-145.66098
-188.26781
-191.54427
-178.81301
-381.31676
-312.96536
-167.74707
-154.20581
-16.941628
-439.36514
0.60557188
0.33829058
25.23022
-461.17822
-118.58401
-127.26778
-146.26904
-438.85998
369.03448
-136.34103
-103.06222
-88.251534
-400.38533
-42.416087
-73.023517
-114.06697
-58.867677
-256.60183
110.11487
3.3280398
0.60874991
15.71355
-23.059889
43.345229
-34.617846
-5.5387288
67.139186
30.768294
-282.26141
17.592018
83.616438
181.15222
234.1112
113.53002
-500.01548
98.843995
128.08145
-366.58477
300.34048
63.137995
56.68572
322.52536
153.54606
257.40892
201.65725
-431.8475
-472.3463
235.63053
6.2353807
525.29815
-194.00332
-483.887
-283.41066
-472.82965
-242.04037
-393.37925
-522.67878
4.1831809
-472.9127
-493.5133
-468.23527
82.344807
-424.68142
-420.22687
88.227533
-450.0443
-471.81593
-448.51588
-473.64802
-735.12938
-428.61213
-389.3229
196.33474
322.27845
-253.40488
77.964408
-399.55773
-495.08292
245.1859
-18.33327
-390.57772
-291.74461
543.53053
-378.00654
117.46347
113.99149
-295.18559
-111.52735
161.18164
227.36048
-255.83001
29.391225
-367.14016
-397.76554
-332.55831
273.13554
-398.38514
-193.66494
104.51278
-495.75422
-278.8652
159.96212
45.540459
-121.42904
-251.21057
103.41863
-409.99304
-303.20925
110.85235
15.613819
-387.12421
-36.333845
128.78921
557.30881
-373.03548
-361.11004
-352.25632
-28.090093
-247.41982
-474.7845
-275.67731
-484.8908
-490.44157
83.810736
88.587408
-221.10783
-476.19391
89.235378
39.338612
114.47458
-368.82161
132.18723
140.74282
74.153189
-364.35428
-341.34187
228.1506
211.30173
107.82599
71.103378
-408.60748
-174.91
3.1416448
-472.88239
-201.96498
-15.344342
-162.42012
-477.35015
-463.7216
161.85867
69.480462
38.160253
104.45887
-467.93998
-16.607064
-49.028944
-484.76342
-482.56078
-497.21552
105.96947
240.55221
-456.63947
21.959169
-466.85294
237.46082
-380.89315
-370.47598
-23.964297
263.24081
-310.02132
158.99455
-375.85756
114.64935
23.461067
-314.42753
-258.25707
-2.4876072
-499.82479
-418.46871
-534.94958
55.816741
163.53559
-147.17937
-286.04096
283.23066
80.192413
-439.25713
107.95284
-408.32886
-443.00875
-488.75525
-138.82825
-388.23564
335.55916
-425.88229
-260.53044
-274.33404
86.137297
-304.95515
-39.015484
-445.12154
173.12159
160.49604
-425.36473
144.1509
137.39802
238.35009
-269.98612
-3.5757318
-265.14741
-748.89085
155.75541
-760.38604
25.309386
40.490533
-475.4492
165.62523
-171.71457
71.83713
55.411261
-305.28155
133.40025
82.44766
-251.54864
171.16964
-387.54133
-326.52037
-0.37475485
152.22815
129.06882
-190.55807
244.12391
-19.241242
61.744471
96.793596
-286.27117
101.93836
110.25483
186.05126
46.543674
378.28189
14.944181
-150.39773
-9.3729608
-494.07643
70.129427
-377.93865
-92.165402
-465.95614
-295.99475
-39.86764
-429.72094
164.08796
115.03682
-64.652239
53.146639
-423.64081
239.11053
59.645029
32.36815
40.1076
251.56287
-104.02594
-47.110526
-397.40769
-422.85916
51.275604
-159.57309
118.51614
132.50679
-500.18454
-122.6919
-145.1361
-149.07433
-440.31153
-150.30515
2.9209124
-423.58055
-2.376854
545.33843
-420.46886
-189.06252
200.66012
163.54625
184.12541
168.265
-113.13317
184.03118
-410.46682
239.36995
-317.47436
46.594628
-297.6697
372.96528
-307.62578
66.284692
-196.66301
93.598745
-3.055242
-396.18601
59.875936
-7.2791721
-317.34759
-515.53388
-403.82103
114.34087
9.9145997
-470.68031
-21.294602
74.338063
111.30963
166.9084
-425.32325
-309.1337
215.4925
-377.74442
-411.54558
-412.97227
-531.40282
92.576785
17.15561
-471.29948
48.892461
-491.68859
-166.71917
-27.11767
-313.82582
-180.28165
-185.77233
-469.95957
564.04099
-347.41318
114.81272
-393.29469
-498.68152
7.8126243
-391.88552
107.25705
-465.94974
-1.8992062
12.247465
-447.97393
7.2934302
-474.16283
-57.976352
535.32364
-437.93456
-182.61542
-508.54797
-462.49633
336.17731
169.58992
-232.96633
642.271
190.27306
179.7114
22.319066
-327.16566
-432.43325
-448.23343
19.521459
-311.53512
224.7788
159.27378
-457.40985
-313.87557
-136.52731
-434.94577
0.40201781
136.4461
-156.01545
-301.47754
278.27445
170.22169
-406.27442
220.30689
8.9650428
29.70299
110.3107
352.59376
-499.19265
-442.63696
103.41012
370.18303
282.01515
-492.0335
82.280362
-192.54929
212.87493
-80.276308
597.57914
141.22117
-494.11821
-505.38817
-344.57261
-484.67121
163.35662
-487.15704
9.9528911
-278.69418
-472.91632
24.030304
26.935342
-293.12747
427.12191
-358.21421
111.14906
-494.91184
9.6538923
-812.37976
-528.64678
-488.4269
189.661
259.62228
-106.29043
-288.10081
-98.874948
-125.78419
2.8868835
-299.58132
-475.2588
-196.13484
-377.78522
-464.46726
-518.57658
-298.61988
-298.46458
-528.68074
-531.89258
-188.95758
-162.07632
-169.33083
208.01759
-170.40884
158.92393
0.52276083
0.48538118
-424.31572
-185.18589
-109.27348
-77.71214
-203.37402
-474.02415
122.34162
-4.1732863
-87.068761
144.73593
-22.169356
20.409462
1.0643409
-52.814482
-412.65098
302.20649
-528.54856
24.24817
228.17276
-415.68845
-421.55891
265.52082
-297.91543
-296.41309
164.97396
106.4396
-476.58196
217.11016
69.232602
-418.91793
-462.48957
-250.08168
-376.81971
158.89063
-0.19521316
412.59314
258.33775
-377.34085
58.462896
487.07034
13.124154
171.68641
476.60368
212.56407
6.3932975
-170.02399
161.86088
162.14197
-183.24505
2.273922
177.82455
814.68561
-231.4763
54.02517
-463.71747
-452.21178
388.99427
-2.6798537
-409.81473
258.09562
-511.3968
85.252812
-284.91859
-67.905853
-128.17567
-442.05262
239.86639
-84.476016
-432.817
15.147602
38.319002
205.15464
-315.99593
-457.78699
157.74454
-171.14698
169.01741
145.49284
19.388559
285.06636
248.1224
-448.13942
191.19746
6.588952
298.51365
-145.42375
-114.81939
159.04186
717.12474
-0.081932678
-0.00058473987
174.17651
180.49225
190.02718
188.58103
206.88074
2.4903917
1.5746312
1.7180946
-5.2090278
-1.6737988
-85.07778
4.1716208
244.42121
4.1239016
295.79282
227.43614
186.28297
136.22646
370.38542
70.789225
-488.8294
160.6322
-10.205007
265.16074
165.75399
240.84797
79.25784
548.38233
-432.35115
-279.03949
-275.57526
-11.807874
2.6647135
35.102391
179.1134
-146.06736
-539.03025
-288.87943
-291.65992
-467.80135
392.12323
-122.39797
142.56891
169.91274
59.144936
-466.48932
154.55451
-62.986842
-490.48604
-11.794656
188.4125
-488.18276
-1.1540743
-1.5360952
181.75632
13.18725
173.72801
227.23407
243.87587
189.61673
168.40485
185.71081
159.82145
-476.437
-480.7095
178.5097
158.50857
183.17241
-472.1472
219.11246
201.54055
167.3141
197.34338
192.39995
173.33248
213.78948
169.5226
189.49083
164.26608
156.95419
220.9884
163.0438
166.00213
161.97293
181.52095
-461.03457
171.27027
235.88804
159.51277
207.53125
231.3457
159.85879
259.1977
182.91733
-270.89729
-154.4161
-121.19522
33.587986
-419.52005
-435.60454
-88.786349
-3.7731975
-84.024864
-313.93313
141.13899
-15.769974
-10.715168
34.157675
139.4755
-450.63901
-179.9261
-436.41436
-150.87071
104.96344
-455.02701
284.59396
-168.85302
158.37769
-194.73473
-500.9588
-137.26187
-400.64957
10.297657
-143.12475
-113.13007
-467.22697
164.65993
-499.56447
-198.51674
-229.29862
-484.37098
150.01886
-340.92497
-330.58544
-131.3027
940.78627
200.42286
-416.47136
-120.25495
-148.78826
-409.69036
-421.86652
440.7224
-24.538649
-113.1197
7.6800665
-446.57647
-154.61548
-471.41617
147.45952
-97.962882
-151.35212
-451.73805
-207.77904
218.90761
-49.51338
-160.12406
0.58812257
0.29773516
-478.98347
-113.31004
-182.06173
61.751103
-502.2558
-416.46299
-450.59519
-165.30061
205.99137
-342.64724
26.14209
-245.15074
-341.17755
76.949556
-489.62063
-351.37873
-234.09538
37.508577
-45.462178
105.57154
190.98226
-178.82336
-223.8923
162.0008
161.60268
-6.1792369
-191.5176
265.24925
175.00675
-100.52568
103.106
544.36457
-440.47398
-315.2729
226.22022
220.28491
3.7101267
-395.52548
-463.79596
-485.78897
191.11855
-348.5853
21.543035
-188.05726
-480.96979
100.39394
-330.24077
85.27114
232.76938
-394.81793
202.37815
18.999183
-383.36796
5.3464562
110.8635
-129.87389
65.274577
153.71288
106.60706
106.16655
-203.92187
-40.745812
98.228843
183.97004
-377.03243
200.80926
660.99249
-38.052843
-54.011925
185.27724
-492.80335
-100.95148
-535.8771
302.11168
-20.695584
-7.228382
335.55568
-443.10868
1.0382723
0.99561986
-286.381
544.61333
-344.11477
168.27172
217.77497
158.3571
-375.78823
-485.73984
134.36596
-359.85362
-450.26735
-97.473014
-352.13434
-349.43345
156.24867
251.39388
-51.702925
-65.072306
-31.763678
-3.1916953
-127.19957
-10.404113
168.34996
-154.36977
165.26812
-72.660519
-133.45307
-176.2664
119.04346
167.80344
-24.695409
-379.86075
293.80512
167.89517
-467.72634
137.89753
-443.03866
10.517409
5.9513406
-492.26808
-393.13951
-335.41476
-54.847188
-28.120616
-28.727314
-359.73472
-355.19803
-438.3713
-466.14559
31.392096
212.03262
165.31555
195.67516
-6.793182
209.79078
606.7889
-9.0641765
-385.6395
519.02328
40.50217
3.8665559
351.2134
-61.026704
-56.337228
53.21663
-197.87863
-199.69733
-204.03918
79.646591
-24.113145
-209.42585
-664.51184
-487.59771
-472.05761
-377.76294
-275.16032
-215.67312
-262.05902
432.15401
12.732947
-337.77871
-471.46369
252.58642
-150.56798
91.131329
-465.80703
-150.29286
-262.98054
127.7385
119.95428
-496.57089
-496.63426
-479.7363
-14.336701
59.948712
-534.62184
-157.36398
61.533883
339.26317
-75.183179
-334.89706
-351.71889
-281.82318
175.01892
-296.91121
-293.37276
-7.8549034
-447.19676
-486.75279
492.29326
197.85095
175.54068
198.49071
250.93731
83.33569
13.897263
-2.5330009
37.446362
23.876024
454.97248
181.34117
-71.410842
-414.42909
-78.338269
44.307726
-493.25474
-85.150808
1110.408
214.07979
52.705813
-280.97524
1.8999927
1.3689354
-2.3569408
-2.2419186
2.3769267
-0.42866007
-1.4432531
-1.9485943
0.69795729
2.1808715
2.4734859
2.4665819
1.7836259
108.58577
0.5758661
-303.38319
-367.02146
-0.80563248
-250.87089
-12.149865
55.074951
183.53218
18.859646
-97.039155
181.84149
-91.977327
220.14961
227.18749
2.0351458
185.26367
180.1859
-224.63283
132.09963
-463.66159
-336.09802
178.25949
162.04743
-125.07387
-98.859428
176.53821
-115.58636
-239.8123
-197.34691
-168.09749
161.70075
-168.06657
181.51597
163.25805
244.44011
-341.37821
-511.9958
190.94099
-518.88151
-427.29715
165.36129
-233.15866
235.736
134.49425
3.6233116
-321.12647
19.075994
176.56007
-15.445085
-454.09589
-293.27959
245.39058
-548.22025
-110.69413
76.346882
-157.59026
-434.6383
-330.3157
3.6442929
-469.87242
166.21739
106.37994
-534.55466
8.5705875
19.269073
-59.154148
-420.65032
2.5612498
101.24276
408.04866
-330.52543
-323.38066
44.521312
-267.76718
-21.07517
-428.91582
-336.90973
-6.2860575
54.390616
-82.167344
154.73663
-241.21079
134.84533
-349.01305
-490.38213
337.3944
-237.75859
-232.90132
198.73379
211.17266
-70.067098
173.42044
7.0559016
-369.08496
849.51262
322.74248
-391.8114
225.22407
-435.24426
17.59862
1.6191684
-305.59561
-467.64947
2.3072334
-0.14624116
-0.17978388
0.14006646
47.313117
132.11527
130.80747
-44.534008
288.72237
-372.22038
-433.14952
57.665056
-131.02759
171.90491
-392.84863
194.93984
-205.56384
-130.05319
227.80465
89.400435
-117.58968
290.11216
-235.27602
108.77058
203.79971
32.235729
186.97565
3.1387571
181.12682
-115.90683
-156.71889
504.69949
82.643661
207.17825
-351.43677
9.4789656
-0.017220091
31.015578
13.509225
-259.46448
10.897735
177.54973
158.91945
-360.1794
-508.70287
-523.4945
-2.9623073
32.74774
-474.50739
15.947764
-309.27291
5.9636701
220.71159
-145.69165
43.166767
-437.09944
20.235456
-98.490415
92.838864
255.57695
-23.119695
159.66095
-51.66636
-471.67121
298.48267
-12.002162
-303.69094
-493.41858
-433.98664
-465.6219
120.99442
159.27501
204.26049
180.04334
181.71882
208.76029
-463.73611
-20.701809
117.26767
167.48456
187.90101
-502.41982
207.66424
-504.23745
138.7906
-286.15612
223.48246
-71.488341
177.02795
184.84912
161.04982
-500.09099
230.00325
-74.601824
158.6382
-331.51249
260.54796
165.85917
187.70666
-557.53411
220.90212
-81.310961
-15.17799
-29.179152
167.76397
-253.67892
157.75151
7.9507123
29.86561
191.38276
-39.011924
179.77498
184.71929
-236.20212
216.53833
199.62753
164.48032
163.16634
-18.664754
-82.477882
161.10219
-494.978
232.28049
98.653956
-442.07512
182.27817
-475.70339
-490.86832
551.12133
34.909901
-206.56279
210.9949
243.26166
-221.50348
50.679755
97.40937
204.57344
-396.15914
-65.148039
6.6617536
94.741575
-35.137575
204.10544
199.38829
-489.18443
182.62826
2.2480215
-350.64163
144.48109
213.09221
-183.16138
0.27257053
-446.14053
158.36136
37.207424
80.085736
-472.08943
-277.7563
-77.361125
-68.751365
-183.34942
-335.72513
12.072043
402.79
-7.601734
-520.522
-453.51575
-32.743524
23.991444
-490.3384
-63.795568
305.12763
-64.382389
0.20478882
-1.4737907
-485.6931
-318.68759
-302.23886
-425.46015
-12.703207
10.166511
160.72483
18.784717
169.55496
-207.07459
110.88049
142.69248
-328.8972
-361.15649
-233.19634
457.63076
-1.5938146
26.641775
91.095825
88.249391
94.913122
-25.055446
131.4042
4.6901403
-467.46733
-124.63868
-0.51009522
-151.5411
-194.69625
-14.466698
7.3337254
152.04931
161.15209
176.68541
-69.044038
-480.70586
11.656712
197.56164
2.3014527
-28.578239
-411.50002
132.8976
225.45152
-440.25402
2.283623
3.1758675
545.84911
-102.74521
-268.61279
24.337929
165.14491
-468.84815
-493.52391
398.43621
53.191718
-409.73607
186.15969
10.281674
-465.59542
203.49722
208.79434
-531.04295
-153.23492
51.521819
-32.1428
-74.175849
7.0975024
125.55142
-502.29637
-502.19932
4.937147
8.882819
-38.21161
-29.040988
-409.08412
-472.03303
-44.17995
-122.09209
-463.33808
184.51047
-441.25807
13.617018
-50.098419
-185.34396
-345.20644
8.3968105
-71.305725
-190.10923
-350.15831
32.713363
-372.61422
-55.871422
-383.90017
-390.9013
280.42379
108.32384
7.9775826
101.42831
2.8878705
-186.82354
-14.234278
-523.55005
-341.93238
21.740637
-97.74473
4.145203
-349.76363
-193.81084
-60.348704
161.06889
14.406681
22.411656
20.174299
-494.32179
0.087234097
29.700667
-373.8453
2.4137042
-7.1319412
-190.22579
-484.84089
288.26276
-141.63055
67.139821
2.2758338
30.227706
106.76384
-394.44605
212.10972
2.4913408
-2.1155187
-250.27765
31.656432
-248.0951
332.27853
164.11049
-122.98119
7.3986699
273.55918
2.1370531
223.05716
-1.9642244
-463.82316
-18.648913
-135.99999
254.16131
262.67925
-456.42701
159.23712
156.41836
530.00033
188.21452
-230.33289
-236.29922
270.91622
-126.82078
108.18918
-145.12495
99.447962
52.534757
-400.89792
-184.90232
-520.6706
168.19156
-492.14204
391.07094
-455.99417
-13.644833
235.17307
2.8018386
-480.47256
-228.37221
175.20572
-189.6219
-272.12338
103.6421
-533.98018
-21.589546
46.629396
79.828537
16.206328
-2.4857298
246.61212
156.50133
205.83939
57.066832
15.867706
-30.790417
123.54726
-521.88638
-523.86119
162.15324
160.18335
165.99263
170.5855
207.97306
-4.124009
-138.66418
270.39473
-416.2654
632.61826
-467.28196
-4.0114232
227.87095
-501.24327
530.12017
870.56201
445.8589
225.72156
-511.44446
-513.63962
-281.48117
-281.13488
156.9609
9.3186383
92.67404
-66.766163
-355.25521
76.360797
-482.057
-129.52092
143.35108
175.09161
-232.43029
-580.06976
0.21494206
-145.82757
10.949157
-155.61702
-476.65904
97.183385
34.49906
-203.47589
348.84248
-352.97711
190.24659
-487.26239
-465.28203
208.12358
5.1950952
-243.46587
-208.65378
-472.23632
3.8151201
160.26445
-460.71941
2.1666998
222.3705
-500.58817
0.9266265
-140.70861
2.4973605
-197.83558
407.46927
-463.19215
398.10026
27.072718
-132.03064
9.3117719
-223.07527
239.00759
162.16016
196.58248
-548.06055
160.86978
13.109783
-501.54004
-4.0055779
-663.66679
-468.18696
-147.51423
-711.85144
-382.98489
-20.829492
-414.32288
582.88214
-376.60004
-164.24348
-143.34979
700.59926
-47.551513
-543.03625
339.88544
144.81495
45.993677
-691.37886
231.49522
-46.421512
-456.8849
27.596317
-345.69366
55.45198
-489.71712
-56.41443
163.15178
-169.84892
473.49708
150.39952
-331.94899
-2.6797467
0.0054483328
110.21899
0.87480229
-141.51981
19.219254
162.57334
82.100185
60.447639
202.48487
-26.616475
144.30185
158.11166
-449.03634
-2.160391
-188.28764
438.3293
147.58782
-379.96774
4.4299198
1.8474667
168.05218
-380.95661
-22.56066
-304.75582
-191.04674
-216.01918
15.999965
631.85544
1.7853115
67.36248
-241.91155
2.1591196
-469.00974
-26.043233
60.080836
75.201126
92.843051
-108.52083
-31.398112
-497.82877
-499.71087
9.5307074
-212.89184
22.275822
-357.23395
154.48073
504.69617
198.22762
-23.133698
-416.90886
187.15638
271.86096
16.721623
-10.33477
-56.82233
-283.81481
-574.76626
-444.3615
166.57188
-233.96254
14.678704
-273.23497
-342.90586
-332.01167
585.20705
-365.07594
-35.785205
-340.49693
196.53395
-37.099815
13.206002
1.7591352
149.27097
-110.08325
-387.86236
-25.373118
-89.9218
3.9021794
137.66646
-528.82833
-467.53873
-4.3839163
-254.2416
165.06643
185.89018
79.299928
246.67815
-472.20377
-426.4333
-0.15376875
-21.75929
-109.79557
214.13284
163.60514
33.261447
309.28442
-4.9797056
-272.88418
314.00939
301.57773
-18.793445
195.95103
162.17785
11.008533
164.64109
166.70697
18.409201
59.44816
-515.26939
-358.39315
-496.68128
-496.81225
-58.183958
350.94592
160.81051
6.812933
-289.40923
-463.21406
-17.861296
-152.04845
-63.127304
78.028224
445.35862
-3.0422546
-465.0052
399.24606
167.31536
-449.63589
163.08983
-236.79359
-495.42325
-514.76436
-540.43393
159.45916
-0.7481384
-457.28665
-317.18284
-525.50851
2.8388975
-489.27051
-452.34889
-406.3267
46.6961
-17.208461
-8.2178383
200.48992
-208.59619
-257.4834
-100.12139
-435.09907
158.27489
-193.1839
-299.00415
-553.03081
200.47
-378.02448
-201.87106
-159.97331
2.0689788
-504.63118
-11.501326
197.04302
-187.42326
-14.965118
127.03512
-361.24021
27.441797
-472.50471
22.320312
-501.89529
123.65223
-218.0079
1005.6712
157.22668
161.37989
-230.18101
-358.92569
161.68856
123.79155
-225.00598
-282.27424
176.58918
211.74018
152.57491
118.88341
-146.28611
-565.76357
-573.7025
156.34292
-282.56299
7.4321013
-65.377665
1.9380641
-337.57225
16.671727
235.42769
144.72175
498.03154
-38.047226
177.04394
155.43045
165.14926
389.78408
-499.20194
180.1144
-430.07637
-13.874297
154.6403
-439.53684
-230.95742
391.01905
-246.76477
-226.77388
1.7964926
-81.551338
93.462959
131.19423
-22.211941
224.75585
153.88504
-69.653016
-520.5783
-150.89161
-98.455294
-98.070399
-453.10487
3.2488489
-19.58039
-262.34339
7.9410324
-25.301241
-492.65942
-440.67587
153.40195
11.241059
-374.87959
175.44985
-406.38944
-396.02855
40.080943
93.531216
227.68349
167.02636
165.91808
6.5438483
-495.40374
153.02606
-176.50417
441.50222
-205.57079
254.36773
-431.58158
-346.12604
-83.073806
17.97488
-343.98178
19.65555
184.0311
209.88007
217.3383
15.469441
-461.18644
15.876069
-51.742108
-343.20995
72.163514
128.15345
-37.325772
197.7249
-435.98208
428.56405
-0.23739031
150.40641
19.217765
99.73925
-416.28358
-405.12409
-307.02787
0.1698783
103.36492
47.28485
52.901778
264.90153
-215.36832
-512.4966
-467.46053
-12.859291
-396.42145
-451.48025
909.42302
-475.04563
-427.0124
29.959714
2.8031888
-448.22316
-490.17472
12.467078
-161.43287
-500.31767
-457.72975
-330.31389
-464.95409
-82.621132
222.87143
-9.5938099
88.848437
-209.24734
192.35435
-85.094452
-462.9729
4.4272029
179.85608
180.39597
162.474
136.03654
123.52967
4.6301213
77.125141
166.33004
-4.5016125
154.37585
-487.04105
-341.08997
174.94574
-2.8479899
-0.63776409
119.1034
-0.55702789
9.1790044
-343.10547
-338.63678
162.69964
161.62294
-472.8731
-332.7094
-231.60567
-221.30658
3.3390139
67.120215
-45.308391
-236.32619
7.8617227
-474.4928
147.11096
-297.31609
-302.93947
-0.10190153
247.89004
187.27754
885.45024
103.91703
-506.60343
-379.2884
-163.43474
-389.05127
-299.90721
-472.45328
66.022078
-225.33579
109.21072
-282.84468
-217.07914
135.67237
132.78169
25.195926
215.77489
14.919429
129.77961
185.62009
213.86684
104.07878
195.92688
-490.84446
-491.20358
96.412419
-246.16161
91.583715
33.872301
87.946208
2.2279632
-235.33145
-491.68101
104.34559
-424.907
17.024019
-0.070989787
-472.32009
-369.89303
-170.12518
12.215786
61.616082
-472.76097
0.062996317
-418.09955
136.44218
162.5188
161.26058
134.29455
135.14964
-358.19305
-273.77816
-179.78924
164.32061
-373.39038
-491.1441
-457.05364
-128.02152
-192.54532
555.3272
545.39789
1.7343267
-0.27554053
0.22126594
-474.18207
-485.91614
166.83177
-350.30483
-504.8733
99.336887
-405.11454
218.18943
94.566474
217.138
6.3915321
42.787811
75.234752
251.21111
-238.09826
629.09168
-502.3869
-502.52355
-52.602113
-61.203937
-286.50437
-175.91357
-478.66377
62.863811
-298.95401
180.68624
11.998439
5.7578581
-458.32048
-171.66963
-170.43817
-347.79576
500.59125
-257.79219
-558.51858
144.39644
94.066503
-1.9765477
-85.401777
-500.35067
31.866258
163.7256
-0.83208692
-6.2075356
-143.85593
159.06553
-550.10444
25.080469
48.367942
6.4951566
-467.45814
141.39909
-484.02954
-277.91593
-128.68863
130.45187
-60.467631
-518.97238
-62.825616
313.70959
178.29054
34.017983
54.232205
160.61322
-112.23337
-477.85882
-477.67005
161.65455
-173.02644
116.2461
2.3670116
39.681011
2.0859549
25.755036
-128.89954
-202.91298
96.262934
-464.77741
13.432112
159.54286
-392.06832
-445.98036
-517.22501
-325.82049
44.456724
-632.26361
-238.61637
-462.80036
4.6312582
27.951437
-349.02356
-357.74474
-430.24276
-390.58103
-437.64642
-12.919263
138.49919
157.50567
-491.48333
-3.3774092
18.184944
182.28862
588.22721
-489.46993
-490.02935
193.04243
-429.73622
-473.1393
155.44291
5.6287362
-390.66691
-110.43396
3.708284
-232.87285
-0.15302951
-474.13648
39.57394
55.663051
-7.5777386
153.25148
15.347028
-264.69788
153.58548
-262.10558
125.52651
-10.011756
170.21741
-1.3925504
-308.36364
-19.982306
-298.94241
-558.74291
-515.26895
444.94422
172.2774
151.81765
29.394055
-417.02496
-490.82339
-551.97132
264.45084
430.02062
417.8442
-400.79023
-109.45015
-123.00048
-124.00782
105.37061
-35.987013
-331.82038
-58.716376
177.93701
-370.12208
-237.2096
-23.15466
-168.50183
-226.33597
-239.3829
166.35136
190.91341
-132.20989
503.78138
-501.44164
163.70247
-96.083536
-333.68661
-279.69068
-191.92067
-288.91773
-218.06691
81.455582
76.627019
221.79728
-51.15102
-314.74958
171.16656
-478.15782
-141.44537
-19.310947
-267.63967
-493.81254
643.31644
-474.13312
-459.62319
-163.12887
-65.458566
16.822147
-479.20833
-53.184089
-23.400155
-422.17583
-23.832822
-29.798266
12.078215
-334.27266
-9.2838115
-469.53771
158.26477
-80.734136
-367.22331
2.3996214
161.67943
-469.31981
-0.28879223
17.482682
190.96163
-132.67294
-96.743325
123.26298
-478.40633
-340.95893
144.29538
-504.90866
-458.7857
-0.95285452
-114.285
-129.55432
48.919445
-394.03853
-235.32612
150.11774
-840.75496
13.756939
-130.75918
-230.96243
172.79411
165.08087
453.90637
127.11337
-146.69675
-472.57673
-472.68701
-47.064803
-467.3127
-133.00934
-120.70439
-22.55601
206.33304
-111.55449
1.6900176
-163.1629
-376.88668
64.942083
64.968074
100.16052
33.0335
-180.45895
-101.38085
-123.94414
-444.65715
-7.9399055
-75.546921
22.111526
65.722685
160.78908
991.36593
-251.44129
-478.58544
-433.49512
-198.86365
-72.126068
-297.86916
7.0410461
233.21792
-333.73177
-2.3738433
-426.67866
-60.540928
72.717586
-70.561011
-439.2651
-215.70002
-462.76794
5.6044337
-83.499363
14.723701
57.391379
8.3185596
-178.19717
-524.39141
-526.35943
-233.41223
-85.579035
184.02784
-18.31456
-391.82396
-324.49305
-250.82518
16.453277
158.17289
43.217684
221.94652
-225.38665
-278.90897
-551.36391
-554.15223
84.878498
-277.22379
77.813162
-292.69202
-269.0897
-253.89947
4.4714142
91.115715
55.051385
219.85637
211.26687
-255.70847
211.59045
-143.55575
-30.182712
177.86744
-22.131021
-285.90808
5.2436803
-76.845326
296.51035
2.0929827
280.98168
0.9944519
-474.25643
-260.20311
115.03858
-467.23974
-250.1678
-24.446745
103.57386
-302.8408
-473.57179
-180.90967
2.5608786
-319.0688
-90.443347
-638.52134
94.834565
-26.097006
205.54958
-496.8205
-485.01269
320.95436
13.463273
-195.14546
161.61026
-464.891
160.55693
-335.91048
153.7843
59.073106
-400.65154
10.795626
-97.566771
47.120347
176.02016
160.65244
-351.63557
155.45924
103.35357
107.05531
191.87378
0.51936278
-257.33826
146.239
273.89888
-367.69475
302.95738
-95.162145
-366.16392
0.42326687
174.42381
542.49923
-288.75151
-484.47398
-176.26969
-213.69022
163.02947
-379.22471
-470.60108
224.03817
205.66253
72.890006
-121.81665
-370.7534
195.40563
0.085043637
-100.26777
536.98354
-116.14219
-391.5428
-117.14047
-360.93857
180.44388
468.08101
447.18911
33.697769
-458.95421
528.54124
-133.80302
-123.54411
1105.2372
125.88829
-103.64698
-294.48962
-520.58317
-401.7604
114.71449
-349.82108
-143.53881
-277.35154
-338.35845
-38.999145
-539.2617
320.54968
140.38769
-445.33951
-127.91162
287.12538
195.99451
-466.96095
-157.99568
-177.68969
126.46603
-343.76037
-438.77615
-25.953812
80.982086
-489.52236
-66.686597
13.574533
123.65952
133.23954
58.193697
-506.36405
-193.01944
-410.07784
62.9512
140.07646
-415.58069
-164.16338
466.79952
207.22286
165.95281
-264.5157
289.99417
153.42392
-661.40773
25.845691
606.03122
-485.0868
14.584374
124.61734
-173.0028
-137.91252
153.79058
-503.23592
163.90485
-568.5864
46.316892
-82.347232
0.4459023
-326.84387
-503.53979
-129.80335
-400.27967
-286.81442
4.4042178
187.20582
-317.32197
-170.52401
14.51307
162.10515
7.5294117
-462.4092
-347.2352
-3.9247722
219.97685
160.75841
114.82604
-33.219849
-643.55609
-655.07124
908.64863
-498.45991
-185.10363
58.017049
123.60049
-3.2230088
89.085533
-266.17069
-118.44989
13.487084
-312.96251
-473.80834
95.468816
226.51623
-458.72482
-272.66428
-221.84358
665.5761
-313.08718
120.84628
-147.13302
-112.55692
143.54156
0.53950325
148.46081
-391.65911
166.06801
-3.6128912
-476.92548
-277.46278
-157.34077
13.516746
162.69605
162.65619
549.28741
31.323954
-10.206037
-566.51106
249.87931
-99.460881
-501.49962
-147.16731
-474.02886
-0.066236509
-462.40381
29.753222
18.692868
161.83703
89.427704
-36.341873
-494.37947
-5.5445474
-421.75058
6.387842
-1.9086209
-19.017907
122.10074
-348.88942
-453.65075
-390.21321
-377.12609
160.42395
-164.26102
-10.797616
-181.09466
53.145122
160.7178
225.99822
-387.35921
-87.22254
58.839245
-451.8164
18.481755
-272.2031
-273.92858
201.74154
-545.87304
0.15927126
-459.09198
-292.25543
185.91597
-339.04125
0.037950109
-277.39059
173.54867
109.51244
164.14052
-9.3686451
451.43878
29.739955
-223.3882
82.815413
-542.69933
-71.085928
18.887592
113.83966
-260.79391
169.80863
-483.47677
-435.44109
-413.92586
389.47292
-9.9878517
423.35865
-498.83851
-397.03258
-12.662515
-280.39651
453.19326
-79.750456
53.64556
40.902399
195.89132
215.33966
-325.87531
-15.653046
-148.94639
281.60134
-202.22792
-56.427611
14.895799
-249.53257
175.75859
-154.89643
-153.03799
-390.76316
260.21876
-98.139275
-318.6524
4.5719479
14.488889
139.97884
392.87836
183.23372
146.68299
-355.04687
-68.71195
-486.24691
1.945881
-381.65528
-392.1355
-8.7156102
-336.42798
259.08525
23.220074
-318.65734
-283.51549
-21.229329
-200.34836
-497.22277
193.0062
-3.9024566
189.64638
162.34632
-6.3640841
-142.04318
-194.37726
-587.37978
-283.05084
-304.4797
-106.09479
164.37665
-409.5046
2.3064935
181.35329
292.21623
-506.16257
-15.424328
65.962189
187.58959
-361.03611
-473.94999
154.43772
-327.2119
166.43539
160.22868
-185.27848
-4.5086576
-423.47284
-55.250177
-49.147273
-330.49727
44.134052
46.42371
-509.26618
-29.160846
-454.9854
-438.78768
-442.52219
228.31958
492.46352
118.14775
160.48875
95.392277
2.9812103
-335.58691
209.3515
-456.39443
-377.71598
-386.3293
-175.50408
-499.44249
240.40895
177.98602
606.49786
-0.56950762
43.6922
-0.06389376
101.58986
-326.14028
-200.85971
-54.938093
75.442706
-490.16641
-3.6637307
-219.89897
322.11847
32.301155
-3.5760959
-468.17379
-427.82803
-273.96033
192.05921
159.57687
233.88439
-2.6438167
-39.436967
-462.22838
259.56783
235.86021
-235.60031
-480.53842
-11.506458
18.041295
-420.74225
-241.02777
-360.43339
22.69234
14.441494
-409.50811
-4.1437893
326.44481
340.1674
-0.77940778
43.50661
-135.72717
12.358469
-521.85382
84.030908
-322.46408
-26.164345
-338.28618
-155.28286
151.51792
-202.51816
-517.25578
-528.34488
210.90938
200.203
11.0486
-314.4354
-173.70977
-342.54729
160.78981
35.77471
275.34267
-272.62475
-127.22038
885.56292
-225.23226
31.864443
38.332651
-503.44016
479.03949
-339.99134
190.2979
191.99499
186.85284
-372.07506
-502.19195
-231.12451
-97.839052
-1.1369973
-393.72677
3.0996686
474.3195
21.086364
93.854812
-299.73253
-155.63827
-514.06119
-14.718579
163.23734
-84.999748
-503.08044
177.63427
-4.7942522
-283.354
-190.36263
8.1257252
26.635113
-475.22933
-480.77143
-482.74291
-219.79583
-456.33822
19.678275
60.422599
-501.24314
154.85264
77.68529
31.987093
-359.27653
179.55272
-459.75448
-578.12605
-424.86223
-368.03835
148.48797
-321.93269
-58.524403
-140.84476
-96.283496
-126.58634
-25.061001
-416.17367
73.629157
97.425811
159.14525
74.408284
132.12958
-25.737046
-20.107034
-702.45772
-476.08533
186.94197
150.40787
183.25415
-1.2941103
-1.3597469
-1.7153774
-1.747998
-329.25677
365.27287
51.777191
-470.66887
-57.684673
-310.70741
25.456019
18.192871
-210.39036
-367.61867
28.633018
109.04138
-112.05475
-332.40306
154.27518
44.553619
-507.99697
552.67668
-510.28954
-42.392829
6.9694942
364.0526
48.367954
-16.780028
277.47349
16.900187
179.46119
-161.75969
165.45856
-356.23705
89.990516
138.26221
-90.318602
159.6935
-455.67539
128.76092
191.32904
-264.2724
-334.55054
-412.06467
-65.305954
-471.9514
19.771914
128.87849
-1.4795756
19.70837
-113.53337
160.37312
103.25026
287.30445
82.007318
-433.47254
-1.4156947
-82.533409
-297.0674
-163.22083
-440.89153
380.34009
74.211868
-25.375894
-255.92713
-9.9660967
21.630884
5.3548726
117.95169
-495.73268
-466.1615
-336.67996
-670.40737
147.36505
-417.73134
-409.33875
-540.86586
50.802399
-25.823793
-8.6565633
39.700142
176.82949
159.84451
63.236036
24.54064
-164.43734
-487.37946
163.30663
163.55515
4.2737286
676.21506
-453.18443
1.827403
-32.929531
276.2383
-76.109707
-269.53611
-149.9024
131.13615
97.447255
-468.06488
-10.902753
-281.6891
2.0415807
66.536906
122.65971
-75.97624
5.5382729
-502.9304
-15.543316
-335.86404
-491.32513
-67.492866
-405.6659
166.98267
324.3367
-299.75471
-24.116701
-254.60704
-541.10028
178.56867
-286.29557
98.008102
183.20623
-41.295886
96.460512
41.591098
-455.50983
2.9356134
-187.80139
-185.8141
-162.62194
10.809128
-334.9317
159.97972
25.399306
-137.81394
-562.75478
-334.78958
199.37088
130.70221
-400.52748
-295.57794
-375.37379
195.75621
52.888046
310.88568
-202.55069
-258.86145
24.384121
-271.48757
-319.73003
-48.703071
-100.55299
-488.97122
-56.512877
-459.88384
162.98395
-252.344
-261.69073
-96.335929
83.90685
-100.15143
267.27564
-77.283936
-2.6340367
202.39619
169.77976
-449.66996
-533.68641
-397.40005
-74.520916
76.534455
-332.01078
139.53125
208.73645
-266.58138
623.761
40.196095
182.59857
94.457256
183.23742
-164.24839
-114.86939
-408.45167
-437.53795
125.91682
-124.36327
171.91122
190.08875
-1.1019381
-392.84799
112.16862
8.9197866
158.85794
201.55733
361.79817
-330.35562
-1.9202405
-2.7919076
61.566469
174.66361
227.09138
-71.17878
584.64607
-406.90002
197.84352
115.34186
-41.451329
-243.52085
162.44993
-456.22958
-518.08826
-519.94279
101.25624
153.32596
-154.41519
235.63065
-470.95162
-188.80904
-319.17777
32.555863
-499.3649
42.662696
-61.903278
-491.94222
34.992376
-419.3526
-427.03791
57.766377
-115.90147
201.83765
338.06219
-86.474223
-19.040646
-111.94014
1.7007581
1.6326958
-420.76447
12.892501
150.42399
-73.082668
-1.6746051
185.34465
-40.53387
-1.0791504
236.88446
-114.50951
152.26802
92.131228
-320.44183
-207.00969
-56.730844
-89.658999
84.073359
-687.56422
-46.971744
-13.878085
223.76725
-4.7045821
167.60202
55.733276
-225.44866
-271.07246
7.8273462
-578.49043
915.94634
-25.828007
9.3593841
169.42603
143.02368
178.6982
-142.75481
110.01914
-337.19868
-290.63792
480.13472
170.12529
-332.14678
-281.17715
717.13362
4.9769165
6.3872838
-388.46126
-445.88029
-445.98975
-369.92492
-378.20409
-228.42738
11.763296
65.36491
10.411477
-457.80325
-443.57513
-398.645
-128.50339
-192.35091
-817.66341
-320.89087
28.247383
49.558281
182.47709
-253.82835
137.92573
319.73688
-23.610779
-2.1192632
-25.297453
-523.58802
-417.11002
-442.88483
-87.783827
-28.573853
-500.10358
-409.02021
-437.38059
162.01439
202.81976
-490.99015
14.450021
-518.86781
207.69661
218.169
-25.667118
-9.2610164
62.610509
34.696254
197.97288
-296.89824
-503.857
-430.42161
-414.73046
175.33652
6.2227358
-460.21057
-183.36977
-256.76576
-662.61002
-42.27317
-632.08812
-274.76568
24.261491
171.91085
99.063927
-487.37242
426.54378
-224.05252
-418.09998
167.52956
390.83282
-6.134323
453.52456
43.484345
175.43282
-16.728653
99.056741
5.2209111
-352.88846
-272.32304
165.18332
268.65244
-358.67745
34.35559
174.40545
-366.28257
85.263933
-401.27949
97.644622
-271.33543
-417.50547
-341.42148
-732.28847
-667.05749
483.9626
-435.86274
5.7728254
70.733233
73.92284
-99.296937
-43.129946
4.2085675
-495.55972
-216.69734
32.395652
12.335849
-114.76774
-32.933617
-77.661853
-11.227414
-307.18821
218.86578
2.4334169
194.3758
-11.40808
-251.81545
-434.1706
177.03214
-480.71903
-274.59142
-230.09407
-19.196473
-477.52783
0.47452509
173.45754
162.95395
-290.02469
304.76991
-433.13502
-57.994334
-455.74499
-152.20892
-251.97192
-257.21653
-458.44086
539.44554
21.635531
-250.54078
161.79964
-21.130588
-38.708386
173.98485
200.6747
333.19806
-136.71426
83.086662
-18.95475
-303.70112
-242.71796
2.7427532
-430.79444
-379.78711
658.89031
214.09427
-481.57994
129.15643
213.61055
-196.77443
176.81574
-397.29991
28.551735
-476.46304
161.57692
553.79559
-504.31048
111.36874
-33.267693
140.55829
-359.52092
-502.46742
-696.84049
-737.73651
23.104656
-429.3409
15.110229
81.664196
11.709482
6.9677918
-299.8698
-477.24807
149.4986
181.26754
-473.99005
-195.23008
1054.7775
620.31622
47.810883
9.0406662
104.37236
-427.16209
-37.033206
-265.43304
-365.57975
103.74914
4.245567
15.972199
150.55291
1.126487
-341.20254
-470.63954
-523.36816
-24.045958
-424.71856
-142.37822
-48.472334
166.10084
-372.70077
-363.1051
-468.04401
-444.2516
206.26009
-473.11145
-464.23371
-28.682789
125.06274
463.12504
-351.08535
19.103749
-491.96561
207.69043
-264.39219
-1.9911186
2.7974629
124.17182
-393.98346
170.52293
-33.728191
27.771218
119.92425
-7.4945602
-492.86423
214.56812
147.17662
33.746767
-64.350168
3.9557331
-442.56558
-199.06076
-479.11911
-10.569798
3.4945004
107.61512
-290.25915
102.1884
280.8946
170.00992
84.144919
-257.62067
-10.94568
-110.3121
-323.40644
-389.77398
131.77868
-345.01341
152.85323
191.24275
-255.20812
-202.48696
-433.59724
-23.970571
52.651557
-423.10888
-147.63631
16.292133
-460.39051
463.48942
410.63245
26.406838
547.61146
154.22299
65.874983
-277.10068
184.62808
-322.96493
-0.61451263
110.80949
70.795972
3.2061079
-27.137723
227.59814
-4.6191401
-386.87214
-477.74243
-9.5882835
-167.14007
-216.26265
-502.07285
-36.917767
-366.74809
-70.401807
-68.026881
-471.29746
-6.1919701
-206.61042
-2.256287
22.225837
-239.76152
-562.4811
-557.63208
-100.24837
-462.22519
-356.52902
-317.13451
0.95026439
-118.94901
-335.17637
-0.62240715
118.45448
-278.73211
-259.90031
-247.81381
194.74114
-284.96953
-383.06609
673.02418
82.514851
-225.9968
272.36468
-35.969691
-430.15657
55.359951
-260.22148
-249.08566
-398.64221
160.38392
-489.97409
-120.16235
-380.49526
176.67959
-195.97621
171.88197
-454.86375
-38.158158
-5.226048
-399.94832
183.58936
-427.18596
162.57955
-7.1417508
174.08375
61.25492
-3.3211988
-377.24255
-482.788
-465.79061
-220.91285
-22.730833
-18.16741
230.68474
-451.84397
-424.00535
-541.40827
224.76713
-242.47414
-27.319951
163.48423
-81.143267
112.94529
163.55244
-325.71324
126.75904
-494.73547
-389.7742
923.60025
6.2110997
180.86179
159.83981
9.5506346
151.05012
137.71493
153.57154
-420.399
-388.60613
-252.59043
-436.77123
26.853172
-373.93775
-533.62284
-256.21025
16.667148
262.58212
1.8377879
348.90716
-282.09037
396.12825
-417.58909
-439.19034
-488.59588
-341.09154
-2.3320145
-60.574702
-326.29079
-423.64618
-547.00093
213.69175
1.5812336
-0.78007063
-237.3786
39.46782
-19.333443
46.268495
69.680245
236.73418
53.163921
182.09601
-537.81568
-414.2635
-450.14907
-147.38116
142.28587
-405.3145
-285.92672
21.654869
122.10182
236.95053
-177.69334
186.8745
142.01831
-368.18178
-33.499586
-70.952918
-312.61494
182.37614
23.479078
149.2878
474.89176
-412.31553
27.265928
233.2664
-330.29003
145.07021
-292.96494
7.7746809
-144.13734
-356.07579
-298.64072
-456.25483
-410.37854
-5.4260218
-285.52325
221.95018
64.674112
-242.00831
-543.88587
244.12088
-407.8583
126.37785
-418.26512
-12.296111
-508.57635
-453.81029
190.99104
2.3925143
-395.46983
-454.71104
49.821748
3.4053341
44.814146
38.105884
-765.3197
492.30339
136.51345
125.43587
215.38616
166.48849
163.08299
66.427238
45.257053
-404.69148
-174.6628
51.009805
-5.1956825
138.60991
71.756411
1.5472255
8.3606456
126.98094
-226.9379
-426.98219
-74.276239
-260.75461
-333.53639
2.8354059
-3.8618157
-286.76777
-34.570348
-460.472
-302.3036
-401.40696
-457.24375
-476.23829
-34.000957
-74.325278
-240.62405
-503.74494
40.480228
-445.83467
-169.60898
153.44648
-151.17566
-173.92691
-446.45
-76.969582
-167.55868
282.68013
-6.2185545
-505.72856
-9.1084289
142.79447
60.294633
79.781786
-398.96968
-218.14609
-72.232232
-267.8092
13.167827
0.75478251
-493.58073
-80.921942
-485.39854
-276.28985
160.17324
496.66213
-478.2584
49.856386
-349.00899
-73.317973
-92.220769
-431.16594
150.28019
407.4331
227.99065
-340.65431
408.44315
-4.3799818
-394.82821
-522.4934
66.344898
-302.70025
22.853062
25.101134
-105.62698
-129.82317
27.441543
-545.65128
-504.28845
-491.6946
166.61223
-277.58667
60.22972
-287.40279
-474.76261
100.17417
-536.94193
79.67162
-213.24576
174.97918
164.87358
169.05594
-351.58164
129.36474
22.309723
5.9119604
281.33635
220.89803
229.69167
-13.964894
88.681424
32.363043
201.02368
-127.52607
3.2040387
-424.44194
-260.17396
200.12899
-365.07365
196.26119
97.367128
220.28534
-253.03756
216.55233
-427.79649
-333.9193
-324.41879
-158.51038
-191.64234
-267.00827
147.31326
7.1753418
-111.04193
-428.12687
-411.74123
-296.19231
-25.660387
314.84109
247.00743
-229.37164
126.17469
-453.93924
10.886917
-27.492629
-48.653431
-134.78973
154.03586
509.48362
-503.93609
-235.96659
39.956045
1.5021177
-168.49454
130.65574
-495.44547
-515.65164
79.802199
172.47885
41.290294
-2.8818564
148.65329
156.46575
-495.50541
97.354119
-475.91625
-468.42141
-578.37409
-87.608654
-465.77934
242.34817
-225.81076
364.42021
160.09719
158.41336
167.22285
118.48413
-426.46695
21.561535
920.65348
4.0233448
-490.76597
-490.69882
0.05118979
-87.950174
134.14219
-98.617673
159.52535
-81.490034
159.10115
-99.679314
-182.93405
-426.57185
-3.3008967
-519.01774
-478.86079
-608.21608
76.673696
-504.98856
-57.221197
-80.742685
-134.75202
-316.89287
-472.87512
-520.94297
-31.740271
4.3566691
-427.82741
-195.66229
-332.0939
-327.08363
32.072388
-201.93294
-688.6584
-378.84297
-387.87681
-237.87543
-348.01608
6.405748
120.07453
137.40866
-74.68531
123.66557
-424.14812
159.49719
5.8454132
55.189972
-71.637211
64.495709
-183.88176
1007.1893
-205.60648
-8.2903107
-492.2976
195.19833
-252.07753
-477.0698
-21.310264
-295.76762
-374.03304
134.78559
-180.05148
163.87599
-314.65529
172.83183
-190.62144
328.15803
206.46749
2.393193
19.378277
-155.39833
-553.02442
-0.082499198
-147.61516
-29.315071
-66.454197
-170.48968
-206.33494
-460.66522
-348.39958
-63.275024
-67.040153
180.71894
149.35012
177.70419
192.95717
-502.69482
-642.52368
469.24725
-460.65646
-343.34145
-485.69982
-66.923787
149.6281
-79.367925
-15.780281
394.16084
-318.89632
-93.967994
-18.617662
142.97214
1237.1977
4.6120842
-17.545621
-226.30293
-60.1721
126.60858
169.79099
291.36734
-426.51506
200.95735
-136.36076
5.53793
52.011049
18.219
-364.71301
-550.88548
8.8504331
385.31443
-178.19681
-52.737819
160.75129
-456.95644
-47.810961
12.297964
-285.59137
-430.29324
-224.5805
-2.2396102
-90.892712
29.606817
23.289762
-12.644457
2.792946
56.137959
564.27041
241.32931
-1.0475926
-209.46857
-151.45535
36.070386
3.8679346
172.53307
-0.35790652
0.25978699
216.36257
1.5826338
-226.08047
-250.83037
-84.072149
-11.751305
-121.0013
198.00917
-95.387356
47.400278
-174.96776
-172.34512
-343.18841
582.85662
58.334693
113.32798
333.34516
26.389461
-485.89253
-44.192029
158.76244
178.54997
116.04515
-41.379053
-384.38135
-14.09138
107.6645
159.33374
9.9899233
4.3945208
-504.40287
12.703985
-0.13913895
-3.5005503
-94.894811
318.19845
-51.504341
-80.756829
204.73337
-117.33239
-463.44383
-559.26792
-574.42128
-302.53322
-471.12018
-562.74485
152.25605
-216.16561
-503.41227
-204.64936
67.993183
-526.4638
-191.29055
72.323667
552.27364
25.814432
157.24122
19.444224
-60.149933
2.6916098
-443.26041
-497.08068
-477.61343
-180.01798
-344.25908
52.334486
-65.718548
-300.98472
-205.99215
-211.10715
-316.04537
96.960995
-84.518615
370.98404
-143.67319
0.29096193
18.482562
-141.34431
2.4091719
174.29941
181.34106
-380.39313
-4.7084168
15.366652
-277.87124
-91.108365
-92.521964
-98.244091
-92.163474
-97.091271
67.361123
164.23536
-322.12253
171.72559
163.6588
-500.91322
159.24743
40.277502
161.59564
-203.91727
19.166282
33.911212
3.3651461
-347.10517
-0.38874021
-114.62147
300.03342
22.985523
14.50798
-253.11133
434.97689
159.18499
167.81951
2.2173396
419.21811
3.6460035
133.55209
90.06608
-77.618273
-392.52084
358.36552
159.22477
-36.992905
-215.35555
-8.3405341
-562.22409
-496.82014
149.68154
-501.49278
-513.00896
-126.97338
-265.38602
-459.17372
52.596456
-114.12834
5.3154529
-140.67378
-149.4794
14.999585
-38.167355
-480.5289
140.17415
170.5442
-486.2356
348.16894
-44.987708
-234.80467
-465.64912
-113.04979
-19.397412
-229.5965
-273.02351
174.92969
130.88983
2.2106584
-13.855083
-483.38533
-193.00709
-468.32162
-7.5035418
-474.54469
-276.32657
-113.11286
40.200918
-474.80824
102.73765
-385.53537
150.79813
-223.29255
-47.869483
-5.3530308
-381.11991
24.48341
352.51979
-461.64123
-329.52807
-5.5111523
34.461167
41.707656
334.10512
-1.0414037
-478.84334
81.040442
-505.92512
9.6963926
-315.35819
99.069849
-7.933328
-61.46649
-338.46135
-1.1007511
-390.36232
-350.31789
-460.72766
41.071744
-211.15942
181.84998
-324.55167
-468.96495
36.965069
-7.7637985
-228.19092
-14.058058
217.04201
-13.572919
-312.83831
-78.352328
-521.90766
170.65173
6.8490073
-468.90209
-277.85558
-394.03633
-502.8014
-294.1584
-42.962848
74.365868
4.1890203
-75.450997
220.97027
-117.99507
77.667777
163.63946
166.3292
385.90876
1.0911384
22.61783
-350.08765
-357.58891
119.4269
-521.0856
82.576364
-636.5812
-87.963204
161.55131
450.95603
6.9321924
-96.089737
49.865941
158.55476
-269.91285
-630.88248
170.49344
-354.48929
68.452433
15.916748
1.9315164
-350.22058
165.07902
-449.52048
1.9009719
161.91057
-358.85478
10.329439
299.14258
-1.6878741
-364.04853
5.1540996
-117.86409
-77.369518
-2.3414898
-531.95117
-114.10082
-12.968105
184.1069
-0.53515811
-494.29425
27.501237
-367.29711
-432.81767
-91.248865
-513.89388
-338.28214
-102.74431
-6.4039702
116.41481
-116.15802
-366.41713
-10.635876
-578.54681
-293.92108
169.21755
19.137146
51.221848
-400.67031
-491.24616
-466.75508
-459.80803
4.3103876
-336.75325
-491.29715
61.218876
-510.93415
70.792659
-367.79823
-498.53196
-343.6859
-22.261331
-123.01209
-279.68623
410.45294
42.354265
-351.01383
-501.16628
-67.282795
-133.55852
-253.94554
-106.33303
-460.61468
-13.833647
-101.1266
229.43147
-245.98648
85.15947
275.3602
-2.4455286
-2.7937253
-274.68211
84.222895
-135.04598
12.356958
-198.93202
35.046353
-168.54285
43.288408
69.422454
-1.0967023
-147.457
-114.21045
4.6575595
-330.93124
1.1621585
236.44856
1.7505055
-150.90431
16.968772
35.471834
240.57647
-214.14445
5.5615117
-163.31104
309.4086
-274.99369
-204.47904
22.04991
-708.34624
105.93431
-608.05873
164.57587
165.64272
96.351723
7.7760142
-548.13231
-68.217772
-533.25704
-341.70138
-78.846336
-35.215775
11.539911
41.248205
-145.92654
2.8955641
3.0658307
-432.23543
18.209576
0.69230854
-20.822926
-38.723204
-457.40183
-0.68090901
-465.35072
-496.67746
-525.81321
78.617738
-315.80847
-282.77776
221.41107
116.65994
10.320782
167.7499
-3.1955428
-380.51283
-351.94193
270.38616
-71.045653
-26.283684
-150.49521
333.91765
-165.4424
-329.17096
-12.03703
61.038207
176.84255
413.89756
-408.96351
-1.5487592
-6.9672844
-508.33345
-502.68166
-371.58601
-289.09713
-10.743928
233.99239
-132.93859
-119.25559
-123.81178
117.45961
-456.04598
-549.17361
180.75875
-228.89188
215.43735
381.68964
-8.0719464
-294.4666
-481.41626
174.75138
-35.654713
5.5644652
153.68154
113.71572
-169.11635
-18.630994
-522.20682
37.128392
-386.16625
164.68275
0.77708561
-300.69648
-16.705869
-260.49477
325.78463
-497.28211
-1.3969423
-245.24059
172.2157
-124.09595
-479.30656
-16.541221
40.373603
-256.67076
-32.091302
-504.83311
-2.704396
-306.7579
-110.38513
-62.612756
-532.38496
-257.48285
-354.12292
11.47017
-23.305104
282.88375
214.12212
84.353734
-147.39226
140.19602
-51.09879
-26.568238
171.06072
-392.19631
-358.87053
85.267173
-87.479681
-478.21659
69.125529
-456.59196
-334.65656
11.995766
-228.82588
-485.7261
167.88533
87.145124
188.111
-113.47249
-87.717275
144.76615
127.35964
7.0408294
75.733186
-515.68505
217.7899
314.49966
-412.01469
81.349979
0.35225832
-11.55118
-399.51887
-331.55908
-256.42751
-479.46175
-97.750905
71.409965
140.04985
-460.50089
-276.17526
-270.12705
-452.10593
-403.0199
142.71127
-125.00028
-48.499289
11.971166
-76.174932
12.330839
-5.1866973
13.231338
231.02311
159.73235
80.10192
-482.76394
-70.926153
-418.6666
-189.6117
-426.86294
-237.59187
-48.112406
-513.54498
166.08054
65.40125
3.7778924
-125.85469
-127.6679
-473.14143
60.754567
-451.17713
528.7369
-117.60915
-24.076198
380.70087
-212.04629
-531.15643
-81.199765
-243.70598
-521.55526
535.51935
-401.15019
-121.08826
-119.81799
-15.697486
5.5097251
211.88562
140.5082
-224.77547
24.459187
-314.45028
454.59022
19.441921
-212.94342
-424.67513
0.80989355
19.988046
-3.4006473
-108.30235
-9.6321968
-467.53007
423.75102
-694.97223
452.41081
33.110021
184.88142
-1.3483113
-40.988946
58.384179
462.95286
-333.42193
-462.06358
-1.5935947
102.17166
-471.45627
3.0040486
-142.67832
-152.56492
164.29056
-403.70833
780.93647
-318.29303
-518.17735
-518.40532
-323.94667
120.68414
41.34914
-301.34659
-6.739905
117.12056
80.371038
11.577026
-380.89331
-288.44345
3.8386579
-348.87303
-15.701945
137.01848
165.64708
105.75173
50.131842
-483.87291
309.03014
3.5919694
-476.0204
-511.21419
103.79825
168.84492
176.11264
-17.419125
27.670866
-285.00542
18.836636
-18.932108
-238.16979
-32.857512
162.19897
15.632148
128.47703
-119.21736
-116.96285
178.54041
57.091132
373.61202
-465.59003
-398.51244
-520.60133
-37.878532
8.8219143
350.0022
-289.52987
1020.83
119.703
3.4322898
166.35022
116.9749
162.91715
117.68417
-346.94805
178.00608
-448.55396
-479.76856
-318.73445
-322.79127
-487.69874
-89.563465
72.70968
-8.3395642
4.3475511
-576.2353
-305.5234
9.3333751
-229.44807
-246.13
236.46299
360.94161
-89.231075
-19.24466
12.364284
-188.95735
208.75732
-414.92098
1.5742853
1.5832469
-26.924716
-111.64931
99.893932
-501.81081
-360.75158
-354.58027
-83.16953
-352.78759
-33.940468
44.351019
92.895746
135.66613
98.665228
-438.53564
232.66137
-13.175562
287.76865
-24.792906
-144.0933
47.662763
-526.2914
13.099014
-305.21664
16.348057
151.7217
-394.0368
149.01247
132.69853
179.39612
-520.53859
58.310718
-513.40882
-27.158944
-51.915879
-499.42249
9.0098572
-100.28344
78.91727
247.4108
-79.192375
38.190072
67.162344
-13.175439
-50.345819
167.31373
119.28129
-52.008088
101.70411
163.937
26.687515
-457.28728
78.176794
-61.531187
14.418522
-4.580459
19.461187
-555.68281
-484.3735
144.2879
-403.58019
7.9167192
4.6603473
162.48466
174.26789
-45.068709
-1.091542
-329.05964
-165.29842
163.88857
-292.99779
214.57111
6.1008283
-509.03425
-483.3922
-154.0279
183.62717
-57.930492
-467.4546
271.53586
203.46661
-33.166639
174.8983
-202.82866
-211.72771
-2.3536579
-374.75131
69.21552
40.898264
88.014538
-154.36987
-311.51334
-1.3383453
-487.38607
-273.42436
157.68941
-20.359111
-9.4382927
-258.82502
-466.20623
158.15365
-465.51883
-122.01213
184.37586
166.36046
118.41823
163.72463
-445.83423
-267.72139
161.7128
-1.5306215
-288.93803
-243.78044
-222.38156
289.02946
-69.484608
-68.101626
-2.1256564
-38.956449
228.66135
160.84433
171.26423
166.55302
2.0890412
-308.46275
-634.21973
311.44832
-14.463944
147.28768
163.83413
98.533471
9.4321717
263.94585
250.82009
-189.54757
182.52797
-152.23876
-27.870549
122.48506
292.13317
-495.77838
-57.140117
17.261718
-308.57192
-126.10769
161.43593
-118.01894
179.39073
-162.967
160.60408
-286.83403
0.012686934
-276.5881
108.2648
-499.23429
-490.33271
-25.651814
-463.33446
-504.68649
241.03306
201.59977
91.166326
18.698019
286.50722
161.20762
385.96872
8.8477241
-48.043561
105.24475
53.429904
156.69469
120.03428
-59.376091
-25.849636
159.49133
-257.9851
-156.13077
57.256478
-257.96822
115.09793
10.544849
158.86777
139.90953
147.18867
-251.66259
-247.60313
-195.89797
183.08126
124.24161
-460.45508
-202.10915
-1.9253793
-12.769296
-417.06864
-412.37007
-279.5178
-218.27709
132.6303
2.4940004
-9.3568242
-0.031498554
-516.69703
159.81519
-253.99228
2.3690302
2.9131452
-344.33256
134.85384
-541.27567
-273.51433
-46.441321
-193.24605
-413.36294
409.51836
176.58593
174.56323
201.97041
173.48819
-72.252298
182.60987
162.2437
-517.52668
178.34124
-864.78099
-2.6739645
0.2115065
82.544521
-274.74953
8.165126
-133.15093
-1.0543542
20.040961
112.50255
-172.07902
-176.99678
161.71121
-8.1235384
-409.13086
-390.62819
38.451835
-175.45895
3.2255883
436.66606
5.103297
296.25988
-502.9574
-352.09575
48.490736
179.32525
88.771362
19.532872
24.596639
-544.31698
70.10205
143.51952
-205.15472
-482.50824
-464.71862
-394.28834
-347.71779
2.2827132
157.2608
-428.93335
-313.01808
161.41337
58.215614
29.306995
-4.7015696
-411.21957
433.33579
-451.21809
178.37363
-178.85174
-264.09399
-29.91517
53.462515
-4.076547
-296.51706
-3.7660664
-248.64304
-483.11641
-521.05072
-189.36422
-432.34551
157.1211
33.080554
94.148146
149.54416
78.766964
194.03587
107.60509
19.666718
-2.0501821
221.73333
333.79634
-295.60146
56.535157
-50.101597
-113.44077
-116.72299
-533.20554
200.99476
164.43767
-5.3703407
50.332417
-258.65843
209.16141
-475.30071
-49.031962
-472.29893
292.26292
-66.36797
-507.39047
-54.132832
47.096002
-240.0912
-262.62277
-440.1776
-8.8097887
-466.94358
-181.42584
67.46354
142.46933
225.40814
235.63594
382.40693
-4.7644603
-373.24557
-497.34664
173.53444
-265.3299
-22.664577
362.83362
-6.6128157
-213.21761
-0.59023886
-196.35381
-515.97561
-1.306556
48.015635
3.2611302
8.8965236
-502.78396
-363.86665
-232.77914
290.44021
32.737429
-51.642083
-7.9507378
-184.88245
-438.27522
-169.92571
-503.95828
-404.52898
-511.41299
-4.9302103
-434.78802
-407.0539
159.28014
-106.55164
172.71498
165.08247
-488.52977
-322.17769
-568.20846
77.204817
-556.27468
-469.3119
-143.51479
-466.29089
-489.96232
-500.72948
306.62726
-248.92298
154.40867
0.27200428
150.33073
-301.32918
-99.759606
115.12613
-436.54104
170.36672
-456.72072
-466.01851
-484.09275
224.14817
-11.899571
-513.54627
-39.645355
283.83108
-126.09557
100.1756
-157.50339
-117.22369
50.421054
-457.49239
99.570057
-338.87068
149.29854
-49.212739
-477.54245
-112.97775
-91.490444
2.9119037
-407.28253
68.568127
-502.64398
-550.23952
198.14709
163.66091
31.142624
-71.918804
7.4686973
-489.53809
-175.41237
-496.70601
-309.04968
170.38195
-412.90755
-53.777405
84.739644
93.704928
-192.45126
-394.16022
-506.70404
-515.6604
213.00296
-343.4075
137.83379
-73.176137
18.345292
-6.5201608
192.078
-605.70329
46.471738
187.28177
-101.16204
-323.05438
142.02935
103.48178
31.374066
224.49193
-227.84041
126.36976
118.25121
-52.236719
-216.40287
483.32273
-312.04997
161.79922
161.31458
-321.15588
-646.56576
148.49339
-55.43997
-539.32499
199.17587
-242.71193
-247.28607
-5.4451961
-14.906042
3.3639457
13.637158
-26.077599
-158.69805
-460.8927
-493.90054
1.1350066
48.301366
-118.0649
168.59771
-55.935784
425.98352
-365.4729
-375.62247
-497.05296
120.66647
165.35769
157.90197
-119.15139
-502.61121
487.92822
9.1170982
-327.68279
-491.80845
-46.09908
150.56306
470.6827
-2.3159346
136.05654
270.42493
656.47081
176.3331
174.00012
-170.15023
-314.00475
-237.41609
-111.67999
-515.66942
122.22571
-87.479016
207.758
-364.00874
-371.84244
-469.30032
-492.26435
173.74378
-287.64671
-460.76773
-495.62733
424.06795
186.98982
6.6465663
-146.8171
206.44658
-500.83872
176.30754
98.889372
-482.21286
-222.47451
-246.9933
-426.27753
3.4540493
113.64015
-153.54912
-0.9277826
-512.47993
-515.98287
151.32814
509.18541
27.647224
-343.01471
258.99041
-214.64726
-160.38727
217.74492
98.706094
-1.8049878
3.7090579
-611.83019
162.50132
547.89014
-244.31777
-152.12082
-2.5880249
160.29107
-490.91526
160.03182
11.452649
1.3636031
442.63413
-477.68705
-426.24843
-416.88823
129.5955
-494.03952
-351.15882
8.2005977
-246.99202
1.2290268
340.98053
-3.3961053
159.74825
-530.52407
-485.69493
3.893652
465.85064
7.7007482
5.0344624
207.1365
-2.321235
-231.13744
-236.71641
-454.57622
-211.11217
-206.32953
-273.66998
-58.597581
-61.060646
81.385455
201.22228
254.25669
114.54773
44.322437
-272.45036
-55.760513
-572.05261
184.16478
-7.349603
-222.22158
-467.25641
-473.5275
-404.8274
184.8127
-13.703424
160.53405
168.85577
183.15434
2.5392583
-502.11138
-64.204175
167.26736
-190.00161
-551.98328
256.09361
19.296488
179.61168
168.08343
-17.512163
-292.80252
20.807874
-441.36403
14.909556
111.81788
-363.87327
15.306517
-0.92157363
-396.67677
167.07755
-384.79432
-54.512318
-2.6958577
-483.05097
-41.391081
-29.742695
-650.9115
161.55998
161.44028
-492.71925
84.523684
-123.79194
-531.09322
168.20053
-473.68957
-98.882401
162.83157
-56.587676
47.363985
60.494673
173.87785
148.73979
176.607
-530.09032
3.4643724
119.01449
-5.5792905
-2.5338093
2.9033691
313.6616
13.920387
-357.8811
-271.12332
99.299692
-100.95346
-463.12826
47.879075
64.476273
-469.21969
159.51283
165.53944
-372.22251
156.8886
-484.42808
-418.86386
214.8915
-422.03326
-8.6274188
-238.13164
-380.10087
124.20253
-2.4935238
-2.8798182
163.96748
317.23969
-257.79417
155.64756
84.492213
-428.66602
158.47743
118.88775
35.971614
162.65027
-391.55942
322.02229
31.120074
-554.49972
-772.9506
-22.180199
-264.2681
161.11425
6.5916802
-424.15742
63.03522
-238.23034
-20.864308
-459.31249
-102.12638
-486.1057
-0.73584146
-11.039503
159.92812
153.81715
243.42306
0.2621321
166.40412
2.886369
-1.0171298
212.45931
158.4577
-558.18536
-323.7919
-485.95628
-471.19475
159.63074
-158.48372
108.37703
-510.30711
-515.05007
97.736143
157.37167
-498.96641
-2.9378975
-401.87942
-285.28091
438.91825
-352.24578
192.88055
124.56455
156.43662
173.91355
476.29977
-340.72957
-457.49272
193.0443
-138.02942
16.683542
-118.76885
-14.617935
19.922508
2.4550199
-448.5608
41.634415
155.37273
208.88245
-520.46944
259.37389
285.40772
31.188486
18.70545
211.18393
-137.89499
-320.75104
87.045737
154.57165
148.6624
-4.2382695
2.4279115
248.73102
2.751136
-318.05842
9.1220205
-469.11927
-442.27041
153.78214
-98.338352
-2.6126319
-500.43616
-316.72438
-446.80534
131.32151
-72.3611
-259.31048
-210.92876
15.630342
-196.94942
80.369919
55.312836
60.799279
153.05848
163.36696
-458.37829
-7.6193147
-501.33233
105.57515
-438.87214
-317.00049
-510.4119
-309.32875
-51.402411
-148.82082
-170.41485
2.820172
269.65947
5.3119351
-501.41052
152.60062
162.02799
180.77446
-522.10895
-527.22366
-258.00702
111.41788
102.24151
-545.41344
318.47047
-503.84926
8.777963
-214.23381
-522.62518
38.103553
27.118644
14.672159
84.280178
-418.24216
261.95755
-465.28043
-530.40583
151.76398
158.3516
-466.74878
264.49712
179.52382
-7.9317504
-325.58825
-302.05323
-453.30542
82.196124
-486.78558
-389.12697
-0.2692091
250.57125
32.911531
-85.040074
-333.33041
168.23623
-97.277475
-23.72412
2.2840081
-103.24736
-348.30193
167.64023
-68.409868
-216.45599
-182.44598
-182.82308
183.60968
190.97311
-2.0732711
-169.29163
148.28772
192.44739
7.0135782
-483.53989
-506.68913
-61.662803
-531.16901
-521.65424
-600.57222
-453.6661
-495.96415
116.90909
3.5569419
278.57745
-64.562014
-192.48411
18.529193
350.58233
-425.46874
77.730514
39.32757
-262.8492
-490.30889
56.110329
-490.46482
137.20003
-428.00638
-464.44012
-242.13436
17.138437
-337.63729
15.451232
185.03421
-79.87787
-483.77482
-7.8764925
125.68738
-0.2328096
-536.56822
68.58953
-1.0286303
88.14228
45.825978
-602.6616
-610.4658
-31.931707
-102.27884
2.1213999
1.6767927
-188.93062
-105.49108
74.209174
89.107124
89.344438
-521.08093
-0.23233563
2.5043954
49.025615
202.17937
193.56853
-78.336222
-522.11558
-428.0887
160.51652
118.92327
158.94257
-182.64613
-14.543402
-213.47299
-3.7856999
-439.65912
286.21176
-398.11934
-514.64505
-418.26553
-406.01476
-419.78225
-507.01992
-218.05224
1.4944013
-442.20166
-509.71333
-0.71838318
-487.50295
241.28012
136.85354
-430.48865
162.56815
-457.18108
2.3295883
-532.87883
-207.05338
-1.9114675
-0.094487284
-0.08087552
1.8802134
172.28782
-396.76093
-61.718946
-349.49168
-434.78117
0.21443062
-43.543721
176.30162
-0.81520517
-14.716189
8.7728918
337.51416
-511.05209
-3.9684919
-362.42301
247.65919
5.2462758
-55.207081
85.779062
163.39174
164.05036
-200.29397
206.01855
-588.32317
170.21083
-258.75089
-531.81584
-293.20558
31.446663
-483.21874
-380.92924
2.1118554
15.837645
13.181111
2.5623761
-384.91241
-514.79493
1.2369344
-347.35064
-257.3072
-0.096842204
-429.93607
-432.19051
-387.21243
-122.10118
260.41793
-236.2937
-501.15047
-454.8339
-464.03536
135.86995
-6.3679343
80.62316
179.93167
-483.29584
-519.56312
-24.414069
-361.05774
-171.36607
290.5755
-519.14492
-394.51762
164.52314
-529.95163
-98.509997
-77.454321
18.884815
-135.83258
-327.52322
-265.13479
-677.47445
-8.9911657
199.12004
177.27607
116.57124
-367.71041
-295.57862
338.39574
-68.779441
-133.59545
-82.09281
3.4461223
-499.15184
-428.98562
-3.1684719
-477.0865
-281.39556
123.40695
-66.933083
56.160774
246.04444
-31.546832
-239.44551
-3.5245737
189.59176
-488.80475
-164.76536
-2.9487704
-382.68229
161.98609
-267.38541
-478.68549
-506.24572
-64.128709
-509.62891
-505.97843
180.05275
-521.08828
42.67043
25.387813
48.326322
-205.60856
180.55162
159.9762
160.13265
-271.84039
-406.5751
-474.20581
-358.05397
497.86311
-525.77095
77.600269
137.42488
635.93008
-528.59529
4.2902304
15.240157
-56.730635
-161.3236
-218.43564
-35.447829
-482.72299
149.97576
-445.36578
-223.65732
157.73949
-29.378791
-380.99939
295.17672
-521.76643
-414.57426
162.13198
-277.77488
-516.23793
-283.76599
155.83399
-495.97068
277.93267
-511.63655
-418.79215
10.842548
-314.77191
-471.76189
-499.60903
-3.480921
282.44599
-185.60987
-239.42889
5.435814
98.380367
95.808343
-519.90019
-51.708474
-596.94344
530.19963
-402.76742
153.86368
267.41063
-428.00637
-339.40728
-131.43698
-476.80382
399.29307
-549.69247
175.5582
-130.9384
-210.41193
-368.93272
-60.874913
-538.03433
159.59252
-484.50112
208.40057
151.99551
-49.002654
-304.43638
-299.41976
-521.46221
-319.04597
255.16154
-526.75026
102.52194
-504.49605
162.47941
-521.31544
-354.04962
803.75814
62.037052
150.17176
-321.60903
125.42434
-505.40046
-131.05014
-499.97885
61.555828
-500.46668
-508.04913
-524.69781
-481.43315
113.36967
-482.77528
-217.12982
-207.44285
-341.15492
-4.6079302
59.704581
90.210892
-501.13964
171.14368
172.77804
132.74814
-283.56019
-192.49349
-485.52871
-311.00858
-195.64236
-186.8181
-422.71632
145.39439
175.47266
-299.0868
-84.681208
-93.217
505.97755
291.77682
134.56639
30.633629
-525.92396
-446.2879
-514.80515
204.97183
291.79704
-6.0325396
201.34252
-442.56258
-111.64978
-71.523435
211.04843
-28.491071
293.67261
69.492237
-200.41148
-454.28738
-108.2726
-159.90616
120.57337
25.249934
-84.308628
-210.34842
-162.55865
-155.9198
160.09229
-128.60258
175.93185
-496.41833
-502.45827
14.464265
-363.22817
195.90302
-83.215466
-190.45763
34.96318
261.01454
-507.83013
3.1191324
18.151958
190.35869
-525.62247
-87.945045
174.67282
-227.90113
-344.49578
-292.8947
189.85095
61.870798
-512.58846
-110.13115
-470.07387
-110.87427
184.88542
125.2849
-97.066401
0.25786069
-253.64875
-2.3493615
162.34459
179.1224
277.72608
162.38025
14.568708
-294.23907
117.27757
-360.16326
-502.24355
88.002853
156.42913
82.624708
59.274487
-242.72227
-498.34934
177.59727
-424.73785
179.27915
107.8219
144.74041
-488.4611
-83.55288
41.318616
150.47888
-173.11868
168.52865
199.45201
-479.0356
122.54189
-120.33526
-241.3932
-505.56923
-508.64766
-95.138986
37.465684
-460.22044
-530.39326
144.17005
81.131166
-9.1199704
-37.351126
-465.42516
298.36031
72.576074
-358.02594
-305.90907
70.657891
180.64893
42.002767
-2.0914329
178.45022
283.49851
282.21689
0.32090091
-499.36264
172.78141
74.461583
-304.04795
17.627702
82.73025
2.4328963
-458.39143
3.3878287
-455.65831
189.22265
254.77521
176.04594
-400.84793
4.9020672
-62.273714
-332.4807
-187.92168
268.92796
1.6953404
257.53923
189.32059
-75.566109
-51.726865
-35.408199
57.729274
17.142722
129.87857
163.87895
-245.2614
159.61613
21.934771
-502.17153
151.74474
-445.79714
162.66034
-534.06831
150.36902
-417.52169
122.94215
183.09121
158.15315
9.3788397
-101.44103
71.75907
527.1583
7.8768393
42.87224
16.752653
7.0039846
-165.5006
-55.950071
214.58628
6.0180006
6.0242394
-303.50106
-11.701433
61.174947
-21.567306
-45.898898
162.87162
34.064179
-163.38481
-424.9399
-477.49878
2.1019609
15.88759
-57.376896
-36.598326
32.877736
96.142954
-7.4779256
23.651605
-207.4937
-444.17074
-504.8385
1058.0561
0.38010069
37.809738
182.64343
15.149151
216.08276
-2.1021636
-214.99881
-426.18909
-401.13363
-514.19521
65.426315
-443.39073
-532.44184
2.8005672
161.1159
53.757046
-244.41924
-640.08127
-8.3510839
196.35163
-250.89214
179.60161
102.423
-5.3967345
-6.3413815
-95.398442
-446.77954
-148.52906
-486.71296
-373.96106
91.704351
-475.65879
147.84441
133.49317
-172.33345
54.653408
-246.37867
-89.375987
-20.962299
-452.05456
-260.56245
11.183112
147.78315
-272.48272
232.03224
91.181532
228.71088
5.539486
35.853
-324.85879
271.44966
-142.36558
-164.75857
6.512214
-395.64557
-488.34917
-445.9788
203.95964
17.272541
-326.8668
-2.6222448
180.70451
1.6335977
-126.69193
-385.52868
84.695135
0.53131999
-313.54489
-316.58627
-288.98076
166.71633
-16.290266
-72.414685
-270.24337
37.694244
-446.07601
49.716633
-157.67681
-5.054578
-462.59121
-5.0314049
14.745027
153.33263
-364.56034
207.67605
-334.60572
-476.83134
-270.90487
-126.06256
-624.92442
45.047747
-39.634815
163.31283
-141.15572
-123.17325
-772.68057
-198.66786
-263.89991
119.76335
-67.321194
133.70776
271.10709
144.3782
-6.3992655
-7.7396607
96.518518
-18.959198
-129.67444
-223.83711
-6.0623025
-166.01357
-297.02396
174.66312
-158.44494
-358.80289
20.78115
-82.177233
176.84944
-136.53664
163.15853
113.02579
21.025866
-80.632732
79.816233
-263.91942
-10.668841
184.86896
75.849053
-35.435639
137.46734
192.10536
-35.26072
-509.52591
143.96151
128.75735
107.41639
156.95576
26.928756
30.477835
-140.8055
163.20558
-430.06452
13.7589
186.56906
4.7278244
112.75454
25.958583
-485.3499
152.90512
103.17171
164.57199
-59.745353
40.191987
4.1258664
161.69264
-7.6971619
-8.0618172
248.82742
79.337194
179.60996
221.27674
-168.95045
35.706206
-99.581954
-44.853228
92.489177
505.6272
-22.039376
-322.98064
14.856481
-220.07629
18.660748
86.945831
5.1429421
-457.55934
-440.1292
-80.081833
67.844703
173.94674
-647.0361
82.71489
76.503802
-14.226964
-308.27494
137.40317
42.799132
170.69313
-359.69373
12.207925
-85.983513
-526.09749
4.1120549
-71.631455
163.79659
309.60634
-330.26511
97.484327
345.37059
103.21581
29.181397
13.983734
-14.200302
172.59508
223.41183
132.97605
179.8729
160.4244
-216.85515
2.095581
236.0818
40.986419
-324.47937
-1.3310244
-64.799229
18.09359
-307.67042
143.53931
-20.733601
-173.90431
5.0862816
19.28238
-156.18652
277.13169
-504.06836
27.363814
16.005488
191.94824
-334.20347
16.283892
71.811201
1.8878286
50.431208
-60.94954
-497.36591
-470.71868
27.160543
-101.15811
-2.3482076
-465.18576
-85.060479
-244.25645
-43.379351
0.90102612
-443.71288
181.65461
-1.6217945
-61.612415
-288.18053
184.54785
-129.63017
172.66074
-471.40731
987.70995
-487.62738
-118.74199
-201.11591
117.48332
-266.49978
-5.0900999
2.7393362
-6.3134626
-47.201327
68.12858
-495.60195
-458.7442
-0.22815225
-248.00168
-465.41887
61.062827
-285.88837
-349.40948
-457.91339
-475.55433
-114.41317
2.5462515
2.3180772
168.38794
164.32738
-30.431518
122.18274
-367.10571
-127.81588
28.255474
-58.67803
-331.16636
-83.60135
7.8490134
149.8624
85.896643
276.71277
14.014025
0.29941278
-483.63192
-315.74346
-299.18858
-532.42239
-135.74307
-256.44305
16.705861
129.93883
4.1749936
-382.88173
-193.14809
24.066474
-302.51322
160.31662
194.22152
-183.83984
-114.70548
-22.509712
-300.8096
-4.3764878
-6.2790966
-262.52624
-6.4346495
150.13215
-501.81105
17.018584
148.72495
-365.88612
162.5719
-240.69312
-91.741926
154.92281
-54.475068
-450.32166
-499.0418
-162.60369
-65.240785
88.125175
-154.67192
-3.2711499
-202.8043
-312.51645
-6.6425524
89.048545
45.61437
0.62024589
489.34817
-1.1930819
39.600542
-392.22716
16.327159
54.522834
168.7001
-133.61945
4.4805542
-440.03909
6.7226263
521.6655
303.51337
175.75151
-285.99802
159.03648
9.7457576
275.8803
-9.3621557
65.360238
-19.508638
40.0824
-512.27355
-280.25663
74.833021
-473.42056
-530.08469
-442.79705
175.50356
346.66305
-275.58322
160.38762
157.03574
15.015696
-516.03155
-8.2480613
376.40864
178.48756
86.909885
-4.0911236
-261.47381
127.81729
21.055128
168.42637
1.1024822
144.75054
-3.673649
-311.8004
-37.147422
-538.34941
153.05556
2.7002724
-140.91372
-5.3245516
80.645977
165.10011
6.4422443
22.936969
333.14512
174.0524
55.261446
145.20129
-240.55191
-54.164322
111.25484
11.475192
12.911236
-222.5074
-469.58704
-153.15517
-23.545426
66.116054
-403.08903
-213.35989
-465.28923
198.41019
1.4201586
8.7282606
-324.16884
188.58853
-350.98615
-649.68113
-155.9671
175.54288
-440.39
-308.40385
-460.43035
90.767535
-263.54504
-454.83264
-469.4983
122.65889
24.885879
70.751611
135.77489
160.54228
81.170978
-224.23865
-139.86351
6.1001971
-380.34331
-388.45213
-9.9222977
-452.09734
81.615318
-379.21114
-453.34967
-49.025987
-23.122719
30.153315
-16.356748
16.638789
-524.10479
-433.97154
-94.057796
-467.07085
104.56436
-345.9894
16.281925
152.08663
-209.54433
-307.89929
-355.27181
77.905946
-456.84352
3.4184117
-63.632265
103.01803
-33.383307
-52.590232
-444.18652
-271.46866
26.636443
158.91074
-27.654245
109.58461
-185.71962
191.68563
-514.33757
147.13618
-309.32272
-504.89092
127.15299
91.564473
40.824048
-6.1554104
-491.74204
122.81752
139.73363
33.149833
49.695838
-400.71001
391.5981
-291.15515
210.49125
177.4921
-192.04975
158.85073
-526.86984
-513.02053
-498.30333
-480.02599
602.53428
-193.49966
-285.04947
-195.59947
-413.0903
-399.90333
59.302232
-481.416
-280.26209
137.54243
1.7746896
1.1749098
106.66661
8.756875
6.2339454
304.35148
-239.2399
-17.272446
224.06526
-54.642065
-298.86908
-406.9173
-112.00974
-331.64954
-341.4055
-319.53357
110.84206
52.102858
-160.42379
-69.654407
-90.326833
-191.72639
186.44124
-518.01937
23.381447
0.37059087
193.7937
-162.85253
190.16263
-355.61165
-4.281754
-1.9366312
-17.977319
-176.56471
-487.35817
-12.717059
4.6540667
-303.01174
-113.10444
6.905201
160.01262
22.085686
-214.70945
55.312064
65.008613
-6.5963424
152.58567
14.473764
-64.751615
1153.9957
84.833423
-245.67394
60.858508
-128.85782
81.226928
-400.34699
-13.984045
-459.99131
-25.221591
15.574938
-1.8836592
-448.95827
237.48233
-398.05093
165.94392
-150.37571
-391.32579
-43.785879
-488.17724
-500.86492
-6.0753615
-503.21266
-194.99517
5.8800069
-55.860814
-6.697172
-471.00566
-463.31022
47.350331
-231.48332
242.50126
8.7946518
302.04226
3.2162374
-114.48344
-131.32351
-67.001206
-117.01283
255.24045
25.283655
-160.05344
165.57332
56.159974
-2.5273369
101.91464
229.63018
461.86007
3.0658648
4.0729511
171.85214
-437.71049
118.9994
-327.40126
5.7979656
62.711425
171.31513
169.95089
-1.3110333
162.24091
-152.42761
-245.61289
464.42041
34.579196
74.942908
-218.42334
32.054732
-210.24573
-59.069113
23.946538
148.13571
-25.301078
3.9198556
-261.77311
-459.66611
-151.18723
451.42797
-486.48848
9.5681901
182.48061
212.7596
158.98757
179.99333
216.48606
151.7946
-199.88333
-36.3439
84.76596
-141.59493
-129.80391
-239.82941
61.656475
11.857218
-152.85889
-184.09646
141.61237
73.631344
-9.3108688
-5.5746849
65.924459
-484.55457
-478.59414
1.1245729
-189.85658
-163.44337
370.83038
-461.11264
64.471276
-162.377
624.17846
-351.96075
-49.616428
26.529506
22.030724
157.44379
-489.74857
-211.73188
981.37016
8.2137522
166.83953
-67.803159
-237.18382
-219.9708
23.068429
-93.500763
-192.53465
-156.26065
-0.21533735
219.88875
-795.68282
-158.18527
165.88279
-159.91827
148.10338
110.81145
-182.76296
-220.52525
-18.73357
-124.82207
-334.38055
15.435882
211.84932
4.3756255
301.78342
-458.89577
748.13875
-167.01019
-292.02315
185.07074
160.73047
-721.82388
-34.941346
-69.937588
-64.12629
1.0880891
186.9987
-430.8165
1.3065257
4.7743186
179.62475
-311.52503
-10.599342
22.241429
-469.97246
-8.3449
-6.185089
-136.60937
-371.15273
-334.88908
-198.06369
7.5537649
-457.61542
24.697434
-140.22546
-327.63619
-304.27085
-229.42095
-482.83286
84.659298
-69.811931
67.324353
37.739313
-0.70173127
-29.228308
-226.16562
172.08069
-3.5414582
195.98554
-5.1216308
-104.27895
-248.33994
12.360724
-1.9810261
-465.92027
169.76564
-31.493493
179.76096
3.0683807
182.65361
299.83109
-90.930629
175.04276
66.089612
-177.12509
231.73126
-267.36754
167.20792
-528.6005
174.78974
-2.3230019
26.680893
-462.30228
-117.65913
-522.32099
-17.046185
-305.67152
173.47278
-3.5505515
-246.4331
-64.182837
-457.04186
365.32786
1.6585489
2.5724349
1.0553174
2.2507931
1.9747901
2.4535442
2.084335
-0.042630036
-2.1325393
-267.61253
43.496524
1.7360594
-303.16335
-96.344846
48.543428
-252.32103
13.112157
-4.9926861
106.28943
11.742631
10.479153
-6.3805416
-267.12764
-438.60632
-278.61479
-157.46824
54.439084
158.64217
46.940234
27.893053
-221.25114
160.16458
-283.88751
166.20696
36.286419
163.16908
34.531374
-155.32138
52.414775
-250.11352
-2.528857
-8.2021133
-51.672368
-75.346057
-133.64377
-222.35208
-335.98672
162.00083
30.557065
13.08833
8.9252854
-314.38824
-36.0549
-329.28964
8.4396753
-255.83662
5.2642527
-69.962191
-203.45488
130.85528
76.146026
-104.5695
-400.94411
215.91037
-303.74391
-255.54592
-102.14273
-1.8588617
173.18082
-439.47397
-282.42776
171.40835
-11.853296
15.706719
137.39901
-183.639
306.16919
67.175876
2.7626281
135.15182
58.856706
-442.59378
10.298482
-17.614037
-201.75045
1.5905339
-140.53075
158.19537
0.6901421
-39.447648
17.219225
176.01062
-35.591394
51.875362
-3.4866456
-67.581588
358.1479
-304.66518
99.212658
-31.467694
136.92477
-299.74964
-148.70785
27.089328
-125.8603
232.63591
-275.99567
14.040866
-505.25681
-22.984405
-336.18026
146.0114
-49.417479
132.27188
230.21774
-483.65411
-211.02044
-181.67929
-158.26459
-204.53579
-23.681454
-13.832384
18.809651
-556.068
12.934025
3.4842192
-287.19338
-123.87657
5.5416484
180.51043
26.249187
-517.61073
-26.051343
-444.14872
88.186541
-180.81093
-114.10581
-13.088579
167.75501
1.3009821
-247.35994
219.39379
-0.18049655
233.13266
-10.207403
-174.52718
13.066467
34.818264
-464.53126
47.907883
-13.804174
-54.427214
3.2975777
-297.71033
46.711572
157.1874
-229.45195
-413.63322
-109.36007
-36.96081
-267.05535
-556.16839
41.789202
-19.042079
-348.32666
188.1951
180.13577
167.33121
-245.28032
-65.07656
-504.28811
5.0626187
180.29021
321.51231
-363.50093
53.149088
-22.306088
-505.4962
158.58173
184.46388
41.798748
-67.916079
171.69147
-360.95481
-244.68258
162.8783
42.246244
153.74375
-268.47671
144.59996
1.9389071
-266.53303
-4.5594895
-3.8540193
135.42089
-146.21638
-416.35891
-146.52892
-249.84154
4.0338622
5.48937
-359.3378
175.20348
-15.776654
-96.902582
-488.21106
16.955096
-286.79051
-195.53657
-3.7707241
2.6915217
-14.447371
153.39127
171.71975
-101.15728
-276.10738
-83.272903
228.32118
119.75146
138.87526
7.0590943
128.09865
30.159619
18.514425
-188.22507
63.824243
73.781649
-26.504457
16.669381
-224.22721
25.577039
-228.86841
6.6569604
10.360688
1.4765011
-66.67789
3.714048
-142.82669
14.161674
-13.305568
-28.366248
250.63793
-306.37909
96.672803
-280.68724
-506.33579
1.5704062
-112.94638
-150.29923
53.249077
-38.98778
2.189628
-263.31922
-9.5202455
-72.378319
165.92702
312.20167
149.20852
15.129907
-227.50527
-200.47566
-152.76687
-247.69793
214.48765
-7.4590769
160.3754
-168.3491
169.44489
87.540816
-355.95787
-158.47146
10.3988
35.033214
-84.056577
-367.8374
298.20667
-26.710929
3.5013707
-422.81884
-355.25944
-215.88071
-225.91485
-2.6407699
-75.642119
-154.75806
-251.68989
-11.469734
96.224159
501.6797
-240.07643
497.78804
-2.538406
-136.60736
-348.91941
-271.0012
-169.45478
6.2785709
112.12051
-2.0824012
-49.533755
-388.2418
-1.1017563
7.245103
-134.53564
-204.18235
-107.75294
43.921204
-238.99297
-439.58424
-434.52349
-146.49819
-100.21839
24.06802
-35.072048
-273.11879
11.951155
8.5567202
-111.07691
-492.73132
1.2712778
-495.59327
-346.39696
0.529083
-213.39285
-12.799057
298.36108
-357.29788
37.359982
-600.96751
-361.16557
193.30991
-16.464669
-88.479978
-175.37265
-178.5462
-353.56877
-144.54506
-364.24033
-424.7487
9.4688711
57.878962
17.88132
-4.7374914
-50.910552
1.5632804
-28.554437
-277.80951
46.562255
-153.18116
-130.97969
-255.86868
-352.68374
-256.25859
-291.49742
-51.423546
4.8845687
16.488359
-415.04341
-3.818454
3.4695634
-7.6370738
4.2868803
-185.05619
85.124088
-289.4635
-351.49777
77.524608
161.49954
-413.65463
-106.23199
34.464996
201.74995
-1.0569694
-415.35578
135.10816
-218.24618
-513.62596
59.176525
-432.06698
-471.70157
-31.575967
21.081955
-457.45767
-115.36779
22.523423
-37.718653
53.327486
-293.7919
170.85467
194.66846
-34.665304
13.697254
-2.8814543
-56.136639
-492.20378
41.890485
29.948236
15.27386
1.8452489
-0.39767518
-285.99688
-116.77961
-379.98309
282.53868
47.987364
-282.42786
-395.01295
33.297573
-438.82128
-459.00148
-30.541863
-65.256051
-14.676235
-288.93445
144.38257
-484.61685
-26.583904
-304.08113
5.2357463
12.393788
-294.03461
96.926354
-253.03202
-26.459577
-335.26768
130.14973
-89.950574
82.697811
-300.09213
-27.839562
-276.19009
-12.032528
123.5891
-484.82867
-10.1153
-364.09625
-3.3923851
-107.71714
111.1883
-119.31061
184.47265
-479.03225
161.678
4.898965
-5.571229
15.845035
-52.162425
-94.442311
-418.77967
2.5591892
-282.63362
-127.94149
-83.542298
-236.36522
-341.69527
38.058999
43.100998
-3.1948669
-168.75445
-329.34008
64.250496
13.53392
-35.249686
189.47432
-98.368369
1.155943
-7.3214492
232.30361
-308.49559
306.02419
16.972776
-212.62078
2.7281164
6.2534324
-412.50607
-146.12159
306.07007
-85.291362
2.9111422
190.83914
163.48351
-178.99867
77.908236
-56.050725
119.38228
-451.39282
-502.22993
155.93571
20.417627
-210.98885
56.645962
-276.36095
-12.376909
-489.32176
-12.533581
-133.59569
-28.246613
-246.19034
-63.800654
-3.4255827
-110.93959
-345.93169
8.9593544
-27.74042
-263.18099
-296.7674
5.1537846
-424.78657
-161.90759
16.622696
161.54179
70.94867
46.734843
-274.19099
-328.07831
1.5870153
-436.14171
5.5756541
-0.46610983
-114.34772
-515.45608
-358.22673
-419.77948
-21.195596
-354.67351
-403.23529
257.56141
145.379
2.9568546
-166.59491
-41.851617
-438.27017
-380.40594
-110.59884
-399.08696
72.184548
-115.14993
16.417859
145.97338
31.23785
42.976621
1.3812901
207.44666
-247.57829
-342.9744
-40.564971
-1.1973044
-59.101126
12.324304
-502.19504
136.62344
15.690173
-135.14818
-634.56888
16.609517
25.623447
348.99801
-235.2111
96.547721
-407.13845
-503.51124
-33.068782
-199.46859
346.42545
436.36283
0.78632146
-188.09362
-5.4084548
-123.27293
-27.41766
186.95424
136.94305
157.08661
3.5183679
-415.09085
4.126696
-262.65611
2.3632561
3.5561021
106.00182
122.18098
17.555008
-75.035689
-186.04258
-98.898424
-0.67632174
-5.3021223
140.39343
239.38293
335.32915
3.4850214
-169.15689
397.36347
62.127907
-460.47068
-57.800879
690.758
6.8683119
-207.81479
-385.84446
-120.86368
-331.36497
-204.89723
57.68535
118.76519
-372.94269
-254.83655
-127.7116
29.701593
-438.99005
-234.25125
110.22466
-251.8343
11.656534
249.61086
-19.05806
-21.304576
131.53198
5.203957
18.308646
-296.08976
2.9921983
20.631712
181.0847
38.710825
-57.883588
166.45236
-264.05939
31.027597
-215.3944
115.57786
178.3654
4.4377082
40.29593
-143.74274
79.860296
-1.2028776
59.976528
53.914162
-347.98709
69.569696
-351.09269
-290.16471
-38.976872
-51.049689
8.1052769
1.327469
86.42432
-489.92569
-269.05065
74.806752
-398.47291
-86.186073
-432.64486
6.8534751
18.75069
242.38643
149.22627
1.9986967
17.995057
3.0545858
157.60193
-311.54476
-159.99697
-459.46083
-277.0587
-313.52291
-148.74653
35.825602
-49.425224
176.10296
155.93867
-90.087883
132.48998
100.61732
166.90172
-481.6035
92.92426
74.812643
41.388977
18.690589
-146.33223
38.464954
-140.56091
-452.68008
-9.8058153
-209.01504
-308.13926
10.142544
161.03494
162.66458
112.77034
128.99953
180.84788
75.604842
105.35689
-451.16233
15.984247
23.101808
200.367
-320.27204
-14.918679
-501.28951
-449.98448
24.427157
-277.85769
20.76909
-302.15866
-152.51092
11.780494
-405.97346
175.39799
-4.8049397
61.867001
34.029283
95.123705
-323.90903
-70.361545
-31.256737
7.0295714
187.87467
-279.73373
-399.58427
7.3942412
139.5082
58.332467
-278.15029
-46.386005
-70.390706
37.825336
96.636349
-477.88509
-52.377424
-253.24813
115.89883
-323.87886
-97.009265
13.5292
145.94272
-163.32244
105.74789
-390.8217
24.307607
159.00138
5.4559063
153.4719
206.71775
-286.80423
47.977951
452.28036
71.549206
-110.55217
-515.32621
-475.90781
-377.84909
-319.86869
229.2292
-338.83986
97.172519
163.62901
256.40934
9.8630791
-55.32472
93.099473
31.776601
127.92213
13.596093
-133.49005
-8.5749544
83.449415
-276.11569
-414.48822
-339.77723
13.905195
-7.8922721
71.963996
15.291011
-69.345469
4.8527686
182.17651
32.357877
-15.198135
-237.34372
374.82705
-256.97956
-329.03058
171.79861
101.19547
-12.779529
-433.2089
16.862374
-204.02235
18.121457
310.574
120.85083
-282.33752
-324.602
-61.383287
-495.50504
7.0484841
3.7272674
-408.60639
-464.64166
77.81567
-247.94252
-357.75922
13.804914
-262.15465
-31.871873
-168.64927
-517.46519
-31.696413
-0.9901838
-429.77016
-1.1699509
-369.16954
-475.93322
305.28161
-186.67539
159.9747
45.369097
1.8228497
1.5484837
2.5066412
-2.2616502
1.2115605
1.8642578
2.1839148
2.5429215
0.89998001
-0.23809871
2.4844559
-2.1223909
2.0519319
1.6062974
2.0627461
-32.148561
-16.874802
-426.12822
-315.75073
-12.834349
-487.23265
-47.501879
-389.69027
168.22551
1.8732793
-4.9462498
-422.17067
148.67584
540.31699
-70.775641
232.03444
-469.46466
-326.6348
-504.48136
4.6324769
71.636735
-463.19603
-336.13418
-254.92018
130.72588
-171.07808
163.23718
65.49211
171.92611
214.11744
-181.39563
169.46545
-61.895515
-182.70724
-474.35763
-248.19832
-382.63761
-335.79466
30.573285
80.138975
47.488834
59.862955
-424.18741
87.707292
20.561402
-22.595328
-382.20856
81.533681
120.42708
6.8315295
368.20758
-135.73591
27.382396
92.249171
160.84697
62.135948
-418.94208
-370.88321
147.53287
122.03321
-160.23036
66.148186
-247.11435
-410.47216
148.90874
-428.88868
-215.97714
-494.84135
-172.54367
-305.58199
-360.47654
288.35254
143.97445
56.454649
394.61986
-234.07047
-418.58442
121.1173
114.67529
7.5815609
-400.6477
58.593769
185.73438
-6.7352747
-165.82984
-2.9646712
-216.77867
-231.55028
-164.38191
-3.2103351
-0.76276831
7.9001072
-518.26702
-278.75102
3.0415215
134.32097
-91.256814
-178.12789
-391.22429
119.50331
-318.95745
8.6539465
-257.03113
-164.86607
-279.09333
-412.47792
-19.512899
-228.57579
62.6575
-232.69395
-290.92594
13.747434
-115.83592
2.2841701
-44.678894
10.574702
90.588361
22.837167
70.684865
-67.627249
481.99398
0.43531297
-16.428841
158.80844
1.202119
-97.828433
-324.01511
-416.23578
62.262892
-431.97517
1.5533334
136.79107
13.802018
-483.69382
-116.80379
8.3869899
-227.44406
6.1353755
150.62748
6.844062
198.79398
-203.34802
-49.255781
67.367074
69.83526
205.41005
156.37573
-10.79188
80.21982
-171.16368
-559.23404
155.24197
17.400936
-117.35598
160.61896
357.25726
-543.6604
-72.630875
-1.457129
159.03955
-308.55801
39.368972
4.8416293
-487.63189
-13.285154
-1.3632818
-61.861659
-10.917152
328.15683
-39.992545
-204.09553
119.06297
-180.02179
137.81469
116.32558
-68.910677
-168.41242
-101.20804
7.2160761
104.73839
-0.75660885
-40.525474
107.92649
3.4544302
8.4496029
158.78116
261.34485
5.6016197
-12.518118
361.03461
12.095945
145.09011
110.99558
31.248977
2.2939038
-4.4647933
-108.73179
-58.697763
-467.73677
7.2149793
-513.50461
12.903111
31.732272
-459.2602
-7.4749045
150.42726
352.48858
141.0256
43.708326
-254.61582
-320.38387
-2.8136146
250.54878
-114.29559
152.81236
33.907208
179.33924
-14.12286
113.91353
-7.489549
154.57365
-164.81033
370.7508
156.76662
-25.578384
-245.67377
-464.63547
159.22813
233.91886
161.73317
163.43389
185.08133
-228.27626
3.2589202
163.62075
-51.529991
-530.17468
4.9554172
-139.42768
-18.921372
-217.42092
10.235297
-7.2535921
-325.95722
0.283234
18.913939
-504.6405
13.307731
78.361926
4.8559662
64.99134
-197.55134
113.11968
44.845466
-465.81871
122.53329
148.96196
-15.271109
0.85534451
2.242613
18.479353
-16.727926
154.9126
-488.83167
-91.194089
-327.76794
-404.07603
4.2477069
1.4495127
38.30473
-6.3614084
322.71179
-2.5072611
71.688448
146.51926
-53.442424
25.360067
-115.35273
122.63286
-51.310291
75.16
183.31107
190.22193
-0.98070751
6.2036127
-28.466337
-1.9103939
172.9151
53.647958
-325.69851
139.83838
85.767879
-55.358363
121.11715
-460.99601
149.39105
21.679126
3.9623351
-195.56073
118.95752
-542.34218
-19.698516
-301.92633
-8.2187676
120.52044
5.1759537
302.79905
-201.50298
1.1540446
-1.173971
-452.19989
-312.96991
159.24571
-0.77125556
-509.60202
140.724
105.10325
291.67776
-208.07496
146.27606
120.09931
164.05114
135.66755
130.11022
-180.71846
123.54119
-492.89422
-2.9371421
116.60051
-444.78601
166.23667
-450.05141
5.5686208
-21.444065
95.520932
-142.83469
-444.56602
-450.14103
113.68902
30.900487
134.62951
177.27254
-442.06358
-264.73054
112.2788
145.57336
-723.73839
-9.6960415
0.93594396
-207.74567
7.9321132
244.24252
83.443695
-449.21459
201.75185
-56.744721
-441.39571
49.712117
-8.803262
66.714682
162.87955
182.35297
-486.88884
127.65985
-255.59049
144.88637
10.958606
-10.621371
94.707177
2.6487011
14.153568
163.88104
-484.17548
81.093053
203.82464
152.53405
165.66719
13.758625
-32.33372
-233.98682
-359.02132
-187.49684
86.845478
96.919165
-8.7182577
68.017383
-493.81138
6.5641317
145.96007
-0.49527623
-248.38817
273.98453
43.001225
57.727618
82.485808
140.14027
-8.0036115
-7.8288463
-282.10118
14.863275
-1.3385453
-464.23193
266.81508
-356.3896
-71.836015
787.52352
16.00789
-367.00009
186.72135
12.598784
456.53881
66.915837
144.34583
-386.40447
49.955795
-285.55751
-164.62316
12.451751
202.52425
-15.018444
-483.30409
63.24368
86.2912
181.92269
-63.335368
87.720543
48.97212
52.813223
91.497555
-435.75313
-45.467578
162.35159
48.445526
41.98077
160.86024
47.738821
-504.01132
42.774836
-163.6643
157.83809
198.51115
161.41517
-5.5144792
80.204847
-507.8498
-28.935631
93.28187
-199.13409
-484.69414
-38.069082
163.69471
31.935738
-8.2447052
7.1379735
-23.746518
-14.427631
28.706195
198.36085
22.126545
138.56311
-323.25393
-133.89592
164.82651
-0.016236854
192.79218
6.3976302
154.04115
187.21258
205.8324
85.065299
-29.805665
159.02576
62.14934
181.74339
274.01059
-348.38423
249.52051
175.71656
237.33117
158.64031
13.524241
164.76523
5.709745
117.92694
82.289269
-15.078076
152.58789
79.020059
77.324481
170.2473
103.28061
146.33475
-224.5188
226.71173
56.470828
4.5945957
188.50815
180.5199
214.44445
164.77406
1.9875513
-304.50437
-370.53958
-27.363919
50.971948
-488.07063
-25.611372
41.885056
-335.36584
-387.28439
60.181072
-282.4756
74.98488
76.646213
123.83316
-483.05496
44.704421
-190.24736
-196.70763
73.648067
-38.248867
82.25569
43.652017
5.6253878
0.31408837
-520.52737
75.845312
186.7589
2.2457796
-42.912436
-16.00321
15.242025
-50.342016
52.761084
-222.87964
-0.36801432
140.10551
156.9325
7.6042508
16.473033
-391.70128
-488.87157
-486.10924
63.114034
2.4030996
-97.463089
-251.91579
514.49313
-122.17084
-247.40518
-474.38641
176.92492
219.55732
50.793082
222.93579
-32.917697
158.42703
-311.06284
177.7136
-460.4003
194.68326
161.41074
-473.44551
-74.457254
-515.95019
-258.46125
330.99995
-21.782959
167.50667
-16.284493
14.141248
-62.196948
95.158454
-89.042597
-503.82601
-470.14247
-7.1453841
474.27857
-317.7979
-333.03157
34.843226
173.23895
71.165772
-160.52069
-509.47597
140.62897
291.19637
-2.28297
68.827811
-450.26641
12.730467
483.22385
153.17406
-109.73697
171.14644
-462.66414
-435.93962
39.008815
132.33203
108.07111
123.66239
231.77423
293.24141
-9.7217255
73.15105
97.927415
14.965563
-526.21861
13.100721
87.197032
3.8319631
62.491566
176.00111
-247.28086
-778.17595
-79.784137
-283.44553
137.65265
17.316285
172.65903
-126.27748
-204.60881
37.780373
4.7522393
-326.26925
-198.31628
-71.901128
217.186
-459.16153
-234.98706
-37.863111
-464.43633
-434.42566
63.943481
46.892795
-6.468859
161.88943
179.17801
-30.21539
0.095932133
-65.390426
88.858279
213.34193
-7.9409089
224.6233
38.693916
53.014016
106.79024
125.92736
-2.4773329
130.23952
-79.466756
71.014748
58.078753
189.9921
-4.6307405
23.116668
-17.507206
150.18073
-9.0185876
7.5992937
471.34173
73.012285
-420.44781
78.607676
164.0712
-418.82751
6.1017724
-294.07821
87.015173
-58.951125
127.2675
-92.176064
-468.01103
6.8299177
-369.84506
-101.69276
-5.7299396
-6.1055941
-342.98804
5.0401104
-426.4859
156.97241
31.120808
-454.84889
16.098848
37.399715
19.786055
-250.88416
-353.20788
61.474571
295.22537
-258.80467
40.792933
157.7883
-0.55096723
162.92928
-231.56542
37.470684
39.949195
11.840169
4.6262278
-60.668534
-1.0942758
51.562979
55.453733
-323.91074
-3.1292316
120.36763
-16.285642
67.491476
-435.02608
239.9366
48.661614
-470.61036
79.732651
63.020967
114.27674
-52.670161
-27.758993
3.2198232
-475.42631
143.23109
149.94458
194.23449
-414.09765
-240.36203
15.502827
-466.49169
55.819575
78.058074
-461.6995
0.69387282
-456.34528
0.46055679
-530.7613
11.191072
-396.57454
102.49703
-464.14057
-8.0042308
64.342907
263.03402
-47.818728
-9.9242668
178.03634
93.702723
-229.62826
-3.8358439
-521.1921
-516.9876
142.85122
-2.56192
-538.33955
109.37909
-496.02382
-503.62704
-484.22106
204.41011
14.699724
-507.79452
74.658705
-517.97083
142.93364
-8.8686393
-40.798692
-0.1560478
-488.72694
-531.08159
0.39533308
-26.908549
371.69409
-471.56236
113.8425
53.284141
-460.29885
3.7753451
9.2774658
206.10114
-403.42864
-325.20035
-121.3802
-158.40844
32.788036
37.532283
-100.76984
113.04608
120.09753
126.97267
138.21033
132.64387
-5.5048997
-127.29919
10.932682
1.2121484
165.28721
105.3932
11.53084
-13.662884
-255.72686
171.57976
1.8679094
-384.50846
224.0926
61.355075
-18.05281
133.24853
-12.091689
114.15154
357.68315
113.3789
-149.16021
5.6309571
3.9792637
212.21414
-517.80355
-142.29128
170.07659
14.624927
14.065373
291.43362
1.5014029
273.50567
10.589107
10.026549
103.0122
3.8551383
0.60260329
-247.87653
-254.45406
4.9720346
-408.209
-15.771583
-47.248921
-229.66638
164.40699
40.899812
-505.38428
160.74102
-476.62277
-232.35144
7.0337046
-50.682974
-514.3549
4.6916716
-33.684153
10.848357
1.5682035
-343.67231
95.980573
78.506645
116.01956
48.794012
2.419553
-154.99588
91.917675
177.18946
109.11991
-47.283757
-434.92113
-215.28141
4.383452
-2.0686247
-304.23702
139.95885
-474.72846
46.200217
-0.06440451
128.9995
172.65043
150.83835
-145.84066
5.8301379
-265.52771
18.669897
4.6919614
-295.78647
-1.2280814
92.359602
-217.1197
-177.27829
326.64384
-257.34407
-259.8537
54.122066
35.086962
-214.02552
55.925128
35.846153
-351.96926
121.71783
-210.14767
15.815537
-144.0901
-286.08957
-126.13276
36.299755
74.057764
-0.86619924
91.749993
-21.317379
167.56163
192.84689
124.80618
-107.14897
157.77846
92.724681
-238.61623
30.967121
184.62711
0.63121569
20.183126
-360.07119
-212.11548
55.080174
61.898967
-442.31717
-4.6600036
-0.98793575
170.65723
-150.23159
-499.80808
-340.66115
247.8278
146.08339
29.662501
140.92995
-57.506142
-34.101962
197.71217
108.36188
-193.17482
3.3644072
222.31237
14.563178
-175.29669
-195.74997
-137.667
-143.40884
158.03968
-96.66932
30.929775
50.518829
-292.04201
67.993962
-32.091592
80.225231
6.3117973
-178.8594
0.66393382
108.04869
71.315121
1.3334392
-112.57383
-583.82424
302.13219
-3.976599
-79.471038
167.27269
142.15556
123.43365
-23.010007
185.10458
131.80679
45.556955
176.81289
-0.66611262
2.4166771
40.796498
-57.122883
168.39273
-14.928856
150.41958
115.99402
21.433234
159.3625
141.22467
132.19967
120.54947
-8.6257391
-455.71947
-61.346779
74.87702
-4.4129529
83.447354
26.355393
-205.16273
199.00851
13.352906
-9.1461179
-44.518085
29.283285
-128.92514
-32.365432
-257.19025
2.6479714
-99.284701
-446.07855
142.4787
-2.230146
-79.123127
0.76163036
-240.04623
-182.11
174.57891
-109.5356
-413.65015
-248.81425
-430.20243
-466.68573
176.52416
-65.457273
452.82289
-256.40749
15.733479
535.02901
-455.41651
157.87525
56.322038
-522.5217
24.319765
-302.41572
-513.50085
-465.16994
-297.31414
133.7761
-294.69116
-65.880275
93.359784
-483.84904
-440.9196
146.78006
91.349382
9.0517755
-284.03349
169.87847
66.492575
-485.1536
-454.50547
-482.5213
51.48079
54.496442
174.04209
95.37321
-4.0289696
-38.223446
-455.23556
-5.206533
-280.4381
162.15694
227.53657
-341.36501
-18.237706
65.881238
82.298272
-249.60399
287.70923
15.662553
-40.440361
79.232636
-503.24051
-2.9340391
-468.02412
226.06884
-475.55341
-504.95508
121.36317
49.167745
-641.82992
96.351258
162.91722
-74.654688
-241.9901
61.18467
-259.75637
-505.57686
-319.04719
-194.49543
-8.8872134
38.229011
105.13039
385.628
39.681634
-508.46572
-374.61838
184.84724
-287.99216
-6.2304001
99.365907
-490.05005
122.31244
-307.06192
368.29999
192.54971
-458.06833
-90.526122
-20.454225
18.543358
-510.49444
7.1869505
-180.85407
-455.85184
-487.12887
-115.86595
342.93038
142.52897
-431.21956
-407.3847
-98.155924
-157.99036
-335.3956
92.717226
-1.9859968
-69.744343
111.01972
-76.171599
-218.25499
-462.37857
113.21382
-500.21951
-495.13599
80.085874
192.04106
-523.46407
-574.15881
8.3201441
113.45816
-1.7999561
18.666585
-431.24757
-319.07258
-392.74313
-141.44222
-318.69451
-460.22683
161.37924
-426.23527
100.65891
-436.8034
-73.674157
-184.01068
53.060875
-455.69817
160.2546
160.59167
270.86102
-323.73915
1.8403218
-4.727856
-134.44748
107.49111
-491.99482
-464.40994
-321.57895
506.65135
-81.184854
-213.84468
-19.841112
215.22686
-6.5507985
-484.6952
128.61669
-97.166536
-10.75783
43.055652
-470.52348
238.83174
-456.83001
-487.04786
-449.79536
-0.79400702
-357.15149
3.6282732
-36.428638
7.6674636
94.283262
175.97747
-491.23498
168.52736
-509.1908
74.265817
-295.63731
8.3138306
-105.98667
54.021998
37.18878
51.014861
109.30942
-154.61258
-399.36918
445.25988
-0.21971713
-228.3174
35.923364
159.79369
12.217274
0.83905367
18.10697
44.467669
37.099565
-65.812418
159.38544
-54.34383
-237.74785
110.82508
-273.81347
-71.090017
86.862396
35.147714
-493.72833
-402.24249
290.58482
-233.14344
119.05599
338.63984
-455.86201
4.0622928
161.16582
-136.11241
-475.82502
-504.0198
-296.23088
-214.39236
103.80055
-368.36446
-318.55793
-458.84705
15.423316
114.50485
110.79403
-34.687806
-472.83659
0.14544898
-497.42451
198.71261
-491.38839
3.3601042
-347.62529
-385.87042
-514.7498
78.794874
22.983069
-431.63533
319.03768
160.61004
178.3527
-452.19056
-10.766124
44.223286
-74.688937
-152.21328
-285.85766
177.40282
169.81542
-332.47088
-485.01617
140.72344
-239.96412
-328.71158
-457.68464
-655.86022
208.68327
-16.779835
-696.21185
-115.46782
-347.34988
-406.43013
-332.88686
189.28868
-103.82011
-438.92408
14.012794
-304.8497
-5.7095183
23.347999
-130.68044
252.48914
-487.96539
-37.41059
-43.283978
-481.74586
177.63401
1.7153223
145.62474
-493.85994
8.1080745
-531.48619
-80.834067
-16.635339
-543.80681
155.617
25.368817
-366.146
-438.53256
215.26352
159.41758
0.19411636
-86.462035
4.1345606
-311.69004
-333.60184
162.93385
-166.7232
4.9423869
-58.654584
-502.30822
25.622999
123.28315
-154.92354
-258.9991
41.167173
3.2293544
-7.4857093
117.08023
-465.1195
8.7213454
4.6185931
149.62034
-59.873165
-75.426704
-395.42543
498.80742
-52.667777
70.992695
-483.71886
-18.26054
-232.90701
3.790783
196.99945
4.5146163
134.2081
205.21712
154.53499
2.5815958
139.191
259.56562
165.16008
-173.84466
0.94095622
16.129847
-12.002778
314.46284
-151.01777
-0.9591863
-339.99658
76.70681
-379.31824
-551.9557
-69.620077
164.40136
-105.73275
-349.37103
403.2923
160.28134
-550.1056
-470.03197
159.19775
149.0102
-48.652229
-458.78289
-246.79432
-462.32474
10.545458
-5.2299917
177.12227
-505.11997
142.09681
-0.049636467
206.55643
-305.08616
-163.07087
368.57474
159.84746
-468.2606
-385.31562
93.052766
-452.66653
165.15338
-486.37534
203.00266
-142.00995
-4.6945042
77.435457
-486.18523
-320.78508
-22.459479
-100.3304
-300.27833
-309.60591
-455.69567
-194.51728
-252.8192
160.01446
68.554268
7.3011442
32.442708
-520.72781
-155.71881
46.414246
-6.2970231
-1.5971858
122.17834
-304.53004
-354.06374
168.41104
9.3091222
52.389533
-484.11805
-6.4268999
14.439674
-313.58103
52.818094
2.5968237
-458.33745
67.699719
-348.25613
3.9530428
107.58623
-42.577737
-380.32682
2.3983436
-211.69112
138.38069
-154.75792
-186.89656
178.3029
-354.56714
41.921533
-13.716959
-551.28068
147.21501
300.65946
37.553111
170.33548
-228.57613
-50.071702
-442.70509
74.931876
-345.9868
-93.751739
-93.93548
95.651377
168.51145
161.41748
-32.879984
29.709141
-490.38407
170.41456
261.76324
161.4707
-4.4984653
-484.82469
243.89107
155.75034
-464.33161
-315.92093
191.83522
-17.136406
-484.57476
-327.70992
17.670433
-446.82171
-507.25673
-439.99169
-365.9389
-280.36398
23.902002
158.18323
43.00632
-318.4919
-5.2010924
-388.3488
-513.24589
244.20774
16.40507
-432.31959
660.77964
185.18243
-131.90175
222.63021
14.948362
-429.16502
173.37461
-197.15794
43.047838
-215.96174
-26.844391
-531.9645
-285.52304
-558.83169
-412.11648
314.89197
-210.98676
-269.11686
-475.21774
39.268293
110.53934
-129.49895
-288.97255
-299.6033
-301.95333
164.28323
-115.67518
127.52136
157.58566
-42.464329
-302.47185
373.08684
-406.09505
415.4102
28.336139
-108.23041
-118.90139
-487.0547
1.8755652
-81.649951
-42.073074
-118.83966
1.8710651
142.86575
46.594919
-188.88435
151.7178
-27.112308
117.44843
-290.86281
139.54798
36.774947
164.74923
-518.54835
5.3386715
49.176506
176.31531
-331.79817
150.1914
0.53007703
-290.17565
160.19258
-310.95781
100.48551
-509.72472
20.03387
80.950586
163.48441
-171.83336
-268.26355
-62.964092
-111.23829
-335.68458
173.73198
-530.25362
148.00561
144.50659
529.99689
15.919229
78.206096
-527.06352
199.8842
-67.765716
-0.29304216
-182.10857
-381.5317
-8.7533236
-333.92501
375.57954
1.0853734
-312.45715
-0.21112363
-27.032113
21.371796
42.413161
13.805903
184.63973
-323.97954
-6.950325
8.1495985
513.80202
-476.09485
226.44642
155.58449
470.32674
-490.77119
264.28452
-523.7601
27.31862
176.93971
0.86330232
-390.71306
1.5665349
-363.42569
21.797668
-249.26704
-115.93769
-521.98744
175.17522
160.58628
4.1806181
-0.13002107
-236.73159
-289.46272
-236.3075
182.34594
154.98809
-162.86605
-486.30477
164.96666
0.27185243
-220.04212
-531.42021
-1.7872367
-11.289078
-116.94927
-257.56346
-3.5659651
-213.9665
-166.61479
242.41195
-460.01221
-136.39862
-157.28326
-0.43339149
154.0773
88.331452
24.457646
145.24045
244.81591
-459.91431
169.26401
9.063213
-69.718274
-370.69522
-86.640717
-223.25578
2.6645988
-349.60385
-36.009962
64.223158
12.187631
62.556872
-447.49901
-484.38489
199.75087
-528.32316
-377.80333
-4.1188744
66.467594
-133.5951
126.31766
-269.06737
12.740952
171.67848
-56.740828
-382.12823
-558.26869
-624.19781
175.64837
-452.60328
154.06207
161.29479
-98.328609
3.4521617
-526.18527
-31.339719
-308.32853
203.92784
-104.91547
46.929948
-280.31076
121.08324
-260.7453
-468.23296
-307.56774
-296.64728
-434.72811
-395.156
161.12563
-255.13907
160.53293
-410.53056
-471.39108
-412.72418
-151.76847
-109.68742
-1.2708539
-123.77557
-518.78348
133.27424
-0.51756976
74.803512
63.272214
-461.91599
-222.87478
-480.46861
-286.30587
-47.812755
-526.50977
175.25893
-527.69397
-515.25269
-119.67745
137.19506
-148.25959
-439.15975
170.10272
34.98109
516.49612
-491.16164
159.6896
309.74393
361.74696
-43.326089
90.197703
109.48788
-377.63785
176.52501
-577.57379
-405.04426
22.663299
10.165073
278.0858
83.967507
-395.26047
60.969532
-487.9213
-62.966154
-489.1494
0.17782126
0.32256188
12.43598
-323.79168
-459.84827
143.11229
84.799095
78.272127
-3.2749065
-367.92414
-373.73709
-266.59916
-8.4883448
-497.45927
-271.63874
-20.311829
-252.70911
-176.79522
-301.30335
-431.92731
-464.26281
-14.318628
-298.06609
-44.275711
-0.75583474
-103.36704
-483.05176
-135.71636
-147.23191
40.090557
114.37497
167.15341
-175.47708
-158.3486
-475.28031
234.89054
156.12971
-225.99374
4.1123016
134.25348
-295.06355
-160.92742
-217.4928
-445.57727
-459.29353
-90.649863
-456.72527
158.21479
-384.41308
-279.6736
-528.91231
-296.88316
-450.60805
273.97276
157.82423
-456.15203
116.92941
-251.56808
33.952233
15.341074
-145.76635
-514.03735
-461.89987
-165.57037
-84.192895
70.21628
-8.4795692
-518.92109
-254.55755
-33.155802
74.285115
-2.911605
-501.61725
-156.63397
176.65793
0.94387269
172.69215
-60.945547
78.33847
126.64994
-281.24109
262.35905
-64.41085
-4.0537055
-0.80676779
-507.8148
-217.32944
-333.92086
-107.72584
-329.41819
272.64113
186.09911
-72.112742
10.345637
-220.19054
-475.2066
-354.37188
32.462822
-67.305694
-256.38707
205.53174
20.692756
-318.42456
-328.87791
93.760971
43.780892
-125.91844
113.96957
9.9066526
-203.29486
-0.61255131
-469.06745
-77.582506
-2.9558652
-2.8426457
157.43756
-251.23877
-43.398121
161.18624
-502.07851
47.070859
-134.64059
15.235954
0.43173869
12.790978
168.47394
-314.84181
158.07303
-146.33715
77.621219
-340.22289
-464.26554
6.1469044
73.743854
-520.68823
-231.93808
-261.67593
-437.26113
-310.67932
175.32971
-550.81958
-17.408934
-473.51656
-107.93394
-466.33214
40.288555
16.428205
-47.469522
-25.477076
-500.85315
-574.0554
142.957
27.776321
-35.519759
13.931231
39.185654
126.05173
57.461223
-419.93523
35.393354
-237.60997
-187.62172
123.93589
-370.28773
-489.92771
-166.82003
45.583768
-263.61293
-409.0787
-207.1245
477.43829
60.944519
354.71326
-232.27524
33.83376
-246.69263
396.75823
226.1776
-278.92953
194.75047
218.17059
-4.5478401
96.400246
205.60041
-287.9046
35.599368
-523.74403
-4.0067782
-363.15881
-0.36214447
-170.65308
11.644659
6.3590837
-518.58801
74.460892
-5.2165729
178.37161
-415.96212
-319.61555
161.23118
-442.85109
188.6542
161.19916
-10.071628
47.734842
-187.26835
-172.50396
201.35517
41.97944
-525.30856
-22.213045
177.59736
-75.962562
-172.1752
-413.56042
30.413509
110.44763
233.22299
128.13353
-414.67277
-9.6116619
22.671432
-465.26443
74.217302
-495.14862
1.2466081
-418.10674
-29.548243
192.30992
-3.4790934
163.0249
-83.197192
-444.70235
-294.0136
-413.3229
-130.01418
28.36722
-123.62852
-162.7249
67.848717
120.15121
-197.63732
-230.25732
-158.39755
-469.99035
-437.60608
160.55985
150.98116
-311.55995
-342.97937
1.6625627
60.120734
5.3235819
139.01813
3.5481392
-21.58817
78.029331
151.02245
-51.58322
-525.8105
-459.85322
15.869763
-197.9317
346.03787
466.39166
166.81466
61.131278
12.847744
-290.44272
-438.11211
525.16313
-90.875412
8.8687133
16.295572
-490.20689
-14.862411
-10.971696
-327.99107
-237.46404
-530.99637
-14.2478
-368.59283
-803.54678
39.057318
27.889564
-5.4192257
-13.357383
-16.465678
15.65676
-506.14264
17.342225
-462.58027
-303.63968
61.132741
207.9979
-180.42649
54.504318
-487.07216
22.401779
155.11433
150.16681
-390.30723
-307.68542
3.2708324
-217.16418
-520.17827
-646.98113
68.298197
134.74652
271.92403
80.510928
-380.22317
208.48714
-216.41406
-326.33893
372.56965
-208.48014
-152.97263
-525.26294
-524.59313
-325.61213
-236.2995
0.28387095
-52.429591
31.546149
-294.92948
70.099831
158.6189
-10.525352
-3.8862053
67.401448
11.400753
-461.71581
355.30638
-480.2897
10.224458
-76.822609
13.704349
-524.6073
8.275627
-227.32878
-527.64727
-514.01758
17.377265
126.77951
40.311516
-525.59056
-466.60753
116.01611
27.342679
-426.0431
-254.77153
-4.613543
-314.36616
319.88937
358.76267
164.95163
-301.54863
70.996269
26.781051
531.61092
-467.8187
-477.958
-291.70338
-117.09383
18.505346
183.83386
-218.29671
123.92196
108.14415
-109.45409
-458.986
-448.17509
-59.16119
165.35522
2.0933025
165.8339
-481.77282
24.530699
-16.954462
15.317011
10.386961
-89.258983
-454.61701
-461.88335
0.37165691
-531.16344
36.473369
162.00582
112.60105
-256.6562
317.71324
-486.79055
-110.84663
422.09515
-0.23409837
-310.15129
4.1417017
-154.83238
217.13429
1.6254765
-53.703604
2.6224465
52.166344
17.942339
-467.56995
4.4275381
36.434082
42.280393
-548.92312
-2.568388
1020.2907
-277.88885
-273.9154
2.8858066
95.479668
22.578872
-350.7062
-510.79541
-314.28208
46.508396
-529.96296
274.37079
89.210478
-49.404447
89.39785
-398.05584
100.97513
-242.52351
-481.91933
-56.990303
-39.812535
-503.44032
97.237279
143.74645
-77.095933
6.8017009
-24.741611
-519.06137
154.60137
-239.83476
161.05968
7.9762762
0.25546786
12.689823
408.81864
-52.715829
192.86952
-45.750589
-28.110942
-21.510551
-119.75935
1.9414704
0.045193764
-451.08994
-277.69029
160.84517
-234.11402
178.88892
-61.796205
187.31022
-437.41869
173.42801
-9.1222547
-4.0966946
62.642995
-33.121322
-395.83786
131.55715
103.17402
-512.76124
-217.10119
176.71203
87.639202
-108.37681
-393.56584
15.437969
21.748066
2.9213874
-323.05372
-88.158609
-407.16723
-482.01489
-510.45122
-110.00037
-9.8956021
-24.944258
22.411204
136.58897
-796.83027
250.58607
-523.48294
183.34695
-24.615684
-59.082832
462.46967
-357.09266
-199.76726
-444.60941
8.7632676
-8.335155
284.50314
436.4983
-252.47298
203.13919
8.5401378
-111.0998
84.900647
-56.060679
18.177717
0.4892013
-8.0706906
-518.06247
66.818605
-487.87289
-99.911234
-505.31487
-336.70257
138.55907
-290.84106
183.14991
-462.98404
-1.4845527
157.50013
33.324022
283.1882
160.48651
-335.98792
-3.4489141
98.26103
-318.96784
-106.19303
-305.1712
73.082762
10.725724
2.3302906
26.435882
-13.819729
73.618791
113.27322
89.860099
-281.55351
-528.27899
-487.0965
-453.21965
-429.26729
30.611329
-491.00454
1.7997283
-134.4566
-163.49399
-530.43979
145.84757
4.3008171
-256.74873
-315.12271
-158.36279
-485.2838
236.59878
-518.7887
-8.0945892
-515.6676
168.1317
30.605528
-127.27901
-102.47602
45.459301
-131.52232
3.0507641
-520.06832
-147.21271
-280.10699
-458.87909
177.80243
1.4308326
-249.31964
1093.0478
-513.66761
-293.50279
85.11967
-0.92751157
-435.81825
87.80913
-317.34326
165.3082
-521.03365
7.7015782
-349.36937
-819.94587
-459.59718
-311.15538
-502.23094
-518.97218
-465.9636
2.2307827
146.21236
315.28304
0.77876198
-308.81219
6.5766981
8.0042741
-108.15231
-211.7206
-347.7619
297.35327
-5.7463115
48.837482
-147.88897
143.78707
-36.369655
-0.50740519
-0.21488592
2.0024862
-322.38703
14.486748
-132.49024
16.510264
-469.03611
276.77729
61.536558
-262.46257
-458.95632
-71.53493
35.97594
102.08482
-72.32296
-445.92202
-403.31557
169.96047
33.589243
161.70639
50.816954
130.24962
21.256666
213.71627
-325.3609
-6.0809378
-239.81994
-377.36132
-297.17783
-5.5619321
-492.27049
177.40452
-90.039475
524.79854
-286.33947
-131.69375
156.67707
157.38472
-34.981616
176.64905
-394.25423
-218.48723
-205.80151
-570.76025
161.05901
-567.37706
164.81027
-512.82891
4.5933291
-162.43716
-62.741104
207.82399
161.06627
96.060171
121.47958
214.86482
-518.91493
3.230051
242.05089
3.3902101
-322.25467
-2.9327783
48.131298
-317.23191
292.21932
2.8238388
-7.8049466
-149.1547
-130.21083
-73.259669
-463.82471
-516.93724
43.280641
-131.83175
-388.76627
-385.63432
277.39187
40.208021
-396.67157
-11.527057
74.999323
531.12491
-71.605927
26.389936
111.75355
-330.16184
32.515835
105.21846
0.12205789
-421.65059
-2.8047637
231.40279
-359.09413
-38.353192
-450.07991
-255.50002
-84.656417
8.8001231
-138.94076
167.52941
-171.38629
8.6746753
-481.31576
-271.35167
-468.08374
-513.83908
-506.51892
-353.48758
-482.9862
-125.03961
-6.6702538
-447.11819
163.99827
47.547974
-424.59699
-461.16896
-107.20708
14.811039
7.4332607
127.78077
26.255443
-402.10011
-0.18952955
-21.759102
-390.04312
-319.92224
-16.483353
-30.670586
235.94864
116.55717
-18.45307
499.29221
-331.9197
42.50907
-524.49926
-486.87235
158.7858
145.0494
0.93953907
382.01654
4.4745746
-295.57343
45.89012
-309.81245
-256.2006
-386.318
5.9864095
171.8071
-0.83146398
179.0412
62.936574
30.401894
175.69889
-351.40116
19.055577
-490.04342
-626.73417
-273.60721
-464.17867
-2.5461444
174.55137
-151.08899
-305.31356
67.075114
142.62861
11.917966
36.011358
-442.57213
39.046978
-334.86421
171.5892
-431.64224
55.47527
17.342416
-411.00505
140.88452
-461.42054
-217.74049
-852.58461
-24.263842
162.06353
-32.570116
3.9128979
-17.704749
-339.87134
14.399435
91.013168
59.073317
4.5348577
-483.36551
70.196978
175.40321
27.578447
0.93512956
128.41203
-435.66559
9.3963165
-405.83239
-431.28803
4.1451556
-410.08605
75.012018
2.4324098
-245.10312
59.834908
-427.8942
154.15694
226.93821
-461.49241
-436.18142
-91.157207
132.09332
-127.39125
-304.2768
-199.59632
-537.5864
-240.25917
110.70616
-86.205857
-423.71317
-513.39552
164.88004
-7.3815512
-400.51443
335.33487
154.72065
39.630253
157.78577
-402.11147
-32.699893
85.270324
-465.62643
-350.86964
160.89225
-199.71142
-505.57073
63.396413
-347.71216
-472.31131
-351.05961
-168.52872
160.76556
19.046437
55.612945
9.8366145
63.229948
-224.99797
-211.00578
116.87462
-94.357141
-37.129506
-255.00234
80.5201
-2.5777932
64.875886
-449.40685
-101.4869
-306.88702
117.62748
121.53641
-19.903591
2.8653918
-452.21061
132.88822
-458.6818
40.831853
42.143711
190.12132
79.164658
84.441444
-387.35046
104.71016
1.3116033
-40.279635
-130.43308
-13.988853
188.29987
274.28425
-1.1934089
-451.76969
-321.50881
136.75951
267.87035
-39.152343
-21.941403
-469.55226
-74.897041
10.852079
-293.57173
-133.11557
-285.28589
136.85442
2.622203
-438.8898
182.55943
-363.92848
-463.25712
15.837568
-74.864549
-380.02936
247.09391
0.048749447
-280.79459
-385.86035
227.94869
-223.00635
-486.34066
-395.67796
-352.36823
-528.26211
156.26915
212.81076
-251.81383
-105.381
-490.99384
-511.41456
-342.916
308.58467
-8.2589423
-4.6330655
-138.94739
94.919572
158.99455
-246.61166
160.83772
471.40042
-124.6201
232.39556
-219.7475
11.454753
-152.89718
-10.753288
14.8793
-534.42804
-529.86864
161.31997
3.6871431
163.8909
171.08269
176.33217
331.25514
201.55715
-463.98063
19.973394
39.308691
-190.17427
182.10029
-29.231097
-259.50726
-314.51364
-236.34235
-468.10163
-491.53534
-422.47041
2.3454091
-46.645228
-251.12501
-453.45478
106.25068
-389.52446
-405.19017
172.38823
35.672574
-449.74998
164.29172
-469.1217
-276.07185
-467.11944
-12.958378
-31.027898
111.88314
-165.12453
-448.95866
198.7868
-366.46129
478.65431
-201.71654
157.0251
97.342358
332.0792
157.81211
8.0149562
112.59636
-15.478213
-406.79748
-133.98373
-25.720701
58.684906
-349.45171
-305.75899
-218.97256
-490.78849
-519.09194
186.25777
-264.16557
2.25877
-413.03849
-8.7632078
3.8916538
-14.388697
-28.008132
-251.64533
-105.74676
-6.5402947
39.731955
-193.31537
4.4731206
414.26764
-493.01613
-284.39812
-805.0373
-493.21262
-326.23706
159.42687
-7.8489352
77.693501
-34.164953
-427.15159
17.163434
-172.6543
15.356462
-270.85606
-649.60448
-304.78596
222.56695
117.35059
179.96171
-33.683217
-14.498999
70.91672
98.575575
-151.51088
-464.17939
-535.63979
-334.794
-455.06762
-226.64998
-506.68179
-528.53373
-288.04838
202.05165
-293.40336
-2.1726321
77.316064
6.6434891
39.104272
151.97702
-423.21845
-124.24268
5.2197271
133.93206
171.4983
-165.03895
161.21337
39.982779
-8.92225
187.92413
-460.3118
156.70176
154.9889
-521.54883
-152.37744
131.11466
-3.2874883
-268.13951
-136.00698
34.524574
2.0055086
70.548288
239.36766
14.036405
-48.686935
0.76736141
172.79126
-31.323794
-468.44544
-185.80382
-562.17387
-0.10937431
41.278309
-454.20594
3.0025781
114.58032
-566.36307
161.03028
280.7789
-482.03515
-230.1709
134.98504
16.686474
4.7316747
-36.041123
-203.79518
-375.32053
0.60026326
161.00287
-73.2182
287.42171
-131.97308
52.13744
-142.99111
213.96252
-143.62062
-433.97153
-154.76978
88.393461
-267.87112
-430.44545
-211.49325
68.976591
-9.1213499
158.49011
-5.5401509
-305.57388
-46.124027
128.05716
-418.77858
-448.82801
8.5663168
-304.28769
-320.13293
-259.99483
-464.25856
-87.305306
0.1352875
41.190926
172.55174
-395.51782
236.57733
-448.38378
-488.72518
-490.64313
194.92752
-49.346588
-463.98466
155.46342
-317.37478
-461.52975
147.18016
-146.27082
-415.66036
-507.3675
-78.03145
-202.26945
193.34316
-126.14867
4.1990514
-697.79441
159.48981
43.458115
-227.26501
-184.64042
-290.42998
22.277326
4.4097704
166.61665
-6.4953642
153.05364
-305.63696
175.66275
433.69769
203.32954
-73.199345
163.90297
264.39486
-414.68926
-520.31202
-151.17279
-511.7761
-459.12273
-298.64725
1.1440556
-140.80752
-461.81714
3.1758544
126.98191
-148.92271
-71.808752
32.575216
-2.2202721
-1.9629934
-311.58338
-65.014847
-216.08471
-508.95308
77.735224
59.2274
11.13479
213.78429
-175.71014
-211.5029
72.551881
61.827935
344.12253
-7.4397605
-65.784209
-295.23007
108.09895
-86.538754
-106.80881
-617.33362
-2.7793811
-27.3564
-321.8032
-1.035611
-193.88885
-402.85901
112.9618
-380.32464
-317.99441
-481.92863
16.750312
-458.44891
85.12989
14.402361
-755.19378
147.05845
-62.948226
-241.98226
150.6395
-425.36963
-27.557854
-433.47475
-34.171483
-165.32426
-137.70897
37.121124
-488.84992
-485.54889
8.4568576
-149.37897
-147.42157
369.63816
-362.00408
18.042068
-252.29336
-159.98126
-470.19637
-176.32489
26.5758
0.3367391
-489.84105
-17.04892
-370.08946
71.53412
107.05902
-17.236185
-116.8028
-468.50082
-209.65543
92.651711
3.1824681
25.898983
-125.77421
285.74147
51.416061
185.21467
-332.21634
-116.52205
172.14838
-3.11979
-72.748668
121.02048
-4.7043707
20.81894
-278.49483
-476.22448
118.10049
237.452
-253.95289
-543.47721
-22.796605
91.133866
3.5687033
160.78823
183.86937
-521.01644
-47.553104
-3.2255946
-66.728676
-87.124959
-140.60104
-485.39568
107.40415
113.3647
-32.965361
-465.44052
65.259992
50.589551
265.42171
59.889557
149.26143
-458.8852
-5.1029844
-450.53412
-423.61237
175.07415
49.049043
-64.15193
-2.2738538
-121.00446
-2.5818866
-485.64255
73.588927
145.70281
173.40548
160.85256
160.60428
-453.04094
64.114981
-450.12496
89.408427
160.32783
14.691529
-114.11452
0.54885542
-191.32357
-773.27824
-191.52185
-454.76237
204.69112
-424.69055
-262.56968
-120.4019
-722.07464
-469.05826
10.139631
29.912679
266.75503
-275.01921
121.44343
-193.52896
-332.18456
-42.173189
-0.15141199
32.28592
9.8675925
102.72896
-78.206708
-250.34142
375.52537
-28.511132
156.16495
-41.958857
-155.05406
-455.18468
-193.67509
-470.4605
6.2183706
19.485718
-194.67155
-365.78997
-2.0287701
15.303291
218.44397
162.47865
-342.81261
-406.88997
46.176517
-46.007432
-506.25746
99.276982
-297.51379
-53.015769
-330.49825
56.925476
-234.2334
10.065048
3.5732644
15.868054
-308.25273
168.25117
2.3961026
-265.83128
-8.0692069
3.7196368
43.076962
168.8636
-28.419597
723.73553
73.936901
-242.4777
0.94353598
13.24265
-411.44042
-33.719541
10.096115
1.8920316
13.714179
75.418472
144.51693
47.833813
221.25803
160.54373
77.96234
411.89536
165.49508
154.04003
-550.81019
-50.908501
365.1712
-567.50837
11.433655
26.433785
-483.27645
12.473858
157.27552
225.77892
-395.86461
-348.40849
-517.29644
-408.88207
28.363979
-39.21445
-757.12868
-68.955501
177.37074
37.82911
-175.50355
-251.26149
-350.71776
47.627159
-4.024541
-280.00721
-66.452714
16.457687
-215.67726
252.77593
-339.15381
2.8748478
-265.82669
31.056885
174.29908
24.833819
-32.258818
-250.62053
256.1617
150.71698
-416.74799
50.638508
-319.84179
-3.7025196
31.140909
2.2140776
-10.620217
-311.10401
48.913436
-483.28938
-243.75436
-7.1113798
-46.955045
76.530904
-459.53445
-7.3242672
5.262933
-173.78967
116.32546
174.99622
-79.192083
260.5664
-323.21451
344.45027
-184.90666
-9.2535991
-32.394659
-347.79459
-500.27256
10.061816
-561.17115
40.481095
-542.23272
25.338101
6.451446
35.211182
187.95906
30.053334
65.540195
5.0485364
10.444462
-94.440689
276.06727
199.44309
112.02456
-339.714
-535.80854
-195.33747
-137.64563
-279.89662
-70.88458
268.58032
107.03508
185.65649
3.8255331
5.1141264
14.793045
-430.03405
-490.61765
-518.77939
-7.5681141
-516.12042
-70.589927
93.795045
3.3736229
-153.96856
69.145009
137.95794
166.97209
-91.844833
162.75817
-401.9975
-187.23574
-171.92041
-137.38926
45.509361
-217.53071
145.78686
-170.25396
-201.69638
-175.5005
-237.29464
-410.63492
1192.8715
16.988634
63.967246
24.346332
-10.463659
-497.14239
-300.18185
166.71746
-377.43224
-316.66117
-314.43227
13.73066
-214.93192
209.34631
-192.27709
-362.39237
-95.529745
-390.98845
-1.6860441
-389.91988
181.60779
-56.667371
19.314212
-192.31975
16.480269
-130.21135
109.30268
20.95772
-148.38532
2.3182062
0.71415027
111.00502
161.03392
-31.184306
289.82609
25.875408
94.370736
-371.13938
-369.50177
-49.694594
-356.35573
-15.057975
-84.23269
-408.34449
56.463201
-298.82898
140.916
-427.53517
-213.97212
-304.80537
2.9749327
-4.6690879
-458.49867
-380.29611
-22.038831
527.02074
7.0288791
-55.86028
16.712646
-336.24501
-0.55195428
-87.54254
31.09578
-23.629318
-280.79796
-141.53825
17.989702
-10.851063
-154.25641
212.70206
-463.72757
12.727007
106.77107
9.508688
149.85479
-54.732832
45.394414
36.529275
225.02546
6.7425677
-28.407297
-4.568867
5.4312059
5.53037
-142.86246
-397.74859
119.84633
200.1577
157.19186
-0.64895968
-136.12018
73.207077
14.878007
9.7920079
-32.97668
-168.97988
-50.331606
-106.55363
275.61297
-12.86631
-107.2835
27.702972
-124.2104
-460.93084
6.4444315
75.846142
160.65271
0.99142008
69.608355
-67.478517
16.967078
153.81749
153.45438
10.453742
0.14985402
59.322278
9.8226628
152.66152
64.110402
170.26384
5.4031185
-23.19781
-554.25251
444.90391
57.509979
72.567519
-519.23317
28.815158
-315.37856
210.58382
-111.46576
-484.53754
283.44746
-124.94644
22.148662
105.42894
17.020942
2.037626
-19.513542
172.30161
-327.49641
131.13985
-357.79077
-46.112905
25.399573
2.6126797
-305.55591
165.36633
-472.39168
-329.81959
-138.45636
-221.40375
-3.4995071
174.70816
129.78413
15.382821
4.8588826
-1.8725134
81.477354
-440.1798
-141.82152
447.15535
-518.57457
-286.23039
170.06316
-59.618231
0.72752709
-18.36241
48.950953
-201.44195
-2.2958182
7.2707208
-133.14395
-0.077840274
-479.63163
248.19024
83.281552
-30.25229
-94.165554
238.08828
-30.524754
-521.22846
510.20568
-13.101905
483.10077
-302.28782
-30.478588
-486.71098
-313.18902
-402.63691
-132.47833
317.72656
183.19081
-53.565325
48.854827
160.35478
-222.66856
-9.1959128
-522.26277
-156.99288
-317.13846
66.508601
-97.612785
-65.137933
-0.73215873
69.788954
13.059129
-152.61707
-398.9636
-56.872338
-3.9339091
36.711072
292.60647
-339.38162
-318.88604
-492.02347
-11.910471
27.310366
27.680767
0.34914487
-27.342818
-389.49756
-307.83517
-489.71271
-215.9834
-191.30078
87.210928
-307.708
161.8974
1.3187239
-37.269161
-315.69943
-210.93358
4.0905391
-507.72401
1.4014164
-246.41495
-26.448508
-316.58257
-463.24513
-65.733622
5.2195735
69.918876
242.75217
13.105932
26.442352
-315.87236
-15.291456
-2.5713307
-276.31611
-277.575
19.846073
75.267645
134.41546
78.560947
10.170019
150.84701
-401.93409
22.819029
-246.13407
-111.00246
-92.208432
-156.72227
372.21113
-371.92613
-320.72308
156.6294
-71.569695
91.098729
67.533879
12.241401
-407.10703
72.151799
-53.737797
164.709
-393.14968
313.38919
47.939068
-329.78726
-481.34463
8.8595605
5.1062777
135.42517
-0.66587167
3.100162
-55.414588
236.54972
-50.17705
-428.65998
-425.10286
-318.80926
-13.791175
141.86883
-71.033
-224.11124
-450.71407
2.6769501
-124.08999
-4.6352928
154.76573
27.01238
-404.67049
-420.53697
-0.84896138
97.050395
-462.32564
-384.99353
5.5628533
-217.66649
-412.74811
112.86923
-347.37172
-468.8843
-488.72548
-246.9308
178.59815
262.54143
-314.08327
-11.440974
30.938766
73.477127
-28.948402
-380.77504
-386.84986
-32.049636
152.68266
-306.881
-482.45381
192.60769
-2.3913769
213.08889
154.57805
176.32964
3.0790742
156.98821
-141.10119
359.75655
150.71184
-416.25486
45.196569
14.372682
-2.5332869
-244.92628
-359.65385
-517.28039
-512.03996
-89.937249
-396.77802
357.91965
3.284026
-376.75962
-143.23
-3.1672571
-332.73765
2.2343237
-243.51756
185.97431
33.262084
-416.52207
9.3384215
-205.87
-258.2033
170.1981
-281.59485
125.68556
-607.56941
-12.857227
-300.33109
-423.28128
-229.10855
-548.95967
16.84843
359.52178
397.46876
17.82467
-779.81571
14.379372
229.99159
-409.53653
158.57252
-53.233147
158.195
-236.26463
-411.506
28.355583
160.938
134.57869
97.962722
-72.121295
-512.86059
-210.22013
-40.107322
112.84913
308.12699
-301.65858
5.4065162
312.8001
-24.591928
136.58313
-49.204808
-247.683
10.250492
7.7319104
314.25594
8.9345335
17.158089
-426.03739
-429.94812
147.27781
88.316789
89.736407
167.19717
54.717953
17.238555
180.39455
-466.61394
12.679901
-114.61695
43.485754
-123.19339
-20.678882
178.12334
-421.98378
-558.33165
-222.1787
-483.54347
143.88884
98.281909
-19.010003
-458.30036
2.4677508
-462.49931
-486.17282
-464.75461
-436.8293
-38.852202
-349.94405
-384.54292
-518.48031
5.8094764
-5.6693517
-471.58527
155.62116
-253.41763
-455.91144
-495.57307
-102.95726
-514.17128
-38.798412
-393.74811
-167.52468
-180.17693
139.87947
10.4095
-103.90665
-238.63742
-385.63189
-1.3924511
266.0808
6.1327931
63.731019
-284.54204
-378.06183
0.071651391
115.56164
-462.29316
319.55185
-508.07032
40.162996
-13.345444
-204.51466
36.677545
-52.910812
-306.78328
3.0770161
49.699649
-490.54131
95.338147
157.8632
217.83631
53.990071
13.686304
-459.90529
28.357482
74.368985
201.47912
-489.90566
-285.94709
155.67088
-61.292794
-371.38925
-275.0947
-248.41267
-264.76851
78.74002
-408.78359
153.75781
161.32337
-420.03002
109.17935
-365.35766
-80.330284
-417.24951
-260.23129
-497.183
-404.32104
-423.2556
-228.01332
-66.372983
-707.71408
-86.35788
-333.1396
-521.55794
-6.4583548
-403.48711
-418.11068
188.83551
-285.51411
85.448357
-460.24556
34.710853
-460.90419
-122.27789
-485.86725
-130.37457
69.568502
-1.0683226
5.8247543
537.46804
-144.52237
130.67094
3.0424445
-296.01917
207.16284
-0.55509594
161.70744
-232.86507
-269.53361
-541.08132
-99.199664
161.28444
-347.60871
-505.97518
-490.58921
-210.01381
-278.95383
-56.943541
4.3302816
-176.50326
-524.14682
-206.66974
-11.124192
-5.6326469
-47.902878
-23.331872
-394.581
97.937139
159.80493
31.979516
8.5028682
-3.8303368
108.9949
-3.1657233
151.18049
170.49777
-96.164002
203.23167
29.746866
-222.19136
161.44739
12.542759
-415.40206
-110.37071
-2.6094828
364.86125
-408.95062
243.01402
112.83176
190.73248
-236.36053
105.94717
-78.041422
3.2460428
4.9211442
37.321191
41.460348
158.94212
158.47388
-192.62991
199.09245
-232.70158
152.50492
154.52057
-137.37147
-99.775576
242.58527
-187.45857
47.53937
-0.71260955
3.9699715
18.212999
-394.10916
159.98696
-477.52981
-197.94793
30.991021
-206.24256
148.77828
205.85899
0.15126741
38.729281
11.496027
172.73909
-219.73125
329.8691
31.537664
62.043997
110.89576
-332.73963
-0.60244324
-512.47326
-13.322168
72.87986
-321.34795
-9.5631089
-325.87383
175.44707
-527.42461
-447.33841
-173.69335
1.7102864
7.5726122
-345.00071
199.65995
154.46829
-544.51379
-119.97371
-47.951046
-65.468567
-496.08203
353.59143
378.734
-7.0400847
17.320469
-456.63961
-0.52019848
-3.8551759
-3.8814299
-484.88301
-325.71758
14.87386
-483.69661
77.048124
-353.48848
161.63212
151.09952
161.40039
-10.562404
1.2258726
-2.4338048
70.200606
-494.37839
-494.06273
-53.63742
-11.466902
-136.96621
-24.362786
2.6754772
-489.65418
178.55047
120.78324
-325.21358
-9.782506
-459.23263
11.440373
-4.849274
-149.82076
-66.879208
-447.40195
-42.913728
100.73644
-453.55036
-14.35976
31.356165
-525.42886
-448.29332
150.43077
3.2641203
164.29578
-40.194133
206.66549
181.18092
5.6623421
159.85764
-185.19721
166.55617
22.148375
195.90687
-483.50217
-532.91935
-202.01904
3.5717194
185.55873
3.7829173
-477.68086
11.514466
-7.6340248
-458.64397
-15.19845
69.952144
4.1141803
-201.42319
-2.7156585
-19.55585
-45.424836
52.284896
310.64616
-57.939268
87.393051
-357.18547
-71.088914
-257.0484
-128.9654
-160.86512
-154.11346
142.80646
252.50162
51.976936
-132.84452
38.030694
-295.33205
-89.019537
-0.053929175
-497.59296
-465.8299
34.164981
53.062626
-464.13408
-20.022706
248.93043
47.367187
-107.5068
-525.24789
-79.867059
28.108363
108.70096
97.766841
97.841808
144.55857
-404.9796
185.26318
161.07698
-529.44606
-0.10647116
-0.14554123
13.947583
165.92265
269.21381
-298.48227
-186.57708
3.0621818
-398.76531
-144.69327
-306.22232
12.930112
-403.42498
50.65866
-2.3467666
-495.596
-3.9603409
-0.76191874
-1.2317912
-1.2199037
-1.6415285
-1.5552984
-409.09907
22.705336
-338.24434
-479.79576
-20.889537
52.008026
64.052162
143.36226
-502.71382
21.117596
-18.414017
312.69895
169.2799
-173.02436
-386.60469
-42.648175
-760.70256
24.064679
-32.170986
140.0931
-219.07738
-159.89996
-285.32197
-386.83006
129.82527
80.882221
-559.40684
421.03681
-516.86668
76.282343
0.24870095
9.8804174
-512.85365
-344.67736
-195.24747
-413.90263
-445.01747
100.31088
-431.58729
4.2380167
-492.19093
-529.08724
-475.48812
17.122324
158.05737
155.82856
180.6846
153.78035
-93.897164
149.18745
154.7914
158.78628
120.80315
88.115191
-330.81732
-513.08004
145.814
149.14901
-487.13186
247.14151
-19.956207
46.359589
311.21156
97.113273
8.2026759
274.7791
-497.40117
-62.229185
-24.094814
-514.11274
53.581243
-113.48688
-202.6378
3.0564924
-197.4343
215.55905
-4.8831394
3.5565352
-530.08433
37.514823
-551.85237
-196.68449
-4.0862026
29.708743
-476.47114
-490.37865
-427.70943
-192.9036
-152.11265
-549.81412
8.252432
-105.35472
-12.127669
-7.5805525
-236.64463
-103.10536
113.92829
10.480933
-337.38509
162.6302
-268.03905
108.62809
90.613336
4.4639179
-520.27433
-57.060733
21.945999
3.9461272
-8.0757193
163.17548
-12.146083
-111.89442
3.1988793
68.764821
-119.43507
4.8670198
41.523801
117.17211
-0.82424007
73.419189
55.574774
-353.43945
128.94415
-4.6125874
-27.374492
-527.80729
185.63495
-0.32769653
-454.49842
10.877201
-352.82958
-292.01966
-282.13575
115.67682
-98.683296
8.9476428
-262.30661
-2.4302756
-5.2411694
116.87675
155.95335
-515.4397
56.938821
-87.166302
24.944595
-55.591612
92.206753
19.650476
218.68423
350.17267
99.664042
-154.67963
0.36035883
-521.62376
266.93404
-100.68999
160.46267
-5.4485987
-126.68934
174.43242
14.088728
31.616453
-487.542
-490.43681
5.6436269
17.739867
62.277751
-24.992674
-216.18134
5.1665027
134.30806
-462.79648
153.2665
-9.1800238
31.854962
-525.46153
-364.19377
7.8431855
-482.60082
-112.6801
242.41863
17.877599
-500.32876
-318.81504
-292.86135
-314.17881
-464.38291
150.17107
109.81979
1.3352268
-448.41761
-240.61762
190.20455
153.37832
-133.1508
161.28868
10.262645
11.674521
-479.19728
322.39077
165.12066
-244.23158
4.8076057
166.92684
-92.333529
-264.23511
-527.6135
-405.9397
4.9310622
-4.2359232
-129.08141
-332.87682
-452.47424
-511.98746
23.535402
83.647681
52.049052
-198.51522
-154.66478
16.934495
-495.9734
-248.71542
-24.132336
-489.53629
162.44274
-156.53587
-9.9835616
24.363411
-337.15562
20.519135
187.13097
-289.41124
5.1504826
-461.194
-123.81784
167.03709
432.48345
-430.41274
-166.11598
167.27232
269.21504
-344.13835
-383.94054
-2.3189285
23.812957
-286.92294
-142.39301
-203.85992
-490.55106
6.6325
33.891976
147.6767
-130.14923
-342.9031
-256.48922
-0.53500716
165.40242
-327.50055
185.95344
157.9949
-127.39215
98.691133
-133.32386
89.391307
-455.54532
-88.276038
-210.76323
-16.749479
-7.5129355
-334.38391
188.26435
-520.07616
142.00497
-190.61877
-234.40301
25.318398
30.601769
140.3943
179.72497
-480.7275
5.4894243
-76.889632
-127.05758
-161.99118
7.2963502
-485.33407
-295.85815
35.994436
-46.402583
-482.86122
-410.85472
-114.85871
-327.90264
-107.19326
-403.44538
98.149788
172.88189
-16.067076
-311.28085
79.290074
-202.68111
-503.27951
-10.314353
-46.955891
-131.69157
-108.47762
-69.064522
-505.18111
11.371706
315.28496
161.85208
19.017914
-328.45393
104.33388
-1.8581561
-25.578015
-132.85488
-523.3902
9.764514
-518.53614
-239.59682
-183.44676
321.25029
-136.51376
-513.76139
165.65187
160.94943
-119.67922
-498.87871
-42.723403
515.39659
-536.66919
-450.46728
-378.7588
162.3746
-188.85318
-246.25851
-306.89966
-559.8731
110.55744
-415.05615
-351.20169
-490.51257
-542.85049
-489.26093
202.8666
182.67698
-27.447873
119.76253
-5.391445
-346.01147
-515.61299
151.85401
-488.98751
37.087346
-454.75511
-508.53813
197.18585
160.32082
-106.66345
-289.42751
-223.71615
-43.142858
-539.11461
-162.76557
-36.74896
-512.96795
-505.02156
132.50821
3.3102511
49.59988
168.79667
-12.66626
-303.40363
-273.02958
14.349217
-75.295556
-43.311032
-298.4702
-434.19731
-608.90406
-184.75068
129.6776
191.1302
-275.25892
130.64213
-3.8746077
-184.57142
53.051702
410.72619
17.467303
-8.8026327
152.41387
36.671797
7.037818
-381.09513
186.60067
16.418863
-284.10011
194.26621
5.1571949
-295.70527
-454.16045
-524.01495
-502.31741
-484.6268
67.584019
49.82122
-517.06997
165.34187
158.80239
200.22511
-75.297921
-520.71086
424.96399
-370.18009
-182.24124
-546.23915
0.57975682
3.0844663
-472.55706
-21.293608
-76.767188
59.103436
-72.523631
-208.86774
-502.04895
-459.78209
-7.7940403
-405.27322
-455.9293
817.86167
-389.81868
217.36228
-398.07488
-516.44709
-526.45566
1.4745821
-509.53986
-82.08676
97.132023
-515.18724
-407.61471
-73.950361
-637.49531
17.277155
-140.67906
115.52221
-6.5704014
-277.00642
-332.97336
-345.28965
200.2609
-449.62664
-370.14751
-125.56129
-440.67928
327.32405
177.43608
-498.5513
-215.72096
169.74858
-406.38942
-308.11771
0.39061604
236.64655
-497.92588
-490.95333
-2.831809
-3.2281883
-60.379071
162.60614
-329.33007
156.89986
-208.8792
0.83987274
-1.3344521
-114.63986
-449.60312
190.07198
125.19524
-180.43261
-466.74102
-39.968128
60.652163
-203.29923
-239.1004
-93.178558
-260.89208
-343.17316
-513.14897
4.3124996
-295.18683
-474.98392
52.275907
-333.17587
-434.58065
23.475755
3.9833354
-411.21218
-440.17394
-131.4246
-17.998487
-517.40574
-180.25388
-2.4817226
-448.86979
167.07461
-598.79587
2.8406427
-35.900866
67.830237
-484.21915
-205.42232
152.91979
37.926388
-19.39807
-16.161104
-521.7102
122.34928
-451.31333
76.929572
-11.876993
131.27924
187.3086
-311.05215
-374.59219
-376.85254
152.00871
-23.129719
3.8679772
118.26469
74.393258
34.633684
-157.29272
173.75546
-515.58357
1.8254093
-379.54173
23.177057
3.3493626
-324.03282
483.78316
-258.86933
-0.034761549
-8.4688707
-505.18531
-282.36924
134.26617
1113.5052
148.68727
-457.73287
-144.77618
-90.73541
34.511808
85.433657
-482.38653
149.09757
2.5372204
-322.77222
68.801645
9.3563264
-486.41083
-485.64393
-289.11938
30.394683
-175.08084
176.89229
283.15119
-3.0024588
-305.76609
115.52312
37.663432
-10.716289
-134.49814
-27.575086
84.196846
-220.84606
-516.91629
-33.832986
-343.28655
-487.48341
66.16438
-123.59818
194.16424
54.411267
-2.6368624
-523.75557
-164.05219
-3.2729343
196.46735
112.40544
-0.88074918
-157.45423
-209.92021
-527.48844
5.0369393
58.20842
-296.91764
-201.34292
144.14832
164.46673
-240.53938
250.90009
157.47544
-448.29691
170.4034
-483.01997
-516.09754
231.72011
-51.398503
-504.62154
-512.56274
-306.21525
163.00451
1.3348966
137.73478
39.996216
-125.80889
506.749
158.88741
-351.6643
1082.1554
-73.795681
-210.80655
-154.08309
43.03142
-370.21717
-120.27477
-28.990554
-412.05377
-39.763428
-528.86387
-5.6184096
-507.25564
-320.90747
157.92022
159.1605
-152.89914
-503.72804
150.04575
161.06453
-120.04359
-478.36994
70.416939
-519.41464
70.056923
-17.424941
-515.13343
246.03595
2.4227412
424.78938
-450.81953
4.9504644
179.99888
-286.38316
-530.41312
-4.7844389
-465.24163
-3.6157316
160.10085
-487.557
-405.59426
17.595448
-486.44746
-220.98977
-418.94833
-526.5401
126.79702
34.714094
-515.56012
66.972051
-2.4944257
109.03033
-191.8259
166.75704
-212.2355
-268.33569
-314.63439
167.344
-413.43829
40.852608
-170.20547
-15.644733
-487.14001
-502.11909
-304.92277
4.3462331
27.523174
-484.29226
-487.14617
-59.534026
107.0403
63.257868
174.83937
-491.60651
94.43024
-658.60025
-398.7406
6.1193801
27.788389
56.675408
-455.85257
-268.02163
-291.33624
-47.504195
-214.30119
-515.1656
34.683724
-508.6131
149.21653
198.45282
31.484393
-466.20721
-4.8208106
-102.11778
-403.85005
18.892568
-78.579598
507.78942
-495.72252
-216.13602
197.90535
-79.269772
193.16168
156.21475
-530.96352
-517.95579
-444.12226
285.36143
-150.83844
-345.35854
-176.54858
-505.9989
-73.127111
-0.6036659
-521.36515
-311.39373
161.02203
142.58488
122.48355
-157.49793
98.536368
35.662251
39.137127
-518.34775
-486.34594
-511.30736
-493.06052
8.6751482
132.09596
156.69047
204.80135
-339.49985
13.158506
4.4475567
1.2339514
262.71933
-431.44556
-255.67103
-4.5514957
209.06045
144.74738
185.55124
-493.86629
-516.36615
35.391468
-545.59969
174.3187
238.82868
-253.76046
1.2381644
-4.1591047
3.2309002
-329.37323
126.01921
12.519476
-442.25975
166.32441
-431.38975
-527.90753
29.458085
-197.03831
-377.98161
189.26855
0.74108174
-278.75005
-449.03337
-2.7897268
-294.6986
102.34459
-254.47714
-531.17571
48.308931
-262.42849
8.0148643
-13.236829
-340.49865
-42.899453
66.8453
-522.98444
-241.15963
-511.298
-300.86107
177.80332
-13.997223
-387.29047
-28.113614
40.595255
-114.46853
-487.06361
234.86423
248.29846
-521.17381
250.89114
-244.73464
-22.84422
10.186467
-341.88691
-505.50434
11.40455
-231.31496
-517.81967
175.07378
193.76344
203.25412
-355.06875
-220.40096
171.00884
-10.396988
179.65433
162.52361
117.76856
-527.52217
-7.4567965
-592.77802
-69.495266
-110.9953
-22.446571
-562.37878
0.52601125
205.59175
-0.81814791
249.40728
73.134042
-503.65128
-59.122915
-101.07283
-229.73302
-251.17732
-224.52372
-39.278104
-328.31056
-510.84296
-157.73638
121.03889
245.90493
-486.38456
-148.03094
-141.55238
160.9333
-115.08789
-3.1828282
-196.32909
-417.41053
242.17369
-214.24602
18.10066
-347.06933
162.48579
-341.64454
21.986424
79.989375
-419.39711
-530.71087
484.38665
153.59842
-546.85546
-65.997043
305.30166
-105.98908
-155.80616
-500.07687
-402.79296
-457.87332
-374.9392
-446.9781
-13.809233
-531.68793
-441.69674
17.742604
-101.15258
269.55199
160.83403
-483.63482
-314.43467
-1.2325928
2.6530426
67.153547
2.5311676
88.747023
-19.510029
-498.11657
-441.13624
172.03616
148.52816
205.86903
-304.17751
304.89088
-412.69633
-419.92089
-2.8584497
-487.11298
-421.8291
-447.96134
9.2537642
20.314409
-88.719392
-4.7035995
163.52489
-295.89478
-130.53594
-55.168907
-472.15467
-122.23778
211.54447
-2.6239119
156.85287
461.99307
166.50878
184.41934
176.1051
-149.76914
-51.7991
-445.98766
-44.149334
-500.18922
-243.64812
-451.62647
-451.39967
189.59676
-451.66576
24.922622
523.10882
-457.4337
-450.68194
-460.86712
-456.93331
-186.38877
-461.79557
121.70686
-460.79671
-197.23751
-207.1975
-316.6387
-465.45876
-26.802429
-464.18976
-468.59028
-520.72732
-468.19853
181.50988
-289.22494
171.90891
-533.82345
410.76799
-196.3111
-749.59646
133.69392
-486.36052
-236.29703
353.62482
-58.691877
29.173965
120.8942
-151.17328
-19.651085
-3.0291413
-477.43425
-15.949276
-197.32067
-258.07917
-2.1861466
-104.1925
-507.58226
-499.45869
-104.64006
-499.13391
18.823736
-125.66418
-70.290037
-222.55188
5.2324725
217.32365
152.76369
10.690381
-189.68669
-107.81188
-454.34627
-332.15697
-320.58538
-155.66726
98.323437
-251.57224
-486.64886
70.067862
-472.75769
219.53252
-509.07676
744.31841
28.126211
-520.0882
-552.99764
1090.005
-462.94964
-463.92861
-28.287167
-119.19931
-505.03646
-487.14087
-383.37826
-228.44147
-189.96578
-309.99485
-532.37717
-499.51714
-358.43804
-455.88572
-319.10337
-46.641963
114.49283
-11.423303
-483.54745
-404.65405
-339.2547
-323.18029
-542.34456
1.1518761
-9.0989973
156.19441
-416.5077
60.786611
-507.46837
159.90922
-281.15593
-471.75287
346.35878
-519.2856
-486.62914
-361.38283
-485.63853
44.187847
-490.87391
-145.34267
-559.74016
-562.25228
-122.39744
-121.07525
-13.834207
-427.54827
-428.87003
124.0029
23.631857
-435.76191
287.16536
229.25068
-498.69571
-484.7358
-317.18165
-416.17888
266.35978
175.09548
-400.67956
-459.68389
-457.98026
-257.18433
-463.87028
-530.21851
-463.20736
-468.38635
-519.21811
-467.34784
-454.68878
-472.06204
-471.09533
-475.97038
-474.98958
-478.81893
-151.17566
-454.88354
147.1586
-340.90179
-487.35462
-38.66915
-500.55809
0.73325188
-487.43394
-426.65097
1.4706465
-482.54491
-503.98285
-72.903047
159.94949
-2.8599131
-282.86869
-509.51579
-239.32302
-482.14321
-263.82819
178.61304
-243.99706
116.73653
-375.13955
23.472811
-484.02124
-361.78445
137.32614
87.153273
-326.81014
-259.63207
-300.76505
-134.6973
0.063622591
-522.56351
-516.57031
-462.11961
263.88196
-433.2124
73.696622
531.32507
-482.06682
-168.74912
-205.04983
-158.06127
-513.83637
-384.49374
-436.98743
-404.56919
-302.22455
-2.246314
-132.49253
-533.12725
47.055443
81.964872
-118.28066
-537.85303
-0.5416345
84.682485
-213.35243
172.14032
-232.80563
-529.16352
51.036412
-48.632355
60.511965
237.60952
230.05677
342.04018
151.4666
-308.31014
2.2009863
60.178342
1.0709437
155.69563
-258.95194
-7.5919083
-527.5152
200.56584
-435.06682
-302.3417
-114.05535
-11.678075
-286.1049
-146.77593
-327.02063
89.090526
-257.1831
62.979885
1.9457184
-540.68244
-67.39996
195.30635
69.965043
-331.90321
246.97284
91.335445
148.49724
-1.9776962
165.82614
2.93219
-220.02884
95.122814
156.88821
-202.23841
-3.0263654
-154.56397
-65.033636
-33.665916
186.30545
2.6592986
-105.09443
-200.40164
-372.33477
-134.62613
-453.20352
136.13226
7.1031205
14.229125
14.573275
-2.2722841
-293.01056
5.5858752
-430.76776
338.50984
23.677941
171.31318
173.18463
-0.23685274
-0.20624301
-244.95842
159.89439
-30.626132
166.85265
78.665664
157.80364
-131.33427
71.178558
-448.26697
-89.388607
86.434862
-229.51299
-81.450237
-448.18357
-95.552891
233.75658
221.93311
-87.32205
159.16543
213.61563
-20.201946
-7.1174121
106.56154
-33.195511
189.4414
0.17964335
-454.08061
-154.00536
-47.029369
-459.49599
10.959716
-342.19014
2.4599991
87.061773
-38.919791
-7.4259845
289.09336
17.64164
0.93649431
68.379284
-103.86778
-367.80779
-420.19537
33.224592
-462.30811
-124.17305
-248.51473
56.893457
-290.86238
-401.12851
-223.73198
-74.347706
-211.59913
-12.958776
9.7476057
156.82141
76.805259
-311.9004
-460.3953
269.10603
-377.42087
-244.74047
-475.80573
0.19791442
-456.22671
194.99093
-203.55572
-249.65154
186.63322
44.537143
93.873217
-462.00554
246.63925
46.695094
188.67973
48.743934
-149.56398
-81.294794
112.35225
-456.99664
10.116488
-238.35363
-271.8602
37.854544
-120.2127
165.28113
-508.59352
-9.1790436
87.600686
-41.628283
-2.6986859
-24.924044
-339.28316
-457.11873
-344.81594
51.612437
29.40683
-454.41041
-375.86654
-3.1332278
1.5664186
-455.21376
-530.6733
-100.32509
-107.48647
99.55389
-253.96715
146.39255
-11.374847
14.156315
466.79632
22.816633
19.338928
1.877882
-458.64074
-316.9326
-157.22724
-218.58458
-151.98235
-160.96231
13.893166
145.93821
-42.952841
202.70181
18.775168
62.479749
-28.979316
-452.27226
117.05127
-288.42181
45.853147
-50.719147
-474.26835
-16.530486
63.129254
-122.64591
-468.27425
437.77943
-460.83152
-21.420353
-7.1799546
156.97926
-455.11719
-419.66077
165.2958
-469.31585
-1.094242
-508.56276
151.39471
-214.90458
-491.53826
-0.060410175
23.055837
315.69286
-316.39424
-431.28045
-605.76775
-19.845041
93.095401
63.067831
195.47828
3.3696269
-224.38105
-136.45798
-152.67284
-12.892095
-184.84747
5.7246738
-18.31206
-2.4765317
7.8821764
-270.47406
-4.5470369
-257.14228
-16.584538
-324.99723
-458.02083
202.50736
-64.060046
25.743995
-458.41478
143.68414
165.82183
-452.99776
-368.7757
-29.288058
82.786662
52.303338
-262.36865
158.17926
138.01195
-147.6361
-88.035579
-190.97893
-744.0153
-308.49693
148.41115
-11.706848
-207.1147
13.097977
-507.60106
-165.40704
-274.05617
1.7483484
-33.159851
-93.609188
-76.270976
89.253995
4.0363238
-368.21629
243.45447
-461.96698
-478.03179
213.3082
-353.83628
17.630969
-375.52134
-466.37756
164.53374
-473.90627
-65.24092
7.3463859
62.412258
2.0714186
199.66345
33.874569
-427.44245
156.10859
160.47357
-510.64694
165.60468
11.75564
-297.45039
179.36026
-53.160425
-193.4114
17.655577
485.95132
-257.61355
-254.1733
-1.9658549
-62.69775
461.14134
-454.57726
203.79278
-184.74916
4.1012911
88.254091
226.26241
565.54694
7.4992994
176.82479
-133.04917
-506.08385
-290.9211
8.5133054
167.45351
-2.5059797
-420.10557
180.98833
12.121975
-20.45622
-184.98675
80.45008
162.07376
61.016712
-761.6438
-49.620224
-2.449949
3.7446835
151.762
152.87558
-115.51152
-34.412557
2.7193714
-649.48599
-163.50258
-404.77723
-301.33118
-151.2339
205.34039
-528.0882
-287.42584
-436.02943
52.178379
-42.579271
-286.47257
204.56276
46.633721
-438.26217
-7.7094391
-523.21999
130.45855
-188.14876
69.035858
-32.363562
-348.38459
-163.85511
353.46199
-396.82626
4.6476898
166.6513
-22.439993
13.195907
-436.304
-267.24529
6.4042757
-471.11574
58.9591
-303.56134
-10.917306
44.741849
-299.22709
-302.82221
-9.8542174
161.37751
163.78996
77.718379
-223.63269
25.142743
76.677888
5.48148
-461.8623
-515.00673
90.339584
43.820336
-443.52204
1.1108681
-517.71778
149.68691
-139.07008
-230.04089
155.47824
10.401536
119.33027
-46.012007
-527.22552
-98.533803
-6.1106851
-36.076119
-388.45588
67.775734
5.4444427
43.626591
-251.10445
35.077446
-21.305256
-449.45309
-15.725909
177.01845
344.36547
-299.52033
177.15622
-526.92215
337.39784
-489.65206
129.19822
-168.62988
54.914202
-368.26453
-191.17434
6.5267226
-4.7516252
16.234093
522.51833
5.2852707
-30.419216
49.145132
141.15405
-200.38376
147.77879
147.40917
-462.54991
5.4033563
142.91804
-1.4316957
172.84476
155.49951
-446.92544
-235.1326
302.10728
-193.38314
8.9404607
-234.4488
188.34436
-464.82811
208.66195
-400.74975
137.39343
-424.70796
-303.15023
14.855554
-301.42334
-118.43055
-252.47705
3.0439647
-192.08063
-141.98246
152.13128
-239.14078
20.751688
-331.75492
151.22065
-497.57794
163.79477
-265.30788
172.76931
162.24728
20.94384
55.74434
-2.9192254
157.01484
-33.548275
-513.49319
132.20618
6.2702245
27.435368
133.5154
-203.9569
440.10761
-388.23673
-527.6066
-465.53938
-245.63571
45.521438
-401.00293
35.490514
185.40849
168.91921
47.446793
-47.612391
-3.5153628
6.1987788
23.166704
-42.489112
136.41072
56.482614
75.771477
-68.806248
-623.03235
-447.24107
-5.595751
41.049574
29.329476
333.21612
-54.89081
153.00251
-306.62823
37.708657
156.49075
23.953603
-142.72215
86.915277
0.52021167
26.432745
-220.53184
69.68875
25.594154
-210.04607
-490.45247
-502.51357
-313.26971
-21.685068
17.029464
88.52183
87.882781
22.047463
6.1958911
10.719148
-214.61484
121.4288
35.675303
-6.7236472
17.674793
124.68562
161.77718
-93.466296
498.87591
-3.3148708
389.96268
-231.95461
-62.827731
21.317465
-490.80597
-6.9555448
87.738763
164.04263
162.61808
170.44027
148.31594
56.057398
2.4241831
-376.44457
1.4021493
177.69626
-323.25302
17.109441
-395.14185
-64.622019
169.92106
160.56601
26.679299
206.84087
-448.70536
-177.49059
172.51373
-13.64934
-9.2391346
8.615955
-224.93059
22.732229
10.142671
130.54819
-82.763909
-4.3776769
-413.86241
-3.0596056
-288.16508
-57.295331
-264.92567
111.5502
97.899679
-29.219946
-163.06267
-153.01112
73.793555
31.488279
-376.78761
136.96275
-203.93391
526.42391
-149.67791
-308.27329
-244.80017
20.860098
397.02151
-526.30247
-133.91846
41.169316
-454.15779
-14.475085
-451.84093
13.417751
157.56848
32.294945
16.423376
3.7893567
-182.00068
-72.587641
-227.88679
-533.19925
-314.77382
-7.9454035
-307.21033
196.93416
-193.14912
42.744941
1097.1622
63.444243
174.92458
29.49568
150.7531
149.20021
2.8020583
-420.36565
-238.63745
-455.50025
8.4762734
237.79923
188.77968
203.25171
-2.6680403
2.5742293
-444.75775
-230.21996
-152.23279
-7.0412489
209.48875
267.84767
178.71663
2.5345888
102.51531
-526.94434
-112.61
-14.316659
91.102149
-120.86561
2.2211849
69.360341
-9.463617
25.457157
-340.98176
-389.78912
22.835379
-212.93503
41.904312
273.03607
-4.4517108
114.48981
-503.57918
206.33527
50.934001
-161.92979
0.69994686
-3.3438225
-5.4055729
-104.91372
14.038464
-525.94127
37.114741
-1.3547484
78.543749
-10.021739
-117.86396
-46.258393
-375.48825
-49.978707
-53.531493
-522.50891
35.112413
-56.381408
-446.52829
-53.917096
-134.91722
-28.809706
137.8231
62.80868
-418.52699
-437.02552
110.5465
10.082956
-117.32615
55.391401
-502.3547
21.34775
-48.362386
-8.38596
-30.407846
185.60403
247.42087
144.26491
-390.29975
-339.86266
-35.082359
-20.915745
-415.59381
-38.495864
-500.46406
144.40126
-53.904188
-186.87794
38.584647
13.939347
160.45367
171.38178
2.7508297
-105.24201
-310.62624
159.6391
-420.01697
-110.29996
-121.73573
-456.85096
176.027
156.94765
24.099984
3.4101643
1.5945045
1.5456298
72.216665
-63.659726
-197.12782
64.234643
-486.56859
-339.95795
125.2191
15.388693
162.61117
-56.27961
-3.9617559
-523.716
50.746564
-312.25556
158.35195
-147.55975
-140.08382
-503.60839
-209.25008
-311.74781
-479.85829
14.4811
-144.45674
-145.29441
16.023028
65.436463
-7.6286569
199.97649
343.24541
354.46622
-461.1675
-428.40981
-502.94375
-451.84387
-454.26431
155.34524
100.03021
-52.062196
67.15
29.26843
51.955439
12.879343
185.549
158.76626
-83.834718
235.59634
0.78953753
-492.10407
-50.218301
4.4871365
154.95173
-432.87488
123.41557
103.13472
-3.6215165
-14.452404
26.084593
-0.44618092
185.51781
79.465575
-432.59664
269.61049
-460.89312
-472.07767
-313.1677
53.020171
267.13338
-2.8829592
-10.73866
-11.990754
-2.2695566
82.314334
-244.8086
169.79481
336.77022
-118.67566
16.659348
-453.3137
-2.4141242
-250.74899
-265.60516
-445.87145
-207.81241
-425.84652
-260.59019
3.2332648
-242.57335
-157.65539
104.06043
1.5991796
-57.922283
179.70729
-231.1626
-245.64767
-118.75944
-204.4135
29.41048
17.750774
-415.56598
-5.9313418
-305.52904
131.88019
-500.36649
-370.12901
-279.2331
-32.358629
-49.012766
-200.22765
37.522062
-241.85414
-275.65628
-58.607817
161.14557
183.40621
57.04193
-114.76814
-262.48925
-22.217282
-206.62992
-311.90151
-259.62234
83.407509
-470.35917
60.325518
-461.17053
86.038277
-146.36259
-6.7316537
4.6564117
14.560437
153.04723
-310.81053
-159.31099
163.75955
13.171103
-2.2496124
-40.182305
-30.645328
86.265617
-339.28809
-42.907192
-466.10098
12.772415
123.70152
-181.13898
-320.31659
-429.11837
-462.44402
4.3728264
-446.85821
-108.16512
18.553585
132.04295
-240.15151
-517.48563
-516.19372
-8.9701202
-11.330435
-135.04296
-119.06697
194.41292
-389.21262
-88.707309
21.552414
8.7947377
151.00051
187.65711
-445.26356
176.45737
-384.50596
-251.99529
-290.23996
-231.47803
-326.02263
261.71096
-228.48815
-455.63875
-506.26109
-199.74344
84.428615
-508.22616
82.382959
-525.23862
-449.13004
-433.37507
-311.99155
-253.4213
35.325097
18.046726
4.8358432
35.481901
198.40678
-487.71474
-67.128049
8.6844708
-10.307243
185.90969
15.265023
151.46302
-6.179964
-240.6794
-473.13208
11.693218
-378.29069
429.15685
-245.23196
-519.29004
158.92845
170.50848
323.25302
-54.513151
60.583602
86.305163
243.29663
-55.99233
17.14575
-266.01558
-310.68338
-313.44622
-215.63347
128.39642
169.89297
155.59159
119.90471
3.5189061
184.68307
175.77314
147.5134
-455.01404
118.32375
79.986362
2.5240408
34.868457
68.976134
-239.17124
10.94767
114.8561
-243.57814
103.66775
-380.38054
-180.64791
-167.51182
-56.059127
194.05585
213.2553
-455.46621
-2.272591
-429.34213
-186.04083
171.46038
-498.40249
115.48518
5.7996834
-0.64690155
173.94121
-444.30042
201.1937
-29.73667
-169.29088
-383.7328
75.016018
81.215897
174.89613
5.8620257
198.26061
-242.72969
-195.32064
-2.6005957
-4.2875723
177.75182
417.22225
158.70975
6.374009
-517.7642
-520.88814
126.09764
-120.43754
177.42136
-26.259292
-159.37075
180.40972
-301.62365
105.39486
7.497097
171.93163
13.542159
161.00861
11.275432
2.9995523
-50.961702
3.23294
-456.78933
283.21424
-550.84616
129.18777
-4.3925223
140.63417
-207.90292
-458.05782
2.702491
-269.58704
185.69993
-412.90057
-343.30226
-504.58626
144.48325
-537.46239
9.6169522
-44.198484
155.19286
-107.01394
-54.292777
29.880015
-9.5037299
-525.32039
224.6988
201.62688
75.513331
165.64097
-327.3177
-6.4577791
-235.95019
5.2125199
148.29256
56.170385
55.404234
-451.40652
315.64952
128.57069
-110.38969
182.02308
25.310386
1.2050549
74.391567
-307.01573
84.836582
67.171296
-237.05055
-234.75358
169.31306
10.477962
-4.403287
-486.33861
182.92665
-248.53039
14.299074
76.916114
69.791994
-464.4628
-525.22701
-124.4241
0.24331075
-525.26232
-308.71272
153.70214
-523.8865
2.4689233
138.47879
456.57533
2.834009
-2.3621281
-467.08801
-384.47854
-541.00573
137.33773
-48.544185
-535.64698
-487.63698
70.564282
-375.04735
-106.13826
37.529575
1.0427563
85.593217
135.66128
-78.741614
50.865158
-414.91595
-161.88828
22.850334
165.03577
-52.319163
-234.78964
-384.26714
73.793582
328.83996
113.90037
-138.65138
-174.29698
166.4948
-456.72875
-157.40277
-208.09399
-2.354696
163.27114
74.475175
-353.76608
-482.10802
-420.23412
-455.65617
-86.229501
157.2443
250.79612
-7.3000033
13.73565
-303.97028
73.38659
-525.76677
-453.44993
-349.63133
-310.86682
177.37012
-413.10242
14.974463
-489.43724
-3.0516055
25.651169
-78.329511
-88.719176
-552.28945
-398.45586
-2.194878
-272.60677
69.654838
-7.4846027
3.1595695
-499.8395
6.1118191
19.474189
147.26037
-18.796464
82.194535
241.08714
4.3900591
-373.61273
9.5242131
49.220016
-103.55686
-50.579492
-6.6388319
-458.4719
0.34379122
-555.63045
-301.20314
-105.56458
-512.279
-158.19378
4.3154813
11.431757
174.29329
-13.565958
0.70604672
-372.12943
164.60377
-440.93519
17.292214
-526.81178
-464.82123
111.42556
-316.95131
-25.318444
-116.36898
-219.67541
-0.26189509
222.99576
-287.93017
180.38916
-252.02623
-36.963933
159.59159
-442.46626
90.028508
-17.617234
70.731598
-444.33607
-73.962561
-487.22088
433.8832
-261.35768
332.63697
-96.713892
216.54795
-164.64629
173.07865
174.30879
-154.23787
-23.053974
200.25933
170.48304
33.044585
-33.999797
-107.7878
-166.20768
-76.869323
163.17121
41.50142
-458.18724
205.12161
-486.56127
-28.58159
6.6468521
-527.83539
64.28888
-196.32581
159.50719
52.811424
-344.19883
-5.6579894
-104.19815
-337.01509
176.96136
-6.2551433
54.685669
157.33848
-78.530641
-222.35658
-102.79219
15.166879
300.97748
-176.48445
-262.15278
-76.10859
-205.58781
-479.43468
-140.60005
-115.50702
58.556529
-87.097354
4.5620603
3.1557422
-487.37183
57.628201
-298.80169
-110.22074
-155.93756
-482.09661
-119.28759
-439.86113
-145.30786
-0.95835598
-147.32705
-160.36824
4.4968681
-13.399881
-289.56815
-14.968213
-136.729
-224.77286
144.59549
-468.08083
4.8807423
0.6670331
-412.45697
-371.27022
-241.85129
-525.24319
156.26959
-210.21246
-42.544312
156.84322
-250.98673
-447.62009
-525.17522
-181.56822
-85.178941
-2.5057593
-507.57243
8.8983604
9.2680695
-138.51131
176.12782
-31.994546
-414.01096
-271.99495
-5.615885
115.18281
-66.6218
-234.43362
-409.91347
517.36597
8.6631494
64.6031
-77.344372
4.9450434
4.683077
-487.14743
13.800244
178.73582
-5.9944906
21.928378
33.064579
318.159
160.55775
-287.9939
-385.16628
132.59681
-50.431805
3.0509027
-291.20961
-10.34973
-15.284485
-499.48854
-54.29881
-41.034634
8.418626
-262.94268
153.98878
16.820684
82.893916
-309.69928
-502.54006
-144.25273
-146.93835
-487.68578
-677.63328
-124.29036
175.02777
127.26301
41.694814
-48.984264
-15.804394
-29.324097
204.79715
158.79091
-220.4315
127.36503
-228.17558
77.591831
-135.66327
-231.04385
-441.11119
-3.3051025
269.42624
133.77211
-536.82725
-472.64801
-108.59906
157.04496
79.188426
-223.88232
-301.86771
-509.93614
31.770346
89.238703
126.91121
133.12512
-353.37263
-523.70126
69.159379
12.418692
-24.700263
-80.016699
-445.24184
-444.25595
204.73943
19.276302
-455.01829
-534.45756
9.227786
173.14694
-530.57319
9.3876897
-302.69534
-517.15483
-498.2069
152.08796
160.08818
247.39916
-91.907519
-499.46791
-6.0757404
-549.08381
-430.12021
-10.494717
-138.85456
-288.77025
-156.93194
122.73041
17.246538
-515.4063
111.96076
-498.49595
54.110708
-102.65272
-68.563225
0.15665737
128.40302
12.962336
17.810265
-250.90463
-5.8083724
-120.28958
-156.80616
249.80434
79.542517
64.583218
-115.91522
201.93563
52.494216
-410.73647
-11.38632
-464.41285
15.298493
19.92885
170.7672
-304.75829
-153.32499
-486.55029
-43.592144
230.24385
33.700162
-300.16936
-34.227827
-401.36678
171.82314
-510.01726
19.406294
-291.81729
-48.223326
-269.70385
-7.7347348
-344.51195
1.894306
-21.604517
-23.089474
-81.874561
-332.41307
-430.98343
-220.46945
-451.47208
-501.77007
-431.01731
-496.2292
-7.2591281
-7.0803165
3.1376033
29.606922
42.223426
13.586533
-472.00964
-61.0221
-278.29673
-20.753044
)
;

boundaryField
{
    back
    {
        type            empty;
    }
    front
    {
        type            empty;
    }
    farfield
    {
        type            freestreamPressure;
        freestreamValue uniform 0;
        value           nonuniform List<scalar> 
60
(
-1.8482308
-1.529737
1.4859635
-1.8178698
-1.0770752
-2.1690424
-1.579549
-2.1548967
-2.1627909
-1.8172265
1.1791914
1.5493029
1.4556329
1.3726802
1.3098887
1.1783053
-1.5638376
-2.0186039
-2.2624452
-2.1072818
-2.0130695
-1.7774688
1.8199561
1.352872
-1.8534101
-1.4688316
2.0913277
-0.42067638
-1.3298159
-1.677364
0.69788234
1.2804461
2.0012937
1.68129
0.87249448
1.044009
1.3626667
1.3941697
-1.0233685
0.872964
1.1895307
1.4229467
1.6176815
1.9783947
1.051592
1.4293279
1.0631374
2.0760442
1.9508984
-0.042302162
-1.7596629
-0.7448831
2.0434073
-1.5059989
0.9018424
1.7670076
0.33623438
-1.4449629
-2.0791302
-2.1215547
)
;
    }
    outlet
    {
        type            freestreamPressure;
        freestreamValue uniform 0;
        value           nonuniform List<scalar> 
20
(
7.1396984e-05
6.0549418e-05
5.4834889e-05
5.2150574e-05
-0.00012603142
-0.0002204158
-6.1671578e-05
-0.00010258201
-8.4859376e-05
0.00018591149
-2.2862301e-05
-9.2883232e-05
-0.00035653682
0.00029048127
5.0333237e-05
-0.00012378474
-0.00010392142
-6.5462532e-05
0.00018056296
-4.5984205e-05
)
;
    }
    flap
    {
        type            zeroGradient;
    }
    mainfoil
    {
        type            zeroGradient;
    }
}


// ************************************************************************* //
