/*--------------------------------*- C++ -*----------------------------------*\
| =========                 |                                                 |
| \\      /  F ield         | OpenFOAM: The Open Source CFD Toolbox           |
|  \\    /   O peration     | Version:  v2012                                 |
|   \\  /    A nd           | Website:  www.openfoam.com                      |
|    \\/     M anipulation  |                                                 |
\*---------------------------------------------------------------------------*/
FoamFile
{
    version     2.0;
    format      ascii;
    class       volScalarField;
    location    "1000";
    object      nut;
}
// * * * * * * * * * * * * * * * * * * * * * * * * * * * * * * * * * * * * * //

dimensions      [0 2 -1 0 0 0 0];


internalField   nonuniform List<scalar> 
39020
(
6.5177523e-11
6.8237418e-09
7.5388737e-08
4.2313523e-07
1.7024747e-06
5.5992038e-06
1.6033812e-05
4.1248988e-05
9.4811051e-05
0.000188446
0.00032299092
6.4752514e-11
6.7819503e-09
7.4992663e-08
4.2155408e-07
1.7004096e-06
5.6154592e-06
1.6186203e-05
4.2052433e-05
9.7660103e-05
0.00019493135
0.00033350774
6.3312161e-11
6.6327957e-09
7.3376254e-08
4.1269537e-07
1.6654747e-06
5.50009e-06
1.5834509e-05
4.1011665e-05
9.4858751e-05
0.00018861032
0.00032109818
1.8699385e-10
1.8450011e-08
1.8126813e-07
8.4547936e-07
2.6070747e-06
6.0104002e-06
1.0947333e-05
1.6128522e-05
1.9354703e-05
1.9005476e-05
1.5995886e-05
1.6944342e-10
1.6933317e-08
1.7037505e-07
8.2210889e-07
2.6418762e-06
6.3738985e-06
1.219546e-05
1.896995e-05
2.417605e-05
2.5230831e-05
2.2053783e-05
6.7201404e-11
7.0397743e-09
7.7856219e-08
4.3753181e-07
1.7621514e-06
5.7923439e-06
1.6491183e-05
4.1516145e-05
9.0677322e-05
0.00016867905
0.00027187655
6.6148167e-11
6.9331455e-09
7.6730318e-08
4.3142877e-07
1.7376698e-06
5.7078488e-06
1.6219369e-05
4.067657e-05
8.8395797e-05
0.00016370744
0.00026285667
2.0766071e-10
2.0109394e-08
1.909848e-07
8.5079142e-07
2.4878002e-06
5.4155375e-06
9.2688447e-06
1.275259e-05
1.4215143e-05
1.3030041e-05
1.0607353e-05
1.4129658e-11
1.4810299e-09
1.6408797e-08
9.2611647e-08
3.7640195e-07
1.2586032e-06
3.6927673e-06
9.8657939e-06
2.4724846e-05
6.0797988e-05
0.00015045438
1.4710412e-11
1.541799e-09
1.708828e-08
9.6593358e-08
3.9409179e-07
1.328265e-06
3.9551769e-06
1.0842064e-05
2.8377268e-05
7.4615448e-05
0.00018584336
6.4516369e-11
6.7409084e-09
7.418661e-08
4.1399994e-07
1.652221e-06
5.372022e-06
1.5133662e-05
3.8064059e-05
8.5582155e-05
0.00016916952
0.00029441137
6.5477595e-11
6.8420402e-09
7.5320731e-08
4.2057499e-07
1.6803919e-06
5.4755662e-06
1.5485894e-05
3.9183255e-05
8.8607839e-05
0.00017553767
0.00030519402
2.5822401e-11
2.7448827e-09
3.1241996e-08
1.8325425e-07
7.8322593e-07
2.7905983e-06
8.8719269e-06
2.6339459e-05
7.4908706e-05
0.00018741167
0.00037441142
2.4278952e-11
2.5735412e-09
2.9107015e-08
1.6885414e-07
7.0844403e-07
2.4475534e-06
7.3923842e-06
2.0149801e-05
5.0467469e-05
0.0001154561
0.00023404464
2.6108821e-11
2.7744728e-09
3.1525841e-08
1.8406261e-07
7.7861644e-07
2.71843e-06
8.3272332e-06
2.3154863e-05
5.9505857e-05
0.00013830636
0.00027742459
9.5906704e-12
1.0220472e-09
1.1705905e-08
6.9340032e-08
3.0002888e-07
1.0825211e-06
3.4685515e-06
1.0221524e-05
2.8554204e-05
7.8352706e-05
0.00019421455
8.5673549e-12
9.1232684e-10
1.043448e-08
6.1676595e-08
2.6601175e-07
9.5492191e-07
3.0341214e-06
8.8135993e-06
2.3992127e-05
6.3507907e-05
0.00015888418
1.4808949e-11
1.5419956e-09
1.6872385e-08
9.360368e-08
3.7255378e-07
1.2171855e-06
3.4904154e-06
9.1566679e-06
2.2837807e-05
5.8530381e-05
0.00014894514
1.3947861e-11
1.4769654e-09
1.6693673e-08
9.6951571e-08
4.087299e-07
1.4280469e-06
4.4041629e-06
1.2414247e-05
3.2799162e-05
8.2712235e-05
0.00019277564
1.3303062e-11
1.4089775e-09
1.5930836e-08
9.2554329e-08
3.9025658e-07
1.3631326e-06
4.1996454e-06
1.1810576e-05
3.1068834e-05
7.7982402e-05
0.00018290814
1.1962311e-11
1.2334173e-09
1.3242647e-08
7.1513498e-08
2.7508e-07
8.634092e-07
2.3702757e-06
5.9612468e-06
1.4452293e-05
3.9004356e-05
0.00010535982
9.876879e-11
1.014951e-08
1.0860964e-07
5.8460032e-07
2.2374489e-06
6.9603996e-06
1.880897e-05
4.5731576e-05
0.00010053017
0.00019637871
0.00033931687
9.3127434e-11
9.5781424e-09
1.0265758e-07
5.5385957e-07
2.1266857e-06
6.6434935e-06
1.8040373e-05
4.4080707e-05
9.7294809e-05
0.00019085759
0.00033225266
8.7756076e-11
9.0393537e-09
9.7059609e-08
5.2418103e-07
2.0100806e-06
6.2424148e-06
1.6723225e-05
3.9913548e-05
8.5678737e-05
0.00016504666
0.00028689365
5.7083395e-11
6.0082319e-09
6.6962115e-08
3.7963436e-07
1.5407361e-06
5.0804632e-06
1.4378464e-05
3.5577064e-05
7.6169291e-05
0.00013948946
0.00022113298
5.4742405e-11
5.7439334e-09
6.3681954e-08
3.5874542e-07
1.446453e-06
4.7432567e-06
1.3383229e-05
3.3163573e-05
7.1658747e-05
0.0001338708
0.00021935722
6.2418364e-11
6.5571493e-09
7.2876167e-08
4.1219698e-07
1.6729726e-06
5.548017e-06
1.595925e-05
4.0723735e-05
9.0471731e-05
0.00017089332
0.00027859545
6.1718402e-11
6.4960413e-09
7.2433789e-08
4.1140084e-07
1.6776971e-06
5.5926636e-06
1.6179104e-05
4.1538828e-05
9.2768292e-05
0.00017582131
0.00028733853
6.4817078e-11
6.7942954e-09
7.5203775e-08
4.2290298e-07
1.7036553e-06
5.6005372e-06
1.5975281e-05
4.0663278e-05
9.1642849e-05
0.00017833475
0.00030093138
6.568632e-11
6.8784465e-09
7.6017187e-08
4.2679211e-07
1.7174065e-06
5.6462246e-06
1.6140125e-05
4.127833e-05
9.3556933e-05
0.0001828603
0.0003099058
6.5695717e-11
6.8741789e-09
7.5846464e-08
4.2464082e-07
1.7006991e-06
5.5470622e-06
1.5650181e-05
3.9243482e-05
8.7090611e-05
0.00016788529
0.00028219864
1.7901658e-11
1.8736924e-09
2.0695354e-08
1.1621714e-07
4.6867377e-07
1.548694e-06
4.4643406e-06
1.162383e-05
2.8064548e-05
6.5231003e-05
0.00015526311
1.7879505e-11
1.875482e-09
2.0811713e-08
1.1775672e-07
4.8041736e-07
1.6157997e-06
4.785766e-06
1.2994983e-05
3.3485466e-05
8.5177233e-05
0.00020603397
6.6083489e-11
6.9413028e-09
7.7139349e-08
4.3633022e-07
1.7708458e-06
5.8659869e-06
1.6788852e-05
4.2052206e-05
8.9452612e-05
0.00015939155
0.0002433475
6.1811191e-11
6.5034924e-09
7.2544799e-08
4.1312251e-07
1.6968493e-06
5.7392469e-06
1.6985685e-05
4.4457041e-05
9.7782926e-05
0.00017776955
0.00027710636
5.7330909e-11
5.9920061e-09
6.5974512e-08
3.6827282e-07
1.4686382e-06
4.7548618e-06
1.3202465e-05
3.1938848e-05
6.6616262e-05
0.00011925938
0.00018610006
1.6607253e-11
1.7590043e-09
1.9879347e-08
1.1530875e-07
4.8432642e-07
1.6779567e-06
5.0884597e-06
1.3915196e-05
3.4986546e-05
8.2214873e-05
0.00018044146
1.6152116e-11
1.7070502e-09
1.9216275e-08
1.1091695e-07
4.6365117e-07
1.6017439e-06
4.8675401e-06
1.3462456e-05
3.4695895e-05
8.4566897e-05
0.00019118284
1.6485582e-11
1.7244788e-09
1.9035811e-08
1.0692312e-07
4.3225616e-07
1.4382677e-06
4.2074583e-06
1.125692e-05
2.8459222e-05
7.0997743e-05
0.00017364968
1.6873361e-11
1.7651752e-09
1.9489052e-08
1.095121e-07
4.4301203e-07
1.4754856e-06
4.3218033e-06
1.1578891e-05
2.9304637e-05
7.3071653e-05
0.0001777764
1.6805648e-11
1.7577915e-09
1.9398137e-08
1.0889205e-07
4.3967648e-07
1.4594932e-06
4.2506503e-06
1.1281457e-05
2.8122386e-05
6.8599499e-05
0.00016642137
1.6420487e-11
1.7163628e-09
1.8918493e-08
1.0604182e-07
4.2752672e-07
1.4176855e-06
4.1297531e-06
1.0990804e-05
2.7604159e-05
6.8468633e-05
0.00016822035
1.6300854e-11
1.703459e-09
1.8768018e-08
1.0513543e-07
4.2356829e-07
1.4034558e-06
4.0850962e-06
1.0864737e-05
2.7286617e-05
6.7953082e-05
0.00016738291
1.6376443e-11
1.7118936e-09
1.8870609e-08
1.0576777e-07
4.2626576e-07
1.4121249e-06
4.1050542e-06
1.0881956e-05
2.7134575e-05
6.6457431e-05
0.00016250229
1.6278674e-11
1.7010125e-09
1.8736955e-08
1.049129e-07
4.2229866e-07
1.397015e-06
4.0550659e-06
1.0734439e-05
2.6748717e-05
6.5731405e-05
0.00016151478
2.5714464e-11
2.6948602e-09
2.9787767e-08
1.6678869e-07
6.6438168e-07
2.1256129e-06
5.7137209e-06
1.3055874e-05
2.5419068e-05
4.2248111e-05
5.9822522e-05
1.5199619e-10
1.5349443e-08
1.5744939e-07
7.8109562e-07
2.5979158e-06
6.5097221e-06
1.2964765e-05
2.1053849e-05
2.8132245e-05
3.0870959e-05
2.8054307e-05
1.3661771e-10
1.3889878e-08
1.443262e-07
7.3003848e-07
2.4909913e-06
6.4277204e-06
1.3209707e-05
2.2181365e-05
3.0738287e-05
3.5091705e-05
3.3034734e-05
6.282949e-11
6.5710262e-09
7.2453997e-08
4.0550162e-07
1.6250864e-06
5.315325e-06
1.5101751e-05
3.8449743e-05
8.7749092e-05
0.00017549622
0.00030690497
6.3187532e-11
6.6124863e-09
7.2982954e-08
4.0892927e-07
1.6406437e-06
5.3709775e-06
1.5267561e-05
3.886715e-05
8.8583233e-05
0.00017668157
0.00030786619
1.3403343e-11
1.3917305e-09
1.5146525e-08
8.3397608e-08
3.2885238e-07
1.0631949e-06
3.0168666e-06
7.8476425e-06
1.9547783e-05
5.1604697e-05
0.00013465228
5.4384706e-11
5.7196735e-09
6.3708996e-08
3.6151819e-07
1.4734977e-06
4.9080896e-06
1.413769e-05
3.5727584e-05
7.7318847e-05
0.00014138896
0.00022331797
5.5183419e-11
5.8063223e-09
6.472497e-08
3.6764705e-07
1.5000855e-06
5.0018728e-06
1.4424319e-05
3.6522732e-05
7.9268798e-05
0.00014530032
0.00022976737
4.1533026e-11
4.3135353e-09
4.6752125e-08
2.53167e-07
9.5622138e-07
2.8270588e-06
6.8460419e-06
1.3867387e-05
2.3756243e-05
3.4559536e-05
4.2522555e-05
3.7171484e-11
3.8689844e-09
4.2126858e-08
2.298523e-07
8.782094e-07
2.6382765e-06
6.5150865e-06
1.3484153e-05
2.36282e-05
3.5181908e-05
4.430059e-05
1.3166619e-11
1.3657979e-09
1.4835741e-08
8.1460515e-08
3.200614e-07
1.0302152e-06
2.908117e-06
7.5204362e-06
1.8618363e-05
4.9063571e-05
0.00012855663
1.4129062e-11
1.4937092e-09
1.6827246e-08
9.7259538e-08
4.0760263e-07
1.415639e-06
4.3524258e-06
1.233927e-05
3.3483723e-05
8.9942138e-05
0.00021811981
1.4997278e-11
1.5885505e-09
1.7971554e-08
1.0460139e-07
4.4303434e-07
1.5622027e-06
4.9005357e-06
1.4238083e-05
3.979665e-05
0.00010789786
0.00025302619
3.0318096e-11
3.195192e-09
3.5752096e-08
2.0443885e-07
8.4355739e-07
2.8657805e-06
8.5394791e-06
2.3137101e-05
5.8084088e-05
0.00013261097
0.00026358469
2.9905711e-11
3.1521058e-09
3.5277953e-08
2.0179123e-07
8.3296443e-07
2.8311525e-06
8.4410425e-06
2.2886359e-05
5.7528169e-05
0.00013173465
0.00026301236
1.1748222e-11
1.2064986e-09
1.2858786e-08
6.8757019e-08
2.6140221e-07
8.1030415e-07
2.1988695e-06
5.4890133e-06
1.3394824e-05
3.7826049e-05
0.00010358209
1.370563e-11
1.4241008e-09
1.5519871e-08
8.5621729e-08
3.3848505e-07
1.0976975e-06
3.1253545e-06
8.1565487e-06
2.0358359e-05
5.3486143e-05
0.00013874064
1.3936513e-11
1.4490841e-09
1.5812565e-08
8.7391583e-08
3.4622076e-07
1.1253845e-06
3.2111487e-06
8.3925224e-06
2.0932624e-05
5.4500576e-05
0.00014065404
5.4508144e-11
5.724631e-09
6.3598132e-08
3.5958386e-07
1.4590552e-06
4.8370527e-06
1.3897086e-05
3.5368291e-05
7.857762e-05
0.00014949438
0.00024707581
5.3063661e-11
5.5846591e-09
6.226111e-08
3.535034e-07
1.4403801e-06
4.7908454e-06
1.3784705e-05
3.5054914e-05
7.7722123e-05
0.00014745749
0.0002425919
1.558988e-11
1.6270284e-09
1.78806e-08
9.980331e-08
4.0023599e-07
1.3188464e-06
3.8149495e-06
1.0079861e-05
2.5171694e-05
6.2857935e-05
0.00015682994
1.2783629e-11
1.3236498e-09
1.4327118e-08
7.8270285e-08
3.0554325e-07
9.759685e-07
2.7319504e-06
7.0081877e-06
1.7268326e-05
4.6184585e-05
0.00012228789
1.262503e-11
1.305826e-09
1.4105647e-08
7.684592e-08
2.9897363e-07
9.5148746e-07
2.6542438e-06
6.7934862e-06
1.6764604e-05
4.5551181e-05
0.00012136056
1.4540633e-11
1.5133933e-09
1.6546912e-08
9.1716707e-08
3.6476614e-07
1.1914606e-06
3.4197076e-06
8.9980606e-06
2.2600538e-05
5.8894566e-05
0.0001507934
1.231158e-11
1.2715705e-09
1.3698452e-08
7.4350304e-08
2.8797197e-07
9.120548e-07
2.5328611e-06
6.4646981e-06
1.5986784e-05
4.4145129e-05
0.00011892521
1.296214e-11
1.3435899e-09
1.4573393e-08
7.9853276e-08
3.1290764e-07
1.0039987e-06
2.8244322e-06
7.2814956e-06
1.8006404e-05
4.7878259e-05
0.00012617864
1.1273409e-11
1.1585835e-09
1.2358732e-08
6.611529e-08
2.5132508e-07
7.787405e-07
2.1152063e-06
5.317526e-06
1.3387511e-05
3.8648625e-05
0.0001057684
1.5291571e-11
1.5949899e-09
1.7508916e-08
9.7570064e-08
3.9045063e-07
1.2832562e-06
3.7008349e-06
9.7469898e-06
2.4272975e-05
6.0688898e-05
0.00015232878
1.1759759e-11
1.1981942e-09
1.2605097e-08
6.6388113e-08
2.4890052e-07
7.650849e-07
2.084343e-06
5.3744788e-06
1.5125908e-05
4.4961124e-05
0.00012161603
9.4880526e-12
9.7957851e-10
1.0538465e-08
5.7077994e-08
2.209121e-07
7.04765e-07
2.0237596e-06
5.8399575e-06
1.8629536e-05
5.6158869e-05
0.00014670699
1.5507394e-11
1.618279e-09
1.778224e-08
9.9246554e-08
3.9804301e-07
1.3122758e-06
3.8007748e-06
1.0069314e-05
2.5278954e-05
6.3822512e-05
0.00015997814
1.4827549e-11
1.5447506e-09
1.691865e-08
9.3976236e-08
3.7454575e-07
1.2252342e-06
3.5162386e-06
9.2215925e-06
2.2937778e-05
5.816313e-05
0.00014760258
1.2354062e-11
1.2479233e-09
1.2979111e-08
6.7882747e-08
2.5725264e-07
8.415957e-07
2.930712e-06
1.0527504e-05
3.4757958e-05
9.927561e-05
0.00023388212
3.8713456e-12
3.9677058e-10
4.2933563e-09
2.5569731e-08
1.4076206e-07
6.9573567e-07
3.0553307e-06
1.1788991e-05
3.9515481e-05
0.000112195
0.00026127801
1.5139853e-11
1.577819e-09
1.7292279e-08
9.61427e-08
3.8363537e-07
1.2566369e-06
3.6108774e-06
9.4760614e-06
2.3537698e-05
5.9071086e-05
0.00014901908
1.5778873e-11
1.6478782e-09
1.8134021e-08
1.0141663e-07
4.0777546e-07
1.3482656e-06
3.9171009e-06
1.0408373e-05
2.61845e-05
6.5912164e-05
0.00016421527
1.6054376e-11
1.6773008e-09
1.8471963e-08
1.0342271e-07
4.1646152e-07
1.3795792e-06
4.0173329e-06
1.0704173e-05
2.7009771e-05
6.8009931e-05
0.00016856243
8.014719e-13
7.9532031e-11
8.5700682e-10
4.8884919e-09
2.2041904e-08
8.8072408e-08
3.1847288e-07
1.0802232e-06
3.5205485e-06
1.1210907e-05
3.5019975e-05
1.5260047e-11
1.5913141e-09
1.746089e-08
9.7247182e-08
3.8892168e-07
1.277595e-06
3.6841044e-06
9.7105481e-06
2.424893e-05
6.1132339e-05
0.00015406655
1.44123e-11
1.5149781e-09
1.6879622e-08
9.6053924e-08
3.9465801e-07
1.3379897e-06
3.9938417e-06
1.0901277e-05
2.8062608e-05
7.0925555e-05
0.00017414153
1.4769381e-11
1.550995e-09
1.7254206e-08
9.8038634e-08
4.0255878e-07
1.3666348e-06
4.0990349e-06
1.1300577e-05
2.9586925e-05
7.6691296e-05
0.0001882346
4.9847273e-11
5.2433367e-09
5.8417133e-08
3.315755e-07
1.3518863e-06
4.5068689e-06
1.3033272e-05
3.3491225e-05
7.5634934e-05
0.0001465607
0.00024566911
4.9680123e-11
5.2141612e-09
5.7866102e-08
3.2677555e-07
1.3242735e-06
4.3848905e-06
1.2587205e-05
3.2110414e-05
7.2229795e-05
0.00014013088
0.00023571278
1.5447599e-11
1.6243662e-09
1.8106242e-08
1.0304783e-07
4.2306944e-07
1.4304928e-06
4.2436736e-06
1.1443717e-05
2.8835448e-05
7.0670848e-05
0.00017068619
1.4753574e-11
1.5491168e-09
1.7220152e-08
9.763884e-08
3.9905606e-07
1.3425204e-06
3.9621593e-06
1.0634403e-05
2.6700627e-05
6.5241142e-05
0.0001591761
2.3169106e-11
2.4437972e-09
2.7395608e-08
1.5713651e-07
6.5135686e-07
2.2271487e-06
6.6927964e-06
1.8328539e-05
4.6864877e-05
0.00011195023
0.00023924248
2.2708405e-11
2.3952491e-09
2.6852257e-08
1.5402543e-07
6.3849172e-07
2.183501e-06
6.5647881e-06
1.7999963e-05
4.615929e-05
0.0001109347
0.00023865725
7.2490445e-11
7.5447551e-09
8.2514064e-08
4.5712628e-07
1.8120949e-06
5.8705372e-06
1.6595977e-05
4.2388701e-05
9.7782759e-05
0.00019767583
0.0003480169
7.0569918e-11
7.3329033e-09
7.9937093e-08
4.4058003e-07
1.7328117e-06
5.5458588e-06
1.5385765e-05
3.8236014e-05
8.5678457e-05
0.00017085948
0.00030264722
7.9831614e-12
8.5180591e-10
9.7857512e-09
5.826068e-08
2.5393797e-07
9.2516703e-07
3.0007463e-06
8.973527e-06
2.5556013e-05
7.2179236e-05
0.00018259821
7.4384583e-12
7.936974e-10
9.1195843e-09
5.4311001e-08
2.368233e-07
8.6331134e-07
2.802704e-06
8.3951816e-06
2.3964316e-05
6.8036054e-05
0.0001741508
6.5002787e-12
6.9631451e-10
8.0667554e-09
4.862579e-08
2.1529775e-07
7.987789e-07
2.6430491e-06
8.0748666e-06
2.3512555e-05
6.7644727e-05
0.00017421074
1.4220487e-10
1.1719105e-08
8.9053493e-08
3.1248174e-07
7.1958513e-07
1.2365214e-06
1.6855308e-06
1.9102775e-06
1.9264902e-06
1.9329342e-06
2.2787133e-06
1.0090751e-10
7.9215082e-09
5.7272583e-08
1.9165427e-07
4.2235919e-07
7.0080567e-07
9.4291657e-07
1.102909e-06
1.2292089e-06
1.4694872e-06
2.4543921e-06
5.1247305e-11
3.9086582e-09
2.7729646e-08
9.1736261e-08
2.0247448e-07
3.4509853e-07
4.9843547e-07
6.6569932e-07
9.0208084e-07
1.6104373e-06
3.1756705e-06
5.792992e-11
6.0405872e-09
6.6228961e-08
3.6756768e-07
1.4556908e-06
4.6809072e-06
1.2968935e-05
3.1853706e-05
6.9876837e-05
0.00013647331
0.00023884126
6.0498721e-11
6.3277217e-09
6.9740656e-08
3.8963975e-07
1.5548556e-06
5.0414381e-06
1.409776e-05
3.4983966e-05
7.7422138e-05
0.00015169743
0.00026455404
6.3209224e-11
6.6071907e-09
7.2769314e-08
4.064891e-07
1.6241721e-06
5.2881243e-06
1.4920795e-05
3.7598432e-05
8.4745762e-05
0.00016811448
0.00029401915
1.598291e-11
1.6801004e-09
1.8726569e-08
1.0668968e-07
4.3942757e-07
1.4956799e-06
4.4877003e-06
1.2316082e-05
3.1815467e-05
7.9958094e-05
0.00018927238
4.6085242e-11
4.835936e-09
5.3638147e-08
3.0254897e-07
1.2236122e-06
4.0387572e-06
1.1541924e-05
2.9302228e-05
6.5934437e-05
0.00012959943
0.00022408372
4.4694156e-11
4.7038518e-09
5.2460768e-08
2.9822064e-07
1.2185641e-06
4.0760138e-06
1.1852379e-05
3.0770584e-05
7.0854518e-05
0.00014100357
0.00024329426
6.4502217e-11
6.750348e-09
7.4508919e-08
4.1749824e-07
1.674977e-06
5.4813206e-06
1.55492e-05
3.9237848e-05
8.7296856e-05
0.00016810774
0.00028319529
6.5109127e-11
6.7986308e-09
7.4725093e-08
4.1610455e-07
1.6548305e-06
5.3495865e-06
1.4916957e-05
3.6785449e-05
7.998511e-05
0.00015210103
0.00025610786
2.4431497e-11
2.5776391e-09
2.8908321e-08
1.6589042e-07
6.8790823e-07
2.3525443e-06
7.0689271e-06
1.93517e-05
4.9412828e-05
0.00011723496
0.00024693542
2.3997177e-11
2.5317661e-09
2.839351e-08
1.6293989e-07
6.7573195e-07
2.3113164e-06
6.9469159e-06
1.9023946e-05
4.8607204e-05
0.00011560043
0.00024464201
2.3544473e-11
2.4838076e-09
2.7852095e-08
1.5980933e-07
6.6265457e-07
2.2663119e-06
6.8108758e-06
1.8648417e-05
4.7648932e-05
0.00011353702
0.00024145794
3.6132128e-11
3.8620454e-09
4.4338274e-08
2.6240232e-07
1.128182e-06
4.0139174e-06
1.2582715e-05
3.6071841e-05
9.4583398e-05
0.00020963736
0.00038142906
3.70556e-11
3.9517367e-09
4.5171298e-08
2.65702e-07
1.1334287e-06
3.993436e-06
1.2366686e-05
3.4876053e-05
8.9582839e-05
0.00019602499
0.00035624239
3.8656449e-11
4.1215073e-09
4.7076073e-08
2.7644072e-07
1.1753469e-06
4.1160256e-06
1.2611669e-05
3.4925957e-05
8.7290928e-05
0.00018690951
0.00033738152
6.677274e-11
6.9737571e-09
7.6681203e-08
4.2728856e-07
1.7013416e-06
5.5122309e-06
1.5436541e-05
3.8364087e-05
8.4204507e-05
0.00016061279
0.00026798742
6.7798005e-11
7.0709094e-09
7.7607446e-08
4.3184854e-07
1.7190313e-06
5.5764917e-06
1.5660731e-05
3.9084473e-05
8.6125682e-05
0.00016409588
0.00027112764
6.5525034e-11
6.8932451e-09
7.6800147e-08
4.3579014e-07
1.7755222e-06
5.9161025e-06
1.714572e-05
4.4399764e-05
0.00010092145
0.00019460876
0.00032109373
6.7171486e-11
7.0539066e-09
7.8344903e-08
4.4275302e-07
1.7955147e-06
5.9529128e-06
1.7150941e-05
4.3995511e-05
9.8505091e-05
0.00018702504
0.00030514171
6.6835664e-11
7.0127474e-09
7.7804484e-08
4.3943624e-07
1.7834552e-06
5.9330627e-06
1.7223923e-05
4.4743771e-05
0.00010135894
0.0001931493
0.00031465532
6.3561473e-11
6.6702847e-09
7.40266e-08
4.1825203e-07
1.6979958e-06
5.6480806e-06
1.6373238e-05
4.2351212e-05
9.5320323e-05
0.00018096975
0.00029497712
4.4788879e-12
4.8002662e-10
5.5754662e-09
3.3816575e-08
1.5147262e-07
5.7327671e-07
1.962372e-06
6.379649e-06
2.0880134e-05
6.4260252e-05
0.00017014932
4.812281e-12
5.1475051e-10
5.9520871e-09
3.5840881e-08
1.5889426e-07
5.9294663e-07
1.9898893e-06
6.2704076e-06
1.9623228e-05
5.9740636e-05
0.00015879082
5.2524584e-12
5.6192491e-10
6.4970852e-09
3.9091465e-08
1.7293016e-07
6.4240705e-07
2.1373699e-06
6.6259516e-06
2.0091156e-05
6.037444e-05
0.00015965489
3.3742169e-11
3.5167774e-09
3.840628e-08
2.1064429e-07
8.1163649e-07
2.4691151e-06
6.1981752e-06
1.3072205e-05
2.3376835e-05
3.5566931e-05
4.5829357e-05
3.087271e-11
3.222116e-09
3.5292996e-08
1.9455158e-07
7.5572488e-07
2.3270184e-06
5.936148e-06
1.2756987e-05
2.3287708e-05
3.6235485e-05
4.7872758e-05
6.5764803e-11
6.899001e-09
7.6485368e-08
4.312526e-07
1.7447262e-06
5.7749492e-06
1.6653357e-05
4.3090153e-05
9.8854837e-05
0.0001943661
0.0003288939
6.5771145e-11
6.8846175e-09
7.6049328e-08
4.2687317e-07
1.7183579e-06
5.6575315e-06
1.6225335e-05
4.1746213e-05
9.5346244e-05
0.00018720815
0.00031721309
3.2265859e-11
3.3479673e-09
3.6304159e-08
1.9766387e-07
7.5838614e-07
2.3145484e-06
5.894938e-06
1.276668e-05
2.3715449e-05
3.7963265e-05
5.2355393e-05
3.3637382e-11
3.4818915e-09
3.7578585e-08
2.0315143e-07
7.7178712e-07
2.325736e-06
5.8372125e-06
1.2453677e-05
2.2808621e-05
3.6028051e-05
4.9039222e-05
3.5069619e-11
3.6239568e-09
3.8976547e-08
2.0955279e-07
7.896408e-07
2.3526629e-06
5.8204838e-06
1.2215726e-05
2.1980108e-05
3.4068463e-05
4.5433407e-05
5.5818045e-11
5.8692098e-09
6.5346083e-08
3.7053511e-07
1.5084603e-06
5.0156416e-06
1.4417434e-05
3.6409958e-05
7.9031666e-05
0.00014523007
0.00023047684
5.6326047e-11
5.9222302e-09
6.5929138e-08
3.7380468e-07
1.521834e-06
5.0625987e-06
1.457654e-05
3.6960477e-05
8.0737803e-05
0.00014937124
0.00023869735
5.234388e-11
5.5082131e-09
6.1378645e-08
3.4808389e-07
1.414995e-06
4.6873787e-06
1.3407059e-05
3.3918419e-05
7.5544419e-05
0.00014598331
0.00024673642
4.7693403e-11
5.0035646e-09
5.543612e-08
3.1174417e-07
1.2521865e-06
4.0764524e-06
1.1362798e-05
2.7743119e-05
5.957397e-05
0.00011251833
0.00018908114
1.5296999e-11
1.6094313e-09
1.7957247e-08
1.0231924e-07
4.2053887e-07
1.422867e-06
4.2197086e-06
1.1356167e-05
2.8458561e-05
6.8398017e-05
0.00016130327
1.4386389e-11
1.5136752e-09
1.6891173e-08
9.6273274e-08
3.9588001e-07
1.3402877e-06
3.9773515e-06
1.0704989e-05
2.6768644e-05
6.3804871e-05
0.00014947791
4.3302387e-11
4.5382848e-09
5.0251761e-08
2.8306296e-07
1.1442341e-06
3.774947e-06
1.0722186e-05
2.646236e-05
5.5600864e-05
9.8758724e-05
0.00015060143
4.0579352e-11
4.2503119e-09
4.7003243e-08
2.6421529e-07
1.0645759e-06
3.4941366e-06
9.845025e-06
2.4039945e-05
5.0060689e-05
8.8421101e-05
0.00013409894
3.8533308e-11
4.0318871e-09
4.4497971e-08
2.4937737e-07
1.0005928e-06
3.2659499e-06
9.1382855e-06
2.2155828e-05
4.5961008e-05
8.1230351e-05
0.00012356613
6.9659982e-11
7.2738016e-09
7.9936482e-08
4.4483462e-07
1.7656153e-06
5.6800521e-06
1.567087e-05
3.783984e-05
7.9573679e-05
0.00014535374
0.00023450783
7.0994369e-11
7.4345539e-09
8.2082306e-08
4.5920923e-07
1.8317973e-06
5.9138805e-06
1.6331452e-05
3.933726e-05
8.2192835e-05
0.00014829709
0.00023397133
7.4108579e-11
7.7623433e-09
8.5834889e-08
4.8237538e-07
1.9438674e-06
6.4029148e-06
1.8324935e-05
4.6537785e-05
0.00010230343
0.00019049487
0.00030660354
5.1646794e-11
5.4101106e-09
5.9838697e-08
3.36423e-07
1.355995e-06
4.4571356e-06
1.2620681e-05
3.113913e-05
6.5586296e-05
0.00011704306
0.00018033256
4.9555244e-11
5.1838411e-09
5.7197351e-08
3.2054715e-07
1.2869406e-06
4.2094485e-06
1.1842705e-05
2.8989527e-05
6.0633671e-05
0.00010757332
0.00016446083
4.6358364e-11
4.8589161e-09
5.3807786e-08
3.031188e-07
1.2252926e-06
4.0417714e-06
1.1477277e-05
2.8315226e-05
5.9428473e-05
0.00010538056
0.00016057106
1.1340876e-10
1.1381275e-08
1.1567979e-07
5.6958582e-07
1.8928634e-06
4.7867679e-06
9.7259849e-06
1.6285917e-05
2.2672579e-05
2.6195243e-05
2.5214978e-05
1.2226656e-10
1.2203667e-08
1.2281368e-07
5.9621015e-07
1.9464545e-06
4.8244507e-06
9.5920164e-06
1.568802e-05
2.1281273e-05
2.3902954e-05
2.2434768e-05
1.3102913e-10
1.2989285e-08
1.2908995e-07
6.1561063e-07
1.9660121e-06
4.7544196e-06
9.2045427e-06
1.4624966e-05
1.9218804e-05
2.0874153e-05
1.9075746e-05
5.1739211e-11
5.4402972e-09
6.0559473e-08
3.4320204e-07
1.3955273e-06
4.6310151e-06
1.3287504e-05
3.3695395e-05
7.4717183e-05
0.00014236874
0.0002357923
5.0803981e-11
5.3420204e-09
5.9473504e-08
3.3719403e-07
1.3725527e-06
4.5652e-06
1.3158707e-05
3.3645752e-05
7.5460613e-05
0.00014531636
0.00024272024
1.0634034e-11
1.1281045e-09
1.2799872e-08
7.4768162e-08
3.1759912e-07
1.1199043e-06
3.4906714e-06
9.9515257e-06
2.6588115e-05
6.8102415e-05
0.00016434547
1.038499e-11
1.1035378e-09
1.2566257e-08
7.3820298e-08
3.1613656e-07
1.1275154e-06
3.570612e-06
1.0409707e-05
2.8738357e-05
7.6927185e-05
0.00018841471
1.4585358e-11
1.5306374e-09
1.7001085e-08
9.6337562e-08
3.9387975e-07
1.3287464e-06
3.9508965e-06
1.0772719e-05
2.7870781e-05
7.1904579e-05
0.00017697367
1.6078054e-11
1.6929906e-09
1.8940335e-08
1.085856e-07
4.5187998e-07
1.565397e-06
4.8457842e-06
1.407968e-05
4.0577136e-05
0.00011339825
0.00026856964
1.7717877e-11
1.8772791e-09
2.1237473e-08
1.2346702e-07
5.2099906e-07
1.8210183e-06
5.611589e-06
1.5778991e-05
4.1543419e-05
0.00010348074
0.00023080469
1.7661246e-11
1.8796719e-09
2.145059e-08
1.2627035e-07
5.4161098e-07
1.9336637e-06
6.1328398e-06
1.8001516e-05
5.0624138e-05
0.00013324407
0.00029453684
1.7316887e-11
1.8392228e-09
2.0888893e-08
1.2192765e-07
5.1561465e-07
1.7980114e-06
5.4845042e-06
1.5085586e-05
3.817813e-05
9.0111023e-05
0.00019737326
1.733422e-11
1.829965e-09
2.0551394e-08
1.1818254e-07
4.9139586e-07
1.6853007e-06
5.0726412e-06
1.3852763e-05
3.5035958e-05
8.2696134e-05
0.00017935216
1.5755667e-11
1.6622748e-09
1.8645334e-08
1.0702588e-07
4.4384599e-07
1.5163164e-06
4.5358227e-06
1.2260082e-05
3.0511633e-05
7.0705634e-05
0.00015265768
5.5903414e-11
5.843659e-09
6.4366091e-08
3.5955905e-07
1.435541e-06
4.6537617e-06
1.2924299e-05
3.1147217e-05
6.4350336e-05
0.00011361206
0.00017419036
5.4491393e-11
5.7118784e-09
6.3249461e-08
3.5611413e-07
1.4374978e-06
4.7304367e-06
1.3399406e-05
3.3033562e-05
6.9445745e-05
0.00012371384
0.00019057064
2.4856476e-11
2.6167381e-09
2.9201424e-08
1.6606384e-07
6.7750351e-07
2.2469764e-06
6.3543352e-06
1.5430455e-05
3.1870279e-05
5.5831553e-05
8.3123134e-05
2.5770937e-11
2.7164184e-09
3.039706e-08
1.7366288e-07
7.1372254e-07
2.3941434e-06
6.8835885e-06
1.7052946e-05
3.5817025e-05
6.3409169e-05
9.5004913e-05
6.4162427e-11
6.7130643e-09
7.4071357e-08
4.1493578e-07
1.6648081e-06
5.4532208e-06
1.5524194e-05
3.9622194e-05
9.0530564e-05
0.00018059306
0.00031390301
6.4540989e-11
6.7536998e-09
7.4541583e-08
4.177565e-07
1.6772267e-06
5.4992548e-06
1.5678111e-05
4.009493e-05
9.1748417e-05
0.00018287308
0.0003168217
6.471226e-11
6.772355e-09
7.4766282e-08
4.1920396e-07
1.6842955e-06
5.5290709e-06
1.5792702e-05
4.0493539e-05
9.2863005e-05
0.00018511827
0.00032023993
6.6533364e-11
6.9787994e-09
7.7302475e-08
4.3472202e-07
1.748076e-06
5.7139501e-06
1.6085518e-05
3.9869352e-05
8.6171003e-05
0.00015999412
0.00025762916
6.8645546e-11
7.1939867e-09
7.9656138e-08
4.4884072e-07
1.8177499e-06
6.0414958e-06
1.7568254e-05
4.5861343e-05
0.00010442772
0.00020010057
0.00032882514
6.6073244e-11
6.9089688e-09
7.6123949e-08
4.2519159e-07
1.6960782e-06
5.4928403e-06
1.5300945e-05
3.7536954e-05
8.0769889e-05
0.00015067409
0.00024536561
6.1000881e-11
6.4351672e-09
7.2034942e-08
4.1113944e-07
1.6857326e-06
5.6503479e-06
1.6428004e-05
4.2326349e-05
9.4456253e-05
0.00017770618
0.00028629247
5.8810754e-11
6.1669449e-09
6.8288067e-08
3.8395151e-07
1.5434725e-06
5.0382089e-06
1.4121529e-05
3.4712402e-05
7.4438265e-05
0.00013792098
0.00022286729
4.3145917e-11
4.5427887e-09
5.070531e-08
2.8856557e-07
1.18062e-06
3.9528803e-06
1.1492095e-05
2.9785556e-05
6.8525244e-05
0.0001365618
0.00023586546
4.262469e-11
4.4832662e-09
4.9957579e-08
2.8379486e-07
1.159556e-06
3.8831942e-06
1.1329082e-05
2.9638378e-05
6.9307159e-05
0.00014044796
0.00024540589
4.8191428e-11
5.0702361e-09
5.6508115e-08
3.2089323e-07
1.3095039e-06
4.3753178e-06
1.2723492e-05
3.3089586e-05
7.6077346e-05
0.00014955047
0.00025218538
5.5445148e-11
5.8782829e-09
6.652997e-08
3.8702351e-07
1.6371129e-06
5.7681422e-06
1.8166248e-05
5.3035196e-05
0.00013348061
0.00026188872
0.00042204675
1.6989793e-11
1.7763723e-09
1.9590631e-08
1.0989202e-07
4.4343503e-07
1.4715959e-06
4.2880359e-06
1.1400693e-05
2.8524565e-05
7.0019869e-05
0.00017032028
1.6527642e-11
1.7295041e-09
1.9098612e-08
1.0726722e-07
4.3309267e-07
1.4358469e-06
4.1682227e-06
1.0993427e-05
2.7115372e-05
6.5150909e-05
0.00015850467
3.8403211e-11
4.0441261e-09
4.5164179e-08
2.5733846e-07
1.055312e-06
3.5486635e-06
1.0400444e-05
2.7407713e-05
6.5329594e-05
0.00013709399
0.00024850771
3.8532415e-11
4.0522455e-09
4.5156853e-08
2.5669845e-07
1.0508897e-06
3.5338881e-06
1.0392893e-05
2.7638028e-05
6.6903592e-05
0.00014256094
0.00026097576
6.5742295e-11
6.8770988e-09
7.5851875e-08
4.2460212e-07
1.7011472e-06
5.5549534e-06
1.5696146e-05
3.929976e-05
8.6226978e-05
0.00016296508
0.00026852906
6.5784951e-11
6.8843422e-09
7.5975449e-08
4.2548849e-07
1.7045424e-06
5.5586231e-06
1.5650407e-05
3.8923103e-05
8.4692303e-05
0.00015900996
0.00026091377
9.9371674e-12
1.0596679e-09
1.2150188e-08
7.2056324e-08
3.1198922e-07
1.1247276e-06
3.5896626e-06
1.0483763e-05
2.8839969e-05
7.7880002e-05
0.00019076039
1.0625806e-11
1.1326968e-09
1.2983754e-08
7.7057069e-08
3.3487411e-07
1.219653e-06
3.9847915e-06
1.221936e-05
3.6971544e-05
0.00010632713
0.00025767486
1.0266226e-11
1.090235e-09
1.2396603e-08
7.2634201e-08
3.0967131e-07
1.0959074e-06
3.4234119e-06
9.7480381e-06
2.5902512e-05
6.6324583e-05
0.0001623149
3.7295154e-11
4.1437145e-09
5.1048713e-08
3.3055383e-07
1.5666107e-06
6.1100265e-06
2.063476e-05
6.1571118e-05
0.00015039248
0.00028432662
0.00044286487
4.066016e-11
4.6287444e-09
5.9594967e-08
4.0749656e-07
2.0451418e-06
8.434859e-06
3.0173976e-05
9.22871e-05
0.00020884252
0.0003662236
0.00054827092
4.5344048e-11
5.1676706e-09
6.6442196e-08
4.5080581e-07
2.2210104e-06
8.8320755e-06
2.9250486e-05
7.6855126e-05
0.00015582287
0.0002620724
0.00039248312
7.4741688e-11
7.870639e-09
8.7953972e-08
5.024547e-07
2.0750564e-06
7.092355e-06
2.1509305e-05
5.9749529e-05
0.00014295638
0.00027512064
0.0004427477
6.547808e-11
6.8627767e-09
7.5948245e-08
4.2704285e-07
1.7208285e-06
5.6648821e-06
1.6214627e-05
4.14626e-05
9.3299975e-05
0.00017950595
0.00029813191
5.0148946e-11
5.2732255e-09
5.8729363e-08
3.3331444e-07
1.3592363e-06
4.5293267e-06
1.302742e-05
3.2700267e-05
6.9840933e-05
0.0001254672
0.00019346827
5.2003058e-11
5.4658168e-09
6.0819388e-08
3.4468466e-07
1.4027458e-06
4.6621202e-06
1.3372081e-05
3.3504557e-05
7.1631533e-05
0.00012928883
0.00020112932
6.2252173e-11
6.5327254e-09
7.2502591e-08
4.097508e-07
1.6649112e-06
5.5508297e-06
1.6194049e-05
4.2698936e-05
0.0001004276
0.0002006117
0.00033986106
5.9406982e-11
6.2349683e-09
6.9225414e-08
3.9156709e-07
1.5936514e-06
5.3284372e-06
1.5614454e-05
4.1411502e-05
9.7825562e-05
0.00019551259
0.00033116956
5.7242784e-11
6.0059046e-09
6.6615172e-08
3.7599581e-07
1.5242926e-06
5.0631895e-06
1.4679545e-05
3.8274203e-05
8.8672884e-05
0.00017575313
0.0002988646
2.1757448e-11
2.2918431e-09
2.5617544e-08
1.4622308e-07
6.0146498e-07
2.0320853e-06
5.9948458e-06
1.5954646e-05
3.9067657e-05
8.8767023e-05
0.00018705626
2.0030091e-11
2.1120955e-09
2.3657909e-08
1.3545805e-07
5.5952706e-07
1.9006367e-06
5.6444705e-06
1.513856e-05
3.7386729e-05
8.5692004e-05
0.00018168388
1.826442e-11
1.9280187e-09
2.1644968e-08
1.2436188e-07
5.1616749e-07
1.7645728e-06
5.2833386e-06
1.431413e-05
3.5795552e-05
8.3263775e-05
0.00017851611
2.5283925e-11
2.6637545e-09
2.977877e-08
1.6995931e-07
6.9870765e-07
2.3575296e-06
6.939741e-06
1.8427345e-05
4.5126579e-05
0.00010291468
0.00021621602
2.3522486e-11
2.4764031e-09
2.7647721e-08
1.5750485e-07
6.4592075e-07
2.1722185e-06
6.3641105e-06
1.6772894e-05
4.0559364e-05
9.0942762e-05
0.00019009353
4.148231e-11
4.4295641e-09
5.0715831e-08
2.985532e-07
1.2714413e-06
4.450634e-06
1.3586379e-05
3.7320348e-05
9.1981861e-05
0.00019395212
0.00034578072
4.4369798e-11
4.748607e-09
5.4584889e-08
3.2299436e-07
1.3838865e-06
4.8771434e-06
1.5008827e-05
4.1719708e-05
0.00010412353
0.00021894714
0.00038285315
4.6248912e-11
4.9582124e-09
5.7219037e-08
3.4095025e-07
1.477841e-06
5.3063033e-06
1.6823117e-05
4.8997357e-05
0.00012785045
0.00026805779
0.00045166506
4.2106534e-11
4.58414e-09
5.4452098e-08
3.3752416e-07
1.535479e-06
5.8323405e-06
1.9784606e-05
6.2696356e-05
0.00016996302
0.00034464588
0.00055360886
1.5127912e-11
1.5977461e-09
1.7962012e-08
1.0347385e-07
4.3141957e-07
1.4858378e-06
4.5010424e-06
1.241248e-05
3.1892124e-05
7.7498376e-05
0.00017569825
1.4920607e-11
1.5793599e-09
1.7837195e-08
1.0348753e-07
4.3587754e-07
1.5226918e-06
4.7058942e-06
1.3355043e-05
3.5797488e-05
9.1732926e-05
0.00021205637
1.4300521e-11
1.5159779e-09
1.7169239e-08
9.9975758e-08
4.227114e-07
1.481077e-06
4.5781112e-06
1.2920429e-05
3.4116532e-05
8.5579758e-05
0.0001969298
8.2436302e-11
8.5675784e-09
9.3432764e-08
5.1517982e-07
2.0267667e-06
6.4878116e-06
1.8011521e-05
4.4848396e-05
0.00010059725
0.00019874568
0.0003423618
8.1981457e-11
8.5490871e-09
9.3886272e-08
5.2375049e-07
2.0993459e-06
6.9226833e-06
2.0145176e-05
5.3860319e-05
0.00013001426
0.00026502529
0.00045549367
7.3700571e-11
7.6668871e-09
8.3765796e-08
4.6330023e-07
1.8318138e-06
5.9107616e-06
1.661218e-05
4.210334e-05
9.6353734e-05
0.00019340723
0.000337499
1.6479558e-11
1.7311004e-09
1.9264038e-08
1.0945858e-07
4.4912253e-07
1.5219289e-06
4.5516502e-06
1.2510931e-05
3.2708649e-05
8.4309209e-05
0.00020434304
1.5780336e-11
1.6582145e-09
1.8459428e-08
1.0486803e-07
4.2958302e-07
1.4488014e-06
4.2862062e-06
1.1526901e-05
2.8963101e-05
7.0594074e-05
0.00016956866
5.6592551e-11
5.9284283e-09
6.5535522e-08
3.6775249e-07
1.4762428e-06
4.8226757e-06
1.3601185e-05
3.3989023e-05
7.514267e-05
0.00014507644
0.00024610307
5.5245058e-11
5.8002153e-09
6.4394123e-08
3.6369323e-07
1.4736028e-06
4.8783902e-06
1.4018787e-05
3.5911235e-05
8.135e-05
0.00015923891
0.00027110302
8.5835176e-11
8.8576468e-09
9.5409512e-08
5.1746082e-07
1.99478e-06
6.2335375e-06
1.6817094e-05
4.0435738e-05
8.7389221e-05
0.00016934862
0.00029647754
8.4536492e-11
8.7345784e-09
9.423861e-08
5.117088e-07
1.9718986e-06
6.1420937e-06
1.6446958e-05
3.9068821e-05
8.3292095e-05
0.00015998199
0.00028008411
8.0151157e-11
8.9810398e-09
1.1097646e-07
7.0800543e-07
3.2048826e-06
1.1350515e-05
3.1923938e-05
7.1349477e-05
0.0001325381
0.00021732046
0.00033148679
1.4923671e-10
1.5911067e-08
1.7783946e-07
9.7909421e-07
3.669587e-06
1.0561607e-05
2.4938539e-05
5.0742329e-05
9.2920807e-05
0.00015917469
0.00026297962
2.5938775e-10
2.4312531e-08
2.2535489e-07
1.0147107e-06
3.1706338e-06
7.9516059e-06
1.7339037e-05
3.4659522e-05
6.5929343e-05
0.00012299289
0.00023474835
3.9868383e-11
4.1978725e-09
4.6879262e-08
2.6722612e-07
1.0976291e-06
3.7059773e-06
1.0954575e-05
2.9307621e-05
7.1149521e-05
0.00015040465
0.00027102279
3.9491916e-11
4.1633372e-09
4.6595176e-08
2.6635813e-07
1.097529e-06
3.7170501e-06
1.1014301e-05
2.9511265e-05
7.172729e-05
0.00015198934
0.00027479708
3.8437091e-11
4.0506478e-09
4.5308691e-08
2.5887564e-07
1.066686e-06
3.6171292e-06
1.0760001e-05
2.9088331e-05
7.1877575e-05
0.00015508571
0.00028354949
3.9365245e-11
4.1528338e-09
4.6554742e-08
2.6694916e-07
1.105906e-06
3.7798945e-06
1.1375282e-05
3.1294061e-05
7.9113742e-05
0.00017290336
0.00031505588
6.5967815e-11
6.8899986e-09
7.5803617e-08
4.2313539e-07
1.6914411e-06
5.5233943e-06
1.5705873e-05
4.0217465e-05
9.2853781e-05
0.00018772801
0.00032941573
6.5008641e-11
6.8001604e-09
7.5030746e-08
4.2059563e-07
1.6911518e-06
5.5664926e-06
1.6001469e-05
4.159315e-05
9.7616841e-05
0.00019883979
0.00034740096
6.2936672e-11
6.5883864e-09
7.2803307e-08
4.0906738e-07
1.6504555e-06
5.458805e-06
1.579533e-05
4.14123e-05
9.7985307e-05
0.00019987808
0.00034757902
3.3391413e-11
3.4738763e-09
3.7900965e-08
2.0863983e-07
8.1522567e-07
2.558942e-06
6.7728025e-06
1.5327521e-05
2.9706171e-05
4.934853e-05
7.0236221e-05
3.2473882e-11
3.3888705e-09
3.7190161e-08
2.0643254e-07
8.1517961e-07
2.5901743e-06
6.9369877e-06
1.5828733e-05
3.0735529e-05
5.0697824e-05
7.0579632e-05
2.8463325e-11
2.9753632e-09
3.2702548e-08
1.8132501e-07
7.1088561e-07
2.2192882e-06
5.7658587e-06
1.2655672e-05
2.3628779e-05
3.7648896e-05
5.1024887e-05
2.6914342e-11
2.8164472e-09
3.1032892e-08
1.7284148e-07
6.8278117e-07
2.1572683e-06
5.6999736e-06
1.2764991e-05
2.4346758e-05
3.9654427e-05
5.4996067e-05
3.1618437e-12
3.5082467e-10
4.4246813e-09
3.075666e-08
1.6669598e-07
7.9132493e-07
3.355457e-06
1.275317e-05
4.2583936e-05
0.00012056156
0.0002783526
1.9175746e-11
1.8880402e-09
1.8684941e-08
9.17399e-08
3.2055747e-07
9.2584526e-07
2.4101421e-06
6.1114318e-06
1.7917927e-05
5.2332121e-05
0.00013552147
1.2267616e-12
1.3677947e-10
1.8029754e-09
1.3069038e-08
7.0291612e-08
3.0865684e-07
1.1504731e-06
3.7768823e-06
1.1441282e-05
3.3479231e-05
9.4766512e-05
3.6749394e-11
3.791501e-09
4.0646055e-08
2.173896e-07
8.1279031e-07
2.3953709e-06
5.8452657e-06
1.2076275e-05
2.1358328e-05
3.248824e-05
4.2436576e-05
3.8759606e-11
3.9937965e-09
4.2697581e-08
2.2730228e-07
8.4365718e-07
2.4602222e-06
5.9224893e-06
1.2043323e-05
2.0926471e-05
3.1215329e-05
3.9909547e-05
4.1322852e-11
4.25154e-09
4.5307721e-08
2.3989764e-07
8.8298565e-07
2.544801e-06
6.0366873e-06
1.2070669e-05
2.0587478e-05
3.0091696e-05
3.7649044e-05
5.370783e-12
5.7450574e-10
6.6461706e-09
4.005767e-08
1.7788569e-07
6.6559649e-07
2.2405863e-06
7.052287e-06
2.156005e-05
6.4705932e-05
0.00017023611
1.974267e-12
2.2052431e-10
2.824905e-09
1.9898598e-08
1.0678425e-07
4.8725597e-07
1.9792857e-06
7.3359351e-06
2.5187143e-05
7.7517511e-05
0.00019968881
1.5075415e-11
1.5775248e-09
1.7422024e-08
9.7888819e-08
3.9561838e-07
1.3143045e-06
3.8298293e-06
1.0166006e-05
2.5340259e-05
6.1968607e-05
0.00015321528
1.4759273e-11
1.5443085e-09
1.7053172e-08
9.581035e-08
3.8726239e-07
1.2871464e-06
3.7546675e-06
9.9856865e-06
2.4970788e-05
6.1425541e-05
0.00015236583
5.5210081e-11
5.7805504e-09
6.3866649e-08
3.5841447e-07
1.4406779e-06
4.7177807e-06
1.3297924e-05
3.2669071e-05
6.8749905e-05
0.00012340977
0.00019292143
5.4131993e-11
5.6476691e-09
6.197177e-08
3.4418105e-07
1.3628158e-06
4.3685396e-06
1.1962216e-05
2.8438719e-05
5.8449972e-05
0.00010404136
0.00016306035
5.4822117e-11
5.7112329e-09
6.2483299e-08
3.4535214e-07
1.3569331e-06
4.2957225e-06
1.1538514e-05
2.6744284e-05
5.3522787e-05
9.2786572e-05
0.00014098343
3.2270266e-11
3.400692e-09
3.8044183e-08
2.1746711e-07
8.9677872e-07
3.0437802e-06
9.0575665e-06
2.448172e-05
6.1013406e-05
0.00013651683
0.00026346371
3.2005103e-11
3.3729237e-09
3.7737808e-08
2.1575527e-07
8.8996143e-07
3.0218174e-06
8.9972441e-06
2.4341363e-05
6.0793172e-05
0.00013661315
0.00026494688
7.2589546e-11
7.6038641e-09
8.4055472e-08
4.7168529e-07
1.8933313e-06
6.1822069e-06
1.7396589e-05
4.3052969e-05
9.2333367e-05
0.0001686501
0.00026531553
7.2865601e-11
7.6606275e-09
8.5301212e-08
4.842663e-07
1.9793644e-06
6.652134e-06
1.9610115e-05
5.188532e-05
0.00011782809
0.00022126719
0.00035407689
6.7986783e-11
7.1166694e-09
7.8598912e-08
4.4087968e-07
1.7716233e-06
5.8096981e-06
1.651027e-05
4.1557294e-05
9.0927817e-05
0.00016937175
0.00027273983
2.539033e-11
2.6776031e-09
3.0003307e-08
1.7195971e-07
7.1193098e-07
2.4299316e-06
7.284893e-06
1.9892064e-05
5.0623274e-05
0.00011938484
0.00024933091
2.4905537e-11
2.6271708e-09
2.9452625e-08
1.6891492e-07
6.9987616e-07
2.3908842e-06
7.1744677e-06
1.9609023e-05
4.996203e-05
0.00011811802
0.00024769495
3.7016212e-11
3.8633387e-09
4.2426993e-08
2.3600669e-07
9.3702558e-07
3.0141904e-06
8.2721967e-06
1.9623732e-05
4.0021254e-05
7.0101932e-05
0.00010628008
3.6083881e-11
3.760075e-09
4.116145e-08
2.2782217e-07
8.977084e-07
2.8548452e-06
7.7049753e-06
1.7896193e-05
3.5738329e-05
6.1444832e-05
9.150543e-05
3.5468407e-11
3.6991808e-09
4.0556653e-08
2.2490573e-07
8.8799919e-07
2.8284467e-06
7.6360442e-06
1.7702459e-05
3.519725e-05
6.0087026e-05
8.8496401e-05
1.9769971e-11
2.0993681e-09
2.3839564e-08
1.3920731e-07
5.8985385e-07
2.0675717e-06
6.3758027e-06
1.7895066e-05
4.6782487e-05
0.00011376712
0.0002444715
2.0531624e-11
2.1806456e-09
2.4775761e-08
1.4485055e-07
6.1533241e-07
2.1677203e-06
6.7476767e-06
1.9260941e-05
5.1763053e-05
0.00012906642
0.00027617643
2.0704212e-11
2.1975581e-09
2.4935078e-08
1.4548983e-07
6.1628987e-07
2.1624185e-06
6.6930673e-06
1.8947952e-05
5.0294469e-05
0.00012371321
0.00026322416
7.169251e-11
7.4929027e-09
8.2568464e-08
4.6219462e-07
1.855761e-06
6.1002296e-06
1.7518827e-05
4.5482661e-05
0.00010599874
0.00021180866
0.00035966438
6.6796269e-11
7.036921e-09
7.8682137e-08
4.4961792e-07
1.8554516e-06
6.3211144e-06
1.9027502e-05
5.2582789e-05
0.00012959348
0.00026182907
0.00043673817
7.7681536e-11
5.6252092e-09
3.7717669e-08
1.1760507e-07
2.4421012e-07
3.9278902e-07
5.4219862e-07
7.09188e-07
9.8182831e-07
1.8162558e-06
3.6123993e-06
1.8673433e-10
1.3835182e-08
9.3449406e-08
2.9047213e-07
5.9026739e-07
8.974598e-07
1.1080088e-06
1.2128639e-06
1.3249991e-06
1.7257346e-06
3.0374242e-06
1.7925538e-11
1.8875932e-09
2.1115441e-08
1.2099588e-07
5.0280162e-07
1.7356294e-06
5.3303283e-06
1.5239545e-05
4.267918e-05
0.00011629706
0.00026939118
2.0593155e-11
2.1624525e-09
2.4056954e-08
1.3673305e-07
5.6197332e-07
1.9122223e-06
5.766205e-06
1.6108098e-05
4.372105e-05
0.00011738481
0.000271884
3.007278e-11
3.1918257e-09
3.6191141e-08
2.1079147e-07
8.9001942e-07
3.1071481e-06
9.5544179e-06
2.6856994e-05
7.0130908e-05
0.00016264481
0.00031740539
3.0099089e-11
3.1983746e-09
3.6318399e-08
2.1160898e-07
8.9080793e-07
3.0788444e-06
9.2557118e-06
2.4934735e-05
6.0991011e-05
0.00013354614
0.00025624195
3.3512015e-11
3.5810393e-09
4.1087213e-08
2.4285228e-07
1.0414039e-06
3.6863091e-06
1.1444062e-05
3.2262646e-05
8.3484033e-05
0.00018798492
0.00035261086
2.6251159e-11
2.7687826e-09
3.1031164e-08
1.7787788e-07
7.364229e-07
2.5127084e-06
7.5272486e-06
2.0525868e-05
5.2093394e-05
0.00012205519
0.00025247436
2.5788568e-11
2.7198093e-09
3.0479594e-08
1.7470609e-07
7.2331517e-07
2.4684493e-06
7.397576e-06
2.0185477e-05
5.1298162e-05
0.00012059526
0.00025071647
3.8594732e-11
4.0503787e-09
4.4970831e-08
2.5439328e-07
1.0349581e-06
3.4506392e-06
1.00198e-05
2.6162853e-05
6.2126503e-05
0.00013180089
0.00024452659
3.6797426e-11
3.8699108e-09
4.3102501e-08
2.4458344e-07
9.973478e-07
3.3299693e-06
9.6815905e-06
2.5324879e-05
6.0258828e-05
0.00012816078
0.00023935345
4.1669155e-11
4.396217e-09
4.9273283e-08
2.8227002e-07
1.1665095e-06
3.9662341e-06
1.1814145e-05
3.1852782e-05
7.7590189e-05
0.00016269653
0.00028857885
3.9730838e-11
4.1801654e-09
4.6592428e-08
2.6460167e-07
1.0793007e-06
3.5980703e-06
1.040018e-05
2.6818873e-05
6.2022705e-05
0.00012632463
0.00022412983
3.9876244e-11
4.1936775e-09
4.6731735e-08
2.6560855e-07
1.0869536e-06
3.6527695e-06
1.0731719e-05
2.8479852e-05
6.8498005e-05
0.00014411066
0.00026043155
6.0834142e-11
6.3733356e-09
7.0527832e-08
3.9709725e-07
1.6068445e-06
5.3373198e-06
1.553872e-05
4.1054675e-05
9.7716336e-05
0.00019940469
0.0003459833
5.9006766e-11
6.168201e-09
6.7984623e-08
3.8067815e-07
1.5297992e-06
5.0394517e-06
1.4527879e-05
3.7925202e-05
8.9223269e-05
0.00018194165
0.00032005784
6.0162944e-11
6.3025206e-09
6.967617e-08
3.9110118e-07
1.5712381e-06
5.1426883e-06
1.4558342e-05
3.6597423e-05
8.1392791e-05
0.00015769306
0.00026805795
6.1738351e-11
6.4621175e-09
7.1343205e-08
3.9981023e-07
1.6035059e-06
5.239774e-06
1.4811778e-05
3.7184856e-05
8.2544123e-05
0.00015945869
0.00027009416
6.2639331e-11
6.564763e-09
7.2626884e-08
4.0799331e-07
1.6402139e-06
5.3696956e-06
1.5190895e-05
3.8087426e-05
8.4156026e-05
0.00016139694
0.00027108763
2.9474248e-11
3.1068599e-09
3.4776863e-08
1.9897083e-07
8.2157812e-07
2.7935281e-06
8.3324299e-06
2.2602329e-05
5.6865776e-05
0.00013056663
0.00026183891
2.9050034e-11
3.0621219e-09
3.427634e-08
1.9611586e-07
8.0987883e-07
2.7543189e-06
8.2181037e-06
2.230252e-05
5.6169514e-05
0.0001293421
0.00026058488
2.8603018e-11
3.0152041e-09
3.375578e-08
1.931773e-07
7.9797082e-07
2.7148423e-06
8.1041698e-06
2.2006738e-05
5.5488085e-05
0.00012814104
0.00025932281
6.3808571e-11
6.6665878e-09
7.3333444e-08
4.0859357e-07
1.624019e-06
5.2293342e-06
1.440174e-05
3.4460385e-05
7.1116738e-05
0.00012668356
0.00019853081
6.4990649e-11
6.7861298e-09
7.4562167e-08
4.1469262e-07
1.6439647e-06
5.2746419e-06
1.4460511e-05
3.4434629e-05
7.0807259e-05
0.00012586942
0.00019699891
6.6110964e-11
6.9040969e-09
7.5899252e-08
4.2261808e-07
1.6784437e-06
5.3960905e-06
1.4805565e-05
3.5187595e-05
7.1903754e-05
0.00012612406
0.00019271342
1.6014279e-11
1.6835228e-09
1.8764228e-08
1.0687557e-07
4.3997545e-07
1.4972403e-06
4.4998829e-06
1.2431997e-05
3.2681392e-05
8.5042179e-05
0.00020672411
2.7512994e-11
2.9207649e-09
3.3134542e-08
1.9313924e-07
8.1625635e-07
2.8518434e-06
8.7672332e-06
2.4582489e-05
6.4068278e-05
0.00015034161
0.0002999456
2.7844156e-11
2.9616966e-09
3.3713098e-08
1.9731778e-07
8.3715061e-07
2.9314693e-06
9.000888e-06
2.5062487e-05
6.4362317e-05
0.00014822742
0.00029152228
2.9241335e-11
3.1156459e-09
3.5578526e-08
2.0917918e-07
8.9309934e-07
3.1572827e-06
9.8457756e-06
2.8131678e-05
7.4831075e-05
0.00017523142
0.00034022867
6.015525e-11
6.357326e-09
7.1355813e-08
4.0839061e-07
1.6780692e-06
5.6317933e-06
1.6393251e-05
4.2384246e-05
9.549918e-05
0.00018269698
0.0003011566
5.6568428e-11
5.9752851e-09
6.7023717e-08
3.8333953e-07
1.5734932e-06
5.2645932e-06
1.5182906e-05
3.8449015e-05
8.4218799e-05
0.00015701469
0.00025221965
6.4432607e-11
6.7268987e-09
7.3928579e-08
4.1177946e-07
1.6396589e-06
5.3188311e-06
1.4958472e-05
3.7645942e-05
8.5159666e-05
0.0001703818
0.00030083413
6.57818e-11
6.8677872e-09
7.5493207e-08
4.2077792e-07
1.6779826e-06
5.4584242e-06
1.5426083e-05
3.9131124e-05
8.9387921e-05
0.00017989757
0.00031710279
1.2134999e-11
1.2930665e-09
1.4796098e-08
8.7429033e-08
3.7646436e-07
1.3466302e-06
4.2520359e-06
1.223381e-05
3.2822408e-05
8.3764979e-05
0.00019670135
1.3444982e-11
1.429376e-09
1.6281745e-08
9.5612537e-08
4.0888859e-07
1.4545233e-06
4.589605e-06
1.3334023e-05
3.6765755e-05
9.7582247e-05
0.00023110475
1.4207223e-11
1.5027896e-09
1.6945395e-08
9.8031804e-08
4.1077144e-07
1.4212684e-06
4.3148321e-06
1.1865943e-05
3.023177e-05
7.3110323e-05
0.0001696492
3.6936618e-12
3.9843076e-10
4.7009423e-09
2.9298116e-08
1.3696254e-07
5.5472244e-07
2.1303865e-06
8.0372066e-06
2.8242661e-05
8.7157395e-05
0.00022285187
3.3930396e-12
3.634885e-10
4.2209497e-09
2.5615052e-08
1.1490629e-07
4.3578849e-07
1.4938511e-06
4.8429363e-06
1.5711755e-05
4.8860096e-05
0.00013320866
3.8831942e-12
4.167001e-10
4.8538894e-09
2.9568479e-08
1.3311956e-07
5.0595834e-07
1.7326506e-06
5.5791298e-06
1.7864323e-05
5.4974271e-05
0.00014763208
3.1743186e-11
3.3451742e-09
3.7424966e-08
2.1395423e-07
8.8251068e-07
2.9966542e-06
8.9237388e-06
2.4152575e-05
6.040684e-05
0.00013625325
0.00026561887
3.1383356e-11
3.3078995e-09
3.702067e-08
2.1173534e-07
8.7377906e-07
2.9684281e-06
8.8435802e-06
2.3946521e-05
5.9953156e-05
0.00013563107
0.00026564149
6.7236816e-11
7.0166588e-09
7.7002339e-08
4.2745241e-07
1.6902308e-06
5.4103898e-06
1.4850781e-05
3.5815501e-05
7.6103263e-05
0.00014267578
0.00023970241
7.1477754e-11
7.4612052e-09
8.1886797e-08
4.5417468e-07
1.790347e-06
5.6891599e-06
1.540605e-05
3.6442553e-05
7.5824709e-05
0.00013912521
0.00022769662
7.5542982e-11
7.9278364e-09
8.7946301e-08
4.9616141e-07
2.0072533e-06
6.6329924e-06
1.9035694e-05
4.8683503e-05
0.00010887904
0.00020586314
0.00033194817
9.8168433e-12
1.0433022e-09
1.188356e-08
6.9830482e-08
2.9905889e-07
1.0656845e-06
3.3645775e-06
9.7359807e-06
2.6476118e-05
6.9525025e-05
0.00017043417
9.88153e-12
1.0516071e-09
1.2013535e-08
7.0930239e-08
3.0593952e-07
1.1019204e-06
3.5372798e-06
1.0517014e-05
2.9966196e-05
8.351762e-05
0.00020628474
1.0003169e-11
1.0649853e-09
1.2176233e-08
7.1974626e-08
3.1089546e-07
1.1215109e-06
3.6044518e-06
1.0718053e-05
3.0534758e-05
8.5332648e-05
0.00021010026
4.8865858e-11
4.9528771e-09
4.674272e-08
2.1823741e-07
7.2598255e-07
1.9953452e-06
4.9070539e-06
1.1350571e-05
2.5563836e-05
5.8606661e-05
0.00013546949
1.5049162e-11
1.2070817e-09
9.1950894e-09
3.3170127e-08
8.1679379e-08
1.6043212e-07
2.7704449e-07
4.5591292e-07
8.5582227e-07
1.8122982e-06
3.7407167e-06
6.3203779e-11
6.6018423e-09
7.2610729e-08
4.0481161e-07
1.6135245e-06
5.2396554e-06
1.4752662e-05
3.7172803e-05
8.4198869e-05
0.00016881383
0.00029928632
6.4668802e-11
6.7407069e-09
7.3890428e-08
4.1035503e-07
1.6293272e-06
5.2731156e-06
1.4810258e-05
3.7284897e-05
8.4564967e-05
0.00016995857
0.00030179613
4.1039104e-11
4.3289445e-09
4.8518083e-08
2.7810619e-07
1.151428e-06
3.931156e-06
1.1807508e-05
3.2391532e-05
8.1711146e-05
0.00017874644
0.00032620798
4.1913393e-11
4.4135737e-09
4.9301305e-08
2.81196e-07
1.1562622e-06
3.9114599e-06
1.160521e-05
3.1318347e-05
7.7565662e-05
0.00016863762
0.00031050406
4.2287064e-11
4.4549639e-09
4.9791347e-08
2.8404921e-07
1.1670871e-06
3.936823e-06
1.1595393e-05
3.0723681e-05
7.2900065e-05
0.00014919637
0.00026156565
4.0199754e-11
4.2304263e-09
4.7171858e-08
2.6805043e-07
1.0942639e-06
3.6520297e-06
1.0569981e-05
2.7266083e-05
6.2781279e-05
0.00012642776
0.00022129592
5.775289e-11
6.0377892e-09
6.6551768e-08
3.7243368e-07
1.4921794e-06
4.8682042e-06
1.3691758e-05
3.392729e-05
7.34943e-05
0.00013720045
0.00022257225
5.9327876e-11
6.2482789e-09
6.9786334e-08
3.9774426e-07
1.6330977e-06
5.5140803e-06
1.6313802e-05
4.3279292e-05
9.9140246e-05
0.00018879883
0.00030665092
5.2882273e-11
5.558661e-09
6.1852045e-08
3.5043441e-07
1.4249309e-06
4.7277104e-06
1.3523154e-05
3.377883e-05
7.2123014e-05
0.00013033963
0.00020343215
5.3545233e-11
5.6263127e-09
6.2563468e-08
3.5414452e-07
1.4384114e-06
4.7665667e-06
1.3620501e-05
3.4024639e-05
7.279788e-05
0.00013205004
0.00020719239
2.4134829e-10
1.9452325e-08
1.4286728e-07
4.8027197e-07
1.0491733e-06
1.6922885e-06
2.1457848e-06
2.2566073e-06
2.1414055e-06
2.0939639e-06
2.5130734e-06
2.5296452e-10
2.189778e-08
1.7531253e-07
6.4222485e-07
1.5271515e-06
2.6729693e-06
3.6345726e-06
3.9646362e-06
3.6232157e-06
3.0345748e-06
2.7050318e-06
3.1617638e-11
3.3068023e-09
3.6437916e-08
2.0344834e-07
8.101261e-07
2.606579e-06
7.1147106e-06
1.664768e-05
3.3269102e-05
5.677849e-05
8.2768534e-05
3.1083855e-11
3.2251398e-09
3.4990141e-08
1.9090717e-07
7.3639322e-07
2.2721142e-06
5.893364e-06
1.3088418e-05
2.5065779e-05
4.1551637e-05
5.9507517e-05
3.1633447e-11
3.2735318e-09
3.5327061e-08
1.9113648e-07
7.2807165e-07
2.2059617e-06
5.5840156e-06
1.2042522e-05
2.230819e-05
3.5591717e-05
4.8757054e-05
8.6035188e-12
9.1618406e-10
1.0480415e-08
6.198795e-08
2.6779809e-07
9.6484895e-07
3.0882543e-06
9.098297e-06
2.547009e-05
7.0903144e-05
0.00017949404
9.1711598e-12
9.7690511e-10
1.1178912e-08
6.6131015e-08
2.8562584e-07
1.0281017e-06
3.2845725e-06
9.6499758e-06
2.6925926e-05
7.4586601e-05
0.00018700813
9.7691117e-12
1.0397978e-09
1.1881302e-08
7.0159396e-08
3.0252347e-07
1.0880029e-06
3.4786931e-06
1.0257759e-05
2.8880649e-05
8.0623055e-05
0.00020091204
1.5076726e-11
1.6062282e-09
1.8364437e-08
1.0832628e-07
4.6508666e-07
1.6563297e-06
5.2005502e-06
1.4883368e-05
3.9837228e-05
0.00010116539
0.00023030165
1.5835004e-11
1.6841763e-09
1.9202051e-08
1.1296735e-07
4.8484105e-07
1.7368937e-06
5.5576679e-06
1.6601797e-05
4.8189143e-05
0.0001313868
0.00029792112
1.541051e-11
1.6305845e-09
1.8391584e-08
1.063847e-07
4.4537512e-07
1.5380573e-06
4.6554939e-06
1.2749875e-05
3.2274736e-05
7.6925977e-05
0.00017370906
1.5623905e-11
1.6353118e-09
1.8065123e-08
1.0149938e-07
4.0985138e-07
1.358014e-06
3.9345231e-06
1.0332695e-05
2.5295221e-05
6.0112871e-05
0.00014678638
1.5422438e-11
1.6127459e-09
1.7788596e-08
9.9775756e-08
4.0237251e-07
1.3332078e-06
3.8721514e-06
1.0235186e-05
2.5373991e-05
6.1625564e-05
0.00015218699
4.441666e-11
4.6913385e-09
5.2708246e-08
3.0311077e-07
1.259242e-06
4.3039489e-06
1.2795554e-05
3.3307513e-05
7.274176e-05
0.00013124401
0.00020107958
4.7921643e-11
5.04964e-09
5.6465216e-08
3.2233054e-07
1.3246766e-06
4.4578463e-06
1.2972531e-05
3.2934639e-05
7.0702124e-05
0.00012663475
0.00019334375
8.8639715e-11
8.985741e-09
9.3048169e-08
4.7086736e-07
1.6222287e-06
4.2812969e-06
9.1224853e-06
1.6096773e-05
2.375978e-05
2.9336109e-05
3.0262398e-05
9.637803e-11
9.7453051e-09
1.0043394e-07
5.0461186e-07
1.7215772e-06
4.4893121e-06
9.4353471e-06
1.6394305e-05
2.377993e-05
2.8772762e-05
2.9026582e-05
1.0482276e-10
1.0563725e-08
1.0819701e-07
5.3868946e-07
1.8159032e-06
4.6683747e-06
9.6576427e-06
1.649129e-05
2.3461895e-05
2.7772276e-05
2.7380057e-05
1.6458669e-10
1.5314584e-08
1.3665226e-07
5.679312e-07
1.5535276e-06
3.1790837e-06
5.1369668e-06
6.7033157e-06
7.1526232e-06
6.4208953e-06
5.3559518e-06
1.6790821e-10
1.5127728e-08
1.2867286e-07
5.0688002e-07
1.3111138e-06
2.5299159e-06
3.8417278e-06
4.7031734e-06
4.73482e-06
4.1029454e-06
3.4556435e-06
1.6129671e-10
1.3984668e-08
1.1285938e-07
4.2033152e-07
1.0261604e-06
1.8651651e-06
2.6670041e-06
3.0937608e-06
3.0190305e-06
2.6689342e-06
2.4288044e-06
6.8187713e-11
6.9540631e-09
7.2829777e-08
3.7501045e-07
1.3240058e-06
3.6052691e-06
7.9712051e-06
1.4674872e-05
2.27449e-05
2.9738061e-05
3.2749228e-05
7.4549322e-11
7.5874867e-09
7.9163344e-08
4.052879e-07
1.4194353e-06
3.82561e-06
8.3563063e-06
1.5171081e-05
2.3140625e-05
2.9694582e-05
3.2008717e-05
8.1178517e-11
8.2477439e-09
8.5764677e-08
4.3678998e-07
1.5182546e-06
4.0518353e-06
8.7462873e-06
1.566167e-05
2.3508115e-05
2.9596117e-05
3.1206862e-05
1.0394447e-10
1.0790748e-08
1.1725685e-07
6.4210271e-07
2.4968679e-06
7.8619518e-06
2.1426736e-05
5.2453036e-05
0.00011548922
0.00022344273
0.00037906186
1.0714551e-10
1.0967116e-08
1.1658611e-07
6.2200396e-07
2.3535601e-06
7.2130478e-06
1.9102647e-05
4.5213779e-05
9.6575178e-05
0.00018535559
0.00032030205
3.4924081e-11
3.6446787e-09
4.0006684e-08
2.2224519e-07
8.7963564e-07
2.8109743e-06
7.6193382e-06
1.7735356e-05
3.5373679e-05
6.05025e-05
8.9136615e-05
3.426298e-11
3.5721188e-09
3.913596e-08
2.1681846e-07
8.5510873e-07
2.7206156e-06
7.337807e-06
1.6999737e-05
3.3794541e-05
5.7697118e-05
8.4860636e-05
3.3635311e-11
3.5020105e-09
3.8262261e-08
2.1104405e-07
8.2679951e-07
2.6049707e-06
6.9328111e-06
1.5813775e-05
3.09732e-05
5.2191871e-05
7.5785223e-05
4.4776043e-11
4.5961923e-09
4.8761214e-08
2.5641117e-07
9.3456383e-07
2.6589492e-06
6.2103441e-06
1.2200253e-05
2.0397608e-05
2.9145976e-05
3.5563602e-05
4.8314495e-11
4.954274e-09
5.2447869e-08
2.7480195e-07
9.9588215e-07
2.8100684e-06
6.4927047e-06
1.2586093e-05
2.0703005e-05
2.8990998e-05
3.4505805e-05
5.2443088e-11
5.3735476e-09
5.6793449e-08
2.9669886e-07
1.0700276e-06
2.9977143e-06
6.8617307e-06
1.3152141e-05
2.1352276e-05
2.9455365e-05
3.447456e-05
3.7095841e-11
3.9097778e-09
4.3749271e-08
2.5008124e-07
1.030123e-06
3.4779249e-06
1.0153198e-05
2.5821149e-05
5.5602553e-05
0.00010015613
0.00015348859
3.9869015e-11
4.2070869e-09
4.7180227e-08
2.7053996e-07
1.1191473e-06
3.8013193e-06
1.1198942e-05
2.8837286e-05
6.2684845e-05
0.00011331107
0.00017396489
4.0411813e-11
4.2540072e-09
4.7485261e-08
2.7052242e-07
1.110309e-06
3.7445439e-06
1.1047391e-05
2.9433744e-05
7.0703399e-05
0.00014697971
0.00026107045
4.143354e-11
4.3669236e-09
4.8862637e-08
2.7937798e-07
1.1526418e-06
3.9166414e-06
1.1683742e-05
3.1648066e-05
7.7578009e-05
0.00016293414
0.00028820365
6.7621741e-11
6.9823294e-09
7.4768325e-08
3.9668505e-07
1.4505035e-06
4.0922333e-06
9.3336758e-06
1.7618055e-05
2.7839844e-05
3.6937848e-05
4.1027795e-05
5.9439389e-11
6.1520347e-09
6.618446e-08
3.5372202e-07
1.3073205e-06
3.7410956e-06
8.6786522e-06
1.6697186e-05
2.6951928e-05
3.6630567e-05
4.1793068e-05
2.3030755e-11
2.4234752e-09
2.7055183e-08
1.5438159e-07
6.3645976e-07
2.1657086e-06
6.4867374e-06
1.774827e-05
4.5503819e-05
0.00010966258
0.00023743273
2.1589012e-11
2.2937358e-09
2.6064839e-08
1.5229753e-07
6.4586933e-07
2.2696809e-06
7.0548488e-06
2.0202129e-05
5.494562e-05
0.00013866344
0.00029640592
6.6294533e-11
6.9353482e-09
7.6520079e-08
4.2870284e-07
1.7204545e-06
5.6339283e-06
1.5978335e-05
4.0060752e-05
8.7212107e-05
0.00016218728
0.00026225178
6.5073266e-11
6.8121878e-09
7.5209986e-08
4.2123522e-07
1.6859055e-06
5.4795077e-06
1.5300822e-05
3.7427079e-05
7.9447333e-05
0.00014506457
0.00023096706
6.5756839e-11
6.8985936e-09
7.6486626e-08
4.3122159e-07
1.7432947e-06
5.7542985e-06
1.6450462e-05
4.150915e-05
9.0451337e-05
0.00016731278
0.00026800319
5.2575954e-11
5.4424652e-09
5.8588015e-08
3.136864e-07
1.1639401e-06
3.3538882e-06
7.8569315e-06
1.5297469e-05
2.5016774e-05
3.4435905e-05
3.9711537e-05
4.6919079e-11
4.8587477e-09
5.2361797e-08
2.8105958e-07
1.0481853e-06
3.0467121e-06
7.2278081e-06
1.4305797e-05
2.3885391e-05
3.3760412e-05
4.0267604e-05
1.9997401e-11
2.1248015e-09
2.4157823e-08
1.4132875e-07
6.0041548e-07
2.1119831e-06
6.5413486e-06
1.8457975e-05
4.8680357e-05
0.0001204723
0.00026300235
2.0498082e-11
2.179558e-09
2.4832288e-08
1.4593919e-07
6.2570545e-07
2.2400188e-06
7.1700033e-06
2.1500562e-05
6.279113e-05
0.00016609651
0.00035459238
1.8872941e-11
1.9999518e-09
2.2622342e-08
1.3139715e-07
5.5313162e-07
1.9242136e-06
5.8835667e-06
1.6358434e-05
4.2327917e-05
0.00010235699
0.00022202028
6.6769031e-11
7.0025285e-09
7.7594734e-08
4.3716782e-07
1.7664314e-06
5.8343329e-06
1.6762055e-05
4.3081554e-05
9.7827091e-05
0.00019036476
0.00031945794
6.6814361e-11
7.000964e-09
7.7466547e-08
4.3574608e-07
1.7581621e-06
5.8022799e-06
1.6675409e-05
4.2933248e-05
9.767215e-05
0.00019008884
0.0003186536
6.5861149e-11
6.9008922e-09
7.6345275e-08
4.2922083e-07
1.7299224e-06
5.6967724e-06
1.6306879e-05
4.1697666e-05
9.4070415e-05
0.00018209748
0.00030482733
6.5772826e-11
6.8891242e-09
7.6157752e-08
4.276347e-07
1.720068e-06
5.6455844e-06
1.6070754e-05
4.0732795e-05
9.097041e-05
0.00017487699
0.00029165195
6.5975215e-11
6.911878e-09
7.6446456e-08
4.2961354e-07
1.7303783e-06
5.6916604e-06
1.6254159e-05
4.1361364e-05
9.2580518e-05
0.00017776209
0.0002955889
5.8363161e-11
6.1223993e-09
6.7872728e-08
3.826107e-07
1.5465365e-06
5.1036398e-06
1.4593241e-05
3.6992447e-05
8.1978809e-05
0.00015574093
0.00025700727
5.9252464e-11
6.2430428e-09
6.9776918e-08
3.9798743e-07
1.6348844e-06
5.5178091e-06
1.6291251e-05
4.3106191e-05
9.8905173e-05
0.00018922565
0.00030851295
6.5128103e-11
6.8210118e-09
7.5407709e-08
4.2358155e-07
1.7052731e-06
5.6033781e-06
1.5939376e-05
3.9996176e-05
8.6726617e-05
0.00015991138
0.00025562962
6.365314e-11
6.667161e-09
7.3713465e-08
4.1404444e-07
1.6661545e-06
5.46757e-06
1.5502794e-05
3.8651152e-05
8.3144021e-05
0.00015245868
0.00024315177
6.2795183e-11
6.5743588e-09
7.2615294e-08
4.0716915e-07
1.633751e-06
5.3355443e-06
1.5008249e-05
3.6969845e-05
7.8555444e-05
0.00014294925
0.00022728372
7.6501821e-11
7.8903421e-09
8.4284392e-08
4.4518521e-07
1.6157406e-06
4.5083545e-06
1.0137305e-05
1.8812291e-05
2.9144492e-05
3.7778616e-05
4.0823936e-05
1.4561e-11
1.5257812e-09
1.6896966e-08
9.5333539e-08
3.8752485e-07
1.2975362e-06
3.8208839e-06
1.0285952e-05
2.6134214e-05
6.5623555e-05
0.00016314942
9.155299e-12
7.6488542e-10
6.1124779e-09
2.3223642e-08
6.0451407e-08
1.2596306e-07
2.315884e-07
4.1067909e-07
8.8990565e-07
2.0018546e-06
4.2276064e-06
3.8738277e-13
3.8845881e-11
3.9857692e-10
2.0296837e-09
7.3590339e-09
2.2749526e-08
7.0760021e-08
2.069495e-07
5.5095355e-07
1.3073677e-06
2.7441829e-06
2.2005262e-11
2.1729313e-09
2.0039714e-08
9.0685765e-08
2.9068913e-07
7.6822172e-07
1.8301688e-06
4.2887002e-06
1.1773417e-05
3.2531144e-05
8.253896e-05
6.5787564e-11
6.8922166e-09
7.6227702e-08
4.2835182e-07
1.7248854e-06
5.6700539e-06
1.6169117e-05
4.1022355e-05
9.1402557e-05
0.00017473906
0.00028964887
6.5679429e-11
6.8833998e-09
7.6171029e-08
4.2825053e-07
1.7249209e-06
5.668519e-06
1.6143733e-05
4.0831226e-05
9.0507217e-05
0.00017202776
0.00028351877
6.5973164e-11
6.9106859e-09
7.6414597e-08
4.293093e-07
1.728733e-06
5.6858265e-06
1.6236363e-05
4.1254589e-05
9.1835326e-05
0.00017492985
0.00028877508
6.1843217e-11
6.4871137e-09
7.1897763e-08
4.05086e-07
1.6361939e-06
5.3963613e-06
1.5429697e-05
3.9095274e-05
8.6251439e-05
0.00016250618
0.00026586607
6.2430929e-11
6.5233135e-09
7.1798712e-08
4.0070452e-07
1.5987957e-06
5.1902319e-06
1.4533156e-05
3.5870232e-05
7.7392781e-05
0.00014466897
0.00023790631
7.2030229e-12
7.6886968e-10
8.8417737e-09
5.2728628e-08
2.3037346e-07
8.4202761e-07
2.7435356e-06
8.264436e-06
2.3872098e-05
6.8628638e-05
0.00017527452
7.6007991e-12
8.1106654e-10
9.3203326e-09
5.5525447e-08
2.4232688e-07
8.8511561e-07
2.8856119e-06
8.7190275e-06
2.5345119e-05
7.3114465e-05
0.00018661031
7.9244126e-12
8.4419157e-10
9.666026e-09
5.7261894e-08
2.479535e-07
8.9622965e-07
2.8814833e-06
8.5421108e-06
2.4115224e-05
6.7748115e-05
0.0001728997
5.690502e-11
5.9866526e-09
6.6719273e-08
3.7887897e-07
1.5458665e-06
5.1591129e-06
1.4931781e-05
3.8177606e-05
8.4175715e-05
0.00015674132
0.00025144664
6.6091876e-11
6.9012285e-09
7.5861966e-08
4.2262177e-07
1.682679e-06
5.454344e-06
1.5305692e-05
3.8296503e-05
8.5522033e-05
0.00016803048
0.00029165356
6.7943769e-11
7.0935615e-09
7.7943088e-08
4.3380187e-07
1.7238713e-06
5.5683495e-06
1.5536681e-05
3.8560846e-05
8.5394363e-05
0.0001669592
0.00028934703
6.9957743e-11
7.3099364e-09
8.0432783e-08
4.4843774e-07
1.7855485e-06
5.7802346e-06
1.6172226e-05
4.0320513e-05
8.9928337e-05
0.00017659117
0.00030426978
6.8700387e-12
7.5209119e-10
9.097137e-09
5.8044037e-08
2.7271556e-07
1.0617334e-06
3.597003e-06
1.0900895e-05
3.049683e-05
8.0657036e-05
0.0001897716
8.7301073e-12
9.3028799e-10
1.06596e-08
6.3246078e-08
2.7474458e-07
9.9934844e-07
3.2514428e-06
9.8530542e-06
2.8977755e-05
8.3584603e-05
0.00020987272
8.2948422e-12
8.8668984e-10
1.0222753e-08
6.115901e-08
2.6811782e-07
9.8310618e-07
3.2112137e-06
9.6880511e-06
2.7965043e-05
7.9439457e-05
0.0001985987
6.1940709e-11
6.5207802e-09
7.2753486e-08
4.1372262e-07
1.6906981e-06
5.653513e-06
1.6420808e-05
4.2312433e-05
9.4295201e-05
0.00017667807
0.00028327132
6.2417613e-11
6.558225e-09
7.2914293e-08
4.1263507e-07
1.675894e-06
5.5612703e-06
1.5999274e-05
4.0774218e-05
9.0270891e-05
0.00016957336
0.00027441197
6.0271807e-12
6.4314446e-10
7.3944684e-09
4.4115136e-08
1.9303931e-07
7.0812489e-07
2.3247424e-06
7.1146837e-06
2.1346168e-05
6.3888594e-05
0.0001684835
6.5409378e-12
6.9766159e-10
8.009625e-09
4.7631897e-08
2.071335e-07
7.5114678e-07
2.4154806e-06
7.1232097e-06
1.9920345e-05
5.6608509e-05
0.00014730424
7.703447e-12
8.2400376e-10
9.5140349e-09
5.7049826e-08
2.5086861e-07
9.2337237e-07
3.0314499e-06
9.2336572e-06
2.7550602e-05
8.008349e-05
0.00020040596
8.2741218e-12
8.8460604e-10
1.0211432e-08
6.1331502e-08
2.7143444e-07
1.0157724e-06
3.4613446e-06
1.1448381e-05
3.7804594e-05
0.00011129949
0.00026945938
5.6976803e-11
5.9587208e-09
6.5710492e-08
3.6796858e-07
1.4767731e-06
4.8431486e-06
1.3811141e-05
3.5246312e-05
8.0040375e-05
0.00015790318
0.00027168994
5.6620117e-11
5.916376e-09
6.5094254e-08
3.6279846e-07
1.442869e-06
4.6539398e-06
1.2894858e-05
3.1478206e-05
6.7953158e-05
0.00012921752
0.00021815607
1.2401465e-11
1.3141067e-09
1.4872218e-08
8.6516271e-08
3.6532888e-07
1.2777297e-06
3.9391752e-06
1.1070434e-05
2.903725e-05
7.2609355e-05
0.00017149287
1.1638961e-11
1.2338842e-09
1.3979701e-08
8.1476814e-08
3.4504055e-07
1.2118882e-06
3.7587614e-06
1.0650899e-05
2.8245324e-05
7.1647213e-05
0.00017126556
6.2685622e-11
6.5580934e-09
7.2331684e-08
4.0467513e-07
1.618304e-06
5.2580815e-06
1.4673431e-05
3.5740691e-05
7.5096704e-05
0.00013564182
0.0002148359
6.3012061e-11
6.5876024e-09
7.2556694e-08
4.0506499e-07
1.6147001e-06
5.2213492e-06
1.4466061e-05
3.4882659e-05
7.2538217e-05
0.00012999765
0.00020478254
4.028346e-11
4.2367486e-09
4.7202485e-08
2.6805694e-07
1.0947413e-06
3.6647643e-06
1.0700935e-05
2.8190987e-05
6.7749078e-05
0.00014506688
0.00027021359
4.089122e-11
4.2885745e-09
4.756015e-08
2.686713e-07
1.0920294e-06
3.6448784e-06
1.0646253e-05
2.8187833e-05
6.8432742e-05
0.00014818822
0.00027822326
6.4949629e-11
6.8433766e-09
7.6392965e-08
4.3399291e-07
1.7670814e-06
5.8685077e-06
1.6892319e-05
4.3288667e-05
9.7569609e-05
0.00018798449
0.00031128636
6.9487201e-11
7.2689502e-09
8.0274768e-08
4.5125296e-07
1.8259312e-06
6.0829631e-06
1.7842074e-05
4.7607696e-05
0.00011266031
0.00022370847
0.00037658696
6.4633216e-11
6.7613731e-09
7.4564621e-08
4.1711452e-07
1.6682086e-06
5.4282827e-06
1.5259493e-05
3.8103463e-05
8.4410314e-05
0.00016299837
0.00027444752
1.7165562e-11
1.8027648e-09
2.004455e-08
1.1365468e-07
4.642615e-07
1.5595574e-06
4.5897912e-06
1.226412e-05
3.0579661e-05
7.3772603e-05
0.00017576224
1.6391236e-11
1.7176834e-09
1.9021099e-08
1.07261e-07
4.3528171e-07
1.4515579e-06
4.2377568e-06
1.1219797e-05
2.7665737e-05
6.5835693e-05
0.0001576966
1.1790282e-11
1.2139191e-09
1.299636e-08
6.9894607e-08
2.6741826e-07
8.3401193e-07
2.2736786e-06
5.6804918e-06
1.3719235e-05
3.7498075e-05
0.00010193104
2.5031851e-11
2.6265543e-09
2.911077e-08
1.6373715e-07
6.5693778e-07
2.125133e-06
5.802099e-06
1.3506837e-05
2.6795148e-05
4.533952e-05
6.5372314e-05
2.4703995e-11
2.5957564e-09
2.8853948e-08
1.6306905e-07
6.590755e-07
2.1556374e-06
5.977232e-06
1.4176273e-05
2.8647753e-05
4.9311228e-05
7.2335698e-05
1.4028641e-10
1.3772486e-08
1.344981e-07
6.2616157e-07
1.9433589e-06
4.5553667e-06
8.5292044e-06
1.3068973e-05
1.6508058e-05
1.7224262e-05
1.5314975e-05
1.495173e-10
1.4484208e-08
1.3819492e-07
6.239705e-07
1.8698933e-06
4.2209036e-06
7.5878811e-06
1.1119295e-05
1.3380287e-05
1.3317463e-05
1.1524137e-05
1.5712167e-10
1.4977156e-08
1.3895787e-07
6.0518278e-07
1.7410838e-06
3.7594252e-06
6.436587e-06
8.9370031e-06
1.0152196e-05
9.5876425e-06
8.1009872e-06
1.5103086e-11
1.5736048e-09
1.7239382e-08
9.581065e-08
3.8222826e-07
1.2523366e-06
3.6026253e-06
9.4803842e-06
2.3686475e-05
6.026351e-05
0.00015264132
5.7549022e-11
6.0179965e-09
6.6331694e-08
3.7088719e-07
1.4826564e-06
4.8161705e-06
1.3427743e-05
3.2611824e-05
6.8144953e-05
0.00012198042
0.00019037113
5.662907e-11
5.9283348e-09
6.5475477e-08
3.6713635e-07
1.4730669e-06
4.8069704e-06
1.3473122e-05
3.2881623e-05
6.8880733e-05
0.00012333223
0.00019241265
5.5786813e-11
5.8398249e-09
6.4488223e-08
3.614843e-07
1.4494047e-06
4.7230606e-06
1.3199766e-05
3.2047157e-05
6.6656315e-05
0.00011831681
0.00018236698
2.7245373e-11
2.8724309e-09
3.2166621e-08
1.8417419e-07
7.6137047e-07
2.5932564e-06
7.7530729e-06
2.1095743e-05
5.3385146e-05
0.00012438062
0.0002551553
2.6772186e-11
2.8229771e-09
3.1622225e-08
1.8113388e-07
7.4921233e-07
2.5535794e-06
7.6406634e-06
2.0809959e-05
5.2736845e-05
0.00012322406
0.0002538502
1.6125647e-11
1.7086685e-09
1.9338614e-08
1.12581e-07
4.7670616e-07
1.6798019e-06
5.2691628e-06
1.5352897e-05
4.3023729e-05
0.00011415113
0.00025550132
1.7388975e-11
1.8485103e-09
2.1054145e-08
1.2368702e-07
5.2990756e-07
1.8937026e-06
6.0338814e-06
1.7877753e-05
5.1050442e-05
0.00013576233
0.00029862009
3.4953825e-11
3.7283278e-09
4.2676129e-08
2.5201982e-07
1.0847156e-06
3.8903677e-06
1.244902e-05
3.725012e-05
0.00010423971
0.00024158672
0.00044409377
3.3161425e-11
3.5221933e-09
3.9968991e-08
2.3280255e-07
9.8097014e-07
3.4036428e-06
1.032784e-05
2.8325606e-05
7.1015836e-05
0.0001573125
0.0002972456
3.4600837e-11
3.6932171e-09
4.228602e-08
2.4923472e-07
1.0649622e-06
3.7519469e-06
1.1571542e-05
3.22993e-05
8.2144639e-05
0.00018108152
0.0003347863
1.5858569e-11
1.6560935e-09
1.8221441e-08
1.0187292e-07
4.0936542e-07
1.3520307e-06
3.920149e-06
1.0378933e-05
2.594131e-05
6.4509443e-05
0.0001599844
1.9938321e-11
2.0867168e-09
2.3048852e-08
1.294709e-07
5.2250155e-07
1.7287489e-06
4.9922529e-06
1.3031934e-05
3.1663351e-05
7.5539808e-05
0.00017813203
2.0096162e-11
2.1058197e-09
2.3322199e-08
1.3160371e-07
5.3509186e-07
1.7926528e-06
5.2882662e-06
1.4316402e-05
3.6950599e-05
9.5501114e-05
0.00022924207
1.6855133e-11
1.7632352e-09
1.9464843e-08
1.0933066e-07
4.4187134e-07
1.4690895e-06
4.289897e-06
1.1436999e-05
2.8730195e-05
7.0914994e-05
0.00017266099
2.8877463e-12
3.1138863e-10
3.6718578e-09
2.2850318e-08
1.0628758e-07
4.2415752e-07
1.5698467e-06
5.7261889e-06
1.9981317e-05
6.2710914e-05
0.00016705721
3.2872516e-12
3.5353508e-10
4.1441758e-09
2.5562e-08
1.1765197e-07
4.6476328e-07
1.7086725e-06
6.2293943e-06
2.1715384e-05
6.7824763e-05
0.00017894182
3.1799358e-12
3.4291302e-10
4.0415576e-09
2.5103009e-08
1.162171e-07
4.5897295e-07
1.6604203e-06
5.8342703e-06
1.9966462e-05
6.1852691e-05
0.00016298106
1.4223185e-12
1.6087341e-10
2.1663423e-09
1.6562499e-08
9.6604319e-08
4.7187614e-07
2.0200956e-06
7.7632539e-06
2.6741414e-05
8.0210405e-05
0.00020108668
2.4151293e-12
2.5956119e-10
3.0407797e-09
1.8759969e-08
8.6439092e-08
3.4171602e-07
1.2511322e-06
4.5035576e-06
1.5727634e-05
5.0167744e-05
0.00013782932
1.9317692e-11
2.0253579e-09
2.2444855e-08
1.2664966e-07
5.1403295e-07
1.7128056e-06
4.9913982e-06
1.3187457e-05
3.2512421e-05
7.8111992e-05
0.00018552248
5.8323342e-11
6.1361608e-09
6.8405585e-08
3.8877574e-07
1.5891699e-06
5.3232753e-06
1.5516151e-05
4.0154392e-05
8.9686163e-05
0.00016815924
0.00027020109
6.1178829e-11
6.4449179e-09
7.2019934e-08
4.1073199e-07
1.6869411e-06
5.6891325e-06
1.6752327e-05
4.3997705e-05
9.953228e-05
0.00018741178
0.00030084183
3.654194e-11
3.9844089e-09
4.7461397e-08
2.9507687e-07
1.3450583e-06
5.10842e-06
1.7241392e-05
5.3899849e-05
0.00014626311
0.00030160996
0.00049541055
3.6636909e-11
3.9791785e-09
4.703262e-08
2.8909172e-07
1.2973807e-06
4.8245467e-06
1.5786966e-05
4.7005821e-05
0.00012239172
0.00025158503
0.00041883731
3.8756641e-11
4.2162807e-09
5.0007088e-08
3.0904214e-07
1.3965576e-06
5.222304e-06
1.7096709e-05
5.0466639e-05
0.00012784121
0.00025498025
0.00041562687
6.0490002e-11
6.3921653e-09
7.1835689e-08
4.1291412e-07
1.7133129e-06
5.8561339e-06
1.7590507e-05
4.7905551e-05
0.0001143667
0.00022336235
0.00036225043
5.881083e-11
6.1804424e-09
6.8702627e-08
3.8826474e-07
1.570332e-06
5.1610476e-06
1.4583688e-05
3.6303967e-05
7.9544572e-05
0.00015114821
0.00024940779
7.0418345e-11
7.3240031e-09
7.9961426e-08
4.4149286e-07
1.7392808e-06
5.5728022e-06
1.5459937e-05
3.8347946e-05
8.5644678e-05
0.0001703243
0.00030146104
7.0770973e-11
7.3734341e-09
8.0746559e-08
4.4765475e-07
1.7724981e-06
5.7136446e-06
1.5967811e-05
3.9983639e-05
9.0260578e-05
0.00018077596
0.00031967847
7.1230888e-11
7.4254846e-09
8.142326e-08
4.525049e-07
1.7993657e-06
5.8425921e-06
1.6525698e-05
4.2153446e-05
9.7189163e-05
0.00019680336
0.00034667747
1.33074e-11
1.4017672e-09
1.56779e-08
8.964894e-08
3.7018343e-07
1.2596788e-06
3.7603644e-06
1.0186808e-05
2.5630957e-05
6.1320978e-05
0.00014347572
1.2283866e-11
1.2945815e-09
1.4494464e-08
8.302172e-08
3.4364353e-07
1.1731307e-06
3.5159296e-06
9.5656406e-06
2.4160188e-05
5.7971746e-05
0.0001363505
4.1412322e-11
4.3595426e-09
4.8657367e-08
2.7704069e-07
1.1354226e-06
3.8183934e-06
1.1215223e-05
2.9767826e-05
7.2119945e-05
0.00015489287
0.000286931
6.1523689e-11
6.4818593e-09
7.2445443e-08
4.1325074e-07
1.6975739e-06
5.7247928e-06
1.6855818e-05
4.4385024e-05
0.00010148908
0.00019369064
0.00031427185
6.4085934e-11
6.7137803e-09
7.4286957e-08
4.1804182e-07
1.6883678e-06
5.5771695e-06
1.6015818e-05
4.0999395e-05
9.2026582e-05
0.00017573137
0.00028815472
6.2697814e-11
6.5506719e-09
7.2051534e-08
4.0129298e-07
1.5934184e-06
5.1216812e-06
1.4084222e-05
3.382056e-05
7.0817176e-05
0.00012920755
0.00020840331
6.581051e-11
6.8939937e-09
7.619225e-08
4.2724898e-07
1.7122939e-06
5.5754032e-06
1.5613219e-05
3.834945e-05
8.1869663e-05
0.00015102988
0.00024507983
6.7856523e-11
7.0945135e-09
7.8139491e-08
4.3616626e-07
1.738411e-06
5.6253992e-06
1.5648942e-05
3.8182025e-05
8.1082475e-05
0.0001491508
0.00024180636
1.1160323e-11
1.1783986e-09
1.3244103e-08
7.628635e-08
3.180981e-07
1.0959012e-06
3.3207024e-06
9.1516762e-06
2.3466674e-05
5.7310868e-05
0.00013665258
1.0442074e-11
1.1005341e-09
1.2329751e-08
7.0760866e-08
2.9416053e-07
1.0123817e-06
3.075414e-06
8.5363385e-06
2.2133364e-05
5.4730251e-05
0.00013193657
2.1154762e-10
1.9789052e-08
1.8364651e-07
8.3670877e-07
2.6853948e-06
7.0431326e-06
1.6413862e-05
3.6354337e-05
8.3838344e-05
0.00019024515
0.00037059101
9.8347602e-11
1.0094219e-08
1.0683274e-07
5.5625341e-07
1.9776824e-06
5.3726523e-06
1.1707295e-05
2.0973942e-05
3.1243788e-05
3.8737939e-05
3.9819636e-05
8.6965499e-11
8.9495629e-09
9.5185301e-08
4.9932953e-07
1.7941951e-06
4.9409644e-06
1.0939795e-05
1.9955604e-05
3.0338931e-05
3.8513352e-05
4.0658508e-05
8.5452543e-11
8.843284e-09
9.5659152e-08
5.2103696e-07
2.0141777e-06
6.2899754e-06
1.6864882e-05
4.0056376e-05
8.5305151e-05
0.00016316918
0.00028211266
8.7505499e-11
9.0680377e-09
9.8457221e-08
5.404027e-07
2.1190951e-06
6.7857065e-06
1.897037e-05
4.797914e-05
0.00010959866
0.00021933646
0.00038265373
2.8133954e-11
2.9660912e-09
3.3213375e-08
1.9013577e-07
7.8575121e-07
2.6747403e-06
7.9896485e-06
2.1712195e-05
5.4813139e-05
0.00012694659
0.00025803546
2.7678729e-11
2.9181697e-09
3.2679083e-08
1.8710311e-07
7.7340217e-07
2.6336788e-06
7.8711023e-06
2.1405107e-05
5.4106675e-05
0.00012569137
0.00025666032
3.318289e-11
3.4958321e-09
3.9082124e-08
2.231358e-07
9.1836345e-07
3.1073097e-06
9.2009987e-06
2.4672424e-05
6.0694476e-05
0.00013361986
0.00025488715
3.2576452e-11
3.4322555e-09
3.8380462e-08
2.1923063e-07
9.0303057e-07
3.059681e-06
9.080618e-06
2.4440805e-05
6.0501064e-05
0.0001342725
0.00025771857
2.5176102e-10
2.2733785e-08
1.9344952e-07
7.579794e-07
1.9357869e-06
3.6561714e-06
5.37898e-06
6.3065913e-06
6.014991e-06
4.9160935e-06
3.9322237e-06
2.319005e-10
2.1804866e-08
1.9715114e-07
8.2670854e-07
2.2647423e-06
4.602909e-06
7.3204987e-06
9.3078469e-06
9.5713497e-06
8.2050955e-06
6.5478623e-06
2.4373151e-11
2.5945611e-09
2.9621652e-08
1.7457462e-07
7.509689e-07
2.6966098e-06
8.6414013e-06
2.5860524e-05
7.4519721e-05
0.00018909817
0.00037898626
2.6510305e-11
2.7919381e-09
3.1219678e-08
1.7856859e-07
7.3840174e-07
2.5213926e-06
7.5813228e-06
2.0835789e-05
5.3730799e-05
0.00012917566
0.00027027771
1.7029828e-11
1.804035e-09
2.0399978e-08
1.1849886e-07
4.9922337e-07
1.7393182e-06
5.3261679e-06
1.4800745e-05
3.8168323e-05
9.2887773e-05
0.0002085927
1.7232429e-11
1.8354735e-09
2.0976732e-08
1.2370766e-07
5.3155891e-07
1.8995633e-06
6.0169371e-06
1.7548923e-05
4.8626623e-05
0.00012659112
0.00028088262
1.720125e-11
1.830111e-09
2.086878e-08
1.2267506e-07
5.249917e-07
1.8676293e-06
5.8895317e-06
1.7108917e-05
4.7216717e-05
0.00012278422
0.000274096
3.56203e-11
3.7467943e-09
4.1759532e-08
2.3732893e-07
9.7055095e-07
3.2556647e-06
9.5301672e-06
2.5157688e-05
6.0529211e-05
0.00012999073
0.00024399758
3.4524762e-11
3.6348784e-09
4.0584314e-08
2.3125813e-07
9.4915905e-07
3.1993802e-06
9.4255352e-06
2.5094569e-05
6.1052571e-05
0.00013249979
0.00024995498
3.3865338e-11
3.5666648e-09
3.9850967e-08
2.2733552e-07
9.3462036e-07
3.1579739e-06
9.3355057e-06
2.4979835e-05
6.1235567e-05
0.00013406366
0.00025434215
1.2332971e-10
1.258801e-08
1.3180771e-07
6.7486208e-07
2.3423373e-06
6.1715913e-06
1.2982148e-05
2.2360775e-05
3.1871237e-05
3.7551812e-05
3.6486275e-05
1.0997279e-10
1.1265251e-08
1.1875577e-07
6.1427864e-07
2.1622586e-06
5.796053e-06
1.2429532e-05
2.1864885e-05
3.1899699e-05
3.8597056e-05
3.859257e-05
6.1534753e-11
6.4756909e-09
7.2206025e-08
4.1044531e-07
1.6792377e-06
5.6491229e-06
1.6711938e-05
4.5108382e-05
0.00010942372
0.00022431171
0.00038801443
6.2062598e-11
6.4770897e-09
7.1167339e-08
3.9660486e-07
1.5823765e-06
5.1549504e-06
1.4603875e-05
3.7146211e-05
8.4970521e-05
0.00017087029
0.0003007805
6.162529e-11
6.4424182e-09
7.0974246e-08
3.9666038e-07
1.5862762e-06
5.1723326e-06
1.4630673e-05
3.7032598e-05
8.4054018e-05
0.00016778234
0.00029387234
3.2107051e-11
3.3863436e-09
3.7949007e-08
2.1742826e-07
8.983838e-07
3.0432253e-06
8.8999504e-06
2.2579421e-05
4.8365564e-05
8.6580668e-05
0.00013127239
3.4526863e-11
3.6386673e-09
4.0709216e-08
2.3264305e-07
9.5776167e-07
3.2290829e-06
9.3936046e-06
2.3729235e-05
5.0728855e-05
9.0813192e-05
0.00013803208
2.7349413e-11
2.8854517e-09
3.2350478e-08
1.8539846e-07
7.6564205e-07
2.5875619e-06
7.5234585e-06
1.8901057e-05
4.0150585e-05
7.1538873e-05
0.00010771431
2.9225048e-11
3.0852435e-09
3.4629957e-08
1.9878218e-07
8.2268615e-07
2.7885908e-06
8.1427877e-06
2.0569903e-05
4.3868548e-05
7.8267282e-05
0.00011799401
6.9585147e-11
7.2612155e-09
7.9789522e-08
4.449703e-07
1.7790605e-06
5.8246813e-06
1.6681894e-05
4.3353281e-05
0.00010220014
0.0002095435
0.00036833202
6.6420535e-11
6.9381667e-09
7.6374405e-08
4.268873e-07
1.7111124e-06
5.6162707e-06
1.6115851e-05
4.1909715e-05
9.8702036e-05
0.00020198797
0.00035441865
6.4321232e-11
6.7220217e-09
7.4052467e-08
4.1434045e-07
1.6632724e-06
5.472016e-06
1.5761171e-05
4.119666e-05
9.7453105e-05
0.00019977584
0.00035076621
6.2698146e-11
6.5336704e-09
7.163105e-08
3.9836855e-07
1.5881506e-06
5.1848904e-06
1.4799589e-05
3.8246687e-05
8.9490107e-05
0.0001832823
0.00032577803
6.071719e-11
6.333546e-09
6.9477348e-08
3.8577628e-07
1.5282302e-06
4.9154873e-06
1.363393e-05
3.3604788e-05
7.4243456e-05
0.00014633183
0.00025818133
2.1207049e-11
2.2536854e-09
2.5625786e-08
1.4989462e-07
6.3646906e-07
2.2369547e-06
6.9253644e-06
1.9563783e-05
5.1593066e-05
0.00012531233
0.00026353169
2.2172995e-11
2.3509553e-09
2.6619712e-08
1.5485619e-07
6.5350022e-07
2.2828637e-06
7.0316425e-06
1.9805856e-05
5.2228796e-05
0.00012696111
0.00026700127
2.2390886e-11
2.3758844e-09
2.6926282e-08
1.5664124e-07
6.5932633e-07
2.284791e-06
6.913278e-06
1.8830609e-05
4.7013303e-05
0.00010759055
0.00022106523
2.4689442e-11
2.6311542e-09
3.0062648e-08
1.7688513e-07
7.5561204e-07
2.6692935e-06
8.2894241e-06
2.3423829e-05
6.1477505e-05
0.00014616259
0.00029599633
5.7257141e-11
5.8562921e-09
6.1684613e-08
3.2057007e-07
1.1475298e-06
3.1835788e-06
7.20212e-06
1.3620147e-05
2.1778428e-05
2.953153e-05
3.3915076e-05
6.2202878e-11
6.3551466e-09
6.6786855e-08
3.4573866e-07
1.2300584e-06
3.3830615e-06
7.5693452e-06
1.4125276e-05
2.2231066e-05
2.9577793e-05
3.321555e-05
3.917361e-11
4.1469163e-09
4.6754576e-08
2.6988352e-07
1.1252957e-06
3.8665633e-06
1.1680192e-05
3.2224538e-05
8.172634e-05
0.00018008475
0.00033350985
3.8102163e-11
4.0307707e-09
4.5390924e-08
2.6155378e-07
1.0874497e-06
3.716299e-06
1.1098965e-05
2.9914614e-05
7.3276667e-05
0.00015762533
0.00028932595
1.417469e-11
1.4745083e-09
1.6103905e-08
8.9110217e-08
3.5356311e-07
1.1512029e-06
3.2903608e-06
8.6108527e-06
2.1477717e-05
5.5573223e-05
0.00014279378
6.4673061e-11
6.769637e-09
7.4754104e-08
4.1916693e-07
1.6835518e-06
5.520227e-06
1.5728161e-05
4.0149836e-05
9.154322e-05
0.00018161108
0.0003131212
6.5222764e-11
6.8273365e-09
7.5403823e-08
4.2300764e-07
1.7007023e-06
5.5872358e-06
1.5972666e-05
4.0987205e-05
9.3968382e-05
0.00018680609
0.00032143775
1.1151569e-11
1.1867384e-09
1.3550195e-08
7.9879194e-08
3.4337539e-07
1.2286198e-06
3.8962521e-06
1.1336311e-05
3.1095926e-05
8.2477212e-05
0.00019946569
1.1619888e-11
1.2359622e-09
1.4096672e-08
8.2959489e-08
3.5584114e-07
1.2703988e-06
4.0242266e-06
1.1734116e-05
3.2449337e-05
8.697049e-05
0.00020988376
1.2074186e-11
1.280933e-09
1.4535962e-08
8.4947136e-08
3.6120857e-07
1.2760146e-06
3.9887845e-06
1.1425225e-05
3.0815567e-05
8.0260644e-05
0.00019277736
5.6026274e-12
6.0191364e-10
7.0188957e-09
4.2747944e-08
1.9194563e-07
7.2473698e-07
2.4486017e-06
7.6684715e-06
2.3081933e-05
6.8026929e-05
0.00017591895
5.9934731e-12
6.4021757e-10
7.380904e-09
4.4253746e-08
1.9521195e-07
7.2482128e-07
2.4201047e-06
7.5704041e-06
2.3291962e-05
6.9592214e-05
0.00018030171
3.1010282e-11
3.2687074e-09
3.658541e-08
2.0927864e-07
8.6384057e-07
2.9355449e-06
8.7485603e-06
2.3698611e-05
5.9391997e-05
0.00013477041
0.00026523298
3.0681718e-11
3.2336031e-09
3.6183488e-08
2.0691648e-07
8.5382215e-07
2.9007239e-06
8.6433881e-06
2.3415112e-05
5.8734725e-05
0.00013371039
0.00026449942
6.0247139e-11
6.3225344e-09
7.0116515e-08
3.9513734e-07
1.5939594e-06
5.2317988e-06
1.4796453e-05
3.6857033e-05
8.0157795e-05
0.00015003435
0.00024406901
6.2168682e-11
6.5403633e-09
7.2918403e-08
4.1468763e-07
1.6984049e-06
5.7169083e-06
1.6846926e-05
4.454229e-05
0.00010227399
0.00019620159
0.00032137091
1.5905668e-05
8.267919e-05
1.5897252e-05
2.2106948e-05
1.602045e-05
9.3937165e-05
1.5963076e-05
1.5954267e-05
1.5843004e-05
1.5783557e-05
0.00011272463
0.0018372925
0.00019015664
1.5870601e-05
1.6035078e-05
1.7884589e-05
1.6016661e-05
0.0013355206
1.5874643e-05
0.0018724048
2.1210327e-05
1.6132441e-05
1.6088344e-05
0.0018415443
0.0012945835
1.5971102e-05
2.8890836e-05
5.3110354e-05
1.6022886e-05
1.5944495e-05
1.6471268e-05
1.6070442e-05
1.5895035e-05
8.2240853e-05
0.0013449324
1.6054543e-05
1.7811167e-05
1.5927264e-05
1.7802846e-05
1.5994114e-05
1.6110923e-05
1.6040236e-05
1.5953647e-05
1.5993969e-05
1.5689624e-05
1.617079e-05
2.8110156e-05
1.6108753e-05
1.7245886e-05
1.6025572e-05
1.6002413e-05
1.5996837e-05
1.5857689e-05
0.0018254024
1.5905547e-05
1.5970694e-05
1.5813238e-05
1.6548723e-05
1.5790808e-05
1.5902184e-05
2.7417012e-05
1.4791221e-05
1.6157893e-05
1.5791813e-05
1.6064439e-05
1.5978553e-05
1.580945e-05
1.7322729e-05
1.5947033e-05
1.5792276e-05
2.2586578e-05
1.6072704e-05
1.6053252e-05
0.00012468862
1.5923064e-05
1.5984833e-05
1.5945683e-05
1.5795083e-05
1.5796525e-05
1.6784373e-05
1.5806059e-05
1.4898299e-05
1.6609395e-05
1.5807497e-05
1.5939613e-05
1.9937497e-05
0.0008437388
0.0017051114
1.6060269e-05
1.5883154e-05
1.6022419e-05
1.5984836e-05
1.6122066e-05
1.6161269e-05
0.00060556009
1.6032815e-05
1.6034945e-05
1.5807051e-05
1.5785209e-05
1.5996962e-05
1.6003288e-05
9.7357992e-05
1.6307869e-05
0.00052756993
0.0021073693
1.6084738e-05
1.5915822e-05
1.6030693e-05
1.9981692e-05
1.5861697e-05
1.5867094e-05
1.6208617e-05
1.4446479e-05
1.5820155e-05
1.6003965e-05
0.0012322613
1.6020474e-05
0.00019682411
1.5996615e-05
1.6567917e-05
1.5505115e-05
0.00030293485
0.00035249551
1.6043617e-05
1.719143e-05
1.6012825e-05
1.5902924e-05
1.6052253e-05
1.6032204e-05
1.5934511e-05
1.651193e-05
1.6036472e-05
0.0020555654
1.5916142e-05
1.5822626e-05
1.5903926e-05
1.6023153e-05
3.1746381e-05
0.0012061521
1.6037721e-05
6.6767993e-05
1.5919105e-05
1.5785478e-05
1.5800291e-05
1.5901672e-05
1.3550594e-05
3.3244995e-05
1.8170311e-05
8.4118307e-05
1.6161749e-05
0.0013988342
1.5910036e-05
1.6074801e-05
1.5914654e-05
1.5999572e-05
0.0011996485
1.5987706e-05
1.5968246e-05
0.00071222934
1.5795705e-05
1.5944458e-05
1.6003476e-05
1.5923037e-05
1.5817231e-05
1.6033674e-05
0.0018392981
1.5937902e-05
1.6309682e-05
1.5303847e-05
1.7022098e-05
1.8384733e-05
1.6352734e-05
1.615449e-05
1.6009818e-05
1.6040374e-05
3.504084e-05
1.5884338e-05
1.9713186e-05
0.0012453854
0.00014380758
1.7851736e-05
0.0001597296
1.6022491e-05
0.00017755237
1.5959267e-05
0.0015426805
1.5967146e-05
1.6021095e-05
0.0018541792
1.6037377e-05
1.717469e-05
1.6360414e-05
1.6377423e-05
2.0717263e-05
0.00099481264
0.0011493476
2.0716397e-05
1.6432378e-05
1.5994698e-05
4.9242439e-05
0.0011465487
7.2540298e-05
3.0331442e-05
0.00087614351
2.7077379e-05
0.00017038577
1.5881081e-05
3.1932806e-05
0.00026186126
0.0012756915
1.6043954e-05
2.2116716e-05
1.5967718e-05
6.6637462e-05
0.0013557247
3.0441846e-05
1.58639e-05
1.5950626e-05
1.5862891e-05
1.6039079e-05
1.6066925e-05
1.5848812e-05
1.5989997e-05
1.5805487e-05
1.6038623e-05
1.6003969e-05
2.9736545e-05
1.5927669e-05
0.00013535897
1.5930702e-05
1.8515813e-05
1.5907044e-05
1.5792469e-05
1.6086594e-05
1.6014751e-05
0.0012071811
1.5932117e-05
1.6040303e-05
1.6989112e-05
1.575873e-05
0.00064441135
1.6162562e-05
9.7251702e-05
1.9148005e-05
3.6137828e-05
2.5931906e-05
1.5805203e-05
1.600467e-05
1.6048243e-05
2.0562876e-05
1.6033006e-05
1.6850507e-05
0.00091188271
1.6852136e-05
1.6023093e-05
0.0018542756
0.0018158475
9.5946262e-05
1.5952397e-05
1.8769937e-05
1.5800105e-05
3.4502052e-05
0.00075996546
0.0015432376
2.7766043e-05
1.5919917e-05
1.5934026e-05
1.604962e-05
1.5921119e-05
0.0018189462
1.5881675e-05
1.6175718e-05
0.0029839211
1.5992527e-05
0.0014027634
1.5946097e-05
2.6064858e-05
1.5479193e-05
1.6187245e-05
1.5798672e-05
1.587922e-05
1.604643e-05
0.00021017517
1.5796058e-05
1.5925932e-05
0.0013231078
1.593498e-05
0.00025904108
0.0018362148
1.5958432e-05
1.5953761e-05
1.9699285e-05
1.6193049e-05
3.1949545e-05
1.6033624e-05
2.771141e-05
1.579896e-05
0.0010574557
1.6039394e-05
0.00023280996
1.5982005e-05
1.5908591e-05
2.3629054e-05
1.600324e-05
0.0013317005
0.00079296184
1.8310762e-05
3.9973084e-05
0.0017866023
0.0011807236
0.00080986983
2.0471432e-05
5.9353781e-05
2.7404105e-05
1.5976447e-05
1.5988496e-05
1.5793937e-05
1.5914163e-05
0.00010893537
0.0012494571
0.0017762044
0.0016135006
1.5914656e-05
1.6063063e-05
1.9965548e-05
0.0013215552
1.6019971e-05
1.628311e-05
1.5822076e-05
1.5797179e-05
1.5900168e-05
1.5424881e-05
1.5474667e-05
1.6035825e-05
2.0947978e-05
1.7103647e-05
1.5860167e-05
2.773386e-05
1.8803016e-05
1.6038641e-05
1.599281e-05
1.6000394e-05
0.00027927033
1.5808382e-05
0.0021054765
2.364657e-05
0.00016198976
0.0018508949
1.5786187e-05
1.6003744e-05
1.6019798e-05
1.5890353e-05
1.5885496e-05
1.5889419e-05
1.6083866e-05
0.0025664298
1.6271884e-05
1.605029e-05
1.5907955e-05
2.3427065e-05
8.2760303e-05
1.5991564e-05
1.6009282e-05
1.5850791e-05
1.5094846e-05
1.5791851e-05
1.5839337e-05
2.5279836e-05
1.5922482e-05
1.582892e-05
1.5877251e-05
1.6040927e-05
1.578725e-05
1.6040133e-05
1.586144e-05
1.7549515e-05
0.0013655611
0.00027786557
0.0013375298
2.9422638e-05
1.5953234e-05
2.3825276e-05
1.8773407e-05
2.2648247e-05
1.6134459e-05
0.0013428681
6.7942271e-05
1.6037255e-05
1.5501532e-05
1.5798124e-05
0.0016727422
1.6099573e-05
1.5536989e-05
1.6029084e-05
1.5880112e-05
1.5971361e-05
0.00025221736
6.5454809e-05
1.600537e-05
2.3921083e-05
1.6004951e-05
1.9613997e-05
1.5967466e-05
2.3415319e-05
1.5932126e-05
1.5791265e-05
1.6004133e-05
1.582271e-05
1.5856593e-05
1.589878e-05
3.2278996e-05
1.5963231e-05
1.6042332e-05
1.6039223e-05
0.0004696079
1.6036202e-05
0.0006770667
0.00030495959
0.0007206863
1.5807193e-05
0.0012130731
1.5787366e-05
1.604564e-05
1.5809837e-05
1.6509458e-05
0.0019717554
1.5896062e-05
1.9108666e-05
1.5807464e-05
2.3069987e-05
1.5942485e-05
1.6120772e-05
2.1904004e-05
1.5919077e-05
2.1585151e-05
1.6479037e-05
1.5931717e-05
1.588906e-05
1.5794525e-05
0.0018710645
1.5807901e-05
1.6285232e-05
1.963055e-05
0.00019649528
1.6028799e-05
1.5943434e-05
1.6028695e-05
0.00013505067
1.594268e-05
1.5887573e-05
0.0016087031
0.0019822212
1.5792773e-05
1.6537296e-05
1.5687e-05
0.00067636142
1.6052809e-05
1.5871412e-05
1.6004234e-05
1.587697e-05
1.5935742e-05
1.5540863e-05
1.5839682e-05
1.5989371e-05
1.6068549e-05
1.59718e-05
1.648356e-05
1.6117301e-05
1.5913062e-05
0.00011983116
0.00020666858
0.0016897736
1.5953466e-05
1.6070253e-05
1.7219146e-05
1.6099372e-05
1.5889102e-05
1.6040238e-05
1.5999939e-05
0.00016776835
1.5800457e-05
1.5797614e-05
1.5985766e-05
1.6839167e-05
1.6002827e-05
1.5783427e-05
0.0027739859
1.6738891e-05
1.5921494e-05
1.5925739e-05
1.4179711e-05
2.4891488e-05
1.5808309e-05
0.0015212602
1.6049991e-05
1.577938e-05
2.5954921e-05
0.0014618756
1.5809736e-05
0.00060886445
1.5800093e-05
1.5806421e-05
1.5796529e-05
1.5935453e-05
0.0001686484
2.6088579e-05
1.5946308e-05
1.6361811e-05
1.5971382e-05
1.6004268e-05
0.00068453018
1.4737116e-05
0.0011725233
0.0018648965
1.6041255e-05
1.5900685e-05
1.5832258e-05
0.00032612863
1.5944318e-05
0.0012167822
1.5974268e-05
1.6027442e-05
1.6030137e-05
1.580302e-05
1.5924014e-05
1.7632515e-05
1.583859e-05
1.5904374e-05
0.00079968018
1.6050844e-05
1.5891989e-05
0.0011559478
1.7325974e-05
2.012333e-05
1.605162e-05
1.9179941e-05
4.4572558e-05
0.0016520567
2.2663034e-05
1.6759796e-05
1.6022685e-05
1.5885452e-05
1.5911468e-05
1.6101932e-05
1.5840669e-05
1.5950723e-05
1.5942589e-05
3.8760049e-05
1.6034815e-05
2.4343899e-05
0.00064849511
1.5903188e-05
1.5823524e-05
0.00029473624
1.6026479e-05
7.2322583e-05
1.5887498e-05
1.6613643e-05
1.5951961e-05
1.6730042e-05
2.5134132e-05
0.00022150014
0.00014316758
1.5793996e-05
1.6068012e-05
2.4344296e-05
1.5910293e-05
1.596449e-05
1.6201515e-05
1.5214429e-05
1.5930236e-05
1.5800323e-05
0.0018256092
0.0013914571
0.00017305426
0.0020536894
1.6033313e-05
1.7078561e-05
1.6049737e-05
1.6095178e-05
1.958521e-05
1.6002024e-05
1.5911245e-05
0.0016649718
1.6017879e-05
1.6093877e-05
1.5865519e-05
0.0011204831
0.0018911592
1.6037275e-05
1.5798079e-05
1.6322555e-05
1.6049738e-05
1.6110234e-05
1.5845245e-05
1.5864057e-05
1.6328689e-05
8.7381087e-05
3.1925109e-05
1.6032976e-05
1.5940393e-05
1.6020937e-05
1.595398e-05
0.0021236357
1.6760139e-05
1.60841e-05
0.0016431881
1.5862744e-05
0.0011886149
1.6039455e-05
1.6006348e-05
2.6856169e-05
1.5803061e-05
1.5845225e-05
1.4947537e-05
8.301793e-05
2.2545224e-05
0.00080507204
2.0786887e-05
0.00015288389
1.7568043e-05
1.5894697e-05
1.6167399e-05
1.9175519e-05
0.0014550154
1.5843215e-05
1.5804645e-05
1.5848106e-05
1.578742e-05
8.2930824e-05
1.5999915e-05
1.622702e-05
1.6003472e-05
0.0012814548
0.001343798
1.6036225e-05
1.5798337e-05
1.596237e-05
1.584424e-05
6.2936885e-05
1.6020622e-05
1.9863178e-05
1.6006535e-05
1.5786661e-05
1.5869528e-05
2.0727081e-05
1.7074956e-05
1.6157886e-05
2.102757e-05
1.6882632e-05
1.6050985e-05
1.5991956e-05
1.59638e-05
2.1042924e-05
1.6034913e-05
1.5795892e-05
1.5797934e-05
1.8273328e-05
1.6030835e-05
5.8585942e-05
2.2798986e-05
1.5957498e-05
1.5871068e-05
1.5990497e-05
1.6006964e-05
2.4910956e-05
1.5975872e-05
1.5863824e-05
1.5984655e-05
1.6035212e-05
1.6012488e-05
1.6020124e-05
2.6191118e-05
1.5958928e-05
0.00060597246
1.5806995e-05
1.5926054e-05
0.00062046682
1.587289e-05
1.602868e-05
0.00050557224
0.00076050606
1.593355e-05
1.5994472e-05
1.5909747e-05
1.9160853e-05
0.00091548949
2.0186173e-05
1.5927601e-05
2.3941302e-05
1.5994336e-05
1.5995271e-05
1.6023646e-05
8.0592414e-05
1.9113379e-05
2.1211824e-05
0.00034590242
1.5793532e-05
0.0016226671
1.579081e-05
0.00092602787
1.6016913e-05
1.5895732e-05
0.00039055186
1.5904513e-05
0.00012501765
1.6018602e-05
0.0014530489
2.4777688e-05
1.5957054e-05
2.5155811e-05
1.5798227e-05
0.00064809789
1.6065198e-05
0.0011726124
3.4565322e-05
1.6258577e-05
1.7117488e-05
1.5930429e-05
0.0010878048
1.6992219e-05
1.579371e-05
1.5828036e-05
1.6016523e-05
1.5883685e-05
1.5933212e-05
0.00016622373
1.5984182e-05
1.6095832e-05
1.5994964e-05
0.0015838222
1.5905631e-05
1.5829706e-05
1.6086369e-05
0.0015667499
0.00082122976
1.579234e-05
1.6010579e-05
0.00022494121
1.5920696e-05
1.5955178e-05
3.848548e-05
1.6061994e-05
0.0014318356
1.595182e-05
1.5807499e-05
1.5889961e-05
1.596232e-05
1.5991276e-05
1.600994e-05
0.0010790982
1.6087732e-05
1.6001656e-05
0.00035528855
1.5800355e-05
1.5906647e-05
1.5795187e-05
0.001406852
1.6057427e-05
0.00010678911
1.5921158e-05
0.001900453
1.6157792e-05
1.5903079e-05
0.00032439328
1.5832758e-05
1.5795091e-05
1.6030596e-05
4.7737384e-05
1.580033e-05
0.00040128267
1.7006231e-05
1.5987166e-05
1.6042888e-05
1.5888018e-05
0.0018203992
1.679677e-05
1.5804198e-05
0.00054718182
1.6149318e-05
1.5844647e-05
1.6017033e-05
1.6048217e-05
1.6264078e-05
1.5819553e-05
1.590603e-05
1.579601e-05
1.5934e-05
0.0012642556
1.5121677e-05
1.6545911e-05
1.6048677e-05
1.5991286e-05
2.1360945e-05
1.6111461e-05
1.5945128e-05
2.2583337e-05
1.5786608e-05
1.6322187e-05
2.7247727e-05
0.00085052677
0.00024203524
1.6022215e-05
0.0015063013
0.00079929696
1.5796343e-05
1.5993588e-05
6.740001e-05
1.5890006e-05
1.5801365e-05
2.196259e-05
3.504117e-05
1.725065e-05
1.5804597e-05
0.001549237
1.6041851e-05
1.5930718e-05
2.68888e-05
1.591676e-05
1.6032527e-05
1.6037872e-05
1.5827812e-05
1.5793976e-05
4.025862e-05
1.6559991e-05
1.5924527e-05
1.5799371e-05
1.6033355e-05
1.7591505e-05
1.582034e-05
0.00055778261
1.5796237e-05
1.6497189e-05
2.0388246e-05
1.5894474e-05
1.6006826e-05
1.3883601e-05
1.5962437e-05
0.0013516043
1.5948664e-05
1.5800629e-05
2.436655e-05
1.5799765e-05
1.592068e-05
1.6065576e-05
1.5799873e-05
1.587117e-05
1.5811658e-05
0.00051868804
0.00054598366
2.3439157e-05
1.8856897e-05
0.00019714456
0.0015156737
1.5844185e-05
1.5787789e-05
0.0006038666
2.0417936e-05
1.5817444e-05
1.5788653e-05
1.6003092e-05
1.5990307e-05
0.00060526054
1.5786564e-05
1.6033609e-05
0.00010692015
0.00039422377
1.6025411e-05
1.585832e-05
2.0462313e-05
1.5345768e-05
0.0001704173
1.5981486e-05
1.8548624e-05
1.8608661e-05
0.00014410301
1.5944002e-05
1.598566e-05
1.5972631e-05
1.5806833e-05
0.0012003126
0.0007594159
1.6082428e-05
1.5984257e-05
1.6473337e-05
1.6472341e-05
1.6001296e-05
0.00010723506
1.917978e-05
2.0238458e-05
1.5994759e-05
1.579681e-05
1.6023335e-05
2.0746848e-05
1.5957749e-05
1.5945729e-05
0.0013422433
1.5809868e-05
2.0154224e-05
1.5842026e-05
4.7613548e-05
1.5986935e-05
1.5902535e-05
1.5897233e-05
2.1638366e-05
0.0017704709
1.8389125e-05
1.5790991e-05
2.4291848e-05
0.0029151766
1.9531808e-05
0.0011424837
1.5804763e-05
4.7277651e-05
0.00072011308
1.5787013e-05
1.5803472e-05
1.5908086e-05
1.6045418e-05
1.6176853e-05
1.5916244e-05
0.0016792438
1.6553722e-05
1.6053909e-05
1.5852973e-05
1.6086532e-05
1.6039485e-05
1.5978379e-05
1.5919267e-05
0.0020071992
0.0015833448
1.6269414e-05
1.5998635e-05
1.6120575e-05
1.6030767e-05
1.6495374e-05
1.5963121e-05
1.5908705e-05
3.8262361e-05
1.6025963e-05
1.6333095e-05
0.00020184663
1.5989043e-05
1.5990084e-05
0.00015925786
1.6028997e-05
0.00074845064
1.604656e-05
1.7554025e-05
1.5793798e-05
1.5984352e-05
3.1587975e-05
1.8740521e-05
1.6272208e-05
1.5857909e-05
1.5901783e-05
0.00012524967
1.579821e-05
1.5474003e-05
0.0012460455
3.2650476e-05
1.5790334e-05
0.001255952
1.9874788e-05
0.00089184966
1.5830692e-05
1.6570162e-05
1.8646624e-05
1.6006253e-05
1.7465161e-05
1.6137694e-05
0.000209179
1.5799791e-05
1.6001343e-05
1.8824034e-05
1.671236e-05
1.6479713e-05
0.0013599593
1.8228779e-05
1.8550839e-05
1.5821781e-05
0.00016138998
1.5885082e-05
0.0019815761
1.5758301e-05
1.6022189e-05
1.5981783e-05
0.00025345456
1.5965751e-05
2.6098067e-05
1.6001762e-05
1.5901751e-05
2.0732503e-05
0.0019977491
1.5865044e-05
1.5995774e-05
1.6075883e-05
1.9867291e-05
1.5809086e-05
1.6005458e-05
1.5784696e-05
0.0013517841
1.5947682e-05
1.5785055e-05
1.5888995e-05
0.001522716
1.5861736e-05
1.6877396e-05
0.0010376625
2.2392299e-05
1.6375289e-05
1.6036339e-05
1.6761395e-05
1.5867597e-05
2.6321905e-05
1.5937913e-05
1.601534e-05
1.6518847e-05
1.6015607e-05
2.0817716e-05
1.5979241e-05
0.0015554627
1.5886973e-05
1.6371257e-05
0.0015467763
6.7289974e-05
0.0001097785
1.6007916e-05
0.00022446731
0.0011962732
1.5987043e-05
2.0292452e-05
1.5964037e-05
2.0957145e-05
2.6037771e-05
1.5792499e-05
2.4572683e-05
0.00056943006
1.5938701e-05
1.5962957e-05
1.5795711e-05
1.5862349e-05
1.5881233e-05
0.0016527537
1.5894188e-05
1.5848099e-05
0.0012169916
0.0012456071
0.0011567012
1.6005761e-05
1.5954808e-05
1.605092e-05
1.621597e-05
1.5983997e-05
1.6022523e-05
1.5805936e-05
1.5858071e-05
1.6053124e-05
1.5591178e-05
1.6331962e-05
1.5794646e-05
1.5897387e-05
1.623748e-05
1.5963366e-05
1.5937956e-05
1.5795121e-05
1.6994545e-05
1.6677521e-05
1.5939849e-05
1.5871812e-05
1.5968066e-05
2.2944077e-05
1.6050703e-05
1.6089534e-05
5.631421e-05
8.7181595e-05
1.597871e-05
1.6039391e-05
2.0921312e-05
1.593474e-05
1.5998167e-05
1.5785701e-05
1.5886066e-05
1.5788955e-05
2.1088943e-05
0.00010416329
1.5814434e-05
1.6692955e-05
0.001249757
1.5889499e-05
1.5853135e-05
1.5943985e-05
1.5821097e-05
7.5159696e-05
1.5795599e-05
1.588717e-05
1.580532e-05
1.5899757e-05
1.5794018e-05
0.00045933187
1.5897246e-05
1.5783638e-05
1.6021874e-05
1.9583507e-05
1.597539e-05
1.6753203e-05
0.00013328547
1.6597482e-05
1.7723972e-05
1.6001226e-05
1.609274e-05
1.5841016e-05
1.7763153e-05
1.5840166e-05
1.6039469e-05
0.0030085537
1.5935532e-05
1.5804191e-05
1.6271789e-05
1.6284544e-05
2.6567989e-05
1.5788734e-05
1.5915735e-05
1.6577793e-05
1.603093e-05
1.5813927e-05
1.578406e-05
1.5583179e-05
1.621213e-05
1.5963413e-05
1.5895039e-05
0.00064317111
1.6490166e-05
1.6019459e-05
1.6083468e-05
1.5800238e-05
1.6006671e-05
1.5988349e-05
0.00064961215
1.9101111e-05
1.5963908e-05
1.688166e-05
5.8756099e-05
1.5979886e-05
1.5867346e-05
0.00078358141
1.5941229e-05
1.6111379e-05
6.8029675e-05
2.9089986e-05
1.5805598e-05
1.5791571e-05
1.5830172e-05
0.0018795556
1.622057e-05
2.7812299e-05
1.6056614e-05
1.6035822e-05
1.5864881e-05
1.5800439e-05
1.602297e-05
1.6054049e-05
1.5999995e-05
0.00085168592
0.0027851566
1.6028377e-05
1.6015634e-05
1.5920827e-05
1.6022272e-05
0.0019793722
1.6023266e-05
2.1776859e-05
1.6521804e-05
1.5832266e-05
1.5793184e-05
3.4000636e-05
1.5958349e-05
1.594265e-05
1.6311406e-05
6.0670005e-05
1.605322e-05
0.0002061892
1.7783448e-05
0.00085052349
1.5957678e-05
1.6810178e-05
1.5853644e-05
1.5806178e-05
0.0016275857
1.6160665e-05
1.5866732e-05
1.5925235e-05
1.5859812e-05
3.0859507e-05
0.001530188
1.651829e-05
1.6154122e-05
1.6712128e-05
1.585863e-05
1.5812362e-05
0.00093020109
1.5995886e-05
1.8058903e-05
1.5915884e-05
1.5791478e-05
0.0015525991
0.0018059755
1.5985393e-05
1.579534e-05
2.0794955e-05
2.8049477e-05
2.0677959e-05
1.5794665e-05
1.6032201e-05
1.5987152e-05
2.3673749e-05
2.2069004e-05
0.00088539479
0.0001441948
0.0010521727
1.6313469e-05
2.8032825e-05
1.6310079e-05
1.6046832e-05
0.00035946885
1.6083309e-05
1.5979297e-05
1.600074e-05
1.5790534e-05
0.00061992451
1.5562872e-05
1.7346263e-05
1.6004213e-05
1.8914024e-05
2.013746e-05
1.5786794e-05
1.5896146e-05
2.0313063e-05
1.5950149e-05
1.5882688e-05
1.5916399e-05
1.5884333e-05
0.0018240631
1.983727e-05
1.6430292e-05
6.3101354e-05
1.8063546e-05
2.7702456e-05
1.5966312e-05
0.0027133053
0.00088761901
0.0017727818
0.0010751271
0.00081875924
0.00016383756
1.551611e-05
1.5488241e-05
1.6063994e-05
1.5938556e-05
1.6361019e-05
1.5962514e-05
1.5817654e-05
2.0738037e-05
1.5801603e-05
1.5955523e-05
1.6510628e-05
1.5970306e-05
1.578971e-05
1.5827508e-05
2.6489189e-05
2.9074886e-05
1.5789207e-05
1.6032267e-05
1.6017482e-05
1.6248109e-05
3.1380783e-05
3.0926518e-05
2.5842847e-05
1.5799696e-05
2.0129241e-05
1.6042522e-05
2.8884452e-05
0.00057910885
0.00081818916
1.5991541e-05
1.6147108e-05
1.6016916e-05
3.5502471e-05
1.6017238e-05
1.7764262e-05
1.6010856e-05
1.6057122e-05
1.8262984e-05
1.6142761e-05
5.4489814e-05
1.6312223e-05
3.1745901e-05
3.6656732e-05
1.6023015e-05
1.5801634e-05
1.5829593e-05
1.7633105e-05
1.6051881e-05
1.6066757e-05
0.0005175776
1.6038571e-05
1.7020131e-05
1.6019762e-05
1.5925969e-05
1.5801359e-05
1.5791877e-05
0.0016132011
1.8919397e-05
1.5993262e-05
1.6006804e-05
0.00088802028
0.00045908961
1.579574e-05
1.5936356e-05
1.8349612e-05
1.5822552e-05
1.5897908e-05
1.5538511e-05
2.4415571e-05
1.6005082e-05
1.6029447e-05
1.5790917e-05
1.5887703e-05
4.8098955e-05
1.6603317e-05
1.6033902e-05
4.7019616e-05
1.5852945e-05
1.5903932e-05
1.8347586e-05
7.8655783e-05
1.6128645e-05
1.6210824e-05
0.00014900202
1.5811111e-05
0.0018683827
0.00057797862
1.5933018e-05
1.5957596e-05
1.5987751e-05
1.5836397e-05
5.5997168e-05
0.0015725375
1.8062989e-05
0.00010437528
1.5826655e-05
1.5889001e-05
1.5823487e-05
3.995646e-05
1.5846003e-05
0.00077152418
1.5981514e-05
0.0017192907
2.03285e-05
1.6125488e-05
0.00017233813
1.5977049e-05
1.5982898e-05
1.6710897e-05
1.6029401e-05
1.6838418e-05
1.5893851e-05
1.5932785e-05
2.8004734e-05
1.5806946e-05
2.015197e-05
1.6138762e-05
1.6103293e-05
3.3203135e-05
1.6014194e-05
1.6028874e-05
1.5786597e-05
1.60151e-05
1.5900368e-05
2.5822546e-05
1.6102066e-05
1.5979489e-05
1.5828513e-05
1.6003755e-05
1.6684047e-05
1.5995988e-05
1.9520643e-05
1.5794575e-05
1.8516207e-05
0.00082409888
1.6080629e-05
1.5790675e-05
1.579485e-05
4.4268954e-05
1.6009123e-05
1.5881273e-05
1.6044812e-05
1.578522e-05
0.0015705387
1.6005889e-05
5.452185e-05
1.6150459e-05
1.5912234e-05
2.085761e-05
1.5970217e-05
1.7428588e-05
7.6718263e-05
1.5821505e-05
1.6021483e-05
1.6036287e-05
1.5869387e-05
1.6089999e-05
1.579524e-05
1.605479e-05
0.00062510477
0.001622537
1.569198e-05
0.00056389487
1.6247607e-05
1.611731e-05
0.0014555974
1.580613e-05
1.6033814e-05
1.6040501e-05
0.00014924969
1.5993081e-05
0.00032634219
1.5968664e-05
1.9476821e-05
0.00026377226
0.00050429889
1.6046165e-05
1.4680724e-05
2.4732064e-05
0.00035851845
1.5833682e-05
0.0014228751
0.00077975547
0.00010354248
1.5799915e-05
1.5990659e-05
1.5930935e-05
0.00046814222
1.584649e-05
1.5864676e-05
0.00017713724
1.6012245e-05
1.6153391e-05
1.6036582e-05
1.6020859e-05
0.0020282901
1.5787469e-05
0.0011948232
1.589579e-05
6.2631844e-05
1.6246415e-05
1.5817813e-05
1.6015157e-05
1.6176606e-05
1.6037665e-05
1.5852429e-05
1.5985469e-05
1.5903026e-05
1.5801739e-05
1.5961485e-05
0.0020023831
1.6175756e-05
2.3530255e-05
1.592811e-05
1.5794037e-05
0.001790467
1.799163e-05
1.5946492e-05
1.5879116e-05
1.5815369e-05
1.5885803e-05
1.604666e-05
1.5793253e-05
1.5989274e-05
1.5798925e-05
1.601352e-05
1.5975996e-05
1.6009927e-05
1.5928172e-05
1.5915409e-05
1.5950842e-05
1.6008371e-05
1.5983678e-05
0.0013114122
1.63431e-05
0.0017264904
1.6002171e-05
0.00086231389
2.4760499e-05
1.6001954e-05
2.6073772e-05
0.0015253269
1.6004575e-05
6.3587802e-05
1.5989483e-05
0.00049979146
3.1007169e-05
1.6042452e-05
1.582059e-05
1.5933725e-05
1.6013837e-05
1.5884516e-05
1.6001216e-05
1.5827966e-05
0.002488824
1.6035147e-05
0.001607307
2.2173978e-05
1.578416e-05
1.5783953e-05
7.4690904e-05
1.669292e-05
1.6002001e-05
5.7272242e-05
1.6035231e-05
1.6031408e-05
0.00020628645
4.0671737e-05
0.00016065033
1.5846644e-05
0.0017195061
1.5822264e-05
1.6018468e-05
1.6038159e-05
2.1688908e-05
1.5875399e-05
1.5806781e-05
2.8569612e-05
1.6239594e-05
1.5840986e-05
2.7171288e-05
1.6095663e-05
1.6071814e-05
1.6037028e-05
1.5839871e-05
7.9007366e-05
1.5959208e-05
1.5795645e-05
1.5972516e-05
1.5787394e-05
1.8001474e-05
8.7030472e-05
1.601506e-05
1.5867889e-05
1.6032567e-05
1.580697e-05
0.00073112446
1.6003651e-05
1.605651e-05
1.6014231e-05
1.5898985e-05
1.6057575e-05
1.6007838e-05
1.5882723e-05
1.6034324e-05
1.579291e-05
1.5794878e-05
0.00035497372
1.780446e-05
1.6024422e-05
2.191638e-05
2.3161494e-05
1.5895792e-05
1.5791085e-05
1.5830824e-05
1.5845411e-05
1.5909839e-05
1.585019e-05
0.0004871319
5.9070367e-05
1.5825095e-05
4.0337073e-05
1.5836324e-05
1.5960205e-05
0.0012923389
0.0012610032
1.595141e-05
1.6023894e-05
7.4226195e-05
1.5842364e-05
1.6027701e-05
1.6050697e-05
2.0398141e-05
2.4098989e-05
0.00030230599
1.5813073e-05
0.0015614773
0.0021161387
1.6002594e-05
1.5787808e-05
1.6031922e-05
2.629116e-05
0.0015994991
1.5878951e-05
1.6155694e-05
3.2257296e-05
1.5820095e-05
1.6046622e-05
1.5793153e-05
1.5862064e-05
1.5927381e-05
1.8614414e-05
1.5840758e-05
0.001003221
1.5979074e-05
1.6988347e-05
2.0566015e-05
1.6641705e-05
1.5904461e-05
0.0017045956
1.6011535e-05
0.00019463913
1.5801361e-05
1.602172e-05
2.4429718e-05
1.579981e-05
1.6129509e-05
0.00085008474
1.5795673e-05
1.5811091e-05
0.0010644176
2.1173131e-05
2.190099e-05
1.5794703e-05
1.5906245e-05
1.6025114e-05
1.5989452e-05
1.6029013e-05
1.5991155e-05
0.0013619762
1.5795475e-05
2.0192248e-05
1.5946607e-05
1.6043324e-05
0.0010824388
1.5955424e-05
1.5795585e-05
1.7221907e-05
1.5833413e-05
1.5806099e-05
2.0836021e-05
0.00042501069
1.579861e-05
4.5065562e-05
3.8966822e-05
0.001273027
1.729653e-05
1.5787548e-05
1.5887177e-05
0.0018117118
1.5896911e-05
1.5845702e-05
1.5874007e-05
1.5952023e-05
0.0017727676
1.6020531e-05
1.6029478e-05
0.0013244745
2.2357952e-05
0.0016055338
1.5942561e-05
1.5853311e-05
1.5867559e-05
1.9996024e-05
1.6032981e-05
1.5921351e-05
1.6012201e-05
0.0018037819
1.5802693e-05
1.5788078e-05
0.0015434978
1.6015641e-05
1.6189247e-05
1.5961693e-05
1.5789582e-05
0.00030033925
1.598241e-05
1.5800047e-05
1.6035145e-05
1.5808198e-05
1.5791296e-05
1.5900956e-05
0.0014183657
0.0018940412
1.5791016e-05
1.5829608e-05
2.0919523e-05
1.6019378e-05
0.0018963075
1.5856746e-05
1.608521e-05
0.0018581668
1.6028475e-05
1.5905813e-05
1.5890617e-05
1.6008283e-05
1.6377921e-05
1.5841797e-05
2.4907736e-05
1.588927e-05
1.5962618e-05
1.56611e-05
1.5854197e-05
1.6700281e-05
1.5795444e-05
2.0858677e-05
1.9585975e-05
1.7109746e-05
1.6020311e-05
1.5826299e-05
1.5995124e-05
0.002008421
1.6132233e-05
1.584703e-05
1.7002047e-05
0.0011129637
1.893678e-05
3.4216861e-05
1.5874071e-05
2.0551484e-05
0.0017625975
2.2688125e-05
1.61605e-05
1.6012498e-05
1.7634058e-05
1.5953336e-05
1.5841526e-05
1.5922793e-05
0.0018579841
1.5786807e-05
1.6041396e-05
1.6733921e-05
1.6092177e-05
0.00093652565
1.6054638e-05
2.7694673e-05
1.6118175e-05
1.6109541e-05
0.00068928875
1.5955223e-05
1.6026115e-05
1.6033522e-05
0.0013769492
0.0007258081
1.5929747e-05
1.5869921e-05
1.5883523e-05
1.5903633e-05
1.5845081e-05
1.5944706e-05
1.8366412e-05
1.6033575e-05
1.6314279e-05
1.578364e-05
1.597479e-05
1.5945182e-05
2.0376367e-05
0.0015292443
1.6474091e-05
1.5958225e-05
2.1694736e-05
1.5845843e-05
1.6161972e-05
1.6030561e-05
1.5953516e-05
0.0018953159
1.5943213e-05
5.5297585e-05
9.6053263e-05
1.5993516e-05
1.5817559e-05
1.5807755e-05
6.3060054e-05
1.5803297e-05
1.6046646e-05
4.9286467e-05
1.5860481e-05
2.5134311e-05
1.9427477e-05
1.5979467e-05
2.5259346e-05
1.6050306e-05
1.5818212e-05
1.5997395e-05
1.5809196e-05
0.00016432328
1.593532e-05
1.6048305e-05
6.2627145e-05
0.00064749833
1.5971541e-05
1.5989572e-05
1.6022714e-05
1.5786069e-05
1.5807768e-05
1.5849116e-05
1.6086706e-05
1.6570776e-05
1.5802465e-05
1.6004505e-05
2.0675241e-05
1.5956504e-05
1.5790413e-05
6.3081536e-05
1.5793821e-05
1.7677552e-05
1.5808602e-05
0.00064773923
1.599729e-05
2.0159258e-05
0.0001072996
1.5995942e-05
1.6148577e-05
2.6185964e-05
1.6035421e-05
1.6201391e-05
2.3807973e-05
4.1925044e-05
1.5984357e-05
1.6465979e-05
0.0012579898
1.5795166e-05
1.6039057e-05
1.7458364e-05
1.5784156e-05
0.00058301412
7.4058655e-05
1.5937476e-05
1.6661509e-05
2.9560585e-05
2.3356542e-05
1.6045339e-05
0.0012910617
1.6002999e-05
1.5327066e-05
1.5801664e-05
1.6137943e-05
1.5679584e-05
0.00057292366
1.5784708e-05
1.650392e-05
1.5950025e-05
1.6050756e-05
1.6105628e-05
1.5786589e-05
1.6752043e-05
1.5986749e-05
1.5793071e-05
4.439375e-05
0.0016048159
0.0019053793
1.579454e-05
0.0011107822
0.0013203744
1.5874423e-05
1.606944e-05
1.5875309e-05
0.002275245
1.7411384e-05
1.1623965e-05
1.6003751e-05
0.0018662922
1.5975893e-05
1.5983279e-05
1.5786797e-05
1.5837098e-05
1.931144e-05
1.5877717e-05
0.0029108871
0.0018798346
2.7267912e-05
1.6050914e-05
1.6097102e-05
1.5792356e-05
1.5786951e-05
0.0029003344
0.00042640939
1.6081128e-05
1.8300294e-05
1.6453019e-05
2.0312567e-05
1.5788172e-05
1.5795917e-05
1.5799191e-05
1.6050269e-05
0.0013442195
1.5891562e-05
1.6027479e-05
1.5792171e-05
1.614585e-05
1.6039586e-05
1.5998291e-05
1.5787102e-05
0.0018009562
0.00011966785
1.579279e-05
1.5786516e-05
0.00016062817
1.591946e-05
1.6034755e-05
1.5960903e-05
3.728002e-05
1.5784238e-05
1.5895655e-05
2.5168853e-05
0.0016889121
1.5800695e-05
1.5981625e-05
1.5859914e-05
1.579638e-05
1.5944859e-05
1.6023659e-05
1.6031828e-05
1.6013659e-05
1.6031344e-05
1.5977959e-05
1.5939018e-05
2.2792128e-05
1.5951465e-05
1.5788792e-05
1.5609424e-05
1.582528e-05
1.6338796e-05
5.6282568e-05
1.6004705e-05
1.6026784e-05
9.5775579e-05
1.5974728e-05
1.5802215e-05
1.5956991e-05
1.6038631e-05
1.5860056e-05
1.6027093e-05
1.5792712e-05
0.00030384684
1.8967365e-05
1.6059779e-05
0.00012579425
1.6030874e-05
1.6010507e-05
1.5910904e-05
1.5920857e-05
1.5789692e-05
1.6013307e-05
0.0012767737
1.5794015e-05
1.5947948e-05
1.5981592e-05
1.685322e-05
1.5856102e-05
1.5801525e-05
1.8385833e-05
1.6019736e-05
0.0019093896
1.6013845e-05
1.5955867e-05
1.5819654e-05
1.6030883e-05
0.00015311278
3.2281617e-05
1.5920797e-05
1.5795499e-05
1.5783932e-05
1.6031541e-05
0.0018236861
1.6761303e-05
1.5874959e-05
1.6019333e-05
1.6364512e-05
1.5795969e-05
1.5968477e-05
0.0017492071
1.685431e-05
1.7459313e-05
1.5957991e-05
1.5792498e-05
1.5801839e-05
0.0018747782
1.6622119e-05
0.0021297341
0.0021250094
1.6878803e-05
1.5923493e-05
1.5798755e-05
1.5983331e-05
1.6034094e-05
1.5796398e-05
2.6804794e-05
1.5976763e-05
1.5790919e-05
1.5874236e-05
1.5851781e-05
1.6606237e-05
1.6047394e-05
1.6041251e-05
1.5845739e-05
0.0016720125
1.5801454e-05
1.642584e-05
1.5956745e-05
2.8806498e-05
1.5949661e-05
1.6438889e-05
1.5827646e-05
5.3647936e-05
0.00079759562
1.53472e-05
1.579098e-05
1.5794296e-05
0.0013049963
1.6011843e-05
1.6272329e-05
1.596122e-05
1.5856201e-05
1.581391e-05
1.8693732e-05
3.6325008e-05
1.6724174e-05
9.1955402e-05
6.6748864e-05
1.5889717e-05
1.5950098e-05
1.6212625e-05
1.5980493e-05
0.0013592286
2.3768739e-05
1.5665223e-05
1.6271083e-05
1.5926848e-05
1.6041731e-05
1.9517219e-05
1.6009201e-05
0.0013403433
0.00014182798
1.6019559e-05
1.5951143e-05
1.5999232e-05
2.4567026e-05
0.00046430814
1.6034999e-05
1.6001536e-05
1.5991809e-05
8.4285719e-05
3.4159868e-05
0.0017422654
1.9143262e-05
1.5994745e-05
1.5996698e-05
1.6023392e-05
0.00016331577
1.5989637e-05
1.6025464e-05
1.578581e-05
2.2258299e-05
1.608583e-05
1.5883018e-05
0.00018071
4.3391891e-05
3.2647049e-05
1.6054596e-05
2.3376581e-05
1.5808714e-05
1.507581e-05
1.578824e-05
1.7929477e-05
1.5792263e-05
1.5932284e-05
0.00010758751
1.5871323e-05
2.5606883e-05
1.6001873e-05
1.58754e-05
1.5794678e-05
1.5879693e-05
1.9007757e-05
1.6309687e-05
1.6001971e-05
1.5861747e-05
2.5110461e-05
0.00012103475
1.5899219e-05
1.57884e-05
1.5937904e-05
1.5138746e-05
1.5876612e-05
1.6030205e-05
2.9066305e-05
1.5985602e-05
1.6019521e-05
9.8227749e-05
1.6017266e-05
6.2321464e-05
1.5796189e-05
1.6046926e-05
1.9973311e-05
3.6599986e-05
0.0015122296
1.6036836e-05
1.6625333e-05
1.6044493e-05
1.6012452e-05
1.5982819e-05
1.591751e-05
1.6109399e-05
1.6011382e-05
1.6014286e-05
1.5987262e-05
1.5990571e-05
1.7552761e-05
1.5821199e-05
0.0015474953
1.5998499e-05
1.5735847e-05
8.1003546e-05
1.603796e-05
2.7125866e-05
2.4238294e-05
1.5783495e-05
1.6065396e-05
0.00049003421
1.6154603e-05
1.5890271e-05
1.6033601e-05
1.5844805e-05
0.00011418686
0.0014355599
0.0014452937
0.0013652245
1.57879e-05
1.5800979e-05
0.0019094682
1.5655064e-05
0.0004357128
1.6023647e-05
1.5807828e-05
1.6034761e-05
1.5906043e-05
0.0014753839
1.5879054e-05
1.6260994e-05
1.692933e-05
1.6096154e-05
1.5857128e-05
1.6026477e-05
1.59046e-05
1.608557e-05
1.6085733e-05
1.590295e-05
0.0014254678
1.6002954e-05
1.5800057e-05
1.5971514e-05
1.5987931e-05
2.0651416e-05
1.58508e-05
1.6994972e-05
1.5978238e-05
0.00089210262
6.6344031e-05
0.0018756203
0.0010137974
1.6289537e-05
0.0003601837
1.5740926e-05
1.5826683e-05
1.6151629e-05
1.5791316e-05
1.591794e-05
1.6008687e-05
2.1914562e-05
1.9621435e-05
1.6015947e-05
2.445591e-05
1.7093941e-05
1.6356597e-05
1.5869897e-05
1.5805649e-05
2.124126e-05
1.6034406e-05
1.603636e-05
1.579514e-05
0.00058850479
1.6040751e-05
1.6423253e-05
1.6004012e-05
4.3478505e-05
1.6026048e-05
1.5997509e-05
1.5802259e-05
2.0292525e-05
1.5909285e-05
0.0015926166
1.6019495e-05
1.6035171e-05
0.0013260938
1.74668e-05
1.6219059e-05
1.6011132e-05
1.5869775e-05
1.5887539e-05
1.6009199e-05
1.6042196e-05
1.5795487e-05
1.6055216e-05
1.7689238e-05
1.5985886e-05
1.8099265e-05
1.6565954e-05
1.5814285e-05
2.2559993e-05
0.00082366847
9.5342097e-05
1.5994918e-05
1.8298996e-05
1.605844e-05
1.5634666e-05
1.6311149e-05
2.9061021e-05
0.0017172735
0.00057185021
1.5714828e-05
1.6040253e-05
0.00089416638
0.00043017675
1.5339921e-05
1.864412e-05
3.4346752e-05
1.5801364e-05
1.5990757e-05
1.6220554e-05
8.7329621e-05
1.5800461e-05
1.6209018e-05
0.0014552439
1.6554767e-05
1.8189413e-05
1.6051674e-05
1.3811981e-05
0.0019142046
1.6020271e-05
1.6033421e-05
9.8085383e-05
1.6038556e-05
1.587309e-05
1.6004023e-05
1.6030055e-05
0.00078983463
1.596964e-05
1.6002943e-05
1.6006077e-05
1.6051709e-05
0.000900399
5.5623434e-05
3.6151997e-05
1.5900721e-05
1.6040431e-05
1.5797027e-05
1.8386881e-05
1.602186e-05
1.6004109e-05
1.6041397e-05
1.5983465e-05
1.8882877e-05
1.6036628e-05
1.6096964e-05
1.603764e-05
4.7246945e-05
1.8583533e-05
1.5981225e-05
1.7194267e-05
1.5976518e-05
1.742062e-05
1.5960115e-05
1.5943175e-05
0.001882316
1.6004598e-05
1.6022251e-05
0.0012950447
1.5820181e-05
1.8595459e-05
1.5920716e-05
3.1786766e-05
1.6041259e-05
1.7368437e-05
1.7315758e-05
1.5798324e-05
0.0015739108
0.0020386496
0.0013943524
1.7077869e-05
1.9946649e-05
7.93128e-05
1.5685022e-05
1.5998023e-05
1.5965144e-05
1.5998329e-05
1.9127682e-05
1.6057627e-05
1.5992821e-05
0.001136706
2.4367608e-05
1.5900962e-05
6.0189228e-05
1.5790436e-05
1.599807e-05
1.5971726e-05
1.5902499e-05
0.0018852417
1.5794917e-05
1.5855667e-05
1.5912145e-05
1.6158018e-05
0.0013325737
1.6042735e-05
0.00032561787
7.7400633e-05
1.5686069e-05
1.6025247e-05
0.00012010044
1.4940531e-05
1.8114517e-05
1.5970571e-05
0.00067603575
0.0016128226
3.6418112e-05
0.0019182924
1.5909196e-05
1.9012432e-05
0.00052875146
0.0017547087
2.5283395e-05
1.5997009e-05
2.1991378e-05
1.5838431e-05
1.5789733e-05
1.6041982e-05
0.0010575171
1.9842028e-05
0.0006266914
0.0019102015
3.7525002e-05
0.0011502453
1.653346e-05
1.5825374e-05
5.1030505e-05
0.0007321281
1.6018104e-05
1.6814998e-05
1.7676145e-05
1.5885635e-05
1.6036163e-05
1.4733464e-05
1.5964574e-05
1.6121217e-05
1.5246157e-05
1.5893733e-05
1.5787209e-05
1.539383e-05
1.5933009e-05
4.9683996e-05
1.5865819e-05
1.5993316e-05
0.00099145943
1.6177594e-05
0.0021541136
2.8794973e-05
1.5787045e-05
1.6056173e-05
0.00010919404
0.0018884917
7.447124e-05
6.3818012e-05
1.5784912e-05
1.5998711e-05
1.6118967e-05
0.0016287678
0.00051722935
1.6022202e-05
2.4013808e-05
1.5956527e-05
1.5793491e-05
1.5789408e-05
1.5996483e-05
1.8114965e-05
1.5810899e-05
4.4436251e-05
1.6052734e-05
1.5916842e-05
1.60199e-05
1.601916e-05
1.5834569e-05
1.5904193e-05
1.5975046e-05
0.001863097
0.0018133677
4.0821194e-05
1.614227e-05
0.001917345
1.6022929e-05
1.5946034e-05
1.5940237e-05
1.7510201e-05
1.5083998e-05
1.6173318e-05
1.5886645e-05
1.598017e-05
1.5938523e-05
1.5995772e-05
1.7911959e-05
1.5792863e-05
1.5883346e-05
2.4364022e-05
1.6016382e-05
1.5965972e-05
0.0012348726
1.5250316e-05
1.5928836e-05
1.5946051e-05
1.9096252e-05
1.6940875e-05
1.8753604e-05
2.5397115e-05
1.5902901e-05
1.5999463e-05
1.590357e-05
1.5974495e-05
1.5817905e-05
4.2513174e-05
1.6024061e-05
1.6137994e-05
1.5851915e-05
1.6113553e-05
1.5986517e-05
1.579584e-05
2.3806781e-05
1.5811688e-05
0.0024881197
0.00039835585
1.5943601e-05
1.9053054e-05
2.1869069e-05
0.00014682955
0.0018929494
1.5898199e-05
1.6351215e-05
1.581417e-05
0.001259204
1.5890745e-05
1.5898948e-05
1.6035731e-05
1.5997535e-05
1.5793074e-05
2.2564545e-05
1.5984615e-05
1.6023204e-05
1.5795413e-05
1.5805173e-05
1.8894292e-05
1.8219554e-05
1.6081701e-05
1.5891499e-05
1.5789922e-05
8.2857345e-05
1.6391436e-05
0.00091692125
1.7617088e-05
1.5800048e-05
1.6063661e-05
1.5986827e-05
1.5945774e-05
1.5848703e-05
1.6137109e-05
0.0014064627
1.597944e-05
0.0013427248
1.6011445e-05
0.0018368401
1.8929779e-05
0.001912602
1.6021576e-05
1.5889942e-05
1.6011196e-05
4.8673388e-05
1.5790454e-05
1.6482192e-05
1.5984761e-05
1.5852826e-05
1.6010214e-05
1.5973548e-05
1.6070671e-05
1.5875021e-05
1.6083605e-05
1.6039931e-05
1.6766784e-05
0.00086375677
4.8610008e-05
1.6106971e-05
0.0015777295
7.7874168e-05
1.6004568e-05
1.600307e-05
0.00035433714
1.9980626e-05
1.5793303e-05
1.5854042e-05
2.0381488e-05
0.0019107022
1.5972973e-05
4.8683103e-05
1.5986998e-05
0.00022222375
1.6072206e-05
0.00039292156
1.5852507e-05
1.6003369e-05
1.5287183e-05
1.2916001e-05
0.0019908495
1.6049754e-05
1.9779014e-05
1.6027818e-05
1.5812309e-05
1.5983155e-05
1.6015003e-05
1.7573427e-05
1.6040506e-05
1.6057995e-05
0.0018984079
1.5978915e-05
1.6054925e-05
1.592255e-05
1.591599e-05
0.00062189127
1.5967273e-05
1.5985503e-05
1.5819269e-05
1.6183641e-05
1.606768e-05
1.6056422e-05
1.6578801e-05
1.6012833e-05
1.6018405e-05
0.0010328531
1.6021322e-05
1.5808887e-05
1.5995064e-05
1.6030075e-05
9.2854571e-05
1.5944592e-05
1.6658212e-05
1.3695738e-05
1.5977803e-05
1.5952036e-05
1.6098362e-05
1.5922145e-05
1.5895859e-05
1.6070231e-05
1.5909486e-05
1.5800429e-05
1.8891808e-05
1.8626223e-05
1.5802484e-05
2.1568881e-05
1.6014049e-05
1.5784283e-05
1.5800084e-05
4.8901866e-05
0.00036504199
0.0018989997
0.0005385337
1.6004247e-05
2.5164485e-05
1.5995811e-05
1.5790415e-05
1.5813619e-05
1.5920928e-05
6.7256855e-05
1.6037874e-05
1.5795301e-05
1.6551333e-05
1.5798914e-05
2.5098343e-05
1.5786472e-05
1.6251902e-05
1.5793714e-05
1.5908806e-05
1.5947882e-05
1.6019367e-05
1.5905519e-05
1.5932704e-05
1.5805734e-05
1.6070422e-05
0.00042900561
1.5854114e-05
0.0015673031
1.6059114e-05
1.5854771e-05
1.6429399e-05
1.5811753e-05
3.5912645e-05
1.6364979e-05
1.5877613e-05
1.5907829e-05
1.7367852e-05
1.5971651e-05
1.5946722e-05
1.5967346e-05
1.5798833e-05
1.6041407e-05
0.00087580249
1.7360489e-05
1.9990436e-05
1.6001745e-05
1.590375e-05
1.587467e-05
1.5867234e-05
1.6024811e-05
1.8536812e-05
2.4071519e-05
1.5928188e-05
0.0020828204
1.6048114e-05
1.5940285e-05
1.5924106e-05
1.5918939e-05
3.4199846e-05
1.6520469e-05
1.579553e-05
0.0017895171
1.5793877e-05
1.5792675e-05
1.6013168e-05
4.9479366e-05
1.5795597e-05
1.6000257e-05
1.5821887e-05
0.00010543961
1.5993143e-05
1.578373e-05
1.5783834e-05
1.5829962e-05
1.6068655e-05
1.6008322e-05
0.0014453991
0.00081703642
1.5797858e-05
1.9024756e-05
3.8668761e-05
2.8878555e-05
1.5792966e-05
1.5827127e-05
5.9172931e-05
0.0019091134
1.5949646e-05
1.6269805e-05
1.6050775e-05
1.6051582e-05
2.9461373e-05
1.6097962e-05
1.6040703e-05
1.58082e-05
1.6035987e-05
1.6002065e-05
1.6346382e-05
1.6051034e-05
1.6498408e-05
1.6216437e-05
2.5121706e-05
2.046617e-05
1.5802251e-05
1.5848102e-05
1.5843147e-05
1.5925938e-05
1.6017689e-05
1.6049309e-05
1.5933704e-05
1.596616e-05
0.00066880775
1.5790892e-05
1.8789621e-05
1.8358817e-05
1.6051564e-05
1.599031e-05
1.5888688e-05
1.587504e-05
0.00087223057
0.0017144635
1.6051422e-05
1.6015294e-05
0.00029839182
1.60083e-05
2.4783031e-05
1.5911696e-05
3.7420455e-05
1.5790625e-05
1.6025828e-05
1.5947211e-05
1.600915e-05
0.0009060677
1.5836886e-05
1.593618e-05
1.5857659e-05
0.0018971277
1.6082719e-05
1.6032827e-05
1.6461136e-05
1.6216637e-05
1.8149954e-05
1.581353e-05
0.00074353763
1.5977237e-05
1.5797372e-05
1.6216111e-05
1.5997066e-05
1.6019514e-05
0.001188471
1.5954419e-05
1.6018586e-05
1.597323e-05
1.605205e-05
0.0014181435
1.5997464e-05
1.5834446e-05
1.6552418e-05
1.7119523e-05
0.00164041
1.5887026e-05
0.0021334719
1.6051397e-05
0.0012656769
1.6052333e-05
1.5839402e-05
1.5854614e-05
4.36911e-05
1.603356e-05
4.1330544e-05
5.2934408e-05
0.00023639616
1.5985338e-05
1.5891302e-05
1.5951959e-05
0.0011731692
0.00011691132
0.0018938132
1.5888679e-05
1.5793841e-05
1.5789125e-05
2.4278031e-05
1.6109471e-05
1.8432145e-05
0.00035879852
1.6007941e-05
1.596023e-05
2.2191055e-05
0.00029439252
0.00064302028
1.6044585e-05
1.6655431e-05
1.5790876e-05
2.3792925e-05
3.4531806e-05
1.6021643e-05
0.0002969207
2.7576729e-05
1.643033e-05
1.5983979e-05
1.6078613e-05
1.5943378e-05
1.5795242e-05
0.0022189028
1.5790706e-05
0.00053896803
1.5929381e-05
1.7809453e-05
3.4639548e-05
8.9559461e-05
0.00014470359
1.6001978e-05
0.0015986273
1.5885465e-05
1.6225892e-05
1.6706798e-05
2.3304079e-05
5.4607543e-05
1.6022748e-05
1.5865472e-05
0.0016977585
5.9014688e-05
1.589024e-05
1.5834831e-05
9.8216131e-05
1.8725637e-05
1.5874283e-05
0.0018844695
1.5829712e-05
1.5988506e-05
2.3664346e-05
1.59985e-05
1.615364e-05
1.5795533e-05
1.5955128e-05
4.3931885e-05
2.8929878e-05
7.409249e-05
1.5999423e-05
1.5954752e-05
1.5903113e-05
1.5792704e-05
1.5994849e-05
1.6036137e-05
1.5938817e-05
1.5822679e-05
1.5860342e-05
0.0018384833
1.6064484e-05
8.7005782e-05
1.8423671e-05
1.602069e-05
0.00037621491
1.5823991e-05
2.0892657e-05
0.0010621312
1.5786943e-05
1.6037246e-05
0.0011008517
1.6041423e-05
1.5912841e-05
5.3474126e-05
1.5871063e-05
1.6029585e-05
1.5795679e-05
2.1780843e-05
1.5902513e-05
1.5797706e-05
1.5980366e-05
5.5158862e-05
1.5899384e-05
7.6409197e-05
1.0325183e-05
1.5996706e-05
0.0021245441
0.00050594755
0.0012151392
1.5796681e-05
0.001100626
0.00090195152
1.6016717e-05
1.6054416e-05
1.5974659e-05
1.6032256e-05
1.6011713e-05
1.5925139e-05
0.0018895739
1.6032323e-05
1.6142079e-05
1.6025781e-05
1.6033613e-05
1.6129951e-05
1.6717698e-05
1.5988841e-05
2.3441454e-05
1.6031628e-05
0.00092066599
1.614983e-05
1.5792944e-05
1.6003905e-05
1.6063535e-05
1.6018305e-05
0.001903196
1.7053675e-05
1.5967745e-05
1.5949579e-05
1.6258683e-05
2.2417589e-05
1.5939011e-05
1.6115345e-05
1.6034675e-05
3.4025597e-05
1.6024228e-05
1.5952764e-05
1.6038349e-05
1.5975074e-05
1.6047349e-05
1.5932297e-05
1.6028756e-05
1.5798909e-05
1.6015852e-05
1.6030699e-05
1.746155e-05
1.58348e-05
0.00070710376
1.5962876e-05
1.6012012e-05
1.5981102e-05
1.6018674e-05
1.6030301e-05
1.636131e-05
0.0012395177
4.2611162e-05
2.0401408e-05
1.6107877e-05
1.714464e-05
0.0001750789
1.6351977e-05
1.7981168e-05
1.5839662e-05
1.6018598e-05
1.5954284e-05
1.6033831e-05
1.6141191e-05
1.5937966e-05
0.00198398
2.3330903e-05
1.6006268e-05
1.6033808e-05
1.6020898e-05
1.5986628e-05
1.6019914e-05
2.2628497e-05
1.5955429e-05
0.0014946196
1.5542037e-05
1.5578634e-05
1.5996764e-05
1.5801405e-05
1.5970972e-05
1.6031563e-05
3.4729071e-05
1.5819512e-05
1.7799505e-05
1.5835529e-05
1.5949166e-05
1.5793676e-05
1.6188934e-05
1.5794681e-05
1.6430456e-05
3.2669629e-05
2.5610942e-05
2.9894502e-05
0.0010566884
0.0001958122
1.5984577e-05
1.5795996e-05
1.5970793e-05
1.5814351e-05
1.6025623e-05
0.0011906259
1.6420012e-05
1.6596777e-05
1.5902621e-05
1.6022828e-05
1.5892168e-05
1.6036339e-05
2.8684374e-05
1.597822e-05
1.600079e-05
1.5940917e-05
2.5611989e-05
1.5884228e-05
1.5799839e-05
1.6042677e-05
1.5999492e-05
1.5820678e-05
1.5949669e-05
0.00011592073
1.5823303e-05
1.5870533e-05
1.6020495e-05
1.5914505e-05
1.5787925e-05
1.5994651e-05
1.5795361e-05
1.5837754e-05
1.623181e-05
1.5818403e-05
1.9021743e-05
1.6035959e-05
1.6066061e-05
1.5805868e-05
1.6129919e-05
1.5820173e-05
1.7173948e-05
1.6011629e-05
1.9865809e-05
1.5868658e-05
1.5993165e-05
1.644782e-05
1.676266e-05
1.5982163e-05
0.00016130759
2.0143154e-05
7.7228495e-05
1.5856231e-05
1.5897164e-05
1.5867847e-05
1.6051537e-05
1.6074495e-05
1.5816837e-05
1.5963608e-05
3.2694715e-05
1.6013738e-05
1.6030032e-05
1.6004745e-05
0.001038645
2.0378699e-05
1.6014702e-05
1.5894408e-05
1.6011014e-05
1.6098767e-05
1.6020434e-05
1.6018015e-05
1.7885085e-05
1.5904552e-05
1.6023938e-05
1.603432e-05
0.0020021933
1.5786343e-05
1.5965838e-05
1.600803e-05
1.7396039e-05
1.5997997e-05
1.579229e-05
1.5864231e-05
1.5792052e-05
2.3593161e-05
1.595944e-05
1.5932461e-05
0.0011873962
1.6909014e-05
1.6039634e-05
1.6056471e-05
2.1589795e-05
3.1796577e-05
1.5826953e-05
1.5938888e-05
8.2329605e-05
1.6018471e-05
1.6007276e-05
1.7580878e-05
2.0320854e-05
1.5989697e-05
5.8411206e-05
1.5960108e-05
1.5848039e-05
0.0018715324
1.5990506e-05
1.5881963e-05
1.5800561e-05
1.6028623e-05
1.5798798e-05
1.5933745e-05
1.6026929e-05
1.5883513e-05
1.5802432e-05
1.5958819e-05
1.5966948e-05
1.5957414e-05
1.5931389e-05
1.6304483e-05
1.5887333e-05
1.5855291e-05
1.6052144e-05
1.7883626e-05
1.596944e-05
2.8231447e-05
1.5847274e-05
1.5787797e-05
0.00047972263
1.5862619e-05
1.5899333e-05
1.6063945e-05
1.8812005e-05
1.5855778e-05
1.5566609e-05
1.5954017e-05
2.8759501e-05
1.5958489e-05
1.6036006e-05
1.5994132e-05
1.5941951e-05
1.6116239e-05
0.00019470014
1.948722e-05
1.590459e-05
0.0018916604
0.0018052341
0.0026120839
6.6417461e-05
1.5923282e-05
1.5799472e-05
2.5266603e-05
1.5800066e-05
1.5852198e-05
1.5718889e-05
1.5997063e-05
0.0017770308
1.9557423e-05
1.6049346e-05
1.5804798e-05
1.5806577e-05
1.596596e-05
1.5786994e-05
0.0018617749
1.602005e-05
1.5888228e-05
1.6686787e-05
0.00093877498
1.5816594e-05
1.6012477e-05
1.6178074e-05
1.6025352e-05
1.5831414e-05
0.00018302064
1.5801915e-05
1.6038812e-05
1.5798309e-05
1.6016123e-05
1.5793238e-05
1.5846665e-05
1.8858914e-05
1.5935918e-05
1.6010239e-05
1.5791829e-05
2.3322756e-05
1.8717952e-05
1.5850594e-05
1.883561e-05
1.5981724e-05
1.5949543e-05
1.5905787e-05
1.5843574e-05
2.1760218e-05
1.4812864e-05
0.00020555952
1.6029963e-05
1.652441e-05
0.0015939354
1.5785811e-05
1.5988639e-05
1.583348e-05
0.0020385131
2.3041838e-05
1.7105455e-05
1.5845525e-05
1.5975812e-05
3.0762812e-05
4.2354566e-05
1.6091104e-05
2.4295661e-05
1.5804601e-05
1.5991821e-05
1.5998285e-05
1.9933611e-05
1.6015769e-05
1.6011251e-05
1.594867e-05
1.5788895e-05
2.4611193e-05
1.61573e-05
8.5437136e-05
1.5892168e-05
1.8998294e-05
1.6004381e-05
0.00063671184
1.5914673e-05
1.6010416e-05
1.713957e-05
1.5912168e-05
1.601025e-05
0.0028169306
1.5917081e-05
1.6524104e-05
1.6064486e-05
0.0013925658
1.6005391e-05
1.5992978e-05
1.5799795e-05
1.5931983e-05
1.5909975e-05
1.6010813e-05
0.0018712157
1.6012422e-05
1.5793487e-05
1.5879804e-05
1.6031571e-05
1.5802373e-05
3.9753884e-05
1.5842577e-05
1.6033031e-05
1.585964e-05
0.00077161598
1.6016419e-05
1.5913897e-05
0.00010728918
1.5830889e-05
0.0028180594
0.0018643051
1.5793854e-05
1.5843192e-05
8.9038934e-05
1.5994152e-05
1.583866e-05
0.00019722226
5.2957739e-05
1.5785351e-05
1.6018567e-05
1.7965741e-05
1.5951274e-05
1.6008985e-05
1.5973416e-05
0.00035487979
1.6038736e-05
0.0003758509
1.6038095e-05
1.585726e-05
1.6020215e-05
1.6013957e-05
1.5993391e-05
1.5976416e-05
1.656195e-05
1.602381e-05
1.580749e-05
1.6028375e-05
1.5880538e-05
4.2526264e-05
1.5993995e-05
1.6019863e-05
2.5361274e-05
1.691763e-05
1.6034799e-05
1.5799723e-05
3.7912049e-05
1.5795606e-05
1.6239566e-05
1.596326e-05
1.6227177e-05
1.6031311e-05
3.7299701e-05
1.5811115e-05
1.7866549e-05
1.6115086e-05
1.5912833e-05
0.00051644542
1.5794144e-05
1.6095922e-05
1.6196867e-05
1.5794615e-05
1.5792335e-05
1.6161845e-05
1.6032863e-05
1.5799583e-05
1.5856395e-05
1.6210533e-05
1.9481327e-05
1.5806572e-05
1.5795244e-05
1.5897549e-05
1.5987227e-05
2.1836517e-05
1.5794501e-05
1.8755534e-05
1.6002447e-05
1.6073759e-05
1.5952615e-05
0.00010762034
1.5980318e-05
0.0016600377
1.5362486e-05
1.6156268e-05
1.5978845e-05
1.5952528e-05
1.5319556e-05
0.0011595075
1.9648759e-05
1.5792873e-05
1.5977293e-05
1.5861641e-05
1.5832186e-05
1.5907696e-05
1.6051911e-05
6.8218771e-05
1.6872591e-05
1.9428364e-05
1.589557e-05
1.5843609e-05
1.6001066e-05
1.587554e-05
1.6012472e-05
3.5366905e-05
1.6033122e-05
1.5868567e-05
1.5802094e-05
1.5956104e-05
0.00027331573
1.5796427e-05
1.6049416e-05
1.5808187e-05
1.6032371e-05
1.6002621e-05
1.6044162e-05
1.6038297e-05
1.6022974e-05
1.5999154e-05
1.5855142e-05
1.5888255e-05
1.597316e-05
1.5794471e-05
1.5922798e-05
1.5973945e-05
1.5963279e-05
4.3574078e-05
0.0003748927
1.5977211e-05
1.5969275e-05
1.5877917e-05
1.6023955e-05
1.5791502e-05
1.5791622e-05
1.5967858e-05
2.0388329e-05
1.5994063e-05
1.5980163e-05
1.5787735e-05
0.00014840761
1.5979077e-05
1.5991011e-05
1.593291e-05
1.5797014e-05
1.5865756e-05
1.6040366e-05
1.596482e-05
1.6028612e-05
1.5911326e-05
1.6010634e-05
0.00042923868
1.5895236e-05
1.6037827e-05
1.597839e-05
2.1831007e-05
0.00011920376
1.6033047e-05
0.0014159185
1.5836093e-05
1.604506e-05
1.5405821e-05
1.5794993e-05
1.6044978e-05
1.6347559e-05
1.6043457e-05
3.5367641e-05
1.6082903e-05
1.5912992e-05
1.6272248e-05
1.6030293e-05
1.578731e-05
1.5858946e-05
1.6019381e-05
1.5939304e-05
1.5922156e-05
1.6023273e-05
1.6200189e-05
1.6013602e-05
1.5944017e-05
1.5790816e-05
1.6098389e-05
1.5795481e-05
0.0013021342
1.6077915e-05
0.0015024085
1.595506e-05
1.5757094e-05
3.5754195e-05
1.6039558e-05
1.6010095e-05
1.6030503e-05
1.5948466e-05
1.5857046e-05
1.5991414e-05
1.6003123e-05
1.6054791e-05
0.00028094849
1.5999844e-05
1.5815257e-05
1.6028794e-05
1.6022561e-05
1.6036475e-05
1.6004895e-05
1.5931831e-05
1.5804568e-05
1.6033888e-05
1.6050289e-05
1.5889193e-05
0.0016423651
1.6026259e-05
1.5978182e-05
1.5841248e-05
1.6145501e-05
1.615235e-05
1.6132545e-05
1.9134176e-05
0.0015569229
1.6031635e-05
1.6118744e-05
1.5406151e-05
1.5791185e-05
1.6047449e-05
2.4104548e-05
1.5874186e-05
1.538618e-05
1.6020382e-05
1.5924252e-05
4.6747044e-05
1.5907792e-05
1.6047219e-05
0.0024998862
1.5986276e-05
1.5794636e-05
1.5908893e-05
1.5418826e-05
1.5846744e-05
1.5789088e-05
1.6016112e-05
1.5978197e-05
1.6019975e-05
1.5880103e-05
1.5793276e-05
1.5932802e-05
1.6017929e-05
1.6102639e-05
1.596934e-05
1.5796375e-05
1.5924568e-05
1.6521632e-05
1.8026093e-05
2.2702336e-05
1.5824952e-05
1.6022502e-05
1.8466741e-05
1.6031043e-05
1.5805664e-05
1.5755888e-05
1.5867479e-05
1.597083e-05
2.3218164e-05
1.6009296e-05
1.6016218e-05
0.00017323941
1.6906111e-05
1.5846187e-05
1.5944099e-05
1.5807874e-05
1.5966023e-05
0.0013424768
2.0417505e-05
1.5998582e-05
1.598441e-05
0.00012812356
1.7311107e-05
1.5801127e-05
1.5810002e-05
1.6252979e-05
1.7242632e-05
6.0054731e-05
1.5864436e-05
1.5801248e-05
1.6006334e-05
1.6006479e-05
1.5993026e-05
1.6045983e-05
2.225819e-05
1.5794277e-05
1.6047266e-05
1.5810639e-05
1.6007836e-05
1.6075339e-05
1.615176e-05
1.578988e-05
1.8001409e-05
1.6033938e-05
1.5788777e-05
1.5941718e-05
2.6009019e-05
1.6154838e-05
1.5940794e-05
1.5943967e-05
1.7865942e-05
1.5791227e-05
1.5985303e-05
2.7038111e-05
1.587311e-05
1.5950754e-05
2.015834e-05
1.5827654e-05
6.3101518e-05
1.5900995e-05
1.6013976e-05
1.624813e-05
1.5850925e-05
1.5834551e-05
1.6611809e-05
1.5790376e-05
1.6133311e-05
1.604933e-05
1.5800178e-05
1.5892062e-05
1.5831769e-05
1.5800471e-05
1.5788175e-05
1.582852e-05
1.5888903e-05
4.4269202e-05
1.6000128e-05
1.5845297e-05
1.5851637e-05
1.5968488e-05
2.0259745e-05
1.5794609e-05
1.5795141e-05
0.0013494236
1.5804742e-05
1.6214715e-05
1.5800602e-05
1.6039529e-05
1.5976917e-05
1.5822009e-05
1.6807962e-05
1.6009127e-05
1.6041774e-05
1.5980777e-05
1.6004385e-05
1.5803215e-05
1.6049335e-05
1.6016731e-05
1.5961276e-05
1.6042742e-05
1.6036578e-05
1.5842739e-05
1.5826267e-05
1.6886105e-05
1.6025403e-05
1.5985148e-05
0.0016574061
1.667609e-05
1.591763e-05
1.6703893e-05
1.5806379e-05
1.6058471e-05
2.8204481e-05
1.6016525e-05
1.5944881e-05
1.6124128e-05
1.6286479e-05
1.6329209e-05
1.7769387e-05
1.5935987e-05
1.5793045e-05
1.5800221e-05
1.885965e-05
1.5800558e-05
1.5861692e-05
0.0016036743
1.5908785e-05
1.6781917e-05
3.7091822e-05
0.0019841972
1.5894433e-05
1.6010586e-05
1.6025221e-05
0.00010639524
1.5818714e-05
0.0013352031
0.0020870898
1.5984587e-05
0.00051470405
1.5785959e-05
1.5972996e-05
1.5837431e-05
1.5803114e-05
2.4715358e-05
1.9664396e-05
1.7155375e-05
1.5798651e-05
1.5879635e-05
2.4055007e-05
1.602846e-05
1.5812269e-05
1.5995703e-05
0.0015265843
1.6021092e-05
1.6004353e-05
1.579154e-05
1.5619908e-05
1.5795417e-05
1.6373958e-05
1.5896192e-05
1.6022514e-05
1.6180166e-05
1.5868734e-05
1.5954011e-05
3.6169901e-05
1.5952197e-05
1.5855661e-05
1.8081723e-05
1.4185431e-05
1.8598567e-05
1.5950623e-05
1.5891368e-05
2.3707315e-05
1.6016777e-05
0.0006561776
1.5909087e-05
1.5796164e-05
1.5917522e-05
1.6547107e-05
1.5807865e-05
1.5940151e-05
0.0001558216
1.6054445e-05
1.5985273e-05
1.5791998e-05
1.6045095e-05
0.0002904475
1.5799671e-05
1.6286286e-05
0.0012023567
1.593422e-05
1.5920677e-05
1.5991279e-05
1.6594454e-05
1.597272e-05
0.00011341787
1.8866731e-05
1.5975787e-05
1.8793298e-05
1.6053656e-05
1.6054763e-05
1.5795564e-05
1.5800861e-05
1.5821921e-05
2.4144507e-05
1.7715424e-05
1.5939455e-05
1.578744e-05
1.5935162e-05
1.6022917e-05
1.578673e-05
1.598054e-05
1.6004367e-05
1.6213073e-05
1.5897462e-05
1.5973255e-05
1.5880139e-05
1.6695997e-05
1.602739e-05
1.6739099e-05
1.5937002e-05
1.5955138e-05
1.5996557e-05
1.5841171e-05
1.5970038e-05
2.4596954e-05
1.5800648e-05
1.5961407e-05
1.5965032e-05
1.5991982e-05
1.5946181e-05
1.6052099e-05
1.6039481e-05
1.5815802e-05
1.5891901e-05
0.0018617362
1.5802422e-05
1.6051883e-05
1.6007145e-05
0.0026122118
2.4952853e-05
1.6050664e-05
0.0014946688
1.5791947e-05
1.8007183e-05
1.58623e-05
1.5812432e-05
1.5794332e-05
1.5920856e-05
1.5867235e-05
1.6908413e-05
1.9653013e-05
3.5812604e-05
1.5900259e-05
1.5940526e-05
1.5960873e-05
1.6032236e-05
3.1019805e-05
1.5990296e-05
1.5891829e-05
1.6004476e-05
1.6041965e-05
1.5912386e-05
1.6016218e-05
1.5994224e-05
1.595162e-05
1.6347941e-05
1.5918724e-05
1.7096684e-05
1.5951539e-05
0.00011924695
1.869546e-05
1.5795459e-05
1.5952647e-05
1.7554157e-05
1.5991449e-05
1.9426747e-05
1.5989645e-05
0.001227503
1.6048408e-05
1.6083731e-05
1.6083374e-05
1.6027321e-05
1.5997223e-05
1.6014328e-05
1.592753e-05
1.6031224e-05
1.6343673e-05
1.8177681e-05
1.6009139e-05
0.00078500166
5.9308673e-05
1.5923361e-05
0.001317548
1.5787572e-05
1.6038758e-05
1.5952694e-05
0.0010716576
1.5977239e-05
0.00023415286
0.0005647053
1.6042928e-05
1.5877941e-05
0.00089958245
0.00082772708
1.6016043e-05
1.590886e-05
1.5786912e-05
1.8394083e-05
1.6044473e-05
1.5942219e-05
1.5811749e-05
1.6642524e-05
7.9031172e-05
1.5863078e-05
1.6474417e-05
1.5965659e-05
1.5799741e-05
1.6039422e-05
2.0061874e-05
1.5865098e-05
1.5788479e-05
3.8994441e-05
0.00070845835
1.5798622e-05
1.5790754e-05
1.5788403e-05
1.6009597e-05
7.4723568e-05
1.7068187e-05
1.5901081e-05
1.5904697e-05
1.6010326e-05
1.5797893e-05
1.5999025e-05
1.5798791e-05
1.6009268e-05
1.5801068e-05
1.5982597e-05
1.6032272e-05
1.5796265e-05
1.5799599e-05
1.6000475e-05
0.00016915678
1.8487161e-05
0.0014497745
1.5792741e-05
1.5948123e-05
1.5940204e-05
1.6253081e-05
1.6157046e-05
0.001563451
1.6328388e-05
1.6014496e-05
1.5907017e-05
1.5825787e-05
1.5835922e-05
1.5811105e-05
1.5900477e-05
7.8616227e-05
1.6053503e-05
0.00042744306
1.5803969e-05
1.5871052e-05
1.5791815e-05
1.5824088e-05
1.5997135e-05
1.7747356e-05
1.6025704e-05
0.0018792809
2.0068957e-05
2.5776336e-05
0.0019092538
1.6002094e-05
1.6087086e-05
1.5927913e-05
1.5871288e-05
1.5927138e-05
1.5799322e-05
1.7363007e-05
1.5996504e-05
1.5969463e-05
1.5959408e-05
1.6028034e-05
1.6757028e-05
1.6009032e-05
6.6514074e-05
1.5882349e-05
0.00067684162
2.2828383e-05
1.5999765e-05
1.5791037e-05
1.8299106e-05
1.7495217e-05
1.7573154e-05
2.2937824e-05
1.6166375e-05
1.6237572e-05
1.6037124e-05
1.6003943e-05
1.6025834e-05
2.0848832e-05
1.6000748e-05
1.6019841e-05
1.601209e-05
1.6069763e-05
1.5826041e-05
1.6040397e-05
1.590152e-05
1.5785486e-05
1.6108745e-05
1.5958065e-05
1.5792172e-05
1.6345626e-05
3.1204856e-05
1.5813964e-05
1.6037148e-05
1.7128625e-05
1.5785942e-05
0.00015483399
1.5949489e-05
2.3283509e-05
1.6043242e-05
1.6030602e-05
1.6208421e-05
1.6097885e-05
1.5900199e-05
1.6358113e-05
4.108796e-05
1.5818306e-05
1.5864018e-05
1.580784e-05
1.5810219e-05
1.5884011e-05
1.601177e-05
1.5793003e-05
1.7990101e-05
1.5795885e-05
1.5932496e-05
2.3088179e-05
1.8173861e-05
1.5822266e-05
6.921049e-05
1.5886832e-05
1.5789138e-05
1.5886825e-05
0.00097096007
1.5804244e-05
1.6300754e-05
1.7110298e-05
1.5971203e-05
1.5785813e-05
1.6017054e-05
1.6012443e-05
1.6100491e-05
1.5790524e-05
1.6153787e-05
1.5843425e-05
1.6763467e-05
2.0858219e-05
2.0583346e-05
1.587006e-05
1.9466504e-05
2.0115291e-05
1.6329027e-05
1.6033469e-05
1.6399724e-05
1.5949011e-05
1.5812544e-05
1.5910612e-05
1.5904936e-05
1.7948922e-05
0.00064953488
8.3575722e-05
1.6013697e-05
0.00045851888
1.960182e-05
1.4991846e-05
1.590507e-05
1.6015185e-05
1.6007569e-05
1.6026797e-05
1.5955983e-05
1.5798948e-05
1.6365549e-05
1.5908915e-05
1.5881168e-05
1.5817699e-05
1.6015639e-05
3.4471014e-05
1.6568526e-05
1.5794879e-05
1.9219574e-05
1.5795539e-05
1.6172952e-05
1.5791002e-05
1.5929608e-05
1.5804275e-05
1.5882142e-05
1.9023889e-05
1.5785447e-05
2.6160101e-05
7.7387043e-05
1.6422692e-05
0.001665583
1.6174188e-05
1.7737665e-05
1.6076592e-05
1.8039387e-05
1.5933704e-05
1.6134055e-05
1.5986501e-05
1.6022226e-05
1.6706489e-05
1.6047105e-05
1.6049711e-05
2.5873216e-05
2.0525985e-05
1.591477e-05
1.5930053e-05
0.000266166
1.6007654e-05
1.6030733e-05
1.6043424e-05
1.6028136e-05
2.2702824e-05
1.5811068e-05
0.0017605072
1.6150197e-05
1.5994601e-05
1.6423427e-05
1.612231e-05
1.4851611e-05
1.5893555e-05
1.6023456e-05
2.4496808e-05
0.0018951108
2.3925155e-05
1.5827809e-05
1.5988282e-05
1.6016856e-05
1.6009113e-05
5.0314109e-05
1.5796411e-05
1.6722751e-05
1.5816052e-05
2.4244824e-05
3.8107243e-05
2.4735178e-05
1.6000672e-05
2.4758051e-05
2.5130202e-05
1.6036889e-05
1.6027835e-05
1.5815151e-05
1.6041895e-05
2.3513564e-05
2.9118554e-05
1.6290433e-05
1.7445264e-05
1.5809511e-05
1.5800789e-05
1.5813728e-05
1.6688807e-05
1.9839699e-05
1.5914179e-05
1.5986575e-05
1.58586e-05
1.5817101e-05
1.5854555e-05
1.8649986e-05
1.6003979e-05
0.0022029071
1.8295002e-05
1.5864023e-05
1.5896694e-05
1.5794008e-05
0.00053861396
1.5793461e-05
1.6014188e-05
1.5797335e-05
1.621023e-05
2.3602558e-05
1.586137e-05
1.6006615e-05
1.5957362e-05
2.4355881e-05
1.6660326e-05
1.816059e-05
2.3340631e-05
1.5987296e-05
1.6729889e-05
8.0747838e-05
1.7559679e-05
1.5796373e-05
1.6691479e-05
1.5785644e-05
1.6131783e-05
1.5958157e-05
1.5794889e-05
1.6137879e-05
1.5948133e-05
2.6159512e-05
1.9215193e-05
2.0131896e-05
1.5900866e-05
1.5786968e-05
1.5128369e-05
1.6618197e-05
1.6003081e-05
8.2943853e-05
2.3832176e-05
1.9422374e-05
1.9137717e-05
0.00043449874
1.6051562e-05
1.6043498e-05
1.6026984e-05
1.6041536e-05
1.6106932e-05
1.5898458e-05
1.5895341e-05
1.5859495e-05
2.3747477e-05
1.5843908e-05
1.5975043e-05
6.6491915e-05
1.5979363e-05
1.5963103e-05
1.593258e-05
1.6017947e-05
1.6153088e-05
1.5918771e-05
1.5955078e-05
1.5836836e-05
0.0013822706
0.0013830861
1.5975672e-05
1.5846967e-05
1.674686e-05
1.6033668e-05
1.5944302e-05
1.5828814e-05
1.8293123e-05
1.5971984e-05
1.5934589e-05
1.6022989e-05
1.5993076e-05
0.00011638357
0.0010587866
1.6022177e-05
1.7805475e-05
1.5786648e-05
1.5973702e-05
1.5997375e-05
1.5986106e-05
3.1031529e-05
1.7003602e-05
0.0014875503
6.8151525e-05
1.6132232e-05
2.7796528e-05
1.6013695e-05
1.6035412e-05
1.7415588e-05
1.593275e-05
1.5819125e-05
1.5992702e-05
1.5970147e-05
1.5991486e-05
4.0510997e-05
1.5875439e-05
2.1086122e-05
1.579049e-05
1.6019333e-05
1.9485265e-05
0.00070121902
1.6007362e-05
1.9001527e-05
1.5791778e-05
1.578584e-05
1.865182e-05
1.58335e-05
1.5792677e-05
1.8541098e-05
1.5786401e-05
1.5854917e-05
1.593914e-05
1.579028e-05
1.6037418e-05
1.6054308e-05
1.5798094e-05
0.00091402697
1.5864564e-05
1.5933502e-05
1.7897867e-05
1.5988689e-05
1.8221778e-05
0.0015308402
1.5975643e-05
1.6520139e-05
1.7532306e-05
1.5864274e-05
1.5991772e-05
2.0279108e-05
1.5833291e-05
1.592568e-05
6.0764831e-05
0.00052278857
1.5824262e-05
6.9541684e-05
1.5827948e-05
1.8829062e-05
1.5946211e-05
1.59589e-05
1.595478e-05
1.5688654e-05
1.6203322e-05
1.6007513e-05
0.00032838495
1.7611404e-05
1.7130258e-05
1.5941985e-05
1.5941168e-05
1.597989e-05
1.8395698e-05
0.0014420357
1.5973095e-05
1.5994074e-05
0.00012115169
1.6029318e-05
1.6051949e-05
1.5799552e-05
1.6061792e-05
7.7971428e-05
1.5815884e-05
0.00043438352
1.6007462e-05
1.6005168e-05
1.5872981e-05
1.5994805e-05
1.5945578e-05
1.6030504e-05
1.6259226e-05
1.6188092e-05
1.6084198e-05
1.6015868e-05
1.6042165e-05
1.6283077e-05
2.8947903e-05
1.5792503e-05
1.6991553e-05
1.8766317e-05
1.6027147e-05
1.5893824e-05
3.1412879e-05
0.0014933709
1.5792009e-05
1.6012899e-05
0.0019157364
1.6046596e-05
1.5798245e-05
1.5990743e-05
1.6548609e-05
1.5791741e-05
1.5803114e-05
1.5967418e-05
1.5815059e-05
1.5907339e-05
1.6083448e-05
1.6034329e-05
1.5902883e-05
1.5819333e-05
1.5967988e-05
1.5788083e-05
1.603921e-05
1.6872748e-05
1.5928695e-05
2.8256864e-05
1.6014173e-05
1.5946829e-05
0.0019752402
1.6059374e-05
1.5972843e-05
0.0015147985
1.603045e-05
1.6025375e-05
1.5784268e-05
2.0335123e-05
1.9120937e-05
8.0761297e-05
1.6039491e-05
1.5933384e-05
2.1674603e-05
1.5852858e-05
0.0011528019
1.6017456e-05
1.6060381e-05
1.5979309e-05
1.608551e-05
1.5978741e-05
1.5999403e-05
1.5819241e-05
1.5960848e-05
1.5789435e-05
1.5888062e-05
6.2449837e-05
1.5796763e-05
1.5990863e-05
1.5962102e-05
1.5993767e-05
1.5912777e-05
0.0021058587
2.3106276e-05
1.6038648e-05
9.5422893e-05
1.5816317e-05
1.5917621e-05
1.5792175e-05
1.8811012e-05
1.5857952e-05
1.5942458e-05
1.6040818e-05
1.6030831e-05
1.6817633e-05
1.591363e-05
1.599725e-05
1.5929291e-05
1.5866282e-05
1.5925674e-05
1.6415086e-05
1.6022588e-05
1.5975806e-05
1.6371738e-05
1.6028189e-05
1.5846063e-05
1.5974302e-05
1.5918096e-05
1.5988988e-05
1.5838056e-05
1.5822125e-05
1.5974119e-05
1.5954782e-05
1.5952062e-05
1.581386e-05
4.7820545e-05
1.605906e-05
2.713797e-05
1.5874877e-05
1.573604e-05
1.5795547e-05
1.5855496e-05
2.5592913e-05
5.5523722e-05
1.605368e-05
1.6000797e-05
1.6019513e-05
1.6004358e-05
1.5799068e-05
0.0026718718
2.7898816e-05
1.681369e-05
1.6520709e-05
1.7253077e-05
1.5794627e-05
1.6387558e-05
1.5887494e-05
1.5882156e-05
1.5866781e-05
1.8227283e-05
1.7481247e-05
0.0026063869
1.6021128e-05
1.5889913e-05
4.3505449e-05
1.6130925e-05
1.6028913e-05
1.6007096e-05
1.5886519e-05
0.0012609812
1.5880144e-05
1.5835953e-05
1.6019679e-05
1.6016669e-05
1.6058237e-05
1.5787606e-05
1.5874041e-05
1.5947681e-05
1.6577293e-05
1.6188465e-05
1.5817167e-05
1.5933346e-05
1.6261246e-05
1.784689e-05
0.00067005028
1.6186132e-05
1.725768e-05
1.5987286e-05
1.6009774e-05
1.5792443e-05
3.4351134e-05
1.5909337e-05
1.5979654e-05
1.6006093e-05
4.363295e-05
1.5921752e-05
1.5913987e-05
1.6004857e-05
3.6960649e-05
1.6023446e-05
0.00165218
2.4114357e-05
0.0014942165
1.5972568e-05
0.0012774365
1.634158e-05
1.5975724e-05
1.5800449e-05
1.5975948e-05
1.5821817e-05
1.6214843e-05
1.6058329e-05
2.3294974e-05
2.9313051e-05
1.6124694e-05
1.5941979e-05
1.5962098e-05
1.6697877e-05
1.6038829e-05
2.9221468e-05
1.5946282e-05
1.6015477e-05
0.0013872615
1.5945239e-05
1.6004926e-05
1.5848469e-05
1.590299e-05
1.6046813e-05
1.5882581e-05
1.5947632e-05
1.8970964e-05
1.5915228e-05
1.6009581e-05
1.7572315e-05
1.5795075e-05
1.5807074e-05
1.5998762e-05
2.6891836e-05
1.5844172e-05
1.7613193e-05
1.6034329e-05
1.6035299e-05
7.1343615e-05
1.5966679e-05
1.5998487e-05
1.5047894e-05
1.5908234e-05
1.6009753e-05
1.6035923e-05
1.7569804e-05
1.5802042e-05
0.0021070674
1.5851627e-05
1.970874e-05
1.5956005e-05
1.6047859e-05
1.5920924e-05
1.5785212e-05
1.5916747e-05
1.9994358e-05
1.6012694e-05
1.6014293e-05
1.600766e-05
1.8114158e-05
1.6026925e-05
1.5791858e-05
1.6048679e-05
0.0005068789
1.621479e-05
2.0288528e-05
1.6039713e-05
1.579156e-05
1.5791412e-05
0.00047889581
1.6066508e-05
1.5793642e-05
1.9829583e-05
1.5914782e-05
1.5788022e-05
1.6218069e-05
1.6205146e-05
1.5787509e-05
1.5831381e-05
2.1222543e-05
1.5933703e-05
1.6051588e-05
1.6206297e-05
2.0329828e-05
0.00080697463
1.7337551e-05
1.8682413e-05
1.714367e-05
8.5634244e-05
1.7570296e-05
1.6011515e-05
1.9225402e-05
1.8822408e-05
1.5977355e-05
1.5997031e-05
1.5866812e-05
1.5799213e-05
1.6032259e-05
5.9402459e-05
2.8830986e-05
0.0010781346
1.6023089e-05
0.00016589986
1.5884585e-05
1.722226e-05
2.1980761e-05
0.001337466
1.7561454e-05
1.5938412e-05
0.0019162955
2.7155259e-05
1.6311722e-05
2.4091448e-05
2.7018558e-05
1.5843917e-05
1.6293696e-05
1.6040497e-05
1.579376e-05
1.8264887e-05
1.6041619e-05
1.5812931e-05
1.5944925e-05
1.5791953e-05
1.6013059e-05
1.822591e-05
1.5927831e-05
1.5909325e-05
1.7856603e-05
1.5829147e-05
1.8401907e-05
2.1466707e-05
1.5961253e-05
1.580145e-05
1.6019841e-05
1.5803123e-05
2.2778505e-05
1.6040716e-05
1.9865325e-05
1.57943e-05
1.5914101e-05
1.6004936e-05
1.6454842e-05
1.5995564e-05
1.5951751e-05
1.5796384e-05
2.5722745e-05
1.8760351e-05
1.5834198e-05
0.0006481709
0.0012271296
0.0010072265
2.0836059e-05
1.5947741e-05
1.8805816e-05
1.5808888e-05
2.3258596e-05
1.5760149e-05
1.5738583e-05
1.6025074e-05
1.8733788e-05
1.5881831e-05
0.0016656298
2.4889443e-05
1.8446651e-05
1.8577162e-05
1.5935689e-05
6.7000544e-05
1.5955239e-05
1.849157e-05
1.6027297e-05
1.9999114e-05
1.5792929e-05
1.4667115e-05
1.5798933e-05
0.0011665196
1.5788506e-05
1.5826947e-05
1.8473037e-05
1.6036141e-05
1.5933481e-05
1.8641698e-05
1.6002314e-05
5.7126229e-05
1.5794401e-05
1.5854153e-05
1.6061662e-05
1.5880391e-05
2.1487232e-05
0.00013697554
1.6003466e-05
9.682783e-05
0.0011986261
1.8588076e-05
1.8672748e-05
0.0007930285
1.5997168e-05
1.592602e-05
1.6007371e-05
1.852063e-05
1.5830705e-05
1.5847237e-05
1.6230256e-05
1.6130894e-05
3.2004273e-05
1.5788842e-05
0.0009633305
1.5953181e-05
1.6497084e-05
1.5794601e-05
1.5823148e-05
1.5788146e-05
1.5913388e-05
1.8048024e-05
1.5794758e-05
1.8660232e-05
1.5796982e-05
6.8265367e-05
3.4080057e-05
0.0014776992
0.0014506479
1.5930262e-05
1.5820691e-05
2.6038938e-05
1.5947313e-05
0.0016425011
1.6039968e-05
1.8836373e-05
0.00036951827
1.5962253e-05
1.6624337e-05
1.8163122e-05
1.6035582e-05
2.0407373e-05
1.5835267e-05
1.5694809e-05
1.5586475e-05
1.5799843e-05
1.5834151e-05
0.0013763058
1.6755257e-05
1.578896e-05
1.581681e-05
0.0015345223
0.001612647
2.8590672e-05
1.6018719e-05
1.5875165e-05
1.5793113e-05
1.5808787e-05
1.5984327e-05
1.6164316e-05
1.5929264e-05
1.5985563e-05
1.6028703e-05
1.590006e-05
1.8909922e-05
1.5956443e-05
1.5886452e-05
2.21966e-05
1.5972762e-05
1.6000584e-05
1.5993276e-05
1.8251059e-05
1.5829274e-05
0.0019188857
4.0761802e-05
3.1621156e-05
1.604185e-05
1.5906942e-05
1.6016787e-05
1.5942931e-05
1.5988605e-05
1.5875394e-05
1.8127195e-05
1.596617e-05
1.6293397e-05
1.5923548e-05
1.6016494e-05
1.8109416e-05
1.5979796e-05
1.8805105e-05
1.5924517e-05
1.5786826e-05
1.7996482e-05
1.5792854e-05
2.3723153e-05
1.6080146e-05
1.578427e-05
2.4160097e-05
1.5977814e-05
5.9702201e-05
2.0943738e-05
1.7846772e-05
1.6020259e-05
1.6748459e-05
1.5907051e-05
1.5825765e-05
7.9340228e-05
1.5825306e-05
2.1180314e-05
2.4754501e-05
1.5803215e-05
1.5885377e-05
2.109769e-05
1.7849795e-05
1.5930243e-05
1.6020624e-05
2.0296184e-05
2.4973729e-05
1.6040873e-05
1.5817393e-05
0.00015833531
1.5881658e-05
1.5933354e-05
1.594552e-05
1.5836417e-05
1.9118893e-05
2.544126e-05
1.5986669e-05
0.001891212
1.5892835e-05
1.58315e-05
8.5563655e-05
1.7301236e-05
1.6027154e-05
1.5988842e-05
1.5830447e-05
2.0722724e-05
1.5938978e-05
1.5973342e-05
1.5982259e-05
1.5959706e-05
1.5884967e-05
1.5901167e-05
1.6022933e-05
1.5931603e-05
0.0017137422
1.658274e-05
1.5801976e-05
0.0019116249
1.6018005e-05
1.7276586e-05
1.6029463e-05
1.6181001e-05
1.7391183e-05
1.5995481e-05
1.5789197e-05
1.4916916e-05
1.6048645e-05
1.6070889e-05
2.7722485e-05
1.5981042e-05
0.0010403258
1.5928291e-05
1.5831064e-05
1.6035778e-05
1.6234306e-05
1.8513606e-05
1.5799278e-05
1.6004329e-05
1.6748225e-05
0.00071924107
1.5792912e-05
3.3254023e-05
0.0017819961
1.5785685e-05
1.6174143e-05
1.6016692e-05
2.1960509e-05
0.00064488784
5.7612622e-05
1.6158872e-05
1.5835735e-05
1.7609304e-05
1.5975702e-05
1.5800062e-05
1.5844458e-05
1.5833689e-05
1.5790708e-05
1.601568e-05
3.6613585e-05
1.6074294e-05
1.5915691e-05
1.6040256e-05
3.22046e-05
1.6576465e-05
1.5960391e-05
1.6879004e-05
1.5902549e-05
1.6006074e-05
1.5824445e-05
4.3844937e-05
0.0016284908
1.5847664e-05
1.5795518e-05
1.6025443e-05
2.4435125e-05
1.7574078e-05
1.5932339e-05
1.6056228e-05
1.600427e-05
1.5792437e-05
1.5926318e-05
1.5894583e-05
0.0015297714
2.007129e-05
1.9361482e-05
1.5800405e-05
1.6023966e-05
1.6555967e-05
1.5952284e-05
1.5803737e-05
1.6006741e-05
1.5889849e-05
0.00010954818
1.5834465e-05
1.7712977e-05
1.5992062e-05
1.6806388e-05
1.5943857e-05
1.7505255e-05
1.5857476e-05
1.6043825e-05
1.5874285e-05
1.6037444e-05
1.8397262e-05
3.598608e-05
1.5806656e-05
1.586331e-05
1.5913889e-05
0.0021181048
1.5805043e-05
1.965771e-05
1.5951956e-05
1.6022809e-05
1.5936028e-05
1.9165063e-05
1.579382e-05
1.6311974e-05
1.5991244e-05
1.6565892e-05
0.0012184958
0.0018923519
1.5793492e-05
1.6655545e-05
1.596387e-05
1.6015329e-05
1.5790323e-05
2.030664e-05
1.5996761e-05
0.00010625038
1.615719e-05
1.5903255e-05
1.5799267e-05
0.0011197476
1.5787192e-05
1.6996943e-05
1.5884161e-05
1.705066e-05
1.5987503e-05
1.5910298e-05
1.5783456e-05
1.6861885e-05
1.6203142e-05
1.5912073e-05
1.6267498e-05
0.00035752872
3.7959646e-05
1.6030718e-05
1.5807236e-05
1.7675975e-05
1.5998407e-05
1.5789538e-05
1.628303e-05
1.6008514e-05
1.5794537e-05
2.5067396e-05
0.00189705
1.5992967e-05
0.00011166741
1.6000159e-05
2.8852176e-05
0.0012170679
1.5982838e-05
1.6020881e-05
1.621785e-05
1.6042184e-05
1.5791804e-05
1.7753916e-05
1.6008444e-05
1.5972396e-05
1.6158081e-05
1.6150874e-05
1.5787622e-05
1.6008688e-05
1.600509e-05
1.6591271e-05
1.5795682e-05
2.049811e-05
1.5792071e-05
1.6021019e-05
1.5789253e-05
1.7142805e-05
1.5996484e-05
1.5795988e-05
2.4262674e-05
1.5982721e-05
1.5823092e-05
0.0012828309
1.6029676e-05
1.6050212e-05
1.5901154e-05
0.0024771159
1.5893014e-05
1.5834085e-05
1.5803218e-05
1.581266e-05
1.5993792e-05
1.5853122e-05
1.5787655e-05
1.60896e-05
1.5888728e-05
1.5864079e-05
0.00094081898
0.00067959424
1.5957071e-05
1.6033973e-05
8.6848105e-05
1.6272158e-05
1.6006999e-05
1.6433771e-05
1.6344134e-05
1.5960143e-05
1.5999871e-05
1.5926897e-05
2.439051e-05
1.5800821e-05
1.5797156e-05
1.5846417e-05
1.5320013e-05
1.7779044e-05
1.57908e-05
1.5929297e-05
1.6015797e-05
3.1398887e-05
1.896415e-05
1.5828367e-05
1.5790374e-05
1.5987042e-05
1.5902711e-05
1.6027245e-05
1.6038224e-05
0.00013252264
1.6028506e-05
1.5790618e-05
1.5288806e-05
1.6029081e-05
1.5793676e-05
0.00032677636
1.6611241e-05
3.2000885e-05
1.5888829e-05
0.0013560781
2.1597581e-05
0.00028165777
1.6079588e-05
1.5861537e-05
1.583883e-05
1.5805966e-05
3.0228264e-05
1.6694092e-05
9.0751463e-05
1.5848665e-05
1.8684476e-05
1.5865364e-05
1.602765e-05
1.6007879e-05
0.0018701517
0.00011263774
1.583816e-05
1.6459689e-05
1.582167e-05
0.0016665931
1.5971773e-05
1.6940006e-05
0.00014721828
2.8499105e-05
1.6734725e-05
0.0010732858
1.5783927e-05
1.6032514e-05
1.5970711e-05
1.6082901e-05
1.6588087e-05
1.5817091e-05
1.5848763e-05
1.6037215e-05
0.0013390986
0.0013114117
2.2651653e-05
1.5818299e-05
1.5785381e-05
1.5865201e-05
1.5793896e-05
1.579295e-05
0.0011718632
1.5985108e-05
1.5809913e-05
1.6039241e-05
1.600931e-05
1.5799254e-05
1.5846873e-05
1.5803108e-05
1.5819199e-05
1.5884891e-05
1.5984322e-05
1.5830067e-05
1.8297977e-05
6.6133792e-05
1.5936885e-05
1.6081026e-05
1.579397e-05
1.5793883e-05
1.5794516e-05
1.7870508e-05
1.6083198e-05
1.6041545e-05
1.5880071e-05
1.5935897e-05
1.5957244e-05
1.5859313e-05
1.5806273e-05
1.6035258e-05
1.5884872e-05
1.5955843e-05
1.5930157e-05
1.5934759e-05
1.6273001e-05
0.00018303507
1.5800413e-05
0.0010624032
1.6617401e-05
1.6044455e-05
1.5789816e-05
1.5907297e-05
1.5983985e-05
1.5836296e-05
1.6032135e-05
5.8513893e-05
1.6039244e-05
1.5985949e-05
1.6040065e-05
3.5713367e-05
4.4242371e-05
0.0018205365
1.5863985e-05
1.5883255e-05
1.5955886e-05
3.5811917e-05
1.6029599e-05
1.6731795e-05
1.6036231e-05
1.6284119e-05
1.5942657e-05
1.5798265e-05
1.5786679e-05
1.5883007e-05
1.5790017e-05
0.00010341516
1.5982925e-05
1.59569e-05
1.5858584e-05
2.8946871e-05
0.00094228839
1.6000738e-05
1.8385408e-05
1.580128e-05
1.6012813e-05
1.5794417e-05
0.00048798972
2.0802373e-05
1.616931e-05
1.6006517e-05
1.5905877e-05
1.6025342e-05
1.5960277e-05
1.6018476e-05
1.5857319e-05
1.5855789e-05
1.5961245e-05
1.5957334e-05
1.61838e-05
1.8965113e-05
9.2403184e-05
1.5794816e-05
1.5961101e-05
2.0582019e-05
1.592478e-05
1.5805423e-05
1.5795224e-05
1.5824715e-05
1.5943902e-05
1.5811764e-05
1.6040969e-05
1.6227345e-05
0.0017070762
1.5849301e-05
1.599615e-05
1.7968238e-05
1.5820378e-05
0.0015812789
1.5875276e-05
0.0015104656
1.5896402e-05
1.5951844e-05
1.5794892e-05
1.6019481e-05
5.486502e-05
0.0015244869
2.9254682e-05
1.6557552e-05
1.5785273e-05
1.5960146e-05
0.0015459211
1.6005519e-05
0.0013649082
1.5221902e-05
1.600306e-05
1.5807828e-05
1.6005932e-05
2.2134322e-05
1.5962583e-05
2.8722837e-05
1.5771497e-05
0.00074041144
1.6689823e-05
2.1168897e-05
1.633049e-05
2.3530356e-05
1.8480711e-05
2.740867e-05
1.6000368e-05
1.604152e-05
1.5921296e-05
1.6051925e-05
1.5967315e-05
0.00082969724
1.5875087e-05
1.5797254e-05
1.6057349e-05
1.5989638e-05
1.6017011e-05
1.5790025e-05
1.7699304e-05
1.58196e-05
1.5865037e-05
1.7620199e-05
1.604955e-05
1.6572727e-05
1.636262e-05
1.6578119e-05
1.6017292e-05
1.5973609e-05
1.5879304e-05
1.593272e-05
6.0873996e-05
3.8806577e-05
1.5931463e-05
1.6142058e-05
1.5997425e-05
1.4788187e-05
1.6215306e-05
2.7235341e-05
1.6779226e-05
2.9093582e-05
1.5953685e-05
2.5408469e-05
1.5927088e-05
0.00060907619
8.3497093e-05
0.0013521656
1.5802836e-05
1.5973398e-05
1.6136119e-05
6.0648657e-05
1.5790158e-05
1.9140973e-05
1.6223481e-05
1.6009736e-05
1.5826534e-05
9.663831e-05
2.3993942e-05
1.7459275e-05
0.001841537
1.6171372e-05
1.6032382e-05
2.6325792e-05
4.1438569e-05
0.0020858562
1.5818764e-05
1.6027238e-05
1.6027166e-05
1.7277736e-05
1.5797571e-05
1.6005549e-05
1.6040129e-05
2.1166412e-05
1.5954995e-05
1.6008637e-05
1.5874984e-05
1.5900967e-05
1.5793554e-05
1.5955766e-05
1.6000063e-05
1.6193766e-05
1.6579953e-05
1.6024969e-05
1.5982463e-05
0.00017398874
1.5955048e-05
1.5790453e-05
1.8687479e-05
1.5990174e-05
1.58013e-05
1.5847346e-05
1.5824329e-05
1.5960505e-05
1.5793922e-05
1.603303e-05
1.5791172e-05
4.1340606e-05
1.9334757e-05
1.5786909e-05
1.5884923e-05
4.4245474e-05
1.5926351e-05
1.5867052e-05
1.5925595e-05
1.5874553e-05
8.7250552e-05
2.461924e-05
1.6009785e-05
3.5783342e-05
1.5791146e-05
1.585232e-05
1.5634165e-05
1.6218236e-05
1.5916747e-05
1.5830653e-05
1.9609113e-05
1.6006619e-05
1.5950964e-05
1.5817259e-05
1.6120082e-05
1.6035073e-05
2.039368e-05
1.5874029e-05
1.5822524e-05
1.5815922e-05
0.0018040471
1.5952236e-05
0.0003223876
1.6008757e-05
4.1638962e-05
6.2533974e-05
1.5935686e-05
1.6020539e-05
1.8691222e-05
1.9508328e-05
2.8552466e-05
1.604056e-05
1.5974598e-05
1.5888287e-05
5.5483714e-05
1.6426254e-05
0.0015373442
1.5975326e-05
1.5985867e-05
4.1134678e-05
1.5816409e-05
1.5834073e-05
1.5960278e-05
1.6036031e-05
0.0013552908
1.5979755e-05
0.0014627592
1.5957625e-05
1.601435e-05
1.5848462e-05
1.593587e-05
1.5949344e-05
1.5845117e-05
8.8899576e-06
2.1224676e-05
0.00087398282
1.5934622e-05
2.974601e-05
1.5988374e-05
1.6037498e-05
7.485726e-05
1.5804011e-05
1.6017023e-05
1.5941169e-05
1.5842966e-05
1.5983786e-05
1.593241e-05
0.00059745788
0.001955152
1.5788127e-05
1.5808638e-05
1.5938679e-05
1.594288e-05
1.5984463e-05
2.2078399e-05
1.5993446e-05
1.5792373e-05
7.235713e-05
1.601923e-05
1.594319e-05
1.5889566e-05
2.3319045e-05
1.583932e-05
6.3706365e-05
0.0001726393
1.6415993e-05
0.0012101656
1.5854023e-05
1.5984338e-05
3.1661105e-05
1.7982574e-05
1.5790942e-05
1.5817131e-05
2.0302702e-05
1.7381745e-05
1.5976902e-05
1.5799656e-05
1.599669e-05
1.6015004e-05
1.5912818e-05
1.5880055e-05
1.5803639e-05
1.5816597e-05
1.6326912e-05
1.5819382e-05
1.5819673e-05
1.6053188e-05
1.5792134e-05
1.6185923e-05
2.1135264e-05
2.5140417e-05
0.0018853519
2.131008e-05
1.5891139e-05
0.0011067991
1.6533529e-05
1.5853534e-05
1.6014041e-05
1.602932e-05
1.5852013e-05
1.5867783e-05
1.57938e-05
1.8365889e-05
1.6021671e-05
1.5922839e-05
1.6144981e-05
1.5984806e-05
0.0014380445
1.6043606e-05
1.8096492e-05
0.0012690624
1.5809353e-05
1.5980222e-05
1.5926685e-05
1.6003611e-05
1.6050494e-05
1.5903625e-05
1.5791094e-05
1.5999947e-05
1.5933235e-05
3.5961808e-05
1.5921195e-05
2.5925276e-05
2.3246231e-05
1.6032645e-05
1.6045873e-05
3.6480767e-05
1.5860446e-05
1.5793596e-05
2.3062063e-05
1.5976736e-05
1.5965885e-05
1.8129048e-05
1.5793986e-05
0.0013396705
1.6023064e-05
1.8000763e-05
5.9357551e-05
1.5792256e-05
1.5528757e-05
1.5794565e-05
1.5834056e-05
1.6047901e-05
1.7623289e-05
1.6321223e-05
1.5875591e-05
1.5868831e-05
1.5793586e-05
1.6134112e-05
1.8921405e-05
1.5990608e-05
1.6493334e-05
1.4941499e-05
0.0018028586
1.5975745e-05
1.6031769e-05
1.5831145e-05
1.6039137e-05
1.7192289e-05
1.5793674e-05
1.6039902e-05
1.6025675e-05
1.590333e-05
1.9876568e-05
1.9233074e-05
1.6327251e-05
1.5926367e-05
1.5894652e-05
1.5999597e-05
1.783563e-05
1.5787579e-05
1.606232e-05
1.6931387e-05
1.6511775e-05
1.5793456e-05
3.4761607e-05
0.0013346637
1.8472668e-05
1.5876095e-05
1.8383123e-05
1.7792019e-05
0.0015795346
1.5816228e-05
6.8804835e-05
1.6044349e-05
1.5924972e-05
1.5908527e-05
1.6013399e-05
1.5825117e-05
1.6001214e-05
1.6027985e-05
1.6012596e-05
1.6022404e-05
1.5794462e-05
1.582625e-05
1.6046393e-05
1.5959581e-05
1.5829164e-05
1.5950425e-05
1.579508e-05
1.5830515e-05
0.00016569338
1.5980013e-05
1.5793098e-05
1.6007204e-05
1.58049e-05
1.5968988e-05
1.5902499e-05
1.5845591e-05
1.5972879e-05
1.5921163e-05
1.5803268e-05
1.6051746e-05
1.5951416e-05
1.604595e-05
2.7438562e-05
1.6217404e-05
1.5963465e-05
2.7400009e-05
0.0014956035
1.5966059e-05
1.5973208e-05
1.6027043e-05
1.5977104e-05
1.5993078e-05
1.5787132e-05
1.5827343e-05
1.5827933e-05
2.7250664e-05
1.600527e-05
1.5968499e-05
1.5986796e-05
1.579747e-05
1.5805473e-05
0.00091634433
1.6035484e-05
1.5802112e-05
0.00067758105
1.5995726e-05
1.593222e-05
1.5816891e-05
1.5901385e-05
1.6026516e-05
1.5817899e-05
1.6044286e-05
1.7462917e-05
1.5805916e-05
1.9251574e-05
1.5917798e-05
1.5794052e-05
1.5785457e-05
1.579738e-05
1.5998853e-05
1.58047e-05
3.7923783e-05
1.5860224e-05
1.5962561e-05
1.780136e-05
1.6030287e-05
0.00072650086
0.00073205828
1.6052488e-05
1.5791229e-05
1.6309366e-05
1.5813748e-05
1.6005538e-05
1.6003896e-05
0.0014909918
1.5791741e-05
1.7300615e-05
0.0019879115
1.6050945e-05
1.893623e-05
1.6008352e-05
1.5865958e-05
1.5926155e-05
1.5970342e-05
1.603615e-05
1.8480643e-05
1.6036063e-05
0.0007489476
1.6013244e-05
1.5942824e-05
1.5787155e-05
1.588146e-05
1.6020464e-05
1.6096628e-05
1.5896763e-05
1.5915153e-05
1.5851037e-05
1.5959452e-05
1.5948916e-05
1.6027413e-05
1.6025619e-05
1.5820223e-05
1.8883276e-05
1.3833677e-05
1.5854678e-05
2.0448968e-05
0.0018113473
1.5891336e-05
0.0010432071
0.0016863305
4.2896348e-05
1.6160121e-05
1.8528045e-05
2.1554677e-05
1.6005942e-05
1.58722e-05
1.586313e-05
1.5784265e-05
1.6036773e-05
1.6165936e-05
1.5987384e-05
0.00072822763
1.6101295e-05
1.8759989e-05
1.5909254e-05
1.5624476e-05
1.6599133e-05
1.6030332e-05
0.0011465442
1.649648e-05
0.00030924719
1.5953373e-05
0.0021188984
1.6024089e-05
1.5922479e-05
1.5803728e-05
1.9236548e-05
0.0018208433
1.773316e-05
2.1760654e-05
1.5921836e-05
0.0026532289
1.4517477e-05
1.5846625e-05
1.5987301e-05
1.5903358e-05
1.5880499e-05
1.5808823e-05
1.5915357e-05
1.6036085e-05
1.6016086e-05
1.6025729e-05
1.6342981e-05
2.0056336e-05
6.5640786e-05
1.5806024e-05
1.7678774e-05
1.8884911e-05
1.5790131e-05
1.5818174e-05
1.588327e-05
1.5942241e-05
1.6315144e-05
1.579298e-05
1.5939875e-05
0.00017702843
1.5836281e-05
1.9022454e-05
1.6065085e-05
1.5799669e-05
7.8535917e-05
1.5986665e-05
1.5992126e-05
1.5965964e-05
0.0015322833
0.0015059551
2.6452466e-05
1.6037574e-05
1.5857802e-05
1.5831044e-05
1.5837507e-05
5.497418e-05
1.5789524e-05
1.9552871e-05
1.9029859e-05
1.5815225e-05
0.00057855479
1.6017386e-05
1.5814821e-05
1.6032221e-05
1.5914881e-05
1.5884027e-05
0.00028311941
1.5794017e-05
1.5915868e-05
7.1205289e-05
1.5825762e-05
1.6018812e-05
0.0015426179
1.5876231e-05
1.5948026e-05
1.5790062e-05
1.6166584e-05
1.7093787e-05
1.6333503e-05
1.6596587e-05
1.5831996e-05
1.6016323e-05
1.5881978e-05
1.5819706e-05
1.565962e-05
1.6001534e-05
1.5765636e-05
1.5978228e-05
1.6784052e-05
0.00018324922
1.5922578e-05
1.5911235e-05
2.1932447e-05
1.7390576e-05
0.0018900412
1.5994846e-05
2.523915e-05
1.6019778e-05
1.5894644e-05
1.5952138e-05
1.5978807e-05
5.52282e-05
2.0424032e-05
1.6033967e-05
1.5889382e-05
1.578746e-05
1.6029666e-05
6.042589e-05
1.5815669e-05
2.2130906e-05
0.0015690517
1.5788748e-05
1.5873251e-05
1.6068612e-05
1.586884e-05
1.5801492e-05
1.5799135e-05
1.5982169e-05
1.5935575e-05
1.6131402e-05
1.7634115e-05
1.6031553e-05
1.6005082e-05
1.580063e-05
1.8003339e-05
1.58094e-05
1.6129553e-05
0.0013395673
1.6034206e-05
1.5864667e-05
0.00010991032
1.6591713e-05
1.5800427e-05
1.57914e-05
1.5957065e-05
0.0001595627
1.5991523e-05
1.602151e-05
1.5973097e-05
1.5790311e-05
1.6591361e-05
1.7848641e-05
1.7649611e-05
1.5948442e-05
1.5953847e-05
1.6018144e-05
1.5787948e-05
1.602403e-05
0.0021719958
4.4693121e-05
1.5991251e-05
1.7303992e-05
1.6447741e-05
3.1402981e-05
0.00072353074
1.5785789e-05
3.2690952e-05
0.0013890369
1.5795063e-05
0.00016441054
0.0016197349
1.5824825e-05
1.8329631e-05
1.5910839e-05
0.00015973726
1.5906272e-05
1.6054189e-05
1.5979211e-05
1.6152721e-05
1.6020174e-05
1.5792937e-05
2.1895963e-05
1.5790881e-05
0.0017216244
1.6130892e-05
1.5940523e-05
0.00013204581
6.632289e-05
1.5963066e-05
3.2177212e-05
1.6444413e-05
1.5794641e-05
1.5794236e-05
2.1912553e-05
1.6015472e-05
1.5898175e-05
0.0015351169
1.5787944e-05
1.5789528e-05
3.606277e-05
1.9288481e-05
1.6013237e-05
0.0025855034
1.5846853e-05
1.6051575e-05
1.6232335e-05
1.7279902e-05
1.9631762e-05
1.5958463e-05
1.5915766e-05
1.5940539e-05
1.5895496e-05
1.6805885e-05
2.501445e-05
1.5819361e-05
1.5862065e-05
1.5904446e-05
1.5972914e-05
1.5934864e-05
1.6016644e-05
0.00083589372
0.0018501773
1.5786458e-05
1.5812884e-05
1.6024542e-05
1.5794209e-05
1.5900736e-05
2.8394779e-05
1.5812596e-05
0.0013398285
1.5864787e-05
1.6003279e-05
3.0077522e-05
0.0021000432
1.6329681e-05
0.0004648673
1.6052876e-05
1.5856462e-05
1.595169e-05
1.5844681e-05
1.5973507e-05
1.5785616e-05
0.00058496323
1.6004655e-05
0.0012349158
1.6050349e-05
1.6142244e-05
2.2120464e-05
1.6031348e-05
1.6114457e-05
9.6121277e-05
1.5790007e-05
1.5793842e-05
1.6160136e-05
0.0014347333
1.6050074e-05
1.5884508e-05
1.5810158e-05
1.6034918e-05
1.5043671e-05
1.6098888e-05
1.6100171e-05
1.5811553e-05
1.6004513e-05
1.5786597e-05
1.5981915e-05
1.6010858e-05
1.9817212e-05
2.3896962e-05
1.605203e-05
1.6014201e-05
1.6010299e-05
2.9277903e-05
1.6122647e-05
1.7074116e-05
1.5903681e-05
1.6003147e-05
1.5993885e-05
0.00023950363
1.5984416e-05
1.6036074e-05
1.5920402e-05
0.0023616619
1.5930702e-05
1.5918441e-05
1.6031998e-05
1.5972969e-05
1.5791305e-05
1.6460204e-05
1.6018092e-05
1.5809946e-05
1.6023306e-05
1.8303448e-05
1.7020412e-05
1.601328e-05
1.6469172e-05
1.5788221e-05
1.6028345e-05
1.6026162e-05
0.00085620903
1.5920548e-05
2.8381698e-05
1.5798153e-05
1.6031971e-05
3.4487882e-05
1.5982376e-05
1.599902e-05
2.3218256e-05
1.6025389e-05
1.8258162e-05
1.967396e-05
1.5920108e-05
1.5847803e-05
1.687727e-05
1.6022668e-05
1.5791749e-05
1.6617209e-05
1.6027779e-05
0.00010439212
1.6093891e-05
1.5795039e-05
0.00083320787
1.5899486e-05
1.5929675e-05
1.2853428e-05
1.6017684e-05
1.6000165e-05
1.5986582e-05
1.5793956e-05
1.5973356e-05
1.5792531e-05
0.00067512525
1.7762939e-05
1.9263127e-05
0.00028036981
1.7923673e-05
1.1804452e-05
1.5811275e-05
1.6258173e-05
1.9666852e-05
1.6030921e-05
1.5786744e-05
1.7507314e-05
1.6037515e-05
1.5904595e-05
1.6016501e-05
1.5932368e-05
1.6017013e-05
1.6939596e-05
1.5802869e-05
1.5819408e-05
3.2077353e-05
1.8258866e-05
1.5829401e-05
1.5724247e-05
1.601626e-05
1.5788952e-05
1.7111888e-05
1.5984551e-05
2.4769058e-05
1.5933868e-05
1.5788746e-05
1.5796624e-05
1.6771998e-05
1.8934874e-05
1.9523701e-05
1.5934945e-05
1.5838823e-05
0.00014007556
1.808316e-05
1.5931097e-05
0.0002746539
1.7048344e-05
3.2989694e-05
1.5929734e-05
1.6029346e-05
6.2962373e-05
1.5984733e-05
1.5968461e-05
1.6018786e-05
1.5798771e-05
3.2712122e-05
1.5864671e-05
1.6708955e-05
1.5946062e-05
1.593361e-05
1.5789199e-05
4.0063243e-05
1.6011335e-05
1.5969561e-05
1.5984514e-05
1.5792201e-05
1.5791323e-05
1.5814761e-05
4.5425656e-05
1.5894973e-05
1.5876389e-05
2.8906977e-05
1.5894998e-05
1.5808202e-05
1.5861821e-05
1.8267029e-05
0.00048215205
1.5794572e-05
1.5792375e-05
1.6006376e-05
1.5815353e-05
1.5792557e-05
1.5790632e-05
1.6024815e-05
1.855788e-05
1.5985735e-05
1.5992996e-05
0.001079753
1.6037149e-05
0.0003075606
1.58443e-05
1.5969765e-05
3.2745958e-05
1.5986655e-05
1.5784492e-05
1.5993366e-05
1.6049446e-05
0.00011176135
1.5805438e-05
1.5821482e-05
1.5979844e-05
1.5868427e-05
1.5977912e-05
1.5890165e-05
1.5892015e-05
1.6016584e-05
1.8998948e-05
1.610129e-05
1.5853562e-05
1.6047385e-05
1.6021769e-05
1.8448229e-05
0.0014625281
1.6020197e-05
1.5933769e-05
1.5886869e-05
1.60315e-05
1.5822386e-05
3.6285677e-05
1.5881655e-05
1.5784507e-05
1.5830704e-05
1.596007e-05
1.8737097e-05
1.600752e-05
1.6019388e-05
1.3634466e-05
1.5788831e-05
1.5862423e-05
1.5958049e-05
0.00034049614
0.00076814906
1.6030445e-05
1.5925443e-05
1.6801493e-05
1.5811357e-05
0.0015227454
0.0015383152
1.5844043e-05
0.00030545667
1.5784399e-05
1.6364011e-05
1.6032054e-05
1.8051664e-05
1.6214726e-05
1.5890143e-05
1.5816644e-05
1.3956412e-05
1.5803273e-05
0.0019162873
2.925497e-05
2.4066397e-05
1.5887256e-05
1.5793156e-05
1.5891395e-05
1.5829547e-05
1.5887815e-05
1.823578e-05
0.0018316302
1.6253967e-05
0.00011449969
1.4454713e-05
1.5788644e-05
1.5819935e-05
1.5906892e-05
1.6004514e-05
1.6158937e-05
0.00017448254
1.5791977e-05
1.5897846e-05
1.6173327e-05
1.6004359e-05
1.6076921e-05
1.5962348e-05
1.6036686e-05
1.6045953e-05
1.7059135e-05
1.5790794e-05
1.5994587e-05
1.5786217e-05
1.6011392e-05
1.6037305e-05
1.5884557e-05
1.5904221e-05
4.1718104e-05
1.6164576e-05
0.000578867
1.5785858e-05
1.6040009e-05
1.5738468e-05
1.5995118e-05
2.0124135e-05
1.6026873e-05
1.6206986e-05
1.595495e-05
1.6000017e-05
1.6015123e-05
3.5332872e-05
0.00073217595
1.6361635e-05
1.5954981e-05
1.593163e-05
1.6153389e-05
1.6107841e-05
1.6042334e-05
1.5977797e-05
5.3054357e-05
1.7358546e-05
0.00077441378
1.5965773e-05
1.5791471e-05
1.585071e-05
1.5881285e-05
0.00024384766
1.580589e-05
1.604092e-05
1.6053666e-05
1.6020519e-05
1.597897e-05
1.5986477e-05
1.5787547e-05
1.4904272e-05
1.6028075e-05
1.9117417e-05
2.4199332e-05
1.5849285e-05
1.6080921e-05
1.6018004e-05
1.5809388e-05
1.5939376e-05
1.6116438e-05
1.5914419e-05
1.9096142e-05
1.5913485e-05
1.6842798e-05
1.5785712e-05
1.5969599e-05
1.6033567e-05
1.5915383e-05
1.5924739e-05
2.8999808e-05
0.00019690098
1.6001965e-05
1.6045216e-05
1.5794856e-05
1.5872952e-05
1.6039817e-05
1.6027517e-05
0.0025581214
1.5982514e-05
1.5909474e-05
1.5904312e-05
1.6016618e-05
1.7001275e-05
1.5752027e-05
1.7358125e-05
1.5840449e-05
1.5914264e-05
1.5895638e-05
1.5789246e-05
1.6045762e-05
1.5938367e-05
1.5964815e-05
1.5972605e-05
0.00079481406
1.6045445e-05
1.6026574e-05
1.57856e-05
0.0018491703
1.6131841e-05
1.6050733e-05
2.3057602e-05
1.5844517e-05
1.5958874e-05
1.5793784e-05
0.0013120071
4.6459038e-05
1.6004198e-05
1.5805288e-05
1.5957279e-05
1.6013403e-05
1.5992121e-05
1.5801008e-05
1.5885655e-05
1.5901223e-05
1.5994816e-05
4.171901e-05
1.5822977e-05
1.6245939e-05
1.5827754e-05
0.0018512998
1.5800032e-05
4.5028878e-05
1.5798903e-05
1.6015417e-05
1.5986833e-05
1.5798739e-05
1.7453627e-05
1.5788004e-05
1.6153431e-05
1.5893633e-05
2.0176258e-05
1.6131433e-05
1.6019479e-05
1.5893441e-05
1.5924663e-05
1.5858303e-05
1.581345e-05
1.6351809e-05
1.5793768e-05
1.5823288e-05
1.5896901e-05
0.00052468104
1.5930412e-05
1.7795893e-05
1.601962e-05
1.5791929e-05
1.6013357e-05
1.5853684e-05
1.6001975e-05
1.5921285e-05
1.5877539e-05
0.0010583458
1.5956643e-05
1.604367e-05
1.6067101e-05
1.5790383e-05
1.5794592e-05
1.5909165e-05
1.5857498e-05
1.6014973e-05
1.8884821e-05
1.5874524e-05
0.00073324579
1.5952758e-05
2.6798655e-05
1.5802438e-05
1.5788988e-05
1.6034798e-05
1.5790231e-05
1.6612657e-05
1.6459025e-05
1.5839144e-05
1.6166914e-05
1.601908e-05
1.5811845e-05
1.616962e-05
2.2180725e-05
1.6027287e-05
1.6074338e-05
1.6229576e-05
1.5995365e-05
1.579752e-05
1.6108544e-05
1.6031628e-05
1.5861117e-05
2.063959e-05
1.5933541e-05
1.5819374e-05
1.6175935e-05
4.3490105e-05
1.5916377e-05
1.6034261e-05
1.592627e-05
1.5990714e-05
1.5959852e-05
1.5933368e-05
1.6135901e-05
1.5840847e-05
1.5975251e-05
1.5976991e-05
1.720227e-05
0.0019460548
1.5790237e-05
1.5910967e-05
1.5860517e-05
1.5812111e-05
1.5867394e-05
1.6036996e-05
2.9477648e-05
1.5955848e-05
1.5835359e-05
1.5828835e-05
1.5915061e-05
1.6017859e-05
1.7192376e-05
1.5791668e-05
1.6994161e-05
1.5924887e-05
1.5811393e-05
1.5305979e-05
0.0018123545
1.5831736e-05
1.5971128e-05
1.5999217e-05
1.5965032e-05
0.001807142
0.00039293186
6.0192281e-05
1.5986645e-05
1.59553e-05
1.5811817e-05
0.0018932582
1.6589054e-05
1.5985248e-05
1.8646181e-05
1.5974969e-05
1.5947619e-05
1.6020458e-05
1.6030787e-05
1.602581e-05
1.5950004e-05
1.5951109e-05
1.6179212e-05
1.5960245e-05
1.5893556e-05
1.5793359e-05
3.4436484e-05
1.5914941e-05
1.5790213e-05
1.5968368e-05
2.104287e-05
1.6038657e-05
0.001598348
2.0798183e-05
8.0219084e-05
1.5874033e-05
1.5979875e-05
1.5996311e-05
1.5994458e-05
1.5900822e-05
1.6117546e-05
1.5969525e-05
1.6237093e-05
1.6083326e-05
1.581427e-05
2.2430342e-05
2.5225922e-05
1.5999909e-05
1.6000571e-05
1.58955e-05
1.6239998e-05
2.3468422e-05
1.6061389e-05
1.6066118e-05
1.5798783e-05
1.603119e-05
0.0017153683
1.6017294e-05
1.5541338e-05
0.0011509319
1.6052008e-05
1.7716077e-05
1.606163e-05
1.5796674e-05
5.368279e-05
4.7708648e-05
0.00012470036
1.5791766e-05
1.5975419e-05
1.7939596e-05
1.6033645e-05
1.8514898e-05
1.6040362e-05
1.5827273e-05
1.6037851e-05
0.0001824162
1.629643e-05
4.3416793e-05
1.6083524e-05
1.5890696e-05
1.5933423e-05
1.6050873e-05
1.6042132e-05
1.6093164e-05
1.7248777e-05
1.6224446e-05
1.5949604e-05
1.6003849e-05
1.6073757e-05
1.9026607e-05
1.6042673e-05
1.5864083e-05
7.5970292e-05
1.5961624e-05
1.6050895e-05
1.597353e-05
1.5989622e-05
0.0014907731
1.5962862e-05
1.6006138e-05
1.6010403e-05
1.5977321e-05
6.2068519e-05
1.5787841e-05
1.5829642e-05
1.5907694e-05
1.6052208e-05
1.9063355e-05
2.6626062e-05
1.6002133e-05
1.6021162e-05
1.5794925e-05
1.8632407e-05
1.581317e-05
0.00013365021
1.5799723e-05
1.5827781e-05
1.5947175e-05
6.2395164e-05
1.6055119e-05
1.6619254e-05
1.6041265e-05
1.5917843e-05
2.8041918e-05
0.0010776965
1.5818514e-05
1.595492e-05
1.5938203e-05
1.5807005e-05
0.0001029808
0.00010288827
0.00010232285
1.6314508e-05
1.6023534e-05
1.5790022e-05
1.5971281e-05
3.2586575e-05
1.6573505e-05
1.5889749e-05
1.5807792e-05
1.7759969e-05
0.0016843151
1.6115924e-05
1.6726507e-05
0.0016322658
0.0018350021
0.0002082626
1.6068719e-05
1.5975132e-05
1.5798778e-05
1.5788959e-05
1.5915406e-05
1.5983972e-05
1.599806e-05
1.5998738e-05
1.6434068e-05
1.5797339e-05
1.5888634e-05
1.5784981e-05
5.6498184e-05
1.5949958e-05
1.5960592e-05
1.5962173e-05
0.00064490918
1.5981519e-05
0.0013688078
1.5971431e-05
3.3384312e-05
1.702952e-05
1.8340361e-05
1.5943019e-05
1.5987495e-05
0.00080628988
1.5951591e-05
1.5976271e-05
1.5995873e-05
1.6393816e-05
1.6000559e-05
2.932994e-05
2.4160614e-05
0.00013574372
0.00021140087
0.00073308473
0.0013829996
1.5978641e-05
0.0001080382
4.4456247e-05
1.5916772e-05
1.5973249e-05
1.6042993e-05
0.0027669937
1.5863688e-05
1.6037253e-05
1.5997684e-05
1.6048632e-05
1.5840829e-05
1.5847952e-05
1.6041391e-05
1.5796208e-05
1.5792804e-05
0.0018996266
8.373163e-05
1.5938848e-05
0.0016858407
1.5826047e-05
1.5818363e-05
0.0016786074
1.6017788e-05
1.8772657e-05
6.7878162e-05
0.0011068069
1.6018615e-05
1.6027154e-05
1.5868088e-05
1.6057852e-05
1.5976091e-05
6.1853589e-05
0.00058412976
1.5935518e-05
1.6572963e-05
0.0006446215
1.5703316e-05
1.6549895e-05
1.6002339e-05
1.6107169e-05
1.7968209e-05
0.0011258553
1.600477e-05
0.0019350696
1.5858155e-05
1.5886174e-05
1.6040441e-05
1.6186543e-05
1.5973662e-05
1.3749899e-05
1.5809546e-05
1.5869685e-05
1.5807032e-05
1.5946005e-05
1.6058125e-05
0.00018838561
1.5995984e-05
1.6041857e-05
1.6020979e-05
1.579083e-05
0.001580874
1.5839227e-05
0.00022118539
1.5997045e-05
1.6022068e-05
1.6815035e-05
1.7255097e-05
1.9078282e-05
1.5937462e-05
0.00037059895
1.579561e-05
1.5978318e-05
1.6024226e-05
0.0022960141
1.5802318e-05
0.00038078961
0.00086481057
3.4361424e-05
0.0013621663
1.6035076e-05
1.5799109e-05
1.5817622e-05
1.5868481e-05
1.6797927e-05
1.7827872e-05
1.5990639e-05
1.8892464e-05
2.8419934e-05
0.0023212645
1.7559629e-05
1.6051814e-05
1.6877836e-05
1.5905805e-05
1.5802e-05
1.6001015e-05
0.001830815
1.7222387e-05
0.001375222
0.00077045563
1.580749e-05
1.5784105e-05
1.5887325e-05
0.0011509834
2.0061557e-05
1.5938381e-05
1.6017113e-05
1.7976704e-05
9.0157571e-06
1.6009435e-05
0.00051149589
3.1158109e-05
1.5971125e-05
1.5863442e-05
1.6042456e-05
1.5959251e-05
1.6199037e-05
1.5995533e-05
1.5792356e-05
1.5698829e-05
1.5970141e-05
0.0014557925
6.2508352e-05
1.5937556e-05
1.5996997e-05
1.5876336e-05
2.9520867e-05
1.5853452e-05
1.8009954e-05
1.6108157e-05
3.0065638e-05
1.5987151e-05
1.5792106e-05
1.6303314e-05
1.6857494e-05
1.5845671e-05
1.6350035e-05
1.6028774e-05
1.5793861e-05
1.5993559e-05
0.001545933
1.6040969e-05
1.6000088e-05
1.6005073e-05
0.00084900993
1.6029537e-05
1.6004908e-05
0.0019780448
0.0010859419
1.5895493e-05
1.6021567e-05
1.7575526e-05
1.5995206e-05
1.603739e-05
9.6796089e-05
1.8880453e-05
2.5610545e-05
1.5741168e-05
1.5947406e-05
0.0016199057
1.6032666e-05
1.6044917e-05
0.0018746465
1.5854022e-05
0.002577457
1.5803961e-05
0.0021249205
1.3679692e-05
0.00010773668
1.6207284e-05
1.6700552e-05
1.5946664e-05
0.0018822171
1.5793702e-05
1.584083e-05
1.584107e-05
1.5959312e-05
1.597902e-05
1.8195425e-05
1.6033877e-05
1.580847e-05
1.6244125e-05
1.6993116e-05
1.5787863e-05
0.0013858041
1.5821723e-05
1.5846208e-05
1.6047258e-05
1.5927855e-05
6.2643531e-05
1.5088541e-05
1.5986848e-05
1.5736462e-05
1.8531339e-05
1.6008249e-05
1.5811449e-05
1.6031058e-05
4.1745262e-05
1.6353904e-05
1.5981446e-05
1.6004742e-05
1.6032548e-05
1.5750728e-05
1.6025019e-05
1.578524e-05
1.6049204e-05
1.6047234e-05
0.00029207107
1.6009481e-05
7.8990051e-05
7.9330865e-05
1.5800115e-05
1.5930328e-05
1.791107e-05
2.2247285e-05
0.00013684153
0.00014211042
0.0016754868
2.0753852e-05
1.5787191e-05
0.0010851542
1.604684e-05
1.6019789e-05
1.5795182e-05
1.5850421e-05
3.6666256e-05
4.1741775e-05
0.00012342473
1.5799115e-05
1.5945284e-05
1.5795693e-05
1.6054108e-05
1.6038179e-05
1.8890344e-05
5.849938e-05
0.00012324824
1.8854799e-05
1.5786616e-05
1.57956e-05
1.6013542e-05
1.602085e-05
1.5835318e-05
0.0016511972
1.6023984e-05
1.6081455e-05
1.578641e-05
0.00084288497
1.5837237e-05
0.0016111554
1.5788549e-05
1.5936864e-05
1.5933066e-05
0.0013545294
0.0013603528
1.6011762e-05
0.0015911294
1.6040442e-05
1.9105919e-05
1.5797878e-05
1.5887562e-05
1.5954014e-05
0.00049173383
1.5976879e-05
1.5873659e-05
1.6242879e-05
1.5798678e-05
0.00060032082
1.6004645e-05
1.5288877e-05
4.9632316e-05
1.5818303e-05
1.5960669e-05
1.6097123e-05
1.935821e-05
1.4551943e-05
1.5806225e-05
1.5834123e-05
1.5916245e-05
1.6446718e-05
7.9744911e-05
1.5950711e-05
1.5814472e-05
1.5916235e-05
1.5889643e-05
0.0021204316
1.4289394e-05
1.6016346e-05
1.5821198e-05
1.5791099e-05
1.6037744e-05
1.5786669e-05
1.5935355e-05
1.5792792e-05
4.2426568e-05
0.00010336159
1.5930086e-05
1.6004297e-05
1.5940101e-05
1.6017076e-05
1.579083e-05
1.5872035e-05
1.7969821e-05
1.6433506e-05
1.7188803e-05
0.0029330273
1.6019351e-05
1.5994602e-05
1.5915211e-05
1.597901e-05
1.5818876e-05
1.5993479e-05
1.6023839e-05
0.00062140528
6.4712691e-05
4.440215e-05
5.7760465e-05
5.4874849e-05
1.5790067e-05
8.109419e-05
2.9423531e-05
1.6016367e-05
2.378561e-05
1.5866598e-05
1.593964e-05
1.5784547e-05
1.5841912e-05
1.5884567e-05
2.0073998e-05
1.579554e-05
1.5794419e-05
1.5821882e-05
1.4263445e-05
0.00086291974
1.579652e-05
1.5940961e-05
7.4773737e-05
1.6162893e-05
1.5962868e-05
1.5992325e-05
1.5823168e-05
1.5796311e-05
1.5789441e-05
1.4994235e-05
1.5813955e-05
0.0013506475
1.9822082e-05
1.5995113e-05
1.5800742e-05
6.824332e-05
1.8119622e-05
9.3382389e-05
1.591229e-05
1.6035103e-05
1.6037464e-05
0.0015795047
1.5807457e-05
1.0381714e-05
1.5890294e-05
1.600006e-05
1.6352401e-05
1.6050665e-05
1.5793284e-05
1.600131e-05
1.5905654e-05
1.5791646e-05
1.6007533e-05
1.6034776e-05
1.9296047e-05
1.589558e-05
2.1557924e-05
0.0003859059
1.59359e-05
1.5988585e-05
1.7816981e-05
1.5796589e-05
1.6070975e-05
1.5789063e-05
1.599609e-05
1.876406e-05
0.0016101468
1.6243121e-05
1.6071599e-05
1.5791944e-05
1.5799066e-05
1.5821918e-05
1.6098329e-05
1.6073379e-05
0.0014420281
1.5899849e-05
1.5800157e-05
1.6609204e-05
9.3167369e-05
1.5990412e-05
1.5810978e-05
0.00016912613
5.0277431e-05
2.1231925e-05
1.6184642e-05
1.5786715e-05
1.5846713e-05
1.6023062e-05
3.2035411e-05
1.6032529e-05
1.7416205e-05
1.5792407e-05
1.5954036e-05
7.5044977e-05
2.1012418e-05
1.6878176e-05
1.5854486e-05
1.8681415e-05
1.5898989e-05
1.5933935e-05
1.585405e-05
1.5914916e-05
1.5882642e-05
1.6009342e-05
1.5799703e-05
1.3766089e-05
1.5918119e-05
2.7874945e-05
3.8103893e-05
2.3260281e-05
1.5783087e-05
1.6211153e-05
2.4067869e-05
1.59338e-05
1.7231811e-05
1.585915e-05
1.5830118e-05
1.604294e-05
1.5814362e-05
1.5832471e-05
1.5859676e-05
0.0021238018
1.5911863e-05
1.5856211e-05
1.5995071e-05
1.5830654e-05
1.5961267e-05
1.7465514e-05
1.601413e-05
1.6967545e-05
1.5863595e-05
0.0013749117
1.6037354e-05
1.6556943e-05
1.7144413e-05
1.5793671e-05
1.5963244e-05
1.5935826e-05
1.6083348e-05
1.5966309e-05
1.5839251e-05
1.5992397e-05
1.580926e-05
1.5905574e-05
1.6004168e-05
1.5896524e-05
1.5797717e-05
4.0407783e-05
1.6031441e-05
1.601792e-05
2.0896269e-05
1.6035361e-05
1.6000565e-05
1.5981686e-05
1.5922919e-05
1.5822804e-05
4.1128829e-05
2.0405569e-05
2.1978359e-05
1.6129123e-05
1.6912896e-05
2.015119e-05
1.5976639e-05
0.0014188839
1.6701779e-05
1.6061942e-05
4.1732199e-05
1.6094957e-05
1.5960337e-05
2.4940726e-05
1.6026202e-05
0.0019008501
1.6010323e-05
2.0759654e-05
0.00160408
1.5991557e-05
1.6248633e-05
0.0010797551
0.00013001764
1.5788111e-05
1.5898004e-05
1.5926708e-05
1.5979501e-05
1.5799614e-05
1.5855988e-05
1.6026821e-05
1.6377959e-05
1.5934612e-05
0.0011046226
1.6048469e-05
1.583976e-05
6.6420007e-05
1.6028185e-05
0.00057571124
0.00010072408
1.61508e-05
1.579281e-05
1.5790017e-05
2.7999022e-05
1.7933731e-05
1.5798606e-05
0.0001667213
1.6011954e-05
0.00013894869
1.7893548e-05
1.602405e-05
1.6068608e-05
0.000239515
1.6014028e-05
1.5913013e-05
1.5860957e-05
0.001286702
1.5790323e-05
1.5832225e-05
2.9126171e-05
2.9258241e-05
1.6050902e-05
1.6424106e-05
1.5802157e-05
5.3738766e-05
1.5998822e-05
1.5962959e-05
1.7079315e-05
0.0001189011
0.0016738914
1.604584e-05
3.4008582e-05
1.5801754e-05
2.3030981e-05
1.6572169e-05
1.5807168e-05
1.60132e-05
1.556752e-05
1.6106473e-05
1.5857652e-05
8.3326591e-05
1.5793745e-05
1.5903153e-05
1.5842963e-05
1.5790489e-05
0.0015058125
2.2237159e-05
1.6018827e-05
1.5799147e-05
0.00044931594
1.5906077e-05
2.0807609e-05
1.603273e-05
1.5877881e-05
1.5842707e-05
1.590279e-05
1.5828792e-05
1.912709e-05
1.602852e-05
1.5896756e-05
0.0028440444
2.4461302e-05
1.6008127e-05
1.5822456e-05
0.002555936
1.5789945e-05
1.6020291e-05
0.0020534937
1.6014575e-05
1.6094093e-05
1.5784416e-05
1.597522e-05
1.3922346e-05
1.5958543e-05
1.6228376e-05
1.5854803e-05
1.5888216e-05
1.6022913e-05
0.0018818878
1.5991835e-05
1.598512e-05
9.2384175e-06
1.6001921e-05
1.8600665e-05
1.647645e-05
1.6141652e-05
0.00076502069
1.5797457e-05
1.6111709e-05
1.5922404e-05
1.607215e-05
1.6020118e-05
1.6091409e-05
1.6002104e-05
1.6019813e-05
1.6043631e-05
4.3888329e-05
3.022058e-05
1.4084982e-05
3.7047098e-05
1.5938985e-05
1.5042861e-05
1.8355057e-05
1.5947483e-05
1.5841406e-05
4.436479e-05
1.6034847e-05
0.00013505177
1.6033563e-05
1.6002834e-05
1.5939608e-05
1.5795438e-05
0.0012444267
1.6039445e-05
1.6196935e-05
1.5793422e-05
4.1129969e-05
6.58046e-05
2.0997449e-05
1.6002063e-05
2.1079239e-05
1.6000066e-05
1.8966679e-05
1.5900014e-05
1.5830531e-05
1.6000108e-05
1.5810102e-05
0.00016663983
1.5945602e-05
1.6143081e-05
2.9265798e-05
1.5797097e-05
1.6001377e-05
1.5792542e-05
1.5922296e-05
1.6117831e-05
0.0014066259
1.599261e-05
1.5992035e-05
1.5885939e-05
1.5956488e-05
1.5795475e-05
1.5843387e-05
1.5965123e-05
1.617402e-05
4.82484e-05
1.665652e-05
1.5987287e-05
1.6030297e-05
4.6542589e-05
1.5938006e-05
1.5796303e-05
0.0014212895
1.591601e-05
1.6437098e-05
1.5787614e-05
1.5872794e-05
2.9145614e-05
1.5197188e-05
2.4770561e-05
1.5861789e-05
2.1234689e-05
1.7321838e-05
0.0018640169
1.6219617e-05
2.8588624e-05
1.6174587e-05
1.579604e-05
1.5935557e-05
2.4119968e-05
1.6005198e-05
3.2467536e-05
1.6862764e-05
1.8622477e-05
1.6025626e-05
1.5829607e-05
1.5821649e-05
1.581051e-05
1.6036064e-05
3.8558645e-05
1.6025028e-05
9.7048414e-05
1.5802632e-05
1.8051081e-05
1.5859473e-05
1.5803939e-05
0.0016786394
0.00028107111
1.5792073e-05
1.5876828e-05
2.3706202e-05
1.5795419e-05
1.6003516e-05
1.8994794e-05
1.5988295e-05
1.5803367e-05
1.5914122e-05
1.5951608e-05
1.5927576e-05
1.8382562e-05
6.660429e-05
0.0015163616
1.595186e-05
1.595761e-05
1.583517e-05
0.0026217408
1.6186879e-05
1.6010285e-05
0.0014905395
1.6154249e-05
0.0014666158
1.579225e-05
1.6045037e-05
1.6021969e-05
1.6013078e-05
1.596205e-05
3.0437017e-05
1.5891624e-05
0.0019559247
1.5896984e-05
1.587332e-05
1.6017786e-05
1.5909777e-05
0.0017532565
1.579231e-05
2.1548773e-05
1.5829488e-05
1.6010369e-05
1.6019051e-05
1.599942e-05
1.5748843e-05
1.6048645e-05
1.6041264e-05
1.8258114e-05
1.5976936e-05
2.48876e-05
1.58004e-05
2.3332478e-05
1.5956414e-05
0.0017091361
1.5875805e-05
1.9767569e-05
1.4630497e-05
1.5785593e-05
1.6017661e-05
1.9626702e-05
1.5885692e-05
1.5951521e-05
0.00010958597
2.212371e-05
1.5834447e-05
1.5813829e-05
0.00080300704
3.4451741e-05
1.5835269e-05
1.5796835e-05
1.587856e-05
5.5920614e-05
1.5892666e-05
0.00052319889
1.5931079e-05
1.6085946e-05
1.6842269e-05
1.6015007e-05
1.5977168e-05
1.5981738e-05
1.603853e-05
1.5997614e-05
1.7921698e-05
1.5788409e-05
1.5822409e-05
1.607913e-05
3.3940248e-05
1.7430377e-05
1.7096717e-05
1.6177083e-05
1.581621e-05
1.9461898e-05
1.5796132e-05
1.5950853e-05
1.8317838e-05
0.0012671876
5.2541257e-05
7.5757438e-05
1.6014829e-05
1.6007632e-05
1.578993e-05
1.7416492e-05
5.6021636e-05
1.6028628e-05
1.599371e-05
1.5841057e-05
3.5973055e-05
2.3592242e-05
1.5955556e-05
6.2990461e-05
2.3805077e-05
4.6822674e-05
1.653469e-05
1.4866803e-05
0.00076868388
1.5795339e-05
1.6782123e-05
3.6043721e-05
1.5964251e-05
1.5995275e-05
1.5784339e-05
1.5904298e-05
1.579285e-05
1.5824821e-05
1.6017419e-05
0.0025705954
1.5819344e-05
1.6124007e-05
1.579407e-05
1.5995816e-05
1.5792748e-05
1.6041742e-05
0.0023272149
1.5948467e-05
1.5982944e-05
0.00025622481
1.8450008e-05
1.6169327e-05
1.5942639e-05
1.5995648e-05
1.6361385e-05
1.5906275e-05
1.5971564e-05
0.0016809913
1.5866251e-05
1.5789864e-05
1.9461691e-05
2.0132001e-05
1.5929724e-05
0.00020607029
1.7909733e-05
1.5258803e-05
1.6434786e-05
1.2375221e-05
1.6000687e-05
1.8009589e-05
2.3424858e-05
1.5836356e-05
1.5969767e-05
1.9182779e-05
3.2228534e-05
1.5946233e-05
2.5608877e-05
1.583799e-05
1.6654334e-05
1.5939731e-05
1.603215e-05
0.00054553394
9.3079322e-05
1.5787874e-05
1.6084446e-05
5.4572115e-05
0.0020822828
1.0558785e-05
1.60743e-05
1.6052779e-05
1.5862718e-05
1.5843485e-05
1.5993291e-05
1.5899617e-05
1.5785377e-05
1.5137811e-05
1.5863923e-05
1.5992841e-05
5.0167713e-05
1.6014315e-05
1.5853757e-05
0.0019276057
1.6055988e-05
2.4371122e-05
1.6023259e-05
1.5800678e-05
1.5919922e-05
1.580315e-05
1.580186e-05
1.6044218e-05
1.6020146e-05
8.08579e-05
1.6021601e-05
1.5972276e-05
1.59618e-05
1.5799985e-05
8.2584191e-05
1.5959559e-05
1.8885838e-05
2.1323027e-05
2.1491203e-05
4.5728964e-05
1.6019382e-05
1.603962e-05
2.1638335e-05
1.6057642e-05
1.5917825e-05
1.4681214e-05
0.0013580595
2.1783812e-05
1.6278099e-05
3.5413204e-05
1.5892668e-05
2.6565738e-05
2.1965111e-05
1.5895583e-05
1.5816355e-05
8.0350161e-05
1.6351733e-05
1.6021107e-05
1.5767956e-05
1.572893e-05
2.2107705e-05
1.6365132e-05
1.5790468e-05
1.5993922e-05
1.5804197e-05
2.2294262e-05
2.2847018e-05
1.6198118e-05
2.2378746e-05
3.9205975e-05
2.0463311e-05
2.2532876e-05
1.5917219e-05
2.266517e-05
1.6029286e-05
3.6170068e-05
1.5964517e-05
1.5792677e-05
1.5843118e-05
2.2804243e-05
1.7614018e-05
1.6030226e-05
0.0019138162
0.00049384193
1.6197447e-05
1.5943303e-05
1.5791882e-05
1.600717e-05
1.5793354e-05
1.5788833e-05
1.5958578e-05
0.0008218499
1.7649018e-05
2.1151224e-05
1.5796876e-05
1.5904545e-05
1.5990717e-05
0.0012942581
2.8399831e-05
0.00016240172
0.0013684513
1.6022229e-05
0.00047427559
1.6337557e-05
1.5974067e-05
1.9057709e-05
1.6002808e-05
1.6033528e-05
3.0323579e-05
1.5821121e-05
2.118218e-05
2.767939e-05
0.0023455862
1.6203333e-05
1.5944121e-05
1.5792229e-05
1.5787349e-05
1.5791278e-05
1.8012208e-05
1.5816755e-05
1.6053988e-05
1.5825975e-05
1.5798026e-05
1.5776212e-05
2.640034e-05
1.6020875e-05
1.9400729e-05
1.6010448e-05
1.5884727e-05
1.5791911e-05
1.7465581e-05
1.5793279e-05
1.5810356e-05
0.0016093172
1.5994881e-05
1.5856016e-05
2.044824e-05
1.6353518e-05
0.00088402265
1.5939907e-05
1.5796251e-05
1.634431e-05
1.5788423e-05
1.6199466e-05
1.6146481e-05
1.604862e-05
1.59982e-05
1.6014979e-05
1.5832034e-05
1.5793423e-05
1.892929e-05
1.5899311e-05
0.0012680504
1.620824e-05
2.4462828e-05
1.6053559e-05
1.6019775e-05
1.8426645e-05
1.6791065e-05
1.6059884e-05
7.3146451e-05
1.5975832e-05
1.579772e-05
0.0013059038
0.00093700513
1.580491e-05
1.5972202e-05
1.5793614e-05
1.6004198e-05
1.5885119e-05
4.1296433e-05
1.6038327e-05
2.9792461e-05
1.6240346e-05
1.5795529e-05
0.00049035434
1.589589e-05
0.0010691521
1.5942296e-05
3.1161056e-05
1.754623e-05
2.9534755e-05
1.6032569e-05
1.5905872e-05
1.5951258e-05
1.6008127e-05
0.0010223762
2.7874051e-05
0.0023657133
1.5923578e-05
0.0007808577
1.5916368e-05
1.5799652e-05
1.599206e-05
1.6019888e-05
1.5840069e-05
0.002504039
0.0004506407
1.5942433e-05
0.00010298977
1.5941119e-05
1.5938667e-05
1.6060337e-05
4.43365e-05
1.5997995e-05
1.8886357e-05
6.5635391e-05
1.5823356e-05
7.8770286e-05
1.6028552e-05
0.00076694871
2.978062e-05
1.5885206e-05
1.6086202e-05
1.5987219e-05
1.5818538e-05
0.0018156003
1.60462e-05
1.5939506e-05
1.5925653e-05
1.6037979e-05
1.5806736e-05
5.9920443e-05
1.580822e-05
1.6000611e-05
1.594557e-05
0.001487715
0.001475025
1.5784913e-05
1.580423e-05
0.00057932381
3.3601995e-05
1.5786638e-05
1.5789891e-05
1.6533709e-05
1.6031598e-05
1.6032646e-05
0.0026234062
1.6044935e-05
1.596355e-05
0.0015882762
0.0015179318
1.5997474e-05
0.0013666419
2.0953793e-05
1.6029319e-05
1.5788279e-05
1.9429068e-05
0.00012273176
1.5845646e-05
1.7622323e-05
1.9997649e-05
6.0059405e-05
1.5796324e-05
1.5995447e-05
1.6107281e-05
1.7364776e-05
1.6050419e-05
1.4979868e-05
1.6027484e-05
1.603104e-05
1.6114527e-05
1.6089375e-05
1.645852e-05
4.3237306e-05
3.3401683e-05
0.00043449361
1.5794135e-05
0.0019652009
1.5894615e-05
1.5799268e-05
1.5823607e-05
1.6010368e-05
1.590454e-05
1.6010691e-05
0.00047604569
8.4022893e-05
1.6880051e-05
1.9025882e-05
1.7504406e-05
2.3118148e-05
0.0021057316
8.7218242e-05
1.593116e-05
1.6134509e-05
1.5965066e-05
2.6781798e-05
2.8169315e-05
1.6036841e-05
1.6165249e-05
0.0018991262
0.00033815117
1.5791922e-05
1.6082823e-05
1.5806064e-05
1.5988398e-05
1.6007014e-05
4.4935171e-05
1.6128432e-05
1.6194583e-05
1.6429795e-05
0.00055143131
1.5982527e-05
1.5871675e-05
1.5970122e-05
1.5982547e-05
3.5852347e-05
1.5827084e-05
1.5820529e-05
1.6015892e-05
2.8197017e-05
1.5918976e-05
0.00013529994
1.6129498e-05
0.00020669257
1.6016849e-05
1.5793593e-05
4.6396927e-05
2.2467856e-05
1.5836256e-05
5.019648e-05
0.00030904559
2.5014699e-05
1.6038565e-05
1.6035815e-05
0.0011371202
1.6037186e-05
0.0030493108
1.7097236e-05
1.8537693e-05
1.5972392e-05
3.639731e-05
1.579003e-05
4.821181e-05
1.6015644e-05
1.5803738e-05
4.4572083e-05
1.7978838e-05
2.4780468e-05
1.5830721e-05
1.5997785e-05
3.3527152e-05
3.0752162e-05
1.5953629e-05
1.5996497e-05
0.0021048649
9.4426713e-05
5.9487618e-05
1.5793356e-05
0.00038626822
4.4593146e-05
1.5800747e-05
1.6882991e-05
2.6108197e-05
1.5899224e-05
1.6028267e-05
1.9027353e-05
1.5941078e-05
0.0014118771
1.5984791e-05
1.6031511e-05
1.6333731e-05
1.5959724e-05
8.8676787e-06
1.60219e-05
1.5958354e-05
1.5809684e-05
1.5834224e-05
1.8758477e-05
0.0016422749
1.6049189e-05
1.6446119e-05
1.601828e-05
1.5924621e-05
1.5949227e-05
1.5950338e-05
1.8889976e-05
1.5852054e-05
1.5791578e-05
1.5819718e-05
1.6402619e-05
1.9553858e-05
2.241591e-05
0.00010698162
1.6048577e-05
1.5798802e-05
1.1145997e-05
1.6172638e-05
2.6704472e-05
3.3214309e-05
1.6905449e-05
1.5800696e-05
1.5937098e-05
0.00067528785
1.871094e-05
1.5890899e-05
1.7622386e-05
1.5842835e-05
1.7560088e-05
1.5806552e-05
1.5808758e-05
1.580729e-05
1.610102e-05
1.6014958e-05
1.8887275e-05
0.00012124885
4.2441783e-05
1.5793397e-05
1.6688515e-05
1.5786784e-05
1.5796499e-05
0.00098447649
0.00026232849
1.580328e-05
1.5016383e-05
4.5159021e-05
1.5883568e-05
1.6165684e-05
1.5801982e-05
1.5787168e-05
1.59814e-05
1.5920179e-05
0.0013375347
0.0012730898
9.8483809e-06
1.5803254e-05
1.6104084e-05
3.3150761e-05
0.00012819789
1.5813725e-05
1.6089554e-05
0.001871004
0.0018891499
2.2073769e-05
1.5971771e-05
1.5904628e-05
1.5811828e-05
1.5813614e-05
5.9818907e-05
1.579181e-05
1.6019948e-05
1.5975259e-05
1.589837e-05
1.6050799e-05
1.6107594e-05
1.5865356e-05
0.0011174423
3.8192888e-05
1.5791328e-05
0.0010601028
5.4661399e-05
0.0024765995
1.6046429e-05
2.5800847e-05
4.0412316e-05
1.5802368e-05
1.5789449e-05
1.6072687e-05
1.6065923e-05
1.6020083e-05
4.8159628e-05
2.9055958e-05
1.5802602e-05
1.5977794e-05
2.2873216e-05
1.6036937e-05
1.6022817e-05
1.5785768e-05
1.5976683e-05
1.5933156e-05
1.596457e-05
1.606388e-05
1.5806508e-05
7.9092733e-05
2.0200342e-05
1.616783e-05
1.5797634e-05
1.5997698e-05
1.5819072e-05
1.5914227e-05
1.6033737e-05
1.5970079e-05
1.5999862e-05
1.5806961e-05
1.5804923e-05
1.5788281e-05
2.8739823e-05
1.5892226e-05
1.6017019e-05
1.5992476e-05
1.6117534e-05
1.7390044e-05
1.5794285e-05
1.5907878e-05
1.9384148e-05
1.5967763e-05
1.5830707e-05
0.00082636595
1.600733e-05
0.0007549532
1.5791006e-05
1.5802061e-05
0.0021618873
0.00017266821
0.00058701254
1.5926348e-05
1.6074257e-05
1.602644e-05
1.6032464e-05
1.7002642e-05
0.0021202622
0.0021255052
1.5935986e-05
1.695195e-05
4.8436859e-05
0.0014205353
1.5984813e-05
1.5831357e-05
1.5819415e-05
1.5982317e-05
2.7200317e-05
1.5927356e-05
1.601618e-05
1.5827373e-05
2.1860069e-05
1.5963879e-05
2.2725821e-05
1.5899182e-05
1.6024681e-05
1.5864332e-05
1.5958983e-05
3.5020816e-05
1.6024195e-05
0.00049555019
2.4248147e-05
0.00081574866
1.5989024e-05
1.5940315e-05
1.58132e-05
1.6023851e-05
1.6001132e-05
1.733498e-05
2.4869468e-05
1.6012194e-05
1.5859906e-05
0.0001027607
1.6020316e-05
1.5990489e-05
3.5238423e-05
1.0675588e-05
4.6322719e-05
4.7709001e-05
1.5972078e-05
0.00084003506
1.5670805e-05
0.0015397935
1.6034678e-05
1.593918e-05
1.6116577e-05
1.6012252e-05
1.6137696e-05
1.5797893e-05
0.0013013692
4.1297487e-05
1.5998716e-05
0.0013464664
1.5907998e-05
1.5377161e-05
1.5800927e-05
1.5802768e-05
1.5800687e-05
1.5834909e-05
1.592438e-05
1.6024622e-05
1.6011106e-05
1.5945986e-05
3.927732e-05
0.0017987548
1.9653814e-05
2.8649697e-05
1.6016661e-05
1.6000291e-05
1.5950719e-05
2.3430427e-05
1.6024846e-05
1.5826357e-05
1.671946e-05
1.6053355e-05
1.7001106e-05
1.6003996e-05
1.5916162e-05
0.0015267557
1.6028152e-05
8.7117992e-05
3.6396542e-05
1.5966908e-05
4.8193814e-05
1.5789513e-05
1.8258827e-05
2.2171053e-05
7.8646026e-05
1.6006541e-05
1.5851566e-05
1.5936465e-05
1.5973063e-05
1.5952146e-05
1.5831325e-05
1.6334152e-05
4.6348148e-05
1.5830273e-05
1.5894077e-05
1.5803095e-05
1.9366693e-05
2.9365227e-05
0.0010835156
1.5969473e-05
4.1880541e-05
1.5988146e-05
1.6087774e-05
4.6584011e-05
4.7395956e-05
1.8110555e-05
4.9112649e-05
1.5792938e-05
0.0019754479
5.0605668e-05
1.6031307e-05
0.0020786603
1.5999245e-05
1.5988533e-05
1.603404e-05
1.5862676e-05
1.6018457e-05
1.6073281e-05
0.0011747004
5.1135437e-05
1.8107285e-05
1.6007659e-05
1.5880543e-05
1.5976924e-05
1.5978908e-05
1.6039227e-05
1.5291546e-05
1.5792298e-05
1.6028115e-05
3.7745565e-05
1.7310407e-05
4.4133028e-05
1.647338e-05
1.583318e-05
1.5924572e-05
1.5804051e-05
1.5974408e-05
1.5882065e-05
1.5856022e-05
1.7772302e-05
0.0010785152
1.5796193e-05
1.5945013e-05
1.596193e-05
1.5840592e-05
1.5787412e-05
1.2482438e-05
1.5821699e-05
2.1239335e-05
1.6002955e-05
1.6595699e-05
1.5954953e-05
1.5984293e-05
1.5939245e-05
0.0011051171
3.7189262e-05
2.9089484e-05
4.2062888e-05
1.6009263e-05
2.2719906e-05
1.5790008e-05
1.7896534e-05
1.5794205e-05
1.6041249e-05
1.5795366e-05
1.8267907e-05
1.6198306e-05
1.5803541e-05
1.9148372e-05
0.0015200307
1.5876684e-05
1.607111e-05
1.6004518e-05
1.6152459e-05
1.5817402e-05
2.2399022e-05
3.4572121e-05
1.5911868e-05
1.5935269e-05
1.6000697e-05
1.583664e-05
1.6016274e-05
1.6017103e-05
2.1863715e-05
0.00011205075
1.6032493e-05
2.6401803e-05
1.5788723e-05
1.6035051e-05
1.5887746e-05
1.5885588e-05
0.001420604
0.00012344218
1.5949923e-05
4.0717739e-05
1.5784895e-05
1.5882232e-05
1.6453938e-05
1.6052999e-05
1.5840098e-05
1.5899655e-05
5.8901807e-05
1.6020867e-05
2.0138961e-05
1.6003887e-05
0.0013297089
1.6008391e-05
1.6045807e-05
4.3046866e-05
1.5959576e-05
1.5788451e-05
2.202405e-05
1.5790967e-05
1.9551384e-05
6.0430736e-05
1.8026901e-05
1.5966696e-05
1.5801234e-05
2.2725836e-05
1.5951341e-05
1.5802452e-05
1.5968422e-05
4.0672888e-05
0.0010291901
1.5943558e-05
1.5793368e-05
1.6005998e-05
1.5981955e-05
1.6046038e-05
0.0015106611
1.5816112e-05
1.6062087e-05
1.5790371e-05
1.5977906e-05
1.7923616e-05
0.00032501382
2.34021e-05
1.5787953e-05
2.2731978e-05
1.6674389e-05
1.6003092e-05
2.3311363e-05
1.6047476e-05
1.5986191e-05
1.605036e-05
1.5795071e-05
3.0248366e-05
1.6862811e-05
1.6092844e-05
1.604925e-05
1.5874142e-05
0.00051141204
0.0019945893
1.5795841e-05
1.5792154e-05
1.5952204e-05
1.57869e-05
2.6502314e-05
6.4016131e-05
4.2623309e-05
1.7113842e-05
3.6448765e-05
1.5943754e-05
1.5996623e-05
2.0109422e-05
0.00075432517
1.5926345e-05
1.6028695e-05
1.6021747e-05
1.6000354e-05
2.9722973e-05
1.5971412e-05
1.5829387e-05
0.0018042906
2.4706901e-05
2.0961795e-05
0.00012840044
1.6024945e-05
2.16686e-05
1.5999029e-05
4.3805152e-05
5.2625672e-05
1.6045937e-05
1.9794153e-05
0.0018981628
1.5964735e-05
1.6353612e-05
4.1595021e-05
0.0003196607
0.0006168973
1.5917593e-05
1.6004057e-05
0.00070612909
1.5832099e-05
1.5799048e-05
1.5876025e-05
0.0012263166
1.5999537e-05
1.9814166e-05
0.0013255335
1.5800936e-05
1.5882268e-05
5.8581612e-05
1.5811913e-05
1.5922083e-05
1.6052105e-05
1.6883353e-05
0.00010499538
0.00010849909
5.5865273e-05
0.00080477553
0.0011398927
1.586893e-05
1.6008426e-05
1.6000685e-05
1.6055899e-05
1.5983459e-05
1.605199e-05
1.8495314e-05
1.6013927e-05
2.2312357e-05
2.2941344e-05
1.5790918e-05
6.2170135e-05
1.6012512e-05
1.6032181e-05
1.5916609e-05
1.6034617e-05
1.5790675e-05
4.6567759e-05
1.5976088e-05
1.6013096e-05
1.5832083e-05
1.6037628e-05
4.4763911e-05
1.5967345e-05
1.5847481e-05
1.5956477e-05
1.6019628e-05
1.6032073e-05
1.5046953e-05
1.5970711e-05
1.598424e-05
1.6034602e-05
1.5872992e-05
0.00078967247
1.5813604e-05
0.0016693201
1.602914e-05
1.8386666e-05
3.4163432e-05
1.5786239e-05
1.87591e-05
1.923277e-05
1.5551649e-05
2.4241688e-05
1.606051e-05
3.8671956e-05
1.596473e-05
1.559886e-05
1.7255502e-05
1.6804891e-05
1.5794108e-05
1.6030247e-05
4.8265938e-05
1.5799018e-05
1.5823963e-05
0.00089642247
2.1023405e-05
1.590853e-05
1.5783965e-05
7.8564845e-05
2.069763e-05
1.5993187e-05
0.0002200491
1.5917774e-05
1.59341e-05
1.6592949e-05
5.3811226e-05
1.6416536e-05
1.6026823e-05
1.5804538e-05
3.6284908e-05
1.6325505e-05
1.5845353e-05
1.7419651e-05
0.00030619061
0.0014250718
1.3523205e-05
0.0005604328
3.7742524e-05
1.5972533e-05
1.5993021e-05
2.6193356e-05
0.0011534576
1.6021334e-05
1.5937966e-05
1.5801098e-05
1.0528981e-05
2.294476e-05
1.661872e-05
1.6020549e-05
2.1767425e-05
1.5823453e-05
3.3726965e-05
1.5793956e-05
1.6008353e-05
1.6031152e-05
1.5730289e-05
1.5907064e-05
1.5929852e-05
1.602483e-05
1.5978509e-05
1.6012658e-05
0.0012047527
0.0013004756
1.5818831e-05
1.6067644e-05
8.352972e-05
0.00014430673
1.627475e-05
1.7936637e-05
1.638209e-05
8.0967366e-05
1.5791021e-05
9.0949332e-05
1.7248513e-05
1.5845097e-05
0.00050755759
1.5875907e-05
9.1256721e-06
1.6760973e-05
1.6030896e-05
1.6030227e-05
1.5795184e-05
7.445499e-05
1.6014532e-05
1.586542e-05
4.2344863e-05
1.5888771e-05
1.7935466e-05
1.5821652e-05
0.0015392166
1.5908499e-05
1.6032819e-05
1.594685e-05
1.578682e-05
0.0019093086
1.8992897e-05
2.1585585e-05
2.4744274e-05
5.9076363e-05
1.5839811e-05
1.5858728e-05
1.5986719e-05
7.4208003e-05
1.5852762e-05
2.3662216e-05
1.591605e-05
1.6043817e-05
1.581809e-05
1.5916427e-05
1.5949659e-05
0.00051994423
1.579398e-05
1.5915545e-05
1.603214e-05
1.601461e-05
1.5977357e-05
1.9177319e-05
3.7233954e-05
1.6067043e-05
1.5946647e-05
1.5964779e-05
0.001766338
6.6204189e-05
8.1088788e-05
1.86835e-05
1.3516822e-05
1.588554e-05
1.6002531e-05
0.00026957571
1.7714337e-05
1.6126715e-05
1.6073108e-05
1.5941821e-05
0.0013387586
0.001317422
1.5802492e-05
0.00010299032
1.6017491e-05
1.59189e-05
1.5881497e-05
1.873191e-05
0.00015996922
1.602749e-05
0.00083680481
0.0016954604
1.6457946e-05
3.5675155e-05
1.5784675e-05
1.9968389e-05
0.0020176808
1.5942463e-05
1.6945629e-05
1.604722e-05
2.0079757e-05
1.5862444e-05
1.5824118e-05
1.6099154e-05
2.5954017e-05
2.1663375e-05
1.6005738e-05
1.5764472e-05
1.5833026e-05
1.6021193e-05
1.7256553e-05
1.8503537e-05
1.9402448e-05
1.5790013e-05
1.5943259e-05
1.5958661e-05
1.57985e-05
1.617038e-05
1.5955394e-05
1.5920572e-05
1.5904099e-05
1.5786516e-05
0.00017631784
1.598645e-05
1.4455027e-05
1.6932318e-05
1.6007153e-05
0.0023331711
1.3450121e-05
1.5792747e-05
1.5945914e-05
0.0011945777
1.5920907e-05
1.6326806e-05
1.8791038e-05
0.0018517403
1.5803326e-05
1.5786449e-05
0.0017720911
2.0428134e-05
1.584985e-05
1.8795688e-05
1.5923902e-05
1.5789824e-05
0.00079562498
2.6719663e-05
1.5904072e-05
1.5861851e-05
1.5793595e-05
1.5876461e-05
1.5888195e-05
1.8845636e-05
0.0010417583
1.5798019e-05
1.7766539e-05
1.7809216e-05
1.6067564e-05
1.6068526e-05
1.8341683e-05
1.6304114e-05
4.1768865e-05
0.0017612607
2.5142102e-05
3.1732562e-05
1.603288e-05
1.8923753e-05
1.578667e-05
1.6055447e-05
1.5792256e-05
1.8889859e-05
1.5887882e-05
1.5895464e-05
1.2487504e-05
1.5804912e-05
1.5940513e-05
0.00050601758
1.6004305e-05
0.001178974
1.5818252e-05
1.6028939e-05
9.6122573e-05
7.8618818e-05
1.5789294e-05
1.578906e-05
1.7464956e-05
1.8411923e-05
1.6178263e-05
1.9221843e-05
1.5795111e-05
3.5595813e-05
0.00082002684
1.6019396e-05
1.5966457e-05
1.6029353e-05
1.925628e-05
1.6073765e-05
1.3307415e-05
0.0002104512
1.6079038e-05
0.0018785626
1.600445e-05
1.6017683e-05
1.6809568e-05
3.7036028e-05
1.5874709e-05
1.6059339e-05
1.5978632e-05
1.6346124e-05
1.6020457e-05
2.30567e-05
0.00043180897
0.00043307275
1.7002653e-05
1.681012e-05
1.6035178e-05
0.00027482027
1.5805203e-05
1.5788728e-05
0.001474307
1.5961167e-05
1.3508012e-05
2.0974213e-05
1.7114954e-05
1.578568e-05
1.371501e-05
1.4775821e-05
1.5793511e-05
0.0019020341
3.4577785e-05
1.6059071e-05
2.7572229e-05
1.6143566e-05
4.3873402e-05
1.6024361e-05
1.7952796e-05
1.5793211e-05
1.0012742e-05
1.6404822e-05
2.2319295e-05
1.5802264e-05
1.6050374e-05
1.6110975e-05
1.6002316e-05
2.0656288e-05
1.6366928e-05
5.7802398e-05
1.6024141e-05
2.0302127e-05
0.001644681
1.7058917e-05
1.5944665e-05
6.684313e-05
1.5969356e-05
1.619765e-05
1.5991206e-05
1.5801953e-05
1.7012408e-05
1.5793976e-05
1.8528762e-05
6.0054441e-05
1.5949246e-05
1.6010697e-05
3.5428465e-05
2.3359914e-05
1.5804579e-05
1.5898981e-05
1.6062612e-05
1.5859957e-05
1.6053567e-05
1.6074507e-05
5.3903861e-05
0.0018289108
1.5805449e-05
1.9963224e-05
1.5793216e-05
1.6012462e-05
0.00024564625
1.6307252e-05
1.619402e-05
1.580234e-05
1.5114848e-05
1.5796651e-05
1.5847926e-05
0.0014554225
1.6595614e-05
3.11471e-05
3.119035e-05
1.5794545e-05
1.6079306e-05
1.604472e-05
1.2854168e-05
1.6207522e-05
1.6052834e-05
1.5814232e-05
0.00019800401
1.5956749e-05
3.6951265e-05
1.5853651e-05
1.5790897e-05
0.0018941984
1.59818e-05
1.5788578e-05
1.6022722e-05
1.6032989e-05
1.5914125e-05
2.2325632e-05
8.0813983e-05
1.6007097e-05
1.7479501e-05
1.6010016e-05
1.6014745e-05
1.6068277e-05
0.00019249513
1.5985732e-05
0.0011441332
1.6108591e-05
3.723308e-05
2.7756614e-05
3.3148147e-05
1.5981284e-05
0.00079337771
1.8766691e-05
1.7842428e-05
1.3870596e-05
4.446613e-05
1.638386e-05
0.0025498198
1.6050313e-05
1.6021386e-05
1.7188051e-05
0.00050979653
0.00040267305
1.5799264e-05
2.9088206e-05
1.5834488e-05
1.5794577e-05
2.8380992e-05
2.8927796e-05
1.5814074e-05
0.0013980193
1.8088387e-05
9.6914097e-05
1.6008549e-05
1.5894708e-05
1.6018361e-05
1.5827415e-05
1.7717106e-05
1.5997772e-05
1.7559081e-05
0.0018753034
1.5817263e-05
1.7633449e-05
1.9500243e-05
0.00051066741
1.5794805e-05
1.5879395e-05
2.3281103e-05
1.9540679e-05
1.5805345e-05
1.5836939e-05
2.8211126e-05
1.579385e-05
1.6042682e-05
1.5963319e-05
1.766681e-05
1.7811885e-05
0.00022933258
1.6007843e-05
1.2994175e-05
1.7610379e-05
1.73627e-05
3.1141441e-05
1.6015566e-05
2.007705e-05
1.6001497e-05
1.5793514e-05
1.8002473e-05
0.00083674914
1.6051169e-05
1.9654339e-05
1.7632293e-05
1.7561042e-05
0.00028245547
1.599394e-05
1.6041405e-05
2.2109392e-05
1.9108837e-05
1.7997307e-05
1.7511471e-05
1.6164746e-05
1.5960746e-05
1.5805377e-05
1.7478067e-05
1.5973288e-05
1.6022464e-05
1.5788701e-05
0.0014368828
1.599554e-05
1.591593e-05
1.5927981e-05
1.7443492e-05
0.0014654923
0.0018576287
1.5791623e-05
1.6044371e-05
2.0503559e-05
1.6025853e-05
1.5969788e-05
1.5909323e-05
1.6011139e-05
1.5980624e-05
1.5816247e-05
1.5963367e-05
1.7407821e-05
4.1972762e-05
1.5963398e-05
0.0010548488
0.00032149187
6.8729833e-05
1.5933068e-05
1.596464e-05
1.6028033e-05
2.0280232e-05
1.7479837e-05
0.00053594209
0.0017838379
1.5925265e-05
1.5787087e-05
1.5991828e-05
0.00050743266
1.7003722e-05
1.5831617e-05
1.5791201e-05
1.676963e-05
2.1645579e-05
1.9770248e-05
1.743063e-05
1.5989909e-05
1.6024567e-05
1.5999059e-05
1.5793496e-05
1.5790235e-05
1.6020569e-05
1.5784561e-05
1.5783656e-05
1.6053364e-05
1.5897955e-05
1.7467298e-05
1.5985011e-05
1.5968205e-05
0.00052758955
3.0916324e-05
1.6014127e-05
1.6115656e-05
1.57965e-05
1.5803199e-05
1.6022993e-05
1.7430489e-05
1.5793315e-05
1.3759113e-05
1.982682e-05
1.7420921e-05
1.5995001e-05
1.6013709e-05
6.9586575e-05
1.6028233e-05
1.7338162e-05
1.8144075e-05
4.0599978e-05
1.5853764e-05
1.6837773e-05
1.583915e-05
0.0014673869
1.6025815e-05
1.7558978e-05
1.5883925e-05
1.5788415e-05
1.7291371e-05
0.00049999929
1.5798529e-05
1.5936298e-05
1.8708926e-05
0.0011783706
1.5789498e-05
1.5799341e-05
1.7243442e-05
1.6047771e-05
1.6066931e-05
1.5975974e-05
1.5986246e-05
1.5881341e-05
1.6803446e-05
1.6024989e-05
1.5749403e-05
2.6236197e-05
1.628256e-05
1.6306319e-05
1.5991133e-05
1.5984607e-05
1.5969131e-05
1.5976482e-05
1.6037513e-05
3.3595428e-05
1.5960415e-05
1.5953137e-05
1.8533664e-05
1.5969755e-05
0.00049705028
1.6057211e-05
1.5857114e-05
1.5957452e-05
1.5801932e-05
2.3756135e-05
3.5256869e-05
1.981458e-05
1.5978037e-05
1.5825423e-05
0.0012972847
1.5795153e-05
1.5757598e-05
1.6251318e-05
1.6225873e-05
1.8033541e-05
1.5990927e-05
2.7761233e-05
1.9081957e-05
1.5886372e-05
1.6018603e-05
5.3839029e-05
1.5928364e-05
1.5985854e-05
2.0037707e-05
1.5789288e-05
1.6938792e-05
1.578903e-05
1.6804486e-05
4.7068966e-05
1.5794674e-05
1.6000985e-05
1.5798568e-05
2.1526475e-05
1.6070569e-05
1.5936581e-05
1.6021444e-05
1.5151432e-05
2.2347861e-05
2.0571277e-05
1.6088452e-05
3.9248575e-05
1.5846073e-05
3.9855027e-05
1.5991556e-05
1.6476095e-05
1.6021811e-05
1.6039031e-05
3.0236538e-05
1.5927434e-05
1.607895e-05
1.5835169e-05
1.6006998e-05
1.6036381e-05
1.6114645e-05
1.643709e-05
1.6009419e-05
3.7070853e-05
1.6097432e-05
1.6006288e-05
2.3591505e-05
1.6006984e-05
1.604876e-05
0.00040471352
1.5840324e-05
9.6177266e-05
1.6022462e-05
0.00010620724
0.00019409829
1.5971822e-05
1.6080395e-05
1.5978379e-05
1.6014503e-05
1.5799746e-05
0.0015760195
0.00042011222
1.1328335e-05
5.6052841e-05
1.5791531e-05
3.034507e-05
1.5784849e-05
1.5981684e-05
1.5968713e-05
1.5792899e-05
2.4735559e-05
3.6092469e-05
0.00033377581
1.601046e-05
1.5785327e-05
4.5926425e-05
1.5892496e-05
3.2235072e-05
1.1398523e-05
9.0523599e-05
0.00014557972
1.5789943e-05
1.594434e-05
1.5793715e-05
1.5788548e-05
1.5800477e-05
1.4598764e-05
1.5800351e-05
0.000604624
1.599296e-05
3.6924428e-05
5.6583417e-05
1.6007939e-05
1.8851772e-05
1.6017349e-05
1.5824158e-05
3.3946223e-05
1.579002e-05
7.6654117e-05
1.5802205e-05
1.8420035e-05
5.9318338e-05
7.6823736e-05
3.0992735e-05
1.9539839e-05
1.5922662e-05
1.5994546e-05
0.00090582925
1.5956611e-05
1.6359253e-05
1.5982063e-05
1.5970494e-05
1.6119797e-05
1.5792242e-05
1.9842216e-05
1.946496e-05
1.6034341e-05
1.5808947e-05
1.5788854e-05
1.5243229e-05
1.6001556e-05
1.6004265e-05
1.5844371e-05
1.605566e-05
1.6002009e-05
1.5887684e-05
1.5955306e-05
1.591705e-05
0.0019703287
0.002001722
1.597319e-05
1.5888954e-05
1.6022844e-05
1.6136834e-05
0.00062646332
1.7975692e-05
1.5835033e-05
1.7362568e-05
1.1121199e-05
1.6080062e-05
2.7718911e-05
1.5895661e-05
0.00083234088
0.00039110645
1.6968513e-05
1.5827106e-05
1.6019711e-05
4.2309531e-05
1.5875095e-05
0.00052241268
2.0581532e-05
1.5794441e-05
1.585356e-05
6.2399385e-05
4.139153e-05
3.9368967e-05
1.6013236e-05
3.2227713e-05
1.5785977e-05
1.5888171e-05
1.7291292e-05
1.5884669e-05
0.0025252762
0.0023177325
1.5830969e-05
1.5951766e-05
1.63269e-05
1.580639e-05
1.7323278e-05
1.6023592e-05
1.9695635e-05
2.0188943e-05
4.0642655e-05
3.863595e-05
1.8658824e-05
3.5643918e-05
1.5896899e-05
1.7293788e-05
1.6027747e-05
1.5787298e-05
1.6062826e-05
1.6053689e-05
1.6024185e-05
1.720141e-05
1.636164e-05
1.5896059e-05
1.6078127e-05
1.5845994e-05
1.6028679e-05
1.5932255e-05
1.5944163e-05
1.6025989e-05
1.5994702e-05
1.579176e-05
1.5795097e-05
1.7115912e-05
1.5956861e-05
1.6027295e-05
1.633438e-05
1.5932323e-05
1.8133327e-05
1.5791659e-05
1.9408486e-05
1.7122363e-05
1.6024194e-05
1.5852325e-05
1.5991048e-05
7.3797925e-05
1.586324e-05
2.8234918e-05
3.0276678e-05
1.7066249e-05
4.5082176e-05
1.8659626e-05
1.7969847e-05
4.1340983e-05
1.5861881e-05
1.5929649e-05
0.0008724598
0.0010364465
2.9316233e-05
1.6177432e-05
1.5889197e-05
1.5923303e-05
1.6993399e-05
1.6297494e-05
1.5892095e-05
2.3931025e-05
3.6924195e-05
0.0023070844
0.00025112381
1.6027578e-05
7.5925013e-05
1.7439467e-05
1.5833406e-05
1.6020438e-05
1.6453853e-05
0.00034607049
2.78691e-05
1.6137325e-05
4.187753e-05
1.5873489e-05
1.6070594e-05
1.5819771e-05
2.1330489e-05
1.6034012e-05
2.4345788e-05
1.0666887e-05
3.4528887e-05
1.5886153e-05
1.5951622e-05
1.5942961e-05
2.9407522e-05
2.1561107e-05
2.8843441e-05
0.00089228594
0.001729393
2.7744659e-05
1.6027591e-05
2.031453e-05
1.5967289e-05
1.5855103e-05
2.0037926e-05
1.8051243e-05
1.8051027e-05
0.0015111132
1.9550481e-05
0.00019342883
1.5787657e-05
1.5790436e-05
3.3240938e-05
1.877807e-05
0.00058597652
1.5795464e-05
1.5861805e-05
1.5818794e-05
1.8696025e-05
0.00051447214
0.00051507553
1.5850508e-05
2.6827975e-05
0.00032755375
1.653744e-05
1.6020383e-05
3.625552e-05
1.7041656e-05
2.5771264e-05
1.5852904e-05
7.965303e-05
1.596008e-05
1.6174149e-05
1.5896185e-05
1.6270898e-05
1.4010905e-05
0.00020675523
0.0018422432
8.6003644e-05
1.5792902e-05
0.00053979117
1.682125e-05
3.3570894e-05
8.0512193e-05
2.7021904e-05
1.6308698e-05
1.6752218e-05
1.5861262e-05
3.5069874e-05
1.5807578e-05
0.00032278933
0.00032840598
3.7250628e-05
3.0215778e-05
1.5852747e-05
1.5940774e-05
3.6493129e-05
3.2531659e-05
1.7625247e-05
1.5953477e-05
1.6178256e-05
4.7554768e-05
0.0027724946
1.5997247e-05
1.9176134e-05
6.3141861e-05
1.579529e-05
1.5883878e-05
1.5947044e-05
1.6016608e-05
1.641058e-05
1.6041962e-05
1.5934877e-05
1.6244428e-05
2.3502889e-05
2.6299629e-05
4.0377789e-05
4.4221905e-05
0.0017446583
1.6057351e-05
1.5809764e-05
6.5992646e-05
1.5811276e-05
1.5791879e-05
6.0720286e-05
0.0020568592
1.6152394e-05
1.6119841e-05
3.2378965e-05
1.5811197e-05
1.6044192e-05
1.6033574e-05
1.5784809e-05
0.00055905524
1.5792977e-05
1.593009e-05
1.6032226e-05
1.6732943e-05
1.5998543e-05
1.8306903e-05
2.8184844e-05
1.5933157e-05
0.00019726508
1.6014964e-05
1.6130449e-05
1.6252695e-05
1.6153013e-05
1.6107892e-05
1.5982987e-05
2.0145372e-05
1.5851149e-05
1.6107912e-05
3.8897053e-05
4.1742931e-05
1.5788304e-05
1.6177121e-05
0.00026445172
0.0014351849
1.5799142e-05
0.0018398739
9.8057318e-06
1.6094821e-05
1.5987915e-05
0.0014117122
1.5678231e-05
0.00099545244
1.646828e-05
1.6690649e-05
1.5901719e-05
1.5803074e-05
1.5867024e-05
3.7642709e-05
0.00035437312
1.5890191e-05
2.4868442e-05
0.001657451
1.5799386e-05
1.9799562e-05
1.6045067e-05
1.581592e-05
1.5974654e-05
1.6085168e-05
1.3931536e-05
9.5659584e-06
0.00011078547
1.5797131e-05
3.0348e-05
1.6002442e-05
1.5979496e-05
0.0024962839
1.6683053e-05
1.5795175e-05
1.5980047e-05
4.6611393e-05
1.6016263e-05
1.6077777e-05
0.0012059481
1.5999044e-05
1.6018209e-05
1.5793996e-05
1.8763034e-05
0.0019929207
2.0061223e-05
1.5875311e-05
1.5831036e-05
1.6015659e-05
7.2881118e-05
0.00052412761
1.5894804e-05
0.001433805
0.0013526014
0.00034094998
2.4188183e-05
1.626371e-05
4.7007577e-05
1.602009e-05
1.8612046e-05
0.00033953577
1.6017709e-05
1.6087154e-05
1.5993183e-05
0.00057392559
1.6027185e-05
8.6861041e-05
2.3576746e-05
9.4684579e-06
1.586086e-05
1.5930573e-05
1.5909423e-05
0.00015905808
0.00061190938
1.5805593e-05
1.5862493e-05
1.6085781e-05
1.5819654e-05
0.0001098237
1.5800941e-05
0.0018729031
3.2707635e-05
5.1252242e-05
2.4871648e-05
1.5862589e-05
8.0607279e-05
2.6838043e-05
0.00027422269
0.00034747481
1.5996798e-05
1.7765725e-05
1.5958206e-05
0.001904347
1.5940298e-05
1.6027982e-05
2.1679741e-05
1.6074063e-05
1.5810782e-05
9.981434e-06
2.0709071e-05
1.5802236e-05
1.5879579e-05
1.9691905e-05
0.0013168822
1.3373786e-05
1.6028065e-05
3.1707391e-05
1.5797792e-05
1.7176306e-05
2.7352691e-05
3.094533e-05
1.9652239e-05
1.5780963e-05
1.5802768e-05
0.00013495014
1.8810389e-05
1.5788466e-05
7.0244902e-05
1.5916898e-05
1.6005345e-05
1.6301602e-05
1.6140637e-05
1.5921909e-05
1.5961911e-05
2.045585e-05
1.5810512e-05
1.5886765e-05
1.5828025e-05
1.5996046e-05
3.7031888e-05
1.5892395e-05
0.0023563706
1.5790664e-05
1.5901968e-05
1.5786887e-05
1.3521247e-05
1.6026637e-05
2.4341017e-05
1.6020017e-05
1.36859e-05
1.6030208e-05
1.605216e-05
9.949949e-06
3.6336629e-05
1.5832521e-05
0.00020462527
1.5795595e-05
1.5983144e-05
1.5935032e-05
1.5802772e-05
1.6002442e-05
2.9203208e-05
1.5793518e-05
1.6017602e-05
3.1045861e-05
2.1449125e-05
1.6023816e-05
1.582626e-05
1.5920973e-05
1.5803886e-05
1.579067e-05
9.7039632e-05
1.5921138e-05
1.5925494e-05
0.001350209
1.5796916e-05
1.6059326e-05
0.0029418936
0.00084909455
1.5983129e-05
2.5180104e-05
1.5907962e-05
1.6039526e-05
0.0014637605
1.5838802e-05
0.0011373092
0.00010683331
1.5930814e-05
2.1607046e-05
1.5792017e-05
2.7705465e-05
1.6030637e-05
0.0026480918
1.5824568e-05
1.5812343e-05
1.5856193e-05
6.018641e-05
1.5957187e-05
2.3015106e-05
1.6032206e-05
1.7926309e-05
0.00099706548
1.6554785e-05
3.7993332e-05
2.8397561e-05
1.5987213e-05
1.5792141e-05
1.5869496e-05
1.0109587e-05
1.6982158e-05
0.0018235388
0.0016703225
1.5884596e-05
1.6076606e-05
0.00030921368
1.5795937e-05
2.063766e-05
0.0014766672
1.6159865e-05
0.00031478019
1.588674e-05
0.00056669563
3.2734959e-05
2.1086688e-05
0.0010072935
1.5829292e-05
0.00016035101
1.5917881e-05
0.0018405567
0.0016562932
1.6013311e-05
1.6057093e-05
0.00020235987
1.5946234e-05
1.9217257e-05
1.615281e-05
1.4924424e-05
2.0515076e-05
1.8283616e-05
1.5798739e-05
1.5984147e-05
1.5980721e-05
0.00073137697
2.1556055e-05
1.5878949e-05
1.5787198e-05
2.1178664e-05
1.6927285e-05
1.8353718e-05
1.5855756e-05
2.9793674e-05
1.6412324e-05
1.5792899e-05
1.5983107e-05
1.5985382e-05
1.5892144e-05
3.8317602e-05
3.0881718e-05
1.9650218e-05
1.5817349e-05
1.8021787e-05
1.6329691e-05
1.6127094e-05
0.0014711169
0.0010004923
1.6872061e-05
1.5916333e-05
0.00038082811
0.00024833068
1.5993528e-05
1.5984491e-05
2.622481e-05
0.00026455736
1.5797738e-05
0.00077910805
4.5173702e-05
8.9563893e-06
1.5788214e-05
1.8031977e-05
1.5992904e-05
0.0021601254
7.403201e-05
0.00029683438
1.6011168e-05
1.6192542e-05
1.5989296e-05
0.0018892141
4.7136366e-05
1.5981648e-05
1.6002821e-05
1.6022007e-05
1.6037432e-05
2.6405279e-05
0.001013081
1.5927343e-05
2.342132e-05
0.00035585963
1.7452439e-05
1.6924013e-05
1.5877935e-05
1.6053957e-05
1.5880394e-05
0.0010870199
1.5791572e-05
6.4732578e-05
8.8312214e-06
0.00036538429
5.6201732e-05
5.7964948e-05
2.7430055e-05
0.001933245
0.0003351057
3.9743896e-05
2.8221809e-05
1.5993175e-05
0.0010568844
4.7371639e-05
1.4605906e-05
1.5791232e-05
0.00053419084
1.962719e-05
0.00037222513
0.00062935832
1.5922027e-05
1.5777176e-05
1.5922875e-05
0.00020893529
0.0016073615
0.00090693054
9.8298278e-05
1.6087708e-05
1.5983053e-05
1.5963715e-05
1.6166465e-05
1.5192737e-05
1.600223e-05
3.2337595e-05
4.2868109e-05
1.58974e-05
1.5888629e-05
1.5847143e-05
5.8380961e-05
1.6189751e-05
1.6971161e-05
1.5791443e-05
1.5978938e-05
1.5810776e-05
3.9337205e-05
0.00023081629
1.5898011e-05
1.5999223e-05
2.7174396e-05
1.5997605e-05
1.6032104e-05
1.5991798e-05
1.7715501e-05
1.7938504e-05
1.5999197e-05
0.0010455309
0.00065468178
1.6093266e-05
1.5927407e-05
1.580937e-05
0.00046279282
1.2290977e-05
1.6123838e-05
1.5798344e-05
1.5957009e-05
0.00040034104
1.5991861e-05
0.00034321799
1.5918987e-05
0.00027066027
4.1298588e-05
0.00017329502
1.596425e-05
1.5781415e-05
1.579743e-05
1.6020473e-05
1.601575e-05
3.0366143e-05
1.6093172e-05
1.5794767e-05
1.5997616e-05
0.00092018831
0.00064965901
1.5811143e-05
0.00010432759
1.5898002e-05
0.0017737006
0.00059166214
2.0040445e-05
2.0997903e-05
1.815094e-05
0.00072891463
1.9339772e-05
1.5787641e-05
0.00052090402
1.2485561e-05
1.6028749e-05
1.5800405e-05
0.00095334629
2.0114797e-05
0.0010154291
0.00020505016
1.5794767e-05
1.5793461e-05
8.4631035e-05
0.0015765402
1.7056772e-05
0.00054297295
0.0007803631
1.5847521e-05
3.456476e-05
4.3770771e-05
1.6002483e-05
4.5847333e-05
0.0015617106
1.5802991e-05
9.2844863e-05
1.5811964e-05
5.5489535e-05
0.00032934108
0.0015377043
0.00044074267
0.001070944
4.4607807e-05
1.5789259e-05
0.00076471024
1.5790677e-05
1.5922012e-05
6.0541346e-05
0.0016954543
1.579336e-05
0.0011748287
1.6013795e-05
4.2892538e-05
2.1611739e-05
3.8766955e-05
4.0090319e-05
0.0006932983
4.5201449e-05
0.0010565672
1.5795582e-05
1.5803769e-05
1.5792901e-05
0.00049000361
1.601332e-05
9.3806237e-06
3.7602657e-05
4.6703638e-05
0.0016412356
0.0016117256
0.0010542529
1.5804453e-05
1.3885912e-05
0.00095768049
1.5971262e-05
1.5977471e-05
0.00031857086
0.0015323765
1.6698918e-05
0.00051980973
1.5791461e-05
5.4969084e-05
4.0017301e-05
1.5791654e-05
1.619007e-05
2.0411673e-05
1.8331948e-05
2.1408269e-05
0.0010776797
0.00046907343
5.5653582e-05
1.6503114e-05
2.416762e-05
0.00023943719
1.6191036e-05
1.602315e-05
0.0001279307
1.6124343e-05
1.6146633e-05
0.0012842383
0.0013748893
0.00035037971
1.4617405e-05
0.00054021594
1.5821598e-05
1.5790214e-05
0.00030624155
8.0783567e-05
1.5801223e-05
0.00024954585
0.00059797876
1.7156037e-05
2.0711178e-05
2.1421966e-05
1.5141142e-05
1.5911055e-05
0.00085498552
0.0015200254
0.0015851389
2.0450232e-05
2.0965175e-05
2.0460122e-05
1.5981909e-05
0.0010564782
4.1749045e-05
0.0013656986
1.5856042e-05
2.4050766e-05
1.3455594e-05
2.5073608e-05
1.3788411e-05
1.6007087e-05
1.5814067e-05
1.7517782e-05
2.8646499e-05
0.0010924937
1.5794855e-05
1.5811697e-05
0.00074364552
1.600566e-05
0.0013382442
1.5796085e-05
1.5791426e-05
1.6029302e-05
1.5799281e-05
0.0011970805
1.5852596e-05
1.600326e-05
1.5789404e-05
1.5985437e-05
1.5957014e-05
0.00045022492
0.00068943677
1.7017003e-05
1.6555403e-05
1.5803018e-05
1.5944508e-05
0.0018668939
1.8204585e-05
0.00010829731
0.00083891018
1.6115768e-05
0.00072240921
1.5902636e-05
2.0509504e-05
2.2344822e-05
0.00094024016
2.1184874e-05
2.1660791e-05
0.00060056318
2.9778477e-05
3.5180362e-05
1.6025212e-05
1.5993965e-05
3.8348534e-05
3.2479639e-05
1.7981774e-05
1.4998389e-05
2.7981147e-05
1.5979769e-05
3.0289395e-05
1.8604463e-05
0.0018458631
0.00019268245
2.2380489e-05
0.00075760666
1.8606322e-05
1.6003029e-05
0.0010887148
7.4281078e-05
0.0012214438
1.5979621e-05
1.5973134e-05
1.605243e-05
1.6040252e-05
0.0010738767
0.00075356332
1.5790158e-05
1.7189184e-05
0.00057195952
0.00056979007
1.6969079e-05
1.5941427e-05
0.00058267799
0.00080288735
1.5812105e-05
2.2850056e-05
5.5409834e-05
1.5991772e-05
0.0019781582
0.0011402271
0.0013456975
1.4573486e-05
0.0011033215
0.0013912341
0.00035184746
0.00035797536
0.0013860627
1.5945058e-05
0.0011302224
1.0469804e-05
0.00060285574
1.5789654e-05
1.6000559e-05
0.0017015061
1.4486529e-05
1.600278e-05
1.5908474e-05
1.5902879e-05
1.5962234e-05
1.5895488e-05
1.5870473e-05
1.0292548e-05
0.00064864252
4.2420142e-05
1.8193988e-05
1.4327265e-05
0.0011751607
4.5540203e-05
7.3605649e-05
4.4205765e-05
3.3800751e-05
0.00088566142
0.0013808913
0.0014447904
0.0010180211
0.0010215246
4.1567711e-05
0.0018354417
1.6016446e-05
1.6010532e-05
0.0012849024
0.00083734773
0.00076449254
0.00047058818
1.581303e-05
0.00010396356
1.588082e-05
0.00056625878
2.2190413e-05
1.9858993e-05
0.00086567364
2.7243769e-05
1.5967571e-05
1.5946477e-05
0.0013394184
0.00094281992
3.4612514e-05
0.00087105184
0.00086910761
6.5520601e-05
1.6018033e-05
3.182584e-05
0.0018888619
0.00079250823
0.00078151769
1.6006451e-05
0.0013663921
0.00075446392
0.0016878356
1.8609593e-05
1.7591577e-05
4.2962033e-05
2.2326283e-05
5.2011468e-05
0.00062732902
1.5792707e-05
4.8905758e-05
4.6775309e-05
0.0013868897
0.0016830504
1.5804627e-05
1.5328458e-05
1.5947998e-05
0.0016143249
0.0010532581
5.5064259e-05
5.7458074e-05
2.1191128e-05
2.0416465e-05
2.1407483e-05
0.0011304031
1.6100626e-05
1.6024924e-05
1.603183e-05
1.6283056e-05
0.0010346849
1.600474e-05
1.813112e-05
1.5738597e-05
0.00075581127
0.00011048925
0.00025376281
0.0010718287
2.1419491e-05
2.2297905e-05
0.00085307329
3.3955799e-05
0.00080186529
2.20753e-05
1.608764e-05
1.5979751e-05
1.5973676e-05
4.8634029e-05
1.8448268e-05
3.0268008e-05
1.3725099e-05
0.00058516726
0.00013252267
0.0013644002
4.8969118e-05
0.00116339
1.5838981e-05
0.00119084
0.0013959119
1.5991675e-05
1.6010716e-05
1.6849895e-05
0.0021572306
0.00010606865
1.6000132e-05
1.5838162e-05
1.5904723e-05
2.0810914e-05
2.2366101e-05
1.7321817e-05
2.3462463e-05
2.1653873e-05
3.8563377e-05
0.00070757674
1.6006794e-05
4.7232895e-05
3.2445505e-05
1.796378e-05
1.5015513e-05
1.4960205e-05
0.0010287268
3.9083275e-05
3.2714402e-05
2.7966623e-05
1.59756e-05
2.1033578e-05
2.0074869e-05
1.8603621e-05
1.6000751e-05
1.5960128e-05
5.5570205e-05
0.0019308721
0.0021901682
0.00011441562
1.4549811e-05
1.6027041e-05
0.0010353664
1.5785503e-05
0.00060185221
1.4460543e-05
1.6007185e-05
1.5872598e-05
1.587267e-05
5.1332489e-05
4.2388064e-05
0.001220163
5.7736063e-05
1.601301e-05
1.5951559e-05
3.7152041e-05
4.9729392e-05
0.0015938809
2.7749141e-05
1.5821569e-05
2.4155879e-05
0.0013208132
0.00078403851
1.5790356e-05
0.00051157727
0.00030397621
0.0010125028
1.5852287e-05
0.00094855968
1.7630608e-05
1.6432521e-05
0.00088767003
3.4121004e-05
6.5536406e-05
1.6000039e-05
1.5958261e-05
0.00077970758
1.2453465e-05
2.7388737e-05
3.5122705e-05
5.4824844e-05
5.2120697e-05
1.6038907e-05
1.5794673e-05
5.893779e-05
0.0021134756
1.6075742e-05
0.0016672692
1.5797101e-05
1.5395271e-05
1.5945677e-05
7.5431133e-05
2.3954208e-05
2.2694733e-05
1.6030957e-05
1.5702738e-05
0.00050568569
0.00024107623
2.224715e-05
2.2300225e-05
1.5870504e-05
0.00081391968
5.8554277e-05
4.199351e-05
2.2086241e-05
0.00098874662
1.595923e-05
1.5975804e-05
5.6059488e-05
3.0308753e-05
3.1933733e-05
5.800081e-05
0.0011542228
1.5795784e-05
0.0014377713
2.3006962e-05
1.6060111e-05
1.685031e-05
0.0014763665
0.0021595612
0.0021767207
0.001122279
0.0016322687
1.5886544e-05
0.0010085352
1.7111513e-05
0.00081630957
2.6303964e-05
2.0804631e-05
1.5789722e-05
2.3472899e-05
4.7522002e-05
3.4106541e-05
1.7324898e-05
2.9968498e-05
1.5973e-05
3.7074063e-05
1.5707594e-05
1.933006e-05
1.7592821e-05
1.6018432e-05
1.5525892e-05
0.001388051
1.5957925e-05
0.0014008393
5.6391666e-05
0.0021868059
0.0022167707
1.6038381e-05
0.0010331937
0.0021017166
0.00064991276
1.6004943e-05
1.6015792e-05
1.5870517e-05
1.5840457e-05
1.6192529e-05
1.6884155e-05
1.6583318e-05
1.6012854e-05
1.5798555e-05
1.5818798e-05
0.00088758269
0.0016334553
0.0013310166
0.00091909654
3.4170592e-05
7.8990956e-05
0.00036113975
2.0363629e-05
5.5653032e-05
5.7208053e-05
6.9760277e-05
0.0022144968
0.0015093719
0.0017129254
1.5797373e-05
1.5955038e-05
2.540268e-05
1.6030777e-05
1.5700277e-05
1.5639222e-05
0.00024527342
2.4045683e-05
2.2245336e-05
2.4956914e-05
1.5969061e-05
1.5959598e-05
5.6054237e-05
6.7053578e-05
3.1890766e-05
4.002542e-05
0.0008985869
1.6064803e-05
0.0015626523
1.6420313e-05
1.7234174e-05
0.0022399903
0.0021761007
1.5886724e-05
2.108677e-05
2.7010884e-05
4.7563307e-05
5.2866906e-05
3.4068936e-05
4.2858433e-05
0.00030541324
2.9952036e-05
1.5985786e-05
1.5968097e-05
1.5984612e-05
1.9326603e-05
1.6024752e-05
1.6014015e-05
0.0012188347
1.5923194e-05
1.5969059e-05
0.002225292
0.0006478952
1.5845062e-05
1.5808013e-05
1.5934288e-05
1.5947037e-05
1.6022148e-05
1.5755259e-05
1.5801507e-05
0.00092549521
0.0013589318
9.7059848e-05
7.900134e-05
7.2248642e-05
1.5901411e-05
1.6053776e-05
0.001496919
1.5952853e-05
2.5393119e-05
1.6023496e-05
1.6033944e-05
1.5662539e-05
1.5641979e-05
2.5136317e-05
2.4972265e-05
1.597159e-05
1.594523e-05
1.596957e-05
7.8753294e-05
6.7066758e-05
1.8112441e-05
4.0088359e-05
3.3514251e-05
0.00089039108
0.00086514098
1.6076417e-05
1.6065295e-05
1.7234268e-05
1.8065815e-05
0.0022411877
2.3174908e-05
6.0226728e-05
5.2815265e-05
2.7748386e-05
4.5476455e-05
1.5973648e-05
2.0305714e-05
1.6027433e-05
1.5920603e-05
0.0022379051
0.00029386635
0.00041297663
1.576193e-05
1.5842851e-05
1.6023919e-05
1.5780054e-05
1.5752113e-05
0.00048266762
0.0016795513
0.00091099549
1.5920991e-05
1.5793861e-05
0.0012209002
1.596299e-05
1.5917962e-05
2.6958367e-05
1.6036236e-05
1.5573881e-05
1.5659996e-05
1.5987785e-05
1.5965834e-05
8.0636989e-05
0.00029609484
5.5118487e-05
3.3458959e-05
0.0014148426
0.0008946329
0.00056907532
1.6079373e-05
1.7659821e-05
0.0021206842
0.0016356034
0.00050009118
6.0290073e-05
5.8650467e-05
6.176293e-05
2.7721096e-05
1.5976513e-05
0.0014312285
1.579339e-05
2.0302085e-05
1.6025775e-05
0.0022593836
0.0021191013
1.5764891e-05
1.5815582e-05
1.5875164e-05
1.5724248e-05
0.001445719
1.6012779e-05
0.001400604
1.5713156e-05
1.5699491e-05
1.5776367e-05
1.5783249e-05
0.00050168271
0.0017163925
1.5960938e-05
2.694538e-05
1.6038854e-05
1.5537373e-05
1.5627527e-05
1.5577062e-05
1.5987883e-05
6.0156609e-05
5.5245739e-05
3.5540156e-05
0.00053821672
1.610883e-05
1.7659097e-05
0.0021158465
0.0021048506
0.0014168601
7.4397548e-05
5.8585219e-05
7.7985737e-05
6.1884759e-05
2.8916863e-05
0.00029564192
1.5985765e-05
1.597115e-05
2.1530891e-05
1.6038765e-05
1.6009462e-05
0.0021258492
0.0020888967
1.5661463e-05
1.5776677e-05
1.5813281e-05
1.5720976e-05
1.6012806e-05
1.5764344e-05
1.5696317e-05
1.5845336e-05
0.0019976221
0.00047703853
0.0017130915
2.9466931e-05
1.5969776e-05
2.8739217e-05
1.604122e-05
1.6038507e-05
1.5624851e-05
1.5621781e-05
1.5570782e-05
1.5497837e-05
1.5998782e-05
7.933083e-05
5.0201631e-05
4.984126e-05
3.547181e-05
0.00054435824
1.6107893e-05
1.6101902e-05
1.8289846e-05
0.0021320308
0.0018395229
6.4125027e-05
9.0175414e-05
2.8887635e-05
1.5969585e-05
1.59921e-05
2.1525434e-05
2.448939e-05
1.6034186e-05
0.001959354
1.5783953e-05
1.6008208e-05
1.570721e-05
1.5767795e-05
0.0020019537
0.00025334159
0.00047981604
1.5967926e-05
2.8723441e-05
1.6044102e-05
1.6038912e-05
1.5683252e-05
1.5601631e-05
1.56248e-05
1.5998834e-05
3.7587068e-05
7.9466589e-05
2.8115188e-05
0.00051684893
1.6173879e-05
1.8288456e-05
0.0018207812
0.0021230181
6.4018727e-05
3.0198656e-05
1.6001869e-05
1.9536535e-05
2.6680583e-05
1.6031463e-05
0.0019605054
1.5781501e-05
0.00077036434
1.6007223e-05
1.5717693e-05
1.5742777e-05
1.5704252e-05
0.00044030755
0.00025194323
1.5979634e-05
1.5936507e-05
3.0864114e-05
1.6036716e-05
1.6583046e-05
1.5598788e-05
1.6009548e-05
0.00010686469
3.7501151e-05
0.00033934742
1.6184046e-05
1.7317792e-05
1.9239854e-05
0.0021388388
0.001459539
3.7792317e-05
3.0166535e-05
0.00079802502
1.6008986e-05
1.6039001e-05
1.9533103e-05
1.6025967e-05
0.001812753
1.5754817e-05
0.0011617608
1.6351199e-05
1.6005443e-05
1.6009582e-05
1.5746325e-05
1.5669558e-05
1.5703872e-05
0.00044257708
0.00055746439
0.00058496372
2.4343593e-05
1.888893e-05
1.5977859e-05
2.4330575e-05
1.6036084e-05
1.5591344e-05
2.0988101e-05
1.8144383e-05
6.4939751e-05
1.8894301e-05
0.00090547641
1.600854e-05
0.0001165313
4.0209374e-05
0.00010713616
0.00047063239
0.00021158839
1.9769524e-05
2.0996215e-05
1.6202282e-05
1.6093615e-05
0.00086762358
1.814886e-05
1.9237769e-05
2.1345285e-05
0.0021151427
0.0014409651
0.0014454717
2.0884192e-05
0.00013884279
0.00047324817
0.0002108616
1.9762895e-05
6.1262601e-05
1.6002312e-05
0.00016831483
0.0011276275
1.9661115e-05
0.00011765301
3.0234742e-05
3.1645859e-05
1.6004734e-05
1.6021215e-05
5.3507052e-05
2.0876018e-05
2.0364187e-05
0.00016882875
1.6033203e-05
1.8813151e-05
1.5591187e-05
6.1893701e-05
0.00013466186
0.00024341423
6.2863069e-05
6.2189431e-05
0.00010836394
2.3327126e-05
0.00013499098
4.7248575e-05
0.0018137772
1.5585861e-05
2.6656669e-05
0.00019436462
6.2562522e-05
8.1739479e-05
3.8418704e-05
0.00010855746
0.00013375305
1.5752113e-05
1.5391226e-05
8.1606958e-05
8.7982157e-05
1.9829111e-05
3.9681792e-05
1.8818555e-05
2.9560373e-05
1.5716499e-05
6.3556743e-05
7.2335321e-05
0.0002646397
0.00030088058
0.0014656486
3.9644823e-05
1.6001344e-05
1.9667736e-05
9.8685163e-05
2.2458157e-05
7.2446767e-05
5.0120277e-05
0.00013497924
1.6005558e-05
1.5045113e-05
0.0019460775
0.00039077438
1.5700908e-05
1.5823999e-05
6.4201512e-05
1.6151792e-05
0.00048755833
1.5713542e-05
2.2298358e-05
6.4291602e-05
1.5908588e-05
3.3887952e-05
6.2683424e-05
0.00079977556
4.1627352e-05
3.3822799e-05
6.3251018e-05
6.4267433e-05
0.00024417742
0.00045578992
0.00079198632
1.6113956e-05
0.00043425736
7.0540474e-05
2.2450189e-05
6.8058541e-05
1.6190158e-05
1.5609331e-05
0.0011468411
7.8213228e-05
1.5194159e-05
1.5072954e-05
0.0020735465
2.2422404e-05
0.00015740607
9.7788e-05
1.5338746e-05
1.6191339e-05
2.2308401e-05
0.00022754035
9.2692507e-05
3.0259084e-05
1.5376361e-05
4.7034755e-05
2.6693355e-05
3.0258859e-05
6.5414977e-05
6.693584e-05
4.5937101e-05
1.6023075e-05
1.6055384e-05
1.5782914e-05
1.6035695e-05
8.8123849e-05
1.5731779e-05
0.00081540917
3.4189808e-05
3.4162167e-05
0.000546738
2.4638493e-05
0.00049417943
0.00046749037
1.5775376e-05
2.6709501e-05
7.1820314e-05
1.5588327e-05
3.3858337e-05
3.3501512e-05
7.2102265e-05
1.5720717e-05
0.00048132004
2.6672994e-05
6.6495597e-05
3.9374447e-05
0.0019262367
1.6136077e-05
5.0157826e-05
0.00010468482
1.5516895e-05
1.5573323e-05
1.6003426e-05
0.00021279146
1.5703626e-05
1.5547119e-05
0.00021101685
0.00023588494
3.0283224e-05
1.655762e-05
3.8372811e-05
6.2639441e-05
1.595925e-05
0.0014470105
1.5801931e-05
1.5365631e-05
1.5813833e-05
6.0906683e-05
4.7398426e-05
4.0109589e-05
4.7197231e-05
9.5269573e-05
0.00016018283
0.0019107586
1.5689817e-05
2.2412239e-05
1.5679922e-05
4.6412659e-05
0.0016196867
0.00031682425
3.9730167e-05
7.0464492e-05
1.5632683e-05
0.00017508259
0.0018401319
1.8030485e-05
1.581758e-05
1.5090375e-05
0.0002046942
0.00022628644
0.00112695
7.9863252e-05
1.5987346e-05
0.00020966775
0.0001957961
7.9895106e-05
1.6220657e-05
0.00017519477
1.5510272e-05
1.5567763e-05
6.1554148e-05
7.9839283e-05
0.00020233594
1.610307e-05
2.7431463e-05
0.00085289258
0.001836059
0.00019612332
0.00011441319
3.3548761e-05
0.0019104042
2.0471977e-05
0.0014603136
0.00050959669
0.0018238469
0.0021322471
0.00072454073
0.00082095784
0.0010499435
4.1165842e-05
1.5828617e-05
9.8483225e-05
7.7863163e-05
3.3915091e-05
0.00014731415
1.5758349e-05
0.00035067392
0.00021130332
0.0018775456
0.0011325907
0.0014866004
1.5754323e-05
3.941557e-05
0.0018194682
2.6138567e-05
0.00010187273
1.5637878e-05
0.00029982615
1.5657662e-05
1.5759709e-05
3.1609177e-05
1.6160903e-05
1.5801829e-05
5.7812828e-05
0.00021860843
8.7579894e-05
1.5857033e-05
1.5770742e-05
0.0012872877
1.5832302e-05
0.00010448345
4.6545398e-05
5.7190325e-05
0.0024509973
3.3967825e-05
0.0013531892
1.5978221e-05
0.00045646288
0.0019353847
7.2279353e-05
0.0018918948
1.6024536e-05
1.5709601e-05
4.3507886e-05
1.5414897e-05
1.580454e-05
0.00048879722
5.1525334e-05
1.6555298e-05
0.00036689383
4.6935923e-05
3.6326499e-05
1.6025892e-05
0.00067510842
0.00010955189
1.6026711e-05
2.035858e-05
0.001530621
1.5905552e-05
0.00019922913
0.0010860466
0.0017433287
0.00087055355
2.3549592e-05
1.5727825e-05
0.0019000054
0.0021087973
1.5949834e-05
7.5220136e-05
1.5950098e-05
1.5807901e-05
2.8270978e-05
0.00037059124
4.1930654e-05
1.6454951e-05
0.00023515851
1.576677e-05
0.00031862369
1.6013746e-05
6.6999249e-05
1.5831262e-05
1.5773493e-05
0.0001048549
0.0014103097
0.00025947751
7.0965113e-05
2.2157173e-05
1.542831e-05
0.00098121401
0.0007868597
0.001544755
3.1317246e-05
1.5822994e-05
0.0020685911
0.0016442664
1.5948999e-05
0.00012230504
0.0011617282
1.5953828e-05
0.00011303098
0.0014157328
1.6281792e-05
2.8231187e-05
0.00047478188
0.001700257
0.0001976059
0.0018707924
3.3919162e-05
0.00036222798
1.5974694e-05
0.00031944255
0.0014330371
1.5769123e-05
0.00010863209
0.0017685652
1.7408629e-05
0.00050788624
0.00079222671
0.00086070226
0.002129206
1.5705971e-05
1.6230957e-05
1.6167588e-05
2.9517106e-05
1.6200389e-05
0.00038507784
2.3647605e-05
1.5605708e-05
1.5904435e-05
0.0013707849
1.5720111e-05
0.00023353194
1.8945404e-05
0.00091442405
1.5958319e-05
1.5579725e-05
2.6154121e-05
4.0748557e-05
0.0011621977
0.002129572
0.0011809136
1.8815834e-05
4.5980663e-05
4.7535254e-05
0.00031187029
1.5884132e-05
1.6954143e-05
0.00021121428
0.0013362172
0.0012385887
0.00029648842
2.949705e-05
9.3779949e-05
1.838173e-05
0.0014535738
0.00088520341
8.1619575e-05
1.5689857e-05
1.9282544e-05
2.1253405e-05
1.5505178e-05
2.681729e-05
1.7955479e-05
0.00017412348
0.0011950594
0.00012614943
0.0011901715
0.00077369148
1.5791133e-05
3.9766563e-05
3.766518e-05
0.0013985565
1.5831689e-05
0.00083711428
1.5794023e-05
2.0211452e-05
1.5957626e-05
5.4234882e-05
3.4259538e-05
8.1260851e-05
0.0020667102
0.00016854055
0.0001081458
2.7943954e-05
1.5931673e-05
1.562612e-05
2.3857455e-05
1.5723674e-05
1.5241983e-05
0.00085079093
0.00011346353
1.9335512e-05
0.00011212684
0.00053227899
0.00045190543
0.00054232673
1.7698258e-05
2.7446567e-05
0.0022827067
2.7148436e-05
0.0016595336
1.5754816e-05
3.0128296e-05
0.00077478849
7.920656e-05
3.2854754e-05
0.00097249537
0.00013156386
8.9354936e-05
9.1948766e-05
9.0390471e-05
1.5886971e-05
0.0018201204
0.0021239213
0.00064238402
1.594386e-05
4.804864e-05
1.5058722e-05
0.0013367482
0.0010830749
0.0001301117
1.6013054e-05
1.6116414e-05
1.5975997e-05
1.5995434e-05
0.00028368384
1.6004707e-05
0.0016129692
2.3334769e-05
0.00021217821
0.00018604981
6.057053e-05
2.7716987e-05
4.0436909e-05
5.7060719e-05
1.5949683e-05
0.00022844019
6.2798132e-05
0.00015702044
1.7698911e-05
1.5897058e-05
0.00011213824
0.00014806661
0.0001625194
1.5947204e-05
0.00011601589
0.00029890099
1.5883481e-05
8.9089274e-05
0.0015546631
0.00026673535
2.8967324e-05
1.595853e-05
0.0013441798
1.5808451e-05
1.6082022e-05
0.0021313627
0.00049309112
0.00093740734
1.5717244e-05
0.0015549642
0.00020358026
1.5953756e-05
0.0019503574
0.0014185011
1.5933891e-05
3.0451462e-05
1.769392e-05
0.0021104642
8.9478514e-05
1.5711776e-05
2.0753074e-05
4.9480921e-05
8.6089559e-05
1.6011641e-05
2.8687753e-05
0.00014219867
5.5879334e-05
1.6323054e-05
1.586064e-05
1.5744395e-05
0.0013620239
0.00011421618
0.001144091
1.665263e-05
0.001390086
0.0015540314
3.6223188e-05
1.7302624e-05
1.5978606e-05
0.00036205163
3.5881203e-05
1.8376563e-05
0.0012943834
1.5330198e-05
1.594529e-05
0.00068297404
0.0023144161
0.0011484732
1.751754e-05
0.00010871359
1.5408377e-05
1.5930732e-05
1.600561e-05
1.5049849e-05
0.0023707598
5.780427e-05
1.6791516e-05
1.5978051e-05
1.6457681e-05
0.00013816068
4.4286201e-05
0.0017561068
1.5420015e-05
0.00034188039
0.0016694274
1.7640864e-05
0.00012283924
2.0197952e-05
0.0021129285
0.00020004377
0.00043705704
1.634503e-05
9.341233e-05
5.1577921e-05
5.583751e-05
0.0002198177
1.5905154e-05
3.2475779e-05
1.883022e-05
0.00025029001
0.0010549802
3.5540478e-05
0.00055793687
1.5707863e-05
1.6153048e-05
1.6433643e-05
1.5957712e-05
4.380368e-05
0.0016838623
0.0012414544
3.6466705e-05
1.6105057e-05
8.9747142e-05
1.5841588e-05
1.5308556e-05
2.6801044e-05
1.6883168e-05
1.55007e-05
0.0017531048
4.1037272e-05
0.00085548407
6.2322662e-05
0.00026147532
0.00079272109
0.00011226725
4.2403843e-05
1.5714206e-05
0.0019297599
0.0015952975
5.1096939e-05
1.6123368e-05
1.5911902e-05
0.00019173963
2.7564431e-05
1.5691741e-05
0.0020963803
4.2530753e-05
1.5727165e-05
3.2899834e-05
3.8355341e-05
5.6446878e-05
1.6038791e-05
0.0019169374
1.5976051e-05
1.5981894e-05
1.5979714e-05
0.0013634971
1.5748042e-05
1.8419148e-05
5.7319231e-05
0.00093169941
1.8242075e-05
2.0265829e-05
0.00011808186
1.5467772e-05
0.0011160695
0.00018588652
0.001442872
0.0014437192
3.9197556e-05
0.0007808268
0.0024228989
1.5990533e-05
0.000461612
0.00071286654
0.00075639317
0.0016189029
1.605115e-05
1.571473e-05
1.5948894e-05
1.8109217e-05
0.0011810139
0.00016718478
1.6312048e-05
0.00020328902
1.7924942e-05
0.0010712871
0.0010382328
0.0022802467
0.0023293597
0.0019652549
1.594964e-05
1.6059504e-05
1.5925183e-05
0.00044772
0.00023744547
0.00018049126
0.00030511634
1.5844594e-05
1.5683993e-05
0.00099248159
1.5700018e-05
1.5666559e-05
1.5948759e-05
4.9633003e-05
8.8939523e-05
1.5983388e-05
4.7120656e-05
0.00011626804
0.0022905848
0.00094190943
1.5945365e-05
0.0024811904
0.00011509052
0.00041168617
1.6925639e-05
0.00036783656
0.00084762668
1.6350812e-05
3.5637238e-05
1.503333e-05
1.5080778e-05
2.5776448e-05
1.6265123e-05
0.00091584659
1.5886133e-05
0.00032866216
1.5092205e-05
0.00014020754
2.3712818e-05
0.00010087771
0.0004122003
0.0018560929
3.6436124e-05
1.5602415e-05
1.7740776e-05
0.00017829149
0.0002742622
0.0021283356
5.163813e-05
2.3635434e-05
1.7521864e-05
0.00019634614
1.6333089e-05
1.5953038e-05
0.0017257762
4.9448415e-05
0.00061954801
0.00012139062
4.4162206e-05
1.534208e-05
9.6332515e-05
1.8809872e-05
0.00011753786
1.5729448e-05
0.00079188886
1.5726831e-05
0.00011071659
1.5947259e-05
5.1325472e-05
1.5786748e-05
1.5915558e-05
0.00012635624
5.7084752e-05
0.00021892641
0.00019521135
2.5262697e-05
1.6164124e-05
1.9329173e-05
0.0017289665
3.2998475e-05
1.5750952e-05
1.4792078e-05
0.0018521027
1.5798778e-05
0.00019981895
7.2943039e-05
2.6170076e-05
1.5945279e-05
1.6212088e-05
3.2918957e-05
1.5633248e-05
3.3992894e-05
1.8237025e-05
0.0011700336
3.3790752e-05
0.00057308849
1.8167227e-05
6.1303297e-05
0.0001159681
0.00078680664
0.00017518194
0.00030994345
0.00059583547
1.6012897e-05
4.396491e-05
4.1126598e-05
0.00013057359
2.0314331e-05
0.0016954546
0.0008619425
0.0011442724
0.001864021
0.00017855869
0.0011114789
0.00095305483
8.8858914e-05
0.00097712081
0.00010119558
0.00034297198
5.2336211e-05
0.0021151332
0.00043759665
0.0014453713
6.6167665e-05
4.7390731e-05
0.0014092686
2.0852503e-05
0.00018725755
0.0013096868
1.5985379e-05
1.7951014e-05
1.6027095e-05
1.5271299e-05
6.0541297e-05
0.00013486054
5.1203639e-05
1.5987044e-05
1.6035216e-05
0.00011316917
1.5821e-05
1.562763e-05
0.0021486305
0.0015261446
0.00018515103
3.1651962e-05
0.0024323303
1.5882327e-05
5.9446515e-05
5.9609973e-05
0.00047952821
1.6164382e-05
1.5960848e-05
0.002289531
1.5860126e-05
3.8023029e-05
1.5869522e-05
1.5781004e-05
3.0200543e-05
0.0016354426
1.5715258e-05
1.5458557e-05
1.5957127e-05
0.00011234603
5.4383063e-05
0.00010922778
0.0012201551
0.00071103209
9.6675307e-05
2.7528735e-05
0.00014427744
0.00019658126
3.307536e-05
0.00019212505
0.0010366566
1.5844656e-05
0.0020036474
4.3406462e-05
0.00013489681
0.00015452356
8.3912831e-05
3.2944766e-05
3.3186156e-05
3.4876754e-05
1.5957672e-05
0.00011565854
1.7305626e-05
0.00019331422
0.00025045307
0.00086121819
1.5837118e-05
1.596921e-05
3.6506076e-05
1.5922609e-05
1.5988514e-05
0.00097972941
1.5615672e-05
1.5408008e-05
0.0001228885
3.3885603e-05
5.8482733e-05
0.0014593254
0.00011387406
0.00011887687
2.5674384e-05
1.588284e-05
1.5540782e-05
2.4179922e-05
0.00015585824
1.9596619e-05
0.00035768552
0.00073774765
0.0011334309
4.3056674e-05
0.0013309846
2.3177852e-05
1.5699487e-05
8.9617015e-05
1.5185889e-05
0.00083762813
0.0010617101
0.00016871008
1.5602238e-05
1.56068e-05
0.0012772075
1.5992944e-05
2.2642163e-05
0.00038837267
0.00011680719
2.9160098e-05
0.00013644211
0.0016862508
2.8667587e-05
4.9453295e-05
1.5941571e-05
5.9085998e-05
1.7301545e-05
1.6028704e-05
2.1561634e-05
0.00019756631
7.9747762e-05
0.0010396646
0.0002814403
0.0012356031
0.0019477349
5.9367899e-05
2.0050915e-05
1.5985851e-05
0.0011794665
1.5514035e-05
1.6300045e-05
0.00016104943
0.0021252491
1.580411e-05
1.6337019e-05
1.6031475e-05
1.6303997e-05
1.5609708e-05
1.6076622e-05
1.5905683e-05
1.5675551e-05
0.00011066748
2.3845197e-05
3.4581947e-05
0.00037969316
0.00019338272
0.0017200863
0.00010915602
1.6655714e-05
1.9146105e-05
1.5983052e-05
0.00022453265
0.00019882271
0.0020969293
3.3899256e-05
1.5953655e-05
0.0004561823
0.00086266171
0.00025955238
1.5252667e-05
0.00080996612
1.6060885e-05
1.5958328e-05
5.4616179e-05
0.0012444556
1.6347761e-05
4.2742274e-05
0.00045188876
0.0010818322
1.9096103e-05
1.5862465e-05
6.0663266e-05
1.6885878e-05
0.0002673706
1.7346405e-05
0.0018667404
0.00022205762
0.0015265388
1.5802385e-05
3.2843088e-05
0.00073152633
1.5460689e-05
3.2438272e-05
3.6538865e-05
0.0024258187
0.0016694748
1.600384e-05
0.00031708728
0.00052874129
1.5758504e-05
1.7227311e-05
1.5671074e-05
2.2055687e-05
0.0010370377
0.0016018783
0.00092243474
8.9005037e-05
0.0015637172
0.0015544844
1.600533e-05
2.3189751e-05
1.6006389e-05
0.0014071093
1.7081551e-05
1.576317e-05
1.6057901e-05
0.0001784334
0.001721038
2.1167078e-05
0.00043998941
0.00013599775
1.575751e-05
0.00014779736
0.00011156828
0.0002878322
1.6209673e-05
0.00031687175
0.00074649828
1.5478182e-05
0.00010675159
1.5885542e-05
9.6736853e-05
3.3933842e-05
0.00011388911
0.0017587046
4.538095e-05
0.0011501003
4.9407833e-05
0.00087409505
0.00011544183
0.00011983121
8.3032155e-05
6.9023303e-05
8.8716002e-05
2.0468221e-05
2.4465501e-05
0.00018297194
5.4968159e-05
5.4315247e-05
1.6845273e-05
0.00019719066
0.00094475242
1.6021059e-05
0.0012524364
4.6067977e-05
3.4862981e-05
1.5830303e-05
1.602099e-05
0.00015313138
8.8653321e-05
0.0011685769
3.0209419e-05
1.5059481e-05
2.8930925e-05
0.0010341884
1.634707e-05
5.8568967e-05
0.00078423255
0.00057959691
0.0022728808
0.00021571381
1.5521357e-05
1.5963575e-05
2.3888946e-05
0.00011317459
1.5386673e-05
0.0014634641
0.001806156
9.8157685e-05
8.1946618e-05
0.0008523685
0.0021183396
0.00015902888
1.597574e-05
3.7711911e-05
0.0022582596
1.5986444e-05
1.9602906e-05
1.573331e-05
7.9738156e-05
8.2986183e-05
0.0014723871
0.00025855953
0.0010446853
1.8964778e-05
0.0016065551
3.3276984e-05
5.4309543e-05
0.00037560813
0.00047320978
0.0015616929
1.5965364e-05
1.6064029e-05
0.0007060512
1.5968992e-05
0.00038695951
1.6050926e-05
1.5556908e-05
0.0023436849
1.5961507e-05
1.5864942e-05
0.0013463764
6.6274677e-05
0.00056418346
0.00073840438
1.5937885e-05
1.9404327e-05
0.0002636253
0.00075617578
6.5034815e-05
0.0016589231
0.00025004807
1.7698308e-05
0.00032827622
1.7077936e-05
1.5983638e-05
1.6005294e-05
9.4438131e-05
1.6725023e-05
1.5755989e-05
1.6044233e-05
1.5964475e-05
0.00067963749
1.5982236e-05
5.7728582e-05
6.1054685e-05
0.0024728928
0.00011784964
0.00022392952
0.0010664963
0.00029251773
0.0017046446
0.00018795833
0.00012118593
1.6109404e-05
0.00023903884
1.5950447e-05
1.5990147e-05
0.00078928903
1.5727751e-05
7.9670064e-05
0.0016492085
7.0205146e-05
1.6024282e-05
2.4122856e-05
5.4561405e-05
0.001838569
0.0015076078
1.8666192e-05
1.5960944e-05
0.00090896106
7.205426e-05
1.5601113e-05
0.00014204627
2.8240251e-05
0.00046501791
0.00172755
1.5800647e-05
1.5988693e-05
4.6885439e-05
0.00013403301
0.0020669742
3.7187266e-05
1.5354498e-05
1.5951993e-05
1.5986838e-05
0.0010429553
1.6037049e-05
0.0022903988
0.00054848861
7.0650239e-05
1.5906625e-05
1.5916265e-05
0.00011098107
1.5064405e-05
0.00010895189
0.00057363847
0.001430378
0.00015578749
0.00022071949
3.4006759e-05
9.5702675e-05
0.0023678441
8.7597316e-05
0.00034571705
1.5605468e-05
1.5959171e-05
1.6227208e-05
0.0024033092
3.4233845e-05
0.0011980071
0.00050203702
0.00011553948
1.5721625e-05
8.2723877e-05
2.0057635e-05
2.2991381e-05
2.3876666e-05
4.1579576e-05
1.5474301e-05
0.00012978447
1.6126325e-05
1.6054391e-05
0.0016084596
0.00032900943
1.5355342e-05
1.6079141e-05
0.002107829
2.4363791e-05
0.0020491121
3.2942968e-05
0.00013792014
0.0018252748
1.5716228e-05
0.00019979996
1.5961703e-05
0.00045339178
0.0011755435
1.5953199e-05
0.0010582554
1.5798575e-05
0.0016172707
0.0024575752
1.572302e-05
0.00028829373
1.5966871e-05
0.0009356831
0.0018193513
5.4298754e-05
2.7964001e-05
0.00093963638
2.2274532e-05
2.559299e-05
9.2454323e-05
1.9366563e-05
0.0012382216
2.032363e-05
0.00011757127
0.00010884094
2.4084939e-05
0.00027873819
0.00016527151
5.458605e-05
0.00067811159
2.6963185e-05
3.6231928e-05
0.00024139932
1.6168144e-05
2.0953531e-05
2.152831e-05
0.00011990285
0.001219502
1.5672591e-05
9.3725476e-05
1.6076047e-05
1.7645159e-05
0.00013231524
1.6083235e-05
0.0014036034
0.00033620279
1.587604e-05
7.1016949e-05
1.5869863e-05
0.0010539305
3.9146334e-05
0.0006669266
0.00010814161
0.001071857
0.00047296848
1.5668743e-05
0.0022275119
7.0559985e-05
0.00047059229
2.365798e-05
6.2376132e-05
1.5667281e-05
3.7429636e-05
0.00087756537
0.0022402138
0.0012866449
1.5470798e-05
8.0513363e-05
6.5427481e-05
0.0001288276
1.5360465e-05
0.00010900936
0.0014251045
2.5131368e-05
0.0013417323
0.00083293491
0.0015367932
1.6062316e-05
2.4741431e-05
0.001060189
0.0010380793
0.00014682255
8.9013513e-05
0.00036766216
0.001819382
1.6030284e-05
0.00076294466
0.0016427949
0.0022749129
0.0015989063
0.00096424691
2.2392434e-05
6.3956395e-05
3.0271853e-05
0.00037367439
8.8256728e-05
0.00021700301
1.6035478e-05
0.00018818192
0.00032555632
1.6118116e-05
3.429395e-05
9.5475484e-05
1.5439668e-05
6.0288799e-05
0.00038236519
4.3469552e-05
1.8943039e-05
1.5960642e-05
1.6926003e-05
1.5074412e-05
1.6282753e-05
0.00010885522
0.0015856709
2.4767023e-05
0.00013277971
0.0010663142
1.5876181e-05
1.6032529e-05
0.002172694
0.00074248225
4.6660438e-05
0.0012794147
2.7147109e-05
3.8823098e-05
0.00074842177
0.00018273102
0.0014405926
0.00018800541
0.00027567528
0.0020508157
0.00093488309
1.5341609e-05
2.8307985e-05
1.5962551e-05
1.5788716e-05
1.8162237e-05
6.1215797e-05
0.0003593833
1.6195452e-05
1.8029535e-05
0.0011161458
9.6334756e-05
0.0019103766
1.5411245e-05
1.5896023e-05
0.0013989419
1.6014029e-05
1.6142557e-05
1.5994254e-05
2.0009002e-05
0.0016643993
0.0016043667
1.5853866e-05
1.5721622e-05
0.0011211839
3.7780328e-05
0.00011671783
2.2973991e-05
2.0194075e-05
0.0011943528
2.7676383e-05
0.00068976729
1.5750289e-05
3.1681418e-05
4.5023516e-05
0.0018699587
0.00023697946
0.00014623175
1.5944617e-05
1.5832003e-05
0.0010216103
0.00050538551
0.0013857776
8.2683904e-05
1.6956987e-05
0.00020109048
3.3505208e-05
8.8802791e-05
3.4216366e-05
0.00089818904
0.0014925377
2.9286677e-05
0.00065635845
1.5744764e-05
0.0003056752
7.978679e-05
1.5678565e-05
1.6042963e-05
2.6124388e-05
1.5039388e-05
3.1672946e-05
4.3098677e-05
0.001596034
3.6294022e-05
0.00011360433
0.00076890559
1.7738576e-05
2.0860639e-05
0.0017465
1.6984632e-05
1.9857788e-05
1.8018759e-05
5.4371908e-05
0.00040380085
0.00016377126
2.5616898e-05
0.00010328139
0.0019061272
1.5510921e-05
1.599773e-05
0.00023438329
1.5684782e-05
0.0012873283
0.00096487487
1.5704909e-05
0.0024233915
1.730946e-05
0.0019231605
1.5955469e-05
8.0259871e-05
0.0012010694
3.6249271e-05
1.6066527e-05
2.1740948e-05
1.8353515e-05
2.9139532e-05
0.00052039627
1.5947582e-05
0.00037441274
5.1144524e-05
1.6911757e-05
0.00068043635
1.5169823e-05
0.0023916198
0.00011451378
0.00027681624
0.00037049055
0.0013550883
0.001752371
0.00034478978
9.4945805e-05
0.0014516276
1.5523623e-05
0.0018932374
0.00021348404
9.7757787e-05
0.00044565797
3.3263299e-05
1.5480723e-05
0.00026907422
8.5998969e-05
1.5803284e-05
0.00022259005
0.0015127849
1.5319829e-05
0.0018778689
2.6991342e-05
1.605118e-05
1.6348707e-05
0.0010437281
3.1459215e-05
0.000259483
1.596387e-05
0.0024429284
1.6010068e-05
5.9811848e-05
0.0022134331
1.5773283e-05
0.0017363949
0.00033026063
0.0015422303
1.5988695e-05
2.4350979e-05
1.6505652e-05
0.0010113102
4.8386068e-05
0.0010019889
0.00092161795
1.593375e-05
0.00012043063
1.6060311e-05
0.00031459505
0.00092863215
6.4201602e-05
0.00011343198
0.00016800389
0.0011948557
0.00071734998
1.5750662e-05
0.00028866909
1.8020846e-05
1.5992186e-05
0.00011875908
1.6526253e-05
0.001986059
2.6261562e-05
1.7856582e-05
1.5846536e-05
2.8237729e-05
1.6002709e-05
1.5980984e-05
4.2000881e-05
0.00046684916
1.5614598e-05
0.00048442584
1.5673102e-05
0.00030270377
0.0013911152
1.6013335e-05
1.6035037e-05
0.00010346092
1.5554353e-05
1.8131033e-05
0.002068518
1.5785617e-05
0.0020546961
1.5404735e-05
8.0424162e-05
0.00034389614
7.7167385e-05
4.7442932e-05
0.0012085367
1.5560113e-05
1.5587666e-05
2.1877237e-05
2.4072427e-05
2.7129918e-05
0.0020568774
1.7744766e-05
1.6210824e-05
1.6012506e-05
1.5801105e-05
0.00018552263
0.00020975038
0.0016771117
3.382477e-05
0.0020941346
1.5842569e-05
2.9680854e-05
0.000127217
1.7409841e-05
0.0017778358
0.0020281679
1.6333806e-05
0.00064686889
0.00030523955
1.5812901e-05
0.0011235097
0.00010337142
1.5612599e-05
0.00020306242
0.00031446258
1.6038261e-05
0.0013362731
1.6001269e-05
4.9370967e-05
1.6178856e-05
0.00071718802
0.00037132265
1.6060579e-05
1.5010489e-05
0.00024501671
1.5987654e-05
1.6013127e-05
3.4725945e-05
3.8790414e-05
0.00010110452
0.0011058404
1.6027839e-05
6.7269579e-05
0.00092680008
0.00013052391
1.5926293e-05
1.5877722e-05
5.6464228e-05
0.00010396151
0.00084299989
0.00011301907
0.00042247621
0.00034338227
0.0012130748
0.00022314766
0.0021213362
0.00018540658
1.5363291e-05
2.7374367e-05
0.0021936511
1.6004711e-05
9.7565218e-05
0.00050425136
0.0012662966
9.28361e-05
0.00053315603
0.0014934434
1.5872874e-05
1.5583444e-05
0.0023468309
1.5883397e-05
0.00012994841
3.4027698e-05
4.1647917e-05
0.0004598476
3.4140251e-05
0.0015538291
1.5388885e-05
1.6046664e-05
5.1324169e-05
0.0002445037
0.00028612405
0.00057937178
0.0013832393
1.5713383e-05
1.6042707e-05
1.5842971e-05
1.5955772e-05
0.0010559028
1.5702152e-05
0.0018745557
5.5526159e-05
0.00081936171
0.0020552244
4.6432703e-05
1.6002776e-05
1.6095823e-05
1.5964404e-05
1.6544194e-05
8.0573651e-05
0.00028247961
1.5963696e-05
2.2970035e-05
1.8913208e-05
5.8086647e-05
1.5081612e-05
7.6727709e-05
1.7246486e-05
0.00025997633
0.0016241884
0.00066212357
1.6032092e-05
4.2379294e-05
4.7528147e-05
0.0002239641
0.0016176624
6.6382956e-05
4.365883e-05
1.9278715e-05
1.6219457e-05
0.0019578926
3.1706572e-05
1.6079777e-05
1.6023837e-05
0.0012210803
0.00094369837
0.0010609753
0.0020892934
0.00021762702
1.9456637e-05
0.0001154506
0.0023647449
0.00035338622
2.9306223e-05
6.9402082e-05
0.0016625674
0.00052180877
0.00012717244
8.0202306e-05
1.5813379e-05
1.604617e-05
1.5794552e-05
0.0012062456
1.5955207e-05
0.00092566031
0.000115669
2.0455531e-05
0.0021827553
1.5841739e-05
8.67202e-05
1.5851469e-05
1.6181235e-05
0.00051981225
2.1518867e-05
1.5224047e-05
0.00010581161
0.00016517655
4.3516389e-05
0.00068463697
0.00048572839
1.5778964e-05
0.001400244
8.7911019e-05
0.00046397314
0.0011730795
2.1601952e-05
1.5838968e-05
1.6033575e-05
2.1075833e-05
0.00019578061
1.602952e-05
0.0014819737
1.5994538e-05
0.00010069631
1.5991072e-05
0.00011318807
4.7414808e-05
1.5953762e-05
1.6050126e-05
1.5831537e-05
2.7358134e-05
0.0015199292
0.00039263302
0.0015855128
3.9378679e-05
5.7263578e-05
0.000139838
7.0109936e-05
1.8507333e-05
1.6052493e-05
1.6018839e-05
2.6193722e-05
1.4558635e-05
0.00016807287
1.5871723e-05
0.00048296521
0.00051374256
0.001458406
0.0014245682
2.4640873e-05
0.0021178417
1.6192398e-05
1.6004227e-05
9.5443617e-05
0.0001138571
2.6483608e-05
5.4110053e-05
0.00068616298
9.2534145e-05
0.00010272145
0.0013355752
1.5939214e-05
0.0016734634
1.5781332e-05
2.1993564e-05
1.5484917e-05
1.605982e-05
0.0011528771
9.9594076e-05
3.6888738e-05
0.00041268525
0.0019142961
0.0021420985
9.3604727e-05
1.537405e-05
2.26892e-05
8.6370665e-05
3.2388749e-05
1.5956802e-05
1.6030002e-05
1.5563521e-05
1.5699119e-05
0.00076775343
0.00077839474
0.0013034789
0.00011208381
7.7935363e-05
6.7871947e-05
0.0013522309
0.0022823151
1.5809485e-05
0.00011477678
1.6017819e-05
4.4710675e-05
0.0019985992
0.00085799154
1.6064497e-05
0.0014450514
4.7783281e-05
2.7320417e-05
0.0018577917
0.0012215423
2.155577e-05
0.00032647511
0.0001289979
3.3771051e-05
0.0013143658
0.0001121583
0.00052100562
1.5786609e-05
0.0005114895
0.0015634142
1.5837436e-05
0.0010659887
1.5931598e-05
0.001159739
0.00017304151
1.5223231e-05
0.0020197864
1.6086686e-05
8.3051511e-05
1.6076853e-05
1.5683147e-05
1.586531e-05
0.00044677671
0.0001934253
0.0024130839
2.0392718e-05
0.00093764896
1.5858928e-05
3.7151365e-05
0.0002204091
0.0020886377
0.00105116
0.00047950612
1.5832821e-05
0.00092068092
2.5133177e-05
1.4961759e-05
6.2582564e-05
0.0016869352
1.5877478e-05
0.00046704696
0.0021341068
1.5883449e-05
1.607552e-05
1.6168309e-05
1.5933888e-05
1.60136e-05
1.5062488e-05
3.1637544e-05
2.2117406e-05
0.0016362716
0.0020005444
0.00085882885
5.1741621e-05
0.002276887
0.00037702801
0.00016119192
0.00040181684
3.7701652e-05
0.0018460605
4.0632259e-05
0.00031870727
3.4497528e-05
3.1464302e-05
9.7842849e-05
0.0013753084
1.5799801e-05
0.00055958691
0.0012678524
0.0021788283
0.0014441164
0.0019713943
0.00019612011
1.57842e-05
2.7683345e-05
4.7094048e-05
0.00011348952
0.00030708461
6.9857854e-05
0.001226515
1.5822463e-05
0.0016070876
1.9090778e-05
0.00036730147
1.593838e-05
5.4452697e-05
0.00212511
0.00031119646
7.9489119e-05
8.6651908e-05
0.0008283423
1.5987725e-05
1.6003284e-05
0.00039621474
0.00010127477
0.0011017348
1.6388564e-05
0.00051307683
0.0015701729
1.4467759e-05
7.2383923e-05
1.6095393e-05
2.7116767e-05
2.1779813e-05
1.6049845e-05
2.3140018e-05
1.5932541e-05
0.001696644
0.00010142988
0.0005417592
0.0016316459
2.0559445e-05
0.0018435673
0.00037340794
0.00054958249
3.421761e-05
0.00095243144
0.00054677088
0.0016658845
1.6290376e-05
2.4518988e-05
1.6041721e-05
0.0017908721
3.881716e-05
7.497597e-05
0.00015429189
2.9780699e-05
0.0012957819
0.00044187754
1.5943313e-05
0.00052971694
4.1646905e-05
0.0020205003
1.6042199e-05
1.5863316e-05
9.1851237e-05
0.00027529894
3.156039e-05
0.0018840218
0.00090434435
4.2613392e-05
0.0023045342
1.529849e-05
0.0011722702
2.5834731e-05
1.6915344e-05
0.001385515
1.5505438e-05
0.00044593787
0.00062991481
4.593243e-05
0.00098512906
2.186761e-05
1.5797868e-05
1.5742671e-05
1.5952437e-05
0.00039764318
2.208966e-05
6.0414457e-05
0.00092564415
0.0021140492
1.6008873e-05
4.8375256e-05
1.5918289e-05
0.0016530486
0.00051981823
0.00025131109
2.0534571e-05
0.00070815003
0.0011962803
0.001565051
0.00014587909
1.6045771e-05
0.00082990876
0.0018423307
0.0017412505
6.276745e-05
0.0021325193
1.5684009e-05
0.0010496609
1.5587063e-05
0.00030709995
2.4293877e-05
1.61795e-05
1.5893713e-05
6.9123411e-05
4.0213592e-05
1.585581e-05
0.0017025038
0.00013322137
0.0019834215
0.00052039574
0.00013539166
1.6037691e-05
5.9651599e-05
0.0013460491
0.0014418249
0.00040439958
1.536155e-05
0.001534109
4.8961682e-05
1.7447213e-05
0.0021330925
3.4233751e-05
0.00066507353
8.5326254e-05
0.0016867151
0.00019360478
1.5929926e-05
0.00018811059
0.0018100859
1.6117244e-05
4.0641889e-05
2.6585298e-05
0.0015352905
1.9917205e-05
1.5787832e-05
6.4160925e-05
1.586729e-05
0.0020395495
0.001868017
0.0010364563
1.6327189e-05
0.00029888991
3.3531267e-05
1.6062572e-05
0.001975817
0.00047519884
3.0270178e-05
1.5856016e-05
1.5910884e-05
1.5868565e-05
1.6191564e-05
9.0101441e-05
0.00062664653
5.1306413e-05
1.5078849e-05
5.7789023e-05
1.5853724e-05
0.0020300953
3.5216318e-05
3.156161e-05
0.00055521028
0.00092193255
2.7504554e-05
3.3888178e-05
0.0010743745
1.5445045e-05
0.001667327
1.6063417e-05
0.00023690899
7.0976816e-05
0.00010297841
0.0021102893
0.001166631
2.6602733e-05
1.5964562e-05
1.6015895e-05
1.5939376e-05
3.3705625e-05
0.0020991245
1.5604409e-05
1.619444e-05
2.0551601e-05
1.6298635e-05
0.0018714956
1.6059757e-05
0.00061954711
8.0625495e-05
8.0371853e-05
1.6055611e-05
0.00062879795
1.9708393e-05
1.4927256e-05
4.2415462e-05
0.0015061564
1.9133551e-05
2.6636162e-05
0.0015032852
1.5913318e-05
0.0018635212
0.00015225215
2.8488184e-05
3.8743885e-05
1.6186576e-05
1.5122753e-05
0.0015763189
0.00011437663
0.0015590051
1.5827382e-05
2.1165687e-05
1.6144786e-05
5.163131e-05
4.6028396e-05
5.5778664e-05
0.00026137139
0.00060629983
3.3850762e-05
0.0017371843
0.00012219306
1.6020315e-05
8.8605846e-05
1.611468e-05
0.00028343126
1.9399559e-05
6.8363905e-05
1.5981348e-05
1.8539487e-05
0.00010781022
0.00163973
0.00018288664
0.0001425328
7.7840492e-05
2.2657878e-05
0.0013798658
0.00011434585
0.0021245441
0.0017882891
0.0012238486
1.5828545e-05
1.5716483e-05
1.6576187e-05
1.5692609e-05
4.5007994e-05
2.0280855e-05
1.4760268e-05
0.00013585448
0.00028501008
1.6594626e-05
0.0012951539
1.7565665e-05
0.0015201932
6.0485472e-05
0.0010542789
0.00072723443
0.00025702475
2.3179346e-05
0.0018027842
1.5983582e-05
2.6276646e-05
8.8395947e-05
0.0001231629
0.00060891287
0.00010103414
0.00026920514
1.8759354e-05
3.9327292e-05
0.0010097964
3.5408776e-05
0.00064855887
0.00066578981
0.00013527862
0.0015145133
1.5786541e-05
2.4692928e-05
0.00040776166
1.5483415e-05
0.0023882451
0.00013225543
1.6321301e-05
1.6042983e-05
0.00063072955
0.0017844594
1.5792971e-05
0.0018875106
0.00078763065
1.6158547e-05
1.5113806e-05
1.5999221e-05
9.986101e-05
0.00083764234
1.5660975e-05
0.00013659371
9.9971088e-05
0.00011632327
0.00097538468
0.0015894094
0.00017409478
0.0021238197
0.0014999044
2.5322674e-05
0.00014923464
4.2691568e-05
9.8258856e-05
0.0019449036
0.00025829654
0.00018387998
3.2513875e-05
3.408548e-05
2.6467793e-05
0.0003694765
6.0213073e-05
7.0069186e-05
0.00034037246
1.600312e-05
4.7045258e-05
1.5586566e-05
1.5950146e-05
1.568095e-05
0.00058370759
0.00070747261
1.5743873e-05
4.5840107e-05
1.5765358e-05
0.00015097377
1.9077543e-05
3.6417433e-05
6.2985145e-05
0.0023207229
1.5777641e-05
1.6157868e-05
3.6592094e-05
1.6110856e-05
0.001957154
1.5611787e-05
0.0013800237
0.00093501696
1.6107389e-05
0.0023021396
1.6072129e-05
0.0005549854
0.00030730799
1.5869819e-05
0.0016756617
5.7862595e-05
0.0011926972
3.0295444e-05
0.0019955684
0.00044629797
7.9970194e-05
0.0010805251
0.0015631312
1.6396094e-05
0.00078620493
1.565768e-05
4.4199917e-05
1.5666973e-05
2.6714574e-05
1.6207646e-05
0.0012530621
6.9753023e-05
4.5460385e-05
0.001507729
0.00096361857
1.599294e-05
0.001664462
0.0011787093
3.3954494e-05
0.00016575415
0.0014174776
0.00011488996
0.00017939505
1.5577883e-05
0.0011455887
9.5619398e-05
6.0181017e-05
0.0013415741
0.00015141283
2.433633e-05
1.5834492e-05
1.5784902e-05
1.6094829e-05
8.4580018e-05
1.595589e-05
1.5669227e-05
0.0025616653
0.00012098588
0.00084933328
4.258124e-05
1.6131988e-05
1.6218994e-05
4.2203395e-05
1.5848638e-05
0.00055493486
1.6172876e-05
0.00046395851
0.0006939285
0.00093285211
0.0014464455
1.866227e-05
1.8654281e-05
4.6932199e-05
0.0018297767
2.1205005e-05
2.1761581e-05
0.00083095065
1.6436797e-05
0.00079855922
1.5997854e-05
0.0021192138
0.00054697565
1.6097509e-05
0.0019855665
0.0008633209
1.6065628e-05
3.0011344e-05
0.0021992423
1.5451815e-05
3.4244407e-05
0.00023160961
2.4281153e-05
0.00042904753
3.4247608e-05
1.9011556e-05
0.00010237981
0.00049172137
2.5788625e-05
0.0017935351
0.0013427556
0.00022014092
1.6443077e-05
0.0015492296
0.0011170229
0.0011207339
6.8054616e-05
0.00028491183
0.00019799446
8.6048623e-05
0.00059245018
0.00010255358
0.0023101593
0.0019431306
0.0001766654
0.0021157642
0.000297458
0.00012988516
7.0544502e-05
3.4025632e-05
1.5664719e-05
0.0015226395
0.00028189267
0.0020264214
1.5509305e-05
8.9561722e-05
0.00040347512
1.510813e-05
1.6082372e-05
0.00012568119
0.0012162823
6.8201263e-05
0.00035490488
2.0985601e-05
6.1943018e-05
8.1954126e-05
1.6011695e-05
1.5417212e-05
0.00013041679
1.6015469e-05
2.8751165e-05
9.2111093e-05
1.5701014e-05
0.00049670723
1.5967347e-05
0.0012772532
4.1411329e-05
0.0011578136
1.6052545e-05
1.5980818e-05
3.9774392e-05
1.4986174e-05
0.00031299099
1.6055774e-05
8.8916294e-05
0.00090982775
1.5638467e-05
0.00054404321
2.9103125e-05
0.00046523463
0.00025466069
1.561634e-05
0.0014292718
0.00056322873
0.0014586281
1.5154283e-05
3.8407154e-05
0.00065593122
0.00038091583
1.5410065e-05
4.4976149e-05
5.9139567e-05
7.7044933e-05
0.00010202827
0.001950249
1.5792769e-05
0.0023111115
0.0017882422
1.7346989e-05
3.7920971e-05
8.0417021e-05
1.6978777e-05
0.00028091322
0.0021292767
1.87032e-05
7.8994262e-05
0.00072532569
0.00056717956
0.00014494453
1.8654094e-05
1.5669078e-05
2.7787697e-05
1.5536224e-05
1.6141244e-05
1.5895759e-05
1.5937334e-05
0.0013360667
7.2743801e-05
0.00011362909
2.3666925e-05
8.6811052e-05
2.9846292e-05
2.2106804e-05
4.2353542e-05
5.5313979e-05
4.8437098e-05
0.00041481788
4.3093149e-05
1.6120039e-05
1.6092431e-05
0.00076767979
0.001524475
1.6212359e-05
0.00025859987
0.00090913313
0.00076996264
0.00012076072
3.9583151e-05
1.6061179e-05
1.557009e-05
0.0011273221
4.2017521e-05
3.3233329e-05
0.00089962837
0.00081299327
0.00020889504
7.0048135e-05
1.6753953e-05
1.8511526e-05
1.6030784e-05
1.5965533e-05
0.0011630609
1.9443721e-05
2.082652e-05
1.6122781e-05
0.0015171258
2.0028973e-05
1.5492487e-05
8.0901361e-05
3.1482138e-05
1.6056622e-05
0.00090343773
0.0001076716
1.60282e-05
0.0015711658
0.0018796672
0.0007430404
0.0016435883
0.00025428908
0.00047056279
0.00091043296
1.6873664e-05
4.2906352e-05
0.0015335341
8.6921014e-05
1.5973991e-05
0.0018244415
1.6035606e-05
2.4670456e-05
1.6038307e-05
1.616329e-05
1.5767925e-05
1.610702e-05
0.00051069048
0.00010939244
6.2090415e-05
1.5963151e-05
1.6016403e-05
0.00013812115
0.0021248527
6.8534415e-05
1.5609196e-05
0.00034867001
2.4997189e-05
1.5886613e-05
1.7391539e-05
2.7708829e-05
0.00022781713
1.5577967e-05
1.6253503e-05
0.0021202271
1.5675542e-05
0.00010785768
0.00029440134
2.5752984e-05
0.00028420168
0.00023244279
0.0010468174
1.5739876e-05
0.0023724827
0.00094241804
0.0011344129
4.5513565e-05
6.3773321e-05
0.0015196226
8.5166814e-05
1.5251186e-05
0.00091360089
1.586996e-05
1.9657105e-05
8.6208438e-05
7.4082909e-05
1.5729858e-05
0.0021503479
1.5717288e-05
0.00036190078
1.6118989e-05
1.5904832e-05
2.6968449e-05
1.6067444e-05
1.7288092e-05
0.00027606238
0.00010174071
1.5498814e-05
0.0016475005
0.00025959137
7.9041929e-05
1.5840195e-05
1.5742594e-05
0.0015115959
0.0012223259
0.00023683136
1.6071043e-05
1.5128981e-05
0.00014955759
3.4322156e-05
1.7451372e-05
0.00028818667
0.00075901867
0.0012291169
0.0017899717
6.0504137e-05
0.00012731952
1.9954234e-05
0.00059647943
1.5829432e-05
1.9517037e-05
2.3190048e-05
1.5493058e-05
5.7459845e-05
0.00016476605
1.5037293e-05
0.0011620139
0.0019835561
0.00012583285
0.00030039225
9.5524282e-05
2.0650826e-05
0.0014810452
0.0021266698
1.6025303e-05
1.6807217e-05
9.5693849e-05
0.0018516514
2.4083898e-05
0.0011861539
0.00011843197
1.561598e-05
0.0016582573
3.5695214e-05
9.9425208e-05
2.7746335e-05
3.7911054e-05
1.5827354e-05
2.6683016e-05
1.6009722e-05
0.0017418325
0.00051003811
3.5143588e-05
1.5907072e-05
0.0012858709
0.00083317485
0.00065821671
1.6266428e-05
5.1244622e-05
1.5591456e-05
0.00015913103
8.1038377e-05
0.00049767248
6.0114834e-05
0.0016043737
1.6035138e-05
1.5884514e-05
0.0001166234
2.8438958e-05
0.00039845095
0.0010513083
5.2071627e-05
1.4836845e-05
1.6096208e-05
2.31684e-05
8.3165189e-05
0.00022109551
1.5594522e-05
0.0020429173
3.2512318e-05
1.5717193e-05
0.00011479722
1.5770295e-05
6.8104876e-05
0.00015803194
0.00065438012
1.5891216e-05
2.9867646e-05
1.5303333e-05
0.0020366534
0.00069456732
1.5915812e-05
0.0017760413
0.00011540362
1.9016029e-05
0.00046287557
3.2189767e-05
1.5662249e-05
1.5191484e-05
2.1656681e-05
8.1894652e-05
0.0003907808
1.6093493e-05
2.7186481e-05
1.5498574e-05
0.00052488093
0.00032058705
1.5703035e-05
3.9390674e-05
0.0014437929
1.5197501e-05
1.5875301e-05
0.00067265198
0.00025319695
3.5841986e-05
0.0014104535
0.00026783412
1.5578356e-05
0.0010094026
1.6038411e-05
1.6124926e-05
0.0021235553
1.5958083e-05
0.00015722239
1.5911447e-05
1.5913171e-05
5.410957e-05
1.4943171e-05
0.002290705
2.4949939e-05
0.0015007677
1.5181581e-05
0.00013658231
1.5633364e-05
2.0102143e-05
0.0013974351
2.1018252e-05
1.5822492e-05
1.6169262e-05
0.00039174345
0.0011190412
8.8127034e-05
1.632051e-05
0.00017863883
1.6194833e-05
1.5952389e-05
1.6032194e-05
5.0508266e-05
1.5542747e-05
0.0011712418
1.5373534e-05
1.5138555e-05
0.00011384505
0.00015372507
7.602478e-05
1.5986881e-05
0.00091373808
0.0015661135
1.899861e-05
0.00026719008
0.00039808954
0.001476859
0.0001997629
1.9203831e-05
0.0011554347
0.00020132826
8.1627571e-05
0.00021864533
1.5596655e-05
5.0606869e-05
2.2976363e-05
0.00012682071
1.8952692e-05
0.0015947566
0.00025388
1.9612239e-05
2.5987213e-05
0.0013207329
0.00020072082
0.00047509818
1.6329601e-05
1.5935994e-05
0.0016832856
1.5834527e-05
1.5632621e-05
6.5737122e-05
1.5916243e-05
3.429313e-05
0.0019153313
0.00022895293
0.0010214383
2.2092337e-05
5.6365801e-05
1.6035679e-05
2.4962568e-05
0.00017849296
1.5698218e-05
0.0023522663
0.0010877735
0.00089710075
1.60149e-05
0.00011824915
0.0010874587
1.5969108e-05
0.00062732645
2.3719266e-05
0.00017759958
0.00031516719
5.142613e-05
1.6093113e-05
2.5858435e-05
2.0018763e-05
3.0575063e-05
0.00023654224
5.9543291e-05
0.0020657569
1.5890614e-05
1.5028421e-05
1.8070374e-05
6.1082304e-05
0.00037287451
2.5052799e-05
8.4076406e-05
1.5827133e-05
6.5945258e-05
0.00087461986
0.0015226596
0.00013330659
4.1796539e-05
0.0011453221
0.00022468232
2.7469504e-05
3.9113555e-05
3.0179608e-05
0.0019931236
0.00010538386
0.0006635839
1.8087827e-05
1.561996e-05
0.00020828719
0.0003263011
0.00018275306
5.354438e-05
1.5830092e-05
4.2374758e-05
0.00011492283
0.000114428
0.00079509867
0.00040704089
1.6030835e-05
1.6052162e-05
0.00019490525
1.590641e-05
6.9580153e-05
0.00050834683
5.3286781e-05
1.642907e-05
0.00092852857
1.5897971e-05
0.00015266797
1.5915692e-05
0.00015460735
1.6753964e-05
1.920852e-05
1.5999655e-05
1.5059547e-05
1.5952087e-05
4.5458514e-05
0.0011050921
0.00051351183
5.2864706e-05
0.00022372055
0.00026794607
8.7070174e-05
1.6058092e-05
3.7386293e-05
6.823862e-05
0.00020748744
1.5511995e-05
5.2693515e-05
1.5936331e-05
4.9557487e-05
7.949114e-05
2.6453661e-05
0.00024275329
0.00088063065
0.00024006729
0.00010613941
1.573895e-05
0.00052182285
0.00031184119
0.0011232283
0.0010425495
1.5846446e-05
2.0206034e-05
0.00077984484
0.00068982253
4.8607206e-05
1.9689306e-05
0.0018307209
0.0021519933
0.00076938644
1.6033886e-05
0.00041236667
3.4096228e-05
0.00044852122
1.6198449e-05
0.00021069926
0.00086044503
1.5895877e-05
1.560631e-05
0.0012045584
0.00044657769
0.00037926914
0.0020233898
0.00036385794
2.3752563e-05
0.00011826216
1.7135891e-05
0.0011214284
1.6061661e-05
1.5732991e-05
5.9347579e-05
1.7361031e-05
0.0013697698
2.7523197e-05
0.00038624571
0.00018046283
0.00058890927
2.0398138e-05
4.1451346e-05
1.6016373e-05
0.00034047383
0.0012871216
4.4185864e-05
0.00017586485
1.5432794e-05
1.5941661e-05
0.0015246959
0.0010075628
0.00084863614
4.5585603e-05
2.6481495e-05
2.2654003e-05
4.4142325e-05
0.00025787492
1.5941444e-05
1.7231291e-05
2.5342814e-05
0.0011576919
1.6038296e-05
0.00082802292
0.001047144
0.00089159942
1.5957877e-05
1.6058291e-05
0.00065613778
0.00057281752
0.00036069484
0.00074206629
0.0018048842
7.3394231e-05
0.00076569993
1.5737637e-05
0.0015164809
1.6036261e-05
1.7375607e-05
0.00015144395
0.0015477299
0.00029707266
0.0024930624
1.5066364e-05
2.1219131e-05
0.00014383699
0.00070942765
0.00035198109
2.846209e-05
1.5600423e-05
1.9034924e-05
1.5583062e-05
1.5966166e-05
7.6955807e-05
6.1378611e-05
1.5854915e-05
5.7599714e-05
0.00046247831
0.00013500449
1.553846e-05
2.5141705e-05
0.00017904812
1.5953089e-05
2.5711727e-05
0.0020129725
0.00018248168
6.0453049e-05
0.00014701641
0.0016185596
0.002012673
2.3824876e-05
0.00044324678
0.0019966168
3.3012722e-05
0.00011034874
1.5897812e-05
3.0603723e-05
1.5893269e-05
0.00014597012
1.5736511e-05
0.00063513485
6.1125817e-05
8.9780494e-05
0.00019133138
1.5388478e-05
1.5502217e-05
0.00015631568
0.00015214519
3.746358e-05
0.00072716219
1.7596781e-05
1.8070451e-05
0.00018494594
0.0014463672
0.00049461409
0.0019616215
8.8590633e-05
0.00049143385
2.3413081e-05
1.5872487e-05
1.5794659e-05
1.6525693e-05
4.1671323e-05
5.7845894e-05
0.00071220682
2.4294761e-05
1.5454387e-05
0.00029199313
1.5824606e-05
0.00036931109
7.5104295e-05
0.0012044666
1.5800434e-05
5.5081789e-05
0.0011229189
4.2902994e-05
1.5763593e-05
0.00019334142
0.00012015795
3.2186762e-05
0.001442214
8.8099487e-05
0.00055681184
1.5891067e-05
0.00095944069
0.0011001864
0.0003809018
0.00044682802
0.0013285696
1.5259993e-05
0.00024507657
0.00092934735
0.000982541
0.00053701731
1.5845232e-05
0.00020050756
3.6684945e-05
6.252378e-05
2.4537234e-05
8.0280723e-05
3.0429034e-05
0.00047942811
1.6063857e-05
0.00039513136
1.5909668e-05
1.5049322e-05
3.4525836e-05
0.00023426604
2.6493516e-05
1.5990789e-05
2.0980907e-05
7.1232742e-05
0.00089711275
0.00035795083
0.00022702725
1.5864971e-05
1.6024499e-05
2.0412799e-05
0.00035241954
0.0025519962
1.5897999e-05
1.6149082e-05
0.0022571071
8.5293869e-05
1.7284823e-05
0.00060884714
0.0019890655
0.00073659252
0.00070253498
0.00017754277
5.6468125e-05
3.4476078e-05
1.5979538e-05
0.00043221271
2.2126899e-05
1.4443792e-05
7.1717647e-05
0.0011066363
0.00031136498
1.5910044e-05
5.6475142e-05
2.411683e-05
1.600536e-05
1.592114e-05
4.4316062e-05
2.8952814e-05
1.5537005e-05
1.6056805e-05
1.5952381e-05
2.2941599e-05
0.0021193673
1.5969432e-05
0.0018131254
1.9654009e-05
2.1848207e-05
1.5785213e-05
1.5970578e-05
3.2152589e-05
1.6000466e-05
6.2606615e-05
0.0020639865
1.5715939e-05
0.0014633368
0.00011726476
0.00046723017
7.2835786e-05
1.5999331e-05
1.5960536e-05
1.5907162e-05
1.5908448e-05
2.0016403e-05
0.00050727565
3.5444876e-05
2.2106508e-05
6.4117579e-05
0.0021312656
1.5790341e-05
1.5789481e-05
1.6092238e-05
0.0005964187
1.5894283e-05
4.595984e-05
8.338867e-05
1.5988262e-05
0.00040326423
2.2586839e-05
0.00011833752
0.00024641292
9.1392463e-05
0.00057778674
3.6374698e-05
0.00011498901
0.00013093356
0.0010833436
0.0021223608
0.00086162622
4.9112103e-05
0.00042004557
1.5351855e-05
3.4057159e-05
9.7971199e-05
2.2609882e-05
1.8565436e-05
0.0001133033
0.00060856417
1.5780883e-05
0.00099246629
0.00025236363
5.5752428e-05
1.7535812e-05
1.7538e-05
3.4670359e-05
1.7188961e-05
7.4787691e-05
1.5842017e-05
2.6460802e-05
2.8489154e-05
3.4099713e-05
0.0020966333
0.00010274151
4.1670944e-05
1.5660886e-05
0.00049150826
3.3424277e-05
2.0306668e-05
0.00075501052
0.00036673575
1.5709934e-05
1.6589461e-05
0.00025783171
1.9869148e-05
1.6068368e-05
1.5153868e-05
1.5906628e-05
1.5910656e-05
0.00023172503
3.6583065e-05
1.5855419e-05
1.8061757e-05
2.5731712e-05
0.00013444558
1.5959672e-05
3.1512263e-05
3.8362619e-05
3.5806439e-05
0.0011689224
1.8034627e-05
0.000124265
1.6425211e-05
0.00012035673
7.177531e-05
1.5776674e-05
6.3329442e-05
0.0016453407
1.5968433e-05
0.00062110701
1.7181603e-05
0.0019425244
0.0018575118
0.00010302562
0.0002610945
0.00034446857
1.9968873e-05
1.5846906e-05
1.989972e-05
1.6057352e-05
1.6049284e-05
1.504981e-05
1.5847636e-05
0.00011279637
7.9445653e-05
1.583094e-05
0.0014835254
1.6083878e-05
1.5572615e-05
2.0778826e-05
1.5856981e-05
0.00069913745
1.6111081e-05
7.962128e-05
0.00044195767
2.7182458e-05
5.9660856e-05
0.0014694779
1.5906574e-05
1.7072137e-05
5.0771158e-05
1.5960411e-05
0.00044444277
5.7530376e-05
1.5903346e-05
0.0019310509
0.00057090679
2.211157e-05
1.7391076e-05
7.0368168e-05
2.4787259e-05
1.5304942e-05
0.00014824437
1.6048855e-05
7.3755628e-05
1.5961283e-05
0.00060428434
1.6130864e-05
1.6084893e-05
5.0454429e-05
0.0022949209
3.5526e-05
1.5884374e-05
1.5448857e-05
0.00014195696
1.5603291e-05
8.1455555e-05
2.8457818e-05
0.00093108777
1.7587865e-05
2.326622e-05
0.00016034856
1.5689607e-05
1.6051749e-05
0.00014063104
1.5412591e-05
5.8901436e-05
1.5844114e-05
0.00010218535
0.0018449108
1.6269706e-05
1.5965756e-05
1.5832517e-05
2.591498e-05
5.6075434e-05
1.5863931e-05
6.0147748e-05
4.4585359e-05
0.00053484964
1.5568746e-05
0.00013766608
1.6029519e-05
4.5436266e-05
7.9900645e-05
1.6008587e-05
0.00017961771
1.6306893e-05
0.00158291
5.2109187e-05
2.0966548e-05
1.6039695e-05
1.5949045e-05
0.00030274681
5.4359155e-05
0.00022307581
6.4249504e-05
0.00032710388
4.7052771e-05
0.0013612123
0.0018238466
1.982249e-05
6.8793937e-05
5.3651561e-05
0.00013729323
2.3634472e-05
7.4031716e-05
0.00051801986
1.6151801e-05
1.6014035e-05
0.0012294138
1.6112651e-05
1.5655668e-05
1.5722818e-05
0.00065896
2.1738399e-05
0.00077893664
0.0018322141
0.00066751431
3.3938889e-05
2.3206573e-05
0.00033966702
0.0023602907
2.0469768e-05
1.6041585e-05
0.00055710283
0.0017120891
1.5917876e-05
1.8941157e-05
1.6015758e-05
1.590134e-05
3.5005045e-05
8.6200861e-05
1.59422e-05
2.5834619e-05
8.145472e-05
0.00024073533
1.5284611e-05
0.0016443019
0.0019717808
0.0016572046
0.00029275298
1.5661739e-05
1.7675365e-05
1.5856898e-05
0.00021338771
0.00011823231
1.6114107e-05
0.0011123041
1.5756761e-05
3.3676861e-05
5.70406e-05
3.4699512e-05
0.00029477297
2.0367712e-05
1.5515878e-05
1.5780361e-05
0.00068391151
8.3729282e-05
0.0018681871
3.2909225e-05
0.0023161746
1.5613357e-05
1.6026533e-05
0.0018737931
1.5613597e-05
0.0017721455
5.2492813e-05
0.00011632617
0.0002274894
1.5962718e-05
0.00041791849
0.00035966884
0.0012715612
0.00018942074
1.5634607e-05
0.0019750239
1.5724803e-05
1.5886848e-05
5.0743898e-05
0.00013800665
6.5411636e-05
0.00027172359
6.9723673e-05
1.5972494e-05
1.6022737e-05
1.5721967e-05
0.00010156538
0.002206711
2.7432032e-05
1.8004804e-05
1.5960372e-05
0.0019155256
1.6005543e-05
1.7374551e-05
0.00083424408
5.6276494e-05
0.0003527316
2.0149749e-05
0.0020819717
1.5987595e-05
1.5949997e-05
0.00029987088
0.001099138
2.6569704e-05
0.000265464
1.5782977e-05
4.1686508e-05
2.916437e-05
0.00035620448
0.00051171709
3.6218695e-05
1.572655e-05
1.5974826e-05
0.0019137514
0.00010641547
1.6788375e-05
9.2353662e-05
1.7474684e-05
0.00042599594
1.5953274e-05
3.9414673e-05
0.00029283783
9.3155895e-05
3.370877e-05
1.7320372e-05
0.0017537472
1.5415387e-05
1.5987023e-05
0.00023547311
0.0014484154
0.00016689938
0.0004758555
0.00052542669
1.5204345e-05
7.9959303e-05
3.000135e-05
0.0013835671
0.00010349045
1.6076826e-05
1.5960958e-05
3.9961841e-05
6.9328503e-05
1.5983275e-05
0.00023036875
2.0884064e-05
2.029587e-05
1.5565717e-05
1.5682051e-05
6.85303e-05
1.5965678e-05
3.3465865e-05
3.9233879e-05
2.8198652e-05
0.0025300161
1.6822044e-05
0.00029784389
1.5574973e-05
3.2364601e-05
1.5054261e-05
9.7255944e-05
1.6077108e-05
1.5182072e-05
9.3409079e-05
1.6079051e-05
1.6922571e-05
0.00020816413
0.0010154259
1.605693e-05
1.5777563e-05
0.00046838284
1.499761e-05
2.5384636e-05
0.00046280299
0.00016958711
0.0013489858
1.5850508e-05
1.6309275e-05
1.5656562e-05
4.5888163e-05
1.5852288e-05
0.0011662009
0.00045129474
7.2361308e-05
6.9680186e-05
5.7247926e-05
1.6089741e-05
0.00044310448
0.00043317609
0.00015882277
0.0002494555
0.00053813773
1.6037151e-05
6.9201725e-05
0.00010257205
2.5721278e-05
1.9037294e-05
5.9314474e-05
0.0011783063
1.6098733e-05
1.5931817e-05
2.3157937e-05
0.00014603646
0.00039336509
1.8638932e-05
0.00025246844
0.0022316837
0.00026309604
1.9719491e-05
7.3585726e-05
5.7874373e-05
1.5766821e-05
2.2115424e-05
0.0013107028
1.5894912e-05
1.5797615e-05
0.00043978513
0.0017130696
1.5638387e-05
1.9974296e-05
0.00028234235
1.5881604e-05
0.0014938147
0.00048428429
3.4847966e-05
1.5967364e-05
1.8916727e-05
1.5475842e-05
1.5964957e-05
0.0014117366
1.6340873e-05
0.0011044396
1.6062411e-05
3.4219072e-05
1.7841656e-05
1.6018708e-05
0.0011379512
0.0004441957
4.7155942e-05
1.5713175e-05
1.5775913e-05
5.9534516e-05
1.593874e-05
6.755327e-05
6.0550669e-05
0.00039242995
0.00034407773
0.00069536541
6.2497818e-05
2.2714407e-05
1.5988556e-05
1.5882382e-05
1.6002479e-05
6.8516502e-05
0.00026669759
1.6062525e-05
0.00064175356
0.001595792
0.00040564387
0.001856265
5.0164476e-05
5.3760593e-05
0.00023675827
1.5953279e-05
0.00050905534
2.6280907e-05
1.5120176e-05
1.5958055e-05
0.0019284844
0.00017674367
1.5880017e-05
1.5660941e-05
0.0012040337
0.0002742065
2.8180886e-05
1.6041043e-05
3.0060656e-05
1.6115455e-05
8.6700549e-05
4.9722947e-05
0.0012272524
0.00036409139
1.5959873e-05
1.8958946e-05
0.00025656053
1.6130888e-05
1.6122501e-05
1.5898078e-05
0.00073189487
1.5963518e-05
1.6614094e-05
1.5583643e-05
1.5892894e-05
0.00086731802
0.00017854709
1.5745444e-05
1.534159e-05
1.5935784e-05
1.606825e-05
0.0020090496
1.5470792e-05
0.00017613481
3.6463039e-05
0.00073108443
1.5778573e-05
1.6125825e-05
1.5885653e-05
0.00094235275
0.0018159007
0.0015792289
0.00047010331
1.5905093e-05
0.00034813754
0.001461012
3.706284e-05
2.4589517e-05
1.5955605e-05
5.94993e-05
0.00012058544
0.00015491106
7.1463608e-05
0.00047613501
7.9792747e-05
2.7329556e-05
1.5742972e-05
1.5703696e-05
1.5544255e-05
1.5592612e-05
2.5287135e-05
0.0011830665
1.5898711e-05
6.1416976e-05
1.5273626e-05
1.600131e-05
0.00071718616
7.824061e-05
4.4733085e-05
1.5854567e-05
3.4109101e-05
0.00053949618
0.00095079563
0.00016067616
4.9746813e-05
1.5741647e-05
1.831261e-05
3.2213263e-05
0.00043191774
0.00011222638
1.5544517e-05
7.3289534e-05
5.4004747e-05
0.0007805888
0.00096202954
5.9961871e-05
1.5610587e-05
1.5766505e-05
0.00149985
1.5952359e-05
1.5982365e-05
4.6551269e-05
0.00011294031
1.8289448e-05
4.0969076e-05
2.6469752e-05
0.00097896958
1.5795559e-05
0.0012305258
1.5888653e-05
5.6495934e-05
1.5797523e-05
9.4460603e-05
1.6060078e-05
0.00013784642
1.568357e-05
1.606162e-05
6.43451e-05
0.00029601849
0.00058511064
1.5957582e-05
8.8113492e-05
0.0010604422
0.00051381824
0.0020985196
2.4603117e-05
8.514043e-05
0.00077657162
1.6070593e-05
3.8925697e-05
2.4953574e-05
1.8003231e-05
0.0016735106
3.4318178e-05
2.8875059e-05
2.2402589e-05
1.5691267e-05
0.00078631859
1.5795764e-05
1.5751193e-05
1.572452e-05
1.6919971e-05
0.0020331856
2.5322711e-05
0.00045935133
4.3925421e-05
1.6656132e-05
0.00030661186
0.00065671699
0.0016674606
1.7639566e-05
0.00018975807
3.6715215e-05
0.0014907912
0.00011797009
0.00079697727
1.5733481e-05
3.3639406e-05
0.00039631002
1.5814616e-05
3.4877325e-05
5.126178e-05
3.4804429e-05
0.0021394343
1.5963162e-05
6.4947221e-05
0.0017839334
3.5849082e-05
1.5926907e-05
1.6824724e-05
0.00040492652
0.00081882407
0.0022180866
1.5941e-05
5.7114312e-05
0.0002213216
0.00036471097
0.00012340665
1.5947395e-05
1.8308166e-05
0.0002331991
1.5919184e-05
0.00052207349
2.5395207e-05
0.0004494929
2.2351411e-05
0.0011662651
1.5851196e-05
0.00011862872
1.829408e-05
0.0001224145
1.5794009e-05
1.5949293e-05
0.00010705332
1.7553906e-05
0.0005221747
0.0018620797
1.739212e-05
2.6698534e-05
1.5732483e-05
0.00111655
0.00029571825
1.5100554e-05
0.00054470435
5.9430597e-05
1.5947157e-05
0.00016555476
0.00024040294
0.0021120195
0.00011125415
0.00041660828
0.0002405525
0.00021926998
1.7013083e-05
1.597661e-05
1.5947473e-05
0.00064471158
3.548829e-05
3.57433e-05
0.0003407077
1.5841962e-05
1.7241564e-05
1.5527701e-05
2.2979161e-05
0.00074026745
0.00040777396
1.5701303e-05
0.00038250913
8.502556e-05
0.00020351225
2.904847e-05
0.00047074623
1.903707e-05
3.8838646e-05
0.00034744676
0.00036871379
5.0328933e-05
0.00017418444
1.5970365e-05
1.6111923e-05
0.00068881043
0.0001948883
1.5992412e-05
0.0021305738
0.00034148332
2.4829364e-05
2.5341813e-05
1.5949697e-05
3.7502897e-05
0.0004035359
1.5204945e-05
1.6120724e-05
0.00057872486
0.00021819589
0.00020344265
6.5516265e-05
0.00076810663
1.5808667e-05
1.9444096e-05
4.0592821e-05
1.6094143e-05
1.5839425e-05
0.00042915271
0.0001231189
1.5841696e-05
1.5944594e-05
3.3718957e-05
2.7345065e-05
6.8788894e-05
3.2969959e-05
1.9905296e-05
1.5795911e-05
5.958374e-05
5.1515122e-05
1.595548e-05
6.8035334e-05
0.00010981899
2.4202116e-05
0.00075811026
1.5756275e-05
5.5819625e-05
0.00076729374
2.1030436e-05
1.5961466e-05
0.0022897564
0.001826958
0.0001133771
1.5767089e-05
8.9623699e-05
0.001157283
1.5899448e-05
2.6450692e-05
0.00098100144
1.5716583e-05
0.0023595123
0.00029132906
2.3644502e-05
4.2576073e-05
2.1033633e-05
1.921411e-05
0.00015477562
0.00067323768
0.00085610921
3.8611129e-05
1.6148628e-05
2.0160912e-05
1.6093738e-05
1.5972083e-05
1.6001584e-05
1.4846212e-05
4.5045614e-05
1.5949418e-05
2.2722955e-05
3.517401e-05
0.0017765158
0.0007810845
1.6121087e-05
1.5954292e-05
7.8566184e-05
1.507066e-05
2.194891e-05
0.00076870014
3.4324635e-05
0.0016154009
2.6771383e-05
0.00035753626
1.5889105e-05
0.00025807324
0.0019797378
0.00010525911
5.937253e-05
7.6218244e-05
1.5874083e-05
2.5869416e-05
2.6025739e-05
1.7342151e-05
6.2250862e-05
1.5842112e-05
6.004439e-05
1.5609789e-05
1.5981103e-05
2.4616175e-05
1.618269e-05
1.6069546e-05
8.6949353e-05
0.0017349017
5.7479825e-05
0.0015115328
0.00071186448
1.5953955e-05
7.3011392e-05
1.9002603e-05
0.0015561846
1.5802263e-05
3.0368427e-05
0.00057428653
1.5990986e-05
2.9056136e-05
4.3624512e-05
1.5974534e-05
1.5957243e-05
1.5001099e-05
1.6912302e-05
1.6072896e-05
1.5898593e-05
1.5726565e-05
1.5982404e-05
7.4198134e-05
6.0275196e-05
1.6386783e-05
0.00060432328
5.992326e-05
1.5830798e-05
1.510349e-05
1.7091674e-05
1.530196e-05
4.4314134e-05
0.0013369204
1.6068023e-05
2.1584198e-05
0.00023261152
0.00026130648
0.00044391934
0.00075190133
5.9682776e-05
3.7474075e-05
1.5983657e-05
0.00020714963
3.7942067e-05
0.00011281386
0.0002907253
1.596553e-05
0.00019829529
1.6327304e-05
1.5826683e-05
1.579476e-05
1.5793786e-05
2.3681742e-05
1.5820616e-05
1.5550918e-05
1.5822169e-05
1.5790999e-05
1.5799956e-05
1.5795514e-05
1.5795291e-05
1.5829323e-05
2.0974165e-05
2.7939846e-05
2.684296e-05
2.0927446e-05
1.7084535e-05
1.6121391e-05
1.5839108e-05
1.5796294e-05
1.5793411e-05
1.5826464e-05
1.5825332e-05
1.5822841e-05
1.5806328e-05
1.5789095e-05
1.5799185e-05
1.5789464e-05
1.5791986e-05
1.5798486e-05
1.5804786e-05
1.5808893e-05
1.5808029e-05
2.9463968e-05
1.7701121e-05
1.582721e-05
1.5824277e-05
1.5819608e-05
1.5807916e-05
1.5796966e-05
1.5790383e-05
2.1855055e-05
2.6790097e-05
1.5877206e-05
1.5791826e-05
1.5957764e-05
1.5658595e-05
0.00071017805
8.6288402e-05
0.001075196
0.00022242002
1.5910524e-05
2.4974086e-05
1.6168357e-05
1.989274e-05
1.5506e-05
1.6074023e-05
1.5960935e-05
2.9183812e-05
5.9268101e-05
1.5965875e-05
0.0013430852
0.00038935456
2.6097626e-05
1.5701679e-05
1.6873722e-05
1.5638888e-05
0.00016174632
0.00043938031
0.0011110679
9.4234923e-05
0.00076163746
1.5919113e-05
2.3683146e-05
2.4194089e-05
1.613269e-05
0.00027307941
3.4160011e-05
1.6653458e-05
0.000670157
0.0015771884
0.00052469502
1.5884751e-05
1.9513589e-05
0.00011964999
1.7635833e-05
1.5853772e-05
4.8433137e-05
0.00053764504
4.3897771e-05
0.00023824382
1.5804848e-05
0.00010987693
1.6259416e-05
0.00035198
3.4050582e-05
4.3533044e-05
1.6073076e-05
1.8786171e-05
3.4692921e-05
0.0021211353
5.8002335e-05
1.5877447e-05
1.5161083e-05
2.4073413e-05
1.5904842e-05
0.00024766193
1.6031024e-05
1.7752364e-05
0.00019965028
1.5871699e-05
6.9755258e-05
1.5759913e-05
1.5960673e-05
0.0020127823
8.3652581e-05
0.0012952873
1.589158e-05
2.05138e-05
8.0264283e-05
5.1177669e-05
0.00077284825
1.5802122e-05
1.7107766e-05
2.2642862e-05
1.59607e-05
0.00014267702
1.5863149e-05
3.3777552e-05
1.692331e-05
1.9898747e-05
1.9568924e-05
4.547395e-05
0.00012112859
0.00042543151
1.5102002e-05
0.00025795786
6.0033417e-05
0.00036026838
2.342415e-05
4.2530164e-05
1.5733984e-05
1.6165418e-05
1.564133e-05
1.6081183e-05
1.5846203e-05
1.6053907e-05
6.6536996e-05
2.6077262e-05
1.5950312e-05
1.5046312e-05
1.5693356e-05
0.00014465721
0.0013940603
0.00043607233
0.00021173808
1.5965729e-05
1.5764818e-05
1.5950152e-05
7.8379835e-05
9.5303329e-05
1.600062e-05
2.2855691e-05
1.5983402e-05
1.5332891e-05
1.5679249e-05
0.00016116557
0.00018068136
0.002202754
0.00056418013
1.5724388e-05
1.6384265e-05
1.5947086e-05
1.5925182e-05
1.603156e-05
0.0017888536
2.9027838e-05
1.6346892e-05
1.5739784e-05
1.9702446e-05
1.5516918e-05
0.00010139331
0.0012600036
0.000241835
1.6112415e-05
3.5172503e-05
3.6132583e-05
2.6092739e-05
1.5882687e-05
0.00056930991
8.1017724e-05
0.0001793068
0.00056246163
4.0876972e-05
7.0325338e-05
0.00059251656
0.0018901192
1.5958731e-05
1.5947143e-05
1.5977171e-05
0.00044026892
1.6140121e-05
0.0019607869
1.6020711e-05
1.5949213e-05
1.5309984e-05
1.587755e-05
1.5954931e-05
0.00044159323
1.6039235e-05
1.5951166e-05
3.8449351e-05
1.5857725e-05
1.5957257e-05
4.5602816e-05
1.6341812e-05
1.6226875e-05
2.4208208e-05
0.0018503743
0.00027196427
1.5688612e-05
1.5980112e-05
4.8313399e-05
1.6905741e-05
3.671898e-05
2.5353491e-05
0.0017564494
0.00020372758
2.8185723e-05
7.9562968e-05
0.00044090665
1.6346201e-05
0.00048727835
1.563018e-05
1.5512069e-05
2.6714682e-05
1.5987026e-05
3.1191678e-05
0.00018863059
1.8072707e-05
1.6033812e-05
0.00035916011
2.5696804e-05
1.5558934e-05
5.9372503e-05
0.0014874536
2.7415627e-05
6.5092031e-05
0.0011780619
0.0011503524
1.6064553e-05
1.7742431e-05
1.5914776e-05
0.0012343443
3.7464328e-05
0.0021230342
1.5747514e-05
2.5247702e-05
0.001054743
0.0017908812
6.7884849e-05
5.3279725e-05
0.00010978314
0.0015899966
3.5819475e-05
1.9040965e-05
0.00012924435
0.00033285254
2.3375337e-05
6.8862286e-05
0.00043975155
0.0002293756
8.4086363e-05
1.5963442e-05
1.5947142e-05
3.0554322e-05
1.8783009e-05
1.7748411e-05
1.5945772e-05
0.00036197235
2.6809743e-05
0.0019600369
0.0001724005
0.00042240063
4.0122485e-05
1.6030505e-05
0.00011272013
0.00036945669
0.00052952197
4.4650634e-05
2.0376725e-05
0.000271244
0.00017656829
3.1294777e-05
0.0003464058
2.5874181e-05
0.00028690886
1.5942112e-05
0.00010921013
1.5205498e-05
1.6226672e-05
0.00012993532
0.00036538428
0.0001294203
1.5994749e-05
3.368871e-05
5.3203166e-05
1.5952136e-05
0.00038599688
0.00011242745
1.6437238e-05
0.0020556747
0.00040571709
6.6203055e-05
1.565921e-05
2.1222228e-05
0.00064215421
1.5983383e-05
1.8219648e-05
1.7088642e-05
9.3570397e-05
2.0961636e-05
0.00063696388
0.00032286287
1.6493865e-05
3.6054832e-05
1.6306941e-05
0.00025889561
1.5982504e-05
5.1981595e-05
1.8768351e-05
0.00013099604
1.5965571e-05
1.7167867e-05
1.7811774e-05
2.4239366e-05
0.0004053997
1.5953714e-05
0.00018142387
1.8163202e-05
0.0001677339
0.0021291819
1.5974637e-05
1.5759236e-05
0.001716268
1.562059e-05
0.0019946196
0.00013311283
3.0531621e-05
2.4228811e-05
4.1901043e-05
3.8520386e-05
2.1958472e-05
0.0020180542
1.5975241e-05
1.9696723e-05
1.5616863e-05
0.00023833084
0.00038411053
0.0011918603
1.5631702e-05
1.5878352e-05
1.5957344e-05
0.0021697974
1.8066283e-05
4.409097e-05
0.0022953198
1.5911579e-05
0.00028995255
0.00017651981
1.5446311e-05
4.6899925e-05
0.00058646637
0.0001419001
0.00017158206
0.00044172177
0.00013861677
1.89468e-05
0.00075962782
0.00011902147
1.570884e-05
5.6348966e-05
1.5909047e-05
0.00089358477
0.00024408217
0.00010110149
1.5774741e-05
1.595233e-05
0.00064623706
1.5874154e-05
3.4249584e-05
6.1003539e-05
1.5560101e-05
1.5856296e-05
0.00061263671
0.00021568889
1.6577766e-05
8.8738842e-05
1.5958332e-05
1.588164e-05
1.5900586e-05
8.2103684e-05
1.5754334e-05
0.00034817559
0.0011399526
0.00043399256
0.00025776804
0.0014791525
3.9233507e-05
2.5866369e-05
1.56373e-05
0.0013261884
1.6106811e-05
1.5704763e-05
1.6987831e-05
3.0040251e-05
0.00027908011
1.5774866e-05
0.0020023786
0.0021023289
1.5926845e-05
0.00027745342
2.0297342e-05
0.00018240114
4.0246912e-05
3.6974061e-05
1.5949196e-05
9.6794993e-05
2.1042175e-05
0.00025388741
1.6071963e-05
8.470848e-05
3.6799331e-05
1.5562948e-05
0.0016473693
0.002584144
1.5954349e-05
0.00045472613
0.0012897707
0.00072388163
0.0022682553
1.5706717e-05
6.0952107e-05
0.00070041353
0.0010048494
0.0001854425
8.1084441e-05
0.00030964262
1.5957818e-05
8.6099588e-05
3.1480148e-05
0.00050141611
1.5947865e-05
0.00051581347
0.00059317524
1.8956773e-05
0.00077494536
0.00037937257
0.0025117812
1.5972931e-05
0.00042858566
1.5773718e-05
2.5342572e-05
0.00052608573
1.5892149e-05
0.0002225862
0.00030791467
1.5518803e-05
2.709144e-05
1.5915157e-05
0.00013823058
4.5484025e-05
0.00015136455
2.4801434e-05
8.9343744e-05
0.00013774511
0.0023348081
1.5004853e-05
0.0010950477
0.00064606579
1.5847901e-05
2.0034436e-05
1.5560902e-05
1.5881216e-05
2.5067409e-05
0.00021545395
6.9459975e-05
1.5529435e-05
2.6635092e-05
0.00044841182
1.5966676e-05
5.3066797e-05
0.00057739434
0.00011263043
0.0002449318
1.5861661e-05
1.7009774e-05
2.2597737e-05
0.00025673585
1.5616279e-05
0.00026243246
6.6282854e-05
1.5491673e-05
4.3146484e-05
7.5932898e-05
1.6113274e-05
1.6163284e-05
2.6619129e-05
1.5953463e-05
3.4597463e-05
1.6034964e-05
0.0014823792
1.5959526e-05
1.5929167e-05
1.5957089e-05
0.0005684054
2.5848586e-05
0.0019654771
1.5969473e-05
4.3801473e-05
1.7247186e-05
0.00023670805
0.0013426851
0.00079638058
2.1746626e-05
2.1037905e-05
1.5371677e-05
1.5766283e-05
0.0014053142
0.0011518904
0.0017236142
0.00054790604
1.6158725e-05
1.5764714e-05
2.8214411e-05
0.0021107838
0.00017424932
7.8697496e-05
0.0020785972
1.6392208e-05
1.6299058e-05
1.5398549e-05
0.00084107755
0.0017757174
1.5735811e-05
2.3561572e-05
2.101346e-05
0.00046503023
1.599787e-05
1.6193302e-05
1.6009501e-05
0.00128792
2.4327594e-05
1.6017954e-05
5.1891486e-05
0.00065830276
1.5961202e-05
1.5950374e-05
1.5007359e-05
0.00025844346
1.5811032e-05
8.7991257e-05
1.6100559e-05
0.00052117338
0.00014698914
2.0022878e-05
0.00076222756
1.597222e-05
0.00017475987
1.5721148e-05
1.6018659e-05
0.0014155948
1.5113215e-05
1.5962763e-05
1.5890518e-05
5.7252279e-05
5.3055973e-05
0.0008114885
1.608127e-05
2.1576211e-05
1.5638637e-05
0.0025094102
0.0020761963
0.00087773909
1.603238e-05
1.586593e-05
2.3667645e-05
1.5228186e-05
0.0011915287
2.1215508e-05
3.8397523e-05
1.9447123e-05
4.9533809e-05
2.284834e-05
0.00039714411
0.00055772057
0.00027352608
8.2352162e-05
1.583475e-05
0.00033085864
1.5882888e-05
1.5954077e-05
1.6033535e-05
2.9164037e-05
3.8191568e-05
0.0014996745
3.5413192e-05
0.00012643313
1.5917714e-05
0.0011392408
2.7072459e-05
1.5753264e-05
0.00024434626
0.0003589388
3.4247668e-05
1.5789418e-05
1.6062956e-05
1.6059879e-05
1.5936973e-05
0.0022518133
0.0021180193
1.5948113e-05
0.0004300071
0.0017051962
1.5869424e-05
0.0010798451
3.0572911e-05
0.0016257339
1.5753308e-05
0.00040747764
0.00017945287
1.513554e-05
0.00073829134
0.00031580965
4.9554925e-05
1.5975364e-05
1.5926966e-05
0.0020814027
1.5975386e-05
1.571511e-05
6.7792894e-05
1.5772381e-05
0.00020177194
1.5710936e-05
1.6844799e-05
1.6016604e-05
1.5963458e-05
7.9301302e-05
4.5730089e-05
1.5963364e-05
3.3724125e-05
0.001056488
1.6012727e-05
1.6025957e-05
7.955772e-05
1.5950983e-05
2.4135334e-05
0.00044797511
0.00020269457
0.00012410313
5.4555078e-05
1.9888427e-05
4.5150516e-05
1.5967177e-05
0.00051868726
0.00047514021
4.6497359e-05
1.5963609e-05
0.001415597
0.0017123778
2.3129482e-05
1.6018806e-05
9.3194167e-05
1.5924657e-05
1.5927625e-05
5.7810256e-05
5.528638e-05
1.8072692e-05
0.00077582058
1.5792761e-05
2.6511992e-05
1.5723869e-05
1.5828203e-05
1.6574941e-05
0.00024502202
1.5345933e-05
1.5940709e-05
8.0707781e-05
2.2157938e-05
4.4844799e-05
1.5943741e-05
1.6027519e-05
1.5635544e-05
0.00034395174
0.0019915083
2.7488785e-05
1.5932129e-05
0.00081456646
0.001110669
0.0013158703
0.00019071916
1.5903611e-05
3.6610644e-05
0.00044450474
2.1792386e-05
2.5010504e-05
5.0935292e-05
1.9967668e-05
1.5754087e-05
2.2599381e-05
1.7557645e-05
0.00012329979
6.1222444e-05
3.3607348e-05
1.5915433e-05
0.00076126465
1.5897058e-05
0.00098880208
0.0014430861
0.0018654988
0.00026033006
6.2973402e-05
8.0533702e-05
0.00075799694
3.4740576e-05
1.6120147e-05
0.00023259924
0.0018453021
1.8640848e-05
0.00018044172
1.5921352e-05
0.00014084958
1.6067553e-05
0.0016191589
0.00095053912
1.5978173e-05
3.4015034e-05
3.3481529e-05
0.00024906263
1.6073932e-05
0.0003298403
0.00016241816
5.9184258e-05
1.5793386e-05
1.599877e-05
0.00014089073
1.5923006e-05
0.00011509906
1.5442388e-05
3.6384014e-05
0.00026438724
5.1046054e-05
0.00010011862
8.4998334e-05
0.0015339923
0.00021338141
2.3843494e-05
0.0018129771
2.5705331e-05
1.5941927e-05
3.8424455e-05
0.0019187801
0.00068760593
1.5323739e-05
0.00011180321
7.0657382e-05
0.0003007342
0.00043138668
0.00023023123
0.00020470656
0.0017684761
5.9149673e-05
0.0018577436
0.00026471513
0.00013041202
1.876307e-05
0.00040519051
4.4300426e-05
1.5535803e-05
4.374899e-05
0.00012697516
0.00026638549
1.5971692e-05
8.507888e-05
0.00068438189
2.5204057e-05
1.6029276e-05
2.2987274e-05
7.5285062e-05
1.5340808e-05
3.3981332e-05
1.611736e-05
3.2231461e-05
1.5844242e-05
8.9373602e-05
1.5018436e-05
5.1305496e-05
5.1710277e-05
0.00020536179
0.00045299902
1.8954021e-05
5.0949883e-05
1.5084936e-05
0.00066958868
0.0016083874
0.00014719874
5.7040541e-05
2.418939e-05
0.00045938225
3.0940157e-05
0.00013341975
0.0016316454
1.5008755e-05
1.7342183e-05
0.0019595286
1.5900467e-05
2.0302516e-05
2.5323708e-05
6.2408063e-05
6.1660775e-05
0.00017049047
9.2190666e-05
0.00011949414
1.5920762e-05
0.00035389869
2.5308312e-05
1.5639908e-05
1.5948994e-05
0.00097204589
0.0011624632
3.7626871e-05
0.00010962682
0.00062494462
4.6548202e-05
6.0267199e-05
3.3793527e-05
1.7261568e-05
2.3622174e-05
0.00027151735
0.00017683506
2.0770387e-05
3.6499991e-05
0.00075337054
1.5600741e-05
0.0010891891
0.0018875867
0.00053051218
0.00094213346
1.5883868e-05
0.00013533041
1.6061169e-05
7.0449365e-05
7.0347808e-05
0.002550028
0.00027262302
2.0092818e-05
1.8215302e-05
0.00019363096
0.0018489552
1.563429e-05
0.0018790288
0.0010671486
1.5763722e-05
0.00115318
1.7916916e-05
0.00011998664
2.0371065e-05
0.00048224026
0.00024940452
7.433287e-05
0.00030501296
3.172964e-05
0.0012957682
0.0017746715
0.00020094919
0.00085162469
0.00038604516
1.6391739e-05
0.00031714424
0.0016204464
4.4518378e-05
0.00054101171
1.5988984e-05
1.6269827e-05
1.7178512e-05
0.00021465273
7.0741925e-05
6.8302221e-05
0.00015574728
2.0820886e-05
5.5725821e-05
1.5970983e-05
1.5870873e-05
1.6078581e-05
1.5919689e-05
1.5908681e-05
4.9467591e-05
0.0018350102
6.4859667e-05
0.0010217629
2.7135557e-05
1.5895614e-05
9.7505581e-05
1.5955286e-05
1.5788714e-05
0.0016723116
7.3457213e-05
0.001662202
0.00026114751
6.0616288e-05
1.6046703e-05
6.2741381e-05
0.00038243594
4.8850193e-05
0.00027214843
1.578e-05
2.4056538e-05
1.6077925e-05
0.00075339029
0.0001376746
4.1516729e-05
0.00021438135
1.7338853e-05
0.00066124065
0.0021314572
0.0011833983
0.0018397869
4.4414672e-05
0.00048276274
1.9963279e-05
0.0017197369
0.0012608596
0.00054458065
4.363719e-05
0.00058528395
0.00060153152
0.00058862495
2.2357046e-05
2.3194997e-05
0.00037587561
0.00076999499
1.9521362e-05
1.5643455e-05
0.0002409191
0.00050827907
1.6042256e-05
1.7831808e-05
1.6144789e-05
2.6793312e-05
0.0001467179
2.8469516e-05
0.00016584693
7.3029341e-05
1.4666314e-05
1.5861411e-05
2.3679575e-05
1.5400336e-05
0.00040484757
0.00048867346
1.5647412e-05
7.7260972e-05
1.6041246e-05
0.00040408509
1.5583668e-05
2.5900524e-05
1.5195965e-05
1.4748984e-05
0.00045858202
4.9511118e-05
0.00082892781
0.0015446349
3.4337507e-05
0.00017823651
1.5950807e-05
0.00078403607
1.6051999e-05
8.6367751e-05
0.0013958924
9.4151784e-05
6.9478452e-05
0.00053743051
1.6062721e-05
1.5953929e-05
0.00053742316
1.7481362e-05
1.5325776e-05
0.00014047565
0.00014559384
6.9903508e-05
4.7519637e-05
3.1324158e-05
2.1935113e-05
0.002096433
1.5174764e-05
0.00014586178
0.00092067916
1.6123394e-05
0.00019173277
1.5942978e-05
5.3460184e-05
3.7589901e-05
1.6021416e-05
1.5970116e-05
1.5854346e-05
7.1911716e-05
2.1612325e-05
3.3314347e-05
0.0015092611
1.5565029e-05
1.6539788e-05
0.00010403963
1.8110591e-05
0.00018467859
1.5727938e-05
0.0003873464
0.00012900408
0.00062257738
1.5245502e-05
0.00019201813
2.952465e-05
0.00027275015
1.6023903e-05
1.9031001e-05
0.0012344912
4.2593207e-05
0.0021016853
1.5839793e-05
1.6149017e-05
0.00038295636
1.5978128e-05
1.5899916e-05
1.6141835e-05
0.0016295243
1.6007171e-05
1.5983245e-05
0.0019986562
6.72508e-05
0.00021477103
7.8892567e-05
5.7697698e-05
0.00011476972
3.8341202e-05
1.5844183e-05
1.6010153e-05
1.5505278e-05
1.5760408e-05
2.293431e-05
5.1923971e-05
0.00013556135
0.00047400574
0.00075412959
1.967322e-05
6.5233272e-05
0.0023177542
1.6442101e-05
0.00011017872
3.9291832e-05
1.5812042e-05
2.6444605e-05
5.4456381e-05
4.0875099e-05
1.6153102e-05
0.0014348319
0.00027694152
3.5100005e-05
3.3439078e-05
0.00076768025
4.4468592e-05
1.6245816e-05
0.00048786395
1.6107247e-05
5.946776e-05
0.0009353647
0.00075674012
3.9604084e-05
9.2344549e-05
9.2118225e-05
0.00074908176
1.5728595e-05
6.4221352e-05
1.5904467e-05
0.00035639415
2.0290517e-05
7.9710185e-05
0.0001015439
0.00092330245
0.0018629278
2.8649434e-05
0.00013620585
0.00012259044
1.5827019e-05
4.4244121e-05
0.00057750307
1.9959275e-05
0.0017449222
1.6084774e-05
1.5867388e-05
0.0019566505
2.3695856e-05
0.00047660825
0.0019963738
6.0413074e-05
0.0001798397
1.738677e-05
1.5220802e-05
1.5630044e-05
5.0878315e-05
1.5529941e-05
4.3897439e-05
0.000664343
0.00024872216
4.395494e-05
0.00188253
2.7375388e-05
0.0012603616
0.00033721784
3.9107964e-05
8.9201788e-05
1.5952318e-05
1.5662052e-05
0.00056571731
3.5545743e-05
1.6119631e-05
0.0020046484
0.0004723202
0.0022642198
0.0013177267
8.9279326e-05
1.5933592e-05
5.0756932e-05
1.6038227e-05
2.3140899e-05
0.0010008326
1.9801629e-05
0.00012448162
1.6032153e-05
8.5126556e-05
7.9802642e-05
0.0021054898
3.5638205e-05
1.6024875e-05
4.1630728e-05
1.6263486e-05
1.5416593e-05
0.0019687923
1.6047661e-05
0.0015758321
0.00080678972
1.5488165e-05
0.00045239929
2.2045375e-05
1.5086878e-05
1.5969068e-05
7.1363056e-05
0.00011009796
3.5277765e-05
1.9032976e-05
9.804198e-05
0.00022264187
9.5869575e-05
7.2742188e-05
4.1557084e-05
1.6576475e-05
1.5932325e-05
1.5476298e-05
7.5391441e-05
3.495281e-05
2.461457e-05
1.5918018e-05
1.5894269e-05
0.00014588375
0.0025336893
0.0019774196
0.0010932433
0.0001957398
0.00067241341
2.6951832e-05
1.6034553e-05
1.6041121e-05
0.00010545038
1.597474e-05
6.0258865e-05
0.00025970519
0.001149211
1.5476005e-05
0.00068890213
0.00050314284
0.00097040177
1.5556095e-05
1.5881288e-05
1.5950841e-05
1.5863035e-05
1.9716786e-05
2.0611665e-05
0.00014100542
0.0022707728
1.5794111e-05
0.00015887093
1.5918708e-05
7.1125046e-05
1.9882772e-05
1.6075039e-05
0.00021990798
2.6617344e-05
0.0019853954
1.5127823e-05
0.0025265826
3.0175502e-05
1.5865998e-05
1.5800637e-05
2.2930416e-05
0.0001640828
1.6076593e-05
0.0013872263
2.0155041e-05
1.5604768e-05
0.0002010212
0.00011343976
1.6028064e-05
0.00046340041
0.00014463008
0.002095848
1.6013528e-05
0.00028876407
1.6002544e-05
0.00043678428
5.5496287e-05
2.4576818e-05
1.6045453e-05
2.8323032e-05
2.1660426e-05
0.00027872322
4.7200797e-05
1.8090141e-05
0.0021190621
1.6082092e-05
0.002401962
1.58545e-05
8.6229231e-05
0.00029879138
1.6613708e-05
2.6254506e-05
1.6030535e-05
0.0019683701
4.71046e-05
6.4089621e-05
0.0020164296
0.00021935746
0.0012878343
1.6087731e-05
1.9280242e-05
0.0020170582
0.00043991699
1.6111965e-05
0.00021820123
0.00023385643
0.0020817443
0.0019599896
1.5959422e-05
1.5651799e-05
0.00049818813
0.0007487453
7.6606691e-05
0.00082392466
0.00026541995
8.6041357e-05
3.9357231e-05
2.4531702e-05
0.00012662587
5.3507776e-05
0.0014076239
1.6078634e-05
1.5539009e-05
2.2117198e-05
0.00011004811
4.5776294e-05
1.5758834e-05
0.0017323581
0.0008962934
0.00034584674
1.5757156e-05
0.0019039669
0.0019356896
0.0013445113
0.00028725136
0.00012054541
7.2672753e-05
5.7157155e-05
5.1239668e-05
0.00011500185
0.0018005001
0.0010784461
1.6087325e-05
0.00028435598
6.1397176e-05
1.6966028e-05
0.0001004521
0.002382899
0.00040084355
1.5895301e-05
1.6171891e-05
0.0015751021
1.585045e-05
0.00049581054
2.2119755e-05
0.00039187969
3.8464326e-05
0.00016997596
1.5194683e-05
1.5963252e-05
0.00025978292
3.8635994e-05
0.00013752836
1.6030686e-05
0.00050361104
0.0011979908
1.5857712e-05
1.5330447e-05
0.0015283791
0.0011008778
2.0520592e-05
0.00071192758
0.0010775497
1.5938628e-05
0.00011001069
0.0013599102
0.00077055793
1.781863e-05
0.00013395451
7.780996e-05
0.00050304963
7.8055786e-05
0.00021873909
2.2891252e-05
7.0037285e-05
0.00023289097
1.5960197e-05
1.6120837e-05
0.00046791027
0.0015156617
0.00023077204
8.9341644e-05
1.6181811e-05
9.1696111e-05
1.5951797e-05
1.5431563e-05
0.00038731679
1.603676e-05
0.0019492221
0.0019183622
7.9974082e-05
1.6551884e-05
0.0015029831
1.7470741e-05
2.9875373e-05
1.5683768e-05
1.7360369e-05
1.5081813e-05
1.6091393e-05
0.00020086621
0.0011158297
0.00075019409
0.00012272671
2.5147338e-05
0.00010974044
0.00066345343
8.2402767e-05
4.1645048e-05
0.0018113626
2.1156715e-05
7.3294453e-05
1.581069e-05
2.6585142e-05
0.000780826
0.0011708155
0.00010740509
0.001212483
0.0017756619
1.6024782e-05
0.00019845094
2.2247515e-05
1.6699241e-05
8.6629634e-05
8.795016e-05
0.0014092899
1.6042281e-05
2.3739898e-05
1.5736108e-05
0.0003953811
1.8040461e-05
0.0015134402
8.1185804e-05
1.6807928e-05
0.0016070684
0.0014173799
3.4308785e-05
0.00073623837
2.0876082e-05
6.4102482e-05
1.6229311e-05
1.5558172e-05
1.5425003e-05
0.001184336
0.0013333547
0.00011061514
0.00032761468
0.00029519333
1.690924e-05
4.1560272e-05
1.5429176e-05
1.5842552e-05
3.7637968e-05
8.1603883e-05
1.5057129e-05
0.00037913535
0.00024436703
7.9476078e-05
2.212883e-05
0.00030785875
1.5620858e-05
0.00011292504
0.0020763445
1.5626619e-05
1.6120534e-05
0.0016937871
0.00030396047
0.00060264433
4.1623846e-05
6.3179723e-05
0.0013100395
5.3274996e-05
3.4606984e-05
6.3085599e-05
1.540791e-05
0.0012786302
1.5607754e-05
1.5850627e-05
2.6572441e-05
0.0013177802
2.8474511e-05
2.2069555e-05
1.8032562e-05
1.5888501e-05
1.6165278e-05
1.5390001e-05
3.3605985e-05
2.0748018e-05
1.5538876e-05
4.6494954e-05
1.6032639e-05
7.1864241e-05
2.6793253e-05
1.600748e-05
0.0015816336
1.5406917e-05
5.1574757e-05
0.000181209
0.00044252789
0.001012825
1.5836408e-05
0.00061331119
1.6043979e-05
0.0016332378
1.526278e-05
0.00019686928
0.0011649042
0.0010377855
2.7441036e-05
0.00010632463
0.00059963931
1.5667246e-05
7.5701972e-05
5.0449625e-05
0.00026585197
1.6353046e-05
1.5976819e-05
0.00028287786
1.5140972e-05
6.3343539e-05
0.0016796568
1.9711745e-05
0.001895047
0.0016268987
1.5572039e-05
2.1986865e-05
1.5705879e-05
6.9297241e-05
4.378991e-05
2.8852149e-05
0.00011505592
0.00050389898
0.00010238873
0.0021031751
0.00054706495
0.00058019515
0.00011708
0.00037960158
2.6978483e-05
3.3794114e-05
0.00070113529
0.0011287211
1.603355e-05
1.602246e-05
3.7954485e-05
0.00040203845
0.0013939315
3.1910181e-05
1.8558245e-05
3.0294138e-05
0.00021604391
8.9487369e-05
0.002158644
1.5946495e-05
4.4164786e-05
1.6029269e-05
1.6282634e-05
0.0011381845
1.5824831e-05
1.6072054e-05
1.5812654e-05
0.00019721788
0.00024551779
0.00059702276
0.00052318502
4.2106743e-05
1.5808464e-05
1.6139149e-05
3.872852e-05
1.6478894e-05
3.0556966e-05
8.4670678e-05
1.5962997e-05
1.5966086e-05
0.00024349933
5.0258658e-05
3.1169377e-05
1.6046537e-05
0.0010532432
1.6022325e-05
0.00010542467
0.00036500622
0.00036546845
1.7404593e-05
0.0018531534
0.00027979803
1.6028764e-05
1.5856047e-05
0.0021359479
1.9138498e-05
0.0004618815
0.00075745049
1.8415923e-05
0.00053123781
1.6021595e-05
0.0001098108
0.00010079045
7.1597079e-05
1.6100629e-05
2.4071562e-05
0.0018628528
1.5810925e-05
8.6050679e-05
1.5753105e-05
0.00082227733
0.00012873964
0.0019248664
0.00012888716
0.0013778286
0.00014681927
1.6249085e-05
7.71653e-05
1.5364345e-05
1.851522e-05
1.6000234e-05
1.6727443e-05
5.4328047e-05
0.0018985867
8.681491e-05
1.6123279e-05
0.0011895935
0.0021598479
1.5493154e-05
1.5549323e-05
1.597722e-05
1.6687121e-05
2.5646722e-05
1.6111213e-05
2.7701538e-05
1.5655855e-05
1.4564903e-05
0.0017998396
0.001855329
0.00020728032
4.4527782e-05
4.8182117e-05
0.00034462516
1.5936763e-05
0.0021275947
3.9239603e-05
0.00010642314
2.0021821e-05
0.00027203763
8.2138153e-05
0.0014551697
0.00019255028
1.5764939e-05
0.00022251008
0.001074558
1.6021303e-05
0.0012345982
0.0001293868
0.00046036174
0.0003067902
0.00027909495
0.0014583747
0.00052536775
0.00045841133
1.947054e-05
0.00021780325
3.4973383e-05
0.00010761382
0.0018254901
2.2127882e-05
1.603397e-05
2.7319138e-05
0.00025816832
0.00040860573
1.9191782e-05
0.00076047944
0.00039329365
1.5973821e-05
5.0216857e-05
9.5037577e-05
1.5863414e-05
1.6264948e-05
4.8213605e-05
0.00011716139
0.0010935389
1.600599e-05
1.6143637e-05
1.5014506e-05
3.3076887e-05
0.00081803163
1.5695192e-05
4.440626e-05
0.0013505825
0.0011178448
2.0908562e-05
0.00086636961
2.2722757e-05
0.00050281373
0.0016960552
1.5451379e-05
0.0011151313
0.0018907319
1.6112275e-05
0.00049800028
1.5861755e-05
3.3952277e-05
4.2765352e-05
0.00028649996
0.00013485533
1.6246152e-05
0.0015234758
1.6121439e-05
0.0015504931
1.4653022e-05
0.00067294643
0.0018141951
1.6013425e-05
0.00012735513
0.001695924
0.0014324734
8.8768711e-05
0.00091864185
4.7046119e-05
1.577403e-05
0.00043700524
0.00018598426
1.5940686e-05
0.00062474644
1.7261857e-05
0.0008951113
2.105498e-05
0.0018783378
0.00048173373
4.5430056e-05
1.587039e-05
0.0020587867
0.00011431003
1.8824269e-05
1.7569858e-05
3.8647144e-05
3.3503641e-05
0.0001411957
1.6025407e-05
4.5013851e-05
1.591386e-05
0.00041619292
0.0015954733
5.1409756e-05
0.00042816936
6.1861433e-05
0.001237901
0.00069165639
1.5278558e-05
1.6092062e-05
1.6042115e-05
0.0023873803
1.6214075e-05
1.5866344e-05
0.0012730433
0.0015670833
7.917841e-05
0.00047980492
1.6140027e-05
4.5465999e-05
0.00070399876
0.0011137218
1.6236593e-05
0.00011327735
1.5975513e-05
0.0014010769
1.8258883e-05
3.6492249e-05
0.00019357268
0.0022971795
0.0014916637
2.9459169e-05
0.0013896749
4.1909232e-05
0.00036937648
1.5249299e-05
1.5242859e-05
2.2264655e-05
1.5572569e-05
4.1009159e-05
1.6196707e-05
0.00068495568
0.0021989929
0.0006207151
1.6105561e-05
4.4627308e-05
9.180791e-05
0.00020585813
0.0021052866
1.6099784e-05
1.5621877e-05
1.6000404e-05
2.7135905e-05
0.00061120625
1.6084757e-05
0.0019018357
0.0014695352
8.5001825e-05
0.00041223123
4.300657e-05
1.5967467e-05
1.5819433e-05
3.4905455e-05
0.00069160276
0.00023145708
6.8468053e-05
0.0017109413
1.6122833e-05
5.6377144e-05
3.7750583e-05
0.0016279231
0.0017957948
4.2445936e-05
5.5043626e-05
1.6019411e-05
9.8060661e-05
8.473702e-05
1.6032164e-05
1.6119757e-05
1.5826752e-05
0.00072173433
0.00011237345
0.00010504652
3.5355448e-05
0.00022109528
0.0013065509
5.6013341e-05
0.00042879208
3.8722853e-05
0.00054678021
0.00025988348
1.5771992e-05
0.0012206964
8.7690477e-05
3.3753739e-05
1.5912114e-05
1.6243526e-05
1.5957077e-05
0.00021202409
1.5785408e-05
1.6183451e-05
1.5983329e-05
0.00048025791
0.00027621043
0.00053664502
1.6006805e-05
1.6116664e-05
1.5738471e-05
4.2501813e-05
1.6083681e-05
0.0006508437
6.2628447e-05
0.0001062175
0.00050946649
4.5319985e-05
1.626776e-05
2.0568673e-05
5.4341402e-05
0.0010851034
1.540512e-05
0.0014681913
8.3664775e-05
1.5769494e-05
7.1779883e-05
0.00048134556
5.1863454e-05
0.0019900304
1.5394798e-05
0.00063983802
0.00069272072
0.00010806568
0.00036062887
1.5356306e-05
0.00015215869
0.00067440214
3.4481847e-05
0.00011637507
4.9520408e-05
0.0012349633
1.5778791e-05
0.001887222
0.00053023205
1.5094079e-05
2.0296412e-05
9.7638836e-05
0.0002351083
0.00069840218
1.618786e-05
0.00049885516
0.00073371778
0.00051941626
5.0274083e-05
3.0273783e-05
2.7693339e-05
0.0001730204
3.8382416e-05
7.7950178e-05
0.0011732681
1.6016973e-05
0.00042505086
1.6024203e-05
3.3797975e-05
4.3565303e-05
1.7334716e-05
0.0013553777
0.0017158492
4.3606859e-05
0.0011118355
1.5824916e-05
0.00017340091
0.00010082444
0.0009281648
3.2767208e-05
1.5964385e-05
1.5938856e-05
0.0015561466
0.00051381007
4.1548119e-05
1.5369034e-05
0.00075989069
2.9075937e-05
0.001407816
0.00013298731
0.00016999004
4.3581697e-05
1.5942054e-05
0.00028833641
1.5788765e-05
0.00057504038
2.9597087e-05
1.5092678e-05
3.7936954e-05
2.7242295e-05
1.7148324e-05
0.0025097938
0.00016008241
0.00012123398
1.5749173e-05
3.1578074e-05
8.0294422e-05
6.3280374e-05
1.5284611e-05
1.5378582e-05
1.5839667e-05
1.594317e-05
0.0011645125
0.0016673905
3.9863732e-05
3.9787553e-05
0.0020049023
7.2363685e-05
4.6548101e-05
8.8831697e-05
1.5858616e-05
1.5446897e-05
0.0014253107
0.001505547
0.0017609717
1.597096e-05
6.618718e-05
1.580916e-05
2.0357033e-05
0.00018419057
0.00051618422
0.0019170753
3.7713755e-05
0.00125634
0.00070296878
0.00018873605
0.0003056809
3.4924539e-05
1.6421983e-05
1.5856575e-05
0.00050929977
1.609401e-05
1.6475086e-05
1.9102257e-05
2.2448356e-05
0.00060731687
0.0014940401
3.7678727e-05
1.6126827e-05
4.1684338e-05
1.5877768e-05
2.2118e-05
0.0011356479
0.00023415872
0.0010621242
1.5275569e-05
3.8418464e-05
0.0020836891
0.00058813822
0.0006439671
1.8560103e-05
0.0010205388
2.3665714e-05
0.0020876057
2.1786907e-05
3.7384042e-05
0.0014519617
0.0023981407
0.00020245693
0.0021169885
0.0012300766
0.0021256197
0.00015374035
3.5837644e-05
0.0019806006
2.7342538e-05
2.4740087e-05
0.00020677021
1.5820539e-05
0.00026573934
0.00010016745
4.0734341e-05
4.1740105e-05
0.0010750263
0.0011102465
5.614047e-05
5.1256885e-05
0.001954693
8.0811021e-05
0.0019554184
2.620252e-05
0.00011851044
0.00054096298
7.3323239e-05
0.0019370573
0.0016363599
0.00012136036
0.00050000002
0.00037785136
8.953138e-05
0.0013647416
0.00015246825
1.4919742e-05
0.00246798
0.00044539503
0.0024616321
5.3573017e-05
0.00090532077
0.00020751967
0.00042806367
0.00032730877
0.0021144781
5.3396545e-05
0.00046009345
1.6069653e-05
0.00020746565
5.5623343e-05
0.0018439637
6.0790605e-05
2.735856e-05
0.0014252663
1.5391786e-05
1.5453153e-05
2.9696866e-05
2.521446e-05
1.6051859e-05
0.00032081028
1.5841291e-05
0.00084283474
0.00020003794
4.2532742e-05
0.0014546527
0.00092134723
4.400044e-05
0.0021398072
0.00050470442
1.5095943e-05
2.8259355e-05
1.6008912e-05
1.4820817e-05
0.00030987751
0.00063118381
0.00020910265
0.000692483
0.0010385607
0.0016846417
0.0022010609
2.9990224e-05
0.0021157374
1.6114357e-05
0.00016858371
6.0742955e-05
0.00027081803
0.00037606232
1.5950145e-05
1.6271893e-05
0.0014825012
1.6019466e-05
1.6034233e-05
1.5553548e-05
0.0014424859
0.001904674
1.5882121e-05
8.8003807e-05
1.6065564e-05
0.00038025507
9.8944989e-05
1.574177e-05
5.6578163e-05
1.5994954e-05
0.0013265798
4.8940024e-05
0.0021089018
0.00011487684
0.0017164028
0.0019536781
1.6253417e-05
1.5879262e-05
0.0013692156
1.5909514e-05
3.5421829e-05
0.00011601217
8.9297347e-05
1.815854e-05
0.00024507597
0.0010336015
4.166304e-05
1.5904788e-05
0.00011979144
1.5905988e-05
0.00088106903
1.5692696e-05
0.00016588107
2.1942265e-05
1.5854093e-05
0.0024122576
1.6327139e-05
1.9195562e-05
0.00049310911
1.5932864e-05
0.00087971015
0.00082739483
0.00014984415
1.6020485e-05
0.0020657238
1.515564e-05
2.6234145e-05
4.0816275e-05
3.1359244e-05
0.00054164876
2.3131652e-05
1.5882452e-05
1.5967499e-05
0.0011575014
2.4317096e-05
8.5279445e-05
0.00050088783
2.1751851e-05
0.00054584192
0.00011833389
0.0019086081
0.00011395642
1.6339863e-05
1.5780191e-05
1.5840952e-05
0.0004428832
1.5952473e-05
0.00052875556
0.0002829814
0.0020541291
0.00044203088
0.002120995
0.00012433741
2.1176017e-05
4.654605e-05
1.5807397e-05
0.00013161613
7.9430287e-05
0.0016257867
4.3616427e-05
0.0010586354
1.5125359e-05
1.5876988e-05
1.608057e-05
0.00073780678
4.1767628e-05
0.0015791234
0.00024556903
4.4123008e-05
8.1874395e-05
0.002127332
0.0022077084
1.6094887e-05
0.0015915237
2.6306212e-05
2.3364642e-05
0.001980513
1.5499287e-05
0.0007601041
1.5656044e-05
1.6186343e-05
1.6217587e-05
0.00077240362
0.00046900805
5.6448916e-05
0.00020601794
1.6072907e-05
1.606013e-05
3.5634734e-05
0.00071738815
1.6201539e-05
0.00056314222
4.1553893e-05
0.0014748625
0.0022824833
0.0020953108
1.5822067e-05
5.9179916e-05
8.5660083e-05
4.4538877e-05
0.00019483143
0.00059945477
1.5646642e-05
0.00040845061
1.6715114e-05
1.6034864e-05
0.00045806241
0.00012952503
2.479762e-05
0.00046083735
0.0020920683
1.7371998e-05
0.0014537822
1.6536419e-05
0.0012786593
0.00066950139
1.5030224e-05
2.1249591e-05
4.3801883e-05
0.00014026317
4.0465321e-05
3.7883303e-05
0.0003749393
3.1397903e-05
0.0014028497
4.7838242e-05
1.5663584e-05
1.5548326e-05
1.5374257e-05
7.7025758e-05
1.7368161e-05
2.0334878e-05
2.1667015e-05
0.0015214133
1.6152633e-05
0.00095625118
2.9819475e-05
1.5933342e-05
4.2843153e-05
2.1893215e-05
1.6585524e-05
0.001512818
0.0016600532
1.5881171e-05
0.00052279848
1.6076992e-05
0.0011250461
1.5980773e-05
2.9437305e-05
0.0019051979
0.00036619613
0.0014058644
1.5720376e-05
1.873904e-05
1.5646326e-05
1.7265744e-05
0.0003683882
2.4146781e-05
7.1178227e-05
2.9575303e-05
0.00030653655
0.0006158875
0.001453621
0.00070547861
0.00018390321
4.0206881e-05
1.6040993e-05
1.5736221e-05
1.5690401e-05
1.6006722e-05
1.6054889e-05
1.597049e-05
1.584078e-05
1.9848973e-05
0.00034380213
2.6137698e-05
1.5450626e-05
0.00011296189
1.6078892e-05
1.5934786e-05
1.6073884e-05
1.5753491e-05
2.715142e-05
2.3258204e-05
1.5927421e-05
1.6226117e-05
2.7456073e-05
5.4163522e-05
0.00058939664
1.6043442e-05
0.0005848138
1.6683833e-05
1.5867302e-05
1.573946e-05
1.5933538e-05
6.7718851e-05
3.0177723e-05
1.5734869e-05
1.9712524e-05
2.012985e-05
4.7983202e-05
0.00076227768
0.0019293678
0.00070704276
0.002080788
8.9185011e-05
8.0148225e-05
0.00011492372
2.6153414e-05
0.0014722393
1.5699593e-05
6.6904108e-05
0.0013091321
0.001540567
1.5874304e-05
1.671083e-05
0.0016880235
1.5994084e-05
0.0001330307
0.00061618645
1.5648801e-05
0.0015184165
1.5729398e-05
0.00026881487
0.00064077425
1.6019589e-05
1.5797819e-05
1.5229356e-05
3.8055795e-05
1.5019539e-05
1.5894403e-05
0.00015420946
0.0021178206
0.0019421791
0.00012818994
2.0360688e-05
5.0985578e-05
0.0023315692
0.00021286058
0.0013201686
1.5856686e-05
1.5348874e-05
0.00029375694
0.00010939648
1.6075739e-05
1.8744348e-05
0.0011320696
0.0011559055
3.2464155e-05
1.7192946e-05
1.5991436e-05
0.00076256496
0.0002763854
0.0012989476
1.6047213e-05
2.2405682e-05
0.00014398184
1.6115155e-05
1.8260596e-05
1.5988793e-05
1.5701488e-05
0.0014497467
8.4984712e-05
4.4023522e-05
0.0002175422
1.5598229e-05
1.5740674e-05
0.0016426425
0.00099504907
1.7906931e-05
0.00014112386
0.0010627463
2.832627e-05
1.5944275e-05
0.0010941358
3.1280786e-05
0.0014537784
1.5985318e-05
9.7553699e-05
2.7581804e-05
0.00043889851
0.0003824376
1.7481968e-05
3.9617726e-05
4.4739249e-05
3.7491837e-05
9.2271283e-05
2.1559226e-05
2.4796256e-05
3.3650839e-05
0.0016826975
0.0001155891
0.00015481593
0.00013830987
0.00048319868
0.00080435861
0.0017027529
1.6052605e-05
0.0017058953
1.7430735e-05
0.00020433033
0.00036551813
2.0280256e-05
1.7427115e-05
7.9856429e-05
0.0010558515
3.7895427e-05
1.6051005e-05
1.9523499e-05
2.8283858e-05
0.00010313443
0.00086469155
3.046654e-05
6.0367432e-05
0.00044275805
0.00043132498
0.0021207779
3.3381219e-05
2.188321e-05
0.000161993
6.4994203e-05
0.0020295598
1.577836e-05
1.629448e-05
1.5993548e-05
0.0014368681
0.0008100642
1.5999382e-05
1.7403411e-05
1.6963928e-05
0.00037778665
0.00011804676
1.7094156e-05
0.00044055804
0.00029754179
0.0019416821
0.00092085272
0.0018682805
0.0018326734
0.0001037035
4.5758232e-05
0.001489618
0.00019833616
0.00037514143
1.7317056e-05
0.00011245321
1.5642306e-05
0.0015919522
1.5384242e-05
1.5846333e-05
1.521592e-05
1.5875313e-05
0.00069499192
0.00038060485
1.5973086e-05
1.8708599e-05
2.1549983e-05
0.00013109217
0.0013590177
5.6213733e-05
1.6613383e-05
0.0013480589
1.5699346e-05
1.5921584e-05
3.2817381e-05
3.3395421e-05
6.0498596e-05
0.0011822138
0.0013757983
0.0020357156
1.6025433e-05
0.00079066781
0.0016314702
1.5938704e-05
1.6011723e-05
0.00067924379
0.0019232641
0.0001071147
0.0019574122
0.00096456049
0.0010122555
3.3276192e-05
1.5885697e-05
1.5969567e-05
1.5025178e-05
1.5930279e-05
1.5930196e-05
5.3450914e-05
1.5420262e-05
1.607625e-05
7.3431139e-05
8.8873315e-05
0.0014355717
0.00027956639
1.6119743e-05
3.741079e-05
0.00020937015
1.5693832e-05
0.00020019883
0.00054602365
1.54445e-05
2.0288623e-05
1.5860728e-05
3.2361589e-05
1.595739e-05
0.00071781758
1.5704617e-05
0.00093673593
2.8686288e-05
6.8349676e-05
5.3388453e-05
0.0020794288
4.7368201e-05
0.0014741946
3.2162596e-05
0.0011426659
1.5925166e-05
1.6997286e-05
0.00064908903
2.2035158e-05
2.8939054e-05
0.00020091509
1.5912774e-05
1.5521103e-05
0.00065534993
1.8825605e-05
0.000681134
5.2273393e-05
0.0001864792
8.2782487e-05
4.5343657e-05
4.1049077e-05
1.5895219e-05
0.00073441548
0.0010942375
1.6076184e-05
1.6089627e-05
1.5960033e-05
1.6255534e-05
0.00048792126
4.6318395e-05
0.00066990074
0.00019175343
0.00019219463
0.0024310031
6.1631273e-05
0.00020604973
1.7816162e-05
1.5903145e-05
0.0013395283
3.0077053e-05
0.0013221617
7.2480186e-05
3.451304e-05
0.00085815151
1.654951e-05
0.00021146685
1.5992248e-05
1.5938996e-05
0.0014181154
1.5744039e-05
0.00084912348
8.0691892e-05
0.0016612611
0.00012013271
0.0018857165
0.0014614902
0.00064692268
1.605717e-05
0.00052637364
1.5716262e-05
8.6276388e-05
0.00077624649
0.0023549774
8.8503414e-05
0.0015075323
0.00017336813
1.5944133e-05
0.00022064531
1.605334e-05
7.9737504e-05
5.0929e-05
9.2730395e-05
0.0016777148
1.5915453e-05
0.00068712036
0.00015484098
6.2792809e-05
1.580455e-05
0.0011449288
1.590125e-05
0.000231802
5.5652043e-05
6.104541e-05
1.5978562e-05
5.5252179e-05
1.5944619e-05
0.00083861895
0.001468981
5.0912571e-05
0.0020298962
0.0020902573
3.7376815e-05
0.0014640865
1.5873494e-05
1.6102299e-05
0.0002202634
1.5848673e-05
4.1073681e-05
1.5830958e-05
1.5975562e-05
3.1206642e-05
0.0021236015
3.1506769e-05
1.5928522e-05
0.0018313225
1.599287e-05
0.002140556
1.6118967e-05
0.00053708384
0.00012065128
0.0021205765
1.8130481e-05
1.5314454e-05
5.6401658e-05
4.1626636e-05
5.5663285e-05
1.6200959e-05
1.6061798e-05
7.0771914e-05
1.581048e-05
1.8033543e-05
0.00097637052
5.3570539e-05
0.00043515461
1.5910785e-05
1.6585765e-05
0.00028627887
0.0021235966
3.62769e-05
0.00012879732
0.00024198951
1.595767e-05
1.541975e-05
4.1970778e-05
0.00020309385
0.00091270999
4.6663971e-05
1.6228564e-05
6.1235534e-05
1.5841376e-05
0.0011504919
0.0021862318
2.3171937e-05
0.00042027033
0.00010300907
9.627439e-05
3.5921244e-05
0.00074075352
0.0015476169
1.51335e-05
4.176081e-05
0.0011152722
0.00040802783
9.5399512e-05
8.5823883e-05
9.1370584e-05
0.00020434979
1.5744097e-05
1.5755898e-05
1.6502691e-05
1.7999358e-05
1.997732e-05
1.5692462e-05
0.00045786524
0.0016210701
1.5721617e-05
0.0001302239
1.6003674e-05
0.0017802859
1.5508532e-05
0.0020143866
2.4041483e-05
1.6016373e-05
0.00012532815
0.0021068
1.6040812e-05
0.0015851159
1.5776681e-05
4.7625753e-05
2.4690322e-05
0.00086869749
0.00020985851
4.4592154e-05
1.598961e-05
1.5789067e-05
0.0020933598
0.00078594562
0.0015190363
0.00024010365
5.5797768e-05
1.5914069e-05
0.00086102644
3.4574489e-05
0.0015986747
0.00090356473
0.0015387411
0.00015270898
0.0014029487
0.00066464823
1.585509e-05
1.59387e-05
0.0002606429
6.800568e-05
0.0001669499
1.60142e-05
0.00041254564
2.8302946e-05
0.00010541389
0.00044415188
1.5998792e-05
0.00038759347
1.5736621e-05
0.00071916476
1.9666112e-05
0.00051460936
0.00019254722
0.00076054927
2.5894232e-05
1.6201517e-05
0.00025228737
1.6045422e-05
1.5858854e-05
1.9968944e-05
1.592304e-05
0.00049663029
1.6053273e-05
5.7513706e-05
9.8432301e-05
1.537215e-05
1.5632547e-05
0.00039038019
2.7033979e-05
1.5670328e-05
1.9855815e-05
1.5885923e-05
9.2117951e-05
1.570194e-05
0.00017746597
1.5289809e-05
2.7500111e-05
0.0013133961
2.2415768e-05
8.7741162e-05
9.5298444e-05
0.00019865462
2.447615e-05
0.00014163378
0.00023278911
1.9434347e-05
1.6229047e-05
2.0312559e-05
0.00019855416
1.6496972e-05
0.00010200719
1.7148122e-05
1.583474e-05
8.0621018e-05
0.0015488832
0.00044053287
1.5965031e-05
0.00045184594
0.0010585134
0.00013522781
0.0001153787
1.5990384e-05
1.606518e-05
0.00017313179
1.5272212e-05
1.9310761e-05
4.0680673e-05
0.00013875739
2.2025098e-05
0.0004320832
1.6050016e-05
2.7121228e-05
0.00042301176
0.00012790419
0.00027191269
1.6069291e-05
0.00024861661
1.6160546e-05
1.5840024e-05
0.002138838
0.00067631647
1.6090038e-05
1.6011569e-05
0.00072978632
1.8833634e-05
0.0010502865
9.0404078e-05
0.0011481171
0.0010040209
1.6338182e-05
0.00019506516
0.0021170847
4.8235277e-05
0.0022405116
0.0020762602
0.001142014
1.5671295e-05
2.7014967e-05
0.0014374192
0.00075449921
0.0012165231
3.0022597e-05
0.0014880913
1.5950502e-05
1.6089671e-05
0.00054158815
8.0692814e-05
0.0015975639
0.0011506677
4.4480492e-05
3.8414148e-05
1.7640718e-05
0.00050033472
0.00026522187
0.0023465119
0.00080984641
1.7921717e-05
0.00085452435
0.0011601209
0.00062323738
1.5873205e-05
1.5629435e-05
1.5998986e-05
4.6213346e-05
4.3834035e-05
0.00031479172
0.00081478602
0.0021133019
0.0011773662
0.0026185745
0.0021003933
0.00012608711
5.3417598e-05
1.606842e-05
0.00021645028
3.1933992e-05
0.00037953103
0.0004312554
2.0460451e-05
1.5994658e-05
2.3291718e-05
0.0021308205
1.7236483e-05
1.6009408e-05
1.5983663e-05
0.0012820355
0.0010523942
1.6154539e-05
1.5864717e-05
0.0015687513
2.7277844e-05
0.00053607875
3.98584e-05
0.00039451071
1.5697515e-05
0.0020578269
7.3516606e-05
1.5950885e-05
0.0021109039
2.5297492e-05
1.660459e-05
1.595503e-05
0.0013027748
8.0654651e-05
0.00019278244
3.4754768e-05
1.5636204e-05
1.6612718e-05
0.0012798075
4.2798445e-05
0.00013191048
1.6246977e-05
1.5989333e-05
3.2421665e-05
1.5431421e-05
0.00028806213
7.2936515e-05
1.5927196e-05
0.0021038092
1.5983103e-05
2.9840171e-05
0.00021350419
1.5584733e-05
1.5802789e-05
0.0002012378
0.00016818535
0.00016926656
2.2146077e-05
0.00023130835
1.5855871e-05
1.5863435e-05
3.0295775e-05
0.0022632247
0.00029781945
1.6072255e-05
1.6975096e-05
0.00023934113
1.6045404e-05
0.00020541235
0.001283544
1.5976366e-05
0.00011882815
1.6707258e-05
1.5974679e-05
1.5780444e-05
0.00017078973
3.9624431e-05
1.6071309e-05
1.6076344e-05
0.00080177901
0.0011567904
3.9662041e-05
0.00035239472
1.627201e-05
1.5039011e-05
5.0842163e-05
7.0907078e-05
1.6064234e-05
0.00022460276
3.9825119e-05
1.5955174e-05
1.512111e-05
0.00043884669
2.713559e-05
8.7391992e-05
0.00078667467
0.00011400839
3.8741335e-05
0.00040689855
0.0014875227
1.5798001e-05
1.5949075e-05
7.3625951e-05
0.00017861517
9.8971384e-05
1.5791873e-05
0.00037708259
0.0015701404
0.0008694436
0.0017653211
1.5154087e-05
1.6010488e-05
0.0021163931
0.0015125102
0.00053073044
6.1791654e-05
0.00054030352
0.0021049633
0.0021103242
3.8234826e-05
1.5980004e-05
0.00038376183
0.00011812579
4.4148886e-05
2.0349703e-05
6.4336412e-05
3.0916497e-05
1.6070802e-05
1.6314734e-05
0.00135881
1.6903041e-05
0.00084741932
4.169433e-05
0.00076749517
0.0021277366
0.0012497196
1.6145366e-05
1.5825564e-05
1.9192248e-05
0.00018631827
1.5686383e-05
0.00012860005
0.00017426407
0.0022688673
1.6107361e-05
1.6088702e-05
0.0011007183
1.5749118e-05
0.0010764212
0.00010540357
0.00048964625
0.0021909954
1.5797548e-05
1.5955094e-05
1.5213636e-05
1.5613161e-05
1.5617554e-05
0.0025834822
0.00068552137
0.00020374706
0.00071306146
7.6817421e-05
0.0020968162
0.0018808967
0.0013019181
1.5817726e-05
0.00014182636
0.00074397385
1.5836542e-05
0.0002262314
1.6076943e-05
1.5713337e-05
0.0015014962
0.0011226326
0.00020455531
1.6037062e-05
0.00015958475
0.00012379728
1.5734769e-05
1.6026035e-05
7.4584111e-05
1.5966536e-05
0.00014949643
0.0011808214
5.6445693e-05
9.0585147e-05
0.00081511802
4.6263419e-05
0.0019687394
1.6068475e-05
0.0014616161
1.6007524e-05
1.5992311e-05
0.001597146
0.00016906476
1.6060361e-05
0.0019555085
1.5400142e-05
0.00011781997
1.5862147e-05
1.5426572e-05
1.5986749e-05
0.00017231745
0.00011366202
2.330375e-05
0.0015026186
0.0021240781
0.00010495454
1.5897455e-05
1.8967154e-05
1.6430516e-05
1.5964008e-05
1.5819647e-05
6.5341106e-05
0.0021314528
0.002478878
4.0733145e-05
1.5962916e-05
1.6067479e-05
0.00056331561
1.5958276e-05
5.6909148e-05
0.00073003125
0.00011304744
0.00082181598
3.043767e-05
0.00083500437
0.00013427185
1.7232833e-05
1.621877e-05
5.968737e-05
1.5925302e-05
1.6019681e-05
0.0001861747
1.8348621e-05
1.6061304e-05
6.0947894e-05
2.6250174e-05
2.5035738e-05
0.00099622837
0.00053728045
0.00019091535
1.6059844e-05
0.00023158602
6.0659447e-05
0.0019124056
1.5940181e-05
2.2440054e-05
4.3615008e-05
1.5846244e-05
1.6072793e-05
0.00077059322
7.6509068e-05
0.001904449
0.00014143465
3.9107764e-05
1.7102652e-05
1.5058799e-05
1.6492337e-05
1.6036912e-05
1.6035236e-05
1.5907058e-05
1.6491537e-05
0.00092293644
0.001826584
3.9145801e-05
0.0021108478
0.00011684651
1.5847959e-05
1.5805355e-05
0.0021938998
1.6354391e-05
0.00010412622
0.0014783696
1.6085037e-05
0.0011284348
1.567851e-05
0.00021216245
3.2487975e-05
0.0016348725
0.0021753689
1.5480224e-05
0.0013650593
1.6903251e-05
1.5388661e-05
9.0220873e-05
1.6428623e-05
5.1307007e-05
0.00015112953
1.5183042e-05
0.00049644021
0.00031316646
0.00025027828
2.0014183e-05
1.5803095e-05
0.00014600395
2.5189203e-05
0.0004395417
0.0013087126
1.564716e-05
1.6905017e-05
7.0525059e-05
0.00044629996
1.6035264e-05
0.00048986965
1.5981152e-05
1.7107878e-05
8.0616354e-05
0.0016246279
0.00069918018
1.5783346e-05
0.0010913626
1.5623141e-05
0.00022114242
0.00014158318
1.6389908e-05
0.00047162744
1.5761791e-05
7.8804501e-05
0.0021649322
2.843411e-05
1.6022956e-05
1.5960786e-05
2.2185061e-05
4.1810122e-05
0.0016683661
1.5871793e-05
0.00028850652
0.0012541937
1.6074677e-05
0.00042705461
2.2139151e-05
1.5972249e-05
0.0021673359
1.6045032e-05
1.591918e-05
1.5984042e-05
9.0800649e-05
0.0018466072
0.00043340934
0.00016632161
3.5437392e-05
1.7902309e-05
0.0012055899
1.5798652e-05
1.6009951e-05
1.5305131e-05
0.0013791618
2.8212003e-05
1.5394797e-05
2.3162818e-05
0.00080385513
0.0015915511
0.0001634141
1.5298112e-05
2.2468473e-05
0.00028458501
0.00085000092
0.00021168595
1.6711804e-05
0.0014020068
1.6016421e-05
3.1507437e-05
1.5484885e-05
1.634913e-05
1.5163632e-05
6.4677642e-05
8.6520285e-05
4.790963e-05
1.5917533e-05
2.0272212e-05
8.7398358e-05
1.6062478e-05
4.3844702e-05
0.0012118325
1.5390948e-05
1.5562377e-05
1.5816274e-05
2.8317413e-05
2.4962634e-05
1.6114481e-05
8.0754678e-05
0.00016324215
1.6607133e-05
0.00011378795
0.00016951748
0.0016622373
1.581457e-05
0.00013164993
1.5711694e-05
0.00038368319
5.3080708e-05
0.00011388991
0.00020643176
7.2893561e-05
0.00012995999
1.5665441e-05
0.0006563237
1.5974448e-05
0.0013569627
0.00045037649
0.00025176183
0.00032392404
1.6097356e-05
2.4952235e-05
0.00079115557
4.8856477e-05
1.5908774e-05
0.0011133742
1.58025e-05
1.540923e-05
3.6324816e-05
0.0023984647
9.093392e-05
0.00080965787
1.5809777e-05
1.6555688e-05
0.00079996933
1.5138731e-05
3.5242923e-05
0.00011528495
0.00011206035
0.00021412399
0.00026093188
1.7162952e-05
0.0021142754
2.5660038e-05
0.0015843105
0.0024329849
1.5802185e-05
1.6007895e-05
3.2911035e-05
0.00043323643
3.5033936e-05
1.6047676e-05
0.00013091498
1.7164716e-05
0.0002107164
1.6078954e-05
0.00033549103
0.00043335326
4.2957571e-05
1.5757468e-05
1.50725e-05
0.00047626616
0.001984346
0.00082102731
4.9023362e-05
0.00018846746
0.00010892576
0.00025312218
0.00030814299
6.3756149e-05
4.7677153e-05
4.1229762e-05
1.6922251e-05
1.6009533e-05
0.0003329897
4.8574292e-05
1.5800172e-05
1.6034682e-05
4.4078984e-05
0.00028617414
3.5005898e-05
6.1713256e-05
4.9423228e-05
0.001898162
1.5950713e-05
0.00031789368
2.1881983e-05
0.0001862741
0.0010843792
1.515345e-05
0.00021198015
0.0002356337
1.5741012e-05
0.00047576434
1.5826863e-05
4.5393862e-05
2.073998e-05
3.3674016e-05
1.6032726e-05
0.00013026094
2.3132853e-05
2.1904335e-05
0.00021312074
8.7445819e-05
1.8155091e-05
2.2257348e-05
2.5175573e-05
0.0016828756
1.5760037e-05
3.594857e-05
0.00011301078
6.3837103e-05
1.7118641e-05
1.57217e-05
0.00011836428
0.00079795884
0.00018800602
6.9120701e-05
0.0021117997
2.6007797e-05
1.5544456e-05
0.0019710363
0.00038177783
0.00042085563
1.5897246e-05
1.6047002e-05
0.00079905907
0.00019592547
0.00050565558
1.9440183e-05
0.0010826328
0.00017015808
2.1260321e-05
0.0014621468
0.00088516254
0.0010666112
1.6901162e-05
1.6043088e-05
1.6065809e-05
0.0019877535
3.0039787e-05
0.0001193655
2.0819164e-05
0.002097703
2.563426e-05
1.6012905e-05
0.00010687097
1.6061907e-05
0.00019952857
0.0012421289
1.5737537e-05
3.62944e-05
1.88637e-05
1.6000916e-05
0.00020310501
0.00011519202
0.00035086434
1.5820627e-05
5.0276715e-05
1.6311246e-05
6.8446523e-05
3.3312025e-05
0.00019473201
1.6008989e-05
0.0016117066
0.00042222698
1.5960541e-05
0.00078796257
1.5898745e-05
0.00044965833
0.00044097365
0.00080735834
1.6052897e-05
1.6013762e-05
0.00016962575
0.000332967
0.00018190857
0.00028181145
0.0020056389
0.002003795
0.0017922012
8.347034e-05
1.571717e-05
0.00079400187
1.5996657e-05
1.526635e-05
1.6001416e-05
0.00026098722
3.9343119e-05
2.455127e-05
1.7636176e-05
1.9289233e-05
1.6008144e-05
0.001738756
6.2363907e-05
2.1707016e-05
1.5999006e-05
1.5758129e-05
0.00012507519
1.5789147e-05
1.5976018e-05
0.0002338384
0.00015522717
0.00010439878
1.5291988e-05
1.5820409e-05
1.6018393e-05
0.00023601596
5.3234875e-05
0.00019380886
0.0012507176
4.9811382e-05
0.0010506002
1.816034e-05
0.00023709757
1.597759e-05
2.0744329e-05
0.00019651768
1.5897931e-05
4.394658e-05
0.0014419027
0.0018214564
1.5872144e-05
2.502489e-05
0.0015655121
1.6048653e-05
1.8520886e-05
1.5151877e-05
5.9363094e-05
0.0020282798
0.00042364288
2.0958415e-05
1.602269e-05
2.1715374e-05
4.7049636e-05
0.0017544143
1.6043973e-05
0.00019795128
0.00010794991
1.5890717e-05
1.599015e-05
1.5789077e-05
1.5790298e-05
1.5980953e-05
0.00012133283
0.0011626978
5.4986454e-05
0.00022540814
0.00010456581
0.0011816379
1.5687383e-05
1.5900899e-05
1.5827449e-05
4.5485059e-05
0.0017567549
1.5767054e-05
0.0002882631
0.00033022036
1.5899625e-05
0.00015034424
0.0004093772
2.245617e-05
0.0016460521
0.0015764774
5.8344142e-05
1.5860533e-05
1.5986101e-05
1.6213452e-05
1.5642633e-05
5.9327289e-05
1.6042967e-05
1.6018959e-05
2.7389527e-05
0.0013022538
5.562665e-05
1.5543331e-05
0.00034257227
2.2204609e-05
0.001652442
0.00051223497
8.0142289e-05
2.4241417e-05
0.0011784955
0.0002614398
5.9391247e-05
0.00014407228
8.1691336e-05
1.9966612e-05
1.6275329e-05
6.7175472e-05
1.6051448e-05
0.00031867097
2.8174554e-05
3.3055534e-05
0.0006085047
0.0012644041
3.0095713e-05
0.00017898442
1.5899911e-05
1.6057878e-05
0.00010974864
0.0011541008
4.4127022e-05
0.00048616861
1.621244e-05
0.00034546547
0.0012711277
5.3857911e-05
8.7668015e-05
5.3096899e-05
4.9782123e-05
4.6887234e-05
0.00042102351
6.508608e-05
1.5335552e-05
5.7632853e-05
0.0011570943
0.00010795744
1.6027276e-05
5.8527283e-05
0.0011829738
3.3103766e-05
7.5796513e-05
0.0020986383
0.00081554284
0.00040894411
3.9369169e-05
0.001035174
0.00018624389
1.5684121e-05
0.00032049832
1.599874e-05
0.0006107707
0.00023811099
3.5915001e-05
2.618972e-05
1.5914321e-05
1.5780223e-05
0.00029350925
1.5677304e-05
5.5947024e-05
5.5883445e-05
1.5743984e-05
1.6058649e-05
7.8228015e-05
1.601103e-05
1.7114535e-05
0.00019988122
1.5215101e-05
0.0016758946
2.3019589e-05
1.5192128e-05
2.9539123e-05
0.00031850177
1.5724484e-05
0.00011541888
3.0022978e-05
7.540072e-05
0.001718559
0.00042710896
2.9482732e-05
4.6944824e-05
1.5390766e-05
2.7304477e-05
1.5625627e-05
6.5145722e-05
3.8339668e-05
4.983633e-05
0.0014647977
0.001631882
0.0001967658
4.3001345e-05
1.5676023e-05
0.00020598218
1.59616e-05
1.6052219e-05
0.00082644529
0.00012445311
0.00041510426
0.00041481633
1.6007967e-05
1.5307329e-05
0.00084134537
0.00083181268
6.8568769e-05
1.5977595e-05
3.3662621e-05
0.001703238
7.1054797e-05
1.5988398e-05
0.00030813188
0.00017792828
0.00039773415
0.00018736807
7.7707321e-05
1.8858761e-05
1.5980584e-05
7.962605e-05
1.5827125e-05
0.00030567033
3.3027767e-05
0.0011635123
1.5548674e-05
0.00020269947
1.6004823e-05
5.3227134e-05
7.0201559e-05
5.3125983e-05
0.00012583443
1.6011225e-05
0.00016986623
1.5421809e-05
0.0011826992
6.0795708e-05
5.62748e-05
4.1155655e-05
1.5771368e-05
0.00012377074
0.0011789492
0.00083183193
1.5802944e-05
1.5910656e-05
0.00029583316
1.6023879e-05
0.00012427423
0.00013384671
1.5674141e-05
0.0014704319
0.00016205274
1.6042893e-05
1.5991944e-05
5.979755e-05
2.6207765e-05
1.5772094e-05
1.5207103e-05
1.6075087e-05
5.4272612e-05
1.6001138e-05
7.8641986e-05
1.5785422e-05
0.00016297946
6.2450385e-05
5.8141031e-05
0.00028367817
4.1533628e-05
4.5343336e-05
7.4893244e-05
1.550229e-05
0.00082645464
1.5767814e-05
1.5573317e-05
1.5188944e-05
0.00015447824
1.5608723e-05
0.00023690186
8.0229903e-05
0.00026963764
0.0001780454
1.5538373e-05
0.0011629172
1.5990213e-05
0.00022415406
0.00039195283
0.00177177
4.5541301e-05
7.6353575e-05
1.5629069e-05
1.6004842e-05
0.00017085673
1.5980971e-05
0.00028149165
0.0001479443
2.5997099e-05
7.274158e-05
0.0017903057
1.5982588e-05
1.6005513e-05
0.0010582469
1.5983537e-05
1.5995286e-05
6.6509122e-05
0.0008370535
1.6023226e-05
7.3994898e-05
5.7086654e-05
0.0022727034
1.552485e-05
1.6005322e-05
0.00027169119
0.00047086813
0.00014714233
1.556109e-05
7.4503531e-05
7.3611461e-05
5.248908e-05
1.600188e-05
1.579617e-05
0.00017915523
0.00024648106
1.512913e-05
0.00034638481
0.0011408832
0.00032748038
0.00045563294
0.00081751309
0.00087582632
3.8376589e-05
1.5226211e-05
5.3695336e-05
1.512061e-05
0.0016495948
1.5982981e-05
5.0938255e-05
5.5154493e-05
7.6755704e-05
1.546228e-05
0.0010421506
1.5806311e-05
1.516751e-05
0.00015534256
0.00034340886
1.5730349e-05
7.31188e-05
0.00012435651
1.5617671e-05
5.2646642e-05
1.600089e-05
5.4438425e-05
7.2275078e-05
0.001160545
5.7818214e-05
0.00025988646
1.578941e-05
0.00020230734
7.7299193e-05
1.5094757e-05
0.00015092729
0.00014078529
1.6149471e-05
6.2361495e-05
1.5479449e-05
0.0011771986
0.00029545933
0.00014005164
7.8070519e-05
0.00025796219
1.5516735e-05
0.00024828258
7.1419642e-05
3.3634777e-05
7.1903956e-05
1.5151306e-05
1.5765427e-05
0.0002352169
5.202968e-05
0.00013321133
0.00084231351
0.00019290454
1.5496982e-05
1.5481022e-05
5.1874503e-05
1.602788e-05
1.6005748e-05
5.125977e-05
0.00080908756
0.00077591829
1.6119419e-05
1.5643544e-05
5.0787055e-05
0.00039552817
1.6122646e-05
5.3196201e-05
1.5638271e-05
1.5982038e-05
0.0022352584
5.1413462e-05
0.00022572854
0.0018388862
0.00021340959
1.5798993e-05
0.00037560655
3.2069672e-05
0.00037896599
1.5647364e-05
0.00021487907
1.5733041e-05
1.5680992e-05
0.00066763804
0.00035943226
0.00020298193
0.00032425785
1.6144552e-05
0.00036260196
0.00019417097
1.5982176e-05
1.6001495e-05
1.6142435e-05
1.6040483e-05
1.5817492e-05
3.9942836e-05
1.6167281e-05
1.7317568e-05
1.6230806e-05
3.9891829e-05
1.562365e-05
0.0011057699
0.00048767267
1.6129657e-05
1.7887909e-05
1.613896e-05
1.6997761e-05
0.0011080391
0.0016286732
0.00071379059
0.0010900399
1.625943e-05
1.6240991e-05
1.5858019e-05
1.5938038e-05
1.5789311e-05
0.00020135301
0.00029332915
0.00029796345
0.0018198569
1.5680395e-05
1.6015727e-05
4.2439667e-05
1.5907009e-05
1.5798656e-05
1.5803177e-05
1.7886877e-05
1.601755e-05
0.0018389957
1.6887872e-05
1.6007922e-05
1.6114344e-05
1.5992304e-05
0.001095846
0.00029317042
0.00077698293
1.6885242e-05
0.001644325
0.0011212809
0.00073866206
1.5994395e-05
1.6130249e-05
1.5832015e-05
1.6408156e-05
1.5789641e-05
0.00020567493
0.00029955574
1.5658467e-05
1.6109199e-05
0.000242697
1.5799048e-05
1.5798749e-05
0.002196143
1.6548409e-05
0.00024702526
1.611892e-05
1.590505e-05
1.5834065e-05
1.6142778e-05
0.00023594506
2.470327e-05
4.9932717e-05
0.0002943137
0.00080236426
0.0013870962
0.0010334282
0.0016234708
1.6155062e-05
2.2902894e-05
1.5568185e-05
7.0435762e-05
3.3035282e-05
2.6666156e-05
1.5789507e-05
1.6407794e-05
1.8444649e-05
0.00035646562
0.00036276803
0.002223505
0.00046127396
1.5654863e-05
1.5564899e-05
1.6048251e-05
1.5574686e-05
2.289444e-05
1.5798655e-05
1.579621e-05
1.5788358e-05
1.5720601e-05
1.6066944e-05
1.6044802e-05
7.0568642e-05
1.5744139e-05
4.2340341e-05
1.5589884e-05
1.5741294e-05
1.6043195e-05
1.5863278e-05
0.001838805
1.5744941e-05
8.7678291e-05
0.00049891688
0.00079474906
0.00049480156
0.0018135928
0.00037538901
0.0016394156
0.0010601235
0.0013588374
0.0014033429
8.7790873e-05
1.5789833e-05
1.7683596e-05
0.00036427335
1.5719255e-05
0.00047089238
1.5773398e-05
1.5688293e-05
1.5788348e-05
1.579637e-05
1.5795932e-05
0.0014645417
1.573629e-05
1.5717436e-05
1.5691846e-05
0.00011617164
1.5815497e-05
1.5720348e-05
0.00081544336
0.00050442693
1.566587e-05
1.5714322e-05
0.00066108153
0.0016182323
0.0013554939
0.001344641
0.0016157026
1.5718071e-05
1.5870184e-05
1.7683176e-05
1.5789701e-05
0.00059842945
0.00073554324
1.7932881e-05
1.579078e-05
1.5795584e-05
1.5789615e-05
1.5791272e-05
1.5791947e-05
3.7367333e-05
1.6087494e-05
0.0008076199
1.6108023e-05
0.00067500796
0.0017910185
0.0013720657
0.0016351975
3.7412851e-05
1.6081209e-05
1.6025314e-05
1.5789945e-05
1.5788925e-05
1.7240448e-05
0.00061406422
0.00056095807
0.0011799944
0.00075141365
1.5883285e-05
1.603248e-05
1.5907974e-05
0.0017842223
1.5790871e-05
1.579186e-05
1.5789654e-05
1.609976e-05
0.0014785408
1.5804363e-05
1.6034432e-05
1.6031005e-05
1.5998184e-05
1.6005602e-05
1.6033908e-05
0.0021950762
1.5984755e-05
1.5788206e-05
0.0022614794
0.0011351337
0.00082430581
0.00083782243
3.7835414e-05
0.0022499805
4.3852189e-05
0.0010620647
0.0016144257
0.0017770348
0.0017498782
0.0013813919
0.0022174673
0.00051364773
3.5904809e-05
1.5806376e-05
6.729208e-05
0.00077608295
1.5800719e-05
1.5789839e-05
1.7239882e-05
0.00097488824
0.00099368918
0.00090267636
0.0011303344
0.0011546213
0.0019652278
0.0019522937
4.5391525e-05
6.737744e-05
1.6008202e-05
1.6047476e-05
2.9718515e-05
1.5905952e-05
0.0022142101
1.7323984e-05
1.6884344e-05
1.691266e-05
1.7937727e-05
1.6351902e-05
1.6071287e-05
1.8622179e-05
1.7830337e-05
1.6181675e-05
1.5996618e-05
8.9989376e-05
1.7337269e-05
1.5598255e-05
1.5791607e-05
1.5789028e-05
0.002252288
3.5864434e-05
1.5127174e-05
2.5293592e-05
7.4487099e-05
1.5595355e-05
4.285876e-05
0.0020019121
0.0021880382
1.5573882e-05
1.5734114e-05
0.0022024079
1.5534147e-05
1.7935892e-05
1.6072467e-05
1.8624863e-05
1.573084e-05
0.0022308361
0.0021011539
0.0007378483
0.0011253312
0.0011206726
0.0022319323
1.5683705e-05
0.0010797135
0.001632583
0.0017640635
0.0017868834
0.0010639376
0.0020985806
2.1461073e-05
0.0010536971
1.5709777e-05
1.5790571e-05
0.00079084857
1.5793702e-05
1.6770108e-05
0.0015031094
0.00099603294
1.586065e-05
0.00092228986
8.6533243e-05
0.001156851
1.6104617e-05
0.002215299
0.0022222737
0.0020833211
1.5667566e-05
0.0012804082
3.1773141e-05
1.5916957e-05
1.5670978e-05
1.596646e-05
1.5789118e-05
1.5791638e-05
0.0021164182
1.5858167e-05
1.5863156e-05
2.4658586e-05
2.3940473e-05
0.0010009415
1.603642e-05
0.00097996937
0.00011270648
0.0014953188
0.0021114424
0.0011969489
1.5747779e-05
0.001523899
8.5993924e-05
1.5962759e-05
0.0013256049
0.0007781659
0.0014363955
0.0015329253
0.0010470742
0.0013263196
0.0012413623
0.0014987125
1.5793356e-05
1.5964839e-05
1.5790075e-05
0.0012412232
0.0015390584
0.00024159381
1.5662459e-05
1.5860652e-05
1.5814147e-05
0.0011345947
0.00013130889
1.6106547e-05
0.0014422898
0.0014241711
0.0017603394
0.0017716532
0.0014877758
0.0010149815
1.6193556e-05
0.00029323275
0.00051496375
0.0015633198
1.5659045e-05
1.5656873e-05
0.00048648501
1.5808513e-05
1.6107921e-05
0.0010753451
1.5838731e-05
1.6006772e-05
1.5793479e-05
0.0011523544
0.0013458261
0.0012628086
1.5756372e-05
0.0015471222
1.5884261e-05
0.0015506096
0.0015306482
1.5660469e-05
0.00020688752
0.0014057703
0.00055003611
0.0018594158
1.605378e-05
0.00013063274
0.0010536544
0.00099780343
1.6303752e-05
0.0010734302
0.00017124852
1.5664349e-05
5.6401104e-05
1.6304162e-05
1.8121192e-05
3.1770504e-05
0.00023191342
1.8743823e-05
1.6212278e-05
1.5698737e-05
1.5567018e-05
0.0011024894
1.5668023e-05
1.5944814e-05
0.0002695171
1.6567767e-05
1.5790019e-05
0.00052273029
1.6166767e-05
0.0015323636
0.001032619
1.5963698e-05
1.5919542e-05
1.6055049e-05
0.0013050487
1.5799315e-05
1.5791183e-05
1.5791359e-05
3.0258751e-05
0.00095641679
0.0010534206
1.5970696e-05
1.5685493e-05
0.0015914305
0.0012188759
1.5646435e-05
1.6566661e-05
1.6735613e-05
0.00027503453
0.00031780353
2.8962547e-05
2.613493e-05
0.0011706903
1.7340311e-05
1.5689226e-05
1.577776e-05
6.026514e-05
1.6916693e-05
0.0011146986
1.6039251e-05
1.5537144e-05
1.5818707e-05
0.0015928351
0.0007208614
0.00072773438
1.572528e-05
1.5531455e-05
1.6914332e-05
0.00064097455
0.0003413529
0.0015166239
0.00045473004
0.001385929
1.5728758e-05
1.6099964e-05
1.8048074e-05
1.5754283e-05
1.7374334e-05
1.8264735e-05
0.00049275236
1.5786047e-05
0.00093807872
1.5956371e-05
0.00031578341
1.5227742e-05
0.0014958393
1.5788263e-05
1.7369997e-05
0.0010232671
1.8181419e-05
0.00074025628
0.0010843926
0.0015444206
3.1426696e-05
3.1490412e-05
0.00049815524
0.0011069469
0.0011092121
1.5536233e-05
0.0011028123
0.00054379358
1.7135211e-05
0.0010321333
1.5791442e-05
5.451858e-05
1.7970642e-05
0.00059452283
0.001060046
3.5520704e-05
0.00091315783
0.0014048513
1.5881723e-05
0.0013809771
1.5770921e-05
1.6869755e-05
4.377794e-05
1.9313871e-05
3.5497503e-05
3.2251551e-05
0.0011973655
0.00097718528
2.2753627e-05
4.0086251e-05
1.5884401e-05
0.0012090846
0.0016862138
0.00073993679
0.00069383802
1.5713088e-05
2.0180864e-05
0.001505143
1.8733668e-05
1.8651996e-05
0.00011651298
0.00090473704
0.00077208499
0.001460945
0.00094851442
1.6013462e-05
0.00080709961
0.0015944701
1.5792366e-05
0.00096298442
0.00085248873
0.00013980488
1.6038065e-05
0.00049862618
1.6015485e-05
1.6194762e-05
0.00091373933
3.5202586e-05
1.6165713e-05
1.5843477e-05
1.5886122e-05
1.5880047e-05
1.5955874e-05
3.235666e-05
0.00088584694
0.0013296787
3.8536972e-05
0.00024386151
2.3212609e-05
2.2736783e-05
0.00058721961
0.0010872136
0.0010415138
0.0010773361
0.00084261704
1.5919927e-05
1.5650858e-05
0.0010707294
3.3725167e-05
1.6218445e-05
0.0011281712
1.6734449e-05
3.5152285e-05
0.00045630568
0.001343834
1.5841164e-05
1.5793019e-05
0.0012193593
0.0011590342
0.0015198497
0.0010565877
3.8523446e-05
0.0010778285
3.8806347e-05
0.0010748477
0.0014347612
0.0013057467
0.0010948795
1.5971118e-05
0.0014430596
0.0010196868
0.0017757806
1.5702704e-05
0.00096441184
0.001349489
0.0014939061
1.5542364e-05
0.0010567651
0.0011050711
0.0014241926
0.0014939423
0.00029472254
0.00093330408
0.00091567526
0.00071093931
4.4270919e-05
0.00090988306
0.00074303956
1.577265e-05
0.00095193815
0.0010005451
1.5524163e-05
0.00098649236
1.7634716e-05
0.0010834873
0.0015085454
0.00111802
0.0010946941
1.5961271e-05
0.0015235059
0.001161414
0.0010842279
0.0010472323
1.6053058e-05
1.5795693e-05
0.0011353174
0.0011194084
0.0011721076
0.001050742
0.0012752825
0.00095864607
0.0015128808
0.0010952115
0.001203002
3.0798179e-05
0.0012517443
1.5808789e-05
1.5875416e-05
0.0011840992
0.0011525893
1.8256852e-05
0.0013465351
0.0012634158
0.0013131873
1.9193683e-05
0.0012966238
1.5889555e-05
0.0010748461
0.0013675892
0.0015483174
0.0015396739
0.0013938916
1.5683628e-05
0.0012941252
1.6432249e-05
0.0012732884
0.0013983075
0.0014508653
0.0010986665
0.0013170505
1.6035169e-05
0.0011348551
1.6032749e-05
0.0014019875
0.0014638122
0.0013612737
0.0011326928
0.0013396486
0.001543256
0.0015431632
1.5541847e-05
0.0015036089
0.0015564755
0.0014201488
0.0010506383
0.0015178195
0.0014859187
0.0015110828
0.0014754688
0.0015294163
0.0015582636
0.0015344467
0.0015468878
0.0011926274
0.0015540621
1.5936725e-05
0.0014255437
0.0011704904
0.0014022163
0.0014796462
0.0014792938
1.5740921e-05
0.0015616557
0.0013835457
0.0014027048
0.0015653826
0.0014470371
0.0015597398
4.289675e-05
0.0021017768
1.579395e-05
0.0015637678
1.5566317e-05
0.0015030062
1.5963242e-05
0.0014997416
0.0015293673
0.0012490285
0.0013849492
0.0015415412
0.0015650558
2.1654622e-05
0.0015102596
0.0014979627
0.0015613868
1.6232928e-05
0.0015755145
0.0014923928
0.001600422
1.5572006e-05
0.0011458685
0.0014700847
1.6506498e-05
0.00098291202
1.6569581e-05
0.00035546068
1.5621016e-05
1.5805361e-05
1.6509329e-05
4.6975316e-05
1.6005807e-05
0.0012721625
1.5798484e-05
0.0010192241
0.0010429526
1.5791882e-05
0.00031480818
1.5626606e-05
1.5989736e-05
1.6867248e-05
0.0015389417
0.00054853323
0.0019647998
0.0015670069
0.00095869449
1.5789867e-05
0.0011836659
1.5780051e-05
0.0013323353
1.7726996e-05
0.0012931422
1.8319231e-05
1.608692e-05
1.583575e-05
0.0027986111
0.0013739662
0.0014606926
5.6071339e-05
1.5779345e-05
3.7159762e-05
1.6191617e-05
4.8746766e-05
1.7340231e-05
0.0013598274
1.9403333e-05
0.0014186861
0.0015526585
1.6077586e-05
0.0015171376
0.0014844303
0.0015347527
1.7920874e-05
0.00038548111
0.0015483408
8.138497e-05
0.0015650068
4.2471973e-05
1.5972007e-05
1.6023029e-05
1.5821554e-05
0.001271816
2.3198831e-05
0.0012944582
1.5857115e-05
1.6049706e-05
0.00011851337
0.00048039248
0.0014700378
1.5884873e-05
0.00012305387
0.0014491612
1.579149e-05
1.5795868e-05
1.5792639e-05
0.0015331722
0.0015902664
1.6051175e-05
0.0013170072
0.0015862876
1.6052462e-05
1.6018814e-05
0.00013402894
0.0014111362
0.0013393919
0.001593222
0.00016316984
0.0016025194
0.0014009777
1.6240718e-05
1.6025626e-05
0.0015308339
0.001500629
0.0014621229
1.7161452e-05
0.00017264939
1.5897009e-05
0.0015024266
0.0015013873
0.0015441084
0.0002037623
0.0015101385
0.0015584919
0.0015557645
0.0014517125
0.0014738398
0.0015293357
6.0939506e-05
1.6302706e-05
0.00027856676
1.5768176e-05
1.586586e-05
1.6122075e-05
0.0014815625
0.0014154261
0.0015605811
0.0013976126
1.5848897e-05
0.00032405379
0.0014364205
0.00040335115
0.0015626195
0.00035789421
0.00095994758
0.0015690277
0.001678586
1.5874918e-05
0.00048378916
1.5922984e-05
0.0013901244
1.6156745e-05
0.001489049
0.0015055318
0.0019222141
0.0019384395
0.00053138781
1.57954e-05
0.00060222423
0.0015108555
0.00064193153
9.735847e-05
0.0013729774
2.2609236e-05
0.0015790216
1.5893983e-05
0.00063268337
0.00058995191
0.00068378323
0.0012698731
0.00069039171
0.0003753359
0.0015322537
1.6010548e-05
0.00067914251
0.00071139417
1.967284e-05
1.5985985e-05
0.00077619242
0.00077937509
1.605773e-05
1.5919041e-05
0.00074369425
0.00063848344
0.00084636983
0.00080953863
1.5991921e-05
0.0010273045
0.00062944568
0.0010445301
0.00096906742
0.00092859508
0.0010607909
0.0010853928
1.6024743e-05
0.0010496755
0.0010389579
0.001090033
2.3939041e-05
0.00070000304
1.9197111e-05
1.5681038e-05
0.0009627529
1.5789792e-05
0.0010088872
1.5954666e-05
0.0015618293
0.0010330357
0.0010639123
1.6037982e-05
0.0010238303
0.0011388298
0.0026368696
0.0011832465
0.0014612775
0.0011674024
0.0011406652
0.0011777647
0.0011361359
0.0010683115
1.600494e-05
0.0014425027
0.00023764555
0.0013067073
0.0014200442
0.0013711317
2.4879206e-05
0.0012843078
0.0012548825
1.6037496e-05
1.5950603e-05
0.0012379446
0.0013125186
0.0013745486
0.0013106478
0.0012380316
0.0015534595
0.0014052189
0.0013859887
0.0013551379
0.0013717786
0.0013612963
0.0013246662
0.001369299
0.0013229592
0.00013807128
0.0012789932
0.0013287829
0.0013002053
0.001284175
0.0014739203
0.001369197
0.0016008689
0.0014568481
0.0013755056
0.001361678
2.1600499e-05
0.0013399864
0.0014337871
0.0011332166
0.0013969889
0.0013533327
0.0013766332
0.0013070037
0.0012964766
0.0015234962
0.0013677455
0.0011851941
0.00085322417
2.9829915e-05
2.69547e-05
2.0368791e-05
0.0011051566
1.9400695e-05
2.1521833e-05
2.7207653e-05
2.3141148e-05
4.9580147e-05
0.0011862129
0.0013511541
0.0012407636
0.00028281479
0.0011316844
0.0013157678
0.0013921939
0.0012191094
0.0012969491
0.0013380356
0.0013181639
0.0013579805
0.0013201464
0.0013126096
0.0014404781
0.0013894615
2.1644599e-05
0.0014160126
0.0013171748
0.0014197071
0.0014405278
1.6051886e-05
0.0013718298
1.602573e-05
0.0014799313
0.0013456187
0.0014490108
0.0016549137
1.6023401e-05
0.0015147847
0.0014228857
0.0015129886
0.0015054895
1.5995116e-05
0.0015053612
0.0014668676
0.0014479222
0.0014347162
0.0014945588
0.0014251696
0.0015032828
0.0014604904
0.0011338997
1.5799215e-05
0.0015112518
0.0014499473
0.00043433478
0.0017977084
0.00011226625
1.5811788e-05
1.5799452e-05
0.0005530385
0.001076577
1.5948198e-05
1.6043954e-05
4.0584196e-05
0.0008370443
0.00064178136
0.0015486796
1.6071743e-05
1.6570744e-05
3.3486796e-05
3.3557546e-05
0.00072958179
1.5931133e-05
0.000702016
3.8308032e-05
0.00076577336
1.57898e-05
0.00088342069
0.0010036236
1.5793977e-05
1.5865834e-05
1.6004749e-05
0.00099635613
1.585325e-05
0.00017897724
0.00011629079
0.00080197842
1.580933e-05
3.5090776e-05
0.00066536003
0.00099498158
1.5785224e-05
1.6040169e-05
0.0010987084
0.001150663
0.0011112303
0.0010657838
5.7369136e-05
0.0010989724
1.5802319e-05
0.0011739174
1.6018145e-05
1.5929967e-05
0.0014394216
0.0012042065
0.0020333519
1.6111488e-05
0.00092419174
1.6055187e-05
4.0515623e-05
0.0013017715
1.6047978e-05
0.00073644381
0.00055503654
0.0012667616
0.001044733
0.0010489673
1.6053636e-05
0.0010073076
0.0013196447
1.5995375e-05
4.0159551e-05
0.0013441858
1.6030452e-05
1.6278236e-05
0.0011301151
1.6010936e-05
1.7598408e-05
1.7039341e-05
0.0011537916
3.3668922e-05
0.0011628386
0.0015155798
3.8899988e-05
2.2588104e-05
0.0013482756
2.0396242e-05
1.5795405e-05
1.5876447e-05
0.001022049
1.590348e-05
1.5968569e-05
0.0011891301
1.6020505e-05
0.0020712214
1.684123e-05
2.0078211e-05
0.001766387
2.2599361e-05
0.0012389104
3.2989142e-05
0.0011418862
0.0011321156
3.504427e-05
0.0010316884
0.0012676865
1.6230971e-05
4.8641142e-05
1.5788771e-05
1.5845109e-05
1.5824327e-05
1.5842939e-05
0.0013114535
1.8207027e-05
1.9390748e-05
1.8608855e-05
0.0013168581
1.4521015e-05
1.8433923e-05
1.6157275e-05
0.0012511381
0.0012794576
0.0012205872
3.5247371e-05
4.2930763e-05
0.00019215655
1.5999016e-05
1.6360924e-05
0.0012912385
0.0012952024
0.0016862353
3.3790853e-05
1.5802835e-05
1.6012218e-05
0.0019256797
0.0012925656
0.0012626786
0.00016770985
1.6031373e-05
0.0014664772
0.0013888028
6.180235e-05
1.6054274e-05
1.6070818e-05
1.5943551e-05
1.6069922e-05
0.001406154
1.6030487e-05
1.5787059e-05
1.5816161e-05
0.0011042738
1.5955297e-05
0.0013317016
0.0013373622
0.001291257
0.0012924436
2.0484488e-05
1.5811296e-05
0.0014769048
6.0918746e-05
1.6073138e-05
0.0013046835
1.5808546e-05
1.5790438e-05
1.616534e-05
1.578739e-05
0.0012986006
0.0014189794
0.0013686968
1.6138992e-05
1.6284825e-05
0.0013974792
1.5876641e-05
1.6256529e-05
1.5996221e-05
1.6036668e-05
0.0014284167
0.0014633014
1.594974e-05
0.0015012467
1.5824859e-05
0.0015003672
0.0014915214
0.0014933745
0.0014584528
0.0014182463
1.9485942e-05
1.5812632e-05
0.0005467171
1.5784931e-05
0.0014447283
1.7214341e-05
1.6175429e-05
0.0013862515
1.6007826e-05
2.6100734e-05
1.601137e-05
1.6015578e-05
1.6013427e-05
0.002159491
0.00046911215
0.00030094461
2.9848018e-05
1.6691291e-05
1.9404778e-05
2.7193533e-05
0.00036507531
6.2575263e-05
2.4715238e-05
1.5996304e-05
3.6308264e-05
1.5955736e-05
1.6036886e-05
1.6011996e-05
1.6083374e-05
1.6053934e-05
1.6026892e-05
1.5826158e-05
5.9046839e-05
1.5877056e-05
1.5963893e-05
1.5801881e-05
1.5940704e-05
0.0014476589
1.5995276e-05
1.5800793e-05
1.6469238e-05
1.5796727e-05
5.8285486e-05
4.2423537e-05
1.5923491e-05
1.5806366e-05
1.224099e-05
1.6036836e-05
1.57984e-05
1.5806316e-05
1.5978104e-05
1.5998239e-05
1.5933395e-05
1.592473e-05
1.6840711e-05
1.5849362e-05
1.358987e-05
1.6037611e-05
1.6201658e-05
1.8124098e-05
1.6027117e-05
1.6186235e-05
1.5801524e-05
1.5790023e-05
1.5996665e-05
1.5932201e-05
1.5998037e-05
0.00011759052
1.6043022e-05
1.8306936e-05
1.5811402e-05
1.5968252e-05
1.5806107e-05
1.5809487e-05
1.6037733e-05
1.6056957e-05
2.0120022e-05
1.5935045e-05
1.5975597e-05
3.5007455e-05
1.6122696e-05
1.5956185e-05
0.00011660125
1.6052963e-05
1.5794362e-05
1.6118759e-05
1.5921311e-05
1.5789269e-05
1.6018357e-05
1.5832572e-05
0.001423369
1.5874287e-05
1.5897762e-05
0.00026049093
2.9024088e-05
4.2935619e-05
1.6037004e-05
0.0016869414
0.0016466676
1.5910725e-05
0.0009937674
2.4847101e-05
1.6009404e-05
1.6055952e-05
0.0015257961
1.5794758e-05
1.6039749e-05
1.5023921e-05
1.583009e-05
1.6910152e-05
1.6034085e-05
1.585459e-05
3.8063907e-05
0.0015121689
1.6972512e-05
0.00055878276
1.5784762e-05
1.5792241e-05
1.5974583e-05
1.6053445e-05
1.9575325e-05
1.5970361e-05
1.6030065e-05
1.5966284e-05
1.6032579e-05
1.6037816e-05
1.5813311e-05
1.5795196e-05
2.0791514e-05
1.5795536e-05
1.6114326e-05
1.6038679e-05
3.8927874e-05
1.5789995e-05
5.3786839e-05
1.5993745e-05
1.618535e-05
1.5932966e-05
1.5795788e-05
1.6021619e-05
1.1348906e-05
1.3585733e-05
0.0015896253
1.5837677e-05
1.6017914e-05
5.0278168e-05
0.001584974
0.0001344671
1.5911362e-05
0.0015119864
1.7046846e-05
1.8067929e-05
0.0015214525
0.0014447962
1.5792949e-05
1.5828459e-05
1.6152633e-05
3.7626234e-05
4.9584824e-05
1.6052908e-05
0.0011656359
1.5809265e-05
1.579714e-05
1.6141666e-05
1.5790797e-05
1.5822235e-05
1.5937029e-05
0.0015239053
1.5948244e-05
0.0014328639
1.6042519e-05
1.6191157e-05
1.6296082e-05
1.5895654e-05
0.001782744
1.6000484e-05
1.6568056e-05
0.00025155461
1.6044502e-05
1.5950927e-05
1.5869542e-05
0.0015109428
1.579336e-05
0.0015649467
5.7256316e-05
0.0015245937
0.001460148
0.0014890904
0.0013890126
0.0014908635
0.0015238171
0.0014849549
0.001504794
0.0015630841
0.0015906297
0.0014562132
2.1017094e-05
0.0015507843
0.0013909975
0.0015381143
0.0015811534
0.0015121801
0.0015589638
0.0014591303
0.0015170761
0.0014765561
0.0015198995
0.0015488797
0.0015011379
0.0015225569
0.0014872687
0.0015531319
0.001583966
0.0015466011
0.001533115
0.001553308
0.0015744728
0.0015922558
0.0015533976
0.0014913151
0.0014999713
0.0015469979
1.9418655e-05
2.1843262e-05
1.5984469e-05
1.5802231e-05
2.0002728e-05
1.5968607e-05
1.5940853e-05
1.5798943e-05
1.6525446e-05
1.5791234e-05
1.6044327e-05
1.6145772e-05
1.5984865e-05
8.1668945e-05
0.0014831796
1.6210437e-05
0.00031922458
1.6045185e-05
1.7891653e-05
6.818532e-05
1.6462334e-05
0.00019128839
0.00023497708
1.6007199e-05
1.5718389e-05
0.0019739895
1.6029839e-05
1.588342e-05
1.5954658e-05
1.5789711e-05
1.5995175e-05
1.5837386e-05
1.5787817e-05
0.00066133393
1.8342335e-05
1.5827778e-05
2.1007128e-05
1.5799624e-05
1.5903381e-05
1.6002643e-05
1.5859068e-05
1.709589e-05
0.0014761037
1.5854681e-05
2.0753183e-05
1.6209948e-05
1.7466814e-05
1.5797192e-05
1.580357e-05
1.5822457e-05
1.8495454e-05
1.6119659e-05
1.6066983e-05
1.5783996e-05
1.5783168e-05
0.00012072614
0.00011895783
1.5892458e-05
1.7467315e-05
1.6036141e-05
0.00067974856
1.5897263e-05
1.6009168e-05
3.903707e-05
1.5936504e-05
1.5987746e-05
1.5940864e-05
1.5934653e-05
1.6020015e-05
1.6725684e-05
1.6114277e-05
0.0025512744
0.0022992633
1.5811346e-05
1.5851914e-05
1.6129197e-05
1.5923788e-05
3.2434846e-05
1.6015096e-05
4.9953841e-05
3.6911544e-05
1.5788746e-05
1.5790434e-05
1.5809023e-05
5.0915029e-05
0.0017386345
1.6017559e-05
1.5894154e-05
2.395036e-05
2.339485e-05
1.6019473e-05
1.5803443e-05
1.6006843e-05
1.5937027e-05
0.00022444501
0.00022530298
1.5963035e-05
8.400155e-05
0.0019481978
1.5945963e-05
1.5809405e-05
1.5965312e-05
0.0002070345
1.5924084e-05
0.00010713834
1.5935576e-05
1.6000444e-05
0.0026015566
0.002281631
1.6814863e-05
1.6001448e-05
0.0017313948
0.0010933546
0.0010707211
0.0015274662
1.644043e-05
1.6012882e-05
1.5864951e-05
1.5854577e-05
3.8226386e-05
1.5941123e-05
7.4091807e-05
4.5913119e-05
0.00014454069
1.5987262e-05
1.9012917e-05
1.5885062e-05
1.593943e-05
3.4064494e-05
1.5919124e-05
0.00030259051
1.5787497e-05
1.6006751e-05
1.8047564e-05
1.5856229e-05
2.4033303e-05
1.5828318e-05
0.0013456484
2.2304453e-05
1.5790233e-05
0.0013933397
1.5803437e-05
2.6772398e-05
2.6748485e-05
1.5936828e-05
0.00049233714
1.5920183e-05
1.5992316e-05
1.5982223e-05
1.5998709e-05
0.0014609423
1.5921307e-05
0.00084646526
1.5976904e-05
1.6462862e-05
1.5797855e-05
1.5932975e-05
1.6131139e-05
5.9320324e-05
1.6101644e-05
1.5962453e-05
2.4993025e-05
2.9521387e-05
1.5920397e-05
1.6027025e-05
3.9537853e-05
1.5810134e-05
0.0025985864
1.8393151e-05
1.6010002e-05
1.5980701e-05
1.6057962e-05
1.5863116e-05
1.5869568e-05
1.603046e-05
1.5807551e-05
1.5825687e-05
1.5905866e-05
1.6124169e-05
1.5927341e-05
1.7549698e-05
1.6053217e-05
1.5918004e-05
1.5900156e-05
0.0014565744
2.0286257e-05
1.598472e-05
0.0002391014
1.5894619e-05
1.5939137e-05
0.0024904935
2.597501e-05
1.5901886e-05
1.5897828e-05
1.5945525e-05
1.6041044e-05
0.0018970764
1.7809162e-05
1.5875113e-05
1.6025447e-05
1.5792279e-05
0.0019137833
1.5785144e-05
3.872409e-05
5.0042791e-05
1.5983658e-05
3.2488978e-05
1.5786691e-05
0.0018654531
5.5100799e-05
1.5838947e-05
1.6019543e-05
0.00084826044
1.8772106e-05
1.5785846e-05
6.6543888e-05
1.5809445e-05
0.0011445213
0.0011296863
0.0015303383
1.5808632e-05
0.0011198036
1.5953502e-05
1.5789375e-05
1.6050317e-05
1.7655846e-05
1.5974221e-05
0.0015279949
1.5799142e-05
0.00011703649
4.4495759e-05
1.5784547e-05
1.5793773e-05
3.4168531e-05
1.6037075e-05
1.9901146e-05
1.5919186e-05
1.9386449e-05
3.5708653e-05
3.1351713e-05
2.9322066e-05
5.0102702e-05
0.0016326763
1.8114569e-05
1.5995052e-05
1.5964342e-05
2.7282631e-05
3.5427049e-05
1.5803838e-05
0.0011579107
0.0013716611
3.896455e-05
1.6010283e-05
1.6006443e-05
4.3449122e-05
1.604386e-05
1.6083605e-05
1.5932516e-05
1.5806486e-05
0.0011313998
1.5846948e-05
3.3186454e-05
1.6033615e-05
1.6042652e-05
1.5972919e-05
3.3566261e-05
1.6832073e-05
0.0013530986
1.5998184e-05
0.0014643441
1.6032315e-05
1.597537e-05
0.0013898109
0.00026060712
5.9323858e-05
4.4611147e-05
1.6048638e-05
1.5946141e-05
1.6004252e-05
4.4499972e-05
5.9256621e-05
1.5816771e-05
1.646921e-05
0.0016589044
1.6019362e-05
1.5806432e-05
1.5960604e-05
3.5989254e-05
1.5802418e-05
2.2096629e-05
1.6034608e-05
1.5874028e-05
1.5849957e-05
4.4389908e-05
1.5843889e-05
1.5930581e-05
1.6016612e-05
0.0028106013
0.0011593409
1.5806613e-05
1.5976197e-05
1.5787532e-05
1.5787841e-05
4.7556903e-05
1.6245569e-05
1.5874521e-05
1.5959116e-05
1.8445557e-05
1.63348e-05
1.6013473e-05
1.7253118e-05
0.0010811638
1.5976236e-05
1.8026312e-05
1.6018263e-05
2.916956e-05
1.5907046e-05
1.5839534e-05
1.6066626e-05
1.6033419e-05
1.6272422e-05
1.9286731e-05
1.5787242e-05
0.0015248141
1.6037188e-05
1.59525e-05
8.0113255e-05
8.1025455e-05
1.8517373e-05
1.7671918e-05
1.4114751e-05
0.0022819801
1.5788939e-05
0.0018929134
2.487116e-05
2.1580957e-05
0.00088897336
0.0015429759
0.0016541106
1.5809835e-05
1.581135e-05
1.6017061e-05
1.5817204e-05
1.645809e-05
3.2109076e-05
1.5944786e-05
1.5852929e-05
0.00013654033
0.00083727965
1.6378353e-05
1.4959189e-05
1.5810078e-05
1.599792e-05
2.1203956e-05
0.0020838706
1.7258926e-05
1.8182647e-05
1.5785528e-05
1.5783357e-05
1.578334e-05
1.5783444e-05
1.5783331e-05
1.5783094e-05
1.5782963e-05
1.5782965e-05
1.578327e-05
1.5783691e-05
1.5783302e-05
1.5783323e-05
1.578518e-05
6.2591172e-05
1.5988697e-05
4.4182532e-05
5.8535089e-05
1.5790738e-05
2.4368e-05
0.0014692453
0.001578321
0.0003079986
1.6009715e-05
1.5965547e-05
0.00091396258
2.2368443e-05
2.2378178e-05
1.601495e-05
1.5988826e-05
1.5907424e-05
1.5809546e-05
1.5829613e-05
1.5926183e-05
1.6024826e-05
1.5291545e-05
2.2087904e-05
1.6022253e-05
1.5808299e-05
2.2048765e-05
1.5997996e-05
1.5937239e-05
1.7589531e-05
0.0015695306
5.3578758e-05
1.5797793e-05
1.7467839e-05
1.602582e-05
1.5840282e-05
0.0018923574
0.000762657
1.5998704e-05
1.5785203e-05
1.6167732e-05
1.6691927e-05
5.0425702e-05
1.6168276e-05
1.578401e-05
3.4499273e-05
1.5816377e-05
0.0015284945
3.9422903e-05
1.5791524e-05
0.0013985427
2.4669226e-05
1.6133743e-05
0.0013891792
1.6325158e-05
1.5942189e-05
1.5982249e-05
0.00082613052
1.6030811e-05
1.5798318e-05
1.6014491e-05
0.001485347
5.8738399e-05
7.9734417e-05
4.4080177e-05
7.9370318e-05
0.001485568
0.00047986189
0.0015717154
0.0015859142
0.0015892026
1.5893687e-05
1.6019062e-05
1.6105931e-05
0.0015326754
0.0015947655
0.0015055134
1.5960047e-05
0.0015130356
1.5878926e-05
0.0015264549
0.0015145735
0.0014954788
0.0014768302
1.6954484e-05
1.6122165e-05
1.6123932e-05
0.0014895277
1.5820962e-05
1.5922229e-05
0.0015422941
0.0015958796
1.6035255e-05
0.0014441241
0.0015259699
0.0015595204
1.5950151e-05
0.0015487809
0.0017532505
0.0015293804
0.0014886842
1.5793906e-05
0.0015567569
0.00068139759
1.8893713e-05
0.0015960084
1.6250749e-05
0.0014953743
1.609664e-05
0.0014070529
1.5889113e-05
1.718646e-05
0.0015184719
1.839433e-05
1.6841943e-05
2.4469212e-05
1.5935551e-05
1.5871222e-05
1.6387792e-05
1.5791772e-05
1.6019232e-05
1.5986693e-05
1.5937122e-05
1.5911812e-05
3.1161619e-05
2.3004166e-05
0.0013408784
0.00079930277
3.5163283e-05
1.6025166e-05
1.5755428e-05
1.5781331e-05
6.6190883e-05
0.0016523632
0.00023110741
1.6060063e-05
1.5870282e-05
1.595118e-05
1.5824875e-05
1.6055687e-05
6.0011355e-05
1.5786093e-05
1.5927069e-05
1.6538854e-05
0.001796165
4.3086728e-05
1.5953581e-05
1.5962895e-05
0.0012519972
1.5909102e-05
0.0012752125
1.5937236e-05
0.0021312764
0.0022850638
1.5794185e-05
9.6866814e-06
0.0010275493
1.6023397e-05
2.0392382e-05
0.000836391
0.0008373798
1.6001929e-05
1.596024e-05
1.5880597e-05
2.2174155e-05
4.9635913e-05
1.5987524e-05
1.9500466e-05
1.6026607e-05
1.6025744e-05
1.6160999e-05
0.0018783446
1.589776e-05
1.6034218e-05
1.6267887e-05
3.8132148e-05
1.6044712e-05
1.7767355e-05
0.00021776859
1.5938963e-05
1.9673513e-05
1.9291048e-05
1.5809634e-05
1.5876159e-05
0.0022597285
1.6021232e-05
0.00016292991
0.0019113796
1.5980674e-05
1.6166309e-05
1.5927746e-05
1.5350997e-05
1.6000934e-05
1.5932055e-05
0.00082638777
1.5787867e-05
1.593111e-05
1.5935198e-05
0.0020048068
1.5888775e-05
1.6021796e-05
1.6916658e-05
3.3602111e-05
3.6419712e-05
2.8718464e-05
1.578867e-05
1.60169e-05
1.5799087e-05
1.5180652e-05
1.6897793e-05
1.6005567e-05
4.7774354e-05
1.6014051e-05
1.5997103e-05
1.6402486e-05
1.8678969e-05
0.0013164281
1.5872564e-05
1.8810497e-05
1.5934207e-05
1.6600684e-05
1.5793888e-05
1.5806225e-05
1.5803789e-05
1.5920981e-05
1.5843087e-05
1.6046381e-05
1.5809337e-05
1.5809809e-05
0.00037070787
1.607005e-05
0.00038829029
0.00012332819
1.5819672e-05
1.6179186e-05
1.7220719e-05
1.6054274e-05
1.5890596e-05
1.5941799e-05
1.6015905e-05
1.5992138e-05
0.0013975624
1.6039224e-05
1.6020669e-05
1.5815544e-05
0.00076253741
0.00052396757
1.599534e-05
1.9679737e-05
1.5788832e-05
1.5998171e-05
1.5855058e-05
3.7363327e-05
1.5789664e-05
1.5957832e-05
0.001160933
1.5997736e-05
0.0013592174
4.16695e-05
1.5786734e-05
1.6042589e-05
1.592642e-05
1.6049489e-05
1.5926649e-05
1.5796745e-05
1.6001056e-05
0.002915104
1.5964548e-05
1.6045889e-05
1.593527e-05
1.5783467e-05
1.6032726e-05
1.5948678e-05
0.0023116654
1.6006296e-05
4.5313297e-05
1.588511e-05
1.6033387e-05
1.5970936e-05
1.5792559e-05
0.000571848
1.5894732e-05
1.6017737e-05
1.5839416e-05
1.5938714e-05
0.0013967943
1.6035596e-05
1.5820106e-05
3.1661485e-05
0.00060620879
4.2400411e-05
1.6026215e-05
1.590208e-05
1.593066e-05
1.5930441e-05
0.0020301313
0.0020621766
2.4893559e-05
9.345249e-05
1.5806468e-05
1.5993028e-05
1.5795667e-05
1.5937786e-05
1.5847294e-05
1.6396413e-05
1.5998532e-05
6.0054774e-05
0.00075524051
1.5934396e-05
1.702717e-05
0.0017564501
1.5783409e-05
1.6031698e-05
1.5802903e-05
1.5792209e-05
1.5966661e-05
0.0011413298
0.00022805852
4.3589948e-05
1.5793011e-05
1.5971499e-05
1.5970374e-05
1.5935426e-05
8.3824917e-05
1.5798208e-05
3.9506211e-05
1.6040332e-05
1.59929e-05
0.00011078871
0.00011078842
0.0021232225
6.2020748e-05
1.4945085e-05
1.8934416e-05
6.0427131e-05
1.594983e-05
1.5926515e-05
0.0018396992
1.5897169e-05
1.5786358e-05
1.5988099e-05
0.0010606008
0.000139559
1.5960194e-05
1.5932784e-05
1.5983385e-05
1.5807447e-05
1.5930212e-05
1.5980805e-05
2.8175824e-05
1.5988125e-05
1.6025692e-05
0.00030980684
2.1105387e-05
1.5815515e-05
1.8507287e-05
4.6407175e-05
3.6450563e-05
1.8492499e-05
1.5978771e-05
1.5990868e-05
1.5800001e-05
0.00048167604
1.5799228e-05
1.6132073e-05
1.5825704e-05
1.6248417e-05
1.5787328e-05
1.5925278e-05
0.0013314536
1.6055726e-05
1.5815201e-05
1.599793e-05
0.00083327979
1.5625262e-05
1.5820829e-05
2.0772721e-05
5.745529e-05
1.6006895e-05
1.60266e-05
2.4857769e-05
1.5939213e-05
1.8726654e-05
1.5930253e-05
1.5974626e-05
1.5847112e-05
1.5873195e-05
1.5803051e-05
1.6185259e-05
1.7146408e-05
1.6353914e-05
2.6277178e-05
1.5968404e-05
1.5793446e-05
1.5793902e-05
1.5863922e-05
1.5920709e-05
0.00083505028
1.6162978e-05
1.5984558e-05
0.00010206601
1.5944319e-05
4.0010343e-05
0.0021304823
1.6100896e-05
1.6086833e-05
0.0019821448
0.0019693709
1.5791075e-05
3.7606469e-05
0.00096799577
0.00024753419
1.5826231e-05
1.578408e-05
0.0013404131
1.5959817e-05
1.4782495e-05
1.5783289e-05
1.5847022e-05
0.0002939196
0.00090355812
1.5905832e-05
0.0013361279
1.7120089e-05
1.5982759e-05
0.00011922838
0.00035054435
1.5734549e-05
1.5838409e-05
1.5886009e-05
1.5892233e-05
1.6597868e-05
1.6036846e-05
1.5933116e-05
1.5823705e-05
1.5920629e-05
1.7015856e-05
1.5816518e-05
1.5893869e-05
1.5798476e-05
1.5912547e-05
1.5785354e-05
1.5988744e-05
1.5897504e-05
1.5822302e-05
1.5967525e-05
1.6027533e-05
1.6007277e-05
1.5538517e-05
2.7198618e-05
1.6078076e-05
1.5789735e-05
1.5788415e-05
1.5788296e-05
2.159085e-05
0.0024359142
1.5993719e-05
1.583061e-05
1.5982827e-05
1.569101e-05
1.5647037e-05
1.6025793e-05
1.5801011e-05
1.5799463e-05
3.2635303e-05
1.5821586e-05
1.5834504e-05
0.0012412099
1.6482579e-05
1.5900429e-05
1.6027476e-05
1.6008165e-05
0.00075592256
1.5934843e-05
0.00014878951
1.5999622e-05
1.5927228e-05
1.5988092e-05
0.0013544246
1.5876675e-05
1.5860562e-05
0.0001595068
1.5919871e-05
1.6010778e-05
1.5977726e-05
0.001908359
0.00011012384
1.6038987e-05
1.6000128e-05
1.5798153e-05
1.5866578e-05
1.5807258e-05
1.5792769e-05
1.5801242e-05
0.00078391706
0.00077428041
1.6004956e-05
1.8520816e-05
1.5831033e-05
5.5411116e-05
1.7556556e-05
1.5890957e-05
2.0897833e-05
0.0024840453
1.6012921e-05
1.5925689e-05
1.6018802e-05
1.5951345e-05
0.00087336424
1.6000765e-05
1.6031329e-05
1.6009948e-05
1.5889036e-05
0.0011111534
1.6175446e-05
1.5887014e-05
1.6016167e-05
1.6032628e-05
5.3501062e-05
1.58613e-05
1.5886955e-05
1.5792969e-05
3.4006911e-05
1.5969073e-05
1.5882938e-05
1.5964669e-05
1.5988663e-05
0.0010733093
0.0007579963
0.0014449625
1.4996012e-05
2.0010699e-05
1.5785089e-05
0.0011996436
1.6000454e-05
4.5383441e-05
2.930067e-05
0.00011192244
1.6035016e-05
1.5934673e-05
1.6301489e-05
1.5924866e-05
1.6129173e-05
1.6050126e-05
3.3880949e-05
1.6022001e-05
2.6029071e-05
2.0903775e-05
8.3189059e-05
1.5911648e-05
1.5829876e-05
0.0018303949
1.5892597e-05
0.00010040609
9.6397724e-05
1.5959617e-05
3.3930369e-05
1.5965707e-05
2.3985216e-05
2.2924053e-05
1.5897147e-05
2.5987044e-05
1.702837e-05
1.5796619e-05
1.6000453e-05
0.00043570811
1.6005169e-05
1.585139e-05
3.0566542e-05
2.2697832e-05
1.5909155e-05
1.589267e-05
1.7105849e-05
1.6019483e-05
1.5918653e-05
1.588411e-05
0.00050182889
0.00027429607
1.6016026e-05
1.9926467e-05
1.6199958e-05
1.5796595e-05
1.580623e-05
1.6015033e-05
1.5793428e-05
1.5967768e-05
1.6082243e-05
1.7244455e-05
1.8737907e-05
3.4519646e-05
0.0013529406
1.6008718e-05
1.5799164e-05
2.118352e-05
5.9158841e-05
2.0942646e-05
1.5847721e-05
5.8974062e-05
1.70785e-05
1.694891e-05
1.5882147e-05
1.5791838e-05
1.5784347e-05
1.5973458e-05
1.5975277e-05
1.5991408e-05
1.5999703e-05
1.5885263e-05
0.0016958267
1.8959745e-05
1.5964939e-05
1.5975098e-05
1.4429578e-05
1.5932524e-05
1.585183e-05
1.6028904e-05
3.2601429e-05
1.5967942e-05
1.5890284e-05
1.600541e-05
1.5804947e-05
1.6128651e-05
1.5787796e-05
4.337467e-05
1.4962068e-05
1.5991923e-05
1.5825435e-05
0.0011682151
1.5800385e-05
0.00047829206
2.848287e-05
1.5805285e-05
0.00014283281
1.6040276e-05
1.5789116e-05
1.6362201e-05
1.579073e-05
1.5952693e-05
2.3581217e-05
1.7644043e-05
1.5808809e-05
1.5810129e-05
1.5996719e-05
1.5818522e-05
1.5783726e-05
2.3413647e-05
4.4192741e-05
1.579437e-05
1.5820558e-05
1.5923001e-05
1.5924579e-05
0.0026791729
1.5793362e-05
1.6034981e-05
0.0015025744
1.6066929e-05
0.0016734779
1.5976908e-05
2.9129578e-05
1.5948906e-05
1.59063e-05
1.5976924e-05
1.8833873e-05
2.8385425e-05
1.5928686e-05
0.00025119185
1.5927462e-05
0.0018080754
1.6045951e-05
0.0013881162
0.0013885462
1.5683443e-05
2.071014e-05
1.5870123e-05
0.0010767305
1.6035701e-05
2.0006967e-05
1.5789701e-05
1.5801673e-05
1.5786412e-05
1.6020078e-05
1.5802821e-05
1.5960026e-05
1.5996384e-05
1.7730568e-05
1.5801982e-05
1.5829232e-05
1.5872421e-05
8.1211245e-05
2.2320513e-05
1.8187989e-05
1.6457132e-05
1.8104469e-05
1.7047638e-05
1.5875547e-05
2.1959287e-05
2.287015e-05
1.603798e-05
1.5734512e-05
0.0013822065
0.0028728019
1.5887787e-05
1.5987474e-05
0.0013974145
1.5789776e-05
1.595362e-05
0.0004016524
8.5993491e-05
0.0015555775
1.8097636e-05
3.2479243e-05
1.5829641e-05
1.5897304e-05
0.0013334959
0.00073287777
1.7447292e-05
3.4772652e-05
1.8560379e-05
1.581174e-05
2.0732742e-05
1.5927475e-05
1.5875416e-05
2.3020365e-05
0.0016496132
0.0018916865
1.5804256e-05
1.5988259e-05
1.5938997e-05
2.0863355e-05
0.0027002469
4.3188191e-05
4.3275413e-05
1.599004e-05
1.5975885e-05
1.5829058e-05
1.5807691e-05
3.2808919e-05
1.5788483e-05
0.0027889511
1.5910672e-05
1.6011243e-05
1.6010238e-05
2.1235138e-05
1.5818064e-05
1.6028856e-05
1.6225792e-05
1.5784744e-05
0.00044153995
0.00010916473
2.4180355e-05
1.5790379e-05
0.00070780769
0.0016291885
2.049882e-05
1.5796496e-05
6.7427049e-05
1.6951799e-05
1.8653939e-05
0.00062287679
1.7769251e-05
1.6008677e-05
1.5966984e-05
0.0007082812
1.6039186e-05
1.7351167e-05
1.6915511e-05
0.0012648315
0.00012029011
1.5797043e-05
1.6230536e-05
1.6365429e-05
0.0014788372
1.5886839e-05
1.5964229e-05
1.5928911e-05
2.1310657e-05
2.1053675e-05
2.1198455e-05
2.0405335e-05
0.0011468935
1.5987147e-05
0.0015086002
2.147841e-05
0.0015080845
2.1625045e-05
1.5991121e-05
1.5917204e-05
2.1139329e-05
1.5803152e-05
1.6427082e-05
2.1771652e-05
1.593809e-05
2.1952907e-05
1.5784959e-05
2.0490459e-05
1.6352174e-05
1.5971071e-05
6.8999951e-05
1.6394379e-05
1.5949423e-05
2.2097264e-05
1.5927984e-05
0.0015923764
0.00044583758
1.6338036e-05
1.5961927e-05
1.5970687e-05
2.5119397e-05
0.0025327939
2.222953e-05
1.5931012e-05
2.0004551e-05
1.5910701e-05
8.6771125e-05
0.00029311201
1.727648e-05
2.2365894e-05
1.5867507e-05
0.0019319158
1.5693738e-05
2.2519964e-05
1.591276e-05
1.5899599e-05
1.5791716e-05
1.5989133e-05
1.597018e-05
2.2652921e-05
1.5893772e-05
1.5803575e-05
1.5811256e-05
1.6007966e-05
1.5921802e-05
1.5796253e-05
1.6820745e-05
2.3017566e-05
1.5801324e-05
1.6080162e-05
2.2183489e-05
0.0007725481
1.5985947e-05
1.5982313e-05
1.6036314e-05
2.1303189e-05
2.1616016e-05
1.5944012e-05
1.5783199e-05
1.5893458e-05
1.5027061e-05
1.6027901e-05
1.5978967e-05
1.6063802e-05
1.6912336e-05
1.584033e-05
1.6140548e-05
1.5790926e-05
0.00044473048
0.00019750415
1.5794702e-05
1.579588e-05
4.4273579e-05
8.0174062e-05
3.8577714e-05
1.9233396e-05
1.5918317e-05
1.5984725e-05
1.6026209e-05
1.5942425e-05
1.6057971e-05
1.5990656e-05
1.5786152e-05
0.0013935581
1.583361e-05
0.0015116784
1.6049905e-05
1.578189e-05
0.0014976777
1.5890735e-05
2.2396339e-05
2.3298554e-05
3.0424161e-05
4.6024547e-05
2.4068571e-05
1.9732958e-05
2.425382e-05
1.5790024e-05
1.6092549e-05
1.5806549e-05
1.5922927e-05
1.5794898e-05
1.5801394e-05
0.0020449363
0.0028252646
1.5996427e-05
1.5851192e-05
4.5003354e-05
1.5915465e-05
1.6030481e-05
2.3147152e-05
1.5509764e-05
1.5909938e-05
1.6104349e-05
1.5807696e-05
0.0015343203
0.0014553426
1.6230873e-05
2.0337384e-05
0.0010189249
1.5789026e-05
3.8916013e-05
1.6021221e-05
1.5804271e-05
2.2029655e-05
0.0013596954
2.1541139e-05
3.0454673e-05
0.0015481635
6.9809137e-05
1.6051678e-05
2.4455042e-05
1.6051871e-05
0.0014393643
1.5811411e-05
0.00047695881
1.5917283e-05
2.1355815e-05
1.6024678e-05
1.5871113e-05
1.5829647e-05
1.605572e-05
1.5902969e-05
2.6363548e-05
1.6167114e-05
1.6320875e-05
1.5996193e-05
1.602124e-05
1.5826769e-05
1.6016454e-05
1.6010005e-05
1.5877457e-05
1.5849233e-05
1.5790543e-05
0.00023622834
0.0001538892
1.6025621e-05
0.0030236016
9.6326145e-05
1.5960702e-05
0.0021437899
1.5833685e-05
1.601512e-05
1.5789407e-05
1.5757159e-05
1.6108939e-05
0.0016327731
0.00026058924
1.548351e-05
1.6092875e-05
0.0019002373
1.5804373e-05
1.5893129e-05
1.5884272e-05
0.0013577609
0.0020167114
1.5802133e-05
1.5806284e-05
4.3154889e-05
2.263828e-05
0.0011557718
3.4538558e-05
0.0018387404
0.00037603453
1.5995859e-05
1.5967058e-05
1.8179306e-05
1.598593e-05
0.00083582228
1.5991852e-05
0.001666071
0.0001487587
9.5568991e-05
0.001677545
1.5854912e-05
1.5872377e-05
1.7677048e-05
8.4168466e-05
1.5807117e-05
2.923571e-05
1.5792897e-05
1.6098916e-05
0.0022748778
1.5863074e-05
2.1011925e-05
1.5964971e-05
1.5823592e-05
1.5790857e-05
1.5998521e-05
1.6000651e-05
5.9910873e-05
5.4564498e-05
1.6026436e-05
1.6005721e-05
1.5783173e-05
1.9756308e-05
0.001012724
1.6325905e-05
0.00082967693
1.5981055e-05
1.58284e-05
1.5872691e-05
1.5978362e-05
0.0017772257
1.5894481e-05
0.00089378818
0.00013515652
9.3238584e-05
1.5787017e-05
1.5992472e-05
1.6065479e-05
2.2355627e-05
4.2009875e-05
2.6432645e-05
0.00062461184
0.00010601073
1.6033726e-05
1.5874286e-05
1.6000526e-05
1.385707e-05
1.595787e-05
1.5919363e-05
1.5790167e-05
1.6477138e-05
1.5973567e-05
1.6016127e-05
1.5796166e-05
0.00079659578
0.00059068767
1.5813816e-05
1.6053095e-05
4.8773547e-05
1.6156359e-05
2.5326848e-05
0.0017471007
1.5986414e-05
2.115955e-05
1.6024842e-05
2.5733575e-05
2.3010043e-05
2.5108694e-05
1.5888966e-05
1.8571623e-05
0.0022310051
0.0020829599
0.0020719729
1.7501085e-05
2.3103557e-05
1.6163673e-05
1.5973012e-05
1.5945181e-05
1.5966437e-05
0.0015027848
0.00098295083
1.5789346e-05
1.5731255e-05
0.0014253924
1.5964571e-05
1.6035896e-05
1.9516795e-05
0.00010272393
0.0014402693
1.5834326e-05
1.5352585e-05
1.5214221e-05
1.6313075e-05
0.0011306549
2.9054884e-05
1.5951591e-05
1.6088414e-05
1.5796374e-05
2.9332085e-05
1.9498281e-05
0.0025262047
1.6220537e-05
1.5952055e-05
1.5888689e-05
1.5951947e-05
1.578429e-05
3.8934016e-05
1.8086061e-05
1.5793926e-05
1.5858485e-05
0.0029134999
1.6028693e-05
1.7258809e-05
1.898725e-05
1.5807627e-05
2.5835968e-05
3.0390271e-05
1.5938127e-05
1.6045047e-05
0.0010269834
2.3961864e-05
1.5792704e-05
1.7932953e-05
1.600462e-05
3.8331622e-05
1.5813862e-05
4.3739376e-05
1.599166e-05
1.5795271e-05
0.0022795553
1.5798286e-05
1.5869741e-05
1.5879074e-05
0.0013975816
1.5808428e-05
1.7797502e-05
0.0011271562
0.001111155
1.8272251e-05
0.00035281486
1.5945035e-05
0.00040877318
1.5809385e-05
1.5986087e-05
4.331152e-05
0.00037260993
1.5791896e-05
0.00148312
1.6140125e-05
4.6421596e-05
1.6047147e-05
1.6812656e-05
1.5927545e-05
0.00011030464
1.5840595e-05
1.5918546e-05
1.6035408e-05
1.5866084e-05
0.0012846015
1.6076128e-05
1.722072e-05
1.6188698e-05
1.6182918e-05
1.6735978e-05
1.5796613e-05
1.5988732e-05
1.598587e-05
1.5792097e-05
1.587905e-05
1.601027e-05
1.5895952e-05
4.257001e-05
1.604724e-05
1.5996975e-05
1.8487348e-05
0.0010525604
2.2859801e-05
1.5938075e-05
7.316401e-05
1.5866136e-05
1.5808601e-05
0.00012278833
6.7370193e-05
1.5969187e-05
1.6862559e-05
0.00016659075
1.5824405e-05
1.6025932e-05
0.00021869293
0.00030505793
3.1052388e-05
1.6008764e-05
1.6452983e-05
2.6888242e-05
1.5851051e-05
1.7219971e-05
1.5795436e-05
0.0008409019
2.9066055e-05
0.00052777212
1.5797953e-05
3.4608399e-05
1.6012222e-05
1.5788774e-05
1.6043311e-05
1.5992881e-05
1.6838201e-05
1.6283678e-05
0.0020190119
0.0020069036
1.586708e-05
1.5996838e-05
1.5846717e-05
0.0015427075
1.5791713e-05
1.5840122e-05
1.5917543e-05
1.5790591e-05
1.5967348e-05
1.5907486e-05
1.5952144e-05
1.6098725e-05
1.6025011e-05
1.5809609e-05
0.00013915423
1.5936523e-05
1.6075212e-05
0.00013592495
1.6196284e-05
1.6685744e-05
1.5812478e-05
0.0022614145
4.4365551e-05
1.6099197e-05
1.585354e-05
2.9186148e-05
0.0018834601
0.00013424764
1.5892653e-05
1.5953533e-05
0.0022304217
2.9530422e-05
0.0010620906
0.001314669
1.600691e-05
3.019676e-05
1.5795889e-05
1.6014854e-05
2.4256654e-05
2.9054151e-05
1.5928091e-05
1.6190512e-05
1.5795576e-05
6.5969128e-05
1.5836895e-05
1.6017689e-05
1.5874557e-05
0.00079860056
1.6109702e-05
1.6026099e-05
1.5816076e-05
1.5791427e-05
3.413788e-05
1.5798077e-05
2.4448697e-05
1.5849381e-05
1.5895816e-05
0.0022713094
1.740281e-05
1.5790564e-05
0.00056773664
0.0014388815
0.00069824465
0.00059404221
0.00044439454
1.5977459e-05
4.2990266e-05
0.00072119847
1.582144e-05
1.5789632e-05
1.5987214e-05
7.7705935e-05
1.6094222e-05
1.7460213e-05
1.5988853e-05
1.5971094e-05
1.5793922e-05
1.5820964e-05
0.0010859348
1.4007794e-05
1.6051363e-05
1.7801905e-05
1.594763e-05
0.0029720634
0.0010848642
0.0010859727
6.7319718e-05
1.6074239e-05
1.5948073e-05
3.1520883e-05
1.590669e-05
1.5908135e-05
1.6335338e-05
1.5815106e-05
1.5788564e-05
2.589116e-05
0.00050790446
0.00032328921
1.5798977e-05
1.6031765e-05
1.5821145e-05
4.3340105e-05
1.5793592e-05
0.00011025985
1.5946953e-05
0.0020475513
1.5968329e-05
0.00042078658
1.5966134e-05
1.8528319e-05
0.00091139447
1.5999009e-05
2.4646416e-05
1.5820722e-05
1.5982826e-05
1.6209411e-05
1.5787993e-05
1.6019256e-05
1.6806763e-05
2.0283042e-05
1.5911564e-05
1.644024e-05
1.5784665e-05
4.1063573e-05
1.5954384e-05
1.5801376e-05
1.580413e-05
1.6024078e-05
1.6134054e-05
1.5818789e-05
1.5783917e-05
1.6001826e-05
1.593288e-05
1.5971913e-05
6.0475123e-05
2.8589889e-05
1.5921209e-05
1.5914139e-05
1.6043905e-05
1.6022753e-05
0.0016080264
0.0017969135
1.5791393e-05
2.0745596e-05
1.5923923e-05
1.5836566e-05
1.8885204e-05
1.6054608e-05
1.596241e-05
1.6658227e-05
1.5788222e-05
2.5834652e-05
1.5784789e-05
1.5828118e-05
1.6521303e-05
1.5828581e-05
1.773345e-05
1.5793479e-05
1.6009087e-05
1.5852374e-05
7.4451318e-05
7.5358174e-05
2.459795e-05
1.6039468e-05
6.031429e-05
1.58417e-05
0.00014609939
0.00014456564
4.4079617e-05
1.5919704e-05
1.5942714e-05
1.5944514e-05
1.5571968e-05
1.5411813e-05
1.5792947e-05
2.2032382e-05
5.0179542e-05
0.0012688816
1.606727e-05
2.8802066e-05
2.566962e-05
0.00053172802
1.5818992e-05
1.6536238e-05
1.5840012e-05
1.597631e-05
0.0020993452
1.5996235e-05
0.0002813848
3.9507652e-05
1.5981096e-05
0.00017356432
2.9759169e-05
1.6914677e-05
1.7110496e-05
1.588558e-05
0.00011391185
1.5995793e-05
1.4912802e-05
4.0558868e-05
6.0587877e-05
2.8780374e-05
0.0015623478
6.7086228e-05
1.5940654e-05
2.7194729e-05
1.579126e-05
1.5805773e-05
2.2469108e-05
1.5916604e-05
4.5009511e-05
1.5882075e-05
1.6188342e-05
1.6081335e-05
0.0015262883
1.6000254e-05
1.6040553e-05
1.591767e-05
0.0014949512
1.5992216e-05
1.5920897e-05
2.1976297e-05
1.6054466e-05
1.581398e-05
1.5877018e-05
1.5791002e-05
1.580372e-05
1.579521e-05
1.60318e-05
1.5798939e-05
1.5805611e-05
0.0030647667
0.0012250071
5.6951075e-05
1.5929551e-05
0.0022345127
0.0028926449
1.5946493e-05
0.00026972673
1.5988075e-05
0.0022333942
2.2310509e-05
0.0020780287
1.776183e-05
3.1204062e-05
0.0017299029
2.1664641e-05
2.3284787e-05
2.8805793e-05
1.6066129e-05
1.6030909e-05
0.00024771015
1.6041624e-05
1.5794725e-05
1.8314047e-05
0.00021882256
0.0014193002
1.5789062e-05
1.5789273e-05
1.8556977e-05
0.0030486185
0.00096479623
0.0015535778
1.5817131e-05
0.00012868066
5.9307038e-05
2.0399093e-05
8.3107696e-05
2.2923878e-05
1.6014877e-05
2.3279992e-05
1.5960229e-05
1.6387401e-05
1.5998562e-05
0.00060023722
0.00064185054
4.7577674e-05
1.4925833e-05
1.5885853e-05
1.6021903e-05
1.5622647e-05
4.0999853e-05
1.581084e-05
0.0021272785
1.5979101e-05
1.5794281e-05
1.6626086e-05
1.5790481e-05
2.3272254e-05
1.5790518e-05
0.00034778662
3.4545245e-05
1.59725e-05
1.5784947e-05
1.5950439e-05
7.1061535e-05
0.001242832
1.5898139e-05
0.00068481891
0.00069273927
1.5849188e-05
1.5916444e-05
0.0014024051
1.630387e-05
1.5809865e-05
1.5839389e-05
1.579233e-05
4.5106781e-05
0.0013607992
1.5809012e-05
2.8263868e-05
1.6131856e-05
1.6019421e-05
0.00024781102
1.5914879e-05
1.5938131e-05
0.00020963549
1.5910598e-05
0.0010370693
4.8170302e-05
1.7108189e-05
1.5806651e-05
1.5977666e-05
1.6032089e-05
2.0330957e-05
2.424064e-05
4.2309649e-05
0.00053411035
0.00010229951
1.5797927e-05
1.6038053e-05
1.5966034e-05
1.5943292e-05
1.6281644e-05
1.6137782e-05
1.6023219e-05
0.00073545476
0.00073147077
0.0009278229
1.6310393e-05
1.5984746e-05
1.4045556e-05
2.4047136e-05
1.5916786e-05
1.5805982e-05
1.5822823e-05
0.0023102897
1.579154e-05
1.5793156e-05
0.0018889394
1.5887069e-05
7.2044474e-05
2.3276145e-05
1.5828612e-05
0.00011370734
1.5804705e-05
0.0019727637
0.00096361053
1.5950186e-05
0.00037012542
1.5701115e-05
2.5085545e-05
3.2793412e-05
4.103596e-05
1.5802384e-05
4.4966e-05
1.5900415e-05
4.6293231e-05
1.6010672e-05
4.4996311e-05
0.0005140022
1.9097412e-05
4.7333904e-05
4.9044626e-05
1.5887175e-05
0.00063398745
1.7000517e-05
1.6000396e-05
2.0899224e-05
0.0030327826
5.0525765e-05
1.5871445e-05
1.6009425e-05
1.6698134e-05
1.6093822e-05
0.00023381895
0.00011519139
1.6173933e-05
1.9025626e-05
0.00060012274
2.8797643e-05
1.5802635e-05
1.6472614e-05
1.6017578e-05
0.00090867642
1.5807309e-05
1.5963392e-05
1.6040745e-05
2.5713435e-05
1.5861386e-05
0.0013060023
1.6023066e-05
1.6056116e-05
3.2637979e-05
1.5952293e-05
1.6113727e-05
2.2385355e-05
0.0013426934
1.5814075e-05
1.5953447e-05
1.6134626e-05
1.6141234e-05
2.4556294e-05
0.00029577048
0.00047387934
1.9055615e-05
1.6037831e-05
4.5750221e-05
5.1059851e-05
5.7260956e-05
1.6095059e-05
1.7417766e-05
1.5933011e-05
2.1847805e-05
1.5789552e-05
0.0016925635
0.0016997835
1.5793117e-05
1.6027555e-05
1.5965293e-05
0.0013945089
1.5773586e-05
5.5460029e-05
1.5820124e-05
1.5967312e-05
1.5908153e-05
1.5987954e-05
1.6003967e-05
0.0013934076
1.5931586e-05
1.5788837e-05
1.8215364e-05
5.0890248e-05
1.5793576e-05
4.2989008e-05
1.5828398e-05
1.5939466e-05
1.5976543e-05
1.6701193e-05
1.5979939e-05
1.6051351e-05
1.5680859e-05
1.5886142e-05
1.5931719e-05
0.0012623763
0.0017242254
0.0017223909
7.9595171e-05
1.5990367e-05
1.5970051e-05
1.5783537e-05
1.6239904e-05
1.5950932e-05
1.5789511e-05
0.0023345075
0.00064777977
1.5933634e-05
1.5802691e-05
1.5804098e-05
0.0013146235
1.6101213e-05
1.596576e-05
1.5872672e-05
0.0023030652
1.603216e-05
2.2980921e-05
5.462694e-05
2.1850827e-05
1.6154759e-05
1.5946494e-05
1.5810287e-05
1.5801894e-05
1.5851004e-05
1.5793066e-05
6.9778678e-05
1.5672526e-05
0.0029423887
1.5786129e-05
1.5847306e-05
2.2015444e-05
6.348697e-05
1.5939667e-05
0.00076682409
0.0012230876
1.6391675e-05
1.577492e-05
1.6043951e-05
1.5795166e-05
0.0014885773
1.9028453e-05
1.5672376e-05
2.2712372e-05
1.5954772e-05
0.0002976699
0.00035226645
1.600499e-05
1.6040434e-05
1.605418e-05
0.0012701245
1.6118307e-05
1.6030969e-05
1.7109396e-05
1.5794545e-05
1.5850119e-05
0.00012676802
1.6006118e-05
1.6024736e-05
1.5814883e-05
1.5785647e-05
2.8194988e-05
3.6112151e-05
1.5915085e-05
1.546205e-05
0.00012644934
0.00076514232
1.5788223e-05
0.0012074627
1.6026398e-05
1.5805538e-05
2.1098066e-05
1.6068427e-05
0.0001464338
2.8297529e-05
4.9540234e-05
1.6334484e-05
1.5920911e-05
0.0020911441
1.6030042e-05
0.0013518451
1.5856474e-05
1.7417793e-05
1.5854257e-05
1.630502e-05
0.0018767934
3.8702225e-05
0.0013977707
1.5790973e-05
0.0018026629
8.7366483e-05
1.584727e-05
1.6209587e-05
1.8226461e-05
1.5923431e-05
1.6285656e-05
0.0018962045
0.0010550115
2.3229577e-05
1.5824754e-05
1.584996e-05
0.00011053532
1.6123082e-05
1.6414728e-05
1.6045048e-05
1.5852392e-05
1.5995007e-05
1.5819003e-05
0.0018165332
5.4777009e-05
1.5790046e-05
1.5797619e-05
1.5995917e-05
1.6001927e-05
0.0010710952
0.0016654939
1.5921576e-05
1.5865303e-05
1.8367987e-05
2.5902505e-05
0.0018218688
1.5954577e-05
1.5921323e-05
0.00076606451
1.5894656e-05
1.6721285e-05
1.6025442e-05
1.5934265e-05
0.00065155996
1.5792987e-05
0.00057519648
0.0021331597
0.0024567586
2.1338779e-05
1.600338e-05
1.581701e-05
1.6656453e-05
1.5855554e-05
2.8025497e-05
1.6355296e-05
0.0015315243
1.6006877e-05
3.0833752e-05
1.5979762e-05
1.5977671e-05
1.6020149e-05
1.8062408e-05
1.6020951e-05
1.6012297e-05
2.0000468e-05
1.5811648e-05
1.6004053e-05
1.5961983e-05
0.0018586432
1.9578607e-05
1.5175611e-05
1.6003961e-05
0.0018992107
1.6023288e-05
1.6034353e-05
1.5873311e-05
5.1384247e-05
2.091248e-05
0.0019122235
0.0017564423
1.5952953e-05
1.5951146e-05
1.597414e-05
1.6025662e-05
1.7223423e-05
1.8853841e-05
0.00010808262
1.6051369e-05
2.8076301e-05
1.8834079e-05
1.6040436e-05
1.6050043e-05
1.5982195e-05
1.6133597e-05
3.0109964e-05
1.5828481e-05
1.6028052e-05
2.2721869e-05
1.6024141e-05
0.00017032494
1.6161642e-05
9.90605e-06
1.5796626e-05
1.5960429e-05
1.5895723e-05
1.5893826e-05
1.5935838e-05
1.5941663e-05
2.0854852e-05
1.6016305e-05
0.0013999268
1.5941509e-05
1.5803325e-05
1.6006489e-05
1.5808209e-05
1.5796425e-05
1.5932462e-05
1.6010593e-05
1.5969755e-05
1.6078695e-05
3.8216311e-05
1.7349362e-05
1.6018944e-05
1.6025115e-05
1.6030118e-05
1.5983428e-05
1.5783416e-05
0.0015756456
1.5998436e-05
0.00014517795
0.0015220431
0.00078446643
1.5072133e-05
4.6056302e-05
2.2981815e-05
0.001490571
2.4019152e-05
2.3618957e-05
0.00018247765
0.0016225909
0.0020507501
0.0020400195
1.5810285e-05
1.5843544e-05
1.6396056e-05
1.5949727e-05
1.841443e-05
0.00059194054
0.0014015936
1.5794255e-05
1.5794264e-05
1.5969836e-05
1.5805523e-05
1.6738388e-05
1.6802962e-05
0.0014595373
2.7706192e-05
1.6649787e-05
1.5909552e-05
1.5670206e-05
1.5324457e-05
0.0018421684
0.0014104688
1.6033198e-05
0.00087419343
1.5952282e-05
1.6094224e-05
1.5886583e-05
1.6157102e-05
0.00033880719
0.00031666063
0.00059049489
1.5919861e-05
1.5968974e-05
1.6047122e-05
1.5794128e-05
1.5794311e-05
0.0019691689
1.6784921e-05
0.00030584211
0.0013326964
1.5969489e-05
1.6136219e-05
1.597655e-05
1.584652e-05
1.596907e-05
1.6770536e-05
0.00031116073
1.6030416e-05
1.5794012e-05
1.5808872e-05
1.5798221e-05
1.5945816e-05
0.001070579
1.5944843e-05
1.5819684e-05
1.5789514e-05
0.0018513851
1.8129057e-05
1.6053678e-05
0.0010051351
0.0010228772
0.0015239543
1.6033988e-05
8.9919851e-05
3.4254506e-05
1.6138279e-05
2.3997176e-05
1.5969863e-05
2.7788766e-05
1.6001364e-05
1.602552e-05
6.4810369e-05
1.5803618e-05
1.5912346e-05
1.5807663e-05
1.5980837e-05
1.5791683e-05
1.5789085e-05
1.8491557e-05
1.602343e-05
1.6128049e-05
1.5934534e-05
1.7332899e-05
1.6043283e-05
1.6053377e-05
1.6241183e-05
1.61592e-05
1.6028851e-05
0.00048874701
1.6011466e-05
1.5900209e-05
1.5803453e-05
0.0015038761
1.6113965e-05
2.0541251e-05
0.00071550176
2.1535518e-05
1.5786524e-05
1.6009582e-05
1.5831693e-05
1.5974857e-05
1.5877359e-05
2.7318165e-05
1.5810709e-05
0.0012642701
0.0018726722
2.8039738e-05
1.6016361e-05
3.3336399e-05
1.5944596e-05
1.6059825e-05
0.0025953016
0.0015155358
1.6229865e-05
0.0014379833
1.5975791e-05
1.5854379e-05
2.4498033e-05
1.6245781e-05
1.6019595e-05
1.5881682e-05
1.5529809e-05
1.6044207e-05
1.5932404e-05
1.579473e-05
1.5690962e-05
1.595158e-05
0.00094116846
1.7040292e-05
1.5945893e-05
1.5938998e-05
1.5940864e-05
2.7773887e-05
0.0015648542
1.5931228e-05
0.0001534198
1.6016026e-05
1.5889019e-05
0.00054444792
1.8500668e-05
1.579309e-05
1.6380571e-05
1.590299e-05
1.5995897e-05
1.6107431e-05
1.5794533e-05
1.5891944e-05
1.576649e-05
0.0015298312
1.5998087e-05
1.5802712e-05
1.878537e-05
1.5864431e-05
0.0013618612
0.00016105196
1.6172491e-05
1.5868809e-05
2.0186674e-05
0.0001250356
0.00024514327
1.8619645e-05
1.5980278e-05
1.6013967e-05
3.7544553e-05
4.948867e-05
1.8790595e-05
1.683766e-05
1.5827086e-05
1.5964782e-05
1.5966778e-05
1.4215454e-05
1.5790546e-05
1.8173628e-05
1.594716e-05
1.8449935e-05
1.5797669e-05
1.5948598e-05
0.00099302994
1.6451433e-05
1.6204467e-05
1.5866077e-05
0.0015190153
1.5880774e-05
1.5872173e-05
0.00014693143
0.00023756156
1.5794186e-05
2.2409845e-05
2.1242679e-05
0.0020712339
0.00034309358
1.8677854e-05
1.6011976e-05
1.5802257e-05
0.00042482355
1.6038419e-05
1.5798133e-05
1.5853943e-05
2.3369351e-05
1.5808525e-05
1.6000804e-05
1.5975456e-05
0.00017610229
1.9533563e-05
0.0021635535
0.0026749027
0.0013862448
1.6013039e-05
1.6423291e-05
1.5798569e-05
1.5993596e-05
1.5843919e-05
2.7017665e-05
4.6534229e-05
1.6120591e-05
1.766398e-05
1.7254956e-05
1.5862147e-05
1.6031365e-05
3.2838068e-05
0.00011610154
1.6382579e-05
1.5824705e-05
1.5795243e-05
1.5999803e-05
1.5923832e-05
2.7576221e-05
9.3163169e-05
1.5899781e-05
0.00010991517
0.0018195843
1.5956238e-05
1.5807758e-05
0.0010394633
0.0012385509
0.001089488
1.5791489e-05
1.6262073e-05
1.594311e-05
1.600648e-05
0.0012469178
1.5970279e-05
1.7079339e-05
1.5963606e-05
1.5733065e-05
1.5962228e-05
1.5892819e-05
1.5784535e-05
1.6351524e-05
6.4988896e-05
1.5806413e-05
1.6079573e-05
1.5792814e-05
1.6430179e-05
1.6039354e-05
1.6027073e-05
1.5791302e-05
1.6055251e-05
1.7330787e-05
1.594424e-05
0.001456071
1.6025788e-05
2.7175546e-05
1.6039266e-05
0.00021969097
4.2872188e-05
1.5788711e-05
1.584596e-05
1.6948042e-05
9.0454794e-05
2.1827979e-05
3.6976364e-05
0.00044244928
1.5864105e-05
0.0015118897
1.6044393e-05
1.619372e-05
1.5791283e-05
0.00093311445
0.00078580728
0.0016232873
1.6034554e-05
0.00052481731
0.00044327258
1.5926863e-05
1.9397017e-05
0.001570204
0.001734455
0.00016087992
0.00019707387
1.6018664e-05
1.5942733e-05
1.5981265e-05
0.0015443588
1.5861716e-05
1.6045164e-05
1.5854023e-05
0.0018353457
1.605348e-05
0.00010683039
1.5787999e-05
2.9321678e-05
1.6074025e-05
1.6011244e-05
1.6060739e-05
1.5830874e-05
2.2957977e-05
1.6011398e-05
1.6140621e-05
1.5979749e-05
1.6045216e-05
1.5882222e-05
1.5999759e-05
2.0946498e-05
1.5976968e-05
1.6003361e-05
1.5991689e-05
1.6011586e-05
1.6005843e-05
1.5859685e-05
1.5790881e-05
1.5972744e-05
1.6887097e-05
1.5907622e-05
1.579026e-05
2.8032432e-05
0.0015168032
0.0016099061
0.0016376271
1.6028366e-05
7.2675612e-05
1.6031255e-05
1.6024467e-05
1.6327564e-05
0.0029794109
1.587738e-05
0.0013630196
1.5837599e-05
1.6008739e-05
3.2768477e-05
1.6040902e-05
1.6142076e-05
1.5792458e-05
1.6551244e-05
1.7713516e-05
0.0012011001
0.0011798776
1.6011687e-05
1.6152212e-05
1.5795238e-05
1.8762517e-05
0.00010206485
6.0527414e-05
0.0018832894
0.0002377586
1.6019075e-05
1.6030592e-05
0.00056776134
0.0014399512
0.0010961315
0.0011176929
1.5798769e-05
1.5795382e-05
0.00010890466
1.579829e-05
1.5859251e-05
1.5892879e-05
1.5874404e-05
1.5805993e-05
1.578631e-05
2.1968158e-05
6.8296483e-05
1.6028943e-05
1.6029161e-05
1.6108336e-05
1.5809375e-05
3.8220336e-05
0.0020687846
0.0020593998
1.6031764e-05
1.5895862e-05
1.5840758e-05
1.6150561e-05
0.000829529
0.0014079328
1.6022137e-05
1.5972586e-05
1.5912829e-05
1.7307472e-05
1.5786897e-05
1.5886961e-05
2.0551818e-05
1.6038579e-05
1.5996087e-05
0.0014022809
1.6037323e-05
1.7662327e-05
1.5791366e-05
1.5837363e-05
1.9452844e-05
2.0616314e-05
1.5898244e-05
0.0020826273
0.0020660653
0.0019531805
1.5805826e-05
2.8696912e-05
1.6051744e-05
1.6041224e-05
1.7606935e-05
0.00074018052
1.6021723e-05
1.579772e-05
1.5942088e-05
0.0018375979
1.5921965e-05
1.6040742e-05
1.5790263e-05
1.586709e-05
1.7556654e-05
1.5794564e-05
0.0025900436
0.0012681779
1.9147126e-05
2.7613073e-05
1.5975027e-05
3.3812634e-05
0.00015803354
1.579305e-05
1.5789236e-05
1.6037886e-05
1.5785838e-05
1.6020195e-05
3.8322206e-05
1.7473619e-05
1.5990268e-05
1.7818306e-05
1.5996241e-05
2.4382992e-05
1.7440928e-05
0.00037374366
1.5784465e-05
2.2457686e-05
1.5783997e-05
4.9629289e-05
4.4145867e-05
0.00073799998
1.5786418e-05
1.5908863e-05
1.6191151e-05
1.5850698e-05
1.7280652e-05
1.5843649e-05
1.5985473e-05
1.7402764e-05
1.5786719e-05
1.5806075e-05
1.5785525e-05
2.0061327e-05
5.1367741e-05
1.5789278e-05
1.5819508e-05
1.6022055e-05
1.6206994e-05
1.611209e-05
1.7335196e-05
1.6054095e-05
1.6077702e-05
1.584151e-05
0.0014549423
1.578791e-05
1.5791339e-05
2.0812978e-05
1.5867854e-05
1.5810938e-05
0.0026340988
2.67744e-05
1.7428702e-05
0.00066395044
2.9166935e-05
1.8696604e-05
0.00067452727
1.5825951e-05
1.5868948e-05
1.8429522e-05
1.5916091e-05
1.7367587e-05
1.6280734e-05
0.00093948532
1.5838152e-05
1.5946102e-05
0.0014127601
1.6048076e-05
2.26369e-05
1.5842976e-05
0.0005117489
1.6016117e-05
1.7425193e-05
0.00016118974
1.6022986e-05
1.5973216e-05
0.0012750293
0.00044475749
1.6893526e-05
1.6024955e-05
0.00076737596
0.00035344336
1.5944891e-05
1.7333682e-05
5.4745678e-05
1.6001984e-05
1.5784035e-05
1.6028454e-05
1.7832755e-05
1.5815366e-05
1.5914462e-05
2.2084136e-05
1.6268644e-05
1.7286428e-05
1.5898982e-05
1.6413135e-05
1.5922723e-05
1.5795367e-05
1.5984869e-05
0.0004709579
1.6007206e-05
1.6023696e-05
1.5900197e-05
2.304393e-05
0.00018825083
1.6082518e-05
1.7239002e-05
1.6002909e-05
1.8837202e-05
1.6026417e-05
0.00030466295
0.00017500625
1.5860527e-05
0.00024662821
1.6764536e-05
1.603937e-05
1.5786223e-05
1.5933286e-05
2.0166105e-05
1.5786158e-05
1.6025871e-05
1.60281e-05
1.977177e-05
2.5889109e-05
0.0023176104
0.0021427291
1.5816597e-05
1.6140634e-05
0.0028825899
1.5793449e-05
1.618462e-05
0.001474095
2.8040697e-05
1.5952422e-05
1.5942276e-05
1.5967079e-05
1.6361244e-05
0.0014681315
2.1045031e-05
1.618679e-05
1.6249078e-05
2.1207468e-05
1.5798853e-05
1.8228483e-05
1.6190128e-05
0.00019039774
0.00036307662
1.594492e-05
5.003138e-05
1.6011118e-05
1.5015044e-05
3.3194022e-05
1.5958229e-05
1.6032324e-05
0.0016726108
0.0016568573
1.5889192e-05
1.5978879e-05
1.1415074e-05
1.5950289e-05
5.7342941e-05
1.5790389e-05
1.6002431e-05
1.4612176e-05
1.5798047e-05
1.5815475e-05
1.5785092e-05
1.5903931e-05
3.926318e-05
1.6009787e-05
1.5793813e-05
1.5797008e-05
1.6028654e-05
1.5962309e-05
1.6116207e-05
2.3149279e-05
1.5790646e-05
1.5930195e-05
1.5947127e-05
2.3063331e-05
0.002910392
0.00065980267
1.5947093e-05
0.0011915298
1.6024948e-05
1.6181961e-05
1.5938449e-05
0.00013603604
1.603651e-05
1.5862079e-05
1.9414318e-05
1.5802937e-05
1.6187539e-05
1.5942572e-05
1.5912853e-05
1.5954283e-05
3.5402463e-05
1.5788924e-05
1.579717e-05
1.6742494e-05
1.5811326e-05
0.0015654048
1.6040442e-05
5.3838285e-05
0.00076883792
0.0018636395
1.8829775e-05
1.8810234e-05
0.00010495385
7.8080531e-05
1.5830478e-05
5.8030287e-05
1.5891792e-05
4.0506317e-05
0.00294804
1.5819919e-05
0.00069107945
0.00071626303
1.6054343e-05
1.5974567e-05
1.5835544e-05
0.0013601922
3.4285947e-05
1.5971717e-05
1.5946011e-05
0.0012518006
1.6021453e-05
1.5962093e-05
1.5841545e-05
2.0903775e-05
1.6001821e-05
2.4231106e-05
2.7831362e-05
1.5923622e-05
1.5803104e-05
2.1095266e-05
1.6027493e-05
1.9694389e-05
1.5867828e-05
1.599671e-05
1.7027043e-05
1.6047816e-05
3.4970512e-05
1.5969164e-05
1.6024313e-05
0.0015626454
1.5806536e-05
0.0015543692
1.5799628e-05
1.6037811e-05
1.7967519e-05
0.00064305781
1.6590824e-05
1.5817613e-05
1.9491777e-05
1.5797466e-05
1.6318937e-05
1.6050427e-05
1.7358137e-05
7.0017287e-05
1.6056279e-05
4.6973855e-05
3.881939e-05
1.9124762e-05
1.5941273e-05
1.604389e-05
1.5925889e-05
1.5794302e-05
1.8387449e-05
1.9539447e-05
2.3758957e-05
1.5984508e-05
0.00025948046
1.6359816e-05
2.4870817e-05
1.5900409e-05
0.00075202907
1.8255198e-05
1.6112153e-05
1.5985153e-05
1.5790251e-05
1.5945603e-05
1.5887427e-05
1.6040613e-05
1.6219174e-05
1.6010106e-05
1.6306522e-05
1.6711362e-05
1.6077159e-05
1.6154052e-05
1.6074828e-05
0.0010848272
1.58734e-05
1.6001641e-05
1.6003464e-05
0.0016179621
1.5904574e-05
1.6004501e-05
0.00042115737
0.00023853243
1.595448e-05
1.5809362e-05
1.5789784e-05
1.5893782e-05
1.6058339e-05
1.615863e-05
1.5794543e-05
1.7287106e-05
1.6440041e-05
1.5803981e-05
1.6025094e-05
1.5893748e-05
1.7918748e-05
0.00035392869
0.0029183626
1.8278266e-05
1.5833704e-05
0.0015077993
0.0013686501
0.0020840633
0.0020756371
1.6037963e-05
1.6045006e-05
1.7214015e-05
1.5821047e-05
1.5879403e-05
1.5918732e-05
1.5955077e-05
1.5999412e-05
1.7290095e-05
1.970163e-05
2.0162284e-05
1.6024495e-05
1.5785655e-05
7.6861972e-05
3.1575512e-05
1.6025668e-05
2.5736618e-05
1.6047345e-05
1.7610381e-05
1.5818151e-05
1.7198056e-05
1.6139708e-05
1.5405141e-05
0.00013753818
1.8364007e-05
1.5785863e-05
1.5999126e-05
1.5763434e-05
2.0885146e-05
1.7112104e-05
0.0013950785
1.5928165e-05
1.6126899e-05
1.6025509e-05
1.5790981e-05
2.7721551e-05
0.001401487
1.6601945e-05
1.7058071e-05
0.0014093472
1.5861919e-05
1.5859004e-05
1.6049375e-05
0.00043011012
1.7062561e-05
1.6894153e-05
0.00011534244
1.5929351e-05
1.5962257e-05
1.6167439e-05
1.5924415e-05
1.6026901e-05
1.6538422e-05
1.5851715e-05
1.6990354e-05
0.0013738977
1.6063296e-05
1.6035423e-05
3.0542318e-05
1.5926288e-05
1.5796364e-05
1.6012194e-05
1.5954975e-05
5.1028918e-05
0.00093813776
1.6114195e-05
1.6129089e-05
1.5828953e-05
1.6648913e-05
0.0013731674
1.5829647e-05
1.6094869e-05
1.581242e-05
0.00042980498
3.018201e-05
1.5889377e-05
1.5983622e-05
1.5793419e-05
2.2935148e-05
1.5969254e-05
1.5791221e-05
6.3768647e-05
1.6028956e-05
1.579145e-05
1.7805708e-05
1.5440462e-05
0.0012484633
0.0019184335
1.6053229e-05
0.0021527205
1.6038331e-05
7.5658367e-05
3.0847246e-05
0.0022727953
0.0012567955
1.6991045e-05
8.4139325e-06
1.5854911e-05
0.0014360376
1.5974973e-05
3.0868357e-05
1.5973213e-05
1.5956465e-05
1.5966285e-05
1.5822831e-05
2.9084846e-05
0.0015437025
1.5835269e-05
0.00083637767
0.0010675249
1.5969854e-05
7.4813756e-05
1.5970459e-05
1.5966828e-05
1.6102424e-05
0.0010252848
0.00019127727
1.5873444e-05
1.6014933e-05
2.7510284e-05
1.5904301e-05
1.6047047e-05
0.00061122922
2.1721363e-05
1.5925157e-05
1.5957567e-05
0.0018847571
1.6019632e-05
1.6036231e-05
1.6203517e-05
1.6172736e-05
1.5862739e-05
1.5994911e-05
1.4759857e-05
1.5938358e-05
1.6053754e-05
1.6010335e-05
2.1550214e-05
0.0013165958
3.0494226e-05
1.5941971e-05
1.5829979e-05
2.7734305e-05
5.4685749e-05
0.00049733057
0.0013298746
1.602007e-05
1.5831549e-05
0.001527358
1.6119267e-05
1.6345504e-05
2.1533224e-05
3.6150518e-05
1.5968184e-05
1.8901309e-05
1.5812687e-05
1.5946845e-05
1.6046532e-05
1.5966346e-05
1.5785199e-05
1.5840169e-05
0.0017487083
1.6024625e-05
0.00031289707
1.5951263e-05
3.7729873e-05
1.5961429e-05
1.5904524e-05
0.0010495108
1.6085132e-05
1.610931e-05
1.6076677e-05
1.6074783e-05
1.6036114e-05
1.6470586e-05
1.5942679e-05
1.5821838e-05
1.5843714e-05
1.6568428e-05
1.6044963e-05
1.6041234e-05
0.0013987713
1.5808928e-05
2.4346413e-05
1.5876062e-05
1.5789107e-05
1.5873468e-05
1.5922412e-05
0.0004769113
1.5793513e-05
1.5939058e-05
1.5972984e-05
1.5992542e-05
1.5978772e-05
1.5832197e-05
1.579924e-05
8.567906e-05
1.5872764e-05
1.5968359e-05
1.5668914e-05
1.5713753e-05
1.5804595e-05
1.6028707e-05
1.6309878e-05
0.0013647177
1.5892508e-05
1.5913952e-05
1.6106989e-05
1.6327818e-05
1.7039485e-05
1.6082176e-05
3.2306211e-05
1.6040278e-05
7.2402116e-05
1.5984526e-05
3.2384105e-05
2.5068385e-05
1.5944487e-05
1.5830923e-05
1.5855595e-05
1.5979117e-05
1.6094351e-05
2.4344614e-05
0.00011883293
1.5948909e-05
2.4262125e-05
2.3427574e-05
3.3855247e-05
1.602866e-05
1.6032761e-05
1.6007161e-05
0.002140571
1.5854858e-05
1.5898813e-05
1.5882948e-05
1.5975013e-05
7.4644745e-05
0.0016915115
1.6086092e-05
1.5789819e-05
1.5992968e-05
2.0717989e-05
4.5255885e-05
1.6012422e-05
1.5849975e-05
1.5934774e-05
0.0010582669
1.5975334e-05
3.2103633e-05
1.5794066e-05
1.6078778e-05
1.9113717e-05
4.4264346e-05
1.601378e-05
1.5949468e-05
1.5973453e-05
1.5949856e-05
1.5804969e-05
1.5811144e-05
1.5983969e-05
1.6611405e-05
1.596403e-05
0.00015428171
1.5798335e-05
1.6055268e-05
1.5864196e-05
0.00037980672
0.0013667199
1.5921583e-05
1.6189179e-05
1.6197266e-05
1.5790928e-05
1.5979676e-05
1.6012749e-05
3.3726575e-05
0.00012578516
1.6048546e-05
1.5973769e-05
1.5788659e-05
1.6022882e-05
1.5922859e-05
1.5865447e-05
1.5783441e-05
1.804551e-05
1.590563e-05
1.5800299e-05
1.5936085e-05
2.7684919e-05
1.6062233e-05
1.5791552e-05
0.00050373955
1.5831919e-05
1.5939452e-05
1.6821022e-05
1.5486969e-05
1.5797529e-05
3.0192357e-05
2.4544986e-05
2.8770311e-05
1.6009014e-05
1.5970926e-05
1.6017423e-05
0.0018868117
2.9019079e-05
0.0013698088
0.0016137433
1.5814923e-05
2.5110963e-05
1.6029499e-05
1.6023944e-05
9.8729521e-05
3.5430869e-05
1.595303e-05
1.6179144e-05
1.5795741e-05
1.5803438e-05
1.5880936e-05
2.4498324e-05
1.5823257e-05
0.00049885571
0.00031294192
0.00010692517
2.6782048e-05
1.6030303e-05
1.5787606e-05
2.4005474e-05
1.6980585e-05
1.5918802e-05
0.00209238
0.0020892378
0.0010289996
1.5387422e-05
2.1380569e-05
1.5993542e-05
1.4054889e-05
1.5798245e-05
0.002168883
2.4497259e-05
0.0020715872
1.579305e-05
1.5805619e-05
1.6025591e-05
1.6730644e-05
1.604297e-05
7.2892611e-05
1.5798595e-05
1.5805955e-05
1.6017369e-05
1.6031995e-05
1.6060451e-05
1.7449982e-05
1.5840727e-05
5.5941373e-05
0.00014782639
1.5801483e-05
1.5934348e-05
0.0016614562
1.6046306e-05
1.6404865e-05
1.6240872e-05
0.0015651923
1.5975026e-05
1.5954635e-05
1.6058688e-05
1.6009522e-05
1.5934281e-05
1.5870594e-05
6.8660525e-05
0.00019873536
0.0025926304
1.6025887e-05
1.6020068e-05
1.5832734e-05
1.587175e-05
1.637597e-05
1.6012133e-05
1.6002288e-05
0.0013693586
1.6019281e-05
1.582407e-05
1.6680786e-05
2.3981205e-05
1.6013149e-05
1.6923677e-05
1.6011079e-05
1.6003705e-05
1.5801245e-05
1.6041871e-05
1.5954453e-05
0.001398042
5.4435958e-05
1.5859141e-05
2.7163549e-05
1.4934517e-05
1.686903e-05
1.5833235e-05
0.0014079123
1.5895102e-05
1.5903252e-05
1.5876293e-05
1.5792881e-05
0.001068733
1.6017069e-05
1.5988825e-05
1.5813536e-05
1.5976619e-05
1.588205e-05
1.5792407e-05
1.5795772e-05
1.8214516e-05
2.1817344e-05
1.5978893e-05
1.6435402e-05
1.8474993e-05
1.6013853e-05
1.5861164e-05
1.6064615e-05
1.5925777e-05
1.6171402e-05
5.4994796e-05
9.3389266e-05
3.1462327e-05
1.5806343e-05
1.5944152e-05
0.00061982353
0.001852344
1.5922974e-05
0.0016110778
1.5928758e-05
1.6007826e-05
0.0002592015
0.0014195048
1.6052343e-05
1.5961072e-05
1.5797482e-05
0.00014391882
1.5805659e-05
1.5931507e-05
1.6010474e-05
1.6013558e-05
1.5935025e-05
0.00060550978
1.598006e-05
1.5792288e-05
0.00016300814
0.00013261652
1.5942758e-05
1.5792924e-05
1.5936803e-05
1.5808221e-05
1.6286036e-05
1.6548216e-05
1.6019065e-05
1.6537601e-05
1.8632709e-05
1.5992192e-05
1.5808222e-05
1.5801085e-05
1.5988686e-05
0.0004596781
9.0138993e-05
1.6144608e-05
1.6111274e-05
2.0331981e-05
1.6053707e-05
1.5996668e-05
1.6057788e-05
0.0014652765
1.6339298e-05
3.2729376e-05
3.1669003e-05
4.8623557e-05
0.0013907782
1.8148507e-05
1.6095836e-05
0.00077257635
0.00067755751
1.5824379e-05
1.6001175e-05
1.5919033e-05
1.586166e-05
1.6036384e-05
2.5671611e-05
1.6022279e-05
1.6069786e-05
2.0957779e-05
1.5965552e-05
1.6014109e-05
1.5949869e-05
0.0013628218
1.5888827e-05
1.5793874e-05
1.5910845e-05
1.5904091e-05
0.0008214135
2.1717439e-05
5.5252084e-05
5.5854614e-05
0.00059638448
1.6013641e-05
1.6099215e-05
0.0010034605
1.6012456e-05
1.6116698e-05
2.3494664e-05
1.5878676e-05
2.2181287e-05
1.5886464e-05
1.5852145e-05
1.5990086e-05
1.6047185e-05
2.7572946e-05
1.6431164e-05
1.5797148e-05
1.5906859e-05
1.6014502e-05
0.00027133236
1.5952018e-05
3.0915423e-05
0.0012626368
1.6022453e-05
2.5120617e-05
1.6054512e-05
0.0010665075
1.5867149e-05
2.1388172e-05
1.6001165e-05
1.5868523e-05
0.0016157275
1.5837808e-05
1.6053163e-05
1.5790365e-05
2.5092537e-05
1.6055139e-05
1.58887e-05
1.5986269e-05
1.5792034e-05
0.0014696824
1.5795766e-05
1.609968e-05
1.7192556e-05
1.6063734e-05
1.5881669e-05
2.076487e-05
0.0021112757
0.0020974588
1.5998286e-05
1.5920436e-05
8.0988504e-05
1.6052572e-05
1.6297148e-05
8.5385344e-05
1.6075122e-05
1.592549e-05
1.5791821e-05
1.603985e-05
6.0982621e-05
1.5793274e-05
0.0010302331
1.6011001e-05
2.1094897e-05
2.2316108e-05
1.5984191e-05
0.0012090248
0.0023092338
0.00023552581
1.5816352e-05
1.6110882e-05
1.5873756e-05
1.6101598e-05
1.6086856e-05
1.6150793e-05
5.5308899e-05
1.5796428e-05
1.5789592e-05
1.5192793e-05
1.6087607e-05
8.2944753e-05
1.6006616e-05
1.6930392e-05
1.5898185e-05
1.6022685e-05
1.6063772e-05
1.581662e-05
1.6076747e-05
1.6484008e-05
1.5794481e-05
4.5942339e-05
1.6040459e-05
1.5789778e-05
1.5801299e-05
2.2597039e-05
0.00073838497
1.6051104e-05
1.5971133e-05
0.0015491333
4.206756e-05
1.5964494e-05
1.6003652e-05
1.6101741e-05
1.5956925e-05
8.0863325e-05
1.6103511e-05
1.5969768e-05
9.3549218e-05
1.5897922e-05
1.6105174e-05
1.603302e-05
1.6000802e-05
1.5979907e-05
6.3901576e-05
5.313584e-05
0.00010827051
0.00011011174
1.5991914e-05
0.0010783301
1.5873497e-05
1.5787685e-05
2.6356632e-05
1.6039483e-05
1.5969445e-05
1.601225e-05
1.5353612e-05
1.5905168e-05
0.0015502399
1.7770327e-05
1.5928923e-05
3.7287805e-05
0.0014307767
1.7252921e-05
1.8290701e-05
1.5931498e-05
1.6042265e-05
0.001436706
1.7805847e-05
1.6024679e-05
1.6938051e-05
1.60851e-05
1.58464e-05
2.3219897e-05
0.0017577386
1.693446e-05
1.6048297e-05
1.5976248e-05
1.6023579e-05
6.9228849e-05
0.0013737658
1.5823716e-05
2.1344822e-05
1.6023634e-05
1.5813572e-05
0.0021208787
3.703638e-05
1.5908697e-05
0.00061908359
1.6025854e-05
1.5812673e-05
1.58134e-05
1.5880971e-05
1.6044436e-05
1.6234165e-05
3.0319059e-05
1.5791327e-05
2.743036e-05
1.8387549e-05
0.0013847239
2.050357e-05
7.3024809e-05
1.5998187e-05
1.5924917e-05
1.601935e-05
1.6781389e-05
0.0020588284
1.5992429e-05
4.6349359e-05
1.6106725e-05
1.6089947e-05
1.6000524e-05
1.5795879e-05
0.0004602781
2.9289395e-05
4.3926551e-05
0.0012436283
1.5790433e-05
1.5788154e-05
1.5875559e-05
0.00026408387
1.6013654e-05
1.6056498e-05
2.5419166e-05
1.5930879e-05
1.5917508e-05
2.031576e-05
1.5810415e-05
5.1292369e-05
1.5927273e-05
0.00087432175
1.5930155e-05
1.5817567e-05
1.5941274e-05
1.5938795e-05
0.0021103266
0.002102842
1.5797763e-05
1.5901089e-05
2.8736079e-05
0.0010836523
0.0018048486
1.5992461e-05
1.5786438e-05
1.6010141e-05
1.6408247e-05
1.5936659e-05
1.5881302e-05
0.00100932
1.5795533e-05
1.605207e-05
1.5875955e-05
1.597356e-05
1.6052295e-05
1.5934443e-05
0.0015497454
3.4610479e-05
4.3432455e-05
1.5809886e-05
0.0015484862
6.7373626e-05
1.601699e-05
1.5817213e-05
1.6046098e-05
1.600632e-05
1.6029115e-05
1.5803985e-05
1.5793513e-05
1.5986981e-05
1.585996e-05
1.5873926e-05
1.7201127e-05
1.6051384e-05
3.270974e-05
1.602996e-05
1.6027096e-05
1.5840378e-05
1.5882989e-05
1.6099206e-05
1.5912136e-05
1.5917346e-05
1.5791763e-05
1.5799327e-05
1.5927363e-05
1.6208877e-05
1.5966236e-05
1.5925945e-05
1.5910514e-05
1.5969652e-05
1.5861436e-05
0.0013040816
1.5805284e-05
1.6166658e-05
1.610198e-05
1.5867348e-05
1.5955103e-05
1.5915499e-05
1.6173894e-05
1.6094086e-05
1.5789612e-05
0.0030259271
0.00026236057
0.0013712997
1.5954604e-05
0.0011218764
1.6037982e-05
1.5825756e-05
0.00015527187
1.6004525e-05
1.6105034e-05
1.5671296e-05
1.6032028e-05
2.4352903e-05
1.5817261e-05
1.5868369e-05
1.601603e-05
1.602681e-05
1.6031169e-05
1.5784925e-05
0.0012739895
1.5791142e-05
1.6069924e-05
1.5999264e-05
1.6052886e-05
1.5991843e-05
1.6282948e-05
1.596072e-05
1.6025335e-05
2.3356993e-05
2.1621255e-05
1.6021098e-05
1.5808973e-05
1.6037829e-05
1.5923539e-05
0.0016508566
1.595647e-05
1.7814902e-05
1.5924175e-05
1.5808903e-05
2.0959126e-05
1.5826865e-05
1.5892385e-05
1.6036061e-05
1.5989487e-05
1.5807204e-05
1.5965273e-05
1.6032152e-05
0.00092817197
0.0013804372
1.5967743e-05
1.5863766e-05
1.6254658e-05
1.6232186e-05
1.5453638e-05
2.9480421e-05
1.6012942e-05
0.0010459177
1.6015965e-05
1.7201883e-05
1.5829013e-05
1.593515e-05
1.5795139e-05
1.6012013e-05
0.0013550553
0.0013376736
1.6024215e-05
1.5886254e-05
0.0016355255
1.6075264e-05
0.0015531906
1.5944719e-05
1.5796804e-05
0.001379772
1.595638e-05
6.7542687e-05
1.5786177e-05
1.5907038e-05
1.608435e-05
4.2430198e-05
4.4191985e-05
0.00020616125
1.5809747e-05
1.6011995e-05
2.2460958e-05
4.381058e-05
1.6380533e-05
2.7298809e-05
1.5865594e-05
0.00021926787
1.5951746e-05
1.99857e-05
1.5921643e-05
1.5810601e-05
1.5966666e-05
1.6036756e-05
1.6408644e-05
0.0007382148
1.6038691e-05
1.6009641e-05
1.6058755e-05
2.4196564e-05
3.0865064e-05
1.6051753e-05
0.00094082022
2.855635e-05
1.6048222e-05
1.5902861e-05
1.5951306e-05
1.5869691e-05
0.0016265091
1.5816151e-05
0.00074928254
6.6581653e-05
1.5793456e-05
1.596614e-05
0.00064021242
0.0023352058
1.6038375e-05
1.5991741e-05
1.6039047e-05
1.5844035e-05
1.5934092e-05
1.5916084e-05
1.5934632e-05
0.0020109592
1.6018029e-05
0.0020180464
1.6031717e-05
1.6051177e-05
1.6069226e-05
2.0297479e-05
1.5965686e-05
1.5796936e-05
0.0010379076
4.5616408e-05
1.6683486e-05
1.6040039e-05
1.6045524e-05
1.579654e-05
0.00059135631
1.6015455e-05
0.0029396498
1.9687924e-05
2.5852958e-05
1.5891963e-05
1.5948726e-05
1.6021772e-05
1.5945257e-05
1.6054183e-05
2.5072566e-05
1.6232363e-05
1.6014431e-05
1.6128351e-05
1.5799961e-05
0.0018082061
0.00036687419
1.587036e-05
1.6207506e-05
1.6031197e-05
0.0021132398
0.0021131759
1.6050833e-05
0.00057493686
1.7117924e-05
0.0015068227
1.6043852e-05
2.0495281e-05
1.7024607e-05
0.00013362831
1.5795674e-05
1.5958474e-05
1.60895e-05
1.5951124e-05
1.9136545e-05
5.4423019e-05
1.5930547e-05
1.7592395e-05
1.6012863e-05
1.6111534e-05
1.5816319e-05
1.6762928e-05
7.8243551e-05
0.0014002969
1.6051898e-05
1.5850509e-05
1.6545382e-05
0.0017907083
0.0014705168
1.5864445e-05
2.5520859e-05
1.5796625e-05
0.0014863292
1.650709e-05
1.5975167e-05
1.59246e-05
1.6148938e-05
1.6005166e-05
1.5913001e-05
1.6002189e-05
1.5822583e-05
1.6045584e-05
0.00013393553
1.6087899e-05
1.5787335e-05
3.1085015e-05
1.5923299e-05
2.2624867e-05
1.6335731e-05
1.6309428e-05
1.6133882e-05
1.6046249e-05
1.5809391e-05
1.6310559e-05
3.0082102e-05
3.7941945e-05
1.6965872e-05
1.6051459e-05
1.5888024e-05
0.0011063236
1.5941259e-05
1.5999459e-05
1.6187981e-05
1.5955834e-05
1.6053769e-05
1.5946916e-05
0.00029227168
0.0015311192
1.6640422e-05
2.2253422e-05
1.5920226e-05
1.6192786e-05
1.6662308e-05
1.4947057e-05
2.3688592e-05
1.5905739e-05
0.00039015484
1.5953464e-05
1.5942649e-05
1.6699601e-05
1.5787119e-05
0.0014115259
1.5856143e-05
0.0014425528
3.9296009e-05
1.5792256e-05
0.0010878244
1.7572899e-05
1.5807071e-05
1.6071091e-05
1.6006215e-05
2.8467402e-05
1.6064323e-05
1.7099953e-05
1.6704485e-05
1.5858042e-05
1.5940083e-05
1.6283221e-05
0.00063664638
1.4817186e-05
1.5797564e-05
0.00011234114
0.00012302735
1.5855968e-05
1.5791449e-05
1.5943613e-05
1.6011706e-05
1.597743e-05
2.3832533e-05
1.5816115e-05
1.5868049e-05
1.6034154e-05
0.00093638161
1.5973047e-05
0.00017692965
1.5808038e-05
1.6028895e-05
0.0017107352
1.590068e-05
1.6040545e-05
0.0013911184
1.5934764e-05
1.5807506e-05
0.00058726031
2.6330409e-05
1.5656923e-05
1.5988876e-05
0.0013798838
2.9052368e-05
1.6068171e-05
0.0015386143
0.00046294104
1.5999175e-05
0.00098590232
1.6057791e-05
1.6017721e-05
1.6015399e-05
0.0010880653
1.6040875e-05
1.5976552e-05
1.5960238e-05
1.5792268e-05
1.5961813e-05
1.5962851e-05
0.00050588081
0.0010105388
2.8937835e-05
1.5797464e-05
1.5931716e-05
1.6053857e-05
0.001036571
1.5939331e-05
2.0034473e-05
0.0017373246
2.2997669e-05
1.6202378e-05
1.5793429e-05
1.5791637e-05
1.5813367e-05
7.8063826e-05
1.5993151e-05
1.6020328e-05
2.0377732e-05
1.5785069e-05
1.5988473e-05
1.5971309e-05
1.6033487e-05
1.5964842e-05
1.5932166e-05
1.6008545e-05
0.0022841722
1.7828398e-05
0.0015451377
1.5958226e-05
1.618725e-05
1.5793235e-05
4.7721254e-05
1.5972285e-05
1.6056732e-05
0.00010052237
2.1359022e-05
4.1434053e-05
1.6006894e-05
0.00017607962
1.6016276e-05
3.4530766e-05
1.6034358e-05
2.0310357e-05
1.5853931e-05
0.0019715112
1.6023167e-05
0.00046988696
1.6117531e-05
1.704225e-05
1.5908747e-05
1.5927062e-05
1.6006443e-05
1.6016643e-05
3.8774091e-05
1.6467873e-05
0.0020764765
0.0020504835
1.5808689e-05
1.5847417e-05
1.581641e-05
1.7838785e-05
0.00032401954
0.00068076565
1.5985522e-05
1.6023727e-05
1.5983093e-05
1.593392e-05
1.7187995e-05
1.5788366e-05
1.6020471e-05
1.5894428e-05
1.5771296e-05
1.6043878e-05
2.1711088e-05
1.6032957e-05
1.6190079e-05
1.5975404e-05
2.8753263e-05
1.6163325e-05
1.7826064e-05
0.00040919523
1.58425e-05
1.5796828e-05
1.5840375e-05
0.0024378661
1.610148e-05
1.6124139e-05
1.6170212e-05
2.3585377e-05
2.3276222e-05
1.5874943e-05
0.0003533771
0.0006852121
1.6032496e-05
0.00032452647
4.5196928e-05
1.5997872e-05
1.5797393e-05
1.6629473e-05
0.00029179567
1.5824099e-05
1.6032634e-05
2.730212e-05
2.4831292e-05
1.585728e-05
0.0010224554
1.91068e-05
0.00036097402
1.5722222e-05
1.6197368e-05
1.5956132e-05
0.0018252554
1.5925909e-05
1.5830432e-05
2.8489602e-05
1.6052608e-05
1.4353814e-05
1.5958998e-05
1.593469e-05
1.5958636e-05
1.5946053e-05
1.8356345e-05
5.1105692e-05
1.7512543e-05
0.0021173052
0.0021188162
1.600665e-05
1.6052496e-05
1.5919703e-05
1.5800507e-05
1.6068493e-05
1.5934986e-05
1.8678564e-05
0.00074380216
1.6334364e-05
2.9636463e-05
1.5795894e-05
4.0959056e-05
0.0014948583
0.0015630176
0.00067544877
1.6025304e-05
1.5877277e-05
1.6025155e-05
0.0019792522
1.5933811e-05
1.6233673e-05
1.5793824e-05
0.001549686
1.7196856e-05
1.5920127e-05
0.0017238928
1.6016176e-05
1.6029697e-05
1.9865808e-05
1.593227e-05
1.7326044e-05
0.0010336386
1.5965507e-05
1.5822325e-05
1.6148039e-05
1.598901e-05
1.5795032e-05
1.8838096e-05
1.5804448e-05
1.6088687e-05
1.6124964e-05
1.6036576e-05
1.6700755e-05
1.5870523e-05
0.00062659205
1.7570599e-05
1.5883428e-05
1.5876298e-05
0.00011011188
0.0016200193
1.6806926e-05
0.0013640632
1.5991097e-05
1.5874796e-05
0.0017856168
0.0014063853
1.5791113e-05
1.7654377e-05
1.6214014e-05
1.5784139e-05
1.6067985e-05
1.60744e-05
1.5979162e-05
1.8326501e-05
2.0738643e-05
1.5784862e-05
1.6067078e-05
1.6033452e-05
1.5807391e-05
2.6850057e-05
1.6017169e-05
1.5959208e-05
1.5898328e-05
1.5798669e-05
1.5900614e-05
1.5810372e-05
1.5959883e-05
1.5976954e-05
1.603754e-05
1.5794841e-05
1.5803746e-05
1.5748698e-05
1.6081713e-05
1.6003426e-05
1.5857944e-05
1.6088307e-05
0.0013748752
1.5931097e-05
1.5936494e-05
1.626961e-05
0.00013608963
1.5959349e-05
7.5488589e-05
0.00011993291
1.6049391e-05
1.6019543e-05
1.5791584e-05
2.6875496e-05
0.0011891615
2.4468733e-05
1.5924893e-05
0.00026766522
1.6041943e-05
1.6030891e-05
1.5996852e-05
1.5788395e-05
0.0011597773
1.6017896e-05
2.5083209e-05
0.00014885488
1.5812597e-05
0.00033299965
1.5950899e-05
0.0014568378
2.8926907e-05
1.5804035e-05
1.5783204e-05
1.5857918e-05
1.5784717e-05
9.2508444e-05
3.9293911e-05
4.231767e-05
3.0365611e-05
1.5425967e-05
0.0010862363
9.5703605e-05
0.00015184597
1.9204009e-05
1.6002513e-05
1.5794131e-05
0.0011357719
1.5895716e-05
1.5852412e-05
1.6009318e-05
1.5867394e-05
1.5809458e-05
0.00091550427
1.616757e-05
0.0012444109
3.2715547e-05
0.00092620101
1.5944534e-05
2.6793998e-05
0.001380272
0.0010044735
2.5616815e-05
1.5998764e-05
0.0013671067
1.589742e-05
1.5938374e-05
1.6032139e-05
1.6016956e-05
2.1182011e-05
1.5099314e-05
1.6046252e-05
2.9169579e-05
5.884262e-05
0.0020705655
1.7462912e-05
0.00060015251
1.6364027e-05
1.5793871e-05
0.00028143048
1.6005069e-05
5.5451485e-05
1.6042479e-05
1.5985315e-05
9.5521683e-05
1.5816735e-05
0.00015513607
0.0017976048
1.5729338e-05
1.592606e-05
0.00018417052
2.4492398e-05
1.5885683e-05
1.5911361e-05
1.6601357e-05
1.6245157e-05
0.0021110572
1.6001066e-05
0.0014738124
0.00054065047
1.5899175e-05
1.5814138e-05
0.0010303435
1.5797605e-05
1.9091699e-05
1.578996e-05
3.0318212e-05
0.00053954552
0.00033732332
4.06946e-05
1.6106816e-05
1.5785194e-05
1.6039141e-05
4.043556e-05
1.5932639e-05
1.59969e-05
0.0022584228
1.6082142e-05
1.5969304e-05
1.588587e-05
9.3951656e-05
1.6057441e-05
1.5870493e-05
1.5940897e-05
2.9301225e-05
1.586691e-05
1.5928948e-05
1.6022692e-05
1.5788539e-05
1.5956121e-05
1.5803724e-05
1.5808345e-05
0.001556515
1.6206151e-05
1.5975663e-05
1.5973482e-05
0.00064904241
1.5867253e-05
1.6019708e-05
1.6213766e-05
1.5944223e-05
1.5787322e-05
0.00061635724
5.4433699e-05
2.9524071e-05
2.3328582e-05
0.00094271477
1.6012085e-05
0.0015020931
1.5786755e-05
1.5932072e-05
0.00058827715
0.00012636436
1.59938e-05
1.6047339e-05
1.5927767e-05
1.6893061e-05
0.0014025966
9.5583841e-05
1.5998538e-05
0.0013907155
1.5915921e-05
1.9218989e-05
1.5894379e-05
1.5938207e-05
1.6028371e-05
1.6019557e-05
1.6118494e-05
0.00030224619
1.5810029e-05
1.5906805e-05
1.5719734e-05
2.398713e-05
1.578725e-05
2.4753281e-05
0.00043309896
1.5869754e-05
2.0165374e-05
7.5271983e-05
3.1274229e-05
1.5987381e-05
1.5990948e-05
1.5993086e-05
1.596277e-05
1.5786434e-05
0.00032266276
1.579607e-05
1.5800916e-05
1.6144941e-05
1.6038062e-05
1.5800782e-05
1.5796431e-05
0.0003036506
1.5933656e-05
1.5828087e-05
1.5884679e-05
1.593529e-05
1.5925981e-05
0.0016433096
1.5972189e-05
1.6134649e-05
1.6245288e-05
1.5806753e-05
1.6006941e-05
1.5997222e-05
1.5992526e-05
1.5918694e-05
1.5934435e-05
1.5905303e-05
1.6029944e-05
0.0030077425
3.1149052e-05
1.885523e-05
0.00033135033
0.001404478
0.0013566921
2.5565825e-05
1.5806341e-05
0.00026792684
1.5910725e-05
1.5921812e-05
1.604701e-05
1.5799409e-05
1.5799108e-05
1.6226834e-05
1.6032664e-05
1.5981354e-05
2.7261541e-05
1.6053933e-05
1.6058743e-05
1.6185899e-05
2.132521e-05
1.6034485e-05
0.0012901485
1.59328e-05
2.8503677e-05
1.5926998e-05
0.0018522611
1.5994862e-05
0.00046023779
0.00017322524
1.5853618e-05
1.5926283e-05
1.6945874e-05
1.5917928e-05
0.00034660521
1.5909911e-05
3.8767509e-05
1.6077398e-05
1.5934859e-05
1.6054793e-05
0.00076315251
4.0695511e-05
1.6069558e-05
0.0013479268
1.6011265e-05
1.5788353e-05
0.00018978951
1.5792754e-05
0.00016122114
0.00012830262
1.5895346e-05
0.0013655885
1.5789676e-05
1.6524397e-05
1.5922403e-05
0.0011195151
1.6016266e-05
1.5832754e-05
3.2264064e-05
0.00014522986
1.9127147e-05
1.5805029e-05
0.00026783773
0.00022813208
1.5889003e-05
2.5988916e-05
1.5953436e-05
1.5791816e-05
1.5803404e-05
1.6028653e-05
3.2356977e-05
1.9522414e-05
0.0013109564
1.5817308e-05
1.6134784e-05
1.5885526e-05
0.0013833132
1.5837596e-05
1.5822186e-05
1.5799996e-05
1.5791608e-05
1.5841379e-05
0.00024180102
3.1969735e-05
3.083393e-05
1.6016539e-05
1.5915214e-05
1.5846127e-05
1.5979237e-05
1.5933516e-05
1.5887665e-05
1.618882e-05
1.6016767e-05
1.6036722e-05
0.00010635991
0.0019932197
0.0012781394
0.00096555855
0.0019138692
1.5790505e-05
1.7025053e-05
2.8661473e-05
2.7986065e-05
0.0006514113
0.0027098784
0.00010980293
1.5793338e-05
4.1334105e-05
1.5820781e-05
1.5804035e-05
1.5794432e-05
0.0019756403
1.6252321e-05
1.5918711e-05
1.6054244e-05
1.591905e-05
1.5807946e-05
0.0012280869
0.0012214334
1.5876039e-05
1.6133308e-05
2.9973009e-05
1.5905706e-05
1.6075247e-05
1.5827511e-05
1.5919604e-05
4.5750502e-05
1.6068746e-05
1.6050965e-05
1.5804859e-05
1.5983501e-05
1.6150876e-05
1.5816154e-05
1.5883891e-05
1.5127837e-05
0.00093959468
2.1236115e-05
3.3504934e-05
0.00088469407
1.6142329e-05
0.0017382054
0.0014280805
1.5798482e-05
4.8047539e-05
3.7904434e-05
1.6269827e-05
0.00032988933
1.5805798e-05
1.5902942e-05
1.5799247e-05
0.0020109656
1.5989317e-05
1.5791186e-05
1.6012305e-05
1.5815806e-05
3.2789816e-05
1.603423e-05
1.59889e-05
1.5786412e-05
0.0015084957
2.8807005e-05
1.578591e-05
7.8003133e-05
6.8392741e-05
1.580692e-05
1.6020206e-05
0.0010835346
1.5967369e-05
2.4147631e-05
1.5964959e-05
1.5970743e-05
1.7044979e-05
1.5930437e-05
0.00023612238
1.6007377e-05
1.5791133e-05
1.7162097e-05
1.5977651e-05
1.6068536e-05
1.6158832e-05
0.0010498748
1.5921394e-05
1.5786342e-05
1.5909742e-05
1.6770338e-05
2.7279562e-05
2.0400288e-05
1.5809587e-05
0.00067935497
1.5937634e-05
1.5791637e-05
2.6364116e-05
1.5793352e-05
1.6004752e-05
1.6022483e-05
1.5999199e-05
0.0029534543
2.5740757e-05
0.00069286951
0.00024708881
1.6022974e-05
1.5796892e-05
1.5796929e-05
0.00024594685
3.0249666e-05
1.8214786e-05
0.0026227851
6.1200616e-05
1.5985367e-05
2.5083223e-05
1.5959572e-05
0.00041896791
1.5809474e-05
1.5917839e-05
1.5957959e-05
0.0011628317
1.5863123e-05
0.0010217925
1.5701763e-05
1.5998486e-05
1.5865976e-05
1.5993933e-05
1.5850638e-05
1.6021258e-05
1.6004847e-05
1.643071e-05
6.7043313e-05
1.5943205e-05
1.5964956e-05
0.0003688834
9.6927651e-05
1.5778927e-05
0.0010829409
0.00097145067
1.5825844e-05
1.6005285e-05
0.00271639
1.578642e-05
1.5797243e-05
1.5796244e-05
0.0002086218
1.5785357e-05
1.6014958e-05
0.0013485117
1.6915885e-05
0.001819065
0.0014170551
8.0277516e-05
1.584444e-05
1.5834589e-05
1.579542e-05
1.6014913e-05
1.5794446e-05
1.6015868e-05
1.5875634e-05
2.0603778e-05
1.5797695e-05
1.580393e-05
1.6052269e-05
0.0010435501
1.6040305e-05
0.00080095973
1.5796341e-05
3.2048691e-05
2.176005e-05
0.0013171647
1.600207e-05
1.6022129e-05
1.5891365e-05
1.6732654e-05
1.5938825e-05
1.6352871e-05
1.5919088e-05
3.7478663e-05
2.3305413e-05
1.9249527e-05
1.6004475e-05
1.4979259e-05
1.5804253e-05
1.5803457e-05
1.5793153e-05
0.0020522775
1.5994145e-05
1.5803614e-05
1.5855445e-05
1.5891079e-05
1.5817144e-05
1.865889e-05
1.6017766e-05
1.5793607e-05
1.5907786e-05
0.00072091317
0.00090600017
1.5923656e-05
1.5813142e-05
2.4844705e-05
1.5996796e-05
0.0019218363
1.5762044e-05
1.4980072e-05
1.5792186e-05
2.5052489e-05
1.5968397e-05
1.5911021e-05
8.370959e-05
1.6015874e-05
0.0016519932
1.6002918e-05
1.6049582e-05
0.0014922848
1.6021253e-05
7.5442852e-05
1.5801455e-05
1.6014225e-05
1.5792651e-05
1.7619982e-05
1.6033086e-05
0.001804298
0.0018322942
1.5974136e-05
1.687392e-05
1.5882309e-05
1.6020723e-05
1.9683833e-05
1.5802768e-05
9.7802625e-05
1.600552e-05
1.5793095e-05
1.5875746e-05
1.5832596e-05
1.5809148e-05
2.6318142e-05
4.7538767e-05
0.0018606815
7.8691196e-05
1.5979161e-05
1.5983053e-05
1.6032081e-05
1.5836989e-05
1.599413e-05
1.7496344e-05
1.5993821e-05
2.5909656e-05
1.7281407e-05
1.6037398e-05
2.6652354e-05
1.5917289e-05
1.5784061e-05
1.8652564e-05
0.0014292179
1.6638717e-05
1.6654801e-05
0.0011748935
1.5844718e-05
1.5877541e-05
1.5974574e-05
1.5990981e-05
1.5799388e-05
1.5811922e-05
0.0020767864
1.6023871e-05
0.0016418557
1.6025603e-05
2.8555541e-05
0.00022408748
1.5835701e-05
1.5879328e-05
1.6779672e-05
1.6321374e-05
0.00062477279
1.5805079e-05
0.00010506288
0.00016636596
8.4057216e-05
1.593502e-05
0.00072090543
1.5965091e-05
1.6003929e-05
1.5811055e-05
1.6039006e-05
1.6062452e-05
2.6575263e-05
1.6153279e-05
1.6041935e-05
1.5797922e-05
1.6012527e-05
1.6823608e-05
1.5998522e-05
1.6013695e-05
1.5790835e-05
0.00089692253
1.6083814e-05
1.5033138e-05
2.1342124e-05
1.5972575e-05
1.6113014e-05
1.5818923e-05
1.5989891e-05
1.6049107e-05
1.6030254e-05
0.00012385778
1.6192878e-05
1.5987101e-05
1.5841151e-05
0.0020917699
0.00053595233
1.5977854e-05
1.6688082e-05
1.6173722e-05
1.5794894e-05
1.5889045e-05
0.0014469798
4.1289483e-05
1.5970659e-05
1.6030204e-05
0.00058123349
1.6042197e-05
0.00081427718
0.0011368691
1.6187472e-05
1.9425977e-05
8.9160137e-05
1.5816437e-05
1.5947905e-05
1.5788073e-05
1.6051283e-05
1.5954344e-05
1.5868523e-05
1.6018635e-05
1.5882543e-05
1.5946002e-05
1.6007771e-05
1.5923971e-05
0.0013815138
1.5816603e-05
2.1014025e-05
0.0015074916
1.5831532e-05
0.0012111851
1.6008068e-05
1.5791852e-05
1.968335e-05
1.9254382e-05
1.5795617e-05
1.6006306e-05
1.6051922e-05
2.0944073e-05
1.6032992e-05
0.0013430958
1.5799933e-05
1.5983152e-05
1.5906493e-05
1.5789532e-05
1.5999311e-05
1.5315362e-05
1.5936258e-05
1.5843997e-05
1.6035641e-05
1.6011148e-05
1.5920823e-05
1.5799851e-05
1.5801833e-05
1.5878247e-05
0.00031384853
1.5692799e-05
1.648388e-05
1.578492e-05
1.6047663e-05
1.5954291e-05
1.5978997e-05
1.6083296e-05
1.5790847e-05
1.6116703e-05
1.6009402e-05
0.0023339909
1.5911452e-05
1.6102794e-05
0.0014044936
1.6015233e-05
7.2557413e-05
1.6009899e-05
1.621034e-05
1.5832812e-05
4.8813986e-05
1.613327e-05
0.0002619231
1.6018083e-05
0.0021314769
0.00029639001
1.5793326e-05
0.0015377113
1.6021041e-05
1.5817988e-05
1.6721248e-05
1.5823023e-05
0.00044506982
0.00021929328
0.0001976042
1.5834287e-05
0.0010193168
1.5969538e-05
4.9374082e-05
0.002067916
0.0020435574
1.6038568e-05
1.5859275e-05
1.6054111e-05
0.0011241517
0.0010293205
1.5797336e-05
1.5971386e-05
2.7150525e-05
1.5863609e-05
1.5784348e-05
1.5797087e-05
1.580002e-05
1.5941171e-05
1.5881287e-05
1.6976792e-05
1.5870091e-05
0.0016793224
1.7695987e-05
1.6003705e-05
1.5789404e-05
0.00056259097
1.6047789e-05
1.670612e-05
1.5987886e-05
1.5964354e-05
0.00021710358
0.0014130073
0.0006996465
1.5944164e-05
1.6473515e-05
1.5847526e-05
1.6788523e-05
1.6023684e-05
1.5846932e-05
0.00012373117
1.6052909e-05
4.7600831e-05
1.5783219e-05
1.6080009e-05
0.0015263444
1.6012911e-05
2.4912781e-05
4.1498804e-05
2.7993784e-05
1.5997411e-05
1.6018485e-05
1.5829475e-05
1.581183e-05
1.6095588e-05
1.5947893e-05
0.0018816464
1.5985401e-05
1.7809053e-05
1.5953757e-05
0.0017167811
1.6021352e-05
2.609283e-05
1.6047405e-05
1.5976603e-05
1.5796033e-05
1.6021552e-05
1.6634849e-05
1.5859229e-05
1.5838639e-05
1.604757e-05
1.5802152e-05
1.5785864e-05
0.0016538805
1.5877753e-05
1.4730553e-05
1.6005624e-05
1.8502825e-05
1.6280182e-05
1.5984916e-05
1.9573691e-05
5.750015e-05
2.8349275e-05
1.6047508e-05
1.6000691e-05
2.2303302e-05
3.2289388e-05
1.582987e-05
1.5808934e-05
1.582389e-05
1.5807931e-05
7.0927872e-05
1.6732328e-05
6.0945432e-05
1.5866163e-05
1.5995098e-05
1.6046857e-05
1.5986138e-05
1.6064219e-05
2.4765941e-05
1.5801752e-05
0.001355534
1.5783838e-05
7.0756144e-05
0.00095116418
0.0012542112
0.0010066323
0.0010148128
1.5877593e-05
1.5792351e-05
1.6009825e-05
0.00090510243
1.8715174e-05
1.5797207e-05
2.0722104e-05
1.5785582e-05
1.5804454e-05
1.6016475e-05
1.602977e-05
1.5794797e-05
1.5649616e-05
1.5796754e-05
3.1559388e-05
1.6082472e-05
1.6028422e-05
9.6363878e-05
5.593956e-05
2.7667274e-05
2.2438801e-05
1.5972865e-05
0.00078909947
0.00093775726
0.0017428864
1.5827127e-05
0.00080790176
0.0009165582
1.580323e-05
3.3373924e-05
0.001526108
1.5962956e-05
1.6023607e-05
0.0017098829
1.5793296e-05
1.5790761e-05
1.5971405e-05
0.0012682307
1.5853126e-05
1.5932678e-05
1.6067296e-05
1.8356812e-05
0.00012343557
1.608506e-05
1.5833617e-05
1.6056188e-05
0.0012762138
1.5977851e-05
1.6053204e-05
1.6025724e-05
1.9299317e-05
0.0014685648
1.5739966e-05
1.5799921e-05
1.6117684e-05
1.584628e-05
1.6016263e-05
1.6024367e-05
1.9261958e-05
0.00023837965
2.3234642e-05
0.0016676204
1.5984268e-05
1.5828897e-05
7.1021155e-05
1.637651e-05
1.6055782e-05
1.5798645e-05
0.00035783245
1.5973313e-05
0.0010197664
1.5797001e-05
0.0010561379
1.6026711e-05
1.5830709e-05
0.00051551536
1.5791183e-05
1.6016429e-05
2.284074e-05
1.7993169e-05
1.6044505e-05
1.9612791e-05
1.8256956e-05
1.6037391e-05
1.510872e-05
1.5350317e-05
0.00010937688
0.0010033473
0.0010192737
1.6028385e-05
0.0019926552
0.00016425532
0.0003294307
1.5970393e-05
0.0015482638
1.6640775e-05
1.6018397e-05
1.6010051e-05
0.0013812416
3.0120134e-05
1.6002958e-05
1.5982206e-05
1.779796e-05
0.00064650816
0.00074911528
0.00068216703
0.0015982733
1.6008224e-05
1.6016656e-05
1.5789347e-05
1.6539707e-05
1.5883243e-05
1.6046361e-05
1.4940905e-05
0.001077679
1.6222351e-05
0.00036330271
1.5957948e-05
0.00053720771
1.5986948e-05
1.5966965e-05
0.0020641215
0.0022522036
0.0011325796
3.1998288e-05
4.2422868e-05
1.5808044e-05
1.5868726e-05
0.00067770165
1.5897555e-05
1.5796867e-05
1.594237e-05
0.0019878789
1.9789479e-05
1.5790461e-05
1.6010805e-05
1.5844506e-05
2.2701298e-05
1.9667841e-05
8.8570184e-05
1.5787857e-05
2.3986242e-05
0.00041560127
1.5803385e-05
2.1668155e-05
0.0020835133
0.00092706028
1.5987077e-05
1.6244969e-05
1.6073247e-05
2.2172409e-05
0.00087991264
1.6768303e-05
3.1994124e-05
2.2898023e-05
0.00015141645
1.601801e-05
0.00015226691
0.00025662986
0.00013586379
1.5797357e-05
0.0015366086
1.5994059e-05
2.6643348e-05
1.6013716e-05
1.6079306e-05
1.6069528e-05
0.0019349332
1.5797819e-05
8.9671475e-05
2.9441392e-05
9.8816884e-05
0.00015778961
1.6655403e-05
1.6105556e-05
1.5979824e-05
0.00010464785
0.00011600161
5.1435277e-05
1.6002051e-05
1.6002682e-05
0.00026403068
0.00039662551
2.0176074e-05
1.7795469e-05
0.002053656
1.8152676e-05
1.593301e-05
0.0019507141
4.2826692e-05
3.8819996e-05
0.0011361166
1.5999946e-05
1.5955438e-05
0.00068324346
2.3378663e-05
1.5671604e-05
1.569433e-05
2.1993933e-05
8.1540879e-05
1.603523e-05
1.5792013e-05
3.3069798e-05
0.00015154116
0.00023497999
1.5929881e-05
0.0010767426
0.00012519446
1.7772372e-05
0.00029737495
1.6281105e-05
0.00012182484
1.5799397e-05
1.5925967e-05
1.5923188e-05
2.8238739e-05
2.7843955e-05
0.00093312106
1.596903e-05
0.0011087314
9.7161166e-05
9.6027544e-05
2.774786e-05
1.5812908e-05
1.5849114e-05
1.60349e-05
1.5077239e-05
1.5948587e-05
1.6040529e-05
0.0012571413
2.105782e-05
2.5045368e-05
1.601313e-05
1.5804871e-05
1.5787423e-05
0.00081003508
1.5913719e-05
1.5884731e-05
2.3233409e-05
1.5928695e-05
0.0012152666
0.00073608013
3.9520012e-05
2.2855197e-05
1.5810092e-05
1.5792072e-05
2.0541428e-05
1.5860065e-05
1.6449383e-05
1.598932e-05
1.5784342e-05
7.1205372e-05
1.6033482e-05
1.5814242e-05
1.583413e-05
2.0712572e-05
0.0013690398
1.6637987e-05
1.598409e-05
1.6948289e-05
1.5955241e-05
1.5800378e-05
1.5953297e-05
0.0016951861
1.6146985e-05
2.5886743e-05
1.6039022e-05
0.00083992796
3.2362236e-05
1.6010482e-05
2.6333883e-05
1.6597062e-05
0.00023747392
1.6234985e-05
1.9370558e-05
1.5788912e-05
1.585278e-05
4.161225e-05
0.0018739552
1.6027803e-05
2.3423527e-05
3.3717038e-05
1.6046132e-05
1.892957e-05
1.5925464e-05
0.0014382779
1.6023533e-05
1.5865919e-05
1.9580021e-05
0.0021148556
1.5805862e-05
1.6013776e-05
1.5850492e-05
1.5994999e-05
2.4027706e-05
0.00040178533
1.5798354e-05
1.5963464e-05
0.0014964123
0.0022031118
1.5795215e-05
1.5790128e-05
1.5920991e-05
1.6079271e-05
0.0013865509
2.7897714e-05
1.5944087e-05
0.0011759073
1.5963069e-05
1.5824359e-05
1.5979629e-05
2.3235742e-05
1.5784954e-05
1.591361e-05
1.6011839e-05
7.1971303e-05
1.6089808e-05
1.6015491e-05
2.6686983e-05
1.5821549e-05
1.7184888e-05
2.6485746e-05
1.6008977e-05
1.5784255e-05
1.6240877e-05
5.7403888e-05
1.6002301e-05
1.5856645e-05
1.5934574e-05
1.631214e-05
1.5891058e-05
1.6056158e-05
0.00144041
2.4073844e-05
2.0596217e-05
1.605254e-05
1.5866657e-05
1.6644257e-05
1.5929545e-05
1.6001474e-05
0.0023357145
0.0018150207
0.0015028137
2.0928908e-05
1.5787156e-05
1.578593e-05
1.6070161e-05
2.5838961e-05
0.0003044611
1.6050999e-05
1.603305e-05
0.00038943458
1.6318034e-05
1.7421514e-05
1.5879818e-05
0.0014565872
1.6046934e-05
1.7205356e-05
0.0013430483
1.8746426e-05
1.6930045e-05
1.5846226e-05
1.5795193e-05
0.00043710143
1.580181e-05
2.2557965e-05
1.5873143e-05
1.5818087e-05
1.6309167e-05
1.7147257e-05
2.4194329e-05
1.5820801e-05
1.5910601e-05
2.4760713e-05
1.5950372e-05
5.722421e-05
1.6021987e-05
2.5829969e-05
0.00037939344
1.6091619e-05
3.7228408e-05
3.8279745e-05
1.7775666e-05
1.5807315e-05
1.6016231e-05
1.5948384e-05
1.5790453e-05
1.5866303e-05
1.5945449e-05
1.5942996e-05
1.5658884e-05
1.5846459e-05
0.00011992185
1.8911781e-05
1.602191e-05
1.586082e-05
1.6010565e-05
0.0012245846
2.6009192e-05
1.601318e-05
1.6147498e-05
1.6050528e-05
2.7668826e-05
1.5970406e-05
5.2131929e-05
1.5930246e-05
1.6027177e-05
0.00130861
1.5787428e-05
0.0024610944
1.5989395e-05
1.8896905e-05
1.6032044e-05
1.5794312e-05
3.6211279e-05
1.602014e-05
1.5720273e-05
1.6052689e-05
0.00065242714
1.5801724e-05
2.5518365e-05
2.600217e-05
1.5797806e-05
1.5793708e-05
0.00158108
1.5931337e-05
1.6252385e-05
0.0018375178
1.6050539e-05
0.0015019971
0.0015030086
1.6273562e-05
0.0007099739
0.0015292787
2.7987498e-05
1.5792034e-05
1.5918689e-05
1.5892381e-05
0.00038146778
1.884715e-05
1.6027439e-05
1.5967251e-05
0.0029260519
2.3455528e-05
1.5939877e-05
1.5900321e-05
1.5821907e-05
1.6590432e-05
3.0175393e-05
1.6036903e-05
1.6053235e-05
1.5908743e-05
1.6776035e-05
1.5847077e-05
1.5937589e-05
1.5963938e-05
1.5795522e-05
1.5791006e-05
1.5822327e-05
2.3256119e-05
1.6702642e-05
1.5830819e-05
1.5884474e-05
1.5987535e-05
1.579089e-05
1.5818464e-05
1.5979508e-05
1.5892693e-05
1.5791825e-05
1.5800277e-05
1.6312073e-05
1.5881186e-05
0.0015601456
1.6002344e-05
2.4519504e-05
3.0972096e-05
2.3236144e-05
2.2612408e-05
2.0190265e-05
1.6086945e-05
1.9120319e-05
1.5804011e-05
1.6310837e-05
2.0851036e-05
1.5964371e-05
1.588464e-05
1.6007711e-05
1.6033569e-05
1.6510811e-05
1.571812e-05
0.001898586
1.5837413e-05
3.894045e-05
1.6038242e-05
1.5858905e-05
1.5797324e-05
1.5921194e-05
2.0506336e-05
1.6191638e-05
1.5794047e-05
1.8584441e-05
2.3263681e-05
1.6472445e-05
1.8147576e-05
2.4202755e-05
1.8797103e-05
4.8734456e-05
1.6151511e-05
1.5834783e-05
1.7453908e-05
1.7428543e-05
1.6019093e-05
1.5847325e-05
1.5860618e-05
1.6015405e-05
1.5790511e-05
1.1063004e-05
1.5784704e-05
1.6700315e-05
1.6695844e-05
1.606829e-05
1.5787675e-05
2.3786249e-05
4.8822489e-05
2.8967639e-05
1.7004597e-05
1.6334487e-05
1.5797811e-05
1.5808521e-05
1.6041903e-05
0.0010191005
1.6013329e-05
2.8343638e-05
1.5958788e-05
1.5995261e-05
0.0017058332
0.0014739519
3.888465e-05
1.5870841e-05
1.7766962e-05
1.5784606e-05
1.5855938e-05
0.00017184535
1.5815364e-05
1.5883272e-05
1.7069516e-05
1.6028229e-05
0.0015020387
1.5797187e-05
1.6017178e-05
0.00040440039
0.0016583448
1.5966507e-05
1.5996262e-05
1.5893318e-05
1.5788982e-05
2.3577094e-05
1.5791584e-05
0.0012798177
1.5959394e-05
1.5804424e-05
0.00086229526
1.5790852e-05
1.6078696e-05
1.5881783e-05
1.6023267e-05
1.5798252e-05
1.6028608e-05
1.5953475e-05
0.0013085377
2.1776419e-05
2.5315705e-05
1.5878494e-05
1.5821607e-05
1.5978661e-05
1.578829e-05
1.6119115e-05
1.5973925e-05
1.6062995e-05
1.9666698e-05
0.0021292784
2.0949657e-05
1.5844934e-05
1.5785596e-05
1.5816319e-05
1.5922243e-05
1.7512327e-05
1.5997247e-05
3.9966794e-05
0.00082623673
1.616261e-05
1.5853932e-05
2.405589e-05
2.227617e-05
1.5805677e-05
1.5837718e-05
1.578836e-05
1.6013369e-05
0.0001768128
1.6131789e-05
2.1555567e-05
1.6001479e-05
1.596557e-05
0.0016587275
1.6321517e-05
1.5888781e-05
1.6008842e-05
1.581756e-05
1.5793965e-05
1.5936375e-05
1.8877467e-05
1.599071e-05
0.00012623462
1.5794e-05
0.0015086224
1.5963915e-05
1.5855021e-05
1.5792738e-05
1.5981034e-05
1.5789964e-05
1.5990995e-05
1.5833076e-05
1.5888799e-05
1.5858367e-05
1.5961703e-05
1.6056217e-05
2.0693915e-05
1.5791946e-05
0.0020445346
1.5995143e-05
1.6024809e-05
1.587512e-05
1.5847941e-05
2.9634003e-05
1.6010516e-05
1.5784653e-05
1.5833828e-05
0.00059755193
0.00010928107
1.5806399e-05
1.6062685e-05
1.6042524e-05
1.578674e-05
1.5951271e-05
1.7912139e-05
1.6017901e-05
1.6037821e-05
1.5787797e-05
0.0014992792
1.5994017e-05
1.5846102e-05
1.6157033e-05
1.6252315e-05
1.7272484e-05
1.5785755e-05
1.6140422e-05
0.0016095733
4.8762711e-05
1.5969125e-05
0.0010052262
1.6080158e-05
1.6024611e-05
0.00060757135
1.678366e-05
1.6016345e-05
1.5800301e-05
1.5791399e-05
1.5955071e-05
1.5843907e-05
1.5791718e-05
1.6190539e-05
1.595744e-05
1.5904059e-05
1.7564885e-05
2.4335783e-05
1.6010526e-05
0.00042851278
1.5792505e-05
1.6033387e-05
2.7240391e-05
1.5995002e-05
1.590513e-05
1.6334786e-05
1.600729e-05
0.0018045543
1.6481004e-05
1.5802281e-05
1.7908409e-05
2.8120577e-05
1.5925816e-05
0.00088124412
0.001237042
1.5893832e-05
1.6009115e-05
1.58882e-05
1.5790973e-05
0.00030528811
1.6045122e-05
1.5769122e-05
1.5910465e-05
1.5808506e-05
1.5783399e-05
1.7001934e-05
0.00042400299
1.6001592e-05
1.5936891e-05
1.6177215e-05
0.0002121701
1.60658e-05
0.00034329653
0.0001266482
2.8392965e-05
1.6020143e-05
1.5855697e-05
1.9215694e-05
2.3735009e-05
1.5797728e-05
1.6239007e-05
1.5959596e-05
1.5994602e-05
1.5784972e-05
1.5850688e-05
1.6024356e-05
1.5872657e-05
1.6051432e-05
2.6100937e-05
1.5919619e-05
1.5853211e-05
1.5949631e-05
1.5988248e-05
4.6870932e-05
0.00030757899
0.0016557031
1.5790457e-05
1.6141298e-05
1.6008834e-05
1.6039964e-05
3.8049442e-05
1.5860835e-05
1.5805165e-05
1.6182927e-05
1.5887846e-05
0.001744337
1.5807734e-05
1.5803088e-05
1.5958535e-05
1.5994861e-05
2.187703e-05
1.6021755e-05
1.6028878e-05
1.5790128e-05
1.605498e-05
1.5788062e-05
1.6394399e-05
5.3157395e-05
1.5794783e-05
1.6008706e-05
1.6054092e-05
1.5735948e-05
1.6050851e-05
0.00011542752
1.5793179e-05
1.5796338e-05
5.4398089e-05
1.6016155e-05
2.2278071e-05
1.5998116e-05
1.8016643e-05
1.6000571e-05
1.72039e-05
2.0954953e-05
0.00099367591
0.0011055649
1.6003643e-05
2.0028615e-05
1.6021733e-05
1.6434977e-05
1.5953272e-05
3.6217985e-05
0.0012494305
1.5850172e-05
1.8716944e-05
0.0015613114
1.6017159e-05
1.5803007e-05
1.6038759e-05
1.5791281e-05
1.5982678e-05
1.5844913e-05
1.5792471e-05
1.5787833e-05
1.6034264e-05
1.5805173e-05
1.6049659e-05
1.5838504e-05
1.5810969e-05
1.5990718e-05
0.00011652296
1.6046007e-05
1.60433e-05
1.5814916e-05
1.6104023e-05
1.5794955e-05
0.00031351922
1.6038516e-05
2.7998074e-05
1.5784783e-05
1.6000082e-05
2.6877545e-05
1.6001476e-05
1.5788962e-05
1.5926491e-05
1.5878916e-05
1.5990217e-05
1.4384368e-05
1.6322446e-05
1.5912607e-05
1.5848582e-05
1.5834196e-05
3.6090264e-05
1.5897072e-05
1.5800481e-05
1.6026995e-05
0.0014444365
1.5848424e-05
2.7183211e-05
0.0018866553
1.6000426e-05
1.6041047e-05
1.581736e-05
1.6478065e-05
1.5794228e-05
1.604116e-05
1.5916037e-05
1.5988237e-05
1.5838084e-05
1.6043062e-05
1.981546e-05
1.6040258e-05
1.5985946e-05
1.5918365e-05
1.578756e-05
1.5954422e-05
1.5966115e-05
1.8203021e-05
1.5991935e-05
1.5801674e-05
1.8938348e-05
1.5823834e-05
1.6048383e-05
0.0016958081
2.1841561e-05
1.6038117e-05
0.0015261057
2.5003802e-05
1.584643e-05
1.5922092e-05
1.6017856e-05
1.5951858e-05
1.5840585e-05
1.5788692e-05
1.6038217e-05
0.0021485493
1.6192037e-05
1.588996e-05
1.583613e-05
1.5813054e-05
0.00044622813
1.7069669e-05
2.6655157e-05
0.0014450259
1.5954577e-05
1.5822007e-05
0.00048985522
1.5803645e-05
1.5977246e-05
3.4037688e-05
1.6007413e-05
1.6009268e-05
1.5968161e-05
1.5956388e-05
1.622029e-05
1.6053318e-05
1.6044924e-05
3.4687144e-05
1.608617e-05
0.001500058
0.0014936367
1.5859175e-05
1.6129604e-05
1.5799922e-05
1.6007872e-05
1.5789032e-05
1.6054488e-05
1.5993169e-05
0.00052467914
1.6006633e-05
1.5790875e-05
1.9535431e-05
1.497297e-05
1.5965503e-05
1.5803878e-05
4.3393752e-05
1.5877555e-05
1.6003633e-05
1.5843804e-05
1.5783929e-05
1.5907003e-05
1.583281e-05
1.5791614e-05
1.6012357e-05
1.5959472e-05
3.4968527e-05
1.5889511e-05
0.0015297392
0.0017308611
0.001569577
1.6013045e-05
1.6012343e-05
1.5801398e-05
1.6006836e-05
1.6448251e-05
1.6066236e-05
1.690741e-05
1.5985087e-05
1.5994799e-05
1.5795294e-05
1.5791119e-05
1.5974227e-05
1.6087046e-05
1.586044e-05
5.2866461e-05
1.5869852e-05
1.5789531e-05
1.6019599e-05
1.6353589e-05
2.2696133e-05
1.9936875e-05
1.6029751e-05
1.883268e-05
1.5903601e-05
1.5795143e-05
1.5797737e-05
1.585498e-05
1.8429547e-05
1.579077e-05
2.4060107e-05
1.5855279e-05
1.6018946e-05
1.6012502e-05
1.818905e-05
2.3595363e-05
1.6037908e-05
2.2726869e-05
1.5819626e-05
1.6061835e-05
1.5815725e-05
0.0012095516
1.5826711e-05
1.5702251e-05
1.5811283e-05
1.6104424e-05
1.6065808e-05
1.5972492e-05
5.6556201e-05
1.8828435e-05
1.5796476e-05
0.0003785075
1.6038858e-05
1.6051957e-05
1.5939843e-05
1.5808547e-05
1.5888935e-05
0.00064461405
1.5843063e-05
1.6074891e-05
2.558762e-05
1.5842906e-05
1.5977366e-05
1.5796922e-05
1.6000073e-05
1.5794311e-05
0.0026121614
1.5926156e-05
1.5863877e-05
1.5887979e-05
0.0011429099
1.5798454e-05
1.599068e-05
1.5784514e-05
1.5985453e-05
1.5803894e-05
1.6035598e-05
1.59773e-05
1.6569698e-05
3.0218427e-05
2.2001958e-05
1.5816621e-05
1.5808556e-05
1.5789809e-05
1.581025e-05
1.5808073e-05
1.6075935e-05
1.5996548e-05
1.6000004e-05
1.6050891e-05
2.183835e-05
1.6042883e-05
2.0335689e-05
1.5797394e-05
0.0004211013
1.6031728e-05
1.6002822e-05
1.8448641e-05
1.5983537e-05
1.6116398e-05
1.7784737e-05
1.58873e-05
1.5975205e-05
1.6026262e-05
2.5601978e-05
1.5794376e-05
0.00017610779
0.0011958843
0.00010728485
0.0006004954
1.6624296e-05
3.8617619e-05
1.6047154e-05
1.6064156e-05
1.6012865e-05
0.0005594334
0.00024621808
1.5989721e-05
2.9548342e-05
6.8192101e-05
1.6001837e-05
1.5799409e-05
1.5954157e-05
1.5794402e-05
1.5833276e-05
1.5841703e-05
1.828979e-05
0.00035327059
1.5986634e-05
0.0017232299
1.5795012e-05
1.5900796e-05
1.5791937e-05
0.00018746319
0.00048629353
1.5832078e-05
1.5880425e-05
1.5946968e-05
1.6147159e-05
1.603527e-05
1.55714e-05
1.5460311e-05
1.5838602e-05
3.7560655e-05
1.5792364e-05
1.6030017e-05
1.6041672e-05
1.5805178e-05
1.6013617e-05
0.0017783889
0.0015601956
1.5957848e-05
1.6008642e-05
1.6547113e-05
1.5959445e-05
1.5935494e-05
1.5862767e-05
1.6326483e-05
1.5856154e-05
1.5842093e-05
1.5864684e-05
1.6024512e-05
1.5796307e-05
1.587197e-05
0.00061053979
1.6311057e-05
0.0002737766
1.5984721e-05
1.7802213e-05
0.0003043121
1.6050383e-05
1.6007479e-05
1.5919053e-05
1.5791045e-05
1.5786556e-05
1.5846932e-05
0.00079215346
1.5922542e-05
1.6090271e-05
2.498307e-05
1.6013134e-05
1.5690995e-05
1.5926352e-05
1.5870227e-05
1.5943267e-05
3.2506947e-05
1.5792536e-05
1.6421764e-05
5.0615564e-05
1.5834955e-05
2.2419673e-05
1.5804092e-05
1.6037871e-05
1.5860925e-05
1.5819639e-05
1.6006614e-05
0.0018616379
1.6523924e-05
1.5797661e-05
1.5814653e-05
2.1026304e-05
5.8471086e-05
0.0011496979
1.5893771e-05
1.5863705e-05
1.5810988e-05
1.5848243e-05
1.6038365e-05
1.5864012e-05
1.6046407e-05
2.8639881e-05
1.5785264e-05
2.3348946e-05
0.00045836022
1.602301e-05
1.5877872e-05
1.6050563e-05
0.00049589103
1.6035293e-05
1.5791063e-05
1.5977692e-05
1.607134e-05
1.6398803e-05
0.00018186018
4.0016273e-05
1.5899036e-05
1.5891471e-05
0.0013861056
1.6268853e-05
1.5848678e-05
0.0015701001
1.6133176e-05
1.605524e-05
0.0018105213
0.0021069057
1.5864403e-05
1.6073523e-05
1.618919e-05
1.5860328e-05
1.6500853e-05
1.578584e-05
1.6013113e-05
1.581e-05
1.5855128e-05
0.00018344009
1.6010632e-05
1.6125873e-05
0.0022344429
1.5823366e-05
0.0014440528
1.5784386e-05
1.5809157e-05
1.5795799e-05
1.6198937e-05
1.5806928e-05
1.6210512e-05
1.6559634e-05
0.00094290179
1.605578e-05
1.6045628e-05
1.6010353e-05
1.594678e-05
0.00016350135
1.6000536e-05
0.0015984668
3.5410868e-05
2.4682085e-05
1.5802232e-05
1.6034835e-05
0.0017735315
1.6408288e-05
1.7021604e-05
0.0010000286
1.6022703e-05
0.0014588833
1.6106419e-05
1.5783312e-05
1.5784166e-05
1.5784496e-05
1.5783174e-05
1.578324e-05
1.5976873e-05
0.00010940773
1.5822609e-05
1.580566e-05
3.9833369e-05
1.5910086e-05
1.5799182e-05
0.0025783741
2.7473527e-05
1.5837051e-05
1.5787872e-05
1.621905e-05
1.6042735e-05
1.578608e-05
1.6010658e-05
4.0489123e-05
1.5998819e-05
2.7679913e-05
1.5852005e-05
1.6165435e-05
4.8789837e-05
1.5829617e-05
0.00085817195
1.6350598e-05
6.3271767e-05
1.6053606e-05
1.5791152e-05
1.6051715e-05
1.7774579e-05
1.5906865e-05
1.6073982e-05
1.6019685e-05
0.001894558
1.5793602e-05
1.6056918e-05
1.6344878e-05
1.5796164e-05
1.5904327e-05
1.9504551e-05
1.5830295e-05
1.6118115e-05
1.6051723e-05
1.5914196e-05
1.6051906e-05
2.8271132e-05
1.5993106e-05
0.0011622667
1.6043252e-05
3.384703e-05
1.5803965e-05
1.5794886e-05
1.6310495e-05
1.6907665e-05
0.0011247189
1.5954629e-05
1.5887495e-05
0.0012240608
0.0015436267
1.5864284e-05
1.5899189e-05
1.5975577e-05
1.5785224e-05
2.7178875e-05
1.6061994e-05
0.0011733707
1.5965355e-05
0.00076828977
0.0011878936
2.937711e-05
1.5866408e-05
1.6021741e-05
1.5941267e-05
1.5983418e-05
1.6061799e-05
1.6014281e-05
1.5899951e-05
1.7302288e-05
1.6034133e-05
1.5784135e-05
1.6053895e-05
1.9143247e-05
0.0014410273
1.8718455e-05
1.5883006e-05
1.6146038e-05
2.3264803e-05
0.00015653032
1.5959937e-05
1.5959711e-05
1.5800066e-05
1.5881586e-05
1.6027788e-05
2.4784807e-05
1.6762923e-05
1.5789916e-05
9.7567043e-05
0.00025463123
1.7192424e-05
1.5904516e-05
1.6325881e-05
1.5839519e-05
1.5862448e-05
1.6734332e-05
1.6076181e-05
2.8369863e-05
1.6366051e-05
1.6034358e-05
0.00043087867
1.5800193e-05
0.00012541997
0.0003023399
1.5868874e-05
1.6354165e-05
1.6209002e-05
1.5951218e-05
1.6007746e-05
2.1330376e-05
1.6056669e-05
4.2693884e-05
1.5984835e-05
1.6034948e-05
1.579607e-05
1.5992372e-05
1.5896438e-05
1.5998329e-05
1.5798866e-05
1.5879255e-05
1.6044983e-05
1.581059e-05
1.5990792e-05
1.604831e-05
1.5787614e-05
3.5378373e-05
1.5803543e-05
1.5883019e-05
0.00044086851
1.5808378e-05
1.612294e-05
1.5874188e-05
0.0001608022
1.5935261e-05
1.6002068e-05
1.594947e-05
1.5944382e-05
1.579102e-05
0.00061276223
1.5909772e-05
1.5808161e-05
2.5908641e-05
1.5839183e-05
1.5786172e-05
2.0128196e-05
1.6513293e-05
0.0011328518
3.6871965e-05
0.00048313718
1.6129976e-05
1.5800871e-05
1.5821369e-05
1.6030819e-05
1.5836104e-05
1.5791364e-05
1.647443e-05
1.5794862e-05
1.5832344e-05
5.3848688e-05
1.8120422e-05
1.5792002e-05
2.3484209e-05
0.00077878223
1.5880055e-05
1.6018587e-05
1.5808522e-05
1.5833784e-05
0.00025945873
0.00010501348
2.8881864e-05
1.581984e-05
1.5805853e-05
1.582249e-05
1.6000492e-05
1.5900464e-05
3.0391313e-05
2.1883464e-05
1.601714e-05
1.5789639e-05
1.8191802e-05
1.6046041e-05
1.8023175e-05
1.5785727e-05
1.5791792e-05
1.5803645e-05
1.5821748e-05
1.6083403e-05
1.6019077e-05
0.0018960799
1.5966031e-05
1.5856874e-05
1.6053086e-05
1.5982669e-05
1.5971569e-05
2.6814153e-05
1.5793125e-05
2.5091624e-05
1.5880146e-05
1.6066855e-05
2.3612003e-05
1.5792925e-05
0.00010094108
1.5986391e-05
1.6261685e-05
1.585904e-05
1.6944446e-05
1.6068293e-05
1.5969308e-05
1.6029086e-05
1.6237535e-05
2.4889047e-05
1.7163955e-05
2.8025823e-05
1.5791803e-05
1.5787412e-05
1.7074779e-05
1.6072009e-05
7.9431223e-05
2.5956442e-05
1.5829414e-05
5.8831069e-05
5.5400088e-05
1.4926388e-05
1.6031496e-05
1.6008587e-05
1.5796011e-05
1.5974187e-05
1.5894787e-05
3.5673875e-05
1.6041045e-05
1.5877442e-05
1.591831e-05
1.6043152e-05
1.7802038e-05
1.6036452e-05
1.598454e-05
1.5787229e-05
2.1151202e-05
1.6038016e-05
1.5968362e-05
1.5815314e-05
1.5871347e-05
2.5830996e-05
1.5972258e-05
1.6075943e-05
1.691722e-05
3.2554104e-05
1.6970067e-05
0.0018458676
1.6090388e-05
1.5899478e-05
1.5986939e-05
1.5813256e-05
1.5793346e-05
1.5798227e-05
8.4515488e-05
1.5862407e-05
1.6054792e-05
1.6052015e-05
0.0018563074
1.5956346e-05
1.5931518e-05
1.5900414e-05
1.5848154e-05
1.600091e-05
1.5867424e-05
1.598162e-05
0.00072588902
0.00074510964
2.2990855e-05
1.5923397e-05
1.5976536e-05
1.607271e-05
1.5807576e-05
1.5990106e-05
2.2119279e-05
1.6102624e-05
0.0017052474
1.5952304e-05
0.0015976719
1.6053591e-05
1.5815942e-05
1.5927338e-05
3.0278784e-05
1.7837326e-05
1.6058581e-05
1.5789438e-05
1.6317049e-05
1.5852782e-05
1.5825516e-05
1.6297623e-05
1.5872824e-05
1.4412719e-05
0.00082999398
1.5814186e-05
1.6044502e-05
1.9295407e-05
1.9416693e-05
1.9509414e-05
1.5868406e-05
5.6817076e-05
1.9622269e-05
1.9866614e-05
1.8814972e-05
1.6186567e-05
1.6181511e-05
2.0290631e-05
0.00048737548
1.5870992e-05
2.0575173e-05
3.1862476e-05
1.5996356e-05
0.0001136352
1.5832287e-05
2.1023278e-05
1.6085982e-05
1.6046884e-05
3.0343453e-05
1.6014723e-05
1.5948962e-05
1.5992988e-05
1.712015e-05
1.5839392e-05
0.00089922001
1.609775e-05
1.5819854e-05
1.5944059e-05
1.5980645e-05
1.5713266e-05
0.0019151179
1.614794e-05
1.5946639e-05
1.6813027e-05
1.5959273e-05
4.0871279e-05
1.5924015e-05
1.5995252e-05
1.5835154e-05
1.5954699e-05
1.5986972e-05
1.5830841e-05
1.6075434e-05
0.0011548794
1.6049683e-05
1.5972562e-05
1.6051801e-05
0.00012325084
1.7700834e-05
1.5792012e-05
1.6820666e-05
1.5877432e-05
1.5892063e-05
2.072308e-05
1.6038316e-05
1.6170617e-05
1.58272e-05
1.600254e-05
1.5831403e-05
1.5926933e-05
1.5998893e-05
0.0016354736
1.680402e-05
1.601121e-05
1.8760686e-05
1.5793904e-05
1.5859781e-05
1.5999543e-05
3.3496906e-05
1.578391e-05
2.5822461e-05
1.5792627e-05
6.0794403e-05
1.6050847e-05
1.5875149e-05
1.592329e-05
1.6028282e-05
0.00017968369
1.591081e-05
1.5824278e-05
1.5878523e-05
0.00054839257
1.5811352e-05
0.0012419712
3.0752474e-05
1.5783481e-05
1.6034477e-05
1.5938947e-05
0.00054495431
1.6019061e-05
1.58518e-05
1.6019037e-05
0.00108879
1.5950633e-05
1.5894816e-05
5.5767885e-05
4.1794065e-05
1.7699379e-05
1.5835222e-05
2.7308696e-05
1.5785282e-05
1.5783052e-05
1.5945073e-05
1.5926387e-05
1.5863843e-05
1.6006267e-05
3.5532179e-05
0.00053944343
1.6134637e-05
1.5944173e-05
1.6036574e-05
1.6102186e-05
1.5790869e-05
0.00052329643
1.6132685e-05
1.587394e-05
1.5786148e-05
1.5813984e-05
1.6054081e-05
2.9279307e-05
1.5802108e-05
1.6001289e-05
1.6008556e-05
1.5790327e-05
1.6053406e-05
1.5901558e-05
1.6041419e-05
1.8977759e-05
1.6068294e-05
1.5910734e-05
1.6051892e-05
1.6051148e-05
1.578836e-05
1.5978597e-05
1.6965748e-05
1.599511e-05
1.6034293e-05
1.578762e-05
1.5982088e-05
1.5829731e-05
0.0026200388
1.6028937e-05
1.604978e-05
3.1572214e-05
3.6289529e-05
1.6018596e-05
1.5975052e-05
0.00047998294
1.5910286e-05
0.00060172572
1.6050879e-05
1.6039279e-05
0.00042130816
1.8886705e-05
0.0020640952
1.5784633e-05
1.6007397e-05
1.5956014e-05
3.9760135e-05
0.0010438396
1.6051161e-05
1.6691528e-05
1.5925791e-05
0.00030620951
1.5960875e-05
0.0017759228
0.00072405123
1.5830546e-05
0.00077681277
1.5815102e-05
1.5982965e-05
1.6025587e-05
2.7643583e-05
0.0010771609
1.5826526e-05
2.8663431e-05
1.580956e-05
6.4084144e-05
1.579066e-05
1.5849996e-05
1.6040394e-05
0.0024120876
2.6214322e-05
1.5795675e-05
1.5793337e-05
1.5815814e-05
1.5902604e-05
1.8832428e-05
1.6070621e-05
1.5821342e-05
1.6051447e-05
1.59292e-05
2.4173074e-05
1.6051355e-05
1.5794834e-05
3.2417576e-05
0.00012456853
1.6010985e-05
1.6010024e-05
1.5792962e-05
1.6212009e-05
1.5869452e-05
1.5974321e-05
1.5791655e-05
1.5808929e-05
1.5791675e-05
0.0012278223
1.5852651e-05
1.5977108e-05
1.5978912e-05
1.5927797e-05
2.0620594e-05
1.58532e-05
0.002098068
1.5809349e-05
1.5918247e-05
3.0838081e-05
2.0721444e-05
1.5814239e-05
1.6054861e-05
1.5864654e-05
1.5912418e-05
1.6043579e-05
0.0019372773
1.6066038e-05
1.5841232e-05
1.6321133e-05
1.7096763e-05
1.579266e-05
1.6025696e-05
1.6498271e-05
1.5794227e-05
2.2938543e-05
1.601376e-05
0.00053211846
1.6228897e-05
2.0948597e-05
1.5785697e-05
1.5790749e-05
1.5812716e-05
1.6012796e-05
1.5921732e-05
1.582632e-05
1.603077e-05
3.8291294e-05
2.3911338e-05
0.0010095113
1.6064919e-05
1.6053027e-05
0.00083234608
1.5785416e-05
1.5797913e-05
1.5798432e-05
1.6107933e-05
1.5957578e-05
1.5936014e-05
1.5934182e-05
1.6508616e-05
1.5808381e-05
1.6169551e-05
1.6310934e-05
1.6097919e-05
1.6082156e-05
1.58118e-05
1.5791073e-05
1.6096343e-05
1.6208405e-05
1.5972634e-05
1.5820654e-05
1.5789388e-05
1.5890001e-05
4.617789e-05
1.6189457e-05
1.7328555e-05
1.5971965e-05
3.1145209e-05
0.0012435323
1.5836293e-05
1.5792109e-05
1.6699548e-05
0.0026740741
1.6110008e-05
1.6047308e-05
0.00010196606
1.663889e-05
1.602664e-05
1.6421521e-05
1.6128681e-05
3.6426074e-05
1.6008032e-05
1.6481091e-05
2.6121544e-05
1.5799614e-05
1.9497741e-05
1.5784567e-05
1.6452393e-05
1.6762217e-05
2.4852692e-05
1.602482e-05
0.0017426949
1.5819452e-05
0.00049366941
4.2291702e-05
0.00032055317
1.5856356e-05
1.6021872e-05
1.586248e-05
1.6711673e-05
1.71002e-05
1.7767722e-05
1.5910565e-05
1.5931501e-05
3.803464e-05
1.5940918e-05
1.6145255e-05
1.6046082e-05
1.6043825e-05
1.6009557e-05
1.6170232e-05
1.6054214e-05
1.6967634e-05
1.5808349e-05
1.5910082e-05
3.9990678e-05
1.5833023e-05
1.5975832e-05
1.6149922e-05
1.5930308e-05
1.6108419e-05
1.5802676e-05
1.6025685e-05
1.6003854e-05
1.6005939e-05
1.606178e-05
1.5801503e-05
1.7574805e-05
1.5855e-05
1.5943528e-05
1.6053073e-05
1.6019164e-05
4.9816105e-05
0.00074417129
1.5994818e-05
1.5794257e-05
2.6316659e-05
3.2327557e-05
1.5795412e-05
1.6018285e-05
1.7809974e-05
1.9151383e-05
1.6056269e-05
8.7670241e-05
1.6076595e-05
1.6522495e-05
1.5816358e-05
1.604553e-05
1.6001992e-05
1.6047954e-05
1.6143676e-05
4.5400836e-05
1.6028055e-05
0.00025207513
1.5873302e-05
0.00011055243
1.6036741e-05
1.6039807e-05
1.6012245e-05
7.6904302e-05
1.6033774e-05
1.6221297e-05
1.5956379e-05
1.580436e-05
1.6032788e-05
1.6069943e-05
1.6017798e-05
1.5814682e-05
1.603776e-05
1.5890177e-05
1.5793631e-05
1.5924622e-05
1.5935415e-05
1.5808068e-05
1.6030763e-05
1.5939071e-05
0.00036610416
1.5935208e-05
7.7224528e-05
1.598298e-05
1.5927396e-05
1.597878e-05
1.5797014e-05
1.9834608e-05
1.5795556e-05
1.6103426e-05
1.5992036e-05
1.5793615e-05
1.9651141e-05
1.6109272e-05
2.4560463e-05
1.5807469e-05
1.5924634e-05
1.7526637e-05
1.6661287e-05
1.581841e-05
1.5972121e-05
1.6122572e-05
1.5815256e-05
1.5969079e-05
1.579766e-05
1.5796822e-05
0.002000537
1.6013714e-05
0.0017210586
1.6012423e-05
1.5826602e-05
2.9479432e-05
1.5890498e-05
1.5791605e-05
4.0479083e-05
1.5807905e-05
1.5968795e-05
1.5864393e-05
1.5814805e-05
1.8680239e-05
0.0019899224
1.5948884e-05
1.5945351e-05
0.0015035548
1.5976232e-05
1.8903132e-05
1.8694124e-05
1.6015275e-05
1.6037871e-05
1.6279712e-05
1.5792482e-05
0.00013880591
1.5783755e-05
1.5785687e-05
1.6024397e-05
1.579394e-05
1.6012078e-05
1.6125624e-05
1.5980343e-05
0.0018282178
1.6012371e-05
3.7983596e-05
1.7250431e-05
1.5783848e-05
1.5914231e-05
1.5984627e-05
7.6775546e-05
1.997071e-05
1.5829008e-05
1.62016e-05
1.5929632e-05
0.00010691385
0.001314705
2.503664e-05
1.594163e-05
1.6024337e-05
1.5989933e-05
1.5990048e-05
1.5858566e-05
1.5976937e-05
1.5815389e-05
1.5821846e-05
2.0307036e-05
0.0013542732
1.6042692e-05
1.6038619e-05
1.583095e-05
1.71814e-05
1.6044076e-05
1.6027262e-05
1.5872632e-05
0.00064228702
1.5819259e-05
1.5791161e-05
1.5902058e-05
0.00093423135
1.5804194e-05
1.6567136e-05
1.6023871e-05
1.6029893e-05
1.6034893e-05
1.5978886e-05
1.5841363e-05
1.5986341e-05
1.5919324e-05
1.6503361e-05
1.5796018e-05
1.6147151e-05
1.5837069e-05
1.5796644e-05
0.0014063438
1.6055193e-05
1.6016867e-05
1.5969003e-05
1.6003427e-05
1.5963548e-05
1.8661501e-05
1.604545e-05
1.5810087e-05
1.5933606e-05
1.5807646e-05
1.5978534e-05
1.5896353e-05
1.6045647e-05
1.5799637e-05
1.5956509e-05
0.00016436033
1.5845958e-05
1.579471e-05
1.6031347e-05
2.8937597e-05
1.6054555e-05
1.5928408e-05
1.6159557e-05
1.580542e-05
1.6008476e-05
1.6170053e-05
1.5926985e-05
1.604953e-05
1.6011829e-05
1.5988757e-05
1.5883073e-05
1.5867978e-05
1.5968659e-05
1.5888744e-05
3.9595063e-05
1.6035608e-05
1.6637634e-05
1.5960081e-05
1.5954831e-05
2.7320313e-05
1.5859678e-05
1.578986e-05
1.6448262e-05
1.5806759e-05
1.6013157e-05
1.5822098e-05
1.589085e-05
1.6018172e-05
1.5997846e-05
0.00079799811
1.5856225e-05
1.6924651e-05
1.8237642e-05
1.5785382e-05
1.578382e-05
1.5784436e-05
1.5783729e-05
1.57837e-05
1.578341e-05
1.5785316e-05
0.00059648202
1.5919327e-05
1.5831919e-05
1.5943106e-05
1.600934e-05
1.5972335e-05
1.5792304e-05
1.5909028e-05
1.6046913e-05
1.6012592e-05
1.5912975e-05
1.5919042e-05
1.6029413e-05
1.5988305e-05
1.597052e-05
1.5987183e-05
1.5804178e-05
1.5965911e-05
1.6005138e-05
1.5984106e-05
1.5988297e-05
1.6877494e-05
1.5785218e-05
1.5799795e-05
1.5912169e-05
1.6752854e-05
1.5905098e-05
1.593373e-05
1.5791791e-05
1.5811515e-05
1.5859155e-05
1.5906427e-05
1.6038636e-05
1.5793608e-05
1.5798015e-05
1.603255e-05
1.5815782e-05
1.6679969e-05
1.5845558e-05
2.3284867e-05
1.5999398e-05
1.6625911e-05
1.5938708e-05
1.6587886e-05
1.593049e-05
1.5962387e-05
2.93636e-05
1.6042228e-05
1.9224503e-05
1.5858418e-05
1.6126518e-05
1.6056409e-05
0.0026624594
1.5871132e-05
1.6027383e-05
1.8513962e-05
1.5884275e-05
1.6028687e-05
0.00060978325
1.5818232e-05
1.6006354e-05
0.00011580124
1.6263942e-05
1.5826059e-05
1.5954745e-05
1.5875656e-05
1.5790019e-05
1.5962019e-05
1.5821426e-05
0.00025197553
1.5854815e-05
1.6735889e-05
1.6078871e-05
1.5916043e-05
1.579269e-05
1.6136565e-05
1.6026382e-05
1.5909715e-05
1.6030764e-05
1.5796463e-05
0.00042759346
2.7532586e-05
1.5960709e-05
1.6792682e-05
2.1093007e-05
1.6052861e-05
1.6116008e-05
1.6003248e-05
1.5995032e-05
0.001771846
1.584157e-05
0.00018910627
1.5909365e-05
1.5799425e-05
1.5801487e-05
1.6029577e-05
2.3822132e-05
3.8833409e-05
1.5935053e-05
1.5875794e-05
1.6033462e-05
1.5843314e-05
1.6715205e-05
2.3862907e-05
1.5789719e-05
1.6037123e-05
1.5870992e-05
1.5787855e-05
1.6013792e-05
0.00076838507
1.6037296e-05
0.00029918596
1.6146041e-05
1.5790478e-05
1.5826039e-05
1.661818e-05
1.5995147e-05
1.5811068e-05
0.0015232628
2.2875087e-05
1.5788084e-05
1.6528385e-05
1.6037098e-05
1.5801013e-05
1.6044248e-05
1.5861553e-05
0.00010170467
0.00030177842
1.5807386e-05
1.5790991e-05
1.5977113e-05
1.5946822e-05
1.606643e-05
1.5868407e-05
1.5983879e-05
1.7131894e-05
1.6055796e-05
1.6062936e-05
2.1659068e-05
1.5980136e-05
0.0015121726
1.5920229e-05
1.5898669e-05
1.6053974e-05
1.5885922e-05
1.5889076e-05
1.5834959e-05
0.0027115793
1.5784364e-05
1.5790115e-05
0.00049825
1.5798104e-05
1.5937941e-05
1.5784286e-05
1.5812616e-05
1.5786988e-05
1.5797029e-05
1.6058453e-05
1.5976522e-05
1.5785332e-05
1.5863102e-05
1.5807627e-05
1.5909759e-05
1.5827562e-05
1.5980115e-05
1.6074121e-05
1.6061785e-05
3.9336592e-05
1.7197354e-05
1.6004089e-05
1.5916839e-05
1.5896055e-05
1.5792168e-05
1.604297e-05
0.0022151053
1.6648407e-05
1.5964453e-05
1.578613e-05
1.5965706e-05
1.5952855e-05
1.5800522e-05
1.5884945e-05
3.4633885e-05
1.591353e-05
1.5858198e-05
1.6494927e-05
1.6056079e-05
0.0017293839
1.5822729e-05
2.0122952e-05
1.6027599e-05
1.5964693e-05
1.579232e-05
1.6044178e-05
0.00048070437
1.5952804e-05
1.5959071e-05
1.643281e-05
1.601468e-05
1.5957299e-05
1.6634791e-05
1.5947891e-05
1.5925592e-05
1.6124593e-05
1.6014941e-05
1.5906799e-05
1.6548211e-05
1.6056441e-05
1.5791441e-05
1.6161379e-05
1.5898349e-05
2.3700862e-05
1.5891034e-05
1.5805925e-05
1.579097e-05
1.5935577e-05
1.595245e-05
1.5884719e-05
1.5953206e-05
1.5948098e-05
1.5804612e-05
1.5792198e-05
1.5945279e-05
1.599911e-05
1.5901554e-05
1.5932092e-05
1.5793024e-05
1.5934717e-05
1.5808416e-05
0.00030092596
1.5821252e-05
1.5917477e-05
1.7362129e-05
1.6016619e-05
1.589321e-05
1.5882608e-05
1.5981202e-05
0.0014522176
1.6028054e-05
1.5890683e-05
1.5963793e-05
0.0027186744
1.8876936e-05
1.5935211e-05
1.5783724e-05
1.5856274e-05
2.0746447e-05
1.6053193e-05
1.5915471e-05
1.6482702e-05
1.6977235e-05
1.6093786e-05
1.6043863e-05
1.5820589e-05
1.5994168e-05
1.6053316e-05
1.5841183e-05
1.6103069e-05
1.5970868e-05
1.5928175e-05
9.579732e-05
0.00019190804
1.5990219e-05
1.6040715e-05
1.5996745e-05
1.6056054e-05
1.6008579e-05
1.5982089e-05
1.5950959e-05
1.6034152e-05
1.5874132e-05
1.5895987e-05
1.582548e-05
1.5942747e-05
2.7263391e-05
1.6006939e-05
1.5888456e-05
1.5791177e-05
1.5901927e-05
5.4484996e-05
2.210371e-05
1.5834275e-05
1.6030343e-05
1.5889489e-05
0.0023227079
2.7533668e-05
1.5381155e-05
1.5878048e-05
1.6137679e-05
1.5935038e-05
1.6044986e-05
1.5888072e-05
2.0425189e-05
1.5793817e-05
1.6009045e-05
1.6035987e-05
1.5912774e-05
1.6017373e-05
1.5815392e-05
1.6033542e-05
1.5805043e-05
1.5939704e-05
1.6377407e-05
1.5905281e-05
1.579e-05
1.5791602e-05
1.5925134e-05
1.6290964e-05
1.5965851e-05
1.5867859e-05
1.5959474e-05
1.6035595e-05
1.6031641e-05
1.602821e-05
1.6051313e-05
1.5892438e-05
1.5913864e-05
1.6052889e-05
1.5975064e-05
1.5880793e-05
1.5922385e-05
1.5935113e-05
1.5833625e-05
1.5917405e-05
1.5978057e-05
1.5972026e-05
1.5916528e-05
1.593211e-05
1.5931368e-05
1.5922448e-05
1.5912119e-05
3.3172785e-05
1.6009427e-05
1.5801932e-05
1.5938426e-05
1.5872463e-05
1.5988064e-05
1.5947859e-05
1.6007391e-05
1.590018e-05
1.6049192e-05
1.5951412e-05
1.6137546e-05
1.604892e-05
1.5957361e-05
1.5967839e-05
1.602195e-05
1.6948309e-05
1.5880417e-05
1.6100592e-05
0.0027907286
1.5809985e-05
0.0016431693
1.6807812e-05
1.6004501e-05
1.5873158e-05
1.597181e-05
1.6011615e-05
1.5808236e-05
1.6063458e-05
1.6016311e-05
2.2757009e-05
1.6006933e-05
1.6038005e-05
1.5795637e-05
1.5827099e-05
1.5978088e-05
1.579653e-05
1.5930319e-05
1.6640456e-05
1.5946032e-05
0.00025555863
1.5812943e-05
0.00067306334
1.5874714e-05
5.9042529e-05
1.5861406e-05
1.6032343e-05
1.5914527e-05
1.5957287e-05
1.5891639e-05
0.00037347358
1.5866647e-05
1.5859431e-05
1.5832616e-05
0.0028166297
1.5131486e-05
1.5803929e-05
3.6578767e-05
1.5953575e-05
0.0013875517
1.6026042e-05
1.5963732e-05
2.1351253e-05
1.588681e-05
2.0730302e-05
1.6474489e-05
1.5963631e-05
1.5994871e-05
1.9283613e-05
1.5889018e-05
1.7141867e-05
1.5792608e-05
2.3056611e-05
0.0013279602
1.5818514e-05
1.6323554e-05
1.5918469e-05
1.5857495e-05
1.6153801e-05
1.5929363e-05
1.5826553e-05
1.5814579e-05
1.6083257e-05
0.0017362345
1.6018344e-05
1.5927305e-05
0.0028401973
1.5790493e-05
1.5839538e-05
1.5791829e-05
1.6010842e-05
0.0016354514
1.6051313e-05
1.5806572e-05
1.9734068e-05
0.00063644567
1.6029267e-05
1.5784592e-05
1.404518e-05
1.579894e-05
1.6017679e-05
1.600003e-05
0.00017710513
0.00079145825
0.0015065454
1.5812925e-05
4.4053415e-05
1.6113347e-05
0.0006652486
1.6008411e-05
1.5983754e-05
3.0843575e-05
1.7327529e-05
1.5850048e-05
1.6101961e-05
1.5797577e-05
2.6467412e-05
3.9154361e-05
1.599851e-05
1.5798784e-05
2.1492261e-05
0.0028632635
1.6000171e-05
1.5926917e-05
1.578926e-05
1.6750504e-05
1.6040749e-05
0.0012678955
1.5922047e-05
1.6011563e-05
1.5812649e-05
0.0013807608
1.5793239e-05
1.5893469e-05
1.5957833e-05
1.5943401e-05
0.0017374418
1.600963e-05
1.5951226e-05
1.5810376e-05
1.610004e-05
3.5054246e-05
1.6045456e-05
0.0029024628
2.1996932e-05
2.3824375e-05
1.6019847e-05
1.5893476e-05
1.5978135e-05
1.6084177e-05
1.591321e-05
1.5837008e-05
1.5902668e-05
1.9269825e-05
1.597243e-05
1.5974326e-05
1.6525103e-05
1.5938039e-05
2.6029138e-05
1.5791571e-05
0.0015713729
1.5811619e-05
1.9741863e-05
0.0029217197
1.5786239e-05
1.5925676e-05
1.5795066e-05
1.5846508e-05
1.6021941e-05
1.594766e-05
0.0013950968
4.2417793e-05
1.6405841e-05
2.385353e-05
1.5875781e-05
7.6815655e-05
0.0014540234
1.5905504e-05
1.5822289e-05
1.6025479e-05
1.58088e-05
0.00066418685
0.0018564491
1.5803561e-05
1.5965631e-05
2.3254012e-05
1.6056022e-05
1.6026326e-05
1.5785945e-05
1.6056173e-05
1.5847321e-05
1.5940707e-05
1.6012112e-05
0.0028058735
1.579075e-05
1.7996415e-05
1.600176e-05
1.6037783e-05
1.5902847e-05
1.6282588e-05
1.5964898e-05
2.3247946e-05
1.5808028e-05
1.6017466e-05
1.6274365e-05
1.615039e-05
1.5791376e-05
0.00073260211
1.6360427e-05
1.6009503e-05
1.5962644e-05
0.00068577323
1.6247345e-05
1.5828193e-05
1.5941642e-05
1.6026302e-05
0.0028482479
1.5785625e-05
2.2948883e-05
1.5805857e-05
0.00061881088
1.5926404e-05
2.284994e-05
1.5856064e-05
1.6096493e-05
1.5791978e-05
1.6032521e-05
1.5812594e-05
1.5796978e-05
1.5802958e-05
0.00073379534
1.6151413e-05
0.00056529696
1.5813441e-05
1.5808706e-05
1.7570928e-05
1.5974976e-05
1.5964639e-05
1.6871784e-05
1.6125478e-05
1.5847267e-05
1.5791808e-05
1.5796919e-05
1.5800781e-05
3.0669792e-05
1.5797332e-05
4.2500033e-05
1.6017313e-05
1.5785695e-05
1.5795792e-05
1.5910931e-05
3.7230623e-05
8.1996673e-05
1.5824555e-05
2.0960964e-05
1.6048781e-05
1.594617e-05
1.5931483e-05
1.5805344e-05
1.5806803e-05
1.5967946e-05
1.6190192e-05
1.6493791e-05
1.600852e-05
1.5846765e-05
1.6032491e-05
0.0012296012
1.5947465e-05
1.6046802e-05
1.5788696e-05
1.5859987e-05
1.5802911e-05
1.5798721e-05
1.6158852e-05
1.8758341e-05
0.0015465095
1.5845243e-05
4.9977296e-05
1.5986158e-05
1.5803457e-05
1.59709e-05
0.00036172929
1.5858154e-05
1.6080556e-05
1.5795134e-05
1.64248e-05
1.5999159e-05
1.9504623e-05
1.5984436e-05
1.6923225e-05
0.0015116559
1.6052835e-05
5.3110285e-05
9.3227347e-05
1.6053052e-05
1.5792767e-05
9.0773175e-05
1.6023397e-05
1.6029732e-05
1.5954857e-05
0.00031429136
1.7187359e-05
0.0012368729
1.6022514e-05
1.5952657e-05
1.8903297e-05
1.6005956e-05
2.14149e-05
2.0940937e-05
1.5898385e-05
1.6057191e-05
1.6033449e-05
1.5797885e-05
1.6318503e-05
1.6645491e-05
1.9136912e-05
1.5791086e-05
8.0634664e-05
1.5877e-05
1.5839891e-05
3.3669106e-05
1.605139e-05
2.9352526e-05
1.596138e-05
1.5787128e-05
1.5949084e-05
0.0015306449
0.0018633258
2.2633049e-05
1.5799296e-05
1.5788373e-05
1.5959909e-05
1.6029619e-05
7.3936245e-05
1.5799623e-05
1.5974541e-05
1.5957307e-05
2.0208825e-05
1.5921106e-05
1.5796107e-05
2.0716315e-05
1.599864e-05
1.5795444e-05
2.2742545e-05
1.5991713e-05
1.593874e-05
1.5926998e-05
1.6011432e-05
1.5794964e-05
1.5857105e-05
1.6191317e-05
0.00018237179
1.6009439e-05
1.6496758e-05
7.6372771e-05
1.6049295e-05
1.5955201e-05
1.594611e-05
1.5957044e-05
1.6170822e-05
0.00016443392
2.1014023e-05
1.5998922e-05
1.7561215e-05
1.6051312e-05
0.001380529
1.601454e-05
1.5856012e-05
1.5853971e-05
1.5796239e-05
1.5848815e-05
2.2320952e-05
0.00028406889
3.8601622e-05
0.0013339244
2.0541147e-05
1.5842543e-05
1.8152297e-05
1.6004623e-05
1.6155581e-05
1.8805792e-05
1.6015113e-05
1.7431916e-05
1.5856574e-05
1.7459401e-05
1.6022246e-05
1.6002313e-05
1.5983453e-05
1.6069453e-05
1.5851613e-05
1.669922e-05
1.585417e-05
1.6019618e-05
1.5785948e-05
1.5987564e-05
1.5813618e-05
1.6334189e-05
1.5941868e-05
1.5801842e-05
1.652464e-05
1.6144202e-05
1.5893173e-05
1.8176147e-05
1.5826706e-05
1.5931797e-05
0.00058369847
0.0018856117
1.6004998e-05
2.2058969e-05
1.5465044e-05
2.1787854e-05
1.5845497e-05
1.5969532e-05
1.5788023e-05
0.0012358297
1.5959615e-05
1.5794692e-05
2.4269377e-05
1.579514e-05
1.9587754e-05
1.5982811e-05
0.00016226268
1.6055354e-05
1.5796863e-05
1.579538e-05
0.0017211767
1.9221443e-05
1.8776581e-05
0.0010474096
2.9790896e-05
1.6014341e-05
1.5791937e-05
0.00089078777
1.5816325e-05
1.5784437e-05
1.5786437e-05
1.6149636e-05
1.5944708e-05
1.5974913e-05
1.600375e-05
1.7486904e-05
1.5969581e-05
1.6012251e-05
1.5827266e-05
1.5992641e-05
1.5975564e-05
1.5878991e-05
1.5791377e-05
1.6130333e-05
2.3355519e-05
1.5834547e-05
1.6711499e-05
1.8359579e-05
1.6007074e-05
1.581249e-05
1.5823534e-05
6.1542458e-05
1.5789013e-05
1.5927404e-05
1.6242978e-05
1.7038445e-05
1.5795463e-05
1.5875955e-05
1.5962454e-05
1.8179536e-05
1.5875311e-05
0.0021656576
1.8906634e-05
1.5948684e-05
1.5792564e-05
1.5799891e-05
1.5797041e-05
2.0081193e-05
1.584543e-05
4.5034908e-05
1.5808777e-05
1.5846864e-05
1.5790366e-05
0.0004241344
1.5910853e-05
1.6539918e-05
1.5802896e-05
1.5805173e-05
1.579739e-05
1.6005309e-05
1.6093885e-05
1.5811499e-05
1.5794287e-05
0.00047702839
0.0027846051
1.5805318e-05
1.5799566e-05
2.2445094e-05
1.5937094e-05
1.7190319e-05
1.8518046e-05
1.5816226e-05
2.0803994e-05
0.0011966065
1.580195e-05
1.605166e-05
0.00023769154
2.0036228e-05
1.5913509e-05
1.6007809e-05
1.6018586e-05
1.6013905e-05
2.008035e-05
1.5961163e-05
1.5804226e-05
1.8720173e-05
1.7861086e-05
0.0004621761
1.5991223e-05
1.5805855e-05
1.5957058e-05
1.6210377e-05
0.0028344972
3.1559079e-05
1.6002031e-05
1.6521222e-05
1.5843267e-05
0.0024463498
1.5834772e-05
1.6020697e-05
1.5799058e-05
1.5935886e-05
1.5807214e-05
1.5904523e-05
1.6023433e-05
1.590283e-05
1.6053937e-05
1.5991033e-05
0.00012178675
1.5924685e-05
1.6089682e-05
0.0027838378
1.5811318e-05
1.7376805e-05
1.6010408e-05
1.5783594e-05
1.5856309e-05
1.5962942e-05
1.5810433e-05
1.6617917e-05
1.5822785e-05
1.6009164e-05
5.0430331e-05
1.6035484e-05
0.0028776598
0.00013985831
0.0010133183
1.580754e-05
1.5811267e-05
0.0011338836
1.5918516e-05
1.5958743e-05
1.5821315e-05
1.5998294e-05
1.5838513e-05
0.002849954
0.002080804
1.5803139e-05
1.5789671e-05
0.001345447
0.0019480792
1.4415617e-05
1.7513643e-05
2.8662251e-05
1.6018941e-05
1.5825878e-05
1.5894013e-05
1.5877933e-05
1.6020874e-05
1.578957e-05
1.5862339e-05
1.5793822e-05
0.00060655462
1.5986359e-05
1.6004195e-05
0.0028034053
0.002606533
1.5784273e-05
1.6008426e-05
1.5853126e-05
1.5820908e-05
1.6026469e-05
1.5839034e-05
2.0893286e-05
1.5792173e-05
1.5897951e-05
1.5817002e-05
1.590468e-05
0.00062684308
1.5913447e-05
1.5860773e-05
2.3373708e-05
1.7583465e-05
2.9606129e-05
1.601311e-05
0.00027420451
1.5889255e-05
1.6047976e-05
1.57916e-05
1.587913e-05
0.00049902995
1.6034048e-05
1.5984227e-05
0.0027810988
1.5885051e-05
1.5858705e-05
1.5998596e-05
1.5802855e-05
1.6409692e-05
1.5811457e-05
1.5887405e-05
1.6061412e-05
2.8591911e-05
1.6055302e-05
1.6075502e-05
1.5831516e-05
1.6009503e-05
1.6014005e-05
1.5813192e-05
1.5786108e-05
1.5800633e-05
1.5903525e-05
1.5816563e-05
1.5801806e-05
1.5965255e-05
1.594585e-05
1.5825156e-05
0.0011013356
1.5966394e-05
1.5915068e-05
1.6043948e-05
1.5938049e-05
0.0006530472
0.0027585596
0.0011541833
1.5983229e-05
1.5792184e-05
1.5863067e-05
1.5817803e-05
1.5845908e-05
1.5844066e-05
1.5808615e-05
1.5818118e-05
1.6039019e-05
1.5923339e-05
1.5875729e-05
1.5997265e-05
1.5794242e-05
1.5930517e-05
1.5800997e-05
2.3852767e-05
1.6023589e-05
1.5798593e-05
1.5883735e-05
1.587292e-05
1.628459e-05
0.0003089117
1.5906039e-05
0.0027296053
1.5976356e-05
0.0016644894
1.579328e-05
1.5980258e-05
1.5791795e-05
1.5934988e-05
1.6012841e-05
1.585844e-05
1.6001969e-05
1.6733023e-05
1.5881723e-05
1.5861787e-05
1.589509e-05
1.6121686e-05
1.5852886e-05
1.5821379e-05
1.5895901e-05
2.0459748e-05
1.5923555e-05
0.0018549135
1.5837459e-05
1.5786479e-05
1.634277e-05
1.6270953e-05
1.5880284e-05
1.5956735e-05
3.8133988e-05
2.2871492e-05
1.5940541e-05
1.5833089e-05
1.5901885e-05
1.5907974e-05
1.593836e-05
1.605745e-05
1.5849489e-05
1.5905512e-05
1.5958652e-05
1.5948972e-05
1.6189638e-05
1.6051252e-05
0.00015686538
1.6150266e-05
1.6071172e-05
0.0026628726
1.5798688e-05
1.6041278e-05
1.5852331e-05
1.5877495e-05
1.6604775e-05
1.6042387e-05
1.5886755e-05
1.5805438e-05
1.5984232e-05
1.5899417e-05
1.5915133e-05
1.6167392e-05
1.6065561e-05
1.5786434e-05
0.00014807802
2.1051568e-05
1.5936779e-05
1.6044747e-05
0.0026606511
1.5979019e-05
0.0024113563
1.5807476e-05
1.5988247e-05
1.5847819e-05
1.5808599e-05
2.6906592e-05
1.5905971e-05
1.5863785e-05
1.5873812e-05
1.6066453e-05
1.8368936e-05
0.00056125494
1.5813457e-05
1.5805504e-05
1.5795934e-05
0.000393789
1.5835193e-05
3.9618369e-05
1.5908061e-05
1.5792824e-05
1.6016165e-05
1.6052921e-05
2.7054468e-05
1.5794606e-05
1.5869903e-05
0.00097057924
1.579273e-05
1.5948563e-05
1.6320635e-05
1.5926017e-05
1.5851139e-05
1.5804591e-05
1.6049395e-05
0.00096344259
1.593612e-05
1.604843e-05
1.5797119e-05
8.4735943e-05
1.5827189e-05
1.6029193e-05
1.6006784e-05
0.0018764368
1.5946231e-05
1.5931648e-05
1.5982506e-05
1.6010169e-05
1.6213934e-05
1.5798893e-05
1.6107055e-05
1.6002117e-05
1.5967135e-05
1.6090081e-05
1.6052762e-05
1.6028101e-05
1.5816639e-05
1.583079e-05
1.604981e-05
1.605074e-05
1.5979681e-05
1.5795454e-05
1.5830732e-05
1.6004028e-05
1.6038828e-05
1.6002568e-05
2.2735656e-05
1.5990899e-05
1.7477105e-05
1.5793661e-05
1.6114837e-05
1.5798338e-05
1.5925363e-05
1.5785634e-05
1.5888275e-05
1.5979131e-05
0.0017587888
0.0017447186
1.5978225e-05
1.5898827e-05
1.5784942e-05
1.7324722e-05
1.5924961e-05
3.069884e-05
1.6057141e-05
1.5931977e-05
1.6035254e-05
1.6067908e-05
2.6289581e-05
1.6068135e-05
1.6022031e-05
1.6023787e-05
1.5848875e-05
1.6042881e-05
1.6036161e-05
1.6190185e-05
1.6024993e-05
0.00038721624
1.838561e-05
1.5994803e-05
2.5039407e-05
1.6037738e-05
1.5945226e-05
1.5930519e-05
1.6051331e-05
1.6097806e-05
1.6010407e-05
1.6032844e-05
0.0015387836
1.6094595e-05
1.598286e-05
1.6025185e-05
1.6052016e-05
1.5825252e-05
1.5986165e-05
1.5793595e-05
4.188629e-05
1.5931897e-05
1.5883403e-05
0.001781515
1.5790242e-05
1.5820941e-05
1.5864965e-05
1.6791071e-05
0.00012068311
1.5884803e-05
2.1809773e-05
1.5884875e-05
2.7258865e-05
3.3688874e-05
7.7732754e-05
1.5850822e-05
1.6492038e-05
1.6052359e-05
1.5858736e-05
1.5832762e-05
1.4430801e-05
1.5818917e-05
1.5914213e-05
0.00044708605
1.5823102e-05
5.0057533e-05
1.6019906e-05
1.5925675e-05
1.6057044e-05
0.00067979431
1.5839938e-05
0.0009432407
1.6587028e-05
0.0013792304
2.1868633e-05
1.5792175e-05
1.5817293e-05
3.0134037e-05
2.1912132e-05
1.5805088e-05
1.5802664e-05
1.5895504e-05
1.6049373e-05
1.5851846e-05
2.0164618e-05
1.5809721e-05
1.5859933e-05
1.5927325e-05
2.7945137e-05
1.8563195e-05
1.60163e-05
1.5871829e-05
0.0019034015
0.001440669
1.5797789e-05
2.1589816e-05
0.0012628925
1.5915148e-05
1.6048218e-05
1.6028856e-05
2.5950904e-05
0.00054027299
0.0014700599
0.000881396
2.3365577e-05
2.089445e-05
1.588962e-05
2.1628315e-05
1.5861733e-05
1.7829113e-05
0.0011972016
1.5789252e-05
1.5976023e-05
0.00065529309
1.5852994e-05
1.6025695e-05
0.0028714878
1.977016e-05
0.0016460339
1.6394805e-05
1.5827514e-05
0.0015281558
0.00072062062
0.00011113526
1.5843859e-05
0.0023359376
0.0014261333
5.4783004e-05
1.7677508e-05
2.6811709e-05
1.5903443e-05
1.9697419e-05
1.620283e-05
9.8500165e-05
1.5854646e-05
1.6293747e-05
1.5962554e-05
0.00037713341
1.6012729e-05
0.00021793535
1.5949356e-05
1.5887468e-05
0.0029161753
0.00058376438
1.6063931e-05
1.5954174e-05
1.5885163e-05
1.6039843e-05
1.6077849e-05
1.670014e-05
0.00031660983
1.5803914e-05
3.0050757e-05
1.5806679e-05
1.5917786e-05
1.6033835e-05
1.6012327e-05
8.387727e-05
1.6276889e-05
1.7618823e-05
0.0015571829
0.0012494861
1.5826288e-05
1.6307136e-05
1.5832082e-05
0.00043284914
1.9119182e-05
1.5989759e-05
1.5789342e-05
1.5792833e-05
1.5884175e-05
1.8425267e-05
1.9621833e-05
3.4625337e-05
1.6220513e-05
0.00029128368
1.578785e-05
1.6024398e-05
1.5800484e-05
7.7290641e-05
1.6020945e-05
1.5915999e-05
1.603388e-05
1.6029958e-05
0.00010026039
1.6167022e-05
1.5858199e-05
1.647426e-05
1.7203905e-05
4.0991732e-05
2.65597e-05
1.6045171e-05
1.6016246e-05
1.5970828e-05
0.002688474
1.6136231e-05
1.5941762e-05
1.598814e-05
1.6050595e-05
1.5790746e-05
0.0013926918
1.6041149e-05
0.0026516872
1.5783896e-05
0.0013860355
1.5551056e-05
3.0874476e-05
1.9131409e-05
1.6181929e-05
0.0028634965
2.5965938e-05
0.00064087173
1.5945954e-05
1.5785106e-05
0.0028155157
0.00034486083
1.5810092e-05
6.0662401e-05
1.4829389e-05
1.6040644e-05
1.5863889e-05
8.8349288e-05
1.580161e-05
1.5791558e-05
1.8694102e-05
1.5839438e-05
2.7215671e-05
1.5666678e-05
5.3423845e-05
0.00061984558
1.5765219e-05
1.5786552e-05
1.5829375e-05
2.450824e-05
1.8808263e-05
1.5986004e-05
1.5800064e-05
1.6032943e-05
1.5888951e-05
7.2487156e-05
0.0010929732
4.2579587e-05
1.4038252e-05
1.5993554e-05
1.5988971e-05
0.0022504937
1.6049927e-05
1.5876684e-05
1.8111917e-05
3.0636215e-05
0.00016438806
4.5570923e-05
0.00042165359
1.578589e-05
1.5896945e-05
1.6004734e-05
0.0016492405
3.0876267e-05
1.6086137e-05
2.0431491e-05
1.6026423e-05
1.579334e-05
3.3942619e-05
1.6023746e-05
1.6011704e-05
1.5794392e-05
2.4167251e-05
1.6039892e-05
1.5943172e-05
1.6009612e-05
1.6001358e-05
1.5820045e-05
2.0181423e-05
1.5785278e-05
5.3318943e-05
1.7170862e-05
0.0012521635
1.8891869e-05
1.5878728e-05
0.00044173306
1.6039567e-05
1.6040848e-05
0.0013861972
1.6035725e-05
0.00010892255
1.4812865e-05
0.00083511081
1.579992e-05
0.0009913319
1.5818795e-05
1.5819801e-05
1.5944899e-05
1.5899421e-05
1.7551671e-05
1.5982705e-05
1.6116986e-05
3.4073944e-05
1.5982173e-05
1.6123345e-05
1.5818537e-05
0.0001713945
1.5913116e-05
2.2054862e-05
0.0003207023
1.5941493e-05
1.5938779e-05
1.8900168e-05
2.2249079e-05
1.5961593e-05
1.5949763e-05
2.5233491e-05
2.3600138e-05
1.5796404e-05
1.5867779e-05
1.6042734e-05
1.5787205e-05
1.5933127e-05
1.601028e-05
0.00012089106
1.5784183e-05
1.5873228e-05
1.6036359e-05
1.5796593e-05
1.5806561e-05
7.808873e-05
1.5962542e-05
1.6499858e-05
0.0015118247
5.922398e-05
1.5800692e-05
1.6026863e-05
1.5843705e-05
1.5841685e-05
0.0014776167
0.0008943048
1.5999539e-05
1.5992334e-05
1.8173799e-05
1.6573284e-05
2.124612e-05
0.0003139655
1.5838767e-05
1.6054596e-05
1.6053889e-05
1.605092e-05
1.579249e-05
1.6001588e-05
1.5854035e-05
0.00017721771
1.5839977e-05
1.581443e-05
1.6484784e-05
1.6038317e-05
1.6033081e-05
2.4079482e-05
0.0016104069
1.598106e-05
1.6046353e-05
1.6011399e-05
2.5278268e-05
1.5787748e-05
1.5997989e-05
1.6735156e-05
1.6026452e-05
1.5788846e-05
1.5799357e-05
1.588557e-05
2.3782518e-05
1.6016545e-05
1.5946154e-05
1.5793341e-05
0.00013262853
1.5795034e-05
1.6816233e-05
1.5797068e-05
1.5928539e-05
0.002230171
1.6138738e-05
5.1072629e-05
1.5923004e-05
1.6220973e-05
1.5964351e-05
1.6063702e-05
1.5797357e-05
0.00021819769
1.6570187e-05
2.4987306e-05
1.5878268e-05
1.5989952e-05
1.5965985e-05
2.143946e-05
0.00093839149
1.6023974e-05
1.5901953e-05
1.7830019e-05
3.1659567e-05
2.230727e-05
1.5974178e-05
1.6037085e-05
1.6036157e-05
1.5808012e-05
1.9867879e-05
0.0011797956
1.5962117e-05
0.0015509315
3.0254575e-05
1.5994324e-05
1.5972875e-05
2.3004884e-05
1.6003226e-05
1.6442897e-05
1.5858119e-05
1.5786078e-05
0.0020946643
1.5861984e-05
0.0021019212
1.5383544e-05
1.5980674e-05
5.7253048e-05
0.0013890209
1.5807815e-05
1.6029735e-05
0.0015762131
0.0016033618
1.5981109e-05
0.0020764852
3.6172255e-05
1.6034687e-05
1.5846032e-05
0.0024717514
1.6029249e-05
1.5829353e-05
3.1152269e-05
1.6044909e-05
1.584294e-05
0.0013203603
1.5827064e-05
2.5686188e-05
1.5962598e-05
1.5919107e-05
1.5942225e-05
1.5788997e-05
1.6241946e-05
5.868191e-05
1.5788172e-05
0.0012709105
1.6041997e-05
1.6014818e-05
1.5935222e-05
0.0027577289
1.5881702e-05
1.5790821e-05
1.6178618e-05
1.581796e-05
1.6148599e-05
1.5827087e-05
1.579764e-05
1.5821642e-05
4.5240356e-05
1.5967541e-05
1.6028342e-05
0.001242993
1.6034348e-05
1.6023254e-05
1.4976793e-05
2.0193329e-05
0.0015077815
1.5783659e-05
0.00019278129
1.5954467e-05
1.603761e-05
1.6316337e-05
1.602475e-05
0.00036925683
0.0006513865
1.5907704e-05
1.6370153e-05
1.6489397e-05
1.5805481e-05
1.5831728e-05
0.00030623576
0.0013422115
1.581414e-05
1.5950181e-05
6.0822274e-05
0.00012611857
1.5919237e-05
1.5891557e-05
1.5948958e-05
1.6486143e-05
3.1538487e-05
0.00026558291
1.5952048e-05
1.5896017e-05
0.0018312327
0.00027073321
1.9837783e-05
1.6018037e-05
1.5795986e-05
1.7704612e-05
3.1800136e-05
1.6059346e-05
1.6071496e-05
1.6020462e-05
2.8563449e-05
1.6045785e-05
1.6123132e-05
1.6035898e-05
1.5877549e-05
2.2100293e-05
0.00079746254
1.6131186e-05
0.001520482
1.5933723e-05
0.00056677871
1.5816347e-05
1.6500901e-05
1.5993955e-05
2.2704784e-05
0.0014861618
0.0014116436
3.8853088e-05
1.6660634e-05
1.6002042e-05
1.5825848e-05
1.5998728e-05
0.00020051098
1.578965e-05
1.5971682e-05
1.6035166e-05
1.6021506e-05
2.3422994e-05
3.2264587e-05
1.5791755e-05
0.00020405251
1.6044484e-05
0.00073225386
1.5809572e-05
1.589389e-05
1.6074452e-05
1.6105527e-05
1.5861909e-05
2.1038186e-05
1.6058526e-05
1.6037307e-05
1.5808201e-05
1.6369326e-05
0.0024410104
1.6496894e-05
1.6034567e-05
1.5984758e-05
1.6079999e-05
0.0014434625
0.0030047993
0.0011314484
1.6147663e-05
9.7501421e-05
1.5851698e-05
1.6034018e-05
8.0832849e-05
1.5991939e-05
1.5807708e-05
1.6093229e-05
2.2603601e-05
1.6909928e-05
1.6011099e-05
1.5887666e-05
1.5793701e-05
0.002026277
0.0014963292
1.6121289e-05
1.5841513e-05
0.00086821752
1.6066249e-05
1.7211845e-05
1.5806674e-05
1.6811314e-05
1.6285169e-05
1.6015462e-05
1.5994947e-05
1.5786349e-05
2.0157377e-05
0.00150106
1.5965069e-05
1.6181809e-05
1.6115405e-05
1.5926842e-05
1.5789443e-05
1.5795777e-05
1.6012646e-05
1.6013029e-05
1.5924893e-05
1.6411535e-05
5.5605448e-05
1.5982197e-05
1.5812449e-05
1.6124585e-05
0.00017945095
1.5788386e-05
9.5711121e-05
1.6029818e-05
0.0023640182
0.0015758906
1.600717e-05
2.6312121e-05
6.9944741e-05
0.0019936293
1.593399e-05
3.2804092e-05
1.5957361e-05
1.5920845e-05
1.5843157e-05
1.6437833e-05
1.5954346e-05
0.0013592074
1.5978975e-05
0.00067162141
1.6010607e-05
1.5871427e-05
9.9579532e-05
1.5801902e-05
1.6420916e-05
1.7109325e-05
1.5842531e-05
1.9519057e-05
1.5949622e-05
1.5812225e-05
1.5952611e-05
1.5944946e-05
1.5868337e-05
1.5807261e-05
1.5812737e-05
0.00069170338
1.5796945e-05
1.6451057e-05
5.6130176e-05
1.5797407e-05
0.0012870936
1.5994357e-05
1.6025337e-05
0.0014810071
0.00061828683
3.4018417e-05
1.5952106e-05
0.0011393615
1.6333177e-05
1.5978919e-05
1.5803849e-05
1.6034716e-05
1.5875384e-05
0.0013806809
0.00077604582
1.6046541e-05
2.8947062e-05
1.5816174e-05
1.5787741e-05
1.603034e-05
1.5792575e-05
1.9184498e-05
1.5787886e-05
0.00011902736
1.5912388e-05
1.6428598e-05
1.5882157e-05
1.5977154e-05
1.5855004e-05
1.5763387e-05
1.5977459e-05
1.6010873e-05
1.5947344e-05
1.8535718e-05
1.5793294e-05
2.1001271e-05
1.5967379e-05
1.5800766e-05
0.00030782307
2.0461651e-05
1.5940266e-05
1.5894197e-05
1.6056472e-05
1.5790858e-05
1.5977744e-05
0.0014141405
1.6514506e-05
1.5833735e-05
0.0014023678
0.00037946997
1.5938282e-05
6.408045e-05
1.5990314e-05
1.5982546e-05
2.6226532e-05
1.6011041e-05
1.5793238e-05
1.5801644e-05
1.7026787e-05
1.734883e-05
1.5783388e-05
1.6156131e-05
1.6012195e-05
1.5992752e-05
1.5992348e-05
6.7687578e-05
1.5936376e-05
2.4064984e-05
1.5787517e-05
1.602024e-05
1.6010631e-05
1.6017853e-05
1.5796765e-05
2.3485e-05
1.6052724e-05
1.6169537e-05
1.5873518e-05
1.6083838e-05
1.5895233e-05
1.6047608e-05
1.5816409e-05
1.6066394e-05
1.5785723e-05
1.5956497e-05
1.5843495e-05
2.4610473e-05
1.6012224e-05
1.5957256e-05
0.0013589736
1.5783672e-05
1.5790974e-05
0.0015787007
1.6030833e-05
1.64423e-05
1.5881259e-05
1.6014959e-05
1.5824015e-05
1.5784066e-05
1.6609477e-05
1.6068161e-05
1.579837e-05
1.5783794e-05
1.5783919e-05
2.1019948e-05
1.5824166e-05
1.6005724e-05
3.4693072e-05
1.5783115e-05
1.6037167e-05
1.5803515e-05
6.7378596e-05
1.5955199e-05
1.5947918e-05
1.5783331e-05
8.701183e-05
0.0013675552
0.00061510064
1.469539e-05
0.00027586509
1.6112843e-05
1.5864251e-05
1.7414371e-05
2.6817585e-05
1.6037799e-05
2.1820027e-05
0.00012257208
1.5802425e-05
1.5955e-05
1.6024346e-05
1.6018854e-05
1.58417e-05
0.00082574053
0.0025870194
1.6055009e-05
1.6050441e-05
1.6059081e-05
1.5816084e-05
1.593908e-05
1.647194e-05
1.6877466e-05
1.5783349e-05
0.0001659538
0.00084294603
1.8823983e-05
9.884339e-05
0.0013898807
0.00066600257
1.6012404e-05
0.0017684601
1.5811446e-05
1.5792858e-05
1.5888094e-05
1.58721e-05
1.6021505e-05
1.5784065e-05
1.5860958e-05
3.5099111e-05
1.6011157e-05
1.6051037e-05
1.6013403e-05
1.5867867e-05
1.7538199e-05
1.4309216e-05
1.611709e-05
1.6738942e-05
0.00011079907
0.0017023965
1.5818076e-05
1.5980379e-05
1.6006678e-05
1.6005159e-05
1.5992246e-05
2.1779002e-05
0.00072764616
1.6000525e-05
1.5796292e-05
0.00031930729
1.599724e-05
2.6266078e-05
4.2055866e-05
0.0013367845
1.5806434e-05
1.5830392e-05
1.5794324e-05
1.579915e-05
1.6173836e-05
0.00026941003
1.6608998e-05
0.0015894717
0.00010729776
2.0220987e-05
1.5942996e-05
1.6035515e-05
0.0013683127
1.5826161e-05
1.6870256e-05
1.5805337e-05
2.7264662e-05
2.204635e-05
2.1142156e-05
1.6012352e-05
4.2563279e-05
0.0015307129
0.0015568648
0.001355988
1.5991609e-05
2.5555011e-05
1.6170765e-05
1.5817643e-05
1.6049139e-05
1.5894626e-05
9.9948972e-05
1.5981105e-05
0.0012219807
1.5978695e-05
3.5674292e-05
1.588755e-05
1.7694731e-05
1.5790267e-05
1.6079431e-05
1.603802e-05
1.5958811e-05
1.8445085e-05
2.2917762e-05
1.5925363e-05
5.5605467e-05
1.579665e-05
1.579992e-05
1.5816663e-05
1.4879198e-05
2.2064614e-05
7.4790049e-05
1.5813704e-05
3.855009e-05
1.8288129e-05
1.6052165e-05
1.5992846e-05
1.5823766e-05
1.6029743e-05
1.5867295e-05
1.5803327e-05
1.6044419e-05
0.0016233666
0.0015510673
1.5999751e-05
2.2050663e-05
1.6303768e-05
1.5792685e-05
1.5844114e-05
1.5976591e-05
1.6028948e-05
4.7784333e-05
1.5802705e-05
0.001499163
1.5789406e-05
1.602149e-05
2.3254229e-05
1.5917683e-05
1.6067999e-05
2.1148269e-05
1.6149588e-05
1.5786912e-05
0.0008969127
1.6587399e-05
1.6054852e-05
0.00090254012
1.5791713e-05
1.9695263e-05
1.9205077e-05
1.5882873e-05
1.5790314e-05
1.6058206e-05
0.00014718207
1.5985708e-05
1.6023939e-05
1.5811119e-05
1.5877202e-05
1.5555204e-05
0.0012081974
1.6054949e-05
1.6026745e-05
1.6052449e-05
1.5800997e-05
1.6043525e-05
1.6051027e-05
1.5785268e-05
2.4343956e-05
1.57884e-05
1.5841358e-05
1.6491338e-05
1.5784834e-05
8.0463948e-05
1.580793e-05
1.5793481e-05
0.00071850139
2.0709467e-05
1.5805453e-05
1.617139e-05
0.0020300295
1.5938566e-05
1.601055e-05
1.5970651e-05
1.5791686e-05
1.5807387e-05
1.5796256e-05
1.5986751e-05
1.5786186e-05
1.59621e-05
4.466967e-05
0.0020760735
0.000726215
1.6022291e-05
0.00082912208
1.5954735e-05
1.6278749e-05
0.0015388102
1.6153588e-05
1.618417e-05
1.6142769e-05
2.6213378e-05
1.5821242e-05
0.00027005057
1.6030678e-05
2.0324949e-05
2.0250984e-05
1.9865861e-05
1.7219991e-05
1.6050102e-05
2.0518863e-05
4.4505583e-05
1.649472e-05
1.5797235e-05
2.1018125e-05
1.5994848e-05
1.5955058e-05
1.5792492e-05
0.0015826382
2.109703e-05
1.5837569e-05
1.5792177e-05
2.1597897e-05
1.8348163e-05
1.579157e-05
1.5877326e-05
1.604128e-05
1.5808914e-05
1.5921452e-05
1.5809712e-05
0.0007353381
1.5807613e-05
0.0010023467
1.6064814e-05
1.6561245e-05
1.6020763e-05
1.5998962e-05
1.5790136e-05
1.5800884e-05
1.5789786e-05
1.5846664e-05
1.7330095e-05
0.0021095095
1.6129369e-05
2.380801e-05
1.8731538e-05
1.6019816e-05
1.584449e-05
1.5853028e-05
1.6008579e-05
1.5934179e-05
1.604003e-05
0.00026837534
1.5835752e-05
1.5987941e-05
1.5863914e-05
1.604422e-05
2.7204396e-05
1.5798072e-05
1.5946946e-05
1.6745343e-05
0.00013934131
1.6197937e-05
1.6049173e-05
1.6103109e-05
1.9652439e-05
1.6020897e-05
1.5806917e-05
0.00016410168
0.00016519347
0.0013473261
1.6009319e-05
0.0013409861
1.5997343e-05
1.8261367e-05
2.8005929e-05
1.5788311e-05
1.6003669e-05
1.5978899e-05
1.6015267e-05
0.00055296627
1.605197e-05
1.6074919e-05
1.6004994e-05
1.5783613e-05
1.578334e-05
1.5876154e-05
1.628468e-05
1.6022025e-05
1.5788541e-05
0.00034657692
1.5813703e-05
1.9313787e-05
1.5828234e-05
1.5859141e-05
1.5891611e-05
0.0010137825
1.6011102e-05
1.6140941e-05
1.5951629e-05
3.4079934e-05
1.6109051e-05
1.5996748e-05
1.5997369e-05
1.5976535e-05
0.00039290849
1.604567e-05
1.5957745e-05
0.00036758815
1.5805681e-05
1.5790808e-05
1.8472645e-05
1.5814055e-05
1.7466165e-05
1.5997709e-05
1.5838343e-05
1.5909097e-05
1.5793971e-05
4.9367289e-05
0.00076591487
1.6128581e-05
1.5966648e-05
2.2439193e-05
1.5823475e-05
1.6045939e-05
1.545436e-05
0.0010446463
1.6024924e-05
2.0184364e-05
1.5785331e-05
6.5362724e-05
1.5911595e-05
1.5794794e-05
1.6054583e-05
1.6186243e-05
1.5979309e-05
1.600767e-05
1.5791337e-05
1.6405237e-05
1.5936906e-05
0.0013095668
0.0011323577
1.6151211e-05
2.1578819e-05
1.6013488e-05
6.9068453e-05
1.6074078e-05
1.6762763e-05
1.7959418e-05
1.5795748e-05
1.7770618e-05
1.608459e-05
0.0016644816
1.6469529e-05
1.591613e-05
1.5826716e-05
0.0012678431
1.5989469e-05
1.5658236e-05
1.5824489e-05
1.5868025e-05
1.5839545e-05
1.6500812e-05
1.5995274e-05
1.5821586e-05
2.7268407e-05
1.5940152e-05
2.8270766e-05
1.5878485e-05
0.0014269308
0.00139957
1.5801612e-05
1.5793667e-05
1.6073083e-05
1.5968832e-05
0.001783378
1.5866234e-05
1.6024639e-05
1.6078861e-05
1.590807e-05
1.5888182e-05
2.5043133e-05
1.5816942e-05
1.5968146e-05
1.5981825e-05
1.7304405e-05
1.5888756e-05
1.5841581e-05
0.00038368703
1.5835774e-05
1.5790087e-05
1.5819149e-05
1.6381293e-05
0.0024821894
1.5948992e-05
1.5783146e-05
1.57832e-05
1.6012648e-05
1.5793564e-05
1.5991507e-05
1.5792089e-05
1.804964e-05
1.5885105e-05
0.0014660313
1.6860557e-05
1.586401e-05
1.578359e-05
1.6010611e-05
1.5794003e-05
2.6286926e-05
1.6070252e-05
1.619217e-05
1.6056876e-05
1.5868875e-05
1.6026038e-05
2.2988024e-05
1.5833724e-05
1.6886519e-05
1.6059676e-05
1.6910148e-05
1.567074e-05
1.6280059e-05
4.436169e-05
1.9825464e-05
1.605421e-05
1.5888187e-05
3.8875213e-05
0.0013703772
1.5833118e-05
1.6064006e-05
1.6169406e-05
1.604573e-05
1.601373e-05
1.6664308e-05
1.5848708e-05
0.00032398209
0.0002902874
4.381602e-05
1.5893243e-05
1.598108e-05
1.5797278e-05
1.5813152e-05
1.5800631e-05
1.5835624e-05
1.6023132e-05
1.8266033e-05
0.0016497796
0.00094317753
1.6523011e-05
1.5957854e-05
1.5994363e-05
1.5950296e-05
1.6095602e-05
1.6105424e-05
2.8292758e-05
0.0014516579
1.6046254e-05
1.592723e-05
1.5961702e-05
1.5878318e-05
1.584224e-05
1.6004447e-05
0.00092429455
1.5920172e-05
0.0019214234
1.597564e-05
2.4485257e-05
1.5789746e-05
1.5966033e-05
1.5816142e-05
1.6009211e-05
1.6147866e-05
1.5808869e-05
1.5869264e-05
1.4675233e-05
1.6026671e-05
0.00097828595
2.7575345e-05
1.6087608e-05
0.00013483737
1.6017637e-05
1.5949061e-05
2.8420038e-05
6.0708015e-05
1.6285194e-05
1.5805987e-05
1.5144287e-05
1.6010145e-05
0.0017240935
1.6007308e-05
0.0020987605
1.585916e-05
1.5819033e-05
0.00089319212
1.6008578e-05
1.9356641e-05
1.5971945e-05
1.5789846e-05
1.5872862e-05
1.6024367e-05
1.5868969e-05
1.5962061e-05
1.6022184e-05
1.578817e-05
2.2830013e-05
1.8882729e-05
1.625793e-05
1.600661e-05
0.0028293172
1.605626e-05
1.5785131e-05
1.6120827e-05
1.6042698e-05
1.6030413e-05
1.5786016e-05
1.602843e-05
0.00066050788
2.5231328e-05
0.00098266432
1.6001415e-05
0.0014354798
1.6076678e-05
1.5862819e-05
1.578548e-05
1.5821912e-05
1.5794793e-05
1.6022865e-05
1.5993077e-05
1.5884424e-05
1.5950207e-05
1.5797367e-05
1.5786557e-05
1.5996753e-05
0.0002676864
0.00031594998
1.5850792e-05
1.5971413e-05
1.5842825e-05
0.00059115219
1.6080864e-05
1.6054203e-05
1.6001567e-05
0.0013467597
1.5182464e-05
1.5864171e-05
0.001657756
1.6029655e-05
1.5865818e-05
2.5825371e-05
1.5891293e-05
1.5820869e-05
2.2127758e-05
0.0004925117
1.604549e-05
8.3757877e-05
1.5789206e-05
1.6034789e-05
1.5894456e-05
1.5867651e-05
0.00074375793
1.5865259e-05
1.5784727e-05
1.6011473e-05
0.0021194301
1.5849174e-05
1.6073683e-05
1.5856797e-05
1.9213194e-05
0.0017420296
5.1794903e-05
1.5972338e-05
2.2119988e-05
1.5930548e-05
1.5786447e-05
1.6023567e-05
1.5935037e-05
2.3131191e-05
1.6026718e-05
1.6238033e-05
1.584395e-05
1.5938398e-05
1.6244798e-05
1.6052996e-05
0.0010513235
1.6116533e-05
1.6127505e-05
2.4730539e-05
6.0658145e-05
1.6004469e-05
1.5946897e-05
1.6804761e-05
0.0017082229
2.8742298e-05
1.5793576e-05
1.57999e-05
1.5900852e-05
1.5954736e-05
1.5937352e-05
1.5873376e-05
0.00086688208
1.579244e-05
0.00031839869
1.5792954e-05
1.6711563e-05
3.381142e-05
0.0013144772
1.594162e-05
1.5976887e-05
1.7311991e-05
1.5792985e-05
2.5501753e-05
1.5848456e-05
0.0013746775
1.6004632e-05
1.5788951e-05
1.5868904e-05
1.5975137e-05
0.0020702059
1.5934822e-05
0.00011959309
1.6020156e-05
3.1131267e-05
0.0014944294
1.5807051e-05
1.5848085e-05
1.6010178e-05
3.7301208e-05
1.5987671e-05
1.5876639e-05
1.5895545e-05
0.0018112228
0.0012575233
1.6080066e-05
1.5808122e-05
1.6017115e-05
0.00050670862
1.5896683e-05
2.2129493e-05
1.5820846e-05
1.5911069e-05
1.6029106e-05
1.6020874e-05
3.6026915e-05
1.6036707e-05
2.7926035e-05
0.00059878851
1.6056662e-05
0.0016220663
1.6058088e-05
1.5814899e-05
1.5953199e-05
2.4280532e-05
1.5797283e-05
0.00032368535
2.0379525e-05
1.6009206e-05
1.6829205e-05
1.5786647e-05
0.00025724444
2.709375e-05
1.5798136e-05
1.580493e-05
1.6027408e-05
1.603304e-05
1.6179362e-05
1.5783585e-05
1.5838252e-05
1.6445884e-05
1.6012869e-05
1.6000208e-05
0.00063566809
0.00035597662
1.6049786e-05
0.00070224977
1.5803983e-05
1.6231603e-05
1.579332e-05
1.6024683e-05
1.5585716e-05
1.6905812e-05
0.0011648568
1.6008292e-05
1.582831e-05
1.5984797e-05
1.581789e-05
2.0948728e-05
0.00073943002
1.7891026e-05
1.5925081e-05
0.0019653012
1.5977122e-05
1.582772e-05
1.6029419e-05
1.5803229e-05
0.00042709642
1.5810673e-05
2.2985576e-05
1.5824948e-05
1.5788615e-05
5.4489825e-05
1.6052201e-05
1.5791978e-05
1.5964068e-05
1.9284861e-05
1.5980681e-05
1.9129907e-05
1.5786688e-05
1.5802699e-05
1.6018569e-05
1.5863005e-05
1.5811708e-05
0.0001245688
1.6365862e-05
1.5898001e-05
2.9717064e-05
0.0019317368
1.5985169e-05
1.8322836e-05
1.5989454e-05
0.0013355876
1.5872757e-05
1.5787943e-05
1.6558942e-05
1.5818182e-05
0.00072885705
1.6012553e-05
0.0017280049
1.6017159e-05
1.5832898e-05
0.00074710433
1.5962106e-05
1.6004551e-05
1.5935106e-05
0.00032991565
1.5923791e-05
1.6267865e-05
1.9328199e-05
1.6733289e-05
1.5821444e-05
2.0777538e-05
1.5914457e-05
1.5992711e-05
1.5788343e-05
1.5800272e-05
1.7853226e-05
1.5919309e-05
1.5811441e-05
1.5857844e-05
4.418145e-05
1.5400144e-05
1.6003911e-05
1.602591e-05
1.5791478e-05
1.6049249e-05
1.5978853e-05
5.093703e-05
2.0339504e-05
1.593668e-05
1.5973421e-05
1.5848562e-05
1.6063483e-05
1.5856412e-05
1.587911e-05
2.177502e-05
1.6072902e-05
1.6018669e-05
1.6112778e-05
3.0818025e-05
1.5786974e-05
1.6023088e-05
1.6038348e-05
1.5796649e-05
1.6147669e-05
3.5342202e-05
1.5993755e-05
1.6076354e-05
1.5924076e-05
1.5960085e-05
1.5931521e-05
0.0001581861
1.5974143e-05
2.427188e-05
1.9768796e-05
1.5906967e-05
1.6010174e-05
1.6018587e-05
0.00064460337
2.2873577e-05
4.9236534e-05
0.00023874939
1.5944576e-05
1.5956411e-05
1.5936064e-05
1.6328502e-05
1.6034965e-05
1.9128465e-05
1.5792833e-05
1.6057281e-05
0.00037005311
0.00038399175
1.7094578e-05
1.5795557e-05
1.6218102e-05
1.5979256e-05
1.6049716e-05
1.6211709e-05
2.7191006e-05
1.9591802e-05
1.60372e-05
1.5864037e-05
1.6115712e-05
1.6054527e-05
1.5907092e-05
1.5796158e-05
1.6326584e-05
1.5784543e-05
1.6009355e-05
0.0028787533
1.5791288e-05
1.6497559e-05
1.5872143e-05
1.5791334e-05
1.5997042e-05
0.001239612
0.00088862412
1.5893887e-05
1.5945438e-05
1.578739e-05
1.5913701e-05
1.5925333e-05
1.5807572e-05
1.5112777e-05
1.5981448e-05
1.5821949e-05
1.5357643e-05
1.640464e-05
1.5990293e-05
1.6067394e-05
1.5830514e-05
5.4848448e-05
1.5794127e-05
1.588589e-05
1.580515e-05
1.623152e-05
0.0012388574
1.8042446e-05
1.8175377e-05
1.6887594e-05
1.5968952e-05
1.5984057e-05
1.7202315e-05
2.6278015e-05
0.0014335536
1.6921075e-05
1.5892631e-05
0.0013785574
0.0015873396
0.00058143324
5.3401104e-05
1.5992127e-05
1.6058088e-05
2.0229426e-05
0.0023645403
1.6767674e-05
1.6035818e-05
1.5784759e-05
1.5794098e-05
1.63529e-05
0.00050567896
1.5789511e-05
0.0013562683
0.00078746459
0.00022115004
1.6019074e-05
1.586897e-05
1.5993194e-05
0.0020917101
1.590867e-05
1.5906726e-05
9.8096917e-05
1.5926521e-05
1.5928931e-05
1.6024447e-05
0.00047868944
1.6030209e-05
1.6129192e-05
1.6005473e-05
2.0094526e-05
3.0290378e-05
1.5987463e-05
1.5804098e-05
1.5911699e-05
1.5806725e-05
1.6192495e-05
1.5891802e-05
1.6169858e-05
1.5792026e-05
1.7702103e-05
1.661323e-05
0.0023423963
1.6027382e-05
1.5785891e-05
1.6018441e-05
1.5815951e-05
1.5793686e-05
1.5793662e-05
0.0015606585
1.8340558e-05
1.5934628e-05
2.1402488e-05
1.59931e-05
0.00072769816
1.5851165e-05
1.7039868e-05
0.00040593094
1.5840769e-05
1.5996289e-05
1.5795985e-05
1.5796085e-05
1.7096313e-05
1.5806758e-05
1.5887735e-05
1.582864e-05
1.5831487e-05
1.5800418e-05
1.5808531e-05
1.6029257e-05
1.6072856e-05
1.5843914e-05
1.7620307e-05
2.4285558e-05
1.5809844e-05
1.6115944e-05
1.6190384e-05
1.6157925e-05
1.579496e-05
1.5976119e-05
6.5775915e-05
1.5798417e-05
1.591762e-05
0.00071601212
1.5788083e-05
1.6153058e-05
1.7866857e-05
1.5793591e-05
1.579211e-05
1.5836233e-05
1.5784426e-05
1.6049558e-05
2.7337543e-05
0.00035733035
9.3399088e-05
1.6907916e-05
1.6000357e-05
1.5793897e-05
0.0012074509
1.5992379e-05
0.0018109677
1.600682e-05
1.5795515e-05
2.6217344e-05
1.5791276e-05
1.5954172e-05
2.402625e-05
4.5924535e-05
2.4053788e-05
2.152058e-05
1.6651809e-05
0.0013596466
1.5807707e-05
0.0010357684
1.6190843e-05
0.0007303617
1.5847373e-05
1.5961091e-05
1.6150901e-05
0.0021260025
0.00033027068
2.8784562e-05
1.5912842e-05
1.5950327e-05
1.5784911e-05
1.6010085e-05
1.595032e-05
1.6206459e-05
1.5789462e-05
1.5838183e-05
1.5966691e-05
8.5451373e-05
1.6955609e-05
1.5811414e-05
1.7466293e-05
1.5856081e-05
1.6036114e-05
1.5795341e-05
1.6008843e-05
1.6010657e-05
1.5946401e-05
0.00042788919
2.283266e-05
1.5233344e-05
0.0014667628
2.4948804e-05
2.2620364e-05
1.5917485e-05
0.00095912199
1.5800328e-05
1.7348281e-05
1.5794755e-05
0.001677552
1.5801623e-05
1.5790203e-05
1.9678347e-05
1.5993681e-05
1.6048232e-05
1.5906247e-05
1.6707413e-05
1.5867548e-05
1.6016821e-05
1.6169069e-05
1.5878595e-05
6.8305567e-05
1.6029809e-05
1.6011055e-05
1.6030263e-05
1.5801379e-05
0.00052555515
1.6034814e-05
1.5864262e-05
1.6124324e-05
1.7003165e-05
1.5973439e-05
1.5795202e-05
1.5907348e-05
1.5992234e-05
1.6773745e-05
1.5783513e-05
1.5789246e-05
1.613967e-05
1.59748e-05
1.5785522e-05
1.5913389e-05
1.5936002e-05
1.6624729e-05
1.5853823e-05
1.5868023e-05
1.6018837e-05
1.5793622e-05
1.7329374e-05
1.5861622e-05
0.0010213246
1.5633648e-05
1.6042143e-05
1.6044418e-05
1.5952072e-05
1.59368e-05
1.7623767e-05
0.00020576214
1.5793984e-05
1.5876958e-05
1.5993882e-05
1.6051922e-05
0.0016345174
0.0016904976
1.5840239e-05
1.5940783e-05
1.7202811e-05
2.1499536e-05
0.00030544581
1.5957727e-05
1.6026931e-05
8.3669307e-05
1.6041969e-05
2.7274016e-05
1.59918e-05
1.5835526e-05
1.5842157e-05
1.7510785e-05
1.6111876e-05
0.0014929459
1.6352289e-05
1.5886513e-05
1.6233109e-05
1.6000987e-05
0.00011692072
1.5848954e-05
2.6210222e-05
1.5793676e-05
1.8830225e-05
0.0013788201
1.6242342e-05
1.5903193e-05
1.5880568e-05
1.5819757e-05
1.6116511e-05
0.0019592785
0.00073321434
1.5976781e-05
1.4433181e-05
1.5829358e-05
1.5799523e-05
1.7218583e-05
1.586364e-05
0.00010102854
1.7297571e-05
1.6154081e-05
1.6022233e-05
1.5967117e-05
1.5783456e-05
1.6654084e-05
1.5873695e-05
1.6056936e-05
1.5789972e-05
1.6041803e-05
1.613751e-05
0.0016006425
1.7201505e-05
0.00036460646
0.00098811794
1.5819819e-05
6.3844154e-05
1.6065731e-05
1.5822938e-05
1.5891891e-05
7.3133232e-05
1.6025095e-05
1.5788492e-05
1.6006418e-05
1.7184295e-05
1.5784781e-05
1.6313853e-05
1.6015026e-05
1.7479664e-05
1.5798027e-05
7.2953319e-05
0.00043908628
1.5837182e-05
0.00058434895
1.5918767e-05
1.610569e-05
1.769618e-05
2.3405056e-05
1.5831997e-05
1.6015043e-05
2.0116888e-05
0.0013321091
1.5957742e-05
0.00065219725
1.5849644e-05
1.6023189e-05
1.6199958e-05
1.5842135e-05
1.6059989e-05
1.5783452e-05
1.6061202e-05
1.6060927e-05
1.5801939e-05
1.6049991e-05
1.5811581e-05
7.8626837e-05
1.6159779e-05
1.5810437e-05
1.5971485e-05
1.5923116e-05
1.6035084e-05
0.0001381317
1.6055167e-05
1.5827516e-05
1.6054204e-05
1.5816147e-05
0.00076612646
1.5929466e-05
1.5796284e-05
1.6080029e-05
1.6010151e-05
1.5811322e-05
1.6265466e-05
0.00091071272
1.7698913e-05
2.1163571e-05
2.0952552e-05
1.5969579e-05
2.3300502e-05
1.5961262e-05
0.00035284156
1.6022731e-05
0.00070156679
1.636001e-05
1.5867993e-05
1.5891928e-05
1.5793642e-05
5.2544328e-05
1.5906993e-05
1.5795843e-05
1.7347216e-05
1.606492e-05
1.5986064e-05
1.6046175e-05
1.6138858e-05
1.5814046e-05
1.6044539e-05
1.5819403e-05
1.6135619e-05
0.0011650727
1.5949017e-05
1.7559491e-05
1.5990347e-05
0.0003259298
1.5790712e-05
1.5794572e-05
0.00016298272
0.001450709
0.0010415931
1.596369e-05
1.6021228e-05
0.0014645816
1.6012401e-05
1.4610088e-05
1.5789295e-05
1.5914366e-05
1.5941628e-05
1.5790021e-05
1.5979733e-05
1.5794139e-05
1.5953695e-05
3.6422884e-05
1.7509795e-05
1.6085734e-05
0.0010808514
1.5806529e-05
1.5791072e-05
1.5891508e-05
0.0010017013
6.843403e-05
1.592866e-05
0.00015293507
1.5874832e-05
1.5823819e-05
2.3264735e-05
1.597319e-05
1.6025383e-05
1.6298578e-05
1.5821864e-05
7.6353976e-05
1.607294e-05
1.590008e-05
2.2751891e-05
1.5976568e-05
1.7956255e-05
1.5789621e-05
1.6708878e-05
1.6030988e-05
1.5966184e-05
1.6032163e-05
1.6124377e-05
2.2250898e-05
1.6034618e-05
1.6029541e-05
1.5960287e-05
1.588012e-05
1.6009022e-05
1.6617312e-05
1.5787246e-05
1.5890433e-05
1.6006511e-05
1.5810027e-05
1.5945749e-05
1.6054929e-05
1.5912966e-05
0.0014655783
1.5996683e-05
0.00068636412
1.6101413e-05
0.001412468
1.6808824e-05
1.6003493e-05
0.00016361758
1.6122399e-05
1.5903511e-05
1.6492994e-05
1.9511066e-05
1.5797725e-05
1.5797806e-05
1.998534e-05
0.0016993198
1.6191907e-05
1.6009139e-05
1.5879173e-05
1.6368183e-05
0.0012105282
2.6297099e-05
1.5946728e-05
1.6058428e-05
1.5854394e-05
4.0191905e-05
1.6105934e-05
0.0010948807
1.5788896e-05
1.5820064e-05
1.6031601e-05
1.5821754e-05
1.6024911e-05
1.6016903e-05
1.6172416e-05
1.5871626e-05
0.00072430025
1.6038763e-05
1.6103803e-05
3.5054648e-05
0.0015940919
1.5818397e-05
1.578425e-05
1.5791098e-05
0.00018501052
1.6024085e-05
1.5982283e-05
1.5853204e-05
1.5914665e-05
9.5723153e-05
1.8769348e-05
1.6450063e-05
2.3858603e-05
1.6034546e-05
1.5845017e-05
2.7018571e-05
8.5658871e-05
1.605496e-05
1.5785529e-05
1.5808064e-05
1.5973846e-05
1.7395588e-05
1.5924651e-05
2.1139227e-05
5.144832e-05
1.5792877e-05
1.6052398e-05
2.6203853e-05
1.6333979e-05
1.5818823e-05
1.6467744e-05
0.0020251666
1.5962416e-05
1.57835e-05
1.6048609e-05
1.6142161e-05
0.00054328847
1.6037663e-05
1.5977902e-05
1.5919691e-05
1.5993312e-05
1.5825948e-05
1.5801215e-05
1.6006325e-05
3.533631e-05
1.5975514e-05
0.00053402522
1.6022748e-05
0.00039221469
1.6003153e-05
1.5958375e-05
0.0015397627
1.617144e-05
1.5918069e-05
1.6054507e-05
1.9198417e-05
2.1527022e-05
1.6102794e-05
3.4793513e-05
1.5784418e-05
1.5989496e-05
1.5855624e-05
1.6026053e-05
1.5971857e-05
1.5857855e-05
1.6131939e-05
6.1174446e-05
1.5785068e-05
0.0026671929
1.6008331e-05
1.5977148e-05
1.6022337e-05
1.5888034e-05
5.7169811e-05
1.5908191e-05
0.0021486605
1.5810823e-05
1.5875663e-05
1.6020429e-05
9.4015388e-05
2.6971725e-05
0.00032776394
1.6050527e-05
1.5798724e-05
1.6011063e-05
0.0005155823
1.6009494e-05
1.5993648e-05
1.5871032e-05
1.5790834e-05
2.1248662e-05
0.0014304451
1.5792707e-05
0.00043270908
1.9503008e-05
1.6180761e-05
1.9859006e-05
1.5795867e-05
1.7070143e-05
1.5791839e-05
2.0282203e-05
1.596067e-05
0.00086602174
2.0566378e-05
1.5989979e-05
1.6219965e-05
3.5066792e-05
0.0014884818
1.5788462e-05
1.6053692e-05
0.00061623357
0.0006158823
2.0260674e-05
6.9358909e-05
1.6014735e-05
0.00060436613
1.6138582e-05
1.5793282e-05
1.5806894e-05
1.5940876e-05
1.579972e-05
3.2124048e-05
1.5789407e-05
1.6088413e-05
1.5798702e-05
1.5795959e-05
1.5889224e-05
1.5358737e-05
1.5948027e-05
1.5980726e-05
1.6008508e-05
2.9487482e-05
1.6385091e-05
1.6004375e-05
1.618504e-05
0.0017351656
0.00035386729
1.9858493e-05
0.00089772036
2.0244805e-05
1.584629e-05
1.5791147e-05
2.0510714e-05
1.613384e-05
2.1012599e-05
1.6001854e-05
2.2661659e-05
1.57953e-05
1.5790066e-05
1.5789204e-05
1.5927566e-05
1.5990136e-05
1.6079951e-05
1.6141803e-05
1.5907569e-05
1.5783759e-05
0.0011140073
1.6028387e-05
1.5970267e-05
1.5865489e-05
1.6148361e-05
1.5910246e-05
1.6039339e-05
0.0015055094
0.0014531079
1.6026176e-05
1.6338549e-05
0.00010016387
1.5791732e-05
1.6431012e-05
1.6019359e-05
1.5917422e-05
1.5824361e-05
1.6034932e-05
1.602828e-05
1.5949783e-05
1.6208788e-05
1.580064e-05
1.5963612e-05
1.6157959e-05
1.6029111e-05
1.6048954e-05
0.00048315555
1.5969129e-05
0.00029919175
1.7032072e-05
1.60299e-05
1.593436e-05
1.5896157e-05
1.5108503e-05
2.8568061e-05
2.9515333e-05
1.8258748e-05
1.5861677e-05
1.6001031e-05
1.5787974e-05
1.5802411e-05
1.597023e-05
1.5785734e-05
0.0014546064
1.587402e-05
1.6072172e-05
1.5864763e-05
1.6005373e-05
0.0027672383
1.5837317e-05
0.00042956613
0.0014353653
1.5934833e-05
1.5978717e-05
1.5816565e-05
1.9644793e-05
1.5966877e-05
1.5805374e-05
1.6041366e-05
1.7713722e-05
1.5970476e-05
1.6125734e-05
1.652825e-05
1.6055921e-05
1.6029723e-05
3.6577022e-05
1.5985772e-05
5.856874e-05
1.8625991e-05
1.6003644e-05
1.5328586e-05
1.5961846e-05
1.5789215e-05
6.6585712e-05
1.5871223e-05
0.001445702
1.6002848e-05
1.5816165e-05
1.5918087e-05
1.6043448e-05
1.5846493e-05
0.0001100716
1.6500579e-05
6.8216904e-05
6.4463887e-05
1.5996676e-05
0.0018026234
1.6748491e-05
1.593922e-05
0.0016420569
1.5793503e-05
1.6053269e-05
1.6052333e-05
1.9635337e-05
1.5996625e-05
1.5839195e-05
1.6018032e-05
0.0024527043
1.6009521e-05
1.602727e-05
0.00049057017
1.5095029e-05
1.6173563e-05
9.0477903e-05
1.599901e-05
1.5923965e-05
1.5981974e-05
2.6997891e-05
0.00030719407
1.5917998e-05
1.579427e-05
1.5889563e-05
1.5797335e-05
1.5935208e-05
2.3398256e-05
8.4185972e-05
1.6098221e-05
1.6607748e-05
1.595013e-05
2.1408796e-05
1.5795176e-05
0.0028760555
1.5848482e-05
1.5971141e-05
1.6706274e-05
1.5844483e-05
1.6067099e-05
1.5927703e-05
1.7177962e-05
7.4584343e-05
1.5986454e-05
1.6006013e-05
0.00033295991
1.5801631e-05
1.5899411e-05
1.5915796e-05
1.6010092e-05
1.5859567e-05
1.5783027e-05
1.5791284e-05
1.5966332e-05
0.00053606783
1.8877749e-05
1.5997451e-05
1.6740085e-05
1.6059112e-05
1.6034429e-05
1.5891947e-05
1.594935e-05
1.6025764e-05
1.5878557e-05
0.00075216154
1.6033869e-05
1.5943131e-05
0.002767918
1.5812918e-05
1.5802664e-05
0.00076714859
1.5824135e-05
3.8829556e-05
1.5915876e-05
1.5795095e-05
5.5569206e-05
1.5889436e-05
3.7881617e-05
1.6018576e-05
1.5847269e-05
0.0018693375
1.5831754e-05
1.5977809e-05
1.5826389e-05
1.6056422e-05
1.5837559e-05
1.5796846e-05
0.00024166951
1.5788996e-05
1.578628e-05
1.5940887e-05
1.5966396e-05
1.5806455e-05
0.0016677756
1.5714381e-05
0.0014985643
1.5829425e-05
2.8540319e-05
0.0013526978
1.6129515e-05
0.0010195866
1.4940172e-05
1.4899037e-05
1.6026129e-05
2.8927882e-05
1.6032512e-05
1.5879611e-05
1.6018989e-05
1.5910376e-05
1.6011833e-05
1.5784882e-05
0.001345814
1.596776e-05
2.4269305e-05
1.5850906e-05
1.5870739e-05
0.0014180376
2.72849e-05
1.5897471e-05
1.5789942e-05
1.6010877e-05
3.799143e-05
0.0018648042
1.5808741e-05
1.6291625e-05
1.7113372e-05
0.002987454
1.5902367e-05
1.9510558e-05
1.5799999e-05
1.6801936e-05
1.58745e-05
0.00034357526
1.5828705e-05
1.6079447e-05
1.5887684e-05
0.0004433372
1.6137478e-05
1.6837615e-05
1.5787456e-05
1.6193698e-05
1.6163306e-05
1.6010862e-05
1.5832074e-05
0.0001870802
1.6040126e-05
0.0010594284
2.5529633e-05
1.5798795e-05
0.001576064
1.6032913e-05
1.5812978e-05
1.5791839e-05
0.00018934444
1.9145613e-05
1.5814604e-05
1.6023696e-05
1.6115606e-05
1.5842063e-05
1.5876201e-05
1.5800128e-05
0.0010790687
1.62036e-05
0.0012499365
1.5865095e-05
1.5796661e-05
6.1073084e-05
1.5956333e-05
1.603596e-05
0.0011287979
1.5792674e-05
0.00094823217
0.00027151944
1.5959011e-05
6.6177814e-05
1.5913628e-05
1.5943177e-05
2.5902241e-05
1.5879941e-05
1.5789805e-05
1.5997072e-05
0.0013744147
1.6024442e-05
1.6072894e-05
0.0013234206
1.5797002e-05
1.5818662e-05
1.6087586e-05
1.5815757e-05
1.5783259e-05
1.9523235e-05
1.6008608e-05
1.5925687e-05
1.5969574e-05
1.5799457e-05
1.5948176e-05
0.0011128894
2.1141777e-05
1.6041962e-05
7.3983113e-05
1.5823598e-05
1.5958986e-05
1.5851968e-05
1.9516484e-05
1.6223878e-05
0.00097221641
1.5828656e-05
1.5976531e-05
1.5806027e-05
1.5841086e-05
1.5978266e-05
1.5839866e-05
1.5784014e-05
0.00024138876
1.5830734e-05
3.1990047e-05
1.5828596e-05
0.00012947594
0.00020077308
1.5914892e-05
1.6199113e-05
1.579112e-05
1.9019449e-05
1.5801351e-05
1.5792939e-05
1.5785533e-05
1.6028769e-05
5.7353676e-05
1.5783401e-05
1.5822622e-05
1.5938592e-05
1.8647641e-05
1.6359419e-05
1.603024e-05
1.6039968e-05
1.584518e-05
1.5854373e-05
1.5941006e-05
1.6189182e-05
1.5793022e-05
1.6076691e-05
1.5864284e-05
1.5910828e-05
1.5793231e-05
1.5915744e-05
1.6070662e-05
1.6011501e-05
1.5789988e-05
0.0019502344
1.6041499e-05
1.5897275e-05
1.5985305e-05
1.6027877e-05
1.578297e-05
1.590287e-05
2.1539764e-05
1.5978073e-05
1.5884612e-05
1.5799637e-05
4.1658238e-05
4.2232793e-05
1.5787145e-05
1.5902863e-05
5.1346973e-05
1.6505687e-05
1.5793977e-05
1.5793496e-05
1.6646577e-05
1.5956781e-05
0.00027007376
0.00016267349
1.5917454e-05
1.6092113e-05
1.5791532e-05
1.5876881e-05
1.5800874e-05
1.6010892e-05
1.5795832e-05
1.5832824e-05
1.5911416e-05
1.580306e-05
1.6011433e-05
1.5892083e-05
1.5837611e-05
0.0012520809
1.5076913e-05
2.2023887e-05
1.6050784e-05
4.2562414e-05
0.00048447246
1.6876176e-05
1.9969847e-05
1.5912516e-05
1.6159476e-05
1.579324e-05
1.593763e-05
1.6297197e-05
1.5948718e-05
1.6665122e-05
1.6878993e-05
1.6033838e-05
0.001190896
1.5883916e-05
1.5978598e-05
0.0013282849
1.6585032e-05
1.6013754e-05
1.5993131e-05
1.6041374e-05
2.931153e-05
0.00060647891
1.5818979e-05
1.6699378e-05
1.579325e-05
1.6228256e-05
1.5983029e-05
1.6006113e-05
2.7904261e-05
1.5542464e-05
1.5815492e-05
1.5876943e-05
1.6109495e-05
1.6050284e-05
1.6091379e-05
1.5807176e-05
1.579142e-05
1.5924245e-05
1.5784948e-05
1.5990441e-05
1.6056274e-05
0.0010976175
0.0013157282
1.6037402e-05
1.6050149e-05
1.5112691e-05
1.6115482e-05
3.7311836e-05
1.6923642e-05
1.5950736e-05
1.5815903e-05
0.0005084824
1.6037479e-05
5.211096e-05
0.00017408108
0.001750232
1.5839123e-05
0.00038373875
1.5871574e-05
1.5795638e-05
1.6712713e-05
0.0012922324
1.5793549e-05
0.00030876692
1.5976417e-05
1.6045427e-05
1.5921493e-05
1.9827429e-05
8.5450405e-05
0.0021163056
3.2758734e-05
1.578693e-05
0.0018667271
1.5810661e-05
1.6073361e-05
1.6146952e-05
3.7000429e-05
1.5937978e-05
1.6051389e-05
1.6598604e-05
0.00032696295
1.5904887e-05
1.5911919e-05
1.6192732e-05
1.588767e-05
1.5865165e-05
1.5921107e-05
1.5916095e-05
0.0020168168
1.5878972e-05
1.6040173e-05
2.0553427e-05
1.6041172e-05
1.5783247e-05
1.5911303e-05
1.5793729e-05
1.601404e-05
1.7243391e-05
1.6061834e-05
1.6033907e-05
1.6059389e-05
1.5931331e-05
1.5097371e-05
1.6236405e-05
1.5920452e-05
1.6031589e-05
1.7286945e-05
1.5892934e-05
1.6101847e-05
1.6001426e-05
1.604455e-05
1.5807587e-05
1.7380168e-05
0.00093742101
1.601931e-05
2.7245717e-05
1.5852536e-05
1.5789622e-05
1.6012439e-05
4.8661376e-05
1.6017378e-05
3.690071e-05
1.5795384e-05
1.5799854e-05
0.0008333222
1.6027757e-05
1.6548471e-05
2.1808702e-05
0.0012900433
1.5952401e-05
4.9281615e-05
1.6056179e-05
1.8979014e-05
1.6054225e-05
1.5817814e-05
1.5906032e-05
1.6047145e-05
1.6378237e-05
1.6136471e-05
1.6027418e-05
1.6057454e-05
1.594956e-05
1.6044479e-05
1.6039003e-05
1.6143662e-05
1.6919829e-05
1.5996475e-05
0.0016513766
1.6056269e-05
1.5997907e-05
1.6122574e-05
2.7226543e-05
1.6087719e-05
2.0484292e-05
0.00034911699
1.6188713e-05
0.00012490705
1.5802763e-05
1.6006861e-05
1.5810275e-05
1.604855e-05
2.0702211e-05
1.5791941e-05
1.5958504e-05
1.6125651e-05
1.6609552e-05
0.0004157235
1.6029883e-05
1.9126986e-05
1.5818811e-05
1.5879222e-05
1.5985789e-05
1.5947225e-05
1.7177766e-05
1.5906621e-05
1.5827296e-05
1.5922641e-05
1.596003e-05
1.9288705e-05
1.8889641e-05
1.5800541e-05
1.6011819e-05
1.59517e-05
1.6034701e-05
1.5901868e-05
1.5801435e-05
1.6548165e-05
1.5792356e-05
1.8017821e-05
1.6082895e-05
1.6062209e-05
1.6096746e-05
1.597235e-05
1.6039648e-05
1.6010195e-05
1.5974687e-05
1.5783555e-05
1.5801008e-05
1.5889775e-05
1.7360352e-05
0.00068772995
1.6016043e-05
0.0013954807
1.6044286e-05
1.6122938e-05
1.781473e-05
1.6531664e-05
1.9721156e-05
1.6219723e-05
0.0013006977
1.6209619e-05
8.9885193e-05
2.0071729e-05
1.5070797e-05
1.5908524e-05
1.5857372e-05
1.6040514e-05
4.9028588e-05
1.5822652e-05
1.5994074e-05
1.6021782e-05
1.5817196e-05
1.5842753e-05
1.6048523e-05
6.317301e-05
1.5931434e-05
1.5965059e-05
1.5788055e-05
1.6036111e-05
1.5959275e-05
1.6034033e-05
1.5948287e-05
1.600096e-05
3.2628432e-05
1.6043862e-05
1.5844252e-05
0.0010140166
1.6007878e-05
1.5809732e-05
1.6044952e-05
1.5883741e-05
1.5942674e-05
1.6426834e-05
1.5852857e-05
1.6621662e-05
1.5921525e-05
1.6773175e-05
0.0013908854
1.8939203e-05
1.6269321e-05
0.0011678897
0.0010262102
1.6052229e-05
1.5813236e-05
1.6043401e-05
1.681191e-05
1.6028543e-05
1.5977552e-05
1.5911969e-05
1.5811782e-05
1.5785536e-05
0.0017250416
1.578384e-05
1.5722772e-05
1.7110156e-05
1.5869307e-05
1.5993524e-05
1.588562e-05
1.5876054e-05
1.6049952e-05
1.5793607e-05
2.2667453e-05
1.5961204e-05
1.6027373e-05
1.5950223e-05
1.9502454e-05
1.5822224e-05
0.0029709081
1.6060009e-05
1.5985258e-05
1.58382e-05
1.9112439e-05
1.6063964e-05
1.5908891e-05
4.3446792e-05
1.5886737e-05
0.00056765409
1.5896329e-05
1.6014923e-05
1.5921333e-05
0.0027311534
4.427558e-05
9.132461e-05
1.6006434e-05
0.0026782948
1.6026951e-05
2.7023531e-05
1.6126629e-05
1.5791276e-05
2.3236646e-05
2.4516704e-05
1.595849e-05
1.7507843e-05
1.6051659e-05
1.603721e-05
1.6059606e-05
1.5793708e-05
1.5962709e-05
3.0620542e-05
3.4641838e-05
1.5874193e-05
1.5796682e-05
1.5981639e-05
0.0011336515
1.5822429e-05
1.5941551e-05
1.5799001e-05
1.5966319e-05
1.6060368e-05
1.9968105e-05
1.5808691e-05
1.6007269e-05
1.5989575e-05
1.5788763e-05
0.0010239333
1.6070602e-05
1.6162174e-05
1.6026765e-05
1.604531e-05
1.5866541e-05
5.9037213e-05
1.5820679e-05
1.6026604e-05
1.5982921e-05
1.5928379e-05
1.5794643e-05
2.7266178e-05
1.5796242e-05
1.6044446e-05
1.5856073e-05
1.5786665e-05
5.1963184e-05
1.5963622e-05
2.2060809e-05
1.780484e-05
1.587667e-05
1.6101703e-05
1.7808564e-05
0.00020350727
1.5802879e-05
1.6056762e-05
4.4497549e-05
1.6036595e-05
1.6147904e-05
1.5895255e-05
0.00074146414
1.6146836e-05
1.5799215e-05
1.7036789e-05
2.4944459e-05
1.6053663e-05
1.5793269e-05
1.588897e-05
1.5791436e-05
1.5866387e-05
2.7071727e-05
1.6598753e-05
1.6605954e-05
1.7457776e-05
0.00035281354
1.6617631e-05
1.6569142e-05
1.5784611e-05
1.6008122e-05
1.5808594e-05
1.5961293e-05
1.5856814e-05
1.5976946e-05
1.6079848e-05
0.0016370427
1.5791095e-05
1.6019252e-05
1.6234403e-05
1.6024699e-05
1.5968901e-05
4.648172e-05
0.00090351937
1.5857605e-05
1.6016036e-05
1.5948184e-05
1.6156375e-05
2.9458177e-05
2.2686389e-05
1.5832142e-05
1.6028091e-05
0.00061784377
1.5855939e-05
1.5949538e-05
1.6151386e-05
1.5838474e-05
1.57916e-05
1.5924063e-05
0.0011361651
1.5944705e-05
1.6023077e-05
1.6689512e-05
1.6053988e-05
1.5905395e-05
1.6122193e-05
1.5921744e-05
1.6643088e-05
1.6055968e-05
1.7557702e-05
1.7837519e-05
1.5822112e-05
1.5977714e-05
0.00014726885
1.5395578e-05
1.6016289e-05
1.5886579e-05
0.0012066052
1.5797302e-05
7.0018307e-05
1.5899257e-05
1.7758984e-05
1.7062833e-05
1.6011434e-05
1.5807384e-05
1.5787299e-05
0.00019954422
1.5801137e-05
1.588188e-05
1.5953723e-05
1.5790461e-05
1.5921577e-05
1.5796715e-05
0.0027442794
1.5798539e-05
1.578808e-05
1.59205e-05
1.5979269e-05
1.5986785e-05
0.00040390324
1.5796241e-05
0.00098186594
1.5789865e-05
1.5783962e-05
1.6033541e-05
1.5959935e-05
1.6136709e-05
0.00082447582
1.6025983e-05
0.00022978218
1.6026966e-05
2.70185e-05
1.602899e-05
1.600102e-05
1.6198228e-05
1.6696893e-05
1.604265e-05
1.5872859e-05
1.5790287e-05
1.6056592e-05
2.0928658e-05
1.9333226e-05
2.0380997e-05
0.00093838877
1.6002937e-05
1.5792585e-05
2.7634467e-05
2.2630849e-05
0.0018069107
5.2411164e-05
1.5871776e-05
3.1511327e-05
0.00069204332
1.5805075e-05
1.5997042e-05
1.5853591e-05
1.8338198e-05
1.5818487e-05
0.0013279023
1.5949624e-05
1.5913194e-05
1.5788049e-05
1.603234e-05
8.7289923e-05
1.5807725e-05
1.5809848e-05
1.5791332e-05
1.5787461e-05
1.6017714e-05
1.5991135e-05
1.5898072e-05
1.5986273e-05
2.0047178e-05
1.6029066e-05
1.5800913e-05
1.5793659e-05
1.594381e-05
1.5990951e-05
1.5915606e-05
4.7923505e-05
1.5929065e-05
4.7501668e-05
1.5959364e-05
1.6007526e-05
1.5792232e-05
1.5946175e-05
1.6044869e-05
1.6054564e-05
1.5873243e-05
1.5793278e-05
0.0013062329
0.00014624145
1.5982737e-05
0.0021332772
2.9322144e-05
1.5948557e-05
1.6204079e-05
0.0018544376
6.8856952e-05
1.5959079e-05
1.585483e-05
1.6052544e-05
0.00041869863
1.5970265e-05
1.6013047e-05
1.5935178e-05
1.5789917e-05
0.00089461375
1.5794097e-05
2.0946893e-05
1.6663232e-05
1.5844829e-05
1.594217e-05
1.6748974e-05
1.601648e-05
2.0491364e-05
1.5998247e-05
2.1173202e-05
1.6007463e-05
1.5910004e-05
1.6011918e-05
1.5792837e-05
1.5801171e-05
1.6142991e-05
1.5784564e-05
1.5892437e-05
2.2689067e-05
1.5788866e-05
1.6079229e-05
0.00010523688
1.6695415e-05
1.5791343e-05
7.7002983e-05
0.0010486282
1.5919247e-05
1.5948453e-05
1.5998742e-05
1.6039263e-05
0.00068848129
1.5858018e-05
1.580346e-05
1.5860225e-05
1.5964463e-05
1.5791751e-05
1.5820717e-05
2.4536049e-05
0.00016962793
2.2502644e-05
0.00046266459
1.579476e-05
1.5959112e-05
1.5790879e-05
0.0017221579
1.5980052e-05
2.9275059e-05
1.603386e-05
2.0527966e-05
1.5791876e-05
0.0021301705
1.5796155e-05
1.5884342e-05
1.5911039e-05
1.5923442e-05
1.5805851e-05
1.5818349e-05
1.5913065e-05
1.5803333e-05
1.6027735e-05
1.5983905e-05
1.5796123e-05
1.5809211e-05
1.6019001e-05
0.0014461248
0.0012190588
1.5834929e-05
1.6136648e-05
1.579623e-05
1.5857058e-05
0.0014117551
1.6159279e-05
1.5858259e-05
0.00035151901
1.6011137e-05
1.9499642e-05
1.6084168e-05
1.600799e-05
1.5784042e-05
1.443244e-05
1.6011953e-05
1.5990607e-05
1.5899843e-05
2.0705777e-05
0.0001065495
1.5887608e-05
1.581326e-05
1.5806547e-05
1.585962e-05
0.0014433371
1.5859217e-05
1.5964478e-05
2.3209058e-05
1.5918863e-05
1.6023565e-05
1.5903379e-05
1.5938852e-05
0.0014581241
1.579448e-05
1.5981307e-05
1.5972104e-05
1.5783349e-05
1.7307211e-05
1.6029874e-05
1.583939e-05
1.5958347e-05
4.0184977e-05
1.5790099e-05
1.599571e-05
1.5857511e-05
1.5891913e-05
1.6114564e-05
1.5927262e-05
0.00024600164
1.6921277e-05
1.6050756e-05
0.00022430578
2.323664e-05
1.5783952e-05
2.8191182e-05
0.0017479859
1.5851575e-05
1.6074166e-05
1.601041e-05
2.7064577e-05
1.5874637e-05
1.6036533e-05
4.8640903e-05
1.6235042e-05
1.5787796e-05
1.5791343e-05
0.00010504184
0.00048943181
0.00072198
1.6041298e-05
1.6058995e-05
0.0018354764
1.579927e-05
1.5864722e-05
1.6042971e-05
1.5797023e-05
1.5794114e-05
1.6039737e-05
1.5854497e-05
1.5858117e-05
1.5868494e-05
1.5964011e-05
1.6023117e-05
0.0015511139
1.6010974e-05
1.604643e-05
1.5835025e-05
0.0001170851
1.6041255e-05
1.935191e-05
0.00093764028
1.596942e-05
1.5839759e-05
1.6040594e-05
1.5983819e-05
0.00082615651
1.5817539e-05
1.5921336e-05
1.4957523e-05
1.7326015e-05
1.5944336e-05
1.5954427e-05
1.6029448e-05
1.5835453e-05
1.5803253e-05
1.6178151e-05
1.7545884e-05
1.5980983e-05
1.5825292e-05
1.5885667e-05
1.5956944e-05
0.00012598895
1.6191782e-05
2.9405847e-05
1.580797e-05
1.654629e-05
1.6095228e-05
1.5937264e-05
0.00075375565
1.700555e-05
1.5811413e-05
1.606961e-05
1.606019e-05
1.5785575e-05
1.5796289e-05
1.6046963e-05
3.3237686e-05
1.6010534e-05
1.5876929e-05
1.5838621e-05
1.6048472e-05
2.4262844e-05
0.00072807335
1.6053337e-05
0.00054880055
1.5974779e-05
1.6025954e-05
1.5893588e-05
0.00014046636
1.9143514e-05
1.5868159e-05
1.5790161e-05
0.0008481144
1.5820898e-05
0.0016697138
7.1903494e-05
1.5895648e-05
1.6175181e-05
1.5851895e-05
1.5912672e-05
1.5799957e-05
1.6891495e-05
1.5791146e-05
5.9155024e-05
1.6157992e-05
1.5839345e-05
0.00024302403
1.5887623e-05
2.0088388e-05
1.6073244e-05
2.2647184e-05
1.6036002e-05
1.5976265e-05
1.5960622e-05
1.5808295e-05
1.5880058e-05
1.6013881e-05
1.5949209e-05
1.5980839e-05
4.3569671e-05
1.6504131e-05
1.5791206e-05
1.5798338e-05
1.8024562e-05
1.5796993e-05
0.00016153524
2.4193389e-05
2.2407385e-05
2.7696212e-05
0.0010426366
1.6025336e-05
1.6060392e-05
0.0013905894
1.5908134e-05
7.7295886e-05
1.5791273e-05
1.5797606e-05
0.00087076867
2.0450164e-05
2.6310883e-05
1.620276e-05
1.5832426e-05
1.6237774e-05
1.5790639e-05
1.5927963e-05
1.5110483e-05
0.0014979069
0.0015143728
0.0016246439
1.6052871e-05
1.6015539e-05
0.0014892837
1.5964515e-05
2.0084203e-05
1.580734e-05
1.591558e-05
1.5920577e-05
1.531182e-05
1.5978473e-05
1.5794159e-05
1.6199507e-05
2.8127968e-05
1.7326746e-05
1.5906018e-05
1.5956784e-05
1.7003948e-05
1.5881141e-05
2.5238963e-05
1.5691894e-05
0.002375318
1.6051978e-05
1.7532989e-05
1.6561095e-05
1.5835867e-05
0.0003722485
0.00013271051
2.2489938e-05
2.2050443e-05
1.7447041e-05
1.5920491e-05
0.0015633123
1.6040318e-05
1.5965835e-05
1.6114813e-05
1.5835868e-05
1.5099069e-05
1.6015842e-05
2.1741766e-05
2.2260388e-05
0.00058521862
1.5816214e-05
1.5911442e-05
1.5932023e-05
7.2693188e-05
1.5819646e-05
4.8130819e-05
1.5950398e-05
1.5951652e-05
1.5800984e-05
1.5812595e-05
1.6011231e-05
1.5783382e-05
1.5935901e-05
0.00026087089
1.5832995e-05
9.028702e-05
2.3093415e-05
0.00056142538
1.5995808e-05
1.6016796e-05
6.7040347e-05
0.00049296334
1.5953348e-05
1.6013704e-05
1.5964586e-05
1.6943236e-05
1.6526024e-05
1.5787451e-05
1.9529405e-05
1.5841574e-05
2.0545925e-05
1.5800185e-05
1.5971691e-05
1.6241425e-05
2.5249833e-05
1.6008143e-05
0.00022428886
1.5798735e-05
1.6799539e-05
1.6005494e-05
1.5908044e-05
1.5980027e-05
1.5915271e-05
2.710828e-05
0.00016070353
0.0020849921
1.6035982e-05
1.5789701e-05
1.6016163e-05
1.7144638e-05
1.5920849e-05
0.0010427949
1.6007352e-05
1.5797428e-05
1.5965372e-05
2.0534605e-05
2.1485566e-05
0.0011284685
1.579208e-05
2.71138e-05
0.00066384505
0.0017030383
1.74451e-05
9.9935075e-05
1.5826856e-05
1.6330025e-05
1.6170318e-05
0.00097291408
1.6231357e-05
0.00019877543
1.6269928e-05
4.0595493e-05
0.0026791489
1.6013929e-05
0.00054229585
1.5798196e-05
1.5837582e-05
1.5990897e-05
2.929166e-05
1.7307469e-05
1.7721217e-05
1.6013548e-05
0.00058706206
1.6002668e-05
0.0010700029
1.6015089e-05
1.5875007e-05
0.0013564649
1.5928792e-05
0.0011686551
1.7821136e-05
0.0002512917
1.6010775e-05
1.5971301e-05
1.7722281e-05
1.5790034e-05
1.6188092e-05
1.483284e-05
1.5179432e-05
1.7065282e-05
1.8468785e-05
1.6616704e-05
1.604337e-05
1.5984177e-05
1.6012788e-05
0.0001978917
1.9579689e-05
1.6015392e-05
2.4874108e-05
0.00011349236
1.6014743e-05
5.9674126e-05
1.5959273e-05
1.5793094e-05
1.5912741e-05
1.6010529e-05
1.6044329e-05
1.5800293e-05
1.5952572e-05
1.6039613e-05
1.5839994e-05
1.6088725e-05
1.6621322e-05
1.5798949e-05
1.6057968e-05
1.5881599e-05
1.6032119e-05
0.00099494526
0.0017460825
0.0023483408
2.9459074e-05
1.6034312e-05
1.617566e-05
0.0027235194
1.6006651e-05
1.6058145e-05
1.6015917e-05
1.6800418e-05
5.3450883e-05
1.6013226e-05
1.5903228e-05
1.5919848e-05
1.6041321e-05
1.5902556e-05
1.6045928e-05
1.45695e-05
1.5951116e-05
1.5783267e-05
5.5454274e-05
0.00022863871
1.8072035e-05
1.6778682e-05
1.5938428e-05
2.451056e-05
1.5792528e-05
1.5906447e-05
1.6595705e-05
1.605787e-05
1.5853622e-05
1.6166338e-05
0.00074298627
1.5939547e-05
0.00070787763
1.6018555e-05
1.5842611e-05
1.5929378e-05
1.5978478e-05
1.5792358e-05
0.0013197815
1.5918554e-05
1.5808505e-05
1.5828222e-05
0.0001785305
1.5876193e-05
1.6638282e-05
1.5968176e-05
0.0014984649
1.6067489e-05
0.0017258208
1.5793414e-05
1.5793576e-05
1.6013008e-05
1.7238214e-05
1.5934044e-05
2.8889946e-05
1.5909322e-05
0.00017928965
0.0015316884
1.5795149e-05
1.6026286e-05
3.15701e-05
2.1606099e-05
1.6802994e-05
1.6149585e-05
1.5818103e-05
1.6073367e-05
1.5832623e-05
1.5920748e-05
8.1907382e-05
1.5789526e-05
2.0719539e-05
1.6046017e-05
1.5786583e-05
1.5970005e-05
0.0010520347
1.6677457e-05
1.6010801e-05
1.5933427e-05
1.613941e-05
1.6019374e-05
1.5845178e-05
1.5821606e-05
0.0010863778
0.0014274992
1.5963026e-05
1.5784409e-05
1.5923444e-05
2.92636e-05
0.0014440383
1.5788439e-05
0.00011842293
1.5943825e-05
1.6078249e-05
1.6058214e-05
0.0021977389
1.5937623e-05
0.00091732892
1.6041298e-05
1.737964e-05
0.00080299346
1.6075485e-05
0.00037931697
0.0015135856
1.579359e-05
1.5797773e-05
0.0015210712
0.0010920647
1.5790041e-05
1.5920559e-05
0.0019086391
1.5790681e-05
1.5787193e-05
1.6409971e-05
1.6046974e-05
6.7046639e-05
1.5850077e-05
0.00023740744
1.627601e-05
1.7169721e-05
1.5935596e-05
1.6010353e-05
1.5801987e-05
1.7483673e-05
1.5839608e-05
1.5973554e-05
1.6012065e-05
0.0010184753
1.5936343e-05
1.5967616e-05
0.00022284701
1.6878921e-05
1.6027107e-05
0.00012336189
1.5897276e-05
0.00028040471
1.6303993e-05
0.0015452923
1.6027037e-05
7.7108777e-05
0.0012434509
1.5934743e-05
0.0014574432
1.5729093e-05
1.6033632e-05
1.6036045e-05
1.6873559e-05
4.6669115e-05
1.5903195e-05
1.597533e-05
0.00089257901
1.603779e-05
2.1121832e-05
2.7602862e-05
1.668859e-05
1.5653516e-05
1.9657672e-05
1.5895389e-05
1.5969574e-05
1.5787856e-05
1.5981451e-05
1.5788272e-05
0.0001993454
0.0010034477
1.5919759e-05
1.5816193e-05
0.00028640677
1.6028667e-05
0.0014706017
1.5890302e-05
0.0015224464
1.5913491e-05
1.6048077e-05
0.00081505393
0.00044875922
4.9046862e-05
5.3356911e-05
0.00022789834
0.0010621331
0.00035399268
2.4764035e-05
0.0011077522
0.00034963176
0.00011048761
1.6036416e-05
0.00012772981
0.0015815814
1.5864502e-05
0.00052283971
1.6013645e-05
0.0013517877
1.5902093e-05
1.5889769e-05
2.0217942e-05
2.8945699e-05
1.6046912e-05
1.6045525e-05
1.5921556e-05
1.5798519e-05
1.6162008e-05
1.7170416e-05
1.5948889e-05
1.5247425e-05
0.0017777658
1.6002285e-05
1.6087864e-05
1.5809792e-05
1.677694e-05
1.5791851e-05
1.5785299e-05
4.4727817e-05
1.602924e-05
1.6031973e-05
0.00033053321
0.00015676545
0.00059548452
0.00089965857
1.580134e-05
1.5920507e-05
1.6045562e-05
2.4495979e-05
1.6446446e-05
0.00075979899
0.00038682262
0.00079336755
0.0015244593
1.585286e-05
1.5829354e-05
0.0013109312
1.5835711e-05
1.7160002e-05
2.3588039e-05
1.6017368e-05
1.5969293e-05
1.5799259e-05
1.6009159e-05
1.5858781e-05
1.5868392e-05
0.00076428628
1.6011276e-05
1.5939564e-05
1.6011601e-05
0.0026401081
0.0010078299
1.5807514e-05
1.6066417e-05
0.00082035405
1.6028611e-05
0.0015489014
0.00060020225
0.0010594534
2.4253219e-05
0.00071282225
1.5791321e-05
1.5866478e-05
0.0010501623
1.6012162e-05
1.6011333e-05
0.0011016616
1.6094947e-05
1.3694278e-05
0.0017824499
1.6879287e-05
0.0026729733
1.5815186e-05
1.5842659e-05
1.5856594e-05
1.5928063e-05
0.0015658604
1.5940735e-05
2.0171715e-05
1.7829125e-05
1.5833648e-05
1.6220344e-05
0.00040326889
1.5954643e-05
2.5839485e-05
1.599182e-05
1.5972215e-05
1.5922537e-05
1.598485e-05
0.0018318302
0.0015081823
1.5859369e-05
1.6018296e-05
1.6019611e-05
3.2036852e-05
1.5788027e-05
0.0006817532
1.7395186e-05
0.0014567571
1.594936e-05
2.6466003e-05
1.5929976e-05
1.4810284e-05
0.0016408564
0.00096042651
1.5809922e-05
1.5839361e-05
1.5817237e-05
1.5798168e-05
0.0019771834
2.007452e-05
1.5783769e-05
0.0018057723
1.5803939e-05
1.6052628e-05
1.5975063e-05
1.6072003e-05
1.5965858e-05
1.5928023e-05
0.001564332
1.6367251e-05
2.1120899e-05
1.5784101e-05
1.603824e-05
1.5862111e-05
1.5920441e-05
1.6384845e-05
2.4253914e-05
0.0017154646
1.5792641e-05
1.5898475e-05
0.0014125819
1.600784e-05
1.6021697e-05
1.601073e-05
1.5799197e-05
1.5892584e-05
1.5763851e-05
0.0016575653
1.5789091e-05
7.4496421e-05
0.00056649482
1.5823656e-05
1.6523537e-05
1.5918359e-05
1.5995496e-05
1.6003835e-05
2.2879929e-05
0.00028976111
1.6022795e-05
1.8118134e-05
1.5842471e-05
1.602063e-05
0.0010749187
0.0013310865
1.6086279e-05
0.00016312887
2.3978801e-05
1.5975242e-05
1.597882e-05
0.00088939845
2.6529741e-05
1.9497993e-05
2.8042217e-05
1.6360926e-05
0.00025251038
1.6051907e-05
1.6017451e-05
0.0017633542
1.5858571e-05
4.637119e-05
1.5445076e-05
1.5974754e-05
2.6579381e-05
1.5792481e-05
1.5788229e-05
1.6239873e-05
1.6188619e-05
0.0010150933
1.6014088e-05
1.5996007e-05
1.59702e-05
1.5958212e-05
1.6095079e-05
0.00082394113
1.5808646e-05
0.0019952226
1.6051013e-05
1.7096559e-05
0.00038597447
0.00012099058
1.6199381e-05
1.5934113e-05
2.5589032e-05
0.00010038177
0.00015825478
1.5772246e-05
0.0013304464
0.0014124355
0.0011896649
1.5902419e-05
1.7896491e-05
1.5782986e-05
1.5784368e-05
1.5978151e-05
2.219991e-05
1.5978175e-05
1.5990723e-05
2.6626876e-05
1.7252344e-05
7.7199243e-05
0.0027048689
1.6066179e-05
1.5866781e-05
0.00011800839
0.0005919829
1.5811703e-05
0.0006350778
5.1773693e-05
1.5793013e-05
5.3799571e-05
1.6149176e-05
1.6005495e-05
1.6142822e-05
1.5890024e-05
0.00012628649
1.5981376e-05
1.6016729e-05
0.0007485399
1.5787754e-05
1.5795257e-05
1.5802544e-05
1.5799205e-05
0.00065466865
1.603534e-05
0.0011018555
0.00043014942
1.6006532e-05
1.5789157e-05
3.2081962e-05
1.5816811e-05
1.7061355e-05
1.6021127e-05
0.0001002745
1.5793634e-05
1.5909626e-05
6.2412315e-05
1.7105604e-05
0.0013708221
0.00078088241
1.5983456e-05
0.001936367
2.2762314e-05
4.3005655e-05
1.6014837e-05
1.5873925e-05
1.6033915e-05
1.6012264e-05
0.0019508477
1.5952233e-05
1.7288617e-05
1.5863475e-05
1.6023282e-05
1.5926959e-05
1.5325234e-05
1.5979219e-05
1.5786597e-05
1.6090391e-05
0.0015722685
0.0015742988
0.0014383857
0.00030870515
0.0014708569
1.5864029e-05
1.603317e-05
2.2964311e-05
1.6495917e-05
1.5621408e-05
1.6758091e-05
1.5730976e-05
1.6379342e-05
1.6035119e-05
4.7913011e-05
2.1053496e-05
1.5970528e-05
1.5883186e-05
2.078425e-05
3.3018927e-05
1.6029197e-05
1.5879789e-05
1.9270943e-05
0.00083633758
1.5871406e-05
1.5937717e-05
2.6503474e-05
0.0012943823
1.6028285e-05
0.00015062598
1.591966e-05
0.0012893314
1.6393114e-05
0.00037309659
1.657235e-05
1.6504086e-05
0.0018093262
0.00013751299
1.5938026e-05
1.590737e-05
1.9072898e-05
1.5880477e-05
0.00012021459
1.5799877e-05
2.2962801e-05
1.5916456e-05
2.8235608e-05
2.7094706e-05
1.5976941e-05
0.001102196
0.00049909785
0.00012071508
0.0017702889
0.00091757356
1.6073473e-05
1.5933713e-05
1.5797616e-05
0.0030205626
1.6319207e-05
1.6017986e-05
1.5962205e-05
1.5973871e-05
0.0019553911
0.0010073777
1.5787186e-05
1.6028532e-05
8.9923724e-05
0.0014582091
6.1410117e-05
1.5930208e-05
1.6009565e-05
0.00090941635
1.6013303e-05
0.0022959261
1.5788007e-05
1.6011495e-05
1.6075141e-05
1.578419e-05
1.6276521e-05
1.5798704e-05
1.6164933e-05
1.5807406e-05
1.5961357e-05
1.5849884e-05
1.6282291e-05
0.0018273487
1.5905783e-05
6.3513114e-05
1.5943539e-05
1.5935355e-05
1.5863939e-05
1.5968309e-05
1.6743676e-05
2.0691179e-05
1.6056088e-05
2.2669019e-05
6.9281609e-05
1.6011368e-05
2.0418651e-05
1.5798182e-05
1.5808651e-05
1.7735191e-05
1.9663115e-05
1.5962876e-05
1.7416276e-05
2.0030536e-05
0.0011848644
0.002067212
0.0020070116
5.195873e-05
1.646212e-05
0.0017679136
1.5933853e-05
1.5827465e-05
1.5908345e-05
0.00026483981
1.5927392e-05
0.0016263048
1.697471e-05
2.0116729e-05
8.7249971e-05
0.0019155557
1.6065741e-05
1.6036621e-05
1.5801824e-05
2.8765107e-05
0.00070883409
1.6512999e-05
0.0022958874
1.5962571e-05
1.6028094e-05
2.8260865e-05
1.5981719e-05
1.5941052e-05
1.6009598e-05
1.5911969e-05
0.0018343634
6.7119251e-05
0.0008967016
0.00085887967
1.5923316e-05
0.0014026537
0.00048359309
2.8713085e-05
0.0010932833
1.5921696e-05
1.7879372e-05
1.6046061e-05
1.6326624e-05
2.6792679e-05
1.6010852e-05
1.6018042e-05
1.604418e-05
1.5803811e-05
0.00016771993
1.601427e-05
4.9548384e-05
1.7989356e-05
1.6067361e-05
2.8487925e-05
1.5803303e-05
6.1419538e-05
1.5929626e-05
1.5793534e-05
1.6035574e-05
1.5952411e-05
0.0012267435
1.9384165e-05
2.9564032e-05
0.0017338521
0.0014490481
1.6008338e-05
1.59952e-05
0.0019192737
0.0016130309
4.2516751e-05
0.0010309805
1.5786803e-05
0.0023067607
0.00052571849
2.3832958e-05
1.6332631e-05
4.8839568e-05
1.5089761e-05
2.4567446e-05
1.6012877e-05
0.001123845
1.6005357e-05
1.5879424e-05
0.00076238337
1.5889692e-05
0.00065109697
0.00025916915
1.647358e-05
1.5788423e-05
3.8639302e-05
0.0017953848
1.6807439e-05
0.00016452697
4.9725308e-05
2.8706938e-05
1.6054451e-05
1.8258232e-05
0.0010050444
6.3917691e-05
1.5797619e-05
1.6054583e-05
1.6048753e-05
1.6017677e-05
0.0010595344
0.00010262585
8.1775589e-05
1.6046909e-05
2.5024191e-05
1.7823252e-05
1.6789367e-05
1.5941193e-05
0.00099803491
1.6057955e-05
0.00012768661
1.5801936e-05
0.000105902
1.9026778e-05
0.00096837382
0.00095866648
0.00094800686
7.0592344e-05
1.9163084e-05
2.7724779e-05
0.0018103416
1.5927277e-05
2.2245842e-05
2.1603528e-05
1.7860984e-05
1.5794794e-05
1.583345e-05
1.8050465e-05
1.5981533e-05
2.37037e-05
1.5941314e-05
1.6052087e-05
1.6386879e-05
1.5784176e-05
2.4533463e-05
1.6397617e-05
1.5969469e-05
0.0015846187
1.580801e-05
1.5871257e-05
1.5998121e-05
1.5795122e-05
1.605405e-05
1.5799587e-05
0.001437179
0.00010622745
2.1783659e-05
0.0011743249
1.5789009e-05
1.5794733e-05
0.0028898105
1.5984387e-05
1.598856e-05
1.6048831e-05
1.8619341e-05
1.5793656e-05
0.0019241868
1.5805495e-05
1.5829753e-05
2.1740925e-05
1.5902957e-05
1.6115569e-05
5.4719754e-05
1.5876751e-05
1.5991047e-05
2.1325083e-05
0.0015280622
1.6084301e-05
1.6067357e-05
1.616547e-05
1.5869879e-05
1.5790896e-05
0.0011645089
1.5803544e-05
1.5787829e-05
1.6051262e-05
4.6200942e-05
1.6882276e-05
1.60446e-05
1.5832929e-05
1.5927691e-05
1.6048206e-05
9.122885e-05
1.7832762e-05
1.5788764e-05
1.5912905e-05
1.8047875e-05
1.5787134e-05
1.6017546e-05
0.0013806583
0.001345563
2.2965005e-05
1.5919846e-05
2.768059e-05
1.5845475e-05
1.587468e-05
1.5961345e-05
1.5995102e-05
1.5828109e-05
2.2937292e-05
0.00098132612
1.903574e-05
1.5798961e-05
1.6047407e-05
1.5843135e-05
1.5926153e-05
0.0016554763
1.6007976e-05
9.6745481e-05
1.5807423e-05
1.5809149e-05
2.1574215e-05
1.6103375e-05
1.590108e-05
1.6089922e-05
2.4457111e-05
1.6024285e-05
1.6116905e-05
1.6999285e-05
0.00088094158
1.6111493e-05
1.5988405e-05
1.6703787e-05
1.5852931e-05
0.0028665224
0.00032400731
1.5955566e-05
1.5801127e-05
1.580501e-05
1.5815359e-05
1.5960734e-05
1.5810704e-05
1.5814274e-05
1.5973833e-05
1.6095924e-05
1.580373e-05
1.6110002e-05
1.5956696e-05
1.5941967e-05
1.5794174e-05
1.5959689e-05
0.0029352728
1.6018636e-05
1.6181446e-05
1.5796942e-05
1.6014602e-05
1.6095419e-05
1.5855751e-05
1.5810422e-05
1.6019075e-05
1.747803e-05
1.6035435e-05
1.8656068e-05
2.2256083e-05
6.7042008e-05
1.6671721e-05
2.1675761e-05
1.5970828e-05
1.6011242e-05
2.0848128e-05
2.0167429e-05
1.5846569e-05
1.5971984e-05
1.6028128e-05
1.6070106e-05
1.5797305e-05
1.7883175e-05
0.00031573641
1.5934142e-05
4.0244745e-05
1.5992813e-05
1.5872666e-05
2.267035e-05
1.5956365e-05
1.5926596e-05
1.5786727e-05
1.5783058e-05
2.7220542e-05
4.0267932e-05
1.5906367e-05
1.579257e-05
0.00042569702
1.5793138e-05
1.5803849e-05
1.5800917e-05
1.9733171e-05
1.600504e-05
1.5790934e-05
1.5804575e-05
1.6021285e-05
1.5818475e-05
1.6003144e-05
1.6069211e-05
1.6009839e-05
1.5919584e-05
0.00093921236
1.5834673e-05
1.6047983e-05
1.604332e-05
1.5913231e-05
0.0017136278
1.5924511e-05
1.6107372e-05
1.5933533e-05
1.9144579e-05
0.0016157223
1.5884734e-05
1.6018502e-05
2.8087372e-05
1.6170482e-05
1.5963814e-05
1.6003069e-05
1.5861211e-05
1.5797256e-05
1.589179e-05
1.5928939e-05
1.5788979e-05
0.00049532233
1.6208591e-05
1.5820135e-05
1.6202243e-05
1.6017136e-05
1.7829925e-05
2.5600018e-05
0.0006037311
1.6017453e-05
1.5950037e-05
1.5791747e-05
1.5988648e-05
1.612094e-05
1.5919357e-05
3.2546473e-05
1.6809664e-05
1.5970039e-05
1.6000351e-05
1.6839008e-05
1.6589566e-05
1.5872027e-05
0.00088766451
1.6007772e-05
1.5975835e-05
1.5946235e-05
1.5796772e-05
1.6110726e-05
1.5974541e-05
0.0017051325
1.5970382e-05
1.7305912e-05
1.6195844e-05
0.0009763445
1.5814973e-05
1.5911045e-05
2.5633115e-05
1.592939e-05
1.5994082e-05
1.604378e-05
1.5883256e-05
1.5946911e-05
1.5941101e-05
1.6014795e-05
1.6036122e-05
1.7402386e-05
1.5985814e-05
2.704593e-05
1.5789051e-05
2.0200823e-05
1.5794262e-05
1.6053014e-05
1.5913105e-05
1.5987871e-05
1.5847795e-05
1.612133e-05
1.58314e-05
1.5913838e-05
1.5806701e-05
1.5541758e-05
2.219105e-05
0.00014127893
1.5934365e-05
2.0774426e-05
0.00018666613
1.5841646e-05
1.5988304e-05
3.7201218e-05
1.6006594e-05
1.598003e-05
1.6620087e-05
1.5991008e-05
1.5793737e-05
0.00053087987
1.5792027e-05
1.5893506e-05
1.5794502e-05
1.6015056e-05
1.5890603e-05
1.6053235e-05
1.6608565e-05
1.5986979e-05
5.3474104e-05
1.6084422e-05
2.0177413e-05
0.0018752907
1.5797119e-05
1.6105877e-05
1.6023943e-05
1.5864923e-05
1.6704619e-05
1.6048796e-05
1.6019716e-05
1.6023659e-05
1.578829e-05
1.5880541e-05
1.604584e-05
1.5823947e-05
0.001733631
1.5992948e-05
1.6103865e-05
1.6248803e-05
1.6109579e-05
1.6661784e-05
1.5883726e-05
2.2160933e-05
0.0028323172
1.5975501e-05
1.5998707e-05
1.6766372e-05
1.629294e-05
1.5813853e-05
0.0016183912
1.598765e-05
1.5793267e-05
1.5795153e-05
1.6009636e-05
1.5938174e-05
1.5932982e-05
1.6029566e-05
1.5797984e-05
1.5916707e-05
1.599743e-05
4.20146e-05
1.5940768e-05
1.6004705e-05
1.6061628e-05
1.6121688e-05
1.6024781e-05
1.6057273e-05
1.5806321e-05
1.5824057e-05
1.5784913e-05
1.6114962e-05
1.5785971e-05
1.5821754e-05
4.3610795e-05
1.600524e-05
1.5826044e-05
1.8674671e-05
1.5794304e-05
1.683781e-05
1.5989913e-05
1.5831527e-05
1.5821011e-05
1.7698694e-05
1.6025471e-05
1.6701404e-05
1.584353e-05
2.0944233e-05
1.6707815e-05
1.6667538e-05
1.5813118e-05
1.9509496e-05
1.6013644e-05
0.00053443078
1.6134574e-05
1.6050602e-05
1.630785e-05
1.5852523e-05
1.8116292e-05
1.61681e-05
2.400143e-05
1.5997349e-05
1.603954e-05
1.5873125e-05
1.644771e-05
1.6021976e-05
1.5918768e-05
1.7068403e-05
1.5989966e-05
1.5967224e-05
2.6878126e-05
2.3818188e-05
1.5884288e-05
1.6012598e-05
1.5792414e-05
1.6016552e-05
1.5791326e-05
1.5991077e-05
1.598273e-05
1.5889342e-05
1.595111e-05
2.4188983e-05
2.2743744e-05
1.612542e-05
0.0015367867
1.6523184e-05
1.5800763e-05
1.5990315e-05
1.5791153e-05
1.581181e-05
1.6593379e-05
1.5788123e-05
1.5968232e-05
1.5792627e-05
1.8736002e-05
1.5992904e-05
1.5966355e-05
1.603301e-05
1.5948581e-05
4.8704898e-05
1.5797909e-05
1.9623559e-05
2.485476e-05
1.6036612e-05
1.6021535e-05
1.6364689e-05
1.5996336e-05
2.7625583e-05
1.5795113e-05
1.585886e-05
1.6039008e-05
1.7487001e-05
1.5786791e-05
1.5821074e-05
1.5813035e-05
1.5790328e-05
1.5940015e-05
1.5791572e-05
1.5791741e-05
1.5995452e-05
1.605684e-05
1.5799043e-05
2.8737985e-05
1.6044539e-05
1.5853278e-05
1.7557103e-05
1.5913305e-05
1.5832994e-05
1.5791226e-05
1.5813418e-05
1.6084372e-05
1.5958604e-05
1.5840848e-05
1.5898366e-05
1.8082411e-05
1.6138212e-05
2.1052842e-05
1.5816532e-05
1.6049417e-05
1.5951509e-05
1.580272e-05
1.6076265e-05
1.6037858e-05
1.6043556e-05
1.6050772e-05
1.5935472e-05
1.6111554e-05
1.6048133e-05
1.592321e-05
1.5792442e-05
1.6017109e-05
2.1787432e-05
1.5962672e-05
1.7044176e-05
1.5868695e-05
1.6199512e-05
1.600402e-05
1.5797918e-05
1.6042502e-05
1.605382e-05
1.604392e-05
1.5961466e-05
2.0100038e-05
1.5969999e-05
1.6050986e-05
6.2306407e-05
1.5793384e-05
1.8348925e-05
0.0016585204
1.5798232e-05
1.5847252e-05
1.6020779e-05
1.5990976e-05
1.6046057e-05
1.5999845e-05
1.6456138e-05
1.6035007e-05
2.2370228e-05
1.5967884e-05
6.9050095e-05
1.5936318e-05
1.6330992e-05
0.002248648
1.5789282e-05
0.00049990257
1.7445555e-05
1.5785034e-05
1.5787871e-05
1.5916908e-05
1.6049858e-05
1.6013189e-05
1.5859888e-05
1.5950996e-05
1.5872479e-05
1.58409e-05
1.579057e-05
1.5871682e-05
1.6014792e-05
1.5835944e-05
0.0018453024
1.5976992e-05
1.6016139e-05
9.9417603e-05
3.2136305e-05
1.5811682e-05
1.6037416e-05
1.5852675e-05
1.591339e-05
1.5837932e-05
1.6244346e-05
1.6037074e-05
0.0017213182
1.5909513e-05
1.6111162e-05
1.5919035e-05
1.5796336e-05
1.6019215e-05
1.5850854e-05
1.59962e-05
1.5811087e-05
1.5810019e-05
1.6016293e-05
7.0933418e-05
2.4028074e-05
0.00076590713
1.6360687e-05
1.5786922e-05
1.6078428e-05
1.5965893e-05
1.6954685e-05
1.6186738e-05
1.592754e-05
1.5967468e-05
1.5791707e-05
1.6157169e-05
1.5963334e-05
1.6261446e-05
1.5793253e-05
1.6344399e-05
0.00056298844
1.6173461e-05
0.00094227906
1.6122609e-05
1.6018147e-05
1.7065486e-05
1.5818565e-05
1.5908746e-05
1.5911494e-05
1.5984569e-05
1.5806157e-05
1.5803096e-05
1.593366e-05
1.6053847e-05
1.5802188e-05
1.5830152e-05
1.581487e-05
1.6861378e-05
2.9902323e-05
1.5929942e-05
1.6018355e-05
1.6034273e-05
1.5796962e-05
1.5945728e-05
1.6308535e-05
1.6535445e-05
0.0010904918
1.5797347e-05
1.585399e-05
1.6036482e-05
1.5797511e-05
1.5888957e-05
1.6207127e-05
1.6005827e-05
2.3813061e-05
1.7725159e-05
1.5866244e-05
1.5821775e-05
1.5997804e-05
1.7676933e-05
1.5853985e-05
1.5785175e-05
1.7721785e-05
1.5896396e-05
1.6017584e-05
1.6015975e-05
1.9675503e-05
2.1521208e-05
1.5916947e-05
1.5941315e-05
2.5052926e-05
3.6236006e-05
1.5919177e-05
1.5956417e-05
1.5997918e-05
1.5844781e-05
1.6022092e-05
0.00089718142
1.5876459e-05
1.5816914e-05
1.5786364e-05
1.6045579e-05
1.6045298e-05
1.93085e-05
1.5934896e-05
1.6637974e-05
1.6019796e-05
1.6018872e-05
1.5791932e-05
1.6009456e-05
1.6031053e-05
1.5788437e-05
1.5958574e-05
5.5725936e-05
1.5798333e-05
1.5926212e-05
1.6020253e-05
2.5886312e-05
1.6008141e-05
1.6041359e-05
9.0026517e-05
7.4368566e-05
1.6207911e-05
1.6019039e-05
1.5814718e-05
1.6378733e-05
0.0010334579
1.6058978e-05
1.6014203e-05
1.5783739e-05
1.6032906e-05
1.5867747e-05
2.833101e-05
7.3621765e-05
1.5880865e-05
1.5890163e-05
1.5992918e-05
0.0016313004
0.00061327911
1.6056095e-05
3.1608621e-05
2.2702794e-05
1.581977e-05
1.6302507e-05
2.4059722e-05
0.00089738733
1.5852937e-05
2.7611265e-05
2.0215119e-05
1.5803982e-05
1.5978006e-05
1.578513e-05
1.5800819e-05
2.2485777e-05
1.5922103e-05
1.6246117e-05
1.7261873e-05
1.6344681e-05
4.0628553e-05
1.6052294e-05
1.5866142e-05
1.5924764e-05
0.0013146412
0.0021224802
1.5982942e-05
1.6031648e-05
2.6449255e-05
1.7761645e-05
1.5895831e-05
0.0025117423
1.6183501e-05
1.8361536e-05
1.6670678e-05
1.7523368e-05
1.5903975e-05
1.5891591e-05
1.6171626e-05
1.6034737e-05
2.5617188e-05
1.5954517e-05
2.2938183e-05
1.5794332e-05
1.5791045e-05
9.6638314e-05
1.5784718e-05
2.5884624e-05
1.6173528e-05
0.0019485513
1.5962011e-05
1.582979e-05
3.0084799e-05
1.6117762e-05
1.600923e-05
0.00049164531
1.6091147e-05
1.5922234e-05
1.5807817e-05
1.5803421e-05
1.5929719e-05
1.5764129e-05
1.5813824e-05
1.599739e-05
1.651116e-05
1.6595e-05
1.5892922e-05
1.5810352e-05
1.5881534e-05
0.0014793759
0.0013445073
1.6035875e-05
1.5946314e-05
2.144367e-05
7.6685972e-05
1.6759597e-05
1.5902553e-05
1.5965519e-05
1.6061819e-05
1.5829907e-05
1.5792154e-05
1.6038569e-05
1.6002502e-05
0.001003697
2.2193665e-05
1.5887684e-05
1.5828534e-05
2.0174012e-05
1.5964493e-05
1.58825e-05
1.5901307e-05
1.5915066e-05
1.5898778e-05
1.5857948e-05
1.5784541e-05
2.0040956e-05
1.6034345e-05
0.0010868695
0.00050422287
1.5784369e-05
1.5794209e-05
0.00070431065
1.5883088e-05
1.595658e-05
1.6013748e-05
1.6073885e-05
1.5795651e-05
1.6067717e-05
2.06461e-05
1.5984672e-05
1.6163447e-05
9.2331108e-05
1.5884371e-05
1.5791685e-05
1.6077394e-05
1.6029802e-05
1.5787408e-05
1.603633e-05
1.6031473e-05
1.5929253e-05
7.4984795e-05
1.5784051e-05
1.6870359e-05
0.00089120303
1.5811385e-05
1.6228656e-05
1.599326e-05
1.5817484e-05
1.6020417e-05
1.6351401e-05
1.6143789e-05
0.0011782333
1.5791423e-05
1.5803962e-05
1.5922028e-05
2.31499e-05
1.5924968e-05
1.5812595e-05
4.0473663e-05
1.5825094e-05
1.5796579e-05
1.5829989e-05
1.590541e-05
1.5852698e-05
2.6863953e-05
1.6207986e-05
1.7376843e-05
2.771267e-05
1.5902748e-05
2.1844856e-05
1.5805331e-05
1.5931821e-05
1.5923467e-05
1.5959069e-05
1.5812692e-05
1.6002016e-05
1.5992298e-05
1.5794818e-05
1.5804421e-05
1.5941131e-05
1.5904265e-05
1.5799132e-05
0.00041995275
1.5806298e-05
1.5798549e-05
2.6561395e-05
1.5906046e-05
1.5809062e-05
1.580128e-05
1.5852025e-05
0.0015427909
1.6737929e-05
1.5926069e-05
1.5963592e-05
1.5794005e-05
0.00097625459
1.6247212e-05
1.6138828e-05
1.579302e-05
1.6995867e-05
1.6029871e-05
1.5982526e-05
1.5822923e-05
1.5795843e-05
1.5809492e-05
1.5907397e-05
1.5791131e-05
1.5833727e-05
1.7129682e-05
2.380806e-05
1.5859185e-05
1.5971908e-05
0.00076803313
0.00012607414
7.9886435e-05
1.5839145e-05
1.605573e-05
1.5878252e-05
1.5807546e-05
1.580325e-05
1.5921238e-05
1.6055117e-05
1.6075658e-05
1.5842318e-05
1.5976515e-05
1.5794616e-05
1.5968702e-05
1.5862199e-05
1.5876235e-05
1.5881494e-05
1.9580158e-05
1.6009919e-05
1.6057019e-05
1.5958891e-05
1.6050062e-05
1.5925211e-05
1.6009277e-05
1.5993548e-05
1.5836544e-05
1.6660411e-05
1.5845426e-05
1.6141043e-05
7.3859592e-05
0.00081963485
1.5926261e-05
1.5889932e-05
2.1131536e-05
1.6005115e-05
1.668543e-05
0.00012635192
1.5789917e-05
1.6616891e-05
2.3166957e-05
2.1897279e-05
1.6047253e-05
2.1576949e-05
0.0023112083
1.6116964e-05
1.5843453e-05
1.5989976e-05
1.5995315e-05
1.5976157e-05
1.5792948e-05
1.6077671e-05
1.5790905e-05
1.5875264e-05
1.5803184e-05
1.579761e-05
3.8824628e-05
1.5972113e-05
1.6023075e-05
1.5981649e-05
1.6993705e-05
1.6060088e-05
1.620119e-05
1.5941499e-05
1.5997144e-05
1.578496e-05
2.360056e-05
1.6033745e-05
1.6263212e-05
2.4836074e-05
1.6122496e-05
1.5844974e-05
1.5933179e-05
1.6704785e-05
1.6029929e-05
1.6056546e-05
1.6016349e-05
1.6813844e-05
2.4985651e-05
1.5813765e-05
1.59102e-05
1.6038749e-05
1.6044134e-05
1.6006921e-05
1.5849462e-05
1.5871587e-05
1.602109e-05
1.6020101e-05
2.3432226e-05
1.5991297e-05
1.5925727e-05
1.5897598e-05
1.6038995e-05
1.6381091e-05
1.5864545e-05
1.5800027e-05
1.5808718e-05
1.5824481e-05
1.6001065e-05
1.5928623e-05
1.5804564e-05
1.579314e-05
1.6486758e-05
1.6110016e-05
1.5866287e-05
1.5906703e-05
1.5800429e-05
1.5877512e-05
1.7718647e-05
2.3517833e-05
1.636187e-05
1.5796854e-05
1.5944552e-05
1.5901559e-05
1.5806877e-05
1.5791211e-05
1.6283977e-05
1.5989749e-05
0.0027281443
1.6047117e-05
1.5983386e-05
1.5803148e-05
1.4792743e-05
0.00095547277
0.00048767766
1.6056171e-05
1.5932057e-05
1.6023034e-05
1.5841319e-05
1.5875531e-05
1.5876869e-05
1.599533e-05
1.5938107e-05
3.7244723e-05
1.6148527e-05
1.5977548e-05
7.3229094e-05
1.5971065e-05
1.5792195e-05
1.5985909e-05
1.5980187e-05
1.6066492e-05
1.5794749e-05
2.3399555e-05
1.5928699e-05
1.9914518e-05
1.5965896e-05
1.6023935e-05
1.6062901e-05
1.5866618e-05
1.5789903e-05
1.6004609e-05
1.9266322e-05
1.5800016e-05
0.00011337733
1.5991481e-05
1.5979254e-05
1.5935039e-05
1.5872088e-05
1.6034399e-05
1.5825526e-05
1.5973181e-05
1.6174789e-05
1.5959638e-05
1.6033912e-05
1.5956031e-05
1.5878574e-05
1.5956178e-05
1.5848993e-05
1.5812264e-05
1.604833e-05
2.3094194e-05
0.0024484515
1.6033331e-05
1.6023143e-05
1.6058104e-05
1.6465959e-05
0.0014381152
1.6448881e-05
1.6050715e-05
1.601721e-05
1.6032856e-05
0.00065315946
1.5799416e-05
2.175924e-05
1.5916931e-05
1.5994126e-05
1.6076087e-05
1.9974252e-05
1.5963796e-05
1.6013564e-05
1.6495645e-05
1.5990272e-05
0.0020205905
1.5954845e-05
1.5793552e-05
1.6013476e-05
1.9654534e-05
1.578712e-05
1.5930658e-05
1.6024659e-05
1.5951651e-05
1.6037466e-05
1.6018302e-05
1.6011278e-05
1.6485404e-05
1.6074914e-05
1.6415521e-05
1.5803195e-05
0.0007770203
1.6034753e-05
1.7785227e-05
1.5875148e-05
1.6015261e-05
1.5799668e-05
1.6043921e-05
1.6030871e-05
1.5810267e-05
1.5950907e-05
1.6100918e-05
1.6172342e-05
1.5956194e-05
1.5842354e-05
1.597924e-05
1.5809186e-05
1.595572e-05
1.5790921e-05
1.6056244e-05
2.7090244e-05
1.6038007e-05
1.578884e-05
1.6018129e-05
0.0026913032
1.6012989e-05
1.6018431e-05
1.585187e-05
1.6031162e-05
1.6108803e-05
1.7794051e-05
1.5894822e-05
1.5958852e-05
1.5792975e-05
1.5795248e-05
1.6008402e-05
1.6034763e-05
1.6016322e-05
1.6038915e-05
1.5987911e-05
1.6052842e-05
1.6217109e-05
4.8743486e-05
1.5976676e-05
2.9473573e-05
1.5905257e-05
1.5971827e-05
2.4573477e-05
1.5925038e-05
1.5784834e-05
1.5809647e-05
1.5874105e-05
1.6029062e-05
1.6047153e-05
1.8425771e-05
1.5792693e-05
1.5789378e-05
1.5937593e-05
1.6034262e-05
1.6002848e-05
1.5786705e-05
1.5875799e-05
6.2993561e-05
1.57904e-05
1.7120226e-05
1.5789417e-05
1.5986742e-05
0.0013435253
1.5959296e-05
1.6030442e-05
1.5790474e-05
1.5922778e-05
1.5818323e-05
2.1786189e-05
1.6028661e-05
1.5830985e-05
1.6076511e-05
1.5791185e-05
1.6008974e-05
1.5977776e-05
1.794743e-05
1.5891984e-05
1.5985568e-05
2.1016801e-05
8.5225074e-05
1.5790868e-05
1.578372e-05
0.00014770611
1.5784089e-05
1.5820896e-05
1.5804985e-05
1.5860248e-05
1.5990708e-05
1.602987e-05
1.6023736e-05
1.6016696e-05
1.5865664e-05
9.7752512e-05
1.5911168e-05
1.8808145e-05
1.5986682e-05
1.6163366e-05
1.6033133e-05
1.617261e-05
1.5792326e-05
1.5859198e-05
1.5797001e-05
1.5995723e-05
1.6012187e-05
1.5875129e-05
2.3517013e-05
2.0965369e-05
2.1971733e-05
1.6493353e-05
1.6170148e-05
1.5866259e-05
1.8580736e-05
1.5796729e-05
1.6031053e-05
1.5833294e-05
1.5800115e-05
1.6020655e-05
1.590542e-05
1.5971491e-05
1.6114705e-05
1.6035006e-05
1.6016892e-05
1.7271275e-05
1.5852258e-05
1.5888731e-05
0.00078505152
1.5810089e-05
1.7715827e-05
1.6043804e-05
1.6800266e-05
1.6033313e-05
1.5842277e-05
1.5973789e-05
1.8939134e-05
2.4704892e-05
1.5970384e-05
1.6116985e-05
1.588063e-05
1.5830299e-05
1.603736e-05
1.7835357e-05
1.587729e-05
1.597067e-05
1.5784939e-05
1.6046869e-05
1.604697e-05
1.6145277e-05
1.5803817e-05
1.5995215e-05
1.6081494e-05
1.5862671e-05
1.612835e-05
1.6026279e-05
1.5867252e-05
2.0957103e-05
1.6014911e-05
1.5825482e-05
1.5793372e-05
1.598378e-05
2.6226053e-05
1.5976942e-05
1.5803816e-05
1.5850217e-05
1.598901e-05
1.5825186e-05
1.5883676e-05
1.6030352e-05
1.6072292e-05
1.578684e-05
1.601441e-05
0.00020438765
1.5981574e-05
1.5853711e-05
1.5964546e-05
1.6117468e-05
1.6611103e-05
1.6017378e-05
1.5801534e-05
0.0001122827
1.6135707e-05
1.8178041e-05
1.599221e-05
1.6033218e-05
1.5910193e-05
1.6150122e-05
2.4859031e-05
1.6019514e-05
1.5876792e-05
1.5787465e-05
1.580981e-05
1.5815642e-05
1.5877036e-05
1.5865349e-05
1.601734e-05
2.6221576e-05
1.5794566e-05
0.00071806111
1.5799698e-05
1.5540601e-05
1.5879857e-05
1.5809653e-05
2.4549206e-05
1.5984441e-05
1.5800365e-05
1.5979588e-05
1.6029788e-05
0.0020075686
1.5806997e-05
1.6024195e-05
1.599905e-05
2.0776588e-05
1.6396432e-05
1.7386262e-05
1.5861507e-05
0.00029189708
1.6034685e-05
1.6075295e-05
1.5960041e-05
1.5841767e-05
2.0681165e-05
1.6489025e-05
1.5928449e-05
2.887678e-05
1.6047e-05
2.3442115e-05
2.9411968e-05
0.0017304478
1.5985083e-05
1.5803167e-05
1.5857217e-05
1.6026444e-05
1.5962531e-05
2.0108361e-05
1.5797012e-05
1.6487652e-05
1.6010881e-05
2.0776762e-05
1.5786936e-05
1.5981917e-05
1.5992382e-05
1.5790951e-05
1.5960485e-05
1.599496e-05
1.6113768e-05
1.605482e-05
2.023862e-05
2.3388935e-05
1.7577901e-05
1.5974348e-05
2.3109831e-05
1.5791472e-05
1.5904763e-05
1.5801409e-05
1.5985949e-05
0.0016258762
1.5849107e-05
4.4072388e-05
1.6176839e-05
0.0011681561
1.596584e-05
1.6033023e-05
1.5805011e-05
1.5799812e-05
1.601783e-05
1.6054626e-05
1.5870629e-05
1.6014307e-05
1.822829e-05
1.5793565e-05
1.603245e-05
1.5823407e-05
2.8516284e-05
1.6047251e-05
4.0221066e-05
1.580994e-05
1.6025777e-05
1.5796179e-05
1.5861741e-05
1.6689203e-05
1.5869986e-05
4.1379403e-05
1.5924669e-05
3.4705997e-05
1.5996426e-05
1.5979215e-05
3.8447421e-05
1.6069517e-05
1.8719526e-05
2.6870067e-05
1.6056915e-05
0.00077441557
1.5784758e-05
1.5991637e-05
1.5802067e-05
1.5978938e-05
1.5806753e-05
1.5792762e-05
1.5871685e-05
2.6191254e-05
1.5791177e-05
1.5907542e-05
1.5936137e-05
0.00059395784
2.0109076e-05
1.8934541e-05
1.6523837e-05
1.5816739e-05
1.6043273e-05
0.00043270283
1.5983582e-05
1.5788029e-05
1.5953955e-05
1.6380593e-05
1.5959874e-05
5.5048928e-05
0.00058491615
1.596198e-05
1.5872788e-05
1.579201e-05
1.7002763e-05
1.6153356e-05
1.5937411e-05
1.6203016e-05
1.5960595e-05
1.8087009e-05
1.6171514e-05
1.5790898e-05
1.5945094e-05
1.5904639e-05
1.5796637e-05
1.6057599e-05
0.0015005119
3.6558337e-05
0.0014955278
1.640246e-05
1.579392e-05
1.5983595e-05
1.5992756e-05
1.6006168e-05
1.5800004e-05
1.5334366e-05
1.6040295e-05
1.5994135e-05
1.6056619e-05
1.5898194e-05
1.5803119e-05
1.5810234e-05
1.5994602e-05
1.5810409e-05
0.00017118546
1.5992762e-05
1.599039e-05
1.5852239e-05
1.5958165e-05
1.6029529e-05
1.5951173e-05
1.6003279e-05
1.5831427e-05
2.0872689e-05
2.2913051e-05
1.587284e-05
1.6018401e-05
1.5959107e-05
1.5881965e-05
1.6024389e-05
1.5934287e-05
1.586907e-05
1.5964366e-05
1.5785358e-05
0.0014613788
1.5792173e-05
1.5929129e-05
1.585396e-05
1.5910757e-05
1.5822767e-05
1.6399996e-05
0.00074870423
1.6841498e-05
1.5785102e-05
1.5810343e-05
1.5785564e-05
2.442057e-05
1.5854106e-05
2.3303911e-05
1.6034939e-05
1.6551046e-05
2.2689709e-05
1.6030487e-05
0.0011253123
2.1978277e-05
1.6013171e-05
2.0234212e-05
1.6024512e-05
1.599672e-05
1.5794987e-05
1.5937731e-05
0.00014739565
2.1518972e-05
1.5868692e-05
1.587761e-05
1.5877054e-05
1.5835203e-05
1.5811739e-05
4.2710732e-05
2.9097071e-05
1.587225e-05
1.6039063e-05
1.599103e-05
1.6038488e-05
1.579263e-05
2.8462862e-05
1.4774208e-05
0.00070984997
1.5821763e-05
1.5921995e-05
2.6202382e-05
1.6115621e-05
1.5903674e-05
1.602496e-05
1.5876604e-05
1.5973943e-05
1.599833e-05
1.5869661e-05
1.6202356e-05
1.5792807e-05
2.176715e-05
1.5836948e-05
1.5898219e-05
0.0007188006
1.595374e-05
1.5832505e-05
1.5941387e-05
1.6040871e-05
1.5923049e-05
7.6774095e-05
1.5876033e-05
1.8666115e-05
5.6671549e-05
1.5903058e-05
1.5865785e-05
1.6000163e-05
1.5968566e-05
1.5985865e-05
1.592871e-05
1.816919e-05
1.5962795e-05
1.6039602e-05
1.5971097e-05
2.2686563e-05
0.00082300858
1.5827671e-05
2.125311e-05
1.6037446e-05
1.5801305e-05
1.5808714e-05
1.5906239e-05
0.00058679404
1.5791104e-05
0.00055987057
1.6302277e-05
0.00070266416
1.5929981e-05
1.5799212e-05
1.5791959e-05
1.6099488e-05
2.242608e-05
1.5801448e-05
1.5820518e-05
1.5981553e-05
1.5804779e-05
1.5957161e-05
1.5360066e-05
2.0870857e-05
1.5809088e-05
2.2870959e-05
1.6545917e-05
1.6546689e-05
1.6026745e-05
1.5890397e-05
1.6028961e-05
2.2911238e-05
1.6378857e-05
1.6187323e-05
1.6014589e-05
1.7878809e-05
1.5801879e-05
1.6014831e-05
1.7878901e-05
2.6117455e-05
2.6129329e-05
0.0027561562
1.5996127e-05
)
;

boundaryField
{
    back
    {
        type            empty;
    }
    front
    {
        type            empty;
    }
    farfield
    {
        type            calculated;
        value           nonuniform List<scalar> 
60
(
1.5782869e-05
1.5782869e-05
1.5782869e-05
1.5791232e-05
1.5800405e-05
1.5822169e-05
1.5826464e-05
1.5782869e-05
1.5782869e-05
1.5782869e-05
1.5782869e-05
1.5782869e-05
1.5782869e-05
1.582721e-05
1.5824277e-05
1.5819608e-05
1.5807916e-05
1.5796966e-05
1.5804363e-05
1.579395e-05
1.5782869e-05
1.5782869e-05
1.5782869e-05
1.5782869e-05
1.5782869e-05
1.5782869e-05
1.5782869e-05
1.5782869e-05
1.5782869e-05
1.5782869e-05
1.5782869e-05
1.5782869e-05
1.5782869e-05
1.5782869e-05
1.5782869e-05
1.5812673e-05
1.5782869e-05
1.582987e-05
1.5782869e-05
1.5782869e-05
1.5782869e-05
1.5782869e-05
1.5782869e-05
1.5782869e-05
1.5789388e-05
1.5816347e-05
1.5782869e-05
1.5782869e-05
1.5782869e-05
1.5782869e-05
1.5782869e-05
1.5782869e-05
1.5782869e-05
1.5782869e-05
1.5782869e-05
1.5782869e-05
1.5782869e-05
1.5782869e-05
1.5782869e-05
1.5782869e-05
)
;
    }
    outlet
    {
        type            calculated;
        value           nonuniform List<scalar> 
20
(
1.579476e-05
1.5799956e-05
1.5795291e-05
1.5829323e-05
2.0974165e-05
2.7939846e-05
2.684296e-05
2.0927446e-05
1.7084535e-05
1.6121391e-05
1.5839108e-05
1.5796294e-05
1.5793411e-05
1.6402486e-05
1.5802133e-05
1.5806284e-05
1.5799108e-05
1.5804859e-05
1.5808934e-05
1.582389e-05
)
;
    }
    flap
    {
        type            nutLowReWallFunction;
        blending        stepwise;
        Cmu             0.09;
        kappa           0.41;
        E               9.8;
        value           uniform 0;
    }
    mainfoil
    {
        type            nutLowReWallFunction;
        blending        stepwise;
        Cmu             0.09;
        kappa           0.41;
        E               9.8;
        value           uniform 0;
    }
}


// ************************************************************************* //
