/*--------------------------------*- C++ -*----------------------------------*\
| =========                 |                                                 |
| \\      /  F ield         | OpenFOAM: The Open Source CFD Toolbox           |
|  \\    /   O peration     | Version:  v2012                                 |
|   \\  /    A nd           | Website:  www.openfoam.com                      |
|    \\/     M anipulation  |                                                 |
\*---------------------------------------------------------------------------*/
FoamFile
{
    version     2.0;
    format      ascii;
    class       volScalarField;
    location    "1600";
    object      nut;
}
// * * * * * * * * * * * * * * * * * * * * * * * * * * * * * * * * * * * * * //

dimensions      [0 2 -1 0 0 0 0];


internalField   nonuniform List<scalar> 
39020
(
1.9505711e-10
2.0566354e-08
2.294618e-07
1.2993756e-06
5.2576094e-06
1.7366304e-05
5.0015515e-05
0.00012523383
0.00025932638
0.0004497259
0.00068461599
1.9690407e-10
2.0761775e-08
2.3170451e-07
1.3130765e-06
5.3217708e-06
1.7633723e-05
5.106528e-05
0.00012856344
0.00026649269
0.000461303
0.00070061394
1.9703969e-10
2.078581e-08
2.3212543e-07
1.3162135e-06
5.3353485e-06
1.7667938e-05
5.1076266e-05
0.00012826689
0.00026521252
0.00045765894
0.00069182155
1.2289926e-12
1.1551155e-10
1.068893e-09
4.7623865e-09
1.4578778e-08
3.5357164e-08
7.3362762e-08
1.3764387e-07
2.4767684e-07
5.3430778e-07
1.2331416e-06
9.4685703e-14
9.7194792e-12
1.0324795e-10
5.4709637e-10
2.0471889e-09
6.2013697e-09
1.6415386e-08
4.0716133e-08
1.0689744e-07
2.686626e-07
6.2931669e-07
3.7995308e-10
4.0262952e-08
4.5163063e-07
2.5645582e-06
1.0383013e-05
3.4387425e-05
9.7017532e-05
0.00021844972
0.00039463191
0.00060778455
0.00084301368
3.8341612e-10
4.0677969e-08
4.5696372e-07
2.5980091e-06
1.0524756e-05
3.4843967e-05
9.7997238e-05
0.00021949866
0.00039485119
0.00060625728
0.00083869098
7.7608275e-12
6.6196394e-10
5.394952e-09
2.0814598e-08
5.4449331e-08
1.1164781e-07
1.9485233e-07
3.0885755e-07
4.7607523e-07
8.9080993e-07
1.894516e-06
1.0429051e-10
1.0831223e-08
1.1791467e-07
6.4789322e-07
2.5327143e-06
8.0243335e-06
2.1923645e-05
5.3111492e-05
0.00011388829
0.00021470104
0.00036020946
1.0787288e-10
1.1202626e-08
1.2204746e-07
6.7234611e-07
2.6444593e-06
8.4809397e-06
2.3676403e-05
5.9211848e-05
0.00013076798
0.00024977707
0.00041794984
1.7160277e-10
1.8034113e-08
2.0017179e-07
1.126465e-06
4.524785e-06
1.4800456e-05
4.205688e-05
0.00010484098
0.00022080338
0.00039373113
0.00061778335
1.7458119e-10
1.8359165e-08
2.0401605e-07
1.1500077e-06
4.6305332e-06
1.5204361e-05
4.346806e-05
0.00010900669
0.00022974529
0.00040842004
0.00063815626
7.6381993e-12
8.4298416e-10
1.0431145e-08
6.9786605e-08
3.5976772e-07
1.6681576e-06
7.1626916e-06
2.746721e-05
8.9418658e-05
0.00023401557
0.00047798496
6.7293092e-12
7.3977205e-10
9.0587595e-09
5.9284697e-08
2.9185082e-07
1.2339051e-06
4.8367688e-06
1.8045221e-05
5.9834525e-05
0.00016527568
0.00036272231
7.9683731e-12
8.7838032e-10
1.0800498e-08
7.0919156e-08
3.4912099e-07
1.4657322e-06
5.6382614e-06
2.0758746e-05
6.797474e-05
0.0001842613
0.00039471069
5.7553528e-11
6.112493e-09
6.9261651e-08
4.0194073e-07
1.6827402e-06
5.7864285e-06
1.739896e-05
4.7250843e-05
0.00011403146
0.00023164937
0.00039702445
5.3513933e-11
5.6753111e-09
6.4137409e-08
3.707448e-07
1.5431341e-06
5.2581735e-06
1.5574907e-05
4.132387e-05
9.7576572e-05
0.00019746687
0.00034134019
8.5887058e-11
8.8762827e-09
9.5868261e-08
5.2196039e-07
2.0230957e-06
6.3730016e-06
1.7414002e-05
4.275254e-05
9.5178515e-05
0.00019013773
0.00034033639
7.2927343e-11
7.6806094e-09
8.5723262e-08
4.8739953e-07
1.9897919e-06
6.6436899e-06
1.9306144e-05
5.0187881e-05
0.00011452352
0.00022201398
0.00037011157
7.1137718e-11
7.4948318e-09
8.3690471e-08
4.7601289e-07
1.9432017e-06
6.4825945e-06
1.8797318e-05
4.8699122e-05
0.00011096194
0.00021570571
0.00036147571
6.5162768e-11
6.624032e-09
6.945141e-08
3.6309542e-07
1.3377286e-06
3.9671204e-06
1.0115931e-05
2.3092692e-05
4.8665898e-05
9.7727531e-05
0.0001981022
2.0883374e-10
2.1560973e-08
2.3257471e-07
1.2635581e-06
4.8832915e-06
1.5371615e-05
4.2208311e-05
0.0001030951
0.00021779062
0.00039489327
0.0006324858
2.0089783e-10
2.0750697e-08
2.2407989e-07
1.2200116e-06
4.7321362e-06
1.497784e-05
4.1446589e-05
0.00010217037
0.00021728693
0.00039547032
0.00063530499
1.904127e-10
1.9716273e-08
2.136494e-07
1.1671051e-06
4.5354046e-06
1.4333603e-05
3.9379682e-05
9.5929327e-05
0.00020238534
0.00036795678
0.00059270263
5.7350009e-11
5.9278298e-09
6.3893475e-08
3.4544185e-07
1.3159454e-06
3.9918251e-06
1.0122142e-05
2.1829343e-05
4.0312035e-05
6.4077793e-05
8.7860444e-05
5.6969342e-11
5.8798264e-09
6.3204287e-08
3.4040674e-07
1.2903413e-06
3.8908252e-06
9.8039966e-06
2.1040627e-05
3.882311e-05
6.2145316e-05
8.7094515e-05
4.8480461e-11
4.9624302e-09
5.251506e-08
2.7656829e-07
1.018376e-06
2.9669138e-06
7.2108544e-06
1.4985772e-05
2.6986908e-05
4.2487933e-05
5.8870167e-05
4.8626042e-11
4.9837201e-09
5.2871886e-08
2.7949278e-07
1.0345067e-06
3.0343173e-06
7.4343894e-06
1.5587808e-05
2.833442e-05
4.5060434e-05
6.316267e-05
2.390586e-10
2.5287122e-08
2.8334549e-07
1.6107378e-06
6.5365577e-06
2.1653597e-05
6.2313704e-05
0.00015187218
0.0003006948
0.00050008727
0.00073607491
2.453225e-10
2.5901898e-08
2.8947374e-07
1.641296e-06
6.6478037e-06
2.2007865e-05
6.3364064e-05
0.00015434244
0.00030520942
0.00050759066
0.00074894017
2.466037e-10
2.6031891e-08
2.9073549e-07
1.6459358e-06
6.6460955e-06
2.1875773e-05
6.2363745e-05
0.00015036349
0.00029563753
0.00048972481
0.00071848861
1.3683934e-10
1.4184655e-08
1.5384511e-07
8.400358e-07
3.2512584e-06
1.0148997e-05
2.7140958e-05
6.3721529e-05
0.00013137225
0.0002387458
0.00038989205
1.3964805e-10
1.4493212e-08
1.5769314e-07
8.6666143e-07
3.3953909e-06
1.0828754e-05
2.9989217e-05
7.3682295e-05
0.00015741435
0.00029043709
0.00047398887
4.6929511e-10
5.0185112e-08
5.6944043e-07
3.2661687e-06
1.3332781e-05
4.4484654e-05
0.00012302352
0.00026253866
0.00044982015
0.000662854
0.00088534261
4.8671015e-10
5.1645228e-08
5.804751e-07
3.3077924e-06
1.3508119e-05
4.5599245e-05
0.00012864316
0.00027719378
0.00047672795
0.00070629538
0.00095452978
4.7032435e-10
4.971569e-08
5.550872e-07
3.1309239e-06
1.2573289e-05
4.1217945e-05
0.0001125547
0.00024014269
0.00041309453
0.00061077657
0.00081669272
8.0761071e-11
8.5049543e-09
9.4845035e-08
5.379053e-07
2.1833628e-06
7.2081624e-06
2.0535334e-05
5.1747828e-05
0.00011384871
0.00021389764
0.00034653629
7.8786947e-11
8.2814957e-09
9.2079812e-08
5.2053274e-07
2.1073974e-06
6.9528697e-06
1.9858443e-05
5.0335436e-05
0.00011161235
0.00021224964
0.00035099947
1.0752091e-10
1.1165292e-08
1.2159469e-07
6.6920042e-07
2.6269977e-06
8.3975019e-06
2.3334992e-05
5.8107974e-05
0.00012845444
0.00024704651
0.00041726987
1.1083197e-10
1.1505387e-08
1.2523886e-07
6.888892e-07
2.70282e-06
8.6353922e-06
2.3985032e-05
5.9700401e-05
0.0001318683
0.00025311799
0.00042598812
1.1102258e-10
1.1523177e-08
1.2535526e-07
6.8853965e-07
2.6937521e-06
8.5621891e-06
2.3574305e-05
5.7902493e-05
0.00012614979
0.00024031667
0.00040426192
1.0528737e-10
1.0924828e-08
1.1881452e-07
6.5270629e-07
2.5562508e-06
8.1459724e-06
2.2538187e-05
5.5837377e-05
0.00012317213
0.00023768549
0.00040438211
1.0290892e-10
1.0675542e-08
1.160584e-07
6.3727979e-07
2.4947823e-06
7.9475739e-06
2.198838e-05
5.4538404e-05
0.00012077799
0.00023429938
0.00040025696
1.0595129e-10
1.099412e-08
1.1955815e-07
6.5652623e-07
2.5685967e-06
8.1685313e-06
2.2516973e-05
5.5451809e-05
0.00012145154
0.00023303649
0.00039504804
1.0347586e-10
1.0735727e-08
1.1671889e-07
6.4073544e-07
2.5059759e-06
7.9666848e-06
2.1955421e-05
5.4104937e-05
0.00011887793
0.00022930429
0.0003909497
6.3012951e-11
6.1683171e-09
6.0095621e-08
2.8134196e-07
8.9100941e-07
2.1709507e-06
4.3155848e-06
7.1937092e-06
1.0168292e-05
1.2244833e-05
1.2771577e-05
7.1076585e-13
6.9824282e-11
6.881646e-10
3.3059365e-09
1.1016242e-08
2.930478e-08
6.7025951e-08
1.3866267e-07
2.7298385e-07
5.7649219e-07
1.3177503e-06
2.7949093e-12
2.5796467e-10
2.3181152e-09
9.9525264e-09
2.912469e-08
6.6821019e-08
1.2930258e-07
2.2185249e-07
3.533925e-07
5.5295812e-07
1.0839634e-06
1.7296903e-10
1.8232634e-08
2.0339424e-07
1.1519949e-06
4.6631314e-06
1.5395572e-05
4.4253683e-05
0.00011129465
0.00023396865
0.00041350112
0.00064132091
1.7590851e-10
1.8548943e-08
2.0700508e-07
1.1726679e-06
4.7457135e-06
1.5655919e-05
4.4926072e-05
0.00011257941
0.00023567489
0.00041519536
0.00064263404
7.5192698e-11
7.7416103e-09
8.3060061e-08
4.4832399e-07
1.7201585e-06
5.3586016e-06
1.4470767e-05
3.5152583e-05
7.8105347e-05
0.00015863811
0.00029476531
5.1136353e-11
5.1785732e-09
5.3672439e-08
2.7390347e-07
9.6567348e-07
2.6618506e-06
6.0638977e-06
1.1741098e-05
1.96135e-05
2.8508123e-05
3.6271659e-05
5.0494735e-11
5.1210587e-09
5.3224307e-08
2.7273678e-07
9.6686989e-07
2.6831838e-06
6.1592941e-06
1.2024287e-05
2.026233e-05
2.9720108e-05
3.8149616e-05
5.4613309e-11
5.2055699e-09
4.8505936e-08
2.1486345e-07
6.4035692e-07
1.4640414e-06
2.7236138e-06
4.2360382e-06
5.577676e-06
6.2953949e-06
6.3423809e-06
5.7407513e-11
5.5043416e-09
5.1778745e-08
2.3196022e-07
6.996253e-07
1.6193334e-06
3.0509858e-06
4.8077376e-06
6.4124673e-06
7.3114353e-06
7.3732177e-06
7.3225374e-11
7.5283574e-09
8.0559358e-08
4.3318931e-07
1.6537622e-06
5.1182933e-06
1.3706474e-05
3.2955242e-05
7.2497618e-05
0.00014668883
0.00027476237
1.4524107e-10
1.5149233e-08
1.6611765e-07
9.2139528e-07
3.6472224e-06
1.1774809e-05
3.312456e-05
8.2673659e-05
0.00017710987
0.00032253834
0.00051378289
1.5352737e-10
1.6027606e-08
1.762219e-07
9.8275434e-07
3.9262926e-06
1.2865934e-05
3.7084184e-05
9.5520425e-05
0.00020733654
0.00037281528
0.00057694907
1.0008423e-10
1.0475836e-08
1.1563719e-07
6.4762218e-07
2.5942399e-06
8.4691921e-06
2.3953935e-05
5.9784824e-05
0.0001281564
0.00023282839
0.00036738108
1.0089619e-10
1.0562099e-08
1.1660979e-07
6.53179e-07
2.6168055e-06
8.543532e-06
2.4169177e-05
6.0366292e-05
0.00012960108
0.00023591917
0.00037304414
6.1609345e-11
6.2181552e-09
6.4417914e-08
3.3175132e-07
1.2021533e-06
3.5073631e-06
8.8233584e-06
2.0008235e-05
4.2502932e-05
8.9067509e-05
0.00019951526
7.7412894e-11
7.9786572e-09
8.576876e-08
4.6418319e-07
1.7870684e-06
5.5902385e-06
1.5172086e-05
3.7066418e-05
8.2736548e-05
0.00016797129
0.00030945231
7.9448129e-11
8.196051e-09
8.8247551e-08
4.7858734e-07
1.8468782e-06
5.7917293e-06
1.5757611e-05
3.8574695e-05
8.6113718e-05
0.00017417361
0.00031830549
5.6995423e-11
5.8885012e-09
6.3428783e-08
3.4277243e-07
1.3062253e-06
3.9706488e-06
1.0118988e-05
2.2022053e-05
4.1283389e-05
6.7314468e-05
9.6539065e-05
5.6826825e-11
5.8799689e-09
6.3510879e-08
3.445287e-07
1.3193587e-06
4.0344674e-06
1.0349962e-05
2.2665903e-05
4.2683285e-05
6.9724569e-05
9.9828003e-05
9.5690412e-11
9.9141649e-09
1.0754135e-07
5.8877095e-07
2.296568e-06
7.2837737e-06
2.0038938e-05
4.9411559e-05
0.00010933216
0.00021380103
0.00037068217
6.9987299e-11
7.1704823e-09
7.6249169e-08
4.0645634e-07
1.5345346e-06
4.6848845e-06
1.234339e-05
2.9143785e-05
6.3109945e-05
0.00012725531
0.00024367633
6.8525651e-11
7.007465e-09
7.4261521e-08
3.9400088e-07
1.4787401e-06
4.4830754e-06
1.1719194e-05
2.7447083e-05
5.9066898e-05
0.00011912453
0.00023152152
8.3896461e-11
8.6651135e-09
9.3500242e-08
5.08612e-07
1.9704566e-06
6.2102652e-06
1.7005582e-05
4.1949335e-05
9.4136502e-05
0.00018974797
0.0003420061
6.7082582e-11
6.8413072e-09
7.2153728e-08
3.8035385e-07
1.4163274e-06
4.2556299e-06
1.1020605e-05
2.5589813e-05
5.4789567e-05
0.0001108951
0.00022058213
7.1609447e-11
7.3503414e-09
7.8427146e-08
4.2005736e-07
1.5956839e-06
4.9092052e-06
1.3055619e-05
3.1153079e-05
6.8106184e-05
0.0001377535
0.00026086182
5.805964e-11
5.8561688e-09
6.052038e-08
3.1018217e-07
1.1162285e-06
3.2326141e-06
8.0908811e-06
1.8375676e-05
3.9736414e-05
8.9822031e-05
0.00020642311
9.2480757e-11
9.5772749e-09
1.0380024e-07
5.6763312e-07
2.2108481e-06
6.9986526e-06
1.9207142e-05
4.7236156e-05
0.00010447665
0.0002051384
0.00035855725
5.9136114e-11
5.8616698e-09
5.9059318e-08
2.9475437e-07
1.0370338e-06
2.9618449e-06
7.4112718e-06
1.7215979e-05
4.029166e-05
0.0001045677
0.00024219939
4.6467816e-11
4.7052681e-09
4.8769169e-08
2.4998195e-07
8.9909397e-07
2.6229041e-06
6.8001562e-06
1.7277384e-05
5.0157213e-05
0.00013329796
0.0002939641
9.4455996e-11
9.7855127e-09
1.061409e-07
5.8118237e-07
2.2681698e-06
7.2024529e-06
1.9861026e-05
4.9166726e-05
0.00010938572
0.00021507976
0.0003746464
8.6735459e-11
8.9716142e-09
9.7032117e-08
5.2916271e-07
2.0543499e-06
6.4798671e-06
1.7716202e-05
4.3457575e-05
9.6427536e-05
0.00019160393
0.00034107608
6.3943966e-11
6.053698e-09
5.7189436e-08
2.6769483e-07
9.0367938e-07
2.6543538e-06
8.9357642e-06
3.0350271e-05
8.9994128e-05
0.00021790713
0.00042331494
1.5544514e-11
1.5436827e-09
1.6509478e-08
1.1711675e-07
7.1977852e-07
3.7016981e-06
1.5753191e-05
5.5136056e-05
0.00015519931
0.00034050934
0.00056788504
8.9996369e-11
9.3104813e-09
1.0073177e-07
5.4960594e-07
2.1349783e-06
6.7385826e-06
1.8434269e-05
4.5209057e-05
0.00010001243
0.00019736718
0.00034801288
9.7472704e-11
1.0106965e-08
1.0979125e-07
6.0229963e-07
2.3555919e-06
7.4975297e-06
2.0727729e-05
5.1423896e-05
0.00011432023
0.00022362963
0.00038637944
1.0061734e-10
1.0436289e-08
1.1343746e-07
6.2285871e-07
2.4390501e-06
7.7772464e-06
2.1559279e-05
5.3661125e-05
0.00011939493
0.00023264987
0.0003989677
2.0918821e-11
1.8491581e-09
1.6516096e-08
7.4587844e-08
2.7371182e-07
9.5622895e-07
2.9989714e-06
8.4136386e-06
2.1592354e-05
5.2045148e-05
0.00012094632
9.1477265e-11
9.470794e-09
1.0260258e-07
5.6082791e-07
2.1836086e-06
6.9123783e-06
1.8982168e-05
4.6764993e-05
0.00010378957
0.00020474771
0.00035974426
1.3977113e-10
1.4485881e-08
1.572155e-07
8.6085596e-07
3.3552971e-06
1.0623771e-05
2.912207e-05
7.0643485e-05
0.00014924479
0.00027305008
0.00044196564
1.4744334e-10
1.5250036e-08
1.65025e-07
9.0090684e-07
3.5031857e-06
1.108363e-05
3.0449536e-05
7.4302478e-05
0.00015786861
0.00028907926
0.00046608409
5.733867e-11
5.9430891e-09
6.4409557e-08
3.5123313e-07
1.3554014e-06
4.1904853e-06
1.0910086e-05
2.430944e-05
4.6591357e-05
7.7480745e-05
0.00011328873
5.8578317e-11
6.0602747e-09
6.5479564e-08
3.5575391e-07
1.3675048e-06
4.2125036e-06
1.0936405e-05
2.4332698e-05
4.6630199e-05
7.7576577e-05
0.00011343199
1.3919395e-10
1.4454986e-08
1.5729548e-07
8.6302006e-07
3.363088e-06
1.0601057e-05
2.8742691e-05
6.8573593e-05
0.00014284864
0.00025930649
0.00041795687
1.3783988e-10
1.4287563e-08
1.5500151e-07
8.4723427e-07
3.2874524e-06
1.031341e-05
2.7809893e-05
6.5948967e-05
0.00013681483
0.00024853709
0.00040328698
1.0010367e-10
1.0489918e-08
1.1601014e-07
6.5120575e-07
2.6153744e-06
8.5656591e-06
2.4367704e-05
6.1709662e-05
0.00013599884
0.00025531528
0.00041599573
9.9694316e-11
1.0445522e-08
1.1549103e-07
6.4808919e-07
2.6019333e-06
8.5187846e-06
2.4232013e-05
6.1418842e-05
0.00013569816
0.00025553441
0.00041744222
1.6405484e-10
1.7174682e-08
1.8957056e-07
1.0610141e-06
4.2481002e-06
1.3918308e-05
3.9992673e-05
0.00010243633
0.00022274224
0.00040665035
0.00064792195
1.6126222e-10
1.6857725e-08
1.8557551e-07
1.0344906e-06
4.1167313e-06
1.3356326e-05
3.7761498e-05
9.4769092e-05
0.00020400119
0.00037319301
0.00059891443
5.0400557e-11
5.3652531e-09
6.1075577e-08
3.5682674e-07
1.5069723e-06
5.235697e-06
1.591666e-05
4.3757267e-05
0.00010753509
0.00022281012
0.00038761056
4.8091677e-11
5.1212509e-09
5.8337842e-08
3.4115222e-07
1.442498e-06
5.0192645e-06
1.5287349e-05
4.2125103e-05
0.00010394273
0.00021680332
0.00038029218
4.3578868e-11
4.6709662e-09
5.3829932e-08
3.1954431e-07
1.3743657e-06
4.868839e-06
1.5099098e-05
4.2347629e-05
0.00010586726
0.00022152964
0.00038807306
6.4493849e-09
9.1151348e-07
8.7500241e-06
3.5440323e-05
8.470967e-05
0.00013869895
0.00017364566
0.00017196277
0.00012971724
6.9726461e-05
3.0778192e-05
8.7849203e-09
1.0976377e-06
9.1199874e-06
3.2997127e-05
6.9752111e-05
0.00010092632
0.00010845487
8.6415654e-05
4.885934e-05
2.0598451e-05
9.4101994e-06
1.1076838e-08
1.0513025e-06
8.5340633e-06
2.6893548e-05
4.8298714e-05
5.8559941e-05
5.0616153e-05
3.1118439e-05
1.4322832e-05
6.4793065e-06
5.1667805e-06
1.5494095e-10
1.6282707e-08
1.8077304e-07
1.0179634e-06
4.0929932e-06
1.3397013e-05
3.8073744e-05
9.5290606e-05
0.00020265919
0.00036489551
0.00057558367
1.5717894e-10
1.6591129e-08
1.8547072e-07
1.0527104e-06
4.2661155e-06
1.4060888e-05
4.0145819e-05
0.00010023664
0.00021122746
0.00037716207
0.00059279384
1.6578376e-10
1.7456088e-08
1.9433873e-07
1.0974765e-06
4.4242006e-06
1.4518428e-05
4.1351091e-05
0.00010316713
0.00021735603
0.00038821286
0.00061119341
1.6904925e-10
1.7487974e-08
1.8937065e-07
1.0351584e-06
4.0344175e-06
1.2820028e-05
3.5517779e-05
8.7653182e-05
0.00018652342
0.00033564987
0.00052280429
7.1395018e-11
7.3981745e-09
8.0119603e-08
4.3607773e-07
1.6760914e-06
5.145467e-06
1.3257594e-05
2.9175431e-05
5.532924e-05
9.1746468e-05
0.00013576414
6.9900472e-11
7.2627347e-09
7.9052095e-08
4.3351308e-07
1.6838538e-06
5.2430596e-06
1.3749976e-05
3.0828807e-05
5.9402146e-05
9.9661272e-05
0.00014861378
2.2463425e-10
2.3660666e-08
2.6343928e-07
1.4869594e-06
5.9899856e-06
1.9674362e-05
5.602552e-05
0.00013611507
0.00027173855
0.00045831243
0.0006856053
2.2710871e-10
2.3904541e-08
2.6579002e-07
1.4969791e-06
6.0106787e-06
1.9645438e-05
5.5508204e-05
0.00013358123
0.00026497986
0.00044547605
0.00066498356
1.0148012e-10
1.0635195e-08
1.1763356e-07
6.6041105e-07
2.6526216e-06
8.6880624e-06
2.4711389e-05
6.2482655e-05
0.00013707524
0.00025574389
0.00041408454
1.0102264e-10
1.0588323e-08
1.1713648e-07
6.5778584e-07
2.6428966e-06
8.659247e-06
2.4640157e-05
6.2356577e-05
0.00013702667
0.00025615096
0.00041549503
1.0056685e-10
1.0539229e-08
1.1656896e-07
6.5442576e-07
2.6285843e-06
8.6092415e-06
2.4488289e-05
6.197208e-05
0.00013634986
0.00025542649
0.00041527485
2.7012728e-11
2.9795573e-09
3.6326612e-08
2.331307e-07
1.1021474e-06
4.3427551e-06
1.5147075e-05
4.9092391e-05
0.00014091248
0.00031905204
0.00057187519
2.9883779e-11
3.2933369e-09
4.0049384e-08
2.5587379e-07
1.201724e-06
4.6926181e-06
1.6172106e-05
5.1474284e-05
0.00014479157
0.00032066775
0.00056636556
3.374583e-11
3.7164121e-09
4.5086935e-08
2.8676345e-07
1.3372971e-06
5.1685767e-06
1.7556799e-05
5.4622568e-05
0.00014918982
0.00032171706
0.00056075691
2.3970331e-10
2.5286128e-08
2.8228825e-07
1.599689e-06
6.4852316e-06
2.1553608e-05
6.2742756e-05
0.0001555511
0.00031022277
0.00051364646
0.00074622636
2.3789459e-10
2.5023085e-08
2.7843098e-07
1.5745895e-06
6.3840211e-06
2.1278166e-05
6.2519934e-05
0.00015778525
0.00031828298
0.00052769701
0.00076281068
2.156151e-10
2.3144867e-08
2.6568518e-07
1.5568348e-06
6.5432775e-06
2.2599238e-05
6.8710462e-05
0.00017475921
0.00034792802
0.00057107724
0.00082519355
3.0292373e-10
3.2183996e-08
3.6267964e-07
2.0718027e-06
8.4359583e-06
2.8032152e-05
8.0221655e-05
0.00018816685
0.00035479011
0.00056579582
0.00080637955
3.1324942e-10
3.3120484e-08
3.7070647e-07
2.1038259e-06
8.5291067e-06
2.8333782e-05
8.1502622e-05
0.00019219045
0.00036277326
0.00057782011
0.00082227609
3.104305e-10
3.2860563e-08
3.6847953e-07
2.0958134e-06
8.5159183e-06
2.8349518e-05
8.1646673e-05
0.00019216027
0.00036132105
0.00057305096
0.00081172935
5.4833364e-13
5.7530508e-11
6.4100974e-10
3.680245e-09
1.5605141e-08
5.7603938e-08
2.1188036e-07
7.8366486e-07
2.8418773e-06
9.8412024e-06
3.1727708e-05
5.0718268e-13
5.3184561e-11
5.9185052e-10
3.3907509e-09
1.4329028e-08
5.2603482e-08
1.9193616e-07
7.0625515e-07
2.5521658e-06
8.8310763e-06
2.8550535e-05
5.0875647e-13
5.3313381e-11
5.9242344e-10
3.3865311e-09
1.4269798e-08
5.2214984e-08
1.9016244e-07
6.9945189e-07
2.5292828e-06
8.7621501e-06
2.8374936e-05
5.9348813e-11
5.7221324e-09
5.4319021e-08
2.4603757e-07
7.5092913e-07
1.7594098e-06
3.3566298e-06
5.3574489e-06
7.2360464e-06
8.3366919e-06
8.4333568e-06
6.0775685e-11
5.8872375e-09
5.632875e-08
2.5765672e-07
7.94906e-07
1.8835393e-06
3.6356489e-06
5.8732549e-06
8.0296769e-06
9.3517043e-06
9.5120393e-06
2.3305919e-10
2.4703274e-08
2.7772875e-07
1.5854488e-06
6.4652147e-06
2.1531999e-05
6.2363456e-05
0.00015308724
0.00030477039
0.00050905837
0.0007528585
2.4034812e-10
2.535944e-08
2.8317476e-07
1.6045177e-06
6.4962191e-06
2.1500851e-05
6.1965416e-05
0.00015172198
0.00030185086
0.00050406381
0.00074510631
3.6440562e-10
3.9957411e-08
4.7274911e-07
2.8596871e-06
1.2400289e-05
4.4070122e-05
0.00012407586
0.00025175801
0.00040289093
0.00055324056
0.00068487175
3.4137056e-10
3.7588012e-08
4.4806083e-07
2.7383878e-06
1.203122e-05
4.3538683e-05
0.00012501811
0.00025473452
0.00040644677
0.00055515841
0.00068258416
3.0897277e-10
3.4209249e-08
4.1180925e-07
2.5495434e-06
1.1371273e-05
4.1895788e-05
0.00012292317
0.00025229517
0.00040234042
0.00054729734
0.00066797396
4.9955764e-11
5.0713307e-09
5.280766e-08
2.7138231e-07
9.6589383e-07
2.6939174e-06
6.2197616e-06
1.2218795e-05
2.0726686e-05
3.0609506e-05
3.9559955e-05
4.9329742e-11
5.0140428e-09
5.2333724e-08
2.6986832e-07
9.6489351e-07
2.7063098e-06
6.288903e-06
1.2443206e-05
2.1275451e-05
3.1709621e-05
4.1444837e-05
7.6776509e-11
7.9747801e-09
8.6757366e-08
4.7538923e-07
1.8442928e-06
5.7327185e-06
1.4996582e-05
3.3483838e-05
6.4050549e-05
0.00010618637
0.00015533626
7.3884937e-11
7.6544687e-09
8.2838756e-08
4.5014011e-07
1.7240066e-06
5.2564175e-06
1.3392176e-05
2.9028587e-05
5.4060324e-05
8.7624625e-05
0.00012554413
1.6871977e-10
1.7474709e-08
1.893606e-07
1.0337595e-06
4.0089723e-06
1.260305e-05
3.4231164e-05
8.1971978e-05
0.00017012527
0.00030418834
0.00047836468
1.708853e-10
1.7657988e-08
1.9063144e-07
1.0357213e-06
3.9928091e-06
1.2455845e-05
3.3458463e-05
7.8903741e-05
0.00016156576
0.00028756936
0.00045466593
4.8741616e-10
5.2104131e-08
5.9177333e-07
3.4072571e-06
1.402219e-05
4.7360347e-05
0.00013028578
0.00026985291
0.00044711241
0.00063930424
0.00083194002
4.7354877e-10
5.0759262e-08
5.7883978e-07
3.347556e-06
1.3829746e-05
4.6798866e-05
0.0001283532
0.00026441435
0.00043595777
0.00062055608
0.00080348004
4.6568179e-10
4.9957802e-08
5.7048571e-07
3.3052796e-06
1.3684818e-05
4.6377846e-05
0.00012687721
0.00026029614
0.0004279407
0.00060818795
0.00078692755
3.3868423e-10
3.5766477e-08
3.9928138e-07
2.2553065e-06
9.0698037e-06
2.9706869e-05
8.298545e-05
0.00018848436
0.00034670948
0.00054381373
0.00076573437
3.3926728e-10
3.6076544e-08
4.0652772e-07
2.316672e-06
9.3749846e-06
3.0770242e-05
8.5546969e-05
0.00019240323
0.0003506913
0.00054523314
0.00075920073
3.6466374e-10
3.8621376e-08
4.3300607e-07
2.4587356e-06
9.9584453e-06
3.2991808e-05
9.3353045e-05
0.00021223398
0.00038832838
0.00060675915
0.00085617183
5.0859942e-10
5.4138738e-08
6.1071951e-07
3.4870217e-06
1.4219149e-05
4.7593066e-05
0.00013076025
0.00027340458
0.00045858445
0.00066389746
0.00087502988
4.9925395e-10
5.32329e-08
6.0207629e-07
3.4479331e-06
1.4096935e-05
4.72535e-05
0.0001296493
0.00027001946
0.00045076132
0.00064913059
0.00085017124
4.9062638e-10
5.2493649e-08
5.967383e-07
3.4370957e-06
1.4138452e-05
4.7690289e-05
0.00013107347
0.00027186415
0.00045152746
0.00064728047
0.00084444009
6.2778921e-10
6.981589e-08
8.3773413e-07
5.2944917e-06
2.3823466e-05
7.2445565e-05
0.00015084732
0.00024356185
0.0003320308
0.0003987726
0.00042406401
8.5476635e-10
9.0141872e-08
1.0322944e-06
6.6207125e-06
3.0201502e-05
8.7130483e-05
0.00017234503
0.00026807355
0.00035563163
0.00041800865
0.00043618246
1.1389791e-09
1.1301007e-07
1.2635176e-06
8.404903e-06
3.8587099e-05
0.00010535303
0.0001984345
0.00029781619
0.00038465445
0.00044222864
0.00045214875
5.6976896e-11
5.894936e-09
6.3671697e-08
3.4549018e-07
1.3240213e-06
4.0543825e-06
1.0422291e-05
2.2878309e-05
4.3182362e-05
7.0704936e-05
0.00010157839
5.7238619e-11
5.9251176e-09
6.4065249e-08
3.4821569e-07
1.338004e-06
4.1140252e-06
1.0638983e-05
2.3531955e-05
4.4793718e-05
7.4045054e-05
0.00010766597
6.2537159e-11
6.5980058e-09
7.3862956e-08
4.2153344e-07
1.7276488e-06
5.7873596e-06
1.6841372e-05
4.3784337e-05
0.0001005519
0.00019809283
0.00033726567
6.1233922e-11
6.4726546e-09
7.2727591e-08
4.1739393e-07
1.7246123e-06
5.8444362e-06
1.729425e-05
4.6051453e-05
0.00010847405
0.00021659079
0.00036942707
1.081997e-10
1.1246013e-08
1.2264752e-07
6.7606481e-07
2.6577141e-06
8.5026367e-06
2.3614055e-05
5.8574902e-05
0.00012821313
0.00024289952
0.00040267708
1.161168e-10
1.2109954e-08
1.3300618e-07
7.4186272e-07
2.9724101e-06
9.8072067e-06
2.8645773e-05
7.6364988e-05
0.00017590799
0.00033397098
0.00053927005
1.4598418e-12
1.6281796e-10
2.1277074e-09
1.6138651e-08
9.5483097e-08
4.7790066e-07
2.1235938e-06
8.5070744e-06
3.0280329e-05
9.2556367e-05
0.00023128758
1.9895959e-12
2.2665386e-10
3.1535588e-09
2.5696814e-08
1.5783694e-07
8.0985719e-07
3.6662244e-06
1.4662644e-05
5.0940515e-05
0.00014713424
0.00033729711
1.5307509e-12
1.7282391e-10
2.3399874e-09
1.8489237e-08
1.1144113e-07
5.6384324e-07
2.5248544e-06
1.0133508e-05
3.5913483e-05
0.00010827261
0.00026413639
8.3877974e-11
8.8015831e-09
9.7536865e-08
5.485901e-07
2.204866e-06
7.1998357e-06
2.0255429e-05
5.0162814e-05
0.00010813917
0.00020148934
0.00033084234
7.8401747e-11
8.2149744e-09
9.079887e-08
5.0883595e-07
2.0350509e-06
6.5995295e-06
1.8382923e-05
4.4988802e-05
9.6251751e-05
0.00017910275
0.00029442245
4.893988e-10
5.2376217e-08
5.9500778e-07
3.417184e-06
1.3960922e-05
4.6481864e-05
0.00012647263
0.00026392472
0.00044415181
0.00064574286
0.00085332012
5.0627403e-10
5.4024936e-08
6.1142781e-07
3.5015812e-06
1.4308124e-05
4.7916333e-05
0.00013147154
0.00027487429
0.000461841
0.00067048664
0.00088677163
6.2140653e-11
6.1362935e-09
6.070226e-08
2.8992937e-07
9.3969361e-07
2.3473223e-06
4.7906291e-06
8.2130062e-06
1.1968528e-05
1.4896121e-05
1.6033429e-05
6.1613422e-11
6.097458e-09
6.0556264e-08
2.908042e-07
9.4875767e-07
2.3876194e-06
4.9127398e-06
8.4984226e-06
1.2509393e-05
1.5742716e-05
1.7127079e-05
1.8061829e-10
1.9032364e-08
2.1216056e-07
1.2002367e-06
4.8505427e-06
1.5984336e-05
4.5841667e-05
0.00011475704
0.00023973391
0.00042130733
0.00065059142
1.8404541e-10
1.9390137e-08
2.160918e-07
1.2221444e-06
4.9383338e-06
1.6277697e-05
4.6727956e-05
0.00011704495
0.00024417802
0.00042795593
0.00065869844
1.8654405e-10
1.9659199e-08
2.1920283e-07
1.240611e-06
5.0176956e-06
1.6562298e-05
4.7638107e-05
0.00011941008
0.00024863017
0.00043453249
0.0006671901
2.847974e-10
3.0292643e-08
3.4190221e-07
1.9557871e-06
7.9645699e-06
2.6382289e-05
7.4989091e-05
0.0001754232
0.00033115168
0.00052815302
0.00074896471
3.0222646e-10
3.1944473e-08
3.5757555e-07
2.0319951e-06
8.2666461e-06
2.7644961e-05
8.0391062e-05
0.00019153297
0.00036415933
0.00058440491
0.00084013287
2.9805938e-10
3.1444748e-08
3.5053427e-07
1.9769316e-06
7.9349379e-06
2.591307e-05
7.2698624e-05
0.00016919097
0.00031995423
0.00051220036
0.0007287485
4.9654171e-11
5.1102146e-09
5.4651189e-08
2.9239123e-07
1.1002528e-06
3.295715e-06
8.2712721e-06
1.7758623e-05
3.2925808e-05
5.3045694e-05
7.4461201e-05
4.9663964e-11
5.0999383e-09
5.4304096e-08
2.8858606e-07
1.0754306e-06
3.178738e-06
7.8445037e-06
1.6521487e-05
3.0006405e-05
4.7270915e-05
6.4761605e-05
6.8827172e-11
7.1563063e-09
7.8006777e-08
4.287807e-07
1.6713598e-06
5.2306061e-06
1.3808849e-05
3.1179918e-05
6.0377695e-05
0.00010141376
0.00015070622
6.8938496e-11
7.1679443e-09
7.8156912e-08
4.3002709e-07
1.6800965e-06
5.2823044e-06
1.4056751e-05
3.2088187e-05
6.2852389e-05
0.000106714
0.00016031889
5.8355944e-11
6.0456997e-09
6.5482387e-08
3.5697534e-07
1.3784941e-06
4.2739288e-06
1.1197785e-05
2.5196896e-05
4.8842053e-05
8.2148414e-05
0.00012134091
6.2823069e-11
6.5834933e-09
7.289213e-08
4.1071254e-07
1.6630411e-06
5.51608e-06
1.5841968e-05
3.9390168e-05
8.1679376e-05
0.00014162338
0.0002112267
1.1371065e-10
1.1793339e-08
1.2814941e-07
7.0301246e-07
2.7472474e-06
8.7250864e-06
2.4012007e-05
5.8936199e-05
0.00012814354
0.00024357221
0.00040961713
1.1160208e-10
1.1586844e-08
1.2604231e-07
6.9151947e-07
2.696493e-06
8.5115048e-06
2.3137914e-05
5.570457e-05
0.00011880675
0.00022367202
0.00037687815
7.8228057e-11
8.1551225e-09
8.9371269e-08
4.9550453e-07
1.9577327e-06
6.2601545e-06
1.7094638e-05
4.0377821e-05
8.1661576e-05
0.00014180324
0.00021585831
7.9017149e-11
8.2367785e-09
9.026078e-08
5.0048266e-07
1.9784555e-06
6.3364095e-06
1.7366572e-05
4.1286406e-05
8.4173851e-05
0.00014750693
0.0002272086
2.8501255e-10
3.0084974e-08
3.3590521e-07
1.900779e-06
7.6761587e-06
2.5329612e-05
7.2305034e-05
0.0001713886
0.00032779858
0.00052886308
0.00075935463
2.8463124e-10
3.0096809e-08
3.3693351e-07
1.912098e-06
7.7410058e-06
2.5586407e-05
7.3030015e-05
0.00017255937
0.0003287641
0.00052866094
0.00075695988
6.1077458e-13
6.4195499e-11
7.2132691e-10
4.2463928e-09
1.9272024e-08
8.3191497e-08
3.4333236e-07
1.3546698e-06
5.0550734e-06
1.7586876e-05
5.5189846e-05
6.1819994e-13
6.5264242e-11
7.4198678e-10
4.4765174e-09
2.1387313e-08
9.617346e-08
4.0526555e-07
1.6191641e-06
6.0724555e-06
2.1058511e-05
6.5275823e-05
5.9779085e-13
6.3159695e-11
7.1996386e-10
4.373796e-09
2.1252442e-08
9.6345147e-08
4.0751681e-07
1.6294531e-06
6.107482e-06
2.1111041e-05
6.5171797e-05
6.096905e-11
7.0081628e-09
9.1243483e-08
6.2772302e-07
3.139564e-06
1.2789928e-05
4.556769e-05
0.00013787588
0.00030933007
0.00053399191
0.00078400283
7.5438647e-11
8.8574946e-09
1.1924146e-07
8.495739e-07
4.3854246e-06
1.8472254e-05
6.7761439e-05
0.00019379231
0.00039171928
0.00063281246
0.00090175264
9.2507654e-11
1.0858903e-08
1.4527544e-07
1.0194508e-06
5.1224732e-06
2.0617841e-05
6.9246431e-05
0.00017284628
0.00032424955
0.00050897054
0.00072059512
2.6802815e-10
2.8281062e-08
3.1620754e-07
1.7995717e-06
7.3658878e-06
2.4980051e-05
7.5378653e-05
0.00019092303
0.00037891792
0.000621919
0.00090457305
2.4343919e-10
2.5681351e-08
2.8672962e-07
1.6250547e-06
6.5891915e-06
2.1913903e-05
6.3903409e-05
0.00015848464
0.00031552195
0.0005217191
0.00075816108
5.4043166e-11
5.4415688e-09
5.5791336e-08
2.8026032e-07
9.6774595e-07
2.6011736e-06
5.7584667e-06
1.0801506e-05
1.7413207e-05
2.4291617e-05
2.9465667e-05
5.3359702e-11
5.3808055e-09
5.5322738e-08
2.7903059e-07
9.6859454e-07
2.6200654e-06
5.84258e-06
1.1049555e-05
1.7982618e-05
2.5372492e-05
3.1205113e-05
1.9759711e-10
2.0876263e-08
2.3374227e-07
1.3301203e-06
5.4177146e-06
1.8063374e-05
5.2744273e-05
0.00013365073
0.00027666208
0.00047580771
0.00071640336
1.9752652e-10
2.0855951e-08
2.3333962e-07
1.3271549e-06
5.4058508e-06
1.8039218e-05
5.2779123e-05
0.00013403276
0.00027746375
0.0004764892
0.00071602219
1.941578e-10
2.0532941e-08
2.3025135e-07
1.3127302e-06
5.3589176e-06
1.7913367e-05
5.2418646e-05
0.00013259545
0.00027288967
0.00046650613
0.00069857275
9.6632841e-11
1.0120332e-08
1.1173613e-07
6.2498652e-07
2.4927869e-06
8.0601351e-06
2.2403898e-05
5.4663569e-05
0.00011594854
0.00021320308
0.00034689671
9.2167435e-11
9.6590189e-09
1.0677422e-07
5.9830302e-07
2.3920462e-06
7.7566282e-06
2.1627293e-05
5.2940167e-05
0.00011264276
0.00020764152
0.00033857153
8.7218693e-11
9.1485287e-09
1.012929e-07
5.6884719e-07
2.2806885e-06
7.4202038e-06
2.0767281e-05
5.10661e-05
0.00010922545
0.00020226891
0.00033090484
1.055244e-10
1.1065227e-08
1.2240392e-07
6.8618068e-07
2.7436995e-06
8.9022557e-06
2.4907404e-05
6.1507413e-05
0.00013207532
0.00024315934
0.0003898717
1.0121988e-10
1.0595845e-08
1.1688871e-07
6.529852e-07
2.5994651e-06
8.3811018e-06
2.320892e-05
5.6413394e-05
0.00011933298
0.00021875354
0.00035382534
3.9542019e-11
4.3547542e-09
5.2758124e-08
3.3436027e-07
1.5491518e-06
5.927413e-06
1.9866034e-05
6.0657597e-05
0.00016084147
0.0003376399
0.00057949202
4.5861195e-11
5.0604193e-09
6.1441866e-08
3.8987058e-07
1.8053031e-06
6.8907507e-06
2.3058167e-05
7.0563873e-05
0.00018461821
0.00037787142
0.00063234069
5.1624057e-11
5.7107563e-09
6.9678484e-08
4.4553076e-07
2.0866205e-06
8.1018401e-06
2.8017213e-05
8.9463836e-05
0.00023217717
0.00045739842
0.00073315155
5.0587464e-11
5.6970634e-09
7.1853979e-08
4.7991372e-07
2.3698816e-06
9.8880923e-06
3.8323412e-05
0.00012506049
0.00031066318
0.00057666227
0.00088502795
7.5513502e-11
7.9308786e-09
8.8054354e-08
4.9685438e-07
2.0074111e-06
6.6096808e-06
1.8842551e-05
4.7682173e-05
0.00010570935
0.00020130261
0.00033357004
7.5336898e-11
7.9257672e-09
8.8297087e-08
5.009193e-07
2.0406137e-06
6.8046193e-06
1.9783693e-05
5.1516769e-05
0.00011734146
0.00022629794
0.00037558749
7.3717546e-11
7.7701969e-09
8.6833859e-08
4.9440582e-07
2.0209066e-06
6.7531484e-06
1.9626059e-05
5.0937494e-05
0.00011566874
0.00022274351
0.00036883018
1.7943211e-10
1.8752669e-08
2.0628092e-07
1.1480449e-06
4.5561938e-06
1.4732759e-05
4.1552197e-05
0.00010425156
0.00022421869
0.00040807721
0.00064912157
1.7994976e-10
1.8828637e-08
2.0772716e-07
1.1629226e-06
4.6661543e-06
1.5387722e-05
4.4887562e-05
0.00011745372
0.00025797262
0.00047036399
0.00074742279
1.6825462e-10
1.7573434e-08
1.9323153e-07
1.0761668e-06
4.2824563e-06
1.3924028e-05
3.9633131e-05
0.00010066795
0.00021840917
0.0003988024
0.00063437285
1.3958368e-10
1.4494859e-08
1.5786516e-07
8.6875818e-07
3.4096772e-06
1.0901482e-05
3.0299331e-05
7.4764706e-05
0.00016001439
0.00029441373
0.00047715858
1.3798962e-10
1.4328247e-08
1.5590174e-07
8.5546903e-07
3.3356679e-06
1.0530459e-05
2.8634665e-05
6.8615428e-05
0.00014350316
0.00026098186
0.00042063151
7.8413328e-11
8.1224937e-09
8.7973864e-08
4.7952244e-07
1.8503218e-06
5.7244041e-06
1.4925963e-05
3.3269824e-05
6.3542348e-05
0.00010496787
0.00015246286
7.797589e-11
8.0902397e-09
8.7859288e-08
4.8053098e-07
1.8618647e-06
5.7896999e-06
1.519697e-05
3.4154239e-05
6.5874866e-05
0.00011024865
0.00016319075
1.8579132e-10
1.9280088e-08
2.096869e-07
1.1508732e-06
4.4971601e-06
1.4298952e-05
3.9523127e-05
9.6702454e-05
0.00020429851
0.00037171813
0.00060038633
1.8264066e-10
1.8997049e-08
2.0728169e-07
1.1411894e-06
4.467404e-06
1.4193812e-05
3.9054468e-05
9.4845358e-05
0.00019941292
0.00036284174
0.00058817601
1.58147e-10
1.8243866e-08
2.346168e-07
1.5555641e-06
7.2854104e-06
2.6808929e-05
7.6996224e-05
0.00016649271
0.00029277285
0.00045239531
0.00064843037
2.7597591e-10
3.0273352e-08
3.5292271e-07
2.0402124e-06
8.0774164e-06
2.4615818e-05
6.0591135e-05
0.0001246318
0.00022409166
0.00036679676
0.00056304945
4.8999161e-10
4.6088523e-08
4.3177523e-07
1.9783567e-06
6.3394747e-06
1.6468436e-05
3.7632838e-05
7.9704793e-05
0.00016112864
0.00031326136
0.00054801444
7.5470421e-11
7.8754179e-09
8.6457002e-08
4.8053403e-07
1.9051314e-06
6.1218314e-06
1.683134e-05
4.0065317e-05
8.1520585e-05
0.00014220792
0.0002176123
7.7356709e-11
8.0792006e-09
8.8847788e-08
4.9513908e-07
1.9703929e-06
6.3628539e-06
1.7600261e-05
4.2155358e-05
8.6107447e-05
0.00015038241
0.00023010594
8.0614658e-11
8.4170731e-09
9.252339e-08
5.1543387e-07
2.0515999e-06
6.6385742e-06
1.8475143e-05
4.4763341e-05
9.2598682e-05
0.0001633831
0.00025212832
8.4035436e-11
8.7930929e-09
9.7058077e-08
5.4411882e-07
2.1858977e-06
7.1705695e-06
2.0364895e-05
5.0591686e-05
0.00010636991
0.00018828434
0.00028925376
1.6411899e-10
1.7239596e-08
1.9127949e-07
1.076705e-06
4.3316974e-06
1.4222343e-05
4.0754216e-05
0.00010343525
0.00022256421
0.00040287875
0.00063698038
1.645259e-10
1.7297494e-08
1.9222394e-07
1.0844875e-06
4.3773238e-06
1.4444027e-05
4.1720739e-05
0.0001069247
0.0002310444
0.00041750353
0.00065728343
1.6365439e-10
1.7219275e-08
1.916226e-07
1.0832224e-06
4.3834848e-06
1.4512809e-05
4.212042e-05
0.00010862295
0.00023547574
0.0004249436
0.0006660925
4.4762053e-10
4.8257338e-08
5.5507792e-07
3.2388003e-06
1.3453504e-05
4.5219396e-05
0.00012012331
0.00023933165
0.00038398934
0.00053239367
0.00066749944
4.4584793e-10
4.8495073e-08
5.6512915e-07
3.3457764e-06
1.411787e-05
4.8372458e-05
0.00012997525
0.00025769801
0.00040865163
0.00055844914
0.00068729229
6.1803088e-11
6.0109292e-09
5.7909262e-08
2.6720514e-07
8.3241291e-07
1.9927402e-06
3.8880265e-06
6.3525706e-06
8.7879886e-06
1.0351424e-05
1.0607992e-05
6.2597427e-11
6.1082483e-09
5.9185521e-08
2.751333e-07
8.6440486e-07
2.0882378e-06
4.1139321e-06
6.7918161e-06
9.500734e-06
1.1316825e-05
1.1695852e-05
1.8099776e-11
2.0358359e-09
2.5904949e-08
1.7684546e-07
8.9664366e-07
3.7624301e-06
1.3818922e-05
4.6615501e-05
0.00013320704
0.00030122845
0.00052577185
1.1313565e-10
1.0483067e-08
9.5161069e-08
4.2579998e-07
1.3556652e-06
3.5753498e-06
8.4881103e-06
1.9287647e-05
4.794588e-05
0.00011986925
0.00025858997
6.3386777e-12
7.6045827e-10
1.1673018e-08
9.5556956e-08
5.5067848e-07
2.4637001e-06
9.1270712e-06
2.8976335e-05
7.6321009e-05
0.00016398395
0.00029902269
2.6911113e-10
3.0058574e-08
3.6746338e-07
2.3202324e-06
1.0577631e-05
3.9907556e-05
0.00012015694
0.00024865825
0.00039645046
0.00053718749
0.00065082251
2.2424574e-10
2.5363837e-08
3.1680628e-07
2.0531758e-06
9.6164146e-06
3.7219424e-05
0.0001149994
0.00024041379
0.00038428974
0.00052002276
0.00062658645
1.8916726e-10
2.1566354e-08
2.7327373e-07
1.8029858e-06
8.6024531e-06
3.3809322e-05
0.00010643003
0.00022554655
0.00036334587
0.0004932332
0.0005929762
3.7317751e-11
3.999512e-09
4.6165545e-08
2.7533593e-07
1.1957818e-06
4.3074744e-06
1.3685162e-05
3.9574438e-05
0.0001023382
0.00021963857
0.00039099256
1.4951499e-11
1.7266012e-09
2.3090276e-08
1.666599e-07
8.8766174e-07
3.881239e-06
1.4621223e-05
4.8731179e-05
0.00013432938
0.0002779111
0.00046512171
1.0620431e-10
1.101764e-08
1.197211e-07
6.5629529e-07
2.5591064e-06
8.0884913e-06
2.2051817e-05
5.3304403e-05
0.0001140808
0.00021527012
0.00036360234
1.054897e-10
1.0942666e-08
1.189008e-07
6.5186191e-07
2.5427322e-06
8.0424595e-06
2.1951861e-05
5.3163127e-05
0.00011405219
0.00021554164
0.0003638418
4.7582633e-10
5.0800596e-08
5.7554501e-07
3.301886e-06
1.3525304e-05
4.5455307e-05
0.00012589784
0.0002660539
0.00045093489
0.00065945815
0.0008781129
4.805822e-10
5.0905527e-08
5.7036969e-07
3.2331257e-06
1.3075459e-05
4.3259884e-05
0.00011824251
0.00024950635
0.00042429488
0.00062249714
0.00082998767
4.7169258e-10
5.0170038e-08
5.6479939e-07
3.2100845e-06
1.2954514e-05
4.2414616e-05
0.0001140497
0.00023845222
0.00040352706
0.00058850281
0.00077580756
9.2595412e-11
9.6876715e-09
1.0685158e-07
5.9773766e-07
2.390243e-06
7.7767092e-06
2.1820829e-05
5.3561907e-05
0.00011240416
0.00020081275
0.00031360032
9.3855064e-11
9.8215991e-09
1.083801e-07
6.0678413e-07
2.4297446e-06
7.9239133e-06
2.2328545e-05
5.5185851e-05
0.0001165984
0.00020907489
0.00032672099
3.6844247e-10
3.8998362e-08
4.3646248e-07
2.4688999e-06
9.9281765e-06
3.2492157e-05
9.047149e-05
0.00020372354
0.00037075954
0.00057463836
0.00079746714
3.7842083e-10
4.0175864e-08
4.5201518e-07
2.5774354e-06
1.049991e-05
3.5141159e-05
0.00010072873
0.00022944435
0.00041752452
0.00064851828
0.00091225207
3.8196224e-10
4.0296538e-08
4.4901182e-07
2.5302265e-06
1.0158358e-05
3.3318393e-05
9.3198255e-05
0.00020982545
0.00038063205
0.00058865084
0.00081844304
1.0225082e-10
1.0711465e-08
1.183943e-07
6.6409292e-07
2.6646501e-06
8.7169369e-06
2.4754055e-05
6.2426678e-05
0.00013643005
0.0002535465
0.00040908647
1.0191884e-10
1.06784e-08
1.1805889e-07
6.6241182e-07
2.658779e-06
8.7009284e-06
2.472132e-05
6.2407331e-05
0.000136626
0.00025441166
0.0004112461
4.5946996e-10
4.9188204e-08
5.5995265e-07
3.2324699e-06
1.3322861e-05
4.4812355e-05
0.00012148266
0.00024827764
0.00040791154
0.00057969884
0.00074946525
4.5358807e-10
4.854666e-08
5.5238296e-07
3.1849219e-06
1.3082859e-05
4.3630894e-05
0.00011686521
0.00023735136
0.00038878314
0.00055079513
0.00070820995
4.5059699e-10
4.8457221e-08
5.5513007e-07
3.2235148e-06
1.3326142e-05
4.4651929e-05
0.00011930659
0.00024062512
0.0003914389
0.00055110048
0.00070407236
2.421465e-12
2.6929512e-10
3.44308e-09
2.4764131e-08
1.4169786e-07
7.0180951e-07
3.0887689e-06
1.2234901e-05
4.2575846e-05
0.00012496041
0.00029495825
3.0750295e-12
3.4035596e-10
4.2858765e-09
2.9954059e-08
1.6634071e-07
8.1594599e-07
3.5783691e-06
1.4116089e-05
4.8686334e-05
0.00014050782
0.00032396868
3.3556733e-12
3.7110999e-10
4.6525525e-09
3.2124464e-08
1.7449195e-07
8.442765e-07
3.676721e-06
1.4437742e-05
4.9541399e-05
0.00014213131
0.00032587901
1.8895444e-10
1.9877035e-08
2.2121432e-07
1.2514842e-06
5.0750188e-06
1.68863e-05
4.954804e-05
0.00012887546
0.00027619959
0.00048641244
0.0007417201
1.7595387e-10
1.8704286e-08
2.1186511e-07
1.2267153e-06
5.1209491e-06
1.7688548e-05
5.4700122e-05
0.00014932726
0.00032219092
0.00056015013
0.00084397713
8.4513448e-09
4.3942684e-07
1.9468955e-06
3.790783e-06
4.5877008e-06
4.0149654e-06
2.9101076e-06
2.1325072e-06
2.6608109e-06
4.3941666e-06
7.4940726e-06
3.7697104e-09
2.0101059e-07
9.404473e-07
1.9755396e-06
2.6438567e-06
2.6310313e-06
2.2150087e-06
1.8518556e-06
2.3886378e-06
3.9878302e-06
6.860434e-06
1.2632051e-10
1.3189046e-08
1.4512564e-07
8.1119494e-07
3.2568048e-06
1.0763528e-05
3.1500315e-05
8.4230265e-05
0.00019376754
0.00036414296
0.00057816965
1.4200666e-10
1.4792297e-08
1.6207521e-07
9.0027297e-07
3.5829062e-06
1.1702101e-05
3.3696988e-05
8.8034344e-05
0.00019852553
0.00037117929
0.00059250308
1.3834751e-11
1.5197469e-09
1.8483596e-08
1.1906826e-07
5.7086388e-07
2.3177965e-06
8.5418129e-06
3.0287439e-05
9.5288096e-05
0.0002431759
0.00048681565
1.3818012e-11
1.5221017e-09
1.8599806e-08
1.2034194e-07
5.7709424e-07
2.3176948e-06
8.2334347e-06
2.698299e-05
8.2512048e-05
0.00021142649
0.00042973682
1.7333071e-11
1.9198948e-09
2.3669657e-08
1.5455823e-07
7.4645538e-07
3.0095356e-06
1.0729623e-05
3.5722838e-05
0.0001078404
0.00026408147
0.0005099489
1.0259848e-10
1.0749183e-08
1.1883139e-07
6.6664686e-07
2.6750753e-06
8.7499368e-06
2.4832755e-05
6.2501859e-05
0.0001360592
0.0002517213
0.00040445472
1.0239901e-10
1.0728074e-08
1.1859635e-07
6.6533993e-07
2.6700321e-06
8.734919e-06
2.4799716e-05
6.2483303e-05
0.00013628636
0.00025270217
0.00040686114
1.0138408e-10
1.0539118e-08
1.1493512e-07
6.3293819e-07
2.4781003e-06
7.8311464e-06
2.1084952e-05
4.9089775e-05
9.8178116e-05
0.0001693852
0.00025709049
9.7293511e-11
1.0139723e-08
1.1094877e-07
6.1262986e-07
2.4008619e-06
7.5756052e-06
2.0309368e-05
4.6979048e-05
9.351596e-05
0.00016164373
0.00024815794
7.4147189e-11
7.7504895e-09
8.5365029e-08
4.7679504e-07
1.9031207e-06
6.1691958e-06
1.7140667e-05
4.120755e-05
8.421014e-05
0.00014655602
0.00022259798
7.4115933e-11
7.7208189e-09
8.4481257e-08
4.6715813e-07
1.8374494e-06
5.8292768e-06
1.5703475e-05
3.6389527e-05
7.2193232e-05
0.00012318208
0.00018384603
7.4920503e-11
7.7982796e-09
8.5228042e-08
4.7082173e-07
1.8520843e-06
5.8922823e-06
1.5993712e-05
3.7537032e-05
7.5627271e-05
0.00013145922
0.00020140071
1.6164188e-10
1.7034693e-08
1.9009883e-07
1.0787747e-06
4.3879043e-06
1.462731e-05
4.2863736e-05
0.00011173327
0.00024309754
0.00043741635
0.00068195261
1.5843225e-10
1.6675502e-08
1.8577476e-07
1.052834e-06
4.2824549e-06
1.4311415e-05
4.2169722e-05
0.00011048152
0.00024030608
0.00043223528
0.00067570612
2.021709e-10
2.1356955e-08
2.3889221e-07
1.3556915e-06
5.4892195e-06
1.8089696e-05
5.1590956e-05
0.00012609892
0.00025441
0.00043341386
0.00065285607
2.0941397e-10
2.2090784e-08
2.465438e-07
1.3952548e-06
5.6318601e-06
1.8498526e-05
5.2569317e-05
0.00012796764
0.00025728054
0.00043720476
0.00065753337
2.1397835e-10
2.2621257e-08
2.5322932e-07
1.4372921e-06
5.8142742e-06
1.911914e-05
5.4284241e-05
0.00013144145
0.00026239922
0.00044315253
0.00066319011
1.0153172e-10
1.0629448e-08
1.1736664e-07
6.5749277e-07
2.6343156e-06
8.601391e-06
2.4338614e-05
6.0838228e-05
0.00013082437
0.00023861963
0.00037808834
1.0210255e-10
1.0689103e-08
1.1802168e-07
6.6111848e-07
2.6485548e-06
8.646928e-06
2.4469196e-05
6.1208892e-05
0.00013184554
0.00024100282
0.00038270655
1.0247951e-10
1.0729311e-08
1.1847746e-07
6.6373541e-07
2.6592255e-06
8.6823186e-06
2.4574258e-05
6.1516943e-05
0.00013271913
0.00024309058
0.0003868326
4.374363e-10
4.6397172e-08
5.2051032e-07
2.95037e-06
1.1894806e-05
3.90446e-05
0.00010674836
0.00022920118
0.00039816929
0.00059565405
0.00080729655
4.4838167e-10
4.7474981e-08
5.3131375e-07
3.0040601e-06
1.2083208e-05
3.9580306e-05
0.00010795736
0.00023130792
0.00040116215
0.00059926914
0.00081131279
4.5219955e-10
4.8048715e-08
5.4030573e-07
3.0681661e-06
1.2370782e-05
4.0491212e-05
0.00010986119
0.00023381386
0.00040274063
0.00059664384
0.00079817205
1.412855e-10
1.466923e-08
1.5971741e-07
8.7851425e-07
3.44481e-06
1.0995291e-05
3.0473455e-05
7.4908103e-05
0.000159812
0.00029339285
0.00047456098
9.7254185e-12
1.0683689e-09
1.3029027e-08
8.4525826e-08
4.1049541e-07
1.7032963e-06
6.5212758e-06
2.3959216e-05
7.7571547e-05
0.00020593488
0.00042990031
1.0214735e-11
1.1269282e-09
1.3853819e-08
9.0736512e-08
4.4406697e-07
1.8437068e-06
6.9473239e-06
2.5044429e-05
8.0129295e-05
0.00021026198
0.00043407311
1.1914559e-11
1.3180337e-09
1.6271102e-08
1.0700638e-07
5.2529788e-07
2.1859153e-06
8.2798197e-06
2.9958615e-05
9.4705815e-05
0.00024197853
0.00048454143
5.5036765e-11
5.7047041e-09
6.1825406e-08
3.3712908e-07
1.3010891e-06
4.0242841e-06
1.048461e-05
2.336887e-05
4.4735618e-05
7.4052829e-05
0.00010707186
5.6006956e-11
5.790555e-09
6.2471598e-08
3.3847009e-07
1.2946255e-06
3.9534745e-06
1.0119785e-05
2.2074509e-05
4.1275877e-05
6.650319e-05
9.2442953e-05
1.5738494e-10
1.6540628e-08
1.83635e-07
1.0339795e-06
4.1573926e-06
1.361506e-05
3.8762861e-05
9.7401246e-05
0.00020839094
0.00037800076
0.00060224863
1.6194008e-10
1.7012443e-08
1.887542e-07
1.0620739e-06
4.2682767e-06
1.3982374e-05
3.9885376e-05
0.0001005312
0.00021535373
0.00039005566
0.00061946806
8.369272e-13
8.9186003e-11
1.0456104e-09
6.8359985e-09
3.7431488e-08
1.8066869e-07
7.9783584e-07
3.2479056e-06
1.2113149e-05
4.0571691e-05
0.00011693668
7.8742659e-13
8.4833844e-11
1.0277833e-09
7.2266541e-09
4.1043318e-08
2.0185121e-07
9.0127659e-07
3.6785362e-06
1.3697931e-05
4.5605749e-05
0.00012984971
7.1765121e-13
7.7791448e-11
9.6253993e-10
7.0469761e-09
4.0602336e-08
2.0067823e-07
8.9214761e-07
3.6254056e-06
1.3435944e-05
4.4530234e-05
0.00012641837
7.264012e-13
7.608628e-11
8.4424977e-10
4.809321e-09
2.0107602e-08
7.2261391e-08
2.5353857e-07
9.2119419e-07
3.3146368e-06
1.1423248e-05
3.6558853e-05
5.9041409e-13
6.179781e-11
6.8449328e-10
3.8867306e-09
1.6161505e-08
5.7510715e-08
1.9776455e-07
7.0855701e-07
2.5246514e-06
8.6802313e-06
2.7972319e-05
5.7268033e-13
6.0043707e-11
6.6792385e-10
3.8237234e-09
1.613592e-08
5.906901e-08
2.1466503e-07
7.9050448e-07
2.8634587e-06
9.9240906e-06
3.2050431e-05
9.5314999e-11
9.975492e-09
1.1010014e-07
6.1658554e-07
2.4700253e-06
8.0616789e-06
2.2757898e-05
5.64563e-05
0.00011982628
0.00021556055
0.00033737499
9.6513296e-11
1.0103816e-08
1.1156815e-07
6.2515027e-07
2.5058235e-06
8.1843309e-06
2.3131624e-05
5.7513237e-05
0.00012242657
0.00022078016
0.00034613599
2.3210138e-10
2.4419082e-08
2.7124569e-07
1.5249517e-06
6.1032071e-06
1.9833013e-05
5.5456391e-05
0.00013169853
0.00025913357
0.00043469238
0.00064996568
2.3853633e-10
2.5175988e-08
2.8076067e-07
1.5824257e-06
6.3250986e-06
2.0399098e-05
5.6143044e-05
0.00013090433
0.00025440721
0.00042286275
0.0006256715
2.5848269e-10
2.7345017e-08
3.0619987e-07
1.7366609e-06
7.0142564e-06
2.3056034e-05
6.5608329e-05
0.00015817984
0.00031096174
0.00051322313
0.00074829304
5.8955629e-11
6.2290593e-09
6.9934982e-08
4.0090758e-07
1.653668e-06
5.5880482e-06
1.645148e-05
4.3480976e-05
0.00010201281
0.00020419228
0.00034921511
5.9022266e-11
6.2455947e-09
7.033555e-08
4.0516128e-07
1.6837038e-06
5.7566209e-06
1.7275937e-05
4.7073332e-05
0.00011409645
0.00023154009
0.00039554148
5.9378826e-11
6.2905797e-09
7.0990895e-08
4.1012184e-07
1.7105764e-06
5.8742396e-06
1.772007e-05
4.8608451e-05
0.00011873951
0.00024186317
0.00041251222
1.0114364e-09
9.7049281e-08
7.863339e-07
3.1269761e-06
8.8665054e-06
2.0768966e-05
4.3021352e-05
8.1114533e-05
0.00014023153
0.00022240977
0.00032881725
1.3391992e-08
7.4816442e-07
3.4539815e-06
6.8385718e-06
8.1882164e-06
6.7951909e-06
4.379711e-06
2.6567448e-06
2.8490511e-06
4.4342161e-06
7.4131619e-06
1.5162104e-10
1.596343e-08
1.7772596e-07
1.0040208e-06
4.0510682e-06
1.3313831e-05
3.8042122e-05
9.5929154e-05
0.00020583049
0.00037436693
0.00059829021
1.5740952e-10
1.6500971e-08
1.8247971e-07
1.022959e-06
4.0954511e-06
1.3363352e-05
3.7949943e-05
9.5362511e-05
0.00020474886
0.00037327242
0.00059790772
8.9624875e-11
9.3872786e-09
1.0382106e-07
5.8381311e-07
2.3559681e-06
7.7805759e-06
2.2325756e-05
5.6185099e-05
0.00011890176
0.00020995688
0.000320139
9.512989e-11
9.9608646e-09
1.1007365e-07
6.1789587e-07
2.4853283e-06
8.1625479e-06
2.3231319e-05
5.7916553e-05
0.00012186062
0.00021468504
0.0003268603
6.9111941e-11
7.2006892e-09
7.8808492e-08
4.359462e-07
1.7158355e-06
5.4498364e-06
1.4703051e-05
3.4102426e-05
6.7739454e-05
0.00011620652
0.0001759252
6.8213797e-11
7.0994864e-09
7.7529863e-08
4.2731415e-07
1.6720194e-06
5.2615026e-06
1.4003337e-05
3.1966482e-05
6.2606359e-05
0.00010605805
0.00015810083
5.683738e-11
5.8484867e-09
6.2549904e-08
3.3479016e-07
1.2608031e-06
3.7803287e-06
9.4900752e-06
2.0332382e-05
3.7478246e-05
5.97862e-05
8.2786352e-05
5.7734859e-11
5.972316e-09
6.4490977e-08
3.4988019e-07
1.3412648e-06
4.1128927e-06
1.0605563e-05
2.3393152e-05
4.4407817e-05
7.3119431e-05
0.00010529073
5.2548651e-11
5.3077017e-09
5.4735963e-08
2.7725668e-07
9.6772309e-07
2.6345493e-06
5.9163112e-06
1.1273227e-05
1.8494533e-05
2.6321629e-05
3.266232e-05
5.1817324e-11
5.2396134e-09
5.4149039e-08
2.7516185e-07
9.6457939e-07
2.6400886e-06
5.9652257e-06
1.1443477e-05
1.891326e-05
2.7139572e-05
3.3990295e-05
1.3529697e-09
8.0189459e-08
4.2406612e-07
1.019456e-06
1.5831444e-06
1.8475516e-06
1.8245942e-06
1.7509099e-06
1.9256079e-06
3.063484e-06
5.4228827e-06
4.8370155e-10
3.0715673e-08
1.7680966e-07
4.6747864e-07
8.0846678e-07
1.0609824e-06
1.1759312e-06
1.2366954e-06
1.4221732e-06
2.3469855e-06
4.3427733e-06
4.5031121e-10
4.9086051e-08
5.7498071e-07
3.4392991e-06
1.4804751e-05
5.2758772e-05
0.0001469364
0.00029269629
0.0004627611
0.00063359579
0.00079069201
4.0292165e-10
4.3676842e-08
5.0787067e-07
3.0152885e-06
1.2867702e-05
4.5269401e-05
0.00012687658
0.00025733166
0.00041279893
0.00056982033
0.0007118912
3.7519801e-10
4.0808343e-08
4.7657891e-07
2.8369573e-06
1.2070211e-05
4.1835414e-05
0.00011543728
0.00023413694
0.00037671363
0.00051938777
0.00064254162
5.4063498e-13
5.6686941e-11
6.3213078e-10
3.6538652e-09
1.5869409e-08
6.3023756e-08
2.4957944e-07
9.5970217e-07
3.5478049e-06
1.2384708e-05
3.9795106e-05
5.4033081e-13
5.6724553e-11
6.3458799e-10
3.6922045e-09
1.6253443e-08
6.6332048e-08
2.6612657e-07
1.0310787e-06
3.8236149e-06
1.3356531e-05
4.2741585e-05
5.5816818e-13
5.8751206e-11
6.6203145e-10
3.9120724e-09
1.780874e-08
7.6706001e-08
3.1571522e-07
1.2419997e-06
4.6312685e-06
1.6157337e-05
5.1079291e-05
8.8036306e-13
9.5122488e-11
1.1678786e-09
8.5056185e-09
4.9196017e-08
2.4503159e-07
1.0973238e-06
4.4679379e-06
1.6489683e-05
5.3920325e-05
0.00014916275
8.7881661e-13
9.6608478e-11
1.2579558e-09
9.7962398e-09
5.8106133e-08
2.9119394e-07
1.303461e-06
5.2967504e-06
1.9439335e-05
6.2793401e-05
0.00017002263
8.2398191e-13
9.0560837e-11
1.1795534e-09
9.1567282e-09
5.408959e-08
2.6981767e-07
1.2015199e-06
4.8685914e-06
1.785063e-05
5.7803923e-05
0.0001577761
1.074007e-10
1.1149458e-08
1.2124775e-07
6.6476039e-07
2.5881079e-06
8.1413635e-06
2.198117e-05
5.2331873e-05
0.00011022012
0.00020583411
0.00034682538
1.0715409e-10
1.1106677e-08
1.205172e-07
6.5941655e-07
2.5649787e-06
8.0800377e-06
2.1925419e-05
5.2680357e-05
0.00011215631
0.00021126382
0.00035775015
5.5584944e-11
5.579021e-09
5.6855625e-08
2.83088e-07
9.6625435e-07
2.5616615e-06
5.5851952e-06
1.0307235e-05
1.6336311e-05
2.2408001e-05
2.6797284e-05
5.4640444e-11
5.495806e-09
5.6226607e-08
2.8151226e-07
9.6763745e-07
2.5860988e-06
5.6875055e-06
1.0590486e-05
1.6935818e-05
2.3415674e-05
2.8119646e-05
2.5648392e-10
2.9997098e-08
3.9138183e-07
2.6171612e-06
1.2234314e-05
4.3437261e-05
0.00010784469
0.00019677291
0.00029171301
0.00037287162
0.00041819471
3.3853542e-10
3.9455734e-08
5.0852889e-07
3.3308963e-06
1.5135665e-05
5.0986565e-05
0.00011893768
0.00020815344
0.00030019699
0.00037616882
0.00041487777
4.5773674e-10
5.2561652e-08
6.5840268e-07
4.2136842e-06
1.8915939e-05
6.0617935e-05
0.00013335895
0.00022395943
0.00031392017
0.00038511212
0.00041711267
3.2216327e-09
5.0174026e-07
5.8327779e-06
2.8866016e-05
9.1607285e-05
0.00018857509
0.00029336782
0.0003812652
0.00043320674
0.00043286591
0.00037152309
3.8951979e-09
6.1270624e-07
6.9114578e-06
3.2625341e-05
9.6191319e-05
0.00018565624
0.00027411305
0.00033801869
0.00035919562
0.00032453388
0.00024108455
4.9482284e-09
7.5258597e-07
8.0085191e-06
3.5249862e-05
9.3528144e-05
0.00016735695
0.00023091362
0.000262255
0.00024602899
0.00018134486
0.00010462985
1.4557305e-10
1.7119517e-08
2.2824233e-07
1.5880659e-06
7.8830309e-06
3.1065755e-05
9.1224744e-05
0.00018519731
0.00029273045
0.00039086596
0.00045559474
1.6448536e-10
1.9334095e-08
2.5680125e-07
1.7726615e-06
8.6856776e-06
3.345561e-05
9.3896959e-05
0.00018528465
0.0002882021
0.00038071548
0.00043922291
2.0075003e-10
2.3548469e-08
3.1034925e-07
2.1121685e-06
1.0130815e-05
3.7622776e-05
9.9420909e-05
0.00018890184
0.00028730581
0.00037385865
0.00042572975
2.1208859e-10
2.2168615e-08
2.4333865e-07
1.3462319e-06
5.283053e-06
1.6822322e-05
4.6651336e-05
0.00011448565
0.00023965862
0.00042746191
0.00067454467
2.2204688e-10
2.2826285e-08
2.4457434e-07
1.3178909e-06
5.0443267e-06
1.5688096e-05
4.2346317e-05
0.00010107123
0.00020952753
0.00037707063
0.00060536854
4.5376882e-10
4.8939199e-08
5.6300766e-07
3.2849888e-06
1.3656388e-05
4.6068846e-05
0.0001232161
0.00024725128
0.00040001848
0.00056087744
0.00071489163
4.5921007e-10
4.9345016e-08
5.6485789e-07
3.2805416e-06
1.3594535e-05
4.5798894e-05
0.00012247052
0.00024558784
0.0003968928
0.00055578447
0.0007074041
4.5420593e-10
4.876087e-08
5.5742033e-07
3.2322566e-06
1.3365397e-05
4.485421e-05
0.00011947903
0.00023915287
0.00038590084
0.00053899545
0.00068281608
1.6305358e-10
1.8654678e-08
2.3816597e-07
1.5872462e-06
7.6500139e-06
3.0221433e-05
9.5993359e-05
0.00020637325
0.00033603391
0.00045875097
0.00055117129
1.4306745e-10
1.6519477e-08
2.1426514e-07
1.4529763e-06
7.1029546e-06
2.8206726e-05
8.9281755e-05
0.00019239769
0.00031452274
0.00043016024
0.00051533022
1.3475218e-10
1.567663e-08
2.0591996e-07
1.4158658e-06
7.0053784e-06
2.801254e-05
8.8188968e-05
0.00018879207
0.00030761709
0.00041975775
0.00050132498
5.7165223e-11
5.7152624e-09
5.781643e-08
2.8480809e-07
9.5870244e-07
2.499719e-06
5.347357e-06
9.6554739e-06
1.4916305e-05
1.9839411e-05
2.2904839e-05
5.6369079e-11
5.6447096e-09
5.7278847e-08
2.8344833e-07
9.5988062e-07
2.5210738e-06
5.4385352e-06
9.9154352e-06
1.5492502e-05
2.0886432e-05
2.4483495e-05
6.9035498e-11
7.1860199e-09
7.8540049e-08
4.338859e-07
1.7064855e-06
5.423674e-06
1.4678965e-05
3.426785e-05
6.8636151e-05
0.00011873145
0.00018114545
7.1056387e-11
7.4158818e-09
8.1459998e-08
4.5342665e-07
1.8030575e-06
5.8238785e-06
1.6129845e-05
3.8681722e-05
7.9005485e-05
0.00013774462
0.00020992247
3.6418746e-11
3.3690429e-09
2.9994491e-08
1.2611321e-07
3.5597034e-07
7.6997055e-07
1.3545408e-06
1.9961864e-06
2.5141016e-06
2.7875862e-06
2.917714e-06
4.2635571e-11
3.9732019e-09
3.5753481e-08
1.5211824e-07
4.3461304e-07
9.5165372e-07
1.6945135e-06
2.5246431e-06
3.2024386e-06
3.5425515e-06
3.6320118e-06
1.0071205e-10
1.0534033e-08
1.1616004e-07
6.4993866e-07
2.6026558e-06
8.5076742e-06
2.4198828e-05
6.1439568e-05
0.00013610293
0.00025691219
0.0004206593
9.7016009e-11
1.0241345e-08
1.1466201e-07
6.5376926e-07
2.6748731e-06
8.9595351e-06
2.6244164e-05
6.891614e-05
0.00015580292
0.00029406359
0.00047627104
3.8953586e-10
4.1247264e-08
4.6218336e-07
2.6218918e-06
1.0609529e-05
3.5141308e-05
9.893389e-05
0.00022144317
0.00039803459
0.00061143681
0.00084800511
3.8935464e-10
4.125304e-08
4.6235817e-07
2.619751e-06
1.0557442e-05
3.4642076e-05
9.6030742e-05
0.00021259667
0.00038013604
0.00058139111
0.00080025193
4.0182695e-10
4.2683429e-08
4.8021768e-07
2.733729e-06
1.1086456e-05
3.6737368e-05
0.00010286898
0.00022789982
0.00040617308
0.00062022157
0.00085658548
4.7396804e-11
4.456812e-09
4.064149e-08
1.7548527e-07
5.0893708e-07
1.1310671e-06
2.0432672e-06
3.0844067e-06
3.9488417e-06
4.3680945e-06
4.4034624e-06
5.0857914e-11
4.8228236e-09
4.4554853e-08
1.9528127e-07
5.7523164e-07
1.2987642e-06
2.3839512e-06
3.6557334e-06
4.7471775e-06
5.3009094e-06
5.3387937e-06
1.9519341e-12
2.1782952e-10
2.8313276e-09
2.1158982e-08
1.2489037e-07
6.2606618e-07
2.7813859e-06
1.1098018e-05
3.9012798e-05
0.00011617651
0.0002789973
2.6025662e-12
2.8998859e-10
3.7444473e-09
2.7719318e-08
1.6386929e-07
8.2536576e-07
3.6809537e-06
1.4632919e-05
5.0682296e-05
0.000146279
0.00033579256
2.1910863e-12
2.4311297e-10
3.0975831e-09
2.225969e-08
1.2765859e-07
6.322992e-07
2.7846418e-06
1.1054909e-05
3.8698862e-05
0.00011488928
0.00027561536
2.5140143e-10
2.6632824e-08
2.9907509e-07
1.7039519e-06
6.9277415e-06
2.2982816e-05
6.6097788e-05
0.00015979002
0.00031308819
0.00051666386
0.00075753222
2.5828511e-10
2.7298983e-08
3.0546549e-07
1.733387e-06
7.0212556e-06
2.3228991e-05
6.6682518e-05
0.00016088975
0.0003146226
0.00051834688
0.00075913724
2.6190585e-10
2.76593e-08
3.0911442e-07
1.7515457e-06
7.0836632e-06
2.3395848e-05
6.7010165e-05
0.00016116118
0.00031418614
0.00051619492
0.0007537471
2.6404632e-10
2.7904612e-08
3.1213985e-07
1.7700044e-06
7.1599032e-06
2.3631336e-05
6.7507807e-05
0.00016155806
0.00031352373
0.00051321132
0.00074671902
2.6903606e-10
2.8439689e-08
3.1823151e-07
1.8051146e-06
7.3049174e-06
2.4130412e-05
6.8997134e-05
0.00016487481
0.00031899991
0.00052071206
0.00075618202
4.987523e-11
5.1221613e-09
5.4559315e-08
2.9017755e-07
1.0832145e-06
3.2122968e-06
7.972259e-06
1.6939156e-05
3.1176697e-05
5.0141661e-05
7.0958686e-05
5.0490193e-11
5.2041907e-09
5.5821145e-08
3.0000124e-07
1.1363564e-06
3.4363054e-06
8.7366007e-06
1.906049e-05
3.5996771e-05
5.9272734e-05
8.557774e-05
4.1139805e-10
4.3554909e-08
4.8765533e-07
2.7614611e-06
1.1141578e-05
3.6735886e-05
0.00010235635
0.00022601308
0.00040192151
0.00061241386
0.00084349133
4.1429664e-10
4.3889324e-08
4.9183068e-07
2.7875565e-06
1.125524e-05
3.7125732e-05
0.00010326182
0.00022704026
0.00040202957
0.0006103507
0.00083795118
4.1820491e-10
4.4328819e-08
4.9710572e-07
2.8189574e-06
1.1383592e-05
3.7518586e-05
0.00010391266
0.00022701623
0.00039990178
0.00060474477
0.00082750328
3.045798e-11
2.790565e-09
2.4514018e-08
1.015847e-07
2.8252958e-07
6.0213203e-07
1.04419e-06
1.5199134e-06
1.9012976e-06
2.1196237e-06
2.2765955e-06
1.0555036e-10
1.0963044e-08
1.1940344e-07
6.5686797e-07
2.5746235e-06
8.1994372e-06
2.2605443e-05
5.5472979e-05
0.00012039095
0.00022862641
0.00038517832
1.6939594e-08
1.2510257e-06
7.5332964e-06
1.8637821e-05
2.7337099e-05
2.7078267e-05
1.8910731e-05
9.8448467e-06
4.7247127e-06
4.0486374e-06
5.2357599e-06
1.8170803e-08
1.1062247e-06
5.5089815e-06
1.1610289e-05
1.4621286e-05
1.2397984e-05
7.6247064e-06
3.9743871e-06
3.1838821e-06
4.3544253e-06
7.0988162e-06
2.863222e-10
2.6118415e-08
2.1120974e-07
8.8570692e-07
3.2539979e-06
1.371128e-05
5.1051414e-05
0.00015157779
0.00034310309
0.00061041404
0.00091992462
2.7325397e-10
2.8870709e-08
3.2282673e-07
1.829882e-06
7.4004805e-06
2.4433445e-05
6.9804402e-05
0.00016641529
0.00032103112
0.00052253818
0.00075683419
2.7526126e-10
2.9140004e-08
3.2675904e-07
1.8575759e-06
7.5312628e-06
2.4910272e-05
7.117137e-05
0.0001690367
0.00032443903
0.00052556659
0.00075773785
2.8174554e-10
2.9796793e-08
3.3362582e-07
1.8938174e-06
7.6726984e-06
2.5405164e-05
7.2799921e-05
0.00017306365
0.00033163811
0.00053624002
0.00077265805
3.0822413e-10
3.2675414e-08
3.6711234e-07
2.0917021e-06
8.5104441e-06
2.8349365e-05
8.1486811e-05
0.00019073253
0.00035693746
0.00056432899
0.00079742462
3.1053686e-10
3.2797995e-08
3.6649162e-07
2.0757846e-06
8.3947439e-06
2.777174e-05
7.9112432e-05
0.00018402397
0.0003440064
0.00054475271
0.00077153171
4.791217e-13
5.0156436e-11
5.5638933e-10
3.1759466e-09
1.3398829e-08
4.957655e-08
1.8548764e-07
6.9040115e-07
2.5137166e-06
8.7318778e-06
2.832736e-05
4.8968944e-13
5.1341653e-11
5.7183756e-10
3.2904683e-09
1.4100505e-08
5.3923569e-08
2.0838115e-07
7.8944112e-07
2.9014248e-06
1.0132803e-05
3.2892705e-05
4.8585912e-13
5.096144e-11
5.6843267e-10
3.2831058e-09
1.4198049e-08
5.5566048e-08
2.1782242e-07
8.3134667e-07
3.0626731e-06
1.0693106e-05
3.4589205e-05
4.8785178e-11
4.9648479e-09
5.1945321e-08
2.6884228e-07
9.6605021e-07
2.726763e-06
6.3832363e-06
1.2732603e-05
2.1963549e-05
3.3060451e-05
4.3704269e-05
1.770001e-10
1.8607253e-08
2.066355e-07
1.1635523e-06
4.6777855e-06
1.532533e-05
4.367005e-05
0.00010901848
0.00022889381
0.00040592547
0.00063308805
1.8024427e-10
1.8953122e-08
2.1054436e-07
1.1857879e-06
4.7663401e-06
1.5603506e-05
4.4396216e-05
0.00011060339
0.00023189335
0.00041088883
0.00064013095
1.8412925e-10
1.9393672e-08
2.1593447e-07
1.2188162e-06
4.9069437e-06
1.6082007e-05
4.5863392e-05
0.00011499794
0.0002427422
0.00043032159
0.00066636885
1.330225e-10
1.4635334e-08
1.7457524e-07
1.063302e-06
4.5842092e-06
1.5867797e-05
4.7449711e-05
0.00012142291
0.00024712695
0.0004133683
0.00060523359
5.4077072e-11
5.7366599e-09
6.4917072e-08
3.765903e-07
1.5797937e-06
5.4667122e-06
1.6653781e-05
4.6289865e-05
0.0001150192
0.00023776938
0.00041024408
5.1848747e-11
5.5292109e-09
6.3126044e-08
3.7010304e-07
1.5690613e-06
5.4754293e-06
1.6748429e-05
4.6470623e-05
0.00011486436
0.00023661163
0.00040694778
4.836407e-11
4.9437461e-09
5.2174318e-08
2.7360843e-07
1.0013772e-06
2.8939673e-06
6.965364e-06
1.432074e-05
2.5497038e-05
3.9638037e-05
5.4041374e-05
4.8450401e-11
4.9547301e-09
5.2340541e-08
2.7492638e-07
1.00869e-06
2.9249816e-06
7.0687281e-06
1.4595854e-05
2.6094945e-05
4.0731305e-05
5.580204e-05
5.3323365e-13
5.5932681e-11
6.2312366e-10
3.5802723e-09
1.5234758e-08
5.6887216e-08
2.1389423e-07
7.9961191e-07
2.9210924e-06
1.015782e-05
3.2837046e-05
4.7067945e-13
4.9338673e-11
5.4875178e-10
3.1431339e-09
1.3300865e-08
4.9156246e-08
1.8216017e-07
6.7459544e-07
2.4478575e-06
8.4914337e-06
2.7538788e-05
4.8549613e-13
5.0854998e-11
5.6479574e-10
3.2285185e-09
1.3632664e-08
5.0328159e-08
1.8696352e-07
6.9389287e-07
2.5241146e-06
8.7709038e-06
2.8471115e-05
5.3838076e-13
5.6504048e-11
6.307128e-10
3.6415041e-09
1.5673651e-08
6.0205442e-08
2.3342304e-07
8.8629523e-07
3.2591722e-06
1.1357552e-05
3.6624506e-05
1.9472813e-10
2.052925e-08
2.2914632e-07
1.2997904e-06
5.279551e-06
1.7562449e-05
5.1100208e-05
0.00012846304
0.00026385261
0.0004523332
0.00068134548
1.9168369e-10
2.0222197e-08
2.2570091e-07
1.2769979e-06
5.1486714e-06
1.6854303e-05
4.7603642e-05
0.00011567355
0.00023377724
0.00039952889
0.00060140712
6.8444617e-11
7.2128081e-09
8.0568108e-08
4.583583e-07
1.8707694e-06
6.2337011e-06
1.8022434e-05
4.6460583e-05
0.00010550311
0.00020549256
0.00034645523
6.6191924e-11
6.9764293e-09
7.796116e-08
4.4392489e-07
1.8148273e-06
6.0635135e-06
1.7600597e-05
4.5632934e-05
0.00010436895
0.00020467759
0.00034723191
4.2449808e-10
4.4982237e-08
5.0415572e-07
2.856664e-06
1.1523488e-05
3.791224e-05
0.00010453258
0.00022707465
0.00039823913
0.0006002273
0.0008189709
4.3041404e-10
4.5614305e-08
5.1124698e-07
2.8960669e-06
1.1674131e-05
3.8345441e-05
0.0001052524
0.00022733353
0.00039688422
0.00059606507
0.00081071683
1.0001645e-10
1.0427368e-08
1.1429886e-07
6.3394766e-07
2.5068967e-06
8.0397723e-06
2.2142184e-05
5.3136432e-05
0.00010923908
0.0001920061
0.00029523173
1.0182457e-10
1.0604535e-08
1.1604542e-07
6.42436e-07
2.5365722e-06
8.1309545e-06
2.2430845e-05
5.406832e-05
0.00011175979
0.00019763673
0.0003063804
2.1555299e-10
2.3096674e-08
2.6384286e-07
1.5318312e-06
6.3410069e-06
2.1355713e-05
6.2133748e-05
0.00015167011
0.00029957756
0.00049777207
0.0007329651
2.4943156e-10
2.6102976e-08
2.8808261e-07
1.6134516e-06
6.4786609e-06
2.1410011e-05
6.227813e-05
0.00015534479
0.00031386175
0.00053028879
0.00079411998
2.3345994e-10
2.4594417e-08
2.7388218e-07
1.5456031e-06
6.2203594e-06
2.0407401e-05
5.8180344e-05
0.00014195645
0.00028359097
0.00047514987
0.00070053657
1.377351e-10
1.4316897e-08
1.5604767e-07
8.581345e-07
3.3545719e-06
1.0621684e-05
2.8985329e-05
6.9709793e-05
0.00014619472
0.00026651802
0.00043095988
1.362924e-10
1.4130406e-08
1.5335846e-07
8.3871948e-07
3.2565849e-06
1.0223003e-05
2.758e-05
6.5461081e-05
0.00013606022
0.00024781022
0.00040324268
6.3564752e-11
6.4439693e-09
6.7238515e-08
3.4927029e-07
1.2769447e-06
3.7553266e-06
9.4985282e-06
2.1548191e-05
4.5351258e-05
9.2046311e-05
0.00019520239
6.2993636e-11
6.1858343e-09
6.0593106e-08
2.8565511e-07
9.1184006e-07
2.240373e-06
4.4926645e-06
7.5582755e-06
1.0789784e-05
1.3130009e-05
1.3826317e-05
6.2632643e-11
6.1687333e-09
6.0739786e-08
2.8829736e-07
9.2749487e-07
2.2980147e-06
4.6490517e-06
7.8949531e-06
1.1385118e-05
1.4006726e-05
1.4904131e-05
1.490839e-09
1.3803471e-07
1.5619531e-06
1.0823785e-05
4.9189581e-05
0.0001269012
0.0002281852
0.00033095979
0.00041619718
0.00046728239
0.00046673737
1.849416e-09
1.5909239e-07
1.9361242e-06
1.3972197e-05
6.1964741e-05
0.00015110121
0.00025979293
0.00036416608
0.00044513679
0.0004860926
0.00047092343
2.6356443e-09
3.9997037e-07
4.7721597e-06
2.4507101e-05
8.0922263e-05
0.00017586055
0.0002859198
0.00038622859
0.00045719343
0.00048183657
0.00044602969
8.8920335e-11
9.1970034e-09
9.9477659e-08
5.4272782e-07
2.1091398e-06
6.6654498e-06
1.8281946e-05
4.5045449e-05
0.0001003269
0.00019936296
0.00035340747
4.6569968e-10
4.9569212e-08
5.5892724e-07
3.1866506e-06
1.2940403e-05
4.2923551e-05
0.00011795091
0.00025083643
0.00042923666
0.00063232384
0.00084475025
4.7446392e-10
5.0392163e-08
5.6671385e-07
3.224551e-06
1.3084548e-05
4.3450122e-05
0.00011961498
0.00025429045
0.00043450784
0.00063921396
0.00085355194
4.7180118e-10
5.0269489e-08
5.6778415e-07
3.2439517e-06
1.3203066e-05
4.3900635e-05
0.00012058553
0.00025518825
0.00043391175
0.00063492615
0.00084201741
1.0294092e-10
1.0779733e-08
1.1907291e-07
6.6734265e-07
2.6749692e-06
8.7394864e-06
2.4767885e-05
6.2193456e-05
0.00013491164
0.0002486511
0.00039808419
1.0287133e-10
1.0774538e-08
1.1905255e-07
6.674753e-07
2.6765654e-06
8.7485087e-06
2.4808197e-05
6.2363232e-05
0.00013551907
0.00025025805
0.00040140254
7.9306393e-11
8.3354048e-09
9.271866e-08
5.2513325e-07
2.1369221e-06
7.1309566e-06
2.0819979e-05
5.4574416e-05
0.00012421092
0.00023738268
0.00039004508
8.3154677e-11
8.7817475e-09
9.8533819e-08
5.6487832e-07
2.3355507e-06
7.957345e-06
2.3901906e-05
6.5088099e-05
0.00015213116
0.00029009218
0.00046693746
2.1012736e-11
2.3148647e-09
2.8237885e-08
1.8218872e-07
8.737492e-07
3.5516388e-06
1.3225295e-05
4.6820901e-05
0.00014062123
0.00033071569
0.00060891057
2.0277023e-11
2.2264918e-09
2.6965396e-08
1.7190472e-07
8.0832094e-07
3.17308e-06
1.1012789e-05
3.532909e-05
0.00010429426
0.00025277149
0.0004822968
2.3358986e-11
2.5772482e-09
3.1463766e-08
2.0237153e-07
9.5882736e-07
3.7794161e-06
1.3111065e-05
4.1812153e-05
0.00012059176
0.0002808393
0.00051836097
9.8678223e-11
1.0230853e-08
1.1110818e-07
6.0920767e-07
2.3802596e-06
7.5625727e-06
2.0843671e-05
5.1458161e-05
0.00011368531
0.00022115271
0.00038052287
1.3965023e-10
1.4484143e-08
1.5729055e-07
8.6071946e-07
3.3430469e-06
1.0495189e-05
2.8355354e-05
6.7863425e-05
0.00014355877
0.00026534025
0.00043151802
1.4307871e-10
1.4854384e-08
1.6172493e-07
8.8966652e-07
3.4909949e-06
1.1167616e-05
3.1129793e-05
7.7431887e-05
0.00016774655
0.00031207041
0.00050981477
1.1218807e-10
1.1644887e-08
1.2670902e-07
6.9635608e-07
2.7273435e-06
8.6870028e-06
2.4004662e-05
5.925657e-05
0.00012960747
0.00024724963
0.00041602815
1.3221448e-12
1.3705625e-10
1.4891027e-09
8.2241779e-09
3.3041065e-08
1.1339024e-07
3.8412422e-07
1.3846503e-06
4.9701071e-06
1.6922288e-05
5.2643313e-05
1.0670001e-12
1.1121618e-10
1.2211215e-09
6.8413059e-09
2.7929746e-08
9.7076709e-08
3.2542951e-07
1.1638258e-06
4.1681048e-06
1.4273202e-05
4.5064929e-05
8.4893207e-13
8.8670871e-11
9.7775279e-10
5.5128274e-09
2.2693742e-08
7.9646382e-08
2.690807e-07
9.6166412e-07
3.4346166e-06
1.1785239e-05
3.7562343e-05
9.8812478e-12
1.0213623e-09
1.1157124e-08
6.4568176e-08
3.2974954e-07
1.5570158e-06
6.501494e-06
2.3489033e-05
7.1502782e-05
0.00017818086
0.00035884735
1.6348494e-12
1.6976297e-10
1.8503255e-09
1.0273932e-08
4.1814061e-08
1.5045823e-07
5.7077898e-07
2.1351779e-06
7.5923387e-06
2.5002089e-05
7.3618901e-05
1.4099833e-10
1.4647932e-08
1.5950389e-07
8.760309e-07
3.4192937e-06
1.0808507e-05
2.9456643e-05
7.0896004e-05
0.00014931943
0.00027377981
0.00044474051
4.8517266e-11
4.9420393e-09
5.1803843e-08
2.6892665e-07
9.7071309e-07
2.7567395e-06
6.5025283e-06
1.3084819e-05
2.2795642e-05
3.4702502e-05
4.6476489e-05
4.8478208e-11
4.948192e-09
5.2076958e-08
2.7199825e-07
9.9018715e-07
2.843238e-06
6.7958469e-06
1.3881065e-05
2.4588964e-05
3.8146279e-05
5.2189243e-05
4.6814298e-11
5.2720041e-09
6.6460007e-08
4.4265122e-07
2.1667087e-06
8.8136628e-06
3.2239795e-05
0.00010505024
0.0002667988
0.00050573086
0.00078868412
5.2754818e-11
5.9122818e-09
7.3758824e-08
4.8390906e-07
2.3230681e-06
9.2141305e-06
3.2392812e-05
0.00010222262
0.00025302362
0.00047301976
0.00073315293
5.8465255e-11
6.56982e-09
8.2309272e-08
5.4249138e-07
2.6133083e-06
1.0372772e-05
3.6422861e-05
0.00011329217
0.00027146099
0.00049328674
0.00074899249
7.3239072e-11
7.6804114e-09
8.5167622e-08
4.8094036e-07
1.95125e-06
6.4661645e-06
1.8400561e-05
4.4676474e-05
8.962677e-05
0.00014981143
0.00021477915
7.7970213e-11
8.1071575e-09
8.8437484e-08
4.8715987e-07
1.9072908e-06
6.013979e-06
1.6041573e-05
3.6509315e-05
7.0377342e-05
0.00011536868
0.00016288321
1.6061169e-10
1.6809919e-08
1.8538349e-07
1.0354099e-06
4.1271183e-06
1.3403022e-05
3.7889095e-05
9.4932946e-05
0.0002039303
0.00037267352
0.00059835184
1.6150098e-10
1.6931497e-08
1.8722129e-07
1.0489637e-06
4.1948859e-06
1.3666829e-05
3.8759358e-05
9.7399323e-05
0.00020951218
0.00038270104
0.00061357079
1.6349873e-10
1.7133739e-08
1.8937756e-07
1.0610723e-06
4.247941e-06
1.3882659e-05
3.96336e-05
0.00010063684
0.00021811639
0.00039886698
0.00063740534
1.7104119e-10
1.7669694e-08
1.9062991e-07
1.0343504e-06
3.978434e-06
1.2364646e-05
3.3013587e-05
7.7203915e-05
0.000156921
0.00027842975
0.00044098276
1.7259812e-10
1.7790965e-08
1.9123715e-07
1.0327459e-06
3.9493363e-06
1.2186672e-05
3.2239473e-05
7.4585073e-05
0.00015029873
0.00026568884
0.0004214397
9.9042126e-11
1.0348485e-08
1.1389018e-07
6.3532883e-07
2.5321489e-06
8.2073338e-06
2.2928855e-05
5.5932437e-05
0.00011615593
0.00020427465
0.00031223093
5.2058468e-11
5.3808888e-09
5.8039515e-08
3.1461196e-07
1.2063013e-06
3.7072019e-06
9.606758e-06
2.1343481e-05
4.0816949e-05
6.7505177e-05
9.7058915e-05
5.5207422e-11
5.6999858e-09
6.1372202e-08
3.3196081e-07
1.2696917e-06
3.8908957e-06
1.0048804e-05
2.2234742e-05
4.2305949e-05
6.9540613e-05
9.9395497e-05
3.0841456e-10
3.2598694e-08
3.6441239e-07
2.0615943e-06
8.3005484e-06
2.7176717e-05
7.6028891e-05
0.00017435042
0.00032401968
0.00051139558
0.00072014871
3.1840613e-10
3.3794277e-08
3.8012432e-07
2.1657386e-06
8.7871409e-06
2.903888e-05
8.1944954e-05
0.00018776351
0.00034727248
0.00054669306
0.00077209936
3.2982006e-10
3.491281e-08
3.9101318e-07
2.2161927e-06
8.9441899e-06
2.9413797e-05
8.2590405e-05
0.0001884296
0.00034760693
0.00054647475
0.00077137577
1.7284407e-10
1.7822215e-08
1.9165205e-07
1.0352923e-06
3.9594115e-06
1.2218435e-05
3.2345444e-05
7.4981131e-05
0.00015153035
0.000268588
0.00042683366
1.8650492e-10
1.8993403e-08
2.004795e-07
1.06063e-06
3.974039e-06
1.2033422e-05
3.1260463e-05
7.1008151e-05
0.00014104583
0.00024784674
0.00039465979
4.1802997e-10
3.8884113e-08
3.5990697e-07
1.6434998e-06
5.3249244e-06
1.4279901e-05
3.5034542e-05
9.0072232e-05
0.00021978796
0.00043994841
0.00073157194
1.711583e-11
1.5420712e-09
1.3277641e-08
5.3937979e-08
1.47261e-07
3.088747e-07
5.2988208e-07
7.7092857e-07
9.8228322e-07
1.1477572e-06
1.3294719e-06
2.3729654e-11
2.1528257e-09
1.8677063e-08
7.6410569e-08
2.0989463e-07
4.4221855e-07
7.5967004e-07
1.1004054e-06
1.3826279e-06
1.573239e-06
1.7602935e-06
1.834585e-10
1.9114957e-08
2.0909337e-07
1.1542069e-06
4.5284096e-06
1.4406711e-05
3.9652091e-05
9.6314224e-05
0.00020256913
0.00036782563
0.00059247252
1.877537e-10
1.9547841e-08
2.13866e-07
1.1839714e-06
4.6826113e-06
1.5148241e-05
4.2977771e-05
0.00010869104
0.00023455093
0.00042827045
0.00068759797
1.0266583e-10
1.0750396e-08
1.1873816e-07
6.653809e-07
2.6666043e-06
8.7092042e-06
2.4661937e-05
6.17957e-05
0.0001335391
0.0002450652
0.00039074928
1.0281741e-10
1.0766801e-08
1.1892958e-07
6.6653001e-07
2.6716017e-06
8.7274277e-06
2.4724632e-05
6.202038e-05
0.0001342787
0.00024694625
0.00039454981
9.1799514e-11
9.5961625e-09
1.0565972e-07
5.8941997e-07
2.3465307e-06
7.5793046e-06
2.1009958e-05
5.0647064e-05
0.00010446303
0.0001846496
0.00028703639
9.189971e-11
9.6097958e-09
1.0588088e-07
5.9130795e-07
2.3582767e-06
7.6400302e-06
2.1286389e-05
5.1712408e-05
0.00010749438
0.00019101876
0.00029778546
1.4058983e-10
9.8227791e-09
6.3156893e-08
1.8830262e-07
3.7184186e-07
5.6292551e-07
7.1884415e-07
8.500854e-07
1.0337499e-06
1.7490629e-06
3.348984e-06
3.6323543e-11
2.7963802e-09
2.0132826e-08
6.7816602e-08
1.530156e-07
2.6749531e-07
3.9560798e-07
5.34799e-07
7.1936556e-07
1.2712683e-06
2.5584353e-06
1.0293579e-10
1.0862234e-08
1.216999e-07
6.9621686e-07
2.8701617e-06
9.7433119e-06
2.9168962e-05
7.8894225e-05
0.00018019128
0.00033314383
0.00051914381
1.0925651e-10
1.1434597e-08
1.2626665e-07
7.0817526e-07
2.8462197e-06
9.354329e-06
2.6832133e-05
6.8835447e-05
0.00015233327
0.00028155044
0.00044429539
9.1645696e-13
1.0139735e-10
1.3547564e-09
1.0607163e-08
6.3009483e-08
3.1538104e-07
1.4062025e-06
5.6887197e-06
2.0723328e-05
6.6171409e-05
0.00017650167
1.2685953e-12
1.4294813e-10
1.9538506e-09
1.5567875e-08
9.3868344e-08
4.7535762e-07
2.1374502e-06
8.6349899e-06
3.0999367e-05
9.5517487e-05
0.00023988453
1.3504008e-12
1.5105391e-10
1.9973655e-09
1.5420746e-08
9.1850412e-08
4.6171665e-07
2.0630055e-06
8.3126523e-06
2.9829356e-05
9.2125309e-05
0.00023261764
9.4576747e-11
9.8622992e-09
1.0807443e-07
5.9845566e-07
2.3563714e-06
7.4868894e-06
2.0252467e-05
4.7285609e-05
9.4785575e-05
0.00016465865
0.00025413295
9.2642548e-11
9.6732543e-09
1.0626746e-07
5.9068059e-07
2.3385761e-06
7.4890212e-06
2.0480687e-05
4.8440795e-05
9.8128565e-05
0.00017150984
0.00026544915
9.2043281e-11
9.617539e-09
1.0580697e-07
5.8947637e-07
2.342134e-06
7.5417871e-06
2.0800254e-05
4.975881e-05
0.00010183448
0.0001790825
0.00027781229
6.3560434e-12
5.7557156e-10
5.0208097e-09
2.0785515e-08
5.8249631e-08
1.268263e-07
2.3004698e-07
3.6435141e-07
5.2731433e-07
7.3828794e-07
1.0981412e-06
1.1172057e-11
1.0055094e-09
8.6696012e-09
3.5341576e-08
9.7090833e-08
2.0581644e-07
3.5951776e-07
5.3917692e-07
7.2140212e-07
9.0588455e-07
1.1507991e-06
1.6626145e-10
1.7638105e-08
1.988199e-07
1.1410044e-06
4.6944455e-06
1.583983e-05
4.7013742e-05
0.00012259085
0.00026210377
0.00046400566
0.00071820585
1.7268773e-10
1.8112635e-08
2.0055518e-07
1.1268255e-06
4.5286237e-06
1.4872886e-05
4.2658101e-05
0.00010776054
0.00022861932
0.00040720251
0.00063447627
1.6951093e-10
1.7859175e-08
1.9906359e-07
1.1262889e-06
4.553817e-06
1.5018654e-05
4.3155556e-05
0.0001088445
0.00023001759
0.00040810848
0.00063369001
5.922082e-11
5.8965426e-09
5.9210857e-08
2.8871001e-07
9.596686e-07
2.4666467e-06
5.1944011e-06
9.2184711e-06
1.3965404e-05
1.8158661e-05
2.0446156e-05
5.8222334e-11
5.8089271e-09
5.8541808e-08
2.8685065e-07
9.5917507e-07
2.4819092e-06
5.2646938e-06
9.4178987e-06
1.4394893e-05
1.8904458e-05
2.1503561e-05
6.0813349e-11
6.0329647e-09
6.017373e-08
2.9063569e-07
9.5470977e-07
2.4207617e-06
5.0214536e-06
8.7633817e-06
1.3026509e-05
1.6574216e-05
1.8233368e-05
5.9961697e-11
5.9604761e-09
5.9668739e-08
2.8966205e-07
9.5744327e-07
2.4447646e-06
5.110007e-06
8.9919109e-06
1.3488006e-05
1.7332988e-05
1.925847e-05
1.6346697e-10
1.7134812e-08
1.8952286e-07
1.0634056e-06
4.2684307e-06
1.401414e-05
4.0342421e-05
0.00010372081
0.00022677426
0.00041527415
0.00066160165
1.5903996e-10
1.6699978e-08
1.8524646e-07
1.0431699e-06
4.2043319e-06
1.3863713e-05
4.0095743e-05
0.00010357538
0.00022688407
0.00041475033
0.00065788599
1.5676014e-10
1.6476081e-08
1.8306996e-07
1.0334233e-06
4.1792818e-06
1.3847196e-05
4.0322316e-05
0.00010500265
0.00023090344
0.00042185
0.00066754449
1.5367436e-10
1.6111049e-08
1.7838743e-07
1.0037639e-06
4.0521763e-06
1.3434932e-05
3.9266242e-05
0.00010283094
0.00022683662
0.00041518746
0.00065900522
1.4727767e-10
1.5496995e-08
1.7238871e-07
9.7297172e-07
3.9214517e-06
1.2866193e-05
3.6668441e-05
9.2364074e-05
0.00019869549
0.0003622347
0.00057806663
3.7207198e-12
4.1234682e-10
5.1851096e-09
3.5830422e-08
1.9361156e-07
9.3125759e-07
4.0443233e-06
1.5823494e-05
5.3896937e-05
0.00015267232
0.00034440001
4.6120882e-12
5.0883848e-10
6.3186728e-09
4.2719623e-08
2.242338e-07
1.0564208e-06
4.5601636e-06
1.7773117e-05
6.010999e-05
0.00016800347
0.0003721298
4.7173858e-12
5.2004947e-10
6.4330223e-09
4.3008876e-08
2.1981227e-07
9.8861584e-07
4.1591299e-06
1.5994871e-05
5.3976984e-05
0.00015192178
0.00034133526
6.0076845e-12
6.6533748e-10
8.2941218e-09
5.5890598e-08
2.871374e-07
1.2931575e-06
5.442687e-06
2.0812057e-05
6.8812878e-05
0.00018654779
0.00039913199
1.3286449e-10
1.5514229e-08
2.0502746e-07
1.4187423e-06
7.0541593e-06
2.8237071e-05
8.7931667e-05
0.00018636755
0.00030188395
0.0004099702
0.00048643708
1.3290248e-10
1.5607583e-08
2.0805936e-07
1.4514298e-06
7.2509818e-06
2.8959847e-05
8.8256691e-05
0.00018390146
0.00029500488
0.00039774772
0.00046788889
1.0047461e-10
1.0555386e-08
1.1721361e-07
6.6126454e-07
2.6705287e-06
8.7932742e-06
2.5041607e-05
6.219433e-05
0.00013024121
0.00023002786
0.00035425933
1.0031468e-10
1.0512697e-08
1.1622676e-07
6.5148247e-07
2.6055706e-06
8.4453052e-06
2.3437745e-05
5.6298081e-05
0.00011482374
0.00019895238
0.00029974664
8.1419792e-11
8.4038248e-09
9.0567604e-08
4.9175386e-07
1.900288e-06
5.9680034e-06
1.6261736e-05
3.9856784e-05
8.8928534e-05
0.00017913215
0.0003248009
1.8862046e-10
1.9888476e-08
2.2191207e-07
1.2566299e-06
5.0831539e-06
1.6769679e-05
4.8155476e-05
0.00012026711
0.00024937114
0.00043431478
0.00066478426
1.9241689e-10
2.028587e-08
2.2630016e-07
1.2812592e-06
5.1829072e-06
1.7108449e-05
4.9200295e-05
0.00012301229
0.00025486127
0.00044304954
0.00067687509
6.7757815e-13
7.1601941e-11
8.1738108e-10
4.9924843e-09
2.4651716e-08
1.1301282e-07
4.8223641e-07
1.9381431e-06
7.2749195e-06
2.5041786e-05
7.6308808e-05
6.1153468e-13
6.5026543e-11
7.5521741e-10
4.7921184e-09
2.5160111e-08
1.1829566e-07
5.1162472e-07
2.0683585e-06
7.762687e-06
2.6634844e-05
8.066552e-05
6.4553137e-13
6.8902926e-11
8.1016732e-10
5.3057178e-09
2.8834878e-08
1.3790753e-07
6.033169e-07
2.4454476e-06
9.1420849e-06
3.1029553e-05
9.2121053e-05
3.8955773e-11
4.1906619e-09
4.8639177e-08
2.9166793e-07
1.2706025e-06
4.5689926e-06
1.4409244e-05
4.125378e-05
0.00010587945
0.00022552227
0.00039669404
4.1038989e-11
4.3702721e-09
4.9854646e-08
2.9278828e-07
1.2486531e-06
4.4061347e-06
1.3692626e-05
3.8863688e-05
0.00010050354
0.00021937884
0.00039448607
9.7686504e-11
1.0227265e-08
1.129422e-07
6.3292094e-07
2.5373256e-06
8.2895579e-06
2.3447893e-05
5.8414091e-05
0.00012469538
0.00022544806
0.00035415843
9.8967225e-11
1.0359552e-08
1.1436948e-07
6.4067827e-07
2.5673558e-06
8.3849243e-06
2.3720615e-05
5.9168852e-05
0.00012661972
0.00022952569
0.00036136573
4.8139799e-11
4.9332131e-09
5.2312631e-08
2.7626386e-07
1.020645e-06
2.9842641e-06
7.2778204e-06
1.5164864e-05
2.7341913e-05
4.2990194e-05
5.921242e-05
4.8921945e-11
5.0280407e-09
5.3640218e-08
2.8603113e-07
1.0721761e-06
3.199796e-06
8.0125492e-06
1.7218358e-05
3.211205e-05
5.241788e-05
7.5355413e-05
1.6161073e-05
0.0021906329
1.6171369e-05
1.6794633e-05
1.6643501e-05
2.2830905e-05
1.6330361e-05
1.6172215e-05
1.6036128e-05
1.5786508e-05
0.0081972933
0.0015131187
0.0091125822
1.6096404e-05
1.6395558e-05
1.6461233e-05
1.6314432e-05
8.6373456e-05
1.6987519e-05
0.0017009575
9.7843052e-05
1.7246658e-05
1.6684643e-05
0.0017062651
0.0028801368
1.6476005e-05
1.7459009e-05
0.00050864855
1.6385626e-05
1.6180171e-05
3.89412e-05
1.6624738e-05
1.6163611e-05
0.0037175872
8.6679412e-05
1.6566373e-05
4.9093224e-05
1.6266768e-05
1.6614079e-05
1.6504407e-05
1.6780538e-05
1.6615389e-05
1.7105084e-05
1.6510372e-05
1.6127662e-05
1.6557478e-05
1.7129121e-05
1.6736336e-05
0.00030681983
1.6503111e-05
1.6437694e-05
1.6265488e-05
1.6064049e-05
0.0037445374
1.6147162e-05
1.6537559e-05
1.5955678e-05
1.6393418e-05
1.5833237e-05
1.6351281e-05
1.7173238e-05
1.5190103e-05
1.5971285e-05
1.5841629e-05
1.7937043e-05
1.6346863e-05
1.5949221e-05
4.0308783e-05
1.6307332e-05
1.5842164e-05
1.6834077e-05
1.7083127e-05
1.6339845e-05
2.4501626e-05
1.6110346e-05
1.6296081e-05
1.6131626e-05
1.5852217e-05
1.5894573e-05
1.6529119e-05
1.5961675e-05
1.5555328e-05
1.5877904e-05
1.5906933e-05
1.6163809e-05
1.6667457e-05
2.2056597e-05
0.003823848
1.6593525e-05
1.6133741e-05
1.6316031e-05
1.6485708e-05
1.6372039e-05
1.6399836e-05
0.0018613861
1.6405712e-05
1.6173748e-05
1.5938744e-05
1.5797329e-05
1.6411745e-05
1.6513523e-05
0.0011831883
2.4400845e-05
0.00010139178
0.014350788
1.667838e-05
1.6183318e-05
1.6544484e-05
0.00012313258
1.6083578e-05
1.6173019e-05
1.5865486e-05
1.5255505e-05
1.5950348e-05
1.6269669e-05
0.002901637
1.6443717e-05
0.001543348
1.6316326e-05
2.9363892e-05
1.6274542e-05
0.0045121292
0.013307637
1.6586225e-05
3.7658146e-05
1.6313704e-05
1.616616e-05
1.6554829e-05
1.6349895e-05
1.6299576e-05
2.7302752e-05
1.6602297e-05
0.00042741147
1.6053631e-05
1.5955096e-05
1.6903737e-05
1.6496433e-05
0.0037300116
0.0023267053
1.6753122e-05
0.0013130791
1.6073151e-05
1.5806785e-05
1.5877439e-05
1.7630857e-05
1.3936613e-05
0.00029217838
6.7852118e-05
0.0022802767
1.8361713e-05
0.0030142751
1.6231772e-05
2.0660038e-05
1.6187892e-05
2.1088707e-05
0.00048396169
1.6291962e-05
1.633183e-05
0.0019969723
1.5908311e-05
1.6285864e-05
1.6270064e-05
1.637226e-05
1.5945837e-05
1.6776604e-05
0.0015597415
1.609625e-05
2.4412635e-05
1.6967719e-05
1.6496595e-05
7.150766e-05
1.6547233e-05
1.9198526e-05
1.6286331e-05
1.6704969e-05
0.00020544784
1.750972e-05
1.6481556e-05
0.0029101436
2.7260593e-05
1.6458467e-05
0.0013993228
1.6374025e-05
0.0010414263
1.6340675e-05
0.00089905213
1.6343174e-05
1.667257e-05
0.0043614419
1.6346413e-05
3.7136659e-05
2.4241006e-05
1.6409687e-05
0.00013839917
0.0013600964
0.0026146303
0.00013842207
1.6593051e-05
1.6503745e-05
0.00050931473
0.0027434694
1.9940482e-05
0.0030380236
0.0021705291
1.7063241e-05
0.00056008908
1.6104325e-05
0.0037421589
3.6893769e-05
0.0030219349
1.662053e-05
1.679863e-05
1.6251068e-05
0.0013056765
0.01055797
0.00025334278
1.6029502e-05
1.6349853e-05
1.6095279e-05
1.6564264e-05
1.6799098e-05
1.7028313e-05
1.6442078e-05
1.7826511e-05
1.6355189e-05
1.6291769e-05
1.7266585e-05
1.6651422e-05
0.0038595886
1.6154886e-05
1.6467365e-05
1.6144454e-05
1.5845277e-05
1.6357212e-05
1.6942737e-05
0.0023110724
1.6188806e-05
1.6610211e-05
1.6463877e-05
1.7825524e-05
0.0020081588
1.836581e-05
0.0011801967
6.7176652e-05
1.8107808e-05
1.7090085e-05
1.5891245e-05
1.6267239e-05
1.6643744e-05
8.799668e-05
1.6788897e-05
1.6414975e-05
0.00011213168
3.450492e-05
1.6425192e-05
0.001698988
0.0033682275
0.00076418895
1.6195161e-05
1.6552638e-05
1.7999652e-05
0.00031268274
0.0050358253
0.0007389044
1.7197275e-05
1.6073361e-05
1.6323513e-05
1.6361187e-05
1.6372534e-05
0.0017024241
1.6131404e-05
2.2871356e-05
0.0034459147
1.6346753e-05
0.0016093098
1.6273422e-05
0.00022446787
1.6244566e-05
3.3461756e-05
1.5874602e-05
1.6137778e-05
1.6687501e-05
3.1664201e-05
1.5856938e-05
1.6108428e-05
0.0021104701
1.6242042e-05
0.0013609091
0.0015320448
1.6206306e-05
1.6145354e-05
0.00013294521
2.2305494e-05
0.0041035196
1.640059e-05
1.7191502e-05
1.5865655e-05
3.494959e-05
1.6606867e-05
0.0016576384
1.6379473e-05
1.6143211e-05
0.00019645696
1.6468886e-05
0.0029892173
0.003632537
1.6649669e-05
1.731811e-05
0.0043093751
0.00040041706
8.820094e-05
0.0002960279
0.0023041931
1.707503e-05
1.6357869e-05
1.6847943e-05
1.5846969e-05
1.6156052e-05
0.00093749225
0.00056462931
0.0043485313
0.012550488
1.5867418e-05
1.6588249e-05
0.00042476899
0.0029924656
1.6534362e-05
1.6387442e-05
1.5954449e-05
1.5867759e-05
1.6155797e-05
1.633517e-05
1.6239307e-05
1.655006e-05
0.0004117936
3.8297051e-05
1.6069943e-05
1.719228e-05
6.7077653e-05
1.6617629e-05
1.6359564e-05
1.6450737e-05
3.7805231e-05
1.593094e-05
0.014786007
0.00019712355
2.7358611e-05
0.012349668
1.5796403e-05
1.6276077e-05
1.6443775e-05
1.6149083e-05
1.6347324e-05
1.6927464e-05
1.6662225e-05
0.0008722996
2.6829866e-05
1.6674592e-05
1.6171727e-05
1.6568775e-05
0.010206701
1.6351166e-05
1.6978607e-05
1.6053635e-05
1.6040449e-05
1.5918629e-05
1.5959659e-05
1.6873462e-05
1.6218513e-05
1.5969445e-05
1.6094445e-05
1.6594933e-05
1.5809004e-05
1.6604897e-05
1.6036187e-05
4.3834947e-05
0.0016030055
3.7603143e-05
0.0031282582
0.00061059479
1.609944e-05
0.00014307357
1.6554186e-05
1.6598469e-05
1.7094635e-05
0.0029874037
0.00092576066
1.6559468e-05
1.6490128e-05
1.5862414e-05
0.0036948023
2.1827532e-05
1.6539588e-05
1.7575079e-05
1.6118874e-05
1.6535669e-05
1.966726e-05
0.00079218955
1.6803463e-05
0.0004118109
1.6291621e-05
1.6626603e-05
1.6874016e-05
1.6561542e-05
1.6092579e-05
1.5851384e-05
1.6802756e-05
1.5958133e-05
1.6075269e-05
1.6172332e-05
0.00026192794
1.6441201e-05
1.6575267e-05
1.6325471e-05
0.0016848684
1.6561994e-05
0.0078111622
0.0014611502
0.0032932149
1.5919366e-05
0.0087692565
1.5811631e-05
1.6618986e-05
1.5929492e-05
2.7277435e-05
0.00042103908
1.6678315e-05
1.653715e-05
1.5939461e-05
1.6747176e-05
1.610216e-05
1.6874182e-05
1.6589731e-05
1.6084297e-05
0.00010609875
9.3293003e-05
1.629761e-05
1.6167966e-05
1.5856324e-05
0.0015903257
1.5898036e-05
1.6374486e-05
1.6753453e-05
0.0015379035
1.6746239e-05
1.6162642e-05
1.6410217e-05
2.5270233e-05
1.6253482e-05
1.6165372e-05
0.001764041
0.00042277154
1.5837729e-05
1.5990523e-05
1.7637566e-05
0.0020517289
1.6651444e-05
2.481509e-05
1.62761e-05
1.6058177e-05
1.615657e-05
1.6538131e-05
1.5855125e-05
1.6882411e-05
1.6292487e-05
2.7667759e-05
3.8728321e-05
1.6821013e-05
1.6498039e-05
0.011874797
3.3455445e-05
0.003387362
1.621486e-05
1.6356569e-05
4.147423e-05
1.6717169e-05
1.6515136e-05
1.6549679e-05
1.6817485e-05
0.0011703663
1.5880319e-05
1.5899242e-05
1.6814567e-05
1.6411011e-05
1.625496e-05
1.5784319e-05
0.0054184582
1.4284628e-05
1.6275117e-05
1.6221501e-05
1.6601945e-05
1.7002955e-05
1.5915935e-05
0.0033139518
1.7162815e-05
1.6186319e-05
0.00018160907
0.00095658822
1.5905412e-05
9.3882574e-05
1.5876853e-05
1.5920951e-05
1.5879081e-05
1.6275474e-05
0.0010531794
0.0002244418
1.6412056e-05
1.6391174e-05
1.6167473e-05
1.6779584e-05
0.003260796
2.2302474e-05
0.0088040627
0.0015382176
1.6597696e-05
1.6163674e-05
1.5998655e-05
4.3874954e-05
1.6173108e-05
0.00050269489
1.6262548e-05
1.644747e-05
1.6563723e-05
1.5905736e-05
1.629759e-05
4.4072827e-05
1.602797e-05
6.2237446e-05
0.0037296007
1.6623813e-05
1.6928441e-05
0.0026261503
4.0347685e-05
1.6580491e-05
1.6602098e-05
7.6537336e-05
0.00049431727
0.00018193653
1.6598905e-05
1.5909906e-05
1.6326047e-05
1.7223334e-05
1.6933182e-05
1.6705412e-05
1.5986748e-05
1.6299832e-05
1.6167123e-05
0.00053085803
1.6280583e-05
1.666757e-05
0.00011432798
1.6904791e-05
1.5960222e-05
3.9999628e-05
1.6439763e-05
1.9938207e-05
1.6157619e-05
1.6401676e-05
1.6213838e-05
1.6402514e-05
0.00066440177
3.5020883e-05
2.72206e-05
1.5857847e-05
1.636326e-05
0.00016575154
1.6894092e-05
1.6610531e-05
2.283703e-05
1.9349137e-05
1.6156523e-05
1.5883259e-05
0.0016956276
0.0016181996
0.0014452227
0.00042578569
1.63686e-05
3.6683628e-05
1.6554776e-05
1.6825481e-05
0.00010190479
1.6468879e-05
1.6176421e-05
0.00018310554
1.6470395e-05
1.6712405e-05
1.6050133e-05
2.5461452e-05
0.0016931914
1.678647e-05
1.5865014e-05
2.5636841e-05
1.6777161e-05
1.6758083e-05
1.6000249e-05
1.6047605e-05
1.6388936e-05
0.0037836009
0.0040360406
1.6351149e-05
1.611948e-05
1.6314447e-05
1.6381886e-05
0.0014363349
1.5909618e-05
1.6646761e-05
0.0012030141
1.6023016e-05
0.017825686
1.6735626e-05
1.6451016e-05
0.00025752926
1.5894435e-05
1.6030677e-05
1.5530428e-05
0.0006945708
1.6728105e-05
0.0021095135
0.00010956215
2.7423546e-05
0.0019183344
1.6122121e-05
1.6884885e-05
1.5910952e-05
0.00095131143
1.6034239e-05
1.5909346e-05
1.6015715e-05
1.58145e-05
0.00069481448
1.641788e-05
1.7422049e-05
1.6786815e-05
0.0030298644
0.0015859462
1.6807224e-05
1.5868943e-05
1.636441e-05
1.6039683e-05
2.0590235e-05
1.6493458e-05
1.6514821e-05
1.6445214e-05
1.5802878e-05
1.6093511e-05
0.0037815163
3.7137005e-05
1.6851251e-05
0.00020315847
1.6423151e-05
1.6623166e-05
1.6252363e-05
1.6212315e-05
0.00020386724
1.662018e-05
1.5881736e-05
1.5888191e-05
0.0011298513
1.6535007e-05
0.0019269975
0.00052924816
1.6544889e-05
1.606219e-05
1.6400468e-05
1.6528675e-05
1.7002437e-05
1.6216186e-05
1.6154362e-05
1.6255954e-05
1.6640462e-05
1.6587291e-05
1.6468956e-05
1.6814671e-05
1.6390337e-05
9.2138449e-05
1.5930128e-05
1.6217696e-05
0.0019085349
1.6040103e-05
1.64529e-05
5.2477369e-05
0.00017868211
1.6249212e-05
1.6404522e-05
1.6108996e-05
0.00011754161
0.012900205
0.00013169476
1.6109441e-05
1.6832092e-05
1.6234825e-05
1.636142e-05
1.6532646e-05
0.0053820223
1.6459378e-05
9.7839467e-05
5.7225988e-05
1.5843974e-05
0.012788985
1.583263e-05
0.002224657
1.6853695e-05
1.6103884e-05
0.0020430161
1.6154957e-05
2.4518568e-05
1.7071992e-05
0.009558782
1.6936721e-05
1.6195699e-05
1.6978438e-05
1.5862244e-05
0.0001140851
1.635465e-05
0.0027412709
0.00029176174
1.7181967e-05
1.6478505e-05
1.6289007e-05
0.00029830789
1.6465307e-05
1.585552e-05
1.5939878e-05
1.6313734e-05
1.6029123e-05
1.6106017e-05
0.0014417953
1.6382363e-05
1.6796602e-05
1.6407219e-05
0.017952865
1.6215198e-05
1.5958954e-05
1.7229817e-05
0.0032093322
0.00016145587
1.5846201e-05
1.7196921e-05
0.012721096
1.618926e-05
1.620038e-05
0.00053251287
1.6580446e-05
0.00088724088
1.6271351e-05
1.616356e-05
1.6129175e-05
1.6310381e-05
1.6383653e-05
1.6516842e-05
0.0026333843
1.9134562e-05
1.6259866e-05
0.013696093
1.5869565e-05
1.6209837e-05
1.5857124e-05
0.00083735971
1.6645341e-05
0.0009113463
1.7300577e-05
0.0020687159
1.8367735e-05
1.6220841e-05
4.3746407e-05
1.5962783e-05
1.5861188e-05
1.7521109e-05
1.9245334e-05
1.5879651e-05
5.4110886e-05
3.7998543e-05
1.6277013e-05
1.6558749e-05
1.6059622e-05
0.0041639925
1.7199162e-05
1.5899643e-05
7.3221464e-05
1.7231753e-05
1.6038699e-05
1.6316364e-05
1.6580208e-05
1.7460287e-05
1.5952931e-05
1.6063188e-05
1.5874246e-05
1.6291555e-05
0.0028920849
1.6045511e-05
1.64292e-05
1.6614291e-05
1.6253512e-05
1.6530113e-05
1.6294068e-05
1.6269102e-05
1.683305e-05
1.579932e-05
2.564183e-05
0.00072761657
0.0022061343
2.7352796e-05
1.6472523e-05
0.003327416
0.0036764769
1.5855994e-05
1.6374691e-05
5.5414211e-05
1.6171079e-05
1.5891164e-05
0.0022821411
0.00019771202
3.8645616e-05
1.5890417e-05
0.0016296765
1.6561116e-05
1.6299441e-05
1.7021879e-05
1.6319421e-05
1.6559267e-05
1.7300411e-05
1.5995869e-05
1.5847909e-05
1.7315315e-05
1.6511206e-05
1.6253383e-05
1.5871138e-05
1.6349716e-05
4.3243624e-05
1.5939672e-05
7.4753414e-05
1.5860599e-05
4.20168e-05
0.00022041119
1.6110846e-05
1.646165e-05
1.5162036e-05
1.6357659e-05
0.0015861637
1.6302432e-05
1.5879953e-05
1.6668249e-05
1.5830945e-05
1.6085378e-05
1.6204498e-05
1.5833915e-05
1.6967224e-05
1.5938032e-05
0.01595292
0.0018207552
0.00024010908
8.2621287e-05
2.4760703e-05
0.0033412934
1.6008658e-05
1.5821739e-05
0.0019371121
0.0002780697
1.5947932e-05
1.5819839e-05
1.6450422e-05
1.6398608e-05
0.0019346644
1.5803154e-05
1.6546667e-05
0.0081424327
0.001673193
1.6364387e-05
1.6051697e-05
1.6501152e-05
1.8753241e-05
0.00056072549
1.6476487e-05
9.9066599e-05
0.0029829751
0.0040093211
1.6122165e-05
1.6275271e-05
1.613363e-05
1.5902469e-05
0.013475288
0.00017742782
1.7069568e-05
1.6557244e-05
2.6247088e-05
6.1054097e-05
1.6510852e-05
0.00091067164
1.6536933e-05
0.00055108727
1.6433538e-05
1.5861376e-05
1.6640874e-05
0.00058086096
1.6334959e-05
1.630431e-05
0.003003218
1.5900506e-05
1.5913012e-05
1.5995971e-05
0.00052245235
1.6305073e-05
1.6151794e-05
1.6167841e-05
0.00055155285
0.0081050336
1.6541283e-05
1.5854284e-05
1.6867184e-05
0.0015946902
1.6558525e-05
0.0077757941
1.594646e-05
0.00051676479
0.00207518
1.5803167e-05
1.5876995e-05
1.6360782e-05
1.661584e-05
2.1042939e-05
1.60446e-05
0.0033684162
2.777776e-05
1.6632915e-05
1.5979809e-05
1.9129957e-05
1.6697975e-05
1.6429014e-05
1.6232833e-05
0.0017351086
0.0023212885
1.6399971e-05
1.6414738e-05
1.6393308e-05
1.7525055e-05
3.8955055e-05
1.6156123e-05
1.6339229e-05
1.9733389e-05
1.6335259e-05
1.6385645e-05
1.8389063e-05
1.6375864e-05
1.63797e-05
0.001397953
1.6565876e-05
0.0050413594
1.6603808e-05
4.3863636e-05
1.5850166e-05
1.6405767e-05
1.7681941e-05
0.00018759046
2.2712686e-05
1.6062645e-05
1.6157991e-05
0.0010112064
1.5879863e-05
1.6815921e-05
0.00292821
1.7181471e-05
1.581867e-05
0.0032485676
1.4119167e-05
0.0025623327
1.5957839e-05
2.9138801e-05
0.00027788877
1.6264354e-05
1.6536447e-05
1.6517574e-05
3.1613986e-05
1.5870902e-05
1.6409326e-05
0.00017727552
3.0278091e-05
3.637201e-05
0.0015985499
5.8241055e-05
9.9175034e-05
1.5953909e-05
0.0011394057
1.6117101e-05
0.0017340803
1.7848808e-05
1.6524615e-05
1.630331e-05
1.9825898e-05
1.6217046e-05
0.0002433077
1.6285601e-05
1.7631273e-05
0.00025361995
0.0017352566
1.6095648e-05
1.7521699e-05
1.6636543e-05
0.00012833934
1.5903915e-05
1.6468179e-05
1.5792553e-05
0.0030989504
1.619247e-05
1.5795157e-05
1.6133342e-05
0.0011116791
1.6043651e-05
3.5768733e-05
0.00026768852
1.680542e-05
1.7312708e-05
1.6598992e-05
3.0873784e-05
1.6080773e-05
1.7125585e-05
1.6467394e-05
1.6973885e-05
3.959732e-05
1.6463819e-05
0.0037914221
1.6430154e-05
0.0032270315
1.6127176e-05
2.4455698e-05
0.0031792525
0.00098819851
0.00094501092
1.6281614e-05
0.012779866
0.0026991816
1.6267653e-05
9.7554745e-05
1.6215215e-05
0.00041341515
1.6146725e-05
1.584681e-05
0.00026412853
0.0001148295
1.6468031e-05
1.6325751e-05
1.5863233e-05
1.6037976e-05
1.6107598e-05
0.0012507156
1.6140583e-05
1.7433074e-05
0.0026869605
0.0062906333
0.0072031113
1.6277986e-05
1.6171794e-05
1.6621513e-05
2.3167161e-05
1.6274454e-05
1.6318953e-05
1.5943564e-05
1.6102347e-05
1.6342228e-05
1.7768e-05
1.6391735e-05
1.5851492e-05
1.6958481e-05
2.2073401e-05
1.6188015e-05
1.6170825e-05
1.5852808e-05
3.7548628e-05
0.00014159043
1.6180963e-05
1.6685796e-05
1.6322479e-05
0.00013614997
1.6563952e-05
1.6696534e-05
0.0012704817
0.006607368
1.680619e-05
1.63785e-05
0.00034741262
1.6472505e-05
1.6339035e-05
1.5796005e-05
1.6152977e-05
1.5822613e-05
1.6700737e-05
2.5144978e-05
1.5916365e-05
0.00010393545
0.0028848401
1.6571783e-05
1.6966718e-05
1.6199362e-05
1.598836e-05
0.0071885733
1.5865316e-05
1.6075443e-05
1.5899411e-05
1.605843e-05
1.5855994e-05
6.2930023e-05
1.6173894e-05
1.5791812e-05
1.6958043e-05
8.3932744e-05
1.6811319e-05
0.00091008197
0.0073769048
2.9666304e-05
6.1877794e-05
1.642835e-05
1.6675422e-05
1.601933e-05
1.6469933e-05
1.7049725e-05
1.6616771e-05
0.0036130371
1.6475403e-05
1.5929586e-05
5.9679857e-05
4.6646171e-05
1.7144854e-05
1.5810986e-05
1.6267436e-05
1.7811078e-05
1.6335913e-05
1.5948412e-05
1.57922e-05
1.6577131e-05
1.6294279e-05
1.6460485e-05
1.6052737e-05
0.0019811788
3.8768364e-05
1.6476291e-05
1.6654946e-05
1.5873604e-05
1.6497808e-05
1.6619953e-05
0.0019967451
7.3354731e-05
1.6232158e-05
1.6422075e-05
0.0022171782
1.631339e-05
1.6086202e-05
0.0034872574
1.6188385e-05
1.6296596e-05
0.00092849925
0.00021232407
1.5918117e-05
1.5836673e-05
1.599896e-05
0.0016899623
2.1794379e-05
0.0029302192
1.6352881e-05
1.6355561e-05
1.6050603e-05
1.5885185e-05
1.6638492e-05
1.6678523e-05
1.6533721e-05
0.00016466769
0.0032887177
1.694599e-05
1.6590183e-05
1.6065481e-05
1.6362397e-05
0.0017594039
1.6510975e-05
1.6758699e-05
8.0487887e-05
1.5946791e-05
1.5829433e-05
1.7544942e-05
1.6431632e-05
1.6102315e-05
2.3457224e-05
0.0046962692
1.6356593e-05
3.3406975e-05
1.6462309e-05
0.00016455701
1.7106096e-05
3.3088698e-05
1.601519e-05
1.5893711e-05
0.00083712549
1.638028e-05
1.6096904e-05
1.6244629e-05
1.6030801e-05
0.0030489464
0.00073304874
1.6387628e-05
1.7824334e-05
3.0955921e-05
1.6019097e-05
1.5948789e-05
0.005101067
1.642695e-05
7.0770509e-05
1.6213093e-05
1.5886436e-05
0.0017041257
0.0017091555
1.6335088e-05
1.5883975e-05
0.0001096986
1.7140425e-05
0.00044367657
1.5846101e-05
1.6546738e-05
1.6349541e-05
1.6012675e-05
0.00019116186
0.0028722459
2.7246587e-05
3.4810895e-05
2.9171451e-05
0.0015910511
2.3643569e-05
1.6538648e-05
1.8884752e-05
1.6660014e-05
1.638015e-05
1.6843035e-05
1.5836309e-05
0.0029979225
1.6297189e-05
1.6020084e-05
1.6418475e-05
8.8675902e-05
0.0010328552
1.5812428e-05
1.6054952e-05
0.00064935523
1.6309026e-05
1.6143893e-05
1.6170837e-05
1.6159584e-05
0.001710792
1.6485559e-05
2.6957805e-05
0.0017183061
1.6451727e-05
1.7366033e-05
1.6253107e-05
0.0016314098
0.0028716283
0.0017124613
0.006557879
0.00024125991
2.380334e-05
1.6293947e-05
1.6250938e-05
2.1813577e-05
1.6169306e-05
1.6394522e-05
1.7097804e-05
1.5939718e-05
0.00057904804
1.5888041e-05
1.6174215e-05
2.8526782e-05
1.62559e-05
1.5817502e-05
1.5992078e-05
1.6969802e-05
1.3777452e-05
1.7833792e-05
1.6344462e-05
1.6418827e-05
1.6376366e-05
0.00068581822
1.6982572e-05
0.00017080343
1.5876238e-05
8.8596504e-05
1.6592491e-05
1.7456752e-05
0.0024202721
0.00024218782
1.6797932e-05
1.7296074e-05
1.6473242e-05
0.00270326
1.6469244e-05
1.7277186e-05
2.1374712e-05
1.6620214e-05
0.0010445453
2.0606417e-05
0.00097683741
2.9563827e-05
0.0040904062
0.00047031124
1.6560185e-05
1.588058e-05
1.5952539e-05
1.643254e-05
1.664463e-05
1.6813915e-05
0.0017703835
1.6894673e-05
1.6495138e-05
1.6718544e-05
1.6320311e-05
1.590411e-05
1.5839221e-05
0.0020010647
0.00014689044
1.6384336e-05
1.643164e-05
0.0022390229
4.090692e-05
1.5873466e-05
1.6242023e-05
0.00010431822
1.5949663e-05
1.6055925e-05
1.6434675e-05
0.00025949894
1.642023e-05
1.6581689e-05
1.5830379e-05
1.6113152e-05
1.8786527e-05
3.0257125e-05
1.6377102e-05
1.2827175e-05
1.6045952e-05
1.6168816e-05
0.00010424124
0.00089695163
1.6362897e-05
1.6416769e-05
0.0080651914
1.5954198e-05
0.0015791094
0.0024191206
1.6183451e-05
1.6544683e-05
1.6833994e-05
1.5984954e-05
0.00071801853
0.016519597
7.090283e-05
2.4639079e-05
1.5982641e-05
1.6569913e-05
1.5959114e-05
1.7346668e-05
1.6041609e-05
0.0022369709
1.6429883e-05
0.0034860188
0.00024087923
2.090238e-05
2.8451363e-05
1.6434779e-05
1.6604116e-05
3.0957098e-05
1.6640471e-05
0.00017939318
1.7577901e-05
1.6237868e-05
1.7113223e-05
1.5895177e-05
0.00032222702
1.7260581e-05
1.6407971e-05
0.00093211796
1.8344142e-05
1.6338106e-05
1.5795302e-05
1.8345938e-05
1.6161511e-05
0.00017054138
1.6702646e-05
1.6599556e-05
1.5934842e-05
1.6314312e-05
1.6402074e-05
1.8807325e-05
0.00013608942
1.5856713e-05
8.956469e-05
0.0021348777
1.6863001e-05
1.5836976e-05
1.5865167e-05
0.00048875474
1.6500586e-05
1.6140142e-05
1.72406e-05
1.5804769e-05
0.0035460412
1.6452978e-05
1.893708e-05
1.7838335e-05
1.6366386e-05
1.668002e-05
2.7697586e-05
1.5969405e-05
0.00075263345
1.5958001e-05
1.631972e-05
0.00041303257
1.6092906e-05
1.6869225e-05
1.5853178e-05
1.8900734e-05
0.0078283997
0.0017708024
1.6643005e-05
5.1908868e-05
1.6377339e-05
1.6833922e-05
0.0029758713
1.5917636e-05
1.6550548e-05
1.6603203e-05
0.0081769395
1.6880856e-05
0.001547326
1.6863685e-05
0.00014809044
0.011041815
4.8993037e-05
1.6586794e-05
1.538411e-05
0.00093625082
1.8881955e-05
1.5994319e-05
0.0030361047
0.0034607225
2.5110905e-05
1.5868716e-05
1.6403531e-05
1.6226589e-05
0.0017242056
1.6015631e-05
1.60329e-05
3.0519841e-05
1.630679e-05
1.7826314e-05
1.6619295e-05
1.6470799e-05
0.0084503366
1.5801287e-05
0.00048510486
1.61651e-05
0.0086886558
1.6392915e-05
1.5941767e-05
1.6755981e-05
1.6320478e-05
1.640148e-05
1.5995463e-05
1.6265036e-05
1.6161362e-05
1.5889095e-05
1.6311981e-05
0.0017494408
1.6380087e-05
0.00024279268
1.62259e-05
1.5845276e-05
0.0011473587
6.4859819e-05
1.6174998e-05
1.6092016e-05
1.5951943e-05
1.6133419e-05
1.6934137e-05
1.5856677e-05
1.6819352e-05
1.5854697e-05
1.6484732e-05
1.6603778e-05
1.6299402e-05
1.6280168e-05
1.6232593e-05
1.6589793e-05
1.6485454e-05
1.6507647e-05
0.003025159
0.00029691453
0.0021231507
1.6933748e-05
0.002143342
0.00021810477
1.6505255e-05
0.00024248501
0.0018674346
1.6641208e-05
0.0020145739
1.6591141e-05
4.8281359e-05
1.6917738e-05
1.6578228e-05
1.5952081e-05
1.6197908e-05
1.656178e-05
1.6069952e-05
1.6784751e-05
1.5959822e-05
0.00088624978
1.656969e-05
0.0024708454
1.6780052e-05
1.5789588e-05
1.5788316e-05
0.010400613
0.00010397993
1.6510978e-05
1.9115043e-05
1.635134e-05
1.6767273e-05
0.0011768578
1.7316194e-05
2.7311395e-05
1.6664995e-05
0.0014083765
1.5948006e-05
1.6311568e-05
1.6403929e-05
0.00091737984
4.4458752e-05
1.5903488e-05
0.0017235307
2.3536644e-05
1.5998503e-05
1.7019713e-05
1.6696547e-05
1.6628529e-05
1.658191e-05
1.5984999e-05
0.003185157
1.6166196e-05
1.5851373e-05
1.625591e-05
1.5814221e-05
4.9149775e-05
0.0066095412
1.6470482e-05
1.6066979e-05
1.6353701e-05
1.6161203e-05
0.00016138688
1.6410658e-05
1.6665054e-05
1.6770461e-05
1.6163937e-05
1.6306794e-05
1.6308596e-05
1.613631e-05
1.6996141e-05
1.58423e-05
1.5876468e-05
0.0023691041
1.6614635e-05
1.6357418e-05
0.00010850678
1.6581186e-05
1.6183149e-05
1.5836609e-05
1.5993168e-05
1.5974495e-05
1.6163899e-05
1.604813e-05
0.01609169
0.0015974014
1.5944233e-05
1.731882e-05
1.6020325e-05
1.622469e-05
0.00061303175
0.00057163542
1.6310494e-05
1.6349081e-05
0.00097663102
1.6001079e-05
1.654584e-05
1.6604158e-05
0.00050280979
1.6935327e-05
5.207527e-05
1.5916587e-05
0.0035298537
0.010149231
1.6511621e-05
1.5823353e-05
1.6422364e-05
1.7124905e-05
0.0023598835
1.6124676e-05
1.822523e-05
1.7780236e-05
1.5957248e-05
1.6542574e-05
1.5843838e-05
1.6028908e-05
1.6264059e-05
0.0030062535
1.5985424e-05
0.0040223746
1.6269368e-05
0.0014019674
8.7947973e-05
1.6442685e-05
1.6157595e-05
0.0013541392
1.6472663e-05
0.0087066925
1.586295e-05
1.6310408e-05
1.6758621e-05
1.5868487e-05
1.7032491e-05
0.0022142124
1.5856909e-05
1.5945604e-05
2.8891589e-05
1.6693225e-05
0.00010823765
1.5851933e-05
1.6219133e-05
1.6379757e-05
1.6425522e-05
1.6722262e-05
1.6584206e-05
0.010590635
1.5862909e-05
8.6435287e-05
1.6135278e-05
1.658579e-05
0.0066843487
1.6641338e-05
1.5879524e-05
1.6438971e-05
1.5961375e-05
1.5910452e-05
9.4081839e-05
5.466029e-05
1.5867033e-05
0.003648142
1.8175212e-05
0.0028699897
1.7248703e-05
1.5815843e-05
1.6202771e-05
0.0017024115
1.6204129e-05
1.6002123e-05
1.6968265e-05
1.7047639e-05
0.0015367243
1.6325531e-05
1.6408745e-05
0.0029536067
0.0005117226
0.0011863698
1.6295904e-05
1.6094096e-05
1.6041145e-05
8.0732525e-05
1.6380547e-05
1.6165582e-05
1.7984998e-05
0.0013462023
1.5898006e-05
1.5825587e-05
0.0019384247
1.7483068e-05
3.3425309e-05
1.6382487e-05
1.5814094e-05
0.004480185
1.6327865e-05
1.5871204e-05
1.6394948e-05
1.5943215e-05
1.5840747e-05
1.620581e-05
7.5835967e-05
0.0017830884
1.5822155e-05
1.5960578e-05
0.00034646421
1.6438097e-05
0.0017043551
1.6054354e-05
1.6357123e-05
0.0017831016
1.6744636e-05
1.6053736e-05
1.6571883e-05
1.6926428e-05
1.6408923e-05
1.7045209e-05
1.6701184e-05
1.6038132e-05
1.6507207e-05
1.7695366e-05
1.6015977e-05
3.1481344e-05
1.5863494e-05
1.6542733e-05
8.4014408e-05
3.6348079e-05
1.6607222e-05
1.5999463e-05
1.6403253e-05
0.017411409
1.7996583e-05
1.6041089e-05
3.7966447e-05
0.0023113855
6.7165264e-05
0.00028523796
1.6109287e-05
8.7776336e-05
0.0015337166
0.00014337377
1.8897137e-05
1.6316457e-05
1.6432896e-05
1.609969e-05
1.6023807e-05
1.6110691e-05
0.012586364
1.579531e-05
1.6734078e-05
3.2296878e-05
2.341975e-05
0.0051776932
1.6352286e-05
1.7364125e-05
1.6367211e-05
1.778228e-05
0.0032898289
1.6629355e-05
1.6600524e-05
1.6540575e-05
0.0028696152
0.0021899671
1.615042e-05
1.6129453e-05
1.614832e-05
1.6194417e-05
1.597971e-05
1.6119797e-05
1.6527739e-05
1.6501439e-05
2.3480473e-05
1.5789946e-05
1.625294e-05
1.620019e-05
9.7806487e-05
0.0011102526
6.1073363e-05
1.6312506e-05
0.00092054712
1.5996982e-05
1.6399085e-05
1.6605331e-05
1.6618352e-05
0.001607498
1.624202e-05
1.8719716e-05
0.010455192
1.7251585e-05
1.5968034e-05
1.6165395e-05
2.0602086e-05
1.5871028e-05
1.6362555e-05
0.00042816715
1.6074149e-05
0.00017935375
1.6564798e-05
1.6607601e-05
0.00022658134
1.7910248e-05
1.5950886e-05
1.6392831e-05
1.6222935e-05
0.0081955287
1.6300554e-05
1.6544189e-05
2.0554865e-05
0.00012725494
1.6861962e-05
1.6439536e-05
1.6477533e-05
1.5810029e-05
1.5906991e-05
1.5973344e-05
2.3427634e-05
6.4971266e-05
1.5911694e-05
1.6499154e-05
0.00044323702
1.6652709e-05
1.5835634e-05
0.0057398994
1.584319e-05
4.6967712e-05
1.5939279e-05
0.0032342439
1.6520845e-05
0.00032354313
0.0054358714
1.6245673e-05
1.7220037e-05
1.6770394e-05
1.6365399e-05
1.7432936e-05
1.6893545e-05
0.00054585155
1.6355939e-05
3.366795e-05
0.0028662069
1.5847924e-05
1.6343209e-05
1.6443215e-05
1.5791988e-05
8.0336535e-05
0.0098163288
1.6199729e-05
1.640898e-05
0.00028081496
1.6782865e-05
1.6686194e-05
0.0028218773
1.631105e-05
1.6135367e-05
1.5908106e-05
1.7399421e-05
1.6577176e-05
0.00011252225
1.5789891e-05
2.9475192e-05
1.627497e-05
1.6654716e-05
1.5948209e-05
1.5794176e-05
1.6407035e-05
1.6325481e-05
1.5860858e-05
0.0054086907
0.0021910417
0.0017745371
1.5846431e-05
0.0023149885
0.0015777355
1.6040603e-05
1.6856692e-05
1.6572512e-05
0.010709274
1.4417797e-05
1.2772063e-05
1.6420734e-05
0.0017748463
1.7155179e-05
1.6475754e-05
1.580555e-05
1.5958306e-05
1.6112722e-05
1.695855e-05
0.0027259133
0.0015743486
1.7054478e-05
1.6647689e-05
1.679883e-05
1.5837686e-05
1.5812545e-05
0.0025922874
0.0016477319
1.7524362e-05
1.6486824e-05
2.6002516e-05
0.0003217249
1.5820021e-05
1.5851941e-05
1.5879847e-05
1.6503027e-05
0.0031350433
1.6040006e-05
1.6564236e-05
1.5839826e-05
1.7566235e-05
1.6358502e-05
1.6913852e-05
1.5812866e-05
0.0001944176
1.8238124e-05
1.5838415e-05
1.580412e-05
2.7081014e-05
1.6171422e-05
1.6378314e-05
1.6200572e-05
0.0029834927
1.5792534e-05
1.6150401e-05
0.00066912818
0.014408699
1.5874779e-05
1.6259921e-05
1.6072151e-05
1.5858747e-05
1.6270669e-05
1.6359134e-05
1.752548e-05
1.6570263e-05
1.6440377e-05
0.00010155681
1.6181274e-05
1.6814448e-05
1.6391988e-05
1.5821002e-05
1.6945248e-05
1.5969896e-05
0.00029396055
0.001271801
1.6782314e-05
1.6944227e-05
0.0012449497
1.6631829e-05
1.5884599e-05
1.6364717e-05
1.6324942e-05
1.6049798e-05
1.6781195e-05
1.5840428e-05
4.2273248e-05
9.5966581e-05
1.6384526e-05
2.4532161e-05
1.634013e-05
1.6277739e-05
1.6894438e-05
1.6065993e-05
1.5831112e-05
1.7990358e-05
0.0028147274
1.5848778e-05
1.6279132e-05
1.647375e-05
3.4527809e-05
1.6021023e-05
1.5904948e-05
1.4295699e-05
1.6310233e-05
0.0017667181
1.629693e-05
1.6271373e-05
1.5980184e-05
1.6717435e-05
4.1752396e-05
1.7780447e-05
1.6182443e-05
1.5889754e-05
1.5791054e-05
1.6336415e-05
0.0017207125
1.6404664e-05
1.6020288e-05
1.6539343e-05
2.8530471e-05
1.5852109e-05
1.621736e-05
0.0017251024
1.6413768e-05
1.4453722e-05
1.6367834e-05
1.5841694e-05
1.5877899e-05
0.0017688147
0.0012984919
0.0014461035
0.0014657411
3.3130692e-05
1.6187361e-05
1.5885786e-05
1.626696e-05
1.6566946e-05
1.5853565e-05
1.6997947e-05
1.6357735e-05
1.5821611e-05
1.609622e-05
1.6053948e-05
2.8267694e-05
1.6937916e-05
1.6528418e-05
1.6077674e-05
0.0031934524
1.5894172e-05
3.8422737e-05
1.6207981e-05
0.00024574874
1.6303266e-05
1.638469e-05
1.5977396e-05
0.00094601399
0.00016003312
1.8967648e-05
1.5833632e-05
1.5872081e-05
0.0034595399
1.6313307e-05
5.9874616e-05
1.6327938e-05
1.5963818e-05
1.5913566e-05
8.6627748e-05
1.7914658e-05
1.6413766e-05
0.0036727149
1.7494882e-05
1.6135578e-05
1.6417201e-05
1.6417207e-05
1.644871e-05
0.0016129099
0.00015012008
1.6531024e-05
2.680195e-05
1.621761e-05
1.6591135e-05
0.00013578619
1.6307374e-05
0.0029608117
0.0076990888
1.6339575e-05
1.6197514e-05
2.1104393e-05
0.00018524569
0.0017122774
1.6336157e-05
1.6476086e-05
1.6302391e-05
7.8342493e-05
0.0057266559
0.0051790844
1.6562067e-05
1.6212505e-05
1.6406574e-05
1.7252338e-05
0.0080489889
1.6886922e-05
1.6329407e-05
1.5798767e-05
1.6786013e-05
1.6656837e-05
1.6934921e-05
3.4087827e-05
1.8530213e-05
1.7172284e-05
1.6677645e-05
0.0004962899
1.5934012e-05
1.6010059e-05
1.5830658e-05
1.6460222e-05
1.5840284e-05
1.6912475e-05
0.0054434673
1.6049043e-05
1.5510566e-05
1.6298596e-05
1.6109219e-05
1.5850854e-05
1.604764e-05
0.0002971524
2.4407754e-05
1.6253172e-05
1.606146e-05
0.0011359381
2.3496263e-05
1.616843e-05
1.5819364e-05
1.6321368e-05
1.8674204e-05
1.6116446e-05
1.6584385e-05
1.3798721e-05
1.6371917e-05
1.6472316e-05
0.0011069972
1.6327055e-05
2.0492807e-05
1.5853256e-05
1.6598967e-05
1.5643804e-05
0.0037729756
0.0010956801
1.6592731e-05
8.1411076e-05
1.7127967e-05
1.6414702e-05
1.6598356e-05
1.6589269e-05
1.6799873e-05
1.6350516e-05
1.650825e-05
1.6379264e-05
1.6415158e-05
1.6444295e-05
1.7116813e-05
0.001553613
1.6463253e-05
2.0586731e-05
0.0056141881
1.6564667e-05
0.00026021986
0.0010171786
1.5790552e-05
1.6320486e-05
4.8267307e-05
1.9376889e-05
1.6175187e-05
1.6335648e-05
1.607907e-05
0.0063157525
0.0096724653
0.0094284673
0.01015555
1.5815697e-05
1.5864303e-05
0.001753734
1.4815936e-05
5.6279413e-05
1.6483022e-05
5.2137753e-05
1.6389112e-05
1.6919508e-05
0.0024800179
1.6124539e-05
1.6389902e-05
3.7181055e-05
1.7281035e-05
1.6065172e-05
1.8076231e-05
1.6169926e-05
1.6475329e-05
1.6375271e-05
1.603211e-05
0.0033373398
1.6600126e-05
1.5864554e-05
1.6318729e-05
1.6498015e-05
1.6597932e-05
1.6074741e-05
1.6428577e-05
1.6412091e-05
0.00019063553
2.0856923e-05
0.0017573253
0.0033918697
3.1591701e-05
5.1661638e-05
1.8456789e-05
1.6005267e-05
1.6529178e-05
1.5838264e-05
1.6076006e-05
1.6279792e-05
0.00014330956
1.6628407e-05
1.6763551e-05
0.0015283064
1.6443401e-05
1.7294793e-05
1.6191101e-05
1.590243e-05
1.6717487e-05
1.6593266e-05
1.6425239e-05
1.5855789e-05
0.0018712781
1.6702956e-05
2.5283434e-05
1.6315304e-05
1.8536078e-05
1.6519565e-05
1.6427559e-05
1.5878308e-05
9.7506674e-05
1.6189055e-05
0.0011668517
1.6483039e-05
1.6365052e-05
0.0029713326
4.2372422e-05
4.3865426e-05
1.6286821e-05
1.6137643e-05
1.6058998e-05
1.644443e-05
1.6597481e-05
1.5854239e-05
1.8906347e-05
0.00041372329
1.6253977e-05
5.0608984e-05
2.8082739e-05
1.5949832e-05
1.6724964e-05
0.00017200384
0.0012223433
1.6223881e-05
1.6660229e-05
1.8189902e-05
1.6612319e-05
3.6590918e-05
0.00021181344
0.0013821069
0.00011207062
1.6573215e-05
1.6701155e-05
0.00019446487
5.9842706e-05
1.6154822e-05
8.8955075e-05
0.00019791525
1.5894132e-05
1.6419327e-05
4.3997656e-05
0.0019092187
1.5864466e-05
1.5868029e-05
0.0034791069
2.8692995e-05
1.6499785e-05
1.6585614e-05
1.5257961e-05
0.001740898
1.643528e-05
1.6591356e-05
0.0011058941
1.65401e-05
1.6116363e-05
1.6290814e-05
1.6341087e-05
0.0010988402
1.6230079e-05
1.6394331e-05
1.6295118e-05
1.7167439e-05
0.0044882275
2.0083178e-05
1.8112775e-05
1.612583e-05
1.680002e-05
1.585999e-05
1.64765e-05
1.6383246e-05
1.6493187e-05
1.6589904e-05
1.6372112e-05
0.00016103998
0.00016925581
1.6680316e-05
1.6695278e-05
0.0010758532
0.00019100389
1.6256028e-05
4.4721601e-05
1.6391102e-05
4.520955e-05
1.6401001e-05
1.632593e-05
0.0017458618
1.6831764e-05
1.6440239e-05
0.0028905342
1.5952139e-05
0.00031567864
1.6209741e-05
0.0038448489
1.6596273e-05
1.6455258e-05
0.00017531658
1.5871587e-05
0.01652056
0.0016784866
0.0015968006
3.715135e-05
1.6669594e-05
0.0010137369
1.7641907e-05
1.645817e-05
1.6308412e-05
1.641472e-05
0.00013966729
1.6353272e-05
1.6413365e-05
2.5502624e-05
1.6940522e-05
1.6151418e-05
0.0022225705
1.58197e-05
1.681539e-05
1.6348862e-05
1.6191766e-05
0.0017005507
1.585134e-05
1.5962784e-05
1.6196044e-05
2.0125324e-05
0.0030056137
2.047642e-05
3.2111967e-05
0.0017951872
1.6122585e-05
1.6367902e-05
2.3461948e-05
1.4843612e-05
8.9119886e-05
1.6259764e-05
0.0020530248
0.0017476918
0.00047184393
0.0017256923
1.6160867e-05
0.00029771075
0.014010509
0.0051909464
0.00022735941
1.6408015e-05
1.6763921e-05
1.7046524e-05
1.5831137e-05
1.6600368e-05
0.00258798
1.6506114e-05
0.0030344498
0.0037119138
0.00066006317
0.0079367346
1.5990075e-05
1.5952695e-05
0.00055133486
0.00017332751
1.6309887e-05
0.00017923162
4.4264646e-05
1.6517128e-05
1.6622203e-05
7.552299e-05
1.6383451e-05
1.637334e-05
1.9228698e-05
1.612362e-05
1.5804102e-05
1.6181309e-05
1.7793743e-05
0.00059741225
1.6189778e-05
1.6405025e-05
0.0056604142
2.0903086e-05
0.0090786179
0.00024545362
1.5800888e-05
1.6430382e-05
2.155943e-05
0.00173214
0.0009816818
0.0060024326
1.5796675e-05
1.6402802e-05
1.682582e-05
0.017304905
9.2313835e-05
1.7254565e-05
1.6746015e-05
1.6300659e-05
1.5828989e-05
1.5822238e-05
1.6287072e-05
1.6465238e-05
1.5935969e-05
0.0054737192
1.66504e-05
1.6156178e-05
1.6336247e-05
1.6392716e-05
1.602509e-05
1.6246791e-05
1.6431353e-05
0.0034811323
0.0017182489
0.0013565053
1.6381393e-05
0.0017102705
1.6354893e-05
1.7839662e-05
1.6263466e-05
1.6446494e-05
1.6014599e-05
1.6711602e-05
1.6037472e-05
1.7039619e-05
1.6301807e-05
1.6255898e-05
1.6556729e-05
1.5836624e-05
1.6124689e-05
1.6938358e-05
1.6760998e-05
1.6462306e-05
0.00072878459
1.9338036e-05
1.629622e-05
1.6319769e-05
0.00011763409
3.5144142e-05
1.6246944e-05
0.0017822141
1.6179291e-05
1.6804075e-05
1.6119197e-05
1.6259022e-05
1.5943639e-05
0.0053555873
1.6367571e-05
1.7609135e-05
1.5974268e-05
1.6373097e-05
1.6409057e-05
1.5884573e-05
1.704412e-05
1.594806e-05
0.0069872934
0.01226984
1.6256955e-05
1.6562184e-05
1.674944e-05
0.0015881503
0.001718497
1.605195e-05
2.5725577e-05
1.5916208e-05
0.001383437
1.6119046e-05
1.6158686e-05
1.6580459e-05
1.6282734e-05
1.5841384e-05
1.6725907e-05
1.6276546e-05
1.6532827e-05
1.5853893e-05
1.5962321e-05
1.6529711e-05
5.2772571e-05
1.6661e-05
1.603214e-05
1.5818919e-05
0.0021932859
1.6384833e-05
0.0025822268
6.2022423e-05
1.5873311e-05
1.6585533e-05
1.6370769e-05
1.6212599e-05
1.5973595e-05
1.7995334e-05
0.0016016186
1.6386484e-05
0.00089201415
1.6754162e-05
0.017322076
8.8864411e-05
0.0016820043
1.6328115e-05
1.6146639e-05
1.6300682e-05
0.0077978105
1.5829085e-05
2.7007553e-05
1.6410115e-05
1.5998168e-05
1.6286496e-05
1.6342159e-05
1.7547638e-05
1.6162429e-05
1.667227e-05
1.6573331e-05
3.0992481e-05
0.00027392186
0.00098966405
1.969198e-05
0.0022169472
0.0016627042
1.648417e-05
1.6322238e-05
4.8714402e-05
8.3310248e-05
1.5845037e-05
1.604222e-05
1.6566387e-05
0.0016423398
1.6315091e-05
0.00099463305
1.6222515e-05
3.1070131e-05
1.6628543e-05
0.0016766032
1.6064997e-05
1.6419969e-05
1.9026577e-05
1.5237904e-05
0.01731129
1.6584251e-05
8.9228552e-05
1.6304595e-05
1.5907549e-05
1.6407533e-05
1.643808e-05
1.6442228e-05
1.6599432e-05
1.6577772e-05
0.0016936782
1.712529e-05
1.6346315e-05
1.6209924e-05
1.6505455e-05
0.0029997075
1.6363158e-05
1.6371157e-05
1.5974872e-05
1.6378362e-05
1.6587611e-05
1.6636884e-05
2.7946786e-05
1.6282409e-05
1.6534318e-05
0.0026654427
1.6488589e-05
1.5892748e-05
1.6458667e-05
1.6739767e-05
0.0069481242
1.621292e-05
1.6395346e-05
2.8945923e-05
1.6358819e-05
1.6444115e-05
1.7364053e-05
1.6277657e-05
1.6513548e-05
0.0006360321
1.6207589e-05
1.5878859e-05
6.3514561e-05
1.6576577e-05
1.5882321e-05
0.0044118595
1.6481334e-05
1.5793574e-05
1.5871347e-05
1.6370396e-05
0.0024799785
0.0016554292
7.9015133e-05
1.6615341e-05
0.00066807833
1.6372134e-05
1.5819454e-05
1.5948538e-05
1.6102899e-05
1.744544e-05
1.6697183e-05
1.5824091e-05
1.6395054e-05
1.5878416e-05
0.0011303973
1.5804413e-05
1.6370296e-05
1.5850282e-05
1.6533438e-05
1.6220596e-05
1.6332933e-05
1.6052671e-05
1.691611e-05
1.5906548e-05
1.7273121e-05
0.0016581735
1.6011868e-05
0.0015715784
1.6723044e-05
1.60232e-05
3.879806e-05
1.5904535e-05
0.0035526898
2.4444818e-05
1.6118647e-05
1.6077514e-05
1.736103e-05
1.6316479e-05
0.00010170426
1.6401039e-05
1.5867137e-05
1.7206842e-05
0.002180435
1.6569739e-05
1.6577311e-05
1.6939989e-05
1.6201577e-05
1.6176391e-05
1.6039802e-05
1.6507395e-05
5.7219611e-05
0.0012805251
1.6141985e-05
0.00041443075
1.6600504e-05
1.6290441e-05
1.6194915e-05
1.6200867e-05
0.00028489189
1.6387107e-05
1.5848982e-05
0.0011357373
1.5821662e-05
1.5842382e-05
1.631423e-05
0.00059703897
1.5872493e-05
1.6415382e-05
1.5983003e-05
0.007925856
1.6280137e-05
1.5784471e-05
1.5785541e-05
1.5943343e-05
1.6613464e-05
1.6837654e-05
0.0034561148
0.0044073597
1.5860846e-05
1.6540506e-05
1.8132911e-05
0.0020526465
1.5855198e-05
1.5959928e-05
0.0015992568
0.01194834
1.6621166e-05
2.2700942e-05
1.6641275e-05
1.6643275e-05
2.0900438e-05
1.7243355e-05
1.6604853e-05
6.6484011e-05
1.6401835e-05
1.6386886e-05
3.011839e-05
1.6595346e-05
0.00014399934
2.3360497e-05
1.6870848e-05
1.6501631e-05
1.5894919e-05
1.7032496e-05
1.7047814e-05
1.6302421e-05
1.631728e-05
1.6834279e-05
1.6158899e-05
1.6568991e-05
0.0077606168
1.5829101e-05
0.00023793074
1.6490174e-05
1.6635207e-05
1.6503031e-05
1.612164e-05
1.6041547e-05
0.0022121102
0.0037203867
1.6355705e-05
1.6310329e-05
4.8793272e-05
1.6440524e-05
0.00021888494
1.6207751e-05
0.00050936326
1.5830136e-05
1.6368303e-05
1.614902e-05
1.685516e-05
0.01292592
1.5986133e-05
1.6291062e-05
1.5988805e-05
0.0016214907
1.9862169e-05
1.6441406e-05
1.6395927e-05
1.6548166e-05
1.6481086e-05
1.5962712e-05
0.00019010124
1.6812971e-05
1.5863029e-05
1.6388682e-05
1.6517998e-05
1.6310744e-05
0.0026547412
1.6595112e-05
1.697518e-05
1.6292994e-05
1.6651344e-05
0.0030017313
1.6399003e-05
1.6022984e-05
1.6393845e-05
1.6479969e-05
0.0033545289
1.6034124e-05
0.0093821869
1.665071e-05
0.0005379872
1.6613429e-05
1.5984142e-05
1.6020012e-05
0.0038447337
1.6331995e-05
1.8537032e-05
0.00066996306
0.014627945
1.6408032e-05
1.6147595e-05
1.6218497e-05
0.00046160911
1.8325488e-05
0.01486736
1.6180689e-05
1.5864518e-05
1.5820421e-05
0.00020918288
1.6753979e-05
1.6451642e-05
4.9038444e-05
1.6284338e-05
1.6230614e-05
0.0001136982
2.0753949e-05
0.0019766315
1.6586711e-05
1.4170535e-05
1.5836307e-05
1.672376e-05
0.00029119947
1.6355265e-05
4.8702059e-05
1.7328048e-05
2.877601e-05
1.6437988e-05
1.6374066e-05
1.6174716e-05
1.5870105e-05
0.00071109164
1.5831804e-05
0.0028449138
1.6647733e-05
1.6576022e-05
1.7820641e-05
2.2633699e-05
2.7277392e-05
1.69389e-05
0.0032923572
1.6153989e-05
1.7514795e-05
1.6405937e-05
0.00019168618
1.893935e-05
1.6511485e-05
1.6654573e-05
0.00098457321
0.0015534153
1.6133538e-05
1.6042436e-05
0.0037174834
0.00016121
1.6257721e-05
0.0016354851
1.5987869e-05
1.6382722e-05
1.6362509e-05
1.6615454e-05
1.9191909e-05
1.5886759e-05
1.6201593e-05
1.3384139e-05
0.00046047455
0.0008631852
1.6404348e-05
1.9368953e-05
6.2112108e-05
1.5839422e-05
1.6419218e-05
1.6559847e-05
1.6118496e-05
1.5987363e-05
1.6096832e-05
0.0041518028
1.6582617e-05
0.0037184503
1.6537432e-05
1.6483653e-05
5.0744897e-05
1.5997852e-05
1.6699717e-05
2.8873733e-05
1.580606e-05
1.6584035e-05
3.4070871e-05
1.6342741e-05
1.649819e-05
0.00066803171
1.6182865e-05
1.674055e-05
1.5871633e-05
1.6757442e-05
1.6169533e-05
1.5856186e-05
1.6403575e-05
1.870187e-05
1.6130299e-05
0.0007485763
1.6820704e-05
1.6467517e-05
0.0075283097
0.0023437908
0.0063401444
1.5857521e-05
0.0072106541
0.0025855221
1.6390912e-05
1.6702885e-05
1.7022247e-05
1.6439449e-05
1.6480527e-05
1.6207252e-05
0.0021163568
1.6410614e-05
1.7782489e-05
1.644904e-05
1.6398007e-05
1.7177833e-05
3.040927e-05
1.6541011e-05
0.0003989213
1.634033e-05
0.0022238511
1.7652775e-05
1.5838366e-05
1.6607816e-05
1.9266819e-05
1.6374275e-05
0.0016338779
3.5214685e-05
1.6240066e-05
1.6208423e-05
2.3204067e-05
1.6228699e-05
1.6555765e-05
1.6838108e-05
1.6380771e-05
0.0004735661
1.6336946e-05
1.6111629e-05
1.6568887e-05
1.6386262e-05
1.6615523e-05
1.618866e-05
1.6520066e-05
1.5884831e-05
1.6316439e-05
1.7667731e-05
4.2423276e-05
1.5953935e-05
0.0022682202
1.6266596e-05
1.6493343e-05
1.6535596e-05
1.6481082e-05
1.6353391e-05
2.5622779e-05
0.0062087555
0.00096096581
0.00050314496
2.0798224e-05
3.6669229e-05
0.010465009
1.6396228e-05
5.3959584e-05
1.6013422e-05
1.6482218e-05
1.6527882e-05
1.6573253e-05
1.6381436e-05
1.6473794e-05
0.0017513639
0.0001924407
1.6416796e-05
1.6548988e-05
1.6533579e-05
1.6353614e-05
1.6740238e-05
1.6828667e-05
1.6361369e-05
0.0016982747
1.6434988e-05
1.639789e-05
1.6478947e-05
1.5884595e-05
1.6326044e-05
1.6364739e-05
1.6481372e-05
1.5973339e-05
5.0840606e-05
1.5979186e-05
1.6370528e-05
1.5820621e-05
0.0006822694
1.5852844e-05
1.6503478e-05
1.6988179e-05
1.5516893e-05
1.7270413e-05
0.0026007724
0.0088699962
1.6117593e-05
1.5858159e-05
1.6211253e-05
1.5934431e-05
1.6323413e-05
0.0027244641
3.8775446e-05
1.6395575e-05
1.6193094e-05
1.6736078e-05
1.6084626e-05
1.6441872e-05
0.001409578
1.6509229e-05
1.6398846e-05
1.7654672e-05
0.0020232466
1.6092771e-05
1.5866492e-05
1.6547003e-05
1.6420274e-05
1.5948515e-05
1.6248043e-05
1.8319508e-05
1.5969128e-05
1.6104963e-05
1.6306751e-05
1.6170576e-05
1.5817101e-05
1.6453534e-05
1.587502e-05
1.6024258e-05
2.3577907e-05
1.5940804e-05
8.9948235e-05
1.6766207e-05
1.6366822e-05
1.5891033e-05
1.6981342e-05
1.5945507e-05
3.9140742e-05
1.6535131e-05
0.00012814996
1.6046189e-05
1.6444834e-05
2.5685431e-05
3.0968256e-05
1.6508064e-05
2.7322558e-05
0.0010338415
0.0015367345
1.6562991e-05
1.6513166e-05
1.6089992e-05
1.7908114e-05
2.5989275e-05
1.5949897e-05
1.6977696e-05
1.6996149e-05
1.6300385e-05
1.639957e-05
1.633613e-05
0.0025665366
0.00021680925
1.632944e-05
1.6179673e-05
1.6491963e-05
1.6707659e-05
1.6488151e-05
1.6469173e-05
1.6432063e-05
1.6350111e-05
1.6322852e-05
1.6994088e-05
0.001745943
1.5796572e-05
1.6375114e-05
1.6554641e-05
4.4344388e-05
1.6286356e-05
1.5843668e-05
1.6018978e-05
1.5831567e-05
0.00090345338
1.6380766e-05
1.6909842e-05
0.0026345776
0.00030960408
1.6734912e-05
1.6340644e-05
0.0046087548
0.0038361491
1.5956149e-05
1.6316032e-05
0.0037497602
1.648612e-05
1.6439273e-05
1.6437994e-05
0.00032295106
1.6502559e-05
0.0044285265
1.6228619e-05
1.6025597e-05
0.004209193
1.6412555e-05
1.6154462e-05
1.588856e-05
1.8451533e-05
1.5867127e-05
1.6078384e-05
1.6332616e-05
1.617884e-05
1.5885721e-05
1.6512523e-05
1.643882e-05
1.6432649e-05
1.6269242e-05
1.6469713e-05
1.6052659e-05
1.6029426e-05
1.6647519e-05
1.6459642e-05
1.63673e-05
0.0020462579
1.6023654e-05
1.5818552e-05
0.015911143
1.6539906e-05
1.6101686e-05
1.9270795e-05
0.00016140492
1.6055861e-05
1.6298927e-05
1.6308873e-05
1.6199036e-05
1.6335823e-05
1.6344814e-05
1.6468425e-05
1.628883e-05
1.6464317e-05
0.0088444766
0.00014949798
1.6502335e-05
0.0016475917
0.00019515898
0.00091498429
5.5501538e-05
1.6541893e-05
1.5879827e-05
1.6875129e-05
1.5874782e-05
1.5999871e-05
1.7770614e-05
1.6790348e-05
0.0017507822
1.6524679e-05
1.6370534e-05
1.5904795e-05
3.3853958e-05
1.6414647e-05
1.5812143e-05
0.0017521649
1.6375301e-05
1.6210287e-05
1.6406236e-05
0.0053142639
1.7458447e-05
1.6484215e-05
1.6379341e-05
1.6485545e-05
1.5953708e-05
2.9047574e-05
1.5895898e-05
1.668945e-05
1.5880576e-05
1.6373577e-05
1.5859178e-05
1.6025435e-05
6.2374187e-05
1.6235987e-05
1.6471781e-05
1.5833688e-05
0.00012898858
1.6473501e-05
1.6048359e-05
1.6519291e-05
1.6250599e-05
1.6297451e-05
1.6213043e-05
1.6016611e-05
1.6681508e-05
7.5454176e-05
0.0011717847
1.6543984e-05
0.00012552359
0.0031181491
1.5800211e-05
1.6425755e-05
1.5970637e-05
0.0016842821
1.6755979e-05
3.8280208e-05
1.6052341e-05
1.6270988e-05
0.0032242698
1.641546e-05
1.670589e-05
0.00020985691
1.5924305e-05
1.645138e-05
1.6453646e-05
1.6628566e-05
1.64855e-05
1.6446158e-05
1.6273999e-05
1.5820368e-05
0.0011335239
1.8231396e-05
4.2011226e-05
1.6243955e-05
0.0001384651
1.6298355e-05
0.0019274241
1.6506457e-05
1.6487308e-05
4.0210036e-05
1.6207195e-05
1.6731129e-05
0.0014674129
1.6249788e-05
0.00012539384
1.6201584e-05
0.0032127604
1.6466559e-05
1.6433534e-05
1.58721e-05
1.6263882e-05
1.5851172e-05
1.6521733e-05
0.014567982
1.6408865e-05
1.5863041e-05
1.61153e-05
1.6337118e-05
1.5893545e-05
0.00069210152
1.6024654e-05
1.633525e-05
1.6182773e-05
0.00025643379
1.6244697e-05
1.6233886e-05
1.8785416e-05
1.5957988e-05
0.0019166902
0.0043559314
1.5860153e-05
1.5989999e-05
2.2408859e-05
1.6403755e-05
1.5998062e-05
0.0069931138
0.00090623649
1.5800286e-05
1.674882e-05
5.6147268e-05
1.6265013e-05
1.6383315e-05
1.6243099e-05
0.0015313677
1.6176182e-05
0.0016295219
1.6365078e-05
1.6065918e-05
1.6504781e-05
1.6438436e-05
1.6366117e-05
1.6328993e-05
1.65127e-05
1.6549568e-05
5.2130377e-05
1.6382798e-05
1.6084746e-05
0.0054424042
1.6362144e-05
1.6375221e-05
0.00028871953
0.00027952811
1.6534928e-05
1.5869315e-05
1.7902229e-05
1.5826055e-05
1.6387894e-05
1.6314754e-05
1.6477428e-05
1.6792154e-05
0.0030123293
1.5930722e-05
5.476842e-05
1.6820033e-05
1.6892431e-05
9.1991329e-05
1.5862346e-05
1.6372714e-05
1.6451988e-05
1.5865871e-05
1.5831474e-05
1.725822e-05
1.6352209e-05
1.5873092e-05
1.6042576e-05
3.403217e-05
1.6552674e-05
1.59176e-05
1.5869156e-05
1.6191861e-05
1.62333e-05
0.00013233704
1.5861618e-05
1.6553484e-05
0.00016501613
1.662903e-05
1.6483955e-05
1.8787219e-05
1.6357111e-05
0.0031441054
1.6941346e-05
2.1960693e-05
1.6827204e-05
1.6112196e-05
1.7912308e-05
0.0027267691
0.00010065106
1.5828135e-05
1.638076e-05
1.608737e-05
1.697696e-05
1.6074501e-05
1.6659806e-05
0.0084866889
3.4070744e-05
1.6498813e-05
1.6164253e-05
1.6016854e-05
1.6423474e-05
1.6033023e-05
1.6281508e-05
0.0030383657
1.6501835e-05
1.607558e-05
1.5894791e-05
1.6450553e-05
0.01097439
1.5857985e-05
1.6628915e-05
1.592941e-05
1.6532933e-05
1.6429122e-05
1.6587976e-05
1.8977224e-05
1.6490947e-05
1.6433406e-05
1.6045294e-05
1.6148002e-05
1.6282271e-05
1.5845241e-05
1.6104137e-05
1.6604519e-05
1.6383655e-05
0.004009228
5.0618151e-05
1.651183e-05
1.9127159e-05
1.6120204e-05
1.6310198e-05
1.5848376e-05
1.5837565e-05
1.6874397e-05
9.8006813e-05
1.6586316e-05
1.638977e-05
1.5803776e-05
0.0010650957
0.00010166458
1.6391542e-05
1.6169121e-05
1.5853788e-05
1.6090073e-05
1.67912e-05
1.6235476e-05
1.6339212e-05
1.6299353e-05
1.6454962e-05
0.0016639856
1.6188123e-05
1.6340722e-05
1.7113885e-05
0.00013229719
1.7282517e-05
1.7678617e-05
0.00085002547
1.5980924e-05
1.6620741e-05
1.6200016e-05
1.5866017e-05
1.6751433e-05
2.4780206e-05
1.6592298e-05
0.0029327034
1.9867946e-05
1.6231792e-05
1.6099246e-05
1.8002769e-05
1.5815163e-05
1.7004075e-05
1.6322064e-05
1.6652891e-05
1.625088e-05
1.6476959e-05
2.1532921e-05
1.6454289e-05
1.6198396e-05
1.583479e-05
1.6842324e-05
1.5862116e-05
0.00066918503
1.6631736e-05
0.0011969647
1.6359814e-05
1.6681801e-05
0.0019586092
1.6598832e-05
1.6857033e-05
1.7089364e-05
1.7760361e-05
1.6029415e-05
1.6394553e-05
1.6295269e-05
1.6603591e-05
4.1091582e-05
1.6781609e-05
1.5925933e-05
1.6420174e-05
1.6460963e-05
1.6383028e-05
1.6492804e-05
1.6201052e-05
1.5902079e-05
1.6410053e-05
1.6593016e-05
1.6125037e-05
0.0010454029
1.635515e-05
1.6562263e-05
1.6023825e-05
1.7918616e-05
1.9166347e-05
1.7247889e-05
1.6064197e-05
0.001542968
1.6543712e-05
1.6860564e-05
1.6301648e-05
1.5834115e-05
1.6712988e-05
0.0013751498
1.6111147e-05
1.8762882e-05
1.6342451e-05
1.8527868e-05
0.00066439374
1.7050529e-05
1.6353272e-05
0.00084949221
1.6219869e-05
1.5852203e-05
1.6086075e-05
1.7899998e-05
1.5972966e-05
1.5821516e-05
1.6312171e-05
1.6302751e-05
1.6381362e-05
1.613697e-05
1.5841427e-05
1.6287069e-05
1.6397332e-05
1.671408e-05
1.6245062e-05
1.5852541e-05
1.638079e-05
7.6661462e-05
6.2773639e-05
0.00014374284
1.5968104e-05
1.7254414e-05
6.5292457e-05
1.6766328e-05
1.5896989e-05
1.6685003e-05
1.6182073e-05
1.6501925e-05
0.00040000682
1.6343577e-05
1.6287539e-05
0.011331362
3.3191795e-05
1.5997286e-05
1.7599867e-05
1.5893212e-05
1.652173e-05
0.0024554549
0.00027504561
1.6610304e-05
1.6243085e-05
2.5523464e-05
3.9137481e-05
1.5875517e-05
1.5944372e-05
2.4099705e-05
1.6429683e-05
0.0021741298
1.6112856e-05
1.5875834e-05
1.6478665e-05
1.642539e-05
1.64033e-05
1.6771616e-05
0.00081998058
1.5849066e-05
1.6516488e-05
1.5889031e-05
1.6548119e-05
1.6435667e-05
1.6367151e-05
1.5820281e-05
4.9130415e-05
1.6571413e-05
1.582081e-05
1.6336946e-05
1.679786e-05
1.7726129e-05
1.6334903e-05
1.6124313e-05
0.0007111052
1.5838335e-05
1.6254919e-05
0.0025964271
1.6102229e-05
1.6375661e-05
1.5915512e-05
1.5975037e-05
0.0017212017
1.745281e-05
1.6505894e-05
1.7443608e-05
1.596822e-05
1.6005353e-05
2.8398753e-05
1.5828143e-05
1.699404e-05
1.6741706e-05
1.5885083e-05
1.6117516e-05
1.5972103e-05
1.5888593e-05
1.5805561e-05
1.5936587e-05
1.6128261e-05
0.0065979421
1.6487947e-05
1.6033315e-05
1.6052486e-05
1.6253126e-05
0.0005980893
1.5856333e-05
1.5882939e-05
0.01162038
1.5875944e-05
1.654664e-05
1.5873594e-05
1.6587162e-05
1.7103649e-05
1.5955806e-05
3.3067068e-05
1.6499706e-05
1.6604076e-05
1.6227697e-05
1.6270157e-05
1.6688435e-05
1.6694296e-05
1.6297669e-05
1.6201458e-05
1.6590195e-05
1.6345288e-05
1.6027389e-05
1.6018217e-05
1.6519582e-05
1.6537569e-05
1.6810301e-05
0.008262276
1.6403764e-05
1.6188845e-05
0.00017721827
1.5908934e-05
1.6650572e-05
0.0002257535
1.6475644e-05
1.6403994e-05
1.6360179e-05
5.2425906e-05
1.6378498e-05
1.6468926e-05
1.6292719e-05
1.5856471e-05
1.5871492e-05
6.2412375e-05
1.5871019e-05
1.6527297e-05
0.0030974123
1.6549674e-05
1.6520564e-05
0.00032297854
0.0048686843
1.6032451e-05
1.9459701e-05
1.6354779e-05
2.5058585e-05
1.598513e-05
0.0024466639
0.014158526
1.6410817e-05
4.9118701e-05
1.580886e-05
1.6199769e-05
1.601613e-05
1.5894425e-05
0.00093128672
0.00012937133
1.6438356e-05
1.5866019e-05
1.6194843e-05
0.0012789847
1.6335761e-05
1.5939941e-05
1.6435466e-05
0.0015288262
1.6310482e-05
1.6443063e-05
1.5832119e-05
1.6969886e-05
1.5855297e-05
3.0721373e-05
1.615195e-05
1.6368153e-05
0.0012329872
1.6009267e-05
1.6182397e-05
1.791261e-05
1.6208843e-05
1.6024755e-05
5.1099649e-05
1.573947e-05
6.1634567e-05
1.6075131e-05
1.6145038e-05
1.6813428e-05
1.6756262e-05
0.00014467822
1.6984841e-05
1.5886555e-05
1.6394169e-05
1.6429525e-05
1.5903961e-05
1.6185883e-05
1.966712e-05
1.6669626e-05
1.6273373e-05
1.5844223e-05
1.6294486e-05
3.0077945e-05
1.5872669e-05
1.6373518e-05
0.0099300628
1.6078464e-05
1.6128126e-05
1.6231336e-05
2.86868e-05
1.631574e-05
0.006065901
0.00013769419
1.6599117e-05
0.00023838457
1.6657252e-05
1.6444081e-05
1.5871419e-05
1.5862636e-05
1.5937027e-05
1.6851763e-05
4.6543105e-05
1.6291285e-05
1.5798665e-05
1.6156699e-05
1.6359318e-05
1.5800762e-05
1.6227051e-05
1.6395645e-05
1.6362935e-05
1.6095688e-05
1.6428804e-05
1.6048457e-05
1.6606073e-05
1.6723856e-05
1.6411845e-05
1.6193015e-05
1.6217145e-05
1.6824244e-05
1.6013542e-05
1.6245646e-05
1.6920744e-05
1.5909769e-05
1.6505687e-05
1.6506395e-05
1.6397965e-05
1.6302114e-05
1.6657332e-05
1.6791413e-05
1.5943316e-05
1.6576306e-05
0.0015951315
1.5887905e-05
1.6622738e-05
1.6301021e-05
0.00062405031
1.695869e-05
1.6675029e-05
0.0011301643
1.5857931e-05
5.0167677e-05
1.6016087e-05
1.5952282e-05
1.587523e-05
1.6175525e-05
1.6170302e-05
3.3241157e-05
7.4726053e-05
0.0018015077
1.6107458e-05
1.6306418e-05
1.6403544e-05
1.6333471e-05
1.6982397e-05
1.6414985e-05
1.6149203e-05
1.6486426e-05
1.6336795e-05
1.621426e-05
1.7525794e-05
1.6408452e-05
1.6353257e-05
2.4771564e-05
1.6193306e-05
1.6421543e-05
1.625208e-05
1.8169124e-05
8.6697921e-05
1.587803e-05
1.6330538e-05
1.6443855e-05
1.6338861e-05
1.6564195e-05
1.6383161e-05
0.0094476611
1.6602392e-05
1.6474878e-05
1.6649016e-05
1.632478e-05
1.639963e-05
1.6454002e-05
1.6546591e-05
1.6550093e-05
2.4044816e-05
5.9871047e-05
1.6306953e-05
0.00022111026
0.0023039281
1.6226942e-05
0.0029978223
1.5815552e-05
1.6528202e-05
1.6200574e-05
0.0030388212
1.6360408e-05
2.0792016e-05
7.7514974e-05
2.0480235e-05
1.6118226e-05
0.0022244422
0.00018261271
1.6312177e-05
1.6531615e-05
1.5811715e-05
1.6484066e-05
1.6534686e-05
1.6289455e-05
1.5918951e-05
1.6442643e-05
0.001008426
1.6081357e-05
2.7565962e-05
1.6345922e-05
1.5868048e-05
1.6824271e-05
1.6082215e-05
1.6084329e-05
1.5809557e-05
1.8178697e-05
0.00016309602
1.5892453e-05
1.5831304e-05
1.581735e-05
1.6771777e-05
1.3574008e-05
1.6428275e-05
1.6133772e-05
1.6232892e-05
1.6277658e-05
1.5898316e-05
1.6293469e-05
1.5861975e-05
1.6436493e-05
1.5885303e-05
1.627408e-05
1.6370024e-05
1.5853239e-05
1.5885645e-05
1.6270858e-05
0.012595371
8.6516039e-05
0.00082614847
1.585376e-05
1.621527e-05
1.7989016e-05
1.6369169e-05
2.0131109e-05
0.0011565229
1.6377349e-05
1.6564708e-05
1.6181249e-05
1.5953203e-05
1.5981372e-05
1.5933038e-05
1.6162839e-05
9.2291199e-05
1.6697608e-05
0.0016547326
1.5912429e-05
1.6166789e-05
1.5843045e-05
1.5990168e-05
1.6407345e-05
0.0014709156
1.648347e-05
0.0016223404
8.2843265e-05
0.0046306442
0.0016695228
1.6487808e-05
1.6658556e-05
1.6141204e-05
1.6105411e-05
1.68769e-05
1.5862208e-05
4.2481438e-05
1.6281653e-05
1.6250887e-05
1.6366568e-05
1.6816553e-05
1.6404057e-05
1.6443106e-05
1.7444247e-05
1.6127769e-05
0.0020245568
1.6835683e-05
1.6496569e-05
1.5831901e-05
1.6513098e-05
1.6433223e-05
1.6493683e-05
1.5921516e-05
1.994923e-05
2.2133917e-05
1.6341725e-05
1.6292235e-05
1.6756059e-05
1.6678438e-05
0.00016448859
1.6606762e-05
1.630956e-05
1.6653582e-05
1.5978576e-05
1.6379434e-05
1.6309568e-05
1.5798887e-05
1.6803072e-05
1.6340668e-05
1.5838378e-05
3.0097067e-05
1.7010167e-05
1.5933135e-05
1.6694313e-05
1.6413914e-05
1.5799069e-05
2.5661474e-05
1.6306181e-05
1.6767133e-05
1.7128753e-05
1.6331644e-05
2.3155622e-05
1.6699666e-05
1.6159014e-05
2.4227063e-05
2.0706622e-05
1.5940149e-05
1.6541497e-05
1.5883846e-05
1.595749e-05
1.6339667e-05
1.6402896e-05
1.5852231e-05
6.4767768e-05
1.5851938e-05
1.6339428e-05
1.6746732e-05
6.7926465e-05
1.5944212e-05
1.7388374e-05
1.6057099e-05
1.5811013e-05
1.6152622e-05
0.0056682149
1.5901122e-05
2.9285937e-05
4.3174854e-05
1.6553456e-05
1.5800056e-05
1.6755807e-05
1.6208419e-05
2.1820647e-05
1.5828199e-05
1.9776539e-05
1.5978224e-05
3.383426e-05
1.6542111e-05
0.00022027567
1.6021378e-05
9.3608714e-05
1.6579109e-05
1.6393877e-05
1.6436681e-05
1.638477e-05
1.6216896e-05
1.5912976e-05
1.6167915e-05
1.6152811e-05
1.3869155e-05
0.0032525899
0.0015988327
1.6263855e-05
6.2785005e-05
1.6579362e-05
1.5643801e-05
1.6140358e-05
1.6423051e-05
1.6558043e-05
1.6383564e-05
1.6644394e-05
1.5860414e-05
1.6394511e-05
1.6920663e-05
1.6125299e-05
1.5965953e-05
1.6763821e-05
1.6479253e-05
2.8105268e-05
1.5850473e-05
1.6571608e-05
1.5875582e-05
0.0006827735
1.5826523e-05
1.6062491e-05
1.7519807e-05
1.6133219e-05
1.6558543e-05
1.5798379e-05
1.6815454e-05
0.0013253877
2.5291917e-05
0.0083635678
2.0855564e-05
0.0012020881
1.8791902e-05
1.6649227e-05
1.6189137e-05
1.6377903e-05
1.6603223e-05
1.6490795e-05
3.2966532e-05
1.7674926e-05
1.6607059e-05
1.6782707e-05
0.0001450599
1.6491605e-05
1.6191364e-05
0.011235486
1.6432742e-05
1.6747209e-05
1.6586946e-05
1.6329413e-05
0.00012020534
1.5932451e-05
0.0039232221
1.9768685e-05
1.6902128e-05
3.1766603e-05
1.696189e-05
1.5766467e-05
1.6153972e-05
1.6349351e-05
0.00014621628
0.0016818559
1.68328e-05
1.5937464e-05
1.6242553e-05
1.6289236e-05
1.6552244e-05
0.0007067231
1.5878473e-05
1.6412822e-05
1.596916e-05
1.6876587e-05
0.0050929202
1.692146e-05
1.6325643e-05
1.6937408e-05
1.6976375e-05
1.6592408e-05
1.6456887e-05
1.5926027e-05
1.6702923e-05
1.6796419e-05
0.0014140805
3.1582128e-05
4.4861531e-05
1.5915844e-05
1.5887122e-05
1.5922118e-05
1.6412206e-05
1.650657e-05
1.6139424e-05
1.611809e-05
1.6536287e-05
1.5944622e-05
1.5981266e-05
8.9106369e-05
1.6458915e-05
0.00082168188
1.6487094e-05
1.6085877e-05
1.6191585e-05
1.5858044e-05
7.9583732e-05
1.5849039e-05
1.647622e-05
1.5857271e-05
6.3521262e-05
0.00090417782
1.6056498e-05
1.6781913e-05
1.651365e-05
0.00016605498
1.6410032e-05
1.6589478e-05
1.6781329e-05
1.6481545e-05
1.6400302e-05
1.3576766e-05
1.6530049e-05
1.5836592e-05
3.0286036e-05
1.5801028e-05
1.8644733e-05
1.6246925e-05
1.5862864e-05
1.6719966e-05
1.653189e-05
1.6769598e-05
1.5885563e-05
0.00013402174
1.6176641e-05
1.5810677e-05
1.6047926e-05
1.6399002e-05
1.6577655e-05
0.010442064
0.00039067899
1.656343e-05
1.6560517e-05
1.9000524e-05
1.6645624e-05
1.7049986e-05
1.655934e-05
1.6723281e-05
1.6802652e-05
1.6179874e-05
1.6178091e-05
1.6065005e-05
1.677021e-05
1.5977974e-05
1.6326855e-05
5.0826493e-05
1.620861e-05
1.6455946e-05
1.6153824e-05
1.674882e-05
1.6527565e-05
1.6191944e-05
1.6263735e-05
1.6036737e-05
0.0015968868
0.0015960314
1.6248138e-05
1.6011336e-05
3.2156875e-05
1.6354835e-05
1.6296884e-05
1.5946177e-05
1.6487411e-05
1.6195884e-05
1.6157908e-05
1.6485412e-05
1.6262532e-05
1.8232001e-05
0.0025704383
1.6239196e-05
1.645335e-05
1.5812405e-05
1.6300152e-05
1.6541551e-05
1.6598565e-05
1.736877e-05
1.5872289e-05
0.0011278619
0.00058402761
1.63663e-05
0.0029321667
1.6312039e-05
1.6882528e-05
1.6564719e-05
1.6192669e-05
1.5946854e-05
1.6837626e-05
1.6312855e-05
1.6277914e-05
1.82777e-05
1.6134701e-05
0.0018474346
1.5831659e-05
1.6473639e-05
0.00014946512
0.0019691276
1.6307024e-05
0.00013885895
1.5840625e-05
1.6191051e-05
0.00018730188
1.6016049e-05
1.5838815e-05
0.00027752255
1.5801984e-05
1.6051308e-05
1.6496959e-05
1.5832404e-05
1.6732648e-05
1.7956647e-05
1.5860601e-05
0.0022002407
1.6027345e-05
1.6263282e-05
1.6496699e-05
1.6797406e-05
9.0386949e-05
0.0030996633
1.6386694e-05
8.046836e-05
1.6468529e-05
1.6193471e-05
1.6271009e-05
0.00064806956
1.6015356e-05
1.6239241e-05
0.0054293058
0.0023729954
1.5967654e-05
0.011207098
1.5933712e-05
0.00014671175
1.6209911e-05
1.6245667e-05
1.6217111e-05
1.6661347e-05
2.1469271e-05
1.6911263e-05
0.010625377
5.9793036e-05
1.6413195e-05
1.6469995e-05
1.6207804e-05
1.6360166e-05
8.7786362e-05
0.00091850118
1.6454184e-05
1.6468473e-05
0.00015490964
1.6723069e-05
1.6706589e-05
1.5870982e-05
1.6585112e-05
9.2450572e-05
1.5928917e-05
0.015723113
1.6299496e-05
1.6396464e-05
1.6079775e-05
1.6785032e-05
1.6209666e-05
1.673311e-05
2.254952e-05
2.12021e-05
1.665175e-05
1.6749203e-05
1.6789512e-05
4.6628072e-05
0.0033276436
1.5845743e-05
1.6426589e-05
6.7540006e-05
1.6544373e-05
1.6152559e-05
1.7558111e-05
0.0011922964
1.586114e-05
1.6567161e-05
0.0043121172
1.6295412e-05
1.5904029e-05
1.6393548e-05
1.6400517e-05
1.5837307e-05
1.8320164e-05
1.6385052e-05
1.5947868e-05
1.6196e-05
1.6671726e-05
1.6938416e-05
1.6347124e-05
2.1010583e-05
1.6427119e-05
1.5815426e-05
1.6856082e-05
3.4095299e-05
1.6249328e-05
0.0020505243
1.6312122e-05
1.627634e-05
0.0017509176
1.6657375e-05
1.7141043e-05
0.0011178474
1.6714312e-05
1.695262e-05
1.5787611e-05
0.00059912635
1.6665205e-05
0.0053807463
1.6857185e-05
1.6197364e-05
1.6762032e-05
1.6005006e-05
0.0071015376
1.6383157e-05
1.6580832e-05
1.6358916e-05
1.6676201e-05
1.6205445e-05
1.6535665e-05
1.5954941e-05
1.6513949e-05
1.5812968e-05
1.6054228e-05
1.9855522e-05
1.5896958e-05
1.6197119e-05
1.6441569e-05
1.6389366e-05
1.6210482e-05
0.0068432852
1.6857023e-05
1.6594638e-05
0.00075939727
1.5921591e-05
1.6144264e-05
1.5845873e-05
6.1777535e-05
1.6071507e-05
1.6296299e-05
1.6740122e-05
1.6713468e-05
1.6347184e-05
1.6179699e-05
1.6493665e-05
1.6399688e-05
1.6141927e-05
1.8919925e-05
4.2729034e-05
1.6482621e-05
1.6269475e-05
2.4444139e-05
1.6451331e-05
1.5970765e-05
1.6245447e-05
1.6572295e-05
1.6382674e-05
1.599072e-05
1.5947493e-05
1.6359664e-05
1.6330288e-05
1.620623e-05
1.5917079e-05
1.4408846e-05
1.6578786e-05
1.7355707e-05
1.6043136e-05
1.7839834e-05
1.5851224e-05
1.6003624e-05
0.001980581
1.6826243e-05
1.7026219e-05
1.6252368e-05
1.6483357e-05
1.6441564e-05
1.5861488e-05
0.014819258
0.00019442575
1.6411805e-05
7.6726528e-05
1.6434603e-05
1.586319e-05
1.5880416e-05
1.6138416e-05
1.6175887e-05
1.6087336e-05
5.8187724e-05
4.1898598e-05
0.014252281
1.6679251e-05
1.6129271e-05
0.0038352032
1.6479244e-05
1.6732297e-05
1.6906612e-05
1.6157212e-05
0.0015847584
1.6155367e-05
1.5957154e-05
1.7339447e-05
1.675972e-05
1.6663001e-05
1.5814198e-05
1.6036519e-05
1.6267929e-05
0.00010798434
2.1208846e-05
1.5955572e-05
1.6286596e-05
2.2560324e-05
6.24195e-05
0.00011087452
0.00027578769
4.5745818e-05
1.6411666e-05
1.6291318e-05
1.5839453e-05
0.00015146093
1.6079648e-05
1.6215554e-05
1.6452253e-05
0.0040163501
1.6105141e-05
1.6118349e-05
1.6401791e-05
0.0018150323
1.6349878e-05
0.00084999665
0.0013756686
0.0029432281
1.645378e-05
0.0015808
2.6642229e-05
1.6403194e-05
1.5860882e-05
1.6339944e-05
1.5963e-05
2.3158619e-05
1.6674821e-05
0.0001913941
0.0047386693
2.0909679e-05
1.6471504e-05
1.639797e-05
3.1470475e-05
1.6528528e-05
0.0050862374
1.61476e-05
1.6371096e-05
0.0010566074
1.6173398e-05
1.6415762e-05
1.6016091e-05
1.6189234e-05
1.661524e-05
1.6134281e-05
1.6197331e-05
1.6682303e-05
1.6049735e-05
1.6302581e-05
1.6441127e-05
1.5858017e-05
4.35447e-05
1.6818038e-05
0.00025852745
1.6558386e-05
5.9883483e-05
1.6593013e-05
1.6592792e-05
0.0066906445
1.6342339e-05
1.6456565e-05
1.5900667e-05
1.6171704e-05
1.6469754e-05
1.6361014e-05
1.6559184e-05
1.6081705e-05
0.0014079078
1.5973704e-05
1.6480435e-05
1.6310193e-05
1.663766e-05
1.6244711e-05
1.5804776e-05
1.6214325e-05
0.00015076191
1.6484875e-05
1.6749555e-05
1.6437907e-05
1.6497728e-05
1.6337493e-05
1.5834485e-05
1.6665814e-05
0.0019026774
1.6364857e-05
0.00067139389
1.6686903e-05
1.5831347e-05
1.5831069e-05
0.016044755
1.6349669e-05
1.5859377e-05
1.6188821e-05
1.6062713e-05
1.5820052e-05
2.2964613e-05
2.1474841e-05
1.5816971e-05
1.5938695e-05
0.00094442272
1.6332904e-05
1.6847736e-05
1.712229e-05
0.00024141796
0.00015550828
1.658481e-05
1.5958725e-05
1.6556671e-05
0.00094213288
1.6439618e-05
1.6450077e-05
9.3835443e-05
1.6495775e-05
1.7127247e-05
1.6428008e-05
1.6066528e-05
1.5883544e-05
1.6607019e-05
0.0015574297
1.6203143e-05
0.0026199533
1.6326013e-05
2.8672122e-05
1.6210083e-05
4.151004e-05
1.6760617e-05
0.0031435189
1.6531653e-05
1.5877177e-05
0.0016562083
1.7355381e-05
3.6578591e-05
1.6934909e-05
0.0025961394
1.5979102e-05
3.2067009e-05
1.6699658e-05
1.5844003e-05
5.6119663e-05
1.6701055e-05
1.5908269e-05
1.6314651e-05
1.5835394e-05
1.6434244e-05
9.0584874e-05
1.6274454e-05
1.6186046e-05
0.00071014848
1.5945527e-05
8.7961932e-05
0.00013633033
1.6624941e-05
1.5886758e-05
1.6322362e-05
1.5899724e-05
0.00052619058
1.6542316e-05
1.6599871e-05
1.5859171e-05
1.623244e-05
1.6440472e-05
1.6492681e-05
1.8803797e-05
1.6290074e-05
1.5853272e-05
0.0043742227
0.0001469843
1.6570796e-05
2.2367632e-05
0.0034688076
0.0033679834
9.4139512e-05
1.6644097e-05
0.00016081631
1.5939015e-05
1.6755512e-05
1.813111e-05
2.0577794e-05
1.6735014e-05
0.00017703816
1.6142957e-05
0.0034001389
1.6696257e-05
5.6652203e-05
0.00018762739
1.6292558e-05
1.738714e-05
1.6164657e-05
0.00019075779
1.6323701e-05
1.6579006e-05
1.585417e-05
1.6550381e-05
1.5846877e-05
0.0030537806
1.5822202e-05
1.5989982e-05
0.000223942
1.6584311e-05
1.8626253e-05
0.00027701632
1.6843523e-05
1.9108449e-05
1.5863276e-05
1.6047771e-05
1.6579589e-05
1.6136884e-05
1.657451e-05
2.4481401e-05
1.6458474e-05
0.000829919
0.00068570123
0.00031423429
0.00031475549
0.0036785159
1.6493822e-05
1.8598439e-05
1.6875836e-05
0.00031517848
1.5964881e-05
1.5965219e-05
1.6372988e-05
1.6365433e-05
1.7584957e-05
1.5818533e-05
0.00035128419
1.9359929e-05
2.7157162e-05
1.5863124e-05
1.5944943e-05
1.5811929e-05
1.6177345e-05
1.6447857e-05
1.5867714e-05
0.0001879668
1.5868023e-05
0.0084458425
0.00047540606
0.0025092556
0.0024909529
1.6094555e-05
1.5932721e-05
1.6798741e-05
1.6334747e-05
0.0017918818
1.6585295e-05
0.00014715676
0.0015109565
1.6350722e-05
0.0013049807
1.6591407e-05
1.6937778e-05
1.6590751e-05
1.5993641e-05
1.6645791e-05
1.6576825e-05
1.5874522e-05
1.5994147e-05
0.0023553649
1.7732243e-05
1.5819266e-05
1.5923626e-05
0.0031764737
0.0032344232
1.7180571e-05
1.6515253e-05
1.7045524e-05
1.5849419e-05
1.5938585e-05
1.6247137e-05
1.5855585e-05
1.6094326e-05
1.647597e-05
1.6768331e-05
1.6052721e-05
1.6606946e-05
1.6629887e-05
1.6241439e-05
0.00014831882
1.6552891e-05
1.6263803e-05
1.6511195e-05
8.5052377e-05
1.5952905e-05
0.0042542739
0.0013554287
1.6967807e-05
1.6702538e-05
1.62396e-05
1.676527e-05
1.6343258e-05
1.6577327e-05
1.6989091e-05
8.3615068e-05
1.6564734e-05
3.2072028e-05
1.6231274e-05
1.6755574e-05
8.8886968e-05
1.633531e-05
1.6502336e-05
1.619098e-05
1.5800991e-05
8.7354257e-05
1.5862149e-05
1.6812685e-05
2.0102641e-05
1.578653e-05
1.6852716e-05
1.6364367e-05
0.0051720934
0.00012759839
9.1493128e-05
1.7341112e-05
1.6414398e-05
1.6202672e-05
1.59768e-05
0.0027323501
1.5952288e-05
1.6694003e-05
1.6922924e-05
1.5893398e-05
1.6070208e-05
1.6699793e-05
6.2501449e-05
1.6248539e-05
1.6761954e-05
0.00067285842
1.6957966e-05
1.6599972e-05
1.6208608e-05
2.7920711e-05
1.6548368e-05
1.6128529e-05
1.7843117e-05
2.225843e-05
1.6460858e-05
1.7004317e-05
1.6621589e-05
0.001668797
1.6161486e-05
1.5991345e-05
4.2026619e-05
1.6513555e-05
1.6351784e-05
1.6442941e-05
1.5934857e-05
0.00025279186
1.6168068e-05
1.6339954e-05
1.6397267e-05
1.9671311e-05
1.625493e-05
1.605404e-05
1.6348529e-05
1.6201899e-05
0.0038406908
0.00011822476
1.5880713e-05
0.0017037148
1.673826e-05
1.6538127e-05
1.671226e-05
2.3422167e-05
0.00046717803
1.6226547e-05
1.5804086e-05
1.5579448e-05
1.6594161e-05
1.6359504e-05
1.719303e-05
1.6385512e-05
0.0025506456
1.6295941e-05
1.5950227e-05
1.6593313e-05
2.2064908e-05
6.3147383e-05
1.5859332e-05
1.6480657e-05
3.2177182e-05
0.0020819601
1.5866576e-05
0.00061568454
0.001706892
1.579658e-05
2.0893368e-05
1.6374241e-05
0.005512405
0.0001269783
0.00052150763
2.0525353e-05
1.5965327e-05
1.6450307e-05
1.615024e-05
1.779458e-05
1.59707e-05
1.5972857e-05
1.5829224e-05
1.6744039e-05
1.7348516e-05
2.5287209e-05
1.6189895e-05
1.6562734e-05
0.0043682328
0.00010806273
1.6635726e-05
1.7116314e-05
1.6603034e-05
1.6910892e-05
1.7327891e-05
0.0004288516
0.0034347092
1.6027521e-05
1.5850478e-05
1.6517292e-05
1.6759175e-05
1.6560908e-05
1.6290326e-05
1.8270204e-05
1.6431916e-05
1.583637e-05
1.636507e-05
1.6293364e-05
0.0016900307
8.2922662e-05
7.569783e-05
1.5873081e-05
1.6737971e-05
2.7799034e-05
1.6252364e-05
2.3322575e-05
1.6500779e-05
1.6036432e-05
0.0076108707
1.599936e-05
6.0189676e-05
1.640978e-05
1.6407915e-05
1.6268802e-05
5.7966724e-05
1.6061351e-05
1.6706054e-05
1.6123069e-05
1.6709912e-05
1.6487815e-05
1.8078027e-05
1.5886986e-05
1.608157e-05
1.6217822e-05
0.0016022348
1.8314916e-05
1.6478775e-05
1.6373382e-05
1.6358549e-05
1.6475383e-05
0.00011779408
1.5847978e-05
2.3449392e-05
1.627704e-05
2.9597778e-05
0.0092545431
0.0017144147
1.5863648e-05
1.6409543e-05
1.6458996e-05
1.6236724e-05
1.5828834e-05
0.00067804021
1.6384289e-05
0.0008188903
2.0073334e-05
1.603927e-05
1.5880294e-05
2.3783028e-05
1.5811409e-05
3.7571706e-05
1.6106487e-05
3.7078457e-05
1.6445738e-05
1.5853287e-05
1.5789687e-05
3.2452151e-05
2.2830602e-05
1.6086971e-05
2.433767e-05
0.0023888583
1.7903323e-05
1.6369139e-05
1.5902657e-05
4.4246408e-05
1.6430556e-05
1.584504e-05
5.2386064e-05
1.648264e-05
1.5849063e-05
0.0017920273
0.0017140544
1.6233848e-05
2.2628833e-05
1.6413842e-05
1.7457531e-05
0.0095100499
1.6537276e-05
1.6361983e-05
2.1783307e-05
1.6592432e-05
1.5832044e-05
0.002319832
1.6495486e-05
1.6504288e-05
2.06167e-05
1.9771864e-05
1.5817105e-05
1.6468523e-05
1.6484286e-05
1.6497191e-05
1.5895548e-05
0.00029582244
1.5843472e-05
1.6513752e-05
1.5822865e-05
4.0254993e-05
1.6406901e-05
1.5830038e-05
1.6876536e-05
1.6415932e-05
1.5953013e-05
0.0028483226
1.672579e-05
1.6711713e-05
1.6055096e-05
0.0068607728
1.6254166e-05
1.6003926e-05
1.5877814e-05
1.5920651e-05
1.6583433e-05
1.6082945e-05
1.5795121e-05
1.6374928e-05
1.6179282e-05
1.6072626e-05
0.0047958964
0.00014793187
1.6166639e-05
1.6429631e-05
0.00016523041
1.7344998e-05
1.6598939e-05
1.6404787e-05
1.646667e-05
1.6401507e-05
1.6818908e-05
1.8708161e-05
1.6889698e-05
1.5871453e-05
1.585623e-05
1.5998108e-05
1.897671e-05
6.4821834e-05
1.5832686e-05
1.6270515e-05
1.6473921e-05
0.00068750787
7.4045878e-05
1.594874e-05
1.5831489e-05
1.6610332e-05
1.6157276e-05
1.6329007e-05
1.6579824e-05
0.0036187966
1.6343427e-05
1.5830058e-05
1.6109693e-05
1.6514056e-05
1.5839446e-05
3.1993435e-05
3.0126539e-05
1.7584706e-05
1.6054717e-05
0.0016060476
0.00040748449
1.9678623e-05
1.6778873e-05
1.6037045e-05
1.6011655e-05
1.590807e-05
0.0012124618
1.660652e-05
0.0016435632
1.6058808e-05
1.6240508e-05
1.6020203e-05
1.6452928e-05
1.6484563e-05
0.0042753482
0.00099522194
1.6003504e-05
2.756096e-05
1.5951447e-05
0.015465682
1.6197589e-05
0.00016485175
2.5127006e-05
0.0021992825
3.2304758e-05
0.0067118125
1.5791545e-05
1.670865e-05
1.6842499e-05
1.6659725e-05
1.6498132e-05
1.5936998e-05
1.6016049e-05
1.6893484e-05
0.00088761373
0.00084562786
1.6599138e-05
1.5964418e-05
1.579586e-05
1.6015151e-05
1.5857503e-05
1.5838622e-05
0.0022917145
1.6607222e-05
1.5933909e-05
1.6704579e-05
1.6279938e-05
1.5886738e-05
1.6030566e-05
1.5874729e-05
1.7455286e-05
1.5993905e-05
1.6384646e-05
1.6003222e-05
1.6487353e-05
0.00079939903
1.6857519e-05
2.0098209e-05
1.5859869e-05
1.584148e-05
1.5870464e-05
5.4850918e-05
1.6675132e-05
1.6563002e-05
1.6128691e-05
1.6240871e-05
1.659598e-05
1.6053023e-05
1.5848359e-05
1.6537247e-05
1.6138043e-05
1.6223403e-05
1.6281616e-05
1.6292973e-05
2.4010074e-05
2.9822699e-05
1.5889963e-05
0.0025363668
1.6490483e-05
1.6420606e-05
1.5815751e-05
1.6074845e-05
1.6315741e-05
1.5957622e-05
1.6429709e-05
0.0014998245
1.6683187e-05
1.6259007e-05
1.682355e-05
0.0032062648
0.004234908
0.0012076378
1.6040864e-05
1.6082541e-05
1.7289277e-05
0.0018171356
1.6342345e-05
1.6401646e-05
1.6351123e-05
1.6100346e-05
1.6364157e-05
1.5859841e-05
1.580464e-05
1.662007e-05
1.5820059e-05
0.00088409376
1.6597092e-05
1.6226183e-05
1.6181802e-05
0.003343965
0.00033726396
1.6349311e-05
1.6475306e-05
1.5889062e-05
1.6309531e-05
1.5865583e-05
6.8180986e-05
1.684097e-05
1.6557517e-05
1.6298581e-05
1.6191719e-05
1.6697609e-05
1.6213267e-05
1.6350329e-05
1.606063e-05
1.7004766e-05
1.6234121e-05
1.6204002e-05
2.6672529e-05
1.6681973e-05
0.0037800714
1.5862898e-05
1.6236941e-05
0.00012560701
1.6542003e-05
1.5880991e-05
1.5873089e-05
1.5965481e-05
1.621352e-05
1.5939308e-05
1.63352e-05
0.00023286405
0.0013824224
1.6017043e-05
1.6214055e-05
9.2956495e-05
1.5950051e-05
0.016456595
1.6176573e-05
0.0012065744
1.6943793e-05
1.6244822e-05
1.5861332e-05
1.6473952e-05
0.011059626
0.00093640464
0.0005237483
2.8138999e-05
1.5789194e-05
1.6271585e-05
0.0018203894
1.6293585e-05
0.015332945
1.9435041e-05
1.6806361e-05
1.5929769e-05
1.6356412e-05
0.00038279741
1.6301417e-05
0.0014224987
1.7949383e-05
0.0034466954
1.6412965e-05
0.00089517312
1.6388899e-05
1.6797082e-05
0.00023461194
1.7076261e-05
1.6416385e-05
1.6698822e-05
1.6199498e-05
1.670625e-05
1.6314834e-05
0.0028640157
1.6280313e-05
1.5892182e-05
1.6581848e-05
1.6573703e-05
1.6759173e-05
1.5824954e-05
1.6441022e-05
1.7576061e-05
1.6066766e-05
4.3478296e-05
1.6667005e-05
1.6403471e-05
2.7002115e-05
2.7941877e-05
1.7071698e-05
1.6349547e-05
1.6121015e-05
1.8907807e-05
0.0054372413
0.00069906052
1.6411866e-05
1.6455144e-05
1.6284363e-05
1.5634421e-05
1.6379739e-05
0.0024827404
1.6408902e-05
0.00063669233
1.6232198e-05
0.0017955521
1.6189096e-05
9.2231341e-05
0.0010375782
0.0031014594
1.5896489e-05
1.6631483e-05
1.7176774e-05
1.7565245e-05
1.5827261e-05
1.606528e-05
2.2516336e-05
1.63253e-05
1.5968338e-05
2.3403105e-05
0.00014652263
1.6443693e-05
0.00019636357
2.4132005e-05
1.6718307e-05
1.6783857e-05
0.0025683606
0.0004305168
1.5959234e-05
1.6333906e-05
1.6780293e-05
1.6458518e-05
1.5878982e-05
1.690731e-05
1.6700431e-05
0.00082101604
1.629775e-05
1.6385645e-05
1.601297e-05
1.6131884e-05
1.5844953e-05
1.7289308e-05
1.6382652e-05
2.3708332e-05
0.00011819791
1.656424e-05
1.6475645e-05
0.0010661362
1.6316314e-05
1.5834691e-05
6.9069795e-05
1.6511025e-05
1.5887974e-05
1.6022579e-05
1.6003577e-05
1.6263065e-05
1.5865132e-05
1.6343043e-05
1.5837023e-05
0.0012508188
1.6575702e-05
1.5807736e-05
1.6126972e-05
0.0066250591
1.600162e-05
1.6036589e-05
1.6312065e-05
1.6115928e-05
0.0021859456
0.00041549951
1.6444069e-05
0.0019877742
1.5829012e-05
1.5997369e-05
1.6507973e-05
2.2957188e-05
1.6178859e-05
1.5965838e-05
1.6579962e-05
1.6549599e-05
1.6290927e-05
1.5969792e-05
1.6873295e-05
1.6388548e-05
0.00022056338
1.610224e-05
1.5968709e-05
1.5920838e-05
0.0015350573
1.6248935e-05
4.3735841e-05
1.6438405e-05
0.0025038555
5.0909027e-05
1.6157062e-05
1.684207e-05
6.9150769e-05
1.6530425e-05
0.00063755901
1.6691461e-05
1.6370662e-05
1.651534e-05
1.9325113e-05
2.8133738e-05
0.016724074
1.6306029e-05
1.6810712e-05
1.828928e-05
1.6210994e-05
1.5958888e-05
1.6307768e-05
1.6596609e-05
0.0031163136
1.6390404e-05
0.0016655894
1.6600415e-05
1.6770341e-05
1.6537982e-05
1.6279176e-05
1.6229514e-05
1.5980579e-05
2.3534687e-05
0.00013241656
0.003960685
1.620027e-05
1.727918e-05
1.6495818e-05
1.6429352e-05
0.0069941785
1.588164e-05
1.6475687e-05
1.6127184e-05
1.6084759e-05
1.6221418e-05
1.6214374e-05
0.0037975872
0.0017536024
1.5816803e-05
1.5931114e-05
1.6286554e-05
1.6166844e-05
1.6348692e-05
1.6591647e-05
1.6288344e-05
1.5845324e-05
0.0019486621
1.6326577e-05
1.7601413e-05
1.613488e-05
0.0001920535
1.6030183e-05
0.0059952985
0.01133366
1.6384172e-05
0.00048886172
1.6034073e-05
1.6422307e-05
1.6968515e-05
5.4004563e-05
1.5836464e-05
1.5980698e-05
0.00067697063
1.6438251e-05
1.7105496e-05
1.5878572e-05
1.6791534e-05
1.6521867e-05
1.6189424e-05
1.6135012e-05
0.00010391706
1.5917315e-05
1.6394852e-05
1.5948038e-05
1.5943658e-05
1.6652218e-05
1.5851448e-05
2.6397772e-05
1.6571375e-05
0.00027153966
0.0017106112
0.0010052585
1.6166992e-05
3.4991325e-05
2.717258e-05
1.6044291e-05
1.6308352e-05
1.6571362e-05
1.5973572e-05
1.6057432e-05
1.5867691e-05
5.5697225e-05
1.6415089e-05
1.6345279e-05
1.755967e-05
1.6818158e-05
0.0021585122
1.6583307e-05
1.6236545e-05
0.0028407612
1.5942806e-05
1.6188567e-05
1.6216249e-05
1.6400277e-05
1.6644588e-05
1.6195307e-05
1.5834792e-05
1.644577e-05
1.6281453e-05
1.8079436e-05
1.6032778e-05
0.0043725692
0.00040272681
1.6578321e-05
1.7654872e-05
0.0064671303
1.6067824e-05
1.584119e-05
1.6754856e-05
1.636856e-05
1.6374262e-05
8.3669103e-05
1.5847967e-05
0.002976199
1.6539814e-05
8.7429309e-05
0.0049695294
1.5837732e-05
1.7792109e-05
1.5850288e-05
1.5999629e-05
1.655524e-05
1.642295e-05
4.0897931e-05
1.6122601e-05
1.6078643e-05
1.5864171e-05
1.6380443e-05
0.00035906037
1.9465331e-05
0.00012265482
1.5096479e-05
0.0015535981
1.8731594e-05
1.6336711e-05
1.5977462e-05
1.6699619e-05
4.4654333e-05
1.586222e-05
1.6577984e-05
1.6723461e-05
1.6501988e-05
0.00012850118
6.787571e-05
1.5828412e-05
1.6263644e-05
1.6189905e-05
1.6409572e-05
4.7990046e-05
1.5807159e-05
1.6508643e-05
3.346933e-05
2.8535526e-05
1.5841458e-05
1.7605119e-05
0.0029326464
6.53959e-05
1.6092558e-05
1.6474776e-05
6.4912429e-05
0.0021820762
1.5935428e-05
0.010517243
1.6574883e-05
1.8521372e-05
1.6080735e-05
1.6481584e-05
1.6005923e-05
1.6317016e-05
1.6473138e-05
1.630646e-05
1.6532814e-05
1.5865164e-05
1.5934773e-05
1.6589344e-05
1.6188606e-05
1.5982589e-05
1.6174679e-05
1.5853166e-05
1.6023344e-05
2.8650433e-05
1.6368293e-05
1.5852744e-05
1.6431709e-05
1.5911765e-05
1.6203967e-05
1.6138865e-05
1.6039533e-05
1.6196296e-05
1.633654e-05
1.5935714e-05
1.6681847e-05
1.6076295e-05
1.6576341e-05
1.7170016e-05
2.3355922e-05
1.6251009e-05
1.716701e-05
8.1169426e-05
1.6524066e-05
1.8114619e-05
1.6536766e-05
1.6221606e-05
1.6512796e-05
1.5814929e-05
1.6609026e-05
1.5981874e-05
0.0025098206
1.6458243e-05
1.6240743e-05
1.6235432e-05
1.5897725e-05
1.5902619e-05
0.0022920389
1.6882988e-05
1.5876892e-05
0.00014767227
1.6252584e-05
1.6186489e-05
1.5921142e-05
1.6104335e-05
1.6486372e-05
1.5930376e-05
1.6578853e-05
4.2452974e-05
1.5846518e-05
1.307303e-05
1.619469e-05
1.585859e-05
1.5806444e-05
1.5863948e-05
1.6259966e-05
1.7524141e-05
0.00068521616
1.6067443e-05
1.6299105e-05
5.0880312e-05
1.6045179e-05
0.0022932854
0.0023092806
1.6352939e-05
1.5830726e-05
1.6655141e-05
1.591814e-05
1.6463417e-05
1.6269273e-05
0.0014343997
1.5899524e-05
0.00077875723
0.0016633213
1.6658725e-05
0.00013032998
1.6280088e-05
1.6594934e-05
1.6307199e-05
1.6403936e-05
1.8544113e-05
0.00023468181
1.6582165e-05
0.00013778136
1.6291955e-05
1.637969e-05
1.5808697e-05
1.6141936e-05
1.6308226e-05
1.6374829e-05
1.6166e-05
1.6213412e-05
1.596894e-05
1.6312399e-05
1.6640676e-05
1.6584115e-05
1.632109e-05
1.5949378e-05
7.1312407e-05
1.5437244e-05
1.5992073e-05
8.705848e-05
0.001727335
1.6082503e-05
0.0025157267
0.0073443844
1.4228414e-05
1.5972734e-05
0.00033718454
0.00010792656
1.6876706e-05
1.615293e-05
1.6528857e-05
1.5794049e-05
1.6704646e-05
1.7590997e-05
1.7001872e-05
0.0021000506
1.6723554e-05
0.00022103925
1.61131e-05
1.8268673e-05
2.8708701e-05
1.6426048e-05
0.0077237973
2.7169843e-05
4.268685e-05
1.6373336e-05
0.0160592
1.6322151e-05
1.6403009e-05
1.5908084e-05
8.228077e-05
0.0015320433
0.0032908337
0.000194871
1.6576217e-05
0.014216235
2.9745455e-05
1.6076298e-05
2.011132e-05
1.6121615e-05
1.6144683e-05
1.5894611e-05
1.6591828e-05
1.6385978e-05
1.676677e-05
1.6341315e-05
2.4053423e-05
0.00013762568
2.0019648e-05
1.5919793e-05
4.7007006e-05
7.6569405e-05
1.5827432e-05
1.5937309e-05
1.6123273e-05
1.6160147e-05
2.3488252e-05
1.5843519e-05
1.6254972e-05
3.0530644e-05
1.5990216e-05
7.8568494e-05
1.6345641e-05
1.5881053e-05
0.0030622206
0.00012573577
1.6273168e-05
1.656634e-05
0.0017097207
0.0016901528
0.00019179159
1.6346896e-05
1.6564654e-05
1.6016324e-05
1.5986042e-05
0.0064894664
1.5829929e-05
1.6524266e-05
9.0089112e-05
1.596516e-05
8.5195146e-05
1.6739079e-05
1.5958185e-05
1.6620109e-05
1.6061435e-05
1.6116434e-05
3.7800994e-05
1.5837348e-05
1.6392582e-05
0.006681361
1.593681e-05
1.641506e-05
0.00322725
1.6228078e-05
0.00012603252
1.5828153e-05
1.6364239e-05
0.00020787753
0.00014323257
1.6397112e-05
1.6008183e-05
1.6370758e-05
1.6085552e-05
1.5975487e-05
1.6627529e-05
1.6276377e-05
1.8500258e-05
1.623488e-05
1.6415292e-05
0.004226342
1.6247809e-05
1.6155283e-05
0.00014378687
4.0229896e-05
0.0051422191
1.6369753e-05
1.7119456e-05
1.6518584e-05
1.6102105e-05
1.616193e-05
1.6533568e-05
0.0010386767
0.00012792495
1.6332926e-05
1.6117043e-05
1.5810452e-05
1.6704359e-05
0.0013969955
1.5952743e-05
0.002279849
0.0021228631
1.5823022e-05
1.6092354e-05
1.6351056e-05
1.6051964e-05
1.5891169e-05
1.5875059e-05
1.6428828e-05
1.6294945e-05
1.7164991e-05
4.398293e-05
1.6550623e-05
1.6567971e-05
1.5874171e-05
8.7502522e-05
2.2719371e-05
1.6478034e-05
0.0030723577
1.6429395e-05
1.6077907e-05
2.4038142e-05
1.6495951e-05
1.5890512e-05
1.5840297e-05
1.64473e-05
0.00012904832
1.6357087e-05
1.6321527e-05
1.6316732e-05
1.5830827e-05
2.9578562e-05
9.1674974e-05
1.6462882e-05
1.6195146e-05
1.6289855e-05
1.6352293e-05
1.5812529e-05
1.6436215e-05
0.00061600849
0.0023099271
1.6339935e-05
1.651507e-05
2.5700114e-05
1.7558312e-05
0.00013637324
1.5808055e-05
1.6858351e-05
0.002838907
1.5877676e-05
0.0010459305
0.0012298838
1.5955943e-05
1.4256965e-05
1.6298967e-05
0.00012919484
1.6192018e-05
1.6347172e-05
1.6261021e-05
1.7657232e-05
1.6761213e-05
1.5854073e-05
1.3862403e-05
1.5821444e-05
0.0032655127
1.6984509e-05
1.6619636e-05
0.003612134
0.0063133751
0.00016335844
0.0043698896
0.00014326042
1.5846621e-05
1.5861707e-05
1.6588119e-05
1.6313384e-05
1.610503e-05
0.0031290218
1.5805051e-05
1.5823047e-05
1.790141e-05
9.0721288e-05
1.6528003e-05
0.011312064
1.6025221e-05
1.6872038e-05
2.358968e-05
1.6539778e-05
9.6135934e-05
1.6330781e-05
1.6300081e-05
1.6555333e-05
1.6040482e-05
1.6415759e-05
0.0012317996
1.5937196e-05
1.6068868e-05
1.616188e-05
1.6399943e-05
1.6292926e-05
1.639048e-05
0.0021640983
0.0015370978
1.5797236e-05
1.5928558e-05
1.6735378e-05
1.5877028e-05
1.6132051e-05
1.7296838e-05
1.5912529e-05
0.016015292
1.608681e-05
1.6836685e-05
1.7475355e-05
0.016006648
1.655785e-05
7.6793388e-05
1.662185e-05
1.6048181e-05
1.6163533e-05
1.6667721e-05
1.6252735e-05
1.5790091e-05
9.0101131e-05
1.6575835e-05
0.0007263698
1.6716121e-05
1.7785483e-05
0.0022467635
1.6556769e-05
1.6839561e-05
2.3385381e-05
1.5832297e-05
1.5849641e-05
2.0530205e-05
0.0023837114
1.6654762e-05
1.6141679e-05
1.5938257e-05
1.6399324e-05
1.8693138e-05
1.6860233e-05
1.6850641e-05
1.5877168e-05
1.6335596e-05
1.5804918e-05
1.6354248e-05
1.6480453e-05
0.00015550902
1.6763245e-05
1.6685755e-05
1.6744302e-05
1.6497662e-05
0.00052418341
1.6449104e-05
1.6427246e-05
1.6992462e-05
1.6589948e-05
1.628636e-05
3.437734e-05
1.6816044e-05
1.6382294e-05
1.6125902e-05
0.0020988489
1.6122611e-05
1.607643e-05
1.6540025e-05
1.6343198e-05
1.5828392e-05
1.6394946e-05
1.6472184e-05
1.5904297e-05
1.6459632e-05
1.6512992e-05
1.5888808e-05
1.629786e-05
1.6400754e-05
1.5805933e-05
1.6399365e-05
1.6325996e-05
0.002896037
1.6376071e-05
0.0025251536
1.5860222e-05
1.6343108e-05
0.00031233986
1.6431332e-05
1.6441489e-05
1.6848446e-05
1.6316006e-05
8.5179385e-05
9.0156378e-05
1.6243667e-05
1.6066508e-05
0.00038645855
1.6737279e-05
1.5832806e-05
0.0012713098
1.670985e-05
0.0079005838
1.6656369e-05
1.5880518e-05
0.0040918064
1.6945044e-05
1.6062742e-05
1.5855341e-05
1.6476694e-05
1.6262976e-05
1.6504838e-05
1.5845056e-05
1.6410768e-05
1.5839032e-05
0.0020587111
4.621086e-05
1.6549154e-05
1.9577355e-05
1.6613202e-05
1.1731956e-05
1.5900903e-05
2.3211664e-05
9.0006126e-05
1.7668614e-05
1.5801425e-05
5.806178e-05
1.8541843e-05
1.6080395e-05
1.6488746e-05
1.8526381e-05
1.6312975e-05
1.6426195e-05
1.5892093e-05
1.5831643e-05
0.0018589104
5.2904403e-05
1.5954395e-05
1.732755e-05
1.6343458e-05
1.5810333e-05
4.3238198e-05
1.6276316e-05
1.6985474e-05
1.6128002e-05
1.5817041e-05
1.5859517e-05
1.6154569e-05
6.7099117e-05
1.6595349e-05
1.6257072e-05
1.5983927e-05
2.7121722e-05
5.1136043e-05
1.6174918e-05
3.7620188e-05
1.6621948e-05
8.3575079e-05
1.6949408e-05
1.6405046e-05
0.0057310047
1.6574225e-05
2.0108234e-05
1.6472137e-05
1.5855746e-05
1.6852268e-05
1.6081994e-05
3.2994815e-05
1.6188688e-05
1.621559e-05
1.5821995e-05
1.7348925e-05
1.6287819e-05
1.6439404e-05
1.6511317e-05
1.5835606e-05
1.5829246e-05
1.58721e-05
1.8511192e-05
1.616388e-05
1.611346e-05
0.0047613133
1.6074479e-05
1.5920089e-05
1.6129399e-05
5.6175801e-05
9.4485785e-05
1.5842638e-05
1.583857e-05
1.6578416e-05
1.5955117e-05
1.5848597e-05
1.5830697e-05
1.6414794e-05
1.6650664e-05
1.6271345e-05
1.6504394e-05
0.0068314796
1.6558051e-05
4.2386793e-05
1.5986604e-05
1.6372422e-05
1.7134535e-05
1.6446575e-05
1.5793889e-05
1.6464274e-05
1.6738703e-05
0.0079317393
1.7543107e-05
1.5989693e-05
1.6508604e-05
1.6019739e-05
1.6398763e-05
1.6163922e-05
1.6113345e-05
1.6522929e-05
1.6585222e-05
1.6356511e-05
1.6105924e-05
1.6615672e-05
1.6320659e-05
5.6697612e-05
0.0016612074
1.6547753e-05
1.6375556e-05
1.6170038e-05
1.6521705e-05
1.5941147e-05
1.8117717e-05
1.6115642e-05
1.5786977e-05
1.5993983e-05
1.6287258e-05
1.6491227e-05
1.6764403e-05
1.6482604e-05
4.5116522e-05
1.5824037e-05
1.6130067e-05
1.6527053e-05
0.0019544544
0.00014030751
1.6352558e-05
1.8712315e-05
1.6407466e-05
1.5875816e-05
0.0015032501
0.0015310836
1.6006786e-05
4.2399769e-05
1.5789086e-05
1.6655274e-05
1.6367321e-05
5.2020657e-05
1.6380534e-05
1.6141803e-05
1.5929769e-05
1.5525229e-05
1.5911501e-05
0.0016939437
0.0002893659
1.6806688e-05
1.6142165e-05
1.5841779e-05
1.6149837e-05
1.5973169e-05
1.6195146e-05
1.6486346e-05
0.0030654865
2.4090627e-05
0.0063169796
1.5353417e-05
1.5822783e-05
1.5980542e-05
1.6202824e-05
1.644602e-05
2.0623474e-05
0.010479311
1.5834849e-05
1.6114967e-05
2.085983e-05
1.6241831e-05
1.8794167e-05
1.6260529e-05
1.6678293e-05
1.7675623e-05
1.642022e-05
1.5829925e-05
1.686806e-05
1.5810754e-05
1.6401543e-05
1.6712648e-05
1.6131304e-05
1.619854e-05
0.0025734208
2.0486076e-05
8.6220721e-05
1.5798778e-05
1.7833705e-05
1.969368e-05
1.6894508e-05
1.6653136e-05
1.6330795e-05
2.284292e-05
1.6195151e-05
1.6262702e-05
1.6875575e-05
0.00063309544
0.00017234619
2.5639377e-05
1.6342118e-05
1.6002138e-05
1.9781962e-05
2.0802613e-05
1.7051133e-05
1.6385541e-05
0.00059525683
1.6570387e-05
0.013728969
1.6246451e-05
1.5838456e-05
1.5995245e-05
1.6621324e-05
0.0020360243
1.5911127e-05
1.6722484e-05
1.6675086e-05
1.6536525e-05
1.6620497e-05
1.6285811e-05
1.5811924e-05
1.496136e-05
1.6725686e-05
8.7791377e-05
1.6804665e-05
1.6043265e-05
1.6747646e-05
1.6469767e-05
1.5896771e-05
1.6475193e-05
1.6929997e-05
1.5865514e-05
7.3263834e-05
1.6113666e-05
1.6413924e-05
1.5807637e-05
1.6846462e-05
1.643806e-05
1.6896974e-05
1.6877137e-05
0.00023758558
3.1409097e-05
1.6467239e-05
1.6363619e-05
1.5850456e-05
1.6119823e-05
1.6700447e-05
1.8453378e-05
0.016050507
1.6796467e-05
1.6252778e-05
1.623139e-05
1.6424435e-05
3.4476e-05
1.8859717e-05
1.6455747e-05
1.5998487e-05
1.6167899e-05
1.6181791e-05
1.5819934e-05
1.6601983e-05
1.6305588e-05
1.6587901e-05
1.6504573e-05
0.0038818952
1.6534973e-05
1.6454025e-05
1.5798956e-05
0.00012760726
1.7140893e-05
1.6816277e-05
1.6753843e-05
1.6047831e-05
1.9682458e-05
1.5842792e-05
0.011670669
0.0014609048
1.645835e-05
1.589817e-05
1.6246714e-05
1.6475578e-05
1.6398728e-05
1.6691306e-05
1.6131487e-05
1.6083931e-05
1.6574136e-05
0.002717435
1.6553793e-05
1.6392674e-05
1.5943649e-05
0.0015781047
1.5877742e-05
0.0036438183
1.5860429e-05
1.6473388e-05
1.6483024e-05
1.5870825e-05
4.3855595e-05
1.5817497e-05
1.6360687e-05
1.6153087e-05
0.00042720513
1.6356668e-05
1.6752634e-05
1.657598e-05
1.6305108e-05
1.600551e-05
1.5928259e-05
1.6395884e-05
1.5855548e-05
1.5927773e-05
1.6676218e-05
0.01385356
1.6673313e-05
5.0818626e-05
1.6342357e-05
1.5844177e-05
1.6415928e-05
1.6009308e-05
1.6262823e-05
1.7301125e-05
1.7009048e-05
0.0023607706
1.6426945e-05
1.6543796e-05
1.6366782e-05
1.5834587e-05
1.5884844e-05
1.6098852e-05
1.6076609e-05
1.6483267e-05
1.6584097e-05
1.6083088e-05
0.00013300368
1.6181785e-05
1.7007725e-05
1.5876249e-05
1.5822056e-05
1.6766899e-05
1.5827764e-05
3.0410817e-05
2.7573387e-05
1.5971081e-05
1.9956323e-05
1.6948745e-05
1.5916536e-05
0.0012337176
0.00020393603
1.633058e-05
1.6364377e-05
1.6372891e-05
1.6479004e-05
1.5862473e-05
1.6352635e-05
1.6365819e-05
1.5989441e-05
0.00013173558
1.6145399e-05
1.5960732e-05
1.6833397e-05
0.0023927707
1.6114369e-05
1.6280332e-05
1.6141629e-05
1.6358579e-05
1.6244763e-05
1.6267645e-05
1.7041768e-05
1.6026875e-05
1.624633e-05
1.6433888e-05
1.5885727e-05
0.0039276283
1.5827672e-05
1.6164893e-05
1.5979083e-05
1.5918932e-05
1.6018453e-05
1.6579353e-05
0.00022803706
1.6214017e-05
1.6007478e-05
1.6093517e-05
1.7789376e-05
1.6484007e-05
3.7681902e-05
1.5839685e-05
1.6424187e-05
1.6130734e-05
1.5936275e-05
1.7587297e-05
0.001150326
1.5957805e-05
1.6195409e-05
1.650945e-05
1.6220323e-05
0.0011514581
0.011960167
1.7500121e-05
1.6353749e-05
1.629597e-05
1.5904511e-05
0.0017033435
2.8699376e-05
1.6385676e-05
1.6627006e-05
1.6333226e-05
1.6228068e-05
1.6757004e-05
1.6917845e-05
1.6923383e-05
1.7766335e-05
1.6653398e-05
1.6365136e-05
1.6336817e-05
1.6113116e-05
1.5855274e-05
1.77039e-05
1.6077558e-05
1.5829998e-05
1.7226725e-05
0.00023700214
1.642881e-05
0.0011343226
9.9860146e-05
2.1968764e-05
1.6030106e-05
1.6418007e-05
1.6397303e-05
1.6280833e-05
1.6604075e-05
1.6465655e-05
1.621851e-05
2.2128972e-05
1.7720865e-05
1.5915627e-05
1.6810776e-05
1.7119487e-05
1.6401557e-05
1.6434211e-05
1.617911e-05
1.6374611e-05
0.00040115664
1.6514064e-05
1.6347557e-05
1.5872731e-05
1.6986679e-05
0.0033806027
1.6473399e-05
1.6398904e-05
3.4191687e-05
1.6646314e-05
4.8536586e-05
1.658484e-05
1.5861398e-05
0.0033507402
1.8780665e-05
0.0070747923
1.5837249e-05
1.6253743e-05
5.2377874e-05
1.6395842e-05
6.3200881e-05
1.6824599e-05
1.6000646e-05
1.6683405e-05
0.0042157441
1.7010779e-05
0.0023222997
1.6677938e-05
1.6145093e-05
1.7792319e-05
1.6707584e-05
1.6790427e-05
1.7517528e-05
3.7964152e-05
2.2524606e-05
1.6307453e-05
1.6411703e-05
2.0663015e-05
6.4499004e-05
1.6347871e-05
1.6150122e-05
0.0013902659
1.6894843e-05
1.6615204e-05
1.6498691e-05
1.67984e-05
0.0011076523
1.621806e-05
1.6566697e-05
1.6492772e-05
1.7697016e-05
1.7500457e-05
1.5813498e-05
1.6000737e-05
1.6216657e-05
1.6653561e-05
6.5994202e-05
0.0007196477
1.6400019e-05
1.6586094e-05
1.5856429e-05
1.6578361e-05
1.5929419e-05
0.0073713925
1.5860836e-05
1.6004357e-05
1.6643869e-05
2.0498984e-05
1.6676696e-05
1.6489101e-05
1.6629015e-05
1.6671255e-05
0.0015921663
0.003391534
2.1013645e-05
1.6176046e-05
1.6496535e-05
1.5938293e-05
2.2953829e-05
2.2945953e-05
0.0050372882
1.6370837e-05
1.6416035e-05
1.5826364e-05
1.6326991e-05
0.00092051652
2.9608422e-05
1.6514631e-05
1.5917423e-05
4.6160765e-05
0.0016971089
1.7007819e-05
1.6408081e-05
0.00083947012
0.0011688678
3.159321e-05
2.0025329e-05
1.6149736e-05
1.5907714e-05
1.5820889e-05
1.6049854e-05
1.6416581e-05
1.6466329e-05
1.6913328e-05
2.5732224e-05
1.5902866e-05
1.6057226e-05
1.5803807e-05
0.0041836703
1.6279253e-05
1.6225537e-05
1.6515399e-05
0.0019850915
1.6432731e-05
0.0010173793
1.6323428e-05
0.00032326226
3.5017356e-05
5.4486948e-05
1.6213142e-05
1.6388366e-05
0.00016188132
1.6242311e-05
1.620983e-05
1.6786461e-05
1.6389867e-05
1.6828099e-05
0.0013423686
1.6926649e-05
2.4441987e-05
3.1690091e-05
0.0020988792
0.0010502642
1.6257036e-05
0.0056148274
0.000494258
1.6348475e-05
1.6266832e-05
1.665763e-05
0.0083105227
1.6119705e-05
1.6413798e-05
1.6501803e-05
1.6517969e-05
1.6007068e-05
1.6055797e-05
1.6699321e-05
1.5858513e-05
1.5842763e-05
0.0017665107
2.2196872e-05
1.6243164e-05
0.0036816082
1.5942147e-05
1.5938584e-05
0.015771303
1.6761129e-05
6.7639783e-05
2.1154699e-05
0.00039478193
1.6750569e-05
1.6520361e-05
1.5998174e-05
1.6584499e-05
1.6340306e-05
1.7441522e-05
2.2316817e-05
1.6551e-05
1.6404355e-05
2.2249655e-05
0.00010389718
1.639991e-05
1.628749e-05
1.6830842e-05
5.6225234e-05
0.0031279671
1.6394538e-05
0.0038927592
1.5990779e-05
1.6260904e-05
1.6533933e-05
1.6365658e-05
1.6350162e-05
2.8912195e-05
1.594842e-05
1.6150669e-05
4.354327e-05
1.6146986e-05
1.6445679e-05
0.0012694143
1.6406745e-05
0.00041620993
1.6959153e-05
1.5888274e-05
0.0015758608
1.603339e-05
0.0003526927
1.6284084e-05
1.6512907e-05
1.6411711e-05
1.6433841e-05
7.1029639e-05
1.6256063e-05
0.0015376559
1.5890111e-05
1.638794e-05
1.6953581e-05
0.015858056
1.5895818e-05
6.4330823e-05
0.0021874292
1.7699036e-05
0.0016229194
1.6334513e-05
1.5868608e-05
1.5936878e-05
1.6069481e-05
0.00014420308
1.5996689e-05
1.6395247e-05
1.6500904e-05
0.0051145106
0.015989671
4.2563341e-05
1.6814391e-05
0.00038652648
1.6199496e-05
1.5906556e-05
1.6427901e-05
0.0011711825
1.6553733e-05
0.00096865532
0.00014184026
1.593558e-05
1.5792694e-05
1.611735e-05
0.0027514987
8.0625894e-05
1.6130303e-05
1.6384336e-05
4.9079577e-05
3.833349e-05
1.9466576e-05
9.1571196e-05
2.6804914e-05
1.6195708e-05
1.6072817e-05
1.6589027e-05
1.6226828e-05
2.2111687e-05
1.6788436e-05
1.5835969e-05
1.6668224e-05
1.6362859e-05
0.0024763888
1.9860259e-05
1.8100288e-05
1.6500672e-05
1.6042019e-05
0.00022852815
1.6082821e-05
4.9113631e-05
1.7197968e-05
1.7475807e-05
1.6516311e-05
1.5849452e-05
1.6471011e-05
1.756313e-05
1.6687392e-05
2.5727907e-05
1.6543286e-05
1.586778e-05
1.6446938e-05
0.00097697565
1.6742045e-05
1.6575019e-05
1.640295e-05
9.2587692e-05
1.6712544e-05
1.6285919e-05
6.1628458e-05
0.014948929
1.6005783e-05
1.6975448e-05
4.4794728e-05
1.6904022e-05
1.6596133e-05
0.0096223177
6.7904059e-05
0.0019850432
1.9687425e-05
1.6219373e-05
0.016415047
1.6544199e-05
1.6342882e-05
0.0012067885
1.6013615e-05
0.014647503
1.6034683e-05
0.0087883608
4.510502e-05
0.0056082123
1.6286948e-05
1.6413402e-05
1.6409983e-05
0.0017733086
1.5850184e-05
1.5960016e-05
1.6033848e-05
1.6262579e-05
1.6216056e-05
5.6810756e-05
1.6390152e-05
1.5938942e-05
1.7486278e-05
0.0014247677
1.5805343e-05
0.00124171
1.5949437e-05
1.5970676e-05
1.6616664e-05
1.6928787e-05
0.008778117
7.5207657e-06
1.62754e-05
1.6664053e-05
5.6739441e-05
1.6986334e-05
2.2709666e-05
1.6523809e-05
1.834405e-05
1.6386155e-05
1.6437227e-05
1.6299726e-05
1.6391481e-05
1.6669382e-05
1.6315373e-05
1.5795535e-05
1.6638418e-05
1.666534e-05
0.0018312021
1.6493556e-05
2.0309106e-05
2.0318628e-05
1.5872202e-05
1.6248586e-05
1.6524051e-05
1.3811355e-05
0.0037540327
0.0076749443
0.0016864332
0.0001010856
1.5812884e-05
0.0034165223
1.6640203e-05
1.6491528e-05
1.5868949e-05
1.6618866e-05
1.7358291e-05
1.7703107e-05
2.3681345e-05
1.5886066e-05
1.6315722e-05
1.5864201e-05
1.667699e-05
1.6687462e-05
6.3463051e-05
0.0044325481
1.8796603e-05
8.2553622e-05
1.5802441e-05
1.5868234e-05
1.651195e-05
1.6608544e-05
1.605476e-05
0.0017754934
1.6392136e-05
1.6694601e-05
1.5798947e-05
9.223792e-05
1.5997197e-05
0.0017818874
1.5816882e-05
1.6262972e-05
1.6199461e-05
0.0023677886
0.0024300154
1.6490104e-05
0.003364286
1.6690677e-05
6.7652676e-05
1.5871359e-05
1.6148415e-05
1.6186043e-05
0.0017442941
1.6341548e-05
1.6116556e-05
1.7373405e-05
1.5869315e-05
9.3101118e-05
1.6297907e-05
1.8848587e-05
0.0074566867
1.5974283e-05
1.630834e-05
1.7676198e-05
7.5606037e-05
2.9440518e-05
1.5916222e-05
1.5973718e-05
1.6172941e-05
0.00029173525
0.0028166721
1.6354202e-05
2.9109124e-05
1.6492032e-05
1.6039354e-05
0.0014163711
1.5873607e-05
1.6774769e-05
1.5947509e-05
1.5834296e-05
1.6558762e-05
1.5810719e-05
1.6172779e-05
1.5849027e-05
0.00058135772
0.0050465793
1.638826e-05
1.6415838e-05
1.6126808e-05
1.6478437e-05
1.5830345e-05
1.6091731e-05
9.3128926e-05
1.640472e-05
3.729553e-05
0.0023482714
1.7010927e-05
1.6406291e-05
1.6233994e-05
1.6326142e-05
1.5922068e-05
1.6288207e-05
1.6603773e-05
0.0018941476
1.7836208e-05
0.0019493469
0.00052280107
0.0063618123
1.5824617e-05
0.0017699478
0.0006097094
1.6493451e-05
0.00085777585
1.6099668e-05
1.6288056e-05
1.5796879e-05
1.6001643e-05
1.6970956e-05
1.6083392e-05
1.5857768e-05
1.5857936e-05
1.5954502e-05
2.3035444e-05
0.00027461341
1.5895479e-05
1.7656954e-05
0.0013983462
2.0481149e-05
1.6303383e-05
1.6493939e-05
1.5944045e-05
1.5874635e-05
1.5821211e-05
1.5954614e-05
1.5910895e-05
0.003072489
9.2293479e-05
1.6277574e-05
1.587438e-05
1.7323761e-05
1.661526e-05
0.007132768
1.6190364e-05
1.6335439e-05
1.6578683e-05
0.00078130104
1.5935836e-05
1.6715088e-05
1.6038038e-05
1.6463136e-05
1.63853e-05
1.6601642e-05
1.5860325e-05
1.7176228e-05
1.6204421e-05
1.5837232e-05
1.643514e-05
1.6334468e-05
9.0891477e-05
1.6205866e-05
0.00010804311
6.4770742e-05
1.627769e-05
1.6497947e-05
0.0015449264
1.588023e-05
1.6349278e-05
1.5819921e-05
1.6533067e-05
0.00022130637
0.0011807129
1.6487938e-05
2.597613e-05
1.583098e-05
1.5862747e-05
1.6562272e-05
1.6776586e-05
1.6600302e-05
0.0023799633
1.6241361e-05
1.5884798e-05
1.5876295e-05
0.00075609012
1.6410089e-05
1.592972e-05
0.01281236
0.0023751794
0.0001438524
2.5109467e-05
1.5806767e-05
1.6020122e-05
1.6324108e-05
1.6460422e-05
1.653263e-05
1.643884e-05
1.5841962e-05
1.6224435e-05
0.0070254139
0.00011175817
3.3112235e-05
1.5983733e-05
0.00035923042
1.6134821e-05
1.6660805e-05
1.604497e-05
0.00011422835
1.6132877e-05
1.6284548e-05
1.5907763e-05
1.5412314e-05
1.7781436e-05
1.72693e-05
0.0051108702
1.6349962e-05
2.1264387e-05
2.3165013e-05
1.6806353e-05
1.6281746e-05
1.7234672e-05
1.6122858e-05
1.5950086e-05
1.6376926e-05
1.5957347e-05
1.5965607e-05
1.6028414e-05
0.0015877024
1.6197458e-05
1.605638e-05
1.6318446e-05
1.5986632e-05
1.6358448e-05
4.2343697e-05
1.674609e-05
3.4172885e-05
1.6023482e-05
0.015700777
1.6366254e-05
2.8150302e-05
1.6558008e-05
1.5844702e-05
1.619128e-05
1.6516332e-05
1.6353345e-05
1.630719e-05
1.5886421e-05
1.7948077e-05
1.5917136e-05
1.6195843e-05
1.6819372e-05
1.6184301e-05
1.5852793e-05
0.0059479483
1.6554219e-05
1.6472286e-05
0.00010215273
1.6581038e-05
1.6341856e-05
1.6594037e-05
1.6200829e-05
1.5989149e-05
1.8286171e-05
1.6590677e-05
1.6759073e-05
1.7905632e-05
0.00034353247
0.0060031235
1.7116063e-05
0.0023045376
3.149611e-05
1.6600199e-05
1.8587965e-05
1.6823633e-05
1.6317182e-05
0.0046378507
1.6354807e-05
0.0050849265
1.653447e-05
0.00010123959
0.0011378615
1.6248293e-05
1.7138323e-05
5.1014281e-05
0.0034911817
1.5808063e-05
1.6682591e-05
1.6263801e-05
1.6241438e-05
1.5864405e-05
1.606585e-05
1.6514471e-05
1.6377443e-05
1.6117489e-05
0.00053920765
1.6577039e-05
1.6045781e-05
0.0063163826
1.6627824e-05
0.0018764852
0.011393897
1.7645085e-05
1.5836903e-05
1.5831738e-05
1.7111291e-05
4.8346299e-05
1.5853468e-05
2.8503936e-05
1.6306033e-05
0.0010971058
1.6476335e-05
1.6499461e-05
1.6652019e-05
0.0013460895
1.6482524e-05
1.6170737e-05
1.6175956e-05
0.0031746185
1.583112e-05
1.598532e-05
0.00063972679
0.0002893377
1.6715583e-05
3.1772335e-05
1.5843046e-05
0.0034653505
1.6457142e-05
1.6621928e-05
1.6417957e-05
1.7235083e-05
0.0035139538
1.6336532e-05
1.7545805e-05
1.5916524e-05
1.6310203e-05
2.9618992e-05
1.5888732e-05
1.6480186e-05
1.6411916e-05
1.6861113e-05
1.6529775e-05
0.0015861186
1.5845563e-05
1.6039762e-05
1.7207078e-05
1.5829337e-05
0.0011030154
0.00085781404
1.6385604e-05
1.5882754e-05
8.3121313e-05
1.6183564e-05
0.00028642273
1.6613043e-05
1.603516e-05
1.5963856e-05
1.6196459e-05
1.5982442e-05
8.7961871e-05
1.634657e-05
1.6142893e-05
0.011833852
0.0015265118
1.6757978e-05
1.5969886e-05
0.016428165
1.5830578e-05
1.6719053e-05
0.0016377615
1.6512137e-05
1.6349426e-05
1.5794299e-05
1.6340594e-05
2.6379121e-05
1.6450788e-05
2.3057882e-05
1.6062462e-05
1.6200601e-05
1.6341122e-05
0.0017812856
1.6292746e-05
1.6395434e-05
4.9652671e-05
1.6286318e-05
6.1695584e-05
2.8171329e-05
1.7712586e-05
0.0028987654
1.5863225e-05
1.9208442e-05
1.6218818e-05
1.6344391e-05
1.6387284e-05
1.6708361e-05
1.6408204e-05
1.651643e-05
1.6337564e-05
0.00040937692
1.7455392e-05
1.5071518e-05
0.00032240121
1.629285e-05
1.600049e-05
5.6832912e-05
1.6285507e-05
1.6050524e-05
0.0019336551
1.6384285e-05
2.5278297e-05
1.6562899e-05
1.6458189e-05
1.6301183e-05
1.5853481e-05
0.010797233
1.6339721e-05
1.6450702e-05
1.5842947e-05
2.0708476e-05
1.9542636e-05
9.5153217e-05
1.6411654e-05
0.00011990248
1.6484339e-05
9.58585e-05
1.6132593e-05
1.5991281e-05
1.6452102e-05
1.5959771e-05
0.0011715318
1.6268479e-05
1.7716812e-05
1.7149314e-05
1.5879188e-05
1.6282145e-05
1.5840997e-05
1.6217418e-05
1.6395405e-05
0.015367401
1.6402825e-05
1.643346e-05
1.6112083e-05
1.6368268e-05
1.5915871e-05
1.6008171e-05
1.6301319e-05
1.6360012e-05
1.8796874e-05
1.640856e-05
1.6222302e-05
1.6587961e-05
0.0076150798
1.5821412e-05
1.5894472e-05
0.0023474322
1.6209133e-05
1.6424681e-05
1.5815318e-05
1.6229735e-05
1.7460087e-05
1.9465292e-05
1.6983583e-05
1.604604e-05
0.00094632092
1.6478341e-05
0.0017869776
2.2136535e-05
0.00064091378
1.635947e-05
1.585144e-05
1.6262271e-05
0.00014646988
1.6783281e-05
1.7106202e-05
3.2445974e-05
1.6497056e-05
1.6366961e-05
1.5964271e-05
1.5943083e-05
1.5936488e-05
1.6385612e-05
0.0018415056
1.6340605e-05
2.2027564e-05
1.5931636e-05
1.6519903e-05
1.604258e-05
1.5877592e-05
0.0034169986
0.0014943728
1.5841594e-05
1.6574216e-05
0.0011556266
1.5919561e-05
1.6442808e-05
1.6583832e-05
1.6230335e-05
1.5888408e-05
1.6215723e-05
1.6185072e-05
1.6117232e-05
7.1442396e-05
0.011346299
0.0031469015
1.6293015e-05
1.6530398e-05
1.5980573e-05
0.01201606
2.7651417e-05
1.6992492e-05
0.0014311799
1.7819786e-05
0.0014020415
1.5832942e-05
1.634224e-05
1.623306e-05
1.6407769e-05
1.6827033e-05
0.00025328039
1.6136655e-05
0.0017454455
1.6129121e-05
1.6021554e-05
1.6322717e-05
1.6178903e-05
0.001713621
1.5842225e-05
1.6584107e-05
1.6005256e-05
1.6492729e-05
1.6313045e-05
1.6776564e-05
1.7302856e-05
1.6631286e-05
1.6358733e-05
1.6486508e-05
1.6267271e-05
1.6701872e-05
1.5892292e-05
0.00019244308
1.6194105e-05
0.015395705
1.6108197e-05
8.2553366e-05
2.4325226e-05
1.5799822e-05
1.6474757e-05
9.5961561e-05
1.619915e-05
1.6621617e-05
2.1563981e-05
1.6570319e-05
1.599609e-05
1.5937092e-05
0.00024748747
1.7713301e-05
1.5958911e-05
1.5860939e-05
1.6098505e-05
0.0040032389
1.6129369e-05
0.013599648
1.6159134e-05
1.6356941e-05
1.6415935e-05
1.6313531e-05
1.6827634e-05
1.6284025e-05
1.6339379e-05
1.6423353e-05
1.6478652e-05
1.5812521e-05
1.6635928e-05
1.784599e-05
1.7752624e-05
1.5971102e-05
1.6442226e-05
1.6361429e-05
1.5916052e-05
9.3445919e-05
1.5844564e-05
1.6613517e-05
1.6522449e-05
0.00088528222
0.0023754551
0.0047234293
1.6524276e-05
1.6444332e-05
1.5822392e-05
1.6414868e-05
0.0040137702
1.6587179e-05
1.6447761e-05
1.6024359e-05
0.0010685634
1.6706271e-05
1.7051204e-05
0.0029920471
1.6722663e-05
0.00066697546
2.7190531e-05
1.9807425e-05
0.00023282083
1.5882339e-05
1.6519414e-05
1.7902401e-05
1.6406194e-05
1.6309845e-05
1.5798097e-05
1.6192616e-05
1.5839123e-05
1.5940627e-05
1.6506534e-05
0.012036948
1.5982841e-05
1.7913134e-05
1.5850166e-05
1.6556901e-05
1.5853343e-05
1.6361424e-05
0.016839136
1.7498306e-05
1.6386453e-05
0.0013125054
6.1186257e-05
2.4105133e-05
1.6123398e-05
1.6397877e-05
1.6574875e-05
1.6994357e-05
2.072663e-05
0.0034685849
1.6162682e-05
1.5823939e-05
7.956234e-05
8.8686569e-05
1.6204451e-05
0.0015662119
1.6522523e-05
1.9060071e-05
2.5727327e-05
1.5629205e-05
1.6474261e-05
5.0217719e-05
1.6691533e-05
1.6035008e-05
1.6324514e-05
7.6629056e-05
1.7605531e-05
1.6200624e-05
0.002028767
1.595995e-05
2.9779144e-05
1.6900411e-05
1.6592122e-05
0.00016192225
0.0069646266
1.5818853e-05
1.76095e-05
0.0037936432
0.016585406
1.67215e-05
1.6448506e-05
1.6670053e-05
1.6541756e-05
1.6019494e-05
1.6358551e-05
1.6097333e-05
1.5797315e-05
1.7925779e-05
1.6085316e-05
1.6365531e-05
1.937048e-05
1.6564465e-05
1.6061799e-05
0.0039105253
1.6676695e-05
1.6668567e-05
1.654876e-05
1.5876367e-05
1.6153879e-05
1.5904785e-05
1.5874429e-05
1.6602944e-05
1.6374114e-05
2.2238282e-05
1.6382842e-05
1.6169162e-05
1.6311283e-05
1.5887255e-05
1.8008978e-05
1.6331886e-05
1.6470377e-05
1.6672848e-05
1.6686258e-05
1.8541595e-05
1.6352053e-05
1.6742664e-05
1.6700194e-05
1.663819e-05
1.609221e-05
2.2812808e-05
0.0030081252
1.6713866e-05
1.6428552e-05
0.0030468415
1.6165329e-05
1.6885252e-05
1.6730933e-05
1.6126316e-05
1.5968589e-05
0.0092860498
1.6391483e-05
1.6590766e-05
1.7222361e-05
1.7324701e-05
1.6744239e-05
1.6393495e-05
1.5824578e-05
1.6344675e-05
1.5907128e-05
1.6758937e-05
1.684695e-05
1.6519969e-05
1.6772587e-05
1.4201337e-05
0.00012026942
1.678849e-05
1.6591597e-05
1.6800328e-05
1.6545626e-05
1.7911679e-05
1.6608056e-05
1.5832581e-05
1.608624e-05
1.6813508e-05
6.1898041e-05
1.6481667e-05
0.0017157689
0.001740891
1.6376587e-05
1.6366678e-05
1.5845259e-05
1.6481733e-05
1.5862828e-05
1.5819893e-05
1.6255756e-05
0.00025484392
4.859274e-05
1.6659527e-05
1.5861215e-05
1.6176329e-05
1.6213076e-05
0.0015761382
1.7297472e-05
1.7296268e-05
0.0028606992
1.663263e-05
6.7697609e-05
1.6389177e-05
1.6372893e-05
6.5926805e-05
1.6446282e-05
1.6704542e-05
1.7323576e-05
1.5979084e-05
0.00080705376
0.00021096951
0.016632301
1.7575883e-05
1.6238325e-05
1.5843916e-05
1.5814454e-05
1.5856515e-05
4.9158819e-05
1.5969895e-05
1.6370849e-05
1.5972457e-05
1.5882302e-05
1.6688213e-05
0.0004752189
1.6384281e-05
7.1399997e-05
1.6521034e-05
1.6146546e-05
1.5845475e-05
4.2014619e-05
1.5847643e-05
0.0001142377
0.0020942466
1.6825011e-05
1.6169715e-05
8.7097495e-05
1.6374244e-05
0.00026381913
1.6463104e-05
1.5858032e-05
1.6465448e-05
1.5833307e-05
2.210086e-05
1.7562584e-05
1.6712044e-05
1.6420596e-05
1.6484721e-05
1.5992525e-05
1.5856135e-05
1.6523485e-05
1.6184546e-05
0.00088711503
6.3518037e-05
0.00016145858
1.6442964e-05
1.6350108e-05
1.6536072e-05
1.6406997e-05
1.6356493e-05
1.3671523e-05
1.6380002e-05
1.5863213e-05
0.001412338
0.0047460524
1.5887284e-05
1.6268905e-05
1.5840443e-05
1.6291289e-05
1.6161152e-05
1.8303577e-05
1.6717461e-05
1.7279643e-05
1.6388941e-05
1.5865147e-05
0.012057886
1.6685962e-05
0.0041700655
1.6406555e-05
2.6813177e-05
0.0013933356
0.00055523446
1.6792594e-05
1.6162898e-05
1.6482618e-05
1.6379622e-05
0.0023438346
1.6522705e-05
0.0021649154
1.6112996e-05
0.00023655646
1.6677422e-05
1.588294e-05
1.6418613e-05
1.6490866e-05
1.6068904e-05
0.015658095
0.0016567156
1.6663239e-05
0.0052066617
1.664793e-05
1.5878706e-05
1.6586573e-05
1.8798763e-05
1.646211e-05
7.1399198e-05
2.0018979e-05
1.5962188e-05
2.0878484e-05
2.0682195e-05
0.0022432114
0.00026508795
1.6112249e-05
1.664458e-05
1.6291147e-05
1.5926801e-05
0.0038439776
1.6353631e-05
1.630375e-05
1.8528169e-05
1.6688008e-05
1.5926956e-05
0.0029623079
1.5891922e-05
1.716293e-05
1.6641532e-05
0.0016722595
0.0016546735
1.5796389e-05
1.5937908e-05
1.9628218e-05
0.0043220197
1.5805416e-05
1.5825617e-05
0.00026572629
1.6344677e-05
1.6567731e-05
0.014840447
1.6602411e-05
1.6379569e-05
0.0011742749
0.0010391232
1.6439629e-05
0.0016062381
0.00012797648
1.6640113e-05
1.5819274e-05
1.6498987e-05
0.0027784016
1.6030401e-05
1.6422299e-05
8.0798941e-05
2.0164187e-05
1.5830381e-05
1.6564721e-05
1.6831679e-05
1.6456269e-05
1.6628155e-05
1.5105963e-05
1.6340274e-05
1.653341e-05
1.6739611e-05
1.6683797e-05
1.6392618e-05
0.0011910236
1.7174806e-05
1.8999955e-05
1.5858672e-05
0.0017604118
1.6032465e-05
1.5880213e-05
1.5965596e-05
1.6453332e-05
1.620747e-05
1.703195e-05
6.8063428e-05
0.0022806193
3.5797752e-05
7.8683636e-05
1.6438891e-05
1.686062e-05
0.016358333
0.0018991462
1.853135e-05
1.7096652e-05
1.6612296e-05
5.1114908e-05
0.0018694146
1.6541845e-05
1.7506022e-05
0.0017254577
0.0019375352
1.5839329e-05
1.6369219e-05
1.5893761e-05
1.6442227e-05
1.6461835e-05
1.8455629e-05
1.8646389e-05
2.3702457e-05
2.6967157e-05
0.0018628246
1.6289573e-05
1.6679469e-05
1.6382043e-05
1.6189337e-05
0.001818401
1.5974737e-05
1.595631e-05
1.7524174e-05
1.7312162e-05
1.6297155e-05
0.0037452815
1.7526952e-05
2.5578748e-05
1.6470241e-05
1.5864543e-05
0.0023430081
1.6572429e-05
1.6008396e-05
0.0023452548
4.2637765e-05
0.0012297379
1.6744503e-05
1.6406412e-05
0.0031395025
1.6337866e-05
0.0046792654
1.6421898e-05
5.7249922e-05
1.6207487e-05
1.7932895e-05
1.583105e-05
1.8951162e-05
1.6342874e-05
1.5919959e-05
0.0017027002
0.00083532989
1.6976727e-05
1.5969803e-05
1.6276996e-05
0.0048509299
0.0032172507
1.6838396e-05
1.6404926e-05
0.016635359
1.7275648e-05
0.004986517
1.5838375e-05
1.7650262e-05
0.0017130865
1.5914246e-05
1.6421904e-05
1.7141249e-05
1.6054563e-05
1.6572939e-05
6.4480085e-05
1.6464457e-05
0.0024955116
1.6590345e-05
1.8000632e-05
2.6165279e-05
1.638311e-05
2.3456713e-05
1.6656337e-05
1.6262728e-05
1.5902506e-05
1.5970164e-05
1.6555044e-05
0.015819892
1.6609578e-05
1.6379884e-05
1.6323795e-05
1.860437e-05
1.6591265e-05
1.6206572e-05
7.6684895e-05
1.661785e-05
1.5838232e-05
1.583223e-05
1.6381114e-05
7.4732891e-05
1.6807846e-05
0.0024879256
1.6602567e-05
1.5870502e-05
0.00010783273
1.6376642e-05
1.7242824e-05
1.7728082e-05
3.3172564e-05
1.5874237e-05
1.6654852e-05
0.0020571542
6.2592505e-05
1.6152815e-05
4.3516229e-05
1.6006178e-05
4.2658257e-05
1.5924487e-05
1.5942422e-05
1.5926467e-05
1.6707995e-05
1.646657e-05
6.79851e-05
0.00015501397
1.8478923e-05
1.5837897e-05
1.640526e-05
1.5802568e-05
1.6241827e-05
0.0023017908
3.6943037e-05
1.5887506e-05
1.5612198e-05
0.0044861776
1.6121526e-05
1.6363383e-05
1.5873434e-05
1.5805779e-05
1.6603907e-05
1.6234414e-05
0.002946877
0.013903608
1.2448132e-05
1.5896362e-05
1.6356546e-05
1.7685137e-05
2.414182e-05
1.591716e-05
1.6356832e-05
0.0012095969
0.0012237412
1.6590005e-05
1.6131477e-05
1.6191586e-05
1.595839e-05
1.5921526e-05
0.0051835595
1.5840554e-05
1.6523429e-05
1.624754e-05
1.6336712e-05
1.664772e-05
1.6892569e-05
1.607118e-05
0.00039913907
1.9731496e-05
1.5829789e-05
0.0025531094
0.003801213
0.015702212
1.6343051e-05
0.00048086525
0.0018782909
1.5915529e-05
1.5814024e-05
1.676055e-05
1.6449761e-05
1.6327552e-05
1.8795335e-05
0.00021197068
1.7120797e-05
1.6371313e-05
1.6829313e-05
1.6387696e-05
1.646105e-05
1.5808549e-05
1.6565128e-05
1.6325246e-05
1.6252307e-05
1.6584177e-05
1.5922596e-05
1.3652676e-05
9.5099389e-05
1.9982144e-05
1.586855e-05
1.628754e-05
1.5922346e-05
1.6166536e-05
1.6410775e-05
1.6399485e-05
1.6283725e-05
1.5918408e-05
1.5908691e-05
1.581409e-05
1.7483268e-05
1.6151833e-05
1.6316697e-05
1.6167166e-05
1.6860486e-05
4.021082e-05
1.5850205e-05
1.6499177e-05
0.00013590594
1.6827453e-05
1.6021627e-05
0.0041573288
1.6384558e-05
0.00018773691
1.5839319e-05
1.5889656e-05
0.0071245556
2.847668e-05
2.2438296e-05
1.6307698e-05
1.6362223e-05
1.6639915e-05
1.6645656e-05
1.641687e-05
0.0014387515
0.0014306801
1.6164375e-05
1.7276073e-05
1.6341569e-05
0.0023496731
1.6597681e-05
1.5964907e-05
1.5980725e-05
1.6358507e-05
1.6919082e-05
1.6226054e-05
1.6455582e-05
1.5972139e-05
0.0011485699
1.6382403e-05
0.00013768744
1.6135412e-05
1.6764443e-05
1.6595192e-05
1.6364579e-05
0.00087952887
1.6560533e-05
9.1140701e-05
0.0010172229
0.004427549
1.6538341e-05
1.6302923e-05
1.59721e-05
1.6324882e-05
1.6381558e-05
1.65832e-05
1.6926718e-05
1.6501499e-05
3.5325114e-05
0.0052047088
1.6320437e-05
1.619017e-05
1.790451e-05
1.175217e-05
0.0023124133
1.8779263e-05
1.6619465e-05
0.0041515298
1.4828287e-05
0.0011246452
1.6705589e-05
1.6333568e-05
1.7286922e-05
1.645906e-05
1.7180644e-05
1.5899751e-05
0.01786705
1.8305151e-05
1.6476576e-05
0.0031256351
1.620367e-05
6.9760949e-06
1.5881951e-05
1.5929358e-05
1.5893852e-05
1.6615415e-05
1.6286493e-05
1.7395072e-05
1.6347299e-05
1.6266749e-05
0.001605397
0.0035605053
7.4696605e-05
1.7337875e-05
1.6398398e-05
1.629632e-05
1.6270948e-05
1.6950235e-05
1.6780648e-05
1.5946232e-05
3.0427847e-05
1.6548842e-05
3.4462058e-05
1.6445863e-05
1.615515e-05
0.00095162711
1.6571066e-05
1.793438e-05
1.7934002e-05
1.657039e-05
0.0023266051
1.5818379e-05
5.2923419e-05
0.00020333413
2.0853272e-05
1.6500331e-05
1.6048998e-05
1.6282019e-05
1.6448625e-05
1.6292755e-05
1.6010102e-05
4.5899403e-05
0.004757343
1.5969054e-05
1.6142633e-05
1.5865134e-05
6.9310669e-06
1.7336416e-05
0.00052356655
1.6500104e-05
1.8699649e-05
1.6180633e-05
1.6363448e-05
0.00052443951
0.0050250453
1.649617e-05
0.0053363855
1.5852828e-05
0.0017453908
0.0056366518
1.6536406e-05
0.01684763
1.63944e-05
1.6494419e-05
1.6574982e-05
1.6131664e-05
1.6341742e-05
1.6355252e-05
0.002621807
0.0058861499
1.6475995e-05
1.6552427e-05
1.6111688e-05
1.8728663e-05
1.6384853e-05
1.6349268e-05
1.6864904e-05
1.5847297e-05
1.6439306e-05
1.8044524e-05
3.9115116e-05
0.0034418625
2.7542798e-05
1.6005042e-05
1.6207888e-05
1.5894116e-05
1.811332e-05
1.6125341e-05
1.6051253e-05
1.6465078e-05
0.014549111
1.5852073e-05
1.6261802e-05
1.6299908e-05
1.6001729e-05
1.5815858e-05
1.510006e-05
1.5939497e-05
0.00013281439
1.6412401e-05
2.9420235e-05
1.6322334e-05
1.6797339e-05
1.6259803e-05
0.00053753289
0.0015596454
1.7309079e-05
0.0028748287
1.6438698e-05
1.6972244e-05
1.5826836e-05
1.649543e-05
1.5844141e-05
1.6575612e-05
1.5853931e-05
1.6490137e-05
1.637663e-05
1.5917015e-05
1.6522982e-05
0.00094844491
1.6116185e-05
1.7338073e-05
1.6412421e-05
1.7722391e-05
1.5945498e-05
1.6688724e-05
0.0020143392
1.6201952e-05
1.663652e-05
1.6406942e-05
1.5957001e-05
1.647372e-05
1.6470079e-05
0.0011731333
0.0079455934
1.6548888e-05
1.6868368e-05
1.5808831e-05
1.6402125e-05
1.6007645e-05
1.6517115e-05
0.0023093031
2.3685538e-05
1.6175885e-05
1.7315817e-05
1.5794243e-05
1.6547131e-05
2.6479059e-05
1.6613705e-05
1.6074566e-05
1.6167754e-05
1.9243525e-05
1.6330583e-05
9.5987555e-05
1.64488e-05
0.015649245
1.6265757e-05
1.6575616e-05
0.0032263174
1.6188228e-05
1.5819702e-05
0.0012970317
1.5849374e-05
7.4659973e-05
1.7565177e-05
1.6510634e-05
1.6309359e-05
1.5892683e-05
0.0015085682
1.6389882e-05
1.5901459e-05
1.6205596e-05
0.00036480231
0.014834068
1.6162375e-05
1.5851917e-05
1.6429562e-05
1.642288e-05
1.6667057e-05
0.0010282171
1.5963692e-05
1.636812e-05
1.5832591e-05
1.622213e-05
1.6613329e-05
4.347695e-05
1.6774123e-05
1.5808277e-05
0.0015737975
1.6405032e-05
1.643097e-05
1.6679418e-05
1.657539e-05
1.623497e-05
1.684808e-05
1.5857834e-05
1.7475012e-05
3.3778797e-05
1.6934098e-05
1.6642316e-05
1.6678294e-05
9.3865209e-05
0.001747957
1.5918569e-05
1.5882471e-05
1.620584e-05
1.5806179e-05
1.6969088e-05
0.00093500211
0.003053002
3.6899329e-05
0.00087733131
1.7562601e-05
1.6252068e-05
9.0478947e-05
0.0051297082
1.6313724e-05
1.6328356e-05
1.6552892e-05
1.6339527e-05
6.6264614e-05
1.6635667e-05
1.5960363e-05
0.0011924512
1.6975267e-05
9.842088e-05
1.8175095e-05
1.6779573e-05
0.00026289254
1.6260998e-05
1.8508016e-05
0.0024046765
1.6577958e-05
9.8500019e-05
0.0017233173
0.00018267273
5.4004908e-05
0.00096889732
1.7732038e-05
0.0030308429
1.6170208e-05
1.6270288e-05
0.00013375276
1.5990227e-05
1.5877655e-05
1.6108336e-05
0.010577748
1.6452718e-05
1.649329e-05
0.0029706491
1.5903912e-05
1.6104134e-05
0.0019330626
1.5937933e-05
1.6936464e-05
1.664456e-05
0.0014119656
2.4342679e-05
2.4521464e-05
1.9821269e-05
0.00024871707
0.0079787969
1.6007811e-05
1.6280187e-05
1.6777448e-05
1.6687359e-05
1.6430831e-05
1.665815e-05
0.00036719163
1.6469063e-05
1.6858256e-05
0.00013610667
1.5836573e-05
0.0022027602
1.6291413e-05
1.6526108e-05
1.6574034e-05
1.6578062e-05
1.5831258e-05
0.0019729504
1.6605493e-05
1.6309733e-05
1.5981237e-05
1.6711891e-05
0.0023419057
1.6398056e-05
1.7886364e-05
1.6526998e-05
1.6307615e-05
1.6374162e-05
1.536309e-05
1.6238611e-05
1.6417238e-05
1.6378033e-05
1.6120765e-05
0.00022192801
1.5906224e-05
0.0032115783
1.6551384e-05
1.6539876e-05
0.0057979116
1.5798932e-05
6.0265601e-05
6.7840823e-05
1.8096269e-05
0.00017538014
1.644062e-05
0.0014128648
1.6289864e-05
1.8276964e-05
1.6601876e-05
3.2630002e-05
1.5854539e-05
1.6704336e-05
0.0023551419
1.5875964e-05
1.59387e-05
0.017318117
1.6649094e-05
1.6202951e-05
1.5786485e-05
2.0420493e-05
0.0016537944
1.6398175e-05
3.4507434e-05
1.6392268e-05
1.6657937e-05
2.9579734e-05
0.0036077487
2.5850474e-05
1.6583203e-05
1.5906088e-05
0.0013554981
1.6386648e-05
1.6044436e-05
4.5178103e-05
4.227482e-05
0.0007977858
3.1096656e-05
0.0018301147
1.8045591e-05
1.6286346e-05
1.6261463e-05
6.8128091e-06
0.0031356754
1.647231e-05
1.6529423e-05
1.5915688e-05
3.5775506e-06
0.0052023124
1.6398907e-05
1.6601141e-05
1.6679413e-05
1.6563988e-05
1.7591789e-05
1.5846855e-05
1.6467377e-05
1.656598e-05
1.758066e-05
1.6215269e-05
1.6277327e-05
1.632154e-05
1.7695023e-05
1.653722e-05
0.0026761761
0.015970024
1.5940853e-05
1.6362429e-05
2.2181965e-05
2.5010192e-05
2.4023669e-05
1.6460542e-05
6.4628398e-05
0.0017694162
1.583143e-05
0.0016524761
3.7947569e-05
1.6180992e-05
0.0019071721
1.6131481e-05
3.8180465e-05
3.3803468e-05
1.6595684e-05
1.658394e-05
1.5850705e-05
0.0013861622
1.6328065e-05
1.6093526e-05
0.0019129328
1.6142508e-05
4.8825709e-05
1.5950662e-05
0.00014164483
1.6933746e-05
1.656395e-05
1.6435351e-05
1.5806059e-05
0.0017316272
1.6546185e-05
1.6747753e-05
1.7060966e-05
1.9305668e-05
1.5981741e-05
1.6639595e-05
1.6574426e-05
1.3770711e-05
1.6053088e-05
1.2561423e-05
1.6201298e-05
1.6348164e-05
1.5960284e-05
1.6680881e-05
1.65313e-05
1.7255225e-05
1.5869272e-05
1.6162418e-05
1.6560576e-05
1.6512132e-05
1.6534022e-05
7.0308618e-05
1.7776994e-05
1.7454929e-05
1.6135991e-05
1.6357248e-05
0.0036417926
2.084422e-05
0.0030701961
1.595766e-05
8.5094596e-06
1.6084845e-05
1.6416597e-05
3.6310625e-05
4.6510724e-05
1.6434323e-05
1.6345249e-05
1.7630254e-05
7.7550289e-05
7.7031104e-05
1.5888652e-05
0.0048862838
1.6473254e-05
1.6213581e-05
1.6113276e-05
1.6675815e-05
1.722635e-05
1.6394634e-05
0.0021829834
0.015054749
1.6391936e-05
1.8076367e-05
1.5788202e-05
0.00010121984
0.006532657
1.6136883e-05
1.6610177e-05
1.7238457e-05
1.5890391e-05
1.6058411e-05
1.5999665e-05
1.7679135e-05
1.708968e-05
0.00013910864
1.6418888e-05
1.6678139e-05
1.5965499e-05
1.6590155e-05
0.00027839306
0.00040252079
7.1457261e-05
1.5832216e-05
1.7594204e-05
1.6338871e-05
1.5881016e-05
1.5896414e-05
1.6218727e-05
1.6178589e-05
1.6146248e-05
1.5808745e-05
0.011915805
1.6262671e-05
1.6189317e-05
0.001063211
1.6444474e-05
0.016336589
3.5131173e-05
1.5839927e-05
1.7543771e-05
6.5268557e-05
1.8101523e-05
1.6395573e-05
0.00047374601
0.0015181801
1.6608572e-05
1.5810412e-05
0.0017561951
1.6815416e-05
1.6017783e-05
0.00047642648
1.621485e-05
1.582455e-05
0.0036298313
1.7242874e-05
1.6185572e-05
1.6056447e-05
1.5844881e-05
1.6252109e-05
1.6058799e-05
0.00053986579
0.0025332587
1.5875401e-05
9.2134835e-05
1.647599e-05
1.6950861e-05
1.6351098e-05
5.4523483e-05
2.9307106e-05
0.001657912
0.0017207231
1.2506895e-05
8.1639947e-06
1.6543634e-05
1.6450977e-05
1.5812103e-05
1.6346019e-05
1.5884787e-05
1.6551074e-05
1.6154012e-05
1.6330036e-05
1.5717388e-05
1.5894952e-05
1.6117561e-05
5.3195854e-05
1.6463196e-05
0.0027142046
1.5931816e-05
1.642468e-05
2.1967465e-05
2.0854832e-05
1.5822247e-05
1.5822398e-05
1.6438884e-05
1.6525505e-05
1.6364095e-05
9.3679931e-05
1.5858374e-05
0.00087662675
0.00025356492
1.6333734e-05
1.6814108e-05
2.0678534e-05
7.2373459e-05
1.6367078e-05
3.818567e-05
3.164779e-05
1.6649524e-05
0.0016067214
1.6744503e-05
1.6210792e-05
3.2411083e-05
1.7986477e-05
1.61202e-05
1.9752654e-05
1.649623e-05
1.6373562e-05
1.6756615e-05
0.001754069
6.3952695e-05
6.414079e-05
1.5869706e-05
3.2399036e-05
1.6677484e-05
0.0013590411
1.5917899e-05
1.5824722e-05
0.002410933
1.6382808e-05
3.534914e-05
0.00013872211
3.692367e-05
1.5798627e-05
4.7340585e-05
2.2550507e-05
1.5845834e-05
0.0017280261
1.7730742e-05
1.6585151e-05
1.7329674e-05
2.0600601e-05
0.0011933549
1.6524512e-05
0.00083497918
1.5854628e-05
1.174398e-05
1.6373646e-05
0.00040491367
1.6325055e-05
1.7572342e-05
1.7557374e-05
1.6292436e-05
0.00013223761
2.4440139e-05
0.0029725872
1.6437841e-05
1.2758814e-05
0.0017886416
1.6419839e-05
1.6375988e-05
2.1598725e-05
1.6226261e-05
2.5798556e-05
1.6318746e-05
1.5893549e-05
1.7684978e-05
1.5861345e-05
5.6683978e-05
0.0030055942
1.6616597e-05
1.6301713e-05
0.00080047979
0.00049594675
1.5900906e-05
1.6168328e-05
1.6586986e-05
1.603559e-05
1.6671508e-05
1.7170906e-05
0.0036169075
0.016840319
1.5923803e-05
0.00010104276
1.5843015e-05
1.6774978e-05
1.9815381e-05
2.339315e-05
2.4529957e-05
1.5845993e-05
1.606515e-05
1.5878891e-05
1.6032909e-05
0.00088082124
2.9406798e-05
0.00031492436
0.00031683963
1.5871614e-05
1.6637962e-05
1.6598465e-05
1.3686779e-05
2.4814408e-05
1.6672309e-05
1.5937117e-05
1.8341087e-05
1.6222756e-05
0.0012333389
1.6021873e-05
1.5832558e-05
0.0017405723
1.6500429e-05
1.5816893e-05
1.6584146e-05
1.6345013e-05
1.637545e-05
1.6796642e-05
0.0060341491
1.6590113e-05
4.1862038e-05
1.6538671e-05
1.6495288e-05
1.7792516e-05
1.3370638e-05
1.6516369e-05
0.014668782
1.6832852e-05
0.0019746755
1.7285332e-05
1.7686127e-05
1.6420134e-05
2.3059297e-05
1.6543636e-05
1.3569238e-05
2.6416122e-05
0.0012617592
2.5499446e-05
0.00073097927
1.6630341e-05
1.6309267e-05
3.7274234e-05
9.3385954e-05
2.1026028e-05
1.5888463e-05
1.7303441e-05
1.6020559e-05
1.5846749e-05
1.7381248e-05
1.7459319e-05
1.5954583e-05
0.0016103276
5.341149e-05
0.00083075512
1.6435662e-05
1.6139358e-05
1.6689312e-05
1.5981197e-05
9.3786628e-05
1.6283438e-05
4.2541437e-05
0.015953054
1.5939955e-05
4.3958588e-05
1.6656293e-05
0.0030096983
1.5864742e-05
1.5976251e-05
1.6765962e-05
1.6508527e-05
1.831808e-05
1.5983219e-05
0.00064677704
1.5841433e-05
1.6337319e-05
1.6590746e-05
9.5820145e-05
1.6477043e-05
0.001315136
1.6569971e-05
1.3014397e-05
9.7811028e-05
4.2456958e-05
1.7622856e-05
1.6290676e-05
1.5889681e-05
1.6444912e-05
1.586088e-05
4.9454059e-05
0.0045469538
1.6351849e-05
1.6647518e-05
4.405136e-05
0.00010005355
0.0015021013
1.6867812e-05
1.6377842e-05
0.00036456422
6.7723037e-05
0.00021591655
4.4256415e-05
1.5856558e-05
1.6257479e-05
1.5889747e-05
0.00010200219
1.6249884e-05
1.6755786e-05
1.5840117e-05
0.00088983416
1.6512124e-05
1.6952226e-05
1.6930479e-05
0.00010547639
0.0024533137
0.01669764
1.5838654e-05
1.6341969e-05
0.00029641497
1.6438207e-05
1.6201893e-05
1.6253511e-05
1.6283114e-05
1.6224535e-05
1.5936954e-05
1.6844752e-05
0.0001082174
1.8702385e-05
1.6346915e-05
0.00045427969
5.2433498e-05
2.0475514e-05
1.6147527e-05
1.6238318e-05
1.6375138e-05
0.00010577063
0.00012698086
9.667086e-05
0.0015462869
1.623221e-05
1.5808444e-05
1.6570714e-05
0.0017805655
1.6416148e-05
1.6035304e-05
1.5821352e-05
1.5858702e-05
1.2638356e-05
8.2637115e-05
0.00012714047
1.6336568e-05
1.6732496e-05
1.6400963e-05
1.5856155e-05
1.5826938e-05
1.6751695e-05
1.5793199e-05
1.5786332e-05
5.6469367e-05
1.6104942e-05
0.00014440164
1.632792e-05
1.6323796e-05
0.00010166555
0.00064457122
1.6494542e-05
1.691779e-05
1.5860974e-05
1.5897023e-05
1.6747448e-05
0.00014463791
1.5845155e-05
7.4585129e-06
9.242957e-05
5.6675323e-05
1.657111e-05
1.687724e-05
9.6345379e-06
1.6543326e-05
0.00014829561
1.3393631e-05
1.7315099e-05
1.6106332e-05
1.640273e-05
1.6066233e-05
0.00083793379
1.6748447e-05
4.2631863e-05
1.6107428e-05
1.5806665e-05
0.00015576354
8.2039862e-05
1.5886448e-05
1.9875003e-05
6.2534388e-05
0.0026018513
1.5821109e-05
1.587476e-05
0.00016474309
1.6658431e-05
1.9750988e-05
1.6356494e-05
1.6364669e-05
1.6315982e-05
1.6414906e-05
1.6745269e-05
1.8865588e-05
1.7186196e-05
2.294738e-05
2.475549e-05
1.6780686e-05
1.626914e-05
1.6156769e-05
1.6255541e-05
1.634488e-05
1.7819371e-05
1.6356076e-05
1.6287096e-05
7.1416654e-05
1.6179514e-05
9.1592085e-05
0.0002633365
1.7034815e-05
1.6293668e-05
1.6086028e-05
1.676975e-05
1.7903848e-05
0.00015535067
1.626634e-05
1.592937e-05
0.0034381999
1.58547e-05
1.8135227e-05
2.2329925e-05
2.3054973e-05
4.9542399e-05
1.6447048e-05
1.7193213e-05
7.1121822e-05
1.6098681e-05
1.6501103e-05
0.0034768748
1.6276634e-05
1.6614426e-05
1.6559864e-05
1.5816619e-05
1.6427262e-05
1.5814553e-05
3.2613009e-05
0.0017364875
1.5849555e-05
1.6772702e-05
1.5872095e-05
1.6824431e-05
1.6678877e-05
1.6298397e-05
1.6567268e-05
1.6086541e-05
1.668001e-05
0.00021916925
1.6362512e-05
0.0015949439
1.6051495e-05
1.8208598e-05
1.6341532e-05
2.8188604e-05
1.6557607e-05
1.6046741e-05
1.7475651e-05
1.6081119e-05
1.6874571e-05
1.6019726e-05
1.6446644e-05
1.6343337e-05
1.7193799e-05
1.638753e-05
1.6301428e-05
1.7587142e-05
1.7361894e-05
1.6481785e-05
0.00028816837
1.6300258e-05
1.6619747e-05
2.1591989e-05
1.5984895e-05
2.1966382e-05
1.7000466e-05
1.0785046e-05
0.0012388043
1.6212013e-05
1.6673991e-05
1.6194873e-05
1.6435575e-05
1.5869789e-05
0.001175561
0.0016306786
0.0001068705
0.0030044211
1.584152e-05
1.2502665e-05
1.5802708e-05
1.6187775e-05
1.6370625e-05
1.5846812e-05
1.7061432e-05
0.00042873087
5.3060018e-05
1.6843682e-05
1.5797789e-05
0.00069498652
1.7367827e-05
1.7664589e-05
1.5743658e-05
2.1684256e-05
2.5051483e-05
1.582876e-05
1.6341259e-05
1.5843508e-05
1.5815791e-05
1.5872486e-05
2.4342461e-05
1.5899794e-05
2.0355078e-05
1.6462651e-05
0.001798147
0.0041893068
1.6563342e-05
1.6546892e-05
1.6492731e-05
1.6634287e-05
1.7751643e-05
1.5828231e-05
0.0049136589
1.5888867e-05
6.9574615e-05
0.0048387486
0.0049215559
1.7373553e-05
1.650749e-05
1.6227028e-05
1.6264423e-05
0.0003072265
1.6310445e-05
1.6574382e-05
2.1029405e-05
2.0739025e-05
0.00012768302
1.5834945e-05
8.6112333e-05
7.9660498e-05
1.6395879e-05
1.5924253e-05
1.5824086e-05
1.9054569e-05
1.6475042e-05
1.6481571e-05
1.6047876e-05
1.6356657e-05
1.6416374e-05
1.6156227e-05
1.6413114e-05
1.6674477e-05
0.0050082748
0.006701707
1.6171937e-05
1.615666e-05
1.6727834e-05
2.0166029e-05
6.0056814e-05
4.9049319e-05
1.5975333e-05
5.6122549e-05
1.5693362e-05
1.7114886e-05
1.7295408e-05
1.6121068e-05
0.0032000111
5.5691794e-05
3.5209521e-05
1.5933302e-05
1.6492459e-05
0.0018972637
1.5833501e-05
9.4977492e-05
0.0001256526
1.5878898e-05
1.6027261e-05
2.070522e-05
1.854427e-05
0.0012905152
1.7993241e-05
1.7605927e-05
1.5794979e-05
1.614339e-05
5.5054615e-05
1.6141641e-05
0.01626054
0.016546583
1.6017007e-05
1.6439649e-05
1.6384122e-05
1.5916453e-05
5.8499458e-05
1.6722153e-05
1.6683327e-05
6.0164523e-06
0.00036435785
0.0014051035
5.9209363e-05
0.00088185464
1.6262423e-05
5.8527401e-05
1.6503664e-05
1.5804789e-05
1.9638934e-05
1.6641913e-05
1.6718879e-05
5.6509378e-05
2.5145694e-05
1.6678817e-05
1.6677518e-05
1.5987316e-05
1.6767699e-05
1.6669355e-05
1.6659306e-05
1.6607588e-05
1.6276296e-05
1.5835165e-05
1.5881991e-05
5.4702099e-05
1.6217725e-05
1.6719741e-05
2.6158414e-05
1.8632644e-05
1.6497577e-05
1.583736e-05
1.6673811e-05
5.7828369e-05
1.6715116e-05
1.6001749e-05
1.6421224e-05
0.0043648807
1.6028539e-05
1.71419e-05
1.7321267e-05
5.694931e-05
1.8900261e-05
7.3388269e-05
5.1623388e-05
0.0014746281
1.599007e-05
1.6185235e-05
0.003937908
0.0031883353
1.7149668e-05
0.0016660031
1.6159023e-05
1.6176942e-05
5.5330127e-05
1.6385378e-05
1.615135e-05
1.2552281e-05
0.0012272029
0.016228493
1.7346917e-05
1.6715563e-05
0.0047320307
4.4799361e-05
1.6616787e-05
1.6438179e-05
1.6494089e-05
5.3480471e-05
1.7269819e-05
1.7200368e-05
1.7529606e-05
1.6221054e-05
1.6348703e-05
1.5989791e-05
0.00013454561
1.6527764e-05
0.00015110069
1.0314107e-05
1.7718454e-05
1.653613e-05
1.6838478e-05
1.6854074e-05
1.7346369e-05
0.0055447598
0.001339008
0.0047760093
0.0036726805
1.7285544e-05
1.6711541e-05
9.0006417e-05
1.6815951e-05
1.6051513e-05
7.9883967e-05
1.6585275e-05
5.1989169e-05
0.0016860595
1.652616e-05
1.3713157e-05
1.5810196e-05
1.5827493e-05
1.7731454e-05
7.5156018e-05
0.0018992508
1.5854325e-05
1.6095281e-05
2.1018761e-05
0.0003206996
0.0030176591
0.0030473502
1.6074436e-05
6.7090182e-06
0.0015968497
1.6403654e-05
1.6365773e-05
0.0013479642
4.2015726e-05
6.915781e-05
1.600692e-05
1.3485111e-05
1.6335031e-05
2.1158322e-05
1.6075841e-05
1.6366807e-05
1.4938102e-05
3.3200894e-05
0.0017158983
0.0099845295
1.5854152e-05
2.2388794e-05
1.6472222e-05
1.7819578e-05
0.0010644278
0.0025002549
1.6527998e-05
1.6152692e-05
1.6051272e-05
0.00089522219
1.5912742e-05
5.2617586e-05
5.285179e-05
0.001987055
1.7455999e-05
1.5996697e-05
1.7985037e-05
0.00088170787
1.7106403e-05
0.00027489338
1.6311683e-05
2.1162936e-05
1.8760433e-05
0.001428255
1.6761171e-05
7.0258715e-05
0.0030336867
1.5863766e-05
1.6133092e-05
1.6309744e-05
1.631439e-05
1.640596e-05
1.6418917e-05
1.6639978e-05
1.6489176e-05
0.00197997
1.7125801e-05
0.0018626162
0.0015280897
0.0017067221
1.8267848e-05
1.5957023e-05
1.9547977e-05
1.5930755e-05
1.5841072e-05
0.0048606749
0.011528777
1.6368137e-05
1.9791072e-05
8.3272083e-06
1.5914279e-05
1.677128e-05
1.6321176e-05
1.5790102e-05
9.8823355e-05
1.5832479e-05
1.6157923e-05
1.655941e-05
1.6487694e-05
1.643485e-05
1.6648683e-05
1.7312658e-05
1.8358563e-05
3.1442378e-05
1.6374055e-05
1.6355487e-05
5.424225e-05
1.6359965e-05
1.9464314e-05
1.6403447e-05
9.6108588e-05
1.6041242e-05
1.6351618e-05
1.7905188e-05
0.0016473243
1.5823563e-05
2.2870096e-05
1.9766474e-05
0.0023438745
1.5861868e-05
0.0035939018
6.4077451e-05
1.9111178e-05
1.6420078e-05
0.0015430915
1.657727e-05
0.00010816031
1.6400866e-05
1.6595743e-05
1.6085729e-05
1.5911903e-05
1.6108538e-05
0.00088992385
1.8936874e-05
1.6599281e-05
0.00015162525
0.00088422494
1.5871163e-05
9.868215e-05
1.7447952e-05
1.5929694e-05
1.6435784e-05
1.8816341e-05
1.5436796e-05
1.9298979e-05
0.00096519623
1.5865389e-05
1.754232e-05
1.677726e-05
1.6814313e-05
0.016029066
1.6544649e-05
1.5870598e-05
1.6376709e-05
0.0019883728
1.674741e-05
1.8563879e-05
0.0026557951
1.7458221e-05
1.7008605e-05
1.5851436e-05
6.0335407e-05
0.0017405005
8.0662492e-05
1.6990414e-05
1.6010647e-05
1.6854676e-05
1.726913e-05
9.5476921e-05
1.6541208e-05
0.0008021873
0.0016048673
5.344549e-05
0.00030564663
1.7372496e-05
1.8819713e-05
1.6600962e-05
5.832595e-05
5.3251223e-05
1.648088e-05
1.7535197e-05
1.6780258e-05
0.00010078053
1.6715977e-05
2.1786907e-05
0.00028710496
1.9186182e-05
1.6008104e-05
1.625126e-05
1.6100784e-05
1.2384197e-05
0.00010457712
1.5917831e-05
1.6171985e-05
1.790875e-05
1.6678914e-05
0.0076093956
1.5813786e-05
0.0017974167
1.6687232e-05
0.0010214096
1.2463409e-05
1.6095832e-05
0.0029425737
1.7007186e-05
3.6486655e-05
5.0503686e-05
1.6429404e-05
0.0023294946
1.6341047e-05
0.0017449683
1.6272633e-05
1.6447739e-05
0.00013955729
1.7202264e-05
1.5935154e-05
9.255283e-06
9.3070494e-05
1.5894402e-05
1.6158707e-05
0.00034258648
0.003027796
3.5169614e-05
1.6712522e-05
1.7425109e-05
1.5878455e-05
3.9168436e-05
0.00042928116
1.7371628e-05
7.8127361e-05
2.1271913e-05
1.5932625e-05
1.4798262e-05
1.3231937e-05
1.5835406e-05
9.7159663e-06
1.6116421e-05
1.6462382e-05
1.6385443e-05
2.0192077e-05
1.6219603e-05
1.6403018e-05
9.0304951e-05
1.6629634e-05
1.6054187e-05
1.600479e-05
1.6761112e-05
1.7987505e-05
1.5819951e-05
0.016889491
1.5829124e-05
1.6140677e-05
1.5809558e-05
3.6653837e-05
1.6384818e-05
0.00022744004
1.6688751e-05
4.6764985e-05
1.6707802e-05
1.6655446e-05
1.4158291e-05
1.8037567e-05
1.6003129e-05
3.3474796e-05
1.586214e-05
1.6257401e-05
1.6338495e-05
1.7116068e-05
1.6287504e-05
1.271951e-05
1.5852243e-05
1.6355779e-05
1.7275809e-05
0.00013586357
1.6487185e-05
1.5969541e-05
1.6220912e-05
1.5884097e-05
1.5809337e-05
1.6588278e-05
1.6192436e-05
1.6130991e-05
0.0030481151
1.5860932e-05
1.6495758e-05
0.0080932647
0.0021634208
1.649586e-05
0.00028264608
1.6186044e-05
1.6714976e-05
0.0029924555
1.5980886e-05
0.014287103
1.0983906e-05
1.6303769e-05
0.00010277248
1.5846663e-05
1.7295289e-05
1.6702738e-05
0.003470618
1.600668e-05
1.5947966e-05
1.6528758e-05
2.0174627e-05
1.6825161e-05
0.00012390079
1.6390915e-05
1.645909e-05
0.0022447685
2.9728666e-05
1.7835958e-05
1.7381294e-05
1.626172e-05
1.5837786e-05
1.6020249e-05
8.0401557e-06
4.0996631e-05
0.0017138276
0.0034136536
1.8424097e-05
1.7845802e-05
0.0015443613
1.5894971e-05
0.00019333981
0.0016805611
1.6341909e-05
1.9588412e-05
1.6055317e-05
5.2003539e-05
1.7733689e-05
0.0018445789
0.00040448786
1.5962524e-05
1.267211e-05
1.6952411e-05
0.016567167
0.00017094964
1.6496513e-05
1.6747381e-05
0.001381503
1.6282028e-05
1.5888141e-05
1.9606972e-05
1.4992299e-05
0.00010983733
6.7247666e-05
1.5896566e-05
1.6405109e-05
1.6378032e-05
0.0020914348
1.2662633e-05
1.6107245e-05
1.5816828e-05
0.00010819796
4.00079e-05
5.6787087e-05
1.601925e-05
1.7465491e-05
4.2720158e-05
1.5841323e-05
1.6340355e-05
1.6354344e-05
1.5819977e-05
0.00085479509
0.00064211242
7.8059748e-05
1.5942184e-05
1.3396937e-05
2.4471354e-05
1.6433192e-05
0.00083805895
0.00011224485
3.9101313e-05
1.6206224e-05
5.0874911e-05
3.1881294e-05
1.63888e-05
1.6362224e-05
1.7186471e-05
0.0015218453
1.5863174e-05
0.00023540084
0.0011213457
2.9853573e-05
1.5805292e-05
4.9506575e-05
1.6446719e-05
0.00037002753
0.0042423561
0.0014313794
1.6390183e-05
2.3689579e-05
1.6431866e-05
0.0017342806
0.0017597314
1.6805941e-05
1.6772424e-05
1.6568394e-05
1.6601453e-05
1.6837309e-05
0.00032133096
1.654297e-05
1.6950372e-05
0.0096752377
4.3824242e-05
3.4909146e-05
1.6110447e-05
1.6672386e-05
1.6133515e-05
0.00015765518
1.583883e-05
1.7837915e-05
2.9759958e-05
1.9705242e-05
0.0030608411
0.0030257989
1.2781401e-05
0.0043448311
5.3246852e-05
1.7105635e-05
0.0020200614
1.6459116e-05
0.0003359822
1.2912326e-05
2.7693587e-05
1.5809959e-05
9.6164376e-05
1.6754366e-05
5.4178871e-05
0.00010728132
1.6576183e-05
1.6666951e-05
1.6217037e-05
3.3604539e-05
0.016143458
0.00030655233
0.0011454977
1.6646395e-05
2.101764e-05
2.0561143e-05
2.4946046e-05
1.9593466e-05
1.6503144e-05
1.7687798e-05
1.8432921e-05
1.6681299e-05
1.611197e-05
1.6075082e-05
1.9199887e-05
1.5836403e-05
3.5219623e-05
1.5836893e-05
1.643764e-05
1.5938899e-05
0.0012838726
1.4539935e-05
1.6178666e-05
1.650789e-05
1.7021251e-05
1.6399145e-05
1.6344729e-05
1.6166588e-05
4.8503887e-05
5.2336675e-05
1.6408673e-05
0.00037257727
0.0020176932
1.6348587e-05
1.6670547e-05
1.5813985e-05
5.5139988e-05
9.5745827e-06
1.6320882e-05
1.6041704e-05
2.0795567e-05
0.0017824062
1.6430461e-05
0.0016401915
1.6245023e-05
1.5835825e-05
0.0014663932
0.0014456567
1.6446276e-05
1.6643219e-05
1.5902973e-05
1.6466924e-05
1.6699285e-05
1.7542234e-05
1.6986314e-05
1.5850022e-05
1.6475738e-05
0.0002853718
0.00011145284
1.5935683e-05
1.3819564e-05
1.6924387e-05
0.0014690503
8.5271131e-05
7.9878408e-05
9.5108639e-05
6.506561e-05
0.00011668869
1.3050719e-05
1.5809601e-05
0.0018191421
7.9076261e-06
1.6344508e-05
1.5851406e-05
9.5544722e-05
0.00010323766
0.00032296728
3.3142574e-05
1.5843017e-05
1.584034e-05
0.00092082401
0.0010842296
3.5238876e-05
2.2691212e-05
0.00013770143
1.6013317e-05
0.00089290181
0.0011564059
1.6425567e-05
0.00078787949
0.0010507869
1.5893666e-05
1.3678929e-05
1.6563937e-05
1.9325623e-05
0.0015938871
0.0016398111
2.3050493e-05
0.0041569463
1.8358724e-05
1.5807755e-05
0.00024028802
1.5881141e-05
1.6143793e-05
0.0046825308
0.0013636739
1.587301e-05
0.00059476871
1.6420615e-05
0.0012629797
0.00012586322
1.8337702e-05
1.7991366e-05
0.00012031376
1.848473e-05
0.00038405846
1.5882829e-05
1.5894797e-05
1.5838363e-05
2.5797283e-05
1.6713187e-05
4.9422534e-05
0.00088600161
0.0011312502
0.00087442751
0.00082834148
0.00034040644
1.5854207e-05
1.5576378e-05
9.9961838e-05
1.6830917e-05
1.6813349e-05
0.0015553709
0.001737129
0.00036171926
0.0019931894
1.5843708e-05
0.0024061136
1.7987538e-05
1.5840754e-05
1.5836305e-05
8.5480073e-05
5.4016601e-05
0.00010209572
0.00035276517
5.5543804e-05
2.749644e-05
1.6584667e-05
0.00030430337
0.0014531921
1.6362527e-05
1.6615901e-05
1.8079373e-05
1.7574443e-05
1.7522281e-05
0.00069460029
0.00059055058
5.3300225e-05
2.0965815e-05
2.9006478e-05
1.6675939e-05
1.668285e-05
0.0015907793
0.0029480213
1.587259e-05
3.4139731e-05
0.0021227315
6.9549447e-06
9.3150833e-05
0.00010462656
1.9893086e-05
1.6189496e-05
0.00026569314
0.0016531327
0.0017781542
1.2762955e-05
9.8526458e-05
9.0417118e-05
1.680452e-05
0.00034205794
1.8342771e-05
0.00078316797
1.6038629e-05
1.6858635e-05
3.6690085e-05
0.00024092009
4.9236579e-05
1.5835119e-05
1.593163e-05
6.3276292e-06
1.7339472e-05
0.00016283896
1.5885083e-05
1.5918679e-05
0.00012308967
1.6493364e-05
0.0030483223
1.5835754e-05
1.5819368e-05
1.642235e-05
1.5848521e-05
0.014381873
1.5984251e-05
1.6305277e-05
1.5823471e-05
2.0731635e-05
1.682641e-05
0.0018505454
4.4623263e-05
3.6357589e-05
2.9718595e-05
1.5858641e-05
1.6634416e-05
0.0017047309
1.6400091e-05
0.00093627263
0.00026081998
1.968462e-05
4.9390053e-05
1.6982295e-05
0.00010964583
0.00014999865
0.00029315822
0.00010836523
0.00011644641
0.00010371376
1.7465537e-05
1.7915031e-05
1.635521e-05
1.6355394e-05
0.00085775594
0.00067639312
0.00022998277
1.5302127e-05
1.7331068e-05
1.6368618e-05
1.7440604e-05
1.6702367e-05
0.01695143
0.0012519991
6.7785742e-06
5.4749185e-05
5.7900744e-05
1.6454738e-05
0.00025483847
0.0043771436
0.0064289087
1.6804989e-05
1.6823024e-05
1.6644046e-05
1.6599244e-05
0.0003093454
0.00012435773
1.5826875e-05
3.8806056e-05
0.00010023052
0.0020544168
3.4176767e-05
1.6337809e-05
8.1885483e-05
6.2309713e-05
1.5933955e-05
6.5992116e-06
0.0030493248
1.4547692e-05
0.0064130416
0.00017968295
0.0029474986
2.770556e-05
0.00033088268
0.00059737929
5.3494209e-05
5.3640378e-05
0.00080671565
1.6839646e-05
0.00055997848
8.2763087e-05
0.00012706043
1.5848173e-05
2.1519896e-05
0.014938974
2.9747661e-05
1.6506144e-05
1.6898254e-05
1.9870472e-05
2.2361177e-05
1.6684484e-05
1.6687291e-05
8.3370924e-05
0.0021778516
0.0013608422
5.6762082e-05
2.2997279e-05
0.00059709721
1.8517378e-05
0.00085031676
1.8311038e-05
1.7595958e-05
0.00027409423
0.00057611083
0.002420671
0.00034268638
0.00034611932
1.8096378e-05
0.00018404427
1.6700142e-05
1.6727148e-05
0.00069739479
6.9001698e-05
0.00013001208
5.6316827e-05
1.5940504e-05
1.3761369e-05
1.6953506e-05
7.9420147e-05
0.00011374329
1.6600824e-05
7.5533352e-05
8.2142627e-06
1.6638944e-05
1.6630884e-05
0.0030975221
3.4807852e-05
0.00090790883
0.00027038865
0.00026901376
1.9997253e-05
1.629757e-05
6.8618196e-06
0.0017532442
0.00026059203
0.00025960106
1.6758917e-05
0.00078635961
0.00012864793
0.0013406791
1.6701658e-05
1.6625742e-05
0.0012728842
0.00013963811
1.8767457e-05
0.0001067076
1.5840347e-05
0.0011602165
0.0011380038
0.00055966005
0.00093223859
1.5856471e-05
1.6605635e-05
1.6865248e-05
0.00087327494
0.00049054002
0.0024360523
0.0024647325
9.7373779e-05
8.5580984e-05
0.00010214428
0.00056217018
1.934562e-05
1.6615874e-05
1.6648455e-05
1.7404711e-05
0.00012211635
1.6536877e-05
0.00022994155
1.6683592e-05
0.0022330447
2.2682058e-05
3.4256513e-05
0.00049791899
0.00010453074
0.00011991013
0.00026434318
1.7615903e-05
0.00023607722
0.00011852839
1.9029906e-05
1.6803506e-05
1.682899e-05
1.8855608e-05
6.1131355e-05
0.00037259818
4.9357046e-05
0.00010170347
0.0012587681
0.00056940481
1.8255671e-05
0.0031168891
1.581908e-05
0.014024304
0.014994816
1.6299534e-05
1.6381199e-05
3.4243736e-05
0.0015509961
0.00093211815
1.6455023e-05
1.7339369e-05
1.698217e-05
0.00011521042
0.00015056722
1.6478339e-05
0.00015041402
0.00011625745
1.8178334e-05
0.0021897295
1.636671e-05
0.0010732778
0.00067376038
8.2966649e-05
1.5392973e-05
1.531431e-05
0.00012746938
8.3860776e-06
1.7733894e-05
1.7331222e-05
1.6363464e-05
0.00023596125
7.9644837e-05
5.7844714e-05
1.6454805e-05
1.6848773e-05
0.0031685616
0.0060797737
0.0078363778
0.0012348097
2.9753069e-05
1.6322877e-05
0.00033194587
1.5805934e-05
0.00012651573
3.1628763e-05
1.6542481e-05
1.6685866e-05
1.6685126e-05
0.0016696389
0.001354086
0.00069600269
1.8170248e-05
1.6713602e-05
1.63712e-05
1.75903e-05
1.8314346e-05
0.00081688305
1.7192968e-05
1.7153656e-05
0.00014476612
0.00085688321
0.0021663517
1.5878619e-05
0.0023689032
0.0015114298
0.00048807294
1.6067504e-05
3.5929437e-05
8.0881615e-05
4.7351177e-05
0.00027549992
0.00090550702
1.9995538e-05
2.2094038e-05
2.0790085e-05
0.00025674022
0.00013723427
0.00043125099
0.00065635649
0.0016436833
1.8772554e-05
1.6691406e-05
1.5850639e-05
0.0014403963
0.00080473897
1.8686718e-05
0.00092229979
1.5828794e-05
1.6781631e-05
1.686442e-05
0.0031363176
0.00014046698
0.00012400348
1.6633464e-05
1.666641e-05
6.574224e-05
3.2993619e-05
0.00011794509
0.00012001222
1.612441e-05
0.0021295251
1.8234473e-05
1.7532319e-05
0.00011878069
3.4371708e-05
1.6854826e-05
1.6828899e-05
1.9376995e-05
0.00037417414
0.00040444367
9.1183651e-06
0.0030988305
1.5857305e-05
0.015017738
0.00012371391
1.6383289e-05
3.4233317e-05
0.00092395913
0.0015407985
0.0015169031
0.00017950051
0.00086607131
1.702139e-05
0.0024220449
3.637663e-05
0.0028657478
0.00023972153
0.00011500335
1.5851813e-05
0.00015069983
1.8881937e-05
0.0007059211
4.4130326e-05
1.7493915e-05
1.6370441e-05
0.00069098914
3.2036096e-05
6.8523877e-05
4.3272649e-05
1.6468961e-05
2.177538e-05
0.0010496703
1.684953e-05
2.9525169e-05
9.1514332e-06
0.0083528293
0.0093218617
1.6706676e-05
0.00033035412
0.016931854
0.00014664075
1.6546572e-05
1.6559336e-05
1.6688271e-05
1.6679337e-05
2.5778839e-05
3.7038888e-05
3.2760866e-05
1.6714525e-05
1.7234647e-05
1.7154893e-05
0.0022930336
0.00090342431
7.3567735e-05
3.5769041e-05
0.00092126307
2.0877801e-05
5.1800061e-05
8.39998e-05
0.0016901714
0.0016691844
1.9779107e-05
0.0014585035
0.0006950448
0.00099484831
1.5833355e-05
1.6846288e-05
0.00016237186
1.6629197e-05
1.6668009e-05
1.6622365e-05
3.307462e-05
0.00015035873
0.00011785084
0.00016875902
1.6855877e-05
1.6856192e-05
1.9377952e-05
2.0133972e-05
0.00040279972
0.00057462871
0.0029192336
1.6425333e-05
0.001055416
2.7986713e-05
3.9901839e-05
0.0011871903
0.0015265211
1.7019905e-05
0.00012014104
0.00021514301
1.8882277e-05
1.927455e-05
0.00070315538
0.00091881024
0.0015078598
1.7494195e-05
1.6401477e-05
1.6364423e-05
2.2224212e-05
6.8451454e-05
1.6511494e-05
1.6469851e-05
0.00069297436
1.6908458e-05
1.6831229e-05
0.010565958
0.00014538075
1.668446e-05
1.6673673e-05
1.6856983e-05
1.6839073e-05
1.6684947e-05
1.7653932e-05
1.7232748e-05
3.7071574e-05
7.4076279e-05
2.2029599e-05
2.087577e-05
0.0019457297
1.987354e-05
2.4038699e-05
0.00068979198
1.6846409e-05
0.00016213939
1.6591283e-05
1.6643878e-05
1.664201e-05
1.6625167e-05
0.00016836668
0.00016914322
1.6855185e-05
1.6915104e-05
1.6826845e-05
2.0880701e-05
2.0133442e-05
1.3469814e-05
0.00057692566
0.00043149138
0.0028961026
0.0028770872
1.6431272e-05
1.6427617e-05
3.9886806e-05
5.1515393e-05
0.0011429433
0.00016469678
1.9838358e-05
1.9273641e-05
0.00050713197
0.00095537409
1.636948e-05
8.301619e-05
1.6489511e-05
1.6910592e-05
0.011530189
0.0018571194
7.0941393e-05
1.6656356e-05
1.668683e-05
1.66837e-05
1.7326461e-05
1.7657723e-05
0.0023573562
0.00016307762
3.6896854e-05
2.0922333e-05
1.5815646e-05
0.00040430281
1.6828988e-05
1.6898056e-05
0.00018530997
1.6641177e-05
1.6573565e-05
1.6642713e-05
1.679962e-05
1.6882097e-05
2.1039118e-05
0.0018746676
0.00080349542
0.0004294831
0.00066888645
0.0028975801
0.002434851
1.6436513e-05
4.588951e-05
0.0007406515
0.00099970255
0.0023882403
1.9839844e-05
1.9691869e-05
0.00125942
0.0005051141
1.63648e-05
0.00067653433
1.7363609e-05
8.2930343e-05
1.6490519e-05
0.011566373
0.012220429
1.6653975e-05
1.6677362e-05
1.6684425e-05
1.6623806e-05
0.00070670107
1.6692255e-05
0.00064060388
1.8091717e-05
1.8866555e-05
1.7490962e-05
1.732382e-05
2.3119658e-05
0.0001648539
1.6828886e-05
0.0001850322
1.6652531e-05
1.6526308e-05
1.6610586e-05
1.6573372e-05
1.6799238e-05
0.00085474082
0.00080682775
0.00046443332
0.0023758251
1.6432979e-05
4.5856274e-05
0.00071436927
0.00073274302
0.00064790403
2.0844255e-05
1.9690088e-05
2.1140815e-05
0.0012667962
0.00053524339
0.0018619242
1.6370911e-05
1.6341144e-05
0.00010151998
1.6513715e-05
1.6447272e-05
0.012846835
0.012156103
1.6530638e-05
1.6665047e-05
1.6679741e-05
1.662644e-05
1.6691537e-05
1.74193e-05
1.8873089e-05
1.703174e-05
0.00038484752
2.3065306e-05
0.00016440623
0.00021766565
1.6815751e-05
0.00021082252
1.6651551e-05
1.6699907e-05
1.6608374e-05
1.660665e-05
1.6543079e-05
1.6490791e-05
1.6766124e-05
0.001062331
0.00070364268
0.0007431596
0.00046222016
0.0024007912
1.6469892e-05
1.642161e-05
5.5085345e-05
0.00072190834
0.00036014733
2.0076264e-05
2.2009426e-05
0.00053318473
1.6336266e-05
1.6405556e-05
0.00010139133
0.0001458155
1.651095e-05
0.013183195
1.6671681e-05
1.6704922e-05
2.1687134e-05
1.7415983e-05
0.00040087274
2.0460843e-05
2.3276512e-05
1.6814782e-05
0.00021049156
1.6624976e-05
1.666155e-05
1.6656431e-05
1.6573945e-05
1.6609668e-05
1.6767089e-05
0.00049478934
0.0010657967
0.00030473469
0.0023477484
1.64663e-05
5.503772e-05
0.00035558451
0.00068147444
2.0073084e-05
0.00056325833
1.6409176e-05
7.173066e-05
0.00017818898
1.6518037e-05
0.013584026
1.6670453e-05
0.0001362341
1.6704799e-05
2.2927521e-05
1.7549084e-05
2.1702172e-05
2.3228219e-05
2.0453322e-05
1.6802292e-05
1.6857958e-05
0.00024023888
1.6659674e-05
3.2781586e-05
1.6570932e-05
1.6729726e-05
0.0012866696
0.00049219206
0.001941067
1.6404287e-05
4.1341734e-05
6.9086285e-05
0.00068846398
0.00013665465
0.00076305973
0.00056110504
0.00014658486
1.6445825e-05
1.6579834e-05
7.165435e-05
1.6514999e-05
0.01366216
1.666341e-05
0.00039847468
2.8750901e-05
1.6718326e-05
3.1009525e-05
1.7545244e-05
1.8760725e-05
2.0719375e-05
2.3409626e-05
0.0022840205
0.0023354319
1.695904e-05
1.6668973e-05
1.6801386e-05
1.6955785e-05
1.6667285e-05
1.6535354e-05
1.6772133e-05
1.6643566e-05
2.068746e-05
1.6667815e-05
0.0027776685
1.6729441e-05
0.001341656
0.00053238045
0.0012934842
0.0016842023
0.0011817857
1.6678386e-05
1.6771544e-05
1.641538e-05
1.6386511e-05
0.0027330968
1.6642256e-05
6.9021659e-05
9.9634808e-05
0.00062754794
0.00013508588
0.00012778519
1.669682e-05
2.8142073e-05
0.0016943698
0.0011772994
1.6679138e-05
1.8528487e-05
1.643021e-05
0.0010544455
0.00036943478
1.66431e-05
2.5881301e-05
0.00022660128
0.00059343983
1.6451463e-05
1.6453574e-05
1.9659563e-05
1.6696227e-05
8.3903523e-05
0.0010580824
1.6531562e-05
1.664373e-05
1.6398199e-05
1.8588324e-05
0.00093827315
0.001248831
1.8655325e-05
1.8594123e-05
0.00082869389
0.00012920979
0.00094119336
1.8685307e-05
0.013960653
1.6392823e-05
1.7139275e-05
0.0011724574
1.8649387e-05
2.1664155e-05
0.00033093039
0.00083105025
2.5717618e-05
1.666052e-05
1.6233571e-05
2.1654418e-05
0.00072594881
1.6708976e-05
1.7980343e-05
1.6642648e-05
1.7392401e-05
1.6461865e-05
1.871707e-05
2.0945668e-05
0.0013120562
0.0013802746
0.00057141362
1.7973872e-05
1.6759761e-05
1.6642747e-05
1.9671579e-05
1.6825752e-05
2.0954358e-05
0.00045369716
0.00098008552
1.6716742e-05
1.5674105e-05
0.0010303188
0.0015520055
2.0728058e-05
1.7095147e-05
2.0313785e-05
3.4831774e-05
6.0389786e-05
1.7740679e-05
1.6734695e-05
2.0321272e-05
1.6488252e-05
1.7466821e-05
0.00056032431
3.3224965e-05
0.00043967759
0.00027438857
1.8710994e-05
1.8779205e-05
0.0012533907
4.7669945e-05
6.867971e-05
1.4930588e-05
2.3371688e-05
0.00061705932
1.686187e-05
1.9096269e-05
1.6741466e-05
1.6402739e-05
0.00014234135
2.2012613e-05
1.6279819e-05
1.5636366e-05
0.0014422005
1.6784853e-05
0.0010121293
1.9660377e-05
1.6091777e-05
1.6713851e-05
1.6737957e-05
0.0012613565
2.2500191e-05
0.0002269252
1.6340025e-05
1.8066604e-05
1.6996886e-05
0.00022758622
1.8898199e-05
1.9025224e-05
1.7968295e-05
1.6398571e-05
1.6523053e-05
1.6477532e-05
1.6666598e-05
0.00072784543
1.5030138e-05
7.709711e-05
1.7571182e-05
1.7565773e-05
0.0019287244
0.00018364995
6.0867729e-05
3.7258585e-05
1.6357561e-05
1.7001075e-05
0.00069406124
1.6532137e-05
0.00027489495
0.00032998547
0.00069759172
1.6459776e-05
3.8338176e-05
1.7142953e-05
1.8968022e-05
0.00037499402
0.0010108268
1.6513959e-05
0.00045460722
0.00080687796
1.6309197e-05
1.6333068e-05
1.6739117e-05
0.0015255344
1.6455582e-05
1.6320973e-05
0.001225243
2.4859738e-05
0.00022794026
7.4403699e-05
0.00033024486
0.00055914736
1.6519245e-05
0.00056472089
1.6678932e-05
1.6106382e-05
1.6483437e-05
2.0314029e-05
1.8109549e-05
0.00052950277
1.8677925e-05
0.0012170982
0.0016191254
0.0009991076
1.6323581e-05
1.6781799e-05
1.6307844e-05
1.8014685e-05
0.00062029756
0.0014396301
1.8360924e-05
0.00061549329
1.6412097e-05
0.0014083148
0.0004278094
6.4877844e-05
1.6480273e-05
1.5858823e-05
0.0012175671
0.0012539249
0.00026288165
2.0692791e-05
1.7464125e-05
2.7039474e-05
0.0011264279
0.00067705409
1.6762782e-05
0.0010926523
1.6301786e-05
1.6386341e-05
1.8534162e-05
0.00067550077
2.7290213e-05
1.6416064e-05
0.00018839946
0.00011738143
0.0054615154
0.0011948098
2.2384291e-05
0.00033136263
0.00071936356
8.7516399e-05
0.00014554956
6.3894571e-05
0.00028816232
0.00063422862
0.0022133513
7.927762e-05
5.7533725e-05
0.00036276278
1.6486122e-05
2.2739687e-05
0.00069316258
1.7472423e-05
0.0010727648
1.7344312e-05
0.00155519
0.0015138967
0.0061314343
0.00026560542
0.00057241261
1.6467577e-05
0.00037612293
0.0059576929
1.6861438e-05
0.00079204791
1.6417656e-05
0.0013746098
1.6419698e-05
1.6456714e-05
0.00059113732
1.6638606e-05
1.6368502e-05
1.900526e-05
0.0012398142
2.1878867e-05
1.6519128e-05
1.647141e-05
0.00525821
1.6482639e-05
0.00083751713
1.8019227e-05
1.9760844e-05
0.013466066
0.00029070476
0.00028219754
1.6561109e-05
4.7178606e-05
0.0082739061
0.00063028243
0.00066015916
1.6476781e-05
1.6435863e-05
0.00039692725
1.6245246e-05
1.6675238e-05
3.9345015e-05
0.00047650371
3.464474e-05
0.0015106468
1.8531695e-05
0.00035113172
1.6442178e-05
0.0025415553
2.0498973e-05
1.652969e-05
8.378871e-05
0.00058520085
1.6673493e-05
2.7470385e-05
0.00037408437
0.0062245045
0.0025550108
1.6693836e-05
1.6446154e-05
0.00072951799
0.0011049618
1.6505016e-05
2.1230044e-05
1.6494426e-05
1.6374984e-05
0.00024750444
0.0015841994
1.8603756e-05
1.6597684e-05
0.0012745841
1.6473635e-05
0.0014475443
1.6807916e-05
2.0494641e-05
1.6593203e-05
1.6484334e-05
0.00080893551
0.0089339578
0.001823599
0.00061972702
1.6516057e-05
1.6152273e-05
0.0027795115
0.00011593097
0.0052965653
1.7681261e-05
1.7090564e-05
0.0016443434
0.013820228
1.6473938e-05
0.0011304858
0.00016264516
1.6449057e-05
2.2551669e-05
0.00056255529
3.0208827e-05
0.00024661748
3.8213914e-05
0.00086220917
2.7242021e-05
0.014273667
1.7637204e-05
0.0015767305
1.6545131e-05
0.0014187542
0.0005687446
1.6350863e-05
0.0010709721
0.011419274
4.8745535e-05
4.7389325e-05
0.00011730171
0.0032843157
0.001418977
1.643912e-05
1.6756878e-05
5.949711e-05
1.7113472e-05
1.6633141e-05
0.0015786002
1.7057591e-05
1.6353319e-05
1.6529972e-05
0.0060639961
1.6646809e-05
0.0012251896
6.6265031e-05
0.00011784903
1.6493396e-05
1.6340403e-05
1.6865885e-05
0.00046365292
0.000173689
0.0013721998
0.0050369432
1.6398757e-05
1.8865385e-05
1.8114305e-05
0.0017584139
1.6516952e-05
1.6592688e-05
2.7146534e-05
0.00073757351
0.00051231493
0.0017255369
1.7108654e-05
2.2490584e-05
1.6549071e-05
0.0040291506
0.00019729942
0.00075630138
1.7370992e-05
1.6440516e-05
1.6081434e-05
1.6317574e-05
1.7059789e-05
1.6599813e-05
0.0013269013
0.0030474139
0.00089765559
0.0033566649
6.2773932e-05
1.6677226e-05
1.8361658e-05
1.823899e-05
0.0071273368
1.6386136e-05
8.6007968e-05
1.7151653e-05
0.0001053537
1.6615828e-05
1.9531459e-05
0.00034761836
2.012986e-05
0.0078223772
3.1996157e-05
0.0010642021
1.7384868e-05
1.6535765e-05
1.6269879e-05
1.7028321e-05
1.7461404e-05
1.6194076e-05
0.00017990897
2.2805194e-05
1.6568535e-05
2.0613835e-05
0.0019080492
4.7211837e-05
0.0019110707
4.8261131e-05
0.00018872295
0.013992232
0.00020906635
0.00054134516
1.7347352e-05
0.0002869194
6.6258161e-05
1.9977064e-05
0.00038153874
0.0028028022
2.2147468e-05
0.00096151178
0.00074528748
1.8973149e-05
1.6485213e-05
0.0004000363
0.0012824908
0.00224299
1.6483597e-05
1.816253e-05
1.5689848e-05
0.0039781604
0.002944444
0.00091642616
1.65367e-05
2.672891e-05
1.6556589e-05
1.6406351e-05
0.0017060814
1.6732954e-05
0.00061704435
0.00012941365
0.0012324975
0.0014375072
1.903003e-05
0.00020049376
0.00045833298
1.8067558e-05
1.6468553e-05
2.4531468e-05
2.0363444e-05
0.001009187
4.8295359e-05
1.6467678e-05
2.2532555e-05
0.0010789812
0.0013580253
1.650146e-05
0.0020485464
0.0017400727
1.66742e-05
2.3282493e-05
0.00033078947
0.0016578434
0.00022151663
1.649949e-05
0.0036492464
1.6467786e-05
1.6905087e-05
0.0012956154
0.0021883356
0.0029081238
1.7736351e-05
0.0053427384
0.0012104224
1.645685e-05
0.0082509898
0.0043935818
1.648162e-05
1.7624144e-05
1.6384502e-05
0.0008645191
0.00073191939
1.6515534e-05
1.64898e-05
0.00048444915
2.1848611e-05
1.6683396e-05
1.7398793e-05
2.6311842e-05
0.00050719192
1.6840257e-05
1.7527215e-05
1.6446972e-05
0.00028412027
0.00086702259
0.0044011041
1.6572647e-05
0.0041067358
0.00059563131
0.00034924221
5.8709024e-05
1.6571539e-05
2.516712e-05
0.00030842018
1.6549034e-05
0.0053185446
1.6082179e-05
1.6473581e-05
0.0025671657
0.010727801
0.00039402455
1.628681e-05
0.0014225988
2.6656048e-05
1.6442278e-05
1.7453088e-05
1.5771764e-05
0.011598207
2.023133e-05
1.6585412e-05
1.7463642e-05
1.6596023e-05
2.2568009e-05
1.7791861e-05
0.0062494671
1.6141675e-05
0.0015455933
0.0092365322
1.6547787e-05
2.1445401e-05
0.00010514231
0.00099914671
2.7399187e-05
2.3647367e-05
1.6605263e-05
2.2805512e-05
0.00046830412
0.00050612899
0.0012471636
1.666782e-05
0.00028555221
1.6493618e-05
4.3274998e-05
6.6032659e-05
0.00034205803
7.8425401e-05
1.9945807e-05
3.4760008e-05
1.6592804e-05
1.6966687e-05
0.00040413204
0.006936227
0.00028098055
1.8096076e-05
1.6922449e-05
0.00096730724
1.6437669e-05
1.6239092e-05
1.7055698e-05
1.6620331e-05
1.6297635e-05
0.0097605196
0.00037695862
0.003261386
0.00056120194
0.0018408751
7.2344831e-05
2.2493767e-05
0.00051804832
1.9334372e-05
0.001014539
0.00060880951
0.00048079952
1.6916923e-05
1.6668547e-05
0.0011169461
1.7379468e-05
1.7629697e-05
0.00085541534
0.00052001712
1.6407204e-05
0.00038306031
0.00034196034
0.0005089588
1.6580895e-05
0.011175137
1.6574718e-05
1.6576129e-05
1.6577811e-05
0.0059911251
1.6409293e-05
5.9304442e-05
1.8071687e-05
0.00011914651
1.6680987e-05
1.6153517e-05
0.0021300623
1.6171337e-05
0.0051139122
0.0018709078
0.00056889042
0.00015292698
1.7838306e-05
6.8247859e-05
0.013767184
1.6428305e-05
4.7163686e-05
0.0024769408
6.0530867e-05
0.0060549219
1.6636705e-05
1.7568562e-05
1.6485218e-05
5.3659337e-05
0.0033358794
0.0011272852
3.0002083e-05
0.0013075369
9.1850675e-05
7.8585403e-05
0.00033517806
0.0013691314
0.0012691906
0.0076803967
1.6483431e-05
1.6414615e-05
1.6522073e-05
4.726619e-05
2.0730302e-05
2.1257707e-05
0.0014978997
1.7103953e-05
1.7373802e-05
0.000278687
1.7401077e-05
1.7737751e-05
1.6489882e-05
0.00077365832
2.3275713e-05
1.686355e-05
1.8040752e-05
2.2245808e-05
0.012659111
0.0027757915
1.6481886e-05
0.014098312
0.0015685958
0.0020610493
3.9345906e-05
2.5208458e-05
0.00011634417
1.6232714e-05
0.00034384716
1.572868e-05
1.5849731e-05
1.7182084e-05
1.68886e-05
0.0025479057
1.7315586e-05
4.3910496e-05
1.5664963e-05
0.0047260135
1.5905608e-05
0.00084916285
7.1192593e-05
0.00059072504
1.8095716e-05
1.7602527e-05
1.665141e-05
3.1806544e-05
0.001846304
0.0013970525
0.00046942768
1.7058261e-05
1.6290649e-05
0.0011300883
2.9705364e-05
1.6969073e-05
0.01170529
0.00045272294
0.0022072973
0.0011948461
1.7788033e-05
1.6276298e-05
0.00082709287
1.6395121e-05
2.2264953e-05
1.8841183e-05
0.003206714
1.6555243e-05
2.3289518e-05
1.6494771e-05
0.00047400733
1.6474559e-05
1.6430264e-05
0.00090001124
1.9474786e-05
2.7117517e-05
2.7452871e-05
1.7184231e-05
1.6853756e-05
1.6565717e-05
0.0066286738
0.00031043738
1.7350692e-05
1.5931467e-05
0.0066781625
1.7160617e-05
2.834431e-05
0.00063697975
0.00018309234
1.6496276e-05
1.660635e-05
1.6212704e-05
1.6278455e-05
1.7641612e-05
1.6681843e-05
0.00042051285
0.00027500613
0.0021624367
1.6517383e-05
2.010114e-05
0.0024276194
7.0276626e-05
0.0011516796
5.1774004e-05
0.0022012513
1.6784764e-05
0.00040642408
0.00036210276
0.0011706811
1.6567773e-05
0.0069797792
0.0025761786
0.012014675
0.0061824083
2.7747509e-05
0.011697386
0.00025212111
1.8882072e-05
0.0037319479
0.00086763774
2.3082434e-05
1.9315414e-05
0.0011669716
4.759678e-05
0.0070214329
1.896144e-05
1.8940872e-05
0.0043545675
1.6834618e-05
0.0014481595
0.0061186077
1.6863346e-05
1.6600778e-05
1.6511041e-05
1.6153997e-05
0.00058185625
2.2304941e-05
1.9282887e-05
1.6575168e-05
1.6678e-05
0.002329723
1.7163348e-05
1.9828259e-05
0.002773159
0.0082042433
0.0018678378
1.7667532e-05
0.0077908302
1.6672683e-05
0.00056511974
1.992562e-05
4.7197489e-05
1.5886341e-05
1.6479202e-05
0.0013802475
1.6486691e-05
1.8228384e-05
1.7027555e-05
1.6686804e-05
1.7582077e-05
0.00047851934
1.6508473e-05
1.8483105e-05
1.6496607e-05
2.272463e-05
1.8812536e-05
2.0416945e-05
0.00027616389
0.0026007423
1.9572668e-05
0.00023135864
0.0049076076
2.7300125e-05
0.00031194359
0.0011204572
0.0039228807
1.6515471e-05
0.0094578312
0.00049534548
2.2408875e-05
0.0010975331
2.0298205e-05
1.7809646e-05
0.00036117494
0.0003835237
1.6925863e-05
0.00086172778
1.6428598e-05
0.0011663137
0.0012993292
0.00018200442
1.7133065e-05
1.6999026e-05
1.8092968e-05
1.6522858e-05
1.6576776e-05
0.0035874691
1.6490205e-05
1.8786111e-05
0.0011379173
0.00027471382
0.00052631117
0.00056673353
2.2338689e-05
0.0016763737
0.00021768607
1.7656114e-05
1.6314067e-05
0.0001831414
2.9971253e-05
1.6363859e-05
2.36183e-05
5.523181e-05
0.00012991676
1.8602924e-05
0.0034977534
1.70276e-05
1.7584561e-05
1.8965487e-05
1.6054805e-05
0.00011614302
0.0037976298
3.2030347e-05
2.2638881e-05
2.2610231e-05
0.0036755818
1.7189434e-05
0.00013291511
2.7553527e-05
0.0016196837
1.7399435e-05
2.2537847e-05
0.00056167449
1.7395016e-05
1.9353841e-05
1.6487131e-05
1.9269932e-05
1.6425361e-05
1.6511442e-05
0.00010576559
2.9288526e-05
2.0581718e-05
6.5507065e-05
0.001692022
0.005042626
0.00083389884
0.00056321002
1.530927e-05
1.6885171e-05
0.00047828225
1.6323277e-05
1.6777289e-05
0.0016325278
0.0011986642
1.6462504e-05
1.6542227e-05
1.6656562e-05
1.6899619e-05
1.7603704e-05
1.6828341e-05
1.6493655e-05
1.6591855e-05
2.0514765e-05
1.702883e-05
0.00033013806
6.615687e-05
2.8780535e-05
0.0055973794
0.00083722871
1.6571233e-05
1.4386843e-05
1.642122e-05
2.4262777e-05
2.7193234e-05
0.0008261951
0.00027598147
1.6925428e-05
0.0018648016
0.0073821352
0.0012943467
1.6141847e-05
7.8759849e-05
1.6618152e-05
1.6484945e-05
1.7966489e-05
0.0054031784
1.6909157e-05
0.00056527047
4.7751383e-05
8.5324838e-05
1.6527013e-05
1.7526828e-05
0.00054668888
1.6619126e-05
0.0014376126
5.2681018e-05
0.00096950184
2.7113159e-05
0.00028192412
1.6477437e-05
1.7255276e-05
5.3562768e-05
1.8099211e-05
1.7698846e-05
1.8098333e-05
0.0016982216
0.0005354039
1.7186538e-05
5.2324385e-05
4.5138258e-05
1.6627251e-05
1.6493404e-05
1.773312e-05
1.6917093e-05
6.2626976e-05
0.00061199935
0.003396184
1.8668982e-05
0.00059792431
0.0089118209
2.4200494e-05
1.7027164e-05
1.6417725e-05
0.013312985
1.655716e-05
1.6620381e-05
1.6530291e-05
3.1845962e-05
0.0008756087
1.6534516e-05
0.0018341639
0.00097267516
1.6632492e-05
0.0050936472
0.0014735906
0.0013504231
1.6607956e-05
0.0015230015
0.0053745307
1.6283242e-05
2.0305465e-05
1.6516235e-05
0.00083145092
0.00027646588
2.0801086e-05
0.007295006
1.817498e-05
0.0044468173
0.00045174619
0.0001178367
0.001571823
2.1224247e-05
0.00087090347
2.0182006e-05
2.0991504e-05
8.740773e-05
0.00015182098
2.1279145e-05
1.9686094e-05
0.00049944791
4.1945612e-05
0.0012018427
0.0093656314
1.6398664e-05
0.000518048
1.7972662e-05
0.00038240743
1.6503439e-05
1.6844639e-05
0.0052819395
0.00079180969
0.00014859408
0.00024321649
1.552768e-05
0.00025126323
5.7129763e-05
1.660434e-05
0.00052741183
0.0063718088
8.2789841e-05
0.0010298089
3.0615273e-05
1.6359669e-05
1.7002578e-05
1.6756226e-05
2.2512754e-05
1.6338173e-05
0.00020159049
0.0075975237
0.00089579553
0.00076033392
0.0071860574
0.00058549116
3.1220801e-05
1.657333e-05
1.7565904e-05
0.013973256
1.6862071e-05
1.6367856e-05
1.8150982e-05
2.0444061e-05
2.1051535e-05
0.00056920882
0.0017276963
0.00025952068
8.3225442e-05
0.00045630895
0.00062514867
1.7161083e-05
0.010540803
4.7175688e-05
0.00034342875
1.6527127e-05
1.6464811e-05
4.4752728e-05
1.6540452e-05
0.0020030572
1.637862e-05
1.6232664e-05
0.0012818787
1.6503692e-05
1.8516689e-05
0.0040137301
1.9630789e-05
5.0867001e-05
0.0053824976
1.6488415e-05
1.5937879e-05
0.0013065267
0.0025131457
2.0693626e-05
0.0091523965
4.3211392e-05
1.6387921e-05
0.0018923137
1.6558254e-05
1.6580089e-05
1.6737737e-05
0.00080654388
1.6614724e-05
1.7884571e-05
1.6569406e-05
1.6444814e-05
0.0043270357
1.6610223e-05
2.0223033e-05
1.9595471e-05
0.007142253
0.00089852709
2.4045183e-05
7.5331513e-05
3.7968485e-05
0.010071378
3.4938978e-05
2.1243888e-05
1.6586618e-05
0.0012715638
1.6467142e-05
1.6566179e-05
0.0063490479
1.7457673e-05
2.065886e-05
0.0005266976
0.0006141109
1.664962e-05
1.6809646e-05
1.7954743e-05
0.010418496
0.00027754641
5.8888333e-05
1.6410922e-05
0.00022640453
0.0011146435
2.1487602e-05
2.6277715e-05
1.7440202e-05
4.7579046e-05
0.0006688554
1.6605708e-05
1.6621033e-05
1.8523826e-05
0.00093219366
0.0016534555
0.00031871573
1.6208163e-05
1.6462876e-05
1.652482e-05
6.84725e-05
1.6559554e-05
0.011363353
4.9133722e-05
2.07786e-05
1.6475239e-05
1.6493182e-05
2.0597766e-05
1.5493452e-05
0.00083471005
5.2488736e-05
0.0036100569
2.5822144e-05
2.400243e-05
0.00029135222
0.001002246
0.0076839228
0.00073642285
0.0019199367
2.1466245e-05
1.6892298e-05
1.6770914e-05
0.0011837847
1.7666388e-05
0.00027399851
4.4727867e-05
2.2266942e-05
1.6513821e-05
2.1045857e-05
1.5320045e-05
0.00019200586
1.6752305e-05
1.8586973e-05
1.9689686e-05
0.00095060071
1.6891798e-05
1.6469992e-05
0.0060061573
0.0014479343
1.6285272e-05
1.6427e-05
0.0029156415
1.6916969e-05
0.0016732814
1.7845921e-05
0.0011948605
0.010310986
1.664467e-05
0.0014872232
1.6984774e-05
3.5475025e-05
0.00015708565
1.6461314e-05
6.9044821e-05
1.648059e-05
0.013467227
0.014934229
1.6440644e-05
0.0014802795
1.6980619e-05
0.009157639
0.0076155858
1.9537587e-05
1.7385128e-05
0.008859235
1.6910139e-05
0.00027840815
0.00080976262
1.434837e-05
0.0053413242
0.00010369215
0.0025197807
2.2488552e-05
1.7012985e-05
0.0014645963
2.6659661e-05
0.00053763427
0.0022531093
0.0001988851
0.00059561166
0.0012794974
1.6712033e-05
1.6821653e-05
0.0001014239
0.00092110106
0.0047088341
1.6613412e-05
2.2825622e-05
1.657019e-05
1.6547127e-05
0.0033876598
1.68235e-05
0.0088119429
4.3039348e-05
1.6486162e-05
0.00062112729
1.649226e-05
0.00026466897
1.8192075e-05
3.40294e-05
2.0401655e-05
8.7913191e-05
5.7693527e-05
1.7503985e-05
0.010450126
1.9294032e-05
4.7563017e-05
0.000137718
0.00056251223
1.5168347e-05
1.8131757e-05
0.00020529786
0.0014345521
0.00028861201
1.8091523e-05
0.0025161111
2.043981e-05
0.0031518098
1.6285006e-05
0.0014252625
0.00056254205
0.00015541405
0.003524218
0.0025446324
0.0005886626
1.6495716e-05
1.5235577e-05
0.0048020807
0.00026058111
0.0046100972
0.00079597873
0.0015714114
0.0055703011
1.6713446e-05
0.0032145728
0.014030523
0.0066996518
0.00044259559
0.00025528695
1.6891718e-05
1.8773001e-05
1.7580487e-05
0.010542929
1.8665062e-05
2.37502e-05
1.6493273e-05
3.4982301e-05
0.0018765745
1.6875544e-05
1.7681589e-05
1.9482731e-05
2.9279489e-05
0.00057876587
0.0015688764
0.00039603996
6.6192444e-05
1.6402165e-05
3.938298e-05
1.5543398e-05
3.018726e-05
2.2462773e-05
0.00060625222
0.00017896113
0.00092757876
8.4485878e-05
1.651282e-05
1.7023439e-05
0.0014004509
5.3857952e-05
1.8639139e-05
0.00055623047
1.6235726e-05
1.7265118e-05
0.0024894011
0.0013472247
0.013696278
2.1640832e-05
0.0013375538
0.0011361695
0.0027975416
1.6282004e-05
1.7429836e-05
1.6393022e-05
1.6678546e-05
1.6514659e-05
1.9603049e-05
0.0015640283
3.0068286e-05
6.47687e-05
0.0029578162
1.9493053e-05
0.0063453581
1.624699e-05
1.652055e-05
0.0039285043
1.6599149e-05
1.6670072e-05
1.6564003e-05
1.6521283e-05
0.0037589019
0.0087130628
1.6626851e-05
1.640069e-05
0.00026442133
0.00040644488
2.228611e-05
0.00019078528
0.00010809069
0.0005035427
0.00021459728
4.320312e-05
1.6469866e-05
1.7735536e-05
1.787719e-05
0.0079331403
2.7116272e-05
0.0012262905
1.6501079e-05
1.6657792e-05
0.002537673
4.4859879e-05
0.0002854889
0.00086583491
1.6592571e-05
2.7339945e-05
1.7842086e-05
0.00073987488
1.7644294e-05
0.00022326606
0.00057645235
1.7519019e-05
3.392465e-05
1.6637928e-05
0.0018318762
2.0607598e-05
1.6427468e-05
1.6645495e-05
0.00030269323
1.5765279e-05
1.7671894e-05
1.8603662e-05
0.0055025947
0.00059699695
2.0714432e-05
0.002137903
1.6654303e-05
1.6833511e-05
0.0072633139
1.6605579e-05
0.00012104794
5.6382794e-05
0.00053479104
2.9200696e-05
0.0012875604
0.00027886096
0.00080267669
0.00074839945
1.6198354e-05
1.6489322e-05
2.0721415e-05
1.7960017e-05
0.0035720114
0.004195184
1.9952359e-05
0.014496867
5.8874048e-05
0.00075846026
1.6617562e-05
0.0019043194
0.0059066064
1.8060851e-05
1.667706e-05
0.00014832544
1.6135273e-05
1.7395403e-05
0.0017623429
1.6477716e-05
4.7035996e-05
1.9279241e-05
1.6399871e-05
3.837427e-05
1.6224607e-05
0.010924363
0.00087021106
0.0014537676
0.0017534958
0.00027166635
0.00068205864
0.0014610371
0.00076231106
0.008712207
1.5203104e-05
0.00070974748
2.7133402e-05
0.00089079918
8.1774245e-05
0.00036299116
1.9667009e-05
3.561232e-05
1.8542881e-05
1.6616553e-05
3.747254e-05
0.010392229
1.6273477e-05
0.0056148595
0.00019929142
1.72172e-05
3.9673778e-05
0.0036265759
1.7693506e-05
3.8649488e-05
1.6510889e-05
0.01176368
1.6469719e-05
1.9443791e-05
0.0031540227
1.6609028e-05
0.00088011872
0.0018058855
0.00033782431
1.6861672e-05
1.6913512e-05
1.6556503e-05
0.0027662172
1.9060951e-05
0.0029281242
0.0086326545
1.5676507e-05
0.0010539982
1.6468687e-05
0.0015114057
0.002884919
2.0199068e-05
2.2365285e-05
0.0010606498
0.0058304686
0.0022981275
1.650778e-05
0.0013554388
5.6458296e-05
1.6498522e-05
0.00098261833
3.4938162e-05
0.0013286481
1.7275964e-05
7.0937757e-05
1.6484753e-05
0.00022648468
1.6511363e-05
1.6593948e-05
1.8611627e-05
3.6459953e-05
1.6408206e-05
8.8774456e-05
1.6592666e-05
3.8983642e-05
0.0034534125
1.6543598e-05
1.6813059e-05
0.00098293263
1.7075416e-05
6.788819e-05
0.001173431
1.6543999e-05
0.0016844983
2.6720004e-05
2.0737011e-05
5.5875165e-05
0.0012783611
1.8942208e-05
0.00051001615
1.6439419e-05
1.6415623e-05
1.6639231e-05
1.7012933e-05
1.448098e-05
0.006598371
1.665065e-05
1.6579696e-05
1.6474278e-05
1.6618337e-05
2.465495e-05
0.0011876001
0.00055837895
0.00027546798
0.0016096421
1.6504118e-05
1.6820865e-05
0.0010850595
4.8809533e-05
0.0058433693
0.0072458033
2.9690288e-05
0.0028412656
0.0014191628
1.7254761e-05
0.0033858124
2.2766087e-05
1.6486977e-05
0.0011501443
0.0017734234
1.7377234e-05
0.0066734744
1.6609746e-05
0.00056160335
1.6649183e-05
0.0028754099
2.5641866e-05
1.6482584e-05
2.2621837e-05
0.0012806266
1.6497294e-05
1.6770823e-05
1.7925076e-05
1.7256361e-05
1.9851614e-05
0.0029380403
1.660925e-05
1.903194e-05
0.0027778185
0.0032663389
1.6492588e-05
1.6455333e-05
1.7997798e-05
2.2782175e-05
0.0025691465
2.2853412e-05
5.9313146e-05
0.010205588
0.0046585942
3.3752452e-05
0.0013604033
2.1457653e-05
1.9120408e-05
0.00018791877
0.006419084
1.6418328e-05
0.00094964741
4.1507675e-05
0.00055071512
0.00081402516
0.0032006757
0.00022558481
1.7010107e-05
1.6407736e-05
0.0069052174
1.6961834e-05
0.0030437356
0.00030019718
0.00053484105
3.5583259e-05
1.7646215e-05
0.0072164347
1.5290684e-05
1.6574375e-05
0.00046626634
0.0017979036
4.712839e-05
0.0021839214
0.0065970691
1.7342141e-05
1.6731926e-05
1.648846e-05
1.649415e-05
7.7859652e-05
1.6510241e-05
0.0006512637
1.7925369e-05
0.0038299618
0.0014131385
1.861216e-05
1.6753617e-05
1.6601965e-05
1.6524778e-05
7.3477535e-05
2.0768386e-05
0.0021039136
1.6369536e-05
0.00014773774
7.1123389e-05
0.00056355886
2.1710582e-05
0.00066989311
1.5750297e-05
0.001316595
0.00048533187
3.5998513e-05
1.6809059e-05
0.0008261717
1.8733212e-05
2.7016928e-05
0.0094842849
0.00086186055
1.8672812e-05
9.0822224e-05
1.4974062e-05
0.0012883064
1.7736054e-05
2.6712253e-05
1.675547e-05
0.0033278306
0.00011990337
8.1134439e-05
0.0014709834
3.7833794e-05
7.1073312e-05
0.0008593033
0.013706136
0.0015676117
1.7518813e-05
2.0634188e-05
0.0049361999
0.0031220014
0.0030379686
0.00070003933
1.6591928e-05
1.6846684e-05
1.6681935e-05
0.00045446734
1.64881e-05
0.00011857999
0.0024235803
8.9753583e-05
0.0013831484
1.6649423e-05
0.00073792269
1.6508819e-05
1.7215483e-05
4.7788242e-05
0.0001887075
1.6004901e-05
2.5396571e-05
0.0010510554
1.8161703e-05
0.0024338453
6.991709e-05
1.6423241e-05
0.0041447243
1.5906847e-05
5.5884361e-05
0.005395453
1.6447393e-05
1.6692661e-05
1.667923e-05
0.0001624067
2.7369978e-05
1.6462402e-05
0.00020439167
1.6625731e-05
0.00086293581
1.6488671e-05
2.27439e-05
1.8726692e-05
1.6905744e-05
1.6506442e-05
1.7135421e-05
0.00018927463
0.00088115125
0.0015601829
0.0068721181
1.8312694e-05
1.9767277e-05
2.2704024e-05
0.00061275501
1.6690921e-05
1.6848319e-05
1.673929e-05
0.00018336583
2.945885e-05
0.0011338702
2.0862381e-05
4.7573499e-05
0.0019123674
0.0042753366
0.00056960605
0.00017096249
0.0015326547
1.7508525e-05
1.6732894e-05
0.00078488261
1.8791926e-05
1.6934988e-05
0.00049699386
0.0028356489
2.2489002e-05
2.002314e-05
0.00027807768
1.6485756e-05
0.0049586503
1.6689751e-05
0.0001090449
1.6290544e-05
1.7613404e-05
0.00045346731
2.3185249e-05
0.00041368651
7.1121458e-05
0.0010028195
0.0015002332
2.2478915e-05
1.6117057e-05
0.0002007571
2.2127317e-05
1.7759708e-05
1.6954523e-05
1.6447115e-05
1.644553e-05
1.6311905e-05
0.0031321838
0.0025298056
0.00059289657
2.257503e-05
1.9885932e-05
0.00064599287
0.0079926138
0.001038247
1.8179363e-05
2.3019516e-05
1.6488719e-05
1.783643e-05
0.0010419265
0.00011657336
1.6540811e-05
0.0036399203
1.9251953e-05
0.00018621593
0.00053617319
0.003716343
0.00010560636
0.0022275659
2.6300842e-05
0.00032045285
0.010503994
2.2669176e-05
0.001901985
1.6688682e-05
4.7716084e-05
0.0090160576
1.6392098e-05
0.0003418778
2.3910915e-05
0.00015871667
0.0013174672
1.6190976e-05
0.0086963563
1.4868503e-05
0.00069292508
1.6722809e-05
1.6641831e-05
1.6447225e-05
0.0028194606
2.9870923e-05
0.0011253504
8.4668317e-05
0.00024433779
1.774555e-05
0.00031814996
0.001212348
0.001580046
7.4658951e-05
5.8139186e-05
1.9703047e-05
0.0027700977
1.6708673e-05
1.6091734e-05
2.0722112e-05
0.012152223
1.6616111e-05
0.0016951528
0.0014110879
1.7223434e-05
1.6693878e-05
1.6571158e-05
1.7487697e-05
1.646034e-05
1.5814889e-05
0.00031603142
0.00011224167
0.0066451333
0.0010016838
0.0071620499
0.00056732396
0.014572666
0.0015416292
0.0011158339
0.0026106482
1.8243975e-05
0.0071538232
1.8502404e-05
3.9189857e-05
1.6719556e-05
0.0003598023
2.3900317e-05
0.012387399
1.6688842e-05
0.0019362464
0.0043795703
0.0013727843
0.008595146
0.00090464609
2.7988066e-05
2.3888639e-05
1.6824478e-05
0.00043803883
2.2926194e-05
4.6745152e-05
2.0889194e-05
0.00027844808
1.646725e-05
0.0055495729
0.00012257505
0.0017381461
2.2317672e-05
1.8823334e-05
0.0014011176
5.1954381e-05
2.060231e-05
2.1538535e-05
0.00016670967
1.718018e-05
1.6381685e-05
0.001571116
0.00080640464
0.00037607533
1.6430465e-05
0.002987282
0.000601394
3.163344e-05
0.00063181461
1.655874e-05
1.4462921e-05
0.00014038475
1.4874801e-05
0.00012597372
1.6465243e-05
0.0038271558
1.9930851e-05
0.0023537156
0.0052335545
1.661127e-05
0.00094646254
2.6508264e-05
0.0018111457
1.7907395e-05
0.0028015286
0.0021477202
0.00055250461
1.6678542e-05
1.7076338e-05
1.7204294e-05
0.00069968328
1.7743327e-05
2.0779186e-05
2.5774246e-05
0.00032333006
0.0040799572
0.0027648515
1.6562492e-05
4.7927874e-05
1.7997539e-05
0.0017139579
1.6911315e-05
1.8518486e-05
0.00074341887
0.0017767876
0.00031078374
0.00792196
0.003232352
0.0005618669
0.0013055176
1.6064882e-05
0.00015284888
0.00021658537
1.6403125e-05
0.0050646351
1.6489711e-05
0.0020101728
0.0024981839
0.00041161716
0.0036160821
1.6635612e-05
1.7223379e-05
2.1548405e-05
1.6956221e-05
0.0015783209
0.00012765449
1.6601793e-05
0.00023086425
0.015282168
1.6590991e-05
1.9207524e-05
1.9867275e-05
0.00063413336
0.0022426635
3.8043103e-05
1.4202455e-05
0.00011983439
0.0041728542
0.0062681294
2.7736767e-05
1.7393579e-05
0.00017599931
0.00044999934
0.0096807487
1.9759136e-05
0.0013161996
1.6387462e-05
0.00034024458
1.6246622e-05
4.6643793e-05
1.6867941e-05
1.6688002e-05
1.7704012e-05
0.00061571474
1.7868688e-05
1.6406139e-05
0.005058552
2.2276873e-05
0.0055074897
4.3872311e-05
0.00094769992
1.6366104e-05
1.9436852e-05
0.0041989669
0.004985746
0.0026174019
1.6214929e-05
0.0046725815
0.0005559323
1.6520559e-05
0.0013907362
1.767606e-05
3.3042311e-05
0.00077767592
0.0054452656
2.9927628e-05
2.3920319e-05
2.1802668e-05
0.00092599382
1.6601842e-05
1.7909835e-05
0.00020122098
0.00032542664
1.4248836e-05
1.635225e-05
2.0568928e-05
1.7452692e-05
0.0011254095
0.0023516157
0.0029446888
1.7152191e-05
3.8813697e-05
1.7842116e-05
1.6859313e-05
0.00094491408
9.3497837e-05
0.00022825033
1.9045002e-05
1.7464997e-05
1.668471e-05
1.6374212e-05
2.1673293e-05
0.0022294172
0.00084455636
1.5502139e-05
1.9726951e-05
1.7396909e-05
0.0013937498
1.799796e-05
1.7677689e-05
0.0019188959
0.0032202886
1.7391776e-05
0.00048548647
0.00036844237
2.032385e-05
0.010447835
1.6860453e-05
3.4303489e-05
2.0457678e-05
0.00091783796
0.00089320069
0.0033868019
0.00032651152
1.7032539e-05
1.6722638e-05
1.6631911e-05
0.00027434144
0.00096348102
1.6356961e-05
1.4973305e-05
1.6608134e-05
3.373941e-05
0.0098939253
1.6516357e-05
0.0019374901
2.0805232e-05
0.0025132014
1.6685349e-05
0.0029516738
1.5462697e-05
2.3641481e-05
0.00051733246
0.00024754495
1.67354e-05
0.00026467344
0.0051574517
1.6674451e-05
0.00096604878
0.0013262389
0.0003011571
0.00043953641
1.7537592e-05
1.5826689e-05
0.0079267275
2.231403e-05
0.010227205
1.669677e-05
1.6860898e-05
1.6711106e-05
0.0005148261
1.8867271e-05
1.7928964e-05
3.3293528e-05
0.0023629942
0.00027421293
0.011902482
0.00099787469
1.6865672e-05
0.00084635068
1.6921398e-05
0.0013641831
1.5931673e-05
0.00059931983
1.6535986e-05
8.6449266e-05
2.0320322e-05
0.00051231076
2.1434787e-05
2.7775011e-05
2.1169345e-05
0.00013326911
0.00028850705
2.3015396e-05
0.0015825772
0.0080549648
0.0036016734
1.7174397e-05
1.7311087e-05
3.416666e-05
1.7416857e-05
0.00040577815
0.00011760092
2.6179786e-05
0.0010416824
4.5564366e-05
5.7285862e-05
0.0038811343
1.5962602e-05
0.010532837
1.658459e-05
0.0047475685
0.00012941068
0.001280806
0.00012635634
0.010928711
1.6331061e-05
1.727559e-05
0.00073591292
2.4011316e-05
8.9684594e-05
0.00080365313
0.0014482438
1.4429084e-05
1.7786813e-05
0.00030044945
0.0005447471
0.0024122932
3.70964e-05
2.6062612e-05
0.00028925967
2.3865921e-05
0.00014892012
0.0018070175
1.6210321e-05
0.013903855
0.00092832901
1.6956432e-05
1.6455932e-05
9.3604463e-05
0.00069684297
1.7506808e-05
0.0015912114
0.002666073
1.6502519e-05
1.6036954e-05
1.7639651e-05
1.9760758e-05
0.00018454952
1.6426467e-05
2.2438114e-05
0.0013017858
0.0021252834
0.00027113704
0.0097914906
0.0013981655
0.0014040249
0.0038963174
0.00023953172
0.0010710442
1.8085827e-05
2.2726126e-05
0.010582258
0.0013091195
0.0018284162
0.00028632935
1.7703591e-05
1.6930702e-05
4.6780066e-05
1.9483515e-05
0.00064349214
5.6513326e-05
1.6750379e-05
0.00050303311
1.6451729e-05
1.6471427e-05
1.664389e-05
5.4235523e-05
0.002257689
1.8451132e-05
1.8333792e-05
1.7209751e-05
2.5450945e-05
0.00012160465
0.00031271049
2.0377848e-05
0.015165073
1.72597e-05
1.6898706e-05
0.00040074699
1.6793747e-05
0.001037377
1.6360621e-05
0.0034297731
0.0033426971
1.6822411e-05
0.014665565
1.6670205e-05
4.9326145e-05
0.0015093213
1.6547587e-05
0.0054165183
1.9729702e-05
0.00044940819
0.00022909455
0.0013489183
0.0027984917
0.0024217612
0.0044473603
0.00037604302
1.719498e-05
0.00015494044
1.8217221e-05
0.00039626169
1.5587552e-05
0.00023306515
1.6776125e-05
0.0045928796
2.0882851e-05
0.00059611718
0.0043624905
0.0029108138
1.6500327e-05
0.000847617
0.0054597502
0.00039385179
2.957951e-05
0.0064222258
2.4429666e-05
0.0011006949
1.770833e-05
0.0035821204
2.4334649e-05
0.00054199417
0.00029689952
0.00099123463
0.00014534454
1.7810716e-05
1.6457479e-05
1.6837246e-05
2.0372911e-05
1.6481546e-05
1.6299328e-05
0.013995718
0.0010606155
0.0027359898
1.7736571e-05
1.6475191e-05
1.661561e-05
1.8042678e-05
1.6678566e-05
7.7328269e-05
1.6596387e-05
8.544248e-05
0.0030235771
0.0088949061
0.0052747054
5.8817207e-05
0.00011145845
1.8681042e-05
0.00093935754
0.00015178696
0.00014004883
0.0069494204
2.8782546e-05
7.4449765e-05
1.6625866e-05
0.0013904475
0.0018007897
1.6936666e-05
0.010043322
0.00011759556
1.6474939e-05
1.7271507e-05
0.011020827
2.0294839e-05
1.7649593e-05
0.010412121
1.686425e-05
0.0019835362
1.7912058e-05
7.9331284e-05
2.4911402e-05
0.0020643717
1.7181686e-05
0.0009140231
0.00027974072
2.3790496e-05
3.5050701e-05
0.00035041995
0.00010734798
0.0047916032
0.00064881294
4.5480385e-05
3.4163074e-05
0.00074694884
0.0038701282
0.00091271127
0.0033569832
0.00085837783
3.2605836e-05
0.0010482836
3.043798e-05
0.0009138858
2.0768826e-05
0.00037296606
1.64484e-05
0.0060265354
2.823949e-05
0.0011094117
1.6493895e-05
0.00073375354
0.0026473031
1.589761e-05
1.4906855e-05
2.500547e-05
0.0035745622
1.9938979e-05
0.0017187704
0.00012531208
1.8923516e-05
2.2292723e-05
1.6786262e-05
1.6376972e-05
0.00095548218
1.680591e-05
0.00028321458
0.00075358536
1.6433568e-05
0.0020841149
1.6532873e-05
0.0068032271
1.848725e-05
0.0033652309
1.6411497e-05
1.6491352e-05
1.7827994e-05
1.6144671e-05
0.0014062477
1.6529323e-05
2.2314752e-05
0.00022501216
1.7512206e-05
0.001825589
0.00021270458
8.5820709e-05
3.7867112e-05
1.6565467e-05
0.00069905169
0.0034469421
0.00073694595
1.5933128e-05
0.0003317355
0.00016509395
4.6778699e-05
1.6163835e-05
0.00040498744
1.9289804e-05
2.119034e-05
0.00079395441
0.0077150763
1.6498697e-05
0.00072633049
0.0093357078
5.2601772e-05
1.8208182e-05
2.1984146e-05
1.6471538e-05
0.0013818457
0.0015135297
1.6614624e-05
0.00074326434
5.1942183e-05
5.2281454e-05
2.6647888e-05
0.00011236556
1.6446633e-05
0.00031162711
1.8047044e-05
1.652436e-05
1.910697e-05
1.6636087e-05
0.003624275
2.0603924e-05
0.0015216233
0.00013793713
2.1556153e-05
1.7367964e-05
1.6939265e-05
0.00039043018
0.00052407897
1.9066189e-05
0.006466232
0.00038410557
1.7515634e-05
2.9073922e-05
0.0026630642
0.012052965
1.6737951e-05
0.0012890869
0.00011923786
0.00011690734
0.0011873248
1.8355439e-05
1.6682856e-05
1.7709345e-05
0.00039877445
1.7508297e-05
0.00062262038
0.0002119292
0.0025342306
0.0011825857
0.0007806794
3.3696458e-05
1.6690357e-05
1.6692247e-05
1.76606e-05
0.0047059307
7.5279938e-05
9.7053013e-05
1.6677898e-05
0.008107265
1.5802537e-05
1.6457373e-05
2.081066e-05
1.7694453e-05
1.66086e-05
0.0001182395
2.5283478e-05
1.6722316e-05
0.011515468
0.00061946476
0.00013743089
0.0083913242
0.0016360444
8.745571e-05
0.0002145104
4.1548662e-05
1.8111586e-05
0.0002938735
2.1792452e-05
1.658772e-05
0.0088894219
1.6810598e-05
0.00018419476
1.6775235e-05
1.6717385e-05
1.6501683e-05
1.6863355e-05
0.0030419304
2.4579484e-05
1.9703517e-05
1.6491645e-05
1.6663078e-05
0.00095951833
0.001303644
0.00081875438
2.0568987e-05
0.0019363103
1.7185755e-05
1.6422223e-05
1.5614407e-05
0.00021510007
2.4308039e-05
1.8397293e-05
1.7213778e-05
0.0013688929
1.6315119e-05
2.5300763e-05
2.980156e-05
0.00022273146
0.0013698888
2.4808896e-05
7.1523124e-05
1.7453953e-05
0.0012313915
0.00912366
0.00011921806
1.8808432e-05
2.0398531e-05
0.00027025355
0.00070639555
1.6024816e-05
0.0083710391
2.2073608e-05
7.6127112e-05
2.1291807e-05
2.1716492e-05
1.7455795e-05
0.001471289
4.2575566e-05
0.001534573
1.6603814e-05
1.7107931e-05
0.00018245408
1.6795569e-05
1.6615099e-05
0.0032224501
2.3260019e-05
1.8245144e-05
0.00084220223
0.0013154549
2.1519823e-05
2.071599e-05
1.6339057e-05
0.0091858784
0.0030339564
0.0026697883
1.6814322e-05
1.5903625e-05
2.5404457e-05
1.7955211e-05
1.6520469e-05
2.9604565e-05
0.005539422
0.0049874699
0.010792532
1.9017331e-05
2.179204e-05
8.6432027e-05
0.0024371378
1.6693875e-05
1.6605768e-05
0.00012658652
1.6341871e-05
1.9797216e-05
0.0012966569
1.5787615e-05
0.012421731
0.00093819262
2.1674831e-05
0.0014060458
2.2032404e-05
0.0001347495
0.00023300962
0.0069547828
1.6504735e-05
4.2225344e-05
0.00078778866
0.0011903852
1.7081799e-05
0.0050923506
2.2243634e-05
2.4077843e-05
0.0073141619
0.00056828228
2.3173195e-05
0.00030855051
0.0003239672
1.65554e-05
0.00023215033
1.6765906e-05
0.0084143298
0.0029820035
0.00054310169
1.700561e-05
0.0037069225
0.00011706417
0.00016559362
1.6481671e-05
0.00046585225
3.6984179e-05
0.0010194091
0.0026315919
4.1361751e-05
2.0376715e-05
0.00042272879
1.6716113e-05
1.7655238e-05
2.0922228e-05
1.6927375e-05
2.862986e-05
0.00025859603
0.00058777518
2.4822241e-05
1.577593e-05
1.6468193e-05
0.00069442712
3.9433e-05
1.6256014e-05
0.0011299733
1.7784599e-05
1.9326663e-05
2.4240699e-05
1.7213714e-05
2.1329138e-05
0.0010317477
3.2944767e-05
1.6671572e-05
1.7372471e-05
1.6232961e-05
0.0025431838
0.0022668975
1.6521736e-05
0.0068740282
2.2333075e-05
7.9484939e-05
0.0020358651
1.7722473e-05
1.6291091e-05
1.6062333e-05
0.00016820625
2.0938021e-05
0.0022896945
1.6835458e-05
0.00021020779
1.6346472e-05
0.0083789112
4.0890377e-05
1.7571551e-05
1.8381456e-05
0.0039983339
1.6100135e-05
2.3530826e-05
3.6120351e-05
2.6077626e-05
0.00031970699
0.013174834
2.7389261e-05
1.9425984e-05
0.0034479216
1.6657251e-05
1.6910915e-05
0.0013402364
1.6937772e-05
0.0010265134
1.9101253e-05
1.6523861e-05
0.0004990196
1.5771677e-05
0.00071877841
1.5821647e-05
0.00026610556
1.6006124e-05
0.00095354632
1.7609739e-05
8.0564722e-05
0.005418048
9.6633972e-05
1.6684661e-05
1.5893045e-05
0.0015889299
0.0039411606
0.0010249977
1.6984778e-05
2.8899101e-05
1.6376285e-05
1.6483547e-05
1.6627482e-05
1.8227547e-05
1.6474413e-05
0.003918749
1.6293688e-05
1.5913941e-05
2.2872947e-05
0.0010911906
0.00067782842
1.6503008e-05
0.0031958118
0.005796022
7.4449066e-05
2.7103705e-05
4.9158362e-05
0.00019406586
2.9355945e-05
1.4387988e-05
0.00013582171
0.0097201827
2.0932474e-05
0.001213725
1.6414024e-05
0.00061383173
1.6990855e-05
2.6783093e-05
8.0860422e-05
0.008622169
2.6340607e-05
0.00013484898
0.00016829061
0.00483517
3.0331429e-05
0.002041252
1.687461e-05
1.6469679e-05
0.0080472723
1.6652247e-05
1.629507e-05
1.8904656e-05
1.6314697e-05
1.7954204e-05
0.015779037
2.7110091e-05
0.00030431671
1.6947776e-05
0.00051457208
1.6698876e-05
1.6485716e-05
2.8925001e-05
1.6410139e-05
0.013127329
0.011011559
0.0027556638
1.6705416e-05
0.00097707549
8.8811989e-05
1.6465449e-05
0.0023885256
1.5913126e-05
2.9637127e-05
0.0042261699
0.00084638215
1.6539118e-05
1.7255344e-05
8.2229248e-05
1.6627985e-05
2.5095579e-05
0.00053643005
0.0016309092
1.7125072e-05
1.5740836e-05
6.2094404e-05
0.00055063229
0.0055250225
1.7187525e-05
0.0024619927
1.6504075e-05
0.00066075291
0.00019498694
0.0005846533
2.2177835e-05
1.7474579e-05
0.00012739672
0.0017890455
1.7384718e-05
0.00035916601
1.7582269e-05
0.0026449768
2.0210383e-05
0.0001073444
6.0599743e-05
1.6569366e-05
0.0020887498
0.0015357322
0.001789804
0.00054867127
1.8290443e-05
1.867786e-05
2.2290325e-05
0.00089904155
0.0026894897
0.0015912866
1.6792569e-05
1.6472897e-05
0.0019495695
1.6641635e-05
2.0764648e-05
9.8272641e-05
0.00063911354
1.6148187e-05
0.0086018237
1.6667157e-05
0.0052832582
1.6622136e-05
2.65208e-05
3.3678039e-05
1.6742783e-05
1.6528281e-05
1.5797292e-05
1.650738e-05
0.00051961291
9.9724165e-05
0.0021065134
0.00055735877
0.0023333737
0.0033806808
2.0502381e-05
1.655152e-05
0.00038772647
2.0906882e-05
0.0011630461
1.9154574e-05
0.00052220635
1.6450066e-05
0.00056156282
2.0531032e-05
1.7302945e-05
0.0012871144
0.0025794109
2.5149378e-05
2.4598951e-05
1.5132534e-05
9.867389e-05
0.0014002374
0.00012174181
0.0039590114
1.7105919e-05
0.00010824706
6.4703955e-05
4.0792759e-05
0.00063246223
1.6769837e-05
0.00048685257
0.0014817167
0.00012696991
1.6592213e-05
0.0023305707
0.00030100492
6.7923963e-05
1.6708747e-05
0.0021415177
0.00019070768
1.7066918e-05
1.7734403e-05
0.0044162086
3.464205e-05
2.6558728e-05
0.0013734746
4.4558491e-05
1.7078991e-05
0.00090279215
6.7193295e-05
0.003795489
1.6686855e-05
1.7294047e-05
1.9357247e-05
5.0680404e-05
0.0044947978
1.7391547e-05
0.0058738828
3.3233274e-05
0.00012535881
8.4783764e-05
1.8488006e-05
1.6559568e-05
5.6620697e-05
0.0038479556
0.00039538824
0.0010980568
1.6176453e-05
1.6500633e-05
0.0065065751
0.00029700772
0.00018753676
0.00059969881
0.00040948886
1.6573751e-05
0.00039541063
0.0012865944
1.6502039e-05
1.6496087e-05
1.7206425e-05
0.00026851116
1.6834376e-05
0.00011597634
0.0029673147
0.00011794043
1.6973835e-05
1.6531646e-05
0.00010280554
0.0019437904
0.0052007139
0.0020648694
0.00070664795
0.00064014342
0.00011749306
1.6463736e-05
0.00058101976
1.6820323e-05
4.5892374e-05
0.0013170731
0.00059226146
2.9496665e-05
0.0078578433
1.5854099e-05
0.00015267107
0.0049093441
0.0022783717
2.3587568e-05
0.00029892142
1.7735624e-05
1.6710036e-05
1.9414313e-05
1.6570471e-05
0.00077878554
1.9259055e-05
1.7237126e-05
0.00072770258
0.0023724123
0.00094454097
1.6470011e-05
0.00015565847
3.4011202e-05
1.645996e-05
1.6792845e-05
0.0073516856
2.5215404e-05
0.00054501346
0.001234715
0.0076300413
0.0080199345
0.00014941179
0.0027906695
0.00097347761
0.00026533468
0.00084149475
2.0928261e-05
1.6951507e-05
1.6519598e-05
0.00099751971
1.726109e-05
0.0022211571
0.00055068572
0.00073980608
2.8718227e-05
2.329384e-05
3.2367111e-05
3.00235e-05
0.0010167414
0.00032064299
0.0024723757
8.3755267e-05
5.866933e-05
3.3473748e-05
0.0001622445
6.4278994e-05
0.00090922441
0.00073152116
0.0078509388
1.7013456e-05
1.7173647e-05
1.6698616e-05
3.4971209e-05
1.7691575e-05
0.00056051259
0.010854748
0.00016056688
1.6320663e-05
2.9064166e-05
1.6660511e-05
2.6044137e-05
2.1220616e-05
0.00050631195
1.6360629e-05
0.00057647529
0.00011125089
0.00045873898
1.7226454e-05
3.3903548e-05
0.00087469035
0.0002636147
0.00090964388
2.2493564e-05
7.5170358e-05
1.6410251e-05
0.0041550121
0.0036248983
0.0015323188
0.0023609781
0.0048856528
1.6035584e-05
0.0028775228
0.0033196997
0.0037635483
0.0086731989
1.7293521e-05
0.0097080619
0.00033186932
0.00059417744
1.6633985e-05
2.0449283e-05
1.7623736e-05
0.001886787
1.673584e-05
0.0016026135
1.6422767e-05
1.5789438e-05
1.7329402e-05
0.0024785809
0.00018030142
1.6663298e-05
0.00012523142
2.1542666e-05
0.00011851836
0.001733825
3.1591706e-05
1.6473359e-05
1.6863245e-05
1.6774279e-05
0.0048954547
0.0037529581
1.6598184e-05
1.695482e-05
0.0013886308
0.00070806102
1.6615496e-05
0.0019554666
0.0093391074
0.00013101264
0.00011881729
3.3146047e-05
0.00067114209
1.6711291e-05
1.6416487e-05
4.9606283e-05
0.00011583446
3.1969985e-05
2.0749379e-05
0.00010993569
0.0041092097
1.9103142e-05
1.9715836e-05
0.00021231629
1.6636274e-05
1.6670855e-05
1.831668e-05
1.7431666e-05
1.6245865e-05
1.6710393e-05
1.6534619e-05
1.7017653e-05
0.001116902
1.652963e-05
0.0064644701
7.6037569e-05
0.00017851991
1.7257185e-05
1.6411421e-05
0.00026309381
1.6365184e-05
1.9751311e-05
0.001639574
1.7515083e-05
0.005742411
0.0025152019
4.7163676e-05
0.00063536157
1.6376341e-05
1.6476716e-05
1.6594612e-05
1.7023915e-05
1.6524768e-05
0.008111594
1.5127709e-05
0.00012790192
2.0195792e-05
0.001259953
1.7509054e-05
1.6502015e-05
1.6728937e-05
0.0092678643
1.9109056e-05
0.00041231597
2.1113404e-05
1.64275e-05
2.9724595e-05
1.6985071e-05
0.0022017469
0.0018151887
1.9135989e-05
5.4042675e-05
0.00037594589
2.4253714e-05
2.7879048e-05
9.498778e-05
0.0011604113
0.0078522669
1.8260688e-05
0.0018230605
1.6125713e-05
1.7698396e-05
0.00095533228
1.6971248e-05
1.6581587e-05
0.0015186705
0.0095272867
1.7168996e-05
0.0028035403
0.0016229371
1.9604613e-05
4.2723293e-05
4.2757755e-05
0.00033181032
1.6350142e-05
2.0774929e-05
1.7324363e-05
1.716721e-05
1.747086e-05
0.00039821513
0.0015244618
1.9590213e-05
1.7709961e-05
1.7432593e-05
0.0018972489
0.00027080773
1.6564383e-05
5.7276777e-05
0.0053628171
1.7742986e-05
5.7596574e-05
3.2831296e-05
0.00012165759
1.6564076e-05
1.6071684e-05
1.7107983e-05
1.6473297e-05
0.0013765686
0.00033020258
1.7079543e-05
1.6623826e-05
0.0002216882
0.00094618532
1.661534e-05
0.00036140654
0.00033109
0.00031891546
0.0047568783
6.3383805e-05
2.226197e-05
1.614343e-05
0.00087714301
0.00064731757
1.6503472e-05
0.00064360732
0.0057222122
1.6509259e-05
9.2695373e-05
1.6625841e-05
0.0010264334
0.0084139516
0.00097705848
3.295495e-05
0.0015577785
1.6789742e-05
1.7104251e-05
1.6755672e-05
1.7616502e-05
1.6469865e-05
1.5803158e-05
1.7271936e-05
0.00095587901
2.0576447e-05
1.7174464e-05
0.0083555788
1.6776466e-05
1.8405733e-05
1.6853657e-05
1.7269609e-05
0.00011846736
1.6858177e-05
2.0463687e-05
5.2013261e-05
0.00020980667
1.9420201e-05
0.0062385411
1.6587566e-05
9.2681764e-05
0.00053849738
1.7079787e-05
0.0027707931
1.9804032e-05
1.652248e-05
0.00082289196
8.1884491e-05
0.00011208426
4.9787027e-05
0.00073658577
1.7152873e-05
1.6104265e-05
0.0050912041
1.6557627e-05
0.0007609114
1.641303e-05
0.0021935309
1.6784299e-05
1.6794332e-05
1.8216318e-05
0.015078097
0.00036560958
1.7315674e-05
1.6316019e-05
0.00096236432
1.8931884e-05
2.0888822e-05
1.6932689e-05
0.00024685294
1.6626011e-05
0.00012799863
0.0011093701
1.6501954e-05
1.6567355e-05
0.0047264576
1.6372026e-05
1.9263139e-05
1.6474241e-05
2.4899056e-05
0.0005496531
1.6623691e-05
1.7016662e-05
1.6611335e-05
1.7220068e-05
1.9455429e-05
1.6622652e-05
0.00065975951
1.7832493e-05
0.0032602441
1.6550511e-05
0.0045831718
1.7206411e-05
1.8916854e-05
2.0491664e-05
1.6426585e-05
3.4074557e-05
2.6535432e-05
0.00038237417
0.00067175959
1.6735917e-05
1.6652424e-05
1.6499871e-05
5.1119552e-05
0.00060766463
0.001772717
0.00060762411
5.2667276e-05
1.8782946e-05
0.0044508616
0.0004439925
1.6709901e-05
0.00073041419
0.00055108908
0.0038647973
1.7073984e-05
0.00080915423
6.9472873e-05
1.7123691e-05
1.6573745e-05
0.0037487797
1.6826686e-05
1.5116506e-05
1.6645719e-05
3.4941669e-05
1.692681e-05
0.011586747
0.0071499421
0.0028471
1.7640865e-05
1.7033852e-05
0.0044966775
0.0017001969
1.4187982e-05
1.6717087e-05
0.0021450411
0.0076305052
1.6560011e-05
1.6722836e-05
1.6670011e-05
1.7064125e-05
1.7237145e-05
2.2541266e-05
1.6538083e-05
1.7186159e-05
2.1738533e-05
2.5391669e-05
1.6077957e-05
0.00049322349
0.0070728787
0.0057628485
0.0037775988
1.8211769e-05
1.664085e-05
1.9824522e-05
3.0541063e-05
2.532656e-05
1.725568e-05
0.00011381655
1.6628324e-05
1.7871342e-05
1.9628877e-05
1.7925101e-05
0.0037831527
1.6813907e-05
1.6354895e-05
1.6342364e-05
0.010511556
0.00092645266
0.00057811948
1.6203444e-05
0.0013176876
2.0553502e-05
1.6756729e-05
0.00059885253
1.6562656e-05
0.00089874362
0.00051945788
0.0020527499
2.7017359e-05
1.6970826e-05
0.0064559607
2.3996705e-05
0.004913041
3.3726965e-05
1.643708e-05
0.0010529395
1.6643857e-05
1.6615918e-05
0.00050486398
2.7708105e-05
0.00059855743
0.003458483
0.0006891127
1.6416951e-05
1.7015431e-05
1.6650387e-05
0.0010303948
0.0013085368
1.7344934e-05
4.9499909e-05
1.6495303e-05
0.0022912093
1.6747722e-05
4.5842888e-05
0.0065892867
0.00066753177
4.2843689e-05
0.00015186096
0.001607628
1.686811e-05
1.6649631e-05
0.0038911211
9.6014088e-05
1.7261861e-05
0.0083538524
1.6631191e-05
0.00042611311
1.7488675e-05
2.4350087e-05
6.9055115e-05
1.8060683e-05
1.8848282e-05
1.6447343e-05
0.0088023451
2.0224654e-05
1.6586884e-05
0.00092192913
1.661308e-05
0.0023234298
1.6914965e-05
1.831311e-05
0.0091889889
1.9231105e-05
1.7240362e-05
1.6625164e-05
0.008466441
1.8707767e-05
1.6363646e-05
2.7026855e-05
0.0042386371
2.9510731e-05
0.0076018846
0.0031267984
1.6153569e-05
2.0664181e-05
1.7326905e-05
0.012829342
0.00093365486
1.658991e-05
1.6354058e-05
0.00045454581
1.921923e-05
2.2230966e-05
0.0024090146
1.6859418e-05
1.6790573e-05
1.7884559e-05
1.645303e-05
0.00072654984
1.6471172e-05
1.7366094e-05
0.00036103695
1.7394841e-05
0.0072109987
1.6618136e-05
0.0038865021
1.6262036e-05
1.7759777e-05
1.5838699e-05
2.3479543e-05
1.6752396e-05
1.6087944e-05
1.9310486e-05
1.6763863e-05
4.030119e-05
0.001167278
0.0034733864
1.6478316e-05
1.6616422e-05
0.0026132182
1.5652313e-05
0.00016202003
0.0073524896
0.001060681
0.00029951002
1.6675966e-05
1.6608516e-05
1.6556856e-05
0.00056333396
1.7328419e-05
0.0037440148
0.0071165071
0.00065505065
1.9226298e-05
1.8113596e-05
1.6785094e-05
5.5382799e-05
0.0021002963
3.1187548e-05
0.0029421035
4.817577e-05
1.6661758e-05
0.00061737392
2.4889324e-05
1.7239508e-05
7.7385546e-05
1.9340769e-05
0.00026966166
1.6817034e-05
1.6521869e-05
1.6463108e-05
2.9915824e-05
0.0060665044
6.0836512e-05
0.010804961
0.001694982
2.7027899e-05
0.00012812608
0.00085966416
0.00052438493
1.7214886e-05
1.6938844e-05
0.00029191117
1.7102964e-05
1.6629251e-05
5.005676e-05
0.0050794306
1.652484e-05
1.6794464e-05
2.8549075e-05
1.9961242e-05
0.0051130434
0.002256724
0.0005185447
1.6387979e-05
7.1236832e-05
1.6181645e-05
1.6388685e-05
0.00057430478
1.6587251e-05
0.00026040086
1.6559046e-05
1.7676387e-05
7.0746817e-05
1.6722901e-05
0.012089639
0.0028154778
1.8050234e-05
1.6658509e-05
1.6617167e-05
1.9397986e-05
1.6468511e-05
0.00062822421
1.8423853e-05
2.8565545e-05
0.0046089871
4.4547564e-05
2.0120396e-05
0.00012668812
1.6514676e-05
1.6610754e-05
1.6419209e-05
1.9154081e-05
0.0017383359
1.6688418e-05
0.0098745657
0.0051090546
0.0026512252
0.0015609667
0.00079581201
1.7710718e-05
0.0025405884
1.6440718e-05
6.738751e-05
0.00021140969
1.591031e-05
1.6518901e-05
0.0088085145
0.0060851397
1.7172651e-05
1.6621521e-05
0.013338768
0.0032156804
1.7394913e-05
1.6539021e-05
1.7547374e-05
1.6613075e-05
1.8548448e-05
0.00056463971
0.004087011
0.0048948882
1.6464267e-05
1.66898e-05
0.0030312954
1.6536722e-05
1.6648614e-05
1.7083276e-05
0.00012992013
1.644616e-05
4.0414241e-05
1.6493584e-05
1.6466372e-05
0.0078163143
2.0933522e-05
1.6634982e-05
1.6112063e-05
1.6547852e-05
1.6520138e-05
0.001036126
1.6329128e-05
2.0914852e-05
1.7521358e-05
0.00018353768
1.6609133e-05
3.2232124e-05
1.7148603e-05
0.0002505249
0.00071246962
0.011706272
5.9913495e-05
1.7043937e-05
4.2596958e-05
0.006167932
0.00062830126
1.7110482e-05
1.6371861e-05
1.9413195e-05
2.2213621e-05
2.6869577e-05
0.0006240952
6.0375433e-05
2.0510949e-05
1.7310154e-05
1.663952e-05
1.6650304e-05
1.7824985e-05
3.6766472e-05
0.0001579463
0.012862135
1.6672511e-05
0.00076335562
1.6062954e-05
2.2087189e-05
0.010822842
0.00083755394
1.8430902e-05
1.6506952e-05
0.0003017868
4.7675114e-05
0.00024889658
0.0010374171
0.00049851371
1.6640214e-05
1.6681216e-05
1.7722394e-05
4.8297172e-05
2.5538113e-05
1.8739287e-05
0.00063845939
1.7713748e-05
0.0001161454
0.0027793811
1.8364081e-05
1.6290628e-05
1.6630955e-05
0.0055000265
1.6524982e-05
1.6388294e-05
0.00044828852
2.4698242e-05
1.668428e-05
1.7942331e-05
1.7302475e-05
0.0032264533
1.6631115e-05
0.0038920774
1.6614785e-05
0.00051005161
1.6621383e-05
1.939756e-05
1.6547189e-05
2.7679169e-05
1.6433027e-05
1.6678405e-05
0.0007877926
3.8123954e-05
8.1005699e-05
1.6469483e-05
1.8796697e-05
0.00026353413
4.3707757e-05
0.0060353841
1.7143466e-05
2.3028713e-05
0.00011862097
1.6639189e-05
0.00040740101
1.5830001e-05
1.665476e-05
0.0063233848
1.7299639e-05
0.00021246458
1.6891335e-05
1.6658856e-05
0.00011761132
1.6622361e-05
1.7251917e-05
1.6513745e-05
1.6599341e-05
0.0013856741
1.7183974e-05
5.4135289e-05
1.774998e-05
1.6609185e-05
0.004104683
3.2138154e-05
0.00085296994
1.6638932e-05
0.0011855957
0.00033268902
0.0068071059
2.2212593e-05
0.0032306278
1.6466e-05
0.00027694679
0.0060590272
1.6668033e-05
1.7360392e-05
0.0004650937
1.7359384e-05
0.0017343104
1.6522042e-05
0.00061040087
0.0048890972
1.6098554e-05
1.65552e-05
1.6616945e-05
7.0648913e-05
0.00011585219
0.0072843847
1.6371693e-05
1.9634628e-05
3.9488015e-05
2.4790081e-05
2.2199338e-05
1.6345484e-05
1.6682371e-05
0.0026006969
1.6480748e-05
9.8575556e-05
0.00016226798
5.2500662e-05
0.00015228734
0.00046063702
1.6641344e-05
0.0022058244
1.6683415e-05
2.7163927e-05
1.6631835e-05
1.6510325e-05
0.00082139502
1.6628374e-05
4.4966539e-05
0.00061106599
4.9857459e-05
1.7298327e-05
1.659246e-05
0.0003840608
0.0014839487
1.602425e-05
0.0089456945
1.9376964e-05
1.6375925e-05
1.9941735e-05
0.0027406887
0.0014337053
0.0014707322
5.1858846e-05
2.7086598e-05
0.0022720176
1.6609412e-05
1.645637e-05
1.6504242e-05
0.0041735212
1.7423236e-05
1.7453727e-05
4.3255602e-05
1.6512723e-05
1.5743466e-05
1.624056e-05
0.00013841462
0.0026349956
0.010895039
1.650707e-05
0.0015396226
2.0379573e-05
2.7090911e-05
1.7488455e-05
8.727188e-05
1.6720078e-05
0.00044165729
0.010202521
4.4833305e-05
0.00045657337
2.0748457e-05
1.6497348e-05
1.6820083e-05
0.01047763
2.7550649e-05
1.6654047e-05
0.0015242346
0.0043776458
0.00025039095
0.00016748413
1.6505777e-05
0.00032118825
4.9500438e-05
1.6107219e-05
1.6875721e-05
0.0023129016
0.002266974
2.8461503e-05
2.0447755e-05
0.00012148993
1.7382955e-05
0.00010707355
0.00037538689
1.680888e-05
1.6508252e-05
0.0020814424
0.0010051432
1.6622802e-05
1.6495571e-05
1.7581668e-05
1.7310064e-05
0.00082322869
1.7846517e-05
1.6736517e-05
1.6630296e-05
0.00069905434
0.00046809829
1.6469813e-05
0.00070704381
2.3576986e-05
1.7117043e-05
0.0001237085
1.6637391e-05
1.9607316e-05
0.00012295305
1.6864657e-05
1.6322427e-05
0.00076099448
0.00046553115
2.2476283e-05
1.6498405e-05
1.8889373e-05
0.0035014082
2.0921994e-05
0.00040750608
0.00027517671
1.5125014e-05
0.013309288
2.9955452e-05
0.00017820886
0.00042329729
1.6802802e-05
1.6741963e-05
0.0043430251
0.00010878895
0.0074059493
1.77094e-05
1.6659074e-05
9.1943762e-05
1.7580271e-05
1.6438872e-05
1.6378941e-05
2.4667264e-05
1.8461573e-05
1.6380565e-05
0.00012690286
1.7391872e-05
0.00069258411
0.00011804426
3.2151588e-05
1.6464734e-05
0.00084241351
1.5387823e-05
1.6939667e-05
6.4307273e-05
1.7689492e-05
0.00047086183
1.6696674e-05
0.0050467304
1.6608292e-05
0.0030373784
0.000961422
2.3451212e-05
1.9390968e-05
0.00072971647
1.6617562e-05
0.00020525667
1.7228572e-05
5.1544633e-05
1.9711226e-05
2.0709336e-05
0.00061666972
1.81336e-05
1.6650988e-05
1.7142923e-05
2.6140904e-05
1.6742308e-05
0.00071919681
0.00067267558
0.00059632721
0.0074677186
4.6155301e-05
1.6507176e-05
0.00071059169
7.4577615e-05
0.00036315276
1.6605358e-05
1.7614896e-05
0.0034527726
1.6406438e-05
1.7023381e-05
1.7712937e-05
1.6493053e-05
1.642235e-05
1.5634301e-05
3.8261115e-05
1.6755758e-05
1.6830544e-05
1.75121e-05
1.6405465e-05
2.1721304e-05
0.00061997764
1.6610273e-05
0.0095474301
0.00065613282
1.6612194e-05
1.5875185e-05
1.6618378e-05
1.5353649e-05
1.8757018e-05
0.005168704
1.6672823e-05
0.00011309327
0.0025342211
0.0034519945
4.7345352e-05
0.00013218621
1.8358811e-05
0.00036484764
1.6340857e-05
2.718592e-05
0.00032444953
2.4676674e-05
0.0036837493
1.6382079e-05
2.7771709e-05
1.5829167e-05
1.5856271e-05
1.5897175e-05
1.5905685e-05
1.6014448e-05
1.5867593e-05
1.6432839e-05
1.5863302e-05
1.5846972e-05
1.586865e-05
1.5872643e-05
1.6106164e-05
9.4518436e-05
0.00010002916
3.0717567e-05
1.7826529e-05
1.591829e-05
1.5839858e-05
1.5823531e-05
1.583865e-05
1.5886371e-05
1.5911359e-05
1.5851215e-05
1.5860635e-05
1.5864421e-05
1.5886035e-05
1.5818815e-05
1.5847848e-05
1.5839659e-05
1.5853238e-05
1.5896848e-05
1.5922044e-05
1.5951698e-05
1.5952232e-05
2.0902473e-05
1.5853998e-05
1.5851278e-05
1.58584e-05
1.5867412e-05
1.5867561e-05
1.5839349e-05
1.5825543e-05
0.0001786939
5.1148203e-05
1.5819421e-05
1.590432e-05
1.6890832e-05
1.6622789e-05
0.0028486616
0.00074996706
0.00025820942
3.7416433e-05
1.6985059e-05
1.6491358e-05
1.7569794e-05
1.6756892e-05
1.9171857e-05
1.6575133e-05
1.6402846e-05
1.7488514e-05
1.9370062e-05
1.6359054e-05
0.0055418981
0.0058688237
0.00030215305
1.6652335e-05
4.1498536e-05
1.7608907e-05
0.0054833541
0.0068917735
0.00010350369
1.9319948e-05
0.00012845698
1.6964926e-05
1.7061991e-05
1.7110247e-05
1.6543757e-05
0.0031396467
1.7661873e-05
1.6610897e-05
0.0024356229
0.00040235136
0.0021071085
1.6406665e-05
1.676212e-05
2.1134812e-05
1.6640373e-05
1.6632012e-05
1.8206456e-05
7.2509047e-05
0.000393139
0.0026764599
1.722255e-05
2.3221668e-05
4.8373951e-05
0.0014848973
1.727016e-05
0.00049795857
3.1142148e-05
6.7541436e-05
0.0004108009
0.0012259229
1.8174928e-05
1.641818e-05
1.6074158e-05
0.00021079201
1.6596221e-05
0.0028850965
1.6774695e-05
1.6653224e-05
2.8099882e-05
1.6620424e-05
0.00064000454
1.6651902e-05
1.6463112e-05
0.0010530744
2.1119423e-05
0.00028945474
1.6600929e-05
1.6330058e-05
0.0026277887
1.9455299e-05
0.0001193661
1.6503679e-05
5.0827525e-05
1.656947e-05
1.6458706e-05
2.7804907e-05
1.6511579e-05
1.724086e-05
1.6597942e-05
1.6737533e-05
1.6731029e-05
1.7922368e-05
0.0017893201
0.0066826434
1.5583465e-05
0.0014207865
2.0372128e-05
0.0050439531
1.7013462e-05
0.00052095123
1.6658152e-05
1.6814662e-05
1.630676e-05
2.6698873e-05
1.7371322e-05
1.6646936e-05
0.00075642815
1.7258498e-05
1.6446525e-05
1.5744243e-05
1.6656457e-05
2.501814e-05
0.0037071832
0.0069018746
0.0021462928
1.6433582e-05
1.661949e-05
1.6358514e-05
0.00089087011
1.9407431e-05
1.6652701e-05
0.0001242928
1.6383439e-05
1.6196358e-05
1.7687838e-05
2.6242041e-05
2.1104386e-05
0.0017493277
7.5846326e-05
1.6516721e-05
1.66116e-05
1.6461107e-05
1.6949094e-05
1.6889019e-05
0.0068921729
1.7488142e-05
2.9270402e-05
1.6641921e-05
0.00012724973
1.5957089e-05
2.2558756e-05
0.0058309673
0.0027467897
1.6829047e-05
0.00065880252
1.7487611e-05
1.7258193e-05
1.6422562e-05
0.0023967232
0.00080573017
0.0011004712
7.8030429e-05
1.4603538e-05
0.00078512301
0.0019354926
0.0074481201
1.6380548e-05
1.6435784e-05
1.7182119e-05
0.0016354911
1.6831705e-05
0.0010420571
1.6640142e-05
1.6503682e-05
1.6110977e-05
1.6663782e-05
1.6420914e-05
5.0696848e-05
1.6691173e-05
1.6325063e-05
0.00035339833
1.7432439e-05
1.6314162e-05
1.7926595e-05
1.6947963e-05
1.6594281e-05
1.7109829e-05
0.00057027505
0.0035582024
1.7954727e-05
1.6615374e-05
1.9200081e-05
1.6535694e-05
1.7552298e-05
1.7205756e-05
0.011256817
0.0020254258
1.7445149e-05
2.062972e-05
4.843117e-05
2.9284088e-05
0.0018794925
1.6434476e-05
1.5949705e-05
1.7298094e-05
1.6549117e-05
1.7652298e-05
3.3652883e-05
5.875549e-05
1.6664848e-05
0.0047526032
1.6788272e-05
1.6520857e-05
0.00069521893
0.00024385639
1.7345143e-05
0.00070224657
0.0039547951
0.0034760149
1.6750213e-05
1.6653314e-05
1.698322e-05
0.0034932245
1.8137384e-05
0.0012471413
1.6633136e-05
1.7184624e-05
0.010355726
0.00091103152
2.0894032e-05
1.925015e-05
0.00083917778
0.00039567182
1.7456117e-05
1.6708635e-05
0.0031572771
4.0794581e-05
1.6979606e-05
1.916103e-05
3.3176262e-05
0.0024050556
0.00093192667
1.6460152e-05
1.6534582e-05
1.7642976e-05
6.7443104e-05
1.665399e-05
1.6561382e-05
2.4385923e-05
1.7108464e-05
0.009691934
2.0584865e-05
5.2242182e-05
1.7864345e-05
1.6692994e-05
2.2424399e-05
0.0053567841
0.0031956773
1.8402818e-05
1.6813291e-05
0.0031325933
2.0765336e-05
1.7681341e-05
0.0046096858
1.7254951e-05
2.8644676e-05
1.6547151e-05
2.4565528e-05
1.6013216e-05
1.6606696e-05
0.0011629201
0.0051975967
0.00093762071
1.6349042e-05
0.00031886054
1.7648079e-05
1.642922e-05
4.8713296e-05
2.0698579e-05
2.8771179e-05
0.0016652826
0.010900189
0.00066424661
1.6556916e-05
0.00010508073
0.0023894641
1.6552011e-05
1.6658953e-05
1.661974e-05
0.00087353241
1.6820701e-05
9.8902423e-05
3.9391515e-05
1.6494856e-05
1.7485019e-05
1.6609935e-05
0.0020542757
1.6483747e-05
0.0008725529
1.6713745e-05
0.0032737168
1.6415595e-05
0.00011336554
1.6576018e-05
1.7086766e-05
0.0062542928
1.6456111e-05
0.0011620644
1.634044e-05
1.9951504e-05
0.0012389377
1.6474636e-05
1.6631171e-05
0.0065909898
2.4040404e-05
0.0010251144
2.4283895e-05
1.7642774e-05
1.69891e-05
1.7506161e-05
1.7184985e-05
1.6938817e-05
0.0011042079
1.6421879e-05
1.6768932e-05
1.6382368e-05
0.0015873193
0.0015844186
0.00027166824
1.7511058e-05
1.7150278e-05
1.6528385e-05
0.0016915395
1.6622578e-05
0.0003940735
0.0016989766
1.7003258e-05
2.9388517e-05
3.2569675e-05
1.6264188e-05
1.8061955e-05
0.0018702362
0.00099020107
2.7174972e-05
0.0019917415
0.0012029518
1.6721912e-05
0.00011920096
2.2194258e-05
1.663745e-05
0.00055043558
1.6572959e-05
0.00020975988
0.0012743126
1.914505e-05
1.7676581e-05
1.645333e-05
0.0098468044
1.7201354e-05
1.7684842e-05
0.00054927838
1.718718e-05
1.6402985e-05
9.1730254e-05
0.010069764
1.6602822e-05
0.0007335371
1.649264e-05
1.7443734e-05
1.6436627e-05
2.2307032e-05
1.6639163e-05
0.0045002365
0.00012327295
5.0234276e-05
2.6408207e-05
0.0047986627
1.7844966e-05
0.00021742742
1.6594917e-05
0.00029430067
1.7581388e-05
1.7624869e-05
1.6604903e-05
1.754745e-05
0.0033065755
1.660856e-05
0.0010894383
0.0010132084
1.6867709e-05
2.8149339e-05
9.6801396e-05
0.0011688815
0.00035712417
0.00041566511
1.6512e-05
2.2158937e-05
1.6802081e-05
2.7548934e-05
1.6688611e-05
2.0823819e-05
1.755527e-05
1.6521682e-05
0.0072526892
0.0072252938
1.6494675e-05
0.00213802
0.00058683107
4.9094643e-05
0.0017612321
1.6639403e-05
1.9572457e-05
4.3386954e-05
0.0029519343
2.1616556e-05
2.0844072e-05
3.7945128e-05
1.6473897e-05
2.1950759e-05
0.00024620913
6.4764218e-05
1.6499988e-05
6.7905555e-05
8.5276281e-05
8.1017861e-05
0.00011646497
0.0056953936
0.0033906262
1.6477733e-05
0.0066700167
1.6417339e-05
0.00024119046
4.7772584e-05
1.7086158e-05
3.3706732e-05
0.0040072841
1.6208595e-05
1.7331427e-05
1.6966664e-05
2.2675803e-05
0.00048835397
0.0010115479
1.7152598e-05
0.00073725756
0.00095617386
0.0017722545
2.2554749e-05
0.00010233965
0.00010005346
1.6391816e-05
1.5809483e-05
2.0027509e-05
1.6615069e-05
1.7187102e-05
0.0022099215
0.00068556522
1.8056504e-05
1.7318111e-05
4.7862516e-05
1.6522957e-05
1.8616764e-05
0.003630234
2.278581e-05
0.0028194002
1.6407784e-05
1.6611308e-05
1.6984603e-05
0.001303275
1.6570088e-05
2.6750077e-05
0.00075218806
1.8258641e-05
0.00038483877
0.00072595615
1.6614365e-05
1.652754e-05
1.7318427e-05
1.6503569e-05
1.7330117e-05
1.6553006e-05
0.0067287256
1.650233e-05
1.7476966e-05
1.6461257e-05
0.0019265949
1.7186098e-05
0.00088747479
1.6626958e-05
1.7746338e-05
3.8630941e-05
0.0026068457
0.0067606829
0.00015720926
1.692615e-05
1.6863664e-05
1.6285072e-05
1.721629e-05
0.0054748032
0.00026600097
0.0076806167
0.0089189436
1.6756608e-05
1.6632261e-05
1.7445821e-05
0.0016858952
0.0011449774
0.00089601238
0.001722734
1.6601381e-05
3.3692234e-05
1.6391186e-05
0.00017887481
0.0080168748
1.6656261e-05
1.669787e-05
9.6501351e-05
0.0025920001
1.6516093e-05
1.713476e-05
1.6653734e-05
0.0042747013
0.00014512612
4.144455e-05
0.00058454455
0.0022564485
1.6647531e-05
1.6508739e-05
1.5676254e-05
2.6678459e-05
1.6593444e-05
0.00074030017
1.6821812e-05
0.0083976427
2.705931e-05
8.2343167e-05
0.00011824709
1.6534391e-05
2.0599648e-05
4.2288244e-05
1.6945057e-05
0.0046311594
1.5884946e-05
1.6450994e-05
1.6668143e-05
0.00063515188
0.00056035754
0.00016928519
1.6779834e-05
0.00011288872
1.7914394e-05
0.013733421
0.0086005297
0.00031188289
1.6704786e-05
1.719834e-05
0.00017880555
1.6122851e-05
0.00049875259
0.00010490098
0.00034272773
7.5382477e-05
0.00044830377
0.00012410317
6.0110134e-05
5.0667959e-05
0.0035636192
2.0210091e-05
1.7373704e-05
0.0014487803
1.6426397e-05
1.6447952e-05
2.4147239e-05
1.7460024e-05
0.00032941936
0.0002364701
1.7422362e-05
0.0028118567
1.6620628e-05
0.00026436989
1.7331416e-05
1.7398919e-05
2.5448646e-05
2.4751507e-05
1.7298994e-05
1.6462882e-05
1.6507732e-05
1.6738942e-05
1.6502495e-05
0.002974529
0.0015438871
1.6541436e-05
0.0023468977
0.0087887365
2.4835231e-05
0.0003488115
1.6944087e-05
0.0065843914
1.6342958e-05
0.0016165046
2.9784493e-05
1.6041665e-05
0.0052404889
5.2141771e-05
0.00049578364
1.6375191e-05
1.6638812e-05
0.0015889732
1.6414346e-05
1.6656496e-05
2.0885154e-05
1.7213979e-05
2.7118049e-05
1.7313855e-05
4.199854e-05
1.6702609e-05
1.6513795e-05
0.00074716419
1.7594368e-05
1.6423682e-05
1.7572693e-05
0.003767289
1.6452859e-05
1.6590087e-05
2.0486455e-05
1.6510151e-05
1.6813445e-05
0.0071304974
0.0017181996
0.0019180099
0.00061105149
1.67884e-05
1.7881254e-05
1.6641562e-05
0.002328432
0.0018685666
0.00044691991
1.7051854e-05
0.005911898
0.00066246107
1.6632073e-05
1.6591538e-05
0.00086866993
1.6563666e-05
1.6941586e-05
0.00073183075
0.00057958833
6.2199996e-05
0.00013615132
1.7259804e-05
0.00018058152
1.6648607e-05
1.8293178e-05
1.660415e-05
2.5697516e-05
1.5888407e-05
1.6473564e-05
0.00080127626
0.0001692897
1.8436881e-05
1.6607022e-05
1.6658906e-05
1.6521698e-05
0.0043801864
0.00095726284
1.7384616e-05
1.6586421e-05
0.0026906317
0.00026343756
0.0061948534
2.1828229e-05
1.702644e-05
0.00033098058
5.1468188e-05
0.00010617661
1.7185251e-05
0.00050755955
1.6795348e-05
1.6500359e-05
1.6971486e-05
1.6627023e-05
0.0023006213
2.0093975e-05
1.7556899e-05
1.6571475e-05
5.9060193e-05
1.7470991e-05
0.00027635899
0.0098152716
0.0066606915
3.8777181e-05
0.00072787048
0.00070358256
0.00012039367
1.5642775e-05
1.6895037e-05
0.010429461
0.00047186597
6.0895597e-05
2.780316e-05
1.6675989e-05
0.0012752429
1.6681889e-05
0.000450055
0.0032234589
1.6380177e-05
0.00029953004
1.6992448e-05
0.0012916673
1.6651726e-05
0.001443233
0.0010301941
1.9350374e-05
1.7163403e-05
1.6451922e-05
0.00098460073
1.6459034e-05
2.0817235e-05
1.6189795e-05
1.7518526e-05
0.0013142894
0.00047951576
0.0010903114
2.3022196e-05
0.0065756634
2.3505545e-05
0.00014967844
0.00092918458
1.723989e-05
1.6470741e-05
0.00033051147
0.00078629308
0.0045069256
1.9468443e-05
2.5349621e-05
0.00074074726
3.0502127e-05
5.5030629e-05
0.0013668274
0.0020300832
0.00068949442
1.933382e-05
0.0098181539
3.3422638e-05
2.1937293e-05
1.6714637e-05
0.0015833368
0.0004399142
1.7829382e-05
1.77164e-05
2.6808682e-05
0.0033730973
1.701263e-05
1.8452403e-05
4.1895287e-05
0.00015612441
1.6480969e-05
1.6990734e-05
2.1125442e-05
1.5880096e-05
1.7269602e-05
1.6805141e-05
0.00030061097
1.6643346e-05
2.2322267e-05
1.5679396e-05
0.00046689082
0.00051677606
2.7213586e-05
3.4745289e-05
1.6691112e-05
0.0005413863
2.1775124e-05
0.0101608
0.0075557116
0.0011268297
0.0006316216
1.7117664e-05
0.0073669951
1.6999946e-05
0.0034986894
0.004509903
1.5658348e-05
5.1467249e-05
0.00086998744
1.6589053e-05
1.6790348e-05
0.00016721368
2.0114275e-05
0.00076785279
2.0126561e-05
1.9144615e-05
2.2231919e-05
1.6579507e-05
2.3963361e-05
1.7184206e-05
1.6593961e-05
1.6508555e-05
0.0029323552
0.00043381656
0.00034771916
0.00088137404
0.0028180575
1.8842593e-05
1.8418422e-05
1.7585899e-05
1.663204e-05
1.7074504e-05
0.0013211468
3.3075727e-05
1.6854461e-05
0.00031384572
0.00013940039
1.6418572e-05
9.863033e-05
0.0093152736
7.190635e-05
0.0032001955
1.712705e-05
0.00096773645
1.6629302e-05
2.0544713e-05
2.0532779e-05
0.0078920461
2.7762936e-05
8.0408981e-05
1.6660389e-05
0.0067459323
0.00049351557
1.8531449e-05
0.00097616711
0.00026259693
1.6505473e-05
0.0036118806
1.6483323e-05
2.2164112e-05
1.6818301e-05
3.9215258e-05
2.6013695e-05
0.00081380531
0.0040020381
1.7369163e-05
0.004314307
0.00090169957
2.8386108e-05
0.002550062
4.708468e-05
1.6433642e-05
0.0042271835
0.0048255349
1.8371574e-05
0.0086550502
1.6621566e-05
1.6665967e-05
1.6627167e-05
2.702401e-05
2.0414023e-05
1.9952056e-05
0.0012659525
9.6898707e-05
1.904775e-05
1.6581304e-05
1.7426077e-05
1.6568905e-05
1.9864468e-05
5.0187695e-05
0.00044746057
0.00050795919
0.00069868757
0.00030307795
0.00019651395
1.6432413e-05
2.3496365e-05
1.6622402e-05
1.5827024e-05
0.0079825725
0.00075670915
0.0062770865
0.0013233019
2.0576056e-05
1.6570838e-05
0.00072384035
0.0056924631
0.00063799149
4.4835305e-05
1.6496987e-05
1.6578536e-05
1.6757395e-05
0.0055476145
2.8351673e-05
1.8597274e-05
0.0022048183
1.6074349e-05
0.0028204048
0.0012785233
0.00042523765
0.00052890525
1.8364252e-05
8.9317988e-05
1.6790744e-05
0.00066617519
0.0043371665
7.1319692e-05
0.00039043995
8.4462825e-05
0.0092470439
0.00012558058
0.00015209414
1.7034529e-05
0.005524087
0.00012030989
1.6761241e-05
1.7912193e-05
0.0013952385
0.0020862997
1.7662932e-05
5.1228086e-05
2.6631404e-05
1.7104505e-05
0.0010026636
1.7470915e-05
0.001042335
0.0011492502
2.7571659e-05
1.663027e-05
0.00018873913
1.6158479e-05
7.0476283e-05
5.8195156e-05
1.6443614e-05
0.00078310533
1.6412717e-05
0.0017906388
1.6274038e-05
1.7220161e-05
1.6023954e-05
2.6028112e-05
0.0016646679
1.9361324e-05
0.0066056138
0.0071378732
0.00034936471
2.1084402e-05
1.6504247e-05
0.011551744
1.6504957e-05
0.00073434836
0.00056846322
0.00080346665
2.0756269e-05
7.0703622e-05
1.6570352e-05
1.6938484e-05
4.9225955e-05
4.4221258e-05
1.6189821e-05
2.7308557e-05
2.7694852e-05
0.0010475896
0.00054188068
1.7709747e-05
0.00010817147
0.00088373854
1.60863e-05
2.7720025e-05
0.00011952815
1.6976178e-05
2.8189083e-05
1.6492889e-05
0.00064251492
0.00034675727
1.7200561e-05
1.6473379e-05
1.7384898e-05
0.0011127426
1.6451953e-05
0.0003348326
0.0055526765
1.6444575e-05
1.6386134e-05
2.0116263e-05
5.3706861e-05
0.0018323132
1.6505793e-05
0.001597859
0.00093369306
9.2734174e-05
1.6135091e-05
2.8143595e-05
0.00022889956
3.4352381e-05
4.1302226e-05
1.6721209e-05
0.0041233599
1.8080946e-05
0.0015099606
1.6624074e-05
1.7063462e-05
0.0017722206
1.6616535e-05
1.7046759e-05
1.6718041e-05
0.00062382219
1.6764735e-05
1.6420906e-05
0.0013428027
0.00062481792
0.010050029
2.0402699e-05
0.00059954333
0.0010310147
0.0003516949
1.6477148e-05
1.7202831e-05
3.2510214e-05
1.7212438e-05
1.6957585e-05
0.00066765296
0.00098487491
3.7377527e-05
0.011182073
1.6483116e-05
0.00061370178
0.012612021
3.508974e-05
2.4725921e-05
0.0004729314
1.6672226e-05
1.7163712e-05
0.00057615114
1.7937875e-05
1.6993098e-05
0.00082485174
2.7847971e-05
1.7391055e-05
1.7360229e-05
0.00012475693
1.8860278e-05
3.025263e-05
0.0078664727
1.6820672e-05
0.00053526214
0.009395708
0.0058471304
0.00047896194
1.9222046e-05
2.3423299e-05
0.011215987
1.6313823e-05
2.0576245e-05
1.6496209e-05
0.0047514508
9.6617241e-05
2.0362253e-05
2.3246754e-05
0.00022928635
0.0057162755
0.00024789792
0.00095029599
2.7186994e-05
1.7161283e-05
0.00039627148
8.0261787e-05
8.6577342e-05
0.00067816064
1.6715231e-05
1.7029613e-05
0.001673344
1.7061747e-05
4.7562124e-05
0.00098468344
2.0240849e-05
0.0011044185
1.5606038e-05
1.6119418e-05
1.8535433e-05
0.00082181478
2.2941637e-05
0.0004051786
0.010179405
2.57579e-05
0.00039396125
0.00097982537
0.00018824171
0.0046420619
4.1017231e-05
1.8185947e-05
0.00073515529
1.7136768e-05
1.5577155e-05
7.9196286e-05
0.00031891256
1.6686958e-05
0.0010186357
0.007616012
0.0013996474
0.0045781523
1.8746695e-05
1.655342e-05
0.00081991571
1.6731585e-05
1.6636181e-05
0.00030273367
1.4079571e-05
0.00093354885
2.415539e-05
2.2439814e-05
2.0536274e-05
0.00041825352
0.00032047661
1.6354343e-05
1.7700945e-05
1.6478863e-05
1.8763301e-05
0.0099679479
1.6847408e-05
0.00036923147
0.00011698198
1.6452994e-05
5.3668037e-05
1.6918222e-05
1.5567715e-05
1.637701e-05
0.00062265105
0.00088597399
0.0003904829
7.724304e-05
2.0884598e-05
0.0023287887
2.4351288e-05
0.0007069205
1.8636096e-05
3.4139457e-05
1.6633603e-05
1.6333546e-05
2.1133564e-05
1.7967055e-05
0.00017059324
1.6453373e-05
1.6437954e-05
2.9889452e-05
0.014369717
0.00092162647
9.2375411e-05
0.0019532475
0.00010883962
0.00022227038
1.683628e-05
1.6616534e-05
2.5069674e-05
1.6394753e-05
0.00054323029
0.0014311981
0.00042584565
1.6233027e-05
0.0043275151
0.0019063186
0.0032028934
2.0044079e-05
1.7463222e-05
1.6481325e-05
1.7964668e-05
8.1001386e-05
0.00013400781
2.2815543e-05
0.00075301598
1.6686547e-05
0.001016268
1.6670106e-05
2.1537912e-05
1.678934e-05
1.6512987e-05
0.001208112
0.00020195139
0.00099070652
1.5835357e-05
0.011217178
0.0002426883
1.6510036e-05
1.669377e-05
1.7018305e-05
0.0010465805
1.6487609e-05
0.012697154
9.1778757e-05
1.813662e-05
3.4185225e-05
0.0023334687
1.6774761e-05
0.0018580943
2.5057495e-05
0.0012053477
1.6724269e-05
0.0036769402
1.6541238e-05
5.0983703e-05
1.7805071e-05
1.7110472e-05
1.671766e-05
0.00026837283
0.00010375815
0.001351053
0.0005057003
6.0696426e-05
0.0012057629
1.6750497e-05
0.001779102
1.7292955e-05
2.1858074e-05
2.9898712e-05
4.0341884e-05
1.4754347e-05
1.6373071e-05
0.00092615614
1.8789109e-05
0.00078311636
0.0060448835
0.0012185851
0.0040437097
1.6791758e-05
9.0719546e-05
0.0064928153
3.3845336e-05
1.6604588e-05
0.0011886211
0.0012670632
0.0011772685
0.010692905
1.7478708e-05
1.644193e-05
0.0017351804
5.5542852e-05
2.1689391e-05
0.0001169758
4.490384e-05
2.1272914e-05
1.8376394e-05
1.7076359e-05
0.0010782453
1.9453553e-05
0.0058451831
1.6757904e-05
1.6367998e-05
0.00013719327
2.4705506e-05
1.7605026e-05
2.2513964e-05
0.0056136305
0.003206942
0.001467851
1.7250334e-05
0.0069325343
0.00079677281
0.0052235925
2.8961601e-05
0.0026170157
0.00065862109
1.9484065e-05
1.9462812e-05
2.4442047e-05
0.0064566894
0.0034675262
1.6603481e-05
0.0021213022
1.9628252e-05
5.410373e-05
0.00084472614
0.00116928
0.0025833257
1.7454341e-05
6.0132429e-05
0.0063267921
1.7891419e-05
4.4510396e-05
0.00011564842
0.0017739964
0.00033191179
0.0010642591
1.5998383e-05
1.6500968e-05
0.0032885467
1.7718942e-05
2.8326767e-05
1.7014839e-05
0.0081272688
0.0043710327
1.9041207e-05
1.5210422e-05
0.00031320906
0.00010611005
1.6334546e-05
0.0048567183
9.1414294e-05
1.5685584e-05
0.00084179181
0.00027920598
0.0025067341
1.5815705e-05
2.5734255e-05
1.9867171e-05
0.0017470178
0.00069581365
0.0074992376
0.00015409779
0.0010493179
0.0024720366
1.6497722e-05
1.6518523e-05
0.0018764829
0.01183759
3.2300881e-05
0.00073544326
1.6685987e-05
0.00074963912
1.7476552e-05
1.6307667e-05
2.8020223e-05
1.6833401e-05
0.000875596
0.006903137
2.0468887e-05
1.6610214e-05
0.0073797134
1.661462e-05
0.00032652646
1.6316695e-05
5.060525e-05
1.5884292e-05
2.9104556e-05
3.5239244e-05
0.0047425106
5.8715857e-05
2.1354553e-05
1.6713344e-05
0.0011311656
0.0024124254
2.0992008e-05
1.8517567e-05
0.0088454269
1.6861082e-05
0.0008547454
1.8825971e-05
1.7261738e-05
0.0061947956
0.00027019516
0.0013832344
0.0033099254
0.009276944
1.6901677e-05
0.0014760734
1.6953499e-05
1.5151582e-05
2.0495767e-05
2.2478518e-05
0.0063451485
1.6602817e-05
1.7079436e-05
1.6324997e-05
0.0017900225
7.8963992e-05
0.0059645984
2.0883319e-05
4.2168213e-05
0.01134075
0.00057134667
1.7680798e-05
5.2222018e-05
1.6860333e-05
2.035323e-05
1.7524427e-05
1.6950883e-05
1.6263585e-05
0.00027203471
0.00029703377
0.00084425469
0.0014411667
3.0033927e-05
1.6534911e-05
1.860364e-05
1.6339985e-05
1.7389818e-05
1.8157187e-05
2.1749684e-05
1.5602618e-05
0.0015916445
0.0029361152
2.0505737e-05
0.00016821961
3.0532747e-05
1.630468e-05
2.263793e-05
0.0016287292
1.6033074e-05
1.6579819e-05
0.005948776
5.1293821e-05
0.0024595808
0.00042444204
1.9803026e-05
0.0045318338
1.9249935e-05
1.7972887e-05
0.00064022577
1.5304309e-05
0.0049668493
1.8926478e-05
1.7081617e-05
0.00026245218
0.00029448719
0.00024149821
0.00019121457
6.3273025e-05
1.7105564e-05
1.6599007e-05
1.6144495e-05
0.00027645484
1.6655306e-05
1.8751786e-05
1.8835939e-05
1.6822102e-05
0.00064944261
1.6703084e-05
1.6415054e-05
0.0047270215
2.2036015e-05
0.0004691806
3.330662e-05
0.0023371801
0.0041899927
1.780889e-05
0.0018950235
1.6566275e-05
0.0083120387
1.9945654e-05
3.0892685e-05
0.00026776291
0.0035976899
1.6541998e-05
2.4620516e-05
0.0023397563
1.7433703e-05
0.00067424555
0.00061062931
0.0013220348
1.6993101e-05
1.6403463e-05
3.536845e-05
1.6059705e-05
1.9811347e-05
0.00055022849
1.5471684e-05
0.00098765703
0.00046398001
1.7878524e-05
0.00010888326
1.631963e-05
2.0626429e-05
0.00041246957
0.00021220005
0.0010975758
4.7663896e-05
1.9943508e-05
0.0015517102
0.0023748942
0.0019308506
2.2224418e-05
0.0017564547
0.00022296855
0.00032302157
4.5934886e-05
0.00011520822
1.6428564e-05
1.6472912e-05
1.8208573e-05
0.0062615773
0.0051138068
1.7117537e-05
8.6759144e-05
0.00022862448
2.7124001e-05
0.00073766899
0.001449289
1.766315e-05
1.8296649e-05
1.651294e-05
1.7400321e-05
0.00013404637
1.6556155e-05
1.7029988e-05
1.8822031e-05
3.4090548e-05
3.7759988e-05
0.001952534
0.0017952867
1.8038029e-05
1.6693918e-05
1.7568599e-05
1.7739507e-05
1.6055323e-05
1.6620544e-05
0.00082384364
1.6644472e-05
1.6506033e-05
0.0028133855
0.00045563763
1.7652384e-05
1.6646863e-05
0.0044627548
1.6692774e-05
2.3462967e-05
4.7096438e-05
0.0015037872
4.7472895e-05
0.00051494487
0.0013577723
1.6607338e-05
1.6696593e-05
0.015369979
1.6734552e-05
0.0017140362
0.00012187483
5.9222879e-05
0.0032562049
1.6679243e-05
2.3200878e-05
1.9165412e-05
2.0741125e-05
1.5783863e-05
1.708202e-05
0.000557246
1.7379734e-05
2.2526718e-05
1.7888771e-05
0.0027137573
2.6278592e-05
0.00080464383
2.1817323e-05
0.0047887433
2.7041143e-05
1.5983261e-05
2.1198842e-05
1.6274783e-05
1.6456029e-05
1.6822705e-05
1.6613457e-05
1.7172772e-05
0.00099133435
0.0007174161
1.6770818e-05
0.004136544
0.0014589486
1.6223932e-05
1.6222908e-05
1.6391007e-05
1.6449294e-05
0.00021663299
1.6495315e-05
1.6830023e-05
1.6420846e-05
2.9655955e-05
0.00070435074
0.0011874748
0.0020839191
1.886746e-05
1.9034239e-05
5.3177802e-05
2.2325092e-05
0.0012186679
1.7782948e-05
0.0008191847
1.4899185e-05
2.7469543e-05
2.0986407e-05
0.0053255865
3.382864e-05
1.6452381e-05
0.0013569747
0.00026209493
1.6738658e-05
0.00054876531
0.0010165302
3.6346476e-05
0.0014270802
0.0013728532
0.0001914968
0.0019198338
0.0020170117
0.00010752818
3.788448e-05
1.7229125e-05
0.00093468322
0.00071766994
1.668891e-05
1.6792952e-05
0.00024279709
0.0013110005
0.0023073689
9.4721991e-05
0.0026394
2.8080853e-05
2.4130882e-05
1.9177252e-05
2.2019796e-05
1.7240393e-05
4.8163356e-05
1.8793557e-05
0.0016230805
0.0035959919
1.6494262e-05
2.6642557e-05
1.569723e-05
1.7713199e-05
0.00015795736
1.7588808e-05
1.8365865e-05
0.0056050323
0.00011774553
1.402e-05
0.00020234475
0.0002028503
6.3376978e-05
0.00065512872
1.6417114e-05
0.0037636241
0.0012177443
1.7256969e-05
0.0022089288
1.6393312e-05
0.00037118742
0.00045618136
3.5521457e-05
0.00094999597
1.6932234e-05
0.0046389213
1.6491787e-05
0.010097493
2.7808539e-05
0.002267197
0.00071156605
1.6635982e-05
2.1698877e-05
0.012373813
0.0049411556
2.2299175e-05
0.0081237096
1.8687575e-05
1.7262115e-05
5.4953735e-05
2.4738442e-05
2.0879957e-05
0.0029291629
1.546754e-05
0.0028584138
0.00016128914
0.0058434338
5.7697137e-05
1.8183579e-05
1.6682018e-05
0.010201989
2.2946012e-05
1.6490332e-05
1.5968428e-05
1.7716449e-05
1.6999971e-05
0.00098518653
1.6681748e-05
1.8892366e-05
1.7482701e-05
0.0018062679
0.0069429539
0.00056200029
7.1857067e-05
1.8909258e-05
0.0039273367
0.0019891095
1.6160003e-05
1.6805953e-05
1.6521926e-05
0.013110095
1.6775603e-05
1.7394104e-05
0.00059920289
0.0078406348
2.153016e-05
0.0020605309
1.7204771e-05
1.880721e-05
0.0025773806
0.00041067014
1.6825151e-05
0.00096128029
1.6468473e-05
0.00056544186
5.6510843e-05
0.00039765163
2.2021098e-05
0.0075188151
0.008463557
1.7548416e-05
0.0038976723
1.7476465e-05
0.0019790499
1.9046849e-05
1.6067204e-05
1.6910908e-05
1.6550507e-05
1.8529194e-05
3.0042402e-05
3.9562232e-05
0.0013356462
0.0023648375
1.6811029e-05
1.841297e-05
2.2749205e-05
3.6813605e-05
0.0015618023
1.6636723e-05
1.6026694e-05
1.6473974e-05
0.00018316215
0.0022157696
1.6479836e-05
0.0093564879
0.0076990137
0.0008284346
0.0019559915
1.8116542e-05
1.6453719e-05
1.7092391e-05
0.00051983575
0.002457145
3.7798725e-05
0.00071290616
0.0043904654
1.6459992e-05
1.9237454e-05
1.8227593e-05
0.0095827378
0.0048667457
1.8602073e-05
1.9691162e-05
1.7460864e-05
2.0864259e-05
2.0842548e-05
1.6421277e-05
1.6514472e-05
1.6472632e-05
0.00012812578
2.5557384e-05
2.0130058e-05
0.00039234434
0.0013474577
0.00065759823
1.7898082e-05
7.1783629e-05
1.7722693e-05
0.00011146624
0.0013177968
1.7679858e-05
0.0005420528
1.5865567e-05
0.00032191277
1.7697172e-05
1.5975961e-05
1.691657e-05
2.703033e-05
1.7167436e-05
1.65496e-05
1.6528706e-05
0.011681408
3.4491603e-05
0.001925758
2.4192052e-05
1.6425576e-05
1.6619413e-05
0.00039260452
1.66521e-05
0.0022347891
0.0005570854
0.00081681961
0.0018946469
0.00051684867
2.6346786e-05
1.4151437e-05
0.00057319047
0.0034940836
1.6157613e-05
0.00017391916
2.1146448e-05
1.6457734e-05
2.0962339e-05
8.8890082e-05
0.00087090062
0.001007697
2.4754252e-05
0.001929564
0.0028620409
0.00093994278
0.0015272457
1.6253255e-05
2.7624177e-05
3.9411459e-05
0.00028353195
2.5483192e-05
0.00077185481
0.00027869448
1.6621678e-05
0.00069065134
0.0021277284
1.6027513e-05
0.00011799123
2.3883315e-05
0.0012517816
0.0030460791
1.6701006e-05
0.0018884247
0.0026117911
6.6792878e-05
1.9179129e-05
0.00022872265
0.00020021845
0.0010667511
0.00032985573
2.1177203e-05
0.0037754006
1.6683411e-05
0.0019655063
1.762925e-05
1.7576951e-05
1.8674891e-05
1.6069202e-05
0.0042406825
0.01017316
1.8676801e-05
0.00039011396
2.1711022e-05
0.0010705942
2.2543478e-05
0.0034219879
1.7444727e-05
1.6381836e-05
1.6516912e-05
0.0057461987
0.002308097
1.8628749e-05
1.6280189e-05
0.0031940372
1.7028486e-05
0.00056358445
2.4304836e-05
2.0277988e-05
0.00038966225
2.0874954e-05
0.0018002084
1.5828975e-05
0.0024185095
0.00021923378
1.589645e-05
0.00032651711
0.00024023441
3.9805648e-05
0.011899111
0.0010330717
0.00087687355
1.7801201e-05
0.00031431249
2.0762995e-05
2.0331611e-05
1.5338623e-05
1.8423435e-05
1.7753098e-05
1.648561e-05
0.00014433139
0.0038851581
1.7832056e-05
1.8083602e-05
0.0093802558
0.00063152454
1.8642616e-05
0.00084632289
1.9819758e-05
1.641251e-05
0.0046752366
0.00087210153
0.00068545548
1.6434486e-05
1.9617802e-05
1.6375033e-05
0.00010085108
3.3400355e-05
4.7525676e-05
0.00073931351
1.8222268e-05
0.00028339366
0.0022885352
0.0011786668
3.7762202e-05
1.7966929e-05
1.712765e-05
1.6475902e-05
6.8794625e-05
1.72322e-05
1.6049907e-05
1.6530061e-05
1.6009262e-05
8.6879758e-05
0.00025488792
1.7558845e-05
1.7520203e-05
1.8518708e-05
1.6909331e-05
1.6685386e-05
0.005481266
0.0012292629
7.2144622e-05
1.6092181e-05
0.00033123721
0.0077613282
0.0018785641
0.0019433947
1.6582146e-05
0.0059365931
0.00018799727
0.001570593
0.00010604019
0.0003234189
0.00083615343
0.014406706
0.0011462335
0.0015308158
0.00048617292
0.0013903522
0.0010174135
1.6087648e-05
0.00097341345
0.00018899846
1.522561e-05
0.0011764214
1.6687011e-05
3.5475539e-05
1.9839431e-05
1.7914161e-05
1.8002154e-05
0.0044022969
0.0050541925
0.00051198837
1.8418213e-05
0.0012922518
2.0838595e-05
0.00089264266
0.0001961059
0.0016729364
0.002126642
0.00063827666
0.00084084891
0.00062711702
0.00087888451
0.0017439486
0.0015746031
2.2333657e-05
0.00030222984
0.0014086993
2.3534285e-05
0.0017801758
4.8008733e-05
0.011062409
1.9456664e-05
0.00011084693
0.0011820367
0.0018205295
4.6562969e-05
0.0015761485
1.9254859e-05
4.7613742e-05
1.6660706e-05
2.705229e-05
1.7895388e-05
0.0083939058
1.9564843e-05
0.00018758577
0.0079192726
1.6343773e-05
1.6271404e-05
1.6827365e-05
0.00015637329
1.7460625e-05
0.0014253054
1.7108436e-05
0.00011720165
3.4044315e-05
1.7726419e-05
0.005683117
0.00010961859
0.00039265439
0.0014905706
6.8492311e-05
1.6780864e-05
1.7440201e-05
1.6462624e-05
1.5995501e-05
3.4661001e-05
0.0028463269
2.7163813e-05
0.00011715638
0.00032743301
0.00085874922
0.0012983593
1.7266842e-05
0.0014235724
1.6602907e-05
0.0010646218
0.00054798854
0.0013166677
0.0015785704
1.6447043e-05
1.6312974e-05
0.00082511981
1.643765e-05
2.6459408e-05
1.6440438e-05
0.00072902665
0.0012481985
1.6458683e-05
0.00083971618
1.6613759e-05
5.9335149e-05
1.9749074e-05
1.725842e-05
0.00055338513
1.6549574e-05
0.00063068676
0.00074938028
0.015674714
2.2357705e-05
0.0088578527
0.00085203662
1.6581793e-05
1.6661288e-05
0.0047413117
4.9756265e-05
1.5138246e-05
2.2309397e-05
2.2615446e-05
1.6336746e-05
3.176502e-05
0.0055850455
1.8640405e-05
1.6643689e-05
0.00088420174
1.6523611e-05
0.00020623151
1.6619923e-05
2.9602897e-05
0.00010833465
1.6500959e-05
0.0070497886
1.7183462e-05
7.0539434e-05
4.7266625e-05
1.6519698e-05
0.00011722513
0.0027941337
0.00099681566
1.6578554e-05
0.0011686867
1.607942e-05
0.00019683193
1.4624754e-05
0.00026414595
0.0018152782
0.00012576779
1.6493049e-05
1.6426009e-05
0.0030687096
0.00016082461
2.2452475e-05
0.001738561
0.00014887466
0.00011144329
2.1116189e-05
0.0012456492
2.2999078e-05
1.6541358e-05
1.6609022e-05
1.6689694e-05
4.8196484e-05
1.6489524e-05
4.6592116e-05
0.0013607625
0.0011404523
0.0016437307
0.0015569556
0.001003019
1.6538299e-05
1.8632424e-05
1.8181986e-05
0.0033804001
2.0551778e-05
0.0040367143
1.8166772e-05
0.00025811311
1.6878644e-05
1.6678425e-05
1.6776467e-05
0.00012956228
0.00038685096
0.00060272845
3.7825627e-05
1.8212017e-05
0.0020479242
0.010056173
0.0012680404
1.6719481e-05
0.0034958419
0.00021208259
1.6979407e-05
0.0046863553
1.7957784e-05
0.00012594296
1.7531915e-05
1.7547225e-05
1.6608239e-05
0.00012961165
0.0017043964
1.8892591e-05
3.1974077e-05
1.668676e-05
1.6737617e-05
0.0005669023
0.0022379691
1.6831024e-05
0.0021664259
0.00043763099
0.00022234662
0.013361611
0.008524241
1.6665217e-05
1.9122241e-05
0.00072672349
1.8396945e-05
2.7665583e-05
8.6097634e-05
1.5158956e-05
0.0019383685
1.6515327e-05
1.6616501e-05
0.0017016376
0.0013430809
0.00024797594
0.0016741863
0.0094260858
1.6595752e-05
0.00056981898
1.6382795e-05
0.0035462273
3.5054715e-05
1.5723139e-05
1.6886738e-05
1.7950694e-05
2.7285082e-05
0.00037345345
0.00040918633
0.0015568147
0.00026479603
0.00084287436
0.00058296754
1.7507595e-05
1.6433504e-05
1.6289026e-05
2.0956384e-05
1.6597087e-05
1.4185435e-05
0.00010390848
0.00030113654
1.6797609e-05
0.0028065733
1.7192377e-05
1.6491992e-05
1.8675207e-05
0.0001208605
3.3543172e-05
0.00025880499
0.00052077991
1.6961217e-05
0.001772519
1.7148208e-05
0.0039767325
1.656727e-05
1.7548247e-05
0.0074227855
0.0019620995
0.0072213994
1.7344545e-05
1.6282102e-05
1.6628084e-05
1.5477323e-05
4.8818647e-05
0.00018251678
2.0466002e-05
0.0002189666
0.0014279996
0.0019061728
0.010664827
0.0024528955
0.0013569998
0.00035641072
1.6829081e-05
1.6331977e-05
1.6621687e-05
1.6609335e-05
1.7029707e-05
1.6538619e-05
1.7078833e-05
1.6769595e-05
5.5990416e-05
1.7177634e-05
1.8500948e-05
2.2594106e-05
1.6509806e-05
1.6502063e-05
1.6688854e-05
1.6415551e-05
0.00020942094
0.0001278057
1.646402e-05
1.7122316e-05
1.6548576e-05
0.00050024456
0.0021799054
1.6382483e-05
0.0019484459
1.6446249e-05
1.6652347e-05
1.7293985e-05
1.6487687e-05
1.9089428e-05
0.00028817475
1.6591131e-05
8.0876505e-05
0.00015041111
0.00058600187
0.0058332702
0.00077759895
4.7366838e-05
0.0093412353
0.00085105052
2.0698105e-05
0.00090372193
1.7178788e-05
0.00018387452
1.6395221e-05
2.0487124e-05
0.00754696
0.00030600475
1.6514568e-05
1.6327425e-05
0.0042726065
1.6517959e-05
0.00093030925
0.0019241461
1.6626644e-05
0.0043933616
1.6555163e-05
0.0016714252
0.0028141471
1.6415365e-05
1.7149414e-05
1.604816e-05
1.8229022e-05
1.5718673e-05
1.6493639e-05
0.0010216263
0.0010938259
0.0012743959
0.0029212641
1.6819068e-05
1.9275485e-05
0.012803705
2.3304365e-05
0.00027481644
1.6490368e-05
1.859826e-05
3.6494032e-05
0.0010113389
1.6582081e-05
1.628613e-05
0.0034084065
0.012500305
1.7703522e-05
1.6353679e-05
1.6517732e-05
6.2395113e-05
0.0018638838
0.00063122495
1.6744242e-05
1.6928891e-05
2.6936014e-05
2.6740796e-05
5.6567636e-05
1.638668e-05
1.6436067e-05
0.00017179316
0.00077358995
1.8206572e-05
2.7019826e-05
1.7699318e-05
1.6617596e-05
0.005270323
0.0032002943
1.6217797e-05
0.00105415
0.0105911
1.7429611e-05
1.6515971e-05
0.00025944007
0.00024028169
0.00018157472
1.6477766e-05
1.9583433e-05
1.7379209e-05
4.9522393e-05
2.7496414e-05
4.4252157e-05
1.8356527e-05
1.8418889e-05
0.00038989174
2.3431144e-05
1.6588888e-05
0.00017941046
1.7871248e-05
0.00085495588
0.001104677
2.6573929e-05
0.0013794487
0.011681975
7.659581e-05
0.0008663278
1.6689598e-05
0.0059811633
6.4814942e-05
0.0017353184
2.5597598e-05
1.6436025e-05
6.4653746e-05
2.0635028e-05
0.010652316
0.00032593161
1.6636605e-05
1.6605913e-05
0.00024315135
0.00080057446
0.0075920662
0.0002371196
0.00054350772
0.01127272
4.9081528e-05
0.0011389984
0.00033644878
0.00012063361
0.0010270441
1.8841712e-05
0.0017156194
1.6445357e-05
1.6973547e-05
1.6590529e-05
0.013826848
0.0001157769
1.6390736e-05
4.7416124e-05
5.3958445e-05
2.6992289e-05
2.4245085e-05
9.4009024e-05
0.01127947
3.6660793e-05
0.00081546149
0.0083427508
0.00063127455
0.0084647984
2.0036317e-05
0.00056058417
0.0048414717
2.7654505e-05
2.6091448e-05
1.6625868e-05
2.2457308e-05
1.6373215e-05
0.0047556337
1.6226629e-05
1.6442095e-05
2.0401877e-05
1.6617951e-05
4.2067234e-05
4.8439856e-05
1.647223e-05
1.6613954e-05
1.6585235e-05
2.790285e-05
0.0081077914
1.7993875e-05
4.5928638e-05
0.0038178504
1.6457552e-05
1.6951117e-05
1.7249211e-05
0.00027042376
2.0249425e-05
0.00016929014
0.0065130425
0.0016440515
1.6433892e-05
0.0027533494
0.0048508353
1.6490993e-05
1.6440561e-05
4.0631582e-05
0.0063007115
0.0013807074
0.0071339454
0.00027294964
0.00030730896
0.00030483812
1.6488432e-05
1.6440131e-05
1.5701163e-05
1.6485143e-05
1.6638685e-05
1.9624032e-05
1.8254341e-05
1.66505e-05
0.00064005439
1.8803684e-05
0.00056329271
0.0018384902
1.642884e-05
1.8218872e-05
2.3072453e-05
1.6388449e-05
2.7151478e-05
4.7860834e-05
2.9186653e-05
1.644006e-05
1.6443646e-05
0.00032153864
1.690594e-05
4.7601969e-05
1.6437091e-05
0.00023374871
0.00024877691
2.0913567e-05
1.9616948e-05
0.0011831431
0.00053896039
0.0045437645
0.00029922225
0.0001381913
1.647071e-05
3.6938873e-05
0.0025094456
1.6911107e-05
0.00022110077
3.0275185e-05
1.6313525e-05
1.6348464e-05
0.00010125992
9.7105033e-05
0.00010995311
1.9313377e-05
3.2231247e-05
2.0216313e-05
0.00048584683
1.8534124e-05
1.6502964e-05
0.0024953838
0.010954798
1.6694841e-05
1.6796795e-05
1.6500093e-05
1.6581518e-05
5.8612644e-05
1.860561e-05
3.8233564e-05
0.0011476532
0.0011321211
0.014919866
1.9659784e-05
3.6860156e-05
1.6574991e-05
1.6377167e-05
0.003786302
0.00022618532
0.00066924643
0.00063343297
0.00028399366
0.0076193689
1.6611339e-05
0.0011960835
1.6618386e-05
1.6519172e-05
0.0078109481
1.6328646e-05
0.00018727026
0.00068540283
0.00063646064
0.00088733562
0.00063990655
0.0075989762
0.0001002815
1.6655986e-05
6.7356045e-05
1.647978e-05
2.1962357e-05
0.006008026
0.0012177109
1.8740438e-05
0.00058036994
2.7227167e-05
1.6513249e-05
2.7017527e-05
1.6574834e-05
2.0557041e-05
1.9269632e-05
0.00092741156
0.010575285
1.6450304e-05
0.0022767921
0.0012571921
0.00059737863
2.0455784e-05
0.00026697548
1.6588795e-05
2.4579422e-05
1.9037183e-05
0.00054926799
1.6449779e-05
0.00052251626
1.6477852e-05
0.00016861213
0.00021187315
0.00046270642
0.0011138127
0.0011946025
1.8217032e-05
0.0045050472
2.0856017e-05
1.6920592e-05
2.9798979e-05
1.7892407e-05
0.00037788619
1.9708173e-05
1.6415119e-05
0.00025129631
0.0011797539
0.00024658203
1.6503074e-05
0.005960446
1.6537849e-05
0.0013993058
1.6754017e-05
0.0033327635
0.0017326499
0.0015573222
6.7988904e-05
1.9502744e-05
1.9711283e-05
0.0003847598
1.6860668e-05
1.6858547e-05
1.668445e-05
0.0010781772
1.669141e-05
7.8686477e-05
0.00027725669
1.9667184e-05
4.778053e-05
1.6446011e-05
3.3519176e-05
0.0014692449
0.0012650409
0.00037389943
2.1910699e-05
2.7120522e-05
1.6650711e-05
2.1106887e-05
0.00047148668
3.4124341e-05
0.0081527722
1.864913e-05
1.6607559e-05
1.9620697e-05
3.6041506e-05
0.00013159395
0.0013487186
1.6281207e-05
0.0025133032
2.4915983e-05
2.2145303e-05
0.00030904629
0.00013028351
0.00031832006
1.6056848e-05
0.00046738102
0.00026155467
0.0020430252
0.00076649092
0.0007290664
1.9061162e-05
0.0014151947
2.1539182e-05
2.2539293e-05
1.65577e-05
1.6655204e-05
1.4272053e-05
1.7398654e-05
0.0023481128
0.0044903108
1.5099602e-05
2.203014e-05
1.6412428e-05
0.0053618867
1.7951831e-05
0.0010987134
1.6573279e-05
1.6486048e-05
2.4985334e-05
0.0010822444
1.6582916e-05
0.0050727295
1.6691625e-05
1.9105522e-05
1.5508549e-05
0.00011683484
2.3268537e-05
1.8388025e-05
1.651147e-05
1.5833972e-05
0.010511266
6.6672532e-05
0.0093033251
0.001599942
1.8838254e-05
1.6494659e-05
0.0028271641
1.7969045e-05
0.0099061583
0.0028805924
0.0049328304
2.7657108e-05
0.0037355488
0.0022446359
1.6389568e-05
1.6491594e-05
0.0020719285
2.1322571e-05
2.6708131e-05
1.6670327e-05
5.2198618e-05
0.00026701631
2.4363748e-05
0.0018516889
1.6531049e-05
0.0023290176
1.6647515e-05
5.0370002e-05
1.6479578e-05
0.0022216431
0.0011535476
0.0056761225
0.00020592581
1.658525e-05
0.001271103
1.6601635e-05
1.7057652e-05
1.5119321e-05
1.6477786e-05
4.762608e-05
1.6620839e-05
1.8118079e-05
2.2334623e-05
1.909209e-05
1.7609426e-05
0.0020205987
1.6748978e-05
1.7462523e-05
1.6768491e-05
1.6429642e-05
2.2769742e-05
1.5093745e-05
2.9663412e-05
1.6054164e-05
0.00023062692
0.00062458389
1.6928954e-05
0.00089924011
0.00099612577
2.7554855e-05
0.00015207032
0.00095907357
2.7110509e-05
1.6221088e-05
1.6593801e-05
0.00010347907
2.7909028e-05
1.6496573e-05
0.0010368373
3.9781236e-05
1.8956494e-05
0.00068367123
0.0049692146
4.7453819e-05
1.645131e-05
0.0018469162
0.0045090308
0.0010357241
2.090535e-05
1.638561e-05
1.6684978e-05
2.0437784e-05
1.9902859e-05
1.4325035e-05
0.00040034357
2.812e-05
1.6911106e-05
0.0018377467
1.6465961e-05
0.00018285474
0.0025323348
2.5505459e-05
4.4751444e-05
1.6682011e-05
0.0014033521
1.6528038e-05
1.6471728e-05
0.0014044118
3.7227401e-05
1.6669362e-05
1.6711362e-05
0.00012832726
9.7523187e-05
0.00033163965
0.00074662153
0.0030477519
0.0032234086
1.6588831e-05
2.7800358e-05
0.0011854931
1.9036164e-05
0.011874788
0.0011779804
0.0055520306
1.6383353e-05
1.6743089e-05
0.0069342382
0.0056867285
0.00048084914
1.7331492e-05
0.0038696681
1.6462878e-05
1.6603157e-05
0.0022749798
0.0027389107
0.01116912
0.00014648792
1.8382144e-05
1.7184671e-05
1.6457565e-05
4.7318507e-05
4.4834273e-05
0.0031446965
0.011982267
1.6486263e-05
0.012376398
0.00014007166
0.0024750676
1.6487638e-05
1.5093399e-05
1.6550576e-05
1.8342244e-05
0.00041359736
0.0014440637
0.011941119
0.0011479832
0.012952037
0.0038065581
0.00098831462
0.0028081224
1.9257827e-05
1.6408905e-05
2.3543578e-05
1.7123775e-05
6.6244463e-05
4.8650035e-05
8.9888345e-05
1.6410875e-05
0.0001380413
0.0013527171
1.6577352e-05
1.67127e-05
1.6394624e-05
0.00061920045
6.3107969e-05
1.6732585e-05
1.7963742e-05
0.00035624866
0.00024128936
0.0022535259
0.00045223395
0.0023138296
1.7413422e-05
0.0016569322
2.1414464e-05
1.6452642e-05
0.0011268215
0.00015819222
1.6610388e-05
1.6453702e-05
0.007438058
2.0059813e-05
0.001136725
1.5630482e-05
1.6365938e-05
4.5810693e-05
0.00028654415
1.8668758e-05
2.2058132e-05
3.022911e-05
1.6447586e-05
0.00032303511
1.8245031e-05
3.9573048e-05
2.0609505e-05
1.6487507e-05
0.0010370241
1.6417219e-05
1.7197132e-05
0.0013372379
1.778072e-05
1.7131267e-05
3.5301722e-05
2.011519e-05
3.1319818e-05
1.6511586e-05
2.7023033e-05
1.6625183e-05
1.7056483e-05
1.7581452e-05
0.0010732219
0.0014951904
1.6632392e-05
1.6468681e-05
0.0013852674
1.6592522e-05
2.706923e-05
0.0068972742
1.6398873e-05
0.0017288825
1.6324833e-05
1.6375614e-05
1.6620729e-05
2.0423521e-05
1.8158254e-05
1.6687854e-05
1.6605297e-05
0.00011575824
0.00018026388
1.8164321e-05
5.5863173e-05
1.6780387e-05
1.5747637e-05
0.00046171662
0.0010799414
1.6681877e-05
0.0015509739
1.8089887e-05
1.6468222e-05
1.6044714e-05
4.9083009e-05
1.6228493e-05
0.00089396313
0.0061784918
2.2412799e-05
1.7220504e-05
5.1887811e-05
0.00021489209
1.6425687e-05
1.6479908e-05
2.142458e-05
0.0010950347
2.2348814e-05
1.669457e-05
0.0015664566
0.00038911888
0.0028501845
0.0058183242
1.5440814e-05
1.6598639e-05
0.0010708689
0.0041215376
4.6287593e-05
1.9667407e-05
0.0033354256
0.0010591539
0.00092068724
0.0003300383
1.6563898e-05
0.0023040685
2.1027593e-05
0.0003949767
0.00010065066
0.00060979201
1.6993329e-05
1.722408e-05
1.6998895e-05
0.0073014698
4.0968908e-05
9.0598594e-05
0.00047552429
6.0892414e-05
0.014920775
0.00028110213
1.6726116e-05
1.6437537e-05
7.0447036e-05
3.2185932e-05
1.645122e-05
0.0029266756
3.3041604e-05
0.00078764731
1.6586788e-05
1.6903231e-05
0.00026267968
1.6452457e-05
8.1915581e-05
0.00086773269
4.7594898e-05
0.0013595045
1.6691098e-05
1.716001e-05
2.0453995e-05
1.6425121e-05
1.6427867e-05
0.0034577589
0.0046147359
2.7247663e-05
4.8844979e-05
0.00067190456
0.00091086672
0.00067106545
0.0056643469
1.6499234e-05
0.0010602484
5.694933e-05
1.8952759e-05
0.0015631074
1.6472804e-05
1.6476591e-05
0.00057661789
0.003063708
0.0013166
1.6614939e-05
2.6196765e-05
0.00099734057
1.6649233e-05
1.6398853e-05
0.0011917761
1.6512814e-05
0.00099346749
0.00016538242
1.9246914e-05
1.9053015e-05
0.00011694549
1.8350418e-05
0.0063662503
1.7020145e-05
0.010820227
1.6860606e-05
1.6334503e-05
0.00040913905
3.127923e-05
1.6556467e-05
0.0064564464
2.207931e-05
2.5904317e-05
1.6470209e-05
2.1070902e-05
1.6539633e-05
2.0290467e-05
2.2443369e-05
0.000138284
0.0040893702
0.0013206336
0.00086321492
1.6488578e-05
8.3370715e-05
1.6609803e-05
1.6514689e-05
1.6686414e-05
0.00059681196
0.0013341191
0.0036548424
0.00040172296
1.6446236e-05
1.6426775e-05
0.0023058977
1.6563741e-05
1.89404e-05
5.0634565e-05
2.2393823e-05
0.0025576903
0.00023671491
0.0028164049
0.00093500495
1.6578645e-05
1.6557729e-05
1.9932132e-05
1.6500445e-05
1.6497504e-05
3.1547139e-05
1.6130379e-05
1.6559436e-05
1.8475019e-05
1.476972e-05
0.00015426468
0.0029294791
4.6466438e-05
2.1994364e-05
1.6633209e-05
3.7859537e-05
1.8469421e-05
0.00076734632
1.6544945e-05
1.6861925e-05
1.8671575e-05
1.8392323e-05
1.6850748e-05
0.0060232089
2.1679679e-05
0.00070005054
0.00098960813
1.836181e-05
1.5320944e-05
1.562058e-05
3.5122251e-05
1.6492587e-05
1.6496934e-05
2.2256746e-05
3.5157855e-05
0.00011208998
0.00093513599
1.8366792e-05
0.00094749137
2.1009908e-05
1.8390775e-05
1.6496192e-05
0.0013250198
1.6236842e-05
0.00083377604
0.00057359369
1.6428877e-05
0.00012581294
1.7461752e-05
0.0013279467
1.7784536e-05
0.010963564
0.0014109228
1.6420998e-05
0.0074006702
4.1015282e-05
2.4813933e-05
0.0007443052
1.6611218e-05
1.8427946e-05
0.0009887245
1.5963322e-05
4.0400614e-05
0.0014358269
0.0014135433
1.4884627e-05
1.643116e-05
2.7768168e-05
1.7145971e-05
4.8723466e-05
0.0057305342
1.7534488e-05
1.6255253e-05
2.0403675e-05
3.3943494e-05
1.6445471e-05
4.0265275e-05
1.6487513e-05
1.5332339e-05
2.2688827e-05
0.010815546
0.0046156719
1.8718529e-05
0.00026217874
1.7613313e-05
3.4974359e-05
0.0012843742
1.6602066e-05
0.0021538193
1.6650445e-05
2.0388296e-05
0.0014200581
0.00024076301
1.6418853e-05
1.7131405e-05
0.00013349776
0.00047797544
0.00063983434
2.2066868e-05
3.9720449e-05
0.0057628602
1.6454556e-05
3.2352722e-05
0.00013745833
2.4139719e-05
0.0014306879
1.6537363e-05
1.6487856e-05
1.655923e-05
2.2946506e-05
0.00094963985
3.3082827e-05
0.001045729
0.00036371843
1.6213494e-05
0.00027376165
1.7129792e-05
1.6887673e-05
1.6177958e-05
0.00030458595
0.00022934746
2.324267e-05
1.6275439e-05
7.2812232e-05
0.00042912133
0.0013676875
1.6171888e-05
1.6826435e-05
0.0013682153
0.012429736
0.0011709555
1.6515558e-05
0.0031174459
1.6577632e-05
0.0003094428
1.642594e-05
3.9581129e-05
1.5943849e-05
1.8835393e-05
2.2138369e-05
1.8157703e-05
1.650165e-05
1.6158815e-05
1.9394517e-05
1.6783073e-05
1.7959243e-05
0.00027606148
1.8413187e-05
1.638113e-05
1.719084e-05
0.00024398567
1.6257162e-05
1.672622e-05
2.2695969e-05
0.0010413013
1.6609581e-05
2.4391191e-05
0.0010585125
0.0040080406
1.6501038e-05
0.0012422393
1.6666262e-05
2.7046075e-05
0.00090784303
2.4412417e-05
2.3038659e-05
0.001147435
0.0010223611
1.6376594e-05
0.0025334
1.6524576e-05
0.00029928653
0.0021184337
3.8102436e-05
0.001523933
1.6674272e-05
1.6250596e-05
0.0025200536
0.00052063632
2.224928e-05
0.0030462692
2.0462509e-05
1.5264832e-05
1.7379287e-05
0.003523686
2.2955158e-05
7.4934161e-05
1.7192381e-05
3.461449e-05
0.002544511
1.5424922e-05
1.8002303e-05
0.0010374067
2.2618799e-05
0.00119608
0.0013239062
4.075115e-05
0.0010240617
0.0003889057
0.00041571075
0.0032831121
1.9526403e-05
1.6397931e-05
1.7805035e-05
4.8010489e-05
1.7986718e-05
1.6533393e-05
0.0012338017
4.0787804e-05
0.0011910696
1.6466994e-05
0.0015472931
3.2441367e-05
1.8694941e-05
1.6665795e-05
1.5823742e-05
0.0021740598
0.0010581056
8.3192615e-05
0.00052341309
0.0011072936
0.0010052394
0.0012759208
0.0018469448
2.0543823e-05
1.9111742e-05
1.5064781e-05
4.0259364e-05
1.6391078e-05
0.0015352445
1.821137e-05
1.9531685e-05
1.6724492e-05
1.8737187e-05
0.0017860782
1.7986414e-05
0.00067347185
0.00048286055
0.00068020632
1.6459768e-05
0.0016563059
0.00013823833
3.151611e-05
0.00025869983
2.1055753e-05
0.0011744537
0.0018029608
1.6502607e-05
0.0023786494
2.1703899e-05
1.8808593e-05
1.6652397e-05
0.000273946
2.6476315e-05
0.0013537563
0.00012574574
0.00013858717
0.0011899205
2.1863841e-05
1.642213e-05
1.6952631e-05
1.7146061e-05
0.00064582545
1.6666072e-05
1.8093403e-05
2.268836e-05
2.0552268e-05
1.6170538e-05
1.6650889e-05
2.4262966e-05
7.0726399e-05
0.0011039867
2.0193922e-05
0.0009737066
1.7228658e-05
1.6373001e-05
0.0010467282
5.9283582e-05
3.1653224e-05
1.8531472e-05
1.6861612e-05
0.00011709668
0.0012958956
4.2507711e-05
1.6225717e-05
0.00026197002
0.0010721158
1.6087494e-05
0.00015472021
0.00011811235
0.00025800173
1.6251268e-05
1.6454976e-05
1.6660779e-05
0.0010617714
1.6253783e-05
0.00091634577
1.3985536e-05
0.00093735728
0.00038709479
1.678909e-05
0.00081919097
1.665856e-05
2.2420758e-05
0.003280613
1.6511032e-05
1.7371968e-05
1.6044673e-05
1.6825185e-05
2.2816249e-05
2.1028049e-05
0.0014787321
1.6432482e-05
0.00079757318
3.0021543e-05
0.0010155845
0.00030578213
0.0012870691
1.6342557e-05
0.00043635897
0.0016092043
1.6514519e-05
0.00014499302
1.8530077e-05
5.3013775e-05
5.1517717e-05
0.00015512012
1.6894574e-05
1.6445306e-05
0.0010680987
0.0016923264
2.5133272e-05
0.0018563797
0.0010936342
0.008690632
0.0053723999
2.0291712e-05
1.6647158e-05
0.00011580572
1.6390124e-05
1.9043139e-05
1.6415565e-05
4.098781e-05
1.680936e-05
1.6638867e-05
1.6454389e-05
1.6444052e-05
1.6600363e-05
0.00088378289
0.0006805401
1.6301706e-05
1.6802301e-05
1.5053771e-05
0.00093837453
1.6471946e-05
1.6540995e-05
0.0017858148
2.691927e-05
2.3236531e-05
1.8812864e-05
1.6366436e-05
1.6435272e-05
0.0012515059
1.9228e-05
2.2190776e-05
0.0032967133
0.00045111492
6.0272681e-05
1.6425522e-05
0.0012584784
1.6535491e-05
1.6485873e-05
2.221856e-05
1.6670937e-05
0.0003917484
0.00014385574
0.00042212104
1.6480312e-05
0.00015401496
0.0044560044
1.6430107e-05
1.6459381e-05
2.0999488e-05
1.91284e-05
0.0079819894
0.0016165495
1.6736258e-05
1.6989407e-05
1.6306867e-05
0.00043696102
0.00088905384
1.6439954e-05
3.3475485e-05
2.281344e-05
1.6491409e-05
1.6408633e-05
1.5836218e-05
1.5872008e-05
1.6332592e-05
2.1333923e-05
0.00016639379
1.8778684e-05
2.7110774e-05
2.3247758e-05
0.00018057824
1.6387659e-05
1.6489753e-05
1.6375485e-05
1.8927425e-05
0.00089256682
1.7347344e-05
4.2176009e-05
0.0016779487
1.6668391e-05
2.7592334e-05
2.9796418e-05
1.6016182e-05
0.00063059029
0.0044837883
1.905742e-05
1.6481342e-05
1.6567457e-05
1.6578194e-05
1.639059e-05
0.00054680067
1.6412541e-05
1.6346134e-05
0.00018855195
0.00029169126
1.8832363e-05
1.5212918e-05
0.0016987864
0.00013372979
0.00050727684
4.2663867e-05
2.0731654e-05
1.6990325e-05
0.00016129435
4.1088658e-05
0.00054827674
2.6964558e-05
2.0137606e-05
1.5107234e-05
1.6314707e-05
0.00098674751
1.6460819e-05
5.3940214e-05
0.0002287305
1.7845525e-05
0.0019275208
0.00028350472
0.00022655713
0.0012519259
1.6376613e-05
1.6465935e-05
2.3557516e-05
0.00015062148
1.8744022e-05
4.7228845e-05
1.6453167e-05
0.0017135016
0.00028582082
1.8675641e-05
1.9423719e-05
1.9221494e-05
1.929725e-05
1.7116675e-05
3.1062833e-05
1.8224372e-05
1.8609049e-05
1.8999273e-05
0.00015469124
2.279473e-05
1.6447457e-05
1.9063531e-05
0.00017316811
1.7718099e-05
1.9696952e-05
0.0015041158
8.0962994e-05
3.0340248e-05
1.6818623e-05
5.9833988e-05
0.0012656379
1.6634618e-05
0.0016703411
1.6436353e-05
0.0019371938
0.001265482
1.8090761e-05
1.5055417e-05
1.6239291e-05
1.730116e-05
0.0016108889
1.6624453e-05
1.9846094e-05
1.9838718e-05
1.7399219e-05
1.645709e-05
1.9902477e-05
1.6735418e-05
1.6166019e-05
2.2601038e-05
1.5994061e-05
0.00064249664
0.00012372006
1.5974194e-05
1.738805e-05
5.3842853e-05
1.6653887e-05
2.1012968e-05
1.6244933e-05
1.9689185e-05
0.00087166134
3.1737377e-05
0.00021798339
1.7130364e-05
1.5252402e-05
0.00018588193
1.6594779e-05
1.8237423e-05
1.8168961e-05
1.9303996e-05
0.00016419921
0.00049891063
2.2392191e-05
1.8700428e-05
1.6612124e-05
2.2848077e-05
1.6934703e-05
1.6439383e-05
8.1494891e-05
0.0013374958
3.0416051e-05
3.0982837e-05
1.6400765e-05
1.8808734e-05
0.0027131153
8.7721382e-05
0.0010172071
1.6543314e-05
1.7721533e-05
0.0006586584
1.9353261e-05
1.6427638e-05
0.0016476941
0.0012435625
2.9132649e-05
0.0012742354
1.9838855e-05
1.6039227e-05
1.6504483e-05
1.9982947e-05
1.7093509e-05
0.0016340075
1.7844332e-05
0.00018297764
1.7877607e-05
2.2631005e-05
1.6821748e-05
1.8622324e-05
1.9286788e-05
1.9582454e-05
2.1582495e-05
1.6493621e-05
0.0012211203
1.6252341e-05
0.00017691598
2.0303354e-05
1.8886734e-05
1.5043433e-05
1.9320852e-05
0.0013269313
0.00018391201
8.3739754e-05
1.7162707e-05
1.6234885e-05
0.001624224
1.6487862e-05
2.1467107e-05
0.0011098543
1.6625396e-05
0.00011737769
0.0011982972
1.6482524e-05
1.6537594e-05
0.00080194577
1.5069535e-05
1.7298158e-05
1.9310076e-05
1.6375475e-05
1.8720382e-05
1.6427728e-05
1.9909316e-05
1.8715031e-05
0.0012062089
2.0517728e-05
1.5367983e-05
0.0016000889
1.8581146e-05
1.8801416e-05
1.9628439e-05
1.8069287e-05
8.5447429e-05
1.6678745e-05
1.7786577e-05
1.957773e-05
0.0011750411
1.7694497e-05
0.0014973214
2.0053905e-05
0.001562704
0.001685734
1.7965312e-05
0.0001700959
1.6508448e-05
0.0014590094
0.00191039
0.00024634018
1.8934164e-05
1.9760255e-05
1.6593865e-05
1.6620332e-05
0.0012292575
1.6414115e-05
0.0015871183
0.0011588111
0.00016852052
1.948553e-05
0.00024937248
1.652491e-05
1.6458069e-05
5.5601768e-05
1.6498226e-05
1.644666e-05
0.0008646291
9.0004931e-05
1.6416446e-05
1.9560255e-05
1.8946359e-05
0.0010821263
1.7971736e-05
1.6436152e-05
0.001575317
0.0023537664
0.0011513499
1.7871402e-05
1.9620741e-05
1.9552671e-05
1.8565902e-05
1.6357197e-05
1.7361259e-05
0.0017006015
0.0015120014
1.9913075e-05
0.0018377863
0.00037365698
0.00179041
5.3381544e-05
0.0001568555
0.0027554388
1.8174837e-05
1.929929e-05
1.8670017e-05
2.0219894e-05
0.0010099042
1.6486241e-05
1.8419654e-05
1.8784466e-05
1.9768017e-05
1.8282973e-05
5.5208711e-05
1.7160634e-05
1.9593916e-05
0.0011827271
0.0018218519
1.6663972e-05
1.9493028e-05
2.155966e-05
1.6540721e-05
1.8571419e-05
1.6560587e-05
1.8726087e-05
1.9427063e-05
0.00017717282
1.5374673e-05
0.0015499127
1.5842615e-05
3.3631873e-05
1.9831373e-05
2.0255995e-05
2.7629289e-05
0.0011344977
1.6546897e-05
2.0513194e-05
1.8286879e-05
6.4782389e-05
4.2682364e-05
0.001127259
2.2005642e-05
0.0015376602
1.8063729e-05
0.0015238977
1.9360585e-05
1.7716416e-05
1.9419649e-05
1.9884921e-05
1.6680266e-05
0.00148578
1.8518215e-05
0.0011028354
8.8295206e-05
0.0013770325
1.816827e-05
1.8170964e-05
1.8512751e-05
1.6511751e-05
1.6579709e-05
1.8459541e-05
3.4507477e-05
3.4372793e-05
1.6435129e-05
1.9233931e-05
1.841435e-05
0.0019276013
1.6491462e-05
1.9588467e-05
1.661041e-05
1.6495783e-05
0.0014242909
1.8464912e-05
0.0014702021
0.00038284028
0.0014320721
1.6682749e-05
0.0018816371
0.00025106587
0.001898437
1.9228427e-05
0.001442914
1.6663614e-05
1.6634733e-05
3.2234899e-05
0.00185218
0.0014046993
0.0022093855
1.6561911e-05
0.0018685676
0.0013871509
1.6521867e-05
1.6544904e-05
1.6465988e-05
1.6442841e-05
1.6688561e-05
0.00079618417
1.6529761e-05
4.1316865e-05
1.6473752e-05
0.00079310452
1.9838739e-05
0.0032173404
0.0023819807
1.6460657e-05
4.9688585e-05
1.64915e-05
3.6960556e-05
0.00034707369
0.00096908506
0.00011064478
0.00032704361
1.6544097e-05
1.6509666e-05
1.669309e-05
1.5820955e-05
1.5844881e-05
3.3553385e-05
4.2266917e-05
4.247033e-05
0.00037784868
1.9370536e-05
1.667167e-05
0.00082927795
2.8077725e-05
1.6361521e-05
1.9684787e-05
4.9648871e-05
1.6670969e-05
0.00040539283
4.9638644e-05
3.1064204e-05
1.6478483e-05
1.6787283e-05
0.0031972347
0.0018436718
0.0028771615
4.9509262e-05
0.00097976812
0.00035108552
0.00011782961
1.6785742e-05
1.6456172e-05
2.573752e-05
1.5836212e-05
1.5850514e-05
3.3687282e-05
4.2597214e-05
1.633053e-05
1.6429961e-05
2.0449181e-05
1.6371613e-05
1.6189282e-05
0.0014988159
4.2004798e-05
2.0695537e-05
1.6441576e-05
2.8116562e-05
2.5706981e-05
1.6406007e-05
2.0686759e-05
0.00014915415
0.00074595444
0.001847216
0.0029062706
0.00061435509
0.00026663216
0.00094138113
1.645423e-05
0.00012212692
1.6505077e-05
0.00099045856
0.00026569826
0.00017789194
1.5852786e-05
1.5837473e-05
1.5866948e-05
5.3444348e-05
5.3583063e-05
0.0012095679
6.7424754e-05
1.6327152e-05
1.650247e-05
1.6435701e-05
1.6396808e-05
0.00012193701
1.6191796e-05
1.5820383e-05
1.5810907e-05
2.2906607e-05
1.6446169e-05
1.655589e-05
0.00099385456
1.6650672e-05
0.00037545709
1.6452192e-05
1.6651894e-05
1.657841e-05
1.6167874e-05
0.00033030963
2.4472873e-05
0.0011193478
0.0023498719
0.0028804396
0.0023633495
0.00032576662
5.2361774e-05
0.00095170877
0.00028350751
0.00053660636
0.00062138011
0.0011230168
1.5859631e-05
1.5863784e-05
5.3778311e-05
1.6644252e-05
6.7932151e-05
1.7494107e-05
1.839732e-05
1.5813257e-05
1.5821661e-05
1.5913586e-05
0.00012930827
1.8145918e-05
1.8466485e-05
1.8391316e-05
0.0013337676
1.7253048e-05
1.6674316e-05
0.0029018301
0.0023751215
1.8767053e-05
1.8472294e-05
0.00011108544
0.00091490479
0.00055062798
0.00053107222
0.00089295166
1.6676624e-05
1.6990467e-05
1.5863545e-05
1.5861914e-05
0.000103133
0.00013716156
4.8319412e-05
1.5853297e-05
1.5897262e-05
1.5813922e-05
1.5816933e-05
1.5880255e-05
0.000535012
1.6444199e-05
0.0028759552
1.6486974e-05
0.0001130994
0.0011755248
0.00055725087
0.00092534118
0.00053677556
1.6441882e-05
1.6589705e-05
1.5834417e-05
1.58287e-05
1.5861457e-05
0.00010516309
9.9359775e-05
0.00039988275
0.00013936844
1.6954325e-05
1.6605935e-05
0.0001843191
0.0020315799
1.5856634e-05
1.5877679e-05
1.5816819e-05
1.6480265e-05
0.00092803246
1.5860766e-05
1.6605568e-05
1.6536751e-05
1.6400945e-05
1.6437995e-05
1.6535823e-05
0.0014891432
1.639819e-05
1.6685567e-05
0.0011194883
0.0031460482
0.0028913623
0.0028892569
0.00076600805
0.0011524668
0.0012674113
0.00033365598
0.00085618818
0.001160167
0.0012084879
0.0010918466
0.0014683807
2.2640958e-05
0.00073603532
1.5866166e-05
2.0346917e-05
0.00024302793
1.581177e-05
1.5829338e-05
1.5861128e-05
0.00030550257
0.00031300565
0.00027948267
0.00036877914
0.00038379774
0.0017087817
0.0016898914
0.00095006128
2.0349262e-05
1.654269e-05
1.6559731e-05
6.6243196e-05
0.00017643029
0.0012783593
4.4087577e-05
3.7067353e-05
3.829343e-05
5.3912643e-05
2.8738485e-05
2.3827054e-05
6.3593989e-05
5.1174284e-05
2.615061e-05
1.6410332e-05
2.1998668e-05
7.6463098e-05
1.6591541e-05
1.5874446e-05
1.5842144e-05
0.0011102313
0.00073318301
1.4631247e-05
1.2557409e-05
2.0846438e-05
1.6588395e-05
1.8433833e-05
0.0016858491
0.0097455068
1.6546233e-05
1.7850064e-05
0.010679487
1.6526891e-05
5.3847572e-05
2.3819579e-05
6.3677584e-05
1.7854634e-05
0.0012193836
0.00076507758
0.00013780144
0.0031525727
0.003172396
0.001177592
1.936498e-05
0.00034817199
0.00088364502
0.0012243039
0.0011962123
0.00033563615
0.00079625374
0.00018678563
0.00016808516
1.8097053e-05
2.6419857e-05
0.00024742679
1.5811396e-05
1.585908e-05
0.00096394009
0.00031461926
2.8884422e-05
0.0002868344
1.0322246e-05
0.00038542066
1.6890275e-05
0.0012387903
0.0012490256
0.011560948
1.999415e-05
0.00080415713
6.6148273e-05
0.000176349
1.9986833e-05
1.6239207e-05
1.584572e-05
1.5871952e-05
0.000773225
1.6999453e-05
2.8834068e-05
1.2413442e-05
1.2637635e-05
0.0024036245
1.6392064e-05
0.00017201321
0.0011807724
0.0013502286
0.00083498655
0.00061315985
2.4444372e-05
0.001444587
1.0154948e-05
3.201882e-05
0.00073794952
0.00024433445
0.0011993128
0.0010080013
0.00028021303
0.00074094015
0.00065244079
0.0016864517
2.6381678e-05
3.1953761e-05
1.5871331e-05
0.00065466531
0.0015021035
1.919177e-05
2.0762138e-05
1.7000286e-05
1.5934149e-05
0.0031698513
1.176407e-05
3.603515e-05
0.00087732384
0.0008537727
0.0011929678
0.001181134
0.00093811097
0.00019115527
4.099746e-05
0.0014679066
6.6903057e-05
0.00161898
2.0775867e-05
2.1745985e-05
6.2044874e-05
1.5904216e-05
3.5953275e-05
0.00052434958
1.5818796e-05
1.5835049e-05
1.580973e-05
0.00057654928
0.0007603859
0.0006727814
1.6682633e-05
0.0010270196
1.6097777e-05
0.0015495921
0.0011322361
2.1726716e-05
2.5578927e-05
0.00083334096
5.0565056e-05
0.00018568481
1.6586732e-05
1.1526794e-05
0.00051082618
0.0022899154
4.122784e-05
0.00029766069
0.0012985477
2.2968746e-05
0.0016208979
4.1125878e-05
0.00024575591
8.3692679e-05
1.491721e-05
0.0001031894
1.6286733e-05
2.8165486e-05
0.00022054975
0.0024054296
2.2942424e-05
1.6206024e-05
2.0462247e-05
4.7950818e-05
1.5868922e-05
2.3023822e-05
2.6445845e-05
0.0010040081
0.00049850888
2.2354036e-05
2.092771e-05
2.4031188e-05
0.00071591968
1.6670287e-05
1.5864047e-05
1.5869121e-05
0.001212787
0.00029847579
0.00051281399
1.6483304e-05
2.4511729e-05
0.0016199557
0.0006321962
2.5884877e-05
4.7829912e-05
5.5926368e-05
1.634865e-05
1.7898615e-05
0.0002367935
1.2329224e-05
0.0024422768
1.6019371e-05
2.44767e-05
3.0981882e-05
0.00075800509
5.6736254e-05
0.0023788075
3.9405103e-05
2.0819645e-05
1.5942638e-05
0.0016252447
0.0022716699
0.0022645697
2.6457026e-05
2.1746435e-05
5.6565621e-05
0.0019608568
0.0016425279
0.00098201386
2.4136601e-05
0.00080961557
2.6411101e-05
1.689677e-05
1.6518522e-05
1.6685072e-05
6.8251661e-05
9.9295499e-05
2.6521256e-05
1.5797384e-05
0.00029166126
1.6648827e-05
1.7340407e-05
0.00022332556
0.0014663145
2.8901404e-05
6.7984946e-05
0.00050307233
1.6484211e-05
0.0021300991
0.00034531918
0.0017296046
1.7341814e-05
1.7342714e-05
4.5494886e-05
0.00035735242
0.00035908539
2.4513416e-05
0.002332189
2.9925761e-05
6.6887529e-05
0.00050038207
2.884244e-05
0.00094805674
8.3370663e-05
3.3853055e-05
0.00029412148
1.7955642e-05
0.00023357463
0.00082986056
3.1997709e-05
0.0010880162
1.6659822e-05
6.3102352e-05
0.0012582007
1.6113739e-05
1.7955903e-05
1.7664302e-05
0.00061557719
0.00030708189
0.00015747039
1.71706e-05
3.1923694e-05
0.0024040797
0.014589235
5.2676889e-05
4.6191285e-05
3.1977842e-05
0.00033827404
0.00096819897
0.00010259266
1.6628848e-05
2.3767663e-05
0.00028091729
5.8214581e-05
0.00090087655
0.00026359329
3.5941188e-05
6.4484553e-05
0.016710713
1.5838576e-05
0.00028411658
7.3708849e-05
2.2819355e-05
1.6698354e-05
2.29713e-05
3.585054e-05
4.0889204e-05
8.8910032e-05
1.7914705e-05
2.6456253e-05
1.6679544e-05
1.8421451e-05
1.9965874e-05
1.6491732e-05
1.7687441e-05
8.1440797e-05
0.0024797626
1.8178619e-05
1.9351011e-05
0.0004092212
0.00015694099
0.00010226918
0.00031302867
0.00012693086
0.00014441152
0.0022593034
1.6096355e-05
2.5837071e-05
0.00014952065
0.00092876417
2.2963215e-05
0.00018347938
5.5713685e-05
1.7803491e-05
1.7072254e-05
0.0031102716
1.6680734e-05
1.5844382e-05
0.00063469676
0.00020757954
0.00099161415
0.00038991414
0.0018253984
0.00041417809
1.8183905e-05
0.00021435573
0.0011941251
0.0007188098
0.00019272163
1.6343111e-05
0.00088105217
0.00019691935
0.0012094124
2.8105859e-05
0.0023965021
0.0024847548
0.00095244462
2.0797533e-05
0.00022257365
0.0002959728
0.00085695025
0.0013434362
0.0014644777
0.00022850107
0.00023702045
0.0022452072
0.0015371105
8.498959e-05
0.00016498974
1.6691343e-05
0.00026694436
0.00032228597
2.2978138e-05
0.00030206055
8.135149e-05
0.00041478123
0.0011549525
0.00045639585
0.00043136052
1.6165886e-05
0.0014370192
0.0023062354
0.000534673
0.00046087924
1.6644475e-05
1.5868882e-05
0.00059006567
0.0005720324
0.00063357801
0.00013943198
0.000783999
0.00030001412
0.0016651732
0.00053916917
0.00067722574
0.00055705507
0.00074242892
1.5817967e-05
1.5833716e-05
0.00064968603
0.00057878695
9.8604195e-05
0.00076347824
0.00067545431
0.0008491778
6.6505293e-05
0.00081471166
3.4717494e-05
0.00052609719
0.00093431882
0.0010315512
0.001494268
0.0010407002
1.6648692e-05
0.0009475651
4.7469637e-05
0.00091563121
0.0010888979
0.0012324962
0.00054601732
0.00098404938
1.6718601e-05
0.00058739471
3.9322305e-05
0.0011287338
0.0012642127
0.0010582976
0.00037142058
0.0010211379
0.0011540088
0.0015189441
2.446846e-05
0.001375875
0.0015764217
0.0011647176
0.00021811572
0.0014229944
0.0013230864
0.0014001129
0.0012944266
0.0014649526
0.0015881592
0.0014841156
0.0015347314
0.0022460287
0.0015635574
0.00012609072
0.0014204301
0.0006306853
0.0013945686
0.0014324976
0.0014096876
1.6681537e-05
0.0016091545
0.0013831718
0.0014062835
0.0016283703
0.0014406579
0.0015990253
1.8532304e-05
0.00038838018
1.582482e-05
0.0016354419
2.6437465e-05
0.0014995607
1.6181612e-05
0.0014766835
0.0016403493
0.00073733062
0.001381451
0.0015553817
0.0016317247
1.6891165e-05
0.0015149445
0.0014440196
0.0016423414
4.5352767e-05
0.0016400963
0.0014582073
0.0016042707
2.6383747e-05
0.00060609134
0.0024005275
5.3315082e-05
0.00030717314
3.1930619e-05
0.0016996065
2.8885668e-05
1.6670812e-05
5.310761e-05
0.00077980693
1.6765427e-05
0.0023366047
1.5869492e-05
0.00045487742
0.00045660605
1.5846314e-05
0.0016188704
2.8823465e-05
1.6328695e-05
6.3410982e-05
0.0016351047
9.8080491e-05
0.00017547756
0.001611587
0.0023703362
1.5806948e-05
0.00064733111
3.10543e-05
0.0023114956
1.6465612e-05
0.0008107974
0.0002457095
2.3590314e-05
3.6136148e-05
0.01322358
0.0010106514
0.00090428799
0.00087136445
1.6664283e-05
0.0015492496
2.5790154e-05
1.6524642e-05
7.6024261e-05
0.0010511853
1.6587909e-05
0.001159917
0.0015418281
1.6373918e-05
0.0014155773
0.0013165737
0.0014763388
9.2509486e-05
1.7536882e-05
0.0015268851
0.0010541046
0.0016016297
1.8478717e-05
1.6381218e-05
1.6513469e-05
1.5947254e-05
0.00090937775
0.00016529512
0.00094496203
1.6641123e-05
1.6622421e-05
0.001236833
0.0019227299
0.0023543795
3.4634081e-05
0.0027815625
0.0012269361
1.5866748e-05
1.5880468e-05
1.5839477e-05
0.0011641254
0.001617426
1.6635784e-05
0.0009811017
0.0015920247
1.6655978e-05
1.6336506e-05
0.0012502561
0.0024138464
0.0010178826
0.0016230377
0.0013399128
0.0016025653
0.0011244718
4.5487375e-05
1.6540584e-05
0.00091449773
0.0014516501
0.0012583102
1.6437337e-05
0.0012872773
1.6209404e-05
0.0013688373
0.0014430224
0.0015110819
0.0013688839
0.0013928734
0.0015684708
0.0015556528
0.00062759715
0.0012882028
0.0014572578
0.00075597288
2.4090301e-05
0.0015372752
1.6660809e-05
1.612705e-05
1.7230499e-05
0.0014089718
0.0013964377
0.0015802416
0.0013702381
1.6574033e-05
0.0016172175
0.0014172483
0.0017692657
0.0015910005
0.0016872288
0.0022672124
0.0016209501
0.0013408449
1.9106414e-05
0.0019095256
1.6267503e-05
0.0013645144
1.7247806e-05
0.0014151542
0.0014762709
0.0012632957
0.0012772893
0.0019867168
1.5850621e-05
0.0021094493
0.0014917151
0.0019523986
0.0011561811
0.0005546158
1.6827692e-05
0.0016293945
1.8082215e-05
0.0021020819
0.0020455638
0.0022105903
0.0027669619
0.0022403758
0.0017044767
0.0016545758
1.6727614e-05
0.0021656573
0.0021770055
1.6657802e-05
1.6791717e-05
0.0022527982
0.0021741441
1.667934e-05
1.6591173e-05
0.0021174102
0.0021635257
0.0022447656
0.00219717
1.639977e-05
0.00052615038
0.0021132072
0.0024513952
0.0023816922
0.0023387136
0.0023886685
0.0024616682
1.6322405e-05
0.0024315337
0.002430427
0.0024614015
1.7011149e-05
0.0020890624
6.6577765e-05
1.6649418e-05
0.0022501992
1.5823238e-05
0.0023214154
1.6652405e-05
0.0016221667
0.0023316818
0.0023735454
1.6708879e-05
0.0023364639
0.0024284911
0.011175081
0.0024375369
0.0016708904
0.0023765151
0.0023624315
0.0023827505
0.002361309
0.0023029685
1.675282e-05
0.0016496925
0.0014658863
0.0016143149
0.0016758866
0.0016337636
0.00015187072
0.0024582826
0.0024390736
1.6330081e-05
1.6335684e-05
0.0015745072
0.0015931447
0.0016300977
0.002469302
0.0024240204
0.0017716774
0.0016409952
0.0016314026
0.0016252863
0.0016272484
0.0016084291
0.0024765973
0.0015951966
0.002473681
0.0013122199
0.0015771268
0.0015807756
0.0024710197
0.0015894674
0.0016783863
0.0016280513
0.0017768031
0.0016808162
0.0016342871
0.0016208824
0.00010262559
0.0016126287
0.001679891
0.0022954949
0.0016411053
0.0016235817
0.0016330444
0.0024051
0.0024525418
0.0017207623
0.0024830332
0.0022332571
0.013513561
0.00022281014
0.00018215421
8.4109667e-05
0.0022060024
6.966183e-05
0.00010128067
0.0001859688
0.00012593936
0.00044604439
0.0023052267
0.0022996159
0.0023235579
0.0015492178
0.0022182604
0.0023254999
0.0023075609
0.0022638173
0.0023323196
0.0023064307
0.0023248285
0.0023032837
0.0022950574
0.0023073887
0.0023762374
0.0024296089
1.68913e-05
0.0023322916
0.0023157792
0.0023617844
0.0023419001
1.7170568e-05
0.0022875544
1.6458064e-05
0.0023738601
0.0022712737
0.0023303358
0.0029931229
1.6338873e-05
0.0024182333
0.0024345238
0.002425136
0.002445219
1.6459954e-05
0.002406896
0.0024312373
0.0024130797
0.0023671827
0.0024657181
0.0023905747
0.002384365
0.0024676411
0.0024414383
1.588908e-05
0.0024382152
0.0024025904
0.0018430263
0.0017239724
0.0087310058
1.6674162e-05
1.5880328e-05
0.0020500811
0.0023513843
1.6122555e-05
1.6766692e-05
0.00089228272
0.00025950188
0.0021921369
0.0016261712
5.8396037e-05
3.1916961e-05
1.7213591e-05
1.7214128e-05
0.0022109185
1.6229398e-05
0.0020743226
1.7152535e-05
0.0021602456
1.5825603e-05
0.0023071336
0.0024364689
1.5845334e-05
1.6034604e-05
1.65694e-05
0.0024134194
1.6008614e-05
2.97492e-05
2.4535289e-05
0.002208966
1.6671496e-05
1.7800599e-05
0.0020033472
0.0023112574
1.5790385e-05
1.6385971e-05
0.002417263
0.0024395124
0.0023899812
0.0023184669
0.0012153035
0.0023501358
1.5895959e-05
0.0023995091
1.6474723e-05
1.625829e-05
0.00062270747
0.0024219615
0.011103609
1.673381e-05
0.002353186
1.678604e-05
0.00088761041
0.0024874919
1.6602985e-05
0.0020480662
0.0018077643
0.0024610287
0.0024452202
0.0024385342
1.6568152e-05
0.0024103025
0.0024932415
1.6782875e-05
1.7148485e-05
0.0024991591
1.6447429e-05
1.6427673e-05
0.0023062107
1.6480724e-05
8.4672305e-05
6.9974396e-05
0.0023066108
0.00091869567
0.0022500486
0.00090486369
1.8223656e-05
0.00012677855
0.0030865948
1.6588066e-05
1.5884961e-05
1.9104523e-05
0.0023510373
1.6183634e-05
1.6637663e-05
0.0022676113
1.6650498e-05
0.017669002
3.2889158e-05
7.9726539e-05
0.0014967055
0.00012704239
0.002341792
0.00010344039
0.0023748216
0.0023743434
1.7796721e-05
0.0022807354
0.0023485279
2.2665646e-05
1.8854441e-05
1.5811993e-05
1.6047467e-05
1.5947979e-05
1.6682157e-05
0.0023383693
1.6566635e-05
6.97693e-05
5.8263987e-05
0.0023298604
2.0997859e-05
1.6572045e-05
1.7421345e-05
0.0024590036
0.0024746296
0.002434139
1.7820769e-05
1.8532367e-05
0.0093966436
1.6472526e-05
2.8119926e-05
0.0024734607
0.0024854287
0.000172851
0.00015164107
1.5891172e-05
1.6756416e-05
0.0012598919
0.0024641863
0.0024370369
2.9527938e-05
1.6439394e-05
0.0024021969
0.0024498012
2.072947e-05
1.6684053e-05
1.6700564e-05
1.6201337e-05
1.676368e-05
0.0024296678
1.652408e-05
1.5825058e-05
1.5939814e-05
0.0022235345
1.6255281e-05
0.0023245787
0.0023243584
0.0023466179
0.0023399294
0.00010218438
1.5910719e-05
0.0016764836
1.9917261e-05
1.6681363e-05
0.002328974
1.5817752e-05
1.5808105e-05
1.9285431e-05
1.5814634e-05
0.0023452926
0.0023936072
0.001610646
1.6364253e-05
2.3693697e-05
0.0023745712
4.453476e-05
2.298016e-05
1.6288792e-05
1.6685903e-05
0.0023866461
0.0016829122
1.6207454e-05
0.0024737372
1.5948937e-05
0.0024545313
0.0024933547
0.0024470391
0.002492764
0.0024071657
8.679486e-05
1.594846e-05
9.7572455e-05
1.579051e-05
0.0025052117
1.6585911e-05
1.6359585e-05
0.0016116112
1.649043e-05
1.7141571e-05
1.6714567e-05
1.6997567e-05
1.6497101e-05
0.00034362395
6.7621698e-05
4.2286729e-05
0.00022317428
3.1516249e-05
6.9744379e-05
0.00018566089
0.0015177068
0.00055728362
0.00093359582
1.6465165e-05
1.8037654e-05
1.6334156e-05
1.6430437e-05
1.6489866e-05
1.6683227e-05
1.6589928e-05
1.6319539e-05
1.5925387e-05
1.8296888e-05
2.3520725e-05
2.594737e-05
1.5891934e-05
1.6234161e-05
0.0023404532
1.6819491e-05
1.5881845e-05
1.6470564e-05
1.5896796e-05
1.8229638e-05
1.7578517e-05
1.6937851e-05
1.5866434e-05
0.00013862425
1.6529759e-05
1.58694e-05
1.5864299e-05
1.680531e-05
1.6471861e-05
1.6107687e-05
0.00015103191
1.6411406e-05
1.6088651e-05
3.1050207e-05
1.6680691e-05
1.6368056e-05
1.6616891e-05
1.651413e-05
2.4925944e-05
1.5904878e-05
1.5807912e-05
1.6472608e-05
1.6214714e-05
1.6491293e-05
0.0013121379
1.6580125e-05
0.0002787258
1.5963266e-05
1.6341144e-05
1.5920217e-05
1.6654644e-05
1.6419438e-05
1.6562957e-05
0.00010341756
1.6184984e-05
1.626053e-05
1.7794806e-05
1.7906562e-05
1.6234413e-05
2.4554302e-05
1.659193e-05
1.5847491e-05
1.6393681e-05
1.6099898e-05
1.5827966e-05
1.6506107e-05
1.599679e-05
7.6087974e-05
1.6190242e-05
1.6172231e-05
4.5259981e-05
1.2666551e-05
0.00092384946
1.6674827e-05
0.0038311594
0.0045491532
1.6899092e-05
3.4975345e-05
0.0024255867
1.6318581e-05
1.664865e-05
0.0032210461
1.5869262e-05
1.6683466e-05
1.5970332e-05
1.6657558e-05
1.6499001e-05
1.7509437e-05
1.6044779e-05
1.7839236e-05
0.0016801851
1.6480385e-05
0.0018206025
1.5789196e-05
1.5845703e-05
1.662921e-05
1.6594827e-05
1.6731038e-05
1.6331442e-05
1.6540823e-05
1.633737e-05
1.6671743e-05
1.6534027e-05
1.5934537e-05
1.5870693e-05
0.00010961355
1.5874376e-05
1.6340123e-05
1.6669543e-05
1.8223495e-05
1.5829051e-05
1.9368013e-05
1.6388094e-05
2.1284317e-05
1.6195005e-05
1.5890919e-05
1.6508983e-05
1.1177008e-05
0.0001767341
0.0022900785
1.7088949e-05
1.6307975e-05
1.8366937e-05
0.0020343975
2.8293334e-05
1.8530174e-05
0.0023426319
6.9550404e-05
5.1541437e-05
0.0012101144
0.00076428879
1.5859494e-05
1.5983524e-05
0.00027682262
1.7632005e-05
1.8309217e-05
1.6599039e-05
0.0025870971
1.7889477e-05
1.5861677e-05
1.7290269e-05
1.583019e-05
1.5951586e-05
1.6886066e-05
0.0024912643
1.6223138e-05
0.003798713
1.666242e-05
2.3272522e-05
6.2056015e-05
1.692354e-05
0.0015674242
1.6431769e-05
1.6402297e-05
1.7399925e-05
1.6746923e-05
1.616738e-05
1.7599929e-05
0.0011330683
1.5821632e-05
0.0025062825
1.9472171e-05
0.001679863
0.00077409868
0.00083993279
0.0010782539
0.0008898054
0.0015517866
0.0013418377
0.0010884663
0.0017052188
0.00193443
0.00078960999
0.00011190851
0.0022921673
0.00065395978
0.0023188765
0.0020977851
0.0023805965
0.002150892
0.00077301671
0.0021756154
0.00082997724
0.0013314642
0.0022772937
0.00091109455
0.002332268
0.00086885235
0.0021602736
0.0019052221
0.0023888868
0.0017091776
0.0020242944
0.0023497039
0.0019817532
0.0022366599
0.00088254101
0.00079577575
0.0011820862
1.6603583e-05
0.00012752095
1.6257952e-05
1.6689286e-05
7.8785347e-05
1.6411377e-05
1.621628e-05
1.5907809e-05
0.00012597948
1.5835067e-05
1.6655398e-05
1.7564375e-05
1.6281756e-05
2.1048031e-05
0.0024653438
2.5742761e-05
0.010686512
1.6726109e-05
1.6432616e-05
0.009324866
2.9730726e-05
0.0093808882
0.0077785008
1.6451623e-05
1.6568286e-05
0.00039816899
1.689936e-05
1.6110436e-05
1.6592632e-05
1.582342e-05
1.6322709e-05
1.6008487e-05
1.5819086e-05
0.002009605
0.00074644926
1.5978836e-05
1.6732522e-05
1.588226e-05
1.620718e-05
1.649943e-05
0.00013339225
0.00020799511
0.0016625906
1.7034278e-05
1.6788437e-05
2.5719418e-05
4.2922439e-05
1.5892056e-05
2.3315938e-05
1.5970536e-05
5.8567214e-05
1.6502564e-05
1.6700558e-05
1.5792161e-05
1.5788529e-05
0.001785428
0.0018438324
1.8083155e-05
4.2047259e-05
1.6576438e-05
0.0020532642
1.6119978e-05
1.6535141e-05
0.00038362941
1.6279315e-05
1.6791102e-05
1.6220273e-05
1.6915045e-05
1.6618737e-05
1.6408344e-05
1.6831338e-05
0.0016406449
0.011736732
1.5951791e-05
1.6019438e-05
1.6983229e-05
1.6268751e-05
1.6978463e-05
1.6396503e-05
1.8627252e-05
0.00031358209
1.582387e-05
1.5827839e-05
1.5920152e-05
1.9030598e-05
0.0033448375
1.63626e-05
1.7367637e-05
1.7011211e-05
1.6568576e-05
1.6371647e-05
1.967981e-05
1.6447606e-05
1.6250498e-05
3.1507066e-05
3.1777494e-05
1.6341099e-05
2.1510184e-05
0.0050760711
1.6250737e-05
1.5955103e-05
1.6335343e-05
0.001575466
1.608944e-05
0.002500817
1.6640117e-05
1.6469539e-05
0.0078642089
0.00037651783
0.00020082266
1.6285417e-05
0.002052335
0.0029647507
0.0029677641
0.0016671946
2.8958416e-05
1.6296727e-05
1.6155459e-05
1.5991856e-05
1.2792296e-05
1.616464e-05
0.00087463618
0.00055630044
0.0011129645
1.6790657e-05
1.6553012e-05
1.6174373e-05
1.6885642e-05
1.7547963e-05
1.6179109e-05
4.2582335e-05
1.581452e-05
1.629986e-05
1.6448965e-05
1.6048977e-05
0.00022433712
1.6659564e-05
0.0030205189
1.6856719e-05
1.5821193e-05
0.002973523
1.5883687e-05
0.00048329348
0.00048142423
1.6263556e-05
0.016715265
1.6361483e-05
1.6334524e-05
1.6428352e-05
1.6464419e-05
0.0024720409
1.610693e-05
0.013166062
1.6425215e-05
9.3306578e-05
1.5947286e-05
1.6215446e-05
1.7178839e-05
1.8301913e-05
1.6755875e-05
2.5966731e-05
0.0052013494
0.00031398178
1.6914885e-05
1.6680321e-05
1.8288442e-05
1.6256225e-05
0.00099102258
1.6488126e-05
1.6491132e-05
1.6431405e-05
1.6656106e-05
1.6109905e-05
1.6683106e-05
1.6762675e-05
1.589806e-05
1.5994767e-05
1.6169485e-05
1.6891989e-05
1.6167398e-05
1.6431646e-05
1.6763031e-05
1.6655967e-05
1.6165148e-05
0.0016565408
0.00010597141
1.6798928e-05
4.0097475e-05
1.6116081e-05
1.6245471e-05
0.0016872115
1.7151884e-05
1.6195136e-05
1.6515872e-05
1.6271426e-05
1.667862e-05
0.0017584498
1.645256e-05
1.6078356e-05
1.63357e-05
1.5833384e-05
0.0017065979
1.5792305e-05
1.8335306e-05
1.9315148e-05
1.6340145e-05
1.7655227e-05
1.5812393e-05
0.0017094212
0.00088023511
1.6029526e-05
1.6523944e-05
0.00287154
7.5039005e-05
1.5791668e-05
0.00097250379
1.5945411e-05
0.0031181187
0.0031889998
0.0014301741
6.6504432e-05
0.0032044438
1.6447934e-05
1.5820729e-05
1.6637028e-05
1.6446223e-05
1.6451736e-05
0.0033341028
1.6588674e-05
0.0013034859
1.8352995e-05
1.5788539e-05
1.584601e-05
1.792696e-05
1.6533556e-05
1.2929954e-05
1.7197568e-05
6.9682643e-05
1.8077586e-05
1.7710277e-05
1.7540914e-05
1.9321572e-05
0.00084282247
1.6467479e-05
1.6403461e-05
1.6322574e-05
1.7055281e-05
1.7842604e-05
1.5914353e-05
0.0022483697
0.0023000155
1.7908316e-05
1.6536243e-05
1.6282992e-05
1.8537289e-05
1.667256e-05
1.6651326e-05
1.6169719e-05
1.5912259e-05
0.0022387412
1.6073867e-05
0.00092612496
1.6356029e-05
1.668497e-05
1.639666e-05
1.7197205e-05
3.2454321e-05
7.2521493e-05
1.6411343e-05
0.0024576841
1.6345171e-05
1.6500981e-05
0.0016288886
4.5210198e-05
1.9332975e-05
1.8370086e-05
1.659651e-05
1.6200031e-05
1.6463093e-05
1.834032e-05
1.9312543e-05
1.5933292e-05
1.6396702e-05
0.0045699909
1.6514482e-05
3.3852363e-05
1.6450218e-05
0.0010726368
1.5896426e-05
0.00011115829
1.6531328e-05
1.6053558e-05
1.6537847e-05
1.8334632e-05
1.6043432e-05
1.6270289e-05
1.6388569e-05
0.003424965
0.0030752577
1.5917694e-05
1.6229165e-05
1.5815682e-05
1.5818306e-05
1.8761713e-05
1.7104102e-05
1.6128441e-05
1.6315652e-05
1.6501688e-05
1.6389717e-05
1.6962278e-05
0.00017717334
0.0032176358
1.6275594e-05
1.3620604e-05
1.6660729e-05
0.00035409091
1.6164868e-05
1.6031268e-05
1.6953636e-05
1.6852456e-05
2.4414772e-05
6.8054288e-05
1.5809525e-05
0.0001405832
1.6335758e-05
1.6882548e-05
0.0019017123
0.0019746127
1.6504294e-05
1.6641422e-05
2.4700448e-05
0.00034488656
1.5819169e-05
0.01512162
0.00036724256
1.6903312e-05
0.0022493252
0.0041993448
0.0037568979
1.658423e-05
1.6583774e-05
1.6472403e-05
1.6008374e-05
5.4385122e-05
0.0018603626
1.6274421e-05
1.6021893e-05
2.4474581e-05
0.0045766925
1.6377441e-05
1.5183887e-05
1.5924644e-05
1.6457398e-05
0.00017459673
0.016315407
1.6601722e-05
1.667478e-05
1.5788226e-05
1.5784984e-05
1.5785435e-05
1.578393e-05
1.5784718e-05
1.5785028e-05
1.5784197e-05
1.5784172e-05
1.5785535e-05
1.5795301e-05
1.5783956e-05
1.5787057e-05
1.5811826e-05
4.7643972e-05
1.6782476e-05
1.8284754e-05
1.9206411e-05
1.5833419e-05
0.00022828024
0.0024163968
0.0015985292
0.014718761
1.6729681e-05
1.6269139e-05
0.013300077
1.689538e-05
1.6895784e-05
1.6568576e-05
1.6366382e-05
1.7168077e-05
1.5898562e-05
1.6595635e-05
0.00016634503
1.6386378e-05
1.8873674e-05
0.00011097168
1.6235085e-05
1.5927747e-05
1.6768348e-05
1.640512e-05
1.6277841e-05
1.6615434e-05
0.00015894116
0.0011788575
1.5865071e-05
4.2915117e-05
1.6336509e-05
1.7088307e-05
0.011754251
0.013677403
1.6293903e-05
1.5794776e-05
9.017866e-05
3.1507257e-05
1.8372145e-05
2.0278522e-05
1.5790042e-05
1.7725497e-05
1.5972105e-05
0.0025287155
1.7070918e-05
1.5836924e-05
0.0013858352
1.6876097e-05
1.9200325e-05
0.0013773558
2.6474561e-05
1.6346084e-05
1.6274046e-05
0.0021445305
1.6395543e-05
1.6039204e-05
1.6490215e-05
0.0015279128
1.9236938e-05
2.0407032e-05
1.8279426e-05
2.0356759e-05
0.0024991676
6.7632838e-05
0.0023891289
0.0022285484
0.0023351527
1.6170095e-05
1.6741707e-05
1.68351e-05
0.0018462554
0.0021824768
0.0024277162
1.6262439e-05
0.0024046123
1.6167219e-05
0.0017794266
0.0015192812
0.0017647258
0.0015756317
1.6579109e-05
1.6570829e-05
1.6570783e-05
0.0015279802
1.5956936e-05
1.6251665e-05
0.0023715518
0.0021416991
1.6589949e-05
0.0038280875
0.0023835055
0.0022833625
1.6241178e-05
0.0024391095
0.0015066925
0.0024635818
0.0015973601
1.5851386e-05
0.0023184453
0.0020469711
0.0029395442
0.0021409898
0.00045393531
0.0015404811
1.6897942e-05
0.0028230149
1.6154021e-05
3.878516e-05
0.0018491749
1.6483674e-05
3.2910033e-05
1.7139722e-05
1.6501903e-05
1.7599487e-05
1.6398041e-05
1.5843882e-05
1.6479203e-05
1.6451857e-05
1.6271138e-05
1.6223281e-05
1.7622664e-05
0.00027071161
0.0033829582
0.00023391946
1.7814572e-05
1.6492508e-05
1.6642858e-05
1.6632159e-05
0.00081981535
0.0010364135
0.0016457485
1.6659138e-05
1.611268e-05
1.6254868e-05
1.5959567e-05
1.6587199e-05
0.00085110888
1.5809651e-05
1.8916001e-05
1.6404906e-05
0.0039485855
0.00061688314
1.646342e-05
1.641416e-05
0.0027663919
1.661828e-05
0.00054520925
1.6195042e-05
0.00059090793
0.00097255122
1.5868099e-05
6.4449446e-05
0.00604687
1.6502812e-05
9.5102676e-05
0.0067430571
0.0069252002
1.6451127e-05
1.6827861e-05
1.6042212e-05
0.0001477349
0.0073890935
1.6239914e-05
1.6596381e-05
1.6348149e-05
1.6485182e-05
1.6379839e-05
0.0017655223
1.6153041e-05
1.6378079e-05
2.63306e-05
1.7676468e-05
1.7445976e-05
1.6468059e-05
0.0075055291
1.6272322e-05
1.6711441e-05
6.8139256e-05
1.5929481e-05
1.6600989e-05
0.010613293
1.6581553e-05
2.7370203e-05
0.00018751593
1.6290216e-05
1.9098531e-05
1.6508005e-05
1.629737e-05
1.6488585e-05
1.6235659e-05
0.00021963796
1.5811858e-05
1.6149009e-05
1.6251184e-05
0.0077752599
1.6132526e-05
1.6418135e-05
0.00030995884
0.0043454447
1.810377e-05
1.7483341e-05
1.5837357e-05
1.6773806e-05
1.5873757e-05
1.5527059e-05
0.0001638148
1.6745241e-05
1.4378535e-05
1.6560295e-05
1.639038e-05
0.0001773409
6.1298933e-05
0.017894246
1.6991031e-05
6.3138198e-05
1.6251493e-05
3.0247207e-05
1.5848217e-05
1.5864735e-05
2.3310792e-05
1.6178586e-05
1.6032261e-05
1.6675483e-05
1.5947052e-05
1.5951596e-05
0.0015505712
1.6669919e-05
0.01216559
0.0018485515
1.5948123e-05
1.7135172e-05
1.6438599e-05
1.6673309e-05
1.6134481e-05
1.6269793e-05
1.6470181e-05
1.6406193e-05
0.0016284901
1.6569675e-05
1.6581145e-05
1.5945829e-05
0.0031089986
0.0026995413
1.6285919e-05
1.6711957e-05
1.5822791e-05
1.6921376e-05
1.6028871e-05
0.00036286818
1.5822906e-05
1.6327838e-05
0.0022335256
1.6426572e-05
0.0016229538
0.0027120571
1.5822421e-05
1.7725111e-05
1.6260056e-05
1.6606854e-05
1.6277498e-05
1.5816997e-05
1.6423085e-05
0.0029687686
1.6337535e-05
1.6666735e-05
1.6253154e-05
1.5787859e-05
1.65565e-05
1.6886684e-05
0.00068241002
1.647758e-05
1.8490701e-05
1.6100579e-05
1.6527114e-05
1.6362416e-05
1.5851804e-05
0.0028730424
1.6118413e-05
1.6509864e-05
1.596325e-05
1.6262883e-05
0.0016326146
1.6749044e-05
1.5950144e-05
0.00038250586
0.0018690598
0.00037622548
1.6508848e-05
1.616557e-05
1.6617234e-05
1.661928e-05
0.0058734539
0.0068812365
0.00036893034
2.1797088e-05
1.5898409e-05
1.6288426e-05
1.5871982e-05
1.5821244e-05
1.6049556e-05
2.6481707e-05
1.6396391e-05
1.9476451e-05
0.013297463
1.6192384e-05
1.6424477e-05
0.0048050258
1.6598607e-05
1.636671e-05
1.8325004e-05
1.5837338e-05
1.6549331e-05
0.0030052231
3.1868377e-05
0.003735806
1.5839236e-05
1.6400035e-05
1.6380759e-05
1.6256229e-05
2.1499635e-05
1.5872799e-05
1.8288439e-05
1.6439242e-05
1.6420168e-05
2.5203292e-05
2.503514e-05
0.00039186462
0.0021439495
1.6652606e-05
1.6524182e-05
1.9528109e-05
1.6361697e-05
1.6252827e-05
0.0047893136
1.6155805e-05
1.5808846e-05
1.6790852e-05
0.0029472655
0.0011033746
1.6213528e-05
1.6113792e-05
1.6419212e-05
1.5905161e-05
1.6666559e-05
1.6280933e-05
0.00063867442
1.6847848e-05
1.6331863e-05
3.113553e-05
1.6802968e-05
1.5957786e-05
0.00032081751
0.00056457037
1.8104486e-05
5.8502984e-05
1.694045e-05
1.6395518e-05
1.5904544e-05
6.8160692e-05
1.5853543e-05
1.6538599e-05
1.597343e-05
0.00045272314
1.5814667e-05
1.6105324e-05
0.0029436682
1.6578851e-05
1.5918754e-05
1.6414598e-05
0.00018362969
1.6600646e-05
1.5952329e-05
1.676068e-05
0.0012215375
1.6515932e-05
1.6354906e-05
0.0025517381
1.6402247e-05
6.8847477e-05
1.6091272e-05
1.6400939e-05
1.6691808e-05
1.6689536e-05
1.5868728e-05
2.6404994e-05
3.7138817e-05
1.6374153e-05
1.6407205e-05
1.6440085e-05
1.5841345e-05
1.5854818e-05
1.5992635e-05
1.6241991e-05
0.00027117912
1.8163048e-05
1.6347209e-05
2.2921072e-05
1.6276311e-05
1.714646e-05
0.015718301
1.7133902e-05
1.7143704e-05
0.0013316715
0.0013054525
1.585928e-05
1.8157035e-05
0.017309932
3.3087012e-05
1.5988414e-05
1.5785918e-05
0.0029949567
1.6264321e-05
1.9827041e-05
1.579021e-05
1.6029021e-05
3.9932611e-05
0.0034174554
1.716901e-05
0.0081903404
0.00033957521
1.6798739e-05
0.009071458
0.0023803265
1.6666715e-05
1.5990554e-05
1.6164367e-05
1.6315693e-05
2.9655449e-05
1.65851e-05
1.6868865e-05
1.5922747e-05
1.6246577e-05
3.6362433e-05
1.5942851e-05
1.6195013e-05
1.5867576e-05
1.6221158e-05
1.5804232e-05
1.6418733e-05
1.6163405e-05
1.5978851e-05
1.6409913e-05
1.6337187e-05
1.6516333e-05
1.8103051e-05
1.6874208e-05
1.6360433e-05
1.5813955e-05
1.5808897e-05
1.5819441e-05
1.6902892e-05
0.001140335
1.6374315e-05
1.5947005e-05
1.6370098e-05
1.7702047e-05
1.66319e-05
1.6677353e-05
1.6597696e-05
1.6596096e-05
1.7641942e-05
1.5864208e-05
1.598098e-05
0.010884851
2.7000209e-05
1.6177881e-05
1.6678113e-05
1.6294826e-05
0.00014157599
1.6245588e-05
0.0011081691
1.6455645e-05
1.6142192e-05
1.6431136e-05
0.0034092572
1.7009994e-05
1.7045287e-05
0.0011345095
1.623486e-05
1.644017e-05
1.6431606e-05
0.0016963191
2.4052577e-05
1.6617665e-05
1.6281785e-05
1.5868611e-05
1.6134363e-05
1.5897801e-05
1.6587265e-05
1.5873785e-05
0.00013709467
0.00013234732
1.6309731e-05
0.00027865425
1.5998318e-05
1.9308958e-05
0.0014623551
1.6123602e-05
0.00010212753
0.015306886
1.6517126e-05
1.6252747e-05
1.6312019e-05
1.6273215e-05
0.0029012549
1.6848535e-05
1.6740033e-05
1.6301646e-05
1.612533e-05
0.0031872168
1.6374117e-05
1.6111857e-05
1.6313375e-05
1.6526716e-05
0.0011732896
1.6192774e-05
1.6524385e-05
1.583707e-05
1.7628976e-05
2.0098158e-05
1.613279e-05
1.6413702e-05
1.6376122e-05
0.0032014738
0.0028734336
0.0016501059
1.5222063e-05
1.6725065e-05
1.580283e-05
0.0025679174
1.632934e-05
1.8910933e-05
1.7540965e-05
0.0086881596
1.6336677e-05
1.6154445e-05
2.4310364e-05
1.6645765e-05
1.6364285e-05
1.6696426e-05
1.761143e-05
1.6321834e-05
1.6144304e-05
9.9977161e-05
0.0010320112
1.621009e-05
1.5962002e-05
0.0032754409
1.6125728e-05
0.0010950339
0.0010800994
1.6314077e-05
1.7624123e-05
1.6520556e-05
1.704677e-05
1.6957564e-05
1.6179488e-05
1.7152189e-05
1.642355e-05
1.5859336e-05
1.6528201e-05
0.0016833798
1.6906573e-05
1.6059326e-05
0.0013801778
1.6970311e-05
1.6183391e-05
1.6121061e-05
3.9856379e-05
1.6314808e-05
1.6200984e-05
1.612375e-05
6.9714524e-05
0.0013303181
1.6505384e-05
1.6625282e-05
1.6521485e-05
1.5868856e-05
1.5917631e-05
1.6310575e-05
1.5856438e-05
1.6329102e-05
1.6693629e-05
1.6428744e-05
1.6492418e-05
0.0011683638
0.0023249134
1.6421226e-05
1.5869867e-05
9.7218443e-05
1.932606e-05
1.5891804e-05
1.6071632e-05
1.9283042e-05
1.6418758e-05
1.6437588e-05
1.6137735e-05
1.5912165e-05
1.5786277e-05
1.6436229e-05
1.6427217e-05
1.6313985e-05
1.6416893e-05
1.6525646e-05
0.0074652492
7.3964501e-05
1.7157189e-05
1.7170447e-05
1.4765333e-05
1.891191e-05
1.6037265e-05
1.6362947e-05
1.7098014e-05
1.6337518e-05
1.6056415e-05
1.6300802e-05
1.6608269e-05
2.1452948e-05
1.5806559e-05
1.8584223e-05
1.4759013e-05
1.6413219e-05
1.5972654e-05
0.0030921909
1.5875448e-05
5.1068255e-05
0.0021960206
1.5906307e-05
0.010681445
1.6419988e-05
1.582671e-05
2.9669135e-05
1.5837631e-05
1.6368004e-05
1.6705679e-05
4.852807e-05
1.5928856e-05
1.5936348e-05
1.6293695e-05
1.5986142e-05
1.5791495e-05
1.6691099e-05
0.0042285664
1.5854721e-05
1.5987674e-05
1.7016066e-05
1.7015917e-05
0.0038033155
1.5834012e-05
1.658996e-05
0.0010805684
1.6864963e-05
0.0042585122
1.6412512e-05
0.00035254381
1.686901e-05
1.6074886e-05
1.6627062e-05
1.6658135e-05
0.0025365318
1.6294657e-05
0.010775305
1.6576852e-05
0.0017192924
1.6629551e-05
0.0013953709
0.0016300461
1.7726846e-05
1.6666365e-05
1.6049564e-05
0.0068948245
1.6710301e-05
7.8878792e-05
1.5827892e-05
1.5872489e-05
1.5804788e-05
1.6345362e-05
1.599822e-05
1.6259682e-05
1.6384449e-05
1.6222649e-05
1.5917378e-05
1.6008082e-05
1.6096253e-05
0.0019782329
0.0001394071
1.6674302e-05
2.6025699e-05
1.6474911e-05
1.6526742e-05
1.6112349e-05
1.6875991e-05
1.6920067e-05
1.6607217e-05
1.8083402e-05
0.0023400966
0.012463528
1.6111073e-05
1.6349485e-05
0.0023513585
1.5825273e-05
1.6377138e-05
5.4198168e-05
0.010098996
0.0042281606
5.0572616e-05
1.7097719e-05
1.6008176e-05
1.6677309e-05
0.0030202383
0.002858901
1.6439034e-05
1.7759337e-05
5.7881523e-05
1.5911059e-05
0.00012477201
1.6259719e-05
1.6079603e-05
1.6309749e-05
0.0012092371
0.016118741
1.5889587e-05
1.6781396e-05
1.612091e-05
0.00010650969
0.014267569
1.8211274e-05
1.8216007e-05
1.6337699e-05
1.6402952e-05
1.6019655e-05
1.5913782e-05
1.7134709e-05
1.5807857e-05
0.008707017
1.6184007e-05
1.6481002e-05
1.6479943e-05
0.00017708654
1.5942933e-05
1.6491674e-05
1.6476192e-05
1.5793483e-05
0.0016727729
0.005821678
1.6803965e-05
1.5835352e-05
0.013525834
0.0032889266
1.6519296e-05
1.5816763e-05
0.00096287268
1.6579115e-05
7.3275466e-05
0.0030647847
1.6466096e-05
1.6730652e-05
1.6640654e-05
0.00013441244
1.6736116e-05
1.6635379e-05
0.00027921725
0.00076709584
0.0068115577
1.5880083e-05
2.4742814e-05
2.7015721e-05
0.0016513785
1.6132454e-05
1.6303392e-05
1.6868492e-05
1.6672065e-05
1.6864346e-05
1.6841493e-05
1.677403e-05
0.0081367132
1.6340816e-05
0.0019613892
1.6684813e-05
0.0018834765
1.6698709e-05
1.67398e-05
1.6637525e-05
1.6658819e-05
1.5903599e-05
2.8159804e-05
1.6712806e-05
1.6253285e-05
1.6730206e-05
1.5792369e-05
0.00010236324
1.6391373e-05
1.6342465e-05
4.1351702e-05
1.6387644e-05
1.6659516e-05
1.6742977e-05
1.6280682e-05
0.0015746745
6.544419e-05
1.6388293e-05
1.7076131e-05
1.7045285e-05
0.00016798607
0.0017692966
1.6759735e-05
1.6190071e-05
1.6724478e-05
1.6169149e-05
0.00016544565
2.0481137e-05
1.4567134e-05
1.6773482e-05
1.6080043e-05
0.011315334
1.808749e-05
1.6787821e-05
1.8528602e-05
1.6340842e-05
1.5842241e-05
1.6328522e-05
1.6340236e-05
1.6799828e-05
1.6157937e-05
1.5891161e-05
1.592798e-05
1.6458526e-05
1.6238687e-05
1.588385e-05
0.00016465145
0.00027171998
1.5854986e-05
1.6352567e-05
1.3779264e-05
0.00018168112
2.0718646e-05
1.6247964e-05
1.6725347e-05
0.0010041612
0.00012598505
1.6167436e-05
1.5788227e-05
1.6139301e-05
1.798213e-05
1.6598456e-05
1.6243696e-05
1.7219898e-05
1.6561323e-05
1.602311e-05
2.4485717e-05
1.5831969e-05
1.6966195e-05
0.0091373577
1.5852963e-05
1.5856507e-05
1.8302067e-05
2.0412187e-05
1.2875087e-05
8.2170188e-05
1.6201362e-05
1.6562391e-05
1.6780646e-05
1.6258937e-05
1.6947441e-05
1.6239189e-05
1.5802815e-05
0.0016335404
1.5980661e-05
0.0024469051
1.6561886e-05
1.6598633e-05
0.0024804219
1.6128018e-05
1.6225473e-05
1.6678566e-05
1.7258035e-05
0.0006979313
0.00034498433
1.6612275e-05
1.6788348e-05
1.5826159e-05
1.6691802e-05
1.592556e-05
1.61791e-05
1.5854941e-05
1.5886356e-05
0.011459961
0.013725523
1.6378335e-05
1.6014728e-05
0.00012019423
0.00016642815
1.6773993e-05
0.00013363867
1.8496258e-05
1.615733e-05
1.8814473e-05
1.589512e-05
0.0019284608
0.0023874961
1.6366577e-05
1.6737949e-05
0.0039665929
1.5806984e-05
0.00038152763
1.6337835e-05
1.5894803e-05
1.6642355e-05
0.0016242681
1.6855944e-05
0.00034476284
0.0023681382
0.0030485699
1.6619574e-05
1.7140215e-05
1.6353071e-05
0.0023846643
1.593762e-05
7.9158948e-05
1.6168637e-05
1.6530818e-05
1.6803824e-05
1.6602489e-05
1.6594286e-05
1.6649427e-05
1.6161922e-05
1.6868753e-05
2.4971908e-05
4.0881042e-05
1.63912e-05
1.6327541e-05
1.5967214e-05
1.4644182e-05
1.6467021e-05
1.8517629e-05
1.60263e-05
1.5830025e-05
3.425728e-05
2.7286125e-05
1.6782192e-05
0.0057528622
0.0092333096
1.6319213e-05
0.0015596416
1.6021018e-05
1.6513453e-05
1.659741e-05
1.6641597e-05
1.6876119e-05
0.0010172876
0.0017401528
1.642944e-05
2.0673909e-05
0.0017664444
1.5915242e-05
1.6138571e-05
1.6096826e-05
0.00070116421
0.017071256
1.589895e-05
1.5869207e-05
0.00061924416
0.00011795153
3.4249471e-05
0.0019514794
0.0017154694
0.0015662951
1.6396648e-05
1.6548829e-05
1.6483524e-05
1.631905e-05
0.0040852503
1.6189942e-05
0.0034688686
0.0015928173
0.001224566
0.0038880483
1.6027413e-05
1.6153976e-05
0.0004150093
0.0087008891
1.6573523e-05
1.713395e-05
1.5844603e-05
1.6703278e-05
0.00096335912
1.6002891e-05
1.6647974e-05
1.6442117e-05
1.5958639e-05
1.5834121e-05
1.6259553e-05
1.6470652e-05
0.00080466192
0.00075209186
1.7013821e-05
1.6297563e-05
1.6642311e-05
1.2892301e-05
0.0060663176
1.6386303e-05
0.0067578182
1.6254735e-05
1.598227e-05
1.6583914e-05
1.6245465e-05
0.0011367285
1.6149473e-05
0.00026687896
2.6050342e-05
2.2679051e-05
1.5813941e-05
1.6251955e-05
1.7453011e-05
1.6680935e-05
0.0028698207
1.6836553e-05
0.0039957479
0.00081593541
1.6389955e-05
1.6106472e-05
1.6423413e-05
0.00017473203
1.6333919e-05
1.6660075e-05
1.5833618e-05
5.4427512e-05
1.6239556e-05
1.6343751e-05
1.5866969e-05
0.0037347172
0.0037941952
1.5945022e-05
1.6638431e-05
0.0020106701
2.006924e-05
0.002835329
0.0015006598
1.6327833e-05
1.6725949e-05
1.6521714e-05
0.00045324338
0.00012350449
0.00015399146
1.6113039e-05
1.6672244e-05
0.0091325456
0.0015965686
0.0015931393
1.644091e-05
0.00075909017
2.0474755e-05
1.6233778e-05
1.756108e-05
1.6608236e-05
0.012369704
0.0025260363
1.5818873e-05
1.6673919e-05
0.0024670426
1.6259509e-05
1.7246024e-05
1.6594158e-05
0.0048780865
0.0024521051
1.6123429e-05
1.5233486e-05
1.5317972e-05
1.6482992e-05
2.8995647e-05
1.7308812e-05
1.6842306e-05
1.6485689e-05
1.5869012e-05
1.7334086e-05
1.6607418e-05
0.015905572
2.2970841e-05
1.6631031e-05
1.6165115e-05
1.7766712e-05
1.5788472e-05
1.7032309e-05
5.3356204e-05
1.5862448e-05
1.6071479e-05
0.011202769
1.6682381e-05
1.663358e-05
1.6546991e-05
1.5916371e-05
0.00017648632
1.7614839e-05
0.00015095367
1.6338434e-05
0.00052414698
0.00014066178
1.5852452e-05
4.8777749e-05
1.6476278e-05
8.1968269e-06
1.5924062e-05
0.00040295363
1.9462204e-05
1.5854885e-05
0.012530575
1.5874156e-05
1.6107897e-05
1.611302e-05
0.0016313717
1.5931253e-05
1.659269e-05
0.00041758841
0.00040051174
0.0011310339
4.7293783e-05
1.6855024e-05
0.0016520692
1.5959424e-05
1.6311605e-05
1.7673725e-05
0.0015603411
1.5834354e-05
0.00086677332
1.720431e-05
8.6646746e-06
1.6599136e-05
1.6347292e-05
1.6547644e-05
0.0084570355
1.6017383e-05
1.6673859e-05
1.6376396e-05
1.6107295e-05
0.0027944801
1.6635348e-05
3.7914235e-05
2.9097163e-05
1.7414093e-05
1.7131905e-05
1.5862786e-05
1.6321171e-05
1.6305435e-05
1.5838147e-05
1.611021e-05
1.6550012e-05
1.604673e-05
0.0030465069
1.665003e-05
1.6782098e-05
0.00033673412
0.00048824935
1.6919989e-05
1.6259132e-05
1.6607005e-05
1.6083324e-05
1.5928609e-05
2.3963995e-05
1.962323e-05
1.6850114e-05
3.3790066e-05
2.8488632e-05
1.6554487e-05
1.677522e-05
0.0011974121
0.0014200954
1.6917328e-05
1.6867886e-05
2.646809e-05
1.3732547e-05
1.6064974e-05
3.7893915e-05
1.585114e-05
2.2052502e-05
1.7113023e-05
0.0027212676
1.5853075e-05
1.7740264e-05
1.6313247e-05
1.5835995e-05
1.6587354e-05
1.68054e-05
1.6440091e-05
2.4381818e-05
0.0013766911
0.0013616272
1.6074801e-05
1.6369789e-05
1.6024937e-05
0.0026525637
1.5908414e-05
1.6152183e-05
1.6073011e-05
1.5824006e-05
1.6345867e-05
1.6196776e-05
1.6329503e-05
1.7441549e-05
1.6560521e-05
1.5817473e-05
1.8085397e-05
1.6337464e-05
1.6629211e-05
0.0098042962
2.2722535e-05
1.6558588e-05
1.5916287e-05
0.01326696
0.0011588634
1.9735584e-05
1.6133087e-05
1.7133654e-05
0.001773363
2.0173672e-05
1.6152645e-05
1.6199969e-05
0.00074975048
1.7174433e-05
0.00033420163
0.00049085116
1.6773389e-05
0.0010441205
1.5851167e-05
1.6408658e-05
0.0010195603
1.7301498e-05
1.6183938e-05
1.6611955e-05
1.5854744e-05
0.0030429971
1.5976605e-05
1.6506211e-05
1.6054791e-05
0.0039188753
1.6486819e-05
1.6324368e-05
1.596634e-05
1.5830015e-05
1.7926301e-05
1.5860001e-05
0.00016109527
1.6047616e-05
1.6155158e-05
0.017318102
1.6471236e-05
1.5830047e-05
0.0028483313
0.0016158552
0.0020061473
0.0018783862
6.522405e-05
1.6318513e-05
0.0032197674
0.00013569145
1.6000638e-05
1.5830122e-05
1.6319538e-05
0.0016233856
1.6985162e-05
1.6438564e-05
1.6611626e-05
1.6339183e-05
1.5856714e-05
1.5977188e-05
5.1145353e-05
1.4067025e-05
1.666928e-05
1.6388851e-05
1.6319072e-05
0.0086425182
0.00052783907
0.00034596289
2.0110547e-05
1.6367349e-05
1.6184262e-05
0.00037772337
1.8096099e-05
1.8095198e-05
1.6371838e-05
1.5947527e-05
1.5815188e-05
1.7132312e-05
9.7924309e-05
5.3765364e-05
1.5893521e-05
1.6352619e-05
1.5943747e-05
1.8584115e-05
1.5840748e-05
0.0009655058
1.6887653e-05
0.0069470838
1.6267284e-05
0.0017079301
1.6344729e-05
7.1307605e-05
0.0022029315
1.6415967e-05
1.5496267e-05
1.5945239e-05
1.63388e-05
6.5029328e-05
1.5805877e-05
1.6523332e-05
3.1732389e-05
1.5931272e-05
1.6190087e-05
2.6953329e-05
1.5797705e-05
1.7415375e-05
1.6311051e-05
1.5897222e-05
1.6577301e-05
1.8160624e-05
1.7971133e-05
1.593402e-05
1.5789702e-05
1.6293118e-05
1.6424109e-05
1.6358642e-05
1.9514222e-05
1.7260781e-05
1.6199232e-05
1.6209457e-05
1.6584332e-05
1.6494047e-05
0.012965877
0.01338381
1.5823552e-05
1.6788105e-05
1.627484e-05
1.5986491e-05
1.6469509e-05
1.6624012e-05
1.6228397e-05
1.6395325e-05
1.582068e-05
1.7092652e-05
1.5800859e-05
1.6595081e-05
1.6386589e-05
1.5949143e-05
1.6615316e-05
1.5844943e-05
1.6305202e-05
1.604632e-05
0.0011899424
0.0012289677
0.00041382123
1.6345983e-05
1.9506929e-05
1.6556614e-05
0.0043287533
0.0044678349
0.0034349208
1.624446e-05
1.6377912e-05
1.6356926e-05
1.6408526e-05
1.630266e-05
1.5846665e-05
1.6646796e-05
1.9374602e-05
0.0032621765
1.6631561e-05
0.00028498678
0.00022779259
0.00059413425
1.5936241e-05
0.00027010089
1.5857153e-05
1.6334162e-05
0.0073562441
1.6449127e-05
3.8279311e-05
1.7105037e-05
1.6318462e-05
3.3132394e-05
0.00024841938
1.6562771e-05
1.6529703e-05
1.6639523e-05
2.537441e-05
1.6556563e-05
1.6562265e-05
0.0004003759
1.9535441e-05
1.7086827e-05
0.0011731062
2.0271198e-05
1.6374946e-05
0.00025170276
1.5839467e-05
2.5847133e-05
0.00025560075
1.6562821e-05
1.8731926e-05
1.6124188e-05
2.5443065e-05
1.6722602e-05
0.0010165211
1.717846e-05
1.6560106e-05
1.7197557e-05
0.002431153
1.623397e-05
1.6881205e-05
1.6759866e-05
1.6365885e-05
1.5919805e-05
1.6133951e-05
1.5827373e-05
1.5900443e-05
1.5850624e-05
1.653483e-05
1.58843e-05
1.6573568e-05
0.0049671111
0.002781303
1.9531254e-05
1.6665489e-05
0.00039796464
0.0041366385
1.6329001e-05
2.8923253e-05
1.6282365e-05
0.0017707569
1.679419e-05
0.0014795504
9.1427775e-05
0.00028578215
0.0018150643
0.0001683707
0.00016103372
1.7331836e-05
1.9692227e-05
1.6714406e-05
0.0012867091
1.6560239e-05
1.5851881e-05
0.0010458597
0.001192491
0.00083701664
1.5811898e-05
1.5827701e-05
5.7814335e-05
0.0061209835
0.00036467622
0.0022826996
1.5947214e-05
2.5109078e-05
0.0024667103
9.5268709e-05
0.0063014987
1.5919249e-05
1.6334108e-05
0.00016563472
1.6430251e-05
1.5879304e-05
1.6416601e-05
8.8672329e-05
9.8926464e-05
0.0016040707
1.5875543e-05
1.6134111e-05
1.6756515e-05
1.6600772e-05
1.8423932e-05
2.1553899e-05
0.0015774372
1.6813798e-05
1.7154849e-05
0.00032118897
1.5832874e-05
1.704437e-05
1.5828853e-05
0.012296462
0.0011742382
1.6843206e-05
1.5789323e-05
1.6402418e-05
2.1240875e-05
0.0032381001
1.6676309e-05
0.004391308
0.0045055322
1.6688583e-05
1.6677122e-05
0.0016383142
2.3361572e-05
1.5897191e-05
1.6001048e-05
1.5853284e-05
0.0044790057
0.00092860111
1.5903493e-05
1.7141809e-05
1.6491377e-05
1.6841653e-05
3.3035166e-05
1.6188494e-05
1.6265206e-05
0.0072470937
1.6185243e-05
0.015250456
1.8950724e-05
1.6528036e-05
1.5910035e-05
1.6369149e-05
1.6567636e-05
1.6736832e-05
0.0001753294
1.7575471e-05
0.0018148958
2.2934576e-05
1.5949746e-05
1.666613e-05
1.6237532e-05
1.6342777e-05
5.2465964e-05
1.636149e-05
1.6384311e-05
0.0022400835
0.0022521607
0.0025728952
2.4930456e-05
1.6266615e-05
1.5973645e-05
0.0003433151
1.6492671e-05
2.5850015e-05
1.5969014e-05
0.015423288
1.5831089e-05
1.5850652e-05
0.0017767453
1.6143074e-05
0.00062908841
0.00013806235
1.5979246e-05
0.0060629458
1.5882942e-05
0.0013026018
0.00035038792
1.6242043e-05
5.2107157e-05
1.66662e-05
0.00018285315
0.0010015006
1.8424442e-05
1.6320487e-05
1.873094e-05
1.6176316e-05
0.0047503417
1.6565793e-05
0.00012012773
8.5978356e-05
0.00011776427
0.0050147419
0.0053271694
1.6147775e-05
0.0071583971
1.6417813e-05
1.647317e-05
9.9855247e-05
0.0039818216
0.005621793
1.6019171e-05
1.6319916e-05
1.65741e-05
1.6933083e-05
0.0077852784
0.006551987
1.7169697e-05
1.6542058e-05
0.0019025099
1.7085127e-05
1.5879478e-05
1.654168e-05
1.6370267e-05
0.0034425474
1.58846e-05
1.6232699e-05
1.6355601e-05
0.00045158841
1.6103761e-05
0.0015930436
1.6521459e-05
1.6564576e-05
1.7641191e-05
1.6462241e-05
1.6340817e-05
0.0012550179
0.0083151517
1.5961496e-05
1.6340933e-05
1.6916572e-05
1.6908488e-05
1.7032919e-05
5.1236705e-05
9.3095405e-05
7.5424197e-05
1.6734166e-05
0.0038766553
0.005871439
1.9470797e-05
1.6688001e-05
1.6415258e-05
1.6552516e-05
0.0011462196
1.5819879e-05
0.0046380369
0.0042799489
1.5844908e-05
1.6436893e-05
1.6292816e-05
0.0016216798
1.9315523e-05
0.00175295
1.5944023e-05
1.6238729e-05
1.7747338e-05
1.650493e-05
1.6783837e-05
0.0016327039
1.6215696e-05
1.5812536e-05
1.6607607e-05
1.9031064e-05
1.5847454e-05
1.7630783e-05
1.5977895e-05
1.6284932e-05
1.6305415e-05
1.6413961e-05
1.6472329e-05
1.6608393e-05
1.6658225e-05
1.6114647e-05
1.6593157e-05
0.001581089
0.0047257765
0.0043843676
0.0028126531
1.6467843e-05
1.6309343e-05
1.5787058e-05
2.3522082e-05
1.6551018e-05
1.5828425e-05
0.015572689
0.00011093969
1.611683e-05
1.5889278e-05
1.5921427e-05
0.0030154323
2.236113e-05
1.6438278e-05
1.6074377e-05
0.017306443
1.6367757e-05
0.00021628517
0.003245785
0.0011719275
1.649284e-05
1.6375901e-05
1.5932867e-05
1.5881964e-05
1.6054195e-05
1.584303e-05
0.00083868881
1.6651094e-05
0.0024767775
1.5808229e-05
1.6063073e-05
0.0012965912
0.0019991953
1.619004e-05
0.00019848795
0.0091990074
1.6384853e-05
1.668871e-05
1.6595807e-05
1.5848917e-05
7.9086855e-05
1.656215e-05
1.7710261e-05
0.0015059611
1.634101e-05
4.6230443e-05
5.5987379e-05
1.6908067e-05
1.6561026e-05
1.6685553e-05
0.0027871448
1.6240957e-05
1.6530074e-05
3.9902443e-05
1.5852353e-05
1.7431133e-05
0.0094125289
1.6834964e-05
1.6731512e-05
1.5955417e-05
1.5799751e-05
0.00026301131
0.0055633081
1.6561178e-05
1.6767415e-05
2.5271312e-05
0.00014332269
1.5819174e-05
0.00039992515
1.677906e-05
1.5905967e-05
1.6802677e-05
1.6979191e-05
0.0010932368
0.00045049843
1.9076118e-05
4.5883042e-05
1.6033905e-05
0.0016195728
1.6347757e-05
0.0029197147
1.7046354e-05
5.6583755e-05
1.6032787e-05
2.4747429e-05
0.0040281507
1.6995979e-05
0.0035812327
1.5838526e-05
0.01311638
0.0036618774
1.6039409e-05
2.4790363e-05
5.4246477e-05
1.6159312e-05
2.443805e-05
0.00013601108
0.00045497654
0.00012836359
1.6585257e-05
1.6036464e-05
0.00032439313
1.6448501e-05
2.5837659e-05
1.6611781e-05
1.6139709e-05
1.6425521e-05
1.657707e-05
0.0013582503
0.0033662472
1.5835975e-05
1.5857438e-05
1.7665185e-05
1.6294125e-05
0.00024380395
0.0030731781
1.6203999e-05
1.6049115e-05
5.575128e-05
1.713215e-05
0.0015129424
1.70163e-05
1.6257394e-05
0.0001313538
1.6343363e-05
3.025989e-05
1.6780299e-05
1.6203668e-05
0.00015132152
1.585168e-05
8.2776869e-05
0.00060669521
0.015328814
0.00018764951
1.645482e-05
1.5939077e-05
0.00082681458
1.6057932e-05
1.7033401e-05
5.3993708e-05
0.00116013
1.6544749e-05
1.6961128e-05
1.640271e-05
1.6500514e-05
1.6573008e-05
1.6452293e-05
1.6549881e-05
1.6526285e-05
0.00015113179
1.5936403e-05
1.6444672e-05
1.6243954e-05
0.0017791074
1.4561878e-05
1.5515258e-05
1.6846448e-05
0.0017380265
1.6341703e-05
1.6375737e-05
1.6074917e-05
0.0016788843
0.00010109095
0.015368439
0.003753969
1.6215084e-05
1.6279204e-05
1.6411168e-05
1.6536929e-05
1.6552604e-05
1.6547523e-05
2.4498432e-05
1.6563557e-05
0.0003035464
1.6517909e-05
1.7022763e-05
1.7029924e-05
1.6569483e-05
1.7395265e-05
1.7407029e-05
1.5961891e-05
1.6741104e-05
0.0015727004
1.6483268e-05
0.0058842602
1.637908e-05
9.7064356e-06
1.6647504e-05
1.6498694e-05
1.6122472e-05
1.6255432e-05
1.6261689e-05
1.5959343e-05
0.0001063317
1.6518115e-05
0.0016352951
1.6195524e-05
1.5901145e-05
1.6466743e-05
1.592072e-05
1.5895947e-05
1.6554492e-05
1.6382461e-05
1.6380422e-05
1.6350536e-05
1.7680262e-05
1.6425227e-05
1.6492712e-05
1.6624419e-05
1.676784e-05
1.6805754e-05
1.5785903e-05
0.0011537898
1.6270199e-05
2.6667365e-05
0.0030810337
0.0029034389
1.9961767e-05
1.8575186e-05
0.00022366938
0.0016840298
0.00024211894
0.00023654197
2.9786079e-05
0.0012276099
0.001416791
0.0014030626
1.5962552e-05
1.6015187e-05
2.6496998e-05
1.6275767e-05
6.946976e-05
0.0037280077
0.0023203437
1.5869542e-05
1.5870286e-05
1.685087e-05
1.5904061e-05
0.00012994507
1.6415305e-05
0.001644187
1.717942e-05
3.0053283e-05
1.7746845e-05
1.6652743e-05
1.8678825e-05
0.017433873
0.001641441
1.6539861e-05
0.0032117431
1.6289032e-05
1.675595e-05
1.6201337e-05
1.7787166e-05
4.3153752e-05
4.0706751e-05
3.284641e-05
1.6648293e-05
1.6504398e-05
1.6628552e-05
1.5844455e-05
1.5849825e-05
0.0047021744
1.6527607e-05
0.0014092615
0.00070032982
1.615741e-05
2.0161482e-05
1.6621527e-05
1.6084494e-05
1.722681e-05
1.6591206e-05
1.7494049e-05
1.6561663e-05
1.5849458e-05
1.5924947e-05
1.5892109e-05
1.6194563e-05
0.00025949807
1.7540385e-05
1.5952708e-05
1.5822029e-05
0.0017478213
1.6497385e-05
1.6587873e-05
0.0027932
0.0027877691
0.0011366729
1.6569217e-05
0.0010277216
0.0013008775
1.7259163e-05
1.7046785e-05
1.6567613e-05
1.7189411e-05
1.6491981e-05
1.632761e-05
2.0902117e-05
1.5892643e-05
1.6148335e-05
1.5872914e-05
1.6339009e-05
1.5837091e-05
1.5815628e-05
0.00036672902
1.6559898e-05
1.6361688e-05
1.6473599e-05
3.9346582e-05
1.6419511e-05
1.6585586e-05
2.2931383e-05
1.6380101e-05
1.6720519e-05
0.0022782588
1.6305552e-05
1.6051997e-05
1.5915087e-05
0.0018579089
1.6368016e-05
1.6672991e-05
0.013935059
1.682501e-05
1.5802131e-05
1.6769126e-05
1.6012113e-05
1.6248815e-05
1.6153503e-05
1.6932622e-05
1.5939668e-05
0.0027437026
0.016420707
1.7030897e-05
1.6488576e-05
1.7174519e-05
1.7592627e-05
1.6364385e-05
0.0017230985
0.0018653166
2.474891e-05
0.0015382196
1.6512914e-05
1.6042719e-05
1.6820726e-05
1.6447846e-05
1.6748848e-05
1.6147888e-05
1.8487923e-05
1.6564557e-05
1.6253059e-05
1.5850492e-05
1.7750893e-05
1.6868999e-05
0.0023367364
4.1960818e-05
1.7542253e-05
1.6382383e-05
1.6271817e-05
1.7188958e-05
0.0031013426
1.6225763e-05
4.1764591e-05
1.633421e-05
1.6120475e-05
0.00016174227
0.00040203359
1.5840192e-05
2.5282302e-05
1.6199573e-05
1.635155e-05
1.8177366e-05
1.5845974e-05
1.619218e-05
1.6676197e-05
0.0014892032
1.643711e-05
1.6575788e-05
0.00047288147
1.6150366e-05
0.0023264254
2.7085981e-05
1.6376953e-05
1.5998461e-05
8.6303424e-05
0.0070737223
0.0080652527
8.2694198e-05
1.6343354e-05
1.6523332e-05
1.762863e-05
1.9074736e-05
0.0004758629
1.6402076e-05
1.5949593e-05
1.7172804e-05
1.6471122e-05
1.824283e-05
1.5820335e-05
5.9796183e-05
1.6190787e-05
1.5868341e-05
1.6587013e-05
1.6123743e-05
0.0025452109
1.6850014e-05
3.3979086e-05
1.6035958e-05
7.9668549e-05
1.6043654e-05
1.6582035e-05
2.5115021e-05
1.8346734e-05
1.585487e-05
1.697856e-05
1.6887601e-05
0.010874755
1.6910113e-05
1.3205656e-05
1.6504945e-05
1.5896023e-05
0.015853941
1.6594083e-05
1.5894396e-05
1.6042119e-05
1.7017525e-05
1.5910729e-05
1.6552047e-05
1.6229362e-05
0.0060908645
1.6507602e-05
0.00061484371
0.01190441
0.00080652897
1.6467979e-05
1.7366812e-05
1.5896675e-05
1.6449323e-05
1.606673e-05
0.00032460377
0.0075206123
1.7025947e-05
0.00011280914
0.00011536461
1.6084013e-05
1.6560221e-05
1.7502497e-05
2.3747559e-05
6.4648393e-05
1.5942868e-05
1.5849502e-05
1.6435333e-05
1.6195967e-05
0.00064027807
0.00075738844
1.6195337e-05
2.5282863e-05
0.0012438672
1.627838e-05
1.665659e-05
0.00018466172
0.0022786237
0.00018783003
1.5904526e-05
1.6390689e-05
1.6340475e-05
1.6902621e-05
0.0023737736
1.6179985e-05
3.6706529e-05
8.8316371e-05
1.6642924e-05
1.6251388e-05
1.605914e-05
1.5798715e-05
1.674928e-05
2.0918457e-05
1.5888709e-05
1.673307e-05
1.5836493e-05
2.7104085e-05
1.6559839e-05
1.9263512e-05
1.6587097e-05
1.6624877e-05
3.9310636e-05
1.6197049e-05
0.00086174571
1.6288822e-05
0.00019454362
1.6589391e-05
3.4465118e-05
1.762761e-05
1.5820922e-05
1.6002928e-05
3.348883e-05
0.0010827591
0.00011504197
0.00067882502
1.8446377e-05
1.6098977e-05
0.0017743079
1.6586755e-05
2.4527647e-05
1.5839686e-05
0.0051892653
0.00026840538
0.0010300494
1.6343749e-05
0.001803526
0.001667256
1.6181724e-05
1.6587102e-05
0.0019658089
0.0027965519
2.7864115e-05
3.091649e-05
1.6312008e-05
1.6480139e-05
1.6616986e-05
0.0019827861
1.6054713e-05
1.6535563e-05
1.6034795e-05
0.0034625018
1.6668601e-05
2.5084254e-05
1.5812729e-05
1.7469386e-05
1.7168578e-05
1.6769911e-05
1.6366425e-05
1.5972958e-05
0.000147399
1.6453574e-05
2.0187867e-05
1.6376873e-05
1.7489998e-05
1.6140506e-05
1.6439861e-05
1.589156e-05
1.653269e-05
1.6537724e-05
1.6379162e-05
1.629184e-05
1.6298029e-05
1.6038672e-05
1.5830507e-05
1.6171892e-05
0.0016632884
1.6617546e-05
1.5828653e-05
1.7019172e-05
0.0023896234
0.004279346
0.0040492232
1.636644e-05
0.00085232263
1.6527587e-05
1.6386167e-05
1.6384761e-05
0.0069745228
1.6110874e-05
0.0016261105
1.5984785e-05
1.6447158e-05
0.0009965619
1.6714194e-05
2.1896517e-05
1.5841695e-05
1.688675e-05
9.2002942e-05
0.0030594745
0.0030542358
1.6392868e-05
1.9601829e-05
1.5917834e-05
6.1500379e-05
2.4880251e-05
2.0572369e-05
0.001786165
0.001337309
1.6423852e-05
1.667116e-05
0.0034870355
0.0016888848
0.011267686
0.011627383
1.5887091e-05
1.5875004e-05
0.0058200527
1.5874761e-05
1.6072376e-05
1.6155323e-05
1.6144324e-05
1.5895759e-05
1.5799051e-05
1.6876078e-05
1.7264822e-05
1.6452539e-05
1.6413851e-05
1.8855303e-05
1.5906725e-05
1.6962491e-05
0.0014459582
0.0014327235
1.7087706e-05
1.6168333e-05
1.6004667e-05
2.0951264e-05
2.3249447e-05
0.001636995
1.6751244e-05
1.713966e-05
1.6211189e-05
1.4589599e-05
1.5799016e-05
1.6130333e-05
1.6674817e-05
1.6427012e-05
1.6241201e-05
0.0016388327
1.6554309e-05
9.3654554e-05
1.5824966e-05
3.5912761e-05
7.0987656e-05
8.8276278e-05
1.667352e-05
0.0016145932
0.0016108055
0.0057110598
1.5885143e-05
0.0053872817
1.6617437e-05
1.6356207e-05
9.5672924e-05
0.0028856112
1.6413829e-05
1.586492e-05
1.6607795e-05
0.017941121
1.6218092e-05
1.679789e-05
1.5827307e-05
1.6075497e-05
9.7666381e-05
1.5848814e-05
0.016178277
0.00077419797
1.6522231e-05
0.00065204808
1.6354941e-05
1.7760842e-05
0.011777713
1.5852889e-05
1.5821323e-05
1.9706813e-05
1.5790669e-05
1.6467875e-05
0.00049143551
9.9485589e-05
1.8269487e-05
1.645241e-05
1.6474275e-05
0.00015008073
0.00010184146
5.2176557e-05
1.5786952e-05
0.00025470128
1.5794631e-05
0.00049726954
0.00043746252
0.0051304476
1.5802232e-05
1.6319228e-05
2.3687938e-05
1.6029959e-05
3.8467296e-05
1.6034448e-05
1.7419264e-05
0.00010528643
1.5811243e-05
1.5889133e-05
1.579827e-05
0.00013781138
1.9138044e-05
1.5822564e-05
1.6578529e-05
1.6752374e-05
1.7142861e-05
1.7215345e-05
0.00010804904
1.6669446e-05
1.7114673e-05
1.6080297e-05
0.0023527774
1.5803679e-05
1.5832708e-05
1.6840681e-05
1.6110731e-05
1.5910688e-05
0.0071660833
1.7188471e-05
0.0001267494
0.0021276113
1.7363308e-05
5.9294844e-05
0.0021765257
1.5974825e-05
1.6523375e-05
1.6449705e-05
1.6186025e-05
0.00012691879
2.2938918e-05
0.0037658907
1.6031834e-05
1.6286342e-05
0.010069406
1.6677182e-05
0.00011799124
1.6044509e-05
0.0017820337
1.6298214e-05
0.00014411993
0.0054873132
1.6747102e-05
1.6154082e-05
0.0015845398
0.0016859383
3.3145435e-05
1.6742776e-05
0.00013365266
0.012752777
1.6111644e-05
0.00014334101
1.9463311e-05
1.676575e-05
1.5790668e-05
1.6351408e-05
1.378605e-05
1.5951312e-05
1.6220422e-05
1.6948456e-05
1.6401246e-05
0.00014801521
1.6565624e-05
1.7246875e-05
4.1501006e-05
1.5867567e-05
1.6834696e-05
8.9790544e-05
1.6297333e-05
1.6474614e-05
1.6201473e-05
0.0017535906
0.0065280213
1.6678251e-05
0.00015547324
1.6438099e-05
1.662878e-05
1.6744689e-05
5.2188556e-05
3.3200942e-05
1.6169356e-05
0.001280118
1.6416309e-05
1.6718791e-05
1.5797356e-05
1.6121883e-05
1.5958295e-05
1.580607e-05
1.6323162e-05
1.6740873e-05
8.915893e-05
0.00021819173
0.012120943
0.010690058
1.5938065e-05
1.7045074e-05
0.010527676
1.5857735e-05
2.6657818e-05
0.0016780541
1.701033e-05
1.6212922e-05
1.6916481e-05
1.6241374e-05
2.5134091e-05
0.00076444753
1.6864884e-05
2.6149601e-05
2.2319493e-05
1.6841629e-05
1.5871824e-05
5.4286706e-05
1.6381202e-05
2.5472382e-05
4.7057044e-05
1.6543254e-05
0.0017967221
1.657658e-05
1.5007626e-05
1.7860135e-05
1.6503339e-05
1.652007e-05
0.0039968867
0.004264233
1.6508444e-05
1.667602e-05
9.237897e-06
1.688267e-05
0.002431707
1.5820479e-05
1.6923344e-05
1.6550709e-05
1.5883111e-05
1.5973977e-05
1.5804725e-05
1.6214758e-05
1.7069033e-05
1.6473202e-05
1.5842568e-05
1.5867188e-05
1.6608682e-05
1.618415e-05
1.6362843e-05
0.00013375845
1.5882446e-05
1.6593359e-05
1.6209826e-05
1.6870398e-05
0.0043675207
0.0019674743
1.624239e-05
0.006467339
1.6324458e-05
2.4887045e-05
1.6209536e-05
2.2685169e-05
1.6597339e-05
1.6070455e-05
1.6675465e-05
1.5878321e-05
1.6422843e-05
6.0059315e-05
1.6502247e-05
1.7073475e-05
0.0015128203
1.5821178e-05
1.589817e-05
1.7125725e-05
1.5905578e-05
0.0040330231
1.6691391e-05
1.9368958e-05
0.00019276283
0.0017913657
6.7923384e-05
1.4451948e-05
0.00094395741
0.00079369978
1.5977538e-05
0.00072527445
1.6117113e-05
0.0064913323
0.010015551
1.5954234e-05
0.004686223
0.0048450498
1.658502e-05
1.6327348e-05
1.6056994e-05
0.001603053
0.0013086621
1.6633875e-05
1.6194991e-05
0.011082342
1.6504471e-05
8.7669002e-05
1.6071134e-05
0.00010095393
1.6821785e-05
0.0049733065
1.6519763e-05
1.6502299e-05
1.590648e-05
1.6773529e-05
1.8987294e-05
0.00013283396
1.6064307e-05
1.6426098e-05
0.00028295721
1.6645478e-05
1.7782537e-05
1.6340724e-05
1.6728608e-05
0.0029586052
1.5893429e-05
0.0029619592
1.5876624e-05
1.6337462e-05
5.1569371e-05
3.923673e-05
1.6401901e-05
1.5940431e-05
8.691561e-05
1.5865397e-05
2.4731975e-05
1.6637781e-05
5.6034548e-05
0.0030876528
1.6647689e-05
1.8818841e-05
1.8181792e-05
0.00013932568
1.6299527e-05
1.6765657e-05
1.6223127e-05
1.5871744e-05
1.6524014e-05
1.6511267e-05
0.0001498449
1.6851858e-05
2.0138855e-05
1.6381482e-05
1.6927614e-05
1.6131006e-05
0.0020986824
1.6486332e-05
1.8861886e-05
1.6527133e-05
1.5825627e-05
1.6301778e-05
1.6123264e-05
1.6823459e-05
2.2959564e-05
1.6444273e-05
2.6549596e-05
3.2669839e-05
1.667121e-05
1.732457e-05
1.7218881e-05
0.0073504744
1.6098624e-05
1.6287287e-05
1.6932404e-05
0.015191304
1.6160075e-05
1.6536865e-05
5.9006258e-05
3.4469829e-05
1.6237378e-05
1.5909288e-05
1.5814377e-05
1.6157197e-05
1.6603849e-05
1.7231043e-05
1.5847491e-05
5.4945052e-05
2.6963479e-05
1.5918767e-05
1.6722931e-05
1.6168722e-05
1.647942e-05
1.6944262e-05
0.0093950863
6.7146994e-05
1.5975803e-05
0.0024497555
0.003347049
0.0014749372
0.001462066
1.6553631e-05
1.6719238e-05
5.3744099e-05
1.5952277e-05
1.6272178e-05
1.6221663e-05
1.9318819e-05
1.6794568e-05
5.843531e-05
1.6684984e-05
0.0003234657
1.6532587e-05
1.5799004e-05
2.0953362e-05
0.00098814679
1.6718575e-05
1.7096759e-05
1.6619328e-05
1.6449159e-05
1.5949826e-05
5.6422259e-05
1.7144365e-05
1.6595696e-05
0.001368926
1.6677725e-05
1.5810801e-05
1.6499033e-05
1.850495e-05
1.6828476e-05
5.4608232e-05
0.0016316751
1.6188793e-05
1.7236384e-05
1.6715789e-05
1.5837657e-05
1.6982273e-05
0.0016407963
1.7284937e-05
5.373594e-05
0.0016399905
1.608667e-05
3.5292821e-05
1.6361781e-05
7.8519647e-05
5.6846505e-05
1.7165946e-05
0.0019953023
1.6223882e-05
1.631253e-05
1.9953759e-05
1.6488059e-05
1.6711781e-05
1.6405897e-05
1.6051748e-05
5.5221754e-05
0.0023301052
1.7026913e-05
1.6515198e-05
0.0013707569
1.6506527e-05
1.5876264e-05
1.6322662e-05
1.6258256e-05
0.0020541147
0.0035859133
1.8060834e-05
2.2010379e-05
1.6608715e-05
3.0029654e-05
0.0090081091
1.6011238e-05
1.6371932e-05
1.5904724e-05
5.5934041e-05
0.0002886963
1.6035812e-05
1.6386375e-05
1.5856362e-05
0.00064663901
1.6234922e-05
1.5834577e-05
0.00093187625
1.671127e-05
1.5837699e-05
4.9024807e-05
1.8700082e-05
0.0027354032
0.0057013314
1.6632926e-05
0.013658994
1.6358697e-05
0.0031728064
0.00023989567
0.017495545
0.0069569744
3.7524536e-05
1.5376839e-05
1.6054788e-05
0.0024148285
1.6463984e-05
0.0012073305
1.6498408e-05
1.6451137e-05
1.6338433e-05
1.5961257e-05
1.7301856e-05
0.0039639039
1.5935383e-05
0.00022277233
0.00049372624
1.6338573e-05
0.0045477984
1.633076e-05
1.6440297e-05
1.6724281e-05
0.0040075811
0.0012534835
1.608517e-05
1.6321476e-05
0.00066219704
1.6066543e-05
1.6604503e-05
0.0018823107
0.00022929035
1.6192797e-05
1.623088e-05
0.016802092
1.657214e-05
1.6528259e-05
2.1863332e-05
2.1149992e-05
1.6050793e-05
1.6402407e-05
2.2291759e-05
1.6250062e-05
1.6641511e-05
1.6477624e-05
1.6856131e-05
0.0023170488
0.00034609651
1.6136524e-05
1.5986009e-05
1.7188734e-05
1.9461575e-05
0.0160784
0.002306054
1.6903684e-05
1.6013268e-05
0.0067916409
1.9785467e-05
1.6382411e-05
1.6751298e-05
0.00043057844
1.6314931e-05
1.6550342e-05
1.5921474e-05
1.6423748e-05
1.655821e-05
1.633526e-05
1.5794357e-05
1.6031327e-05
0.0015206963
1.6415414e-05
4.1534803e-05
1.6326998e-05
1.6928247e-05
1.6166412e-05
1.6163708e-05
0.002505981
1.6745912e-05
1.6958827e-05
1.7414817e-05
1.6675335e-05
1.6569016e-05
1.6540158e-05
1.6262357e-05
1.5920884e-05
1.5989064e-05
1.640272e-05
1.6454351e-05
1.6683223e-05
0.0028145689
1.5931211e-05
1.6996521e-05
1.6113963e-05
1.5822084e-05
1.6042207e-05
1.6216628e-05
7.9004356e-05
1.5843521e-05
1.618062e-05
1.6342844e-05
1.6410948e-05
1.62372e-05
1.5959284e-05
1.589055e-05
0.0010207059
1.6601123e-05
1.6331152e-05
1.6643406e-05
1.6663771e-05
1.5908403e-05
1.6897014e-05
2.4937863e-05
0.0016178938
1.6120954e-05
1.6186831e-05
1.9459272e-05
2.4463148e-05
1.656009e-05
1.6795797e-05
1.6462232e-05
1.6612351e-05
0.0019687236
1.6327743e-05
0.0011152753
0.00018238455
1.6935724e-05
1.5971342e-05
1.6054179e-05
1.644545e-05
1.9106951e-05
1.7003775e-05
0.0090324323
1.6124974e-05
1.6789051e-05
1.6351203e-05
0.00047379442
1.6715549e-05
1.6527232e-05
1.6380837e-05
0.0015705295
1.6068974e-05
1.6121343e-05
1.6142697e-05
1.6392114e-05
0.00453722
0.0034970303
1.8812243e-05
1.5823165e-05
1.6271863e-05
1.6304474e-05
0.001128878
1.6387935e-05
1.5980299e-05
1.6311298e-05
0.00049469996
1.6605384e-05
0.00028125681
1.5846819e-05
1.8561738e-05
1.6613379e-05
0.0011264025
1.6395298e-05
1.654942e-05
1.646873e-05
1.6342287e-05
1.588305e-05
1.5932828e-05
1.6282139e-05
2.8390035e-05
1.6181044e-05
2.7312096e-05
1.5871245e-05
1.6683322e-05
1.6112976e-05
1.7742497e-05
0.0016256448
1.6160807e-05
1.6361178e-05
0.00027553973
1.6597242e-05
1.6368774e-05
1.6517811e-05
0.00010330047
0.0013790059
1.6602159e-05
1.6607606e-05
1.5812428e-05
1.6342489e-05
1.6223992e-05
1.6072264e-05
1.5789481e-05
1.65425e-05
1.6167708e-05
1.5876753e-05
1.6276674e-05
1.6969283e-05
1.6346045e-05
1.5844025e-05
6.9727219e-05
1.6021162e-05
1.6530868e-05
1.6470789e-05
1.6428942e-05
1.5864325e-05
1.7236471e-05
1.7032703e-05
0.001899411
0.00023908419
1.6388686e-05
1.6761881e-05
0.0017936479
1.7112797e-05
0.00070724521
0.017389047
1.5942446e-05
0.00017878307
1.671164e-05
1.6654747e-05
0.0043702764
0.0015229576
1.6333872e-05
2.1157216e-05
1.5909245e-05
1.5856831e-05
1.6131065e-05
0.00014603345
1.6583733e-05
1.7555e-05
0.0014895499
0.0084080158
1.718772e-05
1.6706682e-05
1.5815142e-05
1.6788669e-05
4.0941678e-05
1.6881535e-05
0.001507682
0.001491194
0.00025887358
1.6292539e-05
1.6781214e-05
1.6273887e-05
2.4739584e-05
1.5836124e-05
0.017381593
1.6500397e-05
0.0016300682
1.5843663e-05
1.5923757e-05
1.6492094e-05
1.648629e-05
1.6609057e-05
0.0078310832
1.5899273e-05
1.5928031e-05
1.6747964e-05
1.670278e-05
1.6383475e-05
1.6438306e-05
1.5959334e-05
1.944799e-05
0.0015777693
1.588663e-05
1.6321875e-05
0.004250546
1.6630932e-05
1.638155e-05
2.2772591e-05
0.0023536259
1.6321518e-05
1.6367681e-05
1.672358e-05
1.6475697e-05
1.835487e-05
1.6564346e-05
2.0473145e-05
0.0069821318
0.00075193209
1.690752e-05
1.6883774e-05
1.6546156e-05
1.6145395e-05
2.8546809e-05
1.6732059e-05
1.674859e-05
0.00075210128
1.6327144e-05
1.5932732e-05
1.6543164e-05
0.00014696781
1.6315357e-05
3.9951942e-05
1.6781633e-05
1.6290758e-05
1.5885109e-05
1.6681127e-05
1.6328504e-05
0.0016410471
0.00074889731
1.6025108e-05
0.00019444572
1.5509874e-05
3.9047912e-05
1.597566e-05
0.0016414132
1.6017969e-05
1.6162833e-05
1.6111991e-05
1.5846538e-05
0.0030245065
1.6422363e-05
1.6817685e-05
1.5936284e-05
1.6350531e-05
1.6131779e-05
1.5833254e-05
1.5845809e-05
1.660605e-05
0.00011479552
1.6244619e-05
1.6423499e-05
6.5391519e-05
1.6476282e-05
1.6033085e-05
1.6373212e-05
1.6136633e-05
2.0726922e-05
0.011124827
2.2690087e-05
1.7343821e-05
1.5865391e-05
1.6542208e-05
1.9645141e-05
0.00016921271
1.621512e-05
0.00082605581
1.6268681e-05
1.6467216e-05
0.013714321
0.001636132
1.7439697e-05
1.6308605e-05
1.5911473e-05
0.004014943
1.591232e-05
1.6316672e-05
1.6699199e-05
1.6681605e-05
1.622088e-05
0.0039901583
1.6436327e-05
1.5834608e-05
1.7231515e-05
0.00093177289
1.622675e-05
1.5837387e-05
1.6251321e-05
1.6619243e-05
3.611876e-05
4.208188e-05
1.6211723e-05
2.7196417e-05
1.6544139e-05
1.6430099e-05
1.5927915e-05
1.5871746e-05
1.6414602e-05
1.9813035e-05
0.0010775179
1.6908955e-05
1.6916275e-05
1.6578445e-05
1.6680892e-05
1.6405046e-05
1.6495589e-05
0.0036841221
1.6452599e-05
1.7445356e-05
1.7366477e-05
0.0076185014
0.0010127434
6.4976956e-05
1.6768548e-05
0.0021494322
0.002030518
1.5947087e-05
1.6424318e-05
1.6252958e-05
1.6018753e-05
1.6591192e-05
0.00017984898
1.6567217e-05
1.7510395e-05
0.0001382003
1.6330457e-05
1.6313279e-05
1.6483903e-05
0.004932192
1.6144521e-05
1.5835821e-05
1.6222902e-05
1.6180762e-05
0.0038193638
0.0062033998
1.7803992e-05
1.7864128e-05
0.0038692109
1.6292954e-05
1.7189686e-05
0.00039345868
1.6419376e-05
1.9679642e-05
0.0019822741
1.6123604e-05
0.00012526517
1.6145213e-05
1.6068168e-05
1.6787224e-05
1.6614339e-05
1.6954776e-05
2.7115308e-05
1.589054e-05
1.6192864e-05
1.6288185e-05
0.0089072548
1.6633339e-05
1.6896891e-05
0.0015928236
1.6415984e-05
0.00015425714
1.6746593e-05
0.0003553137
1.6049095e-05
1.6782969e-05
1.6267957e-05
1.6135739e-05
0.0033539806
1.59643e-05
1.6628553e-05
1.5826634e-05
0.0036515456
1.6688135e-05
1.6549728e-05
1.6353336e-05
1.5833307e-05
0.014208279
1.5857025e-05
1.675669e-05
1.6367203e-05
1.6904523e-05
1.6121562e-05
1.676001e-05
0.017280212
0.0015674492
1.6294254e-05
1.6249247e-05
0.0060441173
1.6685421e-05
2.3861409e-05
2.1556577e-05
1.682022e-05
1.6221043e-05
1.5816049e-05
1.6707384e-05
1.9918986e-05
1.5855115e-05
0.0025527432
1.6284154e-05
1.3926243e-05
1.6847954e-05
1.6615346e-05
0.0027086537
0.017372263
0.014341896
1.5929381e-05
1.9212216e-05
1.60404e-05
1.9341512e-05
1.6687755e-05
1.9370702e-05
0.00070299779
1.5863113e-05
1.5830018e-05
1.5295317e-05
1.9026282e-05
0.0062981281
1.6430415e-05
3.7211271e-05
1.6162794e-05
1.6415682e-05
1.6440297e-05
1.5963833e-05
1.8683963e-05
3.2755326e-05
1.5857969e-05
1.856885e-05
1.6605917e-05
1.5815758e-05
1.5909189e-05
0.00011949656
0.0022260698
1.663072e-05
1.6372498e-05
0.0023401264
1.8609136e-05
1.6446835e-05
1.6447046e-05
1.6886129e-05
1.6198989e-05
2.2242136e-05
1.676046e-05
1.6566168e-05
1.7397204e-05
1.6153172e-05
1.6872194e-05
1.6617399e-05
1.6410843e-05
1.6804811e-05
2.0310519e-05
0.0064167483
0.0011376967
0.0011363067
1.6443383e-05
0.0021997749
1.6229378e-05
1.5814062e-05
1.7077481e-05
1.669904e-05
1.6483218e-05
1.638741e-05
1.6303903e-05
1.6173653e-05
0.0031105429
1.665099e-05
1.6212822e-05
0.0003220878
0.0023763551
3.8679141e-05
5.3624949e-05
1.6205283e-05
1.6573031e-05
0.002368958
1.6574351e-05
1.652321e-05
3.512164e-05
1.6347488e-05
1.6049651e-05
0.00012814649
0.0015732697
1.6461986e-05
1.6596296e-05
1.623207e-05
1.663087e-05
1.7326163e-05
0.0029576169
1.5966274e-05
9.9637017e-05
1.669908e-05
1.5944224e-05
0.00036619103
1.6890723e-05
1.6522845e-05
0.0019795839
1.6459342e-05
1.5869911e-05
1.6564685e-05
1.669033e-05
1.6768631e-05
2.2410964e-05
1.7233676e-05
1.5900865e-05
1.7075734e-05
1.6509881e-05
0.0016360623
1.6299983e-05
0.0078501815
1.6264838e-05
1.6256631e-05
1.6512593e-05
1.6410609e-05
0.0016285145
1.641133e-05
0.00042984534
1.9688822e-05
1.6698035e-05
1.6434989e-05
1.585616e-05
0.0017111776
0.0048580663
0.00055205995
0.0078453429
1.5815106e-05
1.5814639e-05
1.610311e-05
0.0083655437
1.643132e-05
1.6672841e-05
1.7002956e-05
1.6107011e-05
1.696272e-05
9.0065286e-05
1.5897602e-05
0.011831247
1.6269756e-05
0.00031044533
1.6235227e-05
1.5926844e-05
1.6260053e-05
1.6347361e-05
0.0015347618
0.0015257188
1.5869086e-05
1.6146877e-05
1.708664e-05
0.00037890004
0.0012775837
1.6417557e-05
1.580714e-05
1.6466219e-05
3.8794658e-05
1.6295384e-05
1.7005755e-05
0.00024620785
1.5865092e-05
1.6695769e-05
1.6519953e-05
1.6210135e-05
1.6641404e-05
1.6890685e-05
0.0023321658
1.727941e-05
1.7676994e-05
1.5927187e-05
0.0023640093
0.012181921
1.6968727e-05
1.5947764e-05
1.6681655e-05
1.6745518e-05
1.6451768e-05
1.5893095e-05
1.5853322e-05
1.6253278e-05
1.6034067e-05
1.6018371e-05
1.6367352e-05
1.6603339e-05
1.744401e-05
1.6361042e-05
1.6357303e-05
1.6157266e-05
1.614428e-05
1.6881561e-05
1.6511072e-05
1.6173012e-05
1.5829998e-05
1.5865303e-05
1.6667918e-05
1.6508084e-05
1.624577e-05
1.6243533e-05
1.5896361e-05
1.6863641e-05
1.6042843e-05
0.00048720601
1.5938515e-05
1.9103143e-05
2.2356402e-05
1.6087616e-05
1.6320796e-05
1.6193244e-05
2.1643242e-05
1.69135e-05
1.5822417e-05
0.0037775712
1.961117e-05
0.010311748
1.6490536e-05
0.0029233436
1.6685222e-05
1.6009372e-05
2.567902e-05
1.6448356e-05
1.8012388e-05
1.6593893e-05
1.644145e-05
1.6996104e-05
1.591164e-05
1.6078057e-05
1.6733432e-05
1.6319998e-05
1.6629023e-05
1.5797854e-05
0.0077050548
1.5841237e-05
1.6347323e-05
1.6459794e-05
1.6587403e-05
1.6406949e-05
2.3685934e-05
1.6235486e-05
1.6332632e-05
0.00064577819
1.6439878e-05
1.6552842e-05
1.5891088e-05
1.6545245e-05
1.6119162e-05
0.0030619543
1.6235754e-05
1.6389621e-05
1.6209171e-05
1.6630412e-05
9.3327561e-05
1.6005343e-05
1.6162172e-05
1.6432526e-05
1.6234733e-05
1.5905239e-05
1.6238266e-05
1.6670869e-05
0.00022103476
0.0016335652
1.633954e-05
1.6077581e-05
2.2971549e-05
2.2400783e-05
1.6390313e-05
0.00022779015
1.6490377e-05
0.010083361
1.6337185e-05
1.6429727e-05
1.5976342e-05
1.6198565e-05
1.5849524e-05
1.6464992e-05
0.0023141058
0.0023132567
1.6338149e-05
1.6124809e-05
0.0012681269
1.6633278e-05
0.0031766648
1.6226278e-05
1.5859041e-05
0.0028311688
1.6962547e-05
1.9643836e-05
1.5800335e-05
1.6188707e-05
1.6825273e-05
0.00042089883
0.00043870724
3.1997323e-05
1.5936094e-05
1.6446736e-05
1.6571579e-05
1.8506792e-05
1.5931003e-05
0.00067206878
1.6560198e-05
0.0012028341
1.6396507e-05
0.00012328514
1.6108556e-05
1.5974359e-05
1.642501e-05
1.6678082e-05
1.640565e-05
0.0001333077
1.6424702e-05
1.6476729e-05
1.8188486e-05
1.696012e-05
1.6897173e-05
1.6588741e-05
0.0025637188
1.7258334e-05
1.6613104e-05
1.6032388e-05
1.6172329e-05
1.6095003e-05
0.00104936
1.5979373e-05
0.0021428479
0.0069959451
1.5843784e-05
1.6321011e-05
0.0019147169
0.00035136653
1.667369e-05
1.6802378e-05
1.6661612e-05
1.6560281e-05
1.6204427e-05
1.603051e-05
1.6244289e-05
0.0013580778
1.6466007e-05
0.0056848087
1.6564644e-05
1.6590483e-05
1.6483809e-05
1.5932807e-05
1.6336857e-05
1.585734e-05
0.0024763836
1.8535565e-05
1.655738e-05
1.6668032e-05
1.6745616e-05
1.5863717e-05
0.00012623585
1.6501318e-05
0.0031209489
1.6052283e-05
0.00019126252
1.6156923e-05
1.6226579e-05
1.6384377e-05
1.6461655e-05
1.6624453e-05
1.700407e-05
1.6431847e-05
1.6462076e-05
1.8798346e-05
1.5871413e-05
7.727574e-05
1.9535529e-05
1.6047884e-05
2.7762491e-05
1.6522855e-05
0.0015499375
0.0015607914
1.659455e-05
0.001884127
1.6511323e-05
0.0023719012
1.666153e-05
1.6519097e-05
3.5539551e-05
1.4703117e-05
1.5866431e-05
1.6199096e-05
1.6373879e-05
1.6570423e-05
1.6639443e-05
1.7648766e-05
1.6234554e-05
1.6615299e-05
1.649436e-05
1.8626782e-05
1.5985265e-05
1.6456898e-05
0.0051301228
0.0016406422
1.6639205e-05
1.6028618e-05
1.6393058e-05
0.012878701
0.0013816335
1.6067498e-05
0.00019983808
1.5853978e-05
0.0014525414
1.6435811e-05
1.6464205e-05
1.6162001e-05
0.00018375439
1.6544529e-05
1.7024907e-05
1.6873472e-05
1.6000576e-05
1.6655309e-05
2.0204202e-05
1.6679306e-05
1.5799166e-05
0.00025086426
1.6245171e-05
0.0013321274
1.6518867e-05
1.6413859e-05
1.6540065e-05
1.6725229e-05
1.5934503e-05
1.6529554e-05
1.7419066e-05
0.00041522113
1.6455405e-05
1.6783507e-05
1.657035e-05
0.0073290944
1.622195e-05
1.6405388e-05
1.6393262e-05
1.6321898e-05
1.6634427e-05
1.6255165e-05
0.0092234099
7.8660941e-05
1.6427632e-05
0.00011531562
1.6189742e-05
1.6610709e-05
0.00088605945
1.5899608e-05
0.0010285719
1.6164179e-05
5.5546609e-05
1.6150637e-05
1.616696e-05
1.6471918e-05
1.5805638e-05
0.0024819408
1.6062431e-05
0.0024273211
0.00051973087
1.5838334e-05
0.00053092659
1.6486406e-05
1.5900568e-05
1.727826e-05
1.6269379e-05
0.00026285769
1.7473691e-05
1.6452033e-05
1.5923741e-05
1.6071307e-05
1.666151e-05
5.2486894e-05
0.0019352704
2.2188945e-05
1.585196e-05
0.0022683981
0.0022971662
1.6055611e-05
1.5838608e-05
1.6181591e-05
1.6303498e-05
1.6339308e-05
0.00075836166
2.0441324e-05
1.6095781e-05
1.636449e-05
0.0021942209
1.6366254e-05
0.0010381769
1.5941029e-05
1.6349758e-05
0.001508586
1.6056128e-05
1.6661384e-05
0.0016342414
1.6215997e-05
1.5913969e-05
0.0018592684
1.7076164e-05
1.662478e-05
1.6388983e-05
0.0016321869
1.7301627e-05
1.6644603e-05
0.00094600828
6.767652e-05
1.6440577e-05
0.0055792416
1.6601381e-05
1.6844775e-05
1.6825832e-05
0.00034750062
1.6676253e-05
1.6354273e-05
1.6269297e-05
1.5840361e-05
1.638432e-05
1.6232516e-05
8.2666426e-05
0.0024576683
0.0023737748
1.5867971e-05
1.6092403e-05
1.6574524e-05
2.6211955e-05
1.6248569e-05
1.6648803e-05
0.0030882161
1.6893248e-05
2.1498806e-05
1.5842109e-05
1.5832467e-05
1.5941414e-05
2.1145269e-05
1.640883e-05
1.6345887e-05
1.6691275e-05
1.5798901e-05
1.6334302e-05
1.63062e-05
1.6526558e-05
1.632241e-05
1.6210256e-05
1.6335365e-05
0.00096842604
5.0446504e-05
0.0020419325
1.7032087e-05
2.7643293e-05
1.5864642e-05
1.8247034e-05
1.6583222e-05
1.6643775e-05
0.0045415577
0.00011537102
1.6879376e-05
1.6502288e-05
0.0011794746
1.63719e-05
0.0020106151
1.6576067e-05
1.6708476e-05
1.6037342e-05
0.017545137
1.6754718e-05
0.001691471
1.7416411e-05
1.6561845e-05
1.617361e-05
1.6216712e-05
1.6276184e-05
1.6733874e-05
1.8343639e-05
1.6397115e-05
0.0016358247
0.0016406373
1.5920008e-05
1.6572532e-05
1.5961216e-05
4.7926224e-05
5.3940919e-05
0.00011834821
1.632538e-05
1.6511625e-05
1.6367862e-05
1.6240108e-05
1.6492715e-05
1.5809294e-05
1.6650503e-05
1.6162632e-05
2.0208775e-05
1.6672587e-05
0.00022847069
1.652592e-05
2.1198679e-05
1.6276409e-05
1.7084496e-05
1.6357793e-05
0.001549196
7.1454232e-05
1.5977998e-05
1.5858193e-05
1.5959894e-05
0.0046617234
1.6445431e-05
1.672387e-05
1.6965776e-05
0.00087924573
0.00017452284
1.6031305e-05
0.013514454
2.2296163e-05
1.685298e-05
5.6213025e-05
1.8800357e-05
1.6418189e-05
1.5869293e-05
8.1464307e-05
3.0098175e-05
1.5925045e-05
1.6525742e-05
0.00029071765
0.0024213624
1.6063059e-05
0.0032121782
1.5671689e-05
0.0015277699
1.6668908e-05
1.6438295e-05
1.6258321e-05
0.0050820893
1.6215754e-05
1.5982323e-05
1.7146923e-05
1.6589634e-05
1.4783802e-05
1.6314203e-05
1.6238005e-05
1.6404254e-05
1.693461e-05
1.6545898e-05
0.00100755
1.6495604e-05
0.0015865769
0.0015715066
1.6298344e-05
1.6649152e-05
1.7757894e-05
1.5879212e-05
1.6862823e-05
1.6270495e-05
1.6510066e-05
0.00018931773
1.6388874e-05
1.7404016e-05
1.5872617e-05
1.7413113e-05
0.00083182643
0.016757809
1.737516e-05
1.6540687e-05
1.6104902e-05
1.6385248e-05
0.0060538879
1.6180562e-05
1.6385017e-05
1.5843666e-05
0.0011535637
0.00017710246
1.6084275e-05
0.0014090573
1.6500625e-05
1.6534106e-05
1.6626226e-05
1.6171718e-05
1.6631222e-05
0.0027735896
1.6269978e-05
1.5933436e-05
1.9660368e-05
1.6555418e-05
1.58731e-05
0.00053932804
1.5876775e-05
1.6361779e-05
1.7864414e-05
1.6577334e-05
1.6574496e-05
1.611815e-05
6.0029698e-05
1.6492427e-05
1.6305563e-05
1.6130724e-05
2.3273171e-05
0.013267983
3.1747298e-05
0.0016251043
1.6793847e-05
1.613447e-05
0.0014872155
0.00083987466
1.5840653e-05
1.644669e-05
1.6387483e-05
1.5786134e-05
1.6683756e-05
1.8415731e-05
1.6281707e-05
1.6588154e-05
0.00017039737
1.5789218e-05
1.7029906e-05
1.6352114e-05
1.5890466e-05
0.00068144254
1.6476413e-05
1.6264712e-05
1.6160638e-05
1.5879013e-05
1.656384e-05
1.5928158e-05
1.6338696e-05
1.6420837e-05
1.6572317e-05
1.5846588e-05
1.5914905e-05
1.6672056e-05
1.6685131e-05
1.6820865e-05
1.7248152e-05
1.6700712e-05
0.00027769311
1.6143453e-05
1.6270169e-05
1.678941e-05
0.0097842264
1.631051e-05
0.0012307333
0.00680656
1.6648134e-05
1.6499674e-05
1.5815547e-05
0.001296628
0.0025541822
0.00028207915
1.6095401e-05
3.9699918e-05
1.6660685e-05
1.6606419e-05
1.6424192e-05
1.5816132e-05
0.0059223226
1.6483459e-05
1.700797e-05
0.0044743903
1.5910854e-05
0.010230908
1.6256945e-05
0.010944633
0.00031758707
1.5916103e-05
1.5785543e-05
1.6070793e-05
1.5795644e-05
2.7586826e-05
0.00052419225
0.0025124764
1.7255851e-05
1.6310366e-05
0.0051771058
0.0007606345
0.0014055706
9.4938809e-05
1.6287044e-05
1.5858831e-05
0.0029860086
1.6191728e-05
1.5994671e-05
1.6535521e-05
1.6025609e-05
1.5906928e-05
0.0022797468
1.6426755e-05
0.00327008
1.6689559e-05
0.0022200591
1.6365404e-05
1.3695631e-05
0.0031943525
0.0023348894
0.00022605713
1.6793921e-05
0.0016222577
1.6165254e-05
1.6263694e-05
1.6360732e-05
1.634424e-05
1.5894755e-05
1.6006009e-05
1.6675125e-05
1.7363078e-05
1.8905461e-05
0.006226559
1.6538005e-05
2.0345451e-05
2.8109255e-05
1.5856438e-05
3.8395525e-05
1.6475619e-05
1.9308033e-05
1.6178048e-05
1.6279161e-05
2.2362335e-05
1.7118841e-05
1.9664895e-05
0.0017134537
1.6676041e-05
1.6259348e-05
2.9083682e-05
0.00014606916
1.6638479e-05
1.6075444e-05
2.8505163e-05
1.6449004e-05
0.0014060274
1.6425723e-05
0.00077457244
4.9343761e-05
1.6164382e-05
1.5935595e-05
0.0024847439
1.5863537e-05
1.5673946e-05
1.5825943e-05
1.7442824e-05
0.0018363689
0.0019275004
0.00040266951
1.6355974e-05
1.5803011e-05
1.658659e-05
0.005935398
1.6250054e-05
1.6411259e-05
0.012443924
1.6926799e-05
1.6501791e-05
1.6127402e-05
2.1845798e-05
1.6659783e-05
1.6092733e-05
1.6270103e-05
0.001331132
1.7044685e-05
1.6945402e-05
1.6518886e-05
1.5811766e-05
1.6261772e-05
1.5874838e-05
1.5921293e-05
0.0024076939
1.6835998e-05
1.6432544e-05
1.6393378e-05
0.0041701822
1.6103653e-05
1.6455747e-05
2.2368079e-05
1.6635997e-05
1.5809109e-05
0.002849905
0.00097617919
0.00022912168
0.00012914715
2.5523637e-05
1.6519603e-05
0.0016567966
1.5813897e-05
1.6249632e-05
0.0028230717
0.0093843584
1.6287752e-05
1.6666332e-05
1.6283368e-05
3.3129174e-05
0.00083721086
0.001243646
1.639621e-05
0.0016635163
1.6205069e-05
1.6575927e-05
1.610982e-05
1.6261948e-05
1.656262e-05
1.6489824e-05
1.6319833e-05
0.0014164979
1.592456e-05
1.6180239e-05
1.6670495e-05
0.00014649802
1.581572e-05
1.6982297e-05
0.0016188494
1.6101954e-05
1.6789648e-05
0.0073680382
0.00024016723
1.6887463e-05
1.6869586e-05
1.6379841e-05
1.661308e-05
1.5803838e-05
0.0015348663
1.5883075e-05
1.5881295e-05
1.7563074e-05
1.6597002e-05
1.5871095e-05
1.5856582e-05
0.0024337202
1.6253973e-05
1.5945815e-05
1.6128624e-05
1.6869879e-05
1.6252093e-05
0.0031212117
1.6228851e-05
1.7097624e-05
1.6339207e-05
1.588903e-05
1.6550667e-05
1.6286592e-05
1.6418507e-05
1.6237539e-05
1.6250613e-05
1.6076395e-05
1.6559638e-05
0.0074511004
0.00028471438
0.0029296827
0.0098929087
0.0016342171
0.0016171832
0.00026955859
1.5890309e-05
0.0013349367
1.6071261e-05
1.6179276e-05
1.6589346e-05
1.6685358e-05
1.7430049e-05
2.1890172e-05
1.6713306e-05
1.628136e-05
1.7214273e-05
1.4837116e-05
1.666669e-05
1.6366583e-05
0.00013429132
1.6347573e-05
0.00066265701
1.6148089e-05
0.0002638589
1.6257843e-05
0.0052334264
1.6457408e-05
1.9815191e-05
0.0010614288
1.606054e-05
1.610634e-05
5.4951397e-05
1.6653525e-05
0.0014931089
1.6213974e-05
1.703044e-05
1.6812187e-05
1.6260114e-05
1.6702014e-05
0.0038981525
1.685086e-05
1.7512907e-05
0.00071229848
1.6782559e-05
1.5821374e-05
2.9517741e-05
1.5845541e-05
0.0013482305
2.5088565e-05
1.616062e-05
0.0016259654
1.5824661e-05
1.6399633e-05
1.6312264e-05
0.00032657788
1.6568297e-05
1.6002058e-05
0.00026177592
0.0012206828
1.6666964e-05
1.6686875e-05
3.5561476e-05
3.220005e-05
1.6136243e-05
1.7048048e-05
1.6149889e-05
1.5914865e-05
1.5876943e-05
1.6709382e-05
0.0012547434
0.00013409182
0.016333844
1.5989994e-05
1.7727038e-05
1.6113785e-05
0.00097515965
1.5998328e-05
1.5946394e-05
1.5869863e-05
1.5834652e-05
1.6004177e-05
3.5321176e-05
0.00032573434
0.003007569
1.6442497e-05
1.6192546e-05
1.60575e-05
1.6421718e-05
1.6114479e-05
1.6158938e-05
1.7122889e-05
1.6462176e-05
1.6749563e-05
0.00092007931
0.0016548894
0.00092189819
0.00036351609
0.00016296512
1.5835921e-05
1.5896171e-05
0.00087962786
1.7033415e-05
0.00010022057
0.0034738998
2.2628326e-05
1.5855375e-05
0.0012468881
1.5950291e-05
1.5887473e-05
1.5854815e-05
0.017546603
1.6653836e-05
1.6067283e-05
0.00023837099
1.6086269e-05
1.5903716e-05
0.0030449845
0.0030442203
1.6104705e-05
1.8908098e-05
1.7405048e-05
1.6157421e-05
1.7958094e-05
1.6001147e-05
1.6233677e-05
1.8328638e-05
1.6474565e-05
1.6634442e-05
3.2530528e-05
1.6404533e-05
1.9208395e-05
1.5942774e-05
1.6144582e-05
1.5973227e-05
0.0052763704
0.00012132071
0.0048663706
0.0022239969
1.6333164e-05
0.0012178352
5.4689855e-05
1.584216e-05
8.5436777e-06
0.00066174728
2.8405507e-05
4.3895162e-05
1.5925998e-05
1.6097163e-05
1.7152576e-05
0.0016571569
1.6506275e-05
1.5830077e-05
1.6261836e-05
2.0436613e-05
1.7499761e-05
1.6403075e-05
1.6275151e-05
1.5806442e-05
0.0030907785
1.7331057e-05
1.5801741e-05
0.0016640521
0.0020722015
1.5915385e-05
1.663243e-05
0.00034456538
1.6237877e-05
0.0001446773
1.7048652e-05
1.7027994e-05
1.6622502e-05
1.623049e-05
2.0801908e-05
1.686931e-05
1.5896981e-05
1.6423564e-05
1.6404814e-05
2.0019613e-05
1.7786337e-05
0.00027065333
1.6215927e-05
1.5793859e-05
1.6210016e-05
3.4967222e-05
1.6932794e-05
1.6591915e-05
1.5935475e-05
0.0043910042
1.6207247e-05
1.5845557e-05
1.6859079e-05
1.585832e-05
1.6767059e-05
1.6322508e-05
1.6549722e-05
0.003593387
1.7096105e-05
0.0020016892
3.1848174e-05
1.62969e-05
1.5865935e-05
1.5863096e-05
0.001040089
1.7237135e-05
1.6403795e-05
0.00055991139
1.9253219e-05
1.6270323e-05
0.00026205774
1.6340134e-05
5.7262921e-05
1.5888658e-05
1.6672343e-05
1.6256606e-05
0.0041852427
1.6059523e-05
0.0045056892
1.7766704e-05
1.6416432e-05
1.6098541e-05
1.6788729e-05
1.6110719e-05
1.6512385e-05
1.6868163e-05
1.6504974e-05
0.0014275174
1.6166187e-05
1.6334155e-05
4.8989593e-05
0.0042027197
1.6664489e-05
0.0024691515
0.0022950938
1.597684e-05
1.6450177e-05
0.014866444
1.5798087e-05
1.5887273e-05
1.5880023e-05
0.0072498508
1.5796117e-05
1.6468429e-05
0.0029637787
1.6414117e-05
0.0012918974
0.0016392966
0.0093382968
1.5976072e-05
1.601658e-05
1.587622e-05
1.6334702e-05
1.5860016e-05
1.6310481e-05
1.6002364e-05
1.672024e-05
1.5892614e-05
1.5891805e-05
1.6836851e-05
0.00032508606
1.6415073e-05
0.00023450864
1.586354e-05
0.00026219073
0.00038958203
0.011977555
1.6427555e-05
1.6383358e-05
1.6157461e-05
3.284064e-05
1.6338898e-05
2.5445417e-05
1.6282803e-05
1.3670984e-05
1.6655801e-05
7.2255097e-05
1.630003e-05
1.4915463e-05
1.5882088e-05
1.5908939e-05
1.5845626e-05
0.010871166
1.6394956e-05
1.5895429e-05
1.6034376e-05
1.6122304e-05
1.5939086e-05
5.9183674e-05
1.6371344e-05
1.5854823e-05
1.6183243e-05
0.0022256116
0.0025587017
1.6241395e-05
1.5924478e-05
0.0025508445
1.6292903e-05
0.0045364744
1.6987814e-05
1.4833679e-05
1.5835074e-05
0.00024016034
1.7073585e-05
1.6170439e-05
0.0023930985
1.6321097e-05
0.0012832177
1.6462781e-05
1.6741044e-05
0.0010839621
1.6495587e-05
0.0013482381
1.5895466e-05
1.6885511e-05
1.5850653e-05
4.4579427e-05
1.6559836e-05
0.00028455663
0.00032868127
1.6496511e-05
0.00034218798
1.6131518e-05
1.6541178e-05
7.4384788e-05
1.5896634e-05
0.0036611027
1.649457e-05
1.5837922e-05
1.6069969e-05
1.5952333e-05
1.5931314e-05
1.6950314e-05
0.0015958973
0.0033424482
0.001328531
1.6306185e-05
1.6252823e-05
1.6698697e-05
1.5981221e-05
1.635195e-05
1.6432578e-05
1.634678e-05
0.00018070921
3.8490233e-05
1.6543116e-05
1.7103465e-05
1.6073209e-05
1.5795239e-05
1.6601058e-05
0.00089196095
1.6403623e-05
2.9795141e-05
0.0089971475
1.6048381e-05
1.6030506e-05
1.6231064e-05
1.6493199e-05
1.5888551e-05
1.5912994e-05
0.017090716
1.6666909e-05
0.0012315772
1.6482056e-05
1.7180501e-05
3.8110084e-05
1.6018043e-05
1.6111185e-05
1.6412618e-05
1.638247e-05
0.0019177715
1.589244e-05
2.4093159e-05
2.9473101e-05
0.0086935812
1.657619e-05
0.00011142461
1.642183e-05
1.649226e-05
1.5942771e-05
1.7453364e-05
1.7474919e-05
1.6860213e-05
1.6361885e-05
1.6691216e-05
1.5896036e-05
1.6309788e-05
3.834743e-05
1.6560496e-05
1.657555e-05
1.583729e-05
0.017490498
1.6353669e-05
1.5879362e-05
0.00018814314
1.7394775e-05
1.6362466e-05
1.5975471e-05
1.6430109e-05
1.6344181e-05
1.6566182e-05
0.0019159694
2.5007691e-05
1.6348261e-05
1.6008088e-05
0.0013149937
0.002818814
1.7103183e-05
1.6596286e-05
1.6375329e-05
1.5871061e-05
1.6117042e-05
0.00169539
1.6812976e-05
1.6477406e-05
1.633458e-05
0.0036324348
1.666554e-05
8.6472702e-05
0.00017901091
1.6373955e-05
1.6561954e-05
2.2408562e-05
1.5943724e-05
1.6204824e-05
1.5806954e-05
1.6612783e-05
1.6250612e-05
1.6090367e-05
1.6325307e-05
1.6683144e-05
1.6462581e-05
1.6267208e-05
1.6122322e-05
0.0011089427
1.5932164e-05
1.6678792e-05
0.0011519181
1.5961762e-05
0.0022823344
1.6298911e-05
1.5842289e-05
7.4350042e-05
0.00078308865
1.5874754e-05
1.6449462e-05
1.6646593e-05
1.6849526e-05
1.6525084e-05
0.0028964716
1.5871214e-05
1.6244704e-05
1.6194284e-05
1.5822501e-05
1.6278439e-05
1.6275982e-05
1.614548e-05
1.6686091e-05
1.6514435e-05
1.6440422e-05
1.6292613e-05
1.5891035e-05
1.588378e-05
1.6998954e-05
2.1300939e-05
1.6498843e-05
2.922509e-05
1.5801406e-05
1.6667218e-05
1.6175064e-05
1.6314735e-05
1.772386e-05
1.5827832e-05
1.9355876e-05
1.6306375e-05
0.00068990253
1.6274574e-05
1.8373029e-05
0.0016333577
1.6511278e-05
0.00091139781
1.6461708e-05
1.6365778e-05
1.6018774e-05
0.00062413352
1.6903922e-05
0.0012959132
1.6748939e-05
0.00061063726
5.1361546e-05
1.5851083e-05
0.0016212445
1.633845e-05
1.5870667e-05
3.0270897e-05
1.592814e-05
0.0021510502
2.9775848e-05
2.8277212e-05
1.6128573e-05
0.0061732017
1.6202556e-05
1.6526415e-05
0.0016514037
0.0016584137
1.6692955e-05
1.6076101e-05
1.6675437e-05
0.0055731504
0.0055144332
1.5894905e-05
1.6455328e-05
0.00019695454
1.6004074e-05
1.5796642e-05
1.5837019e-05
1.5902037e-05
1.6306968e-05
1.6118707e-05
0.00051090671
1.5990464e-05
0.0046288386
1.645792e-05
1.6312109e-05
1.5821845e-05
0.0024100419
1.6569385e-05
1.640748e-05
1.6234323e-05
1.6472753e-05
2.9691705e-05
0.0016700362
0.015885651
1.6521954e-05
5.4350721e-05
1.6003089e-05
1.6406352e-05
1.6342326e-05
1.6537338e-05
1.8799555e-05
1.6640537e-05
1.8453625e-05
1.5784231e-05
1.6695718e-05
0.0011704338
1.6302101e-05
1.6696359e-05
1.80931e-05
1.7030814e-05
1.6253704e-05
1.6960983e-05
1.6013158e-05
1.5939826e-05
1.6724238e-05
1.6261991e-05
0.00017075809
1.6353742e-05
1.6472624e-05
1.6301484e-05
0.0065176988
1.6328201e-05
1.6758156e-05
1.6629064e-05
1.6374203e-05
1.5863179e-05
1.6508506e-05
1.6460535e-05
1.6086545e-05
1.6020331e-05
1.6749878e-05
1.5886709e-05
1.5806044e-05
0.016104413
1.8080072e-05
1.6421584e-05
1.6275477e-05
1.6531545e-05
2.8568467e-05
1.6322767e-05
1.6472563e-05
0.00051726721
0.0024380532
1.6568958e-05
1.6500084e-05
1.6520768e-05
0.0014449099
1.5863508e-05
1.5939945e-05
1.5874559e-05
1.5962681e-05
2.1228964e-05
3.2848862e-05
0.0014602724
1.6007701e-05
1.6474883e-05
1.6379397e-05
1.6268508e-05
1.66269e-05
1.6973566e-05
1.5900231e-05
0.0033246574
1.5792329e-05
2.042167e-05
0.0042367868
0.0027132261
0.0029407155
0.0029396959
1.610268e-05
1.5848028e-05
1.6499142e-05
0.00010849567
1.6494936e-05
1.5883013e-05
9.0278815e-05
1.579916e-05
1.590156e-05
1.6719904e-05
1.6768328e-05
1.5865805e-05
1.6631197e-05
1.5862608e-05
0.00098424495
1.7462902e-05
1.647999e-05
2.339277e-05
1.6855855e-05
1.7179123e-05
1.6701176e-05
1.6264666e-05
0.00022857831
0.00011072144
0.0048760009
1.6556325e-05
3.3306709e-05
3.8077775e-05
1.5911928e-05
0.00032308659
0.0037587061
1.6221424e-05
1.6516594e-05
0.0047545914
1.5814642e-05
1.5827965e-05
1.634325e-05
0.0015789836
1.6034485e-05
1.695126e-05
1.8418464e-05
1.649046e-05
2.4549688e-05
1.6364016e-05
1.5976123e-05
1.6632547e-05
0.014146373
1.6245088e-05
1.659931e-05
1.645364e-05
1.5698789e-05
0.003525496
1.7776843e-05
1.5870058e-05
1.7020698e-05
1.6096452e-05
1.6758347e-05
1.6360853e-05
1.6550232e-05
4.0000592e-05
0.00040194841
0.0013553063
1.6311564e-05
1.5988158e-05
1.7798666e-05
1.6392017e-05
1.635957e-05
1.5852273e-05
4.8844215e-05
1.6240183e-05
0.010084209
1.5897851e-05
0.0048156363
1.6432044e-05
1.596771e-05
6.9225879e-05
1.582857e-05
1.6298783e-05
1.6844147e-05
1.6467035e-05
1.6623324e-05
0.00013543343
0.00010089912
1.6347541e-05
1.6065649e-05
1.6291582e-05
2.2665611e-05
0.0022584768
0.0004231385
1.6499295e-05
0.017620962
0.0010487317
0.00036257117
1.6233446e-05
0.0018003876
1.6410078e-05
1.6336138e-05
1.6741232e-05
0.0016307655
1.7409006e-05
1.6566122e-05
1.6305101e-05
5.3929839e-05
0.0001014733
0.00013156015
0.00012104243
0.0035144784
1.6305026e-05
1.6462545e-05
1.582799e-05
1.6401437e-05
1.6068346e-05
1.6707381e-05
1.5568478e-05
0.00035955813
1.6599892e-05
0.002475536
1.6619633e-05
4.6928409e-05
1.6814852e-05
1.688342e-05
0.0011457594
0.00077952115
0.0028992686
0.0003575707
0.00051921105
1.589871e-05
1.6115394e-05
0.0020025479
1.6147215e-05
1.588878e-05
1.6254903e-05
0.014152749
1.6774895e-05
1.5808619e-05
1.6773925e-05
1.6027979e-05
1.6972316e-05
1.6616447e-05
2.100381e-05
1.5815521e-05
1.6787675e-05
1.7030482e-05
1.5906841e-05
1.6324109e-05
0.010175893
0.00022174138
1.6317676e-05
6.3711605e-05
1.7005274e-05
0.00012503659
0.00020861756
3.4931352e-05
0.00026132093
0.00015423048
0.0013978368
1.6707992e-05
0.0042177766
2.7609928e-05
2.268531e-05
1.5864666e-05
0.001344387
1.6550601e-05
0.00033787541
1.6586286e-05
1.6405757e-05
1.6418252e-05
0.0016762301
1.5869853e-05
0.00073776285
1.734834e-05
1.6149609e-05
3.0060839e-05
1.6408018e-05
1.6759978e-05
1.6254482e-05
2.43351e-05
2.5457386e-05
0.00047574296
1.680656e-05
1.6778262e-05
3.8890033e-05
6.018959e-05
1.6625869e-05
6.5038894e-05
0.0016542579
1.6463053e-05
0.00017692023
0.012609136
0.00045775792
0.0004052581
0.002298502
1.6488863e-05
1.6347338e-05
2.22894e-05
0.00014521692
1.659604e-05
1.7660583e-05
1.6847144e-05
2.1043252e-05
1.6637405e-05
1.5837132e-05
0.00036287013
0.0010248349
0.0012542802
1.6148018e-05
0.0042142029
0.0027415255
0.0001353444
4.6124459e-05
1.6876099e-05
0.0026524799
1.5908751e-05
1.6668381e-05
1.6673123e-05
1.7449492e-05
0.00020727349
0.00011293406
1.6834253e-05
0.0004510524
0.0011226986
0.0091806965
1.7189063e-05
1.5917011e-05
1.5972387e-05
1.6344242e-05
1.5967712e-05
1.6303717e-05
1.6661311e-05
0.00058599575
9.4323696e-05
1.7045608e-05
1.6339321e-05
1.5889816e-05
1.5802736e-05
8.8215941e-05
1.7509309e-05
1.6099638e-05
1.666811e-05
1.7049649e-05
0.00040198105
0.0021454317
1.6767705e-05
1.6872294e-05
1.5925181e-05
1.5839445e-05
0.00016051347
1.5978611e-05
0.00029249233
1.6196176e-05
1.5791283e-05
1.7821425e-05
1.652879e-05
1.5942408e-05
1.6546309e-05
1.6664615e-05
0.0016264498
1.5838049e-05
1.6313029e-05
3.3503643e-05
1.6309529e-05
1.5909039e-05
1.6843813e-05
0.0018596492
1.7722147e-05
1.7080186e-05
1.6548687e-05
0.0022225215
0.0011099893
1.6560102e-05
1.6949602e-05
1.6406959e-05
3.9999393e-05
1.6384965e-05
1.6590892e-05
1.5818627e-05
1.599157e-05
0.00097128705
0.003403076
1.641222e-05
1.6912999e-05
0.0014805267
1.6649876e-05
1.6452104e-05
1.6134902e-05
0.0023484149
1.633559e-05
1.773627e-05
1.6533018e-05
0.0015903471
1.5926574e-05
1.6459831e-05
1.6049714e-05
1.62372e-05
1.686888e-05
0.0016262152
1.5869213e-05
1.6288596e-05
0.0012325352
0.01777056
1.585668e-05
1.5836859e-05
1.7757406e-05
1.6350569e-05
0.0035539321
0.00019423571
1.6248819e-05
0.0022948476
1.6191813e-05
1.5971995e-05
1.6620245e-05
1.6771335e-05
1.5788296e-05
1.616942e-05
1.6400547e-05
0.00062947123
1.6684898e-05
1.6242177e-05
0.00067950648
1.5936596e-05
3.8693634e-05
0.00023991952
1.6297446e-05
1.5796676e-05
1.6387346e-05
0.0076268393
1.6427995e-05
1.6062817e-05
1.7284439e-05
1.6367883e-05
1.6150771e-05
1.6362822e-05
0.0024727822
0.0049619689
1.671845e-05
1.6644381e-05
1.610823e-05
1.6407642e-05
1.6099446e-05
1.6476936e-05
0.00066768376
0.017083891
0.002448237
1.66396e-05
1.5809417e-05
1.5798316e-05
1.6365721e-05
0.00017084576
0.0024397149
1.6610853e-05
1.6345406e-05
0.0017431049
1.6384217e-05
1.6439214e-05
1.6082987e-05
0.0016807688
1.6658929e-05
1.6404923e-05
0.011429266
1.6537401e-05
0.0010606464
1.5997843e-05
1.5850496e-05
0.0016735578
1.5880907e-05
1.6815038e-05
1.603643e-05
1.5941681e-05
2.7414249e-05
3.7152005e-05
1.6959006e-05
1.6569611e-05
1.6368215e-05
1.69721e-05
1.6202245e-05
4.7724156e-05
1.6566062e-05
1.7092026e-05
5.2478655e-05
1.7041657e-05
1.3629041e-05
1.6994212e-05
5.3979347e-05
1.5911214e-05
1.6296135e-05
1.6320627e-05
1.5823207e-05
1.6066905e-05
1.6218363e-05
1.6341718e-05
1.6573178e-05
1.5975277e-05
2.3459122e-05
1.6608562e-05
1.6417189e-05
1.6078392e-05
1.6512613e-05
0.0096986495
1.7102939e-05
1.6449588e-05
2.0280421e-05
1.6738958e-05
0.00021065901
1.6172057e-05
0.0017661143
1.7048841e-05
1.6341608e-05
0.0023714845
1.5807995e-05
0.00087568639
1.6793968e-05
1.6535896e-05
1.6510219e-05
1.5863394e-05
0.00045342048
1.6486062e-05
1.6668501e-05
1.6634201e-05
0.00015118984
1.5880201e-05
0.0001892701
1.7098642e-05
1.5876746e-05
1.5841896e-05
0.0024769507
1.6518338e-05
6.478371e-05
0.0041349567
1.6837712e-05
0.0017490205
0.0011186749
1.6386133e-05
0.0020553651
0.0015379326
1.7019096e-05
1.583722e-05
1.6225797e-05
1.6191029e-05
0.0015547584
1.6529421e-05
1.636067e-05
1.6231696e-05
0.002079933
1.6560956e-05
1.6347329e-05
1.6052177e-05
1.5943671e-05
1.6400871e-05
0.0010389671
1.6443288e-05
1.6644488e-05
1.6203085e-05
1.6414269e-05
1.6041548e-05
1.6211831e-05
1.6378761e-05
1.5882758e-05
1.5838226e-05
1.5957924e-05
1.675611e-05
1.5163843e-05
1.59462e-05
1.6301395e-05
1.6286047e-05
1.5830285e-05
1.595053e-05
1.703926e-05
1.6160083e-05
1.5840124e-05
1.5895004e-05
2.3658987e-05
1.597802e-05
0.0018064366
1.6291232e-05
0.00014762906
1.688668e-05
1.6767869e-05
1.6824359e-05
0.00036998128
2.8283817e-05
1.6534908e-05
1.5877795e-05
1.6383686e-05
1.6713012e-05
1.6332535e-05
1.6106119e-05
1.6535226e-05
1.6347137e-05
2.7304534e-05
1.6670704e-05
0.015579033
1.5991202e-05
1.6720422e-05
1.6338449e-05
1.606104e-05
1.590903e-05
1.625367e-05
1.666671e-05
2.9098022e-05
1.5843039e-05
1.6688972e-05
0.00041119561
1.6386528e-05
1.6478957e-05
0.00069024613
1.654185e-05
1.9243021e-05
1.6371258e-05
1.5983901e-05
1.6447647e-05
1.6438243e-05
1.6608995e-05
1.6103121e-05
1.6077685e-05
1.6331566e-05
1.5833388e-05
1.530629e-05
1.580171e-05
3.0293018e-05
1.6400123e-05
1.6366178e-05
1.5804111e-05
1.6743986e-05
0.002026698
0.00031877231
1.5980061e-05
1.637095e-05
1.5871211e-05
1.5906841e-05
1.7029771e-05
0.0024507733
1.6324412e-05
0.00045306099
1.6348931e-05
1.6225094e-05
0.017931675
0.00091723115
1.3579926e-05
1.6054045e-05
1.6652551e-05
1.5799221e-05
1.5995482e-05
0.00588552
1.5940024e-05
1.610675e-05
1.6426738e-05
1.6408922e-05
0.002426919
1.5851663e-05
1.6317299e-05
0.0016675876
0.0013332892
1.623698e-05
1.6513146e-05
1.6089068e-05
1.5825354e-05
0.00033209704
1.5842106e-05
0.016662786
1.649929e-05
1.5908127e-05
0.0034088068
1.582629e-05
1.6722869e-05
1.6130362e-05
1.647726e-05
1.5896102e-05
1.6532018e-05
1.6144006e-05
0.008387618
1.663474e-05
0.0028372672
1.6215819e-05
1.5954868e-05
1.6196196e-05
1.5814794e-05
1.7007164e-05
1.6360161e-05
1.6509112e-05
1.6656164e-05
0.0014224423
1.6570898e-05
1.5991253e-05
1.5793754e-05
1.5953248e-05
1.8099241e-05
4.4290054e-05
1.6502751e-05
0.0048451385
0.0031763177
0.0016664707
1.5976737e-05
0.0012679707
1.6790189e-05
1.5904076e-05
1.5979958e-05
1.5818721e-05
1.6585094e-05
0.012005036
1.7143261e-05
1.6583883e-05
1.6561054e-05
1.6336471e-05
0.0031154708
2.4975294e-05
1.610419e-05
1.653839e-05
1.5930117e-05
1.5868988e-05
1.6257378e-05
1.6444194e-05
1.655826e-05
2.5253955e-05
1.5848655e-05
0.0016943903
1.6309102e-05
1.6089576e-05
1.5848352e-05
1.6258381e-05
1.5828233e-05
1.6419329e-05
2.2267251e-05
1.6057038e-05
1.6089478e-05
1.6154127e-05
1.9995197e-05
0.00019354836
1.5845053e-05
0.0013994931
1.6288215e-05
1.635972e-05
1.604366e-05
1.6001457e-05
1.7404431e-05
1.6304482e-05
1.5799952e-05
1.598813e-05
0.0037316814
2.4542203e-05
1.5894994e-05
1.6347251e-05
1.666557e-05
1.5802355e-05
1.6270787e-05
1.6459968e-05
1.6540913e-05
1.6348352e-05
1.5811681e-05
0.0014192146
1.6271315e-05
1.6548396e-05
2.1955388e-05
5.4445624e-05
1.6457964e-05
1.5801871e-05
1.6492547e-05
0.001035375
0.0031168393
1.6268585e-05
0.00039418907
1.6363237e-05
1.6432517e-05
0.0071592011
1.6413984e-05
1.6336076e-05
1.5870219e-05
1.5834319e-05
1.6217412e-05
1.6062919e-05
1.5839071e-05
1.6376573e-05
1.6277164e-05
1.6243809e-05
1.6436556e-05
1.7004046e-05
1.6460898e-05
1.7861166e-05
1.5844803e-05
1.6368382e-05
1.6920554e-05
1.6274898e-05
1.6084016e-05
2.5313047e-05
1.6277315e-05
0.001229533
3.2062374e-05
1.58866e-05
1.6555118e-05
1.7131352e-05
1.6487835e-05
0.0032359565
0.0027061826
1.6158461e-05
1.6371353e-05
1.6120564e-05
1.5891993e-05
3.440611e-05
1.6339976e-05
2.0215655e-05
1.6209112e-05
1.5929064e-05
1.5784736e-05
1.6416728e-05
0.0012534353
1.6294059e-05
1.6199685e-05
1.6379671e-05
3.1705373e-05
1.6281503e-05
4.3373135e-05
2.455412e-05
0.00097994513
1.6482799e-05
1.611108e-05
1.6501689e-05
1.6770478e-05
1.5878283e-05
1.6373595e-05
1.6224078e-05
1.6525414e-05
1.5803663e-05
1.6039891e-05
1.6519424e-05
1.6039247e-05
1.7376918e-05
1.6754951e-05
1.6111597e-05
1.6054371e-05
1.6568913e-05
1.6370956e-05
1.6697313e-05
0.001419114
0.0015899193
1.5828014e-05
2.1902524e-05
1.6486237e-05
1.656226e-05
1.696059e-05
1.6015404e-05
1.5896611e-05
2.6133809e-05
1.697129e-05
9.3785891e-05
1.5930189e-05
1.5914241e-05
1.6472276e-05
1.6317249e-05
1.6802581e-05
1.6394004e-05
1.6575001e-05
1.5869426e-05
1.6809648e-05
1.5817582e-05
2.5327426e-05
0.0010210888
1.5860614e-05
1.6461174e-05
1.8800038e-05
1.6643378e-05
1.6651555e-05
0.0010008985
1.5840527e-05
1.5893706e-05
0.007159198
1.6334757e-05
1.668612e-05
1.6275199e-05
0.0012739561
1.6537673e-05
3.9166616e-05
9.3222842e-05
0.0027701662
0.00028110734
1.641571e-05
1.6558164e-05
1.6617765e-05
1.6384258e-05
1.6270696e-05
0.003396666
0.016975125
1.6016504e-05
1.6493394e-05
0.0019766231
1.6324144e-05
1.5894695e-05
1.6647459e-05
1.5824958e-05
1.6356265e-05
1.6115107e-05
1.5834909e-05
1.5820323e-05
1.6360785e-05
1.5907247e-05
1.6343638e-05
1.6000593e-05
1.5942224e-05
1.640166e-05
0.0065560168
1.668006e-05
1.6573977e-05
1.5934349e-05
1.6359658e-05
1.6649731e-05
1.9491037e-05
1.667876e-05
1.7010419e-05
1.578752e-05
1.6426841e-05
0.0012993415
2.150836e-05
1.581181e-05
1.6309183e-05
1.6121171e-05
1.6387537e-05
3.3841141e-05
1.6384836e-05
1.6205708e-05
1.5974262e-05
1.6001375e-05
0.0055908749
1.6135651e-05
1.5905458e-05
1.6374127e-05
0.0023561494
1.6049481e-05
1.6875925e-05
0.0041930018
1.6249414e-05
1.6798831e-05
1.5942728e-05
3.6369811e-05
1.5851716e-05
1.6573476e-05
1.6212463e-05
1.6403975e-05
1.6026504e-05
1.6980404e-05
1.6493218e-05
1.6589783e-05
0.0001391921
1.619001e-05
1.5810387e-05
1.6881705e-05
1.6547376e-05
1.6565199e-05
1.6261644e-05
1.5911231e-05
1.6438799e-05
1.5967382e-05
1.6627972e-05
0.0033363253
0.0048921654
1.6700418e-05
0.0019442694
0.00083188428
1.6077315e-05
1.6206838e-05
1.6484963e-05
1.6554076e-05
1.603398e-05
1.5816168e-05
1.6718501e-05
0.0074848335
1.6275082e-05
1.6142823e-05
1.6009368e-05
1.593769e-05
0.002159896
1.64785e-05
0.0007233985
0.0012920666
1.6408023e-05
1.5964318e-05
0.0022796735
1.5901084e-05
1.6353428e-05
1.3735772e-05
1.6465891e-05
1.646817e-05
1.6337681e-05
1.6962924e-05
2.3359381e-05
1.6672702e-05
1.6671598e-05
1.7745551e-05
1.6349313e-05
0.0011375926
0.0015446472
1.603392e-05
1.6361976e-05
1.5875341e-05
1.6444626e-05
1.5825925e-05
1.6598076e-05
1.6397287e-05
0.016296227
1.629618e-05
1.5834151e-05
1.6560457e-05
1.5927419e-05
1.6376082e-05
1.5876223e-05
1.8532261e-05
1.6112961e-05
1.6445312e-05
1.6008807e-05
1.579523e-05
1.6026688e-05
1.5960462e-05
1.5835982e-05
1.6279298e-05
1.6297557e-05
0.0021499848
1.6038037e-05
0.0023077637
0.0036578508
0.0023701969
1.6501026e-05
1.6585917e-05
1.5886541e-05
1.6943786e-05
1.6398657e-05
1.7097001e-05
1.6413738e-05
1.6862947e-05
1.766764e-05
1.5861243e-05
1.5833294e-05
1.6349828e-05
1.6649085e-05
1.6071115e-05
1.6667595e-05
1.6211982e-05
1.5824185e-05
1.6526651e-05
1.6549395e-05
0.00012408213
9.354166e-05
1.6446092e-05
1.6658323e-05
1.6209217e-05
1.5854397e-05
1.5865405e-05
1.6124911e-05
1.6570428e-05
1.5829344e-05
0.00015069023
1.6122546e-05
1.6297887e-05
1.6449324e-05
1.6399819e-05
0.00033362246
1.6359784e-05
0.00039254452
1.5937094e-05
1.6596807e-05
1.5935277e-05
0.017229009
1.5944985e-05
1.7720564e-05
1.5934819e-05
1.7194098e-05
1.6696355e-05
1.6274349e-05
0.00066221279
1.6515155e-05
1.5860353e-05
1.7639418e-05
1.971138e-05
1.6654781e-05
1.6269774e-05
1.5910941e-05
1.6191053e-05
3.8838795e-05
1.5999488e-05
1.6944356e-05
0.00030969092
1.5960725e-05
1.6404222e-05
1.5877794e-05
1.7455758e-05
1.5846544e-05
0.0015998522
1.624354e-05
1.6088392e-05
1.6056816e-05
0.0029202031
1.5877346e-05
1.8272813e-05
1.8129684e-05
1.741994e-05
1.5893744e-05
1.6589246e-05
1.6351231e-05
6.2033522e-05
1.7230981e-05
1.6846923e-05
1.5941464e-05
1.5934805e-05
1.5825143e-05
1.5904886e-05
1.592722e-05
1.6729904e-05
1.6428367e-05
1.700024e-05
1.6608992e-05
0.00012736373
1.6698099e-05
0.00024160934
1.6672286e-05
1.8017096e-05
1.6559348e-05
1.6438709e-05
1.6500742e-05
1.6282389e-05
1.9351368e-05
1.6459901e-05
1.612446e-05
1.6231104e-05
1.6363244e-05
1.6645761e-05
1.5857009e-05
0.011178765
0.0097506978
2.3230294e-05
8.860662e-05
0.00031747561
1.3549377e-05
1.6598149e-05
0.00063137636
1.6309045e-05
0.00011092054
0.0080513496
1.6442404e-05
1.7363402e-05
0.0094560994
1.6501786e-05
1.587878e-05
1.6241695e-05
1.5845596e-05
1.5977829e-05
1.6035392e-05
1.6659198e-05
0.0024025441
1.6528724e-05
0.001229971
1.5883975e-05
1.6152704e-05
1.5846579e-05
0.0012365133
6.795597e-05
1.597344e-05
1.6259623e-05
1.6320823e-05
1.763034e-05
1.6595092e-05
1.64437e-05
1.8404237e-05
1.5987284e-05
1.6926566e-05
1.5843187e-05
1.6389395e-05
1.6609246e-05
1.5916527e-05
0.00024071075
7.6633483e-05
0.01537383
1.6369974e-05
1.6772701e-05
1.6392094e-05
1.631803e-05
1.6322361e-05
1.6108797e-05
8.2786227e-05
1.6089079e-05
1.6000025e-05
1.6036668e-05
1.8070302e-05
1.5871713e-05
1.6564704e-05
0.0028226668
2.3661257e-05
0.0017488897
1.6352527e-05
5.4014967e-05
1.6827433e-05
1.6659628e-05
1.6537779e-05
1.6224716e-05
1.5838921e-05
1.5807495e-05
1.6086695e-05
2.3058638e-05
1.6323289e-05
1.6345384e-05
0.0052079729
1.6309634e-05
1.6659736e-05
1.6223409e-05
1.6066831e-05
1.6236012e-05
1.7654242e-05
1.5836101e-05
3.8816914e-05
0.01130772
1.6025132e-05
1.6977939e-05
1.5898955e-05
1.642557e-05
1.6083676e-05
1.5962231e-05
1.6408373e-05
0.0042832503
1.6399471e-05
1.5865455e-05
1.5932012e-05
0.0048078222
1.664118e-05
0.017436286
1.616214e-05
1.6078849e-05
1.5908813e-05
1.6108631e-05
1.6408959e-05
1.6048776e-05
1.6668184e-05
0.00087536972
1.5792132e-05
1.7018077e-05
4.0881416e-05
1.6413129e-05
1.6085383e-05
1.6651035e-05
0.012351964
1.6597992e-05
1.5827295e-05
1.6417751e-05
1.7198165e-05
3.9037809e-05
0.0063075449
1.3503567e-05
1.6509592e-05
1.6113422e-05
0.0016349578
2.8716053e-05
1.6538495e-05
0.0021664327
1.6992028e-05
1.6670525e-05
0.0017192522
0.00160056
1.6052049e-05
1.7841252e-05
2.2745386e-05
1.6141467e-05
3.2273599e-05
1.5794729e-05
1.6447147e-05
1.6258373e-05
1.6048817e-05
0.0017928416
1.6450948e-05
1.7853696e-05
0.00037098269
1.5946151e-05
0.0024663618
1.5797658e-05
1.5920196e-05
1.5879884e-05
2.5793633e-05
1.5913589e-05
1.6509431e-05
8.7982646e-05
0.0022105343
1.6349307e-05
1.6683355e-05
1.6471232e-05
1.623953e-05
0.0056798581
1.6498045e-05
0.0038522503
0.00079847831
1.6877513e-05
1.5887962e-05
1.6749188e-05
0.0017096114
1.6437319e-05
3.5506811e-05
0.002428917
1.6534535e-05
0.0001288463
1.8179162e-05
1.5785497e-05
1.5801992e-05
1.5785481e-05
1.5785328e-05
1.5785576e-05
1.6433735e-05
2.525397e-05
1.5998538e-05
1.592525e-05
1.820845e-05
1.6522758e-05
1.5898896e-05
0.016566084
0.0006498724
1.602302e-05
1.5814945e-05
2.2145511e-05
1.5910284e-05
1.5792575e-05
1.628334e-05
0.006534598
1.6561761e-05
1.6982401e-05
1.6072177e-05
1.6359702e-05
1.652444e-05
1.5971094e-05
0.00028064132
1.6450746e-05
0.0021512149
1.6629938e-05
1.5832419e-05
1.6693199e-05
0.0032737729
1.6026115e-05
1.6631341e-05
1.6329773e-05
0.00015354065
1.584981e-05
1.6665174e-05
1.6381416e-05
1.5857289e-05
1.6184934e-05
1.6271154e-05
1.6036329e-05
1.6501431e-05
1.6358413e-05
1.6214661e-05
1.6567368e-05
0.0011245906
1.6838118e-05
0.0028948688
1.6656121e-05
1.3695112e-05
1.5907238e-05
1.585131e-05
1.6777536e-05
1.6497551e-05
0.00022176703
1.6299732e-05
1.61008e-05
0.0023810541
0.0018475938
1.5986377e-05
1.656232e-05
1.7100064e-05
1.5800132e-05
0.00093523508
1.7469781e-05
0.0030676511
1.6334118e-05
0.00019195422
0.017720626
0.0011584309
1.6540377e-05
1.6469821e-05
1.7473574e-05
1.6591235e-05
1.6326868e-05
1.6474393e-05
1.6205701e-05
1.6469379e-05
1.6537669e-05
1.5791081e-05
1.6367474e-05
1.647046e-05
0.00085168669
1.6473093e-05
1.608696e-05
1.6388042e-05
0.00013778988
0.0019701956
1.6499995e-05
1.6278208e-05
1.5881761e-05
1.6548433e-05
1.6372119e-05
1.6973539e-05
1.6443913e-05
1.5814549e-05
0.0041982285
3.7902015e-05
0.00016444891
1.6160292e-05
2.6464713e-05
1.59558e-05
1.6035537e-05
3.0293141e-05
1.632199e-05
0.00097455161
1.642695e-05
1.6572407e-05
0.0016659432
1.5906634e-05
2.4519256e-05
0.0014550423
1.6091115e-05
1.6509898e-05
2.2367228e-05
1.6322225e-05
1.6303886e-05
0.00018738177
1.6654442e-05
1.3420651e-05
1.6862926e-05
1.6571103e-05
1.5867809e-05
1.6260575e-05
1.6514538e-05
1.6289758e-05
1.5876844e-05
1.612409e-05
1.6670821e-05
1.5902731e-05
1.6457431e-05
1.6621383e-05
1.5815682e-05
0.0024024288
1.591092e-05
1.6140843e-05
0.0016569078
1.5931706e-05
1.7203892e-05
1.6021127e-05
2.7850333e-05
1.9880002e-05
1.6427197e-05
1.6333074e-05
1.6188373e-05
1.5834102e-05
0.0030596656
1.6087848e-05
1.5910972e-05
1.7080009e-05
1.5965854e-05
1.5807895e-05
1.6655453e-05
2.9787939e-05
0.0081765221
1.6888963e-05
0.016134777
1.6425551e-05
1.587516e-05
1.5951413e-05
1.6643072e-05
1.6013745e-05
1.582418e-05
9.3391959e-05
1.5861073e-05
1.5969994e-05
0.0066907009
8.3183863e-05
1.5847978e-05
1.690903e-05
0.00026609185
1.612939e-05
1.6633282e-05
1.5894368e-05
1.597117e-05
0.0013662304
2.5042372e-05
1.7430533e-05
1.597251e-05
1.5922222e-05
1.5922326e-05
1.6432247e-05
1.695978e-05
1.6446236e-05
1.6802369e-05
1.6546845e-05
1.5824313e-05
1.6500392e-05
1.6661266e-05
0.0012942568
1.5798532e-05
1.5835964e-05
1.5900401e-05
1.5863469e-05
1.6795797e-05
1.668168e-05
0.00013030016
1.6381822e-05
1.6029864e-05
1.662572e-05
1.6251591e-05
1.626142e-05
1.7174627e-05
1.5845339e-05
0.0036726188
1.6090043e-05
1.6978536e-05
0.00015909785
1.5850046e-05
2.2712948e-05
1.6369007e-05
1.7436487e-05
1.5982186e-05
5.4840713e-05
1.6761475e-05
1.6202505e-05
1.6708533e-05
1.6646907e-05
1.7001054e-05
1.6423844e-05
0.0003948981
1.5829767e-05
1.5811089e-05
1.6425815e-05
1.6678985e-05
0.0058078284
1.7071155e-05
1.6010036e-05
0.0018140585
0.0017433851
1.4714486e-05
1.6371562e-05
1.6476837e-05
1.5857605e-05
1.6224974e-05
1.6166725e-05
0.0031986748
1.6308893e-05
1.6122217e-05
1.6205182e-05
1.6550826e-05
1.6469642e-05
1.6527737e-05
1.6258412e-05
1.5808467e-05
1.6595519e-05
1.7348659e-05
1.6219487e-05
1.5917399e-05
1.6125409e-05
0.00017642745
1.6907028e-05
1.8121786e-05
1.641388e-05
1.7095825e-05
1.6478999e-05
6.6482554e-05
1.6689813e-05
1.6152622e-05
1.636347e-05
1.5954947e-05
1.585353e-05
1.5875441e-05
0.0019359694
1.6622443e-05
1.6645842e-05
1.7499451e-05
0.016271585
1.625954e-05
1.6520192e-05
1.6163563e-05
1.6041611e-05
1.6267435e-05
1.6017172e-05
1.633054e-05
0.0034757953
0.0034790261
1.6893391e-05
1.6216059e-05
1.6465138e-05
1.6625061e-05
1.592918e-05
1.6397246e-05
1.6801084e-05
1.6741069e-05
0.017845076
1.6272578e-05
0.0042599158
1.6360671e-05
1.5942737e-05
1.648035e-05
1.7231688e-05
4.7890339e-05
1.6984962e-05
1.582728e-05
1.6545596e-05
1.7029852e-05
1.7075613e-05
2.4305277e-05
1.6084738e-05
3.3411815e-05
2.3246222e-05
1.9859306e-05
1.665969e-05
1.6551345e-05
1.6603569e-05
1.6564642e-05
1.6076195e-05
0.0014304974
1.6631787e-05
1.6589126e-05
6.3227459e-05
1.6374525e-05
2.0996695e-05
1.6622448e-05
0.012028307
1.6060026e-05
1.6647947e-05
1.7052123e-05
1.6256783e-05
2.2997564e-05
1.6004206e-05
1.6680621e-05
1.6422171e-05
1.6728478e-05
1.6846271e-05
1.6292704e-05
1.6485304e-05
1.6454274e-05
1.6512762e-05
1.6029797e-05
0.003739817
1.6770232e-05
1.5992262e-05
1.6529949e-05
1.6246623e-05
1.6633565e-05
0.0001141937
1.7725904e-05
1.6316319e-05
3.2430299e-05
1.6353527e-05
0.010420252
1.6094357e-05
1.6230676e-05
1.6005796e-05
1.6506485e-05
1.6417102e-05
1.5963808e-05
1.6634344e-05
0.0030466265
1.6634291e-05
1.6446895e-05
1.6640296e-05
0.00096951252
5.3102893e-05
1.5834381e-05
3.8295665e-05
1.6521467e-05
1.6157649e-05
0.00012440364
1.6700205e-05
1.6372421e-05
1.6016826e-05
1.6456486e-05
1.6013901e-05
1.6275379e-05
1.6564211e-05
0.0015665301
1.634624e-05
1.6589187e-05
6.1436105e-05
1.584809e-05
1.603052e-05
1.6424156e-05
1.7196731e-05
1.5793313e-05
0.00017006453
1.5841604e-05
2.0592672e-05
1.6627887e-05
1.6103909e-05
1.6114727e-05
1.6340999e-05
0.006307718
1.5898553e-05
1.6002991e-05
1.6122756e-05
0.0034762592
1.5900973e-05
0.0032074847
1.6450289e-05
1.5789146e-05
1.6334334e-05
1.6263902e-05
0.0018257076
1.6323272e-05
1.6071881e-05
1.6583887e-05
0.01132318
1.6197458e-05
1.6130914e-05
1.9812427e-05
1.859239e-05
1.6457013e-05
1.5987097e-05
1.6714064e-05
1.5799815e-05
1.707172e-05
1.6327247e-05
1.6181441e-05
1.6088147e-05
1.6274976e-05
0.0027027304
0.015837865
1.645625e-05
1.6369786e-05
1.6558412e-05
1.6567446e-05
1.5833685e-05
9.1399071e-05
1.9195979e-05
1.6022084e-05
1.5810476e-05
1.5915761e-05
1.6963781e-05
0.00030106992
1.590817e-05
1.6295029e-05
1.6897206e-05
1.5836189e-05
1.6640877e-05
1.6189311e-05
1.6530732e-05
0.00061581071
1.8416446e-05
1.6197946e-05
1.6604226e-05
1.676197e-05
1.5811158e-05
1.6387535e-05
0.0017468094
1.6562842e-05
1.6378629e-05
1.5804285e-05
1.6352505e-05
1.5991764e-05
0.016163189
1.6523595e-05
1.6635761e-05
0.00027421433
1.6854887e-05
1.6325845e-05
1.6630623e-05
0.0017066176
1.6495888e-05
3.5130389e-05
1.660742e-05
1.6593424e-05
5.9870634e-05
1.6585606e-05
0.0014289074
1.5787528e-05
1.6274497e-05
1.6303394e-05
1.3462198e-05
0.0032054167
1.6695261e-05
1.6412082e-05
1.6079003e-05
3.3429004e-05
1.6448947e-05
6.5785262e-05
0.0022192333
1.6037933e-05
0.00084879372
3.025224e-05
1.640528e-05
1.653339e-05
1.6969398e-05
0.00029555138
1.5967492e-05
0.0043946662
1.5895347e-05
0.0009352784
1.5814954e-05
1.6126103e-05
1.6339684e-05
0.00033887873
1.6934423e-05
1.5867497e-05
1.5855131e-05
1.5961724e-05
1.6185547e-05
1.662726e-05
1.6485087e-05
1.5921787e-05
1.6625982e-05
1.6134982e-05
1.6968692e-05
1.6651809e-05
1.5860902e-05
1.6977917e-05
1.8717545e-05
1.6485722e-05
1.6439801e-05
1.583638e-05
6.5104804e-05
1.6064824e-05
1.6412045e-05
1.5834633e-05
1.5910807e-05
1.5826606e-05
0.010465532
1.5996104e-05
1.7099766e-05
1.6365551e-05
1.6480418e-05
8.8387379e-05
1.6045638e-05
0.0015823428
1.5909293e-05
1.6917152e-05
0.0034163003
1.6665398e-05
1.5902096e-05
1.659113e-05
1.6057989e-05
1.7510523e-05
1.6598574e-05
0.0059770812
1.7036832e-05
1.6013399e-05
2.4984654e-05
1.6426989e-05
1.5844848e-05
1.6336091e-05
0.00026123657
1.5855446e-05
1.6860954e-05
1.6463011e-05
0.00059514707
2.1900279e-05
0.00041250576
1.5802399e-05
1.5837728e-05
1.5920042e-05
1.63909e-05
1.6084597e-05
1.5974657e-05
1.6365958e-05
1.7114071e-05
1.6762368e-05
0.004061203
1.6696994e-05
1.6609824e-05
0.004212533
1.5804149e-05
1.5881096e-05
1.5869606e-05
1.796753e-05
1.6287649e-05
1.6219635e-05
1.650199e-05
1.6437153e-05
1.5931383e-05
2.0278404e-05
1.6415061e-05
1.7240375e-05
1.6826031e-05
1.5920062e-05
1.5831596e-05
1.6897531e-05
2.7757675e-05
1.6259702e-05
1.5919968e-05
1.579914e-05
1.6548456e-05
0.00042751692
1.6394501e-05
0.00056175551
1.6245776e-05
1.7010438e-05
0.00057914065
1.5981716e-05
1.5829764e-05
1.6473261e-05
0.0017187128
1.6372895e-05
1.6590643e-05
1.7398983e-05
1.6429096e-05
1.6349697e-05
1.6409068e-05
1.8802475e-05
0.0035648495
1.6539836e-05
2.9198919e-05
1.6758962e-05
1.5897248e-05
1.6596513e-05
1.5794344e-05
1.644808e-05
1.645721e-05
1.6976151e-05
1.8163769e-05
5.077847e-05
1.6568126e-05
1.8524612e-05
0.00054469744
0.0014371541
1.6030187e-05
1.6418805e-05
1.6075838e-05
1.6424264e-05
1.6452595e-05
1.6468235e-05
1.6212375e-05
1.6157113e-05
0.004314374
1.626456e-05
1.7916785e-05
1.6642469e-05
1.6665484e-05
1.6925519e-05
2.0613391e-05
1.6635895e-05
1.6456694e-05
1.5928898e-05
1.6202013e-05
0.004834766
1.5974179e-05
1.6232971e-05
2.0288394e-05
1.6232535e-05
1.687504e-05
1.5906291e-05
1.9260299e-05
1.645858e-05
1.6469467e-05
1.6603896e-05
1.5910512e-05
1.6487769e-05
1.612551e-05
1.6276649e-05
1.6575064e-05
1.633656e-05
0.00049995779
0.0052356671
1.6414285e-05
1.5844574e-05
0.003267992
0.0012473264
1.5880875e-05
1.6484608e-05
1.6452457e-05
0.00078519238
1.6677279e-05
0.0036647872
1.6374094e-05
2.7167152e-05
1.5963196e-05
1.6588869e-05
1.6290592e-05
1.660402e-05
1.63584e-05
0.00061438388
1.6523181e-05
3.6503402e-05
1.613035e-05
0.00032467856
1.6700437e-05
1.6562972e-05
1.6473508e-05
0.0082301311
1.6555163e-05
3.0507084e-05
1.6302897e-05
1.5893064e-05
1.6525587e-05
1.664504e-05
1.6508717e-05
1.5933746e-05
1.6578895e-05
1.6337692e-05
1.5852017e-05
1.6179998e-05
1.6871825e-05
1.5901297e-05
1.6699178e-05
1.6121714e-05
1.9532511e-05
1.6335184e-05
0.00088992628
1.6300201e-05
1.6138059e-05
1.638138e-05
1.5879139e-05
0.0010829551
1.586048e-05
1.8374153e-05
1.6425179e-05
1.5869557e-05
0.00078161131
1.7167941e-05
0.0002923395
1.5929217e-05
1.6243368e-05
1.6454549e-05
3.2250073e-05
1.5984749e-05
1.6275074e-05
1.7906794e-05
1.5935434e-05
1.6152901e-05
1.5869231e-05
1.586374e-05
6.9590366e-05
1.6327816e-05
0.0012612979
1.6397478e-05
1.5943078e-05
1.7172257e-05
1.6116913e-05
1.5832163e-05
1.6849463e-05
1.5919756e-05
1.6368661e-05
1.6090919e-05
1.5933685e-05
1.6510458e-05
0.017696889
1.6286879e-05
1.6255252e-05
0.0035703297
1.7081812e-05
1.6549249e-05
5.9241343e-05
1.6501282e-05
1.6692932e-05
2.3328333e-05
1.5842499e-05
1.8050052e-05
1.579396e-05
1.5795178e-05
1.6519893e-05
1.5848899e-05
1.6455181e-05
1.7870414e-05
1.6293389e-05
0.00010088239
1.6456485e-05
0.00041330381
0.00020196002
1.578919e-05
1.6503675e-05
1.6335636e-05
0.0082162161
1.664119e-05
1.6009053e-05
2.1397365e-05
1.6122855e-05
0.003737724
0.0015936285
1.7005685e-05
1.6186621e-05
1.6541208e-05
1.6404165e-05
1.6351948e-05
1.6085516e-05
1.7053017e-05
1.5917498e-05
1.5949941e-05
1.6706701e-05
0.00073954661
1.6611784e-05
1.66798e-05
1.5983782e-05
0.0002418819
1.6982603e-05
1.6384971e-05
1.6107339e-05
0.0061547729
1.5928252e-05
1.5831349e-05
1.6181818e-05
0.0037342527
1.5894049e-05
2.9368606e-05
1.6513255e-05
1.6352548e-05
1.6585203e-05
1.637698e-05
1.606099e-05
1.6413994e-05
1.6068921e-05
2.9475353e-05
1.5874454e-05
1.966396e-05
1.6017359e-05
1.5851578e-05
0.0099203577
1.6605676e-05
1.633545e-05
1.6209446e-05
1.6464859e-05
1.6152329e-05
1.6498708e-05
1.6708152e-05
1.59068e-05
1.624415e-05
1.5927535e-05
1.6369048e-05
1.6162414e-05
1.6634868e-05
1.5904233e-05
1.6344744e-05
0.0056778721
1.6079602e-05
1.5853242e-05
1.6371585e-05
1.6437408e-05
1.6369426e-05
1.6232953e-05
2.0395444e-05
1.5889622e-05
1.646196e-05
2.1172798e-05
1.6143876e-05
1.6630535e-05
1.6312822e-05
1.6279982e-05
1.6136178e-05
1.6087934e-05
1.6428033e-05
1.618225e-05
1.8673378e-05
1.6534822e-05
1.5836818e-05
1.6319505e-05
1.6309887e-05
0.0054179096
1.6095027e-05
1.5825294e-05
1.639776e-05
1.5887191e-05
1.6314039e-05
1.5956261e-05
1.6149372e-05
1.6316885e-05
1.6410951e-05
0.00014375517
1.6097903e-05
5.6038846e-05
1.6485224e-05
1.5789304e-05
1.5788534e-05
1.5801772e-05
1.5788544e-05
1.5788046e-05
1.5787355e-05
1.5810903e-05
0.01503557
1.621357e-05
1.5968771e-05
1.6248352e-05
1.6302386e-05
1.6365176e-05
1.584834e-05
1.6203564e-05
1.6659204e-05
1.6515854e-05
1.6167459e-05
1.6226517e-05
1.6709005e-05
1.6374571e-05
1.63853e-05
1.628678e-05
1.5884441e-05
1.626717e-05
1.6743486e-05
1.6365211e-05
1.6788212e-05
5.7909182e-05
1.5793448e-05
1.5888635e-05
1.6085102e-05
5.4079236e-05
1.6160932e-05
1.6306595e-05
1.5836796e-05
1.5910162e-05
1.5983139e-05
1.6164349e-05
1.6782467e-05
1.5847771e-05
1.5901447e-05
1.6703492e-05
1.594841e-05
5.5592488e-05
1.5977254e-05
1.7043849e-05
1.6795547e-05
5.7445901e-05
1.6230407e-05
6.209394e-05
1.6311567e-05
1.6287275e-05
1.6798415e-05
1.6699129e-05
1.6576506e-05
1.6073524e-05
1.9638549e-05
1.6623348e-05
0.015847886
1.6093717e-05
1.6362004e-05
1.646832e-05
1.6138762e-05
1.6449844e-05
0.00403644
1.5945791e-05
1.652344e-05
2.3741377e-05
4.0796811e-05
1.5970825e-05
1.6220486e-05
1.6115448e-05
1.5839244e-05
1.638744e-05
1.5965098e-05
3.6474298e-05
1.6047323e-05
1.6429754e-05
1.6930451e-05
1.6193604e-05
1.5845428e-05
1.7117116e-05
1.6537618e-05
1.6127265e-05
1.655915e-05
1.5884107e-05
1.7081203e-05
1.6423657e-05
1.6225856e-05
3.8086494e-05
1.6772071e-05
1.6653198e-05
1.6834795e-05
1.650877e-05
1.6461022e-05
0.0034207682
1.6570765e-05
0.0065301449
1.6193201e-05
1.5893424e-05
1.5882461e-05
1.6445246e-05
1.6892945e-05
1.8328272e-05
1.6341802e-05
1.6082173e-05
1.6692121e-05
1.6046792e-05
3.6845914e-05
1.6935778e-05
1.5830781e-05
1.6597871e-05
1.6089947e-05
1.5807199e-05
1.6450777e-05
0.013919148
1.6693788e-05
5.1093025e-05
1.7629751e-05
1.5828536e-05
1.6019503e-05
3.4786934e-05
1.6421575e-05
1.5931786e-05
0.001545191
0.0027608654
1.5817528e-05
3.2752924e-05
1.6605478e-05
1.5886749e-05
1.6686877e-05
1.6069039e-05
0.0047072536
0.0014136756
1.5900976e-05
1.5826723e-05
1.6298833e-05
1.6485833e-05
1.660675e-05
1.6112125e-05
1.6540017e-05
3.7208742e-05
1.661221e-05
1.8223959e-05
0.00026188336
1.6285266e-05
0.0023871018
1.6204262e-05
1.6175581e-05
1.6628782e-05
1.6093726e-05
1.6522206e-05
1.6022158e-05
0.015396446
1.5793641e-05
1.5825849e-05
1.7465383e-05
1.5869247e-05
1.6336319e-05
1.5796721e-05
1.593585e-05
1.5802369e-05
1.5861785e-05
1.7864922e-05
1.6285518e-05
1.5800145e-05
1.6119062e-05
1.5931149e-05
1.6180483e-05
1.597322e-05
1.6293791e-05
1.6637718e-05
1.7585273e-05
1.6811234e-05
0.00017688628
1.6749489e-05
1.6071639e-05
1.6157173e-05
1.5835249e-05
1.6688009e-05
0.011706881
3.2210815e-05
1.6230495e-05
1.5805193e-05
1.6331501e-05
1.6881962e-05
1.5882884e-05
1.6130921e-05
1.7109597e-05
1.6183982e-05
1.6065075e-05
1.6442615e-05
1.6703879e-05
0.001531843
1.5954462e-05
0.00013364864
1.6517727e-05
1.6251977e-05
1.5846751e-05
1.6676549e-05
9.4040075e-05
1.6280059e-05
1.6296409e-05
1.6456452e-05
1.6277132e-05
1.6341322e-05
1.6459304e-05
1.6269647e-05
1.6189879e-05
1.8682795e-05
1.6314551e-05
1.616376e-05
3.0397345e-05
0.00023901182
1.584118e-05
2.0316513e-05
1.6058808e-05
0.0010286242
1.6107923e-05
1.5900822e-05
1.5839721e-05
1.625019e-05
1.6219051e-05
1.6129583e-05
1.6237131e-05
1.6215247e-05
1.5916294e-05
1.5838201e-05
1.6131193e-05
1.6417178e-05
1.6157692e-05
1.6191011e-05
1.5844279e-05
1.6230974e-05
1.5897841e-05
0.010278579
1.592834e-05
1.6062032e-05
4.6459713e-05
1.6400189e-05
1.6041026e-05
1.6161438e-05
1.628087e-05
0.00075637111
1.6382328e-05
1.6137847e-05
1.6333764e-05
0.014994926
0.001502754
1.6232563e-05
1.5788808e-05
1.606186e-05
0.0015376614
1.767481e-05
1.6236057e-05
1.6557159e-05
0.00051132159
2.0669744e-05
1.6666344e-05
1.5952962e-05
1.645701e-05
1.7959597e-05
1.6030818e-05
1.6745275e-05
1.6382445e-05
1.6131369e-05
1.364102e-05
2.5494122e-05
1.6286421e-05
1.6659853e-05
1.6473708e-05
1.6675968e-05
1.6300283e-05
1.6300109e-05
1.623283e-05
1.6422569e-05
1.611702e-05
1.6098567e-05
1.5969764e-05
1.6212108e-05
0.00065978595
1.6299304e-05
1.6137929e-05
1.5829836e-05
1.6182851e-05
0.0071762871
1.6806324e-05
1.6004599e-05
1.6772932e-05
1.6183682e-05
0.00029682036
1.6955016e-05
1.8682608e-05
1.6113266e-05
1.9364346e-05
1.6220878e-05
1.6650275e-05
1.6145275e-05
0.00027850855
1.5847446e-05
1.638097e-05
1.6387989e-05
1.6205279e-05
1.6470917e-05
1.5937981e-05
1.6537481e-05
1.5903497e-05
1.6229633e-05
1.6392751e-05
1.6131878e-05
1.5832465e-05
1.5830933e-05
1.6240405e-05
1.6388565e-05
1.6266986e-05
1.6093157e-05
1.6312925e-05
1.6558928e-05
1.6366255e-05
1.6534298e-05
1.6635606e-05
1.6119308e-05
1.6224131e-05
1.6670807e-05
1.636899e-05
1.6113947e-05
1.6223936e-05
1.6279333e-05
1.5967012e-05
1.6091765e-05
1.6291798e-05
1.6273732e-05
1.6212725e-05
1.6227682e-05
1.624134e-05
1.6241428e-05
1.6219333e-05
1.7859209e-05
1.644387e-05
1.5898173e-05
1.624722e-05
1.6107224e-05
1.6369138e-05
1.6285278e-05
1.6463468e-05
1.6161979e-05
1.6643815e-05
1.6251677e-05
1.6378788e-05
1.665226e-05
1.6503018e-05
1.6388783e-05
1.6512859e-05
1.6438205e-05
1.6091352e-05
1.6758325e-05
0.014230408
1.5907761e-05
0.004267107
1.6407972e-05
1.6248624e-05
1.6012495e-05
1.6375432e-05
1.6306556e-05
1.5932182e-05
4.9912894e-05
1.6325493e-05
1.6846968e-05
1.6457031e-05
1.6665252e-05
1.5856716e-05
1.5975562e-05
1.6420165e-05
1.5882137e-05
1.691419e-05
1.640385e-05
1.6274854e-05
2.0129049e-05
1.5936142e-05
1.8992484e-05
1.6123274e-05
0.0015033193
1.6064129e-05
1.6548161e-05
1.6222302e-05
1.6306935e-05
1.6149089e-05
2.3294851e-05
1.6009508e-05
1.6090431e-05
1.5962811e-05
0.013460149
1.9902522e-05
1.5878249e-05
0.0037677624
1.6240947e-05
0.0016376202
1.6619236e-05
1.6224091e-05
0.00011515141
1.6119995e-05
0.00016976785
1.6386621e-05
2.056905e-05
1.6404379e-05
1.5704771e-05
1.6112233e-05
3.6647311e-05
1.5849813e-05
0.00021934416
0.00065342217
1.5940731e-05
1.6384175e-05
1.6203322e-05
1.6084687e-05
1.636262e-05
1.657594e-05
1.5948213e-05
1.5926344e-05
1.6354e-05
0.0045113471
1.6583994e-05
1.6332342e-05
0.012631078
1.5879114e-05
1.6031974e-05
1.5841599e-05
1.6305133e-05
0.0012500136
1.6345082e-05
1.5891051e-05
1.661133e-05
1.9058955e-05
1.6335651e-05
1.5787159e-05
1.5940981e-05
1.5858619e-05
1.6326095e-05
1.6428492e-05
0.01090414
0.0027716184
0.0010832065
1.5936262e-05
1.3357874e-05
1.6362681e-05
0.0019860144
1.630162e-05
1.6385302e-05
0.0012003482
1.6410375e-05
1.6006713e-05
1.6713127e-05
1.5869228e-05
0.00019217574
1.6766579e-05
1.6277872e-05
1.5872042e-05
1.661625e-05
0.011631107
1.6247693e-05
1.6405624e-05
1.5820818e-05
0.00042371488
1.6772336e-05
0.016284712
1.6205601e-05
1.6312593e-05
1.5919707e-05
0.0023034208
1.5843574e-05
1.6099597e-05
1.6329946e-05
1.6254218e-05
0.0012450015
1.6499432e-05
1.6301659e-05
1.5900659e-05
1.9731652e-05
1.7788784e-05
1.7492087e-05
0.010553637
1.6505485e-05
1.6750847e-05
1.6485407e-05
1.6166291e-05
1.6281283e-05
1.6364033e-05
1.6246576e-05
2.2263449e-05
1.7452383e-05
1.6551496e-05
1.6271094e-05
1.6631916e-05
1.6401475e-05
1.6275048e-05
1.710118e-05
1.5834981e-05
0.003249228
1.5910508e-05
1.6543165e-05
0.009272783
1.5799895e-05
1.7490982e-05
1.5861095e-05
1.6005867e-05
1.6560237e-05
1.6284343e-05
0.0016136517
1.3381787e-05
1.6395914e-05
1.6780135e-05
1.6084477e-05
0.0007821057
0.003737763
1.6239283e-05
1.6004468e-05
1.6452008e-05
1.5903209e-05
0.0019464957
8.8666272e-05
1.5893476e-05
1.6385481e-05
1.6772233e-05
1.6629521e-05
1.6435561e-05
1.579157e-05
1.6359753e-05
1.597201e-05
1.6355735e-05
1.630915e-05
0.0083784353
1.5827853e-05
1.6467073e-05
1.6293057e-05
1.6348416e-05
1.621698e-05
1.6388484e-05
1.6290651e-05
1.6669066e-05
1.5892838e-05
1.6338722e-05
1.6385861e-05
2.1976801e-05
1.5861593e-05
0.0001937971
1.6366004e-05
1.6306552e-05
1.6131111e-05
0.004692126
6.3715986e-05
1.5978901e-05
1.624191e-05
1.6375523e-05
0.0078673034
1.580454e-05
1.6336728e-05
1.5883825e-05
0.0052178917
1.6329204e-05
1.6872423e-05
1.6069885e-05
1.6375215e-05
1.5844872e-05
1.6359231e-05
1.5908271e-05
1.5891211e-05
1.5880077e-05
0.0021078369
1.920983e-05
8.4433902e-05
1.5955211e-05
1.5934373e-05
1.6438689e-05
1.6341597e-05
1.7134562e-05
1.6411522e-05
1.6385273e-05
1.6050485e-05
1.5835582e-05
1.5867623e-05
1.5877501e-05
0.00026152965
1.585981e-05
1.8598677e-05
1.6329313e-05
1.5793964e-05
1.5850759e-05
1.6364371e-05
1.6719493e-05
1.7946612e-05
1.5949742e-05
1.6576903e-05
1.6635773e-05
1.6232889e-05
1.6237833e-05
1.5912828e-05
1.5918275e-05
1.6266231e-05
1.6381099e-05
1.6519697e-05
1.6299559e-05
1.6034606e-05
1.6543944e-05
0.0025263617
1.6234176e-05
1.6666702e-05
1.581723e-05
1.6063445e-05
1.5897473e-05
1.5844778e-05
1.8157019e-05
1.6443108e-05
0.0022361078
1.6030553e-05
0.0017837983
1.6210997e-05
1.5913081e-05
1.6838061e-05
0.015117624
1.6049483e-05
1.6871789e-05
1.5847614e-05
2.8765921e-05
1.628833e-05
1.6528789e-05
1.6266193e-05
5.488838e-05
0.0030273675
1.6658267e-05
1.9224992e-05
0.0071357916
1.6358332e-05
1.5846057e-05
2.1699997e-05
1.6510529e-05
1.6561494e-05
1.6316998e-05
2.1184506e-05
1.6402229e-05
0.0026861172
1.6328399e-05
1.6214143e-05
1.6536927e-05
1.6461525e-05
1.6318361e-05
1.6640947e-05
1.6159214e-05
1.6362141e-05
1.6347657e-05
1.5890911e-05
1.6384337e-05
1.6406757e-05
1.6537817e-05
1.5836872e-05
2.1042014e-05
1.6074549e-05
1.598332e-05
1.7560355e-05
1.6694495e-05
0.0011512752
1.6153791e-05
1.5806084e-05
1.6205646e-05
0.0026128993
0.00015222461
1.6825469e-05
1.5887729e-05
1.5832304e-05
1.6361115e-05
1.6707633e-05
0.0038816444
1.5869998e-05
1.6366754e-05
1.6343529e-05
1.6713618e-05
1.6149075e-05
1.5884022e-05
1.6664225e-05
1.6817778e-05
1.5873391e-05
1.6839699e-05
1.6431873e-05
1.6187674e-05
1.7490613e-05
1.6304867e-05
1.5874555e-05
1.604836e-05
1.6376237e-05
2.9018099e-05
1.6379525e-05
1.6531138e-05
2.1673167e-05
1.6662432e-05
1.6301277e-05
1.6279552e-05
1.6276674e-05
2.1170856e-05
2.8014902e-05
1.673264e-05
1.6776667e-05
1.644523e-05
1.7374136e-05
0.0032829534
1.6476799e-05
1.6040901e-05
1.6044593e-05
1.5851048e-05
1.6040587e-05
1.6793043e-05
0.0014301294
1.6695962e-05
0.0022860601
1.6668364e-05
1.6071165e-05
1.6481856e-05
1.6434845e-05
1.6371144e-05
1.6543015e-05
1.6332343e-05
1.6440014e-05
1.6041978e-05
1.644679e-05
1.6442988e-05
1.6387653e-05
1.6805547e-05
1.6365715e-05
1.6042089e-05
1.6402375e-05
1.6045303e-05
1.6306179e-05
1.5806667e-05
1.685056e-05
1.5913437e-05
1.6369999e-05
1.6197474e-05
1.5891243e-05
1.6574875e-05
1.6355885e-05
1.6588979e-05
1.6466116e-05
1.5975407e-05
1.6173843e-05
0.0061487476
0.01700724
1.6406e-05
1.6654242e-05
1.6681176e-05
0.00041287338
1.6099118e-05
1.617238e-05
1.5813167e-05
0.016612498
1.6321021e-05
1.587418e-05
1.6967297e-05
1.5871145e-05
1.6533603e-05
1.6338611e-05
2.7344031e-05
1.6634209e-05
1.5890693e-05
1.5878785e-05
7.5728865e-05
1.6503951e-05
1.6437406e-05
0.0051677187
0.00031862355
1.6323904e-05
1.5836984e-05
0.017352466
1.5948404e-05
1.579888e-05
1.5800516e-05
2.0954182e-05
1.6251782e-05
1.6272524e-05
1.6294473e-05
1.6514647e-05
1.6251043e-05
1.6317732e-05
1.5978228e-05
1.6279762e-05
1.6248286e-05
1.7008064e-05
1.5834264e-05
1.6361468e-05
1.693372e-05
1.5968678e-05
3.2655491e-05
1.6547315e-05
1.6277407e-05
1.5922678e-05
1.5964086e-05
2.070931e-05
1.5826552e-05
1.6420792e-05
5.3212636e-05
1.6417998e-05
1.5848874e-05
1.6113063e-05
1.6252479e-05
1.646371e-05
1.610666e-05
0.0099715058
0.0003939207
1.6262646e-05
1.5844673e-05
1.5886461e-05
1.5867933e-05
8.0368823e-05
1.6033903e-05
1.6666994e-05
1.593221e-05
1.6050319e-05
1.5827426e-05
0.001255643
1.6378248e-05
1.6400462e-05
1.5897059e-05
1.5892424e-05
1.5875537e-05
1.6298742e-05
1.6885905e-05
1.5907628e-05
1.5859706e-05
0.0052016125
0.0018567621
1.5912203e-05
1.5874171e-05
1.6701439e-05
1.615934e-05
1.6494038e-05
1.6506027e-05
1.5922138e-05
0.00028586239
0.016898295
1.5878283e-05
1.6564658e-05
3.4497032e-05
1.6650143e-05
1.6984304e-05
1.6474705e-05
1.6484349e-05
1.6336079e-05
1.656386e-05
1.6205669e-05
1.5879935e-05
1.64954e-05
1.6456744e-05
1.8075198e-05
1.6260981e-05
1.5884314e-05
1.8184479e-05
1.6366505e-05
0.0088955916
1.7545407e-05
1.6548071e-05
2.7157771e-05
1.6073917e-05
0.0010800048
1.5968037e-05
1.632969e-05
1.5898602e-05
1.6283216e-05
1.5894663e-05
1.6228924e-05
1.6804703e-05
1.624516e-05
1.634265e-05
1.6393945e-05
0.00095793762
1.6204633e-05
1.6345212e-05
0.0098776762
1.5909888e-05
1.6496499e-05
1.630509e-05
1.5793125e-05
1.605891e-05
1.6333284e-05
1.5910697e-05
1.6397583e-05
1.5947909e-05
1.6463121e-05
1.66395e-05
1.6592144e-05
0.011216603
1.8686696e-05
0.0024255763
1.5895898e-05
1.5931775e-05
0.017077878
1.6190283e-05
1.6360136e-05
1.5950486e-05
1.6427921e-05
1.6025105e-05
0.012323566
0.0014581471
1.5892994e-05
1.5823907e-05
0.00052334226
0.0053543305
3.3748994e-05
1.6497036e-05
0.0044344502
1.6335985e-05
1.6018241e-05
1.6159309e-05
1.6035217e-05
1.6461244e-05
1.5826089e-05
1.6093614e-05
1.5853448e-05
1.8520479e-05
1.6416938e-05
1.650981e-05
0.013379845
0.01654309
1.5796633e-05
1.6867119e-05
1.5982054e-05
1.5955502e-05
1.8988928e-05
1.6034832e-05
1.669967e-05
1.5842188e-05
1.6121679e-05
1.5937351e-05
1.6170973e-05
1.8449854e-05
1.6512404e-05
1.6081711e-05
0.00064919934
1.643695e-05
0.00028200709
1.6315519e-05
0.0017520816
1.6125504e-05
1.6659421e-05
1.5845059e-05
1.612198e-05
0.015823448
1.656039e-05
1.6389861e-05
0.014220057
1.6103876e-05
1.6085444e-05
1.6424521e-05
1.5896718e-05
3.9050357e-05
1.59016e-05
1.6124623e-05
1.6327376e-05
1.6433687e-05
1.6673831e-05
1.795957e-05
1.5955814e-05
1.6844801e-05
1.6477227e-05
1.5944848e-05
1.5792859e-05
1.590493e-05
1.606406e-05
1.59338e-05
1.5909228e-05
1.6259571e-05
1.6319257e-05
1.6012272e-05
0.017345463
1.633793e-05
1.6188472e-05
1.6718914e-05
1.6892734e-05
4.1328975e-05
0.014937369
0.0028771649
1.6451749e-05
1.5836452e-05
1.6068455e-05
1.5940204e-05
1.6057399e-05
1.6013137e-05
1.5916161e-05
1.5990467e-05
1.6613808e-05
1.6211181e-05
1.6091111e-05
1.6394835e-05
1.5854651e-05
1.6106699e-05
1.5876229e-05
0.00076305295
1.6295812e-05
1.5889979e-05
1.6162122e-05
1.6090302e-05
1.6367977e-05
0.00071184964
1.6500614e-05
0.015639705
1.6232833e-05
4.9781891e-05
1.5847802e-05
1.6346246e-05
1.5832531e-05
1.6268529e-05
1.6429051e-05
1.6106933e-05
1.6427882e-05
3.0272604e-05
1.602716e-05
1.6042007e-05
1.6044901e-05
1.7211187e-05
1.6081719e-05
1.600055e-05
1.6138717e-05
1.6669942e-05
1.6179649e-05
0.00012897286
1.6018206e-05
1.581184e-05
2.6653917e-05
2.8721181e-05
1.6121978e-05
1.6230841e-05
1.6862768e-05
0.0027718274
1.6200757e-05
1.6020097e-05
1.6158472e-05
1.6199925e-05
1.6251032e-05
1.6660732e-05
1.6059218e-05
1.6164602e-05
1.6298977e-05
1.6270286e-05
2.2747696e-05
1.6635958e-05
0.0019729582
1.9434268e-05
1.725873e-05
0.016060168
1.5876817e-05
1.6308172e-05
1.6023229e-05
1.611428e-05
2.8522757e-05
1.6534308e-05
1.6135187e-05
1.5921379e-05
1.643513e-05
1.6164879e-05
1.6187553e-05
1.6427839e-05
1.6371936e-05
1.5794706e-05
0.0014120347
1.6706607e-05
1.6251667e-05
1.6619912e-05
0.016306821
1.6429274e-05
0.00029582079
1.5906737e-05
1.6415841e-05
1.6057059e-05
1.5931948e-05
1.702126e-05
1.6191044e-05
1.6068254e-05
1.6053392e-05
1.7031205e-05
1.6676203e-05
0.014991682
1.5934019e-05
1.589083e-05
1.5887226e-05
0.012525983
1.6007751e-05
1.8312775e-05
1.6165168e-05
1.5838956e-05
1.654808e-05
1.6650588e-05
1.6420932e-05
1.5848284e-05
1.6144048e-05
0.015085383
1.5843453e-05
1.6264944e-05
2.4740869e-05
1.6166085e-05
1.604562e-05
1.5916284e-05
1.661535e-05
0.0050987547
1.6308807e-05
1.6597989e-05
1.5889182e-05
0.0019379191
1.6008213e-05
1.6358989e-05
1.6466832e-05
0.0001130677
1.6275049e-05
1.6314333e-05
1.626867e-05
1.6304495e-05
2.2376184e-05
1.5903403e-05
1.8016266e-05
1.6425116e-05
1.6324191e-05
1.6680543e-05
1.7026131e-05
1.6348126e-05
1.5983906e-05
1.5994922e-05
1.6625661e-05
1.6640823e-05
1.6354182e-05
1.5861689e-05
1.5998815e-05
1.6291193e-05
1.6586032e-05
1.6460586e-05
0.00013794754
1.6380391e-05
4.1849934e-05
1.5851666e-05
1.6918933e-05
1.5872712e-05
1.622077e-05
1.580539e-05
1.6143272e-05
1.6371742e-05
8.1732921e-05
5.0753683e-05
1.6345477e-05
1.6167881e-05
1.5798324e-05
4.0312058e-05
1.6124728e-05
1.7285666e-05
1.6407266e-05
1.6136995e-05
1.6594099e-05
1.6780601e-05
1.7128847e-05
1.6684503e-05
1.6487834e-05
1.6522663e-05
1.6012992e-05
1.6574215e-05
1.653446e-05
2.1205784e-05
1.6494281e-05
0.0023444853
1.6510912e-05
1.6411683e-05
1.7046225e-05
1.656462e-05
1.6460981e-05
1.6235675e-05
1.6613434e-05
1.7284152e-05
1.6466682e-05
1.6394966e-05
0.0021646719
1.6915515e-05
1.6427497e-05
1.6330017e-05
1.6784546e-05
1.5970212e-05
1.6388836e-05
1.5849966e-05
1.3391134e-05
1.6264992e-05
1.6104293e-05
0.0017171665
1.5833791e-05
1.5929679e-05
1.6065108e-05
3.8034203e-05
0.0020179288
1.6009921e-05
0.00012319385
1.6144859e-05
1.7214522e-05
0.0014704996
0.0013534384
1.6042126e-05
1.6518323e-05
2.2560021e-05
1.7251607e-05
1.5984184e-05
1.4540749e-05
1.5943849e-05
1.6961265e-05
0.0016417244
1.5959769e-05
1.8632014e-05
1.6321646e-05
1.6353407e-05
1.6640689e-05
0.0001204077
1.6002928e-05
0.0036155334
2.8396409e-05
0.0091392124
0.00039009949
1.5830082e-05
1.5941506e-05
0.000287474
0.00012436383
1.5892316e-05
1.5885487e-05
1.6018228e-05
1.6595915e-05
1.6050341e-05
0.00042419082
1.5906237e-05
1.6099468e-05
1.6332244e-05
1.6743954e-05
1.6651029e-05
1.6717202e-05
1.610954e-05
0.005834354
0.00087064964
1.5869103e-05
1.674991e-05
0.0070551462
1.6241628e-05
1.663692e-05
1.6627951e-05
1.7067619e-05
0.0028442537
0.0016903598
0.002184642
1.6934026e-05
1.6828523e-05
1.6112358e-05
0.00054987154
1.6072956e-05
1.5996838e-05
0.0065563047
1.582746e-05
1.6492186e-05
0.00015311197
1.6093235e-05
1.6764853e-05
0.0056070823
8.0981964e-05
0.0034090127
2.5321521e-05
1.5973641e-05
0.0039394117
0.0020705077
2.2655173e-05
1.6045008e-05
0.017084931
0.0013843193
1.9326597e-05
1.6488347e-05
0.00066962927
1.6192898e-05
7.5231391e-05
2.1539692e-05
0.0043690511
1.5978684e-05
6.2054878e-05
1.6291384e-05
0.0015442584
1.632445e-05
2.6283365e-05
1.6269157e-05
1.6537627e-05
0.0069483122
0.002800263
1.8221977e-05
1.7124594e-05
1.6011005e-05
1.6594396e-05
1.6627767e-05
3.0281151e-05
1.7646376e-05
1.5896349e-05
1.7416988e-05
1.5893167e-05
1.6495182e-05
1.6334116e-05
1.630847e-05
1.7951405e-05
1.5421743e-05
4.4548559e-05
0.0022317716
0.0015762402
1.5986804e-05
1.7339712e-05
1.5987633e-05
0.0016562425
1.661497e-05
1.6249519e-05
1.5816746e-05
1.5840404e-05
1.6133528e-05
1.6478095e-05
1.6630354e-05
0.00040896201
1.7212411e-05
2.0372257e-05
1.5812936e-05
1.6369002e-05
1.5901277e-05
0.0017955788
1.6337142e-05
1.616087e-05
1.6350326e-05
1.6564841e-05
0.0011358647
9.0247496e-05
1.6080866e-05
1.6393184e-05
1.6405397e-05
0.00055951177
1.7142641e-05
1.663677e-05
1.6529909e-05
1.6364366e-05
0.011136206
1.7081491e-05
1.6326034e-05
1.7123506e-05
1.6357551e-05
1.5823672e-05
0.0016262654
1.6355548e-05
0.0077937485
1.578716e-05
0.001638548
1.6457912e-05
1.68856e-05
1.6637897e-05
1.675036e-05
0.0053005162
1.7046626e-05
1.7197386e-05
1.6268261e-05
1.5800982e-05
0.0063632901
5.7024773e-05
1.5937776e-05
0.00074141024
1.5732173e-05
1.6731405e-05
1.6069662e-05
0.0010292062
1.5874099e-05
1.5833258e-05
0.0018522062
1.5995044e-05
1.6877595e-05
1.6644522e-05
0.00063816755
1.9644367e-05
1.6658895e-05
1.5797629e-05
1.5944837e-05
0.00014737478
1.6502745e-05
1.6815711e-05
1.5891467e-05
1.6525694e-05
1.6315305e-05
0.0019670441
0.00053756616
0.0054522447
1.7123269e-05
1.6397839e-05
1.634428e-05
0.017348471
1.6665411e-05
1.6098827e-05
1.649375e-05
1.7282486e-05
2.801993e-05
1.8870316e-05
5.7286351e-05
1.5799241e-05
1.6159842e-05
1.6515312e-05
0.003070174
1.6871195e-05
1.6421183e-05
1.4135011e-05
1.6351452e-05
1.5852729e-05
0.00048667847
1.6553755e-05
1.6324876e-05
1.5853176e-05
1.6969024e-05
1.6337034e-05
1.6278706e-05
1.6529675e-05
1.6998731e-05
1.5928572e-05
0.00080809203
1.5797822e-05
0.0010283406
3.7081091e-05
0.011210311
1.6499669e-05
1.6117204e-05
8.2098296e-05
1.6593379e-05
1.633807e-05
0.0016297248
1.6398042e-05
2.4520703e-05
2.2675862e-05
0.00027018978
1.5898005e-05
0.0024029307
1.5928059e-05
1.5977979e-05
1.6160309e-05
1.6508546e-05
1.6433961e-05
1.6591632e-05
1.7297783e-05
1.7548113e-05
1.6251566e-05
1.6891144e-05
1.5917078e-05
1.8118378e-05
1.6198274e-05
0.00010993504
5.5429356e-05
1.6479304e-05
1.7084589e-05
1.6531423e-05
1.6519871e-05
1.6190797e-05
1.6203066e-05
1.705011e-05
0.00015875468
1.5864749e-05
1.6541875e-05
1.6569981e-05
1.5814833e-05
1.6341627e-05
1.6451166e-05
2.3494962e-05
1.5795887e-05
1.6584804e-05
1.6598792e-05
1.5875601e-05
1.5902936e-05
0.0051264011
1.6828354e-05
0.00014397517
7.8126516e-05
0.0015965735
1.5908449e-05
1.6323215e-05
1.5980123e-05
1.6066516e-05
0.0037089898
0.0048409645
1.6487453e-05
1.6242659e-05
1.6464957e-05
1.6403178e-05
0.00012235296
4.1569932e-05
1.5963073e-05
1.6569686e-05
1.6823063e-05
1.6651325e-05
1.5842465e-05
1.626459e-05
1.6096202e-05
0.0010395038
1.6032805e-05
1.5923405e-05
1.6558736e-05
1.6546522e-05
1.6612867e-05
1.6795481e-05
0.0032790245
1.6245688e-05
1.6615717e-05
1.6286422e-05
1.6876728e-05
1.5819176e-05
1.6356314e-05
3.0769026e-05
1.6361968e-05
1.5824708e-05
1.5872356e-05
1.6093844e-05
1.7044407e-05
1.6459643e-05
1.6261167e-05
1.5859804e-05
2.529546e-05
1.5870737e-05
0.00020072687
1.5859685e-05
1.9264727e-05
0.001722882
1.7286124e-05
0.0020670031
1.6252537e-05
2.335443e-05
1.6521451e-05
1.686126e-05
1.5866129e-05
2.6204597e-05
6.4985475e-05
0.00025827677
1.6066924e-05
1.6267918e-05
1.6523355e-05
0.0001099265
0.00020685174
1.6486686e-05
1.6181694e-05
5.0494581e-05
1.7422709e-05
1.6847239e-05
1.6451004e-05
1.656946e-05
1.7347959e-05
1.592164e-05
1.6626029e-05
0.0089571682
1.6287943e-05
0.0031123975
1.7232779e-05
1.7252915e-05
1.6280629e-05
0.00031576795
1.6429504e-05
1.6388484e-05
1.6030641e-05
1.5801152e-05
0.0014856328
1.6078651e-05
0.01048944
1.6293883e-05
1.628081e-05
4.6623536e-05
0.0007940336
1.5897562e-05
1.6543935e-05
0.016983696
0.0010508633
1.6374108e-05
0.0016204196
0.0033850399
1.6347876e-05
1.6071615e-05
0.0010948213
1.6340108e-05
1.596531e-05
0.0002504034
1.6750146e-05
1.6054053e-05
0.011891315
1.5962451e-05
0.00018022099
1.6311014e-05
1.6293914e-05
1.6299483e-05
1.5821352e-05
2.2924274e-05
1.8886659e-05
1.582033e-05
0.00061530361
1.6659203e-05
1.6748495e-05
1.609489e-05
0.010729576
1.6139392e-05
1.583053e-05
2.3605375e-05
1.5953644e-05
1.7836997e-05
1.5970714e-05
1.5867601e-05
1.5952982e-05
1.8805382e-05
1.7229915e-05
1.6393189e-05
0.001580796
1.6596385e-05
1.6507135e-05
1.5000114e-05
0.00080872089
0.0024841209
1.5788462e-05
0.0067446655
1.6306306e-05
1.6701022e-05
1.6694537e-05
1.6879688e-05
0.0015137649
0.00015268646
1.6080296e-05
2.4456861e-05
0.00028833601
1.588571e-05
1.5984221e-05
0.0013977653
0.0016237224
1.593488e-05
1.6358742e-05
0.0024101247
0.0012615356
1.6248272e-05
1.6044578e-05
1.6213156e-05
3.6088001e-05
1.7347024e-05
0.011133996
1.6296051e-05
1.6146523e-05
0.017174779
0.00010180321
8.5989745e-05
1.6716319e-05
1.5857295e-05
5.3096436e-05
1.70522e-05
0.00026386691
1.6365982e-05
1.6358183e-05
0.0017232882
1.6616773e-05
1.636076e-05
1.6346231e-05
1.6095775e-05
1.6806414e-05
0.0027747304
1.7412523e-05
0.0011452656
1.6576331e-05
6.3847678e-05
1.5869692e-05
3.2324738e-05
1.6783516e-05
0.00039005069
0.0016893105
5.4437883e-05
1.8330839e-05
2.9264516e-05
1.6432902e-05
1.6554893e-05
1.6576054e-05
0.0012912217
1.5824237e-05
1.620375e-05
1.6569862e-05
1.6564223e-05
1.6911687e-05
0.0014354891
1.5826901e-05
0.00011883614
1.6683836e-05
0.0020609114
1.5906206e-05
1.6194165e-05
1.8419416e-05
1.6355623e-05
1.6082039e-05
0.00020360957
1.9756981e-05
1.6548012e-05
1.592816e-05
2.8124298e-05
0.0047577376
1.6392066e-05
1.65815e-05
0.00013846313
1.6351136e-05
0.0023354946
0.0036723607
0.0021748539
1.8165465e-05
2.1033722e-05
1.598394e-05
1.6580257e-05
0.0058183835
1.6281777e-05
1.5906646e-05
1.6690084e-05
0.00011967263
1.6414561e-05
1.6698261e-05
1.6081601e-05
1.585954e-05
0.017812632
0.0011084544
1.6933625e-05
1.6025573e-05
0.0022399555
1.6592867e-05
1.6585846e-05
1.6619739e-05
3.4584366e-05
3.6038384e-05
1.6313883e-05
1.6266909e-05
1.5801793e-05
1.6789876e-05
0.0011695304
1.6267876e-05
2.3625219e-05
1.7251473e-05
1.6260948e-05
1.5823254e-05
1.5890408e-05
1.6472175e-05
1.6495775e-05
1.6239586e-05
1.7508981e-05
0.0032610742
1.6393507e-05
1.5922742e-05
1.6914588e-05
0.0012318774
1.5821896e-05
0.010205353
1.6649395e-05
0.017108661
0.0033704253
1.6783455e-05
1.712679e-05
1.9781153e-05
0.005873407
1.6870771e-05
1.7448716e-05
1.81821e-05
1.6233117e-05
1.5996852e-05
1.6386034e-05
1.6273286e-05
0.0016283318
1.6235708e-05
0.0020126177
1.6304959e-05
1.6105382e-05
0.0024478032
1.5916056e-05
2.798e-05
3.9877457e-05
1.6030005e-05
1.6600766e-05
1.750255e-05
1.5910876e-05
1.6296865e-05
1.6531572e-05
1.6019231e-05
1.5927178e-05
1.594918e-05
0.015371342
1.5870239e-05
1.6446955e-05
1.7865645e-05
1.5866266e-05
0.0015982164
1.643341e-05
1.6401506e-05
0.00079747939
0.0030913485
1.7545192e-05
1.6275118e-05
0.0083270443
1.6384886e-05
1.6188916e-05
2.3317097e-05
1.6348946e-05
1.6039182e-05
0.00099967713
8.3853426e-05
1.6650794e-05
0.00021570574
1.5933176e-05
1.5800998e-05
1.6696573e-05
1.5888947e-05
1.6536128e-05
1.5810248e-05
0.011391806
1.6098011e-05
2.8164196e-05
1.6096247e-05
1.6427557e-05
1.6008804e-05
1.6661302e-05
1.6412134e-05
1.6463333e-05
1.627757e-05
1.6572856e-05
1.5847968e-05
0.0046049294
1.6424639e-05
1.5903499e-05
0.0089899313
1.6670746e-05
1.7473841e-05
1.6171841e-05
1.6586766e-05
1.5884553e-05
1.708151e-05
0.0016325738
2.981004e-05
1.6021933e-05
3.0237608e-05
5.2419163e-05
1.6665562e-05
2.0315856e-05
1.6607539e-05
1.6540496e-05
1.6935178e-05
1.6399211e-05
1.5854062e-05
1.5911624e-05
1.5894197e-05
4.1580795e-05
1.578778e-05
1.6360373e-05
1.6827668e-05
1.6397275e-05
1.6422018e-05
2.113776e-05
1.6258186e-05
0.00022522902
1.5793307e-05
1.6485608e-05
1.6770732e-05
1.6468678e-05
1.5873421e-05
1.6907807e-05
1.6638839e-05
0.0019186034
1.6084907e-05
1.7902497e-05
1.6158746e-05
1.6634597e-05
1.5936797e-05
1.6820272e-05
1.5790743e-05
1.6221998e-05
1.5983097e-05
0.0003064478
1.6314281e-05
1.6304678e-05
0.00052801222
1.5785679e-05
1.5831297e-05
0.0040516412
1.6560527e-05
1.6388415e-05
1.6090316e-05
1.6335364e-05
1.5990784e-05
1.5786191e-05
1.6480569e-05
1.6913485e-05
1.587201e-05
1.5791196e-05
1.5795276e-05
1.3888147e-05
1.599079e-05
1.646994e-05
1.7753862e-05
1.5786915e-05
1.6570418e-05
1.589189e-05
2.0114791e-05
1.6301118e-05
1.6309785e-05
1.5784947e-05
1.7933788e-05
0.0032613131
0.016547336
1.6331698e-05
0.001366485
1.9215461e-05
1.6117246e-05
1.6564777e-05
1.7174468e-05
1.6703551e-05
0.00012346356
2.3520343e-05
1.5891141e-05
1.6276421e-05
1.6481016e-05
1.6501921e-05
1.6028188e-05
0.0021974925
0.0010303125
1.6631084e-05
1.6886587e-05
1.6666709e-05
1.5925122e-05
1.708605e-05
1.7811298e-05
3.5779085e-05
1.5787847e-05
0.0014403016
0.00025153984
1.6496939e-05
1.3726974e-05
0.0016356069
0.00011032897
1.6494875e-05
0.0037744974
1.5949685e-05
1.5839679e-05
1.6115637e-05
1.6094589e-05
1.6423749e-05
1.5790902e-05
1.6169899e-05
0.0022693275
1.6442916e-05
1.7501161e-05
1.6452829e-05
1.6061589e-05
1.6470546e-05
1.7786511e-05
1.6932162e-05
3.4257163e-05
0.00095171373
0.001694352
1.5917419e-05
1.6221912e-05
1.6476802e-05
1.626842e-05
1.6501032e-05
1.6770698e-05
0.0021998985
1.6427457e-05
1.58538e-05
5.5376564e-05
1.6369805e-05
0.00017318453
1.8605433e-05
0.0029167928
1.5927566e-05
1.5947779e-05
1.5877381e-05
1.5880472e-05
1.5954244e-05
0.0086547968
2.8284072e-05
0.0032252337
2.3226065e-05
1.6773709e-05
1.5960868e-05
1.6714087e-05
0.0016313801
1.5976706e-05
1.6411023e-05
1.5904542e-05
0.00019141781
1.6789074e-05
1.6571418e-05
1.630733e-05
1.8605131e-05
0.00096576837
0.017052845
0.0022847928
1.6272801e-05
1.6644759e-05
2.0546165e-05
2.1021007e-05
1.6602537e-05
1.6590617e-05
0.0010779124
1.6293797e-05
0.0025149715
1.6283008e-05
0.0025510242
1.610475e-05
0.00041548796
1.5820422e-05
1.6362475e-05
1.6349533e-05
1.6220044e-05
1.5866991e-05
0.00063284801
1.6215849e-05
0.0016890743
1.5851357e-05
1.5893218e-05
1.5943312e-05
1.5810196e-05
1.64987e-05
0.004257461
1.5973812e-05
0.00033598929
5.3576272e-05
1.6643031e-05
1.6387362e-05
1.5989654e-05
1.6543605e-05
1.7237338e-05
1.5892105e-05
1.6634868e-05
0.0012288278
0.0010081123
1.6432707e-05
0.00010981819
2.9721766e-05
1.5850679e-05
1.6024943e-05
1.6211123e-05
1.6351623e-05
1.8249011e-05
1.5883575e-05
0.0030282446
1.5823287e-05
1.6539822e-05
1.6768921e-05
1.6209118e-05
1.6815414e-05
1.6590777e-05
1.9749269e-05
1.5806545e-05
0.0022153254
2.8388978e-05
1.6648421e-05
0.0037690301
1.5834412e-05
7.5154214e-05
1.6543692e-05
1.6109784e-05
1.5825674e-05
1.6642216e-05
0.0014008431
1.6385339e-05
1.6534852e-05
1.5871411e-05
1.6273247e-05
1.6456064e-05
3.4435911e-05
1.6688607e-05
1.6778141e-05
1.8790493e-05
1.5908257e-05
1.6767434e-05
1.6657236e-05
1.5804973e-05
0.00015114742
1.5816406e-05
1.600701e-05
3.6116738e-05
1.5802004e-05
0.0056080355
1.5925772e-05
1.584321e-05
0.0021096491
1.666507e-05
1.5905122e-05
2.4130611e-05
0.0016531645
1.6146536e-05
1.6496044e-05
1.6388236e-05
1.5840825e-05
1.5924599e-05
1.585921e-05
1.638456e-05
1.5808128e-05
1.6259296e-05
0.00085181959
0.010259121
0.002089035
1.6506754e-05
0.0021458638
1.6147298e-05
2.8314484e-05
0.0018753983
1.9824817e-05
1.6373761e-05
1.6356772e-05
1.6756039e-05
1.5937736e-05
0.0086330472
1.6331286e-05
0.0013292049
1.6615714e-05
1.6588085e-05
1.6478649e-05
1.6632814e-05
1.664003e-05
0.0058761352
1.6529741e-05
1.5893793e-05
1.6681921e-05
1.6418967e-05
1.6177842e-05
1.5843438e-05
0.00078137322
0.0062466623
1.5999791e-05
1.5836781e-05
1.6762622e-05
1.6451394e-05
1.5834436e-05
1.6121718e-05
1.6776521e-05
1.5924533e-05
1.6215768e-05
1.5908404e-05
0.00019431334
1.5896301e-05
0.0023975511
1.8408838e-05
3.3245015e-05
1.6329096e-05
1.6276774e-05
1.5824837e-05
1.5909995e-05
1.5828878e-05
1.5974206e-05
1.6410607e-05
0.0015190775
2.1457029e-05
1.6751685e-05
6.8929215e-05
1.6551004e-05
1.6058302e-05
1.605167e-05
1.6448717e-05
1.6243587e-05
1.6702108e-05
0.0013233967
1.6019554e-05
1.6234396e-05
1.6544458e-05
1.6557074e-05
0.00094058102
1.589334e-05
1.6192714e-05
5.1694222e-05
2.2787567e-05
1.6274894e-05
1.6568779e-05
1.6359664e-05
0.0009947646
1.6257652e-05
5.2324624e-05
2.3001037e-05
2.2986956e-05
0.0016180148
1.6448952e-05
0.00065966347
1.6253931e-05
1.6462485e-05
0.0015288519
1.581341e-05
1.6388786e-05
1.4614025e-05
1.6569127e-05
0.0035169945
1.6705248e-05
1.6436861e-05
1.6275592e-05
1.5784088e-05
1.5785321e-05
1.6002966e-05
2.460252e-05
1.6546764e-05
1.5820683e-05
0.0023957515
1.5916542e-05
1.6511851e-05
1.598279e-05
1.6074715e-05
1.6131485e-05
0.0061926039
1.6456081e-05
1.7975554e-05
1.6272639e-05
1.7548138e-05
1.8924381e-05
1.6251808e-05
1.6424567e-05
1.6210384e-05
0.0015682594
1.6567876e-05
1.6319681e-05
0.0023207061
1.5899221e-05
1.5830107e-05
1.6531855e-05
1.5954127e-05
0.0014628511
1.6440174e-05
1.5959277e-05
1.6194115e-05
1.5853396e-05
2.3775515e-05
0.0039427944
1.7140063e-05
1.6384802e-05
1.3827812e-05
1.5958125e-05
1.6642997e-05
1.6384832e-05
0.00026932354
1.6375341e-05
0.00013160746
1.5802636e-05
0.012331218
1.6275051e-05
1.5852391e-05
1.6680145e-05
1.7143994e-05
1.6377667e-05
1.6261273e-05
1.5839237e-05
1.6395744e-05
1.6230459e-05
0.010341238
0.0029421864
2.1973189e-05
0.00010592925
1.6383879e-05
4.1359607e-05
1.657299e-05
1.6443937e-05
1.6519727e-05
1.5856146e-05
5.38991e-05
1.7434068e-05
0.0033382663
1.6469552e-05
1.6070214e-05
1.5962696e-05
0.0075906856
1.7121714e-05
1.6569842e-05
1.6004537e-05
1.6120296e-05
1.5954276e-05
1.639965e-05
1.644355e-05
1.5954963e-05
1.6713176e-05
1.6891861e-05
0.00032390668
1.6152879e-05
0.002310096
4.8032161e-05
1.5877084e-05
1.5856296e-05
1.6864208e-05
1.6833191e-05
8.2378133e-05
1.6056907e-05
1.6334825e-05
1.6359469e-05
0.00017917005
1.6133709e-05
0.0059970291
1.5957052e-05
1.6258569e-05
1.6359585e-05
1.6470617e-05
1.6600683e-05
1.6058749e-05
0.0023200389
1.6007484e-05
1.5833204e-05
1.6014455e-05
1.5932747e-05
0.0010544337
1.6213248e-05
1.5785072e-05
1.5784576e-05
1.6305013e-05
1.5903804e-05
1.6411364e-05
1.5831509e-05
1.6543994e-05
1.6124295e-05
0.014308243
3.2513252e-05
1.6034859e-05
1.579221e-05
1.6477865e-05
1.5858374e-05
1.7129548e-05
1.7338839e-05
2.2315753e-05
1.6683141e-05
1.5948983e-05
1.6494071e-05
0.00031429913
1.5976055e-05
1.6520803e-05
1.6363278e-05
1.64186e-05
1.6594568e-05
2.3334016e-05
0.00044140649
1.6187738e-05
1.6625279e-05
1.6094496e-05
0.0045631065
0.0016305498
1.6012928e-05
6.3764472e-05
1.6672103e-05
1.6539173e-05
1.6327055e-05
3.2278873e-05
1.6600386e-05
5.6077066e-05
4.734155e-05
0.00059057557
1.6040664e-05
1.6244697e-05
1.5879673e-05
1.5917295e-05
1.5874967e-05
1.598863e-05
1.6554351e-05
1.6488746e-05
0.0013466383
0.0095843901
0.00011668019
1.6869736e-05
1.625775e-05
1.6284854e-05
1.6774036e-05
1.6860487e-05
0.0011311806
0.0014588009
1.6455599e-05
1.926866e-05
1.6216622e-05
1.6077033e-05
1.5981353e-05
1.6447888e-05
0.0025362432
1.6216754e-05
0.0053105099
1.6398133e-05
0.00030564757
1.5824205e-05
1.626628e-05
1.593268e-05
1.6316151e-05
2.3710376e-05
1.5907266e-05
1.6101976e-05
2.2778241e-05
1.6415989e-05
0.015508209
0.0055024006
1.7037588e-05
2.8307859e-05
1.6327075e-05
1.6162562e-05
0.00035128498
0.0024105125
1.6368864e-05
1.5883134e-05
1.5499825e-05
1.6464771e-05
0.0015081511
1.6296314e-05
0.017176051
1.6067789e-05
1.5923488e-05
0.00019937066
1.6441962e-05
0.00087546264
1.6316976e-05
1.5825147e-05
1.6098278e-05
1.6516664e-05
1.609779e-05
1.6191054e-05
1.6462498e-05
1.5818338e-05
1.6835632e-05
1.6550333e-05
1.7472513e-05
1.6439171e-05
0.0067464776
1.6680072e-05
1.5791728e-05
1.7239691e-05
1.6567639e-05
1.6673412e-05
1.5795182e-05
1.6409152e-05
0.00014804723
1.705057e-05
0.0023740071
1.648518e-05
0.00088481414
1.6322214e-05
1.7758216e-05
1.5799112e-05
1.5961602e-05
1.5848196e-05
1.6437435e-05
1.6243307e-05
1.6104488e-05
1.6346344e-05
1.5863778e-05
1.5805619e-05
1.6287093e-05
0.0013175086
4.2978927e-05
1.6098528e-05
1.635032e-05
1.6043158e-05
0.00012648149
1.7455355e-05
1.6568953e-05
1.6265171e-05
0.0093208957
1.5507171e-05
1.6082286e-05
0.0035485363
1.6428067e-05
1.611383e-05
0.00019061188
1.6064017e-05
1.599493e-05
0.00038227693
6.82981e-05
1.6612679e-05
0.00092096254
1.5828057e-05
1.6564912e-05
1.6542787e-05
1.610707e-05
0.0022156385
1.609175e-05
1.5798441e-05
1.6286335e-05
0.001540192
1.6007497e-05
1.6630612e-05
1.60283e-05
1.6504726e-05
0.0017244472
0.00057146371
1.6907748e-05
1.6801483e-05
1.6132854e-05
1.8126595e-05
1.6514954e-05
0.00018735082
1.6342232e-05
1.6361033e-05
3.4120936e-05
1.5971423e-05
1.6174434e-05
2.277984e-05
1.8797414e-05
0.0052272597
1.761599e-05
1.7907338e-05
0.00094714478
1.7622218e-05
1.6266838e-05
1.6846261e-05
1.6433954e-05
0.0012496017
0.0014337851
1.5852291e-05
1.590146e-05
1.6136837e-05
1.7125275e-05
1.6296906e-05
1.6243326e-05
0.0034330423
1.5847384e-05
0.0014262164
1.5848618e-05
1.64241e-05
1.7762758e-05
0.0085127199
1.6236295e-05
1.6234273e-05
5.6056683e-05
1.5850464e-05
0.00019936158
1.6025425e-05
0.00078137414
1.6447347e-05
1.5817082e-05
1.6077331e-05
1.6979631e-05
0.0011517803
1.6220313e-05
0.0019622378
1.6500622e-05
0.00025168964
0.0011564274
1.5919817e-05
1.5981372e-05
1.6489493e-05
1.778084e-05
1.6437039e-05
1.6600714e-05
1.6134996e-05
0.0034531352
0.00060828205
1.635236e-05
1.5895858e-05
1.6641206e-05
1.7189017e-05
1.6010802e-05
1.3852662e-05
1.5980142e-05
1.6135507e-05
1.6339242e-05
1.6225765e-05
0.0004474053
1.657882e-05
0.00019471229
0.015404097
1.680972e-05
0.0012449598
1.6654229e-05
1.593139e-05
1.6143476e-05
0.00017064385
1.5865013e-05
0.0095897643
1.6692124e-05
1.6441042e-05
3.242908e-05
1.5802703e-05
2.8112776e-05
0.0010813183
1.5898315e-05
1.5885191e-05
1.6756057e-05
1.6612236e-05
2.3624034e-05
1.5788381e-05
1.5992607e-05
1.6390273e-05
1.7033576e-05
1.6367094e-05
0.00010440437
0.013977787
1.6641267e-05
0.002100528
1.5915041e-05
2.2663231e-05
1.5839356e-05
1.6632519e-05
1.6984998e-05
3.3223813e-05
0.006575278
1.6403295e-05
1.5959555e-05
1.6258949e-05
2.1026921e-05
1.6576562e-05
0.00018263615
1.6477121e-05
1.6494431e-05
0.0017365412
1.7062696e-05
1.5976686e-05
1.6394361e-05
1.5903358e-05
6.0141323e-05
1.5898928e-05
0.00022401878
1.5998913e-05
1.5821894e-05
1.7652366e-05
1.6348463e-05
1.5847446e-05
1.6827451e-05
0.00074051704
1.6348816e-05
1.6537409e-05
1.5806197e-05
1.5873851e-05
1.639681e-05
1.6076592e-05
1.5950199e-05
0.0023824543
1.6428058e-05
1.6169399e-05
0.0002475843
0.016173699
1.6269099e-05
1.6586692e-05
1.6258652e-05
0.0016131392
1.6106153e-05
1.5818583e-05
2.7803068e-05
1.5980933e-05
0.00018335098
1.630358e-05
0.0017096854
1.6661589e-05
1.5984467e-05
0.00016938165
1.6260239e-05
1.6768234e-05
1.6276802e-05
0.00036289177
1.6209876e-05
4.0807794e-05
1.672295e-05
3.0762875e-05
1.5948762e-05
1.6697859e-05
1.6170067e-05
1.6282254e-05
1.582096e-05
1.5871554e-05
1.6458832e-05
1.6209796e-05
1.5964744e-05
1.6088617e-05
1.8753091e-05
1.6275e-05
1.6429844e-05
1.8074714e-05
1.5840319e-05
1.6636592e-05
1.6282871e-05
0.0005669475
1.6579704e-05
1.6151119e-05
1.6272574e-05
1.6005912e-05
2.1817853e-05
1.602766e-05
1.6095432e-05
0.00019799717
1.7194221e-05
1.6824651e-05
1.8058524e-05
1.6869821e-05
1.580387e-05
1.6564565e-05
1.8974801e-05
1.5854607e-05
1.6389303e-05
1.7836445e-05
1.6783954e-05
1.677234e-05
1.6098447e-05
1.7344827e-05
1.6260869e-05
0.0010902322
1.6532218e-05
1.69666e-05
8.0919665e-05
1.6085928e-05
1.6831947e-05
1.6319321e-05
0.0019296679
0.00015361161
0.00045716444
3.4333314e-05
1.6261081e-05
1.6506003e-05
1.6225817e-05
1.639004e-05
1.6579839e-05
1.6728517e-05
1.5841348e-05
1.6341685e-05
0.0015404034
5.0945438e-05
1.6420005e-05
1.5862265e-05
2.2139753e-05
1.7036588e-05
1.6705969e-05
2.1594282e-05
0.00025133978
0.00010205747
1.6702809e-05
1.6075695e-05
1.69203e-05
1.6628218e-05
1.6913237e-05
1.5857173e-05
2.6475738e-05
1.5800377e-05
1.6304512e-05
0.001532407
1.5823934e-05
1.6393079e-05
1.6150891e-05
1.58326e-05
1.6483514e-05
0.0077323817
0.00357441
1.6936506e-05
1.6258403e-05
1.5815212e-05
1.6210553e-05
1.6305563e-05
1.5927335e-05
1.5408505e-05
1.6247123e-05
1.5948992e-05
1.8689709e-05
2.7843382e-05
1.6258776e-05
1.6370439e-05
1.5989476e-05
1.932649e-05
1.5872618e-05
1.6101459e-05
1.5910374e-05
1.6366229e-05
0.0070994846
1.6648934e-05
1.6461999e-05
0.0016616633
1.6592141e-05
2.0994949e-05
3.9141751e-05
0.0001734622
3.0310193e-05
5.7061355e-05
1.6181114e-05
0.0016255187
0.0038341554
5.4424873e-05
0.0018487173
1.6458737e-05
1.665774e-05
1.6773833e-05
0.00067516589
1.6591434e-05
1.6555791e-05
1.5790504e-05
1.5872008e-05
1.6452197e-05
0.0017833621
1.5825069e-05
0.0016201888
0.0001991865
0.00035189477
1.6483512e-05
1.6523632e-05
1.6267171e-05
0.0016103586
1.6124099e-05
1.6162769e-05
1.6628317e-05
1.6279903e-05
1.6210302e-05
1.6385964e-05
5.0722573e-05
1.6709307e-05
1.873007e-05
1.6494822e-05
0.0012026343
1.6845311e-05
1.6499824e-05
1.5916056e-05
1.6539636e-05
1.5900629e-05
2.3278605e-05
1.6132785e-05
1.6371214e-05
1.5839825e-05
5.3020239e-05
6.032151e-05
0.0022620037
1.6352309e-05
1.5804359e-05
1.6906443e-05
1.5947171e-05
1.5863225e-05
1.5855134e-05
0.0037959163
0.00074522119
1.6094258e-05
1.6773988e-05
1.6455478e-05
0.002045816
1.5989747e-05
0.00028227298
7.0419514e-05
1.6001361e-05
1.625778e-05
1.5890544e-05
1.585862e-05
1.6420627e-05
1.5906674e-05
1.6038259e-05
1.5965446e-05
1.59645e-05
1.5878741e-05
1.5933542e-05
2.2228127e-05
1.6869063e-05
1.6000058e-05
1.6450579e-05
0.00018081991
1.5932716e-05
1.6484071e-05
2.1191585e-05
1.6933224e-05
1.588121e-05
1.7154574e-05
0.0030001896
1.5882889e-05
1.617588e-05
0.003265373
1.5816755e-05
1.9435581e-05
1.3653863e-05
1.586603e-05
1.583654e-05
1.7342176e-05
1.579274e-05
1.6631697e-05
0.00029183186
0.0015144813
2.179202e-05
1.6413388e-05
1.6425032e-05
1.5868623e-05
0.0086243095
1.633168e-05
0.0051786281
1.6274244e-05
1.5863425e-05
0.00030384012
1.5832497e-05
1.6419316e-05
1.6747833e-05
0.00069612932
0.00022497484
0.00011026218
1.6411578e-05
0.00087217713
1.5899712e-05
0.0023170816
1.6379149e-05
0.0035058411
1.6011511e-05
1.6225358e-05
1.6358739e-05
0.0015675983
4.3598578e-05
0.00035079566
1.6098555e-05
1.6202153e-05
1.5793578e-05
1.6466739e-05
1.7506591e-05
1.6564082e-05
1.5826473e-05
1.6060242e-05
1.631556e-05
1.8421375e-05
3.3968431e-05
1.5940339e-05
1.6451183e-05
1.6012178e-05
1.638085e-05
1.5857942e-05
1.6472786e-05
1.6461523e-05
1.632364e-05
1.6795818e-05
1.6839756e-05
1.7364225e-05
0.00078990416
1.7023408e-05
1.653697e-05
1.6230456e-05
0.00256047
1.5887508e-05
4.1555093e-05
1.585133e-05
0.014144979
1.5904948e-05
1.5841417e-05
0.00016136595
1.6419527e-05
1.6635261e-05
0.00018438034
1.6535982e-05
1.6076154e-05
1.6334689e-05
1.6371106e-05
1.6082515e-05
0.0020610873
1.6523106e-05
1.6305216e-05
1.6364467e-05
1.5879217e-05
9.1529384e-05
1.6691944e-05
1.5985523e-05
1.8595858e-05
1.5979606e-05
1.6831983e-05
1.5885431e-05
1.6196243e-05
1.6415632e-05
3.8101786e-05
1.5791374e-05
1.5824559e-05
1.6489454e-05
1.6268847e-05
1.5799277e-05
1.6660816e-05
1.6311708e-05
3.4838153e-05
1.609758e-05
1.6027657e-05
1.6640007e-05
1.585944e-05
1.6630671e-05
1.6064806e-05
0.0027525858
1.6512741e-05
1.6691955e-05
1.6659222e-05
1.6330087e-05
1.6183078e-05
1.6449819e-05
0.0017732982
1.5843456e-05
1.8499826e-05
1.628025e-05
1.6615422e-05
0.0030375728
0.0015655783
1.6569343e-05
1.6200725e-05
1.6430777e-05
1.6616705e-05
0.0095797449
1.7037886e-05
1.7300839e-05
1.7927139e-05
1.6700393e-05
0.00019168287
1.6260582e-05
1.6033906e-05
1.5982148e-05
1.6447345e-05
1.9208947e-05
0.0035496708
1.6508684e-05
1.6104692e-05
0.00025555407
1.6289667e-05
2.3770399e-05
1.6096132e-05
1.6935702e-05
1.5834701e-05
6.7959087e-05
0.012258989
1.6389609e-05
1.6188827e-05
1.6285549e-05
1.5941563e-05
1.6954659e-05
0.0052301503
0.0021895947
1.6342013e-05
3.1624367e-05
1.7077069e-05
1.5905848e-05
1.6477277e-05
1.6101153e-05
2.2720248e-05
0.00077576236
1.635813e-05
1.629015e-05
1.6321597e-05
1.5786561e-05
1.6408358e-05
1.6100796e-05
1.6361758e-05
1.5860579e-05
1.6580329e-05
1.6516318e-05
0.017925634
1.5884231e-05
0.0022990265
0.0023633262
1.5963254e-05
0.00093274369
1.8407e-05
1.599729e-05
1.6136223e-05
1.6621532e-05
1.6489352e-05
1.5819001e-05
1.6306905e-05
3.8674083e-05
1.5797594e-05
1.6483071e-05
1.6464516e-05
4.3061139e-05
1.5870914e-05
1.7268292e-05
0.0017216206
1.6640115e-05
0.0018890157
1.6377674e-05
1.6762131e-05
5.3035067e-05
1.6773713e-05
1.598783e-05
1.6313167e-05
9.0643184e-05
0.0016078992
1.6431022e-05
0.00014395811
1.6093546e-05
1.6512211e-05
1.6353696e-05
1.5996249e-05
1.7724203e-05
1.5790165e-05
1.8098893e-05
1.6667243e-05
1.5899333e-05
1.6715502e-05
1.5918948e-05
2.0437024e-05
1.6475309e-05
1.5910322e-05
1.6594178e-05
1.6262426e-05
1.6533223e-05
2.4533893e-05
1.6675114e-05
1.5977001e-05
2.2567313e-05
1.5982187e-05
1.8579032e-05
1.612834e-05
1.5859228e-05
1.6690364e-05
1.6441953e-05
1.591973e-05
1.6722597e-05
0.00011194494
1.5852722e-05
1.6727621e-05
1.6642062e-05
1.6237152e-05
0.00016143243
1.6451362e-05
4.7496456e-05
1.6332326e-05
0.00012483197
1.6394998e-05
1.6189299e-05
1.6172061e-05
1.5847769e-05
0.00062602783
1.6165965e-05
1.5850957e-05
1.6636227e-05
1.6674777e-05
1.6367391e-05
1.6338707e-05
1.998491e-05
1.5937078e-05
1.6681482e-05
1.5937362e-05
1.7153342e-05
0.0059954939
1.629844e-05
0.0018861391
1.661352e-05
0.0014985855
1.5827039e-05
1.5879012e-05
2.3786174e-05
0.00089500439
0.0099409558
1.6245862e-05
1.6228427e-05
0.011122074
1.6317423e-05
1.6203526e-05
1.5820996e-05
1.6219911e-05
1.6230576e-05
1.5823564e-05
1.71099e-05
1.5850965e-05
1.6407604e-05
0.0062811644
4.9288294e-05
1.6877148e-05
0.0051164565
1.5944958e-05
1.5834247e-05
1.6062924e-05
0.00024456708
0.00060032938
1.6342418e-05
0.0014181922
1.6127725e-05
1.5995858e-05
0.00017393085
1.6205342e-05
1.6493253e-05
2.4317035e-05
1.5965983e-05
2.1675548e-05
1.6637598e-05
0.00017990965
0.00014686365
1.6368119e-05
1.6518363e-05
1.5821182e-05
0.00017731908
1.6351824e-05
1.647338e-05
1.6546685e-05
1.8677549e-05
0.00011519331
1.6351478e-05
1.6580864e-05
1.6396008e-05
1.6158016e-05
1.6297002e-05
3.1806624e-05
1.5808485e-05
1.6113261e-05
1.6455589e-05
1.6407726e-05
1.6112809e-05
1.6674379e-05
1.6318381e-05
0.00093469312
1.6322892e-05
0.013804387
1.6756711e-05
0.0031304829
1.64085e-05
1.6253172e-05
2.7381885e-05
1.6368006e-05
1.6144247e-05
1.6441367e-05
1.6713915e-05
1.5886557e-05
1.5900275e-05
8.3421823e-05
0.0016000962
1.6490812e-05
1.6408813e-05
1.6218778e-05
2.6190882e-05
0.0075348818
0.00018652153
1.6262174e-05
1.7244057e-05
1.6045174e-05
2.1776624e-05
1.6368838e-05
0.0005322784
1.5822481e-05
1.5937219e-05
1.6695946e-05
1.5977185e-05
1.6347883e-05
1.6340067e-05
1.6413746e-05
1.6105755e-05
0.00015691689
1.6528937e-05
1.6750506e-05
0.002264253
0.01759583
1.5993062e-05
1.5788288e-05
1.5835544e-05
0.001224025
1.63927e-05
1.6622281e-05
1.6045192e-05
1.6172637e-05
2.2373794e-05
1.6544939e-05
2.8516118e-05
1.6936749e-05
1.6391768e-05
1.7076831e-05
0.00021529976
1.8457407e-05
1.6359252e-05
1.5794991e-05
1.5973854e-05
1.7392709e-05
4.4045423e-05
1.6098535e-05
1.6589593e-05
0.00056541328
1.5852416e-05
1.6681906e-05
1.6934022e-05
1.6517492e-05
1.594145e-05
3.3664601e-05
0.0010814616
1.6450155e-05
1.5791875e-05
1.6704028e-05
1.6356968e-05
4.9437706e-05
1.6543833e-05
1.6414152e-05
1.6230628e-05
1.6282889e-05
1.5975712e-05
1.5905209e-05
1.6438693e-05
0.0023972212
1.6333362e-05
0.0018205798
1.6519103e-05
0.0020546256
1.6446197e-05
1.6348407e-05
0.0010000331
1.6373276e-05
1.6215103e-05
1.7960895e-05
1.6544499e-05
0.00011042907
1.6757877e-05
0.0021454097
1.5797133e-05
1.6279115e-05
1.6089786e-05
1.6813857e-05
1.6202708e-05
1.6049149e-05
1.8904273e-05
1.9691437e-05
1.5802905e-05
0.0010538747
1.640978e-05
1.6532943e-05
1.6425011e-05
1.6126668e-05
1.6619938e-05
1.6500717e-05
0.012975419
1.5935738e-05
1.6113022e-05
1.6365503e-05
2.184851e-05
0.0037922471
4.6561438e-05
1.6633738e-05
1.5873961e-05
1.6445913e-05
0.0017962412
1.651008e-05
1.6227959e-05
1.7044017e-05
1.5823293e-05
0.0067262703
0.0016779628
1.5841838e-05
1.8187784e-05
1.6564242e-05
2.3417787e-05
1.658856e-05
1.5856966e-05
3.6864658e-05
1.5836011e-05
1.6620955e-05
1.6214047e-05
0.0021968709
1.6647505e-05
1.6374623e-05
1.6558798e-05
0.0025439643
0.00086358045
1.5814358e-05
1.6343865e-05
0.0019694372
1.897821e-05
0.0013280588
1.5001226e-05
1.6484752e-05
0.0040324438
1.9358043e-05
1.5867336e-05
1.5967449e-05
1.6265936e-05
1.5903184e-05
0.00025339632
1.5824987e-05
1.7615325e-05
1.5901869e-05
1.5889158e-05
1.6154503e-05
1.878296e-05
1.6355092e-05
1.6339858e-05
1.6301803e-05
0.00022846742
1.640606e-05
1.6268777e-05
1.6374633e-05
0.0065884453
6.1585807e-05
1.6588906e-05
0.0048333035
1.6616572e-05
1.6015217e-05
1.5825055e-05
1.6638789e-05
2.6790902e-05
1.6681697e-05
1.6414281e-05
0.00013342674
1.5853961e-05
1.5827762e-05
1.5825324e-05
1.613111e-05
1.6356037e-05
1.6871027e-05
1.6670202e-05
0.00018441422
1.5794607e-05
0.0022036538
1.6778124e-05
1.6437461e-05
1.6122036e-05
1.9668117e-05
1.6185327e-05
1.6696124e-05
0.0029439455
0.00092208964
1.648522e-05
2.5323039e-05
0.0013030285
1.5827759e-05
1.645517e-05
1.6555559e-05
1.6094382e-05
1.5986862e-05
1.6570839e-05
1.6290361e-05
1.6267919e-05
2.4827374e-05
1.5893942e-05
1.6133219e-05
1.9828776e-05
1.6347005e-05
1.6629598e-05
0.0046399687
1.6325756e-05
0.0014034896
3.5044302e-05
1.6711038e-05
1.6207998e-05
1.6329873e-05
1.4523432e-05
1.7261349e-05
1.736124e-05
1.6461478e-05
1.6059856e-05
1.6423847e-05
1.5811629e-05
1.5891111e-05
1.6237664e-05
1.5806061e-05
0.00092681084
1.6097206e-05
1.6650168e-05
1.6103902e-05
1.6286373e-05
0.014695654
1.6020116e-05
0.0016046969
0.0033570513
1.6248123e-05
1.6455308e-05
1.5936815e-05
0.00099320996
1.6462937e-05
1.587904e-05
1.6654617e-05
1.6216836e-05
1.6351716e-05
1.8755025e-05
3.2701414e-05
1.6966369e-05
1.653418e-05
0.00030693545
1.6890921e-05
1.7609085e-05
1.6669165e-05
1.6488865e-05
1.6859541e-05
1.6593327e-05
1.5825944e-05
0.0070419676
1.6103494e-05
0.00068499125
1.6467425e-05
1.5955005e-05
1.6091523e-05
1.6699013e-05
1.6033731e-05
2.4574306e-05
0.00028695026
0.00050290809
2.102279e-05
1.647262e-05
0.0034879437
5.1662688e-05
1.621593e-05
0.0030107101
1.5849652e-05
1.8795463e-05
1.6685116e-05
0.00040717617
1.6289129e-05
1.6026126e-05
1.6747851e-05
0.00027373486
1.6380062e-05
1.6334925e-05
9.5613395e-05
1.4597225e-05
2.1155714e-05
2.0684721e-05
1.6289396e-05
1.6179494e-05
1.6383399e-05
0.00028834153
0.0014031526
1.6566632e-05
1.5849891e-05
1.6111264e-05
1.5863446e-05
1.6210036e-05
1.6668646e-05
7.8304403e-05
1.677795e-05
1.6448425e-05
1.6307314e-05
1.6774145e-05
1.5855148e-05
0.0082630698
1.5972328e-05
1.6339474e-05
1.6534715e-05
1.6064089e-05
1.6779791e-05
1.6223909e-05
1.6429003e-05
0.0040147961
1.6364803e-05
1.6469056e-05
0.0098896615
1.5883004e-05
1.620769e-05
1.6201195e-05
1.6273602e-05
1.6095122e-05
1.5784759e-05
1.5826648e-05
1.6380192e-05
0.0017902804
0.0015060448
1.628864e-05
3.42847e-05
1.6654206e-05
1.6559161e-05
1.6935939e-05
1.6300094e-05
1.6540635e-05
1.6132461e-05
0.0022088606
1.6706667e-05
1.6228737e-05
0.0038356962
1.5922721e-05
1.5902341e-05
0.0021384103
1.5971097e-05
0.0045453906
1.6222243e-05
1.5851383e-05
2.0076495e-05
1.6213698e-05
0.0040925265
1.6554055e-05
1.60903e-05
8.1414766e-05
1.5997767e-05
1.6417334e-05
1.5976125e-05
1.6334754e-05
1.6024506e-05
1.6244245e-05
3.4447191e-05
1.582575e-05
1.5797766e-05
1.6239e-05
1.6475451e-05
1.5912761e-05
0.013862273
1.6632224e-05
0.001204108
1.5955867e-05
0.0004226275
0.0016264238
1.6426734e-05
0.0062984782
1.4908561e-05
1.5831189e-05
1.4818314e-05
0.0023711382
1.6366273e-05
1.6301601e-05
1.6471153e-05
1.6538195e-05
1.6496536e-05
1.5796545e-05
0.0007432665
1.6217357e-05
0.00017031091
1.6062101e-05
1.611107e-05
4.8257412e-05
0.00024183064
1.6125862e-05
1.5832217e-05
1.6454718e-05
0.0043022239
0.0051653429
1.5900695e-05
1.6392181e-05
3.9930657e-05
0.0026691873
1.617799e-05
1.6565527e-05
1.5892362e-05
1.6416183e-05
1.6074696e-05
0.0014787398
1.6089848e-05
1.6817337e-05
1.6135582e-05
1.6863398e-05
1.7142406e-05
3.1940532e-05
1.5804753e-05
1.6378155e-05
2.072197e-05
1.6471592e-05
1.6010061e-05
2.9920177e-05
1.6674975e-05
0.0027718833
0.00018957407
1.5872521e-05
0.003246513
1.6350286e-05
1.592285e-05
1.5833836e-05
2.9558854e-05
0.00078425243
1.5981735e-05
1.6512932e-05
1.6362398e-05
1.5994832e-05
1.602523e-05
1.5879595e-05
0.0065277401
1.638169e-05
0.0032167574
1.6063058e-05
1.5884361e-05
0.0024639626
1.6528659e-05
1.6349526e-05
0.0060644281
1.5841772e-05
0.0025376877
3.5717547e-05
1.6259043e-05
0.012917344
1.6222448e-05
1.6213025e-05
1.7081156e-05
1.608627e-05
1.5858005e-05
1.6277538e-05
0.0029832097
1.6512744e-05
1.8950683e-05
0.0029019757
1.5865621e-05
1.5933355e-05
1.6421238e-05
1.5939704e-05
1.5784675e-05
0.0001352749
1.6300988e-05
1.6216505e-05
1.6370067e-05
1.5894469e-05
1.6238914e-05
0.0024357656
1.6594741e-05
1.5909376e-05
0.0037793464
1.6005724e-05
1.7035801e-05
1.6136984e-05
1.6713986e-05
3.0505844e-05
0.0057563497
1.5986405e-05
1.6295646e-05
1.590325e-05
1.6027485e-05
1.7051323e-05
1.6563609e-05
1.5784865e-05
3.5326575e-05
1.5954646e-05
0.00032716924
1.6019645e-05
2.4133719e-05
0.001427842
1.6202114e-05
2.1388195e-05
1.5831782e-05
0.00071801199
1.590806e-05
1.5836401e-05
1.5801841e-05
1.6447155e-05
0.0076408479
1.5790659e-05
1.5984122e-05
1.625034e-05
1.6599595e-05
1.6395306e-05
1.6713317e-05
1.7831554e-05
1.6006274e-05
1.6083473e-05
1.6253395e-05
2.2312534e-05
1.5847861e-05
1.6897408e-05
1.6560271e-05
1.6187467e-05
1.5852518e-05
1.6219859e-05
1.7257679e-05
1.6842545e-05
1.5825683e-05
0.0016806622
1.6545664e-05
1.614967e-05
1.6391904e-05
1.6503722e-05
1.578447e-05
1.6186423e-05
1.6751444e-05
1.6284518e-05
1.6148826e-05
1.5874979e-05
0.00054684665
0.0024406908
1.5803009e-05
1.6243353e-05
1.9134617e-05
1.6584397e-05
1.5854197e-05
1.5849491e-05
3.2184295e-05
1.6313336e-05
0.00010175309
1.7167795e-05
1.6134725e-05
1.6686514e-05
1.5827725e-05
1.6118013e-05
1.5883724e-05
1.6514784e-05
1.5857322e-05
1.5962817e-05
1.6217365e-05
1.5904704e-05
1.628641e-05
1.5999527e-05
1.5958681e-05
0.00087826411
1.5448063e-05
1.6644213e-05
1.6665902e-05
0.00096032789
6.990093e-05
5.6948284e-05
0.0020938926
1.6084558e-05
1.9947924e-05
1.5845031e-05
1.6243772e-05
1.677429e-05
1.6237072e-05
5.7412651e-05
3.5809806e-05
1.6704164e-05
0.0030452186
1.5995644e-05
1.7062325e-05
0.0029940792
5.9304975e-05
1.6331e-05
1.6377471e-05
1.6605108e-05
1.6797502e-05
0.015981994
1.5933003e-05
3.7206988e-05
1.5842763e-05
0.00025403194
1.643512e-05
1.6470316e-05
1.6744067e-05
1.7089948e-05
1.5925421e-05
1.6108608e-05
1.7784532e-05
1.636122e-05
1.6687137e-05
5.2336342e-05
1.5843626e-05
1.6219232e-05
1.579135e-05
1.6286747e-05
1.6608975e-05
0.00028793922
0.0029199064
1.6700694e-05
1.6633766e-05
1.5951958e-05
1.7135656e-05
1.7778761e-05
1.6441969e-05
1.6319677e-05
1.5939006e-05
8.5335759e-05
1.6691711e-05
0.0017653501
0.010842915
0.0012344913
1.5886062e-05
0.0015660334
1.6101823e-05
1.5861788e-05
3.6794504e-05
0.0031827087
1.5852782e-05
0.00071115949
1.6283434e-05
1.6686677e-05
1.6231878e-05
0.0010817408
2.1557449e-05
0.0015985028
0.00027145992
1.5801698e-05
0.0017012244
1.5933223e-05
1.6365488e-05
1.7173086e-05
0.00062693256
1.6236709e-05
1.6612709e-05
1.4704627e-05
4.3795364e-05
1.6080343e-05
1.6217577e-05
2.1198439e-05
1.6144525e-05
1.608693e-05
1.6221244e-05
1.6274169e-05
0.0016483177
1.6135641e-05
1.641989e-05
0.00015944404
1.6533576e-05
1.5785527e-05
1.6219927e-05
1.5866358e-05
1.6314969e-05
0.00030663401
1.7583705e-05
1.6559055e-05
1.786278e-05
1.6239107e-05
2.0622431e-05
1.6408936e-05
1.6213637e-05
1.6743033e-05
4.5109212e-05
1.6122099e-05
1.674453e-05
1.626219e-05
1.6676841e-05
1.5892312e-05
1.6439317e-05
0.0022851883
1.6397748e-05
0.00083695321
1.6023304e-05
1.5846931e-05
1.6487387e-05
1.9234904e-05
1.6400548e-05
0.00031355948
1.5856029e-05
1.5887162e-05
0.0034124356
1.6383608e-05
3.0376239e-05
0.00041575381
0.0085739889
1.6251937e-05
2.3771093e-05
1.6595659e-05
0.0006156674
1.7674102e-05
1.5931584e-05
1.6180551e-05
1.6658066e-05
1.6844756e-05
1.6378055e-05
1.6530841e-05
1.6364008e-05
1.6245511e-05
1.6649282e-05
1.6315853e-05
2.4520335e-05
5.5966021e-05
1.6263742e-05
0.0033855293
1.6689142e-05
1.6293255e-05
1.7210434e-05
0.00083298782
1.6873245e-05
0.00016523929
0.0015096453
2.118281e-05
1.8805609e-05
1.5891216e-05
1.6467728e-05
1.5933275e-05
1.6577975e-05
0.0016559621
1.5835042e-05
1.7051174e-05
1.963307e-05
5.740864e-05
2.3604628e-05
1.6708026e-05
1.6729487e-05
1.5936675e-05
1.613995e-05
1.6363426e-05
1.6283188e-05
1.6428949e-05
1.618441e-05
1.5975244e-05
1.6217916e-05
1.6342161e-05
1.6552186e-05
1.6552321e-05
1.5901379e-05
1.647068e-05
1.629438e-05
1.6691752e-05
1.618313e-05
1.5876576e-05
1.646354e-05
1.5849456e-05
6.2753785e-05
1.6748149e-05
1.6616692e-05
1.677519e-05
1.6274478e-05
1.6315643e-05
1.6275992e-05
1.6368692e-05
1.5789901e-05
1.5893817e-05
1.6153561e-05
4.6396949e-05
0.0019843523
1.6326776e-05
0.0016397036
1.6686589e-05
1.8589361e-05
1.645559e-05
0.00019161118
0.0010763224
1.4954338e-05
0.017856546
2.1584877e-05
0.00047289286
1.6562885e-05
2.059542e-05
1.6133874e-05
1.6028551e-05
1.6741475e-05
0.00045448017
1.7325911e-05
1.6282102e-05
1.6327645e-05
1.5957656e-05
1.6031758e-05
1.6652943e-05
1.9375588e-05
1.6227662e-05
1.6474197e-05
1.5809149e-05
1.669098e-05
1.6310951e-05
1.6535147e-05
1.6284962e-05
1.6539049e-05
1.7096144e-05
1.6666968e-05
1.5984503e-05
0.0031917325
1.6462209e-05
1.5817738e-05
1.6613581e-05
1.6112937e-05
1.6229975e-05
1.6990211e-05
1.5996263e-05
3.4780442e-05
1.622363e-05
3.8054427e-05
0.0016460689
1.6436764e-05
1.7379844e-05
0.0042241262
0.0045488047
1.6683638e-05
1.5899941e-05
1.6691032e-05
3.2281037e-05
1.6606646e-05
1.6373727e-05
1.6204986e-05
1.5921408e-05
1.5803637e-05
0.0066208595
1.5785793e-05
1.7756632e-05
3.8318564e-05
1.5952169e-05
1.6396434e-05
1.6153791e-05
1.6025382e-05
1.6628806e-05
1.5847192e-05
1.6537505e-05
1.6200689e-05
1.9266792e-05
1.6298356e-05
1.6565049e-05
1.5947694e-05
0.0019401927
1.6665132e-05
1.6362046e-05
1.6020241e-05
1.6537509e-05
1.9636906e-05
1.6354845e-05
0.0023863674
1.6059914e-05
6.459638e-05
1.6149851e-05
1.6278181e-05
1.6113463e-05
0.0037905333
1.879596e-05
0.00097610197
1.6781784e-05
0.00060060427
1.6332247e-05
1.6694247e-05
1.8751224e-05
1.5832827e-05
1.6768777e-05
0.00026437543
1.6222851e-05
4.9226638e-05
1.6341577e-05
1.6402692e-05
1.7722228e-05
1.5856214e-05
1.6243378e-05
0.00026059505
1.7818085e-05
1.6111337e-05
1.5896035e-05
1.6280139e-05
0.00039542177
1.59528e-05
1.6251753e-05
1.5898792e-05
1.6335633e-05
1.8095743e-05
1.6639439e-05
1.5916981e-05
1.6298634e-05
1.6259466e-05
1.5819883e-05
0.0059152092
1.6647149e-05
2.0311119e-05
1.6479262e-05
1.6680904e-05
1.6063696e-05
0.0014495343
1.5946252e-05
1.6735815e-05
1.6294418e-05
1.6343144e-05
1.5867785e-05
1.6922171e-05
1.5888798e-05
1.6538177e-05
1.6087244e-05
1.5803429e-05
1.9525102e-05
1.6161276e-05
1.6506875e-05
5.1233831e-05
1.6157151e-05
1.6749597e-05
5.1294759e-05
0.0017305651
1.591159e-05
1.6343329e-05
0.0058140259
1.674643e-05
1.9663092e-05
1.6162802e-05
0.0021825645
1.6355029e-05
1.5869914e-05
1.6418009e-05
1.7023823e-05
1.6631376e-05
1.5854928e-05
1.6062131e-05
1.583519e-05
1.7755064e-05
0.0010745838
1.7105332e-05
1.6447216e-05
1.6447996e-05
0.012674597
3.1785641e-05
1.4683522e-05
1.5793399e-05
1.6409856e-05
1.591497e-05
1.6899073e-05
1.605408e-05
1.6279415e-05
1.6593266e-05
0.0011386857
1.5841096e-05
1.6364472e-05
1.748785e-05
1.6391683e-05
1.6400687e-05
0.0014654659
0.015756682
1.6537262e-05
1.6331212e-05
1.6212191e-05
1.6370424e-05
1.6811767e-05
1.6839712e-05
1.5995442e-05
1.6627527e-05
0.0030987733
1.6097155e-05
1.6138104e-05
1.9980234e-05
1.6562067e-05
1.5834024e-05
1.6219311e-05
0.0084076168
1.6847634e-05
1.651538e-05
3.0269823e-05
1.7958365e-05
1.619089e-05
1.6368803e-05
1.6188364e-05
1.6409219e-05
1.6360488e-05
1.6446117e-05
4.8002163e-05
1.5959425e-05
1.6369609e-05
1.500517e-05
1.6264943e-05
1.6540212e-05
1.6124215e-05
3.438667e-05
1.5885574e-05
1.4975731e-05
1.6050318e-05
4.6160502e-05
1.6455443e-05
1.6945879e-05
1.589937e-05
1.5808444e-05
0.0017698459
1.5906221e-05
1.6148235e-05
1.701449e-05
1.5822006e-05
1.6251578e-05
1.5872639e-05
0.014231063
1.588139e-05
1.5811659e-05
1.6225859e-05
1.6454103e-05
1.6213744e-05
0.0016024511
1.5855649e-05
0.0025579055
1.5825686e-05
1.5795535e-05
1.6704015e-05
1.6362705e-05
1.9977813e-05
0.00024430574
1.6327216e-05
0.0013221829
1.6393259e-05
0.00028921631
1.6530991e-05
1.6779262e-05
1.6438175e-05
1.7232456e-05
1.665379e-05
1.6117127e-05
1.5828637e-05
1.6334211e-05
1.6640337e-05
1.6722704e-05
1.6565311e-05
0.002320259
1.6247406e-05
1.585378e-05
1.7475474e-05
0.0013337037
0.0046933677
0.0068041476
1.6584328e-05
0.00027309928
0.014178196
1.5889179e-05
1.6485636e-05
1.600877e-05
5.4077968e-05
1.5947763e-05
0.0016269334
1.7103129e-05
1.6219885e-05
1.5814271e-05
1.6695508e-05
0.0024271497
1.588506e-05
1.588975e-05
1.5843906e-05
1.5805249e-05
1.6338621e-05
1.7934812e-05
1.6128827e-05
1.6400248e-05
9.6188813e-05
1.6310945e-05
1.588257e-05
1.5848418e-05
1.6274249e-05
1.6375733e-05
1.6365362e-05
0.00063444951
1.6340693e-05
1.8448448e-05
1.6347478e-05
1.6443676e-05
1.583757e-05
1.6459695e-05
1.6615572e-05
1.6359236e-05
1.6082799e-05
1.5847916e-05
0.0028973044
1.4907839e-05
1.6339047e-05
0.013507217
1.6784441e-05
1.6242978e-05
1.6383385e-05
0.0003335601
2.1173874e-05
1.6259836e-05
1.6076152e-05
1.6640325e-05
0.0017339071
1.6438461e-05
1.6453866e-05
1.6247961e-05
1.5824474e-05
0.015286525
1.5846417e-05
1.6850376e-05
5.554375e-05
1.6547051e-05
1.6187757e-05
0.00042351629
1.6325697e-05
0.00016581048
1.6524481e-05
1.5892655e-05
1.6296963e-05
1.621451e-05
1.6800269e-05
1.5852851e-05
1.5895985e-05
2.4514894e-05
1.5786857e-05
1.6142041e-05
0.00014348954
1.5823083e-05
1.6676382e-05
2.7007406e-05
3.6822659e-05
1.5834747e-05
0.0012761232
0.0027516947
1.6243718e-05
1.6265703e-05
1.629261e-05
1.669404e-05
0.0020024577
1.6070972e-05
1.5917175e-05
1.6135428e-05
1.6228857e-05
1.5836104e-05
1.5946342e-05
1.6490708e-05
0.0012779197
0.00029921729
0.0017230957
1.5854205e-05
1.622077e-05
1.583076e-05
0.0014697153
1.6290832e-05
1.6782716e-05
1.6748028e-05
0.0015342947
1.5836885e-05
0.017657973
1.5855292e-05
1.6104099e-05
1.6258572e-05
1.6119583e-05
1.5902796e-05
1.5951521e-05
1.6205551e-05
1.5892245e-05
1.6489467e-05
1.6292865e-05
1.5869164e-05
1.5901141e-05
1.630358e-05
0.0051350439
0.0075937695
1.5934348e-05
1.7118105e-05
1.5863941e-05
1.6081858e-05
0.00086298107
1.6341808e-05
1.6106277e-05
0.0096989255
1.6355973e-05
1.665501e-05
1.6870269e-05
1.6297999e-05
1.5795685e-05
1.6806934e-05
1.7193814e-05
0.00017889382
1.6051255e-05
1.6663839e-05
0.0036960523
1.61139e-05
1.5901426e-05
1.5885768e-05
1.6107906e-05
0.011242624
1.6173612e-05
1.6240089e-05
1.6849178e-05
1.6408409e-05
1.6667464e-05
1.6074595e-05
1.809664e-05
0.00011665407
1.5844132e-05
1.6257379e-05
1.6401501e-05
1.5786352e-05
1.6402375e-05
2.2218682e-05
1.6064436e-05
1.6297108e-05
0.00035424941
1.5826395e-05
1.6459307e-05
0.00013333934
1.6158865e-05
1.8632468e-05
1.6169711e-05
0.0010410438
1.6440762e-05
1.6640648e-05
3.8074681e-05
1.6667748e-05
1.5796214e-05
0.00032051489
0.0044981653
1.606221e-05
1.6364593e-05
1.6546218e-05
1.669505e-05
1.6113131e-05
1.638619e-05
1.8532749e-05
1.640777e-05
1.581258e-05
1.5833103e-05
2.4088095e-05
9.5251699e-05
0.00011155604
1.6673353e-05
1.6616321e-05
0.003995597
1.5875925e-05
1.6040905e-05
1.7507807e-05
1.5892621e-05
1.5841668e-05
1.6706659e-05
1.6048826e-05
1.6580977e-05
1.612258e-05
1.6367557e-05
1.6510149e-05
0.0030233637
1.6515551e-05
1.6365805e-05
1.5992701e-05
0.00096644674
1.6664601e-05
0.00087456585
0.0096500044
1.6267741e-05
1.604301e-05
1.6541367e-05
2.0988357e-05
0.0042707047
1.5991085e-05
1.6139124e-05
1.5791735e-05
4.034819e-05
1.6309193e-05
1.6311007e-05
1.6330756e-05
1.664146e-05
1.5904668e-05
2.116926e-05
1.6381433e-05
1.6223274e-05
1.6013514e-05
1.603543e-05
1.6854123e-05
0.0019966504
2.500562e-05
1.6810822e-05
1.5931016e-05
1.6462305e-05
1.6684857e-05
1.6239233e-05
0.0021910453
3.5429341e-05
1.592171e-05
1.6294521e-05
1.6610595e-05
1.5796326e-05
1.5889041e-05
1.6713146e-05
0.00093218047
1.6497917e-05
1.5819403e-05
1.6067729e-05
1.6656035e-05
0.00018027205
0.0035073286
1.6631831e-05
0.0035125889
1.6406376e-05
1.6515675e-05
1.6164445e-05
1.8741965e-05
1.6471421e-05
1.6196262e-05
1.5833793e-05
9.2109678e-05
1.5995105e-05
0.0013196275
2.0971979e-05
1.6134851e-05
1.6317182e-05
1.6038151e-05
1.6531192e-05
1.5907582e-05
0.0017317581
1.5833128e-05
0.0024270625
1.7826257e-05
1.6000659e-05
0.0020242479
1.6147696e-05
0.0012011024
1.8955279e-05
0.00013309691
1.6425645e-05
1.6372546e-05
1.6277942e-05
1.5898508e-05
1.6682378e-05
1.6308978e-05
1.6238247e-05
1.6281039e-05
0.00057646177
2.7489064e-05
1.5810416e-05
1.5899471e-05
6.2830392e-05
1.586076e-05
1.5261462e-05
1.6805816e-05
1.6817243e-05
0.0038569159
0.00026223414
1.6477991e-05
1.6985157e-05
0.0010805339
1.6225901e-05
0.0037970961
1.5833242e-05
1.5870514e-05
0.0022010731
1.415634e-05
0.0032768714
2.1866876e-05
1.5996734e-05
1.7138006e-05
1.5822192e-05
1.6226585e-05
1.5997297e-05
0.012148039
0.0011542462
0.017719695
1.6671328e-05
1.6326318e-05
0.0012407383
1.7133706e-05
8.0449544e-05
1.5919585e-05
1.6183199e-05
1.6222977e-05
1.6266835e-05
1.637359e-05
1.5847984e-05
1.6365657e-05
1.722216e-05
0.00056062696
1.6995563e-05
1.6144185e-05
3.5406536e-05
1.6999568e-05
0.0013724376
1.650372e-05
0.00067558042
1.6647209e-05
1.6379539e-05
3.3196298e-05
1.59547e-05
2.328764e-05
2.5292293e-05
0.00029800182
1.665507e-05
1.6437373e-05
1.6254982e-05
0.0016270229
1.6690057e-05
1.6238488e-05
1.7247734e-05
1.5990085e-05
2.0549103e-05
1.6469336e-05
1.6782431e-05
0.00013007585
8.9811278e-05
1.5935775e-05
1.6200416e-05
1.6137937e-05
0.0009140698
1.5948298e-05
0.00061524108
1.6291642e-05
1.6212145e-05
1.587304e-05
1.5943123e-05
1.6469721e-05
1.578558e-05
1.6874766e-05
0.0012886264
1.5957606e-05
2.1679276e-05
1.674572e-05
6.2636273e-05
1.6259468e-05
1.6325311e-05
2.0143364e-05
6.277059e-05
1.6212086e-05
1.6306928e-05
1.6252486e-05
1.661088e-05
1.6573404e-05
1.5805388e-05
1.6600514e-05
1.6057454e-05
1.6670423e-05
1.5875028e-05
1.622684e-05
3.4124518e-05
0.0013824128
1.644602e-05
2.995852e-05
1.590384e-05
0.00011896451
1.6429017e-05
1.6915088e-05
1.6347118e-05
1.6186921e-05
1.6693508e-05
1.5149498e-05
0.0016262708
1.6348721e-05
1.5826233e-05
1.6384801e-05
0.00024149989
1.6208966e-05
0.00053433207
1.6424121e-05
1.5857464e-05
1.6219573e-05
1.6668648e-05
1.596242e-05
0.0056356901
1.5829907e-05
0.00019622839
3.2186953e-05
0.0017047501
4.1927342e-05
0.0046993279
1.5983705e-05
1.6557437e-05
2.1472136e-05
0.0025395183
1.6430923e-05
1.58036e-05
1.6366354e-05
1.8285842e-05
0.0072754567
1.6470956e-05
5.0561071e-05
1.5859057e-05
1.6034227e-05
1.625224e-05
0.0048959096
1.639992e-05
1.6454663e-05
1.6450186e-05
0.0024563225
1.6265641e-05
0.002753445
1.6327416e-05
1.6072999e-05
4.1355609e-05
1.6205812e-05
0.006659068
1.6452631e-05
3.199744e-05
1.6759732e-05
1.6437909e-05
1.6456057e-05
1.5826453e-05
1.6379947e-05
2.2448947e-05
1.9582384e-05
3.5351019e-05
6.5304611e-05
3.4739183e-05
1.8203585e-05
1.6818526e-05
1.6307009e-05
0.0017512867
1.4577006e-05
1.6493946e-05
0.00018053817
1.878946e-05
1.6383414e-05
0.0013953581
1.622755e-05
1.5844446e-05
1.6076006e-05
1.6289647e-05
1.6655146e-05
1.5901949e-05
1.6383603e-05
1.6743776e-05
1.5964391e-05
1.6716741e-05
5.7224049e-05
1.5890269e-05
1.6613191e-05
1.6106565e-05
1.6303856e-05
0.0045481324
0.0033822417
0.017416463
0.0006119608
1.6334426e-05
2.1652184e-05
0.01179463
1.6434052e-05
1.6639431e-05
1.649423e-05
1.6417758e-05
0.0061806389
1.6513157e-05
1.6185558e-05
1.6191781e-05
1.6701297e-05
1.6077283e-05
1.6747065e-05
1.6097262e-05
1.6234383e-05
1.5783375e-05
0.0031527771
1.6343733e-05
1.6515293e-05
1.6410046e-05
1.6645926e-05
0.00031034467
1.5833455e-05
1.6500799e-05
1.6416078e-05
1.6674459e-05
1.5991115e-05
1.9560124e-05
0.0021647414
1.6252463e-05
0.0020644021
1.6536541e-05
1.6070547e-05
1.6218055e-05
1.646771e-05
1.5886378e-05
0.0028816871
1.6244518e-05
1.5956954e-05
1.5858868e-05
1.543305e-05
1.808132e-05
1.6405922e-05
1.6367999e-05
0.0012653777
1.6650535e-05
0.0014375301
1.5839487e-05
1.5845268e-05
1.6309306e-05
4.4500768e-05
1.6642535e-05
0.00025034141
1.6081571e-05
1.5562701e-05
0.001840728
1.5884473e-05
1.644453e-05
1.7547612e-05
1.6438417e-05
0.00011923812
1.9669899e-05
1.5940141e-05
1.7200597e-05
1.596844e-05
1.619541e-05
0.0016685018
1.5823371e-05
9.0178412e-05
1.6363594e-05
1.5800174e-05
1.6340802e-05
5.5425155e-05
5.3367683e-05
1.6437698e-05
1.6520484e-05
1.6492073e-05
1.6680637e-05
1.6095442e-05
1.600193e-05
0.0075082459
0.014676983
1.7850884e-05
1.5794978e-05
1.6194242e-05
0.002557014
0.0014182489
1.5822767e-05
2.5340685e-05
1.6201721e-05
1.6602889e-05
1.6344037e-05
0.017709277
1.6274357e-05
0.00010925908
1.6793378e-05
0.00046276143
3.2994241e-05
1.6345603e-05
5.0745567e-05
0.0037384325
1.5849087e-05
1.5901115e-05
0.0011684174
0.0005076075
1.5816931e-05
1.620052e-05
0.0053991266
1.5808755e-05
1.5804081e-05
1.6438408e-05
1.6559255e-05
2.014122e-05
1.6112328e-05
1.8299617e-05
1.6421818e-05
0.00026662138
1.6948656e-05
1.6302415e-05
1.5892532e-05
4.1904686e-05
1.6005981e-05
1.6284728e-05
1.6740665e-05
2.613652e-05
1.6245641e-05
1.6335878e-05
1.6168289e-05
5.7856402e-05
1.65797e-05
2.4552369e-05
1.6169924e-05
4.1110015e-05
1.6351145e-05
0.0016373564
1.6334361e-05
0.0037012576
0.0071924931
1.6229414e-05
0.0035075465
1.7806259e-05
1.652184e-05
1.6415498e-05
1.6413172e-05
0.00051939309
1.6273567e-05
1.6267647e-05
0.0036004719
1.6596788e-05
1.6730516e-05
0.00019188398
0.00010006451
1.6569152e-05
0.00010070661
1.6143544e-05
1.6374456e-05
1.5807642e-05
1.6467405e-05
1.5815034e-05
1.5899531e-05
0.00039270726
1.6161589e-05
1.5914608e-05
4.7215058e-05
1.6361411e-05
0.0022958668
1.6194077e-05
0.0024597696
1.6076506e-05
1.6647737e-05
0.0022505235
6.8213861e-05
0.00075115144
0.0018383199
1.8910026e-05
0.010316335
6.1503633e-05
0.00018815182
5.8093388e-05
5.7400071e-05
2.2607635e-05
1.6677369e-05
2.4094802e-05
0.0011746732
1.6076118e-05
6.9812528e-05
1.6389035e-05
0.00052340002
1.6195214e-05
1.6192832e-05
1.6671769e-05
0.00021555946
1.6634874e-05
1.6703394e-05
1.6121489e-05
1.5867415e-05
2.0314482e-05
0.00026690555
1.639496e-05
1.6200443e-05
0.00066557501
1.6387056e-05
2.3599479e-05
1.7830673e-05
1.6416629e-05
1.5836195e-05
1.5793582e-05
0.0008543442
1.6581364e-05
1.6438154e-05
2.2045696e-05
0.0010802072
0.00011889288
0.0049058833
1.5892312e-05
1.6198425e-05
1.661485e-05
1.660599e-05
2.8971677e-05
0.0021791609
0.0015866839
0.00019708999
7.7614988e-05
1.5993654e-05
1.600907e-05
0.0016512169
1.6037865e-05
0.00021295601
0.00076033265
1.633382e-05
1.6262827e-05
1.5873523e-05
1.6769975e-05
1.6087208e-05
1.6065043e-05
0.00021217545
1.650067e-05
1.6239487e-05
1.6832247e-05
0.0010406205
0.0040745009
1.591705e-05
1.6371699e-05
0.0042162636
1.6408665e-05
0.0037766232
0.001931585
0.0027346933
1.680568e-05
3.2937644e-05
1.5833004e-05
1.6081095e-05
2.5873625e-05
1.6303385e-05
1.6299226e-05
0.0022891883
1.6683555e-05
1.4901789e-05
0.0017167048
1.7502909e-05
0.0015637529
1.5933238e-05
1.6013211e-05
1.6579306e-05
1.6177521e-05
0.0025327707
1.6259255e-05
1.662641e-05
0.00058390533
1.5974398e-05
1.659989e-05
0.0025904661
1.6619484e-05
0.00021699498
1.6415145e-05
1.6153205e-05
1.611053e-05
1.6816573e-05
0.00072102511
0.0028295631
1.6556869e-05
1.6527578e-05
1.6536156e-05
0.00036022048
1.5809544e-05
0.0020170019
4.4064542e-05
0.00012882606
1.6125261e-05
0.0010663076
1.6216043e-05
1.5667231e-05
0.0012602363
0.0002623881
1.7831583e-05
1.5995593e-05
1.5922828e-05
1.5853334e-05
0.013768056
1.6798695e-05
1.578642e-05
0.001474631
1.5892525e-05
1.6613412e-05
1.6822846e-05
1.6356057e-05
1.6537222e-05
1.6218551e-05
0.0018595299
2.6192062e-05
1.6729295e-05
1.5787725e-05
1.6390419e-05
1.6068683e-05
1.6189777e-05
2.4941743e-05
1.7086222e-05
0.0032357804
1.5841913e-05
1.6144743e-05
0.00085034447
1.6261917e-05
1.6311891e-05
1.6886703e-05
1.5865562e-05
1.6210598e-05
1.6683571e-05
0.00054952478
1.5823382e-05
0.0038968542
6.3105861e-05
1.5945859e-05
1.6404621e-05
1.6387024e-05
1.6243042e-05
1.6402953e-05
0.00015382212
4.2298787e-05
1.6456318e-05
1.6495024e-05
1.6008942e-05
1.6709685e-05
0.00046178738
0.0023457682
1.6411503e-05
0.0042471866
0.00014681486
1.6335338e-05
1.7107373e-05
0.00029418709
1.6885655e-05
1.6607359e-05
0.00039539679
2.4845422e-05
2.7524127e-05
1.6643712e-05
1.6536482e-05
0.00065753013
1.6557702e-05
0.00051435856
1.8412914e-05
1.6267131e-05
0.00032596291
1.5846967e-05
1.581513e-05
1.7514477e-05
2.1187265e-05
0.0063338007
1.6322849e-05
1.6239788e-05
1.6293077e-05
2.0340178e-05
1.6406013e-05
0.0042898507
1.5902129e-05
0.0016565548
1.6690237e-05
1.642625e-05
6.4661322e-05
0.00089034136
1.7553133e-05
1.6199049e-05
0.00027002724
1.617431e-05
3.0068304e-05
1.7948978e-05
0.0029931801
0.0017114633
6.5129069e-05
1.6088372e-05
1.6477706e-05
1.5783809e-05
1.57991e-05
1.6468807e-05
1.6668231e-05
1.6352996e-05
1.7931872e-05
1.7101784e-05
0.00020180507
0.0015388476
0.00061132805
1.70961e-05
1.6087135e-05
2.5516659e-05
6.6029524e-05
1.5984638e-05
0.00010326131
0.00047979705
1.5842275e-05
0.006687741
1.9742072e-05
1.6776309e-05
1.7159609e-05
1.6134928e-05
0.0013871815
1.6466271e-05
1.6355702e-05
0.0021518894
1.5802877e-05
1.585358e-05
1.5889716e-05
1.5865836e-05
1.752044e-05
1.659767e-05
0.0027489116
7.8662243e-05
1.6244524e-05
1.5821753e-05
0.00025132584
1.5941045e-05
1.6454297e-05
1.6498484e-05
0.0045382602
1.5845832e-05
1.6236462e-05
0.0014989354
5.0723942e-05
0.00027564925
3.4980637e-05
1.6255866e-05
0.013004459
1.6848345e-05
0.00046103237
1.6519721e-05
1.610835e-05
1.6537433e-05
1.6448984e-05
0.0016824048
1.6343591e-05
4.5171575e-05
1.6129828e-05
1.654506e-05
1.6209061e-05
1.8707113e-05
1.6245681e-05
1.5792849e-05
1.6357637e-05
0.0020472202
0.0010796466
0.001727837
3.3344398e-05
0.00098286527
1.6083768e-05
1.643938e-05
0.00013807521
2.6642617e-05
1.6539876e-05
5.4067393e-05
1.7565151e-05
2.4673665e-05
1.6636118e-05
0.00062765047
9.421375e-05
1.6275309e-05
1.6086463e-05
1.6693849e-05
0.00036172964
1.6335357e-05
1.6079432e-05
0.00080146167
0.0034322515
1.6093659e-05
1.6203165e-05
0.00024046801
0.0086920628
1.6305487e-05
0.0010179525
1.6230028e-05
0.0030354677
1.7727423e-05
0.001704664
1.6404076e-05
2.749867e-05
0.0017091976
0.0028241616
1.6129606e-05
1.6504748e-05
6.6135687e-05
1.6131307e-05
0.0026085681
1.5920024e-05
1.6872492e-05
1.6673344e-05
1.7450577e-05
0.00019575719
1.6236052e-05
5.7942092e-05
9.694032e-05
0.00088736293
0.0017162665
0.00011160956
1.6629232e-05
1.6891893e-05
1.5864265e-05
0.0027792876
1.6909471e-05
1.6306646e-05
1.6316767e-05
9.7048094e-05
0.0016777044
0.0041497958
1.5807979e-05
1.6385233e-05
0.00047333916
0.0022955318
1.9012503e-05
1.6260557e-05
1.6338336e-05
0.0022280695
1.6469311e-05
0.00097807461
1.5804618e-05
1.6810211e-05
1.6668852e-05
1.5788228e-05
1.6421636e-05
1.5870684e-05
1.9552163e-05
1.5898651e-05
1.6350844e-05
1.6046182e-05
1.6389197e-05
0.017921056
1.6679501e-05
1.9838466e-05
6.0309364e-05
1.7284452e-05
1.6621615e-05
1.634111e-05
5.1590897e-05
0.00046063534
1.6652233e-05
1.6839963e-05
2.1204586e-05
1.6600932e-05
1.6815719e-05
1.5874718e-05
1.591167e-05
1.6615612e-05
1.64838e-05
1.6377582e-05
1.6438008e-05
1.6561246e-05
6.678156e-05
0.0016362875
0.0057924763
1.9525698e-05
2.9714007e-05
0.0039370194
1.622453e-05
1.6007564e-05
1.6219754e-05
3.8874321e-05
1.6198122e-05
0.0011286674
0.0017537133
9.069331e-05
0.0021800767
0.0016905803
1.706245e-05
1.6548645e-05
1.593985e-05
0.00035000277
3.2887164e-05
1.6419618e-05
0.00093948791
1.6422271e-05
1.6291124e-05
0.00026485198
1.6377822e-05
1.6903118e-05
1.6300351e-05
1.6896574e-05
0.0032291518
2.0269664e-05
0.0049261248
0.00027969646
1.665577e-05
0.00057366978
8.8783121e-05
1.7265605e-05
0.0027335596
1.6193649e-05
1.6542058e-05
1.6618375e-05
8.3080417e-05
0.00031821253
1.6465873e-05
1.6294592e-05
1.6579127e-05
1.5891019e-05
0.0014712767
1.6313605e-05
0.00044598073
0.00023020528
1.7045272e-05
1.7147643e-05
1.588293e-05
1.9004054e-05
1.6530875e-05
1.5860623e-05
1.6385945e-05
1.6556214e-05
0.00040584484
1.6610963e-05
0.00030560287
0.0014623509
0.011419339
1.6309155e-05
1.6782612e-05
0.0016874045
0.0016806527
0.00052146052
0.00041367564
1.5805761e-05
0.00094784995
4.6492897e-05
1.6780803e-05
1.6360313e-05
0.0011503806
1.5409761e-05
0.00015415246
1.6760802e-05
0.00050838882
1.6448041e-05
1.6690199e-05
0.00013422625
1.6509143e-05
0.00010574782
0.013853761
1.6396797e-05
1.5822498e-05
1.7220169e-05
0.0047174664
1.6435158e-05
0.0010516041
0.0004496734
0.0014184797
1.6578188e-05
0.0001001651
0.00049160711
2.0304718e-05
1.5852199e-05
1.6679623e-05
1.6435888e-05
1.633316e-05
0.0048680398
1.9609766e-05
0.0020462038
1.664914e-05
1.7004839e-05
1.5821825e-05
3.5041631e-05
1.6392413e-05
0.0045864793
1.6359601e-05
2.458544e-05
1.5947948e-05
1.9990741e-05
1.655773e-05
0.00012272861
0.0028944478
0.0041986677
2.0410568e-05
6.7376488e-05
0.00033426907
0.0017088731
1.6225922e-05
0.00012976704
1.6764587e-05
0.00070157262
1.586906e-05
1.5974947e-05
5.1252527e-05
1.6353882e-05
0.0011576232
1.7345187e-05
1.6690688e-05
2.4953075e-05
1.5797623e-05
0.000184347
1.6373263e-05
1.7028904e-05
0.003119689
1.5897534e-05
1.6066646e-05
1.6316123e-05
1.5874119e-05
1.6369332e-05
1.5903937e-05
0.0023983916
1.9964675e-05
0.00041223136
0.0021873388
1.5817978e-05
1.5845659e-05
0.0067091688
1.6475078e-05
1.6511457e-05
1.6874364e-05
1.6498871e-05
1.5853894e-05
0.0042006511
1.589948e-05
1.5966795e-05
1.6781769e-05
1.6173593e-05
1.7186802e-05
0.00049595865
1.6112266e-05
0.00017938425
0.00018682758
0.0021328447
1.6372593e-05
1.6954016e-05
2.0324504e-05
1.60858e-05
1.5837205e-05
0.0099522431
1.591912e-05
1.5816448e-05
1.6645857e-05
0.00051700284
5.9074695e-05
1.6658082e-05
1.5998681e-05
1.6239099e-05
1.6604657e-05
1.3590378e-05
0.00048833668
1.5804076e-05
1.6169319e-05
5.1251719e-05
1.5812735e-05
1.6473066e-05
0.00058105306
0.0029835836
1.6871859e-05
1.6312693e-05
1.7180604e-05
1.5990376e-05
1.6110054e-05
1.6315728e-05
1.6352406e-05
1.6009845e-05
0.00064582287
0.00037917329
1.6557977e-05
1.5871576e-05
1.6939664e-05
1.6029266e-05
1.6207783e-05
0.0031970201
1.65038e-05
0.0011165219
1.5883709e-05
1.5885443e-05
0.00040431499
1.6359992e-05
1.6174185e-05
1.6750523e-05
1.6606605e-05
1.6492503e-05
1.7616974e-05
1.6417364e-05
0.015640937
1.7721573e-05
2.0108018e-05
3.7249818e-05
1.6071828e-05
0.0030546066
4.3292898e-05
1.6236908e-05
1.5878628e-05
1.5893778e-05
1.592947e-05
1.6312896e-05
1.5921548e-05
1.5913449e-05
1.6269887e-05
1.6687582e-05
1.5895997e-05
1.7717032e-05
1.6341779e-05
1.6258684e-05
1.5846819e-05
1.6449138e-05
0.0021640478
1.6495132e-05
2.4863211e-05
1.5890833e-05
1.6305393e-05
1.6685225e-05
1.5994481e-05
2.1545263e-05
1.6319073e-05
4.301794e-05
1.6597676e-05
6.01187e-05
1.6786513e-05
0.0014237005
6.1776488e-05
1.6764377e-05
1.6231735e-05
1.6304911e-05
1.6711501e-05
1.596065e-05
1.6015153e-05
1.6437719e-05
1.6406024e-05
1.6955528e-05
1.5873105e-05
1.6543498e-05
4.2932485e-05
1.61898e-05
0.00034900995
1.6281016e-05
1.6243126e-05
1.6598412e-05
1.6301564e-05
1.617966e-05
1.5801004e-05
1.5786456e-05
1.6921251e-05
0.00034944012
1.6358652e-05
1.5833359e-05
1.795564e-05
1.5850449e-05
1.5917804e-05
1.5910364e-05
1.6542871e-05
1.6264886e-05
1.5820506e-05
1.5906756e-05
1.632155e-05
1.5935762e-05
1.653581e-05
1.6348141e-05
1.6433166e-05
1.6099565e-05
2.5510446e-05
1.6572333e-05
1.6728252e-05
1.8199947e-05
1.6195268e-05
0.0014559461
1.6207306e-05
1.8919031e-05
1.6149142e-05
6.7125078e-05
0.0010613114
1.5997969e-05
1.654961e-05
1.721977e-05
2.1613506e-05
1.6180224e-05
1.6249128e-05
1.6112585e-05
1.5873416e-05
1.6119919e-05
1.612994e-05
1.5823876e-05
0.016759867
1.6370753e-05
1.5944273e-05
2.1491816e-05
1.6472462e-05
0.00058347078
0.00031015456
0.015911684
1.6546964e-05
1.630644e-05
1.5836382e-05
1.6249382e-05
1.6843248e-05
1.6086296e-05
0.00091995841
3.4558234e-05
1.6231097e-05
1.6441837e-05
1.644045e-05
0.0014372533
1.6090891e-05
0.016050138
1.6433609e-05
1.6318098e-05
1.6204874e-05
1.5862948e-05
2.1283632e-05
1.6437259e-05
0.0047530479
1.6354123e-05
1.7792498e-05
2.2731993e-05
0.017045309
1.5931554e-05
1.650081e-05
0.00076546862
1.609807e-05
1.644443e-05
1.6565699e-05
1.6104977e-05
1.6458528e-05
1.6189229e-05
1.6531014e-05
1.6599196e-05
1.6471419e-05
1.6368164e-05
1.6691698e-05
1.5821397e-05
1.6713385e-05
1.5848633e-05
1.6640784e-05
1.6189399e-05
1.6247575e-05
1.6050841e-05
1.6858245e-05
1.6005597e-05
1.6259548e-05
1.5946508e-05
1.6403395e-05
1.6668053e-05
1.8691484e-05
1.6235194e-05
1.6700236e-05
2.9907798e-05
1.5966438e-05
1.6228372e-05
0.0040716306
1.6870441e-05
1.6220812e-05
3.2499906e-05
1.6499702e-05
1.5843264e-05
0.014347869
1.5837537e-05
1.6140439e-05
1.5871697e-05
1.65745e-05
1.6557058e-05
1.6342586e-05
1.6479273e-05
1.6228254e-05
0.0062211745
1.6355173e-05
0.00017847024
0.0038775469
1.5869307e-05
1.6367876e-05
1.6448318e-05
1.6532338e-05
1.5926455e-05
1.6662081e-05
1.6500005e-05
1.6489795e-05
1.5818834e-05
1.6120056e-05
1.6745145e-05
1.5973007e-05
0.0035980176
1.6189948e-05
1.6360507e-05
1.6501963e-05
1.6778779e-05
0.00087560155
1.6095747e-05
0.00040172808
0.0029399096
1.6316717e-05
1.6274283e-05
1.6415185e-05
2.444651e-05
1.5924463e-05
0.017782854
1.6379437e-05
1.5852291e-05
1.5880551e-05
1.6806514e-05
1.6346051e-05
1.6181543e-05
1.6391912e-05
1.5859962e-05
1.6246294e-05
1.6510771e-05
1.6411027e-05
1.629552e-05
1.6293806e-05
1.7230602e-05
1.7239498e-05
1.6449101e-05
1.9992576e-05
1.5918863e-05
1.5985931e-05
1.57957e-05
1.6239775e-05
1.5798695e-05
1.5955931e-05
0.0025052429
1.6372965e-05
1.6007749e-05
6.1215164e-05
1.584699e-05
3.1930502e-05
1.6275656e-05
1.6017406e-05
1.5981026e-05
1.6441242e-05
1.6496273e-05
3.7189604e-05
1.5987226e-05
1.6643111e-05
5.4449535e-05
5.7391965e-05
1.5929976e-05
1.6598263e-05
1.6398501e-05
0.0018266186
1.9198466e-05
1.6618147e-05
1.6378835e-05
1.6077601e-05
1.649589e-05
2.0726674e-05
1.6790393e-05
1.6274333e-05
1.6740376e-05
1.6069269e-05
1.6380201e-05
1.6331963e-05
1.6568468e-05
3.6850316e-05
1.6507658e-05
1.6537647e-05
0.00094164171
1.6893809e-05
1.6541098e-05
1.6315141e-05
1.5840922e-05
1.6741199e-05
1.5837734e-05
1.6233197e-05
1.6267377e-05
1.6522695e-05
1.6210945e-05
0.00068704491
0.00014666311
1.8595149e-05
0.0031141227
1.6387484e-05
1.5899882e-05
1.6570532e-05
1.5834291e-05
1.5896847e-05
1.6416534e-05
1.5815227e-05
1.9129935e-05
1.5852687e-05
1.6675933e-05
1.6817952e-05
1.6205832e-05
1.6569378e-05
1.6212714e-05
0.0031102249
1.5866654e-05
1.6274057e-05
1.697703e-05
1.6570249e-05
1.6333375e-05
1.639239e-05
1.638033e-05
0.00019232411
1.5859789e-05
1.5980952e-05
1.6332632e-05
1.6513568e-05
1.5804606e-05
1.594469e-05
1.5926574e-05
1.5821595e-05
1.7346342e-05
1.583326e-05
1.5841914e-05
1.6393265e-05
1.6306702e-05
1.5872067e-05
0.001851518
1.6553584e-05
1.606067e-05
1.6445723e-05
1.6088655e-05
1.6000464e-05
1.5824587e-05
1.5930448e-05
1.6354507e-05
1.6297172e-05
1.6036295e-05
1.6073171e-05
0.00069242501
1.930333e-05
0.00020476896
1.5951677e-05
1.6590764e-05
1.6305615e-05
1.5897872e-05
1.8120086e-05
1.6339994e-05
1.6702241e-05
1.6544643e-05
1.6190549e-05
2.1280926e-05
1.670161e-05
1.6190947e-05
1.5841772e-05
1.6543229e-05
1.6772712e-05
1.6898874e-05
0.00028333262
1.6069674e-05
1.6354395e-05
1.6801252e-05
1.5870871e-05
1.6688346e-05
1.6631708e-05
1.6429752e-05
1.6321004e-05
0.00012312045
1.6336521e-05
1.6559786e-05
2.0533478e-05
1.5852715e-05
1.6451583e-05
0.0016892448
1.5865188e-05
1.659878e-05
1.6485339e-05
1.7936177e-05
1.6617274e-05
1.6424815e-05
2.602013e-05
1.651512e-05
0.00051412132
1.630794e-05
2.1189872e-05
1.621282e-05
1.6359208e-05
0.00069989686
1.5822843e-05
0.0017839788
4.1949522e-05
1.579605e-05
1.5814002e-05
1.6670936e-05
1.6702847e-05
1.6503129e-05
1.6057859e-05
1.6194194e-05
1.6087242e-05
1.5955004e-05
1.5824985e-05
1.6086124e-05
1.6323749e-05
1.5983856e-05
0.0034524163
1.6414322e-05
1.6593905e-05
0.0024342263
0.00025368165
1.5938667e-05
1.644423e-05
1.601585e-05
1.6659199e-05
1.6028645e-05
1.6338124e-05
1.657331e-05
0.0017020503
1.6304437e-05
0.0011882401
1.6088257e-05
1.5866766e-05
1.6275623e-05
1.6031668e-05
1.651225e-05
1.592246e-05
1.581813e-05
1.6315442e-05
0.0075132473
1.6791084e-05
1.8392569e-05
2.485171e-05
1.5806286e-05
1.6405903e-05
1.6343827e-05
3.3943883e-05
1.6382328e-05
1.6121485e-05
1.6254452e-05
1.5837143e-05
1.7783011e-05
1.6846889e-05
1.7549259e-05
1.5849588e-05
1.6441212e-05
8.3995192e-05
2.1947476e-05
0.00020750567
1.6858136e-05
1.6333724e-05
3.5366386e-05
1.5943007e-05
1.626353e-05
1.649725e-05
1.6271849e-05
1.5895443e-05
1.5884532e-05
1.6158588e-05
1.6658917e-05
1.5898653e-05
1.5969489e-05
1.5978247e-05
3.2507834e-05
1.7272307e-05
1.6915831e-05
1.6328677e-05
1.6580363e-05
1.5866324e-05
1.662034e-05
1.6378569e-05
0.00019180179
0.0074669106
1.5868288e-05
1.6048634e-05
1.6591856e-05
1.586428e-05
1.6124838e-05
3.3985785e-05
1.6282987e-05
1.7046723e-05
1.6520867e-05
1.6078763e-05
1.5948853e-05
1.6253976e-05
1.6487739e-05
1.6102425e-05
1.5792255e-05
1.6519559e-05
1.6343121e-05
1.6327162e-05
1.6471566e-05
0.00016104026
1.6751432e-05
1.6183074e-05
1.6198925e-05
1.700818e-05
1.8117692e-05
1.6203429e-05
1.6869335e-05
1.6287303e-05
1.6021804e-05
1.6547408e-05
0.017390071
1.6110219e-05
1.5939842e-05
1.5809229e-05
1.6664175e-05
1.723631e-05
1.6512627e-05
1.6856747e-05
1.6405856e-05
1.6398592e-05
1.6761624e-05
1.5830212e-05
1.6458329e-05
1.6520805e-05
1.5810893e-05
1.6206796e-05
0.0070796665
1.5894606e-05
1.6414406e-05
1.6759735e-05
1.7079472e-05
1.6846157e-05
1.6743334e-05
2.0676519e-05
0.0076418189
1.6370629e-05
1.6503127e-05
1.5926621e-05
2.4679971e-05
2.5816666e-05
1.6345572e-05
1.6457244e-05
1.5793483e-05
1.6537614e-05
1.6143811e-05
0.0015317728
0.0039959863
1.6122783e-05
1.6126652e-05
1.6407449e-05
0.017540482
0.016477458
1.6406376e-05
0.0035138303
0.00014380035
1.5953255e-05
2.9303759e-05
1.6796014e-05
0.0044442848
1.6081884e-05
1.7474753e-05
1.6670225e-05
1.5884225e-05
1.7038979e-05
1.5794105e-05
1.5883618e-05
1.3799656e-05
1.6174534e-05
2.3555905e-05
0.00022863419
1.6440129e-05
0.005722683
1.6594108e-05
1.6531315e-05
1.6180769e-05
0.017723567
0.0064424807
1.6268141e-05
1.6545982e-05
0.0010612052
4.621111e-05
1.616065e-05
0.0010697193
1.6568107e-05
5.6035127e-05
3.003013e-05
1.6453962e-05
1.6193952e-05
1.6041571e-05
2.0729014e-05
1.6351504e-05
0.00076196062
1.6851567e-05
1.6864451e-05
1.5869032e-05
1.5832277e-05
0.0094934098
1.5790132e-05
0.00021804201
0.0019393347
5.9346426e-05
1.785233e-05
1.5999987e-05
1.7405575e-05
1.6368149e-05
1.6799087e-05
6.2457442e-05
1.9528591e-05
1.6197057e-05
1.5930837e-05
1.5887101e-05
1.6202386e-05
1.6681892e-05
1.5932015e-05
1.6273581e-05
1.642039e-05
1.6407764e-05
1.6040841e-05
1.6410879e-05
1.6120358e-05
0.014684364
4.1248296e-05
1.658346e-05
1.6202084e-05
0.00011001386
1.800333e-05
5.6907137e-05
1.6200142e-05
1.6401973e-05
1.6367033e-05
1.5949099e-05
1.5837606e-05
1.6570909e-05
1.6429412e-05
0.00039414873
0.0030840121
1.6140065e-05
1.5947634e-05
0.00017802646
1.6370535e-05
1.6545902e-05
1.6237809e-05
1.6206702e-05
1.6140147e-05
1.6107436e-05
1.5793345e-05
1.6562551e-05
1.6346145e-05
0.00052615879
0.0017981282
1.5790609e-05
1.5867086e-05
6.9795215e-05
1.6546882e-05
1.624575e-05
1.6383157e-05
1.704947e-05
1.5858548e-05
1.667573e-05
0.00019419632
1.6488043e-05
1.7921392e-05
2.758121e-05
1.6123539e-05
1.5827266e-05
1.63487e-05
1.6361529e-05
1.5813288e-05
1.6417281e-05
1.6556229e-05
1.6135582e-05
0.0071526443
1.5794968e-05
1.641251e-05
0.0022527385
1.5923552e-05
0.00023300612
1.6189258e-05
1.5952658e-05
1.6332206e-05
2.5437294e-05
1.6333666e-05
0.017702188
1.5838709e-05
1.5875708e-05
1.6194387e-05
1.6580224e-05
1.622647e-05
1.5931858e-05
1.8276998e-05
1.5951613e-05
1.5887415e-05
1.5954709e-05
1.6261109e-05
1.6050379e-05
0.00093743995
1.6273264e-05
1.6495506e-05
1.7183005e-05
1.6190086e-05
0.000383368
1.5920053e-05
1.6207276e-05
1.6200378e-05
1.6403305e-05
1.5918985e-05
1.6434668e-05
1.6279025e-05
1.5879873e-05
1.5890897e-05
1.6318779e-05
1.6182312e-05
1.5884005e-05
5.969455e-05
1.593222e-05
1.58995e-05
1.6860423e-05
1.6202108e-05
1.5912931e-05
1.5911888e-05
1.6019599e-05
7.8030919e-05
0.00012990491
1.6159581e-05
1.6339744e-05
1.5846602e-05
0.0057424715
1.6501883e-05
1.6358822e-05
1.5845562e-05
1.6431758e-05
1.6330446e-05
1.6235674e-05
1.7329843e-05
1.5853299e-05
1.5919535e-05
1.6549789e-05
1.5833729e-05
1.5989073e-05
3.7179112e-05
1.6892821e-05
1.611803e-05
1.6845642e-05
0.0039361473
0.0012601694
0.00090279775
1.5998776e-05
1.6716675e-05
1.5994666e-05
1.5929486e-05
1.5855285e-05
1.626636e-05
1.6600904e-05
1.6896788e-05
1.6002946e-05
1.6340633e-05
1.5873584e-05
1.6248798e-05
1.607704e-05
1.6121078e-05
1.6120151e-05
1.6525736e-05
1.644505e-05
1.6622003e-05
1.6317225e-05
1.6547341e-05
1.6200206e-05
1.6311448e-05
1.6245004e-05
1.6020448e-05
2.9251946e-05
1.6038226e-05
1.6362196e-05
0.0040951016
2.3204183e-05
1.6541606e-05
1.6040409e-05
1.6647265e-05
1.6380895e-05
3.0103756e-05
2.4546024e-05
1.5827707e-05
1.6397726e-05
1.6651827e-05
0.00012401223
1.6651688e-05
1.6732364e-05
0.017555822
1.7619209e-05
1.5966592e-05
1.625444e-05
1.6282819e-05
1.6272692e-05
1.5840846e-05
1.8422634e-05
1.5822833e-05
1.6070228e-05
1.591906e-05
1.5890067e-05
0.0055068021
1.624581e-05
1.6458495e-05
1.6372445e-05
1.6431096e-05
1.7228947e-05
1.6272197e-05
1.6262823e-05
1.6432576e-05
1.5799142e-05
0.00076447667
1.7680912e-05
1.6574273e-05
1.6974435e-05
1.6320079e-05
1.6045655e-05
1.6206841e-05
5.4125438e-05
1.6381741e-05
1.6343475e-05
1.6577523e-05
3.2297342e-05
0.00082773492
2.9080096e-05
0.00017963437
1.6335295e-05
1.6353952e-05
1.6871887e-05
1.6016296e-05
1.6069268e-05
1.6750993e-05
1.6486463e-05
1.6669679e-05
1.6397347e-05
1.6494915e-05
1.6161632e-05
1.673386e-05
2.8561129e-05
1.6085372e-05
1.5881043e-05
1.597663e-05
1.5964559e-05
1.6253066e-05
1.6242375e-05
1.5908895e-05
1.5850473e-05
3.2754099e-05
1.7280178e-05
1.6086231e-05
1.6196159e-05
1.5881057e-05
1.6114705e-05
1.6448625e-05
1.6909399e-05
1.6366895e-05
1.5861111e-05
1.6523821e-05
1.6169282e-05
1.6005469e-05
1.583219e-05
1.6392878e-05
1.6239979e-05
0.010283745
1.6681944e-05
1.642887e-05
1.5880614e-05
1.555611e-05
2.560196e-05
5.1820836e-05
1.6365693e-05
1.6249626e-05
1.6312316e-05
1.6039709e-05
1.6071239e-05
1.6114215e-05
1.6431127e-05
1.6259215e-05
1.7777681e-05
0.00018370729
1.6941011e-05
0.0040808291
1.7031253e-05
1.5849925e-05
1.6482198e-05
1.6524892e-05
1.6910427e-05
1.5850833e-05
1.4242048e-05
1.6242922e-05
0.00011864161
1.6343186e-05
1.6631699e-05
1.6625226e-05
1.6095133e-05
1.5811802e-05
1.6562814e-05
0.00080147474
1.5907145e-05
1.6609021e-05
1.6268867e-05
1.703826e-05
1.6252587e-05
1.6105987e-05
1.6348303e-05
1.5951497e-05
1.6846049e-05
1.6364216e-05
1.6216876e-05
1.6548847e-05
1.6343145e-05
1.5997399e-05
1.6139686e-05
1.6003513e-05
1.5925899e-05
1.6650625e-05
0.00075519055
0.00030804667
1.6334964e-05
1.6370135e-05
1.7242575e-05
3.3608122e-05
3.045042e-05
2.8494141e-05
1.6680324e-05
1.6465701e-05
1.6355667e-05
1.7481043e-05
1.5871134e-05
0.0030800856
1.6200076e-05
1.6245397e-05
1.8417762e-05
0.0021038569
1.6161299e-05
1.6457974e-05
2.6651639e-05
1.6377937e-05
0.017753917
1.6379675e-05
1.5841813e-05
1.6367394e-05
0.00078173362
1.5806779e-05
1.6207871e-05
1.633627e-05
1.620148e-05
1.6545974e-05
1.6524583e-05
1.630331e-05
2.9220242e-05
1.6366853e-05
2.8088333e-05
1.5878121e-05
0.00084618328
1.6581402e-05
0.00053159773
1.6113075e-05
1.6360136e-05
1.5898723e-05
1.7726399e-05
1.6393589e-05
1.5916819e-05
1.6126593e-05
1.7194073e-05
2.1978228e-05
1.6388335e-05
1.6002129e-05
1.6526245e-05
1.59056e-05
1.6335246e-05
1.5831395e-05
1.6687809e-05
1.7062494e-05
1.6702192e-05
1.5823411e-05
1.6315656e-05
0.0076501733
1.6315352e-05
1.6592882e-05
1.6015357e-05
1.6332734e-05
0.0011798571
1.6591212e-05
1.6137822e-05
1.6243841e-05
1.5841747e-05
1.5885079e-05
1.6452272e-05
1.6547744e-05
1.6314011e-05
1.6359367e-05
1.6177997e-05
1.7376093e-05
1.4941518e-05
1.8537424e-05
1.6255766e-05
0.00031302617
1.6181574e-05
1.6246742e-05
0.00015429556
1.6293111e-05
1.5799248e-05
1.5905856e-05
1.6105499e-05
1.6394243e-05
1.6631523e-05
1.6479273e-05
1.5839698e-05
1.5822901e-05
1.6208563e-05
1.673542e-05
1.6802029e-05
1.5805418e-05
1.6116037e-05
1.9369845e-05
1.5843408e-05
0.00033942376
1.5824609e-05
1.6241213e-05
0.0091934018
1.6448163e-05
1.6732927e-05
1.5827939e-05
1.6140811e-05
1.598059e-05
0.00020123565
1.6370257e-05
1.5952776e-05
1.6626317e-05
1.583677e-05
1.6452428e-05
1.6343792e-05
0.00055859072
1.6556679e-05
1.6819107e-05
1.6710416e-05
2.1551111e-05
1.5822383e-05
1.5789832e-05
0.0016024721
1.5790394e-05
1.5949024e-05
1.5890065e-05
1.5982741e-05
1.6251176e-05
1.633147e-05
1.6379445e-05
1.6499741e-05
1.605712e-05
2.1039604e-05
1.6164207e-05
6.1714063e-05
1.6236221e-05
1.8905047e-05
1.6402031e-05
1.6365889e-05
1.583947e-05
1.6123825e-05
1.5862073e-05
1.6430855e-05
1.6527452e-05
1.6110372e-05
1.6910343e-05
1.6637503e-05
0.00049854958
4.1988715e-05
0.0019182176
1.6086812e-05
1.6689543e-05
1.58697e-05
1.6526025e-05
1.5968463e-05
1.5904465e-05
1.6503001e-05
1.6269683e-05
1.6252329e-05
1.7726442e-05
1.6553122e-05
1.6306427e-05
1.7669701e-05
1.6076118e-05
1.633505e-05
1.9520608e-05
1.5979446e-05
1.6447232e-05
1.7214087e-05
1.6415396e-05
1.6343678e-05
1.6028075e-05
1.6236272e-05
0.00013041004
1.6982801e-05
1.6292394e-05
1.7620124e-05
1.6109418e-05
1.5988255e-05
1.6736621e-05
0.00048797784
1.6119083e-05
1.6433957e-05
1.5791777e-05
1.663666e-05
1.6657491e-05
1.7307717e-05
1.5938625e-05
1.6428282e-05
1.6405436e-05
1.6100985e-05
1.8726642e-05
1.7299172e-05
1.609774e-05
0.00041471345
1.6311762e-05
1.5965573e-05
1.5858265e-05
2.1003106e-05
1.6746392e-05
1.6275666e-05
1.5878173e-05
1.6112576e-05
1.640617e-05
1.5964672e-05
1.6108996e-05
1.6477043e-05
1.63667e-05
1.5804959e-05
1.646594e-05
0.000118905
1.6287942e-05
1.609954e-05
1.6847157e-05
1.7552115e-05
1.6399942e-05
1.652382e-05
1.5912859e-05
1.660747e-05
2.6817066e-05
0.00082401719
1.6268231e-05
1.6741707e-05
1.6126447e-05
1.8171145e-05
0.0001801184
1.6276124e-05
1.6123837e-05
1.5810781e-05
1.5959499e-05
1.594712e-05
1.6120731e-05
1.6118805e-05
1.6316125e-05
1.6749021e-05
1.5875062e-05
0.00018099422
1.589888e-05
1.6403615e-05
1.6087077e-05
1.5906058e-05
1.6973903e-05
1.6361775e-05
1.5900953e-05
1.623869e-05
1.6499173e-05
0.0010503424
1.600646e-05
1.6457268e-05
1.6288944e-05
1.6701732e-05
2.6491584e-05
0.00046653599
1.6098889e-05
4.745984e-05
1.6540669e-05
1.6366528e-05
1.625292e-05
1.6002333e-05
0.00019268353
3.4459434e-05
1.6531512e-05
0.00045058846
1.6682952e-05
1.422446e-05
0.0019019422
0.0017188438
1.624469e-05
1.5913299e-05
1.610331e-05
1.632675e-05
1.6237194e-05
0.0059320126
1.586152e-05
2.9337441e-05
1.6545141e-05
1.6693323e-05
1.5806907e-05
1.6241666e-05
1.642718e-05
1.5832339e-05
1.6254928e-05
1.6231911e-05
1.7724253e-05
1.7378702e-05
0.00037045209
1.6669058e-05
4.4833702e-05
1.6349533e-05
0.00075913959
1.5833301e-05
1.6199472e-05
1.5876626e-05
1.6244585e-05
0.0016793498
1.600295e-05
0.00055730963
1.6366481e-05
0.010095566
1.6344689e-05
1.6361902e-05
1.5887358e-05
1.5900605e-05
1.634197e-05
1.6678759e-05
1.6113788e-05
1.6384949e-05
0.0007840234
1.5864275e-05
1.6988638e-05
1.5959007e-05
0.00042193166
1.6637941e-05
2.1779174e-05
1.5923339e-05
1.6325881e-05
1.589075e-05
1.6082203e-05
3.0124182e-05
1.5992872e-05
1.3431595e-05
1.615894e-05
1.7601749e-05
1.6807328e-05
1.6356477e-05
0.00033459005
1.693346e-05
6.884285e-05
6.9059608e-05
1.6639613e-05
8.3833638e-05
1.579226e-05
1.6508113e-05
1.5874897e-05
1.6284892e-05
1.5893266e-05
1.5856062e-05
1.6103623e-05
1.6747836e-05
1.5832165e-05
1.6161603e-05
1.6265895e-05
0.00011886149
9.0516702e-05
8.8952504e-05
3.9628805e-05
1.5948361e-05
1.655098e-05
2.409189e-05
1.6274992e-05
1.581947e-05
1.6208035e-05
1.6401141e-05
1.6473597e-05
0.0010237208
2.055604e-05
1.6286179e-05
1.6102086e-05
1.5837364e-05
1.6419115e-05
1.998275e-05
1.6294291e-05
1.6422746e-05
1.6332395e-05
0.00069201655
2.1476349e-05
1.5831079e-05
1.684665e-05
1.6199421e-05
1.5891824e-05
1.6631954e-05
0.0028263517
0.0003066371
0.0012578932
1.6411149e-05
1.58509e-05
1.6400931e-05
1.6248744e-05
1.6429989e-05
1.5900892e-05
1.8956558e-05
1.6353473e-05
1.6427572e-05
1.6630397e-05
1.616943e-05
1.590669e-05
1.6409965e-05
1.6805368e-05
1.591235e-05
1.8117819e-05
1.6251084e-05
1.6280354e-05
1.6023306e-05
1.6246982e-05
1.6369599e-05
1.6333437e-05
1.6423724e-05
1.5953373e-05
0.00011231069
1.6844023e-05
1.6105538e-05
1.6342362e-05
1.6217239e-05
1.607806e-05
1.6512531e-05
1.6242203e-05
1.6049841e-05
1.6358522e-05
1.5802089e-05
0.00097630186
1.5840446e-05
1.6199866e-05
1.6035017e-05
1.6173721e-05
1.5962792e-05
2.6507323e-05
0.00016924542
1.6414472e-05
1.579416e-05
1.591286e-05
1.5796825e-05
0.00029174212
1.6025188e-05
1.6653168e-05
1.6346541e-05
0.00013522876
0.00015210939
1.6695532e-05
0.0059939296
0.00050009943
1.6285766e-05
0.00036910325
1.6326977e-05
1.6438895e-05
1.586845e-05
1.6185679e-05
0.0016022524
1.6752479e-05
1.6092222e-05
1.6071602e-05
1.6115043e-05
1.5978846e-05
1.5936489e-05
1.3428584e-05
0.00045170502
1.6103026e-05
1.6517052e-05
1.6499089e-05
1.6389503e-05
1.5853279e-05
1.7147732e-05
1.5527326e-05
1.7596033e-05
1.5954371e-05
4.1458104e-05
1.6744988e-05
1.7195149e-05
1.6535851e-05
1.6389128e-05
1.6112378e-05
1.6348603e-05
1.6521282e-05
1.6106129e-05
1.6423064e-05
1.5857906e-05
0.00019769737
3.5900447e-05
1.6019798e-05
0.00018140206
1.6232983e-05
1.5980944e-05
1.6901605e-05
1.6738548e-05
1.6198982e-05
1.8004143e-05
1.6106371e-05
6.0225382e-05
0.0010360417
1.6536112e-05
1.611192e-05
1.649533e-05
2.0459099e-05
1.6496378e-05
1.6201008e-05
0.00078256182
1.624523e-05
1.6678329e-05
1.684383e-05
0.00015199633
0.00024262833
1.597644e-05
1.6719506e-05
1.6753632e-05
1.5882563e-05
1.6220991e-05
1.6254044e-05
2.0559897e-05
1.5831483e-05
8.3566676e-05
1.6349429e-05
6.9743639e-05
1.6519938e-05
1.5845936e-05
1.5837275e-05
1.6407491e-05
1.6809382e-05
1.5908318e-05
1.5947538e-05
1.6485076e-05
1.5886627e-05
1.6240024e-05
1.8938786e-05
0.00011228756
1.5905301e-05
1.6830454e-05
1.6405009e-05
1.6406414e-05
1.6497757e-05
2.0003564e-05
1.649935e-05
1.6845038e-05
1.6408979e-05
2.7149389e-05
1.638357e-05
1.6456185e-05
1.5883033e-05
1.6330638e-05
1.6455358e-05
0.0014414313
0.0014500441
0.005208828
1.644562e-05
)
;

boundaryField
{
    back
    {
        type            empty;
    }
    front
    {
        type            empty;
    }
    farfield
    {
        type            calculated;
        value           nonuniform List<scalar> 
60
(
1.5782869e-05
1.5782869e-05
1.593558e-05
1.5782869e-05
1.5782869e-05
1.5782869e-05
1.5782869e-05
1.5839659e-05
1.5853238e-05
1.5896848e-05
1.5922044e-05
1.5951698e-05
1.5952232e-05
1.5782869e-05
1.5782869e-05
1.5782869e-05
1.5782869e-05
1.5782869e-05
1.5782869e-05
1.5782869e-05
1.5825058e-05
1.5782869e-05
1.5782869e-05
1.5782869e-05
1.5782869e-05
1.5782869e-05
1.5782869e-05
1.5782869e-05
1.5782869e-05
1.5782869e-05
1.5782869e-05
1.5782869e-05
1.5782869e-05
1.5811826e-05
1.5959424e-05
1.5782869e-05
1.5782869e-05
1.5782869e-05
1.5962681e-05
1.5782869e-05
1.5782869e-05
1.5782869e-05
1.5782869e-05
1.5782869e-05
1.5782869e-05
1.5782869e-05
1.5782869e-05
1.5782869e-05
1.5872618e-05
1.5782869e-05
1.5782869e-05
1.5782869e-05
1.5782869e-05
1.5782869e-05
1.5782869e-05
1.5896035e-05
1.5782869e-05
1.5782869e-05
1.5920024e-05
1.5947948e-05
)
;
    }
    outlet
    {
        type            calculated;
        value           nonuniform List<scalar> 
20
(
1.5897175e-05
1.586865e-05
1.6106164e-05
9.4518436e-05
0.00010002916
3.0717567e-05
1.7826529e-05
1.591829e-05
1.5839858e-05
1.5823531e-05
1.583865e-05
1.5886371e-05
1.5911359e-05
0.0001773409
1.589895e-05
1.5869207e-05
1.7430049e-05
3.2530528e-05
1.5939945e-05
1.5874559e-05
)
;
    }
    flap
    {
        type            nutLowReWallFunction;
        blending        stepwise;
        Cmu             0.09;
        kappa           0.41;
        E               9.8;
        value           uniform 0;
    }
    mainfoil
    {
        type            nutLowReWallFunction;
        blending        stepwise;
        Cmu             0.09;
        kappa           0.41;
        E               9.8;
        value           uniform 0;
    }
}


// ************************************************************************* //
