/*--------------------------------*- C++ -*----------------------------------*\
| =========                 |                                                 |
| \\      /  F ield         | OpenFOAM: The Open Source CFD Toolbox           |
|  \\    /   O peration     | Version:  v2012                                 |
|   \\  /    A nd           | Website:  www.openfoam.com                      |
|    \\/     M anipulation  |                                                 |
\*---------------------------------------------------------------------------*/
FoamFile
{
    version     2.0;
    format      ascii;
    class       volScalarField;
    location    "1171";
    object      nut;
}
// * * * * * * * * * * * * * * * * * * * * * * * * * * * * * * * * * * * * * //

dimensions      [0 2 -1 0 0 0 0];


internalField   nonuniform List<scalar> 
39020
(
8.0145589e-10
8.3441896e-08
9.0768839e-07
4.9453126e-06
1.9070921e-05
5.8962823e-05
0.00014412186
0.00027693515
0.00044404059
0.00062896575
0.00082029489
7.9243375e-10
8.253277e-08
8.9855803e-07
4.902933e-06
1.8952911e-05
5.8814841e-05
0.00014421709
0.00027738186
0.00044467106
0.00062963715
0.00082131432
7.7926755e-10
8.1191563e-08
8.8438949e-07
4.8273073e-06
1.8654984e-05
5.7808995e-05
0.0001415545
0.00027194463
0.00043526246
0.0006147417
0.00079851318
1.8567652e-09
1.7810069e-07
1.6526684e-06
6.9400161e-06
1.8208266e-05
3.3975823e-05
4.8161792e-05
5.3259597e-05
4.5627688e-05
3.0070578e-05
1.7197074e-05
1.7455149e-09
1.707614e-07
1.643545e-06
7.2713788e-06
2.0215192e-05
4.0002734e-05
6.0520048e-05
7.2670809e-05
6.9442823e-05
5.1983763e-05
3.2657055e-05
6.9150609e-10
7.2102032e-08
7.8621083e-07
4.2905709e-06
1.6461539e-05
4.9610493e-05
0.00011623923
0.00021525404
0.00033480102
0.00046052688
0.00058006704
6.8238072e-10
7.1138201e-08
7.7531885e-07
4.2268252e-06
1.6183615e-05
4.8597515e-05
0.00011354814
0.00021006338
0.0003266129
0.00044889113
0.00056400585
2.0085024e-09
1.8744277e-07
1.6551059e-06
6.5102838e-06
1.5937827e-05
2.7683168e-05
3.619633e-05
3.6257643e-05
2.7641653e-05
1.6343977e-05
8.6883998e-06
1.943774e-10
2.0327108e-08
2.2372432e-07
1.244888e-06
4.9323981e-06
1.5884234e-05
4.4326264e-05
0.00010811374
0.00022366768
0.00039521851
0.00061882157
1.9876543e-10
2.0790256e-08
2.2908456e-07
1.2786306e-06
5.0992913e-06
1.6628722e-05
4.7435983e-05
0.00011877084
0.00024895711
0.0004399599
0.00068507871
8.3374293e-10
8.6527248e-08
9.3610518e-07
5.0603885e-06
1.9298306e-05
5.865804e-05
0.00014116981
0.00027001595
0.00043446821
0.00062052473
0.00081870998
8.3757288e-10
8.6924183e-08
9.4059849e-07
5.0881325e-06
1.943379e-05
5.9214853e-05
0.00014269778
0.00027290082
0.00043893311
0.00062694252
0.00082794237
3.7295786e-10
3.9670467e-08
4.4820992e-07
2.5745183e-06
1.061133e-05
3.6198188e-05
0.00010656636
0.00024583124
0.00044710153
0.00069150664
0.00096854357
3.6258172e-10
3.8527257e-08
4.3379519e-07
2.4715483e-06
1.0016605e-05
3.305464e-05
9.2673985e-05
0.00020875576
0.00037899279
0.00058679552
0.00081674279
3.7860378e-10
4.0433488e-08
4.5861399e-07
2.6344228e-06
1.0774658e-05
3.5976575e-05
0.00010177533
0.00022809605
0.00041005855
0.00063006985
0.00087463506
1.3813713e-10
1.4859546e-08
1.714822e-07
1.0134571e-06
4.3040991e-06
1.4959803e-05
4.5530865e-05
0.00012119038
0.00026146495
0.0004616153
0.00070676208
1.2634229e-10
1.3587169e-08
1.5681727e-07
9.2751416e-07
3.9441581e-06
1.3719215e-05
4.1722485e-05
0.00011141544
0.00024252732
0.00043125777
0.00066155975
1.7899366e-10
1.8514748e-08
2.0026384e-07
1.0913428e-06
4.2285423e-06
1.3314824e-05
3.6411591e-05
8.8475574e-05
0.00018770975
0.00034582221
0.00056705718
2.0457492e-10
2.1738861e-08
2.4554407e-07
1.4107322e-06
5.795391e-06
1.9434539e-05
5.6682319e-05
0.00014096081
0.00028450277
0.00047993845
0.00071381575
1.9599593e-10
2.0847301e-08
2.3582906e-07
1.3572202e-06
5.5839913e-06
1.8738109e-05
5.4625307e-05
0.00013606232
0.00027585203
0.00046771269
0.00069872656
1.3128747e-10
1.333831e-08
1.400394e-07
7.3507042e-07
2.7292326e-06
8.2093071e-06
2.1465514e-05
5.0985808e-05
0.00011298328
0.00023637331
0.00045184602
1.2599293e-09
1.2728058e-07
1.3237001e-06
6.8413062e-06
2.4939048e-05
7.2114208e-05
0.00016506291
0.00030555819
0.000483293
0.0006861103
0.00090735785
1.1985732e-09
1.2119206e-07
1.2627089e-06
6.5437469e-06
2.3924491e-05
6.9404487e-05
0.00015943161
0.00029609316
0.00046988243
0.00066951307
0.00088920006
1.1340877e-09
1.1512473e-07
1.205076e-06
6.2653386e-06
2.2896418e-05
6.611912e-05
0.00015141506
0.00028117412
0.00044658576
0.00063620669
0.00084258931
6.0274093e-10
6.3405745e-08
7.002784e-07
3.8741291e-06
1.5045646e-05
4.592656e-05
0.00010951542
0.00020580932
0.00032275849
0.00044414917
0.00055407669
5.9045604e-10
6.1847632e-08
6.7902317e-07
3.7331606e-06
1.440585e-05
4.3685499e-05
0.00010393577
0.00019591748
0.00030932578
0.00043013267
0.00054545676
5.9014965e-10
6.1892156e-08
6.8149494e-07
3.7684623e-06
1.4708026e-05
4.5541537e-05
0.00011060843
0.00021035942
0.00033242516
0.00046097825
0.00058219274
5.8917264e-10
6.1976487e-08
6.8530379e-07
3.8064684e-06
1.492004e-05
4.6360734e-05
0.00011268542
0.00021421934
0.00033858011
0.00047020297
0.00059582848
7.7769269e-10
8.1081674e-08
8.8335118e-07
4.8147054e-06
1.8509985e-05
5.6538389e-05
0.00013553835
0.00025647902
0.00040695765
0.00057175723
0.0007393755
7.8133684e-10
8.1339869e-08
8.8457143e-07
4.8142465e-06
1.8490817e-05
5.6445967e-05
0.00013527695
0.00025606271
0.00040669745
0.00057244469
0.0007427221
7.7957722e-10
8.1176008e-08
8.8264064e-07
4.7975672e-06
1.836538e-05
5.5728092e-05
0.00013287213
0.00025076559
0.00039711593
0.00055632678
0.00071577785
2.2141144e-10
2.3156028e-08
2.5475127e-07
1.4151204e-06
5.5852621e-06
1.7864518e-05
4.9251723e-05
0.00011757141
0.00023766976
0.0004129656
0.00064102434
2.2335876e-10
2.3388668e-08
2.5806984e-07
1.4417714e-06
5.75083e-06
1.874369e-05
5.3293364e-05
0.00013135515
0.000269288
0.00046837994
0.00072543511
6.0963658e-10
6.3816395e-08
7.006335e-07
3.858511e-06
1.4946693e-05
4.5349111e-05
0.00010624402
0.00019534731
0.00029965026
0.00040299779
0.00048908368
5.8165637e-10
6.0761755e-08
6.6541985e-07
3.6584197e-06
1.4175904e-05
4.3180947e-05
0.00010197424
0.00018921141
0.00029326033
0.00039947347
0.00049343347
5.5999313e-10
5.817893e-08
6.310892e-07
3.4199677e-06
1.2953483e-05
3.819199e-05
8.8168971e-05
0.00016245102
0.00025144009
0.00034150143
0.0004177453
2.3657984e-10
2.5169013e-08
2.8442277e-07
1.630965e-06
6.6604644e-06
2.2087445e-05
6.3106278e-05
0.00015172016
0.00029673531
0.00048797865
0.00070896376
2.2969733e-10
2.4375975e-08
2.7457786e-07
1.5707103e-06
6.4130782e-06
2.133549e-05
6.1426488e-05
0.00014915429
0.00029420311
0.00048821999
0.00071795626
2.114583e-10
2.2036519e-08
2.4125063e-07
1.3344369e-06
5.2593929e-06
1.6892137e-05
4.7222598e-05
0.00011563119
0.0002394184
0.00042222972
0.00065963235
2.1527315e-10
2.2430279e-08
2.4549726e-07
1.3574715e-06
5.3479319e-06
1.7167689e-05
4.7958919e-05
0.00011728739
0.00024245847
0.00042680898
0.00066546787
2.1454232e-10
2.2360692e-08
2.4477154e-07
1.3528519e-06
5.3210972e-06
1.7019594e-05
4.7223203e-05
0.00011449858
0.00023548102
0.00041406365
0.00064628399
2.0866801e-10
2.1729341e-08
2.3758542e-07
1.31193e-06
5.1591401e-06
1.6517729e-05
4.5964053e-05
0.00011210178
0.00023216837
0.00041090451
0.00064516021
2.0666568e-10
2.1502464e-08
2.3477756e-07
1.2941627e-06
5.0789908e-06
1.622395e-05
4.5047274e-05
0.0001098878
0.00022838612
0.00040589095
0.00063922302
2.0949264e-10
2.1818402e-08
2.3859408e-07
1.3174961e-06
5.1792995e-06
1.6567312e-05
4.6018302e-05
0.00011192506
0.00023118841
0.00040825099
0.0006395074
2.0699481e-10
2.1544169e-08
2.353376e-07
1.2976622e-06
5.0923464e-06
1.6252926e-05
4.5024635e-05
0.00010937116
0.00022636779
0.00040128824
0.00063132189
5.2472065e-10
5.4641866e-08
5.921227e-07
3.1701027e-06
1.1564009e-05
3.1559511e-05
6.6568687e-05
0.00011339374
0.00016319127
0.00020440628
0.00022405346
1.6494794e-09
1.6406716e-07
1.627318e-06
7.5249002e-06
2.2011503e-05
4.5766984e-05
7.2933123e-05
9.3413686e-05
9.7608346e-05
8.2129946e-05
5.7105549e-05
1.5827556e-09
1.5914517e-07
1.6113548e-06
7.7002155e-06
2.3481616e-05
5.0837034e-05
8.4352376e-05
0.00011336973
0.0001265811
0.00011677515
8.9058988e-05
8.0809037e-10
8.4007056e-08
9.1148617e-07
4.9473047e-06
1.8971117e-05
5.8167906e-05
0.00014144863
0.00027237268
0.00043972589
0.00062887799
0.00083002671
8.0899348e-10
8.4166571e-08
9.1413093e-07
4.9663764e-06
1.905994e-05
5.8470761e-05
0.00014211121
0.00027331355
0.00044058732
0.0006290567
0.00082860953
1.5930104e-10
1.6388329e-08
1.7568777e-07
9.468284e-07
3.6225088e-06
1.1247447e-05
3.0302349e-05
7.3019533e-05
0.00015678673
0.000298198
0.00051072165
4.7158291e-10
4.9603052e-08
5.4915433e-07
3.0585782e-06
1.2006453e-05
3.7146167e-05
8.9910812e-05
0.00017052274
0.00026799132
0.00036705623
0.00045204039
4.8297792e-10
5.0819714e-08
5.6287076e-07
3.1362962e-06
1.2319197e-05
3.8158827e-05
9.2417031e-05
0.00017523539
0.00027535999
0.00037739863
0.00046581893
8.2104965e-10
8.4800721e-08
9.0255292e-07
4.6773823e-06
1.6150076e-05
4.0696303e-05
7.8852684e-05
0.00012434205
0.00016689298
0.0001951883
0.00019829752
7.5469287e-10
7.8100047e-08
8.3458812e-07
4.3549044e-06
1.5201421e-05
3.8869088e-05
7.6424691e-05
0.0001220884
0.00016577818
0.00019608462
0.0002016655
1.5530035e-10
1.5952817e-08
1.7057669e-07
9.1610374e-07
3.4898572e-06
1.0778482e-05
2.8856643e-05
6.9146157e-05
0.0001484401
0.00028439616
0.00049348512
1.8482622e-10
1.9600605e-08
2.2068205e-07
1.2632568e-06
5.17284e-06
1.7316573e-05
5.071554e-05
0.00012933515
0.00027135988
0.00047581419
0.0007345884
1.9023748e-10
2.0229522e-08
2.2906556e-07
1.3237654e-06
5.5031088e-06
1.8883143e-05
5.7698288e-05
0.00015360462
0.00032425257
0.00055837451
0.00083971653
4.1330632e-10
4.3526028e-08
4.8328512e-07
2.7086076e-06
1.0794655e-05
3.502551e-05
9.5865757e-05
0.000210382
0.00037537428
0.00057574828
0.00079822878
4.0881036e-10
4.3062417e-08
4.7831856e-07
2.6820689e-06
1.0694634e-05
3.4724358e-05
9.5215801e-05
0.00020958727
0.00037502257
0.00057661271
0.00080120636
1.1733756e-10
1.1843153e-08
1.2307123e-07
6.3843864e-07
2.3435855e-06
6.9872766e-06
1.8222528e-05
4.3879737e-05
0.00010352634
0.00024012098
0.00047006497
1.6349641e-10
1.6842283e-08
1.8095356e-07
9.7794776e-07
3.7538283e-06
1.1698536e-05
3.1646045e-05
7.6478496e-05
0.00016392699
0.00030951321
0.00052413092
1.6701193e-10
1.7227003e-08
1.8548568e-07
1.0051382e-06
3.8700202e-06
1.2101495e-05
3.2853911e-05
7.9577487e-05
0.000170192
0.00031912663
0.00053507581
5.8907512e-10
6.1692202e-08
6.775232e-07
3.7308902e-06
1.445807e-05
4.4215635e-05
0.00010616679
0.00020136597
0.00031952783
0.00044701245
0.00057198867
5.7979267e-10
6.0909562e-08
6.718374e-07
3.7165093e-06
1.4465744e-05
4.4434682e-05
0.00010704415
0.00020326049
0.00032240713
0.00045034751
0.00057461383
1.967816e-10
2.0435148e-08
2.2245205e-07
1.2217929e-06
4.7757703e-06
1.5185519e-05
4.1949624e-05
0.00010217661
0.00021364183
0.00038366612
0.00061118147
1.4768941e-10
1.5113675e-08
1.6058618e-07
8.5551804e-07
3.2286196e-06
9.868962e-06
2.6144765e-05
6.2235336e-05
0.00013447579
0.00026394805
0.00047491036
1.4304236e-10
1.4613226e-08
1.5482797e-07
8.2190459e-07
3.0895054e-06
9.406109e-06
2.4835638e-05
5.9094823e-05
0.00012859067
0.00025671464
0.00047121246
1.7564452e-10
1.8146427e-08
1.9592363e-07
1.0655924e-06
4.1216803e-06
1.2964506e-05
3.5462359e-05
8.6441968e-05
0.00018455117
0.00034237198
0.0005648463
1.3836837e-10
1.4096502e-08
1.4867764e-07
7.8488079e-07
2.9327566e-06
8.8786923e-06
2.3347699e-05
5.5578338e-05
0.00012221795
0.00024994926
0.00046947079
1.516727e-10
1.5552282e-08
1.6579549e-07
8.8700003e-07
3.3637304e-06
1.0336249e-05
2.7524662e-05
6.5710232e-05
0.00014141586
0.00027392474
0.00048366543
1.0676435e-10
1.0788145e-08
1.1213286e-07
5.8084401e-07
2.1263155e-06
6.3243227e-06
1.6526702e-05
4.0575449e-05
0.00010472453
0.00024931131
0.00048535381
1.9156146e-10
1.9876699e-08
2.1608317e-07
1.1848378e-06
4.622328e-06
1.4662939e-05
4.0392653e-05
9.8265378e-05
0.00020606431
0.00037220743
0.00059701493
1.0680777e-10
1.0580904e-08
1.0698967e-07
5.3928011e-07
1.9338696e-06
5.7148723e-06
1.5241435e-05
4.146781e-05
0.00011697207
0.00027831193
0.00052897848
8.16288e-11
8.32995e-09
8.7567957e-08
4.5795376e-07
1.695852e-06
5.1984751e-06
1.5073924e-05
4.902759e-05
0.00014033698
0.00032096907
0.00058347128
1.9468939e-10
2.0212383e-08
2.1994519e-07
1.2076465e-06
4.7200554e-06
1.5013161e-05
4.1518531e-05
0.00010138191
0.00021272343
0.00038336789
0.00061282652
1.8093043e-10
1.8736146e-08
2.0301875e-07
1.1086793e-06
4.3050868e-06
1.3583926e-05
3.7208592e-05
9.0393263e-05
0.00019113169
0.00035032724
0.00057134419
1.1766596e-10
1.1077445e-08
1.0484549e-07
5.0010035e-07
1.7861938e-06
6.4258601e-06
2.4709545e-05
8.2084075e-05
0.00021641477
0.00044248245
0.00073414422
2.4911123e-11
2.4900751e-09
2.8341201e-08
2.4155813e-07
1.5964742e-06
8.2444604e-06
3.3906077e-05
0.00010990667
0.00027383159
0.00052307522
0.00081294653
1.8699833e-10
1.9377741e-08
2.1020922e-07
1.1495791e-06
4.4712472e-06
1.4135146e-05
3.8793746e-05
9.4220262e-05
0.00019825954
0.00036057168
0.0005830002
1.9921635e-10
2.0709645e-08
2.2582697e-07
1.2430481e-06
4.8718081e-06
1.5542949e-05
4.3120892e-05
0.00010539091
0.00022032549
0.00039460802
0.0006265719
2.0393049e-10
2.1209144e-08
2.3145415e-07
1.2753848e-06
5.00571e-06
1.6003237e-05
4.4527017e-05
0.00010901583
0.00022740883
0.00040533409
0.0006399341
6.1259733e-12
6.0004938e-10
6.3299262e-09
3.703756e-08
1.7357408e-07
6.6886897e-07
2.2322554e-06
6.6880458e-06
1.8410381e-05
4.7232648e-05
0.00011359625
1.8948294e-10
1.9654e-08
2.1354184e-07
1.1701413e-06
4.562065e-06
1.4463727e-05
3.9832433e-05
9.6983816e-05
0.00020390158
0.00036963898
0.00059537894
1.9182887e-10
2.0160437e-08
2.2375724e-07
1.2589099e-06
5.0567827e-06
1.6566636e-05
4.7279492e-05
0.00011791591
0.00024613444
0.00043387747
0.00067478849
1.9516112e-10
2.0455116e-08
2.2615733e-07
1.2677132e-06
5.0798023e-06
1.6640757e-05
4.7648263e-05
0.00011956063
0.00025061639
0.00044235431
0.00068809631
5.6155391e-10
5.8962173e-08
6.5021059e-07
3.5995445e-06
1.4046423e-05
4.3466673e-05
0.00010619366
0.00020430702
0.00032744205
0.00046143467
0.00059415069
5.6226034e-10
5.8885584e-08
6.4700661e-07
3.5674817e-06
1.3864565e-05
4.2757184e-05
0.00010448116
0.00020154534
0.00032388782
0.0004572198
0.00058889387
1.9986266e-10
2.1036019e-08
2.3386404e-07
1.3165834e-06
5.279172e-06
1.7198326e-05
4.850593e-05
0.0001188202
0.00024447038
0.00042752109
0.0006625452
1.9393772e-10
2.0376034e-08
2.2597573e-07
1.2693691e-06
5.0831466e-06
1.6556445e-05
4.6734454e-05
0.00011471811
0.00023669475
0.00041542805
0.00064649107
3.2632844e-10
3.4424523e-08
3.8363235e-07
2.1627321e-06
8.6831824e-06
2.8427118e-05
7.9912186e-05
0.00018475988
0.00034673358
0.00055419656
0.00079510244
3.1943649e-10
3.3700199e-08
3.7561026e-07
2.1179153e-06
8.5059115e-06
2.7866117e-05
7.8558613e-05
0.00018270372
0.00034470687
0.00055301609
0.00079529507
9.3883192e-10
9.6789794e-08
1.0374697e-06
5.5570387e-06
2.1074252e-05
6.408455e-05
0.00015453492
0.00029610189
0.00047791785
0.0006867554
0.00091568807
9.2093939e-10
9.4769117e-08
1.0126832e-06
5.398889e-06
2.0312933e-05
6.1019438e-05
0.00014598109
0.00027951476
0.0004520603
0.00065050243
0.00086641057
1.1284469e-10
1.2172495e-08
1.4132227e-07
8.4306211e-07
3.6257581e-06
1.278819e-05
3.9595957e-05
0.00010886552
0.00024431512
0.00044319143
0.00068904162
1.0536802e-10
1.137886e-08
1.3239694e-07
7.9222335e-07
3.4202055e-06
1.2115905e-05
3.7680398e-05
0.00010426119
0.00023600992
0.00043142367
0.00067498245
9.3809702e-11
1.0211333e-08
1.2044554e-07
7.3300645e-07
3.2232402e-06
1.1628632e-05
3.6804802e-05
0.00010346169
0.00023601276
0.00043224774
0.00067669091
1.496097e-09
1.0770856e-07
6.7902673e-07
1.9075846e-06
3.3682628e-06
4.2325781e-06
4.0733115e-06
3.3131782e-06
2.6974871e-06
2.8920317e-06
4.4332186e-06
1.1132706e-09
7.2509423e-08
4.1556385e-07
1.0682699e-06
1.7401664e-06
2.0686904e-06
2.0124001e-06
1.8647981e-06
1.9868198e-06
3.1352929e-06
5.4862506e-06
5.6361425e-10
3.3448502e-08
1.7930477e-07
4.3868212e-07
7.0247712e-07
8.7712237e-07
9.9530113e-07
1.1959726e-06
2.0544125e-06
3.890438e-06
6.925291e-06
7.8077633e-10
8.0872773e-08
8.7217519e-07
4.6919402e-06
1.7734053e-05
5.3115913e-05
0.00012660194
0.00024205422
0.0003909363
0.00056042074
0.0007401671
8.0056953e-10
8.3304643e-08
9.0406961e-07
4.8964945e-06
1.8644874e-05
5.6293069e-05
0.00013461567
0.00025702372
0.00041393205
0.00059196229
0.00078114661
8.2476529e-10
8.567503e-08
9.2808356e-07
5.0236277e-06
1.9177027e-05
5.830872e-05
0.00014034418
0.0002686114
0.00043278082
0.00061934006
0.00081945993
2.0104731e-10
2.1158855e-08
2.3561875e-07
1.3335547e-06
5.40836e-06
1.7991089e-05
5.2683854e-05
0.0001355701
0.00028595791
0.00049766515
0.00075421363
5.5456225e-10
5.8015681e-08
6.3600697e-07
3.4934758e-06
1.3494286e-05
4.1264336e-05
0.00010044309
0.00019468267
0.00031616269
0.00045275141
0.00059392493
5.4211887e-10
5.6923632e-08
6.2774106e-07
3.4751723e-06
1.3563299e-05
4.2073154e-05
0.0001038056
0.00020250835
0.0003294824
0.00047183424
0.0006187353
7.9165576e-10
8.2331092e-08
8.9353905e-07
4.8464252e-06
1.8500639e-05
5.5763313e-05
0.00013149433
0.00024630403
0.00038943106
0.00054795647
0.00071264514
7.9496254e-10
8.2471864e-08
8.9139959e-07
4.8065912e-06
1.818972e-05
5.4135391e-05
0.00012637741
0.00023576993
0.00037244006
0.00052382703
0.00068010859
3.43136e-10
3.620936e-08
4.0361513e-07
2.2750648e-06
9.1296535e-06
2.9867987e-05
8.3642885e-05
0.00019144422
0.00035551819
0.00056341376
0.00080297155
3.3729887e-10
3.5594034e-08
3.9680399e-07
2.2372931e-06
8.9817239e-06
2.9398277e-05
8.2456517e-05
0.00018938967
0.00035292031
0.00056082592
0.00080097305
3.3113331e-10
3.4942293e-08
3.8955121e-07
2.1967377e-06
8.8210098e-06
2.8879553e-05
8.111137e-05
0.00018698046
0.00034974997
0.00055744967
0.00079790344
4.9357765e-10
5.3089482e-08
6.0800714e-07
3.5297019e-06
1.4641517e-05
5.0053379e-05
0.00014107763
0.00030029727
0.00051061956
0.00075033573
0.0010081002
5.0478312e-10
5.4121001e-08
6.1681782e-07
3.5601986e-06
1.4668366e-05
4.9676702e-05
0.00013840968
0.00029278359
0.00049643497
0.00072776144
0.00097437125
5.1167888e-10
5.4965791e-08
6.2791725e-07
3.6303814e-06
1.4960469e-05
5.0525582e-05
0.00013945088
0.00029221994
0.00049221826
0.00071780665
0.00095586533
7.8985934e-10
8.2031412e-08
8.880928e-07
4.7997562e-06
1.823635e-05
5.4728893e-05
0.00012909649
0.00024222444
0.00038256404
0.00053512332
0.00068765564
8.0026623e-10
8.287086e-08
8.9460073e-07
4.8290368e-06
1.8380049e-05
5.5533763e-05
0.00013208651
0.0002487593
0.00039262178
0.00054692712
0.00069728715
7.8062722e-10
8.17609e-08
8.9663863e-07
4.9230918e-06
1.9078919e-05
5.8799846e-05
0.00014151017
0.00026714153
0.00042135827
0.00058708099
0.00075075441
7.3578956e-10
7.698239e-08
8.4349746e-07
4.6306724e-06
1.7932618e-05
5.4954992e-05
0.00013082303
0.00024440545
0.00038216635
0.00052861054
0.00067176913
7.3217963e-10
7.6358469e-08
8.3325577e-07
4.5581487e-06
1.7610429e-05
5.3921159e-05
0.00012841185
0.00024003724
0.00037565287
0.00052036083
0.00066294384
7.0730029e-10
7.3771367e-08
8.050842e-07
4.4019853e-06
1.6964289e-05
5.1585689e-05
0.00012194756
0.00022714845
0.00035521074
0.00049227749
0.00062750704
6.7342491e-11
7.3241578e-09
8.6476325e-08
5.2861874e-07
2.3456542e-06
8.5761187e-06
2.7590971e-05
8.0720981e-05
0.00019925294
0.00039103068
0.00064295784
7.3918394e-11
8.0123249e-09
9.4005285e-08
5.697531e-07
2.5020461e-06
9.038956e-06
2.8685897e-05
8.2478593e-05
0.00020000056
0.00038817723
0.00063390104
7.9474236e-11
8.6233804e-09
1.0127897e-07
6.1396078e-07
2.6926963e-06
9.6985151e-06
3.0639211e-05
8.7233548e-05
0.00020778882
0.00039737337
0.00064286593
6.9666432e-10
7.2208156e-08
7.7421721e-07
4.0639262e-06
1.4325762e-05
3.7140098e-05
7.4080661e-05
0.00011987842
0.0001646627
0.0001969627
0.00020513124
6.4454795e-10
6.6914812e-08
7.1985879e-07
3.8002938e-06
1.3521738e-05
3.55222e-05
7.1848439e-05
0.00011774768
0.00016360217
0.00019793821
0.00020882996
7.8880314e-10
8.2357755e-08
8.9943682e-07
4.9204692e-06
1.9032214e-05
5.8721363e-05
0.00014198218
0.00026966427
0.00042850579
0.00060303148
0.00078266986
7.8906748e-10
8.2093261e-08
8.9221042e-07
4.8552819e-06
1.8672667e-05
5.7243111e-05
0.00013789841
0.00026176224
0.00041619267
0.00058600845
0.00076046864
5.7795466e-10
5.9454512e-08
6.3172333e-07
3.2963845e-06
1.1653964e-05
3.0782611e-05
6.3291995e-05
0.00010590368
0.00015037072
0.00018609967
0.00020163707
6.0690339e-10
6.2308162e-08
6.5958524e-07
3.4216622e-06
1.1992193e-05
3.1324851e-05
6.3696875e-05
0.00010554396
0.00014855768
0.00018230166
0.00019568935
6.3732983e-10
6.5329506e-08
6.8951667e-07
3.5596833e-06
1.2382768e-05
3.201982e-05
6.4422452e-05
0.00010568944
0.00014734998
0.00017900875
0.00018993571
4.94613e-10
5.1990822e-08
5.7487196e-07
3.1961468e-06
1.2523172e-05
3.8702605e-05
9.3622601e-05
0.00017751165
0.00027913219
0.00038311954
0.00047411712
5.0449617e-10
5.301153e-08
5.8578326e-07
3.2540278e-06
1.2740003e-05
3.9362542e-05
9.5239865e-05
0.00018070391
0.00028458549
0.00039173387
0.00048735555
6.0006263e-10
6.309387e-08
6.9648745e-07
3.8544934e-06
1.5019484e-05
4.6419493e-05
0.00011342056
0.00021870321
0.00035178458
0.00049789314
0.00064432399
5.6843707e-10
5.956391e-08
6.5394191e-07
3.5909245e-06
1.3816784e-05
4.1857358e-05
0.00010068711
0.00019338403
0.00031152436
0.00044155994
0.00056993373
1.9462405e-10
2.0546003e-08
2.2954517e-07
1.3005341e-06
5.2561675e-06
1.7298744e-05
4.9530419e-05
0.00012378098
0.0002579667
0.00045123184
0.00069231391
1.8744895e-10
1.9782598e-08
2.2098316e-07
1.2522767e-06
5.0627079e-06
1.6651802e-05
4.7489957e-05
0.00011764891
0.00024354996
0.00042615354
0.00065787803
4.5309918e-10
4.7125071e-08
5.1210827e-07
2.7797598e-06
1.0510059e-05
3.0720124e-05
7.0339569e-05
0.00012902024
0.0001985444
0.0002663811
0.00031757061
4.4787085e-10
4.6541333e-08
5.0486007e-07
2.7316797e-06
1.0269924e-05
2.9752866e-05
6.755233e-05
0.00012323133
0.00018890402
0.00025242118
0.00029907305
4.4704812e-10
4.6403583e-08
5.0224803e-07
2.7075324e-06
1.0118355e-05
2.9062582e-05
6.5470665e-05
0.00011885316
0.00018165937
0.00024219435
0.00028613732
7.3951895e-10
7.6802394e-08
8.3147733e-07
4.4884342e-06
1.6941888e-05
4.9848911e-05
0.00011436106
0.00020958626
0.00032473081
0.00044597981
0.00056073747
7.4552395e-10
7.7734735e-08
8.4609988e-07
4.593205e-06
1.7442436e-05
5.1676271e-05
0.00011905245
0.00021814978
0.0003367106
0.00045897645
0.00056945289
7.6022352e-10
7.9237816e-08
8.6353541e-07
4.7118591e-06
1.8116828e-05
5.4872528e-05
0.0001286686
0.00023757458
0.00036820539
0.00050517808
0.00063599105
4.8492886e-10
5.0530473e-08
5.5095395e-07
3.0066831e-06
1.1477336e-05
3.4082e-05
7.9160316e-05
0.00014635401
0.00022638601
0.00030565125
0.00036865594
4.7441839e-10
4.9343073e-08
5.3649339e-07
2.9175123e-06
1.1085363e-05
3.2718608e-05
7.5649991e-05
0.00013956543
0.0002155187
0.00029010968
0.000347769
4.6106301e-10
4.8003649e-08
5.226189e-07
2.8448457e-06
1.0806128e-05
3.1812657e-05
7.3316458e-05
0.00013497444
0.00020813511
0.00027975013
0.00033445599
1.3126367e-09
1.2993992e-07
1.2879557e-06
6.0313946e-06
1.8243734e-05
3.9884696e-05
6.7518481e-05
9.2888886e-05
0.00010636988
0.00010116351
7.999931e-05
1.339843e-09
1.3142011e-07
1.2811697e-06
5.8528827e-06
1.7175157e-05
3.6428563e-05
5.9807098e-05
7.9378003e-05
8.6648135e-05
7.7277023e-05
5.7393679e-05
1.3714229e-09
1.3297582e-07
1.2689818e-06
5.6179317e-06
1.5885888e-05
3.2457579e-05
5.1234773e-05
6.4847626e-05
6.6412083e-05
5.4525087e-05
3.7633037e-05
5.7325388e-10
6.0165879e-08
6.6285864e-07
3.6629413e-06
1.4244542e-05
4.3748068e-05
0.00010562357
0.00020118036
0.00031998819
0.00044800463
0.00057288134
5.6715532e-10
5.9537816e-08
6.5624749e-07
3.6297218e-06
1.4139962e-05
4.3587476e-05
0.00010582802
0.00020256159
0.00032351698
0.00045481984
0.00058458947
1.6753523e-10
1.7859991e-08
2.0291715e-07
1.1752657e-06
4.8751773e-06
1.6511326e-05
4.8695539e-05
0.00012390939
0.00025696313
0.00044296156
0.00066864337
1.6165528e-10
1.7271975e-08
1.9704252e-07
1.1479058e-06
4.7990265e-06
1.6425516e-05
4.9200345e-05
0.00012762748
0.0002677923
0.00046369078
0.00070129215
1.9860577e-10
2.0797772e-08
2.2950527e-07
1.2823749e-06
5.1146453e-06
1.665351e-05
4.7344371e-05
0.00011806358
0.00024671408
0.0004344193
0.0006724621
2.1037403e-10
2.209042e-08
2.4516186e-07
1.3831954e-06
5.6063366e-06
1.8763431e-05
5.5915986e-05
0.00014645932
0.00030955106
0.00053790148
0.00081802299
2.6436311e-10
2.8075056e-08
3.1669441e-07
1.8162093e-06
7.4519789e-06
2.5065306e-05
7.3604482e-05
0.0001801115
0.00035079751
0.00056993288
0.00082001811
2.6053794e-10
2.7876796e-08
3.1821834e-07
1.8516658e-06
7.7267494e-06
2.6534837e-05
7.9854804e-05
0.00019690078
0.00038108558
0.00061562395
0.00088610026
2.5746628e-10
2.7572125e-08
3.1462578e-07
1.8234679e-06
7.5265118e-06
2.525117e-05
7.2818067e-05
0.00017328177
0.00033192309
0.00053651064
0.00077253069
2.6167261e-10
2.7676226e-08
3.0985336e-07
1.757269e-06
7.0955093e-06
2.3272122e-05
6.5418842e-05
0.00015310416
0.00029292559
0.00047705853
0.00069437713
2.4569979e-10
2.5964639e-08
2.9030485e-07
1.643588e-06
6.6203099e-06
2.1626239e-05
6.0544865e-05
0.00014214989
0.00027393852
0.00044871087
0.000654281
5.1495836e-10
5.364751e-08
5.8460593e-07
3.1868638e-06
1.2147459e-05
3.6018868e-05
8.3494346e-05
0.00015403793
0.00023785244
0.00032076154
0.00038686109
4.9932118e-10
5.2102016e-08
5.6938942e-07
3.1172758e-06
1.1956529e-05
3.5740387e-05
8.3370612e-05
0.00015425673
0.00023847621
0.00032191814
0.00038900607
4.4356538e-10
4.6388052e-08
5.0712653e-07
2.7567544e-06
1.0314002e-05
2.9237101e-05
6.4259629e-05
0.00011351019
0.00016865142
0.00021785238
0.00024712316
4.2748625e-10
4.4719788e-08
4.8945713e-07
2.6684144e-06
1.0044441e-05
2.8781677e-05
6.4067105e-05
0.00011445358
0.00017171176
0.00022383187
0.00025644991
8.1373712e-10
8.4635347e-08
9.1898878e-07
4.9931106e-06
1.9177147e-05
5.8931391e-05
0.0001434028
0.00027574428
0.00044407155
0.00063325416
0.00083316151
8.1385459e-10
8.4643968e-08
9.1909893e-07
4.9946611e-06
1.9193655e-05
5.9050655e-05
0.00014383003
0.00027653556
0.00044495783
0.0006336676
0.00083224506
8.1077896e-10
8.4347039e-08
9.1638003e-07
4.984243e-06
1.9177574e-05
5.9092671e-05
0.0001440286
0.00027679215
0.0004449947
0.0006332067
0.00083115655
7.4086063e-10
7.7393914e-08
8.4511388e-07
4.6108365e-06
1.7662462e-05
5.3182199e-05
0.00012478951
0.0002317501
0.0003614218
0.00049780178
0.000626024
7.5575638e-10
7.8716305e-08
8.5736726e-07
4.6804715e-06
1.8053857e-05
5.5230047e-05
0.00013151938
0.00024623601
0.00038653054
0.00053772007
0.00068901304
7.3669958e-10
7.6644542e-08
8.3243398e-07
4.5169321e-06
1.7212472e-05
5.1635139e-05
0.00012131068
0.00022609029
0.00035386313
0.00048897651
0.00061707982
6.0087714e-10
6.3364941e-08
7.029324e-07
3.9167524e-06
1.5401826e-05
4.8027086e-05
0.00011679421
0.00022147578
0.00034870709
0.00048185094
0.00060597956
5.9480161e-10
6.2298317e-08
6.8399754e-07
3.761668e-06
1.4530374e-05
4.4197341e-05
0.00010563776
0.0001995712
0.00031465812
0.0004350886
0.00054520793
5.298944e-10
5.5686457e-08
6.1503681e-07
3.4121828e-06
1.3354253e-05
4.1601773e-05
0.00010330597
0.0002024859
0.00033004977
0.00047233228
0.00061760686
5.2726969e-10
5.5319885e-08
6.0971012e-07
3.3768595e-06
1.3211018e-05
4.1281378e-05
0.00010335389
0.00020423231
0.00033495123
0.00048168534
0.00063286665
5.5637761e-10
5.8290563e-08
6.407131e-07
3.5341977e-06
1.3748514e-05
4.2532401e-05
0.00010453676
0.00020271577
0.00032721254
0.00046385834
0.00060003377
5.9696204e-10
6.3051215e-08
7.0352015e-07
3.9752687e-06
1.6106176e-05
5.3424267e-05
0.00013910132
0.00027245794
0.00043527738
0.00060985152
0.0007861338
2.1625029e-10
2.2518605e-08
2.4618236e-07
1.3587903e-06
5.3377156e-06
1.7052957e-05
4.7248071e-05
0.00011431994
0.00023474744
0.000412838
0.0006458334
2.1061751e-10
2.1990197e-08
2.4126647e-07
1.3359e-06
5.2558569e-06
1.6764449e-05
4.6139687e-05
0.00011043084
0.00022498233
0.00039491649
0.00061973786
4.8092467e-10
5.0609697e-08
5.60605e-07
3.1260888e-06
1.2344319e-05
3.9260243e-05
0.00010195524
0.00020913402
0.00035245588
0.00051603694
0.00068574144
4.824884e-10
5.0649531e-08
5.5926924e-07
3.1101428e-06
1.2265195e-05
3.9062903e-05
0.00010197033
0.00021034811
0.00035621223
0.00052403616
0.00070059331
7.4040333e-10
7.7001739e-08
8.360509e-07
4.5377367e-06
1.7314356e-05
5.2020599e-05
0.00012215776
0.00022759193
0.00035694771
0.00049615721
0.00063366365
7.381146e-10
7.685166e-08
8.3556908e-07
4.5392657e-06
1.7317813e-05
5.1942517e-05
0.00012168316
0.00022624426
0.00035405879
0.00049065082
0.00062380475
1.544849e-10
1.660945e-08
1.9136582e-07
1.1273235e-06
4.761623e-06
1.6420614e-05
4.9443307e-05
0.00012928292
0.00027381447
0.00047674015
0.00072228637
1.6546825e-10
1.7738253e-08
2.0356504e-07
1.1959492e-06
5.0592133e-06
1.7626747e-05
5.4385594e-05
0.00014553105
0.00030851661
0.00053395797
0.00080817593
1.6626332e-10
1.774802e-08
2.0209059e-07
1.1736227e-06
4.8818017e-06
1.657548e-05
4.904171e-05
0.00012564455
0.00026240198
0.00045403718
0.00068634894
6.0980684e-10
7.02439e-08
9.1217389e-07
5.8458871e-06
2.4820273e-05
8.3761668e-05
0.00021070513
0.00039046318
0.00059501522
0.00080575129
0.0010144553
6.747873e-10
8.6281991e-08
1.2341259e-06
8.061008e-06
3.3895387e-05
0.00011231355
0.00025839022
0.00044696317
0.00065455325
0.00087270264
0.0011055541
7.9780154e-10
1.0696212e-07
1.5221155e-06
9.5974747e-06
3.8408469e-05
0.00011429795
0.0002375246
0.00038906421
0.00055352622
0.00072590748
0.00091053347
8.5251037e-10
8.9113568e-08
9.7696464e-07
5.3935229e-06
2.1281698e-05
6.7974667e-05
0.00016707202
0.00031491371
0.00049301806
0.00068497365
0.00088301024
7.8575618e-10
8.1763231e-08
8.8825068e-07
4.8255581e-06
1.8481769e-05
5.6119443e-05
0.00013342022
0.00025072522
0.00039592649
0.00055442323
0.000714999
4.1927699e-10
4.4165314e-08
4.90318e-07
2.7413128e-06
1.0797569e-05
3.3429259e-05
8.0904217e-05
0.00015338641
0.0002402911
0.00032620642
0.00039404746
4.349689e-10
4.5766503e-08
5.0716315e-07
2.829367e-06
1.1124587e-05
3.4431031e-05
8.3396147e-05
0.00015826166
0.00024831702
0.00033813091
0.00041094436
7.689287e-10
8.0189094e-08
8.7502193e-07
4.7894827e-06
1.858514e-05
5.7921992e-05
0.00014237166
0.00027362069
0.00043763772
0.00061799748
0.00080383767
7.4855631e-10
7.8040097e-08
8.5136817e-07
4.6593712e-06
1.806658e-05
5.6125531e-05
0.00013728255
0.00026305439
0.0004204792
0.00059437454
0.00077460779
7.3215981e-10
7.6329392e-08
8.3193935e-07
4.5404292e-06
1.7491559e-05
5.3615158e-05
0.00012936228
0.00024647555
0.00039384174
0.0005576364
0.00072780696
3.0059139e-10
3.1723313e-08
3.5365679e-07
1.9929395e-06
7.9806618e-06
2.5924913e-05
7.1876143e-05
0.00016497933
0.00031058545
0.00050032813
0.00072360143
2.8603197e-10
3.0228849e-08
3.3778597e-07
1.9091949e-06
7.6701202e-06
2.4987897e-05
6.9469716e-05
0.00016001418
0.00030222266
0.00048824019
0.0007078148
2.7148856e-10
2.8709776e-08
3.2123455e-07
1.8194451e-06
7.3300759e-06
2.396006e-05
6.6960891e-05
0.00015543819
0.00029549354
0.00047940445
0.00069653111
3.2560132e-10
3.4417141e-08
3.8443954e-07
2.1702223e-06
8.7089296e-06
2.8437626e-05
7.9789346e-05
0.00018519217
0.00034888487
0.00055689366
0.0007933502
3.1406275e-10
3.3121217e-08
3.6880666e-07
2.0750726e-06
8.2937742e-06
2.6893668e-05
7.448655e-05
0.00017087687
0.00032117487
0.00051546497
0.00074120014
5.3342777e-10
5.7482884e-08
6.5934516e-07
3.8257328e-06
1.5807725e-05
5.3491272e-05
0.00014689165
0.00030495063
0.00050906039
0.00073643153
0.00097342497
5.5348114e-10
5.9922353e-08
6.9181475e-07
4.0428738e-06
1.6848816e-05
5.780735e-05
0.00016024838
0.00033114974
0.00054705798
0.000782754
0.0010242498
5.6882491e-10
6.1657094e-08
7.1439518e-07
4.2064121e-06
1.778769e-05
6.2860372e-05
0.00017855789
0.00036779044
0.000600018
0.00084773952
0.001096922
5.4067387e-10
5.9516973e-08
7.0576804e-07
4.2688429e-06
1.8620571e-05
6.861148e-05
0.00019817937
0.00040283916
0.00064760178
0.00090714047
0.0011714799
2.217689e-10
2.3489036e-08
2.6381884e-07
1.5044285e-06
6.1250968e-06
2.0329693e-05
5.8466947e-05
0.00014247321
0.00028255569
0.00047091519
0.00069388818
2.1846516e-10
2.3179874e-08
2.6118536e-07
1.4965149e-06
6.1348702e-06
2.0572599e-05
6.0124483e-05
0.00014898469
0.00029798045
0.00049833298
0.00073662711
2.1059013e-10
2.2400148e-08
2.5333944e-07
1.4571298e-06
5.9900658e-06
2.0094374e-05
5.8577005e-05
0.00014501585
0.00029070935
0.00048723775
0.00072045703
1.036477e-09
1.0661455e-07
1.137987e-06
6.0584442e-06
2.2810148e-05
6.8781751e-05
0.00016435885
0.00031238801
0.00049969117
0.00070983231
0.00093125938
1.0272613e-09
1.0587641e-07
1.1354628e-06
6.1003167e-06
2.3354549e-05
7.2412081e-05
0.00017696045
0.00033935093
0.00054534279
0.00078088281
0.0010418375
9.6043595e-10
9.8795119e-08
1.0553672e-06
5.6287243e-06
2.1236466e-05
6.4221698e-05
0.00015436734
0.00029533106
0.0004757335
0.00068111808
0.00090223484
2.1280041e-10
2.2330604e-08
2.4724636e-07
1.3872752e-06
5.5609717e-06
1.8225141e-05
5.2174922e-05
0.00012973824
0.00026766876
0.00046652884
0.00072138704
2.0608491e-10
2.1646577e-08
2.3988302e-07
1.3454681e-06
5.3753098e-06
1.7458915e-05
4.9141297e-05
0.0001201821
0.00024677322
0.00043052294
0.00066542413
6.2724722e-10
6.5558675e-08
7.1758088e-07
3.9350665e-06
1.5205149e-05
4.6730981e-05
0.00011416591
0.00022053004
0.00035487102
0.00050135198
0.00064637672
6.2031181e-10
6.4957289e-08
7.131992e-07
3.9280941e-06
1.52699e-05
4.7285537e-05
0.00011609206
0.00022466446
0.00036230447
0.00051422297
0.00066851506
1.1021915e-09
1.1221993e-07
1.1798982e-06
6.166973e-06
2.266833e-05
6.5865241e-05
0.00015155099
0.00028229308
0.00044955672
0.00064255235
0.00085528259
1.07916e-09
1.1016983e-07
1.1619493e-06
6.0860828e-06
2.2371178e-05
6.4892567e-05
0.0001493058
0.00027849932
0.00044399497
0.00063449551
0.00084318099
1.2155036e-09
1.6317351e-07
2.1347366e-06
1.2239186e-05
4.4955106e-05
0.000116898
0.00022438633
0.00035581728
0.0005034985
0.00066624889
0.00084907836
1.9346252e-09
2.0961773e-07
2.3109398e-06
1.2038758e-05
4.0580009e-05
9.765942e-05
0.0001850832
0.00030144564
0.00044557273
0.00061647559
0.00081433197
3.0560717e-09
2.7091225e-07
2.3584891e-06
1.0002836e-05
2.96446e-05
7.0420877e-05
0.00014287715
0.00025678179
0.00041657529
0.00061626424
0.00084246471
4.9287437e-10
5.1808229e-08
5.7303326e-07
3.1921099e-06
1.261117e-05
4.0211151e-05
0.0001044582
0.00021345048
0.00035825473
0.00052330532
0.00069570625
4.8930044e-10
5.1550243e-08
5.7215509e-07
3.2000004e-06
1.2696518e-05
4.0684452e-05
0.00010623504
0.00021771441
0.0003658271
0.00053461416
0.00071119818
4.8241208e-10
5.0750109e-08
5.6217683e-07
3.1388854e-06
1.2447116e-05
3.9995731e-05
0.00010551434
0.00021879646
0.00037100953
0.00054593996
0.00073044779
4.9078044e-10
5.1671018e-08
5.7338467e-07
3.2117204e-06
1.2809953e-05
4.1623478e-05
0.00011145621
0.00023284229
0.00039529774
0.00058110055
0.00077701106
8.4894191e-10
8.8041804e-08
9.5201226e-07
5.150023e-06
1.9719575e-05
6.0666844e-05
0.00014859473
0.00028778591
0.00046620922
0.00066818768
0.00088362367
8.3678392e-10
8.6893905e-08
9.417403e-07
5.11138e-06
1.9666356e-05
6.0956319e-05
0.00015031843
0.000291788
0.00047251646
0.00067647888
0.00089389298
8.2137785e-10
8.5339813e-08
9.2584112e-07
5.0325057e-06
1.9396103e-05
6.0214311e-05
0.00014856116
0.00028813636
0.00046601021
0.00066629685
0.00087923867
4.9567868e-10
5.1176901e-08
5.4839804e-07
2.9086769e-06
1.0585029e-05
2.9193997e-05
6.2878119e-05
0.00010965853
0.00016144589
0.0002065966
0.00023122181
5.0264627e-10
5.1986792e-08
5.5835904e-07
2.9674932e-06
1.0807574e-05
2.9753433e-05
6.380911e-05
0.00011071691
0.00016214897
0.0002062041
0.00022849694
5.9705397e-10
6.2070561e-08
6.6980059e-07
3.5558042e-06
1.2771633e-05
3.4015837e-05
6.9815659e-05
0.00011594453
0.00016303803
0.00019959877
0.00021334369
5.5963932e-10
5.8206504e-08
6.2908927e-07
3.3520857e-06
1.212916e-05
3.2696854e-05
6.8035527e-05
0.0001144501
0.00016284735
0.0002017033
0.00021836984
3.5969617e-11
4.1137581e-09
5.3570265e-08
3.724958e-07
1.9003485e-06
7.9684414e-06
3.0208432e-05
9.784306e-05
0.00024880889
0.00048654582
0.00077561932
2.0323037e-10
1.8653101e-08
1.6785238e-07
7.4911818e-07
2.4002054e-06
6.4528715e-06
1.5990826e-05
4.1492069e-05
0.000112562
0.00026065752
0.00048858769
1.2620991e-11
1.6276989e-09
2.6596293e-08
2.2707456e-07
1.3468601e-06
6.2277253e-06
2.4098394e-05
7.7412851e-05
0.00018454198
0.00034612728
0.0005557619
6.7001119e-10
6.8574382e-08
7.2165857e-07
3.7078856e-06
1.2802847e-05
3.2777046e-05
6.5256959e-05
0.00010600576
0.00014639704
0.00017608752
0.00018470108
7.0540639e-10
7.2120514e-08
7.5724768e-07
3.8745065e-06
1.3283913e-05
3.3671665e-05
6.6322014e-05
0.00010663667
0.0001458202
0.00017358761
0.0001799443
7.443837e-10
7.6040821e-08
7.9671002e-07
4.0590959e-06
1.3813809e-05
3.4653005e-05
6.7505009e-05
0.0001074125
0.00014542693
0.00017134302
0.00017559026
7.4429978e-11
8.1102221e-09
9.608287e-08
5.900655e-07
2.634698e-06
9.7140884e-06
3.1560638e-05
9.1912876e-05
0.00021814371
0.00041108581
0.00065644712
3.2897008e-11
3.8948115e-09
5.3846208e-08
3.9875848e-07
2.1493268e-06
9.389991e-06
3.527536e-05
0.0001122282
0.00026345479
0.00047415219
0.00072630221
2.0070426e-10
2.0946048e-08
2.2975825e-07
1.2729537e-06
5.0185549e-06
1.6073802e-05
4.456606e-05
0.00010785327
0.00022192066
0.00039190896
0.00061636584
1.9855199e-10
2.0722224e-08
2.2734616e-07
1.2601724e-06
4.9723777e-06
1.5946709e-05
4.430168e-05
0.0001075143
0.00022172872
0.00039193373
0.00061616375
5.2502509e-10
5.4666931e-08
5.9515995e-07
3.2409874e-06
1.2345862e-05
3.6599344e-05
8.4803441e-05
0.00015658182
0.00024266237
0.00032978722
0.00040323733
5.1772645e-10
5.3741645e-08
5.8201129e-07
3.1450429e-06
1.1844346e-05
3.4588681e-05
7.9305107e-05
0.000145908
0.0002260079
0.00030702653
0.00037448231
5.1688561e-10
5.3673667e-08
5.8154916e-07
3.1435119e-06
1.1835112e-05
3.451764e-05
7.8982457e-05
0.00014486056
0.00022316356
0.00030031289
0.00036061247
4.3510623e-10
4.5799862e-08
5.0802207e-07
2.8426038e-06
1.1301566e-05
3.6499928e-05
9.8453567e-05
0.00021139206
0.00037005355
0.00055906726
0.00076520609
4.3219882e-10
4.549669e-08
5.047392e-07
2.8251003e-06
1.123826e-05
3.6342082e-05
9.8369392e-05
0.00021214609
0.00037264221
0.00056432128
0.0007737665
7.4561265e-10
7.7763613e-08
8.4787799e-07
4.6249238e-06
1.7750648e-05
5.3630435e-05
0.00012572616
0.00023204427
0.0003585328
0.00048814902
0.00060481382
7.3870666e-10
7.7218291e-08
8.4579727e-07
4.6503056e-06
1.8092071e-05
5.5814211e-05
0.00013287771
0.0002469469
0.00038378977
0.00052821823
0.00066913466
7.055825e-10
7.3407101e-08
7.979305e-07
4.3400705e-06
1.6606257e-05
5.0008768e-05
0.00011735184
0.00021767877
0.00033895112
0.00046647218
0.00058736122
3.5537513e-10
3.7471806e-08
4.1714004e-07
2.3472913e-06
9.4014933e-06
3.0695648e-05
8.5630228e-05
0.00019469796
0.00035934065
0.00056669797
0.00080444502
3.4936691e-10
3.6852639e-08
4.1050506e-07
2.311754e-06
9.2668637e-06
3.0281191e-05
8.4616571e-05
0.0001929925
0.00035726075
0.00056478247
0.00080330983
4.5053602e-10
4.6646375e-08
5.0272198e-07
2.6939791e-06
9.9851455e-06
2.8379421e-05
6.3335657e-05
0.00011423724
0.00017374925
0.00023049949
0.00027051218
4.5437792e-10
4.7019298e-08
5.062013e-07
2.7073116e-06
9.9979408e-06
2.8244274e-05
6.259703e-05
0.00011217807
0.00016951359
0.00022314754
0.00025915769
4.5840631e-10
4.7505461e-08
5.1245707e-07
2.7459335e-06
1.0150838e-05
2.8644833e-05
6.3266138e-05
0.00011287658
0.00016974895
0.00022220272
0.00025602819
2.9692097e-10
3.1684731e-08
3.5955549e-07
2.0713666e-06
8.5115986e-06
2.8558972e-05
8.2561703e-05
0.00019461751
0.00036684316
0.00058393835
0.00083120775
3.0858644e-10
3.2878843e-08
3.7231479e-07
2.1412161e-06
8.79909e-06
2.9634521e-05
8.6293294e-05
0.00020377572
0.00038294608
0.00060772004
0.00086451368
3.1421037e-10
3.3448725e-08
3.7817992e-07
2.1700834e-06
8.8905964e-06
2.9817344e-05
8.6252622e-05
0.00020225121
0.00037830137
0.00059830144
0.00084806373
8.753906e-10
9.0833561e-08
9.8392946e-07
5.3428945e-06
2.0611681e-05
6.4259776e-05
0.00015885056
0.00030685899
0.00049194835
0.00069464887
0.00090163424
8.3195147e-10
8.7055442e-08
9.5515943e-07
5.2701751e-06
2.0749005e-05
6.6540242e-05
0.00016791052
0.00032591978
0.00052248448
0.00073884391
0.00096384627
8.0982741e-10
4.4593888e-08
2.2187268e-07
5.0325204e-07
7.5100683e-07
8.924456e-07
1.0015293e-06
1.2680698e-06
2.2608915e-06
4.2856467e-06
7.5449804e-06
1.9486144e-09
1.1687863e-07
6.1025834e-07
1.4146433e-06
2.051908e-06
2.159565e-06
1.8927933e-06
1.667488e-06
2.1287857e-06
3.6642482e-06
6.5009104e-06
2.2336486e-10
2.3450606e-08
2.6007323e-07
1.4646953e-06
5.9151693e-06
1.9675589e-05
5.8120096e-05
0.00015100537
0.00031791294
0.00054997273
0.00083114195
2.3924183e-10
2.5065941e-08
2.7695052e-07
1.5512728e-06
6.2184787e-06
2.0479306e-05
5.9567268e-05
0.00015157085
0.00031553916
0.00054589391
0.00083105438
4.2656137e-10
4.5383776e-08
5.1202017e-07
2.9258659e-06
1.1928637e-05
3.9872988e-05
0.00011245888
0.00024814814
0.00043875477
0.00066557213
0.00091622294
4.2507935e-10
4.5461273e-08
5.1620154e-07
2.9631906e-06
1.2075686e-05
3.999288e-05
0.00011059192
0.00024026123
0.000420834
0.00063280246
0.0008600661
4.5744596e-10
4.9257715e-08
5.6488514e-07
3.2810012e-06
1.3579005e-05
4.6101561e-05
0.00013045935
0.00028299638
0.00048982346
0.00072882237
0.00098666361
3.6649952e-10
3.8651901e-08
4.3031269e-07
2.4209054e-06
9.6911708e-06
3.1612612e-05
8.787653e-05
0.00019836078
0.00036357535
0.00057026689
0.00080607161
3.6056122e-10
3.8024003e-08
4.2333907e-07
2.3821637e-06
9.5396033e-06
3.1135088e-05
8.671103e-05
0.00019645834
0.00036135519
0.0005683495
0.00080511165
4.8804064e-10
5.1065921e-08
5.6134261e-07
3.106191e-06
1.2181787e-05
3.8607388e-05
0.00010123174
0.00021175752
0.00036351797
0.00053977186
0.0007245897
4.7108952e-10
4.951009e-08
5.4705014e-07
3.0393857e-06
1.1947514e-05
3.7852482e-05
9.8789835e-05
0.00020570217
0.00035286833
0.000525726
0.00071076129
5.074837e-10
5.3530429e-08
5.9509253e-07
3.3341114e-06
1.3256781e-05
4.2553228e-05
0.00011049711
0.00022394525
0.00037226929
0.0005392182
0.00071218881
4.9328888e-10
5.187193e-08
5.7361267e-07
3.188291e-06
1.2514641e-05
3.9341176e-05
0.0001003035
0.00020258131
0.00033769847
0.00048987794
0.00064399559
4.9356188e-10
5.1786122e-08
5.712212e-07
3.1708958e-06
1.2467129e-05
3.9455981e-05
0.00010165276
0.00020695611
0.00034723064
0.00050767151
0.00067577393
8.0415491e-10
8.3596179e-08
9.076986e-07
4.9393541e-06
1.9058084e-05
5.9164341e-05
0.00014564867
0.00028188302
0.00045560881
0.00065193754
0.00086172354
7.8984014e-10
8.1900032e-08
8.8590272e-07
4.7970485e-06
1.8373288e-05
5.6327557e-05
0.00013706831
0.0002643736
0.00042836849
0.00061637467
0.00082060643
7.6011793e-10
7.9250146e-08
8.6305689e-07
4.6968121e-06
1.7975106e-05
5.4349735e-05
0.00012900292
0.00024325557
0.00038648098
0.0005452583
0.00070957114
7.7393767e-10
8.0552584e-08
8.7525152e-07
4.752681e-06
1.8157076e-05
5.4821243e-05
0.00012987513
0.0002443725
0.00038743497
0.00054553257
0.00070862949
7.7960059e-10
8.1253442e-08
8.8439028e-07
4.8097615e-06
1.8395433e-05
5.5522681e-05
0.00013114089
0.00024585263
0.00038848288
0.00054533402
0.00070600547
4.0409141e-10
4.2571171e-08
4.7298527e-07
2.6531527e-06
1.0583909e-05
3.4383547e-05
9.4444809e-05
0.00020852889
0.00037421738
0.000576786
0.00080318474
3.9939773e-10
4.2076519e-08
4.6751627e-07
2.6228969e-06
1.0465801e-05
3.4013176e-05
9.3582463e-05
0.00020727824
0.00037310751
0.0005765478
0.00080465156
3.9436069e-10
4.1551354e-08
4.6179393e-07
2.5916894e-06
1.0345439e-05
3.3638645e-05
9.2704088e-05
0.00020596404
0.00037184525
0.00057603806
0.00080570337
6.2317504e-10
6.4790454e-08
7.0298518e-07
3.8058325e-06
1.4379913e-05
4.2157947e-05
9.6337509e-05
0.00017590774
0.00027088311
0.00036778919
0.00045268952
6.239089e-10
6.4867747e-08
7.0392132e-07
3.8123615e-06
1.4417269e-05
4.2346406e-05
9.6965399e-05
0.00017718364
0.00027261128
0.00036923664
0.00045254986
6.2311801e-10
6.4855051e-08
7.0526171e-07
3.8327735e-06
1.4576547e-05
4.3184731e-05
9.9544836e-05
0.00018209059
0.00027914359
0.00037506247
0.00045336259
2.0698263e-10
2.1746319e-08
2.4126547e-07
1.3571794e-06
5.4548802e-06
1.7916993e-05
5.139313e-05
0.00012830023
0.00026601075
0.00046520011
0.0007203763
3.9532714e-10
4.2103668e-08
4.7581217e-07
2.7245138e-06
1.1126573e-05
3.7211196e-05
0.00010562729
0.00023659636
0.00042406285
0.00064968283
0.00090044014
4.0076972e-10
4.2811714e-08
4.8575866e-07
2.7914606e-06
1.1424658e-05
3.8213542e-05
0.00010800647
0.00024008805
0.00042720685
0.00064996119
0.00089376806
4.1618704e-10
4.451978e-08
5.0616732e-07
2.917222e-06
1.2003025e-05
4.0571358e-05
0.00011584255
0.00025691755
0.00045431102
0.00068851767
0.00094767596
6.2242832e-10
6.5847591e-08
7.3317997e-07
4.0971042e-06
1.6147019e-05
5.0466632e-05
0.0001228895
0.00023349832
0.0003691843
0.00051417104
0.00065597035
5.9842343e-10
6.3234266e-08
7.030254e-07
3.9205886e-06
1.538351e-05
4.7670657e-05
0.0001152962
0.0002182656
0.00034353723
0.00047404533
0.00059302259
8.4082179e-10
8.7194106e-08
9.4215984e-07
5.0858174e-06
1.9376157e-05
5.8992865e-05
0.00014289676
0.00027541621
0.00044620748
0.00064114591
0.00085081291
8.4833767e-10
8.7978014e-08
9.5103305e-07
5.1399261e-06
1.9636554e-05
6.0111247e-05
0.00014639423
0.00028279588
0.00045814341
0.00065758162
0.00087153705
1.9329148e-10
2.0740365e-08
2.3792372e-07
1.3923212e-06
5.8305579e-06
1.9923473e-05
5.923531e-05
0.00014931468
0.00030199823
0.00050763051
0.00075143955
2.0892391e-10
2.2332325e-08
2.5462627e-07
1.4799722e-06
6.1644016e-06
2.1033832e-05
6.2694299e-05
0.00015767971
0.0003171421
0.00053199077
0.00079091943
2.1893864e-10
2.3264183e-08
2.6261073e-07
1.5059225e-06
6.160536e-06
2.0505801e-05
5.9070457e-05
0.00014449607
0.00028806054
0.00048206066
0.00071255274
4.9910247e-11
5.4848716e-09
6.6132284e-08
4.1663732e-07
1.9223383e-06
7.3774058e-06
2.5259558e-05
8.0347194e-05
0.00021263181
0.00043027763
0.00071269333
5.3065726e-11
5.7708751e-09
6.8225274e-08
4.1846347e-07
1.8678312e-06
6.8843612e-06
2.232998e-05
6.6188696e-05
0.00016939149
0.00034459793
0.0005790351
5.9066861e-11
6.4517396e-09
7.6792515e-08
4.7431699e-07
2.1278894e-06
7.8505251e-06
2.5351446e-05
7.4120843e-05
0.00018436428
0.00036597691
0.0006065059
4.2903055e-10
4.5168065e-08
5.01197e-07
2.8061589e-06
1.1168075e-05
3.6148532e-05
9.8111163e-05
0.00021240162
0.00037430402
0.00056826447
0.00078081906
4.249188e-10
4.4753836e-08
4.9691713e-07
2.7842782e-06
1.1089877e-05
3.5933072e-05
9.7762189e-05
0.00021235966
0.00037533167
0.00057119178
0.00078650201
8.0809314e-10
8.3864128e-08
9.0625665e-07
4.8784642e-06
1.8384549e-05
5.4309773e-05
0.00012593153
0.00023412468
0.00036907294
0.00051770315
0.00066925721
8.3799072e-10
8.7163786e-08
9.4448638e-07
5.0957548e-06
1.9242755e-05
5.7052717e-05
0.00013281036
0.00024687726
0.00038686407
0.00053622893
0.00068010566
8.6390918e-10
9.0314257e-08
9.8812476e-07
5.4191287e-06
2.1062687e-05
6.5413329e-05
0.0001573972
0.00029454462
0.00045899493
0.00063157929
0.00079776686
1.5391451e-10
1.644752e-08
1.8770365e-07
1.0939775e-06
4.5743436e-06
1.5642706e-05
4.6755564e-05
0.0001215788
0.0002570168
0.00044765113
0.00067820641
1.5087462e-10
1.6142942e-08
1.8469669e-07
1.0808659e-06
4.5482714e-06
1.5708899e-05
4.7740928e-05
0.00012691074
0.00027186078
0.00047579924
0.00072286553
1.4755335e-10
1.5801941e-08
1.8107689e-07
1.0617752e-06
4.4776072e-06
1.5495916e-05
4.7191097e-05
0.0001260759
0.00027189601
0.00047819916
0.00072886243
6.0651769e-10
6.0634214e-08
5.2911905e-07
2.2975014e-06
7.1929851e-06
1.880986e-05
4.3887503e-05
9.3216104e-05
0.00017906031
0.00030923881
0.00048822647
1.290318e-10
8.0601298e-09
4.7132083e-08
1.3011358e-07
2.4829601e-07
3.9463076e-07
5.9637505e-07
1.0975017e-06
2.2769125e-06
4.4757619e-06
7.8649711e-06
8.3403223e-10
8.6556767e-08
9.3612744e-07
5.0568892e-06
1.9268033e-05
5.8579057e-05
0.0001415369
0.0002724884
0.00044178018
0.00063621799
0.00084740798
8.4678489e-10
8.7558863e-08
9.4261232e-07
5.0704497e-06
1.9258794e-05
5.8487153e-05
0.00014157538
0.00027318119
0.00044352246
0.00063905297
0.00085113223
5.0466699e-10
5.3127673e-08
5.8945149e-07
3.3014327e-06
1.3175457e-05
4.2940437e-05
0.00011572884
0.00024293167
0.00041308222
0.00060704006
0.00081096761
5.1332762e-10
5.4011942e-08
5.9852943e-07
3.344716e-06
1.3298721e-05
4.3086078e-05
0.0001153778
0.00024188212
0.00041208878
0.00060712292
0.00081256415
5.2166163e-10
5.4877297e-08
6.0728103e-07
3.3803173e-06
1.3309452e-05
4.1969176e-05
0.00010610684
0.00021088005
0.00034685772
0.00049974122
0.000658007
5.0360617e-10
5.294421e-08
5.8508475e-07
3.2478374e-06
1.2715834e-05
3.9702526e-05
9.9658587e-05
0.00019806689
0.00032645039
0.00047040214
0.00061646298
6.1401679e-10
6.3868717e-08
6.9481737e-07
3.7870191e-06
1.4523035e-05
4.3996137e-05
0.00010527353
0.00019965794
0.00031616682
0.00043899916
0.00055240933
6.1832238e-10
6.4900525e-08
7.1536278e-07
3.9613839e-06
1.5507031e-05
4.8255341e-05
0.00011732577
0.00022286514
0.00035238149
0.00049062902
0.00062503195
4.4734183e-10
4.7078496e-08
5.217304e-07
2.9096495e-06
1.1432153e-05
3.5350993e-05
8.5514546e-05
0.00016212318
0.00025435083
0.00034674998
0.00042275374
4.5990393e-10
4.8346743e-08
5.3482045e-07
2.9759191e-06
1.1664747e-05
3.5998942e-05
8.6980599e-05
0.00016486679
0.00025885349
0.00035360775
0.00043291605
2.4094683e-09
1.6840043e-07
1.0111549e-06
2.6657745e-06
4.3479521e-06
4.9661139e-06
4.2956612e-06
3.1787168e-06
2.4887034e-06
3.0685052e-06
4.9095739e-06
2.4453124e-09
1.923375e-07
1.3190511e-06
3.949127e-06
7.3044907e-06
9.4186092e-06
8.9350731e-06
6.5956995e-06
4.3587027e-06
3.3394384e-06
4.2553713e-06
5.1452507e-10
5.3175732e-08
5.7008243e-07
3.0192338e-06
1.0930591e-05
2.9836882e-05
6.3473075e-05
0.00010955282
0.00016019683
0.00020446515
0.00022873695
5.3571244e-10
5.505534e-08
5.8464589e-07
3.0549799e-06
1.0861553e-05
2.9040377e-05
6.06992e-05
0.00010334716
0.00014935544
0.0001883822
0.00020831917
5.5693112e-10
5.722649e-08
6.0726048e-07
3.1667045e-06
1.1207163e-05
2.9719948e-05
6.1481879e-05
0.00010353743
0.0001478589
0.0001838818
0.00020015542
1.3367208e-10
1.4357038e-08
1.653265e-07
9.7507453e-07
4.1346821e-06
1.4355585e-05
4.367528e-05
0.00011680691
0.00025452131
0.00045367098
0.00070024622
1.413693e-10
1.5179136e-08
1.7463454e-07
1.0282362e-06
4.3491403e-06
1.5054964e-05
4.5653242e-05
0.00012130368
0.00026201317
0.0004637085
0.00071218623
1.4937165e-10
1.6020096e-08
1.8398206e-07
1.0812146e-06
4.5661193e-06
1.5798584e-05
4.797069e-05
0.00012729531
0.00027318832
0.00048033068
0.00073455297
2.2682469e-10
2.4335332e-08
2.788409e-07
1.6273367e-06
6.7867376e-06
2.3109789e-05
6.8489205e-05
0.00016998385
0.00033636469
0.00055438077
0.00080851449
2.3904019e-10
2.5500819e-08
2.8993104e-07
1.6812919e-06
7.0056647e-06
2.4089748e-05
7.3111055e-05
0.00018449349
0.00036514648
0.00060054674
0.00087820076
2.364925e-10
2.5122402e-08
2.8330891e-07
1.6216864e-06
6.6196074e-06
2.200184e-05
6.3282648e-05
0.00015351217
0.00030227257
0.00049999666
0.00073168031
2.0283335e-10
2.1193465e-08
2.3285317e-07
1.2918877e-06
5.0945127e-06
1.6281449e-05
4.4842229e-05
0.00010725999
0.0002183465
0.00038333774
0.00060224916
2.0309003e-10
2.1169841e-08
2.3181444e-07
1.2819077e-06
5.0436066e-06
1.6116362e-05
4.4546975e-05
0.0001074074
0.00022044047
0.00038910541
0.00061285635
3.9510133e-10
4.1618078e-08
4.6201811e-07
2.5823772e-06
1.0156619e-05
3.1302372e-05
7.5390767e-05
0.00014273814
0.00022374844
0.00030399317
0.00036678531
4.0516143e-10
4.2735099e-08
4.7537464e-07
2.6634814e-06
1.0508846e-05
3.2540857e-05
7.8670026e-05
0.00014902621
0.00023325103
0.00031607264
0.00038013035
1.2201082e-09
1.2257202e-07
1.2468906e-06
6.0725678e-06
1.9342651e-05
4.4627873e-05
7.9688429e-05
0.00011638152
0.00014393354
0.00015211677
0.00013592066
1.2567669e-09
1.2583939e-07
1.2729012e-06
6.1468533e-06
1.9351354e-05
4.4074913e-05
7.7686716e-05
0.00011185497
0.00013588948
0.00014014155
0.00012141457
1.2871588e-09
1.2826833e-07
1.2866823e-06
6.1357437e-06
1.8995895e-05
4.2515249e-05
7.3656139e-05
0.00010403207
0.00012330272
0.00012291115
0.00010228082
1.6076649e-09
1.4143794e-07
1.1459095e-06
4.1388139e-06
9.420621e-06
1.5335635e-05
1.8786625e-05
1.7610092e-05
1.281997e-05
7.8257013e-06
5.0743387e-06
1.6597247e-09
1.389606e-07
1.0485573e-06
3.5136582e-06
7.408362e-06
1.1118866e-05
1.2474487e-05
1.0719699e-05
7.413205e-06
4.8151081e-06
4.1054793e-06
1.6344917e-09
1.2854036e-07
8.9346112e-07
2.7548609e-06
5.3336419e-06
7.3205377e-06
7.5102007e-06
6.045405e-06
4.2454509e-06
3.1655789e-06
3.890314e-06
1.0646644e-09
1.0768428e-07
1.1077281e-06
5.4816115e-06
1.785548e-05
4.233059e-05
7.776457e-05
0.00011702471
0.00014990516
0.00016597908
0.00015770504
1.1231004e-09
1.1332057e-07
1.1612229e-06
5.7161075e-06
1.8487427e-05
4.3454094e-05
7.9124788e-05
0.00011801076
0.0001496667
0.00016360756
0.00015284524
1.1741516e-09
1.1825506e-07
1.2080009e-06
5.9185699e-06
1.9011122e-05
4.4300873e-05
7.9929517e-05
0.00011806319
0.00014805726
0.00015946429
0.00014607939
1.3252017e-09
1.3542164e-07
1.4267598e-06
7.4527386e-06
2.7408265e-05
7.9719727e-05
0.00018147564
0.00033199781
0.00051894744
0.00073047245
0.00096183094
1.3625323e-09
1.3691965e-07
1.4130002e-06
7.2336366e-06
2.6038764e-05
7.3819314e-05
0.00016559344
0.00030272584
0.00047573303
0.00067323891
0.00088904601
4.6621132e-10
4.8294291e-08
5.204985e-07
2.7845558e-06
1.0265713e-05
2.8845502e-05
6.3399592e-05
0.00011264146
0.00016882944
0.00022037411
0.00025307198
4.7530808e-10
4.9158432e-08
5.2835895e-07
2.8154062e-06
1.0321401e-05
2.8790796e-05
6.2834604e-05
0.00011101665
0.00016564136
0.00021528614
0.00024594037
4.8446773e-10
5.0056736e-08
5.3697145e-07
2.8520643e-06
1.0401909e-05
2.88026e-05
6.2378569e-05
0.00010946272
0.0001622747
0.00020940931
0.00023700508
7.9309801e-10
8.0835057e-08
8.4355679e-07
4.2716977e-06
1.4410698e-05
3.5759032e-05
6.8899023e-05
0.00010851995
0.00014549048
0.00016962838
0.00017185808
8.4142262e-10
8.5643285e-08
8.9139693e-07
4.4945211e-06
1.5060776e-05
3.7035728e-05
7.0673096e-05
0.0001102871
0.0001465177
0.00016912577
0.00016937605
8.9212565e-10
9.0716558e-08
9.4220675e-07
4.7323572e-06
1.5755631e-05
3.8399439e-05
7.2576334e-05
0.00011222786
0.00014778534
0.00016896787
0.00016721902
3.8479493e-10
4.0416436e-08
4.461677e-07
2.4702756e-06
9.5576531e-06
2.8676222e-05
6.7293043e-05
0.00012557216
0.00019526681
0.00026341455
0.00031444707
3.8622935e-10
4.0609086e-08
4.4924587e-07
2.4966406e-06
9.724567e-06
2.9506733e-05
7.0052349e-05
0.00013170395
0.00020581755
0.00027893402
0.00033504976
5.0461695e-10
5.2949627e-08
5.8398102e-07
3.2397599e-06
1.2717363e-05
4.005237e-05
0.00010190907
0.00020463354
0.00033973017
0.00049304901
0.00065278166
5.1029828e-10
5.3599887e-08
5.9227619e-07
3.2964162e-06
1.3015711e-05
4.1454041e-05
0.00010697274
0.00021641256
0.00035998044
0.00052222453
0.00069092099
1.1517055e-09
1.1820139e-07
1.2421248e-06
6.3011976e-06
2.1015411e-05
5.0444695e-05
9.2908755e-05
0.00013982986
0.00017960079
0.0002004752
0.00019307765
1.0595462e-09
1.0895768e-07
1.14925e-06
5.8644874e-06
1.9739906e-05
4.7973476e-05
8.9477701e-05
0.00013624105
0.00017698173
0.00020005292
0.0001955287
3.2347688e-10
3.3981729e-08
3.764992e-07
2.1101526e-06
8.4305055e-06
2.7499875e-05
7.729092e-05
0.00017987463
0.00034041625
0.00054815233
0.00079140711
3.0145278e-10
3.2127247e-08
3.6361557e-07
2.0866999e-06
8.5373085e-06
2.8532044e-05
8.2159895e-05
0.00019325256
0.00036529472
0.00058602475
0.00084482834
6.7856446e-10
7.0594444e-08
7.6729411e-07
4.1716276e-06
1.5929945e-05
4.7718657e-05
0.00011140933
0.00020624047
0.00032108262
0.00044206973
0.00055692331
6.6676566e-10
6.9505723e-08
7.572421e-07
4.1228816e-06
1.5728748e-05
4.6902535e-05
0.00010892536
0.0002008075
0.00031123078
0.00042565201
0.00053010232
6.6599341e-10
6.9548672e-08
7.6009552e-07
4.1582947e-06
1.5981326e-05
4.8143833e-05
0.00011259946
0.00020813811
0.00032310289
0.00044329902
0.00055629701
9.7617685e-10
1.0044919e-07
1.0614605e-06
5.4372432e-06
1.8434516e-05
4.5303864e-05
8.552388e-05
0.00013167845
0.00017282942
0.00019749673
0.00019594158
8.9691031e-10
9.2411627e-08
9.7912063e-07
5.0383249e-06
1.7212422e-05
4.2777666e-05
8.1742481e-05
0.00012729711
0.00016889308
0.00019521285
0.0001959882
2.864654e-10
3.0616479e-08
3.4827505e-07
2.0123249e-06
8.2974055e-06
2.7958214e-05
8.1515458e-05
0.00019490795
0.00037186325
0.0005972058
0.00085705398
2.9731433e-10
3.1632317e-08
3.5789735e-07
2.0621098e-06
8.5346864e-06
2.92229e-05
8.7949824e-05
0.00021446369
0.00040951297
0.00065589543
0.00094280359
2.9012718e-10
3.0784562e-08
3.4636222e-07
1.9760674e-06
8.039238e-06
2.6695432e-05
7.6565726e-05
0.00018130324
0.00034523663
0.00055445792
0.00079338311
7.8275593e-10
8.1700377e-08
8.9190072e-07
4.876517e-06
1.8837604e-05
5.7912116e-05
0.00013924336
0.00026311915
0.00041619535
0.00058293527
0.00075230008
7.8122535e-10
8.136866e-08
8.8576413e-07
4.8290482e-06
1.8603597e-05
5.7049974e-05
0.00013700582
0.00025883099
0.00040947274
0.00057368726
0.00074063972
7.6707577e-10
7.9946245e-08
8.7091407e-07
4.7494369e-06
1.8276625e-05
5.5827675e-05
0.0001334336
0.00025135773
0.00039703176
0.00055559318
0.00071614797
7.6242868e-10
7.942751e-08
8.6462331e-07
4.7095693e-06
1.8082764e-05
5.4998542e-05
0.00013087907
0.0002459023
0.00038770468
0.00054141157
0.00069563377
7.5857664e-10
7.9053723e-08
8.6109003e-07
4.6944944e-06
1.8044788e-05
5.4932777e-05
0.00013067468
0.00024523086
0.0003861622
0.00053871732
0.0006917813
5.9349465e-10
6.2056338e-08
6.7990658e-07
3.7337476e-06
1.4428523e-05
4.403397e-05
0.00010575142
0.00020076667
0.00031858809
0.00044492048
0.00056681217
5.9970067e-10
6.2995699e-08
6.9539661e-07
3.8588976e-06
1.5145085e-05
4.7293439e-05
0.00011550816
0.00022009641
0.00034862008
0.00048592511
0.00061958685
6.5777718e-10
6.8507174e-08
7.4594933e-07
4.0649702e-06
1.5560168e-05
4.6682659e-05
0.00010892525
0.00020116596
0.00031208204
0.00042771207
0.000535553
6.4166902e-10
6.6850326e-08
7.281873e-07
3.9684352e-06
1.5172041e-05
4.5345332e-05
0.00010536539
0.0001941222
0.00030074155
0.00041165212
0.00051442124
6.3063617e-10
6.5689088e-08
7.151245e-07
3.8917007e-06
1.4828861e-05
4.4030535e-05
0.00010168057
0.00018672281
0.0002887815
0.00039463718
0.00049179926
1.2451284e-09
1.2760145e-07
1.3370281e-06
6.7508196e-06
2.2341224e-05
5.3036746e-05
9.6542376e-05
0.00014365153
0.00018232767
0.00020063078
0.00018975751
1.9727402e-10
2.062185e-08
2.2687137e-07
1.2623194e-06
5.0056874e-06
1.6160409e-05
4.5305924e-05
0.00011101585
0.00023005957
0.00040666239
0.00063765987
8.1571152e-11
5.3420854e-09
3.2839491e-08
9.5561267e-08
1.9315527e-07
3.2700131e-07
5.3056754e-07
1.1130625e-06
2.4280318e-06
4.8585556e-06
8.5931156e-06
1.5884352e-12
1.533548e-10
1.4906699e-09
7.193567e-09
2.5850969e-08
9.0708591e-08
2.851441e-07
7.7935515e-07
1.8284575e-06
3.6919169e-06
6.4628931e-06
2.6303165e-10
2.4648361e-08
2.0122669e-07
8.0750533e-07
2.3268465e-06
5.6568484e-06
1.2909834e-05
3.4739895e-05
9.1439537e-05
0.00020731373
0.0003907017
7.5224078e-10
7.8406058e-08
8.5421941e-07
4.6575021e-06
1.7894097e-05
5.4365467e-05
0.00012893419
0.00024137261
0.00037938312
0.00052838197
0.00067722
7.472742e-10
7.7910473e-08
8.4904971e-07
4.6294207e-06
1.7774721e-05
5.3886077e-05
0.00012741373
0.00023796798
0.00037331958
0.00051883719
0.00066288131
7.4538572e-10
7.7644515e-08
8.4515277e-07
4.6029707e-06
1.7655907e-05
5.3469167e-05
0.00012631603
0.00023587611
0.00037025615
0.00051530338
0.00066003854
6.9378954e-10
7.2356676e-08
7.8868695e-07
4.2973291e-06
1.6432293e-05
4.9239766e-05
0.00011488024
0.00021284768
0.00033264326
0.00046147339
0.00058866484
6.99493e-10
7.2616627e-08
7.8612172e-07
4.2470659e-06
1.605995e-05
4.7425366e-05
0.00010948561
0.00020208481
0.00031564613
0.00043793973
0.0005583753
1.1388557e-10
1.2242231e-08
1.4130867e-07
8.3702083e-07
3.5726377e-06
1.250887e-05
3.8487786e-05
0.00010573294
0.00023892979
0.00043640097
0.00068104752
1.1986666e-10
1.2913784e-08
1.4957643e-07
8.8953603e-07
3.8129582e-06
1.3417544e-05
4.1552855e-05
0.00011408792
0.00025418506
0.00045811344
0.00071018057
1.2590704e-10
1.3532584e-08
1.5606557e-07
9.225969e-07
3.9249955e-06
1.3684978e-05
4.1865425e-05
0.00011306288
0.00024892532
0.00044650841
0.00069103532
5.1339054e-10
5.3978753e-08
5.9698498e-07
3.3197355e-06
1.3018634e-05
4.0344643e-05
9.7890197e-05
0.00018599403
0.0002932688
0.00040454779
0.00050540866
8.3839516e-10
8.6978687e-08
9.404237e-07
5.0794485e-06
1.9347447e-05
5.8679948e-05
0.00014081453
0.00026875617
0.00043183836
0.00061610647
0.00081189785
8.4688101e-10
8.7899316e-08
9.5083359e-07
5.1366293e-06
1.9559725e-05
5.9283738e-05
0.00014220863
0.00027140148
0.00043580147
0.00062054996
0.00081489485
8.6020468e-10
8.9404886e-08
9.686306e-07
5.2402993e-06
1.9999068e-05
6.0968376e-05
0.00014748955
0.00028285702
0.00045414919
0.00064404562
0.00083979327
9.3918837e-11
1.0749412e-08
1.3719632e-07
9.050533e-07
4.2313695e-06
1.5810826e-05
5.1026474e-05
0.00013985124
0.00029513351
0.00050181764
0.00074318287
1.2641032e-10
1.3583215e-08
1.5669789e-07
9.2806548e-07
3.9671066e-06
1.3964701e-05
4.3487793e-05
0.00012016389
0.00026684678
0.00047704405
0.00073346031
1.1875085e-10
1.2835104e-08
1.4942473e-07
8.9369242e-07
3.8510508e-06
1.3608752e-05
4.2284925e-05
0.00011631267
0.00025870769
0.00046423737
0.00071546692
5.6485031e-10
5.9448743e-08
6.5839356e-07
3.6683933e-06
1.4450049e-05
4.5229127e-05
0.00011063214
0.00021044648
0.00033127904
0.00045645773
0.00057109372
5.7828932e-10
6.0716159e-08
6.6987719e-07
3.7145208e-06
1.4548522e-05
4.5241122e-05
0.00011020962
0.00020958172
0.00033043983
0.00045643471
0.00057310276
8.790918e-11
9.4988147e-09
1.1075679e-07
6.6553797e-07
2.8923797e-06
1.0332649e-05
3.244004e-05
9.1701914e-05
0.00021586369
0.00040902851
0.00065897636
9.2471048e-11
1.0017154e-08
1.1719876e-07
7.0594926e-07
3.0655745e-06
1.0880304e-05
3.3642229e-05
9.2424461e-05
0.00021137452
0.00039401149
0.00062865372
1.0476186e-10
1.1371546e-08
1.3335481e-07
8.045164e-07
3.4960624e-06
1.2426557e-05
3.8644602e-05
0.00010685786
0.00024279787
0.00044655182
0.00070419404
1.1621277e-10
1.25096e-08
1.4486812e-07
8.6351123e-07
3.7283133e-06
1.3326378e-05
4.2571054e-05
0.00012253763
0.00028164683
0.00051324414
0.00080095005
7.3294866e-10
7.6125686e-08
8.2500116e-07
4.4694335e-06
1.7040614e-05
5.1440971e-05
0.00012261216
0.00023279296
0.00037252968
0.00052932817
0.00069391831
7.3257654e-10
7.6147875e-08
8.2530678e-07
4.4612977e-06
1.6897455e-05
5.0347885e-05
0.00011843681
0.00022305818
0.00035481887
0.00050032349
0.00064732637
1.8534576e-10
1.9741651e-08
2.2384014e-07
1.2918974e-06
5.3305319e-06
1.7924241e-05
5.2297294e-05
0.00013060522
0.00026606959
0.00045340114
0.00068021254
1.7684127e-10
1.8842298e-08
2.1384525e-07
1.2364337e-06
5.1164026e-06
1.7273961e-05
5.0708426e-05
0.00012789304
0.00026291382
0.00045080122
0.00067912818
6.2500679e-10
6.506057e-08
7.0741441e-07
3.8418503e-06
1.4585272e-05
4.3043429e-05
9.8862961e-05
0.00018102033
0.00027947469
0.00038117294
0.00047340983
6.2309004e-10
6.4811249e-08
7.0375717e-07
3.8142414e-06
1.4434275e-05
4.2398254e-05
9.7006051e-05
0.00017724804
0.00027322039
0.00037178294
0.00045973513
5.0614194e-10
5.3169107e-08
5.8738042e-07
3.2660778e-06
1.2878882e-05
4.1137773e-05
0.00010848125
0.00022658145
0.0003875987
0.00057466753
0.00077355418
5.1716281e-10
5.4026529e-08
5.9241991e-07
3.2708957e-06
1.2832163e-05
4.0897787e-05
0.00010799669
0.00022631389
0.00038867174
0.00057896028
0.00078389262
7.8254823e-10
8.2237393e-08
9.0528807e-07
4.984565e-06
1.9341984e-05
5.9549626e-05
0.00014295952
0.0002696552
0.00042570609
0.00059426807
0.00076154009
8.2264681e-10
8.5394917e-08
9.262242e-07
5.042285e-06
1.9498508e-05
6.0542882e-05
0.00014742053
0.00028089237
0.00044706615
0.00063048362
0.0008217479
7.8626187e-10
8.1730814e-08
8.8641048e-07
4.8036195e-06
1.8331547e-05
5.554134e-05
0.00013281323
0.00025178886
0.00040025759
0.00056204205
0.0007233797
2.1678788e-10
2.2771945e-08
2.5229827e-07
1.4139647e-06
5.6398987e-06
1.827512e-05
5.1242184e-05
0.00012436283
0.00025320759
0.00043930513
0.00067775924
2.1205454e-10
2.2192582e-08
2.4452286e-07
1.3620192e-06
5.3997827e-06
1.7387828e-05
4.8420346e-05
0.00011706379
0.00023887948
0.00041677404
0.00064681925
1.24184e-10
1.258854e-08
1.3166627e-07
6.8780716e-07
2.540298e-06
7.6022585e-06
1.9807321e-05
4.7139246e-05
0.00010648749
0.00023403772
0.00045556631
4.9411026e-10
5.1527532e-08
5.5999568e-07
3.0130322e-06
1.1081352e-05
3.0613063e-05
6.5436344e-05
0.00011281069
0.00016410421
0.00020771457
0.00023036065
4.6667386e-10
4.8735899e-08
5.3121354e-07
2.8726556e-06
1.0653692e-05
2.980196e-05
6.4574854e-05
0.00011267894
0.00016567144
0.00021188824
0.0002377446
1.4169258e-09
1.352385e-07
1.2544618e-06
5.33922e-06
1.4448391e-05
2.8229664e-05
4.2447545e-05
5.0597524e-05
4.7848119e-05
3.5622342e-05
2.2721285e-05
1.4755264e-09
1.3792889e-07
1.2342346e-06
5.0139963e-06
1.2906469e-05
2.3941723e-05
3.396345e-05
3.7661879e-05
3.2485882e-05
2.1806795e-05
1.2826426e-05
1.5347013e-09
1.3998498e-07
1.2007738e-06
4.627311e-06
1.1259317e-05
1.9669758e-05
2.6060723e-05
2.6624988e-05
2.0917015e-05
1.2909786e-05
7.1749876e-06
1.849505e-10
1.9152263e-08
2.0755666e-07
1.1339465e-06
4.4072018e-06
1.3929511e-05
3.8257859e-05
9.3174797e-05
0.00019694644
0.00035985893
0.00058427945
5.5160486e-10
5.7464196e-08
6.260195e-07
3.4107505e-06
1.2998574e-05
3.8559065e-05
8.9293026e-05
0.00016455612
0.0002544232
0.0003450988
0.00042190111
5.4175175e-10
5.6476285e-08
6.1594156e-07
3.3608176e-06
1.2831518e-05
3.8137358e-05
8.8433593e-05
0.00016304176
0.00025202734
0.00034161526
0.00041716103
5.3271229e-10
5.5518463e-08
6.0523798e-07
3.3004636e-06
1.2587618e-05
3.7343214e-05
8.6464829e-05
0.00015928426
0.00024595019
0.00033251821
0.00040356859
3.7848257e-10
3.9887393e-08
4.4354105e-07
2.4915292e-06
9.9573488e-06
3.2425416e-05
8.9811247e-05
0.00020146468
0.00036709828
0.00057303363
0.00080670682
3.7274636e-10
3.929423e-08
4.3715735e-07
2.4572154e-06
9.8270569e-06
3.2024929e-05
8.8854939e-05
0.00019993449
0.00036538308
0.00057174065
0.00080654188
2.4795806e-10
2.6247102e-08
2.9461222e-07
1.6805129e-06
6.8629601e-06
2.2989268e-05
6.7122176e-05
0.00016350183
0.00031906146
0.00052287951
0.00076198184
2.4975158e-10
2.6577292e-08
3.0083737e-07
1.7337819e-06
7.1650121e-06
2.4357329e-05
7.2623092e-05
0.00018000355
0.00035278463
0.00057642203
0.00083696518
4.7736056e-10
5.1056117e-08
5.8079826e-07
3.3572061e-06
1.3939991e-05
4.8177491e-05
0.00013977962
0.00030521932
0.00052777302
0.00078644974
0.0010728335
4.6693212e-10
4.9716301e-08
5.6088765e-07
3.1991775e-06
1.2991188e-05
4.3144481e-05
0.00011974757
0.00025871128
0.00044903951
0.00066980956
0.00090587658
4.7602115e-10
5.1162583e-08
5.851765e-07
3.3887267e-06
1.3978037e-05
4.7222525e-05
0.00013196371
0.00028213455
0.00048305415
0.00071281028
0.00095771503
2.0111133e-10
2.0907956e-08
2.2800061e-07
1.254923e-06
4.9166602e-06
1.5673236e-05
4.3411564e-05
0.00010580507
0.00022048362
0.00039371745
0.00062332621
2.3364919e-10
2.4415254e-08
2.6820582e-07
1.4868632e-06
5.8552827e-06
1.8700908e-05
5.1663207e-05
0.00012439197
0.00025374754
0.00044158792
0.00068061963
2.3578006e-10
2.4666393e-08
2.717186e-07
1.5145409e-06
6.024569e-06
1.9588389e-05
5.5658627e-05
0.00013745373
0.00028253051
0.00049191974
0.00076166187
2.1510793e-10
2.242226e-08
2.4552263e-07
1.3578612e-06
5.3469453e-06
1.7136108e-05
4.7691238e-05
0.00011595
0.00023863962
0.00041961547
0.00065539624
3.4280916e-11
3.8008801e-09
4.667063e-08
3.0120553e-07
1.4255659e-06
5.5840649e-06
1.9221089e-05
6.0832614e-05
0.00016676734
0.00035718909
0.00061788787
4.1248841e-11
4.5293699e-09
5.4607495e-08
3.4444692e-07
1.5926305e-06
6.1176282e-06
2.0816257e-05
6.5733694e-05
0.00017864656
0.00037692789
0.00064308685
4.3022545e-11
4.7467689e-09
5.7664522e-08
3.6648381e-07
1.7019598e-06
6.5236166e-06
2.1939795e-05
6.7604977e-05
0.00017894994
0.00037027547
0.00062367654
1.2846051e-11
1.5965531e-09
2.4925933e-08
2.1224806e-07
1.296024e-06
6.2929816e-06
2.5750727e-05
8.6901099e-05
0.00022994162
0.00045746528
0.00073071652
3.0479459e-11
3.3510504e-09
4.0603706e-08
2.586466e-07
1.2141634e-06
4.754518e-06
1.6445444e-05
5.2144917e-05
0.00014490531
0.00031720088
0.00055985452
2.2952168e-10
2.4065491e-08
2.6580976e-07
1.4837642e-06
5.8914556e-06
1.9000728e-05
5.3015951e-05
0.00012800603
0.00025971767
0.00044985503
0.00069393664
5.2951028e-10
5.5611258e-08
6.1421965e-07
3.4129948e-06
1.339855e-05
4.1714224e-05
0.00010176527
0.00019387152
0.00030609129
0.0004229286
0.00053012685
5.5087447e-10
5.7947538e-08
6.4160308e-07
3.5772689e-06
1.4121725e-05
4.4381473e-05
0.00010902827
0.00020794567
0.00032801549
0.000453124
0.00056933151
5.2094635e-10
5.7417213e-08
6.8123764e-07
4.1108679e-06
1.7767095e-05
6.3748479e-05
0.00017948053
0.00036390763
0.00058854203
0.0008299926
0.0010784273
5.5166485e-10
6.0631067e-08
7.1540633e-07
4.2805131e-06
1.8256402e-05
6.3770421e-05
0.00017256333
0.00034249611
0.00054881648
0.00076999809
0.00099550317
5.968594e-10
6.5740545e-08
7.8300351e-07
4.7263687e-06
2.0117681e-05
6.9444492e-05
0.00018287498
0.00035434633
0.00055804221
0.00077305887
0.00098949238
6.422217e-10
6.7871162e-08
7.5658864e-07
4.2558496e-06
1.7067161e-05
5.5566033e-05
0.00014217076
0.00027643017
0.0004389675
0.00060923945
0.00077274594
6.3449937e-10
6.6694633e-08
7.3615534e-07
4.0760322e-06
1.592109e-05
4.9598863e-05
0.00012246114
0.00023660542
0.00037765361
0.00052625157
0.00066552046
9.117308e-10
9.4027423e-08
1.0077562e-06
5.3888327e-06
2.0328873e-05
6.1221341e-05
0.0001468078
0.00028149312
0.0004554029
0.00065492405
0.0008712115
9.0909202e-10
9.3977554e-08
1.0106305e-06
5.4258268e-06
2.0572203e-05
6.2400361e-05
0.00015059299
0.00028953271
0.00046847172
0.00067307565
0.00089436592
9.1162555e-10
9.4250544e-08
1.0143192e-06
5.4566956e-06
2.0783547e-05
6.360733e-05
0.00015490728
0.00029909435
0.00048442043
0.00069580007
0.00092434092
1.7738562e-10
1.8763267e-08
2.103597e-07
1.1972557e-06
4.8621336e-06
1.6054433e-05
4.5887954e-05
0.00011368745
0.0002352278
0.00041195631
0.0006376628
1.6808816e-10
1.7783811e-08
1.9950632e-07
1.1368297e-06
4.6243537e-06
1.529102e-05
4.3714632e-05
0.00010833392
0.00022465726
0.00039490368
0.00061405141
5.1082147e-10
5.3745109e-08
5.9523886e-07
3.3209423e-06
1.3156703e-05
4.2320509e-05
0.00011234801
0.00023488626
0.0004007338
0.00059188507
0.00079388604
6.1742002e-10
6.4915949e-08
7.1786403e-07
3.9949206e-06
1.5756783e-05
4.9660307e-05
0.00012226079
0.00023319495
0.00036814048
0.00051051714
0.0006473127
6.4896556e-10
6.7784862e-08
7.4230005e-07
4.0834577e-06
1.5892719e-05
4.9316107e-05
0.0001202831
0.00022928712
0.00036279227
0.00050403838
0.00063918302
6.9962356e-10
7.2752616e-08
7.890507e-07
4.2662808e-06
1.6105313e-05
4.7295851e-05
0.00010842417
0.00019893253
0.00030886812
0.00042516631
0.00053529433
7.1607126e-10
7.4682376e-08
8.1352493e-07
4.4230948e-06
1.6826964e-05
4.988711e-05
0.00011490357
0.0002108994
0.00032735914
0.000451375
0.00057181101
7.3000987e-10
7.5889592e-08
8.2275628e-07
4.4491769e-06
1.6830633e-05
4.9629809e-05
0.00011398546
0.0002090724
0.00032449648
0.00044721046
0.00056566981
1.5255886e-10
1.6222838e-08
1.8353928e-07
1.056983e-06
4.3511091e-06
1.4570845e-05
4.2249856e-05
0.00010642396
0.00022340527
0.00039510172
0.00061537764
1.492268e-10
1.5788942e-08
1.7738371e-07
1.0151068e-06
4.1638475e-06
1.3941197e-05
4.0469091e-05
0.00010184156
0.0002134319
0.00037785828
0.00059130113
2.4796743e-09
2.1389098e-07
1.8100935e-06
7.5749612e-06
2.2815344e-05
5.8211768e-05
0.00013619253
0.00028239023
0.00049011288
0.00073410615
0.00099942643
1.4175631e-09
1.4449025e-07
1.5011266e-06
7.4906085e-06
2.4353566e-05
5.6472685e-05
0.00010028038
0.00014542177
0.00017919975
0.00018971671
0.00017034254
1.3370945e-09
1.3666743e-07
1.4259804e-06
7.1581986e-06
2.3487639e-05
5.5130071e-05
9.917109e-05
0.00014581289
0.00018264071
0.0001976021
0.00018255438
1.0759478e-09
1.1013247e-07
1.1657039e-06
6.1302673e-06
2.2646753e-05
6.6185454e-05
0.00015344399
0.00028734338
0.00045782781
0.00065090838
0.00085597668
1.088175e-09
1.1143664e-07
1.1828411e-06
6.2664464e-06
2.352024e-05
7.0715354e-05
0.00016810972
0.00031860992
0.00051041452
0.00072976276
0.00097029671
3.8898253e-10
4.0993009e-08
4.557527e-07
2.5590346e-06
1.0220695e-05
3.3253674e-05
9.1801117e-05
0.0002045913
0.00037046052
0.00057530771
0.00080640113
3.8368309e-10
4.0436055e-08
4.4962014e-07
2.5252668e-06
1.0089526e-05
3.2842979e-05
9.0822203e-05
0.00020307355
0.0003688667
0.00057430679
0.00080674922
4.4391076e-10
4.6714472e-08
5.1781336e-07
2.893487e-06
1.1476069e-05
3.6884098e-05
9.8470814e-05
0.0002091048
0.00036319226
0.00054578922
0.00074392268
4.3844299e-10
4.6145519e-08
5.116911e-07
2.8612565e-06
1.1361724e-05
3.6600196e-05
9.819528e-05
0.00020965779
0.00036560613
0.00055093993
0.00075254561
2.4011761e-09
2.0186331e-07
1.5209519e-06
5.0289992e-06
1.0334296e-05
1.4932531e-05
1.5923822e-05
1.2849207e-05
8.3324209e-06
5.1886783e-06
4.3694898e-06
2.2133942e-09
1.9773691e-07
1.6262577e-06
5.8935899e-06
1.328461e-05
2.1181337e-05
2.517435e-05
2.2647907e-05
1.5639899e-05
9.0164504e-06
5.5072504e-06
3.147605e-10
3.3574337e-08
3.8132125e-07
2.2064764e-06
9.1768896e-06
3.1673354e-05
9.6267268e-05
0.00023304295
0.00043712281
0.00068596591
0.0009628511
3.3694464e-10
3.5490068e-08
3.9515574e-07
2.2312952e-06
9.0143132e-06
2.9955195e-05
8.6858876e-05
0.00020669774
0.00039035227
0.00061759159
0.00086945226
2.5004778e-10
2.6609989e-08
3.0107706e-07
1.7317342e-06
7.1163087e-06
2.3885324e-05
6.9676932e-05
0.00017032886
0.00033391832
0.00054684171
0.00079213665
2.5311895e-10
2.7114354e-08
3.1000289e-07
1.8062665e-06
7.5404186e-06
2.5867884e-05
7.7816202e-05
0.00019320728
0.00037681894
0.00061126072
0.00088051286
2.5593139e-10
2.7370668e-08
3.1202053e-07
1.811104e-06
7.528902e-06
2.5711983e-05
7.6841285e-05
0.00018949551
0.00036876784
0.00059906872
0.0008659351
4.6299733e-10
4.8631571e-08
5.3730174e-07
2.9884412e-06
1.1776694e-05
3.7465961e-05
9.8303864e-05
0.00020543511
0.00035320276
0.00052743719
0.00071545767
4.5465159e-10
4.7811941e-08
5.2930177e-07
2.9520483e-06
1.1676148e-05
3.7344939e-05
9.8704957e-05
0.00020737077
0.00035747949
0.00053459635
0.00072619402
4.4960185e-10
4.7293413e-08
5.2386894e-07
2.9247117e-06
1.1587147e-05
3.717515e-05
9.8844127e-05
0.00020887523
0.00036145
0.00054181209
0.00073724378
1.5344854e-09
1.5527062e-07
1.5919174e-06
7.7724463e-06
2.4433635e-05
5.4550065e-05
9.3275053e-05
0.00012975502
0.00015170101
0.00014932307
0.00012250325
1.478475e-09
1.5036397e-07
1.5554126e-06
7.7028262e-06
2.4725341e-05
5.6444851e-05
9.8640308e-05
0.00014058051
0.00016956503
0.00017435404
0.00015088929
7.9984066e-10
8.3701421e-08
9.171743e-07
5.0409354e-06
1.9668067e-05
6.1847707e-05
0.00015325631
0.00029668559
0.000479232
0.00068641195
0.00091048432
8.0880625e-10
8.3779449e-08
9.0459678e-07
4.8851737e-06
1.8638062e-05
5.6869359e-05
0.00013813099
0.00026656796
0.00043179772
0.00061968204
0.00082051752
8.0080967e-10
8.3212636e-08
9.0200981e-07
4.8877182e-06
1.8689972e-05
5.707254e-05
0.00013847163
0.00026673271
0.00043115105
0.00061717436
0.00081442871
3.9477276e-10
4.1381008e-08
4.5505578e-07
2.5035606e-06
9.5838101e-06
2.825586e-05
6.5014544e-05
0.0001194767
0.00018356555
0.00024478777
0.00028802151
3.8730533e-10
4.0653892e-08
4.4811629e-07
2.4739005e-06
9.5200209e-06
2.8297704e-05
6.5713027e-05
0.000121656
0.00018801103
0.00025206531
0.00029843984
4.129926e-10
4.3263364e-08
4.7478117e-07
2.5996976e-06
9.854984e-06
2.8545338e-05
6.4297525e-05
0.00011601992
0.0001755374
0.00023067288
0.00026679179
4.0075148e-10
4.200714e-08
4.6168038e-07
2.535306e-06
9.6628779e-06
2.8250026e-05
6.4336278e-05
0.0001171914
0.00017870478
0.00023653738
0.00027578503
8.9310607e-10
9.2355467e-08
9.9488123e-07
5.3642306e-06
2.0521107e-05
6.3348755e-05
0.00015584244
0.0003024801
0.00049071363
0.00070514518
0.00093734975
8.6698299e-10
8.9773255e-08
9.6890279e-07
5.2340974e-06
2.0043784e-05
6.1822161e-05
0.00015180832
0.00029425792
0.00047699712
0.00068484169
0.00090888401
8.4773291e-10
8.7835976e-08
9.487863e-07
5.1298125e-06
1.9655196e-05
6.0594927e-05
0.00014860425
0.00028786879
0.00046689794
0.00067131378
0.00089269204
8.3433444e-10
8.6136096e-08
9.2598876e-07
4.9809656e-06
1.896403e-05
5.7910869e-05
0.00014096087
0.00027272338
0.00044352795
0.00064053066
0.00085610193
8.1555544e-10
8.450013e-08
9.11363e-07
4.9019206e-06
1.8540852e-05
5.5731888e-05
0.0001335285
0.00025638357
0.00041542502
0.00059730873
0.00079167133
3.1996914e-10
3.4124544e-08
3.8675137e-07
2.2241047e-06
9.1261617e-06
3.063047e-05
8.8371021e-05
0.00020562079
0.00038187067
0.00060085289
0.00084860436
3.3082381e-10
3.5164027e-08
3.9664618e-07
2.2698125e-06
9.2726972e-06
3.1004841e-05
8.9057521e-05
0.00020625896
0.00038206683
0.00060076144
0.00084914149
3.3158595e-10
3.5402336e-08
4.0164117e-07
2.3086265e-06
9.4350228e-06
3.1335811e-05
8.8488777e-05
0.0002014497
0.00036925515
0.00057597965
0.00080617811
3.5568645e-10
3.8140536e-08
4.3538564e-07
2.5206443e-06
1.0400951e-05
3.5102271e-05
0.00010106418
0.00023062962
0.00041902631
0.00064723195
0.0009010143
9.4885673e-10
9.6281242e-08
9.9636697e-07
4.9774625e-06
1.6444681e-05
3.9695994e-05
7.4296057e-05
0.0001138319
0.00014853907
0.00016811465
0.00016431923
1.0039785e-09
1.017662e-07
1.0507262e-06
5.2275252e-06
1.7155276e-05
4.1040543e-05
7.6088982e-05
0.00011552119
0.00014935881
0.00016724912
0.0001613263
4.982251e-10
5.2811688e-08
5.9122663e-07
3.3388829e-06
1.3408574e-05
4.3841642e-05
0.00011785694
0.00024703374
0.00042183667
0.00062566648
0.00084707342
4.8102432e-10
5.0948599e-08
5.6974811e-07
3.2120612e-06
1.2846641e-05
4.1632913e-05
0.00011111218
0.00023290589
0.00039758746
0.00058653994
0.00078353817
1.7092684e-10
1.764536e-08
1.9025927e-07
1.0329276e-06
3.9860656e-06
1.2498862e-05
3.4044598e-05
8.265947e-05
0.00017648049
0.00032886719
0.00054632512
8.0646577e-10
8.3947209e-08
9.1262376e-07
4.9655473e-06
1.9099613e-05
5.8772624e-05
0.00014301501
0.00027450932
0.00044075448
0.00062599045
0.00081926198
8.0625103e-10
8.3932175e-08
9.1276141e-07
4.9701174e-06
1.9146506e-05
5.9077766e-05
0.0001441018
0.00027677073
0.00044418028
0.00063030997
0.00082421809
1.7728258e-10
1.898979e-08
2.1740112e-07
1.2706688e-06
5.3240731e-06
1.8245627e-05
5.4672095e-05
0.00014072512
0.00029131245
0.00049832275
0.00074718528
1.8560901e-10
1.9844116e-08
2.2643727e-07
1.318101e-06
5.500871e-06
1.8805823e-05
5.636257e-05
0.0001449812
0.00029908706
0.00050983073
0.00076272244
1.9243727e-10
2.0501801e-08
2.3270473e-07
1.3464285e-06
5.5826181e-06
1.894277e-05
5.6208354e-05
0.00014304467
0.00029333681
0.00049851802
0.00074372455
8.2400323e-11
9.0023772e-09
1.069709e-07
6.5798e-07
2.9328243e-06
1.074742e-05
3.4616019e-05
9.9760622e-05
0.00023331072
0.00043261925
0.00067976618
8.445667e-11
9.1125276e-09
1.0609383e-07
6.3732161e-07
2.7744924e-06
9.9515263e-06
3.1490216e-05
9.0625023e-05
0.00021782329
0.00041585429
0.0006670264
4.2074804e-10
4.4318912e-08
4.9219759e-07
2.7588513e-06
1.0994123e-05
3.5651848e-05
9.7227904e-05
0.00021195618
0.00037580054
0.00057336054
0.00079123324
4.1722864e-10
4.3938759e-08
4.8784827e-07
2.7339338e-06
1.0894082e-05
3.5337107e-05
9.6558024e-05
0.00021123702
0.00037575181
0.00057483102
0.00079511948
5.9010122e-10
6.1821062e-08
6.7928889e-07
3.7425273e-06
1.4512072e-05
4.4470021e-05
0.00010714123
0.00020335834
0.00032155996
0.00044604008
0.00056182914
6.0796985e-10
6.3759231e-08
7.024209e-07
3.8914733e-06
1.5258635e-05
4.765737e-05
0.00011656615
0.00022239811
0.00035246175
0.0004912972
0.00062646834
1.5909456e-05
8.6268077e-05
1.5900343e-05
2.2555548e-05
1.6064852e-05
0.00010113642
1.5969656e-05
1.5965101e-05
1.5844545e-05
1.5783579e-05
0.00010684629
0.0028862587
0.00018356147
1.5873494e-05
1.6093419e-05
1.8171337e-05
1.605307e-05
0.0016268923
1.6078318e-05
0.0031230586
2.1336114e-05
1.6181506e-05
1.6119499e-05
0.0030865453
0.0018764013
1.6152712e-05
2.9634605e-05
7.6471815e-05
1.6146854e-05
1.5953107e-05
1.6587912e-05
1.6094601e-05
1.5898082e-05
8.3022343e-05
0.0016369215
1.6074141e-05
1.7974814e-05
1.5934949e-05
1.8074922e-05
1.6011474e-05
1.6144187e-05
1.6077185e-05
1.6142369e-05
1.6018363e-05
1.6146377e-05
1.6410989e-05
2.8767744e-05
1.613343e-05
1.733546e-05
1.6041604e-05
1.6010501e-05
1.6012818e-05
1.5860021e-05
0.0028475881
1.5908994e-05
1.6058661e-05
1.5814745e-05
1.6735406e-05
1.5791223e-05
1.5909183e-05
2.8109887e-05
1.6802589e-05
1.6266398e-05
1.57924e-05
1.6454978e-05
1.5996086e-05
1.5810978e-05
1.748052e-05
1.5953484e-05
1.5792768e-05
2.3061651e-05
1.6192093e-05
1.614406e-05
0.00013165277
1.5928553e-05
1.5996191e-05
1.5955414e-05
1.5795389e-05
1.5797518e-05
1.7025101e-05
1.5807062e-05
1.587937e-05
1.6950321e-05
1.5808465e-05
1.5944018e-05
2.0301367e-05
0.0010031173
0.0026438499
1.608266e-05
1.5885824e-05
1.6052955e-05
1.6001344e-05
1.6229327e-05
1.6322815e-05
0.00069889144
1.6057659e-05
1.6070888e-05
1.5808589e-05
1.5785424e-05
1.6006947e-05
1.6021363e-05
0.00010765932
1.6473684e-05
0.00063623465
0.0029615138
1.6118881e-05
1.5919193e-05
1.6053294e-05
2.0131201e-05
1.5864483e-05
1.6267485e-05
1.6379933e-05
1.584771e-05
1.5821339e-05
1.6036296e-05
0.00175374
1.608039e-05
0.00023063269
1.6005526e-05
1.6743815e-05
1.6052805e-05
0.00046349099
0.00039235204
1.6070901e-05
1.733955e-05
1.6049136e-05
1.59067e-05
1.6074658e-05
1.6082172e-05
1.5941627e-05
1.6672479e-05
1.6067463e-05
0.0029981053
1.5918209e-05
1.5824156e-05
1.607826e-05
1.6039102e-05
3.165725e-05
0.00172131
1.6047894e-05
7.0408498e-05
1.592589e-05
1.5785767e-05
1.5800883e-05
1.6094144e-05
1.6070609e-05
3.3543797e-05
1.8331627e-05
8.759889e-05
1.6199557e-05
0.0021168365
1.5916965e-05
1.6251616e-05
1.5918717e-05
1.6214867e-05
0.0015816562
1.5996026e-05
1.5974877e-05
0.00083600042
1.5796151e-05
1.5952217e-05
1.6022154e-05
1.59327e-05
1.5819118e-05
1.6097948e-05
0.0029333309
1.5946792e-05
1.6475134e-05
1.6427326e-05
1.7261945e-05
1.8549057e-05
1.6591342e-05
1.6222958e-05
1.6031001e-05
1.6101374e-05
4.5645917e-05
1.6577806e-05
2.0144991e-05
0.0017729745
0.00015777276
1.8141277e-05
0.00018481419
1.6129687e-05
0.000290925
1.59664e-05
0.0025449661
1.598346e-05
1.6029826e-05
0.0028937388
1.6093978e-05
1.732514e-05
1.6497829e-05
1.6564356e-05
2.0859538e-05
0.0013183232
0.0015834476
2.0859784e-05
1.6686789e-05
1.6019439e-05
6.9717881e-05
0.0016066702
7.4371773e-05
3.0321392e-05
0.0011490604
2.7704857e-05
0.00028033112
1.588406e-05
3.1832143e-05
0.00028742149
0.0018323193
1.6077896e-05
2.2563356e-05
1.5973271e-05
7.0332068e-05
0.0018453202
3.0704929e-05
1.5866319e-05
1.5958106e-05
1.5866766e-05
1.6063447e-05
1.6130673e-05
1.60745e-05
1.6003164e-05
1.6252204e-05
1.6110891e-05
1.6029863e-05
3.044334e-05
1.6046866e-05
0.00013697712
1.5937429e-05
1.887112e-05
1.5912119e-05
1.5793094e-05
1.6192564e-05
1.613732e-05
0.0017180548
1.5940105e-05
1.6076614e-05
1.722048e-05
1.6211348e-05
0.00073205206
1.6200379e-05
0.00010757923
1.9157215e-05
3.7458684e-05
2.6583011e-05
1.5805949e-05
1.6036198e-05
1.6088861e-05
2.04795e-05
1.6102892e-05
1.7047901e-05
0.0010303839
1.70121e-05
1.6088962e-05
0.0030946776
0.0028630255
0.00010536176
1.5963025e-05
1.9068455e-05
1.6445272e-05
3.4855794e-05
0.00099280318
0.0020969054
2.844112e-05
1.5926756e-05
1.5941201e-05
1.6166869e-05
1.5930534e-05
0.0030519871
1.588432e-05
1.6361162e-05
0.0045683109
1.6001239e-05
0.0024118744
1.5951476e-05
2.4410642e-05
1.597447e-05
1.6527728e-05
1.5799412e-05
1.5882838e-05
1.6100495e-05
0.00022620646
1.5796414e-05
1.5931981e-05
0.00200143
1.5939747e-05
0.00022182339
0.0029043981
1.5969142e-05
1.5965379e-05
1.9831454e-05
1.6275334e-05
3.1785452e-05
1.6057395e-05
2.8401139e-05
1.579951e-05
0.0012118329
1.6071604e-05
0.00027195411
1.5990937e-05
1.5912306e-05
2.382518e-05
1.601077e-05
0.0019701395
0.0010510705
1.8595444e-05
4.08228e-05
0.0027460885
0.0014944188
0.0008953779
2.0563011e-05
6.0896985e-05
2.8055744e-05
1.598397e-05
1.6112688e-05
1.5794267e-05
1.5920097e-05
9.0594044e-05
0.0016727008
0.0027288069
0.002184984
1.5963482e-05
1.6083517e-05
2.0035894e-05
0.0019522488
1.6045882e-05
1.6425428e-05
1.5823298e-05
1.5797984e-05
1.5903976e-05
1.591366e-05
1.5971901e-05
1.6057652e-05
2.102185e-05
1.7255302e-05
1.5862287e-05
2.842152e-05
1.8975994e-05
1.6065908e-05
1.6002103e-05
1.601257e-05
0.00029934226
1.5809936e-05
0.0029562161
2.3834413e-05
0.00017152054
0.0025632748
1.5786194e-05
1.6036333e-05
1.6079494e-05
1.5894374e-05
1.5892422e-05
1.6073112e-05
1.6103197e-05
0.0039283589
1.6487309e-05
1.6098384e-05
1.5913267e-05
2.396167e-05
8.3811423e-05
1.6001241e-05
1.6146974e-05
1.5852526e-05
1.5954415e-05
1.5792152e-05
1.5840774e-05
2.5895944e-05
1.5926321e-05
1.5830406e-05
1.5879669e-05
1.6073911e-05
1.5787528e-05
1.607503e-05
1.5863674e-05
1.7673188e-05
0.0022857616
0.00029861186
0.0019738747
2.9804927e-05
1.5967097e-05
2.3997257e-05
1.9071655e-05
2.3194001e-05
1.6174738e-05
0.0019601286
7.309984e-05
1.6060593e-05
1.5920502e-05
1.5798646e-05
0.0025646364
1.6291648e-05
1.5926201e-05
1.6733238e-05
1.5883422e-05
1.6059533e-05
0.00023293222
4.8405579e-05
1.6095305e-05
2.4048166e-05
1.6029673e-05
1.9956906e-05
1.6096622e-05
2.3957575e-05
1.5940028e-05
1.5791309e-05
1.6093544e-05
1.5824179e-05
1.5859331e-05
1.5903609e-05
3.2644267e-05
1.5981532e-05
1.6067145e-05
1.610509e-05
0.0004955556
1.6060483e-05
0.00096613871
0.00026386189
0.00094143099
1.5808034e-05
0.0016188497
1.5787635e-05
1.6079635e-05
1.5810826e-05
1.6670858e-05
0.0028221111
1.6033786e-05
1.9437651e-05
1.5809022e-05
2.3628767e-05
1.5952379e-05
1.6159621e-05
2.2445599e-05
1.5925004e-05
2.1729044e-05
1.6584358e-05
1.5941385e-05
1.5891892e-05
1.5795157e-05
0.0030001493
1.5808752e-05
1.6444337e-05
1.9965736e-05
0.00023020897
1.6111158e-05
1.5948078e-05
1.6093474e-05
0.00014248486
1.5948466e-05
1.5893947e-05
0.0026483835
0.0028382369
1.5793512e-05
1.6781573e-05
1.6099933e-05
0.00077152922
1.6094026e-05
1.6223432e-05
1.6036948e-05
1.5879654e-05
1.5943274e-05
1.5928297e-05
1.585823e-05
1.6112223e-05
1.6138302e-05
1.6324001e-05
1.6600816e-05
1.6143544e-05
1.6064052e-05
0.00012341642
0.0002317533
0.0026536997
1.5960985e-05
1.6164497e-05
1.7372806e-05
1.6127454e-05
1.606486e-05
1.6062313e-05
1.611174e-05
0.00012968369
1.5801257e-05
1.5798661e-05
1.6105896e-05
1.7033832e-05
1.6033289e-05
1.5783429e-05
0.0045139502
1.775446e-05
1.5925147e-05
1.5929625e-05
1.5826236e-05
2.5486864e-05
1.580924e-05
0.0023204779
1.6130067e-05
1.6200205e-05
2.6094411e-05
0.002130884
1.5810634e-05
0.00069858842
1.5800679e-05
1.5807883e-05
1.5797637e-05
1.5943172e-05
0.00019732703
2.4421032e-05
1.5963073e-05
1.6520938e-05
1.5989148e-05
1.6107051e-05
0.00089240198
1.5863141e-05
0.0015603521
0.0029459852
1.607044e-05
1.5905664e-05
1.5833718e-05
0.00036096288
1.5953271e-05
0.0016075588
1.5990962e-05
1.6059051e-05
1.6041452e-05
1.5804392e-05
1.5930386e-05
1.7764999e-05
1.5840668e-05
1.5915353e-05
0.0010552987
1.6083259e-05
1.6074303e-05
0.0015934995
1.7482525e-05
2.0524182e-05
1.6064525e-05
1.9351274e-05
3.8440834e-05
0.0021758708
2.3202575e-05
1.7165363e-05
1.60613e-05
1.6080982e-05
1.6088933e-05
1.6127017e-05
1.5843044e-05
1.5957117e-05
1.5947131e-05
3.2253048e-05
1.6090894e-05
2.493551e-05
0.00076302614
1.6078705e-05
1.5825026e-05
0.00032390311
1.6056483e-05
7.4260439e-05
1.5891183e-05
1.6796603e-05
1.5962263e-05
1.6919709e-05
2.5262485e-05
0.00024975421
0.00015734753
1.579481e-05
1.6157055e-05
2.4523135e-05
1.6080812e-05
1.603562e-05
1.6289703e-05
1.6145421e-05
1.5937192e-05
1.5801319e-05
0.0030530418
0.0023563759
0.00019975054
0.0029946824
1.6078253e-05
1.7229534e-05
1.6071919e-05
1.6142991e-05
1.9746594e-05
1.6013509e-05
1.5916622e-05
0.0021928404
1.6055709e-05
1.6130251e-05
1.586741e-05
0.00143309
0.0031413167
1.6105003e-05
1.5798669e-05
1.6510312e-05
1.6113712e-05
1.6135082e-05
1.5846961e-05
1.5866307e-05
1.6485156e-05
8.8142438e-05
3.1771938e-05
1.6135014e-05
1.594924e-05
1.6051335e-05
1.5967422e-05
0.0032886154
1.7165743e-05
1.6104912e-05
0.002449977
1.5865154e-05
0.0015004682
1.611054e-05
1.6017503e-05
2.7136244e-05
1.5803699e-05
1.5848217e-05
1.592494e-05
8.3488795e-05
2.3060227e-05
0.0010211286
2.0969631e-05
0.00016598528
1.7617535e-05
1.5898325e-05
1.6230448e-05
2.0680904e-05
0.0021203327
1.5844652e-05
1.580539e-05
1.5850032e-05
1.5787747e-05
8.344408e-05
1.6010323e-05
1.6377913e-05
1.6107517e-05
0.0018412507
0.0022856178
1.6110205e-05
1.5799019e-05
1.5970569e-05
1.5847178e-05
6.7534359e-05
1.6218403e-05
2.0300129e-05
1.6025392e-05
1.5786668e-05
1.5872308e-05
2.1856107e-05
1.72251e-05
1.621842e-05
2.1156022e-05
1.70976e-05
1.608478e-05
1.6011191e-05
1.5969348e-05
2.116572e-05
1.6074066e-05
1.5796983e-05
1.5798808e-05
1.8312483e-05
1.6052495e-05
6.0416481e-05
2.2871324e-05
1.60551e-05
1.5873733e-05
1.6006298e-05
1.6032416e-05
2.5497184e-05
1.5991935e-05
1.5867839e-05
1.599965e-05
1.6078894e-05
1.6046387e-05
1.6081447e-05
2.6746098e-05
1.5973428e-05
0.00069739456
1.5808542e-05
1.5931509e-05
0.00067782259
1.5875341e-05
1.6082838e-05
0.00051364669
0.0009320677
1.5939206e-05
1.6100809e-05
1.5912924e-05
1.9298382e-05
0.0011404847
2.0329639e-05
1.5933729e-05
2.4492529e-05
1.6020295e-05
1.6004708e-05
1.6038658e-05
7.9533721e-05
1.9509146e-05
2.1335875e-05
0.00040805039
1.5793837e-05
0.0021945346
1.5791215e-05
0.0011987673
1.6111417e-05
1.5898885e-05
0.00048739198
1.5908224e-05
0.00013183261
1.6120117e-05
0.0019708571
2.533277e-05
1.5962056e-05
2.5718692e-05
1.5798734e-05
0.00076285489
1.6157482e-05
0.0016520799
3.5012592e-05
1.6504446e-05
1.7358277e-05
1.593431e-05
0.0013550822
1.7222115e-05
1.5794432e-05
1.5829111e-05
1.6049543e-05
1.5886719e-05
1.5941242e-05
0.00019293685
1.5991395e-05
1.6140245e-05
1.6005221e-05
0.0020647189
1.5912818e-05
1.5831098e-05
1.6513202e-05
0.0024263816
0.00096851479
1.5792855e-05
1.6123039e-05
0.00024137357
1.5927194e-05
1.5960073e-05
3.2227092e-05
1.6078888e-05
0.0020537558
1.596424e-05
1.5808298e-05
1.589272e-05
1.5969076e-05
1.5999645e-05
1.6037088e-05
0.0014407735
1.6211623e-05
1.6030531e-05
0.000394424
1.5800985e-05
1.5913538e-05
1.5796195e-05
0.0020010134
1.6095532e-05
8.8050328e-05
1.6095271e-05
0.0027110735
1.6195058e-05
1.5906227e-05
0.00035995435
1.5834169e-05
1.5795752e-05
1.613625e-05
5.0278119e-05
1.5800993e-05
0.00045155465
1.7152636e-05
1.6006548e-05
1.6061351e-05
1.5891277e-05
0.0028284035
1.7133237e-05
1.5805068e-05
0.00061346691
1.6256705e-05
1.5846388e-05
1.6049774e-05
1.6072656e-05
1.6831136e-05
1.5821028e-05
1.5908145e-05
1.5797075e-05
1.5939705e-05
0.0018109712
1.5967349e-05
1.6749951e-05
1.6079429e-05
1.6010866e-05
2.1861555e-05
1.6192254e-05
1.5957526e-05
2.3058779e-05
1.5786673e-05
1.6510821e-05
2.7443978e-05
0.0011166479
0.00023176071
1.603359e-05
0.002272207
0.0010569522
1.5796808e-05
1.6003532e-05
0.00010225122
1.5892853e-05
1.580231e-05
2.1932383e-05
4.5646144e-05
1.7397197e-05
1.5805332e-05
0.0025418698
1.6064006e-05
1.5937188e-05
2.7537216e-05
1.5924826e-05
1.6057077e-05
1.6575494e-05
1.5829451e-05
1.5794316e-05
4.1102166e-05
1.6792528e-05
1.5929231e-05
1.5800133e-05
1.6083482e-05
1.7728983e-05
1.5821451e-05
0.00062323181
1.5797317e-05
1.6614247e-05
2.0495631e-05
1.5897718e-05
1.6018504e-05
1.5576373e-05
1.5970368e-05
0.0023587753
1.5955119e-05
1.5801384e-05
2.4948814e-05
1.5800518e-05
1.5926687e-05
1.6110248e-05
1.5800617e-05
1.6069076e-05
1.5812592e-05
0.00064704405
0.00059609576
2.2176795e-05
1.9024944e-05
0.00017775447
0.0022867797
1.5845991e-05
1.5787788e-05
0.00077536866
2.0518179e-05
1.5819322e-05
1.5789089e-05
1.6011218e-05
1.6004184e-05
0.00077631848
1.578656e-05
1.6055812e-05
0.00010163057
0.00036292907
1.6113865e-05
1.5860743e-05
2.092653e-05
1.6079691e-05
0.00028037464
1.6073687e-05
1.8690045e-05
1.8648414e-05
0.00014619635
1.5953964e-05
1.6004251e-05
1.5990992e-05
1.5807808e-05
0.0015698402
0.00093205386
1.6194367e-05
1.6029392e-05
1.6616629e-05
1.658357e-05
1.6048901e-05
8.818819e-05
1.9528528e-05
2.029772e-05
1.6005899e-05
1.5797522e-05
1.60651e-05
2.0800518e-05
1.5964828e-05
1.595195e-05
0.0019592217
1.5810746e-05
2.2129673e-05
1.5844857e-05
4.0788405e-05
1.5995417e-05
1.5907579e-05
1.5902018e-05
2.1706105e-05
0.0028931262
1.8677718e-05
1.5791026e-05
2.4847273e-05
0.0045942196
1.9897727e-05
0.0015265504
1.5805685e-05
4.065059e-05
0.00085498892
1.5787476e-05
1.5804265e-05
1.591708e-05
1.6082527e-05
1.6312691e-05
1.5918042e-05
0.002609764
1.669573e-05
1.6087942e-05
1.5855646e-05
1.6210278e-05
1.6098801e-05
1.5993449e-05
1.5929005e-05
0.0032954632
0.0025822281
1.6445138e-05
1.6008979e-05
1.6273805e-05
1.6136669e-05
1.6612709e-05
1.5978196e-05
1.5917352e-05
5.146573e-05
1.6065124e-05
1.6488261e-05
0.00013629714
1.5999216e-05
1.5999669e-05
0.00018451884
1.6056669e-05
0.00097819093
1.6077098e-05
1.7674311e-05
1.5795801e-05
1.5997421e-05
3.255038e-05
1.8851971e-05
1.640441e-05
1.5860173e-05
1.5905068e-05
0.00010349808
1.5799469e-05
1.6289273e-05
0.0017742603
4.1825181e-05
1.5790482e-05
0.0018041037
1.9313119e-05
0.0011652698
1.5833018e-05
1.673848e-05
1.8740054e-05
1.6040392e-05
1.7722488e-05
1.6355503e-05
0.00022560089
1.5800385e-05
1.6015229e-05
1.8936244e-05
1.6860068e-05
1.6598798e-05
0.0023304311
1.839893e-05
1.8691724e-05
1.5822993e-05
0.00012661831
1.5888385e-05
0.0032477155
1.6223463e-05
1.6037061e-05
1.5996616e-05
0.0002334639
1.5978468e-05
2.6341228e-05
1.6038179e-05
1.6094632e-05
2.0829811e-05
0.003267228
1.5867999e-05
1.6640423e-05
1.6102634e-05
2.0008099e-05
1.5809783e-05
1.6016781e-05
1.5784756e-05
0.0020030153
1.5952559e-05
1.5785133e-05
1.5894021e-05
0.0022925272
1.586362e-05
1.7021819e-05
0.0012870759
2.2860988e-05
1.6766471e-05
1.6066993e-05
1.6913136e-05
1.5869837e-05
2.697453e-05
1.6085219e-05
1.6149879e-05
1.663819e-05
1.6045031e-05
2.1932178e-05
1.6106254e-05
0.0024051715
1.5889524e-05
1.6515876e-05
0.0023897565
7.225644e-05
9.0982019e-05
1.6038617e-05
0.00024114663
0.0017053068
1.5998691e-05
2.0461427e-05
1.5976663e-05
2.1027288e-05
3.1119729e-05
1.5793144e-05
2.3034677e-05
0.0006876426
1.6086225e-05
1.5969901e-05
1.5796353e-05
1.5864663e-05
1.5883726e-05
0.0024846857
1.5897728e-05
1.6070117e-05
0.0017432259
0.0016954093
0.0015497577
1.6038648e-05
1.5965335e-05
1.6083539e-05
1.6310001e-05
1.6002443e-05
1.6087787e-05
1.5806892e-05
1.5861474e-05
1.6141201e-05
1.6561401e-05
1.6488725e-05
1.5794911e-05
1.6088977e-05
1.6367093e-05
1.5976798e-05
1.5946083e-05
1.579543e-05
1.7142253e-05
1.7064911e-05
1.5948354e-05
1.6027121e-05
1.5975118e-05
2.3118378e-05
1.6070421e-05
1.6123225e-05
5.8833368e-05
8.447865e-05
1.6098882e-05
1.6166307e-05
2.0994597e-05
1.6084746e-05
1.6009572e-05
1.5785801e-05
1.5891432e-05
1.5789454e-05
2.149653e-05
0.00011557717
1.5815483e-05
1.6805418e-05
0.001788783
1.6127798e-05
1.6253341e-05
1.5952943e-05
1.5823834e-05
7.279136e-05
1.5796362e-05
1.5890348e-05
1.5806308e-05
1.5903933e-05
1.5794784e-05
0.00052004244
1.5900365e-05
1.5783661e-05
1.6152896e-05
1.9753514e-05
1.6098665e-05
1.6829941e-05
0.0001262049
1.6770582e-05
1.7875601e-05
1.6016684e-05
1.6114926e-05
1.5842625e-05
1.8006752e-05
1.6057627e-05
1.6077264e-05
0.0046043738
1.6074255e-05
1.5805166e-05
1.6351701e-05
1.6375392e-05
2.7241609e-05
1.5788877e-05
1.5922201e-05
1.6974097e-05
1.6082433e-05
1.5814922e-05
1.5784076e-05
1.5939988e-05
1.6308899e-05
1.6079316e-05
1.5897117e-05
0.00075619132
1.6607388e-05
1.6078914e-05
1.6104816e-05
1.5800861e-05
1.6031545e-05
1.6040316e-05
0.00076272829
1.92722e-05
1.5969316e-05
1.7097009e-05
6.0385455e-05
1.5992408e-05
1.58696e-05
0.0010353637
1.5947417e-05
1.6192187e-05
7.3153655e-05
2.9249591e-05
1.580701e-05
1.5791859e-05
1.5831742e-05
0.0031244734
1.6355136e-05
2.7788663e-05
1.6137689e-05
1.6103613e-05
1.586753e-05
1.5801437e-05
1.6064993e-05
1.6101439e-05
1.603494e-05
0.0010230649
0.0045098988
1.6153465e-05
1.604988e-05
1.5928124e-05
1.6117528e-05
0.0032742815
1.6042867e-05
2.2213372e-05
1.6633554e-05
1.5833666e-05
1.5794014e-05
3.491593e-05
1.5975075e-05
1.5952608e-05
1.6453368e-05
6.0408937e-05
1.6165246e-05
0.00023147689
1.8047303e-05
0.0010221627
1.6147097e-05
1.6954751e-05
1.5855799e-05
1.5806923e-05
0.0022438596
1.6309963e-05
1.5870323e-05
1.5931657e-05
1.5862067e-05
3.0841882e-05
0.0020806522
1.6691969e-05
1.6201745e-05
1.6854512e-05
1.5860447e-05
1.5813781e-05
0.0012379889
1.6141475e-05
1.8066331e-05
1.5925443e-05
1.579222e-05
0.0025690361
0.0030385236
1.5993025e-05
1.5796189e-05
2.0974457e-05
2.8702981e-05
2.0750381e-05
1.5795046e-05
1.6054626e-05
1.5996768e-05
2.7432246e-05
2.2209382e-05
0.0011836711
0.00015792998
0.0012082062
1.6419824e-05
2.8153036e-05
1.645905e-05
1.6061542e-05
0.00037269839
1.6102987e-05
1.5987418e-05
1.6111288e-05
1.5791027e-05
0.00080141691
1.6020192e-05
1.7905793e-05
1.6013473e-05
1.9074598e-05
2.1908509e-05
1.5787122e-05
1.5899659e-05
2.03504e-05
1.5956562e-05
1.588528e-05
1.5922683e-05
1.5890575e-05
0.0030592815
2.0272137e-05
1.6607841e-05
6.5735892e-05
1.8389651e-05
3.3943939e-05
1.5981128e-05
0.0043659215
0.001185649
0.0029958685
0.0014372849
0.0010180301
0.00015636096
1.6053022e-05
1.6044881e-05
1.62668e-05
1.5946375e-05
1.6520872e-05
1.6146643e-05
1.5818725e-05
2.0794092e-05
1.5802256e-05
1.5966536e-05
1.6644241e-05
1.5987292e-05
1.5789884e-05
1.5830388e-05
2.7138042e-05
2.4241805e-05
1.6237853e-05
1.6092578e-05
1.6042826e-05
1.6402441e-05
3.1861141e-05
3.1628597e-05
2.6026003e-05
1.5800434e-05
2.0301023e-05
1.6068507e-05
2.9633137e-05
0.00073589372
0.0010165563
1.6106189e-05
1.6188576e-05
1.6029581e-05
3.5735814e-05
1.607077e-05
1.7931549e-05
1.6226894e-05
1.608671e-05
1.8306956e-05
1.6282589e-05
5.7239649e-05
1.641923e-05
3.1592552e-05
3.1379362e-05
1.6050927e-05
1.5802383e-05
1.5830959e-05
1.7924825e-05
1.6089444e-05
1.6120054e-05
0.00056475397
1.6114691e-05
1.7262081e-05
1.609217e-05
1.5932642e-05
1.5801862e-05
1.5792273e-05
0.0026257345
1.9042445e-05
1.6002916e-05
1.6016724e-05
0.0011795933
0.00046442083
1.5796766e-05
1.5940524e-05
1.8483739e-05
1.5824821e-05
1.5901546e-05
1.5964507e-05
2.297102e-05
1.6016796e-05
1.6059093e-05
1.5791506e-05
1.5890105e-05
4.9859454e-05
1.6741067e-05
1.6061089e-05
3.6219828e-05
1.5854668e-05
1.5907025e-05
1.8481837e-05
5.5861872e-05
1.6247124e-05
1.6388721e-05
0.00014113076
1.5812542e-05
0.0029824135
0.00073507257
1.5940701e-05
1.6054711e-05
1.6096099e-05
1.5837955e-05
4.4047533e-05
0.0020142862
1.8067962e-05
0.00017060956
1.582824e-05
1.6038941e-05
1.5824984e-05
4.0818615e-05
1.5847925e-05
0.00074676005
1.612288e-05
0.0026933035
2.0432265e-05
1.6279534e-05
0.00018450707
1.5983058e-05
1.6033595e-05
1.6853181e-05
1.6075528e-05
1.6943739e-05
1.6524528e-05
1.5937505e-05
2.8663596e-05
1.5808021e-05
2.02347e-05
1.6255513e-05
1.6264812e-05
3.3736788e-05
1.6157205e-05
1.6052547e-05
1.5786588e-05
1.615818e-05
1.590384e-05
2.6016925e-05
1.6126856e-05
1.6039837e-05
1.5829911e-05
1.6016205e-05
1.6869169e-05
1.6162902e-05
1.9651396e-05
1.5795236e-05
1.8662214e-05
0.0010824104
1.6157976e-05
1.5791171e-05
1.579574e-05
3.8318944e-05
1.6030205e-05
1.588647e-05
1.6135122e-05
1.5785488e-05
0.0023845286
1.6017443e-05
5.6410407e-05
1.620226e-05
1.5921147e-05
2.1254115e-05
1.6325242e-05
1.8121623e-05
6.4628422e-05
1.5822669e-05
1.6087814e-05
1.6045451e-05
1.5871923e-05
1.616788e-05
1.5795666e-05
1.6188033e-05
0.00089851504
0.0026810773
1.5969742e-05
0.00059281447
1.6401744e-05
1.6151206e-05
0.0022182662
1.5807516e-05
1.6055555e-05
1.6072538e-05
0.00014128587
1.6111676e-05
0.00029131148
1.6095857e-05
1.9606534e-05
0.00038489767
0.00048919887
1.6072054e-05
1.6712016e-05
2.4829631e-05
0.00037222868
1.5835125e-05
0.0021549719
0.0010317248
0.0001151892
1.580048e-05
1.6000349e-05
1.5934951e-05
0.00049850929
1.5848208e-05
1.5866895e-05
0.00019821116
1.6042955e-05
1.6201391e-05
1.606326e-05
1.6056372e-05
0.0032672221
1.5787574e-05
0.0015731008
1.5898858e-05
6.0670911e-05
1.638602e-05
1.5819866e-05
1.6106797e-05
1.6275985e-05
1.6062968e-05
1.5854704e-05
1.5996943e-05
1.5907948e-05
1.5802393e-05
1.5969942e-05
0.0033005331
1.6311649e-05
2.2214477e-05
1.5932063e-05
1.5794514e-05
0.0026129582
1.8150272e-05
1.5951471e-05
1.5882096e-05
1.5817018e-05
1.5889077e-05
1.6119204e-05
1.5793876e-05
1.6094502e-05
1.5799443e-05
1.603235e-05
1.6038308e-05
1.605025e-05
1.5933665e-05
1.5919089e-05
1.6049846e-05
1.6018011e-05
1.6063528e-05
0.0018919782
1.6405933e-05
0.0024536544
1.6112322e-05
0.001132928
2.4981728e-05
1.6019806e-05
2.6328195e-05
0.0025187821
1.6012294e-05
6.5704452e-05
1.6039541e-05
0.0004873166
3.1744887e-05
1.6068815e-05
1.5821769e-05
1.5938758e-05
1.6034896e-05
1.5887484e-05
1.6107677e-05
1.582931e-05
0.0039275773
1.6056653e-05
0.0025915921
2.2636848e-05
1.5784202e-05
1.5783983e-05
7.9668628e-05
1.6804709e-05
1.604981e-05
5.9227404e-05
1.613745e-05
1.6109655e-05
0.00021784073
4.1465381e-05
0.00017084083
1.6019015e-05
0.0026524587
1.5824489e-05
1.6048467e-05
1.6059161e-05
2.1727937e-05
1.5882043e-05
1.5807469e-05
2.8673966e-05
1.6413597e-05
1.5842692e-05
2.782764e-05
1.6126947e-05
1.6096714e-05
1.606261e-05
1.5841563e-05
8.0459871e-05
1.5971253e-05
1.5796181e-05
1.5989798e-05
1.5787778e-05
1.8151301e-05
8.4408727e-05
1.6068339e-05
1.5871305e-05
1.6098123e-05
1.5807758e-05
0.00089171522
1.6018019e-05
1.6099485e-05
1.6109434e-05
1.5902073e-05
1.6129568e-05
1.6059714e-05
1.5885513e-05
1.6118734e-05
1.5793657e-05
1.5795663e-05
0.00043485796
1.8076233e-05
1.6123018e-05
2.1745787e-05
2.6774038e-05
1.5898858e-05
1.5791527e-05
1.5832236e-05
1.5847586e-05
1.5915011e-05
1.5851909e-05
0.00060899771
6.1481209e-05
1.5826383e-05
4.1142587e-05
1.5838319e-05
1.5965628e-05
0.0017438438
0.0016876991
1.5962713e-05
1.6118625e-05
8.0453536e-05
1.5843983e-05
1.6051881e-05
1.606352e-05
2.0463329e-05
2.4637117e-05
0.00035913233
1.581462e-05
0.0023708158
0.0033619143
1.6026109e-05
1.5787802e-05
1.6062312e-05
2.6959532e-05
0.002592965
1.5881747e-05
1.6209329e-05
3.3452189e-05
1.5821773e-05
1.6278686e-05
1.5793937e-05
1.5864215e-05
1.5935052e-05
1.8653657e-05
1.5842644e-05
0.0013615716
1.5988524e-05
1.7043924e-05
2.0478846e-05
1.6856208e-05
1.5908323e-05
0.0026015275
1.6028199e-05
0.00018849843
1.5801912e-05
1.60458e-05
2.4984618e-05
1.5800366e-05
1.6164625e-05
0.0011166033
1.5796349e-05
1.5812469e-05
0.0012760745
2.1604257e-05
2.1738181e-05
1.579497e-05
1.5909489e-05
1.6088962e-05
1.5999602e-05
1.6102005e-05
1.6040383e-05
0.0018522523
1.5796122e-05
2.0354161e-05
1.5956071e-05
1.6070468e-05
0.0014442091
1.603025e-05
1.5796367e-05
1.7433968e-05
1.5835611e-05
1.580707e-05
2.0982659e-05
0.00047091634
1.5799172e-05
4.5189961e-05
4.041321e-05
0.0018309765
1.7364046e-05
1.5787911e-05
1.5889918e-05
0.0030383492
1.5903783e-05
1.5847437e-05
1.6070454e-05
1.668996e-05
0.002796686
1.6037064e-05
1.6089686e-05
0.0019603747
2.243207e-05
0.0024141649
1.5949773e-05
1.5855247e-05
1.5870002e-05
2.0145266e-05
1.6081484e-05
1.5926984e-05
1.614579e-05
0.0027301962
1.5803395e-05
1.5788073e-05
0.0025403622
1.6782039e-05
1.652904e-05
1.597203e-05
1.5789719e-05
0.00046060218
1.5997984e-05
1.5800644e-05
1.6060248e-05
1.580912e-05
1.5791887e-05
1.5907874e-05
0.0017751966
0.0031705194
1.5791204e-05
1.583139e-05
2.099232e-05
1.6046571e-05
0.0031529809
1.5859041e-05
1.6207782e-05
0.0031276069
1.6107188e-05
1.5911099e-05
1.6038722e-05
1.6110083e-05
1.6564999e-05
1.606447e-05
2.5495671e-05
1.5892524e-05
1.6002474e-05
1.6102399e-05
1.5856374e-05
1.6843899e-05
1.5796437e-05
2.1349968e-05
1.9755724e-05
1.7262358e-05
1.6055025e-05
1.5827655e-05
1.6002296e-05
0.002716221
1.6160513e-05
1.5848918e-05
1.7148768e-05
0.0015244299
1.9103816e-05
3.4564846e-05
1.5877176e-05
2.04706e-05
0.0027821904
2.2878805e-05
1.6198127e-05
1.6028805e-05
1.7926051e-05
1.5967203e-05
1.5843191e-05
1.5928206e-05
0.0025710775
1.578684e-05
1.6111182e-05
1.6877405e-05
1.6111308e-05
0.0012438878
1.6135549e-05
3.3935319e-05
1.6252945e-05
1.618271e-05
0.00089680296
1.6034099e-05
1.6059514e-05
1.6055994e-05
0.0020769774
0.00069819961
1.5935235e-05
1.5873567e-05
1.5887604e-05
1.5906903e-05
1.5847191e-05
1.5954714e-05
1.8647642e-05
1.6045768e-05
1.6449486e-05
1.578365e-05
1.5994537e-05
1.5954244e-05
2.0550699e-05
0.0022998414
1.6584462e-05
1.5964046e-05
2.1731865e-05
1.5848179e-05
1.6323618e-05
1.6064233e-05
1.6032202e-05
0.003041148
1.5949231e-05
5.4414215e-05
9.2460588e-05
1.611593e-05
1.5818933e-05
1.5808561e-05
6.7604401e-05
1.580396e-05
1.6163699e-05
6.9770878e-05
1.5862454e-05
2.5308288e-05
1.9766257e-05
1.6031413e-05
2.5491422e-05
1.6156675e-05
1.5819702e-05
1.6007263e-05
1.581008e-05
0.00015524327
1.5947044e-05
1.6279566e-05
6.6884154e-05
0.00078071585
1.6097189e-05
1.6005486e-05
1.6057315e-05
1.5786428e-05
1.5808896e-05
1.5851633e-05
1.6104771e-05
1.6688908e-05
1.5803673e-05
1.6029908e-05
2.0750784e-05
1.6039785e-05
1.579094e-05
6.2245366e-05
1.5794187e-05
1.7840218e-05
1.5809701e-05
0.00084025113
1.604979e-05
2.0240339e-05
0.00010518049
1.6019918e-05
1.6265944e-05
2.6768053e-05
1.6084959e-05
1.6353383e-05
2.4351002e-05
3.5012979e-05
1.5992691e-05
1.6587919e-05
0.0018067182
1.5795543e-05
1.611511e-05
1.7705712e-05
1.5784182e-05
0.00065423011
7.9205581e-05
1.5942557e-05
1.6849446e-05
2.9892713e-05
2.3895399e-05
1.6099141e-05
0.0018721149
1.6011391e-05
1.5988248e-05
1.5802169e-05
1.619308e-05
1.5977211e-05
0.00069229985
1.5784668e-05
1.6690774e-05
1.5960404e-05
1.6094581e-05
1.621608e-05
1.5786629e-05
1.6938792e-05
1.5995504e-05
1.5793619e-05
4.3909298e-05
0.0026189258
0.0031760593
1.5794911e-05
0.0015261242
0.0023540012
1.5877162e-05
1.6150266e-05
1.6033581e-05
0.0034942504
1.7656244e-05
1.5014777e-05
1.601282e-05
0.0031282067
1.6112732e-05
1.6074475e-05
1.5786826e-05
1.5839858e-05
2.0902215e-05
1.6284247e-05
0.004543414
0.0029952952
2.7920565e-05
1.6091651e-05
1.6141612e-05
1.5792505e-05
1.5787292e-05
0.0045216473
0.00042913887
1.6604954e-05
1.860314e-05
1.6590719e-05
2.0395074e-05
1.5788508e-05
1.5796337e-05
1.5800485e-05
1.6068316e-05
0.0019841099
1.5895445e-05
1.605491e-05
1.5792643e-05
1.6198467e-05
1.6111959e-05
1.6114139e-05
1.5787407e-05
0.0024692954
0.00011025895
1.5793535e-05
1.578664e-05
0.00016930112
1.592317e-05
1.615951e-05
1.5973014e-05
3.7473016e-05
1.5784247e-05
1.5899972e-05
2.5284632e-05
0.0022830492
1.5801263e-05
1.5991183e-05
1.5861872e-05
1.5796801e-05
1.5950241e-05
1.610555e-05
1.6137816e-05
1.6034333e-05
1.6079843e-05
1.603924e-05
1.5945108e-05
2.3292989e-05
1.5962015e-05
1.5789235e-05
1.6648535e-05
1.5826566e-05
1.6402097e-05
5.8815773e-05
1.6093136e-05
1.6154783e-05
0.00010564915
1.6045855e-05
1.5802829e-05
1.5965831e-05
1.6104336e-05
1.5862373e-05
1.6110574e-05
1.579315e-05
0.000342307
1.9118036e-05
1.6197483e-05
0.00013220127
1.6069032e-05
1.6041778e-05
1.6081541e-05
1.5928231e-05
1.5790117e-05
1.6146984e-05
0.0018494244
1.5794363e-05
1.5957844e-05
1.6005248e-05
1.7013518e-05
1.5857861e-05
1.5802843e-05
1.8300822e-05
1.6041647e-05
0.0031741566
1.6052878e-05
1.5964152e-05
1.5822304e-05
1.6100355e-05
0.00025519989
3.3465223e-05
1.5927196e-05
1.5796383e-05
1.5783993e-05
1.6090093e-05
0.003053831
1.6949926e-05
1.5877625e-05
1.6029451e-05
1.6479766e-05
1.5796397e-05
1.5975558e-05
0.0029612947
1.7050806e-05
1.7679375e-05
1.5966968e-05
1.5792972e-05
1.5802486e-05
0.0031338054
1.6670118e-05
0.0033041481
0.0033071391
1.7036904e-05
1.5927694e-05
1.5799512e-05
1.6006671e-05
1.6059242e-05
1.5796849e-05
2.746675e-05
1.5984096e-05
1.5791105e-05
1.5876528e-05
1.5853761e-05
1.6753678e-05
1.6120067e-05
1.6055074e-05
1.584887e-05
0.0026438178
1.5802804e-05
1.6538556e-05
1.5963333e-05
2.9042891e-05
1.5955044e-05
1.6612419e-05
1.5828949e-05
5.6392335e-05
0.00096150744
1.6223196e-05
1.5791384e-05
1.5795023e-05
0.0018727761
1.6063845e-05
1.6352348e-05
1.5969746e-05
1.5859718e-05
1.5814929e-05
1.8847976e-05
3.7453894e-05
1.691529e-05
9.3087313e-05
6.4977832e-05
1.5893533e-05
1.5965856e-05
1.6389675e-05
1.6003988e-05
0.0022942665
2.3944142e-05
1.5975376e-05
1.6487032e-05
1.5931163e-05
1.6069305e-05
1.9649089e-05
1.6058812e-05
0.0019900994
0.0001339618
1.6079161e-05
1.5955877e-05
1.6214678e-05
2.4758219e-05
0.0004950902
1.6102235e-05
1.6024175e-05
1.6000684e-05
0.00013254908
3.3789617e-05
0.002594108
1.9453072e-05
1.6022898e-05
1.6006228e-05
1.612684e-05
0.00015467955
1.6113355e-05
1.6097349e-05
1.57859e-05
2.2720273e-05
1.6105921e-05
1.6267689e-05
0.00020789025
4.51501e-05
4.1821486e-05
1.610306e-05
2.6870967e-05
1.5810088e-05
1.5943829e-05
1.5788247e-05
1.8191781e-05
1.579275e-05
1.6092599e-05
0.00010531257
1.587345e-05
2.3618296e-05
1.6029115e-05
1.5878254e-05
1.5795043e-05
1.588239e-05
1.9098386e-05
1.6475694e-05
1.6032324e-05
1.5864168e-05
2.5203376e-05
0.0001236904
1.590401e-05
1.5788821e-05
1.5952054e-05
1.6335413e-05
1.5879488e-05
1.606059e-05
2.4228522e-05
1.5993926e-05
1.6056507e-05
0.00010923335
1.6033671e-05
6.6632941e-05
1.5796762e-05
1.6076497e-05
1.939178e-05
3.6621472e-05
0.0022699965
1.6067608e-05
1.6740972e-05
1.6129302e-05
1.6024717e-05
1.6240651e-05
1.6041514e-05
1.6133417e-05
1.6025962e-05
1.6027832e-05
1.5993976e-05
1.6099048e-05
1.782781e-05
1.6075052e-05
0.0025667939
1.6009812e-05
1.607857e-05
7.9711002e-05
1.6062284e-05
2.7403312e-05
2.4328383e-05
1.5783573e-05
1.6073039e-05
0.0004783447
1.6226527e-05
1.5895243e-05
1.6108531e-05
1.5848059e-05
0.00011014967
0.0019451322
0.0019628893
0.0018337292
1.5788156e-05
1.5801644e-05
0.0031622666
1.6497924e-05
0.00048202396
1.6035376e-05
1.5808543e-05
1.6061856e-05
1.6082192e-05
0.0023070457
1.5881784e-05
1.6400809e-05
1.7078985e-05
1.6161116e-05
1.5859092e-05
1.6154508e-05
1.5907765e-05
1.6283075e-05
1.6195165e-05
1.5905015e-05
0.0021133159
1.6043765e-05
1.5800676e-05
1.5980561e-05
1.601693e-05
2.1082052e-05
1.585269e-05
1.721841e-05
1.5989468e-05
0.0010695989
7.122314e-05
0.0031233725
0.0013800603
1.6388073e-05
0.00041202458
1.6038227e-05
1.5827848e-05
1.6378669e-05
1.5791857e-05
1.5923709e-05
1.6038602e-05
2.2079513e-05
1.9959515e-05
1.6109321e-05
2.4492054e-05
1.7318722e-05
1.6729321e-05
1.5875187e-05
1.5806612e-05
2.1655797e-05
1.6066386e-05
1.6066903e-05
1.5795353e-05
0.00062639812
1.6101758e-05
1.6563406e-05
1.6016635e-05
4.5194043e-05
1.6045755e-05
1.6004089e-05
1.5802951e-05
2.0460896e-05
1.5914543e-05
0.0023887731
1.6034751e-05
1.6146893e-05
0.0019624222
1.7596471e-05
1.6278923e-05
1.6044872e-05
1.587213e-05
1.589071e-05
1.6019642e-05
1.6068767e-05
1.5795885e-05
1.6188574e-05
1.7768427e-05
1.6002125e-05
1.8219934e-05
1.672677e-05
1.5815296e-05
2.3067298e-05
0.00099470882
0.00010535759
1.6008498e-05
1.8584853e-05
1.616703e-05
1.5953747e-05
1.6411191e-05
2.9234358e-05
0.0026339994
0.00069182657
1.5989385e-05
1.6101123e-05
0.0010686127
0.00048422017
1.5995259e-05
1.8794516e-05
4.4477901e-05
1.5802715e-05
1.6004699e-05
1.6280338e-05
9.2546298e-05
1.5801118e-05
1.6380361e-05
0.0021568378
1.6725454e-05
1.8450295e-05
1.6076654e-05
1.5533023e-05
0.0031598803
1.6046975e-05
1.6064056e-05
0.00010915779
1.6058924e-05
1.5875917e-05
1.6043606e-05
1.6076208e-05
0.0011478996
1.5984413e-05
1.6098279e-05
1.6050173e-05
1.613192e-05
0.0011967642
5.9193981e-05
3.7461671e-05
1.5904936e-05
1.6112237e-05
1.5797452e-05
1.8715704e-05
1.6036327e-05
1.6011899e-05
1.6071427e-05
1.5990082e-05
1.9000876e-05
1.6047014e-05
1.6119296e-05
1.6097012e-05
4.8886981e-05
1.8693552e-05
1.5991328e-05
1.7339309e-05
1.598738e-05
1.7575839e-05
1.5965329e-05
1.5947636e-05
0.0031244491
1.6111111e-05
1.6049658e-05
0.0018773815
1.5821854e-05
1.8681682e-05
1.5925312e-05
3.1680237e-05
1.6073764e-05
1.7600841e-05
1.7441209e-05
1.579904e-05
0.0020150172
0.0032960331
0.0024330105
1.7226517e-05
2.030526e-05
8.6315622e-05
1.61017e-05
1.6021603e-05
1.5972014e-05
1.6007704e-05
1.9252677e-05
1.6138924e-05
1.6122197e-05
0.0014503383
2.4927226e-05
1.5905695e-05
6.1862672e-05
1.5790592e-05
1.6106801e-05
1.597754e-05
1.5905741e-05
0.0031368587
1.579533e-05
1.5859249e-05
1.5917587e-05
1.6239483e-05
0.0019306923
1.6227959e-05
0.00029616749
8.162078e-05
1.6144281e-05
1.6108645e-05
0.00012312167
1.6162435e-05
1.8252591e-05
1.5987744e-05
0.00077038378
0.0026720432
3.1361618e-05
0.0031552386
1.5914291e-05
1.9102383e-05
0.00060980223
0.0026120781
2.5506583e-05
1.6006305e-05
2.2451491e-05
1.6062916e-05
1.5790161e-05
1.6071387e-05
0.0014075227
2.0280901e-05
0.00080754333
0.0030720031
3.8464351e-05
0.0015339342
1.677821e-05
1.5827549e-05
4.3473448e-05
0.00090034412
1.6042072e-05
1.6921019e-05
1.7825992e-05
1.6068274e-05
1.6075571e-05
1.6022309e-05
1.5977037e-05
1.6229644e-05
1.6007393e-05
1.5897639e-05
1.5787693e-05
1.6011099e-05
1.6110229e-05
4.0290294e-05
1.5870958e-05
1.6110907e-05
0.0013192815
1.63012e-05
0.0031860397
2.9033613e-05
1.5787116e-05
1.6066399e-05
0.00010776552
0.0031236245
8.0609587e-05
6.280967e-05
1.5785133e-05
1.6012899e-05
1.6145326e-05
0.0021528619
0.00061753331
1.6126286e-05
2.4566438e-05
1.5963014e-05
1.5794345e-05
1.5789688e-05
1.6014897e-05
1.8426935e-05
1.5812314e-05
4.3932108e-05
1.6091153e-05
1.5922807e-05
1.6078877e-05
1.6090699e-05
1.5835969e-05
1.5910873e-05
1.6101681e-05
0.00294652
0.0030546204
5.492629e-05
1.6257864e-05
0.0031431086
1.6105311e-05
1.6116195e-05
1.594556e-05
1.775792e-05
1.5805294e-05
1.6208723e-05
1.5890189e-05
1.6111859e-05
1.5944601e-05
1.601697e-05
1.8186075e-05
1.579309e-05
1.588593e-05
2.4925291e-05
1.6107554e-05
1.6136206e-05
0.0016914775
1.6167348e-05
1.59376e-05
1.5960255e-05
1.9234159e-05
1.7087933e-05
1.9422655e-05
2.542318e-05
1.5908071e-05
1.6111148e-05
1.5908058e-05
1.5991559e-05
1.5819938e-05
4.2086318e-05
1.6107283e-05
1.6550139e-05
1.5855133e-05
1.6251761e-05
1.6002407e-05
1.5796881e-05
2.4248102e-05
1.581318e-05
0.0035722211
0.00042650009
1.5951201e-05
1.9351643e-05
2.2332237e-05
0.00016697913
0.0031204901
1.5902269e-05
1.6532951e-05
1.5815131e-05
0.0019674426
1.5894002e-05
1.5903401e-05
1.6062005e-05
1.6032516e-05
1.5793354e-05
2.307036e-05
1.599506e-05
1.6042149e-05
1.5795842e-05
1.5806157e-05
1.9201779e-05
1.8354844e-05
1.6100516e-05
1.5895558e-05
1.5790102e-05
8.6366799e-05
1.6563397e-05
0.0012008529
1.7709095e-05
1.580066e-05
1.6080029e-05
1.5994861e-05
1.5952541e-05
1.5851133e-05
1.6166584e-05
0.0024317278
1.5987818e-05
0.0018856367
1.6101752e-05
0.0024608353
1.9088009e-05
0.00311599
1.6061241e-05
1.5893887e-05
1.6054026e-05
4.7930813e-05
1.5791027e-05
1.6647222e-05
1.599672e-05
1.5855101e-05
1.603159e-05
1.5980328e-05
1.6746378e-05
1.5880395e-05
1.6102521e-05
1.6065753e-05
1.6915168e-05
0.0010805315
5.0504893e-05
1.6238191e-05
0.0025685615
8.2598388e-05
1.6068871e-05
1.6013152e-05
0.00039489485
2.0145921e-05
1.5794101e-05
1.5855538e-05
2.0820311e-05
0.0030857434
1.5980218e-05
5.0544446e-05
1.6008501e-05
0.00023155989
1.6098763e-05
0.00036246171
1.5854372e-05
1.6012319e-05
1.6010047e-05
1.5669719e-05
0.0026968998
1.6074679e-05
1.9952249e-05
1.6084055e-05
1.5813432e-05
1.5992115e-05
1.6027125e-05
1.7849788e-05
1.6071083e-05
1.6074219e-05
0.0031106987
1.6112181e-05
1.6143089e-05
1.5926712e-05
1.6057575e-05
0.00080309745
1.5981543e-05
1.5993452e-05
1.5822015e-05
1.6321672e-05
1.6085275e-05
1.6092017e-05
1.6724303e-05
1.6044682e-05
1.6028489e-05
0.0019251009
1.6037457e-05
1.5809739e-05
1.6011317e-05
1.6109717e-05
8.949657e-05
1.5951942e-05
1.6852167e-05
1.5496618e-05
1.5991823e-05
1.5969085e-05
1.6165794e-05
1.5925828e-05
1.6051342e-05
1.6081664e-05
1.5915494e-05
1.5801196e-05
1.9043997e-05
1.8931501e-05
1.5803119e-05
2.1572945e-05
1.6077767e-05
1.5784375e-05
1.5800633e-05
6.8661975e-05
0.00044669716
0.0030841341
0.00061867645
1.6011927e-05
2.5280395e-05
1.6005673e-05
1.5790592e-05
1.581473e-05
1.5926313e-05
6.5480575e-05
1.6098012e-05
1.5795892e-05
1.6737636e-05
1.5800196e-05
2.5194766e-05
1.5786616e-05
1.6404212e-05
1.5794224e-05
1.605273e-05
1.5956722e-05
1.6078243e-05
1.5911074e-05
1.6092604e-05
1.5806726e-05
1.6222171e-05
0.00043146662
1.5856346e-05
0.0024684275
1.6105953e-05
1.5856569e-05
1.6542136e-05
1.5812809e-05
3.5984851e-05
1.6498248e-05
1.5881211e-05
1.5911918e-05
1.7503614e-05
1.5977289e-05
1.5996415e-05
1.5981542e-05
1.5799419e-05
1.6131207e-05
0.0011493282
1.7617646e-05
2.0388271e-05
1.6113387e-05
1.5908782e-05
1.5877116e-05
1.5869656e-05
1.6041674e-05
1.8682682e-05
2.4118272e-05
1.5934817e-05
0.0030518198
1.6077264e-05
1.5945618e-05
1.5928637e-05
1.5923474e-05
3.4555207e-05
1.6693752e-05
1.579592e-05
0.0025969954
1.5794402e-05
1.5793404e-05
1.6076146e-05
4.021923e-05
1.5796617e-05
1.6011228e-05
1.5823446e-05
0.00014876309
1.5999665e-05
1.5783728e-05
1.5783844e-05
1.5831408e-05
1.6093206e-05
1.6115113e-05
0.0021430514
0.0010786526
1.579837e-05
1.9336443e-05
4.0030195e-05
2.8940838e-05
1.5793601e-05
1.5828297e-05
6.1537851e-05
0.0026607756
1.6047865e-05
1.6402136e-05
1.6079347e-05
1.6089102e-05
3.6530607e-05
1.616107e-05
1.6071529e-05
1.5808919e-05
1.6066478e-05
1.6105546e-05
1.6455996e-05
1.6077753e-05
1.6601328e-05
1.639786e-05
2.5742553e-05
2.0928507e-05
1.5802931e-05
1.6059764e-05
1.6058972e-05
1.5933381e-05
1.6049072e-05
1.6124323e-05
1.5937724e-05
1.6049063e-05
0.00095773052
1.5791509e-05
1.8888496e-05
1.8649382e-05
1.6088222e-05
1.6069291e-05
1.5892494e-05
1.5877909e-05
0.0011618571
0.0026768172
1.6057063e-05
1.6064836e-05
0.00034794876
1.6021761e-05
2.4995924e-05
1.5919679e-05
3.1735533e-05
1.5790873e-05
1.612018e-05
1.5955812e-05
1.6111745e-05
0.0011300882
1.5838311e-05
1.5942182e-05
1.5859416e-05
0.0030528093
1.6229276e-05
1.6069817e-05
1.6639059e-05
1.6452439e-05
1.8442143e-05
1.5815314e-05
0.00092772332
1.6101555e-05
1.5797949e-05
1.635008e-05
1.6049276e-05
1.6041897e-05
0.0016944375
1.6040452e-05
1.615787e-05
1.5982635e-05
1.6094116e-05
0.002148988
1.6005704e-05
1.5836153e-05
1.6738637e-05
1.7358735e-05
0.0025324928
1.5890106e-05
0.0031526042
1.6090312e-05
0.0016639556
1.6082781e-05
1.584102e-05
1.5856525e-05
4.3715949e-05
1.6075857e-05
4.322823e-05
4.2310303e-05
0.0002746071
1.5994427e-05
1.5895405e-05
1.5961633e-05
0.001539751
0.0001076636
0.0025957071
1.5893471e-05
1.5794464e-05
1.5789388e-05
2.4486313e-05
1.6134232e-05
1.8782612e-05
0.0003983533
1.6038908e-05
1.5972785e-05
2.2325469e-05
0.00020659944
0.00082815084
1.607108e-05
1.7740096e-05
1.579145e-05
2.4349774e-05
3.4993364e-05
1.6105456e-05
0.00034688075
2.8220054e-05
1.6551615e-05
1.5999531e-05
1.6085217e-05
1.595183e-05
1.5796224e-05
0.003262867
1.57911e-05
0.00068466539
1.6046637e-05
1.8080499e-05
3.5791458e-05
9.6768144e-05
0.00015829199
1.6113188e-05
0.0024781705
1.5889818e-05
1.6461627e-05
1.6892143e-05
2.3492051e-05
5.645407e-05
1.604224e-05
1.6024289e-05
0.0024104449
6.1457149e-05
1.5893066e-05
1.5837422e-05
9.9358062e-05
1.8844374e-05
1.587991e-05
0.0030503395
1.5831089e-05
1.5996928e-05
2.6192744e-05
1.6044173e-05
1.6222036e-05
1.5796315e-05
1.5966461e-05
3.2036408e-05
2.9227331e-05
5.4008168e-05
1.6008011e-05
1.6153553e-05
1.5914227e-05
1.5792867e-05
1.6004147e-05
1.6060042e-05
1.59475e-05
1.5824431e-05
1.5863541e-05
0.0028643712
1.6081361e-05
8.794629e-05
1.8711192e-05
1.6037456e-05
0.00042276536
1.5825084e-05
2.128163e-05
0.0012744085
1.5787183e-05
1.6061448e-05
0.0012853557
1.6087791e-05
1.6063553e-05
4.2374346e-05
1.5877051e-05
1.6110012e-05
1.5796713e-05
2.2216741e-05
1.590794e-05
1.5798243e-05
1.5986262e-05
5.4344967e-05
1.5905019e-05
6.4492756e-05
1.4057531e-05
1.6078387e-05
0.0032417977
0.0006346325
0.0016495625
1.5797179e-05
0.0014682931
0.0011763806
1.6036545e-05
1.610678e-05
1.6109442e-05
1.6080999e-05
1.6054542e-05
1.593019e-05
0.0026976742
1.6057968e-05
1.6201269e-05
1.6058215e-05
1.6071086e-05
1.6176039e-05
1.6877292e-05
1.6047965e-05
2.3566628e-05
1.6070014e-05
0.0012278567
1.6192996e-05
1.5793159e-05
1.6045037e-05
1.6202782e-05
1.6034006e-05
0.0030693443
1.7209975e-05
1.5983044e-05
1.5959987e-05
1.6417247e-05
2.5594562e-05
1.6049111e-05
1.6149819e-05
1.6055033e-05
3.481978e-05
1.6052454e-05
1.5965283e-05
1.6063386e-05
1.5985096e-05
1.6079575e-05
1.5940285e-05
1.6047157e-05
1.580023e-05
1.6046943e-05
1.614119e-05
1.762035e-05
1.5836106e-05
0.00088625547
1.597183e-05
1.6046181e-05
1.6205286e-05
1.6032035e-05
1.608113e-05
1.6531903e-05
0.0016891099
5.8264096e-05
2.0463723e-05
1.6269375e-05
1.7297701e-05
0.00016992896
1.6508111e-05
1.8149909e-05
1.5841339e-05
1.6033498e-05
1.6058986e-05
1.6056321e-05
1.6257326e-05
1.6109377e-05
0.0032803049
2.350798e-05
1.6018213e-05
1.6056157e-05
1.6039672e-05
1.5995847e-05
1.6105014e-05
2.3090471e-05
1.5960346e-05
0.0024914027
1.5964394e-05
1.6005503e-05
1.6023811e-05
1.5802039e-05
1.5978547e-05
1.6099436e-05
3.794879e-05
1.5820858e-05
1.7967101e-05
1.5837039e-05
1.5960123e-05
1.5794179e-05
1.6220977e-05
1.5795134e-05
1.6657172e-05
4.1846624e-05
2.3603518e-05
3.0591313e-05
0.0014073976
0.00018917611
1.6005618e-05
1.57965e-05
1.5984418e-05
1.5816227e-05
1.6068495e-05
0.0016883165
1.6532282e-05
1.6787558e-05
1.590921e-05
1.6100057e-05
1.5895779e-05
1.6073483e-05
2.8861142e-05
1.6067022e-05
1.6128239e-05
1.6109765e-05
2.5624427e-05
1.5887294e-05
1.5800459e-05
1.6060275e-05
1.600899e-05
1.5821924e-05
1.5955718e-05
0.00010719702
1.5825334e-05
1.5873583e-05
1.606431e-05
1.5920455e-05
1.5788288e-05
1.6011579e-05
1.5796325e-05
1.5840909e-05
1.6328531e-05
1.581949e-05
1.9184328e-05
1.6107781e-05
1.6155538e-05
1.5806612e-05
1.6161534e-05
1.5821345e-05
1.7328698e-05
1.604237e-05
2.000633e-05
1.5870619e-05
1.6007085e-05
1.6595342e-05
1.6911792e-05
1.6062777e-05
0.00017109391
2.1913578e-05
8.2172742e-05
1.6086977e-05
1.6051547e-05
1.5870015e-05
1.6157282e-05
1.6090463e-05
1.58183e-05
1.6104376e-05
4.1875286e-05
1.6035613e-05
1.6083347e-05
1.6016051e-05
0.0013823016
2.0488859e-05
1.603069e-05
1.5900741e-05
1.6033577e-05
1.6124678e-05
1.6037915e-05
1.6029089e-05
1.8193694e-05
1.5913344e-05
1.6090265e-05
1.6118308e-05
0.0032970344
1.5786392e-05
1.5976799e-05
1.6038682e-05
1.7552867e-05
1.6021721e-05
1.57928e-05
1.5866734e-05
1.5792756e-05
2.3675768e-05
1.5968385e-05
1.6091824e-05
0.0016924721
1.7009144e-05
1.611115e-05
1.6147409e-05
2.1584556e-05
3.1684053e-05
1.5828263e-05
1.5946665e-05
8.3064991e-05
1.6033112e-05
1.6017647e-05
1.7868801e-05
2.0399853e-05
1.6068524e-05
5.8375108e-05
1.596736e-05
1.5849721e-05
0.0029034315
1.6008087e-05
1.5887598e-05
1.5801523e-05
1.6165781e-05
1.579941e-05
1.5943281e-05
1.6064553e-05
1.5889817e-05
1.5803055e-05
1.6064094e-05
1.6096395e-05
1.5972145e-05
1.5944702e-05
1.6512185e-05
1.5890579e-05
1.5857547e-05
1.6091461e-05
1.8170759e-05
1.5977777e-05
2.8292928e-05
1.5849162e-05
1.5788104e-05
0.000577329
1.6078548e-05
1.5903301e-05
1.6203315e-05
1.8929773e-05
1.5857795e-05
1.6019337e-05
1.5960397e-05
3.5175319e-05
1.5965684e-05
1.6086796e-05
1.601137e-05
1.594883e-05
1.6312051e-05
0.00018863988
1.9615748e-05
1.6064498e-05
0.0030686747
0.0024744707
0.0039945038
0.00010044794
1.6052402e-05
1.5799906e-05
2.5889838e-05
1.5800819e-05
1.5854438e-05
1.6161416e-05
1.6106395e-05
0.0029844514
1.9953035e-05
1.6173111e-05
1.5805793e-05
1.5807288e-05
1.5977868e-05
1.5787344e-05
0.003087857
1.6127031e-05
1.5894962e-05
1.6867616e-05
0.0012461501
1.6055516e-05
1.6032924e-05
1.6299105e-05
1.6040076e-05
1.5832696e-05
0.00019497972
1.5802831e-05
1.6096469e-05
1.5799566e-05
1.6111226e-05
1.5793886e-05
1.5848596e-05
1.9007794e-05
1.5941562e-05
1.6026803e-05
1.579207e-05
2.3408278e-05
1.9088373e-05
1.5852687e-05
1.9151446e-05
1.6002688e-05
1.5961841e-05
1.5912199e-05
1.5846429e-05
2.2235376e-05
1.6066978e-05
0.00021737209
1.60476e-05
1.6628666e-05
0.0024923238
1.578616e-05
1.5999225e-05
1.5835045e-05
0.0033006964
2.3584271e-05
1.7257917e-05
1.5847324e-05
1.5983125e-05
3.0728106e-05
5.2991127e-05
1.6127316e-05
2.4497463e-05
1.5805983e-05
1.6007632e-05
1.6015895e-05
2.0277495e-05
1.6027899e-05
1.6023417e-05
1.5955644e-05
1.5789182e-05
2.4693194e-05
1.6211056e-05
0.000135456
1.5899914e-05
1.9126697e-05
1.6033957e-05
0.0007340445
1.6056886e-05
1.6022767e-05
1.7291822e-05
1.5918307e-05
1.6090271e-05
0.0044834658
1.5925075e-05
1.6628993e-05
1.6109643e-05
0.0020629549
1.6017312e-05
1.6005012e-05
1.5800462e-05
1.5937337e-05
1.5957414e-05
1.6046204e-05
0.0025705194
1.6151707e-05
1.5794088e-05
1.5882245e-05
1.6089805e-05
1.5803049e-05
3.4130475e-05
1.5844466e-05
1.6107702e-05
1.5865507e-05
0.00099393523
1.605528e-05
1.5917491e-05
9.8958797e-05
1.583217e-05
0.0045126455
0.0028873382
1.5794513e-05
1.5844822e-05
9.5862656e-05
1.6111959e-05
1.5840436e-05
0.00018652376
5.5684722e-05
1.578565e-05
1.6106265e-05
1.8128297e-05
1.5962107e-05
1.6119338e-05
1.5980567e-05
0.00038035142
1.607405e-05
0.00034803192
1.6153038e-05
1.5859374e-05
1.6036172e-05
1.6027235e-05
1.6003385e-05
1.5984482e-05
1.679353e-05
1.6043734e-05
1.5808209e-05
1.6095388e-05
1.5882605e-05
4.2099258e-05
1.6002602e-05
1.6099851e-05
2.3511761e-05
1.701694e-05
1.6055009e-05
1.5800323e-05
5.1200678e-05
1.5796224e-05
1.6375949e-05
1.5969899e-05
1.6434411e-05
1.6110672e-05
3.7484186e-05
1.5812145e-05
1.8027688e-05
1.6146838e-05
1.6081985e-05
0.0006173623
1.5794804e-05
1.6196254e-05
1.6390588e-05
1.5795521e-05
1.5793061e-05
1.6277087e-05
1.6092736e-05
1.5800268e-05
1.5858494e-05
1.6278595e-05
1.9850269e-05
1.5807396e-05
1.5796207e-05
1.5904206e-05
1.6007536e-05
2.2013403e-05
1.5795114e-05
1.9054878e-05
1.6061167e-05
1.6100403e-05
1.6134505e-05
9.9093462e-05
1.5986529e-05
0.0026112219
1.6494867e-05
1.6325624e-05
1.61044e-05
1.5965336e-05
1.6423897e-05
0.0016332707
1.9350035e-05
1.5793677e-05
1.5986203e-05
1.5864857e-05
1.624236e-05
1.591183e-05
1.6094448e-05
6.5733709e-05
1.7018303e-05
1.9841397e-05
1.590029e-05
1.5845719e-05
1.6015694e-05
1.5878454e-05
1.6056217e-05
3.5519319e-05
1.6045216e-05
1.5871312e-05
1.5803126e-05
1.6102624e-05
0.0003985648
1.5796921e-05
1.6084407e-05
1.5809479e-05
1.6052683e-05
1.6027274e-05
1.6071378e-05
1.6186293e-05
1.6037539e-05
1.6017456e-05
1.5857511e-05
1.5891126e-05
1.5983316e-05
1.5794843e-05
1.5928378e-05
1.6035414e-05
1.5974836e-05
4.3570165e-05
0.00042197956
1.6065404e-05
1.6156119e-05
1.5881426e-05
1.6048161e-05
1.5791559e-05
1.5792003e-05
1.6097826e-05
2.0557755e-05
1.6040255e-05
1.5988895e-05
1.5787737e-05
0.0001270654
1.6040236e-05
1.5999128e-05
1.5938405e-05
1.5797545e-05
1.5868239e-05
1.6109525e-05
1.5972627e-05
1.6071412e-05
1.5914899e-05
1.6021885e-05
0.00044317018
1.5900276e-05
1.6087059e-05
1.6112177e-05
2.2008082e-05
0.00011754525
1.6141873e-05
0.002005272
1.5837665e-05
1.6079895e-05
1.6017522e-05
1.5795889e-05
1.6104384e-05
1.6510662e-05
1.6073641e-05
3.5517042e-05
1.6229773e-05
1.5916557e-05
1.6352772e-05
1.6152558e-05
1.5787757e-05
1.6067588e-05
1.6053246e-05
1.6026348e-05
1.592943e-05
1.603646e-05
1.63397e-05
1.6027293e-05
1.5948387e-05
1.5791305e-05
1.6174753e-05
1.5796059e-05
0.0017894647
1.6099785e-05
0.0022906376
1.5959943e-05
1.5991639e-05
3.6161906e-05
1.6073807e-05
1.6112931e-05
1.6121613e-05
1.6115087e-05
1.5859229e-05
1.6000351e-05
1.6030216e-05
1.6078458e-05
0.00031766492
1.6106084e-05
1.5816298e-05
1.6057287e-05
1.6058608e-05
1.6058597e-05
1.6053071e-05
1.5937063e-05
1.5805597e-05
1.6075648e-05
1.6076871e-05
1.589173e-05
0.0023721566
1.6058279e-05
1.60451e-05
1.5843012e-05
1.6208371e-05
1.6219128e-05
1.618186e-05
2.0602605e-05
0.0024649473
1.6053229e-05
1.615573e-05
1.5900184e-05
1.5791454e-05
1.6104436e-05
2.414987e-05
1.5876569e-05
1.611703e-05
1.6038442e-05
1.6121928e-05
4.8897419e-05
1.6298241e-05
1.6124258e-05
0.0039425442
1.6007704e-05
1.5795084e-05
1.5913226e-05
1.6478048e-05
1.5849042e-05
1.5789362e-05
1.604071e-05
1.599014e-05
1.6037152e-05
1.5885064e-05
1.5793493e-05
1.5944507e-05
1.6038952e-05
1.6128976e-05
1.5986879e-05
1.5796789e-05
1.5935915e-05
1.6632832e-05
1.8189226e-05
2.2886143e-05
1.582622e-05
1.6126736e-05
1.8637298e-05
1.6109465e-05
1.5806515e-05
1.5992093e-05
1.5873017e-05
1.6013323e-05
2.3332661e-05
1.6022194e-05
1.6062841e-05
0.00016989145
1.7062377e-05
1.5848152e-05
1.6109613e-05
1.5808681e-05
1.6057402e-05
0.0020198885
2.051616e-05
1.6043682e-05
1.6001326e-05
0.00013901051
1.7466682e-05
1.5801916e-05
1.5810938e-05
1.6353794e-05
1.7460675e-05
6.1789902e-05
1.5867691e-05
1.5801832e-05
1.6017754e-05
1.601806e-05
1.6100105e-05
1.6106142e-05
2.5142397e-05
1.5794681e-05
1.6265437e-05
1.5811436e-05
1.6042315e-05
1.62496e-05
1.6292687e-05
1.5790515e-05
1.8151276e-05
1.6058348e-05
1.5789282e-05
1.5946075e-05
2.6579348e-05
1.6200037e-05
1.5945129e-05
1.595371e-05
1.7925754e-05
1.5791743e-05
1.6000477e-05
2.703075e-05
1.5875437e-05
1.5964006e-05
2.2133737e-05
1.5829186e-05
6.573803e-05
1.6089429e-05
1.6027203e-05
1.640712e-05
1.5854248e-05
1.5836001e-05
1.6764538e-05
1.5790723e-05
1.6166241e-05
1.6103559e-05
1.5800889e-05
1.5897167e-05
1.5833564e-05
1.5801217e-05
1.5788749e-05
1.5829804e-05
1.5893837e-05
4.3372195e-05
1.6075852e-05
1.5848567e-05
1.5853635e-05
1.5984434e-05
2.0309826e-05
1.5795152e-05
1.5796004e-05
0.0017930353
1.5805502e-05
1.6452315e-05
1.5801162e-05
1.6066922e-05
1.6111075e-05
1.5823215e-05
1.6952983e-05
1.6022988e-05
1.6074947e-05
1.5997026e-05
1.6030931e-05
1.6006126e-05
1.6100376e-05
1.6055618e-05
1.5973467e-05
1.6073805e-05
1.6104708e-05
1.5844591e-05
1.5828876e-05
1.7126129e-05
1.6040585e-05
1.6105001e-05
0.0022976555
1.68742e-05
1.5921267e-05
1.6811896e-05
1.5807486e-05
1.6096748e-05
2.8428162e-05
1.6081238e-05
1.5961077e-05
1.6256476e-05
1.6376625e-05
1.6492345e-05
1.8011152e-05
1.5942128e-05
1.5793709e-05
1.5800776e-05
1.9008175e-05
1.5801176e-05
1.6052109e-05
0.0025123465
1.6047361e-05
1.7019601e-05
3.7662306e-05
0.0032038597
1.5898802e-05
1.6186656e-05
1.6127249e-05
0.00011796139
1.5819991e-05
0.0020188942
0.002935834
1.5993756e-05
0.00049927851
1.578622e-05
1.5978375e-05
1.5839071e-05
1.5803821e-05
2.4819993e-05
1.9801613e-05
1.7377563e-05
1.579925e-05
1.5885464e-05
2.4109894e-05
1.6098542e-05
1.5813699e-05
1.6007066e-05
0.0024204233
1.6067857e-05
1.6015085e-05
1.5791686e-05
1.6687747e-05
1.5795987e-05
1.6485697e-05
1.5900609e-05
1.6130502e-05
1.620821e-05
1.5872024e-05
1.5964242e-05
3.7358813e-05
1.596483e-05
1.5857658e-05
1.8237678e-05
1.701055e-05
1.8765698e-05
1.5964179e-05
1.5895217e-05
2.4260334e-05
1.6107252e-05
0.00079537458
1.6095893e-05
1.5797237e-05
1.5928315e-05
1.6751234e-05
1.5808893e-05
1.5944995e-05
0.0001396848
1.6099056e-05
1.5992003e-05
1.5792559e-05
1.6110505e-05
0.00028319845
1.5800291e-05
1.6444829e-05
0.0015933542
1.5943727e-05
1.5926244e-05
1.6013958e-05
1.6734783e-05
1.5981649e-05
0.00010985309
1.8995451e-05
1.6036261e-05
1.8891345e-05
1.609412e-05
1.6230942e-05
1.579658e-05
1.5801554e-05
1.5822957e-05
2.4705583e-05
1.7875339e-05
1.5945211e-05
1.5787488e-05
1.5942993e-05
1.6104603e-05
1.5786733e-05
1.5996718e-05
1.6098242e-05
1.6357395e-05
1.5901462e-05
1.5990021e-05
1.5882892e-05
1.6950912e-05
1.6100262e-05
1.6929963e-05
1.5946032e-05
1.5967096e-05
1.6107864e-05
1.5842729e-05
1.5987222e-05
2.5157193e-05
1.5801695e-05
1.6002788e-05
1.600238e-05
1.5999137e-05
1.595255e-05
1.6091616e-05
1.6109085e-05
1.5817293e-05
1.6036161e-05
0.0029902045
1.5803038e-05
1.6084717e-05
1.6034501e-05
0.004071615
2.5520087e-05
1.6099074e-05
0.002249669
1.5792227e-05
1.8108566e-05
1.5864097e-05
1.5813833e-05
1.5794997e-05
1.5927479e-05
1.5872603e-05
1.7058753e-05
1.9799607e-05
3.6263645e-05
1.5904272e-05
1.5947423e-05
1.5974155e-05
1.6077487e-05
3.17108e-05
1.6098429e-05
1.5896191e-05
1.6029392e-05
1.6125296e-05
1.5918721e-05
1.6133874e-05
1.600473e-05
1.5959281e-05
1.6510474e-05
1.5923395e-05
1.7334784e-05
1.595776e-05
0.00011009216
1.8847382e-05
1.5796508e-05
1.5959563e-05
1.7827337e-05
1.6000522e-05
1.9768854e-05
1.599761e-05
0.0016343241
1.6076891e-05
1.6282111e-05
1.6104985e-05
1.6096194e-05
1.6005832e-05
1.6077517e-05
1.6048819e-05
1.6055202e-05
1.6474543e-05
1.8342107e-05
1.6058513e-05
0.00097430819
6.0876049e-05
1.5929182e-05
0.0019068423
1.5787915e-05
1.626144e-05
1.5959187e-05
0.0014818853
1.5984665e-05
0.00021366563
0.00063740605
1.6228475e-05
1.5880632e-05
0.0012032243
0.00099437299
1.6048903e-05
1.6053103e-05
1.5787198e-05
1.8712356e-05
1.6058387e-05
1.5948737e-05
1.5812796e-05
1.6857082e-05
8.6133892e-05
1.586578e-05
1.6644319e-05
1.5972858e-05
1.5800284e-05
1.6111575e-05
2.1814812e-05
1.5867154e-05
1.5788616e-05
4.0426322e-05
0.00087147055
1.5799507e-05
1.5791142e-05
1.5788645e-05
1.6108252e-05
5.3868441e-05
1.7284654e-05
1.5905683e-05
1.5907946e-05
1.6041471e-05
1.5798827e-05
1.6013116e-05
1.5800428e-05
1.6078905e-05
1.5801884e-05
1.600178e-05
1.607699e-05
1.5796707e-05
1.5800111e-05
1.6019022e-05
0.00019169021
1.8637998e-05
0.0020408855
1.5793348e-05
1.5953452e-05
1.6117959e-05
1.6405529e-05
1.6238995e-05
0.002346846
1.6492294e-05
1.6037176e-05
1.5912201e-05
1.5827987e-05
1.5837395e-05
1.5812797e-05
1.5905347e-05
0.00012217897
1.6105332e-05
0.00044162646
1.580529e-05
1.5876716e-05
1.5792372e-05
1.5826357e-05
1.6006763e-05
1.7803771e-05
1.6037538e-05
0.0030343767
2.0225311e-05
2.5770361e-05
0.0031017085
1.6070327e-05
1.6107299e-05
1.5934465e-05
1.5874303e-05
1.6085395e-05
1.5799945e-05
1.7522136e-05
1.6006511e-05
1.5984356e-05
1.597206e-05
1.611193e-05
1.6946896e-05
1.6036318e-05
6.4870579e-05
1.5885766e-05
0.00079576844
2.3317156e-05
1.6021181e-05
1.5791363e-05
1.8576805e-05
1.7777275e-05
1.7828302e-05
2.6334628e-05
1.6220727e-05
1.6377027e-05
1.6083393e-05
1.6029547e-05
1.6112028e-05
2.124857e-05
1.605965e-05
1.6053968e-05
1.6063547e-05
1.6104046e-05
1.5827319e-05
1.6089244e-05
1.5910066e-05
1.5785771e-05
1.6133479e-05
1.5969081e-05
1.5792619e-05
1.6455011e-05
3.1880393e-05
1.5815814e-05
1.6096194e-05
1.7373559e-05
1.5785918e-05
0.0001584958
1.5956238e-05
2.3829164e-05
1.6128709e-05
1.6105273e-05
1.6296725e-05
1.6122582e-05
1.5904717e-05
1.6495765e-05
5.6569252e-05
1.581941e-05
1.607858e-05
1.5808624e-05
1.5811165e-05
1.5890498e-05
1.6034126e-05
1.5793584e-05
1.8149468e-05
1.5796453e-05
1.5941941e-05
2.363766e-05
1.8334032e-05
1.5824422e-05
6.7270789e-05
1.5889929e-05
1.5789272e-05
1.5889584e-05
0.0012910441
1.5804965e-05
1.6405434e-05
1.7254373e-05
1.6047144e-05
1.5786176e-05
1.6107669e-05
1.6047457e-05
1.6291346e-05
1.5791109e-05
1.6230684e-05
1.5845508e-05
1.6904029e-05
2.1348295e-05
2.0690851e-05
1.587293e-05
1.9642292e-05
2.0520649e-05
1.6478062e-05
1.6078851e-05
1.6567853e-05
1.5954703e-05
1.5813575e-05
1.5914329e-05
1.5909694e-05
1.8748995e-05
0.0008418688
8.9307489e-05
1.6055752e-05
0.00051959061
1.9949737e-05
1.5837121e-05
1.5910097e-05
1.6078342e-05
1.6039717e-05
1.609366e-05
1.6031197e-05
1.5799539e-05
1.651906e-05
1.6083555e-05
1.5884524e-05
1.5819454e-05
1.6109645e-05
3.7747538e-05
1.6728493e-05
1.5795395e-05
1.9533384e-05
1.5796243e-05
1.6202763e-05
1.5791154e-05
1.5939226e-05
1.5804963e-05
1.5884631e-05
1.9325488e-05
1.5785715e-05
2.6729776e-05
8.2807944e-05
1.6563135e-05
0.0023072329
1.630566e-05
1.7797814e-05
1.6195188e-05
1.8320332e-05
1.5937777e-05
1.6250309e-05
1.604023e-05
1.6036697e-05
1.6846025e-05
1.6147026e-05
1.6078984e-05
2.6442475e-05
2.0664917e-05
1.6072421e-05
1.5935555e-05
0.00026740234
1.6033051e-05
1.6111174e-05
1.6070532e-05
1.6062036e-05
2.2486002e-05
1.5812723e-05
0.0027372199
1.6238774e-05
1.6119644e-05
1.6541396e-05
1.6168547e-05
1.5863911e-05
1.5898064e-05
1.6096109e-05
2.4581193e-05
0.0030970309
2.4483079e-05
1.5829094e-05
1.6007354e-05
1.6063649e-05
1.6037529e-05
5.2889367e-05
1.5797555e-05
1.6914414e-05
1.5818604e-05
2.4801371e-05
3.7750349e-05
2.5302654e-05
1.6013257e-05
2.5320903e-05
2.570507e-05
1.6067393e-05
1.6078446e-05
1.5816162e-05
1.6101855e-05
2.406257e-05
2.9303167e-05
1.6389323e-05
1.7601984e-05
1.581044e-05
1.5801791e-05
1.5814716e-05
1.6879131e-05
2.0279779e-05
1.5919102e-05
1.6007435e-05
1.6060346e-05
1.5818942e-05
1.5857275e-05
1.8798375e-05
1.6078794e-05
0.0032414943
1.8601438e-05
1.586688e-05
1.5902927e-05
1.5794881e-05
0.00061818066
1.5794074e-05
1.6073797e-05
1.5797781e-05
1.6257354e-05
2.3678486e-05
1.5864645e-05
1.610953e-05
1.6063372e-05
2.4529639e-05
1.6848706e-05
1.8444011e-05
2.3885323e-05
1.6074381e-05
1.6917985e-05
5.6110079e-05
1.7821666e-05
1.5796981e-05
1.6833493e-05
1.5785973e-05
1.6160521e-05
1.597114e-05
1.5795842e-05
1.6185179e-05
1.6055263e-05
2.6754101e-05
2.0723669e-05
2.0270223e-05
1.5905744e-05
1.578719e-05
1.5976144e-05
1.6810567e-05
1.6046485e-05
8.3942599e-05
2.3980576e-05
1.9762391e-05
1.9450086e-05
0.00046394541
1.608985e-05
1.6124326e-05
1.6042779e-05
1.6107705e-05
1.6130957e-05
1.5904972e-05
1.5899006e-05
1.5861572e-05
2.4282256e-05
1.5845974e-05
1.5982798e-05
0.00010054147
1.5997694e-05
1.5980888e-05
1.5937273e-05
1.6103357e-05
1.6380105e-05
1.5922458e-05
1.5962373e-05
1.5838389e-05
0.0024328291
0.0024396623
1.5990437e-05
1.5848747e-05
1.6891146e-05
1.6072392e-05
1.5950627e-05
1.5830115e-05
1.8601925e-05
1.5983586e-05
1.5939408e-05
1.6034369e-05
1.6009917e-05
0.00010743961
0.001411761
1.6063945e-05
1.8099658e-05
1.5786957e-05
1.5980918e-05
1.603702e-05
1.6039522e-05
3.9332752e-05
1.7511245e-05
0.0022393057
0.00010306371
1.6251494e-05
2.778109e-05
1.607369e-05
1.6114205e-05
1.7674098e-05
1.5939071e-05
1.5820285e-05
1.6108485e-05
1.5981446e-05
1.6004535e-05
4.1998605e-05
1.5880488e-05
2.1076094e-05
1.5790927e-05
1.6030633e-05
1.9613062e-05
0.00082542088
1.6056739e-05
1.9128268e-05
1.5792323e-05
1.620355e-05
1.8765012e-05
1.5836641e-05
1.579295e-05
1.863538e-05
1.5786834e-05
1.5857088e-05
1.6128523e-05
1.5790734e-05
1.6108695e-05
1.6157051e-05
1.5798585e-05
0.0011847214
1.5866482e-05
1.5943299e-05
1.8159976e-05
1.6104284e-05
1.8362797e-05
0.0023450974
1.5987004e-05
1.6633431e-05
1.7777098e-05
1.5870216e-05
1.6000984e-05
2.0317616e-05
1.5835255e-05
1.5932399e-05
6.0229897e-05
0.00065541882
1.5825492e-05
7.3629024e-05
1.5829317e-05
1.8953293e-05
1.5954751e-05
1.5972699e-05
1.5965629e-05
1.5968848e-05
1.633058e-05
1.6113193e-05
0.00047763443
1.7761579e-05
1.7375132e-05
1.6074466e-05
1.5946502e-05
1.5987777e-05
1.8544216e-05
0.0020788707
1.6081521e-05
1.6020918e-05
0.00019768876
1.6101712e-05
1.6103501e-05
1.5800208e-05
1.6077644e-05
0.0001209861
1.5816924e-05
0.00054106233
1.6051778e-05
1.6023105e-05
1.5876414e-05
1.610336e-05
1.5954017e-05
1.6107423e-05
1.6397746e-05
1.6319486e-05
1.6103567e-05
1.610488e-05
1.6108075e-05
1.6373527e-05
2.8889008e-05
1.5793103e-05
1.7215793e-05
1.8938119e-05
1.6051188e-05
1.5898402e-05
3.2373457e-05
0.0022815355
1.5792275e-05
1.603778e-05
0.0030220732
1.6112158e-05
1.5799277e-05
1.5999858e-05
1.6733096e-05
1.5792188e-05
1.5803587e-05
1.5980088e-05
1.5816615e-05
1.5913296e-05
1.6101888e-05
1.6115561e-05
1.5911417e-05
1.5820672e-05
1.5982597e-05
1.5788315e-05
1.6111602e-05
1.7019439e-05
1.5935615e-05
2.8303641e-05
1.6074389e-05
1.5953273e-05
0.0032646304
1.609921e-05
1.6111301e-05
0.0022843039
1.6099705e-05
1.6115479e-05
1.5784282e-05
2.0383515e-05
1.9448934e-05
7.9615306e-05
1.6112153e-05
1.5939936e-05
2.2107525e-05
1.5855021e-05
0.0015459982
1.6097768e-05
1.6076157e-05
1.598711e-05
1.6104014e-05
1.5997008e-05
1.6035252e-05
1.5820723e-05
1.6171392e-05
1.5789568e-05
1.5891334e-05
6.5331687e-05
1.5797692e-05
1.6016027e-05
1.5975428e-05
1.6003942e-05
1.5918456e-05
0.0032184119
2.3602913e-05
1.6066968e-05
0.0001049806
1.5817411e-05
1.5922623e-05
1.5792674e-05
1.8870565e-05
1.5859853e-05
1.5948719e-05
1.6112554e-05
1.6100463e-05
1.7001582e-05
1.5917312e-05
1.6067829e-05
1.5941501e-05
1.587151e-05
1.6130911e-05
1.6526197e-05
1.6033887e-05
1.5993567e-05
1.6516124e-05
1.6082038e-05
1.5849057e-05
1.5982579e-05
1.6042068e-05
1.5997269e-05
1.5839506e-05
1.582339e-05
1.5985468e-05
1.5961837e-05
1.5956873e-05
1.5815203e-05
3.6243612e-05
1.6075845e-05
2.794081e-05
1.5877405e-05
1.6200607e-05
1.5795913e-05
1.5857256e-05
2.5613479e-05
4.7850098e-05
1.6125559e-05
1.6029855e-05
1.6036195e-05
1.6014292e-05
1.5799627e-05
0.00406691
2.7487403e-05
1.70266e-05
1.6631413e-05
1.7502604e-05
1.5795479e-05
1.6633517e-05
1.5890825e-05
1.5888139e-05
1.5868933e-05
1.8396985e-05
1.7637269e-05
0.003985162
1.602993e-05
1.5893934e-05
4.3545446e-05
1.6335132e-05
1.6106646e-05
1.6112521e-05
1.5890913e-05
0.002279095
1.5885518e-05
1.5837316e-05
1.6128367e-05
1.6107217e-05
1.6097681e-05
1.5787848e-05
1.5876842e-05
1.5957514e-05
1.6689413e-05
1.6320162e-05
1.5818547e-05
1.593941e-05
1.6399619e-05
1.8004878e-05
0.00077326642
1.6218837e-05
1.7404364e-05
1.6002924e-05
1.6045193e-05
1.5792903e-05
4.4482907e-05
1.5913488e-05
1.5998502e-05
1.6016436e-05
4.3599859e-05
1.5927226e-05
1.591882e-05
1.6098826e-05
3.7450553e-05
1.6096496e-05
0.0022764809
2.4153897e-05
0.0023012879
1.6080727e-05
0.002238097
1.6455622e-05
1.5988699e-05
1.5801114e-05
1.5982615e-05
1.5823231e-05
1.6308811e-05
1.6101019e-05
2.3483796e-05
3.3553785e-05
1.6279139e-05
1.6073989e-05
1.5974126e-05
1.6841612e-05
1.6052144e-05
3.3271783e-05
1.5956376e-05
1.6102829e-05
0.0020656237
1.5954266e-05
1.6146953e-05
1.5850502e-05
1.5906255e-05
1.6078725e-05
1.588513e-05
1.5953682e-05
1.9285956e-05
1.5922229e-05
1.6039389e-05
1.7848717e-05
1.5795268e-05
1.5807777e-05
1.6114135e-05
2.7156208e-05
1.6066831e-05
1.7762502e-05
1.606601e-05
1.6066921e-05
6.9481439e-05
1.5973696e-05
1.6017822e-05
1.5884332e-05
1.5911428e-05
1.601966e-05
1.6090093e-05
1.7834368e-05
1.5802554e-05
0.003234629
1.5854828e-05
2.0142016e-05
1.5961709e-05
1.608589e-05
1.59256e-05
1.5785467e-05
1.5922789e-05
2.0124849e-05
1.6025624e-05
1.6104829e-05
1.6021007e-05
1.8372908e-05
1.6066223e-05
1.5792001e-05
1.6094923e-05
0.00076849222
1.6359166e-05
2.0323359e-05
1.6096389e-05
1.579179e-05
1.579164e-05
0.00057670598
1.6167931e-05
1.5794304e-05
2.1682235e-05
1.5921152e-05
1.5788321e-05
1.6384303e-05
1.6332445e-05
1.5787804e-05
1.5832711e-05
2.1262466e-05
1.5943571e-05
1.6115503e-05
1.6297391e-05
2.0433836e-05
0.00095193651
1.7597675e-05
1.9963017e-05
1.7397429e-05
6.0493411e-05
1.784889e-05
1.6025131e-05
1.9387439e-05
1.9176791e-05
1.6112279e-05
1.6147535e-05
1.5870142e-05
1.5799728e-05
1.6069129e-05
6.1837754e-05
3.5250996e-05
0.0014382091
1.6045486e-05
0.00018118557
1.589111e-05
1.7374885e-05
2.2444744e-05
0.0019685765
1.7821993e-05
1.5995939e-05
0.0031031731
2.7950051e-05
1.6412153e-05
2.4632365e-05
2.7020949e-05
1.5846039e-05
1.6392975e-05
1.6100961e-05
1.5794259e-05
1.8430558e-05
1.6101189e-05
1.5814088e-05
1.5951516e-05
1.5792098e-05
1.617614e-05
1.8365542e-05
1.5933668e-05
1.5916993e-05
1.7917685e-05
1.5830367e-05
1.8548074e-05
2.1620581e-05
1.6041633e-05
1.5802301e-05
1.6091901e-05
1.580413e-05
2.2859429e-05
1.6056542e-05
2.0223249e-05
1.5795074e-05
1.5919054e-05
1.6014571e-05
1.6677118e-05
1.6162316e-05
1.5963128e-05
1.5796801e-05
2.5739561e-05
1.8882976e-05
1.6069187e-05
0.00067548016
0.0017389698
0.0013728231
2.0982745e-05
1.6029164e-05
1.8926363e-05
1.5810531e-05
2.381513e-05
1.6040526e-05
1.6080009e-05
1.610357e-05
1.8847471e-05
1.5885508e-05
0.0026003208
2.5486976e-05
1.8601253e-05
1.8690046e-05
1.5942044e-05
6.5370662e-05
1.5967049e-05
1.8602168e-05
1.6066723e-05
2.0392788e-05
1.5793682e-05
1.5953421e-05
1.5802747e-05
0.0016552102
1.5788871e-05
1.5829665e-05
1.8574955e-05
1.6059097e-05
1.6128461e-05
1.8736737e-05
1.6111341e-05
5.9153115e-05
1.5795035e-05
1.5856535e-05
1.6079106e-05
1.5884722e-05
2.20086e-05
0.00013982251
1.602296e-05
0.00015379349
0.0016429374
1.8676888e-05
1.8759672e-05
0.0010491084
1.6068272e-05
1.612282e-05
1.6114278e-05
1.8608451e-05
1.5832202e-05
1.5848748e-05
1.6378854e-05
1.6249957e-05
3.2965193e-05
1.5789093e-05
0.0012213009
1.615206e-05
1.6631976e-05
1.5795446e-05
1.5824407e-05
1.5788674e-05
1.5916669e-05
1.8373549e-05
1.5795707e-05
1.8770605e-05
1.5797281e-05
6.5755109e-05
3.4852435e-05
0.0023137074
0.0022730407
1.5937814e-05
1.5821873e-05
2.6595165e-05
1.5960749e-05
0.0027075488
1.6065814e-05
1.8957899e-05
0.00040550167
1.5972378e-05
1.6672177e-05
1.8444708e-05
1.6115594e-05
2.0824602e-05
1.5836763e-05
1.5969271e-05
1.5940134e-05
1.5800564e-05
1.5835628e-05
0.0021428608
1.6984289e-05
1.5789202e-05
1.5817837e-05
0.0023677174
0.0025054078
2.9244381e-05
1.6032335e-05
1.6071765e-05
1.5793763e-05
1.5810332e-05
1.5990677e-05
1.6316359e-05
1.5936605e-05
1.6002542e-05
1.6108368e-05
1.5904735e-05
1.9232148e-05
1.6035562e-05
1.5894085e-05
2.2356757e-05
1.604725e-05
1.6007274e-05
1.6201048e-05
1.8397492e-05
1.583178e-05
0.0030628818
5.4859305e-05
3.2361948e-05
1.6102306e-05
1.5914384e-05
1.6108795e-05
1.5958864e-05
1.604591e-05
1.607941e-05
1.8272218e-05
1.6052878e-05
1.6392267e-05
1.5929678e-05
1.6106637e-05
1.8249622e-05
1.5989087e-05
1.9147826e-05
1.5931112e-05
1.5786864e-05
1.8134733e-05
1.5793191e-05
2.4270375e-05
1.6235874e-05
1.5784268e-05
2.4715806e-05
1.5984992e-05
5.9320901e-05
2.1102079e-05
1.798156e-05
1.6129143e-05
1.6939969e-05
1.5910407e-05
1.5827032e-05
8.1592437e-05
1.582645e-05
2.1608708e-05
2.5311951e-05
1.5804049e-05
1.5888513e-05
2.1502154e-05
1.8006966e-05
1.5936813e-05
1.6108935e-05
2.0326665e-05
2.5532574e-05
1.6071656e-05
1.58185e-05
0.00017182241
1.6104896e-05
1.5940565e-05
1.6116534e-05
1.5838414e-05
1.9512062e-05
2.6014175e-05
1.604046e-05
0.0030816592
1.5897123e-05
1.583296e-05
0.00013561828
1.7554079e-05
1.6098155e-05
1.5999093e-05
1.5831771e-05
2.082265e-05
1.59434e-05
1.5980755e-05
1.5995107e-05
1.6162659e-05
1.5890863e-05
1.5905486e-05
1.6117423e-05
1.5937573e-05
0.0026575922
1.6694685e-05
1.5802594e-05
0.0031300676
1.6103882e-05
1.7529786e-05
1.6098927e-05
1.6249974e-05
1.7472953e-05
1.6023108e-05
1.578931e-05
1.5890006e-05
1.607533e-05
1.6165237e-05
2.8407089e-05
1.5989346e-05
0.0013868366
1.5937564e-05
1.583228e-05
1.6067327e-05
1.6363939e-05
1.8684082e-05
1.5799922e-05
1.6026729e-05
1.6892188e-05
0.00085467384
1.5793235e-05
2.9730697e-05
0.0029993864
1.5785649e-05
1.6297763e-05
1.602512e-05
2.2301191e-05
0.00077799386
6.0142716e-05
1.627947e-05
1.5837175e-05
1.7861912e-05
1.5993859e-05
1.5800286e-05
1.5846006e-05
1.5835316e-05
1.579104e-05
1.6103761e-05
3.5979871e-05
1.6090318e-05
1.592012e-05
1.6061097e-05
3.2011502e-05
1.6688078e-05
1.6030929e-05
1.7291768e-05
1.6037247e-05
1.6112587e-05
1.6057093e-05
6.039667e-05
0.0025078287
1.5849577e-05
1.5795884e-05
1.604553e-05
2.4988131e-05
1.7836582e-05
1.594604e-05
1.6171692e-05
1.601505e-05
1.5793141e-05
1.5938364e-05
1.5902453e-05
0.0026193665
2.0226509e-05
1.9533259e-05
1.5801022e-05
1.6104771e-05
1.6697397e-05
1.5962228e-05
1.5804133e-05
1.6032054e-05
1.5893218e-05
0.00010466392
1.5836002e-05
1.7867861e-05
1.6005213e-05
1.699878e-05
1.595438e-05
1.7654562e-05
1.5859522e-05
1.6092403e-05
1.5876623e-05
1.6101875e-05
1.8710789e-05
3.7490726e-05
1.580743e-05
1.5865498e-05
1.5920285e-05
0.0033682728
1.5805749e-05
2.0079491e-05
1.5961814e-05
1.6121226e-05
1.6075006e-05
1.9301333e-05
1.5794329e-05
1.6453626e-05
1.6004035e-05
1.6703362e-05
0.0016257089
0.0031462589
1.579416e-05
1.6847405e-05
1.608009e-05
1.6053407e-05
1.5790674e-05
2.0336072e-05
1.6006524e-05
0.00010787701
1.6250452e-05
1.590866e-05
1.579978e-05
0.0014318784
1.5787413e-05
1.7143855e-05
1.5887947e-05
1.7202158e-05
1.6083853e-05
1.5957769e-05
1.5783522e-05
1.7013691e-05
1.6293871e-05
1.5916502e-05
1.6370134e-05
0.00043677614
5.1256136e-05
1.605224e-05
1.5808103e-05
1.7825899e-05
1.6007953e-05
1.5789612e-05
1.637286e-05
1.6029874e-05
1.5795465e-05
2.5089823e-05
0.0031233952
1.6015813e-05
0.00011134034
1.6010149e-05
2.9614035e-05
0.0016206181
1.6206197e-05
1.6117455e-05
1.635254e-05
1.6069916e-05
1.5792483e-05
1.8116377e-05
1.6032436e-05
1.6067711e-05
1.6285562e-05
1.6239535e-05
1.5787895e-05
1.6028681e-05
1.6069692e-05
1.681818e-05
1.5796614e-05
2.0591899e-05
1.5792672e-05
1.6041332e-05
1.5789574e-05
1.7293913e-05
1.6006216e-05
1.5797592e-05
2.4812243e-05
1.6106825e-05
1.5824404e-05
0.0018527541
1.6104114e-05
1.609897e-05
1.5905549e-05
0.0035581105
1.5895988e-05
1.5835725e-05
1.5804012e-05
1.58136e-05
1.6039604e-05
1.5855119e-05
1.5787722e-05
1.619367e-05
1.5895361e-05
1.586618e-05
0.0012533476
0.00082725668
1.5968974e-05
1.6195298e-05
0.00013676687
1.638225e-05
1.6044521e-05
1.6619045e-05
1.6551718e-05
1.596541e-05
1.6108803e-05
1.6126153e-05
2.4941054e-05
1.5801434e-05
1.5797596e-05
1.5848395e-05
1.6201465e-05
1.7847439e-05
1.5791247e-05
1.5942145e-05
1.6072412e-05
3.1872529e-05
1.9136821e-05
1.5829727e-05
1.5790904e-05
1.5993608e-05
1.5908416e-05
1.608065e-05
1.6063185e-05
0.00013502124
1.6072928e-05
1.579097e-05
1.5975057e-05
1.604629e-05
1.5794031e-05
0.00029725028
1.675048e-05
3.29622e-05
1.5892137e-05
0.0023118928
2.1643979e-05
0.00026328437
1.6126302e-05
1.5863856e-05
1.5840408e-05
1.5807012e-05
3.7526972e-05
1.695079e-05
9.7660557e-05
1.585045e-05
1.9361352e-05
1.5867956e-05
1.607435e-05
1.601949e-05
0.0029398438
9.0737643e-05
1.5840191e-05
1.6590556e-05
1.5823366e-05
0.0022406201
1.5988006e-05
1.7362392e-05
0.00015035543
2.853532e-05
1.6878383e-05
0.0014324111
1.5783944e-05
1.6098951e-05
1.6103496e-05
1.6102161e-05
1.6815801e-05
1.5818208e-05
1.5850538e-05
1.611311e-05
0.0018892275
0.0018378859
2.3196598e-05
1.5820342e-05
1.5785348e-05
1.5867768e-05
1.5794754e-05
1.5793241e-05
0.0016739277
1.6036126e-05
1.581131e-05
1.6099953e-05
1.6016128e-05
1.5799776e-05
1.5848746e-05
1.5803848e-05
1.6055635e-05
1.5889984e-05
1.5992716e-05
1.5831472e-05
1.8603119e-05
4.8697133e-05
1.6088957e-05
1.6236316e-05
1.5794577e-05
1.579424e-05
1.5795252e-05
1.8030411e-05
1.610121e-05
1.6064118e-05
1.5882527e-05
1.5941733e-05
1.6051706e-05
1.5861518e-05
1.5811233e-05
1.6054124e-05
1.5887676e-05
1.596351e-05
1.594154e-05
1.5940547e-05
1.6441836e-05
0.00019945376
1.5801354e-05
0.0014212475
1.6841656e-05
1.6201379e-05
1.5789952e-05
1.5911927e-05
1.5992432e-05
1.5838658e-05
1.6193317e-05
6.0993052e-05
1.6095425e-05
1.6002441e-05
1.6108442e-05
3.5825346e-05
4.4141047e-05
0.0026755672
1.5865984e-05
1.5885659e-05
1.6108826e-05
3.6268569e-05
1.6072806e-05
1.691979e-05
1.61083e-05
1.6362974e-05
1.5947217e-05
1.5798737e-05
1.5786717e-05
1.6031317e-05
1.5790667e-05
8.5615128e-05
1.6037637e-05
1.5961844e-05
1.5863705e-05
2.8890477e-05
0.0011949185
1.6011085e-05
1.8715838e-05
1.5802292e-05
1.6069816e-05
1.5795313e-05
0.0005516077
2.1203592e-05
1.6410222e-05
1.6050748e-05
1.5909942e-05
1.6082514e-05
1.5966912e-05
1.610996e-05
1.5859539e-05
1.6066115e-05
1.5970128e-05
1.5968714e-05
1.6228339e-05
1.9284092e-05
9.3323178e-05
1.5795759e-05
1.597234e-05
2.0737029e-05
1.60525e-05
1.5806226e-05
1.5795976e-05
1.5825972e-05
1.5954176e-05
1.5813181e-05
1.6125289e-05
1.6381148e-05
0.0026209434
1.5851131e-05
1.6024327e-05
1.8102646e-05
1.5821777e-05
0.0021006648
1.587775e-05
0.0023072888
1.6081924e-05
1.5963339e-05
1.5795451e-05
1.6078494e-05
5.9738437e-05
0.0021794381
3.60982e-05
1.6694436e-05
1.578528e-05
1.5967964e-05
0.0025465052
1.6042001e-05
0.0017905208
1.6088206e-05
1.6094183e-05
1.5808697e-05
1.6018899e-05
2.2213334e-05
1.5969792e-05
2.8883248e-05
1.6043905e-05
0.00097548058
1.6879721e-05
2.1210362e-05
1.648673e-05
2.4073306e-05
1.8580635e-05
2.805609e-05
1.609808e-05
1.6100184e-05
1.5926185e-05
1.6099627e-05
1.5974704e-05
0.0010977467
1.588081e-05
1.5798106e-05
1.6072586e-05
1.6047141e-05
1.610851e-05
1.5790275e-05
1.7997547e-05
1.6731526e-05
1.5867385e-05
1.7761875e-05
1.6096681e-05
1.6756402e-05
1.6478158e-05
1.6723609e-05
1.611948e-05
1.598126e-05
1.5882971e-05
1.6133843e-05
6.0284585e-05
3.3722984e-05
1.594518e-05
1.6334177e-05
1.6019614e-05
1.5846691e-05
1.634834e-05
2.7235299e-05
1.6988721e-05
2.9455519e-05
1.5963604e-05
2.5431069e-05
1.5933646e-05
0.00070052253
9.1292924e-05
0.00199924
1.5803878e-05
1.6044306e-05
1.6169952e-05
5.9480968e-05
1.5790495e-05
2.0608983e-05
1.6325888e-05
1.6020734e-05
1.5827952e-05
0.00010464405
2.4162949e-05
1.7706253e-05
0.0025440348
1.6377819e-05
1.610019e-05
2.6906381e-05
4.188599e-05
0.003057038
1.582015e-05
1.6065737e-05
1.6109657e-05
1.7512533e-05
1.5798295e-05
1.6111811e-05
1.6100334e-05
2.3505618e-05
1.5963431e-05
1.6100967e-05
1.5878538e-05
1.5904832e-05
1.5793784e-05
1.6108398e-05
1.6011119e-05
1.6387679e-05
1.6691514e-05
1.6046947e-05
1.6073497e-05
0.00020359478
1.5961519e-05
1.5790929e-05
1.8859631e-05
1.6064995e-05
1.5802229e-05
1.5849553e-05
1.5825415e-05
1.5975262e-05
1.5794627e-05
1.6072247e-05
1.5791649e-05
4.2349266e-05
1.9653136e-05
1.5787075e-05
1.5888915e-05
4.3360972e-05
1.5937081e-05
1.586942e-05
1.5936944e-05
1.5877811e-05
9.1439105e-05
2.4779119e-05
1.6024975e-05
3.6177279e-05
1.5791289e-05
1.5854583e-05
1.5968367e-05
1.6384717e-05
1.5922784e-05
1.5832032e-05
1.9953687e-05
1.6037024e-05
1.5955888e-05
1.581922e-05
1.6158834e-05
1.6079874e-05
2.0497765e-05
1.5877344e-05
1.5824516e-05
1.581718e-05
0.0028481004
1.5959152e-05
0.00035854659
1.6021645e-05
4.2123946e-05
9.3415813e-05
1.5940255e-05
1.6109616e-05
1.8862279e-05
1.9892654e-05
2.8882738e-05
1.609811e-05
1.5986752e-05
1.6063918e-05
5.7602971e-05
1.6552111e-05
0.0019756494
1.5982742e-05
1.6105948e-05
4.2562802e-05
1.5817496e-05
1.583631e-05
1.5966361e-05
1.6067858e-05
0.0020041855
1.5989161e-05
0.0025552707
1.6052494e-05
1.6109991e-05
1.6045246e-05
1.5944859e-05
1.5959912e-05
1.5847221e-05
1.2815635e-05
2.1383458e-05
0.0011636499
1.594207e-05
3.0452104e-05
1.6185951e-05
1.607158e-05
7.2658564e-05
1.5804826e-05
1.6027924e-05
1.5949773e-05
1.5844689e-05
1.5996616e-05
1.594073e-05
0.000768026
0.0032429371
1.5788398e-05
1.5810055e-05
1.5944751e-05
1.5947422e-05
1.5993423e-05
2.2623405e-05
1.6020038e-05
1.5792855e-05
7.549538e-05
1.6097045e-05
1.6109839e-05
1.5892661e-05
2.3497971e-05
1.5842576e-05
6.2753799e-05
0.00016959784
1.6580835e-05
0.0015936294
1.5857156e-05
1.5994298e-05
3.2382644e-05
1.8150626e-05
1.5791452e-05
1.5819822e-05
2.0331239e-05
1.7605604e-05
1.6111495e-05
1.5800153e-05
1.6106714e-05
1.6040556e-05
1.5917233e-05
1.5884501e-05
1.6806068e-05
1.5817634e-05
1.6478282e-05
1.5820606e-05
1.5820866e-05
1.6091675e-05
1.5792667e-05
1.6253488e-05
2.1633136e-05
2.3450709e-05
0.0031337934
2.1340758e-05
1.589419e-05
0.0012896203
1.6679241e-05
1.5856668e-05
1.6058973e-05
1.6051601e-05
1.5854738e-05
1.586981e-05
1.5794603e-05
1.8435588e-05
1.6082136e-05
1.5933281e-05
1.6196236e-05
1.610642e-05
0.0024548522
1.6070502e-05
1.9216914e-05
0.0018311435
1.5810797e-05
1.5999662e-05
1.5930924e-05
1.601448e-05
1.6088519e-05
1.590788e-05
1.5791456e-05
1.6020566e-05
1.5938992e-05
3.7474633e-05
1.5929905e-05
2.5940753e-05
2.3347938e-05
1.6056631e-05
1.6494943e-05
3.6740854e-05
1.5862713e-05
1.5794405e-05
2.3594981e-05
1.5984507e-05
1.5979957e-05
1.8272386e-05
1.5794382e-05
0.0019477873
1.6039743e-05
1.8139238e-05
5.9068e-05
1.5792626e-05
1.6615153e-05
1.5795091e-05
1.5835713e-05
1.6065585e-05
1.790885e-05
1.642166e-05
1.5879695e-05
1.5871214e-05
1.5794283e-05
1.6250857e-05
2.0216316e-05
1.6176076e-05
1.6596522e-05
1.6160644e-05
0.0028665125
1.6150873e-05
1.6083512e-05
1.5832629e-05
1.6100311e-05
1.7338287e-05
1.5794335e-05
1.6065356e-05
1.6099449e-05
1.6063101e-05
2.0012748e-05
1.9373769e-05
1.6544759e-05
1.5931661e-05
1.5900688e-05
1.6010758e-05
1.7938752e-05
1.5787701e-05
1.6273858e-05
1.7087691e-05
1.6645396e-05
1.5793801e-05
3.568216e-05
0.00197465
1.8640949e-05
1.5878624e-05
1.8713256e-05
1.7850005e-05
0.0025671878
1.5817264e-05
7.3107664e-05
1.607099e-05
1.6120696e-05
1.591265e-05
1.6035406e-05
1.5827417e-05
1.6011147e-05
1.6038798e-05
1.6047324e-05
1.6038861e-05
1.5795109e-05
1.5827535e-05
1.6072262e-05
1.5971587e-05
1.5830602e-05
1.5960651e-05
1.579566e-05
1.5831717e-05
0.00018106348
1.5987937e-05
1.5793681e-05
1.6018327e-05
1.5805987e-05
1.598289e-05
1.5906957e-05
1.5847513e-05
1.5977965e-05
1.5931212e-05
1.5803915e-05
1.6098632e-05
1.5964794e-05
1.6074008e-05
2.8118799e-05
1.6398374e-05
1.5978168e-05
2.8097589e-05
0.0019092767
1.5971652e-05
1.6134397e-05
1.6043192e-05
1.5993814e-05
1.6200549e-05
1.5787404e-05
1.6016019e-05
1.5829261e-05
2.7245046e-05
1.6017358e-05
1.5982935e-05
1.6005923e-05
1.5798409e-05
1.5806516e-05
0.0012183015
1.611397e-05
1.5802886e-05
0.00082520036
1.601899e-05
1.5940048e-05
1.5818212e-05
1.5903901e-05
1.6038725e-05
1.5818914e-05
1.6073841e-05
1.7621814e-05
1.581085e-05
1.949303e-05
1.5923553e-05
1.5794819e-05
1.5785777e-05
1.5797895e-05
1.6024705e-05
1.5805391e-05
3.8825073e-05
1.5862205e-05
1.596938e-05
1.7966952e-05
1.6059538e-05
0.00090989776
0.00091831023
1.6162857e-05
1.5791867e-05
1.6329533e-05
1.5814714e-05
1.6017875e-05
1.6032947e-05
0.002377111
1.5792402e-05
1.7380515e-05
0.0032722959
1.6092634e-05
1.9066172e-05
1.6041792e-05
1.6026233e-05
1.5930051e-05
1.5984677e-05
1.6171182e-05
1.8579361e-05
1.6068314e-05
0.00087881987
1.6053234e-05
1.5956103e-05
1.5787391e-05
1.5884026e-05
1.6068615e-05
1.6200095e-05
1.589982e-05
1.5921123e-05
1.5854332e-05
1.5965505e-05
1.6038322e-05
1.6062499e-05
1.6082571e-05
1.58222e-05
1.9055422e-05
1.558415e-05
1.5856458e-05
2.0593024e-05
0.0030485466
1.5894877e-05
0.0013951741
0.002333848
3.3117108e-05
1.6268315e-05
1.8612996e-05
2.1719455e-05
1.6114372e-05
1.5874595e-05
1.6052866e-05
1.5784352e-05
1.6100706e-05
1.6492826e-05
1.6236993e-05
0.00086280075
1.6129498e-05
1.8866035e-05
1.5913775e-05
1.6387701e-05
1.6738885e-05
1.607831e-05
0.0015304534
1.6631725e-05
0.00034536402
1.5964836e-05
0.0029364731
1.6090737e-05
1.5935496e-05
1.5804791e-05
1.9411877e-05
0.0028804867
1.7807344e-05
2.1903828e-05
1.6165734e-05
0.0040521027
1.5748012e-05
1.5848671e-05
1.6186965e-05
1.5908115e-05
1.5884104e-05
1.5809637e-05
1.6168835e-05
1.6078865e-05
1.6109102e-05
1.6088134e-05
1.6474218e-05
2.0192194e-05
6.8161344e-05
1.5807444e-05
1.784192e-05
1.9060183e-05
1.5790466e-05
1.582017e-05
1.5885764e-05
1.5951116e-05
1.6450397e-05
1.5793431e-05
1.5945821e-05
0.00019813254
1.5837901e-05
1.9197643e-05
1.6166196e-05
1.580036e-05
8.0213001e-05
1.6837816e-05
1.6019636e-05
1.6052251e-05
0.0025591433
0.0025261059
2.6658969e-05
1.6111958e-05
1.6087805e-05
1.5832455e-05
1.5839137e-05
5.379627e-05
1.5789932e-05
1.9949904e-05
1.918982e-05
1.5816484e-05
0.00066397602
1.6102945e-05
1.5815931e-05
1.6068037e-05
1.5921303e-05
1.5887294e-05
0.00030226389
1.5794554e-05
1.5925719e-05
6.9415446e-05
1.5827026e-05
1.6042837e-05
0.0023531468
1.5883661e-05
1.5997625e-05
1.5790437e-05
1.6294833e-05
1.7578597e-05
1.7022917e-05
1.6787504e-05
1.5833628e-05
1.6029194e-05
1.5884882e-05
1.5821007e-05
1.5960252e-05
1.6036024e-05
1.6051251e-05
1.5996252e-05
1.697766e-05
0.00028532856
1.5927333e-05
1.5916468e-05
2.208983e-05
1.754034e-05
0.002881526
1.6004133e-05
2.5885928e-05
1.603815e-05
1.5897681e-05
1.596145e-05
1.6052289e-05
5.7885793e-05
2.0571145e-05
1.6076475e-05
1.5893168e-05
1.5787639e-05
1.6095417e-05
6.3232838e-05
1.5817096e-05
2.2098497e-05
0.0025663634
1.5789095e-05
1.5875741e-05
1.6183702e-05
1.5871697e-05
1.5802458e-05
1.5799615e-05
1.6118864e-05
1.5949969e-05
1.6175961e-05
1.7788639e-05
1.6055781e-05
1.6043711e-05
1.5801417e-05
1.8140029e-05
1.6154315e-05
1.6334403e-05
0.0019790747
1.6195753e-05
1.5866799e-05
0.00011886182
1.6818952e-05
1.5800892e-05
1.5791938e-05
1.5974461e-05
0.00026423818
1.6000517e-05
1.6046947e-05
1.5980491e-05
1.579038e-05
1.6766878e-05
1.7982755e-05
1.7887287e-05
1.5953396e-05
1.5958872e-05
1.6105163e-05
1.5788457e-05
1.6077855e-05
0.0032659916
4.5385528e-05
1.5999297e-05
1.7554724e-05
1.6595315e-05
3.2368093e-05
0.00085455747
1.5786127e-05
4.1853643e-05
0.0020977196
1.5795795e-05
0.00017178537
0.0024470144
1.5826424e-05
1.8274417e-05
1.5914398e-05
0.0002644541
1.5910082e-05
1.6163805e-05
1.5987551e-05
1.6195961e-05
1.6109165e-05
1.5793591e-05
2.05003e-05
1.5791065e-05
0.002715166
1.6163191e-05
1.603835e-05
0.00013477809
6.504003e-05
1.6009395e-05
3.1998014e-05
1.7078686e-05
1.5795017e-05
1.5795079e-05
2.2448676e-05
1.6069567e-05
1.5902121e-05
0.0023510936
1.5788062e-05
1.5789816e-05
3.7230467e-05
1.9464458e-05
1.6043165e-05
0.004161061
1.5848486e-05
1.6064134e-05
1.6329172e-05
1.7530699e-05
1.9807628e-05
1.5963582e-05
1.5922124e-05
1.6049248e-05
1.58996e-05
1.7013672e-05
2.509473e-05
1.5820466e-05
1.5864394e-05
1.5909435e-05
1.5986647e-05
1.594573e-05
1.6036164e-05
0.0010845316
0.0029291283
1.57865e-05
1.581472e-05
1.6100189e-05
1.579513e-05
1.5905254e-05
2.9160637e-05
1.5814129e-05
0.0017458052
1.5867587e-05
1.6101937e-05
3.0985354e-05
0.002913762
1.6572018e-05
0.00072750519
1.6079728e-05
1.5858879e-05
1.5961506e-05
1.6018017e-05
1.5993159e-05
1.5785625e-05
0.00067654757
1.6047218e-05
0.0016969094
1.6099522e-05
1.6201624e-05
2.2092301e-05
1.6051816e-05
1.6149905e-05
0.00010433048
1.5790457e-05
1.5794376e-05
1.6280758e-05
0.0023316932
1.6093718e-05
1.5887153e-05
1.5811868e-05
1.607155e-05
1.6282798e-05
1.6181649e-05
1.6178169e-05
1.5817103e-05
1.6015595e-05
1.5786614e-05
1.5988803e-05
1.6053404e-05
1.9944389e-05
2.4439914e-05
1.6099094e-05
1.6103843e-05
1.6034593e-05
3.6122767e-05
1.6310894e-05
1.7288737e-05
1.6092762e-05
1.6046368e-05
1.6021055e-05
0.00025993978
1.6105683e-05
1.6055727e-05
1.5925899e-05
0.0034314569
1.5933469e-05
1.5924294e-05
1.6054392e-05
1.5978996e-05
1.5791473e-05
1.6638602e-05
1.6029295e-05
1.5810977e-05
1.6061582e-05
1.8580126e-05
1.7167903e-05
1.6034968e-05
1.6641758e-05
1.5788345e-05
1.6081441e-05
1.6095653e-05
0.0011339167
1.5931447e-05
2.8374488e-05
1.5798764e-05
1.6063953e-05
3.4847041e-05
1.6097042e-05
1.6085378e-05
2.3731883e-05
1.6084812e-05
1.8403143e-05
1.9851038e-05
1.5925292e-05
1.5849008e-05
1.6977013e-05
1.6104911e-05
1.5791899e-05
1.6665733e-05
1.6094703e-05
0.00014763981
1.6116365e-05
1.5795871e-05
0.0011056264
1.6083396e-05
1.5939375e-05
1.5714925e-05
1.6030414e-05
1.6022835e-05
1.6015322e-05
1.5794434e-05
1.5987318e-05
1.579294e-05
0.00077012463
1.7919114e-05
1.9597997e-05
0.00026271935
1.8199465e-05
1.4999908e-05
1.5812304e-05
1.6416993e-05
1.9846697e-05
1.6141658e-05
1.5786783e-05
1.765674e-05
1.6171884e-05
1.5908606e-05
1.6035553e-05
1.6125535e-05
1.6047039e-05
1.7155914e-05
1.5803498e-05
1.5830242e-05
4.0198519e-05
1.840296e-05
1.5831897e-05
1.6034962e-05
1.6099716e-05
1.578908e-05
1.7255226e-05
1.6003847e-05
2.5346906e-05
1.5940822e-05
1.5788959e-05
1.5797201e-05
1.6958277e-05
1.9101888e-05
1.9848286e-05
1.5939675e-05
1.5840484e-05
0.00015426604
1.8238401e-05
1.5935806e-05
0.00029609013
1.730514e-05
4.2214382e-05
1.6096501e-05
1.607898e-05
6.2187256e-05
1.6032293e-05
1.6175808e-05
1.6076857e-05
1.5799407e-05
4.1894746e-05
1.5867269e-05
1.684799e-05
1.5952338e-05
1.5941992e-05
1.5789758e-05
4.0869502e-05
1.6045271e-05
1.5985163e-05
1.6189089e-05
1.5792469e-05
1.5791544e-05
1.5815808e-05
4.7039199e-05
1.590005e-05
1.5879489e-05
3.2984165e-05
1.5898566e-05
1.5809648e-05
1.5863969e-05
1.8431647e-05
0.0005854893
1.5795083e-05
1.5793072e-05
1.6254012e-05
1.5816644e-05
1.5793198e-05
1.5790886e-05
1.6093337e-05
1.88588e-05
1.6006803e-05
1.6016484e-05
0.0014385197
1.6060387e-05
0.00034480363
1.5846018e-05
1.5978223e-05
3.3516066e-05
1.6082789e-05
1.5784571e-05
1.6000189e-05
1.6108562e-05
0.00010636777
1.6051865e-05
1.5822519e-05
1.6067814e-05
1.5871094e-05
1.5992451e-05
1.5893176e-05
1.5895284e-05
1.6026625e-05
1.9314175e-05
1.6229076e-05
1.5855545e-05
1.6079842e-05
1.6046753e-05
1.8602051e-05
0.0024604545
1.6030345e-05
1.5947767e-05
1.5891617e-05
1.6049978e-05
1.5823618e-05
3.7794765e-05
1.5885287e-05
1.5784509e-05
1.5833649e-05
1.5967524e-05
1.9086353e-05
1.6101925e-05
1.6032874e-05
1.5290281e-05
1.5789185e-05
1.5864598e-05
1.6062994e-05
0.00041884984
0.00089910742
1.6080872e-05
1.6125716e-05
1.6995144e-05
1.5816869e-05
0.0024219171
0.0024440902
1.5845864e-05
0.00034326302
1.578442e-05
1.6385856e-05
1.6089869e-05
1.8213811e-05
1.6347696e-05
1.589392e-05
1.5817702e-05
1.5629631e-05
1.5804225e-05
0.0031299451
2.9619136e-05
2.4636614e-05
1.589058e-05
1.5793615e-05
1.5895256e-05
1.583119e-05
1.5893732e-05
1.8523487e-05
0.0029348253
1.6354283e-05
0.00011035855
1.5853342e-05
1.5789014e-05
1.5821366e-05
1.5911188e-05
1.6021221e-05
1.6286478e-05
0.00016964037
1.5792647e-05
1.5901518e-05
1.6305956e-05
1.6038804e-05
1.6195813e-05
1.5971085e-05
1.6091272e-05
1.6146833e-05
1.7301184e-05
1.5791399e-05
1.6111215e-05
1.5786501e-05
1.6033488e-05
1.6102142e-05
1.5888571e-05
1.5911079e-05
4.2164058e-05
1.6251228e-05
0.00066346083
1.578587e-05
1.6150626e-05
1.6060776e-05
1.6243841e-05
2.0484211e-05
1.606422e-05
1.6297795e-05
1.5965422e-05
1.6022475e-05
1.6109779e-05
3.0980581e-05
0.00090105388
1.6532769e-05
1.5964882e-05
1.5941715e-05
1.6231042e-05
1.6269814e-05
1.6123776e-05
1.5988051e-05
7.6403893e-05
1.7616587e-05
0.00099008961
1.5977615e-05
1.579197e-05
1.5852576e-05
1.6030433e-05
0.00028808901
1.58069e-05
1.6107921e-05
1.6100806e-05
1.6046748e-05
1.6038601e-05
1.5994823e-05
1.5787869e-05
1.6036003e-05
1.6103339e-05
1.9289889e-05
2.4754916e-05
1.5851223e-05
1.6123566e-05
1.6071751e-05
1.5810339e-05
1.6109135e-05
1.6160125e-05
1.5963222e-05
1.9268921e-05
1.5918264e-05
1.7034454e-05
1.5785956e-05
1.6104091e-05
1.6078486e-05
1.6082982e-05
1.6084861e-05
2.9220311e-05
0.00021654886
1.6021796e-05
1.6162099e-05
1.5795803e-05
1.5875265e-05
1.6100634e-05
1.6165971e-05
0.0037367947
1.6099599e-05
1.591283e-05
1.5907523e-05
1.6079055e-05
1.7156217e-05
1.605114e-05
1.7593499e-05
1.5842019e-05
1.5919686e-05
1.5898692e-05
1.578947e-05
1.6078257e-05
1.5944695e-05
1.6041266e-05
1.6067344e-05
0.0010515178
1.6060072e-05
1.607696e-05
1.5785888e-05
0.0026506194
1.616359e-05
1.611154e-05
2.3592009e-05
1.5848177e-05
1.6162375e-05
1.5794142e-05
0.001740395
4.7764882e-05
1.6078466e-05
1.5806255e-05
1.5970147e-05
1.607277e-05
1.6008064e-05
1.6004975e-05
1.5889076e-05
1.5905214e-05
1.6040747e-05
4.2098602e-05
1.6036051e-05
1.6385147e-05
1.5829095e-05
0.0029634762
1.580079e-05
4.5175481e-05
1.5799452e-05
1.6071721e-05
1.607364e-05
1.5799205e-05
1.7614126e-05
1.5788377e-05
1.6286986e-05
1.5897893e-05
2.0244694e-05
1.6259018e-05
1.6105176e-05
1.6036212e-05
1.5935844e-05
1.5860355e-05
1.5815095e-05
1.650746e-05
1.5794512e-05
1.5824558e-05
1.6033355e-05
0.00060729183
1.6034472e-05
1.7963161e-05
1.6106168e-05
1.5792487e-05
1.6037753e-05
1.5855856e-05
1.6026338e-05
1.6094858e-05
1.6070991e-05
0.001287713
1.5971166e-05
1.6059581e-05
1.6156037e-05
1.579044e-05
1.5795496e-05
1.591382e-05
1.5859513e-05
1.6025367e-05
1.9200465e-05
1.5877544e-05
0.0008673075
1.596292e-05
2.7452017e-05
1.5803228e-05
1.5789511e-05
1.6107682e-05
1.5790466e-05
1.6751792e-05
1.6590216e-05
1.5840618e-05
1.6221378e-05
1.6142093e-05
1.5812815e-05
1.6196615e-05
2.2324304e-05
1.6060969e-05
1.61766e-05
1.6378085e-05
1.602463e-05
1.5797956e-05
1.6229914e-05
1.6099128e-05
1.5864131e-05
2.0790323e-05
1.5941151e-05
1.582057e-05
1.6227245e-05
4.4079386e-05
1.5921956e-05
1.6090089e-05
1.5932058e-05
1.5999195e-05
1.5973174e-05
1.5941346e-05
1.6171224e-05
1.5842159e-05
1.5989818e-05
1.598299e-05
1.7801189e-05
0.0031575206
1.5790316e-05
1.5917022e-05
1.5864216e-05
1.5813039e-05
1.5869665e-05
1.6059662e-05
2.9729361e-05
1.5966159e-05
1.583709e-05
1.5830258e-05
1.649924e-05
1.6033676e-05
1.7339972e-05
1.5792099e-05
1.7216336e-05
1.5931446e-05
1.5812825e-05
1.6291034e-05
0.0026334707
1.5834188e-05
1.5982581e-05
1.6022559e-05
1.5978557e-05
0.002627883
0.00042221454
5.9237769e-05
1.5996202e-05
1.5961336e-05
1.5812769e-05
0.0031099516
1.6728773e-05
1.5993705e-05
1.8952425e-05
1.5982627e-05
1.5957482e-05
1.6106434e-05
1.614901e-05
1.6149471e-05
1.6116751e-05
1.6038918e-05
1.6316426e-05
1.5967507e-05
1.5896971e-05
1.579406e-05
3.5342262e-05
1.5920211e-05
1.5790606e-05
1.6111964e-05
2.115266e-05
1.6071378e-05
0.0023707159
2.0971527e-05
8.6785058e-05
1.5876526e-05
1.5994878e-05
1.6007087e-05
1.6024161e-05
1.6036456e-05
1.6312519e-05
1.5981243e-05
1.6376441e-05
1.6166168e-05
1.5815306e-05
2.2890887e-05
2.5878885e-05
1.6010411e-05
1.6010183e-05
1.5899332e-05
1.6370873e-05
2.3581426e-05
1.6080197e-05
1.6167322e-05
1.5799387e-05
1.6118572e-05
0.0026970336
1.6033095e-05
1.5938744e-05
0.0013649664
1.6090452e-05
1.788055e-05
1.6080979e-05
1.5797248e-05
5.4192114e-05
4.9523872e-05
0.00011846033
1.5792191e-05
1.5982059e-05
1.8106635e-05
1.6062362e-05
1.868476e-05
1.6108979e-05
1.5828811e-05
1.6094757e-05
0.00028435553
1.6485786e-05
4.4042104e-05
1.6101613e-05
1.5895716e-05
1.6109938e-05
1.6102992e-05
1.6108409e-05
1.6168416e-05
1.7402427e-05
1.6326888e-05
1.5960654e-05
1.6015217e-05
1.625171e-05
1.916407e-05
1.6148235e-05
1.5866301e-05
8.0816251e-05
1.6098647e-05
1.6081579e-05
1.6013367e-05
1.6105632e-05
0.0022333618
1.5970043e-05
1.6040831e-05
1.603299e-05
1.6124826e-05
6.0850814e-05
1.5788058e-05
1.5831002e-05
1.5912141e-05
1.6091696e-05
1.9089378e-05
2.6806788e-05
1.6128906e-05
1.6057304e-05
1.5795411e-05
1.8934708e-05
1.581498e-05
0.00012635901
1.5800355e-05
1.5829143e-05
1.6037458e-05
6.6678996e-05
1.6099702e-05
1.6843114e-05
1.6077201e-05
1.6031242e-05
2.8154914e-05
0.0014861
1.5819814e-05
1.5966528e-05
1.612747e-05
1.5808551e-05
0.00010879897
0.00010874433
0.00010103719
1.6473165e-05
1.6091848e-05
1.579057e-05
1.5977687e-05
4.1484331e-05
1.6711046e-05
1.6064573e-05
1.580861e-05
1.7916744e-05
0.0028837601
1.6141057e-05
1.6930995e-05
0.0022499814
0.0026728297
0.00022510184
1.6229618e-05
1.5993281e-05
1.5799805e-05
1.57895e-05
1.5922393e-05
1.5994122e-05
1.6078168e-05
1.6114816e-05
1.6569913e-05
1.5798284e-05
1.5891885e-05
1.578522e-05
5.6612572e-05
1.5956544e-05
1.5969313e-05
1.6172075e-05
0.00082986721
1.6095989e-05
0.0020295937
1.5981381e-05
3.3882636e-05
1.7182567e-05
1.8491807e-05
1.595316e-05
1.599605e-05
0.00096951472
1.5962916e-05
1.5981942e-05
1.6104737e-05
1.6551333e-05
1.6098679e-05
2.9544479e-05
2.4721176e-05
0.0001391947
0.00022688135
0.000952909
0.0020674725
1.5988092e-05
0.00010553201
3.8395048e-05
1.5925125e-05
1.5979635e-05
1.6087181e-05
0.0044780071
1.5865902e-05
1.6066918e-05
1.6065845e-05
1.6265302e-05
1.5842902e-05
1.5849711e-05
1.6100516e-05
1.5796812e-05
1.5793199e-05
0.0031586423
9.0421959e-05
1.594481e-05
0.0025868619
1.5827325e-05
1.582038e-05
0.0022527571
1.610901e-05
1.8942112e-05
7.3070651e-05
0.0014342322
1.6106593e-05
1.6046956e-05
1.5871447e-05
1.6073172e-05
1.5982875e-05
6.0755993e-05
0.00059327578
1.6051104e-05
1.6756038e-05
0.00067345887
1.6752876e-05
1.6733732e-05
1.6040546e-05
1.6131898e-05
1.8129599e-05
0.0015761015
1.6022384e-05
0.0031215715
1.5859904e-05
1.5892336e-05
1.605383e-05
1.6320197e-05
1.5981448e-05
1.5533593e-05
1.5810871e-05
1.5874055e-05
1.5807761e-05
1.5955985e-05
1.6072903e-05
0.0001425174
1.6004731e-05
1.6050268e-05
1.6152924e-05
1.5790995e-05
0.002493738
1.5841392e-05
0.0003638601
1.6019029e-05
1.6042176e-05
1.7026315e-05
1.7503636e-05
1.925175e-05
1.5942302e-05
0.00040295053
1.5796522e-05
1.5989895e-05
1.6115662e-05
0.0032633899
1.5803238e-05
0.00045215279
0.0011438461
3.5301567e-05
0.002304977
1.6080446e-05
1.5799739e-05
1.5818739e-05
1.587085e-05
1.7121225e-05
1.871268e-05
1.5998989e-05
1.9244473e-05
3.2172503e-05
0.0032976499
1.7712323e-05
1.6111767e-05
1.6976835e-05
1.5910053e-05
1.5802945e-05
1.6025515e-05
0.002668981
1.7474954e-05
0.0019814568
0.00090094406
1.5808305e-05
1.578418e-05
1.5891509e-05
0.0016125816
2.0197671e-05
1.5946232e-05
1.6097157e-05
1.8129549e-05
1.1872478e-05
1.6186092e-05
0.00061276185
3.9260961e-05
1.5987266e-05
1.5865113e-05
1.6070005e-05
1.59734e-05
1.6353578e-05
1.6101317e-05
1.5792629e-05
1.5970876e-05
1.5981272e-05
0.002332318
6.535615e-05
1.611957e-05
1.6064991e-05
1.5879128e-05
2.9751505e-05
1.5855689e-05
1.8142571e-05
1.6476418e-05
3.0979061e-05
1.605307e-05
1.579263e-05
1.651111e-05
1.7088855e-05
1.602038e-05
1.6532349e-05
1.6045096e-05
1.5794515e-05
1.6007772e-05
0.0022246903
1.6112978e-05
1.6040106e-05
1.6098537e-05
0.00093914602
1.6099388e-05
1.6038518e-05
0.0028370247
0.0013875241
1.5897407e-05
1.6156817e-05
1.7689962e-05
1.6118669e-05
1.6067106e-05
9.227209e-05
1.9053784e-05
2.5619916e-05
1.6062161e-05
1.5957879e-05
0.0021562052
1.605047e-05
1.6148167e-05
0.002747166
1.5855906e-05
0.0039302593
1.5804637e-05
0.0031523647
1.5318911e-05
0.00010539235
1.6302955e-05
1.6899632e-05
1.5959868e-05
0.0031463403
1.5794326e-05
1.5843699e-05
1.5842679e-05
1.5973961e-05
1.5997733e-05
1.8364005e-05
1.6081694e-05
1.5810081e-05
1.6393677e-05
1.7047868e-05
1.5788407e-05
0.0024006541
1.5823276e-05
1.5849014e-05
1.6079424e-05
1.6090329e-05
6.0680306e-05
1.5958413e-05
1.6005577e-05
1.5983438e-05
1.865088e-05
1.6152357e-05
1.6153988e-05
1.6053773e-05
4.3265297e-05
1.6506499e-05
1.5996895e-05
1.6032259e-05
1.6080179e-05
1.5986597e-05
1.6084331e-05
1.578533e-05
1.608742e-05
1.6094732e-05
0.00035623209
1.6033744e-05
8.1053862e-05
8.1205793e-05
1.5800688e-05
1.5934982e-05
1.8184076e-05
2.0616014e-05
0.00013896977
0.00013407277
0.0028529366
2.0927497e-05
1.5787429e-05
0.00149452
1.6084673e-05
1.6034619e-05
1.5796139e-05
1.6019998e-05
3.6004854e-05
4.101066e-05
0.00012660677
1.5799628e-05
1.5951993e-05
1.5796711e-05
1.6099731e-05
1.6095638e-05
1.9043247e-05
5.8420265e-05
0.00011324292
1.902332e-05
1.578707e-05
1.57964e-05
1.6027486e-05
1.6061458e-05
1.5836863e-05
0.0027357043
1.6045833e-05
1.6118222e-05
1.5786409e-05
0.00093442649
1.5838909e-05
0.0027034636
1.5788784e-05
1.5945603e-05
1.5940417e-05
0.0021110459
0.0021018339
1.6024266e-05
0.0024463048
1.6098462e-05
1.9263586e-05
1.5798345e-05
1.5891683e-05
1.5960315e-05
0.0005215822
1.5985048e-05
1.5876852e-05
1.6495666e-05
1.5799143e-05
0.00069132792
1.6034428e-05
1.6025666e-05
4.8393065e-05
1.5820844e-05
1.5966816e-05
1.6174791e-05
1.953162e-05
1.5768067e-05
1.5807647e-05
1.5835706e-05
1.5922105e-05
1.6667424e-05
8.1807513e-05
1.596202e-05
1.5815338e-05
1.6074141e-05
1.5892939e-05
0.0032641073
1.5890113e-05
1.6110854e-05
1.5822362e-05
1.579156e-05
1.6061077e-05
1.578694e-05
1.5939564e-05
1.579342e-05
3.4784664e-05
0.00010197315
1.5940778e-05
1.6146102e-05
1.5948628e-05
1.6028106e-05
1.579119e-05
1.5874331e-05
1.8104392e-05
1.6618575e-05
1.7338303e-05
0.0045786466
1.6160013e-05
1.6003269e-05
1.5920241e-05
1.5986806e-05
1.5819974e-05
1.6019804e-05
1.6062841e-05
0.00072015388
6.3039991e-05
4.5253287e-05
6.022277e-05
5.3748642e-05
1.5790154e-05
8.5864282e-05
2.9801896e-05
1.6033842e-05
2.747668e-05
1.5869034e-05
1.5945774e-05
1.5784655e-05
1.5843647e-05
1.6081426e-05
2.1826316e-05
1.5796029e-05
1.579507e-05
1.5823544e-05
1.5848519e-05
0.0010790318
1.5797425e-05
1.6110239e-05
7.9362281e-05
1.624857e-05
1.5968631e-05
1.607382e-05
1.5825398e-05
1.5797415e-05
1.5789675e-05
1.5927268e-05
1.5814947e-05
0.001997488
2.0000867e-05
1.6027295e-05
1.5801391e-05
6.6615089e-05
1.8402391e-05
8.974089e-05
1.5916399e-05
1.6112731e-05
1.6059131e-05
0.0021593778
1.5808589e-05
1.3965949e-05
1.5893697e-05
1.6019851e-05
1.6505193e-05
1.6063519e-05
1.5793957e-05
1.6117033e-05
1.5910058e-05
1.5792092e-05
1.6020323e-05
1.6101696e-05
1.9469107e-05
1.5898506e-05
2.1721096e-05
0.00045592909
1.5944439e-05
1.6067041e-05
1.8405126e-05
1.5797714e-05
1.6183791e-05
1.5789303e-05
1.6035467e-05
1.8867537e-05
0.0024182154
1.6458688e-05
1.6086819e-05
1.5792638e-05
1.5800722e-05
1.6047682e-05
1.6139817e-05
1.6092957e-05
0.0023238712
1.590632e-05
1.5800976e-05
1.6950094e-05
9.4084312e-05
1.6000892e-05
1.5812722e-05
0.0001917052
5.1183139e-05
2.138347e-05
1.6252631e-05
1.5786883e-05
1.5848596e-05
1.6045147e-05
3.4802043e-05
1.6051394e-05
1.7671825e-05
1.5792683e-05
1.5960695e-05
7.2743389e-05
2.119002e-05
1.7036634e-05
1.5856105e-05
1.9868011e-05
1.5902742e-05
1.6035167e-05
1.5857145e-05
1.68357e-05
1.5885558e-05
1.6029312e-05
1.5800738e-05
1.5578317e-05
1.6489078e-05
2.8633167e-05
3.7752131e-05
2.5655481e-05
1.6112422e-05
1.6299629e-05
2.4636769e-05
1.5939626e-05
1.7303224e-05
1.5862661e-05
1.5831634e-05
1.6170127e-05
1.5815433e-05
1.583399e-05
1.5861687e-05
0.0034719953
1.5915948e-05
1.5858259e-05
1.6004853e-05
1.5832095e-05
1.5975631e-05
1.7595893e-05
1.6099377e-05
1.7122768e-05
1.5866054e-05
0.0017999309
1.6152064e-05
1.6694143e-05
1.7397798e-05
1.5794134e-05
1.5976854e-05
1.6060612e-05
1.6189025e-05
1.5971853e-05
1.5854961e-05
1.6136788e-05
1.5809899e-05
1.5909907e-05
1.6100015e-05
1.5902369e-05
1.5799388e-05
3.981093e-05
1.6055785e-05
1.6033477e-05
2.1069361e-05
1.6059402e-05
1.6012427e-05
1.6032498e-05
1.5928805e-05
1.5825025e-05
4.255986e-05
2.0824755e-05
2.244307e-05
1.6195669e-05
1.7012205e-05
2.0304209e-05
1.6111364e-05
0.002318937
1.6844938e-05
1.608628e-05
4.3792669e-05
1.614257e-05
1.59671e-05
2.4942232e-05
1.6128455e-05
0.0028998683
1.6036449e-05
2.0930433e-05
0.002379631
1.5997931e-05
1.6431051e-05
0.0012237199
0.00013349291
1.5788099e-05
1.6028283e-05
1.5932124e-05
1.5985583e-05
1.5800296e-05
1.5858092e-05
1.6043882e-05
1.654128e-05
1.5941913e-05
0.0014862273
1.6072539e-05
1.5841559e-05
6.5087227e-05
1.6063805e-05
0.00063081786
0.00010986365
1.6192887e-05
1.5793074e-05
1.5790474e-05
2.8660577e-05
1.8075941e-05
1.5799125e-05
0.0001812957
1.6046508e-05
0.00011204203
1.8140982e-05
1.604059e-05
1.6102795e-05
0.00020893651
1.6032861e-05
1.5916612e-05
1.5866134e-05
0.00187362
1.5790745e-05
1.583366e-05
2.9475167e-05
2.9625916e-05
1.6100271e-05
1.6542257e-05
1.5802978e-05
5.4216359e-05
1.6018531e-05
1.6042509e-05
1.7322786e-05
0.0001174095
0.002573018
1.605239e-05
3.4920424e-05
1.5802978e-05
2.6595847e-05
1.6709378e-05
1.5807778e-05
1.6025143e-05
1.5943873e-05
1.6131051e-05
1.6041758e-05
8.9152223e-05
1.5793983e-05
1.5908579e-05
1.6682491e-05
1.5790844e-05
0.0022635181
2.5122222e-05
1.6036413e-05
1.5799657e-05
0.00053911344
1.5909391e-05
2.0902655e-05
1.6069804e-05
1.5880839e-05
1.5844207e-05
1.5906066e-05
1.583021e-05
1.9296903e-05
1.6123687e-05
1.5900877e-05
0.0044525654
2.4493692e-05
1.6098609e-05
1.5823646e-05
0.0037216262
1.5790389e-05
1.6093016e-05
0.0033670935
1.6038185e-05
1.6210337e-05
1.5784524e-05
1.5982774e-05
1.5645641e-05
1.5974845e-05
1.6329136e-05
1.585683e-05
1.5894111e-05
1.6082275e-05
0.0031503693
1.6003081e-05
1.6000168e-05
1.1454065e-05
1.6038792e-05
1.8766804e-05
1.6658462e-05
1.6198379e-05
0.00099382443
1.579789e-05
1.6217269e-05
1.5927074e-05
1.6179073e-05
1.6037057e-05
1.6128704e-05
1.6023147e-05
1.6033611e-05
1.6131144e-05
6.0447546e-05
3.1101753e-05
1.569527e-05
3.7636994e-05
1.5950623e-05
1.5945092e-05
1.8517905e-05
1.5956474e-05
1.5843648e-05
4.5234858e-05
1.6067185e-05
0.00014252283
1.6045366e-05
1.602197e-05
1.5946954e-05
1.5796105e-05
0.0016449453
1.6126514e-05
1.6391145e-05
1.5793911e-05
5.6618869e-05
6.7666919e-05
2.1130537e-05
1.6093009e-05
2.1257389e-05
1.6059146e-05
1.9116652e-05
1.5904372e-05
1.5831971e-05
1.6016771e-05
1.5811044e-05
0.00012937359
1.5952286e-05
1.6199904e-05
2.9891126e-05
1.5798275e-05
1.6037683e-05
1.5793259e-05
1.5926897e-05
1.6270774e-05
0.0018494601
1.5999405e-05
1.6003825e-05
1.5889176e-05
1.596762e-05
1.5795565e-05
1.5845188e-05
1.5972066e-05
1.6288284e-05
4.9932671e-05
1.6849782e-05
1.6000261e-05
1.6279556e-05
4.6399942e-05
1.5996707e-05
1.5797078e-05
0.0023229563
1.5920376e-05
1.6634578e-05
1.5788098e-05
1.5878271e-05
3.0042392e-05
1.609182e-05
2.5348599e-05
1.5864668e-05
2.1268083e-05
1.7567653e-05
0.0031371102
1.6333558e-05
2.8902102e-05
1.6288877e-05
1.5796451e-05
1.5943753e-05
2.4278802e-05
1.6108359e-05
3.3230901e-05
1.7014841e-05
1.8950377e-05
1.6133808e-05
1.5831596e-05
1.5822879e-05
1.581193e-05
1.6067099e-05
3.9122559e-05
1.6087212e-05
9.9944655e-05
1.5803254e-05
1.8328172e-05
1.586172e-05
1.5804743e-05
0.0026269712
0.00023390393
1.5792668e-05
1.6034354e-05
2.3767216e-05
1.5795493e-05
1.6014077e-05
1.9312049e-05
1.6010787e-05
1.5804055e-05
1.5920458e-05
1.5957895e-05
1.5930209e-05
1.8547536e-05
7.038313e-05
0.0023096966
1.5956857e-05
1.6058277e-05
1.5836596e-05
0.0042084439
1.6254413e-05
1.6155637e-05
0.0023846595
1.6196404e-05
0.0023570452
1.57925e-05
1.6134996e-05
1.6063529e-05
1.6152525e-05
1.6096466e-05
3.0704824e-05
1.5895108e-05
0.0032413328
1.5900811e-05
1.5876274e-05
1.6076142e-05
1.5915359e-05
0.0029925804
1.5792788e-05
2.206295e-05
1.5831385e-05
1.6032357e-05
1.6056698e-05
1.6100654e-05
1.6444588e-05
1.6085079e-05
1.6117033e-05
1.8530271e-05
1.5994121e-05
2.5484435e-05
1.5801261e-05
2.3513947e-05
1.5961093e-05
0.0023033004
1.587816e-05
1.9940847e-05
1.5802785e-05
1.5785915e-05
1.6030498e-05
1.9805086e-05
1.5888422e-05
1.6031314e-05
0.00010796538
2.265137e-05
1.5835954e-05
1.5815347e-05
0.0010183132
3.5405389e-05
1.5837566e-05
1.5797952e-05
1.5882481e-05
5.6139508e-05
1.5898002e-05
0.00060543181
1.5938094e-05
1.620873e-05
1.7035067e-05
1.6060801e-05
1.6104156e-05
1.5991586e-05
1.612673e-05
1.6006966e-05
1.8170378e-05
1.5788961e-05
1.6009956e-05
1.6167456e-05
3.5029169e-05
1.8123317e-05
1.7320837e-05
1.631313e-05
1.5817327e-05
1.96386e-05
1.5797272e-05
1.6037735e-05
1.8597343e-05
0.0018547567
5.3590824e-05
7.5431738e-05
1.6040973e-05
1.6021904e-05
1.5790026e-05
1.7686251e-05
5.6191171e-05
1.627807e-05
1.6006422e-05
1.5842736e-05
3.6650616e-05
2.4146128e-05
1.6103442e-05
6.3994736e-05
2.4356882e-05
4.8941615e-05
1.6680083e-05
1.6192371e-05
0.00097687975
1.5796413e-05
1.7020477e-05
3.7223012e-05
1.5977936e-05
1.6004312e-05
1.5784413e-05
1.5908415e-05
1.5793177e-05
1.5826062e-05
1.6038301e-05
0.0041150608
1.5820848e-05
1.6194467e-05
1.5794504e-05
1.6037128e-05
1.5793378e-05
1.6117641e-05
0.0032740371
1.6109384e-05
1.5997769e-05
0.00025081203
1.8618443e-05
1.6375904e-05
1.5952327e-05
1.6104174e-05
1.6607631e-05
1.6095686e-05
1.6192882e-05
0.0026330962
1.5871846e-05
1.5790106e-05
1.9635132e-05
2.0302444e-05
1.5934641e-05
0.00023981868
1.8184349e-05
1.5996404e-05
1.6569663e-05
1.5234728e-05
1.6022871e-05
1.8109696e-05
2.3981738e-05
1.5837891e-05
1.5976125e-05
1.9352753e-05
3.3207278e-05
1.5957475e-05
2.562484e-05
1.584046e-05
1.6817547e-05
1.6095442e-05
1.6069691e-05
0.00083387294
8.9595836e-05
1.5788225e-05
1.6163821e-05
5.4905135e-05
0.0028665451
1.2660604e-05
1.6090153e-05
1.6099707e-05
1.6075304e-05
1.5845334e-05
1.6002393e-05
1.5902013e-05
1.5785505e-05
1.6346206e-05
1.5866128e-05
1.6002711e-05
5.3034048e-05
1.6036636e-05
1.5856402e-05
0.0030423658
1.6102632e-05
2.4952592e-05
1.6042967e-05
1.5801308e-05
1.5923754e-05
1.5804205e-05
1.5802581e-05
1.6074619e-05
1.6100398e-05
8.7833571e-05
1.6037429e-05
1.5990145e-05
1.5968339e-05
1.5800958e-05
7.8375951e-05
1.5966704e-05
1.9269541e-05
2.1767581e-05
2.1942748e-05
4.73007e-05
1.610577e-05
1.6105194e-05
2.2096232e-05
1.6092602e-05
1.5922413e-05
1.5833759e-05
0.0019852462
2.2247903e-05
1.6467983e-05
3.5540135e-05
1.5895605e-05
2.7103504e-05
2.2436948e-05
1.5899191e-05
1.5818517e-05
7.741321e-05
1.6504819e-05
1.6057858e-05
1.6048149e-05
1.6037179e-05
2.2583777e-05
1.6518913e-05
1.579067e-05
1.6002096e-05
1.5804938e-05
2.2776235e-05
2.3330057e-05
1.6422454e-05
2.2862224e-05
3.0958675e-05
2.0624935e-05
2.3020655e-05
1.6169837e-05
2.3158057e-05
1.6052758e-05
3.7356894e-05
1.6033087e-05
1.5793426e-05
1.5844856e-05
2.3300152e-05
1.7708475e-05
1.6042402e-05
0.0031418604
0.00052242367
1.6327316e-05
1.5947884e-05
1.5792553e-05
1.6028298e-05
1.5793934e-05
1.5789096e-05
1.5966347e-05
0.0010395588
1.781095e-05
2.1588403e-05
1.5797383e-05
1.5908175e-05
1.6015385e-05
0.0022076233
2.9165402e-05
0.00016498612
0.00206155
1.6066326e-05
0.00054182319
1.6490117e-05
1.5990185e-05
1.9087297e-05
1.6020655e-05
1.6099031e-05
3.1027325e-05
1.5824041e-05
2.3520537e-05
2.7897901e-05
0.003309258
1.651192e-05
1.5953027e-05
1.5792695e-05
1.5787724e-05
1.5791313e-05
1.8143679e-05
1.5819304e-05
1.6178006e-05
1.5827291e-05
1.5799317e-05
1.5996961e-05
2.4359954e-05
1.6036456e-05
1.9551889e-05
1.6033668e-05
1.588747e-05
1.5792588e-05
1.7599386e-05
1.5793878e-05
1.6780677e-05
0.0026307323
1.6107548e-05
1.5860732e-05
2.0592658e-05
1.6515553e-05
0.0011068411
1.6094601e-05
1.5796654e-05
1.6552257e-05
1.5788451e-05
1.6353348e-05
1.6197867e-05
1.6105001e-05
1.6012245e-05
1.6078923e-05
1.5833444e-05
1.5794223e-05
1.9251082e-05
1.5904617e-05
0.0018504394
1.6254774e-05
2.4641607e-05
1.623035e-05
1.6109976e-05
1.8713571e-05
1.7003208e-05
1.6172908e-05
5.3863161e-05
1.5984642e-05
1.5798252e-05
0.0020373312
0.0012497122
1.5805675e-05
1.5988248e-05
1.5793899e-05
1.6043948e-05
1.5887797e-05
4.2763325e-05
1.6102818e-05
3.0477113e-05
1.6376893e-05
1.5795711e-05
0.00054132672
1.602724e-05
0.0014612931
1.595368e-05
3.9264061e-05
1.760849e-05
2.694057e-05
1.6110541e-05
1.5909964e-05
1.6133816e-05
1.6102319e-05
0.001238899
3.4310264e-05
0.0034381402
1.5926825e-05
0.00098836775
1.6031875e-05
1.5800084e-05
1.6007845e-05
1.6036327e-05
1.5843125e-05
0.0036855958
0.00050249038
1.6036716e-05
0.00010136113
1.6050507e-05
1.599622e-05
1.6080993e-05
4.6615507e-05
1.601619e-05
1.9057023e-05
6.8159767e-05
1.582473e-05
8.1670113e-05
1.6223099e-05
0.00074710456
3.0111341e-05
1.5887988e-05
1.6107432e-05
1.5995209e-05
1.5819896e-05
0.0028475206
1.6123765e-05
1.5946315e-05
1.6121633e-05
1.6095323e-05
1.5808262e-05
6.0826669e-05
1.5809178e-05
1.6116133e-05
1.6033353e-05
0.0025056666
0.0024957306
1.578512e-05
1.5805211e-05
0.00066062039
3.3411514e-05
1.5786647e-05
1.5790218e-05
1.6624733e-05
1.6065689e-05
1.6059118e-05
0.0039912758
1.6075441e-05
1.5971901e-05
0.0023859538
0.0022252581
1.6016629e-05
0.002321977
2.1109013e-05
1.606145e-05
1.57887e-05
1.9842577e-05
0.00019458644
1.5847509e-05
1.7908295e-05
2.0146101e-05
6.4133218e-05
1.5797953e-05
1.6046106e-05
1.6131508e-05
1.7598349e-05
1.6084893e-05
1.6183083e-05
1.6071484e-05
1.6051268e-05
1.6140209e-05
1.6118042e-05
1.6629121e-05
4.447301e-05
3.4161597e-05
0.00046418223
1.5795006e-05
0.0032603237
1.5899058e-05
1.5799768e-05
1.5824815e-05
1.6021483e-05
1.591018e-05
1.6115294e-05
0.00054290298
8.7552802e-05
1.702378e-05
1.9200637e-05
1.7764142e-05
2.3610733e-05
0.0029045543
9.2474167e-05
1.6124957e-05
1.6174981e-05
1.603395e-05
3.2178348e-05
2.8245328e-05
1.6057746e-05
1.6459358e-05
0.0031346042
0.0004173553
1.5792393e-05
1.6191843e-05
1.5806866e-05
1.600302e-05
1.6018661e-05
4.6514792e-05
1.6156486e-05
1.6388122e-05
1.6607551e-05
0.00059297404
1.5992943e-05
1.6024044e-05
1.5984542e-05
1.6004298e-05
3.628784e-05
1.5828392e-05
1.5821656e-05
1.6133335e-05
2.8984666e-05
1.5927248e-05
0.00013753714
1.6294076e-05
0.00019481332
1.603271e-05
1.5794279e-05
4.7130783e-05
2.3007497e-05
1.5837809e-05
5.1142149e-05
0.00034527743
2.5093138e-05
1.6105183e-05
1.6061324e-05
0.0020424013
1.6125269e-05
0.0048282588
1.7335749e-05
1.8683121e-05
1.5988179e-05
3.7608299e-05
1.5790457e-05
5.0419864e-05
1.6098865e-05
1.5805047e-05
4.5559818e-05
1.803131e-05
2.5365247e-05
1.5832472e-05
1.6028614e-05
3.3250981e-05
3.0725513e-05
1.6094337e-05
1.6005499e-05
0.0028930511
9.1572942e-05
5.9149412e-05
1.5793703e-05
0.00044251731
4.5575086e-05
1.58013e-05
1.709852e-05
2.6778369e-05
1.5903365e-05
1.6056799e-05
1.9164446e-05
1.6094301e-05
0.0024438847
1.603857e-05
1.6152587e-05
1.6525049e-05
1.5971102e-05
1.2831967e-05
1.6070609e-05
1.5965847e-05
1.5810547e-05
1.5835677e-05
1.9057835e-05
0.0022001188
1.6077825e-05
1.6607275e-05
1.6053031e-05
1.6122998e-05
1.604906e-05
1.596037e-05
1.9063514e-05
1.6020687e-05
1.5792041e-05
1.5830577e-05
1.6567898e-05
1.9709575e-05
2.2879865e-05
0.0001117072
1.6077697e-05
1.5799481e-05
1.2388692e-05
1.6308353e-05
2.7444133e-05
3.4322511e-05
1.7062058e-05
1.5801417e-05
1.6026577e-05
0.00077122338
1.8874781e-05
1.5894023e-05
1.7762955e-05
1.5844601e-05
1.7699598e-05
1.5807354e-05
1.5809625e-05
1.580853e-05
1.6126988e-05
1.6029416e-05
1.9058107e-05
0.00019781371
4.4171326e-05
1.5793893e-05
1.6868878e-05
1.5787224e-05
1.5796595e-05
0.0011898868
0.00028767472
1.5803955e-05
1.6932349e-05
4.4974888e-05
1.5886049e-05
1.6294432e-05
1.5802669e-05
1.5787205e-05
1.6039727e-05
1.5928144e-05
0.0019797932
0.0016710302
1.3084969e-05
1.580415e-05
1.6231938e-05
3.4186057e-05
0.00013003826
1.5814686e-05
1.6194559e-05
0.0027442806
0.0027772952
2.2619836e-05
1.5990173e-05
1.590793e-05
1.5813519e-05
1.5814593e-05
5.9378888e-05
1.5792281e-05
1.603861e-05
1.5983163e-05
1.5906632e-05
1.6089488e-05
1.6132135e-05
1.5867238e-05
0.0014456292
5.138627e-05
1.579198e-05
0.001415834
5.495265e-05
0.0036433607
1.6136485e-05
2.4083329e-05
4.1063171e-05
1.580337e-05
1.5789608e-05
1.6119122e-05
1.6076589e-05
1.607874e-05
4.9883607e-05
2.9234395e-05
1.5803065e-05
1.5985531e-05
2.3365499e-05
1.605931e-05
1.6059168e-05
1.5786108e-05
1.6044353e-05
1.5945431e-05
1.5970833e-05
1.6081495e-05
1.5807312e-05
5.6041642e-05
2.0373019e-05
1.6223369e-05
1.5798807e-05
1.60212e-05
1.5820233e-05
1.592006e-05
1.6075939e-05
1.5984508e-05
1.603567e-05
1.5808017e-05
1.5805691e-05
1.5788292e-05
2.9645892e-05
1.5896985e-05
1.6041785e-05
1.6017099e-05
1.6154464e-05
1.7540068e-05
1.5794724e-05
1.6057992e-05
1.9515032e-05
1.6091418e-05
1.5832541e-05
0.0010935611
1.6100984e-05
0.00093418229
1.5791551e-05
1.5802889e-05
0.0033250994
0.00018471025
0.00059478003
1.5930266e-05
1.6176272e-05
1.6068737e-05
1.6074522e-05
1.7212551e-05
0.003277633
0.0032828577
1.594027e-05
1.7275604e-05
6.8110633e-05
0.0023212847
1.6241702e-05
1.5833413e-05
1.5820528e-05
1.5994062e-05
2.7776583e-05
1.5931772e-05
1.6079517e-05
1.5828825e-05
2.1888035e-05
1.5978954e-05
2.2902604e-05
1.590206e-05
1.6107548e-05
1.6025401e-05
1.5971216e-05
3.571426e-05
1.6045981e-05
0.00059310278
2.4328416e-05
0.0010774467
1.6047655e-05
1.5946686e-05
1.5814565e-05
1.6095485e-05
1.6011312e-05
1.7597437e-05
2.5432988e-05
1.6036808e-05
1.5864237e-05
0.00010125395
1.6087242e-05
1.6015341e-05
3.6476656e-05
1.4280998e-05
4.7092507e-05
4.9524301e-05
1.6032737e-05
0.0011119755
1.650801e-05
0.0023211586
1.6100421e-05
1.5953929e-05
1.617773e-05
1.6024536e-05
1.6171663e-05
1.5798941e-05
0.0016569587
4.2763789e-05
1.6014674e-05
0.001987152
1.5913377e-05
1.6110604e-05
1.5801609e-05
1.5803751e-05
1.5801152e-05
1.6015439e-05
1.5931593e-05
1.6132189e-05
1.6024161e-05
1.595107e-05
3.9963469e-05
0.0028154233
1.9799992e-05
2.9456554e-05
1.6039003e-05
1.6014512e-05
1.5956195e-05
2.3972336e-05
1.6108188e-05
1.582762e-05
1.6878541e-05
1.6068753e-05
1.7156146e-05
1.6020335e-05
1.5919744e-05
0.0021918372
1.6050218e-05
8.2350446e-05
3.7607935e-05
1.6050053e-05
4.9047596e-05
1.5789611e-05
1.8402933e-05
2.2319238e-05
8.1314358e-05
1.6047967e-05
1.5854216e-05
1.5945665e-05
1.6127273e-05
1.5965257e-05
1.5832734e-05
1.6435613e-05
4.6067152e-05
1.583147e-05
1.5898476e-05
1.5803879e-05
1.9779639e-05
3.0171756e-05
0.0014575213
1.6070178e-05
4.3820183e-05
1.601127e-05
1.6191253e-05
3.9914491e-05
4.7017355e-05
1.8369751e-05
4.8596347e-05
1.5793503e-05
0.0032625879
4.9934544e-05
1.6051986e-05
0.0028512826
1.6009958e-05
1.6186528e-05
1.6057307e-05
1.5867887e-05
1.6104795e-05
1.6168642e-05
0.0016732273
5.035057e-05
1.8372748e-05
1.6042643e-05
1.5884081e-05
1.6151485e-05
1.59882e-05
1.6113721e-05
1.6217071e-05
1.5793008e-05
1.6057262e-05
3.9038087e-05
1.7466308e-05
4.43126e-05
1.6643843e-05
1.5834606e-05
1.5933212e-05
1.5805598e-05
1.6135e-05
1.5884894e-05
1.5857834e-05
1.8013904e-05
0.0013811573
1.5796711e-05
1.5952996e-05
1.5975635e-05
1.5842376e-05
1.5787871e-05
1.5619912e-05
1.5822835e-05
2.1392232e-05
1.6094137e-05
1.6765884e-05
1.5963535e-05
1.6100454e-05
1.594885e-05
0.0014872324
3.7764022e-05
2.9880444e-05
4.2396196e-05
1.6079254e-05
2.311317e-05
1.5790363e-05
1.8158759e-05
1.5794505e-05
1.6065189e-05
1.5795747e-05
1.8559835e-05
1.6327714e-05
1.5804878e-05
1.9505988e-05
0.0021824672
1.5879094e-05
1.6146389e-05
1.609586e-05
1.6197573e-05
1.5818874e-05
2.2924273e-05
3.4908769e-05
1.5917745e-05
1.6034016e-05
1.6011302e-05
1.5839408e-05
1.6057779e-05
1.6029302e-05
2.1891091e-05
0.00010648937
1.6055101e-05
2.6934529e-05
1.5788853e-05
1.6060382e-05
1.5889498e-05
1.6068581e-05
0.0023214622
0.00012658052
1.596068e-05
4.1491357e-05
1.5784924e-05
1.6106164e-05
1.6587246e-05
1.608441e-05
1.5842926e-05
1.5904885e-05
6.0931939e-05
1.6049152e-05
2.0314332e-05
1.6085404e-05
0.0017364215
1.6045443e-05
1.6070848e-05
4.3279739e-05
1.5971759e-05
1.5788847e-05
2.2044938e-05
1.5791011e-05
1.9708319e-05
5.9385323e-05
1.8297435e-05
1.5973649e-05
1.5802178e-05
2.2741064e-05
1.5964014e-05
1.5803371e-05
1.5982876e-05
4.1462664e-05
0.0013089182
1.5952487e-05
1.579404e-05
1.6031222e-05
1.5997646e-05
1.6096051e-05
0.0022105886
1.5817989e-05
1.6153941e-05
1.5790908e-05
1.5994677e-05
1.8198174e-05
0.00035549272
2.3949717e-05
1.5788082e-05
2.27466e-05
1.6872637e-05
1.6014076e-05
2.3871267e-05
1.6073971e-05
1.6005983e-05
1.6114057e-05
1.5796041e-05
3.11484e-05
1.7024393e-05
1.6146456e-05
1.6087097e-05
1.6025287e-05
0.00060990287
0.0032719004
1.5795928e-05
1.5792204e-05
1.5956816e-05
1.5787002e-05
2.7146487e-05
6.8628767e-05
4.2910807e-05
1.7262968e-05
3.7252411e-05
1.6109461e-05
1.6019988e-05
2.028397e-05
0.00098325705
1.5935451e-05
1.6057482e-05
1.6048781e-05
1.6012779e-05
3.6872447e-05
1.6042318e-05
1.5830751e-05
0.0026460727
2.5294587e-05
2.1125745e-05
0.00011846435
1.6107766e-05
2.1780268e-05
1.6025002e-05
4.5453407e-05
5.3633798e-05
1.6074654e-05
1.9972717e-05
0.0031385691
1.6010903e-05
1.6455868e-05
4.2777288e-05
0.00050741854
0.00079503637
1.5921511e-05
1.6033242e-05
0.00083786837
1.5833753e-05
1.5799716e-05
1.5879131e-05
0.0016252488
1.602089e-05
2.0250568e-05
0.0019248644
1.5801985e-05
1.588517e-05
6.0415628e-05
1.5813752e-05
1.6093385e-05
1.6089825e-05
1.6936361e-05
0.00011524693
0.00011879451
5.9409837e-05
0.0010193813
0.0015201835
1.5872115e-05
1.6042055e-05
1.6101339e-05
1.6103348e-05
1.6095614e-05
1.6093134e-05
1.8579596e-05
1.6028919e-05
2.2794435e-05
2.3117819e-05
1.5791498e-05
6.3978999e-05
1.605336e-05
1.6047665e-05
1.6041317e-05
1.6066628e-05
1.579102e-05
4.755294e-05
1.6038879e-05
1.606365e-05
1.5833599e-05
1.6101563e-05
4.5420706e-05
1.5980691e-05
1.6482866e-05
1.6061397e-05
1.6068206e-05
1.6055478e-05
1.621018e-05
1.5977011e-05
1.6107179e-05
1.6062517e-05
1.5876966e-05
0.0009788851
1.5814541e-05
0.0026260738
1.6053388e-05
1.8676467e-05
3.3793667e-05
1.578637e-05
1.8883828e-05
1.9373603e-05
1.6075247e-05
2.4450291e-05
1.6070709e-05
3.9374127e-05
1.5973605e-05
1.6365667e-05
1.7516519e-05
1.6967637e-05
1.5794643e-05
1.6095145e-05
4.9084473e-05
1.5799498e-05
1.5825183e-05
0.0011191899
2.1455808e-05
1.5912906e-05
1.5783938e-05
7.8014428e-05
2.0695673e-05
1.6002361e-05
0.00024625689
1.5927538e-05
1.6034723e-05
1.6767685e-05
5.4248881e-05
1.6547882e-05
1.6061623e-05
1.5805488e-05
3.6859679e-05
1.6477843e-05
1.5847393e-05
1.7574647e-05
0.00034399073
0.0019942684
1.5384368e-05
0.00061574529
3.9036657e-05
1.598424e-05
1.6009605e-05
2.5599675e-05
0.0016208641
1.6031945e-05
1.6153474e-05
1.5801656e-05
1.2564389e-05
2.3393628e-05
1.6810816e-05
1.605938e-05
2.2239163e-05
1.6048501e-05
3.4592034e-05
1.5794508e-05
1.6020165e-05
1.6048727e-05
1.6709543e-05
1.5911439e-05
1.593586e-05
1.6082712e-05
1.6124677e-05
1.6038253e-05
0.0017242063
0.0016911691
1.5819946e-05
1.6156568e-05
9.0306678e-05
0.00014802107
1.6443132e-05
1.8196559e-05
1.6485808e-05
8.5795901e-05
1.5791339e-05
9.7789101e-05
1.7402288e-05
1.5846818e-05
0.00076925993
1.5878313e-05
1.1946419e-05
1.6902092e-05
1.6067841e-05
1.6066761e-05
1.5795698e-05
7.9163482e-05
1.6030204e-05
1.5867532e-05
4.3092385e-05
1.5892781e-05
1.8046434e-05
1.5823295e-05
0.0019545855
1.6087558e-05
1.6057686e-05
1.5960552e-05
1.5787253e-05
0.0031463739
1.9298033e-05
2.2005793e-05
2.5357877e-05
6.1196374e-05
1.5841566e-05
1.6023246e-05
1.5993398e-05
5.4138423e-05
1.5854662e-05
2.2151177e-05
1.5919695e-05
1.6148097e-05
1.5819283e-05
1.603245e-05
1.6056022e-05
0.00068025277
1.5794796e-05
1.5919266e-05
1.605626e-05
1.6037528e-05
1.6051584e-05
1.9341572e-05
3.8331506e-05
1.6148411e-05
1.5956251e-05
1.5972439e-05
0.0027683878
7.1144179e-05
8.278885e-05
1.9964169e-05
1.4645075e-05
1.588853e-05
1.6013579e-05
0.00028774743
1.7874768e-05
1.6304243e-05
1.6178996e-05
1.6109458e-05
0.0016333396
0.001603883
1.5803012e-05
0.00010178677
1.6059229e-05
1.5922482e-05
1.5884897e-05
1.9034074e-05
0.00016333443
1.604808e-05
0.0011011557
0.0022892718
1.6629311e-05
3.7154332e-05
1.578466e-05
2.0143961e-05
0.0030277132
1.5951121e-05
1.7200136e-05
1.613197e-05
2.1998132e-05
1.5864687e-05
1.5825299e-05
1.6176996e-05
2.6595767e-05
2.1825954e-05
1.6017207e-05
1.599023e-05
1.5834473e-05
1.60574e-05
1.7264802e-05
1.8583689e-05
1.9552766e-05
1.5790068e-05
1.6109895e-05
1.5974011e-05
1.579941e-05
1.632318e-05
1.5967458e-05
1.5927573e-05
1.5907605e-05
1.5786714e-05
0.00017206371
1.6011905e-05
1.6560635e-05
1.7231857e-05
1.602132e-05
0.0033030459
1.5327692e-05
1.5793203e-05
1.6109606e-05
0.0013775658
1.6111848e-05
1.6478551e-05
1.8862112e-05
0.0029119171
1.6007697e-05
1.5786678e-05
0.0029882085
2.0795348e-05
1.585169e-05
1.88657e-05
1.5928866e-05
1.5790329e-05
0.00105347
2.7452238e-05
1.590933e-05
1.5863979e-05
1.5793907e-05
1.5884198e-05
1.5891329e-05
1.8909316e-05
0.0013909752
1.5799234e-05
1.7899288e-05
1.8054037e-05
1.6128364e-05
1.6183254e-05
1.8492457e-05
1.6408794e-05
4.2594757e-05
0.0029668191
2.2383256e-05
2.9996068e-05
1.6055892e-05
1.930897e-05
1.5786912e-05
1.616367e-05
1.5792321e-05
1.9181042e-05
1.5890659e-05
1.5903819e-05
1.5386507e-05
1.580587e-05
1.5949765e-05
0.00051270081
1.6024174e-05
0.001670876
1.5819345e-05
1.6077625e-05
9.8953169e-05
8.1287769e-05
1.5789554e-05
1.5789383e-05
1.7718418e-05
1.8694319e-05
1.6316658e-05
1.9384487e-05
1.5796084e-05
3.6335383e-05
0.001038457
1.6078307e-05
1.6095565e-05
1.6223515e-05
1.9422535e-05
1.6178225e-05
1.5227417e-05
0.00022626155
1.6098417e-05
0.0030228008
1.6092693e-05
1.6053897e-05
1.6955218e-05
3.8291669e-05
1.5879057e-05
1.621696e-05
1.6014974e-05
1.6509287e-05
1.6107385e-05
2.306274e-05
0.00049902487
0.00049983667
1.75103e-05
1.6956431e-05
1.6089434e-05
0.00027011581
1.5806272e-05
1.578909e-05
0.0023650722
1.5970325e-05
1.5316416e-05
2.1120942e-05
1.7263472e-05
1.5785769e-05
1.5277264e-05
1.5900699e-05
1.5793905e-05
0.0031493672
3.5508275e-05
1.6079595e-05
2.8214542e-05
1.6282123e-05
4.5135208e-05
1.6039511e-05
1.8006779e-05
1.5793801e-05
1.3702397e-05
1.6559924e-05
2.1382518e-05
1.5802742e-05
1.6256684e-05
1.6304152e-05
1.6023259e-05
2.0799928e-05
1.6500709e-05
5.8620548e-05
1.6078262e-05
1.9967165e-05
0.0025499159
1.7300525e-05
1.5955887e-05
0.00010267231
1.5984006e-05
1.6281328e-05
1.6002827e-05
1.5802626e-05
1.7303367e-05
1.5794809e-05
1.8649606e-05
6.0887953e-05
1.6036938e-05
1.6039929e-05
3.6150715e-05
2.6854608e-05
1.5805526e-05
1.5904119e-05
1.6082921e-05
1.5862357e-05
1.6098833e-05
1.6143587e-05
5.4296858e-05
0.0024641637
1.5806825e-05
2.0139843e-05
1.5793686e-05
1.6110189e-05
0.00022663172
1.6435904e-05
1.6276909e-05
1.5803154e-05
1.5812443e-05
1.5797403e-05
1.5850218e-05
0.002074117
1.6765877e-05
2.8318391e-05
2.8334029e-05
1.5795275e-05
1.6105781e-05
1.6073959e-05
1.5696059e-05
1.6413984e-05
1.6098828e-05
1.5816114e-05
0.00013400334
1.5971721e-05
3.7628323e-05
1.5855615e-05
1.5791253e-05
0.0031381239
1.6014264e-05
1.5788804e-05
1.605745e-05
1.6067254e-05
1.5923655e-05
2.2785517e-05
7.917443e-05
1.6044093e-05
1.7637127e-05
1.6036074e-05
1.6036417e-05
1.6775972e-05
0.00013256521
1.6052396e-05
0.0014734537
1.6132846e-05
3.7699669e-05
2.8529802e-05
3.4184714e-05
1.5996506e-05
0.00087425696
1.9064744e-05
1.8631986e-05
1.5609069e-05
4.5718425e-05
1.6514319e-05
0.0038879345
1.6075523e-05
1.6067594e-05
1.7337965e-05
0.0006088849
0.00028015325
1.5800165e-05
2.9880004e-05
1.583597e-05
1.5794888e-05
2.9221071e-05
2.9656163e-05
1.5815251e-05
0.002388664
1.8252388e-05
0.00015390458
1.6027002e-05
1.5898786e-05
1.608155e-05
1.5828721e-05
1.7849075e-05
1.6032268e-05
1.771206e-05
0.0025526936
1.5818455e-05
1.7788298e-05
1.9848366e-05
0.00065256026
1.5795548e-05
1.5884754e-05
2.3827229e-05
1.9956037e-05
1.580605e-05
1.5838542e-05
2.850016e-05
1.5794686e-05
1.6126152e-05
1.6040519e-05
1.7797575e-05
1.8055472e-05
0.00019987604
1.6046637e-05
1.5655085e-05
1.7740432e-05
1.7521996e-05
3.2164667e-05
1.606256e-05
2.1995398e-05
1.601908e-05
1.5794174e-05
1.8116971e-05
0.0011028812
1.6134922e-05
2.0003554e-05
1.7764914e-05
1.7690238e-05
0.00023487541
1.6110345e-05
1.6168432e-05
2.2199629e-05
1.926507e-05
1.884954e-05
1.7672596e-05
1.6316818e-05
1.5968787e-05
1.5806098e-05
1.7605028e-05
1.597972e-05
1.6107323e-05
1.5788726e-05
0.0020608826
1.605143e-05
1.6086514e-05
1.6091241e-05
1.7569406e-05
0.0023465969
0.0025059727
1.5792044e-05
1.6147368e-05
2.0596088e-05
1.6058688e-05
1.5984903e-05
1.5912755e-05
1.6044969e-05
1.5998577e-05
1.5817268e-05
1.6093576e-05
1.7532541e-05
4.3878659e-05
1.5970777e-05
0.0015119871
0.00037836019
7.2484855e-05
1.5940923e-05
1.5981737e-05
1.6065399e-05
2.0457243e-05
1.7598518e-05
0.00063538029
0.0028230612
1.5929659e-05
1.5787259e-05
1.6046034e-05
0.00053452973
1.7211187e-05
1.5834241e-05
1.5791934e-05
1.7174598e-05
2.0766259e-05
1.9942205e-05
1.7549508e-05
1.6003004e-05
1.6103972e-05
1.6009469e-05
1.5794225e-05
1.5790768e-05
1.6106522e-05
1.5784569e-05
1.5783633e-05
1.6065974e-05
1.5901265e-05
1.7582057e-05
1.599307e-05
1.5975918e-05
0.00063593978
3.1363346e-05
1.6027174e-05
1.6157752e-05
1.5797156e-05
1.5803839e-05
1.6106437e-05
1.754412e-05
1.5793752e-05
1.4773471e-05
2.0003271e-05
1.7568618e-05
1.6040356e-05
1.610997e-05
5.6305126e-05
1.6051584e-05
1.7450613e-05
1.8761368e-05
4.1431721e-05
1.5855764e-05
1.7052499e-05
1.5841946e-05
0.0020656782
1.6107132e-05
1.7699048e-05
1.5887657e-05
1.5789012e-05
1.7402281e-05
0.00058943066
1.5799492e-05
1.6158221e-05
1.8873702e-05
0.0016806545
1.5790101e-05
1.5800084e-05
1.7352866e-05
1.6094416e-05
1.6218377e-05
1.5987493e-05
1.5998294e-05
1.5887399e-05
1.7011585e-05
1.6106211e-05
1.6049875e-05
2.6934642e-05
1.6409339e-05
1.6422398e-05
1.609259e-05
1.6008013e-05
1.598596e-05
1.5995559e-05
1.610477e-05
3.4767662e-05
1.5974437e-05
1.5961326e-05
1.87023e-05
1.5985422e-05
0.00059404638
1.6070076e-05
1.6061011e-05
1.5966568e-05
1.5802423e-05
2.4286574e-05
3.6486539e-05
1.9942205e-05
1.5985392e-05
1.5826703e-05
0.001863064
1.5795446e-05
1.6039344e-05
1.6374951e-05
1.6326501e-05
1.8160217e-05
1.6010855e-05
2.8427475e-05
1.9254427e-05
1.5889005e-05
1.6032494e-05
5.426932e-05
1.5937686e-05
1.6046585e-05
2.0442598e-05
1.5789453e-05
1.7154409e-05
1.5789126e-05
1.6967475e-05
4.8224127e-05
1.579503e-05
1.6097858e-05
1.5799035e-05
2.1979108e-05
1.6102146e-05
1.5943015e-05
1.6047832e-05
1.5987633e-05
2.2881824e-05
2.06842e-05
1.6190863e-05
3.9948275e-05
1.5848516e-05
4.1250564e-05
1.6001285e-05
1.6659387e-05
1.6049474e-05
1.6067187e-05
3.1142182e-05
1.5934881e-05
1.6163395e-05
1.5836405e-05
1.6019018e-05
1.6086575e-05
1.6171102e-05
1.6599917e-05
1.6054581e-05
3.8069874e-05
1.6164664e-05
1.6015859e-05
2.3734514e-05
1.6047185e-05
1.6081642e-05
0.00027973085
1.5841989e-05
9.8999288e-05
1.615758e-05
7.9518937e-05
0.00015201207
1.5985507e-05
1.6114316e-05
1.5996817e-05
1.6176871e-05
1.5800423e-05
0.0023718054
0.0005276444
1.2472026e-05
5.6783749e-05
1.5792168e-05
2.5690981e-05
1.5785071e-05
1.6003347e-05
1.5984729e-05
1.5793476e-05
2.5355013e-05
3.6930853e-05
0.00039088098
1.6112702e-05
1.5785568e-05
4.7959369e-05
1.6084661e-05
3.3285363e-05
1.468452e-05
9.4024911e-05
0.0001486764
1.5790007e-05
1.5959681e-05
1.5794038e-05
1.5788752e-05
1.5801179e-05
1.578418e-05
1.5800892e-05
0.00068606277
1.5999722e-05
3.742934e-05
5.6655886e-05
1.6040447e-05
1.9147045e-05
1.6033859e-05
1.6010846e-05
3.503236e-05
1.5790394e-05
7.6148497e-05
1.5803038e-05
1.8587588e-05
5.9068542e-05
7.6231215e-05
3.172017e-05
1.9953274e-05
1.5928512e-05
1.6021445e-05
0.0011388695
1.5963105e-05
1.6606538e-05
1.6205925e-05
1.6193224e-05
1.6917612e-05
1.5792931e-05
2.001455e-05
1.9636802e-05
1.6063245e-05
1.581002e-05
1.5789389e-05
1.5997493e-05
1.6024079e-05
1.6027255e-05
1.5846085e-05
1.6140093e-05
1.6011115e-05
1.5892082e-05
1.5969658e-05
1.6031557e-05
0.0030652268
0.0030017636
1.5990451e-05
1.5891775e-05
1.6101329e-05
1.6261117e-05
0.00067556612
1.812902e-05
1.5836659e-05
1.7508647e-05
1.4404845e-05
1.6145696e-05
2.8492626e-05
1.5899658e-05
0.0010933321
0.00044647903
1.7125997e-05
1.5828341e-05
1.603597e-05
4.307446e-05
1.5908437e-05
0.00062226117
2.0735029e-05
1.5795357e-05
1.5856593e-05
6.6973884e-05
4.3253671e-05
4.019297e-05
1.6147332e-05
3.3208776e-05
1.5785993e-05
1.5891544e-05
1.7435389e-05
1.5887335e-05
0.0036865769
0.0032722586
1.5832418e-05
1.5966755e-05
1.6476378e-05
1.580783e-05
1.7464025e-05
1.6099995e-05
2.0056385e-05
2.0298043e-05
4.1444907e-05
3.9356505e-05
1.8789001e-05
3.6365061e-05
1.5903224e-05
1.7433456e-05
1.6042967e-05
1.5787412e-05
1.6212905e-05
1.6079101e-05
1.6098977e-05
1.7340641e-05
1.6491284e-05
1.6029912e-05
1.6113946e-05
1.5847736e-05
1.6108034e-05
1.6034542e-05
1.6036903e-05
1.6065158e-05
1.6026726e-05
1.5793118e-05
1.579615e-05
1.7253381e-05
1.597135e-05
1.6101359e-05
1.6525417e-05
1.6128753e-05
1.8401583e-05
1.579194e-05
1.9753557e-05
1.7256524e-05
1.6097519e-05
1.5854494e-05
1.5999879e-05
7.3796659e-05
1.5865614e-05
2.8893816e-05
3.1002057e-05
1.7199268e-05
4.7366617e-05
1.8830391e-05
1.813488e-05
4.2200722e-05
1.5864965e-05
1.5937568e-05
0.0011621906
0.0014175922
2.9918113e-05
1.6202388e-05
1.5892031e-05
1.5927228e-05
1.7124868e-05
1.6461041e-05
1.5896014e-05
2.2271222e-05
3.761395e-05
0.0032680887
0.00027309726
1.609892e-05
7.5513406e-05
1.759792e-05
1.6015627e-05
1.6077956e-05
1.6676133e-05
0.00040209157
2.8630048e-05
1.6182026e-05
4.2783361e-05
1.5880684e-05
1.6183158e-05
1.582079e-05
2.0689726e-05
1.6050124e-05
2.4495884e-05
1.4315914e-05
3.5447161e-05
1.6043959e-05
1.6093373e-05
1.6091712e-05
3.023459e-05
2.1876234e-05
2.9049816e-05
0.0011849475
0.0027067849
2.8523446e-05
1.6098354e-05
2.0477918e-05
1.6096646e-05
1.5857234e-05
2.0168453e-05
1.8331519e-05
1.8213489e-05
0.0024654974
1.9950077e-05
0.0001325325
1.5787783e-05
1.5790753e-05
3.4335662e-05
1.894997e-05
0.00075144247
1.579594e-05
1.5864149e-05
1.5820064e-05
1.9881346e-05
0.00065500146
0.00065615769
1.5852385e-05
2.590307e-05
0.00027734467
1.6717758e-05
1.6101174e-05
3.684087e-05
1.7183545e-05
3.0578412e-05
1.5855066e-05
5.5911416e-05
1.5967294e-05
1.6275318e-05
1.5899795e-05
1.6402222e-05
1.5651201e-05
0.00023244826
0.0031153285
8.578856e-05
1.5793648e-05
0.00053708143
1.705013e-05
3.4754378e-05
6.1180949e-05
2.7020687e-05
1.6539321e-05
1.6941608e-05
1.5863302e-05
3.5744212e-05
1.5808606e-05
0.00037918574
0.00038483776
3.7710161e-05
3.1099205e-05
1.5854661e-05
1.6117677e-05
3.7279713e-05
3.3264188e-05
1.744596e-05
1.5959797e-05
1.6280236e-05
4.9306524e-05
0.004411676
1.6091787e-05
1.9340941e-05
6.40707e-05
1.579547e-05
1.5886837e-05
1.5955152e-05
1.6070084e-05
1.6596797e-05
1.6078254e-05
1.6047758e-05
1.6459387e-05
2.3500024e-05
2.6961531e-05
4.1045459e-05
4.5288977e-05
0.0029709003
1.6172237e-05
1.5810589e-05
6.7755162e-05
1.5813031e-05
1.5793257e-05
6.042868e-05
0.0029348065
1.6292323e-05
1.6240982e-05
3.0309543e-05
1.5812172e-05
1.6104185e-05
1.6096274e-05
1.5784766e-05
0.0006598053
1.5793748e-05
1.5934044e-05
1.6056444e-05
1.6959419e-05
1.6008561e-05
1.8593326e-05
2.8979317e-05
1.6122582e-05
0.00021676456
1.6109874e-05
1.6257847e-05
1.6326903e-05
1.6286269e-05
1.6224862e-05
1.599853e-05
2.0318553e-05
1.5852303e-05
1.6229072e-05
4.0081224e-05
4.2581175e-05
1.578874e-05
1.6361885e-05
0.00017885301
0.0023320827
1.5799725e-05
0.0028821996
1.161075e-05
1.6207958e-05
1.600335e-05
0.0021982669
1.5977859e-05
0.0010093026
1.6641316e-05
1.6943391e-05
1.5905784e-05
1.5804336e-05
1.5869196e-05
3.851459e-05
0.00024280591
1.6032994e-05
2.4831651e-05
0.0023048407
1.5799954e-05
1.9976904e-05
1.6138086e-05
1.5816949e-05
1.6112456e-05
1.6194688e-05
1.5668125e-05
1.3417339e-05
8.9728693e-05
1.5797808e-05
3.1307244e-05
1.6102151e-05
1.6099196e-05
0.0036545821
1.6924105e-05
1.5796099e-05
1.5988307e-05
4.7574831e-05
1.6101273e-05
1.618335e-05
0.0017265632
1.6124514e-05
1.6119449e-05
1.579415e-05
1.8886748e-05
0.0032826204
2.0197549e-05
1.6080459e-05
1.5832135e-05
1.6110815e-05
7.0914132e-05
0.00062334013
1.6113987e-05
0.0020055321
0.0023698334
0.00039739415
2.4341426e-05
1.6391733e-05
4.9014009e-05
1.6058573e-05
1.8700405e-05
0.00039650088
1.6034141e-05
1.6475826e-05
1.6092513e-05
0.00067428412
1.6099458e-05
9.1936659e-05
2.3726836e-05
1.3392349e-05
1.5862964e-05
1.5940816e-05
1.5914139e-05
0.00011204326
0.00071405126
1.5806984e-05
1.586639e-05
1.6174383e-05
1.6009722e-05
0.00010478553
1.5805476e-05
0.0031583069
4.1872279e-05
5.3380189e-05
2.2607302e-05
1.5864675e-05
8.2536396e-05
2.7485067e-05
0.00029093735
0.00039857659
1.6147029e-05
1.812422e-05
1.596875e-05
0.0031486287
1.5949124e-05
1.606387e-05
2.1835512e-05
1.6144244e-05
1.5812238e-05
1.3183131e-05
2.0865366e-05
1.5802786e-05
1.5883693e-05
1.924205e-05
0.0019395559
1.5279454e-05
1.6097915e-05
3.2458845e-05
1.5798659e-05
1.7330323e-05
2.7592038e-05
3.1694567e-05
1.981627e-05
1.6111315e-05
1.5803398e-05
8.8020088e-05
1.919948e-05
1.5788484e-05
5.6588421e-05
1.5922536e-05
1.6025533e-05
1.6464776e-05
1.6268529e-05
1.5927499e-05
1.5973614e-05
2.0619446e-05
1.6008525e-05
1.5889964e-05
1.5829396e-05
1.6092122e-05
3.8289532e-05
1.593286e-05
0.0033123351
1.5791229e-05
1.5905414e-05
1.578709e-05
1.5273063e-05
1.6153232e-05
2.4550363e-05
1.6081378e-05
1.5259746e-05
1.6097714e-05
1.609027e-05
1.2579098e-05
3.7692967e-05
1.5835571e-05
0.0002315182
1.5796181e-05
1.5991594e-05
1.5946196e-05
1.580326e-05
1.6040292e-05
2.4682711e-05
1.5794212e-05
1.6032382e-05
3.9348706e-05
2.1609911e-05
1.6036647e-05
1.5827545e-05
1.5924653e-05
1.5804665e-05
1.5791639e-05
0.00015363642
1.5925902e-05
1.5932132e-05
0.0019995185
1.5797315e-05
1.6265891e-05
0.0046801064
0.0011240519
1.6015812e-05
2.3444011e-05
1.5913317e-05
1.6105027e-05
0.0022300276
1.5840363e-05
0.0014675404
7.9615958e-05
1.594081e-05
2.1605412e-05
1.5792705e-05
2.8485475e-05
1.6097128e-05
0.0042894289
1.5825665e-05
1.5813587e-05
1.6040991e-05
6.4195989e-05
1.6092333e-05
2.3005323e-05
1.6075625e-05
1.8189971e-05
0.0013530321
1.6735566e-05
3.9131109e-05
2.9229892e-05
1.6012278e-05
1.5792494e-05
1.5871831e-05
1.267158e-05
1.7123372e-05
0.0030815366
0.002590506
1.6103226e-05
1.6165788e-05
0.00026192571
1.5796064e-05
2.075674e-05
0.0024068548
1.6264624e-05
0.00029986041
1.5889946e-05
0.0005947122
3.3833976e-05
2.1074153e-05
0.0012933697
1.5831259e-05
0.00011222817
1.608681e-05
0.0024878268
0.0021831475
1.6035727e-05
1.6107863e-05
0.00014186253
1.5955451e-05
2.072578e-05
1.6227244e-05
1.604815e-05
2.0689925e-05
1.8448621e-05
1.5799633e-05
1.5999917e-05
1.5989016e-05
0.0008650968
2.0755066e-05
1.5882615e-05
1.5787431e-05
2.1351393e-05
1.7066896e-05
1.8517195e-05
1.5857709e-05
3.0688342e-05
1.6523162e-05
1.5793175e-05
1.5992395e-05
1.5994138e-05
1.5932584e-05
3.9253536e-05
3.1343036e-05
1.9815237e-05
1.581888e-05
1.8705556e-05
1.6456989e-05
1.6304899e-05
0.0020708206
0.0010071602
1.7010787e-05
1.5923118e-05
0.00042590418
0.0002557012
1.600642e-05
1.5996253e-05
2.6928656e-05
0.00018749829
1.5798182e-05
0.00098734699
4.663868e-05
1.2375797e-05
1.5788487e-05
1.8159467e-05
1.6011433e-05
0.0031988598
7.4120982e-05
0.0002587656
1.6031485e-05
1.6274483e-05
1.6000149e-05
0.0031008625
4.8260641e-05
1.6095388e-05
1.6098726e-05
1.604891e-05
1.6064394e-05
2.6972162e-05
0.0012695984
1.60517e-05
2.396861e-05
0.00050964668
1.7612742e-05
1.7081358e-05
1.588032e-05
1.6099847e-05
1.5884314e-05
0.0011823212
1.5792093e-05
6.3051113e-05
1.229722e-05
0.00024815762
5.6858771e-05
5.8701727e-05
2.4030897e-05
0.0031472384
0.00039172286
4.0435975e-05
2.828443e-05
1.6011513e-05
0.001324939
3.6222452e-05
1.5803951e-05
1.5791372e-05
0.00063428708
1.9964629e-05
0.00042687958
0.0007316245
1.6165467e-05
1.5995192e-05
1.5929478e-05
0.00023539695
0.0021438276
0.0011408178
7.1951108e-05
1.6109063e-05
1.6205855e-05
1.6184828e-05
1.6388995e-05
1.5976253e-05
1.6027541e-05
3.3410482e-05
4.4467559e-05
1.6026363e-05
1.5892159e-05
1.5848957e-05
6.0470231e-05
1.6351312e-05
1.712731e-05
1.5791834e-05
1.6084829e-05
1.5812079e-05
4.0176154e-05
0.00015647316
1.5902839e-05
1.6016829e-05
2.7830775e-05
1.6008434e-05
1.6094632e-05
1.60164e-05
1.7880239e-05
1.8105317e-05
1.6015e-05
0.0013343031
0.00074882513
1.6209327e-05
1.603324e-05
1.5817168e-05
0.00051033822
1.3706106e-05
1.6215875e-05
1.5798595e-05
1.6188917e-05
0.00029785227
1.6087283e-05
0.00028765386
1.5922663e-05
0.00018273714
4.2178473e-05
0.00019983393
1.6082762e-05
1.5997787e-05
1.5798401e-05
1.607356e-05
1.6081355e-05
3.1316933e-05
1.6149937e-05
1.5795083e-05
1.6075734e-05
0.0011548589
0.00075495299
1.5812091e-05
6.7715864e-05
1.6075781e-05
0.0027694641
0.00067151182
2.016971e-05
2.113071e-05
1.8315033e-05
0.00085683464
1.9501944e-05
1.5787748e-05
0.00054657914
1.379174e-05
1.606168e-05
1.5800895e-05
0.00094889786
2.0292028e-05
0.0012710563
0.00023134588
1.5795685e-05
1.5794257e-05
6.2102327e-05
0.0023317062
1.7212172e-05
0.00053876237
0.00092681475
1.5849217e-05
3.5219481e-05
4.5077659e-05
1.6089159e-05
3.8659029e-05
0.0022978012
1.5803703e-05
6.3139289e-05
1.602641e-05
5.7610702e-05
0.00027785282
0.0024868057
0.00031386972
0.0014631372
4.6098006e-05
1.5789937e-05
0.00097764588
1.5791193e-05
1.5926725e-05
6.0342849e-05
0.0025928724
1.5793697e-05
0.0015919988
1.6091688e-05
4.4035169e-05
2.1801399e-05
4.0513681e-05
4.1304017e-05
0.00080432802
4.6799393e-05
0.0013436075
1.5795708e-05
1.580475e-05
1.5793067e-05
0.00035751425
1.6084536e-05
1.153975e-05
3.8492609e-05
4.8316895e-05
0.0022823221
0.0022225711
0.0013232881
1.5805328e-05
1.5634003e-05
0.00094663375
1.6098148e-05
1.6098269e-05
0.00026948729
0.0025339547
1.6795397e-05
0.00041327107
1.5792046e-05
5.6132956e-05
4.1264989e-05
1.5792122e-05
1.6351656e-05
2.0524192e-05
1.8465645e-05
2.1551918e-05
0.0013530414
0.00051491739
8.1777079e-05
1.6754434e-05
2.4329079e-05
0.00016699639
1.6329788e-05
1.6064118e-05
0.00011827901
1.6518978e-05
1.6464976e-05
0.0017657863
0.0018300979
0.00040658733
1.6054833e-05
0.00040582953
1.601069e-05
1.6000117e-05
0.00021767511
8.2623672e-05
1.5801933e-05
0.00026418336
0.00049895306
1.7776228e-05
2.0866466e-05
2.15781e-05
1.6111316e-05
1.591618e-05
0.0010780615
0.0024564883
0.0024579844
2.0035967e-05
2.1127459e-05
2.0621612e-05
1.609393e-05
0.0013245154
4.326738e-05
0.0019073614
1.5859275e-05
2.4603614e-05
1.5232424e-05
2.5293594e-05
1.5290357e-05
1.6093915e-05
1.5815226e-05
1.7959504e-05
2.945629e-05
0.0011805294
1.5795771e-05
1.5812597e-05
0.00087844455
1.6054099e-05
0.0019797179
1.5796394e-05
1.5791823e-05
1.6058019e-05
1.5799707e-05
0.0015532765
1.5854304e-05
1.6014978e-05
1.5789896e-05
1.6198337e-05
1.6092974e-05
0.00033929058
0.00058934148
1.7167888e-05
1.6735935e-05
1.5803589e-05
1.6034565e-05
0.0031360524
1.8591227e-05
8.8283971e-05
0.0010596592
1.6240006e-05
0.00063410979
1.6082023e-05
2.0687084e-05
2.2519159e-05
0.0011776452
2.1354531e-05
2.1829177e-05
0.00070158237
3.0680233e-05
3.6436202e-05
1.6058368e-05
1.6002962e-05
3.9274612e-05
3.3025711e-05
1.8835594e-05
1.6176754e-05
2.8780238e-05
1.5992551e-05
3.1165118e-05
1.8893681e-05
0.0024820134
0.00014953485
2.2365766e-05
0.00068113641
1.8717159e-05
1.6021925e-05
0.001284997
7.4241793e-05
0.0016559781
1.6095225e-05
1.6095381e-05
1.6081907e-05
1.606493e-05
0.0013527341
0.00088668428
1.5790388e-05
1.7329932e-05
0.0006730726
0.00046110421
1.7124177e-05
1.5949447e-05
0.00065748877
0.00073908562
1.5813606e-05
2.2606642e-05
5.6077749e-05
1.6753126e-05
0.0032018012
0.0013423919
0.0019625501
1.5785143e-05
0.0013932301
0.0018489959
0.00040750457
0.00041322516
0.0019433965
1.6090216e-05
0.0015256519
1.1941161e-05
0.00073068804
1.5789739e-05
1.6226751e-05
0.0022961673
1.5729847e-05
1.6028506e-05
1.6078345e-05
1.6142267e-05
1.622135e-05
1.6026073e-05
1.6020482e-05
1.1835755e-05
0.00055103819
4.3446939e-05
1.8362143e-05
1.5890228e-05
0.0015915086
4.7100041e-05
5.5117135e-05
4.5727075e-05
3.4632103e-05
0.0011143443
0.0018263128
0.0023316565
0.0012919881
0.001289914
4.2868377e-05
0.0025363332
1.6080994e-05
1.6085448e-05
0.0017656648
0.00078747922
0.00090341822
0.00051804751
1.5814904e-05
6.7669173e-05
1.6070137e-05
0.00064263908
2.2326241e-05
2.0219839e-05
0.00082936447
2.6518838e-05
1.6041079e-05
1.6034501e-05
0.0019758048
0.0010400084
3.5248988e-05
0.0010963762
0.0010951989
6.788448e-05
1.6069047e-05
2.997266e-05
0.0031395386
0.0010155482
0.0010033598
1.6098778e-05
0.0019074634
0.0008950159
0.0025683136
1.8896269e-05
1.7858112e-05
4.4071295e-05
2.2520728e-05
5.3799562e-05
0.00073042014
1.5792857e-05
5.0696587e-05
4.835594e-05
0.0018246322
0.0023619841
1.5805498e-05
1.6215137e-05
1.6092467e-05
0.0022536475
0.0014224295
5.6181414e-05
5.8685448e-05
2.1294037e-05
2.0526679e-05
2.1551559e-05
0.0015250724
1.6221861e-05
1.6064128e-05
1.6074666e-05
1.641987e-05
0.0010697527
1.6036044e-05
1.9049311e-05
1.5984294e-05
0.00071781584
0.00011063354
0.00026697562
0.0014510444
2.1576817e-05
2.246286e-05
0.0010768952
3.4798405e-05
0.0010059104
2.2234231e-05
1.6205327e-05
1.609411e-05
1.6094571e-05
5.0553191e-05
1.8617565e-05
3.0734515e-05
1.52523e-05
0.00068668293
9.3225628e-05
0.001807455
5.0181075e-05
0.0016404138
1.5858057e-05
0.0015478237
0.0018392398
1.6002545e-05
1.6022799e-05
1.7011979e-05
0.0035220632
8.6745535e-05
1.6015109e-05
1.6062943e-05
1.6082979e-05
2.0986717e-05
2.2531259e-05
1.7568206e-05
2.3640272e-05
2.1825689e-05
4.0026454e-05
0.00066491104
1.601629e-05
4.8874241e-05
3.3003591e-05
1.8077318e-05
1.6184552e-05
1.6154575e-05
0.0010811904
3.5360262e-05
3.3822919e-05
2.8772497e-05
1.5988162e-05
2.1147862e-05
2.0166312e-05
1.8715829e-05
1.6019355e-05
1.6094721e-05
5.6159131e-05
0.0031405565
0.0033790531
8.2254881e-05
1.5776195e-05
1.6056771e-05
0.0012967528
1.5785729e-05
0.00073023558
1.5716147e-05
1.6035875e-05
1.6019917e-05
1.6021563e-05
5.2859747e-05
4.3430016e-05
0.0016622148
5.761478e-05
1.6082038e-05
1.5960962e-05
3.811207e-05
5.0892869e-05
0.00219966
2.8420973e-05
1.60509e-05
2.4319789e-05
0.0018468698
0.00080687828
1.5790702e-05
0.00063949793
0.00026008755
0.0013649076
1.585413e-05
0.001043643
1.7875647e-05
1.6879019e-05
0.0011155685
3.4738799e-05
6.7898094e-05
1.6239021e-05
1.6189576e-05
0.0010022218
1.329426e-05
2.7612801e-05
3.5812073e-05
5.6769726e-05
5.3855405e-05
1.6097145e-05
1.5794888e-05
6.1527519e-05
0.0031191787
1.6188215e-05
0.0023394921
1.579778e-05
1.6247628e-05
1.6091392e-05
7.6853233e-05
2.4086108e-05
2.284102e-05
1.6070339e-05
1.597325e-05
0.00056385582
0.00025363633
2.2405642e-05
2.2465374e-05
1.5873907e-05
0.0010306279
5.8281957e-05
4.2838764e-05
2.223986e-05
0.0011095686
1.6092066e-05
1.6094259e-05
5.8305024e-05
3.0757423e-05
3.2478608e-05
4.857614e-05
0.0016290754
1.5796348e-05
0.0018986148
2.3001072e-05
1.6069193e-05
1.7012245e-05
0.0021158598
0.003516026
0.0035417088
0.0012418741
0.0022693135
1.607659e-05
0.0011092915
1.7264231e-05
0.0010768678
2.659247e-05
2.09823e-05
1.5789793e-05
2.3645667e-05
4.9638884e-05
3.4762603e-05
1.742536e-05
3.0885955e-05
1.5986927e-05
3.7879427e-05
1.6336307e-05
1.9422036e-05
1.7729596e-05
1.6036144e-05
1.6044445e-05
0.0020581413
1.6094809e-05
0.0018875347
4.7564609e-05
0.0033550513
0.0034105832
1.610191e-05
0.0012954903
0.0028780215
0.00079115416
1.6034956e-05
1.6045032e-05
1.6018865e-05
1.6015199e-05
1.641943e-05
1.7037629e-05
1.6773785e-05
1.6081391e-05
1.6044072e-05
1.6049579e-05
0.00094401591
0.0022902024
0.0016264734
0.0010047791
3.4769367e-05
8.1599592e-05
0.00041258461
2.0402196e-05
5.7567114e-05
5.9302225e-05
7.1674281e-05
0.0035969872
0.0020353536
0.002432938
1.5798078e-05
1.6092602e-05
2.5543432e-05
1.6069692e-05
1.5971964e-05
1.5952622e-05
0.00025636942
2.4201292e-05
2.2404666e-05
2.5147322e-05
1.609609e-05
1.6093062e-05
5.8302143e-05
6.9808786e-05
3.2454187e-05
4.1394336e-05
0.0011981487
1.6074581e-05
0.0022990444
1.6612216e-05
1.7367529e-05
0.0035013813
0.0035490033
1.6076051e-05
2.1262625e-05
2.7232332e-05
4.9661437e-05
5.5310024e-05
3.4739193e-05
4.4192091e-05
0.00026044254
3.0877127e-05
1.6001073e-05
1.5981686e-05
1.6232465e-05
1.9420268e-05
1.604465e-05
1.6031472e-05
0.0016669505
1.6088858e-05
1.6096735e-05
0.0032939044
0.00078996928
1.601217e-05
1.6007454e-05
1.6086407e-05
1.6090024e-05
1.6080668e-05
1.603544e-05
1.6045485e-05
0.0010089021
0.0016674417
9.9971576e-05
8.1616912e-05
7.5435132e-05
1.6142255e-05
1.6303719e-05
0.0020202789
1.6092644e-05
2.5538336e-05
1.6058394e-05
1.6075006e-05
1.5960318e-05
1.5954056e-05
2.5280691e-05
2.5155203e-05
1.6095956e-05
1.6095489e-05
1.6092342e-05
8.1656825e-05
6.9817194e-05
1.8815997e-05
4.1430472e-05
3.4159098e-05
0.0011893932
0.0011513956
1.6086585e-05
1.6075796e-05
1.7367644e-05
1.8142247e-05
0.0034955206
2.3358422e-05
6.3290293e-05
5.5281833e-05
2.8011998e-05
4.7015164e-05
1.598906e-05
2.0374967e-05
1.6045395e-05
1.6087639e-05
0.0033078533
0.00035702113
0.00049085019
1.5998254e-05
1.6011065e-05
1.6081528e-05
1.603978e-05
1.6033952e-05
0.0006004353
0.0022266931
0.00099626184
1.6172445e-05
1.5794417e-05
0.0015595198
1.6094738e-05
1.6084182e-05
2.7118803e-05
1.6076138e-05
1.5934654e-05
1.5958993e-05
1.6093812e-05
1.609915e-05
8.3854849e-05
0.00035848314
5.8359975e-05
3.412772e-05
0.0019152872
0.0011934102
0.00071814761
1.6090432e-05
1.7758819e-05
0.0031299455
0.0023430382
0.00062187322
6.3325264e-05
6.1455912e-05
6.4898853e-05
2.7995336e-05
1.5990474e-05
0.001935116
1.604209e-05
2.0373069e-05
1.6043343e-05
0.003343053
0.0030252961
1.5998679e-05
1.6004062e-05
1.6020315e-05
1.5988906e-05
0.0019672732
1.6076621e-05
0.0018846554
1.6031592e-05
1.6037956e-05
1.6039213e-05
1.6041309e-05
0.00048797687
0.002292928
1.6094452e-05
2.7111853e-05
1.6080839e-05
1.5930544e-05
1.5952899e-05
1.5936323e-05
1.6093189e-05
6.4067239e-05
5.8438172e-05
3.6332496e-05
0.00067920547
1.6117638e-05
1.7758534e-05
0.0031210254
0.003101494
0.0019040067
7.8300873e-05
6.1420276e-05
8.23031e-05
6.4962672e-05
2.9231973e-05
0.00035869381
1.6001926e-05
1.5983919e-05
2.1574949e-05
1.6057102e-05
1.6026034e-05
0.0030325217
0.0029805009
1.5973421e-05
1.5995608e-05
1.6003629e-05
1.5987255e-05
1.6076084e-05
1.6037008e-05
1.6036435e-05
1.6058479e-05
0.0028751233
0.00046088644
0.0022899706
2.955095e-05
1.6096031e-05
2.8931604e-05
1.6081975e-05
1.6087802e-05
1.5951483e-05
1.5947761e-05
1.5944912e-05
1.5918543e-05
1.6090036e-05
8.6466768e-05
5.2822474e-05
5.2363953e-05
3.6293063e-05
0.00068468044
1.6119275e-05
1.6109807e-05
1.8338747e-05
0.0031503972
0.0025086366
6.7247753e-05
9.5099136e-05
2.9215927e-05
1.5981962e-05
1.6008006e-05
2.1572121e-05
2.4539149e-05
1.605218e-05
0.0027282248
1.5996868e-05
1.6076387e-05
1.6095247e-05
1.6038609e-05
0.0028815804
0.00023223307
0.0004623647
1.6096134e-05
2.8923082e-05
1.6078796e-05
1.6083508e-05
1.5966256e-05
1.5952263e-05
1.5949339e-05
1.6089464e-05
3.8545687e-05
8.6555445e-05
2.8451791e-05
0.00065021381
1.6186736e-05
1.8338146e-05
0.0024809615
0.0031362561
6.7189426e-05
3.0575083e-05
1.6015086e-05
1.9611932e-05
2.6729807e-05
1.6050414e-05
0.0027292095
1.5995827e-05
0.00091832754
1.6075052e-05
1.6124928e-05
1.6033058e-05
1.6093742e-05
0.00041896071
0.00023165008
1.6097832e-05
1.6087449e-05
3.1106731e-05
1.6081012e-05
1.6773499e-05
1.5950741e-05
1.6087837e-05
0.00011917637
3.849553e-05
0.00041817594
1.6198376e-05
1.7439629e-05
1.9214839e-05
0.0031649218
0.0017993303
3.8756691e-05
3.0555079e-05
0.00095275552
1.6023357e-05
1.606153e-05
1.9610209e-05
1.6044579e-05
0.0024845357
1.5990965e-05
0.0014932577
1.6565516e-05
1.6077644e-05
1.6406373e-05
1.6034683e-05
1.6033115e-05
1.6073028e-05
0.00042016837
0.0006865665
0.00072050257
2.4655938e-05
1.9125197e-05
1.6097938e-05
2.46494e-05
1.6081905e-05
1.5963136e-05
2.124725e-05
1.838257e-05
6.8739212e-05
1.9127845e-05
0.0011870827
1.6086477e-05
0.00013067905
4.1401424e-05
0.0001193534
0.00057172397
0.00023471134
1.9988868e-05
2.1251239e-05
1.6218821e-05
1.6104574e-05
0.0011337709
1.8384803e-05
1.921357e-05
2.1197975e-05
0.0031185282
0.0017771301
0.0017848944
2.1084828e-05
0.00015433197
0.00057397173
0.00023417802
1.9985635e-05
6.1185499e-05
1.6023475e-05
0.00018357006
0.001443879
1.9865509e-05
0.00012926711
2.9884124e-05
3.2099196e-05
1.6021336e-05
1.6036613e-05
5.6844816e-05
2.1080763e-05
2.0415882e-05
0.00018392647
1.6053918e-05
1.9037215e-05
1.5973254e-05
6.1831374e-05
0.00014445151
0.00028750255
6.2644225e-05
6.1958087e-05
0.00011449144
2.3060634e-05
0.00014464079
4.8247898e-05
0.0024855617
1.5970327e-05
2.7077618e-05
0.00017825
6.2515277e-05
8.7229029e-05
3.8042662e-05
0.00011462355
0.00014431386
1.5989607e-05
1.5925664e-05
8.7155662e-05
9.1754459e-05
2.0067327e-05
4.0155759e-05
1.9039848e-05
3.0139416e-05
1.5996911e-05
6.3351516e-05
7.7053829e-05
0.0002991297
0.00036123517
0.0019170723
4.0139688e-05
1.6085334e-05
1.9868773e-05
9.2657209e-05
2.2719033e-05
7.7115658e-05
4.9131112e-05
0.00012111285
1.6077076e-05
1.590787e-05
0.0027607891
0.00046679836
1.6071536e-05
1.6053323e-05
6.8169743e-05
1.6539599e-05
0.00054445791
1.6028096e-05
2.2480598e-05
6.8219575e-05
1.6030439e-05
3.4101962e-05
6.1739523e-05
0.00084211127
3.6937205e-05
3.3488894e-05
6.3220176e-05
6.4077296e-05
0.00028810439
0.00048071455
0.00084879772
1.6770257e-05
0.00041516548
7.0070949e-05
2.2741149e-05
6.79668e-05
1.6302451e-05
1.5978781e-05
0.0013195262
8.3806338e-05
1.6045458e-05
1.5936976e-05
0.0031800977
2.2639141e-05
0.00017866855
9.2236631e-05
1.5936046e-05
1.6255995e-05
2.2485539e-05
0.0002734188
9.91493e-05
2.9897981e-05
1.6109229e-05
4.8078387e-05
2.6897037e-05
2.9970351e-05
6.5442908e-05
6.7010797e-05
4.7005732e-05
1.6047964e-05
1.6076791e-05
1.6018787e-05
1.6080891e-05
9.1849054e-05
1.6510031e-05
0.00088586342
3.4561015e-05
3.4547559e-05
0.00069044415
2.3411911e-05
0.00054941376
0.00047653541
1.6075429e-05
2.6904947e-05
6.2058893e-05
1.5961498e-05
3.3509009e-05
3.0519267e-05
6.2191709e-05
1.5999163e-05
0.00049015642
2.7085854e-05
6.6360007e-05
3.6440073e-05
0.0027228643
1.6152788e-05
4.9165936e-05
0.00011331549
1.5972253e-05
1.5991111e-05
1.6086217e-05
0.00024650153
1.5993193e-05
1.5983282e-05
0.00025246352
0.00022108307
2.9984413e-05
1.713933e-05
3.8015771e-05
6.1712899e-05
1.6099633e-05
0.0018961926
1.5996474e-05
1.5945229e-05
1.6028176e-05
6.5075315e-05
4.8535977e-05
4.1342581e-05
4.8230774e-05
0.00010529274
0.00018370898
0.0026936453
1.6091668e-05
2.2634108e-05
1.6086437e-05
4.7503408e-05
0.0021249667
0.00035305676
4.1473043e-05
7.0026699e-05
1.5987003e-05
0.00020080829
0.0025103954
1.8036921e-05
1.6030132e-05
1.585401e-05
0.00024354743
0.00027251798
0.0013696966
8.2366895e-05
1.6225229e-05
0.00020135306
0.00022687361
7.9302944e-05
1.6295293e-05
0.0001684579
1.5968586e-05
1.5964667e-05
6.1310349e-05
7.9269989e-05
0.00019708806
1.6114928e-05
2.720109e-05
0.00097314475
0.002743286
0.00023308058
0.00011429893
3.055012e-05
0.0026690259
2.0353075e-05
0.0018000282
0.00056958825
0.0024775858
0.0031488599
0.00091988304
0.00089487574
0.0011543578
4.0249286e-05
1.6032467e-05
0.00010474268
7.1665218e-05
3.4114996e-05
0.00017065591
1.6075672e-05
0.00043292327
0.00024550882
0.0027811696
0.001374105
0.0019448589
1.6010483e-05
3.6472088e-05
0.0026925541
2.6184142e-05
0.00011138013
1.5989826e-05
0.00036038574
1.6153842e-05
1.6169427e-05
3.2075597e-05
1.6215772e-05
1.6079087e-05
5.9348983e-05
0.00026241128
9.0690891e-05
1.6179022e-05
1.6015768e-05
0.0017824179
1.6034387e-05
9.6517969e-05
4.7567049e-05
6.0506026e-05
0.0037950308
3.2399832e-05
0.0016455242
1.607452e-05
0.0004818027
0.0027995531
7.4547624e-05
0.0026271152
1.6045094e-05
1.6126076e-05
4.1730674e-05
1.5933236e-05
1.5997891e-05
0.00050007989
5.3189819e-05
1.677267e-05
0.0004474441
4.757412e-05
3.680445e-05
1.6038896e-05
0.00085570603
0.00010364741
1.6047047e-05
2.0413053e-05
0.0020018672
1.6026927e-05
0.0001961132
0.0013938212
0.0025445873
0.0011321316
2.3601997e-05
1.6019058e-05
0.0026566538
0.0031585548
1.611056e-05
8.0398439e-05
1.6004092e-05
1.6082207e-05
2.6327323e-05
0.0004585396
4.3945407e-05
1.6719917e-05
0.00028347788
1.6013687e-05
0.00035445272
1.6101756e-05
7.1045235e-05
1.6078164e-05
1.617515e-05
0.00011343895
0.001913468
0.00031079684
6.968327e-05
2.2108882e-05
1.5968201e-05
0.0013089248
0.00091219416
0.0022193773
3.2400842e-05
1.6060916e-05
0.0033190878
0.0022190722
1.6012961e-05
0.00013821546
0.0013504426
1.5993127e-05
0.00011396326
0.0018610942
1.6541895e-05
2.6304482e-05
0.00048620369
0.0023406515
0.00019456081
0.0025703421
3.4813202e-05
0.00044704402
1.6086814e-05
0.00037484509
0.0018802128
1.6072211e-05
0.0001214187
0.0024368417
1.7497621e-05
0.00052787163
0.00091606699
0.0011471255
0.0032840717
1.6012375e-05
1.6252213e-05
1.6825999e-05
2.9591469e-05
1.6271181e-05
0.00043406328
2.4120271e-05
1.6002074e-05
1.6150359e-05
0.0018989374
1.5982688e-05
0.000278288
1.8910998e-05
0.0010370602
1.6000657e-05
1.599462e-05
2.6191659e-05
3.477657e-05
0.0013603435
0.0032706382
0.0016175704
1.8920973e-05
4.8286592e-05
4.8601675e-05
0.00036981985
1.6025224e-05
1.7208517e-05
0.00020207579
0.0018652615
0.0016395418
0.00035067037
2.9581835e-05
0.00010005787
1.8578387e-05
0.0021171123
0.0010816924
8.9085117e-05
1.6032766e-05
1.939077e-05
2.0836182e-05
1.6104149e-05
2.709344e-05
1.8178605e-05
0.00020079467
0.0016920961
0.00014051365
0.0016781891
0.0008206163
1.5997132e-05
4.1492873e-05
3.9288229e-05
0.0019252956
1.6083808e-05
0.0009215385
1.6053656e-05
1.9800789e-05
1.6238359e-05
5.7344358e-05
3.4795101e-05
8.1675258e-05
0.0030856046
0.00019163691
0.00012106982
2.8670641e-05
1.614242e-05
1.6038405e-05
2.4274872e-05
1.6030636e-05
1.5847151e-05
0.0010365652
0.00011523426
1.9507613e-05
0.00010560399
0.00067238421
0.00047814108
0.00068695822
1.7777511e-05
2.7209314e-05
0.0033042252
2.7359446e-05
0.0021768484
1.6038621e-05
3.0478465e-05
0.0008313228
7.9584017e-05
3.3467794e-05
0.0012883136
0.00012622847
9.8461445e-05
9.1157048e-05
8.4764122e-05
1.6045526e-05
0.0024797922
0.0032279806
0.00079525837
1.6024896e-05
4.9138365e-05
1.5915683e-05
0.0019134905
0.0014850383
0.00014328346
1.6035586e-05
1.6388399e-05
1.6075475e-05
1.6012933e-05
0.00033356702
1.6081066e-05
0.0021181674
2.3064478e-05
0.00025328904
0.00021467228
5.9701081e-05
2.6825892e-05
3.4647453e-05
5.6913038e-05
1.6012288e-05
0.00021485941
6.7181846e-05
0.0001783922
1.7777728e-05
1.605608e-05
0.00011350447
0.00017114889
0.00018618061
1.6013457e-05
0.00012547326
0.00035240585
1.6025728e-05
9.6861673e-05
0.0019722614
0.00031369908
2.7845071e-05
1.6006477e-05
0.0019389101
1.6041235e-05
1.6150337e-05
0.0032476549
0.00060191431
0.0012496899
1.6029819e-05
0.0022323129
0.00024276051
1.5996432e-05
0.0028196244
0.0020327872
1.6038271e-05
3.1426606e-05
1.7870155e-05
0.0031183534
8.9676091e-05
1.598381e-05
2.079381e-05
4.5284083e-05
9.1558272e-05
1.6073818e-05
2.9349577e-05
0.00015006021
5.4534039e-05
1.6360178e-05
1.6074424e-05
1.6022837e-05
0.0016525197
0.00010910799
0.0015750571
1.6912666e-05
0.0020016218
0.0020320015
3.6745585e-05
1.7474948e-05
1.6064082e-05
0.00033882874
3.453774e-05
1.8575798e-05
0.0017902067
1.5931209e-05
1.6026067e-05
0.00086323542
0.0037491026
0.0014795807
1.7672344e-05
0.0001206982
1.6094712e-05
1.6090283e-05
1.6230097e-05
1.5850494e-05
0.003815652
6.1439706e-05
1.7044084e-05
1.6225156e-05
1.6721331e-05
0.00013241839
4.5211001e-05
0.0025613333
1.5963629e-05
0.00042098717
0.0023157782
1.7863517e-05
0.0001168927
1.9794258e-05
0.003143598
0.00019622802
0.00041672962
1.6602716e-05
0.00010083965
5.1576739e-05
5.4498448e-05
0.00026327593
1.6027431e-05
3.0448921e-05
1.8988294e-05
0.0002928968
0.0011626394
3.6018438e-05
0.00063274257
1.6057778e-05
1.6540709e-05
1.6686424e-05
1.612539e-05
4.4729844e-05
0.0024079614
0.0015032777
3.7933441e-05
1.6176313e-05
9.8720211e-05
1.6062814e-05
1.5872901e-05
2.7085425e-05
1.7141367e-05
1.6062204e-05
0.0024397189
3.8880575e-05
0.0011417941
6.044428e-05
0.00031209714
0.00085928114
0.00011345441
4.3887703e-05
1.6046483e-05
0.0027277868
0.0020919652
4.8199472e-05
1.6201582e-05
1.6027999e-05
0.00019694767
2.8394446e-05
1.609089e-05
0.0030921294
4.3948867e-05
1.6040422e-05
3.3493167e-05
3.6652117e-05
5.5753424e-05
1.6063407e-05
0.0026923753
1.6025785e-05
1.6052969e-05
1.6063014e-05
0.0018908324
1.6044173e-05
1.8407587e-05
5.702362e-05
0.0010527898
1.8516659e-05
2.0049014e-05
0.00012707023
1.5980898e-05
0.0015135303
0.00021434905
0.0018908597
0.0017805785
3.9438364e-05
0.00084067454
0.0037424389
1.6010994e-05
0.00048621265
0.00089601631
0.00080320785
0.0023210676
1.6091482e-05
1.6090277e-05
1.6025635e-05
1.8155039e-05
0.0016670748
0.00019593962
1.6556028e-05
0.0002400667
1.8155453e-05
0.0011875441
0.0013241321
0.0036922704
0.0037524618
0.0028709093
1.6003006e-05
1.6072918e-05
1.6020504e-05
0.00047497683
0.00021594163
0.00016383627
0.00037189634
1.6057522e-05
1.6030027e-05
0.0012454595
1.6044691e-05
1.6017822e-05
1.6007693e-05
5.2077398e-05
9.6777791e-05
1.6102838e-05
4.6313684e-05
0.00011541539
0.0035724051
0.0012436203
1.6019016e-05
0.0038191534
0.00012753246
0.00049518708
1.7079022e-05
0.00034196888
0.00096942875
1.6641928e-05
3.6073288e-05
1.5886829e-05
1.5848501e-05
2.6307051e-05
1.6288932e-05
0.0012063539
1.608147e-05
0.00036268894
1.6206813e-05
0.00014003674
2.2680414e-05
0.00011236628
0.00049176426
0.0025591362
3.7916829e-05
1.6011997e-05
1.8009181e-05
0.00019933646
0.00033035301
0.0032698335
5.1623989e-05
2.4113969e-05
1.7674512e-05
0.00022729142
1.6564192e-05
1.6123202e-05
0.0023682967
4.7802056e-05
0.00076756967
0.00013617194
4.5151701e-05
1.5873264e-05
0.00010701119
1.891803e-05
0.00011612823
1.6042231e-05
0.0010486629
1.6061689e-05
0.00011546785
1.6012637e-05
5.306602e-05
1.6020774e-05
1.6098065e-05
0.00014066959
5.8567169e-05
0.00020745657
0.00019422235
2.5831061e-05
1.6270109e-05
1.9504467e-05
0.0024948823
3.3352005e-05
1.6036814e-05
1.5895953e-05
0.0027146995
1.6068867e-05
0.00020240664
7.4583965e-05
2.5232138e-05
1.6017844e-05
1.6482803e-05
3.0298726e-05
1.6042276e-05
3.4853236e-05
1.8514105e-05
0.0015169371
3.3638086e-05
0.00070520315
1.8361938e-05
6.5034886e-05
0.00012244224
0.00084999728
0.00020560202
0.0003662414
0.00073255903
1.6096151e-05
4.4825935e-05
4.0223601e-05
0.00014786883
2.0445707e-05
0.0024222945
0.0011136266
0.0014959219
0.0027612656
0.00018516953
0.0014539637
0.0011908472
8.3686695e-05
0.0013271345
8.6386725e-05
0.00031565871
5.4976983e-05
0.0031833797
0.00046805214
0.0020009026
6.6218368e-05
4.9669235e-05
0.0020215395
2.1175418e-05
0.00021542083
0.0018014412
1.6104401e-05
1.8176405e-05
1.6046459e-05
1.5878214e-05
6.3633941e-05
0.00012882678
5.3941395e-05
1.604302e-05
1.6084712e-05
0.0001201481
1.6080678e-05
1.6042192e-05
0.0033901112
0.0021075867
0.00021393517
3.2554025e-05
0.0040173593
1.6024281e-05
5.474273e-05
6.3057577e-05
0.00050198837
1.6527042e-05
1.5985129e-05
0.0037080712
1.603771e-05
3.9657129e-05
1.6067067e-05
1.5997828e-05
3.1191924e-05
0.0021272715
1.598569e-05
1.5979468e-05
1.6069236e-05
0.00011435802
5.4353228e-05
0.00010280069
0.0014797526
0.0009028552
9.1159233e-05
2.7781351e-05
0.00014277022
0.00019422721
3.3394017e-05
0.00019723132
0.0014168036
1.6173543e-05
0.0032584705
4.4877086e-05
0.00012983351
0.00017933186
8.4124359e-05
3.407288e-05
3.3776653e-05
3.0629388e-05
1.6109442e-05
0.00011711903
1.7519345e-05
0.00017756046
0.00030380262
0.0010459392
1.6084108e-05
1.6136815e-05
3.7761508e-05
1.6020726e-05
1.6042173e-05
0.0013321124
1.5999159e-05
1.5966521e-05
0.00013862275
3.3446908e-05
6.0612438e-05
0.0019108695
0.00011402395
0.00013117116
2.4114008e-05
1.6086056e-05
1.5979782e-05
2.2967674e-05
0.0001749401
1.9622418e-05
0.00032835662
0.00077527395
0.0012960678
4.499388e-05
0.0019231371
2.3716501e-05
1.602618e-05
8.441482e-05
1.5850335e-05
0.00095965884
0.0014556382
0.00019172483
1.6088836e-05
1.609122e-05
0.0018220086
1.6178749e-05
2.2814522e-05
0.00036843781
0.00012925533
2.9787321e-05
0.00013155665
0.0022140231
2.9339152e-05
5.2017413e-05
1.6025418e-05
6.1127424e-05
1.7517264e-05
1.6066297e-05
2.1284921e-05
0.0002059231
8.2020287e-05
0.0011485302
0.00033196815
0.0017023042
0.0027548086
5.4703482e-05
1.9299783e-05
1.6113548e-05
0.0015558767
1.6069385e-05
1.633416e-05
0.00018430744
0.0032112993
1.6038988e-05
1.6615937e-05
1.6088756e-05
1.6342881e-05
1.6015328e-05
1.6151547e-05
1.6030828e-05
1.6004014e-05
0.00010419103
2.4268695e-05
3.5009595e-05
0.00045385466
0.00020004835
0.0025288816
0.00011381676
1.6914258e-05
1.8738402e-05
1.6001998e-05
0.00021059105
0.00019507658
0.0030906425
3.3653123e-05
1.6107546e-05
0.00056274583
0.0011170798
0.00029854909
1.5872258e-05
0.00088675853
1.6088533e-05
1.5984801e-05
5.096401e-05
0.0017085463
1.6394182e-05
4.4179569e-05
0.00047789698
0.0012036881
1.9262064e-05
1.6075236e-05
6.1580275e-05
1.7141778e-05
0.00032239747
1.7479844e-05
0.0026129062
0.00020977848
0.0019188423
1.6025552e-05
3.2728402e-05
0.0007660733
1.5976244e-05
3.3326272e-05
3.7778632e-05
0.0039006659
0.0021875693
1.6183823e-05
0.00037329263
0.00055306619
1.601019e-05
1.7459376e-05
1.6019952e-05
2.2419227e-05
0.0011445029
0.0020985715
0.0012462456
8.3208741e-05
0.0020478523
0.002141362
1.627998e-05
2.3722766e-05
1.6027667e-05
0.0018689025
1.7323115e-05
1.6001704e-05
1.6100771e-05
0.00019939248
0.0023712725
2.1226272e-05
0.00054310417
0.00015562419
1.5994866e-05
0.00014544579
0.00012369272
0.00034884684
1.6481543e-05
0.00038613711
0.00096979606
1.5956831e-05
0.00010092249
1.6024773e-05
0.00010728218
3.3672743e-05
0.00010789902
0.0025198813
4.535695e-05
0.0015814773
4.7764947e-05
0.00099411581
0.0001277387
0.00011382945
9.1017112e-05
7.0351445e-05
8.7930659e-05
2.035124e-05
2.3874472e-05
0.0001650158
5.7487154e-05
5.6293363e-05
1.7047522e-05
0.00023382974
0.0012221771
1.603449e-05
0.0016548576
4.7068445e-05
3.0624225e-05
1.6017666e-05
1.6113327e-05
0.00014950233
9.7596644e-05
0.0013445942
2.8819863e-05
1.5942616e-05
2.9223303e-05
0.0011399131
1.6602549e-05
6.0673408e-05
0.0010145126
0.00065687048
0.0035487693
0.00022447898
1.5947158e-05
1.6134142e-05
2.3982855e-05
0.00011391781
1.5890202e-05
0.0018145449
0.0025949694
0.00010941607
8.9324347e-05
0.0011080782
0.0031255725
0.00018095435
1.6025048e-05
3.7490004e-05
0.0032685068
1.610427e-05
1.9625443e-05
1.6033466e-05
8.1956775e-05
8.5489196e-05
0.0019269404
0.0003044893
0.0012865332
1.8802175e-05
0.0020847464
3.3826052e-05
4.8225191e-05
0.00039293172
0.00049634228
0.001985826
1.6099077e-05
1.6079033e-05
0.00072103981
1.6087485e-05
0.00046552327
1.607794e-05
1.601537e-05
0.0037754732
1.6002229e-05
1.6095603e-05
0.0019252943
6.6150774e-05
0.00059973055
0.00096030805
1.6032117e-05
1.9144688e-05
0.00029835183
0.00095744706
6.8789327e-05
0.0023038984
0.00029280087
1.7872345e-05
0.00038998289
1.732127e-05
1.6052091e-05
1.6085974e-05
8.37833e-05
1.6981497e-05
1.6036402e-05
1.6070527e-05
1.5996427e-05
0.00088619837
1.6101524e-05
6.1411057e-05
6.3233892e-05
0.0040773116
0.00010807627
0.00020808465
0.0011802345
0.00031356727
0.0023588518
0.00021693945
0.0001145074
1.636245e-05
0.00023446265
1.5998831e-05
1.6037361e-05
0.0010188221
1.6032551e-05
8.2154921e-05
0.0021602337
7.3665904e-05
1.6060604e-05
2.4277183e-05
5.0946221e-05
0.0025676979
0.0018953831
1.8760327e-05
1.5992607e-05
0.0011212414
7.7330772e-05
1.6065586e-05
0.00014999213
2.9051783e-05
0.00048824605
0.0022948781
1.6050924e-05
1.6089282e-05
4.7557276e-05
0.00013640537
0.0033189434
3.6174307e-05
1.5910396e-05
1.5996123e-05
1.6019151e-05
0.0011535418
1.6061987e-05
0.0036884363
0.00058354549
7.3518464e-05
1.6050776e-05
1.6027633e-05
0.00010504347
1.5952074e-05
0.00011368186
0.00061204845
0.002109093
0.00015953009
0.00020643359
3.2422506e-05
0.00010587474
0.0039156276
9.5623064e-05
0.0004133763
1.6067793e-05
1.6096013e-05
1.6339426e-05
0.0038581119
3.5107151e-05
0.0014503868
0.00051419499
0.00011496034
1.6071039e-05
8.5348289e-05
1.9303358e-05
2.1845264e-05
2.3976868e-05
4.3582161e-05
1.5990583e-05
0.00014826313
1.6202512e-05
1.6070203e-05
0.0023080981
0.00037905463
1.5878311e-05
1.6121856e-05
0.0033214691
2.4624712e-05
0.003307895
3.4178547e-05
0.00015711837
0.0025519471
1.5983493e-05
0.00023064282
1.6130862e-05
0.00045785867
0.0013580703
1.5991921e-05
0.0011676605
1.6023575e-05
0.0021837681
0.0036580543
1.6016501e-05
0.00034855673
1.613104e-05
0.0012141566
0.0026118889
5.7379544e-05
2.8681177e-05
0.0012180433
2.2621645e-05
2.583801e-05
0.00010224654
1.8852874e-05
0.0017018816
1.9906218e-05
0.00012343349
0.00010748509
2.4475654e-05
0.00033609198
0.00017069094
5.6812595e-05
0.00084789884
2.5816713e-05
3.7109972e-05
0.00029256508
1.6225588e-05
2.1259544e-05
2.1550752e-05
0.00013568016
0.0016859405
1.5974643e-05
0.00010101652
1.6368155e-05
1.7865683e-05
0.00013636418
1.6154632e-05
0.00190656
0.00036581991
1.6048163e-05
6.9713977e-05
1.60371e-05
0.0012966993
4.0212031e-05
0.00066413654
0.00010227338
0.0011976641
0.0005254516
1.6020487e-05
0.0036108179
7.0525097e-05
0.00049312255
2.3202286e-05
6.0476392e-05
1.6369199e-05
3.8653556e-05
0.0010746036
0.0036394037
0.0015597728
1.5977438e-05
8.3195505e-05
6.9701932e-05
0.00013422355
1.588122e-05
0.00012087065
0.0018711751
2.4962881e-05
0.0019369019
0.0010738261
0.0020079908
1.6082096e-05
2.2557754e-05
0.0014325811
0.0012813771
0.00014737439
9.7857921e-05
0.00045624372
0.0027174303
1.6134143e-05
0.0010047187
0.0022176318
0.0037610102
0.0020703885
0.0012016749
2.2719751e-05
6.3943489e-05
3.1182218e-05
0.00039198179
8.2876351e-05
0.00020239942
1.6054054e-05
0.00021706292
0.00038795015
1.6189419e-05
3.5178125e-05
9.0014472e-05
1.6150906e-05
6.3468745e-05
0.00043185479
4.169665e-05
1.8909925e-05
1.5990438e-05
1.7079475e-05
1.5951053e-05
1.6542515e-05
0.00010752549
0.0020756115
2.3591837e-05
0.00014445874
0.0011891483
1.6025306e-05
1.6164164e-05
0.003416513
0.00077388661
4.8286129e-05
0.0017043626
2.5908527e-05
3.7341332e-05
0.00094989033
0.00021202778
0.0019129953
0.00017015343
0.00033758937
0.0029845897
0.0012316606
1.5875082e-05
2.9181269e-05
1.5991376e-05
1.5995892e-05
1.8359434e-05
6.331806e-05
0.00044483207
1.6493667e-05
1.803718e-05
0.001538189
9.0413458e-05
0.0028413916
1.6037737e-05
1.6024533e-05
0.0020236929
1.6060974e-05
1.6191446e-05
1.6037114e-05
2.0129478e-05
0.0025306577
0.002222619
1.613362e-05
1.6037495e-05
0.0013612162
3.3548446e-05
0.00011560533
2.1841619e-05
1.979743e-05
0.0015854773
2.6305757e-05
0.00070550627
1.6008346e-05
3.2796227e-05
4.6050532e-05
0.002694536
0.00022135759
0.00016721586
1.6018478e-05
1.600522e-05
0.0013800833
0.00051613339
0.0016862665
9.0783921e-05
1.7209967e-05
0.00019656489
3.4724866e-05
9.6885267e-05
3.4759869e-05
0.0011107749
0.0019507567
3.0236539e-05
0.00065681075
1.5996884e-05
0.00036289398
8.2086698e-05
1.600249e-05
1.6083186e-05
2.6370625e-05
1.5844493e-05
3.2564691e-05
4.5016821e-05
0.002305503
3.7141924e-05
0.00010703841
0.00099597031
1.7997864e-05
2.1179535e-05
0.0025045875
1.7240859e-05
1.9516489e-05
1.8024421e-05
5.6676228e-05
0.00038836541
0.00018869785
2.5848153e-05
0.00010362799
0.0026705032
1.5996917e-05
1.6025943e-05
0.00021387427
1.6024192e-05
0.0018377493
0.001296656
1.6056309e-05
0.0036226166
1.7479677e-05
0.0026980608
1.6237218e-05
8.4537802e-05
0.0016317865
3.765192e-05
1.6104693e-05
2.093706e-05
1.8353794e-05
2.9776722e-05
0.00065268583
1.6018501e-05
0.000407706
5.3908888e-05
1.7147215e-05
0.00068427805
1.6032149e-05
0.0038713835
0.00010928307
0.0003347131
0.00044815129
0.0016483319
0.0023322254
0.00037358696
0.00010439224
0.0019806172
1.6277575e-05
0.002641566
0.0002035337
0.00010912276
0.00053519438
3.3820729e-05
1.5993751e-05
0.00028551236
8.0923596e-05
1.6100429e-05
0.00025389684
0.0020534481
1.5867578e-05
0.0028108381
2.58317e-05
1.6209558e-05
1.6715365e-05
0.0014300384
3.2499907e-05
0.00028798764
1.600098e-05
0.0039289867
1.6027095e-05
6.1878261e-05
0.0035081116
1.601233e-05
0.0023951213
0.00039133719
0.0019611617
1.6105977e-05
2.461837e-05
1.6772417e-05
0.0013631538
5.0958831e-05
0.0013479034
0.0011978067
1.6409686e-05
0.00013666047
1.6101336e-05
0.00038443909
0.001240149
6.7767243e-05
0.00011381147
0.00017965758
0.0016253973
0.00089805292
1.5997807e-05
0.00034951652
1.8025195e-05
1.6011001e-05
0.00013460023
1.6758706e-05
0.002976864
2.6928526e-05
1.7917689e-05
1.6037425e-05
2.8449169e-05
1.6023269e-05
1.6115712e-05
4.3983896e-05
0.00047096348
1.598166e-05
0.00058030594
1.600268e-05
0.00032407914
0.0020331566
1.6036813e-05
1.6095393e-05
0.00011568723
1.6294553e-05
1.8129171e-05
0.0030324956
1.6221779e-05
0.0033676574
1.6097537e-05
8.2815604e-05
0.00040399335
8.2642423e-05
4.9697837e-05
0.0016016497
1.5945734e-05
1.5951511e-05
2.1982601e-05
2.4469358e-05
2.37094e-05
0.0031522998
1.8010479e-05
1.6491865e-05
1.6029927e-05
1.6099257e-05
0.00016930786
0.00022704427
0.0021971883
3.365731e-05
0.0034184938
1.6021158e-05
2.9116342e-05
0.00014463256
1.7497914e-05
0.0026237921
0.0030098078
1.6564691e-05
0.00082328022
0.00033145454
1.6046996e-05
0.0015635719
0.00010800512
1.5997474e-05
0.00023237381
0.00037169931
1.6437104e-05
0.0018340545
1.6064013e-05
4.0945697e-05
1.6262792e-05
0.00092388039
0.00034649141
1.6090514e-05
1.5860586e-05
0.00025792432
1.6008623e-05
1.6147233e-05
3.5997094e-05
3.734046e-05
9.4983835e-05
0.0015259166
1.6066505e-05
6.7155133e-05
0.001222748
0.00013522579
1.6024318e-05
1.606022e-05
5.6201496e-05
0.00010834416
0.0010844849
0.00011532632
0.00047756697
0.00035323511
0.0016789912
0.00024606124
0.0032512894
0.00016749907
1.5956652e-05
2.719232e-05
0.0036252688
1.6023354e-05
0.00010874029
0.00052059425
0.0016896054
0.00010250295
0.00067965594
0.0018576379
1.6082219e-05
1.594807e-05
0.0038782772
1.6070432e-05
0.00013613207
3.436056e-05
3.4014052e-05
0.00046169298
3.5002724e-05
0.0021747087
1.6189221e-05
1.6086377e-05
5.1077849e-05
0.00029115258
0.00033393781
0.00071068563
0.0019088432
1.6044847e-05
1.609906e-05
1.6035662e-05
1.6011115e-05
0.0011732289
1.598036e-05
0.0025998639
5.5428307e-05
0.0010844753
0.0031334026
4.804708e-05
1.6087096e-05
1.6122792e-05
1.6047648e-05
1.7138346e-05
8.2981622e-05
0.00033710352
1.5979112e-05
2.3156637e-05
1.8793186e-05
6.0812227e-05
1.5878897e-05
7.3202886e-05
1.7316077e-05
0.00027978397
0.0021168123
0.00066558514
1.6110922e-05
4.3776041e-05
4.9200168e-05
0.0002117145
0.0022313113
7.1559111e-05
4.5702904e-05
1.9064672e-05
1.6725461e-05
0.0029118141
3.280979e-05
1.6369381e-05
1.6097308e-05
0.0017350733
0.0010654608
0.001180974
0.0032231623
0.0002507149
1.9498446e-05
0.0001169952
0.0035478386
0.00043501389
3.0247036e-05
7.3518677e-05
0.0024584503
0.00066695406
0.00013324545
8.6853151e-05
1.612174e-05
1.611162e-05
1.5994573e-05
0.0015711888
1.6004829e-05
0.0010485742
0.0001222855
2.0252446e-05
0.0034336004
1.600721e-05
9.4448058e-05
1.6022812e-05
1.6277994e-05
0.00053790751
2.0770073e-05
1.5895718e-05
0.00011765572
0.00017225117
4.4881372e-05
0.00085974859
0.00055331128
1.6052703e-05
0.0020142389
6.2660089e-05
0.00051321551
0.0015982951
2.1532763e-05
1.6015393e-05
1.6082693e-05
2.0439262e-05
0.00019411029
1.6066587e-05
0.0018368143
1.6088465e-05
8.6124952e-05
1.6013751e-05
0.00011480294
4.914032e-05
1.6098575e-05
1.607079e-05
1.6081533e-05
2.6789761e-05
0.0021434525
0.00046834331
0.0022400904
4.1033217e-05
6.0546413e-05
0.00013426528
7.3582314e-05
1.8797858e-05
1.6138602e-05
1.6090692e-05
2.5244764e-05
1.5709767e-05
0.00019654785
1.6144797e-05
0.00050407649
0.00064324285
0.0021108625
0.0018716357
2.3582292e-05
0.0033706378
1.6342774e-05
1.6080109e-05
8.9326738e-05
0.00010460909
2.6597253e-05
5.6163723e-05
0.00088258007
9.90604e-05
9.7016188e-05
0.0016213447
1.6031492e-05
0.0024736281
1.5998611e-05
2.1929216e-05
1.596058e-05
1.6395063e-05
0.0015095795
0.00010723751
3.7743319e-05
0.00049229341
0.0026985156
0.0034021378
9.9959287e-05
1.594997e-05
2.1647998e-05
9.2739716e-05
3.3532931e-05
1.6121435e-05
1.6064225e-05
1.6174263e-05
1.605941e-05
0.0010005413
0.00098935265
0.0017498708
0.0001136208
7.45265e-05
6.0408995e-05
0.0018386528
0.0035698599
1.6064595e-05
0.00011700298
1.6053705e-05
4.5653027e-05
0.0028819493
0.00097965674
1.6084101e-05
0.0021292042
5.0293596e-05
2.7036663e-05
0.0025503092
0.0017239873
2.1282247e-05
0.00039100915
0.00014216034
3.4119532e-05
0.0017536945
0.00011401776
0.00065631003
1.5993121e-05
0.00053004704
0.0021510912
1.6084434e-05
0.001346551
1.6238513e-05
0.0013452803
0.00020009701
1.6012261e-05
0.0029337369
1.6749902e-05
8.9227244e-05
1.6129957e-05
1.5981485e-05
1.6063498e-05
0.00055939508
0.00020417987
0.0038689075
2.0414518e-05
0.0011548186
1.6283964e-05
3.6152136e-05
0.00023285616
0.0033506376
0.0011660062
0.00053028065
1.6103027e-05
0.0012094937
2.5051796e-05
1.5953633e-05
6.7062072e-05
0.0023019896
1.6166158e-05
0.0005872986
0.0032889249
1.6080032e-05
1.6119001e-05
1.6245995e-05
1.621402e-05
1.6031884e-05
1.5846677e-05
2.8795898e-05
2.1879692e-05
0.0023308327
0.0028736824
0.0011140177
4.4218313e-05
0.0032827808
0.00047075948
0.00018779759
0.00050032959
3.9308017e-05
0.0026767063
4.2473777e-05
0.00034019768
3.2641697e-05
3.1997993e-05
0.00010621986
0.001829742
1.6001704e-05
0.00070874953
0.001775267
0.0034190706
0.0019727079
0.0028082328
0.00019794185
1.6169917e-05
2.7486438e-05
4.483395e-05
0.00011594291
0.00035059782
7.3251826e-05
0.0014848346
1.6043483e-05
0.0023195827
1.8996883e-05
0.00044581475
1.6207767e-05
5.4385624e-05
0.0032750455
0.00036703942
8.1931763e-05
8.8852729e-05
0.0010033811
1.6171509e-05
1.6016363e-05
0.00049371684
9.7280507e-05
0.0014036814
1.667004e-05
0.00065323296
0.0020543131
1.5688035e-05
7.4631267e-05
1.6131012e-05
2.3700864e-05
2.1056335e-05
1.6729609e-05
2.2998017e-05
1.6051832e-05
0.0026182873
9.5763756e-05
0.00067360303
0.0023834734
2.0710207e-05
0.0025705855
0.00035350825
0.00068357096
3.5429144e-05
0.0012552008
0.0006676061
0.002186197
1.6321122e-05
2.5137827e-05
1.6202011e-05
0.0024040553
3.9872645e-05
7.8600012e-05
0.00015875669
2.6689769e-05
0.0018346877
0.00055492734
1.6248664e-05
0.00054778003
4.2904916e-05
0.0033220914
1.6125634e-05
1.6095612e-05
9.109626e-05
0.00032432636
3.1937609e-05
0.0027130036
0.0012016098
4.4101984e-05
0.0037181344
1.5921239e-05
0.0013515634
2.606762e-05
1.7149052e-05
0.0019491449
1.5919533e-05
0.00053721215
0.00078969079
4.5183297e-05
0.0013377174
2.1977886e-05
1.6078384e-05
1.6102972e-05
1.6119771e-05
0.0004948886
2.144856e-05
4.9893294e-05
0.0011489667
0.0029589345
1.6058449e-05
5.1089368e-05
1.6149711e-05
0.0021745142
0.00063445049
0.00028429379
1.9540049e-05
0.00083481082
0.001664226
0.0022234394
0.0001585061
1.6342693e-05
0.00099825462
0.0025153922
0.0024260279
6.4913269e-05
0.0032561625
1.6084113e-05
0.0013366656
1.6024924e-05
0.00035074287
2.4498888e-05
1.6241193e-05
1.6300118e-05
6.6392564e-05
4.1346346e-05
1.612821e-05
0.0025280633
0.00012800171
0.003257705
0.00054201149
0.00014281435
1.6062018e-05
6.1794674e-05
0.0019189271
0.0020445443
0.00050185735
1.591443e-05
0.0022199311
4.0771706e-05
1.7672857e-05
0.0032757728
3.5146803e-05
0.00066095607
9.3397165e-05
0.002471836
0.00020421498
1.6237581e-05
0.00017170151
0.0025142072
1.6158285e-05
4.1846024e-05
2.6787571e-05
0.0019478115
1.9191692e-05
1.6095967e-05
6.8658355e-05
1.6160639e-05
0.0029607927
0.0029133023
0.0014045579
1.6448026e-05
0.00032159336
3.4738941e-05
1.6150286e-05
0.0028230234
0.00057932982
3.0050297e-05
1.6101744e-05
1.6198357e-05
1.6025156e-05
1.649998e-05
9.3807203e-05
0.00077399177
5.3914646e-05
1.5960332e-05
6.0898374e-05
1.6137044e-05
0.0030848332
3.6557921e-05
3.2536379e-05
0.00070525963
0.0012297427
2.8316702e-05
3.464953e-05
0.0013806571
1.5991894e-05
0.0022929127
1.6149932e-05
0.00025839397
7.4430033e-05
0.00011526783
0.0031214009
0.0016346242
2.6861881e-05
1.614452e-05
1.6083414e-05
1.6034023e-05
3.3632499e-05
0.0031120512
1.609401e-05
1.671329e-05
2.0706342e-05
1.6604297e-05
0.0026336576
1.6081482e-05
0.00079012726
8.3178875e-05
8.3125346e-05
1.6096771e-05
0.00080711742
1.90841e-05
1.5838015e-05
4.3880636e-05
0.0018809484
1.9443368e-05
2.4447758e-05
0.0021462623
1.6027625e-05
0.0026087035
0.00017337261
2.5816578e-05
3.9749205e-05
1.639965e-05
1.5874571e-05
0.0021948964
0.0001142843
0.00212443
1.6009642e-05
2.1586746e-05
1.6230825e-05
4.6405932e-05
4.8312761e-05
5.553669e-05
0.00027252839
0.00074916801
3.3427128e-05
0.0023808141
0.00010003611
1.6121084e-05
7.2533274e-05
1.6190886e-05
0.00030447112
1.914235e-05
7.2273955e-05
1.6020684e-05
1.8464569e-05
0.00010143424
0.0021443513
0.00016629574
0.00015608275
8.2429617e-05
2.2822556e-05
0.0016776817
0.00011673431
0.0033601406
0.0025436466
0.0017274594
1.6051731e-05
1.6039604e-05
1.6780709e-05
1.6025897e-05
4.3794197e-05
1.9815656e-05
1.5785838e-05
0.00015576113
0.00032920921
1.7121663e-05
0.001842386
1.7618714e-05
0.0020611525
4.9934007e-05
0.0014266703
0.00086538592
0.00027083445
2.3076035e-05
0.0024997694
1.5996655e-05
2.6936433e-05
9.6584594e-05
0.00012519257
0.00069313172
9.7149335e-05
0.00032370246
1.850239e-05
4.0413212e-05
0.0012792886
3.6239239e-05
0.00080680253
0.00067097797
0.00014669565
0.0019083227
1.6169696e-05
2.4699955e-05
0.00049727055
1.6012348e-05
0.0035871219
0.00013585595
1.6348718e-05
1.6068028e-05
0.00072996472
0.0023864004
1.6042938e-05
0.0030184116
0.0010155189
1.6211084e-05
1.5812755e-05
1.6376665e-05
9.3788958e-05
0.0010217362
1.5997708e-05
0.00013068075
0.00011056031
0.00012518876
0.0012105541
0.0021809827
0.00020013271
0.0032644717
0.0022122118
2.3558275e-05
0.00012755052
4.3954024e-05
0.00010461696
0.0027522105
0.00028388737
0.00021287314
3.0473344e-05
3.4752092e-05
2.6589564e-05
0.00040424233
6.2293082e-05
7.4765669e-05
0.00040152626
1.6083192e-05
4.8722465e-05
1.599326e-05
1.6079855e-05
1.5980301e-05
0.00062497913
0.00088692384
1.6039629e-05
4.7277532e-05
1.6051509e-05
0.00015436118
1.8995077e-05
3.6876879e-05
6.727698e-05
0.0033337568
1.6043563e-05
1.6218388e-05
3.2405912e-05
1.6156595e-05
0.0027841047
1.6005369e-05
0.0020183535
0.0012584255
1.6156059e-05
0.0033191967
1.6109036e-05
0.00058768346
0.00037351445
1.6185048e-05
0.0024570491
6.0938853e-05
0.0015567537
3.0136928e-05
0.0030047399
0.00055845021
8.2883191e-05
0.001471012
0.0020016173
1.6533825e-05
0.00093779033
1.602103e-05
4.4174704e-05
1.6254063e-05
2.6953497e-05
1.6272621e-05
0.001746555
7.3198651e-05
4.7254944e-05
0.0021935449
0.001294447
1.6012414e-05
0.0022905812
0.0016040996
2.9618203e-05
0.00018459216
0.0019682004
0.0001241104
0.00018903851
1.6006218e-05
0.0016001037
0.0001057347
6.1487869e-05
0.0016341218
0.00017342907
2.3950018e-05
1.6068355e-05
1.6034046e-05
1.6169139e-05
8.502463e-05
1.6070236e-05
1.6054104e-05
0.0039381123
0.00013702314
0.0011027012
4.1600157e-05
1.6189012e-05
1.6238435e-05
4.3438574e-05
1.6019115e-05
0.00063276154
1.6195986e-05
0.0005568706
0.00089896965
0.001211844
0.0020469702
1.875841e-05
1.8723365e-05
4.8632765e-05
0.002545166
2.0526963e-05
2.1046904e-05
0.0010790007
1.6632637e-05
0.00086851031
1.6075975e-05
0.0032590533
0.00068116739
1.6296706e-05
0.0028307011
0.00098341207
1.6081995e-05
3.0318984e-05
0.0035439286
1.5995373e-05
3.4773706e-05
0.00022836389
2.449263e-05
0.00051568307
3.5445141e-05
1.8834515e-05
0.00011310242
0.00059829385
2.6311295e-05
0.0024837966
0.0016271805
0.00020399942
1.6713536e-05
0.0019746496
0.0012584402
0.0015270049
6.0500365e-05
0.00032924217
0.00022550028
7.8234101e-05
0.00076248265
0.00011496183
0.0036816429
0.0027540801
0.00020027
0.0031588083
0.00029278559
0.00014311453
7.3465507e-05
3.4640993e-05
1.5978376e-05
0.0021540412
0.00027208186
0.0029308574
1.5921503e-05
8.9726315e-05
0.00050189939
1.5887833e-05
1.6754162e-05
0.00013502453
0.001718417
6.884263e-05
0.00042960923
2.0428146e-05
5.9652668e-05
8.7810075e-05
1.6096615e-05
1.5898616e-05
0.0001486897
1.6101305e-05
2.6185625e-05
0.00010081704
1.600972e-05
0.00060240542
1.6037652e-05
0.0017387931
4.3261131e-05
0.0016241079
1.6065243e-05
1.5998705e-05
4.093283e-05
1.5967202e-05
0.00037187431
1.6079007e-05
9.3290437e-05
0.0011136788
1.6021118e-05
0.00068860726
2.9260004e-05
0.00055767217
0.00028519609
1.5967831e-05
0.0019471636
0.00072250695
0.0019978481
1.5872179e-05
3.8272481e-05
0.00081499858
0.00041525892
1.5952956e-05
4.3763709e-05
6.1180074e-05
8.1824874e-05
0.00011149501
0.0028498655
1.600964e-05
0.0035740874
0.0025070919
1.7480633e-05
3.9494508e-05
8.6898815e-05
1.7219121e-05
0.00026732749
0.0033819371
1.891614e-05
8.5923052e-05
0.00075695779
0.00060788439
0.00015694584
1.8719117e-05
1.5980733e-05
2.5289623e-05
1.5993047e-05
1.6189853e-05
1.612287e-05
1.6032988e-05
0.0019285586
7.6317896e-05
0.00012587882
2.3206573e-05
8.8933982e-05
3.0365103e-05
2.2583411e-05
4.316949e-05
5.158966e-05
5.0986897e-05
0.00046186831
4.364252e-05
1.6287792e-05
1.6417584e-05
0.00098329768
0.002051209
1.6241368e-05
0.00029781024
0.0010297461
0.00089871381
0.00013574016
4.1371562e-05
1.6109337e-05
1.600532e-05
0.0014401942
4.2846632e-05
3.3798147e-05
0.0011095244
0.0010438028
0.00022643604
7.5666261e-05
1.6922756e-05
1.8799965e-05
1.6082247e-05
1.6361095e-05
0.0015973661
1.931938e-05
2.0547708e-05
1.6158985e-05
0.0020976674
1.9579531e-05
1.5920579e-05
8.3327709e-05
3.2512141e-05
1.6080041e-05
0.0010257298
0.00011890033
1.6130125e-05
0.0021300492
0.0025996162
0.00088068898
0.0022936346
0.0002972093
0.00056640605
0.0011195975
1.70587e-05
4.4235874e-05
0.0019319995
9.1971175e-05
1.6116334e-05
0.0025792909
1.6112638e-05
2.3427769e-05
1.6103597e-05
1.6202447e-05
1.6221858e-05
1.618004e-05
0.00065192543
0.00011973985
6.4297912e-05
1.5992349e-05
1.6104033e-05
0.00014343442
0.0032367015
7.374417e-05
1.6050179e-05
0.0004156333
2.5620378e-05
1.6125551e-05
1.7427058e-05
2.6323061e-05
0.00021229551
1.6001875e-05
1.6409448e-05
0.0032514763
1.607295e-05
0.00011901335
0.00028946977
2.4144107e-05
0.00030503412
0.00021922786
0.0011594071
1.6082677e-05
0.0038151294
0.0012203441
0.0012863258
4.7669776e-05
6.8131621e-05
0.0019059071
9.0694034e-05
1.5902581e-05
0.0011883149
1.6170028e-05
1.9578055e-05
8.7405931e-05
7.9496883e-05
1.6077913e-05
0.0034005707
1.6427441e-05
0.00039437213
1.6178196e-05
1.6085406e-05
2.6958309e-05
1.6129471e-05
1.7547852e-05
0.00031545141
0.00010929609
1.5987481e-05
0.0022683489
0.00028484566
8.4557333e-05
1.6127382e-05
1.6070012e-05
0.0020687756
0.0017361285
0.00027067178
1.6142223e-05
1.5865381e-05
0.00015363207
3.5651463e-05
1.7674968e-05
0.00028216075
0.00098517997
0.0016953389
0.0024850677
5.9670326e-05
0.00012157039
1.9715445e-05
0.00074702574
1.6010675e-05
1.9705302e-05
2.3081324e-05
1.5935214e-05
6.0961509e-05
0.00018928907
1.5874013e-05
0.0015188926
0.0028339176
0.00012000152
0.0003247278
9.9211457e-05
2.0092345e-05
0.0018463589
0.0035175651
1.6044186e-05
1.7026548e-05
8.9463973e-05
0.0027072483
2.4678204e-05
0.0016230665
0.00011670745
1.6122938e-05
0.0023474167
3.652284e-05
0.00010714233
2.5285798e-05
3.7235532e-05
1.6146322e-05
2.6936064e-05
1.6089995e-05
0.0024587342
0.00065135131
3.5971724e-05
1.6100862e-05
0.0018326323
0.00095402465
0.00081753201
1.6554742e-05
5.1680806e-05
1.6313514e-05
0.00016282601
8.3492482e-05
0.00051654808
6.3789556e-05
0.0020686621
1.6096052e-05
1.6086847e-05
0.00010998544
2.8323558e-05
0.00038143562
0.0012919592
5.4555388e-05
1.5812272e-05
1.6497946e-05
2.2944278e-05
8.9328631e-05
0.0002580854
1.6029009e-05
0.0029671357
3.3696457e-05
1.604796e-05
0.00012357377
1.6048825e-05
7.327712e-05
0.00018337754
0.00065355208
1.6025412e-05
3.0375799e-05
1.587001e-05
0.003194913
0.00087030036
1.6022324e-05
0.0025720197
0.00011479535
1.8835881e-05
0.00055887692
3.3299865e-05
1.6050348e-05
1.5853611e-05
2.1811772e-05
8.4365754e-05
0.00047648563
1.6166281e-05
2.7382915e-05
1.5938322e-05
0.00058972038
0.00034472466
1.6084722e-05
4.1120532e-05
0.0021043508
1.5848704e-05
1.6202111e-05
0.00067288843
0.00024000809
3.3877796e-05
0.0018720337
0.00025842342
1.6015574e-05
0.0013810016
1.6090235e-05
1.6196172e-05
0.003246283
1.6115276e-05
0.00018279901
1.6128781e-05
1.6022444e-05
5.1865103e-05
1.5855745e-05
0.0035351977
2.353227e-05
0.001882649
1.5928059e-05
0.00014288489
1.6011488e-05
2.0096266e-05
0.001959936
2.082561e-05
1.6011603e-05
1.6530029e-05
0.00049008367
0.0015479717
9.6888301e-05
1.637505e-05
0.00018869199
1.6501742e-05
1.6010889e-05
1.6087165e-05
4.899153e-05
1.5943621e-05
0.0016340079
1.5886144e-05
1.5870888e-05
0.00011576835
0.00017879477
8.178012e-05
1.6007179e-05
0.001220798
0.0022368728
1.884708e-05
0.00025547013
0.0004364749
0.0018276412
0.00020719009
1.8763519e-05
0.0013213285
0.00019426118
8.4219866e-05
0.0002328823
1.5952488e-05
5.2992826e-05
2.3510643e-05
0.00013989411
1.8783653e-05
0.0022118962
0.00024282818
1.9498592e-05
2.5576881e-05
0.0018491136
0.00020866187
0.00057678334
1.6372659e-05
1.6051254e-05
0.0023681206
1.6005757e-05
1.6063804e-05
6.558184e-05
1.6279169e-05
3.5635704e-05
0.0026138633
0.0002150295
0.0012910138
2.2547871e-05
5.8593501e-05
1.6086293e-05
2.453708e-05
0.00018853526
1.6120237e-05
0.0035514983
0.0014235187
0.0011780603
1.6083876e-05
0.00013425911
0.001212339
1.5987487e-05
0.00077774248
2.2682879e-05
0.00019059295
0.00035601109
5.3982984e-05
1.6132826e-05
2.6553598e-05
1.9884973e-05
2.9394369e-05
0.00022371648
6.125663e-05
0.003324497
1.6112816e-05
1.5842667e-05
1.8056034e-05
6.1683099e-05
0.00042051877
2.5702973e-05
8.7179982e-05
1.6016711e-05
7.0461707e-05
0.0010720112
0.0019899061
0.00012712805
4.2686927e-05
0.0013042633
0.00026415852
2.8247923e-05
3.9702996e-05
3.1180628e-05
0.0031229806
9.9595576e-05
0.00077375669
1.8070753e-05
1.5960675e-05
0.0002415748
0.00039863724
0.00021193878
4.7066295e-05
1.6074234e-05
4.4354885e-05
0.00011458278
0.00012923208
0.0010229381
0.0004780563
1.6105714e-05
1.6363679e-05
0.00022595082
1.6038059e-05
7.4101676e-05
0.00061543234
5.6120259e-05
1.6705895e-05
0.0012041084
1.6026724e-05
0.00014929864
1.6189399e-05
0.0001590829
1.6922839e-05
1.9513053e-05
1.6020799e-05
1.5850825e-05
1.5996979e-05
4.709009e-05
0.0012396815
0.00062417752
5.5306279e-05
0.00025813296
0.00030429792
8.7238153e-05
1.6083912e-05
3.8136074e-05
7.2062626e-05
0.00023434387
1.5995349e-05
5.4674297e-05
1.6089672e-05
5.1783391e-05
8.1854308e-05
2.7198125e-05
0.00029354782
0.0011429909
0.0002256385
0.00011533005
1.6413007e-05
0.00062901979
0.00037094245
0.0012790065
0.0014229177
1.608377e-05
1.9803473e-05
0.00083002565
0.00069779084
5.0811473e-05
1.9991878e-05
0.0025030378
0.0034121269
0.00090940827
1.6061012e-05
0.00050308945
3.4395827e-05
0.00051906026
1.6290236e-05
0.00024465487
0.0010369463
1.6110398e-05
1.6006328e-05
0.0016700621
0.00044884992
0.00035673177
0.0030597507
0.00039449676
2.4312556e-05
0.00010831253
1.7471513e-05
0.0015515401
1.6111235e-05
1.6050601e-05
6.1400561e-05
1.7470225e-05
0.0019434333
2.8326623e-05
0.00043314758
0.00020671056
0.00071650274
2.0417253e-05
4.3283008e-05
1.6048529e-05
0.00040148805
0.0018327666
4.4022226e-05
0.00016888906
1.5993806e-05
1.6022971e-05
0.0021471988
0.0012599046
0.0010255211
4.7329611e-05
2.6676893e-05
2.2627746e-05
4.4139771e-05
0.00027144133
1.6023773e-05
1.7461394e-05
2.6015818e-05
0.0014029205
1.6122472e-05
0.0009503756
0.0014168947
0.0010135586
1.6127579e-05
1.6081948e-05
0.00075290226
0.0007275729
0.00040961464
0.00094905355
0.002429902
7.4619832e-05
0.00089585654
1.6004939e-05
0.0019837527
1.6116617e-05
1.7467821e-05
0.0001728204
0.0020257244
0.00028992891
0.0041100456
1.5877491e-05
2.0538585e-05
0.00014256437
0.00089043253
0.00032529866
2.581279e-05
1.6004494e-05
1.9298836e-05
1.6015887e-05
1.613071e-05
8.3905442e-05
6.3046385e-05
1.6113116e-05
6.1021235e-05
0.00057000307
0.00014256907
1.5941407e-05
2.4968093e-05
0.00020675344
1.5974026e-05
2.5681287e-05
0.0029861078
0.00017029914
6.0424026e-05
0.00016771172
0.0022717167
0.0029542625
2.3080397e-05
0.00055661824
0.0028625946
3.3166158e-05
0.00011352753
1.615942e-05
3.0175216e-05
1.6024759e-05
0.00016852672
1.6043394e-05
0.00078860388
6.1421724e-05
9.0861294e-05
0.00019887835
1.6033704e-05
1.6216104e-05
0.00017522202
0.00017592309
3.7756976e-05
0.00091955983
1.7945137e-05
1.8060851e-05
0.00021123966
0.0017847724
0.00055549988
0.0027932608
9.1466906e-05
0.00054749681
2.3972272e-05
1.6111743e-05
1.5999537e-05
1.6758889e-05
4.0981987e-05
6.0656597e-05
0.00085119492
2.3398947e-05
1.5920817e-05
0.00028385752
1.6003659e-05
0.00034822795
8.0334365e-05
0.0015914765
1.6118886e-05
5.7844913e-05
0.0012678141
4.4062823e-05
1.6047674e-05
0.00022040783
0.00012082108
3.0924747e-05
0.0020667516
9.3284147e-05
0.00063555028
1.6104132e-05
0.0012912766
0.0015210006
0.00046067982
0.00054897601
0.0018580196
1.5907617e-05
0.00027786161
0.0012524134
0.0013327161
0.00060736548
1.6116298e-05
0.0001938787
3.7097114e-05
6.6061267e-05
2.4413895e-05
8.2325388e-05
3.1414593e-05
0.0005950576
1.6116309e-05
0.00049279593
1.6098383e-05
1.5844939e-05
3.5376068e-05
0.00026962108
2.5806044e-05
1.615398e-05
2.0424601e-05
7.6537719e-05
0.001017451
0.00043182116
0.00023699405
1.620272e-05
1.612309e-05
2.0800009e-05
0.00040234665
0.0041195204
1.6014699e-05
1.6321387e-05
0.0036589665
9.0805313e-05
1.7546843e-05
0.00077956377
0.0028629271
0.00087371333
0.00082093985
0.00020319761
5.9670271e-05
3.2646662e-05
1.5995781e-05
0.00047067295
2.1755667e-05
1.5672131e-05
7.5841802e-05
0.0012520884
0.00035159004
1.6128091e-05
5.8753374e-05
2.2652093e-05
1.6116688e-05
1.6028395e-05
4.5785885e-05
2.9657e-05
1.6034064e-05
1.6107722e-05
1.6016243e-05
2.3414615e-05
0.003181417
1.6029203e-05
0.0026517486
1.9576586e-05
2.1997629e-05
1.6076896e-05
1.5988078e-05
3.0905412e-05
1.601462e-05
6.4829155e-05
0.0033317366
1.6080596e-05
0.0020601674
0.00012327464
0.00049107243
7.4516928e-05
1.601015e-05
1.5998794e-05
1.6204465e-05
1.610783e-05
2.0133126e-05
0.00056716007
2.9653626e-05
2.1456987e-05
6.7720852e-05
0.0032373024
1.6041698e-05
1.6009455e-05
1.6134732e-05
0.00069227492
1.6122141e-05
4.5210979e-05
8.6039805e-05
1.600626e-05
0.00039213456
2.3083888e-05
0.00012693375
0.00029239684
8.610648e-05
0.0006212453
3.7000693e-05
0.0001236845
0.00014681889
0.0012154227
0.0031976998
0.001116111
5.0249869e-05
0.00051367714
1.596327e-05
3.4737903e-05
0.00010903422
2.3114908e-05
1.8767303e-05
0.00012568836
0.00070340171
1.6053639e-05
0.0013217641
0.00029586288
5.8779357e-05
1.766977e-05
1.767185e-05
3.5059205e-05
1.7391129e-05
7.8500925e-05
1.6119906e-05
2.6923909e-05
2.9350882e-05
2.9665917e-05
0.0032752748
9.027203e-05
4.1044595e-05
1.602454e-05
0.00061185204
3.3456707e-05
2.0441932e-05
0.00079245382
0.00041496767
1.6136247e-05
1.7117419e-05
0.00026797193
1.9527317e-05
1.6117593e-05
1.5830451e-05
1.6086249e-05
1.6050715e-05
0.00027541432
3.7039825e-05
1.608325e-05
1.8292891e-05
2.4126996e-05
0.0001308444
1.6168656e-05
3.2028286e-05
3.8246615e-05
3.3850995e-05
0.0016035472
1.802933e-05
0.00012123672
1.6703721e-05
0.00012094512
6.687972e-05
1.6006321e-05
6.7270469e-05
0.0023860456
1.6001728e-05
0.00071393779
1.7432882e-05
0.0027555858
0.0026498124
0.00011537334
0.00026999518
0.00042296462
2.0282234e-05
1.6058627e-05
2.0175026e-05
1.6400921e-05
1.6362127e-05
1.5881282e-05
1.6113043e-05
0.00012753417
8.1864075e-05
1.6052525e-05
0.0020389597
1.6138561e-05
1.5999339e-05
2.1146022e-05
1.6117377e-05
0.00082695319
1.6185646e-05
8.188079e-05
0.00048639117
2.7380177e-05
6.1723357e-05
0.0020584527
1.6016576e-05
1.7542221e-05
5.2924545e-05
1.6147859e-05
0.00055641368
6.1000479e-05
1.6023042e-05
0.0027270259
0.00064988925
2.1876887e-05
1.7487834e-05
7.6002568e-05
2.543316e-05
1.5903767e-05
0.00014564918
1.6069998e-05
7.9904701e-05
1.5992078e-05
0.00074695676
1.6174657e-05
1.6142871e-05
4.8969346e-05
0.0032970318
3.6094025e-05
1.608063e-05
1.5917669e-05
0.00014250661
1.6015689e-05
8.3911113e-05
2.8332478e-05
0.0011600532
1.7856226e-05
2.3185957e-05
0.00018722444
1.5979371e-05
1.60808e-05
0.00014024064
1.589615e-05
6.1016742e-05
1.614983e-05
0.00011299012
0.0025343929
1.6297704e-05
1.613908e-05
1.6090416e-05
2.6617396e-05
5.8587354e-05
1.601274e-05
6.386146e-05
4.5593073e-05
0.00068154961
1.5938624e-05
0.00013831645
1.6196307e-05
4.7850482e-05
8.203804e-05
1.6028633e-05
0.00020710855
1.6509374e-05
0.0020270192
5.4673964e-05
2.1194747e-05
1.6082052e-05
1.6008692e-05
0.00035819913
5.7276014e-05
0.00026311002
5.8413577e-05
0.0003840117
4.8386121e-05
0.0019333714
0.0024879274
2.0064072e-05
7.3974198e-05
4.711537e-05
0.00013883234
2.4165278e-05
8.0404991e-05
0.00057953985
1.6252729e-05
1.60543e-05
0.0017332119
1.6161966e-05
1.6449939e-05
1.600468e-05
0.00066084094
2.2154206e-05
0.00094673856
0.0026582668
0.00085277196
3.4825066e-05
2.3677783e-05
0.00038902993
0.0037993475
1.9513132e-05
1.6094722e-05
0.00068398634
0.0024326962
1.601979e-05
1.9224719e-05
1.6071413e-05
1.6112971e-05
3.4476916e-05
9.1942764e-05
1.6018854e-05
2.653014e-05
8.7526676e-05
0.00022832012
1.5939333e-05
0.0021434054
0.0029128688
0.0024013528
0.00033421404
1.6021366e-05
1.7942526e-05
1.6116783e-05
0.00022310459
0.00012975012
1.6220509e-05
0.0012611896
1.6009261e-05
3.4932928e-05
5.8995406e-05
3.5982792e-05
0.00033536428
2.0692122e-05
1.5944071e-05
1.609211e-05
0.00081151102
9.1721195e-05
0.0025737508
3.0296835e-05
0.0037375365
1.6052233e-05
1.6097408e-05
0.0025864062
1.5966346e-05
0.0024498577
5.4547627e-05
0.00012563918
0.00021441768
1.6127977e-05
0.00046372947
0.00033111627
0.0017659083
0.00021617767
1.596783e-05
0.0028178628
1.6005748e-05
1.6151768e-05
5.2582024e-05
0.00015202355
6.1634282e-05
0.00030794316
7.4782762e-05
1.5987657e-05
1.6158624e-05
1.5990159e-05
0.000113128
0.0034583419
2.8229207e-05
1.8118074e-05
1.5990995e-05
0.0029898465
1.6084369e-05
1.7467458e-05
0.0010819243
5.9549987e-05
0.00037858989
1.9774666e-05
0.003338633
1.6109728e-05
1.6030295e-05
0.00034014341
0.001230404
2.7316425e-05
0.00025812714
1.6000172e-05
3.7399238e-05
3.0083731e-05
0.00033113307
0.00057431577
3.7635323e-05
1.6040832e-05
1.5994859e-05
0.0027419961
0.00010009233
1.7042481e-05
0.00010242915
1.7713127e-05
0.0005233435
1.610298e-05
4.105283e-05
0.00029307159
8.7388112e-05
3.4519025e-05
1.7579976e-05
0.002472991
1.6256484e-05
1.6002117e-05
0.00022071615
0.0020984046
0.0001849405
0.00052828797
0.0006696543
1.6001797e-05
8.230736e-05
3.042811e-05
0.0018378536
8.0157862e-05
1.6100987e-05
1.5974677e-05
4.1030087e-05
6.9468941e-05
1.6231762e-05
0.000266067
2.1243177e-05
2.0675921e-05
1.5996502e-05
1.5984701e-05
7.3800269e-05
1.5999669e-05
3.3500577e-05
3.9772199e-05
2.9037161e-05
0.0041642684
1.7079483e-05
0.00033899366
1.6045668e-05
3.3519867e-05
1.5870469e-05
0.00010602075
1.6131581e-05
1.5843746e-05
8.8026989e-05
1.6135747e-05
1.7082091e-05
0.00023485011
0.0013875301
1.6084716e-05
1.6027915e-05
0.0005816117
1.5836539e-05
2.4861452e-05
0.00051338523
0.0001765625
0.001640221
1.6020055e-05
1.6573902e-05
1.6003366e-05
4.7687615e-05
1.6124839e-05
0.0016296038
0.00050039711
7.7614868e-05
6.9630568e-05
5.7122371e-05
1.6151651e-05
0.00048937643
0.00052252223
0.00018083792
0.00028168823
0.00055569961
1.6077125e-05
6.643739e-05
0.0001137771
2.6366182e-05
1.8862377e-05
6.136584e-05
0.0014293804
1.6150716e-05
1.6019416e-05
2.2939529e-05
0.00016587871
0.00043943401
1.8648069e-05
0.00025176437
0.0036090848
0.00025310094
1.9419996e-05
7.9520647e-05
6.0308639e-05
1.60595e-05
2.258793e-05
0.0015938878
1.6113368e-05
1.6082819e-05
0.00047623134
0.00254283
1.600169e-05
2.0299451e-05
0.00027517115
1.6133041e-05
0.0021344717
0.00059783205
3.5687129e-05
1.5992908e-05
1.879455e-05
1.5985374e-05
1.5980572e-05
0.0018604909
1.6611655e-05
0.0013446905
1.6087333e-05
3.5137517e-05
1.7910408e-05
1.6223512e-05
0.0014896539
0.00055779997
4.6329088e-05
1.598005e-05
1.6027052e-05
6.1593552e-05
1.6043135e-05
7.1803315e-05
6.0272823e-05
0.00037805509
0.00039352392
0.00071353947
6.6047642e-05
2.2235301e-05
1.6014698e-05
1.6012655e-05
1.6018985e-05
6.8637373e-05
0.00031434174
1.6113532e-05
0.00075419855
0.0023161563
0.00050309816
0.0029524177
5.2705265e-05
5.3665974e-05
0.00027208052
1.5993473e-05
0.00057419098
2.6523132e-05
1.5894643e-05
1.6014744e-05
0.0027610541
0.00017016786
1.6115302e-05
1.5976948e-05
0.0015737095
0.000314373
2.9027646e-05
1.6063189e-05
3.1017734e-05
1.6383218e-05
8.1235953e-05
5.1885574e-05
0.0017215173
0.00041569957
1.5985555e-05
1.9206598e-05
0.00029149963
1.6175803e-05
1.6191168e-05
1.6113371e-05
0.00086034606
1.5997298e-05
1.6877053e-05
1.6184944e-05
1.6056027e-05
0.0011211389
0.00016051459
1.6037719e-05
1.5957605e-05
1.6019969e-05
1.6086426e-05
0.0028965354
1.5926456e-05
0.00015937937
3.7380822e-05
0.00090083057
1.6002113e-05
1.6480594e-05
1.6114194e-05
0.0011712884
0.0024497461
0.0021384792
0.00052479182
1.6111272e-05
0.00037542398
0.002048693
3.7958229e-05
2.5211665e-05
1.5969844e-05
6.1639172e-05
0.00011815049
0.00016234435
7.4345101e-05
0.00052940464
8.1966849e-05
2.8113651e-05
1.599592e-05
1.5986111e-05
1.5997298e-05
1.6306014e-05
2.5156215e-05
0.0015464791
1.6026274e-05
6.5438334e-05
1.5933265e-05
1.6239708e-05
0.00085489339
8.5441224e-05
4.6299197e-05
1.6023856e-05
3.4405344e-05
0.00057176326
0.0011683234
0.00015905584
5.1361113e-05
1.600764e-05
1.8574402e-05
3.3312542e-05
0.00046597385
0.00012358731
1.5998515e-05
7.4557416e-05
5.3776244e-05
0.00090684143
0.0012765748
5.967802e-05
1.6066648e-05
1.6030134e-05
0.0021331516
1.6015692e-05
1.6001428e-05
4.31495e-05
0.0001210201
1.8560676e-05
4.2140482e-05
2.7206688e-05
0.0013195198
1.6081708e-05
0.0017336262
1.6152713e-05
5.5791885e-05
1.6058151e-05
8.9033009e-05
1.6084102e-05
0.00015193933
1.6005183e-05
1.6107147e-05
6.8727374e-05
0.00031584279
0.00066907073
1.5986922e-05
8.2975746e-05
0.0013017909
0.00053791986
0.0034620803
2.5162286e-05
9.2741079e-05
0.00090427701
1.6102682e-05
3.9733196e-05
2.3533649e-05
1.8278764e-05
0.0024073002
3.512062e-05
2.8109876e-05
2.2724836e-05
1.5973681e-05
0.00091120668
1.6057221e-05
1.6055698e-05
1.5988995e-05
1.7170014e-05
0.0030830737
2.5993243e-05
0.00050496431
4.4834108e-05
1.6911279e-05
0.00034666676
0.00065513122
0.0022952718
1.788733e-05
0.00022424032
3.7117336e-05
0.0020800702
0.0001165149
0.0010536452
1.6002729e-05
3.2597154e-05
0.00044118446
1.6001094e-05
3.5707593e-05
5.1029397e-05
3.5669686e-05
0.0034788875
1.6014346e-05
6.8890916e-05
0.0027031052
3.2271446e-05
1.6019149e-05
1.7079504e-05
0.00048338697
0.00094159012
0.0036716467
1.5954163e-05
5.9030889e-05
0.00025820451
0.0003378759
0.00012071027
1.5960889e-05
1.8572189e-05
0.00026714906
1.6044936e-05
0.00062950749
2.4867782e-05
0.00049198518
2.1509529e-05
0.0015256811
1.6009114e-05
0.00012708393
1.8562998e-05
0.00013726901
1.6067796e-05
1.6000868e-05
0.00011447167
1.7797526e-05
0.00054895825
0.0025723392
1.7487984e-05
2.7465212e-05
1.6052763e-05
0.0014211832
0.00035950034
1.580861e-05
0.00061541946
6.1486537e-05
1.5961628e-05
0.00014863666
0.00027410135
0.003260263
0.00012350956
0.00045952409
0.00022495953
0.00025348028
1.7261141e-05
1.5999567e-05
1.600942e-05
0.00083829232
3.6349757e-05
3.6659012e-05
0.00036887546
1.6172073e-05
1.7313282e-05
1.602897e-05
2.3143995e-05
0.00094420126
0.00043466685
1.5981122e-05
0.00046202871
8.5244677e-05
0.00019757425
2.988358e-05
0.00056670586
1.9309121e-05
3.980464e-05
0.0003569709
0.00039789355
5.1299816e-05
0.00015738665
1.6002693e-05
1.6160601e-05
0.00081511039
0.00019458326
1.6130352e-05
0.0033934137
0.00039266477
2.3184507e-05
2.4583912e-05
1.6005443e-05
3.7780318e-05
0.00044039718
1.5853043e-05
1.6194139e-05
0.00071494705
0.00025285846
0.00020460015
6.975101e-05
0.00090106415
1.6049472e-05
1.917238e-05
4.1209563e-05
1.6149268e-05
1.6019503e-05
0.00051928072
0.00010048372
1.6109978e-05
1.6013162e-05
3.4578075e-05
2.8121944e-05
7.3907679e-05
3.4193129e-05
2.0163226e-05
1.6068812e-05
6.3267846e-05
5.1734672e-05
1.5979177e-05
5.6868019e-05
0.00011436717
2.4748224e-05
0.00089760244
1.6033618e-05
5.8816327e-05
0.00090236816
2.1384271e-05
1.5976566e-05
0.0035365868
0.0024947599
0.00011392254
1.6003277e-05
8.4030627e-05
0.0016167776
1.616027e-05
2.6658236e-05
0.0012341378
1.6401722e-05
0.0036602616
0.00028612032
2.2533803e-05
4.3474166e-05
2.1318798e-05
1.9515876e-05
0.00015747852
0.0007821835
0.0011112606
3.8626367e-05
1.6218698e-05
1.985947e-05
1.6398413e-05
1.599143e-05
1.6016829e-05
1.5807642e-05
4.6573542e-05
1.5963364e-05
2.2239208e-05
3.6019568e-05
0.0023778859
0.00090732365
1.6476927e-05
1.5973701e-05
8.5655436e-05
1.6027888e-05
2.2360324e-05
0.00082195435
3.5217982e-05
0.0021009106
2.6447353e-05
0.00040740683
1.6013106e-05
0.00029231588
0.0028319832
0.00011288864
6.1509239e-05
8.2460715e-05
1.6012391e-05
2.6105428e-05
2.6608788e-05
1.7466152e-05
6.4381762e-05
1.6128403e-05
6.3570597e-05
1.6006741e-05
1.6149136e-05
2.5169055e-05
1.6417335e-05
1.6124521e-05
9.1618055e-05
0.0023027062
6.0603525e-05
0.0020990959
0.00072938594
1.6011497e-05
7.86724e-05
1.884848e-05
0.0019881248
1.6051765e-05
3.140369e-05
0.00073584167
1.6008067e-05
2.9036554e-05
4.4586428e-05
1.5995858e-05
1.5992373e-05
1.5838687e-05
1.7064296e-05
1.6131518e-05
1.6347016e-05
1.6085648e-05
1.5998575e-05
7.9558706e-05
6.3721013e-05
1.6647549e-05
0.00070057904
6.3717319e-05
1.6089516e-05
1.5857553e-05
1.7340386e-05
1.612634e-05
4.6523094e-05
0.0018652922
1.6106842e-05
2.1127258e-05
0.00026759675
0.00029589654
0.00047221607
0.00087428701
5.9558647e-05
3.8019708e-05
1.5997844e-05
0.00019963324
3.7254949e-05
0.00012090775
0.00033166796
1.599244e-05
0.00019726545
1.654486e-05
1.5828269e-05
1.5795094e-05
1.5793869e-05
2.7440447e-05
1.5821912e-05
1.5944857e-05
1.5823558e-05
1.5791272e-05
1.5800702e-05
1.5796028e-05
1.5795374e-05
1.5836549e-05
2.3238309e-05
3.4043507e-05
3.2361368e-05
2.3248311e-05
1.7619336e-05
1.6254513e-05
1.5858501e-05
1.5798848e-05
1.5793983e-05
1.5828055e-05
1.5826842e-05
1.5824237e-05
1.5807075e-05
1.5789442e-05
1.5803022e-05
1.5789672e-05
1.5792281e-05
1.5798991e-05
1.5805516e-05
1.5809745e-05
1.5808827e-05
3.6533496e-05
1.8503322e-05
1.5828858e-05
1.5825762e-05
1.5820885e-05
1.58087e-05
1.5797327e-05
1.5790793e-05
2.1999571e-05
3.2186829e-05
1.591159e-05
1.5792476e-05
1.6096611e-05
1.5975677e-05
0.00091724784
7.835911e-05
0.0013144138
0.00025384591
1.6096422e-05
2.4541883e-05
1.640571e-05
2.017153e-05
1.5992443e-05
1.6107258e-05
1.5976191e-05
3.0094152e-05
6.1402052e-05
1.5980321e-05
0.0018671704
0.00043494635
2.6358986e-05
1.5985037e-05
1.7059024e-05
1.601401e-05
0.00015783204
0.00048672016
0.0012490458
8.8407242e-05
0.0009054522
1.6094648e-05
2.4260206e-05
2.4795242e-05
1.6195586e-05
0.00031223231
3.5067019e-05
1.6911151e-05
0.00083647698
0.0020288578
0.00064127537
1.6104005e-05
1.9821463e-05
0.00011297696
1.7886038e-05
1.6010152e-05
4.961996e-05
0.00060731494
4.4055785e-05
0.00027147928
1.6081663e-05
0.00011302234
1.6836393e-05
0.00043243418
3.4840382e-05
4.4952961e-05
1.6433048e-05
1.8699189e-05
3.5400658e-05
0.0032074437
5.7728963e-05
1.6080566e-05
1.5834695e-05
2.26247e-05
1.6203223e-05
0.00028029392
1.6103342e-05
1.8014509e-05
0.00020005581
1.6012541e-05
7.4549821e-05
1.5990386e-05
1.5985102e-05
0.0029074735
8.6175043e-05
0.0015740613
1.6014403e-05
2.0426355e-05
8.2725458e-05
5.3736356e-05
0.00090214749
1.601228e-05
1.72923e-05
2.2622357e-05
1.5983763e-05
0.00015615444
1.6025189e-05
3.4554763e-05
1.7171716e-05
2.0159942e-05
1.9914763e-05
4.6521297e-05
0.00013305653
0.00047316638
1.5966852e-05
0.00031016679
6.3755869e-05
0.00040911004
2.3978091e-05
4.3963567e-05
1.5983036e-05
1.626542e-05
1.6068519e-05
1.6370209e-05
1.6129811e-05
1.6090745e-05
7.1379142e-05
2.6807084e-05
1.5967538e-05
1.5894341e-05
1.597479e-05
0.00014402892
0.0020320516
0.00048471547
0.0002452557
1.5991161e-05
1.6002572e-05
1.5963865e-05
8.5349251e-05
8.9422669e-05
1.6130033e-05
2.2517026e-05
1.6000016e-05
1.5903523e-05
1.6102038e-05
0.00016531886
0.00016268504
0.0035673418
0.00064135903
1.6072556e-05
1.6646275e-05
1.608068e-05
1.6092446e-05
1.611083e-05
0.0025886287
2.9872615e-05
1.6568102e-05
1.6006634e-05
1.9415844e-05
1.6076126e-05
0.00010556484
0.0017253172
0.00027491839
1.6162588e-05
3.5842329e-05
3.7030281e-05
2.6815333e-05
1.6080605e-05
0.00071040251
8.8643681e-05
0.0001772603
0.00063887929
3.2447799e-05
7.5845136e-05
0.00075870765
0.0027507972
1.5973237e-05
1.5962251e-05
1.6166644e-05
0.00054519768
1.6267107e-05
0.0027895747
1.6090567e-05
1.5997076e-05
1.5906717e-05
1.6029229e-05
1.5992072e-05
0.00047979782
1.6121484e-05
1.5965401e-05
3.8940877e-05
1.6147627e-05
1.5970623e-05
4.6583003e-05
1.6392108e-05
1.6483208e-05
2.4802706e-05
0.0025464862
0.00030833929
1.6025308e-05
1.6247598e-05
5.1056353e-05
1.7155353e-05
3.7696094e-05
2.6021432e-05
0.0024232717
0.00023706605
2.9062133e-05
8.2027728e-05
0.00047156966
1.6567618e-05
0.00060860437
1.5965414e-05
1.6073105e-05
2.7473841e-05
1.6026426e-05
3.2236815e-05
0.00021569249
1.8061637e-05
1.607553e-05
0.00041041474
2.5674136e-05
1.5941101e-05
6.3134533e-05
0.0018580782
2.8220447e-05
6.9616556e-05
0.0016416335
0.0016087657
1.6122139e-05
1.79998e-05
1.6098428e-05
0.0017476965
3.8671248e-05
0.0032167196
1.6038833e-05
2.5823237e-05
0.0013796342
0.0024807566
7.2846044e-05
5.5659068e-05
0.00011371451
0.0020408183
3.6698611e-05
1.9301836e-05
0.00013444156
0.00035709137
2.3922964e-05
6.8793694e-05
0.00043519851
0.00026546369
9.1953999e-05
1.5980688e-05
1.6016953e-05
3.1577199e-05
1.8697883e-05
1.801251e-05
1.6249986e-05
0.00033424225
2.7160564e-05
0.0031730349
0.00015556026
0.00046375986
4.1299026e-05
1.6081271e-05
0.00011352435
0.00041650972
0.00067709669
4.6148829e-05
2.0695231e-05
0.00031117463
0.00015850211
3.2388721e-05
0.00039493639
2.6561919e-05
0.00027789361
1.601941e-05
0.00011961857
1.5913814e-05
1.6487414e-05
0.00014745172
0.0004143383
0.00012224475
1.6008496e-05
3.4073968e-05
5.3137895e-05
1.5991943e-05
0.00042188276
0.00010646063
1.6632927e-05
0.0033217722
0.00043355339
7.0634912e-05
1.6004813e-05
2.0858021e-05
0.00080104464
1.6025166e-05
1.8465332e-05
1.7338873e-05
0.00010383184
2.1263641e-05
0.00073855522
0.00034297347
1.67655e-05
3.6989859e-05
1.6572686e-05
0.0003074628
1.6000895e-05
5.4560837e-05
1.9053863e-05
0.00013546794
1.5991632e-05
1.7556788e-05
1.8034368e-05
2.4719962e-05
0.00045001468
1.6001359e-05
0.00021414164
1.8281086e-05
0.00014960421
0.0032279023
1.5993721e-05
1.599579e-05
0.002478738
1.6125461e-05
0.0028708392
0.00013496686
3.1565022e-05
2.4591004e-05
4.2791028e-05
3.9267548e-05
2.2365237e-05
0.0029129504
1.5993086e-05
1.999566e-05
1.6100509e-05
0.00027854313
0.00047920945
0.0014454955
1.6017992e-05
1.6110714e-05
1.6015093e-05
0.003522045
1.8295109e-05
4.3759816e-05
0.0037017286
1.6102969e-05
0.0002842379
0.00020020223
1.5945005e-05
4.8013688e-05
0.00074554702
0.00016298345
0.00017758046
0.00053387129
0.00015757355
1.9227558e-05
0.00089298696
0.00011722598
1.6004775e-05
5.8931876e-05
1.6017866e-05
0.0010835868
0.00025728254
8.6172765e-05
1.6039112e-05
1.5968027e-05
0.00075726995
1.611707e-05
3.5177238e-05
6.1624542e-05
1.6286016e-05
1.6083758e-05
0.00070678391
0.00020990215
1.6835683e-05
9.156083e-05
1.5997701e-05
1.6167413e-05
1.6074992e-05
8.7892424e-05
1.6032568e-05
0.00039848942
0.0012953838
0.00047419471
0.00024503867
0.0021199772
3.9452339e-05
2.6087108e-05
1.5971724e-05
0.0016139539
1.6398514e-05
1.6096918e-05
1.72413e-05
3.1006781e-05
0.00031874886
1.6013155e-05
0.0028826948
0.0031269688
1.608578e-05
0.00026945397
1.9938587e-05
0.00021482005
3.8899923e-05
3.7792612e-05
1.6013255e-05
0.00010060849
2.1323077e-05
0.00023741088
1.6116779e-05
8.3569985e-05
3.773786e-05
1.5943162e-05
0.0023343296
0.0042466908
1.5996919e-05
0.00055010482
0.0017341318
0.00074672615
0.0036617738
1.6003638e-05
6.304791e-05
0.00071296151
0.0013553359
0.00016892844
8.3523848e-05
0.00032730582
1.5979302e-05
9.1870968e-05
3.0705462e-05
0.00056076638
1.6010375e-05
0.00057945698
0.00067791506
1.878477e-05
0.00090239779
0.00042656156
0.0040438837
1.6000341e-05
0.00047507119
1.6049981e-05
2.3561367e-05
0.00054558973
1.6110573e-05
0.00024572553
0.00034869989
1.600125e-05
2.7783414e-05
1.6092789e-05
0.00013346301
4.690675e-05
0.00017537073
2.5440687e-05
9.1582886e-05
0.00014319978
0.003760888
1.585537e-05
0.0012337142
0.0007463751
1.6125465e-05
1.9582139e-05
1.6020709e-05
1.601316e-05
2.5710562e-05
0.00024934292
7.4598137e-05
1.5989833e-05
2.7361664e-05
0.00047552716
1.6038585e-05
5.4469458e-05
0.00074401609
0.00011479119
0.00027761553
1.6083843e-05
1.7259462e-05
2.3089584e-05
0.00031306915
1.5958785e-05
0.00025019196
7.121645e-05
1.5984067e-05
4.3675262e-05
8.2249956e-05
1.6382066e-05
1.6454849e-05
2.7353251e-05
1.6010573e-05
3.5413309e-05
1.6064365e-05
0.0020705032
1.6003788e-05
1.6212593e-05
1.598746e-05
0.00072401522
2.6537604e-05
0.0027952276
1.616777e-05
4.4774796e-05
1.7393812e-05
0.00027084208
0.0018408969
0.0009473119
2.2158443e-05
2.1388054e-05
1.588683e-05
1.6046937e-05
0.0019690846
0.0013983274
0.0024466754
0.00061726744
1.6196997e-05
1.6029178e-05
2.9074863e-05
0.0034415509
0.0002049589
8.5555288e-05
0.0033971193
1.6648488e-05
1.6604742e-05
1.612117e-05
0.0010090242
0.0025280617
1.5983993e-05
2.360782e-05
2.0823338e-05
0.00057885594
1.602133e-05
1.6400861e-05
1.6104748e-05
0.0018152923
2.3945689e-05
1.6627632e-05
5.4442973e-05
0.00081675875
1.6039722e-05
1.5998576e-05
1.5840219e-05
0.00024790308
1.6120474e-05
9.5916299e-05
1.6154348e-05
0.0005873704
0.00016001791
1.9886877e-05
0.00089391342
1.6023042e-05
0.0001566579
1.6431515e-05
1.632933e-05
0.0020175333
1.586315e-05
1.5983681e-05
1.6025886e-05
6.0505934e-05
5.5427028e-05
0.00098339606
1.6139666e-05
2.1123807e-05
1.6012107e-05
0.0038728209
0.0030656946
0.0011232165
1.6086217e-05
1.6113172e-05
2.2547377e-05
1.5862552e-05
0.0015753161
2.0855104e-05
3.6679864e-05
1.9320908e-05
5.0786056e-05
2.2513505e-05
0.00045909085
0.00059558841
0.00030917113
8.2777609e-05
1.6124325e-05
0.00040731
1.6230049e-05
1.599747e-05
1.6293969e-05
3.0052267e-05
3.8196871e-05
0.0018690371
3.6310713e-05
0.00013358833
1.6190477e-05
0.0013837193
2.777338e-05
1.6080735e-05
0.00023031035
0.00033475397
3.5083969e-05
1.6036394e-05
1.6084509e-05
1.6114388e-05
1.6028296e-05
0.0035734486
0.0033813052
1.601819e-05
0.00052656819
0.0023878016
1.6223552e-05
0.001362555
3.0161091e-05
0.0023178933
1.6109287e-05
0.00050982987
0.00019636749
1.6008183e-05
0.00096275167
0.00037247879
5.1242237e-05
1.5997559e-05
1.6031611e-05
0.0033351785
1.599425e-05
1.5981067e-05
7.2794749e-05
1.6062079e-05
0.00019658188
1.6036987e-05
1.7046976e-05
1.6084004e-05
1.6013926e-05
8.6148649e-05
4.3462117e-05
1.5991822e-05
3.4577556e-05
0.0014499918
1.6029528e-05
1.606427e-05
8.1845509e-05
1.600287e-05
2.4283287e-05
0.00049836872
0.00023734611
0.00013604605
5.7399385e-05
2.0220753e-05
4.6111309e-05
1.6041482e-05
0.0006408597
0.00059174946
4.3121939e-05
1.6147053e-05
0.0019757295
0.0022708035
2.3140646e-05
1.6056663e-05
0.00010355466
1.6019335e-05
1.6093117e-05
6.115654e-05
5.7975363e-05
1.8056607e-05
0.00092622
1.6080457e-05
2.5816449e-05
1.5991181e-05
1.6073302e-05
1.6834227e-05
0.0002330373
1.598708e-05
1.6042486e-05
8.8415138e-05
2.122534e-05
4.6358634e-05
1.6204671e-05
1.6093944e-05
1.600013e-05
0.00039409276
0.0028508384
2.8258137e-05
1.617853e-05
0.0010548715
0.0013498637
0.0018081059
0.00017294238
1.6105547e-05
3.705845e-05
0.00048465786
2.1710114e-05
2.5627309e-05
5.2701673e-05
2.0296091e-05
1.5999611e-05
2.3109382e-05
1.7799406e-05
0.00013194598
6.4990342e-05
3.4449889e-05
1.6018495e-05
0.000801816
1.6191891e-05
0.0012247538
0.0019527734
0.0027333895
0.00028846556
6.7207235e-05
8.7101823e-05
0.00089319713
3.0349072e-05
1.6194614e-05
0.00022883802
0.0025221266
1.8648939e-05
0.00018621231
1.6025634e-05
0.000160029
1.6107554e-05
0.0020969117
0.0012745546
1.5993953e-05
3.4352773e-05
3.2560686e-05
0.00030278911
1.6107488e-05
0.00040648901
0.00018227061
6.131576e-05
1.6066372e-05
1.601286e-05
0.00013198205
1.6060302e-05
0.00010849467
1.5999104e-05
3.7339734e-05
0.00032336131
4.8172085e-05
0.0001110222
9.2661781e-05
0.0021580715
0.00019848758
2.3090005e-05
0.0025177066
2.6357845e-05
1.6034426e-05
3.7926574e-05
0.0026992576
0.00089671117
1.5950767e-05
0.00012370926
7.6193666e-05
0.00029463258
0.00047560221
0.00027437735
0.00023764398
0.0023592539
6.1280419e-05
0.0026169079
0.00027460878
0.0001239741
1.9051182e-05
0.00047648139
4.5362239e-05
1.599616e-05
4.4645856e-05
0.00013998303
0.00030339482
1.6141853e-05
8.0105331e-05
0.00069778378
2.4992105e-05
1.6047137e-05
2.3516403e-05
8.0087407e-05
1.5983825e-05
3.4804397e-05
1.6164871e-05
3.2519988e-05
1.600772e-05
9.5897904e-05
1.58465e-05
5.1727478e-05
4.6443553e-05
0.00019862125
0.00045264116
1.9204158e-05
5.3036221e-05
1.5882829e-05
0.00078912716
0.00225986
0.000111531
6.0371386e-05
2.4743718e-05
0.00051127009
3.0587576e-05
0.00013689701
0.00241146
1.5842807e-05
1.7466609e-05
0.0027819545
1.601602e-05
2.0679097e-05
2.4573944e-05
6.5998102e-05
6.5595004e-05
0.00015222745
8.6470576e-05
0.00011742205
1.6178766e-05
0.00032801605
2.5985567e-05
1.5973135e-05
1.6012513e-05
0.0013036777
0.001496305
3.5206509e-05
0.00012333496
0.00079483282
4.8089079e-05
6.0151533e-05
3.4618568e-05
1.751607e-05
2.4158891e-05
0.00032979385
0.00020275731
2.1141671e-05
3.6923627e-05
0.00089000643
1.595469e-05
0.0012245302
0.0026807648
0.00060163449
0.0012651808
1.6109606e-05
0.00015516357
1.6092511e-05
7.2582659e-05
7.2532854e-05
0.0041964405
0.00026387264
2.0090072e-05
1.8463192e-05
0.00018404696
0.0025303666
1.6017886e-05
0.0026353983
0.0013073065
1.6002809e-05
0.0016087473
1.8116031e-05
0.00011785359
2.072885e-05
0.00049609282
0.00023787301
8.0601043e-05
0.00034601545
3.2474389e-05
0.0018243265
0.0024527313
0.00020293707
0.0011027291
0.00041890222
1.6671714e-05
0.0003570615
0.0023809298
4.6005352e-05
0.00060992572
1.6101749e-05
1.6302038e-05
1.743256e-05
0.00020478119
7.4052058e-05
6.8891931e-05
0.00017828305
2.054527e-05
5.6128127e-05
1.6025025e-05
1.6153845e-05
1.6369499e-05
1.6150416e-05
1.6599292e-05
5.0743447e-05
0.0025125072
6.9464283e-05
0.0012753323
2.7306807e-05
1.6075197e-05
0.00010616526
1.6024892e-05
1.5788797e-05
0.0023552286
7.9704572e-05
0.0023929039
0.00028059503
6.4962009e-05
1.6076416e-05
6.7059764e-05
0.00042831869
5.0961811e-05
0.00031610551
1.6006603e-05
2.3887936e-05
1.6133559e-05
0.00097936268
0.00015395907
4.3304217e-05
0.00024871999
1.7456352e-05
0.00084703345
0.0032431138
0.0015309462
0.0025230568
4.5949146e-05
0.0005782161
2.0280417e-05
0.0022786135
0.0017673245
0.00061552247
4.3958362e-05
0.00067135917
0.00069695678
0.00071604859
2.1506099e-05
2.3671784e-05
0.00042223142
0.00090103682
1.9825457e-05
1.6014371e-05
0.00028720073
0.00061981741
1.6504557e-05
1.7877026e-05
1.6401689e-05
2.7152393e-05
0.00016905189
2.9340448e-05
0.00018378272
7.8324554e-05
1.5746872e-05
1.6011372e-05
2.2407823e-05
1.5982331e-05
0.00048345634
0.00054036337
1.5971941e-05
8.4118886e-05
1.6076421e-05
0.00049450436
1.6050376e-05
2.6609741e-05
1.5935997e-05
1.5777141e-05
0.00056307382
5.2038685e-05
0.001077332
0.0021641129
3.4836169e-05
0.00016152832
1.6006964e-05
0.00095080053
1.6072931e-05
9.4179407e-05
0.0018429063
8.362523e-05
7.4045479e-05
0.00060996318
1.6089342e-05
1.6113318e-05
0.00056644368
1.7585477e-05
1.5899443e-05
0.00015531879
0.00016107894
7.5175566e-05
4.9398989e-05
3.2433752e-05
2.1821452e-05
0.003095415
1.5839449e-05
0.0001612523
0.0010414497
1.6268275e-05
0.00019103756
1.6013598e-05
5.6228119e-05
3.5176176e-05
1.6194443e-05
1.5988565e-05
1.6138341e-05
7.7250717e-05
2.1537707e-05
3.3795286e-05
0.0021446699
1.5948443e-05
1.6804991e-05
9.829348e-05
1.8155628e-05
0.00021337705
1.5989445e-05
0.00048178296
0.00012199593
0.00072323899
1.5868115e-05
0.00019134606
2.9753917e-05
0.00028564867
1.662567e-05
1.9306081e-05
0.0017297619
4.390291e-05
0.0032712917
1.6108958e-05
1.6228498e-05
0.00046447984
1.6246553e-05
1.6108822e-05
1.6207137e-05
0.0021425391
1.6090109e-05
1.6003111e-05
0.0030044573
7.1600019e-05
0.00020946844
7.8500658e-05
6.0743938e-05
0.00012973506
3.8878988e-05
1.6048244e-05
1.6193047e-05
1.622218e-05
1.6049171e-05
2.3460918e-05
5.4559246e-05
0.00012146277
0.00048045144
0.0009084737
1.9781255e-05
6.9081326e-05
0.0036210188
1.6712992e-05
0.00011893479
3.3332253e-05
1.5999694e-05
2.6915709e-05
4.7057841e-05
4.2091607e-05
1.6316676e-05
0.0020225363
0.00026641049
3.5981103e-05
3.3487805e-05
0.00090510096
4.6786801e-05
1.6523844e-05
0.00054528947
1.6155001e-05
6.1193758e-05
0.0012109225
0.00098056226
3.3448873e-05
8.7016331e-05
9.9957863e-05
0.00090454443
1.6082159e-05
6.8676343e-05
1.6042007e-05
0.00040881054
1.9935894e-05
8.165217e-05
0.00010918414
0.001127219
0.0027877445
2.8948054e-05
0.0001426507
0.00013740544
1.6083469e-05
4.4058178e-05
0.00066298944
1.971745e-05
0.002324187
1.61255e-05
1.6067079e-05
0.0032252562
2.4266944e-05
0.0004984105
0.0028627618
6.4543852e-05
0.00018933771
1.7423841e-05
1.5858289e-05
1.6017808e-05
5.340647e-05
1.6073439e-05
4.4777741e-05
0.00078546587
0.00023509922
4.4090425e-05
0.0026400021
2.7253959e-05
0.0017546308
0.00036005254
4.0192514e-05
9.1497361e-05
1.6149242e-05
1.6250468e-05
0.00063899367
3.5942677e-05
1.6163214e-05
0.0028846407
0.00052610277
0.0036730368
0.0018520193
8.35047e-05
1.6019993e-05
5.3337413e-05
1.6098815e-05
2.3146165e-05
0.0012664614
1.9280525e-05
0.00014167948
1.6293172e-05
9.2329934e-05
8.2012731e-05
0.0030926031
3.5993718e-05
1.6047137e-05
4.1035766e-05
1.6553177e-05
1.5970793e-05
0.0028089524
1.6137554e-05
0.0020132455
0.00092923437
1.5918336e-05
0.00049979506
2.2413976e-05
1.595836e-05
1.5983898e-05
7.4259813e-05
0.00012365496
3.6013821e-05
1.8860971e-05
9.2595948e-05
0.00025752699
0.00010588389
7.84736e-05
4.3484434e-05
1.6780915e-05
1.6032666e-05
1.5929567e-05
8.0146014e-05
3.6283454e-05
2.3568792e-05
1.61198e-05
1.6126468e-05
0.00016579216
0.0038849115
0.0028211831
0.0012212669
0.00022642925
0.00079057724
2.7205545e-05
1.6122531e-05
1.6085203e-05
0.00011679147
1.599041e-05
6.1551249e-05
0.00031139988
0.0014799624
1.603822e-05
0.0008973107
0.00062815386
0.0013098608
1.6018587e-05
1.6175822e-05
1.599983e-05
1.6083939e-05
1.953411e-05
2.007323e-05
0.00013563051
0.0035003008
1.5995127e-05
0.00016264851
1.6028328e-05
7.6479775e-05
2.02179e-05
1.6106334e-05
0.00023250794
2.6807347e-05
0.0028472331
1.5877928e-05
0.0040763183
2.8800966e-05
1.6024832e-05
1.5999736e-05
2.3408853e-05
0.00019105319
1.6121485e-05
0.0018412936
1.9857141e-05
1.6005132e-05
0.00022846092
0.00012028906
1.6101922e-05
0.00057547622
0.00014395507
0.0030981424
1.6082285e-05
0.00033016142
1.6029572e-05
0.00047894314
5.5182699e-05
2.5205036e-05
1.6096608e-05
2.6110163e-05
2.1636614e-05
0.00028314827
4.8817798e-05
1.8071473e-05
0.0031987404
1.6133948e-05
0.0038638634
1.612067e-05
9.1636903e-05
0.00029210245
1.6877317e-05
2.3301488e-05
1.6041303e-05
0.0028069472
4.8405575e-05
6.8565317e-05
0.0030889414
0.00023336854
0.0018252909
1.6141587e-05
1.9062923e-05
0.003327498
0.00044006155
1.6391243e-05
0.00026083648
0.00028253803
0.0030602077
0.0027711936
1.6224556e-05
1.5974321e-05
0.00062704468
0.00078313825
8.2564842e-05
0.00094521032
0.00031010394
8.7320815e-05
4.1102586e-05
2.5144604e-05
0.00014424589
5.6424015e-05
0.0019666293
1.6133375e-05
1.5952918e-05
2.1369912e-05
0.00011882094
4.3470845e-05
1.6129961e-05
0.0025460317
0.0011929435
0.00037445084
1.605847e-05
0.0028004704
0.0027269189
0.0018739069
0.00028100964
0.00012608934
7.7843788e-05
5.8602e-05
5.375958e-05
0.0001241999
0.0026347057
0.0014909457
1.6348858e-05
0.00033850961
6.3502683e-05
1.7241079e-05
0.00011208035
0.003826345
0.00049915769
1.6182313e-05
1.6823785e-05
0.0022355549
1.6076158e-05
0.00050952654
2.1752415e-05
0.00047824343
3.8208822e-05
0.0001768167
1.5907761e-05
1.5997877e-05
0.00029585155
3.9727653e-05
0.00015387584
1.6162446e-05
0.0005648625
0.0016628712
1.6102591e-05
1.6221038e-05
0.0019345826
0.0012429196
2.0429519e-05
0.00092823773
0.0012064448
1.6413049e-05
0.00011385604
0.0016547654
0.00098159278
1.7774861e-05
0.00014446713
7.4475058e-05
0.00060221189
7.1764417e-05
0.00020744022
2.3070909e-05
7.5251733e-05
0.00026883799
1.5996337e-05
1.6164153e-05
0.000578962
0.0020422044
0.0002425905
9.106582e-05
1.6207581e-05
0.00010050862
1.6221388e-05
1.5911776e-05
0.00037144042
1.6125284e-05
0.002767295
0.0028209854
8.2078256e-05
1.6807609e-05
0.002089507
1.7711164e-05
2.6719999e-05
1.607736e-05
1.7470312e-05
1.587395e-05
1.6418361e-05
0.00022922982
0.001521935
0.00079385839
0.00011605264
2.5058545e-05
0.00012248337
0.00083034616
8.4889376e-05
4.3578469e-05
0.0025633437
2.1582037e-05
7.933326e-05
1.6075812e-05
2.732469e-05
0.0010113635
0.0014182181
0.00011921377
0.0017243694
0.0024921731
1.6139362e-05
0.00022981651
2.2654378e-05
1.696348e-05
8.7019158e-05
9.3204431e-05
0.0019590603
1.6079643e-05
2.4305914e-05
1.6082659e-05
0.00048085655
1.8112175e-05
0.002143021
8.3764233e-05
1.7027219e-05
0.0021841022
0.0018649033
3.5187555e-05
0.00076471857
2.1239102e-05
6.84436e-05
1.6399392e-05
1.6199896e-05
1.6045301e-05
0.0014341687
0.0016198273
0.00011368885
0.0003779329
0.00028833051
1.7157152e-05
4.3323229e-05
1.591604e-05
1.6132798e-05
3.91144e-05
8.7610127e-05
1.6186928e-05
0.00047032826
0.00027606377
8.1806288e-05
2.1204922e-05
0.00030226107
1.607204e-05
0.00011421302
0.0033300605
1.6127178e-05
1.6166529e-05
0.0024634313
0.00035897225
0.00075265132
3.7370136e-05
6.5420522e-05
0.0018432142
5.5646117e-05
3.5917415e-05
6.7109275e-05
1.6199316e-05
0.0017736729
1.6015742e-05
1.6082836e-05
2.4417269e-05
0.0015996527
2.6622702e-05
2.2206916e-05
1.8029044e-05
1.6110315e-05
1.6183601e-05
1.597663e-05
3.2577658e-05
2.0922258e-05
1.599582e-05
4.8066813e-05
1.6114952e-05
6.6928118e-05
2.6457588e-05
1.6018959e-05
0.0023096541
1.6016285e-05
5.1781102e-05
0.00020717141
0.00054546563
0.0013698408
1.6069282e-05
0.00077936338
1.6075392e-05
0.0022817874
1.5935306e-05
0.00021433994
0.0014135327
0.0014236458
2.671646e-05
0.00011546029
0.00074316287
1.6027471e-05
8.1540874e-05
5.2895813e-05
0.00032444128
1.6386475e-05
1.5993618e-05
0.00029758487
1.582597e-05
6.5506406e-05
0.0022042139
1.9086328e-05
0.002664592
0.0021114743
1.5999426e-05
2.1925886e-05
1.6063001e-05
7.3460796e-05
4.1079707e-05
2.8096996e-05
0.00012942907
0.00052307156
9.6219372e-05
0.0033557887
0.00067831471
0.00074105333
0.00011593608
0.00046199874
2.7221941e-05
3.0976262e-05
0.00072183704
0.0012771176
1.6056385e-05
1.6043953e-05
3.9512759e-05
0.00044699328
0.0019590248
3.1670388e-05
1.8474069e-05
3.0064224e-05
0.00020534377
9.1151944e-05
0.0034072912
1.633509e-05
4.5682662e-05
1.6049521e-05
1.6503314e-05
0.0013042097
1.6144953e-05
1.6183913e-05
1.6076807e-05
0.00022502764
0.00027364595
0.00076244701
0.0006637087
4.3388365e-05
1.6006572e-05
1.639604e-05
3.982658e-05
1.6743013e-05
2.9396462e-05
9.319998e-05
1.6039901e-05
1.6012704e-05
0.00027681871
5.1254258e-05
3.2224819e-05
1.6085216e-05
0.0014305312
1.6080311e-05
0.00011298371
0.00039384068
0.00044626789
1.7491904e-05
0.0025398352
0.0002839421
1.6070129e-05
1.6018788e-05
0.0029862785
1.9444659e-05
0.00052778764
0.00089468588
1.8405595e-05
0.00067901883
1.6157137e-05
0.00011299879
8.5987488e-05
7.5775156e-05
1.6500933e-05
2.4671649e-05
0.002561714
1.6049086e-05
9.186139e-05
1.6035031e-05
0.0010626762
0.00014196554
0.0027130998
0.00012236852
0.0019437174
0.00015991298
1.6569841e-05
8.189145e-05
1.5893385e-05
1.8676335e-05
1.609978e-05
1.6982038e-05
4.8226135e-05
0.0026693522
9.152002e-05
1.6165402e-05
0.0016567889
0.0034177775
1.6017698e-05
1.6011205e-05
1.5993314e-05
1.6943287e-05
2.4095347e-05
1.61507e-05
2.7495001e-05
1.599494e-05
1.5716307e-05
0.0024136872
0.0027101458
0.00024098844
4.6819369e-05
5.0635359e-05
0.0004011838
1.6206888e-05
0.0032198815
4.0367737e-05
0.00010507126
1.9182398e-05
0.00026087523
8.4745018e-05
0.0020574476
0.00021992511
1.6028669e-05
0.00026363934
0.00131391
1.6090782e-05
0.0016509891
0.00014805283
0.00046708721
0.00033256399
0.00026602348
0.0018054654
0.00065971368
0.00055528979
1.9185535e-05
0.0002507838
3.4466076e-05
0.00012116375
0.0024603536
2.2267044e-05
1.610724e-05
2.7570266e-05
0.00031411832
0.00050011159
1.896769e-05
0.00097628159
0.00037477828
1.6263733e-05
5.2786159e-05
9.8941481e-05
1.6117041e-05
1.6840335e-05
4.9920235e-05
0.00012946365
0.0015136023
1.6021622e-05
1.6400989e-05
1.5841739e-05
3.3922972e-05
0.00096247322
1.6024158e-05
4.5945588e-05
0.0018755501
0.0012701766
2.0015515e-05
0.001063949
2.1654351e-05
0.00056445033
0.0022445051
1.5908095e-05
0.0015445689
0.0027758685
1.6221226e-05
0.00060601405
1.6106907e-05
3.459939e-05
4.3980495e-05
0.00029990448
0.00013108331
1.6291539e-05
0.0022062018
1.6168152e-05
0.0021154249
1.5750746e-05
0.00083676778
0.0024401016
1.6120733e-05
0.00012077308
0.0023116902
0.0020332114
9.32139e-05
0.0011933132
4.869297e-05
1.6041841e-05
0.0004848383
0.00016947123
1.6182635e-05
0.00080334462
1.7336168e-05
0.0011886203
2.0435089e-05
0.0030853481
0.00053511055
4.5379602e-05
1.6025456e-05
0.0029752301
0.0001163845
1.8985329e-05
1.7621026e-05
3.8641363e-05
3.256137e-05
0.00016249208
1.6092692e-05
4.733672e-05
1.6208806e-05
0.00051075858
0.0022519622
4.4083182e-05
0.00050747212
5.9618156e-05
0.0017421399
0.0008589462
1.5882413e-05
1.6145695e-05
1.6063828e-05
0.0037112582
1.6248378e-05
1.6143123e-05
0.0017159384
0.0021844257
8.4633115e-05
0.00058061749
1.6231759e-05
4.7643682e-05
0.00089619431
0.0014445358
1.6286687e-05
0.00012785525
1.5992282e-05
0.0018468758
1.8278313e-05
3.2370055e-05
0.00017589778
0.0038018594
0.002047722
3.0379215e-05
0.0020119648
4.274036e-05
0.00044170349
1.5935593e-05
1.5955546e-05
2.2616622e-05
1.5940582e-05
4.298957e-05
1.6493394e-05
0.00069079991
0.0034507133
0.00077179665
1.6152486e-05
4.6185051e-05
9.9240273e-05
0.00023767915
0.0033678952
1.6136818e-05
1.6124349e-05
1.6033912e-05
2.6810538e-05
0.00075314303
1.6122506e-05
0.0026985672
0.0020265719
9.344438e-05
0.00049432352
4.4287986e-05
1.5982969e-05
1.605928e-05
3.5714275e-05
0.00086622169
0.00026260527
5.7046661e-05
0.0026001577
1.6172792e-05
5.72921e-05
3.9293843e-05
0.0022426076
0.0027213063
4.4522845e-05
5.7525441e-05
1.6236803e-05
9.2631041e-05
8.3575828e-05
1.6057897e-05
1.6173674e-05
1.6045694e-05
0.00085126516
0.00012370294
9.8776005e-05
3.6058168e-05
0.0002626613
0.0017830706
5.5734794e-05
0.00050814331
3.9772693e-05
0.00066392572
0.0002825171
1.6037788e-05
0.0016346897
6.2616996e-05
3.0946308e-05
1.6319276e-05
1.6566753e-05
1.6104773e-05
0.00020290407
1.6055732e-05
1.6200505e-05
1.6017454e-05
0.00053307678
0.00028783954
0.00067582513
1.6280819e-05
1.6428894e-05
1.6044615e-05
4.3256893e-05
1.6110969e-05
0.00080989345
6.240491e-05
0.0001049469
0.00063993943
4.7006131e-05
1.6478201e-05
1.9545613e-05
4.7010691e-05
0.0014983496
1.5950109e-05
0.0018124769
8.6191407e-05
1.6031046e-05
7.6971693e-05
0.00057731889
5.4493515e-05
0.0028587994
1.6058715e-05
0.0008078521
0.00088868181
0.00012146525
0.00039341562
1.6054372e-05
0.00016570434
0.00068345295
3.3732363e-05
0.00012879896
5.2013329e-05
0.0014980725
1.5999661e-05
0.0026280096
0.00064594388
1.5804801e-05
1.9825513e-05
0.00010610201
0.0002278052
0.00090329995
1.6207053e-05
0.00062487635
0.00093797353
0.00058625431
5.2817639e-05
3.0123692e-05
2.6813097e-05
0.00017883057
3.7901577e-05
8.2490251e-05
0.0016376629
1.6074118e-05
0.00051255894
1.6398298e-05
3.4617664e-05
4.5704274e-05
1.7454089e-05
0.0019301157
0.0023714865
4.5727061e-05
0.0014217678
1.6140781e-05
0.00017907069
0.00010524475
0.001252143
3.3580177e-05
1.597956e-05
1.6016793e-05
0.002224587
0.00063656645
4.3490664e-05
1.5895995e-05
0.0010016797
2.9046004e-05
0.0018531372
0.00013485996
0.00015296411
4.392454e-05
1.6183325e-05
0.00033988202
1.5788868e-05
0.00071556011
2.9013503e-05
1.5880136e-05
3.8062375e-05
2.5385442e-05
1.7281468e-05
0.0040281227
0.00015866784
0.00013615524
1.6189908e-05
2.8772679e-05
8.283134e-05
6.7676169e-05
1.6116831e-05
1.5956531e-05
1.6268084e-05
1.6110707e-05
0.0013372057
0.0025485649
4.0979163e-05
4.0519629e-05
0.0028841622
7.2764197e-05
4.8227795e-05
9.8245413e-05
1.6117648e-05
1.5905665e-05
0.0020292749
0.0021237041
0.002351077
1.5991824e-05
6.61089e-05
1.6123331e-05
1.9956373e-05
0.00021077526
0.00053572213
0.0026840936
3.9273863e-05
0.0015217147
0.0008783502
0.00022352648
0.0003246987
3.6268115e-05
1.6473882e-05
1.6047757e-05
0.00057283968
1.6194353e-05
1.6740769e-05
1.9265119e-05
2.176981e-05
0.00069862492
0.0018701937
3.7480748e-05
1.6305262e-05
4.3599943e-05
1.6351611e-05
2.2262198e-05
0.0015396143
0.00027877978
0.0011735689
1.5967736e-05
3.8182028e-05
0.0031116998
0.00074711504
0.00081183594
1.8764651e-05
0.0013622602
2.2397955e-05
0.0033402737
2.1707293e-05
3.78578e-05
0.002046528
0.0035814162
0.00023191483
0.0033087809
0.0016137822
0.0032726503
0.00014916023
3.2269086e-05
0.0028354042
2.6779807e-05
2.2562469e-05
0.00020483034
1.6011909e-05
0.00028340685
9.4540655e-05
4.1894011e-05
4.295327e-05
0.0014653777
0.0015076561
5.8450625e-05
5.0675211e-05
0.0029102179
8.3375223e-05
0.0027804664
2.6400662e-05
0.00013095757
0.00066265972
7.4174115e-05
0.0027406385
0.0021494979
0.00013626203
0.00062861526
0.00041423092
9.5986389e-05
0.0016610818
0.00017499461
1.5831595e-05
0.0039675468
0.00047364817
0.003980862
5.6459945e-05
0.0010204158
0.00020533143
0.00052684063
0.00036980046
0.0033415575
5.571958e-05
0.0004840675
1.6105005e-05
0.00019996686
5.5462756e-05
0.0026327336
6.2963582e-05
2.7184159e-05
0.0019523152
1.58929e-05
1.5948838e-05
2.9119573e-05
2.4997341e-05
1.6252171e-05
0.00037594105
1.6082907e-05
0.00096333952
0.00022786614
4.1578568e-05
0.0020498963
0.0010341524
4.3497735e-05
0.0033903294
0.00056892198
1.6065356e-05
2.9061945e-05
1.6032064e-05
1.5912688e-05
0.00030296942
0.00080039762
0.00020078735
0.00081202128
0.0013250938
0.0023182123
0.00344141
3.0308624e-05
0.0032586913
1.6392501e-05
0.00018005016
6.1642237e-05
0.0003292391
0.00046790076
1.5993923e-05
1.657335e-05
0.0020726451
1.6041147e-05
1.6341575e-05
1.5946851e-05
0.001977806
0.0028137014
1.6060614e-05
7.228037e-05
1.6096172e-05
0.00044265612
9.3357593e-05
1.6045879e-05
5.9079107e-05
1.6032365e-05
0.0017951344
5.1390835e-05
0.0029388171
0.00011451884
0.0024008627
0.0027684626
1.6504031e-05
1.6029147e-05
0.0019336416
1.6603031e-05
2.9641539e-05
0.00011516189
9.6617861e-05
1.8278781e-05
0.00025371432
0.0013820569
4.3546313e-05
1.6038255e-05
0.00011702381
1.6022726e-05
0.0010713167
1.6004313e-05
0.00018465829
2.1824963e-05
1.6152385e-05
0.0039826731
1.6427983e-05
1.9116945e-05
0.00051430279
1.601899e-05
0.0010013443
0.001087005
0.00015363988
1.604823e-05
0.0030263994
1.6019408e-05
2.6419596e-05
3.243624e-05
2.9675386e-05
0.0006865578
2.2993809e-05
1.6035809e-05
1.5990863e-05
0.0016256158
2.3410391e-05
9.2416762e-05
0.00060019146
2.0948877e-05
0.00066288414
0.00011232102
0.0028167005
0.00011656246
1.6617426e-05
1.6002977e-05
1.6016399e-05
0.00047231574
1.601782e-05
0.0005427414
0.00029114172
0.0029906026
0.00054669874
0.0033363007
0.00014148075
2.1230629e-05
4.8225555e-05
1.6063546e-05
0.00013575303
8.1822149e-05
0.0024357373
4.4933325e-05
0.0012984793
1.6066813e-05
1.6024609e-05
1.6147194e-05
0.00086163873
4.2461465e-05
0.0020690483
0.00027358731
4.5467342e-05
8.5931e-05
0.003451563
0.0034473059
1.6139436e-05
0.0024375155
2.6538836e-05
2.3917332e-05
0.0030857773
1.5986876e-05
0.0009020973
1.6038266e-05
1.6392135e-05
1.6315597e-05
0.00091527008
0.00058892894
5.7918705e-05
0.00022637743
1.6113119e-05
1.6116032e-05
3.6490189e-05
0.00090470395
1.6318065e-05
0.00068918133
3.6907143e-05
0.0018351145
0.0033313026
0.003094355
1.6002751e-05
6.0883138e-05
8.1064065e-05
4.6089273e-05
0.00019521948
0.00069224432
1.635861e-05
0.00049140795
1.6972329e-05
1.6309593e-05
0.00052446689
0.00014676643
2.3181463e-05
0.00056502983
0.0030591063
1.7608517e-05
0.0019032065
1.6803224e-05
0.0018270042
0.0006681495
1.5847285e-05
2.1649748e-05
4.345482e-05
0.00015519004
4.1135256e-05
3.3587327e-05
0.00041885465
2.9697265e-05
0.0019996282
4.9947889e-05
1.6018078e-05
1.5947527e-05
1.6064084e-05
8.0792116e-05
1.760659e-05
1.9409267e-05
2.1639983e-05
0.0019213645
1.6228637e-05
0.0012651689
3.0020576e-05
1.6020755e-05
4.4591979e-05
2.1340508e-05
1.6781329e-05
0.0018932577
0.002171538
1.6069383e-05
0.00065482912
1.6298753e-05
0.0015545143
1.6026124e-05
3.0367523e-05
0.0027713078
0.00043923865
0.0019331704
1.6048062e-05
1.8780579e-05
1.5962066e-05
1.733928e-05
0.00040787953
2.2951218e-05
7.4536039e-05
2.9001032e-05
0.00032633764
0.00078177842
0.0019606385
0.00088903759
0.00021279752
3.8872215e-05
1.6125329e-05
1.6066689e-05
1.6003069e-05
1.606657e-05
1.6173954e-05
1.6028438e-05
1.6078209e-05
2.014202e-05
0.00040378653
2.6644093e-05
1.5975597e-05
0.00011407541
1.6112666e-05
1.602879e-05
1.6115969e-05
1.6047029e-05
2.7364482e-05
2.3181846e-05
1.6059815e-05
1.6406001e-05
2.6716416e-05
5.1907616e-05
0.00072687732
1.6054755e-05
0.00074482833
1.6941571e-05
1.6025203e-05
1.6053582e-05
1.6020052e-05
6.7818661e-05
3.0505533e-05
1.6054062e-05
1.9532311e-05
1.976805e-05
5.0036731e-05
0.00098557889
0.0027123355
0.00073035932
0.0030440449
9.8506228e-05
8.251836e-05
0.00012957087
2.6652058e-05
0.0018194799
1.6032845e-05
7.0992724e-05
0.0017762829
0.001945316
1.6025744e-05
1.695361e-05
0.0025612727
1.6303207e-05
0.00014463962
0.00078715693
1.5963388e-05
0.002207354
1.6063092e-05
0.00031516726
0.00081778868
1.6042668e-05
1.6055421e-05
1.5948114e-05
3.9674997e-05
1.5841184e-05
1.6033658e-05
0.0001494548
0.0031728777
0.0028807122
0.00013503742
2.072351e-05
5.382954e-05
0.0035155877
0.00019620407
0.0016010229
1.6037555e-05
1.5955138e-05
0.00031048917
0.00012290968
1.6103586e-05
1.8783186e-05
0.0015735504
0.0015128066
3.3339702e-05
1.7393147e-05
1.630178e-05
0.00081257771
0.00033173003
0.0017592928
1.6121389e-05
2.2907344e-05
0.00015397641
1.6387644e-05
1.828006e-05
1.6008175e-05
1.6082761e-05
0.0017904227
9.3146881e-05
4.5415627e-05
0.00020688328
1.6028842e-05
1.6045802e-05
0.0023980217
0.0013497125
1.7994164e-05
0.00016281341
0.001386576
2.9191081e-05
1.6015328e-05
0.0013338095
3.0830364e-05
0.0017973746
1.6002904e-05
9.1568949e-05
2.8403737e-05
0.0004737328
0.00036514064
1.7585691e-05
4.1390454e-05
4.624467e-05
3.8196966e-05
0.00010004357
2.1635948e-05
2.3606693e-05
3.4918836e-05
0.0023157715
0.00012981048
0.00015915609
0.00015726215
0.00053487785
0.00087772984
0.0023437164
1.6112281e-05
0.0024795101
1.7624471e-05
0.00023846686
0.00034332785
2.0314975e-05
1.7619859e-05
8.218144e-05
0.0013799752
3.8038014e-05
1.6093515e-05
1.9708517e-05
2.8568836e-05
0.00010354296
0.001118853
2.946964e-05
6.0362962e-05
0.00048064218
0.00046819591
0.0031895398
3.3832278e-05
2.1334024e-05
0.00018196691
6.4820769e-05
0.0033141409
1.6139345e-05
1.637427e-05
1.602563e-05
0.001909504
0.0009333388
1.6020117e-05
1.7491561e-05
1.7241262e-05
0.00035914913
0.00012609743
1.7560907e-05
0.00047940767
0.00031294534
0.0027409095
0.0011948813
0.0025859979
0.0029980532
9.7484912e-05
4.7607331e-05
0.002133039
0.00019660798
0.00035141953
1.7578764e-05
0.00011345391
1.6015361e-05
0.0023235747
1.5921681e-05
1.6064071e-05
1.5921954e-05
1.6164992e-05
0.00070519774
0.00041807757
1.5989441e-05
1.8918797e-05
2.1631431e-05
0.00014691654
0.0018456321
5.6094262e-05
1.6943965e-05
0.0019391667
1.5990895e-05
1.6092376e-05
3.2716306e-05
3.3439534e-05
6.4590561e-05
0.0013743029
0.0019007275
0.0033331106
1.6047555e-05
0.0010333735
0.0023961262
1.6017081e-05
1.6031679e-05
0.00069041335
0.0028609029
0.0001190442
0.0028917341
0.0012110328
0.0012785531
3.0854919e-05
1.6035666e-05
1.5991894e-05
1.584785e-05
1.6038676e-05
1.6031569e-05
5.6728314e-05
1.5964616e-05
1.6110679e-05
7.4236892e-05
8.3315808e-05
0.0018829167
0.00033798721
1.6430551e-05
3.9022481e-05
0.00019249293
1.602978e-05
0.00019573834
0.00057589573
1.614713e-05
2.0319053e-05
1.6062672e-05
3.2797727e-05
1.6100317e-05
0.00073795924
1.6084485e-05
0.0011595031
2.8967777e-05
7.2120654e-05
5.6698072e-05
0.003054937
4.9306358e-05
0.0021204848
3.2484837e-05
0.001312043
1.612009e-05
1.714491e-05
0.00081920027
2.2509663e-05
2.7829556e-05
0.00020889066
1.6277244e-05
1.6112574e-05
0.00076311179
1.8725733e-05
0.00079803365
5.4942492e-05
0.00020723303
8.2987939e-05
4.6821433e-05
4.3011438e-05
1.6149936e-05
0.00092650895
0.0014297309
1.6117648e-05
1.6154482e-05
1.6059428e-05
1.6503991e-05
0.00054062038
4.798656e-05
0.0006769547
0.00018312526
0.00019993186
0.0036154456
6.3825575e-05
0.00023776717
1.803657e-05
1.6257272e-05
0.001928591
3.000147e-05
0.0018052052
7.2830641e-05
3.3750801e-05
0.0011130495
1.6807687e-05
0.00022664889
1.6076463e-05
1.6017544e-05
0.0019446929
1.6104501e-05
0.0010324693
7.8765437e-05
0.0021897902
0.0001172324
0.0026132094
0.0020177937
0.0007560398
1.6094685e-05
0.0005915921
1.607935e-05
9.1969361e-05
0.0010033602
0.0037876648
8.3158533e-05
0.001970121
0.00017852389
1.6014598e-05
0.00020919391
1.6087053e-05
8.1979877e-05
5.3798363e-05
0.00010270228
0.0023043601
1.6067882e-05
0.00085643981
0.00017774148
6.6238729e-05
1.6105762e-05
0.0013882204
1.6230307e-05
0.00021663226
5.6093151e-05
6.1362847e-05
1.5995892e-05
5.1557276e-05
1.6033863e-05
0.0010124737
0.0018244705
5.1593704e-05
0.0029370176
0.0030796317
3.9003921e-05
0.002107817
1.6145729e-05
1.620833e-05
0.00022455622
1.6075316e-05
3.8911525e-05
1.6102071e-05
1.5987169e-05
3.1481727e-05
0.0032043233
3.0720844e-05
1.6033153e-05
0.0027091047
1.602816e-05
0.0032933807
1.615175e-05
0.00068568035
0.00013290679
0.0033336681
1.8128264e-05
1.5946004e-05
5.8718392e-05
4.2378727e-05
4.7878314e-05
1.630649e-05
1.6111343e-05
7.6053979e-05
1.6006618e-05
1.8105362e-05
0.0012231758
5.6879824e-05
0.0004667501
1.6068266e-05
1.6781609e-05
0.00034709924
0.0032225197
3.6944872e-05
0.0001231483
0.00022557054
1.6039404e-05
1.5999038e-05
3.6438049e-05
0.00023036436
0.0011876797
4.828913e-05
1.6489655e-05
6.341819e-05
1.6462431e-05
0.0013129253
0.0034258967
2.2698954e-05
0.00052009632
0.00011404019
0.00010032101
3.4561717e-05
0.00086361029
0.0019587521
1.5821592e-05
3.635344e-05
0.0013565529
0.0004922839
0.00010472737
8.1158482e-05
8.5681427e-05
0.00023792595
1.6102138e-05
1.6128327e-05
1.6770874e-05
1.8276808e-05
1.9217847e-05
1.6041216e-05
0.00056617307
0.0023964574
1.6399477e-05
0.00012472099
1.6023238e-05
0.0026628129
1.5987815e-05
0.0029065072
2.3880782e-05
1.6045969e-05
0.00013482219
0.0031496487
1.6076444e-05
0.0023020919
1.5996375e-05
5.0293639e-05
2.2903218e-05
0.00099031543
0.00019469891
4.6085509e-05
1.6014131e-05
1.5789167e-05
0.0033770963
0.00083942334
0.002076692
0.00027977097
5.7236105e-05
1.6038059e-05
0.0011371159
3.5899819e-05
0.0021909993
0.0011976939
0.0022216081
0.00016603658
0.002043513
0.00082901717
1.6106081e-05
1.6016296e-05
0.00030884058
7.3233606e-05
0.00017157055
1.6071719e-05
0.00045301357
2.6104041e-05
0.00011549208
0.00054628597
1.6027735e-05
0.00046946517
1.5988217e-05
0.00074795043
1.9777751e-05
0.00063002797
0.00018361983
0.00098558471
2.6118322e-05
1.6282961e-05
0.00029469129
1.607465e-05
1.6083034e-05
1.918856e-05
1.60447e-05
0.00051643557
1.6090974e-05
5.7236468e-05
0.00010265169
1.5961166e-05
1.6035548e-05
0.00046820751
2.6773403e-05
1.6037605e-05
2.0145458e-05
1.6231714e-05
9.9416961e-05
1.6389087e-05
0.00019046452
1.5916296e-05
2.7763813e-05
0.0017796531
2.2912639e-05
9.6695397e-05
0.00010558875
0.00019623294
2.3880975e-05
0.00014229273
0.00021802302
1.936739e-05
1.6484358e-05
1.9900406e-05
0.00019823526
1.6767126e-05
0.00011344412
1.728147e-05
1.608868e-05
7.8721574e-05
0.0022347811
0.00046989259
1.5983471e-05
0.00055941311
0.0014358451
0.00015535213
0.00010937042
1.600818e-05
1.6112724e-05
0.00015498805
1.59389e-05
1.8828038e-05
3.7111493e-05
0.00015429076
2.2504381e-05
0.00052990036
1.6076688e-05
2.6803135e-05
0.00052225922
0.00013884712
0.00031603204
1.6113294e-05
0.00029807001
1.6453394e-05
1.6046117e-05
0.0032945342
0.0006782864
1.6126179e-05
1.6077776e-05
0.00085379866
1.8734426e-05
0.0013371395
8.7303596e-05
0.0016139175
0.0013599859
1.6610253e-05
0.00019616204
0.0031904339
5.0664538e-05
0.0035239437
0.003048146
0.0015460248
1.6024483e-05
2.6764409e-05
0.0019921145
0.00097878047
0.0015990828
3.0438635e-05
0.0021960549
1.6007054e-05
1.635008e-05
0.00066300628
8.2954784e-05
0.0021740508
0.0013266113
4.6025996e-05
3.9216359e-05
1.7843497e-05
0.0005209158
0.0003100342
0.0037439628
0.00099051946
1.811844e-05
0.0010516114
0.0013294371
0.00078348922
1.603705e-05
1.6436021e-05
1.6034349e-05
4.6515786e-05
4.111519e-05
0.00034612357
0.00099438918
0.0031763121
0.0015407632
0.0042385111
0.0031187499
0.00013340199
5.5734323e-05
1.6098655e-05
0.00020003943
3.1681307e-05
0.00045359417
0.00046666559
2.0254627e-05
1.6012869e-05
2.2684534e-05
0.0032651632
1.7474325e-05
1.6077749e-05
1.6000749e-05
0.0017359932
0.0011586358
1.6190386e-05
1.6084755e-05
0.0019995
2.5409403e-05
0.00065825224
4.0969621e-05
0.00047939001
1.6028228e-05
0.0033151749
7.9218932e-05
1.6001554e-05
0.0031673749
2.5161519e-05
1.6861834e-05
1.5988909e-05
0.0017697756
8.0831576e-05
0.00020031837
3.0357544e-05
1.6012057e-05
1.6944655e-05
0.0015542457
4.4574959e-05
0.00012557452
1.6524254e-05
1.6002588e-05
3.283111e-05
1.5969632e-05
0.00031310237
7.6419201e-05
1.6023773e-05
0.0031345783
1.5995256e-05
3.003061e-05
0.000252231
1.6032821e-05
1.6061936e-05
0.00022943259
0.00015117385
0.00019002229
2.2103518e-05
0.00021739598
1.6134684e-05
1.6085211e-05
3.119486e-05
0.0035328736
0.0003610354
1.6104014e-05
1.7217227e-05
0.00028609982
1.607323e-05
0.00019870547
0.0017452885
1.5992723e-05
0.00013088639
1.6951744e-05
1.5991089e-05
1.6000536e-05
0.00015390335
4.0559201e-05
1.6111169e-05
1.610883e-05
0.00092566171
0.0013616467
4.0576769e-05
0.00041138287
1.6395346e-05
1.5848723e-05
5.1547147e-05
7.6129979e-05
1.6110621e-05
0.00026175304
4.0537171e-05
1.5988217e-05
1.5817028e-05
0.00047219365
2.5911647e-05
9.644269e-05
0.0010163885
0.00011412545
3.9488018e-05
0.00044892266
0.0018468577
1.6055015e-05
1.6018222e-05
7.9279081e-05
0.00017684358
0.00010295033
1.5999495e-05
0.00042041898
0.0020152136
0.0011460724
0.0026068396
1.6019306e-05
1.6297522e-05
0.0031650585
0.0022193782
0.00056023727
6.3909376e-05
0.00068791084
0.0031411767
0.0031253137
3.8222076e-05
1.6025048e-05
0.00046654162
0.00011146709
4.3796224e-05
1.9953574e-05
5.8455495e-05
3.0576521e-05
1.6173428e-05
1.6416999e-05
0.0018588553
1.7073345e-05
0.00093882325
4.2986501e-05
0.00081120844
0.0029842366
0.0015163879
1.6196688e-05
1.6061822e-05
1.9115426e-05
0.00020716823
1.5987039e-05
0.00013525672
0.00020009561
0.0035002012
1.6361358e-05
1.6201561e-05
0.0013395539
1.6025319e-05
0.0011953936
0.00011790734
0.00051009512
0.0034419382
1.6000553e-05
1.6152772e-05
1.5923742e-05
1.5958849e-05
1.5961271e-05
0.0041733067
0.00089186262
0.00019776166
0.00073907396
7.3252253e-05
0.0030996408
0.0026139055
0.0017975137
1.6014617e-05
0.00016324796
0.00078454059
1.6089573e-05
0.00026286304
1.6110288e-05
1.6077742e-05
0.0019641251
0.0015651197
0.00024093144
1.6310752e-05
0.00016449617
0.00014111831
1.5987222e-05
1.6054273e-05
7.9985227e-05
1.6013477e-05
0.0001534183
0.0013698072
5.7324244e-05
8.5324847e-05
0.00093693342
4.653466e-05
0.0029434824
1.6227647e-05
0.0019687204
1.6098043e-05
1.6010045e-05
0.0020547002
0.00018992313
1.6086042e-05
0.0029229529
1.601267e-05
0.00012940297
1.6201174e-05
1.6002622e-05
1.6025769e-05
0.00015403761
0.00011399877
2.2692188e-05
0.0022064888
0.0032400679
0.00011760456
1.6033281e-05
1.8803479e-05
1.6689561e-05
1.6048753e-05
1.6004493e-05
6.1596507e-05
0.0032607567
0.0039873911
3.7148196e-05
1.5982412e-05
1.6106707e-05
0.00069169754
1.613073e-05
5.8502905e-05
0.00075565652
0.00011364477
0.0010529156
2.9453434e-05
0.0010949087
0.00013655148
1.7472481e-05
1.6305746e-05
6.3100265e-05
1.6033577e-05
1.6036423e-05
0.0002043742
1.8351309e-05
1.6090014e-05
6.0691919e-05
2.3303492e-05
2.4948727e-05
0.0013457802
0.00056435889
0.00017462578
1.6106421e-05
0.00026262449
6.0568348e-05
0.0026847444
1.6142486e-05
2.2736144e-05
4.5678938e-05
1.608453e-05
1.6160066e-05
0.000998353
8.2511634e-05
0.0026554114
0.00013229919
4.0892248e-05
1.7238806e-05
1.5928892e-05
1.6742872e-05
1.6060407e-05
1.6054509e-05
1.6191272e-05
1.6742794e-05
0.0010365179
0.00254127
4.0913038e-05
0.0031304677
0.0001108322
1.6084699e-05
1.6012243e-05
0.0034342677
1.6643886e-05
9.6323179e-05
0.0019327663
1.611955e-05
0.0012876519
1.6041368e-05
0.00025130955
3.36833e-05
0.0022315689
0.0034294699
1.5921259e-05
0.0018654539
1.707333e-05
1.6060465e-05
8.7203166e-05
1.668971e-05
5.069688e-05
0.00017325436
1.5880631e-05
0.00051022503
0.00034498076
0.00029923545
1.917674e-05
1.6057637e-05
0.0001585613
2.5845328e-05
0.00047150447
0.0018049133
1.6034174e-05
1.7116711e-05
7.3925796e-05
0.00044380785
1.6059385e-05
0.00050620674
1.6002586e-05
1.7242846e-05
8.795545e-05
0.0022205516
0.0009090663
1.6062082e-05
0.0013300874
1.603122e-05
0.0002495554
0.00016057879
1.6647286e-05
0.00057403529
1.5991364e-05
7.8462512e-05
0.0034081535
2.6601065e-05
1.604402e-05
1.6149961e-05
2.1469729e-05
4.3055354e-05
0.0021971529
1.6171026e-05
0.00031324808
0.0017191377
1.611124e-05
0.00042315939
2.1380359e-05
1.6262847e-05
0.003420909
1.6069277e-05
1.6027265e-05
1.6026124e-05
9.8677218e-05
0.0025742588
0.00043149796
0.00018411782
3.6043832e-05
1.7991841e-05
0.0014619099
1.6061925e-05
1.6107422e-05
1.5892839e-05
0.0016811452
2.6583711e-05
1.6033468e-05
2.2695098e-05
0.00086742811
0.0020564305
0.0001867901
1.5888783e-05
2.2724123e-05
0.00029234874
0.0010480282
0.00022134294
1.6970624e-05
0.0020976949
1.6052463e-05
3.1908347e-05
1.5923668e-05
1.6716412e-05
1.5877553e-05
6.4684417e-05
9.2822778e-05
4.907156e-05
1.6037801e-05
2.0051945e-05
7.923111e-05
1.6155013e-05
4.3472273e-05
0.0014668838
1.5962341e-05
1.5961689e-05
1.6082764e-05
2.8586863e-05
2.4167803e-05
1.6155419e-05
8.8032726e-05
0.00019044803
1.6863125e-05
0.00012058951
0.00019795778
0.0025132811
1.6014581e-05
0.00014854859
1.5976124e-05
0.00036240818
5.5748086e-05
0.00012065077
0.00019103199
7.8249951e-05
0.00014843914
1.6021332e-05
0.00082602674
1.6002686e-05
0.0016546809
0.00054656342
0.00028454387
0.00039685061
1.6156932e-05
2.4166903e-05
0.0010117704
5.0759167e-05
1.6192213e-05
0.0015534646
1.610467e-05
1.6197962e-05
3.5900426e-05
0.0038414715
9.8752381e-05
0.00087665465
1.607973e-05
1.6772477e-05
0.0010206938
1.6010602e-05
3.6572153e-05
0.00013007166
0.00011376225
0.00021570117
0.00028323387
1.7285651e-05
0.0031509834
2.5832039e-05
0.0020425805
0.0039008392
1.6086055e-05
1.6027315e-05
3.405462e-05
0.00046602612
3.6412894e-05
1.6073494e-05
0.00014803479
1.728779e-05
0.00022614795
1.611942e-05
0.00041089787
0.00042681352
4.5130492e-05
1.5987909e-05
1.5852432e-05
0.00057785043
0.0028380396
0.00090470127
5.0862451e-05
0.00022014301
0.00012257718
0.00029534859
0.00036468748
6.8266773e-05
5.0321867e-05
3.3274488e-05
1.7081579e-05
1.6032244e-05
0.00040900324
4.9687847e-05
1.6085013e-05
1.6163906e-05
4.5823596e-05
0.00033845813
3.6397666e-05
4.9905037e-05
4.525605e-05
0.0026412146
1.6006256e-05
0.00038174759
2.1147241e-05
0.00020448846
0.0013237032
1.5904939e-05
0.00022156318
0.00027825194
1.5994558e-05
0.0005881643
1.6141833e-05
4.7055704e-05
2.0918289e-05
3.3614409e-05
1.6340697e-05
0.00014727073
2.3093614e-05
2.1158089e-05
0.00021500732
9.0624103e-05
1.8320495e-05
2.2659421e-05
2.5838054e-05
0.0022181287
1.5989221e-05
3.7411147e-05
0.00011446521
6.8301405e-05
1.7289283e-05
1.5978508e-05
0.00012627691
0.00085813562
0.00021979516
7.0398636e-05
0.0031367103
2.6599425e-05
1.5955956e-05
0.0028119286
0.00044397831
0.00041505124
1.611047e-05
1.6170111e-05
0.00092215216
0.00023005759
0.00052711964
1.9370196e-05
0.0013215197
0.00018011391
2.0839249e-05
0.0018025993
0.0010051843
0.001305992
1.7114698e-05
1.6069253e-05
1.6100435e-05
0.0028431977
2.8214287e-05
0.00013532295
1.9977293e-05
0.0031051538
2.5818281e-05
1.6189273e-05
0.00011434291
1.6095993e-05
0.00018211927
0.0017794087
1.5992711e-05
3.5894026e-05
1.8751794e-05
1.6101206e-05
0.00018748775
0.00010499396
0.00043152336
1.6059295e-05
5.2769127e-05
1.6555475e-05
7.3575171e-05
3.0883454e-05
0.00022924726
1.6028089e-05
0.002082731
0.00052582456
1.6058284e-05
0.00094410182
1.611123e-05
0.00049364995
0.00048229704
0.00097252654
1.6219967e-05
1.6044905e-05
0.00017976974
0.00039956128
0.0001700554
0.00033944902
0.0028883844
0.0029114061
0.002679755
8.3906443e-05
1.5981212e-05
0.0009185995
1.601486e-05
1.5943781e-05
1.6021365e-05
0.00029660621
3.6540236e-05
2.4420595e-05
1.78412e-05
1.9394073e-05
1.6296269e-05
0.0023975654
5.0189241e-05
2.1460269e-05
1.6092848e-05
1.6524089e-05
0.00014205624
1.6144783e-05
1.602295e-05
0.00027708429
0.00016250767
0.00011150398
1.5941683e-05
1.610184e-05
1.6045745e-05
0.00023856576
5.5535848e-05
0.00017765898
0.0017903908
4.9332794e-05
0.0011557783
1.8323122e-05
0.00023924446
1.6018837e-05
2.0789536e-05
0.00017896484
1.6035796e-05
4.34623e-05
0.0017780084
0.0024827254
1.6047548e-05
2.4943177e-05
0.0022924577
1.6077283e-05
1.867916e-05
1.5901864e-05
6.0971082e-05
0.0029771141
0.00052701046
2.1190765e-05
1.6255963e-05
2.1464027e-05
4.4796485e-05
0.0024226067
1.6056693e-05
0.0002247347
0.00010982029
1.604562e-05
1.6008615e-05
1.57892e-05
1.5790416e-05
1.5997733e-05
0.00011535263
0.001354497
5.6481645e-05
0.00021231265
0.00011159891
0.0013833445
1.6085978e-05
1.6042183e-05
1.6105409e-05
4.7930199e-05
0.0024252984
1.6079826e-05
0.00032653624
0.00039760179
1.6035717e-05
0.00016440555
0.00039560378
2.1773195e-05
0.0021673264
0.0023072434
6.0009377e-05
1.6049079e-05
1.6016136e-05
1.6493252e-05
1.6146093e-05
5.643177e-05
1.6074489e-05
1.603948e-05
2.7261354e-05
0.0015797097
5.7153788e-05
1.6287999e-05
0.00041356992
2.1479236e-05
0.002158072
0.00053118912
8.2665138e-05
2.4597278e-05
0.0013642745
0.00029683886
5.6466942e-05
0.00015400559
8.1884079e-05
1.9185701e-05
1.6575207e-05
7.2190307e-05
1.6066083e-05
0.00037681834
2.6563615e-05
3.4253881e-05
0.00077689207
0.0015346586
3.0012841e-05
0.00020878265
1.6255493e-05
1.6087482e-05
0.00011431947
0.0013332594
4.5841761e-05
0.0005079857
1.6230667e-05
0.00041565191
0.0015400775
5.5205968e-05
7.9352488e-05
5.5460414e-05
5.2681797e-05
4.2834467e-05
0.00041073654
5.9317955e-05
1.5948858e-05
5.9262454e-05
0.0013394323
0.00010983828
1.6051043e-05
6.0097461e-05
0.0013782292
3.3936758e-05
7.5876121e-05
0.0032608813
0.00089577285
0.00039953174
3.6532695e-05
0.0011415871
0.00021854099
1.5968872e-05
0.00038359086
1.6022538e-05
0.0007789983
0.00023380026
3.7392855e-05
2.3471651e-05
1.6289266e-05
1.6079796e-05
0.00035059115
1.5971446e-05
5.94935e-05
5.9463493e-05
1.6076314e-05
1.6077595e-05
7.8583876e-05
1.6184042e-05
1.7287104e-05
0.00018406789
1.5890581e-05
0.0022109581
2.2848364e-05
1.5885857e-05
3.0128609e-05
0.00037678423
1.5979932e-05
0.00010517025
2.8218221e-05
7.5688999e-05
0.0023684089
0.00041865873
2.9559616e-05
4.2836894e-05
1.6188013e-05
2.7027206e-05
1.5955953e-05
5.9334625e-05
3.9514942e-05
5.27109e-05
0.0018067947
0.0021307172
0.00018077723
4.5154497e-05
1.5976361e-05
0.0001889071
1.6287035e-05
1.6084737e-05
0.00090385569
0.00014008672
0.00040304678
0.00040717515
1.6023862e-05
1.5948984e-05
0.0010944659
0.00092232405
7.3644441e-05
1.6007788e-05
3.4426312e-05
0.0022520248
7.1231331e-05
1.6009929e-05
0.00036782365
0.00020807438
0.00038494093
0.00021929949
7.7825765e-05
1.8749319e-05
1.6004283e-05
7.9785676e-05
1.6054823e-05
0.00036609606
3.423887e-05
0.0013678183
1.6027294e-05
0.00018544734
1.6247288e-05
5.4546528e-05
7.0359053e-05
5.5694795e-05
0.00011920376
1.6030355e-05
0.00019795257
1.5937153e-05
0.0013811152
6.5012675e-05
5.7834953e-05
3.3244314e-05
1.6068129e-05
0.00013959283
0.0013839037
0.00091274615
1.604861e-05
1.6287188e-05
0.00035221081
1.6046408e-05
0.00011761547
0.00015273404
1.5969836e-05
0.0018375829
0.00018816905
1.6060314e-05
1.6024578e-05
6.3873237e-05
2.3480165e-05
1.6075916e-05
1.5930375e-05
1.6085116e-05
5.5734622e-05
1.6023136e-05
7.878197e-05
1.6063137e-05
0.00018878133
6.6141213e-05
4.4155432e-05
0.0003368429
4.3556965e-05
4.7031337e-05
7.4952089e-05
1.6030812e-05
0.00091356026
1.5991513e-05
1.6027504e-05
1.593708e-05
0.00017870634
1.6033705e-05
0.00027820145
8.0626136e-05
0.00032032529
0.00020568938
1.6034714e-05
0.0013578713
1.6017183e-05
0.00026323189
0.00047046077
0.0023882138
4.7961236e-05
7.6663025e-05
1.5957708e-05
1.6037798e-05
0.00019861241
1.6002906e-05
0.00033532625
0.00017006903
2.5581893e-05
7.2961778e-05
0.0024160617
1.6013498e-05
1.6035874e-05
0.0011642262
1.6007941e-05
1.6022971e-05
7.1639693e-05
0.00093094774
1.6037445e-05
7.4034072e-05
5.8588261e-05
0.0035544515
1.6028342e-05
1.602991e-05
0.0003217437
0.00058405152
0.00016958769
1.6033106e-05
7.4768555e-05
7.385406e-05
5.3863544e-05
1.6014298e-05
1.6043416e-05
0.00020646797
0.00029117036
1.5924009e-05
0.00041144418
0.0014573234
0.00038930851
0.00049794072
0.00098137849
0.0011423813
3.9530499e-05
1.593957e-05
5.5127794e-05
1.5935883e-05
0.002364324
1.6003807e-05
5.2152438e-05
5.6562442e-05
7.6854112e-05
1.6040606e-05
0.001149416
1.6050196e-05
1.5926661e-05
0.00017926977
0.0004092552
1.5979556e-05
7.3138173e-05
0.00011845723
1.5968816e-05
5.3939222e-05
1.6034162e-05
5.5814411e-05
7.2274443e-05
0.001362035
4.4006194e-05
0.00030692582
1.578953e-05
0.00022879432
7.7631119e-05
1.5923176e-05
0.00016477255
0.00016122384
1.6170812e-05
6.609438e-05
1.6048782e-05
0.0013590755
0.00033375061
0.00016077811
8.3728086e-05
0.00030560127
1.6037676e-05
0.00029240463
7.1401215e-05
3.441222e-05
7.2101219e-05
1.5934926e-05
1.5990306e-05
0.00027705379
5.3295067e-05
0.00015231926
0.00093023566
0.0002245654
1.6042275e-05
1.603463e-05
5.3220523e-05
1.605346e-05
1.603559e-05
5.2577459e-05
0.00084879995
0.00080794809
1.6133287e-05
1.6035809e-05
5.2079694e-05
0.00047318785
1.6138442e-05
5.5725676e-05
1.5955578e-05
1.6005075e-05
0.0036269799
5.2651389e-05
0.00026429813
0.0025072204
0.00024991385
1.5799205e-05
0.00044977809
3.1516111e-05
0.0004523029
1.6036161e-05
0.00025090233
1.5980941e-05
1.5967257e-05
0.0006631204
0.00042938933
0.00023701186
0.00038950003
1.6161722e-05
0.00043174313
0.00022540576
1.6011229e-05
1.6028357e-05
1.615705e-05
1.605672e-05
1.6003413e-05
4.107239e-05
1.6183526e-05
1.7439616e-05
1.6251493e-05
4.1044118e-05
1.6041006e-05
0.0015283268
0.00060467167
1.6144882e-05
1.7961168e-05
1.6158518e-05
1.7145028e-05
0.0014105905
0.0023196374
0.00083507986
0.0013801205
1.6284851e-05
1.6263763e-05
1.6019813e-05
1.5996886e-05
1.578946e-05
0.00022822067
0.00033200366
0.00033692705
0.0024791415
1.6042202e-05
1.607337e-05
4.3809891e-05
1.630432e-05
1.5798863e-05
1.5803608e-05
1.7960753e-05
1.6074272e-05
0.0025076905
1.7134348e-05
1.6405226e-05
1.6126569e-05
1.6089879e-05
0.0015161934
0.00035705775
0.0010154129
1.713347e-05
0.0023426765
0.0014238285
0.00086485137
1.608997e-05
1.6144331e-05
1.6227736e-05
1.6659571e-05
1.5789788e-05
0.00023214721
0.00033787867
1.6080883e-05
1.6123955e-05
0.00022256439
1.5799291e-05
1.5799008e-05
0.0035772698
1.6850938e-05
0.00022528472
1.6134362e-05
1.6305163e-05
1.6226679e-05
1.6152763e-05
0.00021531942
2.4705386e-05
5.2416361e-05
0.00035784195
0.0010499098
0.0018559924
0.0012840366
0.0022994097
1.616634e-05
2.2924901e-05
1.5960359e-05
7.6054113e-05
3.3178907e-05
2.6722018e-05
1.5789686e-05
1.6659183e-05
1.9583576e-05
0.00041228737
0.00041811477
0.0034685607
0.00053102991
1.6078852e-05
1.5958584e-05
1.6057284e-05
1.6003342e-05
2.29205e-05
1.579889e-05
1.5796843e-05
1.5788523e-05
1.6126444e-05
1.6076381e-05
1.606528e-05
7.6140949e-05
1.5989862e-05
4.3088235e-05
1.5995067e-05
1.5988428e-05
1.6066145e-05
1.6265301e-05
0.002511351
1.6167739e-05
9.6292003e-05
0.0006241577
0.0010423579
0.00061736607
0.0024673648
0.00042369619
0.0023224447
0.0013193042
0.0017813059
0.0018750435
9.6369306e-05
1.579001e-05
1.8482611e-05
0.00041904095
1.5984991e-05
0.00053921992
1.6037803e-05
1.6030404e-05
1.5788537e-05
1.5797029e-05
1.5796038e-05
0.0018077492
1.6034885e-05
1.6035282e-05
1.6032012e-05
0.00013044256
1.6048221e-05
1.5977092e-05
0.0010703856
0.00062886365
1.6032404e-05
1.6033794e-05
0.00076734528
0.0022796716
0.00178777
0.0017653664
0.002265439
1.5975915e-05
1.6064986e-05
1.8482143e-05
1.5789951e-05
0.00070027061
0.00086673715
1.8075478e-05
1.5790972e-05
1.579569e-05
1.5789904e-05
1.5791647e-05
1.5792002e-05
3.8464982e-05
1.60984e-05
0.0010625657
1.6120982e-05
0.00077904961
0.002628883
0.0018065327
0.002303719
3.8491121e-05
1.6092957e-05
1.605927e-05
1.5790735e-05
1.5789477e-05
1.7846491e-05
0.00071536518
0.00066098102
0.0014916053
0.00088074655
1.6071301e-05
1.6067944e-05
1.5940788e-05
0.0027741807
1.5791049e-05
1.5791884e-05
1.5789933e-05
1.6112265e-05
0.002117724
1.5805009e-05
1.6068663e-05
1.6053578e-05
1.6014538e-05
1.6022355e-05
1.6054999e-05
0.0035686521
1.6000755e-05
1.5999112e-05
0.0035358241
0.001587438
0.0010849239
0.0011060493
3.8780821e-05
0.0035165579
4.5044836e-05
0.0013306491
0.00224491
0.0026023929
0.0025920746
0.002077805
0.0036074437
0.00050552615
3.6694131e-05
1.5807078e-05
7.0782088e-05
0.00099030651
1.5805233e-05
1.5790611e-05
1.7845889e-05
0.0012213965
0.0012448786
0.0011341174
0.0014213445
0.0014565373
0.0032522839
0.003238326
4.6972006e-05
7.0829076e-05
1.603001e-05
1.6068331e-05
3.6867736e-05
1.5938905e-05
0.0034656372
1.7425033e-05
1.7037562e-05
1.706432e-05
1.7960962e-05
1.6566014e-05
1.6311754e-05
1.8572969e-05
1.7875297e-05
1.6416713e-05
1.6012979e-05
9.4997251e-05
1.7694349e-05
1.5942464e-05
1.5791637e-05
1.578908e-05
0.0035144077
3.6671453e-05
1.6270667e-05
2.2423029e-05
7.835017e-05
1.594093e-05
4.4462579e-05
0.0033001334
0.0032348524
1.5946578e-05
1.6032749e-05
0.0032512721
1.5928813e-05
1.7960255e-05
1.6312407e-05
1.8574105e-05
1.6031208e-05
0.0034879255
0.0030954098
0.00086826006
0.0015723294
0.0015617307
0.0034812734
1.6043749e-05
0.001354124
0.0022788613
0.0026187418
0.0026334929
0.0013313218
0.0030918854
2.0744936e-05
0.001169874
1.6030013e-05
1.6225456e-05
0.0010055597
1.5795605e-05
1.7175107e-05
0.0021736252
0.0012463392
1.630249e-05
0.0011561384
6.6976223e-05
0.0014577042
1.6150802e-05
0.003456639
0.0034757068
0.00297473
1.6051945e-05
0.0017849043
4.020809e-05
1.5953667e-05
1.6053377e-05
1.5979685e-05
1.5789157e-05
1.579165e-05
0.0031231925
1.6062629e-05
1.6304055e-05
2.2519165e-05
2.1917892e-05
0.00111211
1.6060818e-05
0.0011175487
8.0876055e-05
0.0023298606
0.0031174044
0.0016258327
1.6169283e-05
0.0024101037
6.6849026e-05
1.6404805e-05
0.0018363682
0.0009915987
0.0021875329
0.0022353564
0.0013068429
0.0018363762
0.0016951352
0.0024337159
1.6227052e-05
1.6406412e-05
1.5790423e-05
0.0016944359
0.0024543884
0.00016453666
1.6067932e-05
1.6063793e-05
1.5815332e-05
0.001583668
9.4592044e-05
1.654026e-05
0.0020486838
0.0020138725
0.0025976466
0.0026062826
0.0021397007
0.0011689078
1.6677382e-05
0.00025293179
0.00057209045
0.0025288447
1.6066264e-05
1.6085641e-05
0.00054010583
1.5809333e-05
1.6541656e-05
0.0014489722
1.5857784e-05
1.6093575e-05
1.579536e-05
0.0015581103
0.0018718679
0.0017299815
1.5988922e-05
0.0022662412
1.5886444e-05
0.0024879118
0.0022919847
1.6087465e-05
0.00019489753
0.0019788135
0.00057928679
0.0025761857
1.606931e-05
9.4540961e-05
0.0014194852
0.0011970136
1.6717768e-05
0.0013419792
0.00012037926
1.6112678e-05
5.8513798e-05
1.6718839e-05
1.9040359e-05
4.0205234e-05
0.00015636044
1.8674699e-05
1.6306475e-05
1.6243003e-05
1.576982e-05
0.001347279
1.61146e-05
1.5952293e-05
0.00024846648
1.6947039e-05
1.5790268e-05
0.00051250637
1.6411533e-05
0.0022346316
0.0013911011
1.6222135e-05
1.6171703e-05
1.6304431e-05
0.001800924
1.6002604e-05
1.5791203e-05
1.5791376e-05
3.7558863e-05
0.0011986697
0.001418661
1.6072183e-05
1.6151723e-05
0.0025131471
0.0016600162
1.6172431e-05
1.6947545e-05
1.7137531e-05
0.00018404076
0.00021353112
2.9197727e-05
2.3183051e-05
0.0014596922
1.7900723e-05
1.6153752e-05
1.6331435e-05
4.654109e-05
1.7241466e-05
0.0013947209
1.6601572e-05
1.6027887e-05
1.5819843e-05
0.0025036713
0.00090298938
0.0009143262
1.6206476e-05
1.604727e-05
1.7238875e-05
0.00073684858
0.00028714485
0.0022029391
0.00032120478
0.0019430092
1.6208581e-05
1.6147584e-05
1.8326596e-05
1.5987865e-05
1.7612059e-05
1.8371005e-05
0.00035698968
1.578609e-05
0.0011763212
1.6040818e-05
0.00021379607
1.560621e-05
0.002376446
1.6280483e-05
1.7608065e-05
0.0013818892
1.8471221e-05
0.00075477296
0.0013589022
0.0025698121
3.2183008e-05
3.2217118e-05
0.00051833161
0.0013890428
0.0013903514
1.6108675e-05
0.0014008083
0.00040514096
1.7473052e-05
0.0013900804
1.6282524e-05
5.7329316e-05
1.8079063e-05
0.00045718487
0.0013290577
3.6800126e-05
0.0011282837
0.0019783746
1.6379234e-05
0.0020835908
1.5997663e-05
1.7320905e-05
4.5000433e-05
2.0904565e-05
3.6787596e-05
3.3294194e-05
0.0016254164
0.0012228245
2.2924322e-05
4.0778455e-05
1.6381139e-05
0.0015810003
0.0022802716
0.00064627986
0.00058822717
1.6334385e-05
1.9489656e-05
0.0021751241
1.8672675e-05
1.8955427e-05
0.00012171544
0.0011353707
0.00069058762
0.0020836454
0.0011805027
1.6509085e-05
0.00073754457
0.0021135442
1.5792729e-05
0.0012068519
0.00079745504
0.00013500336
1.6099543e-05
0.00048634927
1.651047e-05
1.667559e-05
0.00088655962
3.6448241e-05
1.6410883e-05
1.6013875e-05
1.6103972e-05
1.61326e-05
1.6068262e-05
3.3420727e-05
0.00084526861
0.0018123672
4.0012104e-05
0.00016531676
2.1883294e-05
2.2913857e-05
0.00068794669
0.0013657453
0.0010679608
0.0011305581
0.00089139441
1.5925525e-05
1.6174902e-05
0.0011391524
3.4281035e-05
1.6318806e-05
0.0012400091
1.7138531e-05
3.6151326e-05
0.00064712304
0.0019830812
1.6012736e-05
1.5793451e-05
0.0016596677
0.00129794
0.0022074017
0.0013528163
3.9102688e-05
0.0013868013
4.0268762e-05
0.0012357289
0.0021924737
0.0018008714
0.0012224179
1.5978885e-05
0.0020491124
0.0011673962
0.0026259809
1.6242258e-05
0.0010548138
0.0018715252
0.002150827
1.6030471e-05
0.001225358
0.0013437374
0.0020137803
0.0023348874
0.00025336026
0.0011304673
0.0011262087
0.0008938212
4.5312577e-05
0.00088883982
0.00090455596
1.5996299e-05
0.0011787827
0.0012577954
1.6070317e-05
0.0012331564
1.7874983e-05
0.0013855488
0.002278114
0.0014383541
0.0014030863
1.5974725e-05
0.0024160421
0.0016141587
0.0014874126
0.0014032571
1.60889e-05
1.579636e-05
0.001542485
0.0015229463
0.0015962295
0.001123086
0.0017667324
0.0012000456
0.0024489388
0.0014752241
0.0016471085
2.7653102e-05
0.0017173256
1.5815899e-05
1.5908782e-05
0.0016066309
0.0015575453
1.8370996e-05
0.001871925
0.001729765
0.0018329271
1.9300881e-05
0.0017973672
1.6450976e-05
0.0014480241
0.0019357248
0.0022675276
0.0024614886
0.0020503914
1.596745e-05
0.001915501
1.6881805e-05
0.0018759312
0.002099315
0.002219911
0.0014941558
0.0019581658
1.6088974e-05
0.0015466852
1.6597153e-05
0.0021165971
0.0022502768
0.0020404389
0.0014226871
0.0019999008
0.0023187956
0.0024665569
1.6111739e-05
0.0023524704
0.0025053032
0.0021530591
0.0012267035
0.0023925177
0.0023052538
0.0023733356
0.0022787414
0.002426209
0.0025118615
0.0024409375
0.0024775667
0.001715389
0.0024974546
1.5982222e-05
0.0023238561
0.0016001945
0.0023162264
0.0023567921
0.0023480681
1.5985512e-05
0.0025237282
0.0022952073
0.0023056631
0.0025347633
0.0023435096
0.0025176778
4.4698574e-05
0.003086323
1.5794195e-05
0.0025346059
1.6162718e-05
0.0023902319
1.5972869e-05
0.0023819698
0.0024623438
0.0017219678
0.0022922304
0.0024412393
0.0024897085
2.2105889e-05
0.00240131
0.0023753161
0.0024850139
1.6788738e-05
0.002492157
0.0023793759
0.0025069695
1.6165855e-05
0.0015580387
0.0023539945
1.7031743e-05
0.0012389463
1.67579e-05
0.00026004402
1.623818e-05
1.6006132e-05
1.702648e-05
3.9154928e-05
1.6101752e-05
0.0018182801
1.5798946e-05
0.0013788165
0.0014039464
1.5792501e-05
0.00022762564
1.6237909e-05
1.6002295e-05
1.7325525e-05
0.00246879
0.00064836661
0.0028218481
0.002540911
0.001061835
1.5790229e-05
0.0016112193
1.6333753e-05
0.0019614219
1.796929e-05
0.0018014325
1.9324089e-05
1.6317293e-05
1.6464908e-05
0.0043320025
0.002024373
0.0020834057
4.5314631e-05
1.5996956e-05
3.7746554e-05
1.6418879e-05
5.5276175e-05
1.7698016e-05
0.0020438687
1.9724067e-05
0.0021581376
0.0024968415
1.6180306e-05
0.0023981589
0.0023102033
0.0024476344
1.8150239e-05
0.00044218826
0.002485709
6.1428799e-05
0.0025351021
4.4187724e-05
1.598263e-05
1.6042179e-05
1.5823066e-05
0.0018785914
2.3372157e-05
0.0019218488
1.6023186e-05
1.6082537e-05
8.4392172e-05
0.00037255775
0.002331653
1.6447591e-05
0.00019498364
0.0022247821
1.5791509e-05
1.5796016e-05
1.5793077e-05
0.0023112566
0.0025266603
1.6086372e-05
0.0019642249
0.002511044
1.6092705e-05
1.6030268e-05
9.3458536e-05
0.0021771391
0.002005839
0.0025197293
0.0001119042
0.00252251
0.0021219489
1.6794025e-05
1.6037182e-05
0.0021736813
0.0023881226
0.0022551299
1.7381709e-05
0.00012044786
1.589998e-05
0.0023576521
0.0023885409
0.0024740913
0.00014186515
0.0023787244
0.002514543
0.0025062085
0.0019339889
0.0022836131
0.0024324892
4.6613011e-05
1.6428184e-05
0.00019581744
1.5996287e-05
1.5869408e-05
1.6175733e-05
0.0023612172
0.0023204094
0.0025216924
0.0023103513
1.6024093e-05
0.00023256929
0.0023405718
0.00029770517
0.002528331
0.0002599831
0.0011468603
0.0025469598
0.0025561682
1.6112667e-05
0.00037228983
1.5928577e-05
0.0022997364
1.6264215e-05
0.0023692792
0.0023989019
0.0028467008
0.0028781494
0.00041919121
1.5796466e-05
0.0004986744
0.0024079055
0.00073680717
7.1715344e-05
0.0018091459
2.3079415e-05
0.002511326
1.6099416e-05
0.00056176025
0.00051866117
0.00060596085
0.0018403191
0.00060203693
0.00032010839
0.0024842658
1.6086055e-05
0.00061429641
0.00066420425
2.002529e-05
1.6099073e-05
0.0007464322
0.00078529813
1.6103104e-05
1.6041422e-05
0.00075350504
0.00055693242
0.0008903538
0.0008423444
1.6001481e-05
0.001398601
0.00056225965
0.0011646204
0.0010538319
0.00099852699
0.0012937258
0.0012458244
1.6058044e-05
0.0011907115
0.0011688036
0.0012608341
2.4518547e-05
0.00079747579
1.9302604e-05
1.5966111e-05
0.0011442273
1.5790053e-05
0.0011855822
1.6039943e-05
0.0025030651
0.0012486301
0.0012915201
1.6089531e-05
0.0012367175
0.0014035355
0.0042531711
0.0014917269
0.0024770643
0.0015063789
0.0014486461
0.0015274668
0.0014526902
0.0013469383
1.6087015e-05
0.0024608732
0.00016701667
0.0023367317
0.0024777118
0.002314388
2.4837209e-05
0.0017170943
0.0016640189
1.6104998e-05
1.5957917e-05
0.0021921626
0.0022328363
0.0023054243
0.0017693869
0.0016323783
0.0026043512
0.0024227063
0.0023511428
0.0022963107
0.0022949733
0.0023077107
0.0018179444
0.002362655
0.0018205511
9.6454467e-05
0.0023154032
0.002349143
0.0017673444
0.0023176422
0.0024675255
0.0022847195
0.0026324524
0.0024591977
0.0023157056
0.0022837176
2.1602055e-05
0.0022824645
0.0024193778
0.0015662224
0.0024353853
0.002297648
0.0023124333
0.0018365973
0.0017956497
0.0025277062
0.0019169287
0.001706966
0.0010515799
2.9833472e-05
2.6951007e-05
2.0404818e-05
0.0015710754
1.9470707e-05
2.1547419e-05
2.7138611e-05
2.309791e-05
4.9089263e-05
0.0016604809
0.0020202817
0.0017681901
0.00020230859
0.0016163897
0.0019087249
0.0021294174
0.0017570686
0.0018650745
0.0019830443
0.0019214691
0.0020401905
0.0020488368
0.0020257553
0.0022178627
0.0021399485
2.2100615e-05
0.0021794971
0.0020255092
0.0021809756
0.0022617112
1.6132341e-05
0.0021558666
1.6073516e-05
0.0023485766
0.0021087986
0.0022937086
0.0026283181
1.6041059e-05
0.0024205918
0.0022669267
0.0023908361
0.002367552
1.6011251e-05
0.0024053182
0.0023387213
0.0023131077
0.0022372519
0.0023405653
0.0022090244
0.0024050387
0.0023207836
0.0014054453
1.5799735e-05
0.0024128077
0.0023204453
0.00032959664
0.0030591065
0.00010623937
1.6005445e-05
1.5800248e-05
0.00045036635
0.0013460661
1.5959444e-05
1.6106138e-05
4.1676904e-05
0.0010585224
0.00054956123
0.0024922988
1.6086894e-05
1.6758548e-05
3.4287099e-05
3.4323887e-05
0.00069510802
1.5938537e-05
0.00070550146
3.9107655e-05
0.00079097733
1.5789873e-05
0.000945198
0.0011103944
1.5794305e-05
1.5868158e-05
1.6040955e-05
0.0011134983
1.5855456e-05
0.00019607497
0.00012589651
0.00083852059
1.6004216e-05
3.6104782e-05
0.00076240074
0.0011982033
1.5785229e-05
1.6048776e-05
0.0013493212
0.0014408751
0.0013959016
0.0013497551
6.0007956e-05
0.0014013423
1.5803006e-05
0.001529709
1.6082048e-05
1.5937925e-05
0.0019195879
0.0015816449
0.0027605216
1.613705e-05
0.00099967553
1.6119575e-05
4.1639148e-05
0.0017649334
1.6079938e-05
0.00094328285
0.00068535228
0.0017182991
0.0011920091
0.0012081001
1.60743e-05
0.0011367111
0.001823057
1.6101384e-05
4.0815975e-05
0.0018736316
1.6073656e-05
1.6468307e-05
0.0015681736
1.603392e-05
1.7940713e-05
1.7489628e-05
0.0016133842
3.4248879e-05
0.001672393
0.0021525098
4.0420972e-05
2.274645e-05
0.0019923105
2.0819791e-05
1.5796189e-05
1.6113441e-05
0.0012393545
1.5907168e-05
1.6044941e-05
0.0017139093
1.6073059e-05
0.0027714126
1.7001921e-05
2.0168035e-05
0.0027656614
2.2752265e-05
0.0017715439
4.2213801e-05
0.0014763141
0.0014548392
3.6080285e-05
0.001298178
0.0018196063
1.6385388e-05
5.0557213e-05
1.5788868e-05
1.5846822e-05
1.5826266e-05
1.6016433e-05
0.0019217196
1.8495862e-05
1.9447964e-05
1.8698846e-05
0.0019440031
1.5999242e-05
1.873186e-05
1.6300933e-05
0.0016662412
0.0017192138
0.0016133516
3.6282082e-05
4.4717081e-05
0.00018472244
1.602136e-05
1.6476058e-05
0.0017717768
0.001769595
0.0022340266
4.3541144e-05
1.580363e-05
1.6102861e-05
0.002848945
0.0017966134
0.0017484523
0.00018541151
1.6072565e-05
0.0023261528
0.0021438321
6.6249729e-05
1.6094849e-05
1.6109611e-05
1.5953968e-05
1.6117514e-05
0.0021780377
1.6048532e-05
1.5787183e-05
1.5818163e-05
0.0015743736
1.5968418e-05
0.0019832003
0.0020029951
0.0018660938
0.0018785918
2.0661862e-05
1.5812218e-05
0.0025119627
6.4167539e-05
1.6110689e-05
0.0020184869
1.5815634e-05
1.5791386e-05
1.621947e-05
1.578765e-05
0.0019956652
0.0021839333
0.0024235144
1.62605e-05
1.6408418e-05
0.0021457395
1.5883165e-05
1.6376293e-05
1.6027669e-05
1.6093889e-05
0.0022367517
0.0024856842
1.5961869e-05
0.0023684244
1.5826849e-05
0.0023976812
0.0023430749
0.0023841132
0.0023231331
0.0022083739
1.9663678e-05
1.5814156e-05
0.00064723638
1.5784951e-05
0.0022971019
1.7470349e-05
1.6311472e-05
0.0023275409
1.6056518e-05
2.6774468e-05
1.6083583e-05
1.6158067e-05
1.6032975e-05
0.0031979403
0.00053811914
0.00033971651
2.9843322e-05
1.6862736e-05
1.9472742e-05
2.713118e-05
0.00039904761
6.2379188e-05
2.482322e-05
1.6020763e-05
3.7677546e-05
1.5962802e-05
1.6072315e-05
1.6031471e-05
1.6101205e-05
1.6069115e-05
1.6053266e-05
1.5827505e-05
5.8919985e-05
1.6203097e-05
1.6293943e-05
1.5802561e-05
1.5949193e-05
0.0023434856
1.6112847e-05
1.5801541e-05
1.6683224e-05
1.5797625e-05
5.8166737e-05
4.3280363e-05
1.6092968e-05
1.580732e-05
1.3199746e-05
1.6052843e-05
1.5798966e-05
1.5807276e-05
1.6099268e-05
1.6020252e-05
1.5941446e-05
1.5965385e-05
1.7034984e-05
1.5852752e-05
1.5427313e-05
1.6092384e-05
1.6337488e-05
1.84047e-05
1.6047395e-05
1.6256386e-05
1.5802826e-05
1.5790378e-05
1.6012397e-05
1.5937397e-05
1.6015738e-05
0.00013169796
1.6070222e-05
1.9312968e-05
1.581225e-05
1.5975968e-05
1.5806904e-05
1.6005359e-05
1.6068429e-05
1.6074827e-05
2.029472e-05
1.5942831e-05
1.59828e-05
3.6059969e-05
1.6193077e-05
1.5967977e-05
0.00012607613
1.6067765e-05
1.5794922e-05
1.6127423e-05
1.5923747e-05
1.5789313e-05
1.6038375e-05
1.583401e-05
0.0017794956
1.5880472e-05
1.5901461e-05
0.00030680927
2.4659167e-05
4.4234525e-05
1.6090745e-05
0.0026021691
0.002449321
1.6079409e-05
0.0011127296
2.4827271e-05
1.6023329e-05
1.6095305e-05
0.0023243714
1.579539e-05
1.6095799e-05
1.593444e-05
1.6013486e-05
1.714471e-05
1.6750579e-05
1.5856455e-05
3.916891e-05
0.002447945
1.7208014e-05
0.00068872
1.5784784e-05
1.5792828e-05
1.6035501e-05
1.6067925e-05
1.9917655e-05
1.5977173e-05
1.6052741e-05
1.5973852e-05
1.6080101e-05
1.6050814e-05
1.5815141e-05
1.5795682e-05
2.097388e-05
1.5795682e-05
1.6210148e-05
1.6090953e-05
4.043605e-05
1.57904e-05
5.642172e-05
1.6003723e-05
1.6287997e-05
1.594019e-05
1.5796699e-05
1.6041095e-05
1.308554e-05
1.4259197e-05
0.0025927898
1.6054958e-05
1.6043431e-05
5.1545586e-05
0.0025915092
0.00022441462
1.6115831e-05
0.0024767482
1.749572e-05
1.8143988e-05
0.002494576
0.0024182235
1.57935e-05
1.5829831e-05
1.6264147e-05
3.8613541e-05
5.082333e-05
1.6067084e-05
0.0016615159
1.6478484e-05
1.5797549e-05
1.618304e-05
1.5791149e-05
1.58239e-05
1.6091216e-05
0.0024086969
1.5958285e-05
0.0020983715
1.6091927e-05
1.6380045e-05
1.638597e-05
1.6074683e-05
0.0028437105
1.6010014e-05
1.6755485e-05
0.00027323301
1.6103697e-05
1.5959404e-05
1.6079896e-05
0.0022857932
1.5793566e-05
0.0024692315
5.9670715e-05
0.0024781421
0.0024412707
0.0024510382
0.0023832205
0.0025035398
0.0025156316
0.00246378
0.0024722211
0.0025552069
0.0026036401
0.002443933
2.1193625e-05
0.0025711524
0.0023544386
0.0025407479
0.0025799911
0.0024574895
0.0025723011
0.0024464651
0.0025320076
0.002468985
0.0024945569
0.0025496842
0.0024683171
0.0025042875
0.0024750582
0.0025639827
0.0025988441
0.0025355825
0.0025355447
0.0025586733
0.0025981978
0.0026043687
0.0025552602
0.0024589473
0.0024655958
0.0025197101
1.9745545e-05
2.2022224e-05
1.6008065e-05
1.6007159e-05
2.010897e-05
1.5983469e-05
1.5948934e-05
1.5799999e-05
1.6630095e-05
1.5791604e-05
1.609149e-05
1.619815e-05
1.6007856e-05
8.4253394e-05
0.0023496887
1.6429934e-05
0.00046475139
1.6100237e-05
1.8198972e-05
7.1217322e-05
1.6659992e-05
0.00018431464
0.00022504452
1.6019221e-05
1.5989993e-05
0.0028260536
1.6114434e-05
1.5886165e-05
1.6039971e-05
1.5789985e-05
1.6005172e-05
1.5839059e-05
1.5788125e-05
0.00075870186
1.9321314e-05
1.5829395e-05
2.141682e-05
1.5800582e-05
1.590895e-05
1.6027473e-05
1.5875156e-05
1.7580387e-05
0.0025203048
1.6059885e-05
2.1161495e-05
1.6429815e-05
1.7586866e-05
1.5798081e-05
1.5803986e-05
1.5823664e-05
1.8655612e-05
1.6333654e-05
1.6109851e-05
1.5784067e-05
1.5783221e-05
0.00013282218
0.00013035199
1.6098653e-05
1.7600181e-05
1.6063046e-05
0.00077752295
1.5900904e-05
1.6037287e-05
3.9679441e-05
1.5942449e-05
1.6099917e-05
1.5950138e-05
1.6093529e-05
1.6063304e-05
1.6931308e-05
1.6148129e-05
0.0040996122
0.0034962161
1.5812533e-05
1.585471e-05
1.6161441e-05
1.5927548e-05
3.3173593e-05
1.6099181e-05
5.164034e-05
3.7351468e-05
1.57891e-05
1.5790773e-05
1.5809881e-05
5.3014262e-05
0.0027321877
1.6029805e-05
1.6085471e-05
2.4524571e-05
2.394492e-05
1.6033891e-05
1.58039e-05
1.6018723e-05
1.5941844e-05
0.00023544489
0.00023716353
1.5975563e-05
8.8389975e-05
0.0031186294
1.5957623e-05
1.5810219e-05
1.5976638e-05
0.00024074579
1.5926432e-05
0.00011180246
1.603473e-05
1.6022875e-05
0.0042768072
0.0034489141
1.6920873e-05
1.6038098e-05
0.00268993
0.0014971282
0.0014574136
0.0024802388
1.6565508e-05
1.6051794e-05
1.5869227e-05
1.5856284e-05
3.0702697e-05
1.5949184e-05
5.3929288e-05
3.7900321e-05
0.00011020633
1.609661e-05
1.9313511e-05
1.5890468e-05
1.6092342e-05
3.4950139e-05
1.5925888e-05
0.00034069802
1.5787966e-05
1.6052572e-05
1.8373334e-05
1.5859674e-05
2.4231998e-05
1.6012604e-05
0.001995536
2.279032e-05
1.5790371e-05
0.0021103319
1.5804205e-05
2.6997742e-05
2.6984846e-05
1.5940941e-05
0.00058717196
1.5931239e-05
1.6005295e-05
1.5994161e-05
1.6019578e-05
0.0023315662
1.5923849e-05
0.0010456441
1.5991297e-05
1.6567428e-05
1.5798132e-05
1.5941366e-05
1.6177326e-05
5.9036992e-05
1.6136237e-05
1.6293713e-05
2.4971786e-05
2.978631e-05
1.6088497e-05
1.6084914e-05
4.111699e-05
1.581108e-05
0.0041239757
1.8708662e-05
1.6032043e-05
1.6121873e-05
1.6097585e-05
1.5866086e-05
1.6027381e-05
1.6110048e-05
1.5808332e-05
1.5827578e-05
1.5910678e-05
1.6155762e-05
1.5933103e-05
1.7835665e-05
1.6106748e-05
1.6030423e-05
1.5905501e-05
0.0024769778
2.0461644e-05
1.6099511e-05
0.00027538059
1.5897902e-05
1.5949669e-05
0.0040028887
2.6656927e-05
1.5907596e-05
1.6088832e-05
1.5951824e-05
1.6094228e-05
0.0031480989
1.8102199e-05
1.5877894e-05
1.6053042e-05
1.5792528e-05
0.0031891606
1.5785172e-05
4.0490158e-05
5.2980198e-05
1.5991993e-05
3.3526248e-05
1.5786999e-05
0.0031309568
4.4799996e-05
1.584053e-05
1.6036447e-05
0.0011256603
1.8946206e-05
1.5785836e-05
5.2274422e-05
1.5810731e-05
0.0016097922
0.0015727848
0.0024199208
1.5809364e-05
0.0015539804
1.596875e-05
1.5789966e-05
1.6088834e-05
1.792767e-05
1.6132229e-05
0.0023301176
1.6010085e-05
0.00013130567
4.6038293e-05
1.5784512e-05
1.5794296e-05
3.549219e-05
1.60497e-05
1.9823238e-05
1.6092908e-05
1.9445825e-05
3.7172572e-05
3.2448664e-05
3.0259306e-05
5.3013382e-05
0.0022510726
1.8427121e-05
1.6006877e-05
1.597147e-05
2.792958e-05
3.6487961e-05
1.5804793e-05
0.0016649848
0.002075917
4.0117345e-05
1.6037992e-05
1.6024878e-05
4.5184741e-05
1.6094262e-05
1.6103656e-05
1.5936631e-05
1.5807636e-05
0.001620089
1.5848745e-05
3.3723788e-05
1.6072014e-05
1.6096389e-05
1.5984794e-05
3.4329882e-05
1.6978729e-05
0.0016625057
1.6008767e-05
0.0023422513
1.6092987e-05
1.6014296e-05
0.0023322403
0.00030693568
6.1368402e-05
4.6101983e-05
1.6076724e-05
1.5957236e-05
1.6014474e-05
4.5982893e-05
6.130424e-05
1.5817831e-05
1.6643662e-05
0.002466911
1.6037145e-05
1.5807159e-05
1.6083495e-05
3.6660511e-05
1.5803419e-05
2.2194612e-05
1.6046903e-05
1.5876728e-05
1.60344e-05
4.5924221e-05
1.5844907e-05
1.5936185e-05
1.603086e-05
0.0045455791
0.0016409282
1.5807446e-05
1.5992824e-05
1.5787933e-05
1.5788128e-05
4.9311164e-05
1.648057e-05
1.5877665e-05
1.596608e-05
1.8728097e-05
1.649222e-05
1.6141213e-05
1.7476747e-05
0.001487034
1.599584e-05
1.8789438e-05
1.6072903e-05
2.9557044e-05
1.5913484e-05
1.5841128e-05
1.6128396e-05
1.6113232e-05
1.6384644e-05
1.9402912e-05
1.5787295e-05
0.0019372539
1.6082683e-05
1.6100654e-05
8.446039e-05
8.5248865e-05
1.8820472e-05
1.7940792e-05
1.5764315e-05
0.0034492346
1.5789172e-05
0.0025946416
2.5034919e-05
2.2022066e-05
0.0011810723
0.0022690081
0.0025140861
1.6047912e-05
1.6048718e-05
1.6032528e-05
1.5818317e-05
1.6568761e-05
4.0231e-05
1.5950654e-05
1.5855818e-05
0.00013962556
0.0011034824
1.6541161e-05
1.6167877e-05
1.5810937e-05
1.6016587e-05
2.0701782e-05
0.0028785798
1.7517766e-05
1.846302e-05
1.5785551e-05
1.578337e-05
1.5783357e-05
1.5783436e-05
1.5783338e-05
1.5783112e-05
1.5782983e-05
1.5782977e-05
1.5783288e-05
1.5783697e-05
1.5783295e-05
1.5783323e-05
1.5785238e-05
9.3487016e-05
1.6094015e-05
4.5646003e-05
6.0548976e-05
1.5791151e-05
2.4566849e-05
0.0023474778
0.002482183
0.0003512292
1.6083326e-05
1.5982726e-05
0.0011370349
2.2866963e-05
2.2870866e-05
1.6044317e-05
1.6003461e-05
1.6086518e-05
1.5810423e-05
1.6017728e-05
1.5966729e-05
1.6097791e-05
1.6033947e-05
2.2190061e-05
1.6063867e-05
1.5809482e-05
2.2507889e-05
1.6123915e-05
1.5943077e-05
1.7857731e-05
0.0020062849
5.5786148e-05
1.5798236e-05
1.7587431e-05
1.6049358e-05
1.605619e-05
0.0026408976
0.00092718078
1.6028525e-05
1.5785274e-05
1.6201684e-05
1.6863118e-05
5.1616498e-05
1.6222795e-05
1.5784002e-05
3.5465796e-05
1.5817897e-05
0.002418256
4.0102402e-05
1.5791925e-05
0.0023077874
2.9172624e-05
1.623028e-05
0.002301821
1.643937e-05
1.5953115e-05
1.6003836e-05
0.0010847932
1.6051558e-05
1.5798587e-05
1.6036754e-05
0.0024829789
6.0848089e-05
8.1900519e-05
4.559155e-05
8.1487801e-05
0.0023576
0.00054583137
0.0025711267
0.0025934808
0.0025990639
1.5898039e-05
1.6100831e-05
1.6130073e-05
0.0025183051
0.0026100576
0.0024474935
1.5974954e-05
0.0024751565
1.5883547e-05
0.0025105959
0.0025200396
0.0025019638
0.0022934357
1.7205575e-05
1.6367095e-05
1.636803e-05
0.0024923044
1.5822101e-05
1.5927482e-05
0.0025499069
0.002612238
1.6063799e-05
0.0021131793
0.0025117762
0.0025712959
1.5956916e-05
0.0025442286
0.0027667363
0.0025088271
0.0024946288
1.5794547e-05
0.0025656806
0.00077788377
1.951507e-05
0.0026168921
1.634634e-05
0.0024961111
1.6146187e-05
0.0021700351
1.5891914e-05
1.7328065e-05
0.0025013366
1.8711707e-05
1.7002952e-05
2.5064788e-05
1.6062013e-05
1.608002e-05
1.6543359e-05
1.5792395e-05
1.6034873e-05
1.6004499e-05
1.5942882e-05
1.591667e-05
3.217551e-05
2.3145385e-05
0.0019475031
0.00099657361
3.6236749e-05
1.6225425e-05
1.5991165e-05
1.5999305e-05
4.9562363e-05
0.0023812986
0.00027077061
1.610004e-05
1.5873009e-05
1.5964432e-05
1.5826545e-05
1.6077533e-05
6.3978165e-05
1.5786279e-05
1.6131579e-05
1.6719736e-05
0.0027988841
4.4793292e-05
1.6116935e-05
1.5979458e-05
0.0018096056
1.6037961e-05
0.0016776642
1.5946368e-05
0.0031495021
0.0035727029
1.5794884e-05
1.1557146e-05
0.0013688637
1.6040224e-05
2.0566941e-05
0.0010839175
0.0010846629
1.6009744e-05
1.6096517e-05
1.5883392e-05
2.2343725e-05
4.8394455e-05
1.6006488e-05
1.9829839e-05
1.6045567e-05
1.6037056e-05
1.6279129e-05
0.0031340751
1.5903429e-05
1.6058303e-05
1.6478306e-05
3.9192947e-05
1.613755e-05
1.8014639e-05
0.00020702564
1.5944579e-05
2.0027265e-05
1.9405086e-05
1.5810658e-05
1.6029769e-05
0.0034626446
1.6055652e-05
0.00017196751
0.0027496483
1.5988478e-05
1.6209554e-05
1.6124954e-05
1.5880745e-05
1.6076886e-05
1.5936754e-05
0.0010240718
1.5788365e-05
1.5935445e-05
1.5939343e-05
0.0032256835
1.5891627e-05
1.6088632e-05
1.7016404e-05
3.3412602e-05
3.7938433e-05
2.9634424e-05
1.5788709e-05
1.6110673e-05
1.5799644e-05
1.5974997e-05
1.727245e-05
1.6094179e-05
3.6241696e-05
1.6042939e-05
1.6006765e-05
1.6619133e-05
1.8838052e-05
0.0016762573
1.6066126e-05
1.8970076e-05
1.5938329e-05
1.67383e-05
1.5794343e-05
1.5807151e-05
1.580423e-05
1.5927586e-05
1.5845403e-05
1.6096548e-05
1.5810197e-05
1.5810702e-05
0.00040608545
1.6100827e-05
0.0004163128
0.00013531993
1.5821624e-05
1.6283259e-05
1.7433324e-05
1.6099303e-05
1.5893487e-05
1.5947385e-05
1.6031668e-05
1.5998822e-05
0.002437467
1.6064353e-05
1.6054761e-05
1.5816665e-05
0.00099530819
0.00065660889
1.602256e-05
2.0030474e-05
1.5789152e-05
1.6127099e-05
1.5856862e-05
3.7955877e-05
1.5789745e-05
1.5966438e-05
0.0016631549
1.600715e-05
0.0022754609
4.2072757e-05
1.5786861e-05
1.6149015e-05
1.5932123e-05
1.607865e-05
1.5935993e-05
1.5799266e-05
1.6009471e-05
0.0046594716
1.597171e-05
1.609369e-05
1.5939385e-05
1.5783447e-05
1.6057485e-05
1.6096472e-05
0.0035721417
1.6015944e-05
4.6858837e-05
1.5887401e-05
1.6051322e-05
1.5993372e-05
1.5793164e-05
0.00072949482
1.5898292e-05
1.6038193e-05
1.5842177e-05
1.5944253e-05
0.0023359903
1.6107376e-05
1.5821708e-05
2.7969132e-05
0.00069973141
4.3124824e-05
1.6042918e-05
1.5906065e-05
1.604472e-05
1.6045114e-05
0.0031129697
0.0031174915
2.5047632e-05
9.6230739e-05
1.5807226e-05
1.6019515e-05
1.5795832e-05
1.599647e-05
1.5849254e-05
1.6523363e-05
1.6112999e-05
6.2210523e-05
0.00092090406
1.5940028e-05
1.7230295e-05
0.0026405437
1.600841e-05
1.6052912e-05
1.5803351e-05
1.5792592e-05
1.597212e-05
0.0015870627
0.00023882411
4.3665584e-05
1.5793307e-05
1.5993108e-05
1.5993416e-05
1.5939528e-05
8.8303299e-05
1.5798676e-05
4.1099765e-05
1.6077687e-05
1.6002102e-05
0.00012278815
0.00012260624
0.00312396
6.3896933e-05
1.5999445e-05
1.925426e-05
6.258851e-05
1.5962226e-05
1.593199e-05
0.0029932215
1.5901753e-05
1.5786606e-05
1.6097819e-05
0.001445654
0.00011233305
1.5967077e-05
1.5940169e-05
1.5997517e-05
1.5808392e-05
1.6026441e-05
1.6004038e-05
2.8481173e-05
1.6112037e-05
1.607902e-05
0.00030451621
2.1532894e-05
1.5817657e-05
1.9608356e-05
3.809415e-05
3.7955216e-05
1.865355e-05
1.6107039e-05
1.5999507e-05
1.5800546e-05
0.0005469202
1.5799906e-05
1.6363047e-05
1.5827002e-05
1.6344307e-05
1.578758e-05
1.5931687e-05
0.0019390777
1.6078702e-05
1.5816165e-05
1.6006414e-05
0.00099970569
1.5957859e-05
1.5822012e-05
2.1181724e-05
6.0064139e-05
1.6032586e-05
1.6046106e-05
2.4833545e-05
1.595211e-05
1.8900026e-05
1.5937879e-05
1.5985737e-05
1.6011738e-05
1.6019714e-05
1.580363e-05
1.6253262e-05
1.7301078e-05
1.6515694e-05
2.7752164e-05
1.6097122e-05
1.5793741e-05
1.5794532e-05
1.5865579e-05
1.5925859e-05
0.0010563679
1.6202968e-05
1.5996899e-05
0.00010840927
1.5951178e-05
4.0743608e-05
0.0029653298
1.6214537e-05
1.6207865e-05
0.0029745843
0.0029397125
1.5791105e-05
3.9097278e-05
0.0012051004
0.00025916412
1.582768e-05
1.5784083e-05
0.0019897687
1.5965891e-05
1.6142149e-05
1.5783356e-05
1.5849007e-05
0.00032342044
0.0012169709
1.6086585e-05
0.0018113977
1.7212577e-05
1.6098582e-05
0.00011278373
0.00042906102
1.5982436e-05
1.5840348e-05
1.5888707e-05
1.5900305e-05
1.6770836e-05
1.6064361e-05
1.6089473e-05
1.582498e-05
1.5924397e-05
1.7167286e-05
1.5818554e-05
1.5899471e-05
1.579923e-05
1.5917317e-05
1.5785657e-05
1.5997747e-05
1.5901368e-05
1.5824456e-05
1.5981834e-05
1.6058566e-05
1.6033428e-05
1.6074096e-05
2.7763453e-05
1.6169599e-05
1.5789823e-05
1.5788511e-05
1.5788601e-05
2.2027203e-05
0.0039042666
1.6005586e-05
1.5831793e-05
1.599058e-05
1.610858e-05
1.5958317e-05
1.6081585e-05
1.6008185e-05
1.6007361e-05
3.3641565e-05
1.5832224e-05
1.5836166e-05
0.0016418783
1.6646608e-05
1.5905475e-05
1.6082395e-05
1.6044742e-05
0.00090471308
1.5939744e-05
0.00012103079
1.60143e-05
1.5932068e-05
1.600504e-05
0.0019652546
1.6083965e-05
1.6082637e-05
0.00012452379
1.5924919e-05
1.6083004e-05
1.6104602e-05
0.0031856505
0.00011898326
1.6076422e-05
1.6035523e-05
1.579857e-05
1.5870173e-05
1.5808034e-05
1.6019983e-05
1.5801978e-05
0.00093272285
0.00091892743
1.6016801e-05
1.9620635e-05
1.5832514e-05
5.7434561e-05
1.7614888e-05
1.5894024e-05
2.1069007e-05
0.0036772018
1.6039251e-05
1.5934116e-05
1.604445e-05
1.5956449e-05
0.0011600319
1.6104874e-05
1.6106081e-05
1.6057749e-05
1.5892403e-05
0.0015434511
1.630889e-05
1.5889292e-05
1.6047472e-05
1.6048391e-05
5.574162e-05
1.5865891e-05
1.6082085e-05
1.5793237e-05
3.4857502e-05
1.6176115e-05
1.5886258e-05
1.5979441e-05
1.5998129e-05
0.0014774493
0.00098699133
0.0024776553
1.6189226e-05
2.0380956e-05
1.5785361e-05
0.0017285304
1.601069e-05
4.7821325e-05
3.0247823e-05
0.00010608601
1.6112924e-05
1.5938756e-05
1.6419341e-05
1.6030556e-05
1.6247996e-05
1.6101313e-05
3.4757762e-05
1.6067579e-05
3.1110556e-05
2.1063536e-05
9.1092413e-05
1.5916335e-05
1.5831885e-05
0.0029186271
1.5895506e-05
0.00011123833
0.00010660106
1.5971048e-05
3.4815907e-05
1.6061877e-05
2.4577948e-05
2.3455473e-05
1.5902295e-05
2.6663302e-05
1.723153e-05
1.5797032e-05
1.6020021e-05
0.00048107833
1.6111848e-05
1.5853159e-05
3.0833599e-05
2.3100219e-05
1.5914783e-05
1.5896116e-05
1.7257093e-05
1.6055995e-05
1.5922513e-05
1.588836e-05
0.00056943671
0.00033656138
1.6029285e-05
2.0272399e-05
1.6423418e-05
1.5797695e-05
1.5807041e-05
1.6054266e-05
1.5794239e-05
1.5976627e-05
1.609988e-05
1.7461737e-05
1.9086846e-05
3.5064883e-05
0.0020408029
1.6020772e-05
1.5799736e-05
2.1290105e-05
6.1283001e-05
2.3284924e-05
1.5850885e-05
6.1094735e-05
1.732236e-05
1.7168529e-05
1.5886358e-05
1.5792106e-05
1.5784348e-05
1.5991328e-05
1.5991037e-05
1.6002237e-05
1.6008841e-05
1.6080242e-05
0.0023450445
1.9133903e-05
1.615753e-05
1.6164862e-05
1.5909951e-05
1.6134152e-05
1.5853538e-05
1.6106308e-05
3.3339492e-05
1.5974571e-05
1.5893575e-05
1.6040101e-05
1.600854e-05
1.6156639e-05
1.5787786e-05
4.5229158e-05
1.6151857e-05
1.6121061e-05
1.5826789e-05
0.001652024
1.5801003e-05
0.00048391706
2.8529185e-05
1.5806029e-05
0.00013709087
1.6070926e-05
1.5789495e-05
1.6473609e-05
1.5791253e-05
1.5964011e-05
2.4139002e-05
1.7807631e-05
1.581048e-05
1.5811553e-05
1.6027215e-05
1.5819495e-05
1.5783802e-05
2.3974452e-05
4.4116549e-05
1.5795286e-05
1.5821513e-05
1.6091034e-05
1.6091103e-05
0.0043462124
1.5794162e-05
1.6063306e-05
0.0022341675
1.6154293e-05
0.0025209
1.5989495e-05
2.9534047e-05
1.6093324e-05
1.5910833e-05
1.6044444e-05
1.9146447e-05
2.8378772e-05
1.5938727e-05
0.00025111661
1.6171188e-05
0.003064358
1.6082935e-05
0.0022952693
0.0023271411
1.6113162e-05
2.1112504e-05
1.5872693e-05
0.0014357296
1.6099455e-05
2.0111135e-05
1.5790105e-05
1.580246e-05
1.5786567e-05
1.6094294e-05
1.5803447e-05
1.5966474e-05
1.6005206e-05
1.8143963e-05
1.5803215e-05
1.5830515e-05
1.5874857e-05
8.5410094e-05
2.2515933e-05
1.8465747e-05
1.6594412e-05
1.8371216e-05
1.7290951e-05
1.5879317e-05
2.2436752e-05
2.3384495e-05
1.607071e-05
1.6444445e-05
0.0021158169
0.0044930795
1.5891852e-05
1.6003245e-05
0.0021472996
1.5790098e-05
1.5965126e-05
0.00045170492
8.5784944e-05
0.0022858944
1.821916e-05
3.3236672e-05
1.5831102e-05
1.6027308e-05
0.0019755255
0.00095038177
1.7687817e-05
3.5733484e-05
1.864184e-05
1.5812675e-05
2.0889571e-05
1.5940103e-05
1.5877762e-05
2.6585055e-05
0.0024611573
0.002570588
1.5804934e-05
1.6093107e-05
1.5947318e-05
2.1035349e-05
0.0041239548
4.4634297e-05
4.4680674e-05
1.5998616e-05
1.5990754e-05
1.5830803e-05
1.5808766e-05
3.3548768e-05
1.5788606e-05
0.004510664
1.5914102e-05
1.6032993e-05
1.6028188e-05
2.0723912e-05
1.5819276e-05
1.6040599e-05
1.6434587e-05
1.5784785e-05
0.00050024974
0.0001061698
2.4743902e-05
1.5790873e-05
0.00085523837
0.0025238011
2.0966413e-05
1.5798995e-05
5.2582319e-05
1.7204193e-05
1.882679e-05
0.00080047447
1.8012196e-05
1.6081936e-05
1.6044135e-05
0.00083931069
1.6097345e-05
1.7607678e-05
1.7015901e-05
0.0017486567
0.00011462418
1.5798281e-05
1.6429421e-05
1.6481026e-05
0.0025287299
1.5889601e-05
1.5970104e-05
1.6086733e-05
2.1760364e-05
2.1453583e-05
2.1631944e-05
2.0796125e-05
0.0015268334
1.6001661e-05
0.0024882212
2.1935312e-05
0.0024892609
2.2088579e-05
1.6237595e-05
1.6237843e-05
2.1581448e-05
1.5804117e-05
1.6552537e-05
2.2240704e-05
1.59423e-05
2.2429873e-05
1.5784943e-05
2.0664974e-05
1.6504993e-05
1.5982681e-05
0.00010566605
1.6551572e-05
1.603908e-05
2.2577652e-05
1.593397e-05
0.0025051808
0.00051313262
1.6490309e-05
1.6150584e-05
1.6147398e-05
2.5271867e-05
0.0040704296
2.2714344e-05
1.5938491e-05
2.0377775e-05
1.591438e-05
0.00013661027
0.00020103801
1.751848e-05
2.2854762e-05
1.5869253e-05
0.0027105825
1.6420661e-05
2.3013169e-05
1.6116536e-05
1.5908187e-05
1.5792215e-05
1.5997837e-05
1.5976854e-05
2.3150929e-05
1.5896777e-05
1.5804273e-05
1.5812507e-05
1.601823e-05
1.5929967e-05
1.5797063e-05
1.7304687e-05
2.3152335e-05
1.5802033e-05
1.6185745e-05
2.0596065e-05
0.00094619425
1.6198637e-05
1.6002694e-05
1.6091646e-05
2.1337839e-05
2.1804309e-05
1.594953e-05
1.5783246e-05
1.5896223e-05
1.6340191e-05
1.6059463e-05
1.5999541e-05
1.6211825e-05
1.7161561e-05
1.5842054e-05
1.6364512e-05
1.5791271e-05
0.00063364496
0.00019056128
1.5794943e-05
1.5796318e-05
4.5740685e-05
8.2170535e-05
3.0816379e-05
1.9408942e-05
1.592245e-05
1.6029017e-05
1.6108824e-05
1.5950334e-05
1.6124371e-05
1.5998087e-05
1.5786283e-05
0.002331398
1.5835175e-05
0.002422701
1.6069544e-05
1.6007617e-05
0.0023908614
1.5894422e-05
2.5573882e-05
2.3863711e-05
3.1081295e-05
4.8021105e-05
2.4206781e-05
2.0066527e-05
2.4792909e-05
1.5790307e-05
1.612261e-05
1.5807357e-05
1.59267e-05
1.5795107e-05
1.5802815e-05
0.0027729465
0.0043698838
1.60092e-05
1.5853033e-05
6.253651e-05
1.5952277e-05
1.6108729e-05
2.3313996e-05
1.6311741e-05
1.5913784e-05
1.6204168e-05
1.5808593e-05
0.0025176133
0.0023068419
1.6373186e-05
2.0725648e-05
0.0013878105
1.5789681e-05
3.9608743e-05
1.6085465e-05
1.5805827e-05
2.2556042e-05
0.0022734141
2.1995386e-05
3.0929883e-05
0.0025654777
7.1063305e-05
1.6077466e-05
2.5057361e-05
1.6162029e-05
0.0022756993
1.5812552e-05
0.00056326932
1.5920998e-05
2.1858895e-05
1.6109431e-05
1.6126509e-05
1.6077302e-05
1.6094592e-05
1.5906794e-05
2.6914313e-05
1.6390308e-05
1.6421906e-05
1.600944e-05
1.6075331e-05
1.5827985e-05
1.6772266e-05
1.6040793e-05
1.5879959e-05
1.5850986e-05
1.5790903e-05
0.00025798843
0.000166453
1.6108752e-05
0.0047959511
9.2020499e-05
1.5967736e-05
0.0034916691
1.5834836e-05
1.6040527e-05
1.6029692e-05
1.5992088e-05
1.6153256e-05
0.0023474272
0.00030604484
1.5928338e-05
1.625985e-05
0.0031622211
1.5805337e-05
1.5896626e-05
1.5886838e-05
0.0018686187
0.0026687747
1.5802773e-05
1.5807215e-05
4.4832925e-05
2.2696336e-05
0.001368409
3.489156e-05
0.0031032995
0.0004128146
1.6104688e-05
1.6053508e-05
1.8470011e-05
1.5993802e-05
0.0011079731
1.6016712e-05
0.0026025452
0.000169111
0.00010548266
0.0025652162
1.5856954e-05
1.5874782e-05
1.7755398e-05
8.0348286e-05
1.6032826e-05
2.9829998e-05
1.5793045e-05
1.6130349e-05
0.0035443124
1.5866081e-05
2.1449074e-05
1.5982165e-05
1.5824958e-05
1.5791276e-05
1.6021638e-05
1.602323e-05
6.3943535e-05
5.7758726e-05
1.6159771e-05
1.6032921e-05
1.599871e-05
1.975435e-05
0.001348645
1.6477979e-05
0.0010778915
1.6003568e-05
1.5829753e-05
1.6030926e-05
1.5999194e-05
0.0025910666
1.5898094e-05
0.0011186727
0.00014661033
0.00010043356
1.578728e-05
1.599972e-05
1.6255834e-05
2.2886521e-05
4.2368822e-05
2.6986638e-05
0.00080466825
0.00010773716
1.6078349e-05
1.5876568e-05
1.6008922e-05
1.4394882e-05
1.5962883e-05
1.6032047e-05
1.5790646e-05
1.6589292e-05
1.5992934e-05
1.6094409e-05
1.5797244e-05
0.0010526133
0.00076051971
1.5814903e-05
1.607949e-05
4.9874331e-05
1.6249533e-05
2.5282768e-05
0.0027385171
1.599479e-05
2.1565237e-05
1.6047823e-05
2.5925055e-05
2.2843685e-05
2.4866266e-05
1.5892019e-05
1.8864522e-05
0.0034445331
0.0033446129
0.0033312829
1.7763413e-05
2.3181583e-05
1.6248911e-05
1.5991107e-05
1.6109289e-05
1.6035488e-05
0.0020174672
0.001318045
1.5789428e-05
1.597982e-05
0.0022752141
1.5980737e-05
1.6129419e-05
1.9844165e-05
0.00010166244
0.0023034562
1.5835868e-05
1.6233315e-05
1.6131656e-05
1.6527463e-05
0.0013797139
2.986182e-05
1.6093178e-05
1.6105216e-05
1.5797039e-05
3.0154418e-05
1.9828247e-05
0.0037003834
1.6386602e-05
1.603577e-05
1.5892775e-05
1.6117553e-05
1.5784262e-05
3.9645883e-05
1.8251151e-05
1.5794785e-05
1.586065e-05
0.0045900534
1.60869e-05
1.7515431e-05
1.9294588e-05
1.5808432e-05
2.6008939e-05
3.1415435e-05
1.5983522e-05
1.6132685e-05
0.0013984215
2.4090202e-05
1.579333e-05
1.8045248e-05
1.6022171e-05
3.494835e-05
1.5814871e-05
4.4683729e-05
1.6176611e-05
1.579557e-05
0.0033568878
1.5798941e-05
1.5873078e-05
1.5883292e-05
0.0023445944
1.5809675e-05
1.8066567e-05
0.001460235
0.0014352654
1.8312883e-05
0.0003885979
1.6092666e-05
0.00036767597
1.5810245e-05
1.5994118e-05
4.4258358e-05
0.00040741621
1.5792556e-05
0.0024480609
1.6184977e-05
4.0738114e-05
1.6076188e-05
1.6998538e-05
1.6049247e-05
0.0001044334
1.5842414e-05
1.6033825e-05
1.6063554e-05
1.5869318e-05
0.0018638088
1.6102513e-05
1.7368675e-05
1.6255634e-05
1.6327743e-05
1.7002164e-05
1.5797719e-05
1.5996727e-05
1.5993283e-05
1.5792537e-05
1.5882755e-05
1.6038372e-05
1.5899386e-05
4.2881767e-05
1.6081396e-05
1.6102106e-05
1.8574647e-05
0.0014254441
2.3379011e-05
1.5943371e-05
8.2133732e-05
1.586838e-05
1.5810256e-05
0.00012501374
6.6496649e-05
1.6104314e-05
1.702423e-05
0.00018122174
1.6036006e-05
1.6107483e-05
0.00022958712
0.00032525938
3.1769798e-05
1.6114098e-05
1.6586262e-05
2.3478477e-05
1.5853693e-05
1.7368311e-05
1.5795797e-05
0.00099997025
2.9655383e-05
0.00065987989
1.5798563e-05
3.5590415e-05
1.6070292e-05
1.5788971e-05
1.6071164e-05
1.6093781e-05
1.7054796e-05
1.6397237e-05
0.003057328
0.0030299706
1.5869926e-05
1.6007088e-05
1.584892e-05
0.0024248475
1.5791952e-05
1.584176e-05
1.5923456e-05
1.5790736e-05
1.5977021e-05
1.5912647e-05
1.5959144e-05
1.6279743e-05
1.6262993e-05
1.5817427e-05
0.00012881896
1.5948855e-05
1.6101477e-05
0.00012920887
1.6367938e-05
1.692887e-05
1.5813469e-05
0.0032996035
4.5694136e-05
1.6233963e-05
1.5858154e-05
2.9803456e-05
0.0031507869
0.00011130221
1.5897479e-05
1.5964794e-05
0.0032740514
3.0140216e-05
0.0013303418
0.0017090866
1.6103591e-05
3.0508437e-05
1.5796403e-05
1.6027199e-05
2.4334526e-05
2.9862174e-05
1.5932541e-05
1.6455339e-05
1.5795963e-05
6.6992173e-05
1.5838794e-05
1.6032361e-05
1.587654e-05
0.0010549046
1.6127979e-05
1.6069214e-05
1.581792e-05
1.579166e-05
3.5475502e-05
1.5798572e-05
2.4634328e-05
1.5852373e-05
1.5900457e-05
0.003151647
1.7649424e-05
1.5790945e-05
0.00072584645
0.0024302092
0.00086570449
0.00072226005
0.00051222823
1.5986552e-05
4.3250819e-05
0.00085298603
1.5822907e-05
1.5790095e-05
1.5994784e-05
8.2494573e-05
1.6150451e-05
1.7717128e-05
1.6046892e-05
1.5982101e-05
1.5794659e-05
1.5823762e-05
0.0012300993
1.6275849e-05
1.609848e-05
1.8138504e-05
1.5955736e-05
0.0047248318
0.0014754287
0.001362039
6.9662463e-05
1.6178864e-05
1.5953712e-05
2.7920204e-05
1.6104693e-05
1.6105416e-05
1.6496429e-05
1.5816568e-05
1.5788573e-05
2.6565696e-05
0.00061529329
0.00038157614
1.5799791e-05
1.6092191e-05
1.5823327e-05
4.5210319e-05
1.5793876e-05
8.9558543e-05
1.6095656e-05
0.0030936425
1.598655e-05
0.00039361308
1.5973747e-05
1.8698918e-05
0.0012162283
1.6009575e-05
2.2885568e-05
1.5822954e-05
1.599107e-05
1.6255557e-05
1.5788085e-05
1.6035934e-05
1.6963863e-05
2.2339625e-05
1.5915735e-05
1.6614528e-05
1.578479e-05
4.1884989e-05
1.5967108e-05
1.5802279e-05
1.6017505e-05
1.6154777e-05
1.6200706e-05
1.5819993e-05
1.5783889e-05
1.6034634e-05
1.5943188e-05
1.5978189e-05
6.2560675e-05
2.9358095e-05
1.592657e-05
1.5920271e-05
1.6071269e-05
1.6040431e-05
0.0021741116
0.0024668397
1.5791871e-05
2.1157551e-05
1.5932865e-05
1.5838208e-05
1.9269216e-05
1.608842e-05
1.596831e-05
1.6851708e-05
1.5788534e-05
2.6466986e-05
1.5785026e-05
1.6016935e-05
1.6695127e-05
1.5829876e-05
1.8007992e-05
1.5793858e-05
1.6052974e-05
1.5855387e-05
7.9913801e-05
8.0792255e-05
2.4766972e-05
1.6115703e-05
6.2476721e-05
1.6059174e-05
0.00014860181
0.00014591392
4.4286396e-05
1.5923449e-05
1.595668e-05
1.5957566e-05
1.5946215e-05
1.5903358e-05
1.5793522e-05
2.2559861e-05
5.303886e-05
0.0018268997
1.6098131e-05
2.6205032e-05
2.3891019e-05
0.00081045511
1.5820069e-05
1.6626929e-05
1.5858582e-05
1.598783e-05
0.003194147
1.6008189e-05
0.0003008005
4.0239046e-05
1.5988535e-05
0.00019958509
2.9991297e-05
1.7162752e-05
1.7355164e-05
1.6030947e-05
0.00012600862
1.6031823e-05
1.5981736e-05
4.137061e-05
6.2672501e-05
2.9368896e-05
0.0023529799
7.0376057e-05
1.5950765e-05
2.7497841e-05
1.5791864e-05
1.5806496e-05
2.2600724e-05
1.6044923e-05
4.7025302e-05
1.5886292e-05
1.6258655e-05
1.6099078e-05
0.002495883
1.6117109e-05
1.6062739e-05
1.6092727e-05
0.0023869904
1.601327e-05
1.6083438e-05
2.2442015e-05
1.6140012e-05
1.5814981e-05
1.5879447e-05
1.579122e-05
1.5804611e-05
1.5795624e-05
1.60518e-05
1.5799832e-05
1.603202e-05
0.00485593
0.0021623291
5.9550625e-05
1.602543e-05
0.0033586492
0.0046496876
1.5956053e-05
0.00026277099
1.5998695e-05
0.0032400198
2.2776663e-05
0.0029950378
1.7896279e-05
3.1466377e-05
0.0024576072
2.181471e-05
2.3473706e-05
2.9600053e-05
1.6217383e-05
1.6089838e-05
0.00026422446
1.6061475e-05
1.5795649e-05
1.8355379e-05
0.00026132162
0.0024205894
1.5789208e-05
1.5789707e-05
1.8640184e-05
0.0048366075
0.001228894
0.0025806141
1.5818236e-05
0.0001378963
6.0636347e-05
2.0570395e-05
8.098954e-05
2.6320531e-05
1.6089698e-05
2.3459742e-05
1.597235e-05
1.6633328e-05
1.6096068e-05
0.00068598519
0.00073721045
4.8835983e-05
1.5896863e-05
1.5888591e-05
1.6108067e-05
1.5956454e-05
4.2736902e-05
1.5811674e-05
0.0034663037
1.6102388e-05
1.606697e-05
1.6721169e-05
1.5790965e-05
2.3802054e-05
1.5790821e-05
0.00036826177
3.5080458e-05
1.6104337e-05
1.5784932e-05
1.5965111e-05
7.6473795e-05
0.0017858463
1.6029885e-05
0.00089057076
0.00090077167
1.601277e-05
1.6032781e-05
0.0023895729
1.6432685e-05
1.5810709e-05
1.5841162e-05
1.579287e-05
4.4949668e-05
0.0019375495
1.5809891e-05
2.8908897e-05
1.6151353e-05
1.6109706e-05
0.00025948797
1.5918635e-05
1.5942937e-05
0.00019860482
1.5914743e-05
0.0013156048
5.0397169e-05
1.73544e-05
1.5807429e-05
1.5986453e-05
1.6058445e-05
2.0723364e-05
2.4451362e-05
4.3226083e-05
0.00058131484
0.00010853825
1.5798188e-05
1.6086656e-05
1.5983617e-05
1.5956143e-05
1.6370966e-05
1.6259175e-05
1.6042406e-05
0.00093010393
0.00092193964
0.0012199221
1.6488733e-05
1.6009498e-05
1.5751183e-05
2.4193972e-05
1.6074737e-05
1.5806691e-05
1.5824064e-05
0.0033074087
1.5791694e-05
1.5793812e-05
0.0031553453
1.589014e-05
7.2102568e-05
2.3427731e-05
1.5830133e-05
0.00010998275
1.5805456e-05
0.0029417313
0.0012229613
1.5955034e-05
0.00042015945
1.5972077e-05
2.5287571e-05
3.3262268e-05
4.2756525e-05
1.5802883e-05
4.7005164e-05
1.5904403e-05
4.6040676e-05
1.6039907e-05
6.2528357e-05
0.00060543686
1.9235556e-05
4.6984024e-05
4.8559457e-05
1.5889968e-05
0.00090753244
1.7210378e-05
1.6023596e-05
2.1061191e-05
0.004784205
4.9891934e-05
1.5874367e-05
1.6023629e-05
1.6947308e-05
1.6146926e-05
0.00022452365
0.00011049933
1.6278601e-05
1.9337674e-05
0.00063654055
2.9378968e-05
1.5803339e-05
1.6708881e-05
1.609981e-05
0.0012221649
1.5808083e-05
1.5976139e-05
1.6112412e-05
2.5914089e-05
1.5864954e-05
0.0022490891
1.6037981e-05
1.6083809e-05
3.3642929e-05
1.6116896e-05
1.6210289e-05
2.522862e-05
0.0018180543
1.5815025e-05
1.5961836e-05
1.6207706e-05
1.6210976e-05
2.5154243e-05
0.00035150224
0.00057846266
1.9228621e-05
1.6107755e-05
4.5784519e-05
5.0318285e-05
5.9674005e-05
1.612141e-05
1.7687558e-05
1.6051278e-05
2.188184e-05
1.5790166e-05
0.0025328577
0.0025793453
1.5793555e-05
1.6060556e-05
1.5972238e-05
0.0023516306
1.6069255e-05
5.7226503e-05
1.5822267e-05
1.5975281e-05
1.609929e-05
1.6054461e-05
1.6108664e-05
0.0023395904
1.5937701e-05
1.5789428e-05
1.850295e-05
5.3000672e-05
1.5793997e-05
4.385954e-05
1.582972e-05
1.594564e-05
1.5985073e-05
1.6899924e-05
1.6004417e-05
1.6081935e-05
1.5965011e-05
1.5889642e-05
1.604506e-05
0.002205812
0.002588428
0.0026183694
8.1734583e-05
1.6008304e-05
1.5979479e-05
1.5783529e-05
1.6413748e-05
1.6180707e-05
1.5789924e-05
0.003341333
0.00075390192
1.5940846e-05
1.5803319e-05
1.5805432e-05
0.0019361596
1.630164e-05
1.5979474e-05
1.5876327e-05
0.0031911845
1.6053584e-05
2.2029535e-05
5.5203875e-05
2.1884575e-05
1.6176147e-05
1.5960855e-05
1.5810895e-05
1.5802526e-05
1.585304e-05
1.5793444e-05
5.2295955e-05
1.5965134e-05
0.0045975705
1.5786334e-05
1.5850186e-05
2.2040905e-05
6.5646228e-05
1.5949102e-05
0.00095531066
0.0016301457
1.6562886e-05
1.599749e-05
1.6073027e-05
1.5795748e-05
0.0019023863
1.9325761e-05
1.6100201e-05
2.2735676e-05
1.5964913e-05
0.00034164239
0.00041114574
1.6112133e-05
1.6060848e-05
1.6104528e-05
0.0018411505
1.6178712e-05
1.6050571e-05
1.7259411e-05
1.579511e-05
1.6071139e-05
0.00012003969
1.611284e-05
1.6103551e-05
1.5816787e-05
1.5785977e-05
2.6061412e-05
3.5672554e-05
1.6044597e-05
1.6268842e-05
0.00013681741
0.00091305435
1.5788629e-05
0.0015454982
1.6108451e-05
1.5806514e-05
2.152908e-05
1.6131335e-05
0.0001198508
2.8579029e-05
5.189923e-05
1.6436302e-05
1.5929627e-05
0.0034242382
1.6063088e-05
0.0019774325
1.6080728e-05
1.7566659e-05
1.5856628e-05
1.6421026e-05
0.0029650762
3.9438782e-05
0.0020402076
1.5791488e-05
0.0024755204
0.00013016003
1.5849829e-05
1.6413903e-05
1.8387467e-05
1.5929495e-05
1.6397992e-05
0.0027136526
0.0015122087
2.3325448e-05
1.6015311e-05
1.5852032e-05
0.00017853895
1.6311634e-05
1.6546194e-05
1.6076496e-05
1.5854371e-05
1.6003912e-05
1.6015313e-05
0.0027529372
5.5278917e-05
1.5790091e-05
1.5798118e-05
1.6129895e-05
1.6035906e-05
0.001272293
0.0026180294
1.5926251e-05
1.5867624e-05
1.8436651e-05
2.6570244e-05
0.0028618413
1.6102585e-05
1.5925016e-05
0.00091237993
1.5902722e-05
1.6878185e-05
1.6108209e-05
1.5941466e-05
0.00079660718
1.5793669e-05
0.0006566507
0.0031901044
0.0036342693
2.1468774e-05
1.6011558e-05
1.5818046e-05
1.6731777e-05
1.5857918e-05
2.860814e-05
1.6457745e-05
0.0021698577
1.6035309e-05
3.1550611e-05
1.5985611e-05
1.6013789e-05
1.6053474e-05
1.8389067e-05
1.6037609e-05
1.6039645e-05
2.0128675e-05
1.5813481e-05
1.601256e-05
1.5975912e-05
0.003122008
1.8788323e-05
1.5971079e-05
1.6104748e-05
0.0031183178
1.6114187e-05
1.6057927e-05
1.5876192e-05
5.288685e-05
2.1081032e-05
0.0026161422
0.0027459536
1.5957337e-05
1.5956114e-05
1.5992506e-05
1.6048528e-05
1.7475526e-05
1.914867e-05
0.00011854864
1.6072309e-05
2.8428586e-05
1.9149898e-05
1.6165301e-05
1.6169851e-05
1.6029532e-05
1.6188555e-05
3.0965095e-05
1.5830399e-05
1.6106465e-05
2.274189e-05
1.6038632e-05
0.00016500609
1.6279887e-05
1.3675794e-05
1.6001117e-05
1.6004953e-05
1.5899852e-05
1.5896805e-05
1.5944164e-05
1.5977992e-05
2.1030417e-05
1.6026379e-05
0.0023565314
1.5951757e-05
1.5803972e-05
1.6016101e-05
1.580986e-05
1.5797353e-05
1.6050502e-05
1.6121122e-05
1.5984842e-05
1.6195529e-05
3.9236614e-05
1.76178e-05
1.6035195e-05
1.6056666e-05
1.6109695e-05
1.6103375e-05
1.5783426e-05
0.0023601891
1.600581e-05
0.00015712841
0.002328889
0.0010227291
1.6067336e-05
4.7647974e-05
2.313697e-05
0.0024400116
2.263426e-05
2.2375125e-05
0.00019911361
0.0024499599
0.0031314602
0.003106599
1.581155e-05
1.5845294e-05
1.6523199e-05
1.5954666e-05
1.8583878e-05
0.00076337288
0.0021495573
1.579493e-05
1.5794974e-05
1.6104101e-05
1.580706e-05
1.684885e-05
1.7015252e-05
0.0025090172
2.8353355e-05
1.6817906e-05
1.6099367e-05
1.5963905e-05
1.6049048e-05
0.0024163565
0.0024415324
1.6055909e-05
0.0011583601
1.59613e-05
1.6136047e-05
1.5889328e-05
1.6196642e-05
0.00036775386
0.00034211115
0.00045785391
1.6030557e-05
1.6012411e-05
1.6081872e-05
1.579443e-05
1.5794836e-05
0.0031652409
1.7025852e-05
0.00031608037
0.001834314
1.5986357e-05
1.626037e-05
1.6043714e-05
1.5848334e-05
1.6112723e-05
1.7020069e-05
0.0004980433
1.6055184e-05
1.579445e-05
1.5810305e-05
1.5798966e-05
1.5950539e-05
0.0012900211
1.6109455e-05
1.5820844e-05
1.5789776e-05
0.0030686477
1.8399306e-05
1.6075586e-05
0.0013449377
0.0013767145
0.0021604508
1.6059032e-05
9.8925651e-05
3.4738343e-05
1.6255588e-05
2.4584306e-05
1.6044747e-05
2.8442142e-05
1.6030753e-05
1.6079537e-05
6.9715226e-05
1.5804565e-05
1.5915848e-05
1.580864e-05
1.5992727e-05
1.5792116e-05
1.5789173e-05
1.8578708e-05
1.6262138e-05
1.624645e-05
1.6084229e-05
1.7479746e-05
1.6200832e-05
1.6075197e-05
1.6347068e-05
1.6309224e-05
1.6102103e-05
0.00060202283
1.6058932e-05
1.5904726e-05
1.5804102e-05
0.0024801861
1.6248457e-05
2.0920746e-05
0.0008616449
2.1983836e-05
1.5786533e-05
1.6105621e-05
1.5833306e-05
1.5994931e-05
1.5881741e-05
2.7875724e-05
1.5812454e-05
0.0018333214
0.0025352096
2.8616222e-05
1.6030107e-05
3.4127751e-05
1.6109702e-05
1.6149587e-05
0.0041722399
0.002494889
1.6429057e-05
0.0024586654
1.6065485e-05
1.5856157e-05
2.5063138e-05
1.6441057e-05
1.6105633e-05
1.5886096e-05
1.6332394e-05
1.6066829e-05
1.5941676e-05
1.5795092e-05
1.6127702e-05
1.6094595e-05
0.0012479829
1.7182827e-05
1.610915e-05
1.5949942e-05
1.5945032e-05
2.8434254e-05
0.0024403667
1.5938768e-05
0.00025559581
1.6095231e-05
1.5892238e-05
0.00083268228
1.8583176e-05
1.5793309e-05
1.6511233e-05
1.5908151e-05
1.6005374e-05
1.6192659e-05
1.5794872e-05
1.5896244e-05
1.5991254e-05
0.0025116407
1.6014408e-05
1.6016744e-05
1.8859559e-05
1.5866673e-05
0.002065864
0.00016947692
1.6308715e-05
1.5872217e-05
2.0351371e-05
0.00011860265
0.00023608393
1.8776671e-05
1.5991234e-05
1.6041539e-05
3.8571113e-05
5.1876177e-05
1.8863707e-05
1.7053072e-05
1.5829537e-05
1.6160009e-05
1.6077898e-05
1.594395e-05
1.5791235e-05
1.8339454e-05
1.5951389e-05
1.9588666e-05
1.6009324e-05
1.595965e-05
0.0013302036
1.6477498e-05
1.627326e-05
1.5868557e-05
0.0019500867
1.588361e-05
1.6030189e-05
0.00015025054
0.0002316107
1.5794603e-05
2.2878089e-05
2.1648048e-05
0.0029687261
0.00046030072
1.913842e-05
1.6025979e-05
1.5803134e-05
0.00052480255
1.6064909e-05
1.5799024e-05
1.5855995e-05
2.3795586e-05
1.5810179e-05
1.6033415e-05
1.5981536e-05
0.00016989472
1.9950704e-05
0.0032527817
0.0042891377
0.0019617944
1.6064404e-05
1.6549055e-05
1.579951e-05
1.6008525e-05
1.5845741e-05
2.469948e-05
4.6391347e-05
1.6145906e-05
1.7959719e-05
1.7595987e-05
1.5864218e-05
1.6055351e-05
3.3627256e-05
0.0001215275
1.6486427e-05
1.5825944e-05
1.5795762e-05
1.6009926e-05
1.592975e-05
2.7848425e-05
9.408986e-05
1.5904867e-05
0.00012166981
0.0026940504
1.596602e-05
1.6004477e-05
0.0011818872
0.0017891128
0.001222945
1.5791713e-05
1.6400809e-05
1.5956284e-05
1.6258497e-05
0.0017446371
1.5986046e-05
1.7229866e-05
1.596719e-05
1.5987313e-05
1.5967015e-05
1.589621e-05
1.5784738e-05
1.6471024e-05
6.9800831e-05
1.5807218e-05
1.6096962e-05
1.5793151e-05
1.6559474e-05
1.6061401e-05
1.6189e-05
1.6019197e-05
1.608755e-05
1.747871e-05
1.5954083e-05
0.0020648822
1.6033049e-05
2.7372842e-05
1.6067646e-05
0.00024605202
4.3803921e-05
1.578919e-05
1.5847827e-05
1.7103119e-05
9.9570502e-05
2.1982597e-05
3.7823077e-05
0.00066692388
1.5866217e-05
0.0024921433
1.6072394e-05
1.6277194e-05
1.5791894e-05
0.0012407821
0.0010127021
0.0023419362
1.6133621e-05
0.00066515126
0.00055712404
1.5933674e-05
1.9719987e-05
0.0025678901
0.0027738872
0.0001741542
0.00021446386
1.605615e-05
1.6072927e-05
1.6045326e-05
0.0025270741
1.5864238e-05
1.6062068e-05
1.5856203e-05
0.002907097
1.6098419e-05
0.00011822273
1.5788186e-05
3.0062716e-05
1.6142864e-05
1.610639e-05
1.6150602e-05
1.5832351e-05
2.3150427e-05
1.6022037e-05
1.6267974e-05
1.598797e-05
1.6139498e-05
1.5885731e-05
1.6085047e-05
2.3288815e-05
1.605468e-05
1.6024507e-05
1.6004141e-05
1.6031134e-05
1.6043519e-05
1.5861917e-05
1.5791233e-05
1.599037e-05
1.6939025e-05
1.6037706e-05
1.5790598e-05
2.860513e-05
0.0024350085
0.0023825287
0.0024532919
1.6046294e-05
5.4992604e-05
1.6045962e-05
1.6043784e-05
1.6477174e-05
0.0047312401
1.5880324e-05
0.0022757962
1.5839292e-05
1.6018865e-05
3.3248961e-05
1.6104901e-05
1.6319018e-05
1.5792856e-05
1.657998e-05
1.7846915e-05
0.001700023
0.0016668709
1.6032245e-05
1.6226394e-05
1.5795315e-05
1.8788186e-05
0.00011333422
6.4888894e-05
0.0031585374
0.00020774776
1.6043751e-05
1.6083444e-05
0.00072636345
0.002388606
0.0014309233
0.0014601011
1.5799499e-05
1.579602e-05
0.00010605046
1.5799252e-05
1.5861696e-05
1.5896921e-05
1.5878715e-05
1.5806807e-05
1.5786431e-05
2.2441425e-05
6.6820936e-05
1.6074177e-05
1.6077311e-05
1.6208227e-05
1.581021e-05
3.8989786e-05
0.003178032
0.0031552158
1.6122205e-05
1.5899719e-05
1.584269e-05
1.6294894e-05
0.00093682454
0.0023722447
1.6106408e-05
1.6110725e-05
1.5918485e-05
1.7534594e-05
1.5786986e-05
1.5891539e-05
2.0926963e-05
1.6078271e-05
1.6021284e-05
0.0023651848
1.6060212e-05
1.7794916e-05
1.5791502e-05
1.584032e-05
1.9496582e-05
2.061015e-05
1.602698e-05
0.0033465777
0.0033264235
0.0029519149
1.5806619e-05
3.242144e-05
1.6082521e-05
1.6113074e-05
1.7738256e-05
0.00095741881
1.6078635e-05
1.5798136e-05
1.6203799e-05
0.0024340302
1.5927657e-05
1.6105766e-05
1.5790799e-05
1.587018e-05
1.7687676e-05
1.5795464e-05
0.0037738012
0.0017465217
1.9505323e-05
2.7868047e-05
1.5994791e-05
3.491477e-05
0.00016310401
1.5793732e-05
1.5789806e-05
1.6206684e-05
1.5785861e-05
1.6073857e-05
3.1837951e-05
1.7602378e-05
1.6144256e-05
1.8077463e-05
1.6075632e-05
2.453692e-05
1.7568143e-05
0.00042270462
1.5784454e-05
2.2593798e-05
1.5784133e-05
5.1296569e-05
4.5269122e-05
0.00096231224
1.5786825e-05
1.5916926e-05
1.6274051e-05
1.5852374e-05
1.7435205e-05
1.584586e-05
1.6118546e-05
1.7529068e-05
1.5787123e-05
1.5806788e-05
1.5785622e-05
2.0196251e-05
5.3640852e-05
1.5789564e-05
1.6015051e-05
1.6106364e-05
1.6292365e-05
1.6204678e-05
1.7459365e-05
1.6098988e-05
1.6143158e-05
1.5844716e-05
0.0023022007
1.5787922e-05
1.5791963e-05
2.1209135e-05
1.5870044e-05
1.5811861e-05
0.004324558
2.7481457e-05
1.7547923e-05
0.00061362052
2.9983425e-05
1.8798247e-05
0.00061470644
1.5827486e-05
1.6049498e-05
1.8780575e-05
1.592009e-05
1.7487015e-05
1.6407628e-05
0.001266318
1.584025e-05
1.5954127e-05
0.0019042764
1.6098093e-05
2.2697467e-05
1.5845302e-05
0.00058802685
1.6065766e-05
1.7540597e-05
0.00015758221
1.6105995e-05
1.59904e-05
0.002204208
0.00050267495
1.704977e-05
1.6105943e-05
0.00091457799
0.0003730434
1.5955157e-05
1.7448005e-05
5.7497341e-05
1.6086325e-05
1.5784016e-05
1.6098808e-05
1.8712319e-05
1.5816883e-05
1.5921008e-05
2.2543621e-05
1.644418e-05
1.739928e-05
1.6041447e-05
1.6745206e-05
1.5925692e-05
1.5795529e-05
1.6094727e-05
0.00056855544
1.6043441e-05
1.603627e-05
1.5906293e-05
2.3056384e-05
0.00018036623
1.6100294e-05
1.7350396e-05
1.6018749e-05
1.9152483e-05
1.6106217e-05
0.00036077154
0.00020056204
1.5862664e-05
0.0002635145
1.6967107e-05
1.6093131e-05
1.5786281e-05
1.594033e-05
2.2169013e-05
1.5786341e-05
1.6056186e-05
1.610609e-05
1.9945557e-05
2.6106856e-05
0.0035294481
0.0034069315
1.5817689e-05
1.6176033e-05
0.0045451595
1.5794236e-05
1.6229465e-05
0.0024463585
2.8610141e-05
1.5965463e-05
1.609404e-05
1.598046e-05
1.6490561e-05
0.0020232365
2.144909e-05
1.6237312e-05
1.6372806e-05
2.1636656e-05
1.5799395e-05
1.8389352e-05
1.6343664e-05
0.000176403
0.00039207684
1.6051801e-05
5.134216e-05
1.6038769e-05
1.6220178e-05
3.4438734e-05
1.6009813e-05
1.6049597e-05
0.0025304793
0.002476338
1.6051626e-05
1.6239433e-05
1.3063448e-05
1.6092727e-05
5.8626036e-05
1.5791062e-05
1.6127142e-05
1.592345e-05
1.5799354e-05
1.5816396e-05
1.5785219e-05
1.591043e-05
4.0024196e-05
1.6028476e-05
1.579464e-05
1.579763e-05
1.6063291e-05
1.5972965e-05
1.6230517e-05
2.3315059e-05
1.579079e-05
1.6044306e-05
1.5954707e-05
2.3552752e-05
0.0046649908
0.00084699896
1.5957098e-05
0.0016113073
1.605847e-05
1.6236777e-05
1.5947285e-05
0.00013176265
1.6066006e-05
1.5863564e-05
1.9756579e-05
1.580365e-05
1.6367455e-05
1.5946e-05
1.6100692e-05
1.6146989e-05
3.5898875e-05
1.5789384e-05
1.5797847e-05
1.6780534e-05
1.5812325e-05
0.0023249328
1.6097878e-05
5.6450037e-05
0.00094905931
0.0031425809
1.9000133e-05
1.8525319e-05
8.0848823e-05
6.1412765e-05
1.5832235e-05
4.5531372e-05
1.5895004e-05
3.980483e-05
0.0046695443
1.582159e-05
0.00089659939
0.00093191607
1.6069243e-05
1.5982559e-05
1.5837106e-05
0.0023172145
3.475681e-05
1.6041928e-05
1.5952338e-05
0.001652047
1.6036774e-05
1.5966073e-05
1.5844652e-05
2.1075744e-05
1.6110924e-05
2.6334568e-05
3.4264609e-05
1.6059846e-05
1.5804495e-05
2.1517224e-05
1.6181802e-05
1.9826778e-05
1.5870162e-05
1.6006146e-05
1.7123887e-05
1.6085517e-05
3.5991991e-05
1.5976859e-05
1.6102026e-05
0.0024611613
1.5807353e-05
0.0024436868
1.5800348e-05
1.6135305e-05
1.8132539e-05
0.00053291858
1.6780728e-05
1.5818719e-05
1.9667399e-05
1.579796e-05
1.6439106e-05
1.6086913e-05
1.7505702e-05
7.1171004e-05
1.6094391e-05
4.8998387e-05
4.0272647e-05
1.9251248e-05
1.5953908e-05
1.6105758e-05
1.5931831e-05
1.5794991e-05
1.867034e-05
1.9956465e-05
2.3939069e-05
1.6099122e-05
0.00023835548
1.6520022e-05
2.5434582e-05
1.5903769e-05
0.00089881118
1.8528676e-05
1.6212196e-05
1.6050545e-05
1.5790523e-05
1.5953475e-05
1.5890065e-05
1.6111664e-05
1.6319729e-05
1.6086699e-05
1.6509134e-05
1.6882658e-05
1.6110976e-05
1.6185865e-05
1.6219993e-05
0.0014436452
1.5877552e-05
1.6038373e-05
1.6112983e-05
0.0020643852
1.590826e-05
1.6025908e-05
0.00047682426
0.00025679984
1.5962226e-05
1.5810247e-05
1.5790443e-05
1.5897352e-05
1.6084033e-05
1.6269174e-05
1.5794854e-05
1.7432555e-05
1.6614389e-05
1.5805302e-05
1.6100721e-05
1.589738e-05
1.8167801e-05
0.00047161534
0.0046254116
1.8445081e-05
1.583503e-05
0.0023911636
0.0019992618
0.0032208447
0.0031995566
1.6060146e-05
1.610728e-05
1.7356941e-05
1.5822242e-05
1.5886491e-05
1.5922395e-05
1.6151911e-05
1.6109149e-05
1.74311e-05
2.0059507e-05
2.02414e-05
1.6047281e-05
1.5785959e-05
8.0701255e-05
3.197786e-05
1.609967e-05
2.6380244e-05
1.6080063e-05
1.7846452e-05
1.5819221e-05
1.7338569e-05
1.6179541e-05
1.624107e-05
0.00015673157
1.8621746e-05
1.5786023e-05
1.6056478e-05
1.6050153e-05
2.1301012e-05
1.7250902e-05
0.002336674
1.5933509e-05
1.6179735e-05
1.6098134e-05
1.579155e-05
2.8285736e-05
0.0023699735
1.6846995e-05
1.7194782e-05
0.0023801152
1.5864581e-05
1.5863382e-05
1.6129379e-05
0.0005165758
1.7196877e-05
1.693713e-05
0.00012499937
1.5935685e-05
1.5973699e-05
1.6221865e-05
1.6101238e-05
1.609794e-05
1.6718716e-05
1.5853615e-05
1.7123041e-05
0.0020960658
1.6174244e-05
1.6051064e-05
3.0819153e-05
1.612421e-05
1.5797484e-05
1.6082567e-05
1.5968585e-05
5.2237099e-05
0.0012676073
1.6193998e-05
1.6314003e-05
1.6015841e-05
1.6817013e-05
0.0018576333
1.5831271e-05
1.6195745e-05
1.5813359e-05
0.00047766026
3.0513323e-05
1.5892846e-05
1.598999e-05
1.5794037e-05
2.3012886e-05
1.5975069e-05
1.5791647e-05
9.5164638e-05
1.6098383e-05
1.579199e-05
1.7971182e-05
1.6278182e-05
0.0018084227
0.0028856803
1.6090348e-05
0.003058237
1.609784e-05
7.6969308e-05
3.1097379e-05
0.0031393805
0.0017050177
1.7139036e-05
1.234847e-05
1.5857196e-05
0.0022943523
1.607806e-05
3.1174811e-05
1.6002174e-05
1.6103274e-05
1.5973367e-05
1.5824072e-05
2.9877815e-05
0.0022897965
1.5842223e-05
0.0010356657
0.0014528775
1.5980796e-05
7.4581527e-05
1.5977053e-05
1.5981991e-05
1.613067e-05
0.0013943308
0.00014913967
1.5875963e-05
1.6086323e-05
2.7751387e-05
1.5908516e-05
1.6076788e-05
0.0006694027
2.1847445e-05
1.593184e-05
1.5969547e-05
0.0024638875
1.6052651e-05
1.6049164e-05
1.6349243e-05
1.627387e-05
1.5864914e-05
1.6003387e-05
1.5879275e-05
1.5942514e-05
1.6093376e-05
1.6041398e-05
2.2000142e-05
0.0020487296
3.095302e-05
1.5950877e-05
1.5831609e-05
2.8413451e-05
5.7468781e-05
0.00061673278
0.0020806478
1.6128835e-05
1.5832688e-05
0.0025528322
1.6240272e-05
1.6510803e-05
2.1957442e-05
3.6963896e-05
1.5977461e-05
1.9196905e-05
1.5813606e-05
1.5957244e-05
1.6065377e-05
1.5973183e-05
1.5785174e-05
1.5841778e-05
0.0027565459
1.6085236e-05
0.00034326427
1.5958407e-05
3.8472194e-05
1.597499e-05
1.5908233e-05
0.0014035382
1.6126653e-05
1.6366472e-05
1.6480819e-05
1.6110492e-05
1.6059778e-05
1.6707832e-05
1.5948822e-05
1.5826001e-05
1.5845663e-05
1.6756173e-05
1.622783e-05
1.6096525e-05
0.0021568612
1.5810482e-05
2.4924867e-05
1.5878573e-05
1.5789581e-05
1.5876177e-05
1.592877e-05
0.0005635038
1.5793976e-05
1.594396e-05
1.5980498e-05
1.6001199e-05
1.5996875e-05
1.5834649e-05
1.5799763e-05
9.3992899e-05
1.6127365e-05
1.5975704e-05
1.5968529e-05
1.5977223e-05
1.5805771e-05
1.6113063e-05
1.6488458e-05
0.0022942767
1.5896324e-05
1.591746e-05
1.6223852e-05
1.645515e-05
1.7292077e-05
1.61e-05
3.5016867e-05
1.6074252e-05
7.5516122e-05
1.599205e-05
3.2802942e-05
2.5278647e-05
1.609687e-05
1.5832534e-05
1.585702e-05
1.5996001e-05
1.6207295e-05
2.4926384e-05
0.00011260508
1.5960243e-05
2.4797855e-05
2.5804777e-05
3.463231e-05
1.610016e-05
1.6048765e-05
1.6023358e-05
0.0034970365
1.5858398e-05
1.5901457e-05
1.5886536e-05
1.5993659e-05
7.4499162e-05
0.0026550593
1.6194382e-05
1.5790015e-05
1.6023312e-05
2.1982661e-05
4.6684486e-05
1.6134766e-05
1.5851529e-05
1.5945151e-05
0.0014448681
1.604564e-05
3.2411905e-05
1.5794406e-05
1.6183814e-05
1.9441694e-05
4.5637174e-05
1.6098857e-05
1.6179935e-05
1.5989102e-05
1.5960518e-05
1.5805734e-05
1.5812266e-05
1.6007898e-05
1.6763826e-05
1.5977651e-05
0.00016672833
1.5798883e-05
1.610446e-05
1.5867216e-05
0.000436945
0.002284363
1.5925259e-05
1.6327886e-05
1.6231181e-05
1.6030487e-05
1.5991305e-05
1.6038715e-05
4.3443121e-05
0.00014216964
1.6080675e-05
1.6044996e-05
1.5788747e-05
1.6041073e-05
1.5930245e-05
1.5867106e-05
1.5783514e-05
1.8328007e-05
1.5910852e-05
1.5801035e-05
1.5941959e-05
2.8246999e-05
1.6171731e-05
1.5792144e-05
0.00057085666
1.5833912e-05
1.6154268e-05
1.7050658e-05
1.5930023e-05
1.5797938e-05
3.0863649e-05
2.5148237e-05
2.8850718e-05
1.6015896e-05
1.5982667e-05
1.610932e-05
0.0031705351
2.9630223e-05
0.0018833446
0.0021326158
1.5816343e-05
2.5296141e-05
1.6098583e-05
1.6071613e-05
9.85694e-05
3.5915381e-05
1.5960259e-05
1.6280126e-05
1.5796205e-05
1.5804353e-05
1.5884289e-05
2.4543992e-05
1.601452e-05
0.000610176
0.0002729577
0.00010146728
2.7483268e-05
1.609726e-05
1.5787917e-05
2.4547375e-05
1.7121841e-05
1.608245e-05
0.0032571725
0.0032400856
0.0012723744
1.5893986e-05
2.1818768e-05
1.6021184e-05
1.5724369e-05
1.5798985e-05
0.0029184411
2.5326272e-05
0.0033952704
1.5793477e-05
1.5806769e-05
1.622614e-05
1.695826e-05
1.6074811e-05
7.0192207e-05
1.5799632e-05
1.5807015e-05
1.6102501e-05
1.6097772e-05
1.6198258e-05
1.7688458e-05
1.5842142e-05
5.851405e-05
0.0001684752
1.5802305e-05
1.5942169e-05
0.0025025437
1.6083278e-05
1.6569966e-05
1.6356063e-05
0.0025517611
1.5980972e-05
1.5965508e-05
1.610534e-05
1.6026409e-05
1.6122431e-05
1.6032164e-05
7.2446165e-05
0.00018776923
0.0039517915
1.6141205e-05
1.6126318e-05
1.6032201e-05
1.5875603e-05
1.6491619e-05
1.6091185e-05
1.6089568e-05
0.001901142
1.6077733e-05
1.5825298e-05
1.6922932e-05
2.4148559e-05
1.6079132e-05
1.7064286e-05
1.6110619e-05
1.6042222e-05
1.5802654e-05
1.6095271e-05
1.5964063e-05
0.0023713542
5.768031e-05
1.5861225e-05
2.7369342e-05
1.5917784e-05
1.7008694e-05
1.5834935e-05
0.0023844759
1.5900285e-05
1.5907527e-05
1.5878599e-05
1.5793376e-05
0.0014783492
1.6041581e-05
1.6093333e-05
1.5814988e-05
1.5984914e-05
1.5885028e-05
1.5792609e-05
1.5796891e-05
1.8503093e-05
2.197714e-05
1.5995915e-05
1.6633711e-05
1.8644318e-05
1.6029854e-05
1.5863128e-05
1.6159267e-05
1.5929314e-05
1.6211438e-05
5.9853094e-05
0.00010051793
3.2202498e-05
1.580726e-05
1.605074e-05
0.00071317984
0.0025673772
1.5927365e-05
0.0022227269
1.5934293e-05
1.6017589e-05
0.00028466625
0.00246885
1.6246735e-05
1.5972156e-05
1.5797752e-05
0.00014612505
1.5806642e-05
1.5942862e-05
1.6074932e-05
1.6074749e-05
1.5943761e-05
0.00078077944
1.608615e-05
1.5792618e-05
0.00016526024
0.00013607562
1.595303e-05
1.5793682e-05
1.5941753e-05
1.6008579e-05
1.6623943e-05
1.6850245e-05
1.6055282e-05
1.6682777e-05
1.8927168e-05
1.6087881e-05
1.5809514e-05
1.5801757e-05
1.5997618e-05
0.00047260073
9.9361523e-05
1.6211973e-05
1.6194336e-05
2.0750791e-05
1.609666e-05
1.6123257e-05
1.6265084e-05
0.0021701851
1.6541325e-05
3.3560285e-05
3.2441894e-05
4.7905133e-05
0.0020195525
1.8313808e-05
1.613591e-05
0.00099981828
0.00086857383
1.5826343e-05
1.6088853e-05
1.5929153e-05
1.5863887e-05
1.606469e-05
2.5869284e-05
1.6054002e-05
1.6151743e-05
2.1111403e-05
1.5979297e-05
1.6073482e-05
1.6068359e-05
0.002327916
1.5892652e-05
1.5794709e-05
1.5915621e-05
1.5907397e-05
0.0010862053
2.1996499e-05
5.5072264e-05
5.5659017e-05
0.00076532167
1.603435e-05
1.6159461e-05
0.0012865081
1.6091013e-05
1.6240432e-05
2.3496167e-05
1.58813e-05
2.2347695e-05
1.5890203e-05
1.5854062e-05
1.6099028e-05
1.6083051e-05
2.8134136e-05
1.6560478e-05
1.5798061e-05
1.5912424e-05
1.6061414e-05
0.00026855766
1.6036302e-05
3.1637685e-05
0.0022674249
1.609378e-05
2.4872144e-05
1.6105093e-05
0.0013700234
1.5870512e-05
2.1821459e-05
1.6019458e-05
1.5870835e-05
0.0024975627
1.5839257e-05
1.6087122e-05
1.5790661e-05
2.4960347e-05
1.6103621e-05
1.6038968e-05
1.5995302e-05
1.5792284e-05
0.0019529052
1.5796092e-05
1.6134021e-05
1.7441401e-05
1.6124873e-05
1.588421e-05
2.1177605e-05
0.0028187106
0.0033490921
1.6028654e-05
1.5925602e-05
7.9258425e-05
1.6099734e-05
1.6422753e-05
8.9706106e-05
1.6147035e-05
1.5932317e-05
1.5792708e-05
1.6102603e-05
6.420276e-05
1.579388e-05
0.0013910153
1.6054491e-05
2.007455e-05
2.2792375e-05
1.6045713e-05
0.00172507
0.0031845281
0.00027390733
1.5817384e-05
1.6216886e-05
1.5876523e-05
1.6221744e-05
1.611909e-05
1.6222433e-05
4.3762865e-05
1.5797208e-05
1.5790017e-05
1.611977e-05
1.6204874e-05
8.0911173e-05
1.601825e-05
1.7080631e-05
1.5901717e-05
1.6035899e-05
1.607684e-05
1.5817697e-05
1.6188689e-05
1.6608481e-05
1.5795177e-05
4.7587553e-05
1.6073755e-05
1.5789939e-05
1.5802237e-05
2.2722613e-05
0.00093717312
1.6077066e-05
1.5982017e-05
0.0025738605
4.4023678e-05
1.6083287e-05
1.6018616e-05
1.6147814e-05
1.5967491e-05
8.787205e-05
1.6137937e-05
1.6044298e-05
9.0006604e-05
1.5901958e-05
1.614917e-05
1.6070373e-05
1.6023128e-05
1.6099976e-05
6.8329791e-05
5.2081634e-05
0.00012057369
0.00012273616
1.6004552e-05
0.0015309151
1.5879398e-05
1.5788181e-05
2.6957332e-05
1.6100226e-05
1.6072397e-05
1.6030936e-05
1.5879873e-05
1.5911255e-05
0.0023869095
1.80236e-05
1.593401e-05
3.7803598e-05
0.0022507852
1.7397291e-05
1.8399492e-05
1.5936539e-05
1.6067186e-05
0.0022699922
1.8079726e-05
1.6044617e-05
1.7085674e-05
1.619769e-05
1.5848133e-05
2.3320361e-05
0.0028088332
1.7163168e-05
1.6077558e-05
1.5993252e-05
1.6066039e-05
6.7448183e-05
0.0020809712
1.5825051e-05
2.1198998e-05
1.6082828e-05
1.5814465e-05
0.0031199913
3.7750187e-05
1.6113493e-05
0.00069932961
1.6073962e-05
1.5813658e-05
1.6027167e-05
1.6027851e-05
1.6106588e-05
1.6350096e-05
3.0933471e-05
1.5791523e-05
2.8069425e-05
1.8662993e-05
0.0023527258
2.1783425e-05
7.0253254e-05
1.6024475e-05
1.5932438e-05
1.6036841e-05
1.6968688e-05
0.0033643056
1.600096e-05
4.7416514e-05
1.623774e-05
1.6123736e-05
1.6016146e-05
1.5796368e-05
0.00051165366
2.9128448e-05
3.6238776e-05
0.0016733427
1.5791144e-05
1.5788376e-05
1.5877981e-05
0.00025749077
1.6088532e-05
1.6101771e-05
2.6001367e-05
1.5938433e-05
1.6095079e-05
2.0479567e-05
1.5811405e-05
5.3020754e-05
1.5933293e-05
0.0011188866
1.5934996e-05
1.5818627e-05
1.5946444e-05
1.5946431e-05
0.0033051754
0.0032870098
1.579829e-05
1.5906709e-05
2.9345282e-05
0.001395152
0.0026931575
1.6001436e-05
1.5786618e-05
1.6026234e-05
1.6520014e-05
1.5940877e-05
1.6072931e-05
0.0012437422
1.5796541e-05
1.6097133e-05
1.6044754e-05
1.5979383e-05
1.608738e-05
1.6091934e-05
0.002557903
4.5214825e-05
4.4315993e-05
1.5810633e-05
0.0025454367
7.0938369e-05
1.6145531e-05
1.581867e-05
1.6098636e-05
1.6084084e-05
1.6072985e-05
1.580463e-05
1.5794073e-05
1.6008064e-05
1.5862085e-05
1.5876934e-05
1.7446669e-05
1.6079641e-05
3.3549395e-05
1.6051199e-05
1.6043426e-05
1.5842044e-05
1.5886982e-05
1.6146644e-05
1.6053667e-05
1.5922712e-05
1.5791999e-05
1.5799929e-05
1.6032689e-05
1.6430482e-05
1.5977739e-05
1.5936656e-05
1.5953705e-05
1.6097224e-05
1.5863687e-05
0.0016973591
1.5806293e-05
1.6210016e-05
1.6302053e-05
1.5869436e-05
1.5960188e-05
1.5920175e-05
1.6325789e-05
1.614531e-05
1.5789865e-05
0.0047690092
0.00017821284
0.001839711
1.6068319e-05
0.0015567622
1.6093821e-05
1.582707e-05
0.00015868266
1.601858e-05
1.6186168e-05
1.5980713e-05
1.6073401e-05
2.492734e-05
1.5818194e-05
1.5870233e-05
1.6096082e-05
1.6053574e-05
1.6065251e-05
1.5785044e-05
0.001720378
1.5791702e-05
1.6172319e-05
1.6018344e-05
1.6067978e-05
1.6001616e-05
1.6406591e-05
1.5970746e-05
1.6079244e-05
2.3450986e-05
2.2489627e-05
1.6031297e-05
1.5809783e-05
1.6057178e-05
1.5927986e-05
0.0026147162
1.596843e-05
1.8147696e-05
1.5928183e-05
1.6007698e-05
2.1053323e-05
1.5828765e-05
1.5895285e-05
1.6072489e-05
1.6009883e-05
1.580815e-05
1.5981761e-05
1.6083927e-05
0.0011216984
0.0023519773
1.5975404e-05
1.5867024e-05
1.6374457e-05
1.6348159e-05
1.5913614e-05
2.9730384e-05
1.6031431e-05
0.0013641934
1.6026152e-05
1.7421853e-05
1.5830375e-05
1.5942461e-05
1.5795639e-05
1.6028457e-05
0.0021286505
0.0020948522
1.604209e-05
1.5890605e-05
0.0024657812
1.6101163e-05
0.0024085592
1.5949981e-05
1.5797218e-05
0.0020806247
1.6103428e-05
6.6583219e-05
1.5786531e-05
1.5911771e-05
1.610221e-05
4.3386752e-05
4.5303958e-05
0.00022645067
1.5810659e-05
1.6039462e-05
2.300279e-05
4.5452146e-05
1.6616379e-05
2.7525613e-05
1.6030901e-05
0.0002299597
1.5965786e-05
2.0131795e-05
1.5924967e-05
1.5811488e-05
1.5980722e-05
1.6091242e-05
1.6595212e-05
0.00087313467
1.6069598e-05
1.6027402e-05
1.6166717e-05
2.4751641e-05
3.1611724e-05
1.6066474e-05
0.00124291
2.9338888e-05
1.6077972e-05
1.5904618e-05
1.5959939e-05
1.5872731e-05
0.0023544382
1.5817015e-05
0.00097022889
6.4736286e-05
1.5793959e-05
1.5974891e-05
0.00080401688
0.0035493892
1.6090537e-05
1.6092071e-05
1.6088032e-05
1.6066347e-05
1.5941144e-05
1.5917807e-05
1.5939402e-05
0.0030317531
1.6028338e-05
0.0031272746
1.6048509e-05
1.6065568e-05
1.6272286e-05
2.2353619e-05
1.5973183e-05
1.5797529e-05
0.0013883169
4.7240931e-05
1.6927699e-05
1.6090822e-05
1.6103532e-05
1.5797263e-05
0.00072228702
1.6028501e-05
0.0046887566
2.0828561e-05
2.6033229e-05
1.5895075e-05
1.5958905e-05
1.6034639e-05
1.608275e-05
1.6086314e-05
2.5669149e-05
1.6420793e-05
1.6198062e-05
1.6217559e-05
1.5800644e-05
0.002487658
0.00035931278
1.5872394e-05
1.6292181e-05
1.6048752e-05
0.0033201513
0.0033288968
1.6064929e-05
0.00063073311
1.7362744e-05
0.0024090936
1.6092106e-05
2.0963542e-05
1.7175714e-05
8.7707075e-05
1.5795969e-05
1.5964848e-05
1.619325e-05
1.6049689e-05
1.9467234e-05
5.4164071e-05
1.5935176e-05
1.7858605e-05
1.6032197e-05
1.6204429e-05
1.581724e-05
1.6987837e-05
7.7432926e-05
0.0024505439
1.6090156e-05
1.5852306e-05
1.6719433e-05
0.0024624015
0.0023382825
1.5866296e-05
2.5739601e-05
1.5797089e-05
0.0023832228
1.6715384e-05
1.5990929e-05
1.5928469e-05
1.6260948e-05
1.6034457e-05
1.6308871e-05
1.6235005e-05
1.5823795e-05
1.6091347e-05
0.00011106621
1.6115484e-05
1.5787365e-05
3.1374238e-05
1.5930928e-05
2.5533723e-05
1.6563358e-05
1.6495399e-05
1.6363991e-05
1.6100758e-05
1.5810487e-05
1.6540286e-05
3.0933395e-05
5.03769e-05
1.7194353e-05
1.6107819e-05
1.612702e-05
0.0014736691
1.5950676e-05
1.6012058e-05
1.6352776e-05
1.5960907e-05
1.6088263e-05
1.595869e-05
0.00029290283
0.0019692157
1.6845745e-05
2.2399088e-05
1.5927081e-05
1.6456502e-05
1.6736622e-05
1.590894e-05
2.7275116e-05
1.5910099e-05
0.0004459117
1.5964801e-05
1.595081e-05
1.6924928e-05
1.5787185e-05
0.0022452664
1.5858467e-05
0.0023132919
3.3101681e-05
1.5792688e-05
0.0014732471
1.7829217e-05
1.5807843e-05
1.6226114e-05
1.6032797e-05
2.87633e-05
1.6147323e-05
1.7331356e-05
1.7085037e-05
1.586268e-05
1.6035901e-05
1.6373146e-05
0.00073455077
1.5909064e-05
1.5798068e-05
0.00011960637
0.00013180351
1.585925e-05
1.5792e-05
1.5949356e-05
1.6058566e-05
1.5988118e-05
2.3930254e-05
1.5817191e-05
1.5870536e-05
1.608508e-05
0.0012469259
1.5981344e-05
0.00029015116
1.5809211e-05
1.6075434e-05
0.0026929276
1.5904967e-05
1.6087418e-05
0.0023725969
1.5943253e-05
1.5808557e-05
0.00071573128
2.6943556e-05
1.5958863e-05
1.5997431e-05
0.0023567115
2.9860906e-05
1.609988e-05
0.0021995644
0.00053207616
1.608429e-05
0.0013140982
1.6082826e-05
1.6111786e-05
1.6105943e-05
0.0013632601
1.6093626e-05
1.5994792e-05
1.5965554e-05
1.579267e-05
1.5972005e-05
1.597548e-05
0.00059450987
0.0013464839
2.8962156e-05
1.5797922e-05
1.593956e-05
1.6075399e-05
0.0012531853
1.595002e-05
2.0393294e-05
0.0027638503
2.3507588e-05
1.6309571e-05
1.5793739e-05
1.5791955e-05
1.5815269e-05
8.2346756e-05
1.599983e-05
1.6094822e-05
2.0758192e-05
1.5785329e-05
1.599692e-05
1.5977904e-05
1.6046026e-05
1.5971425e-05
1.5937818e-05
1.6021979e-05
0.0035685409
1.7883375e-05
0.0025446475
1.6103045e-05
1.6254242e-05
1.5793582e-05
6.844766e-05
1.6026606e-05
1.6085834e-05
0.00010004871
2.1531781e-05
4.1896472e-05
1.6014717e-05
0.00013742339
1.6103757e-05
3.4888808e-05
1.6061137e-05
2.0693919e-05
1.5856155e-05
0.0026617462
1.6109563e-05
0.00049607484
1.6279677e-05
1.7292309e-05
1.5915251e-05
1.593446e-05
1.6043952e-05
1.6096857e-05
5.2028719e-05
1.6643839e-05
0.0033376551
0.0033106602
1.5809741e-05
1.602332e-05
1.5818389e-05
1.7997694e-05
0.00038200183
0.00079365864
1.599413e-05
1.6043317e-05
1.5990504e-05
1.5943395e-05
1.7434083e-05
1.5788451e-05
1.6072557e-05
1.5898028e-05
1.6085765e-05
1.6093892e-05
2.1842043e-05
1.6056728e-05
1.6294558e-05
1.5995884e-05
2.9355141e-05
1.6296714e-05
1.8412219e-05
0.00048851221
1.5844528e-05
1.5797314e-05
1.584322e-05
0.0035144973
1.6112846e-05
1.6169722e-05
1.6234204e-05
2.366958e-05
2.2219032e-05
1.5877489e-05
0.0003932721
0.00072481935
1.6112152e-05
0.00038673705
4.7494643e-05
1.6006229e-05
1.5798031e-05
1.6745331e-05
0.00028391623
1.5825432e-05
1.6044866e-05
2.7616617e-05
2.481981e-05
1.5859468e-05
0.0013908944
1.8737087e-05
0.00037712825
1.5980418e-05
1.6385815e-05
1.5963107e-05
0.0027533136
1.5933208e-05
1.58318e-05
2.9139939e-05
1.6074823e-05
1.5901581e-05
1.5965859e-05
1.5943778e-05
1.596941e-05
1.6097604e-05
1.864951e-05
5.3296209e-05
1.7768702e-05
0.0033558089
0.0033469949
1.6052265e-05
1.6093566e-05
1.6103765e-05
1.580123e-05
1.6157105e-05
1.5940746e-05
1.8988002e-05
0.00092843577
1.6492518e-05
3.0479103e-05
1.5796185e-05
4.1835547e-05
0.0020888129
0.0020690745
0.00096803319
1.6048869e-05
1.5881298e-05
1.6098378e-05
0.0029994681
1.5938574e-05
1.6378814e-05
1.5794146e-05
0.0023272775
1.7304995e-05
1.5922851e-05
0.0026599236
1.6035908e-05
1.6053722e-05
2.0203975e-05
1.5939419e-05
1.7585446e-05
0.0013981435
1.5982934e-05
1.5823529e-05
1.6234057e-05
1.6029578e-05
1.5795968e-05
1.8906805e-05
1.5805123e-05
1.6191267e-05
1.6193306e-05
1.6062424e-05
1.6948684e-05
1.5873331e-05
0.00067564025
1.7826973e-05
1.5890617e-05
1.58795e-05
0.0001151176
0.0021865127
1.6963917e-05
0.002332601
1.609759e-05
1.5878315e-05
0.0027944364
0.0020006511
1.5791669e-05
1.792741e-05
1.6343325e-05
1.5784139e-05
1.6107e-05
1.6177277e-05
1.5989058e-05
1.8618392e-05
2.0866033e-05
1.5784865e-05
1.6132897e-05
1.6077077e-05
1.5808324e-05
2.7049788e-05
1.6033784e-05
1.5975009e-05
1.590409e-05
1.5799156e-05
1.6039518e-05
1.5811422e-05
1.5967035e-05
1.5993086e-05
1.6057666e-05
1.5795367e-05
1.5804796e-05
1.5985541e-05
1.6099291e-05
1.6099862e-05
1.6069908e-05
1.6131218e-05
0.0016727515
1.5935214e-05
1.5942193e-05
1.6414965e-05
0.00012926385
1.5969843e-05
8.0860726e-05
0.00011446763
1.6081341e-05
1.6036208e-05
1.5792451e-05
2.6993785e-05
0.001712269
2.4659314e-05
1.5931808e-05
0.00030157141
1.6087196e-05
1.6058571e-05
1.6006202e-05
1.5788609e-05
0.0015698327
1.6033693e-05
2.567484e-05
0.00015014723
1.5813554e-05
0.00047943843
1.5964584e-05
0.001963977
2.9322253e-05
1.5805382e-05
1.5783232e-05
1.5860066e-05
1.5784867e-05
0.00014859931
3.3129884e-05
4.2804507e-05
3.1049898e-05
1.5908589e-05
0.001466796
0.00010512216
0.00017466365
1.8974483e-05
1.6038785e-05
1.5795015e-05
0.0015803756
1.5901223e-05
1.5855028e-05
1.6033573e-05
1.5869787e-05
1.581036e-05
0.0012166153
1.6349079e-05
0.0017831455
4.1881143e-05
0.0010969335
1.595775e-05
2.345047e-05
0.0020461008
0.0011868439
2.3859028e-05
1.6108392e-05
0.0023429555
1.5902204e-05
1.5943916e-05
1.6086129e-05
1.6095453e-05
2.3634624e-05
1.5986768e-05
1.6096043e-05
2.9984778e-05
5.7882195e-05
0.0031810379
1.7720518e-05
0.00068272659
1.6480359e-05
1.5794609e-05
0.00030064012
1.6022871e-05
5.7458253e-05
1.6077167e-05
1.5992297e-05
0.00010076048
1.6072893e-05
0.00013937191
0.003049479
1.5979852e-05
1.5931675e-05
0.00019555632
2.4578785e-05
1.6030495e-05
1.5916326e-05
1.6744896e-05
1.6440236e-05
0.0032378133
1.6012501e-05
0.0024287682
0.00056889677
1.5903083e-05
1.5815684e-05
0.0013779963
1.5798356e-05
1.8734529e-05
1.5790301e-05
3.1180613e-05
0.00062411954
0.00041669422
4.1450881e-05
1.6114343e-05
1.5785479e-05
1.6066397e-05
3.9824596e-05
1.5936715e-05
1.6009657e-05
0.003323726
1.6099633e-05
1.6069703e-05
1.5888706e-05
9.7044087e-05
1.6098729e-05
1.587285e-05
1.5946398e-05
2.9529436e-05
1.6085145e-05
1.609514e-05
1.6037479e-05
1.5789105e-05
1.5962075e-05
1.580442e-05
1.5810003e-05
0.0025707435
1.6337067e-05
1.5989699e-05
1.5984451e-05
0.00084159007
1.5869727e-05
1.6031599e-05
1.6314266e-05
1.6031579e-05
1.5787502e-05
0.00077884195
5.7209134e-05
2.9757932e-05
2.3411353e-05
0.0010825652
1.6033802e-05
0.0025335869
1.5787165e-05
1.5936127e-05
0.00074036006
0.0001198581
1.6020433e-05
1.6094393e-05
1.5937294e-05
1.7049573e-05
0.0019836745
0.00010554077
1.611338e-05
0.00236033
1.5919484e-05
1.9528428e-05
1.5897793e-05
1.594369e-05
1.6058697e-05
1.6035782e-05
1.6210338e-05
0.00030196322
1.5810899e-05
1.5910146e-05
1.5979679e-05
2.4159535e-05
1.5787687e-05
2.5339417e-05
0.00047994213
1.5873435e-05
2.0529766e-05
7.2850058e-05
3.0824183e-05
1.6115608e-05
1.6109811e-05
1.6001825e-05
1.602709e-05
1.5786566e-05
0.00028856537
1.5797177e-05
1.5801699e-05
1.6196585e-05
1.6069727e-05
1.5801467e-05
1.5796899e-05
0.0004822606
1.5937708e-05
1.5829591e-05
1.588748e-05
1.6090469e-05
1.5931389e-05
0.0025898365
1.5978118e-05
1.6174703e-05
1.636435e-05
1.580757e-05
1.6025908e-05
1.6027796e-05
1.6001664e-05
1.5923747e-05
1.5938547e-05
1.5909343e-05
1.6055397e-05
0.0047750868
3.1438789e-05
1.9484413e-05
0.0003404179
0.0023965928
0.0023236744
2.5819424e-05
1.5807109e-05
0.00026292401
1.5915568e-05
1.5928499e-05
1.6075196e-05
1.5799623e-05
1.5799283e-05
1.6347983e-05
1.6089505e-05
1.6004727e-05
2.7980499e-05
1.6725183e-05
1.6100594e-05
1.6319385e-05
2.068385e-05
1.6106467e-05
0.0017743956
1.5936675e-05
2.8782997e-05
1.5935578e-05
0.0027989489
1.6012669e-05
0.00047272304
0.00020303535
1.5855552e-05
1.5932769e-05
1.7076906e-05
1.6029582e-05
0.00035914477
1.5914554e-05
3.9513933e-05
1.6141514e-05
1.5938918e-05
1.6106749e-05
0.0010059206
4.1135835e-05
1.6151938e-05
0.0018565808
1.6111068e-05
1.5788426e-05
0.00019876207
1.5793284e-05
0.0001117476
0.00013768047
1.5899132e-05
0.002286792
1.5789989e-05
1.6705648e-05
1.5928834e-05
0.0013905544
1.6025913e-05
1.5834257e-05
3.2639939e-05
0.00010275995
1.9452149e-05
1.6008553e-05
0.00028469415
0.00024098216
1.5891697e-05
2.6578331e-05
1.5964644e-05
1.5792131e-05
1.5804121e-05
1.6098089e-05
3.2730932e-05
1.9386626e-05
0.0017007655
1.5818321e-05
1.6164015e-05
1.5888882e-05
0.0019807237
1.583924e-05
1.5823469e-05
1.5800647e-05
1.5791946e-05
1.584317e-05
0.00026659018
2.8906346e-05
3.0828034e-05
1.6032767e-05
1.5919887e-05
1.5847871e-05
1.5993814e-05
1.5940977e-05
1.5890644e-05
1.6288736e-05
1.6033924e-05
1.6107904e-05
8.7448972e-05
0.0032705571
0.0018855322
0.0012307077
0.0027532649
1.579101e-05
1.7165686e-05
2.8912162e-05
2.8587221e-05
0.00074532191
0.004398278
0.00011027769
1.579415e-05
4.2341917e-05
1.5822495e-05
1.5804738e-05
1.5795352e-05
0.002621058
1.6273117e-05
1.5921036e-05
1.6100171e-05
1.5921311e-05
1.5808649e-05
0.0017439123
0.0017374764
1.587851e-05
1.6224253e-05
3.083865e-05
1.5910498e-05
1.6166863e-05
1.5828751e-05
1.5924568e-05
4.7231314e-05
1.6264206e-05
1.6088041e-05
1.5805308e-05
1.5994887e-05
1.6217552e-05
1.5817173e-05
1.5888208e-05
1.5910501e-05
0.0012467968
2.1415453e-05
3.3239879e-05
0.0011707948
1.6242183e-05
0.0025805909
0.0017969733
1.5799241e-05
4.1815866e-05
3.8851097e-05
1.6367061e-05
0.00036357589
1.5807193e-05
1.5905329e-05
1.6069304e-05
0.0033057883
1.6055116e-05
1.5791493e-05
1.6054324e-05
1.5816908e-05
3.3601023e-05
1.6179582e-05
1.6010691e-05
1.5786794e-05
0.0023046912
2.9600587e-05
1.5786044e-05
8.2668588e-05
7.0833568e-05
1.58079e-05
1.6065867e-05
0.0013587969
1.597463e-05
2.4316627e-05
1.6149507e-05
1.6147441e-05
1.7303398e-05
1.59386e-05
0.00021461583
1.6114117e-05
1.5791324e-05
1.7376711e-05
1.5990334e-05
1.6229165e-05
1.6199256e-05
0.0012986421
1.5927749e-05
1.5786325e-05
1.5914361e-05
1.694112e-05
2.7855276e-05
2.0822498e-05
1.5810489e-05
0.00088564505
1.5946347e-05
1.5792251e-05
2.6912501e-05
1.5793992e-05
1.6090427e-05
1.606826e-05
1.6032613e-05
0.0045237607
2.6382337e-05
0.00088948107
0.00025512383
1.6077268e-05
1.5797629e-05
1.5797208e-05
0.00040050888
3.0894348e-05
1.8606075e-05
0.0040894839
6.2961769e-05
1.6006283e-05
2.3527212e-05
1.596461e-05
0.00047035852
1.5810261e-05
1.6042904e-05
1.5964291e-05
0.0016106709
1.5865729e-05
0.0013813336
1.6143605e-05
1.6006837e-05
1.5868417e-05
1.6100556e-05
1.5854306e-05
1.6041173e-05
1.6111247e-05
1.6656782e-05
7.0759383e-05
1.5948487e-05
1.5972302e-05
0.0004080184
9.7157995e-05
1.5995098e-05
0.001260673
0.0011364659
1.5827209e-05
1.6086106e-05
0.0041325423
1.5786429e-05
1.5797724e-05
1.5796528e-05
0.00019816016
1.5785433e-05
1.6030895e-05
0.0020110216
1.7113205e-05
0.002719794
0.0024865736
7.7371636e-05
1.5846552e-05
1.5837601e-05
1.5796444e-05
1.6090082e-05
1.5795005e-05
1.6055272e-05
1.5879352e-05
2.0996151e-05
1.5798617e-05
1.5804639e-05
1.6065036e-05
0.0013074769
1.6075526e-05
0.0010056086
1.5797401e-05
3.2356243e-05
2.1828364e-05
0.0017453614
1.6012133e-05
1.6039416e-05
1.5894528e-05
1.6902831e-05
1.5951106e-05
1.6476508e-05
1.5926078e-05
2.9905808e-05
2.3884778e-05
1.9418245e-05
1.6039894e-05
1.620129e-05
1.580501e-05
1.5804423e-05
1.5793305e-05
0.0029430565
1.6004853e-05
1.5804334e-05
1.5857591e-05
1.5893953e-05
1.5818819e-05
1.8788999e-05
1.6099552e-05
1.5794311e-05
1.5911018e-05
0.00091209698
0.0011886192
1.5931919e-05
1.581416e-05
2.4827181e-05
1.6027492e-05
0.0030196657
1.6219058e-05
1.618563e-05
1.5792574e-05
2.5281089e-05
1.6151705e-05
1.5917849e-05
8.697511e-05
1.6086268e-05
0.0024970373
1.6022228e-05
1.6103319e-05
0.0024562086
1.6037581e-05
8.0482571e-05
1.580232e-05
1.6121849e-05
1.5793201e-05
1.7778167e-05
1.6056949e-05
0.0024484296
0.0025030295
1.6070931e-05
1.6973947e-05
1.5884867e-05
1.6038812e-05
1.9803874e-05
1.5803738e-05
9.9136218e-05
1.603054e-05
1.5793438e-05
1.5878429e-05
1.583392e-05
1.5810696e-05
2.6970386e-05
4.8810261e-05
0.0029983058
8.4233583e-05
1.5987512e-05
1.6006492e-05
1.6096271e-05
1.5838825e-05
1.600327e-05
1.7777834e-05
1.6003271e-05
2.6070942e-05
1.7435599e-05
1.6056511e-05
2.7262959e-05
1.5923477e-05
1.5784169e-05
1.8960144e-05
0.0020557122
1.681594e-05
1.681777e-05
0.0015625797
1.584641e-05
1.5879267e-05
1.598096e-05
1.6073182e-05
1.5800131e-05
1.581288e-05
0.002839278
1.6077381e-05
0.0024608799
1.6039703e-05
2.9225417e-05
0.0002573291
1.5837197e-05
1.5882335e-05
1.6989572e-05
1.6469946e-05
0.00072087615
1.580574e-05
0.0001146091
0.00018458656
8.0300445e-05
1.6046027e-05
0.00084124399
1.5977958e-05
1.6075636e-05
1.5812893e-05
1.6246231e-05
1.626454e-05
2.7119387e-05
1.627848e-05
1.608872e-05
1.5798628e-05
1.6065656e-05
1.696191e-05
1.6046514e-05
1.6038831e-05
1.5791391e-05
0.0011072228
1.6185651e-05
1.5876027e-05
2.1472287e-05
1.6116857e-05
1.6226193e-05
1.5821469e-05
1.6005933e-05
1.6133092e-05
1.6049506e-05
0.00013591
1.6407898e-05
1.6001494e-05
1.5843091e-05
0.0030125405
0.00068194126
1.6110852e-05
1.6942437e-05
1.6307995e-05
1.5795517e-05
1.589234e-05
0.0024737489
4.1843785e-05
1.6152032e-05
1.6103437e-05
0.00074677216
1.6084759e-05
0.00090034308
0.0013396015
1.6315917e-05
1.9767429e-05
9.5914798e-05
1.5818512e-05
1.5958919e-05
1.5788158e-05
1.608154e-05
1.5960871e-05
1.5871012e-05
1.6075502e-05
1.6031168e-05
1.5950773e-05
1.6045143e-05
1.592725e-05
0.0021031583
1.5817654e-05
2.1441267e-05
0.0022889923
1.5833608e-05
0.0017487588
1.6053006e-05
1.5792297e-05
1.9803576e-05
2.0660262e-05
1.5796366e-05
1.6081863e-05
1.6092902e-05
2.1280214e-05
1.6050359e-05
0.0019640265
1.5800665e-05
1.5989564e-05
1.5910475e-05
1.5790123e-05
1.60339e-05
1.5865047e-05
1.5943943e-05
1.6020728e-05
1.6061988e-05
1.6083622e-05
1.5929415e-05
1.5801146e-05
1.5802591e-05
1.6085189e-05
0.00021814338
1.5984148e-05
1.661322e-05
1.5785172e-05
1.6097152e-05
1.5964953e-05
1.5986809e-05
1.6166518e-05
1.5791063e-05
1.6224657e-05
1.6039992e-05
0.003614123
1.5915041e-05
1.6193991e-05
0.0023616688
1.604016e-05
7.8825017e-05
1.6022155e-05
1.6347908e-05
1.5834591e-05
3.8355406e-05
1.6201361e-05
0.00027846548
1.6103552e-05
0.0031891605
0.0003518652
1.5793936e-05
0.0025045337
1.6085733e-05
1.581917e-05
1.6878154e-05
1.5824206e-05
0.00055983708
0.0002241407
0.00020091682
1.5835894e-05
0.001354818
1.5983888e-05
5.5751588e-05
0.0033255365
0.0032997214
1.609772e-05
1.5861459e-05
1.6099834e-05
0.0015201924
0.0013779574
1.5798488e-05
1.5996738e-05
2.7317523e-05
1.5866651e-05
1.57844e-05
1.5797727e-05
1.5801015e-05
1.5948152e-05
1.588509e-05
1.707049e-05
1.5873724e-05
0.0025133848
1.7935934e-05
1.6015422e-05
1.5789612e-05
0.00071228524
1.6070281e-05
1.6891816e-05
1.6007997e-05
1.6075078e-05
0.00022266851
0.0024819484
0.00085224814
1.6059543e-05
1.6585616e-05
1.584917e-05
1.700074e-05
1.6114828e-05
1.604355e-05
0.00011343516
1.6090701e-05
4.9125295e-05
1.5783209e-05
1.6097321e-05
0.0023087515
1.6040376e-05
2.5499833e-05
4.2831649e-05
2.8591866e-05
1.6023408e-05
1.6143588e-05
1.5830661e-05
1.5812448e-05
1.6133688e-05
1.5956274e-05
0.0026188185
1.5994161e-05
1.8054394e-05
1.5958675e-05
0.0023742721
1.6075732e-05
2.6695228e-05
1.6082351e-05
1.5985146e-05
1.5796817e-05
1.6040445e-05
1.6854488e-05
1.5861228e-05
1.5840226e-05
1.6106027e-05
1.5802806e-05
1.5786077e-05
0.0022117047
1.6092056e-05
1.5907124e-05
1.6040907e-05
1.8786719e-05
1.637957e-05
1.5993152e-05
2.0004162e-05
6.0017642e-05
2.8356707e-05
1.607378e-05
1.6026545e-05
2.2770638e-05
3.2626765e-05
1.5831562e-05
1.580981e-05
1.5825335e-05
1.5808757e-05
7.6410986e-05
1.6903539e-05
6.3698069e-05
1.5867835e-05
1.6014273e-05
1.6055652e-05
1.6009629e-05
1.6102183e-05
2.5364851e-05
1.5802664e-05
0.0019818513
1.5783859e-05
7.4071553e-05
0.0012761362
0.001819776
0.0013530764
0.0013730518
1.5880438e-05
1.5793068e-05
1.6048107e-05
0.0010208678
1.9056772e-05
1.5797939e-05
2.066554e-05
1.5785691e-05
1.5805348e-05
1.6218354e-05
1.6167626e-05
1.5795687e-05
1.5959663e-05
1.5797394e-05
3.1969207e-05
1.6100044e-05
1.6040386e-05
0.00010449091
4.8010294e-05
2.8332884e-05
2.2965513e-05
1.5978088e-05
0.00098929901
0.0010484282
0.0026191254
1.6026509e-05
0.00084821893
0.00099993648
1.5803924e-05
3.3876046e-05
0.002275034
1.5968236e-05
1.6046413e-05
0.0025662317
1.5793815e-05
1.5791055e-05
1.5979661e-05
0.0022482953
1.5855753e-05
1.6097407e-05
1.6175028e-05
1.8649277e-05
0.00013141091
1.6188413e-05
1.5835481e-05
1.6091487e-05
0.0016736768
1.5998566e-05
1.6067157e-05
1.6056884e-05
1.888539e-05
0.0021881421
1.617099e-05
1.5800632e-05
1.6142963e-05
1.5849638e-05
1.6107317e-05
1.6097311e-05
1.9595926e-05
0.00027496425
2.334345e-05
0.0025445699
1.5992196e-05
1.5830535e-05
6.1791754e-05
1.6536127e-05
1.6141299e-05
1.5799291e-05
0.00039800372
1.5992488e-05
0.0013286702
1.579769e-05
0.0014287113
1.6055207e-05
1.5832138e-05
0.00057801084
1.5791404e-05
1.6065595e-05
2.3325834e-05
1.8255231e-05
1.607837e-05
1.9505921e-05
1.8466813e-05
1.6110075e-05
1.5809107e-05
1.5881985e-05
0.00010999744
0.0013623564
0.0013578976
1.6041802e-05
0.0026847017
0.00017178968
0.00052949044
1.5988366e-05
0.0025324443
1.6832676e-05
1.6077166e-05
1.6087914e-05
0.0023142131
3.0973532e-05
1.6047199e-05
1.598953e-05
1.7957935e-05
0.00074471035
0.0008724302
0.00079562796
0.0024474374
1.605231e-05
1.6033161e-05
1.5789792e-05
1.6711608e-05
1.5886095e-05
1.6097121e-05
1.5912166e-05
0.0013816975
1.6477085e-05
0.00044581386
1.6027704e-05
0.0005490338
1.609469e-05
1.6098673e-05
0.0030214177
0.0034678677
0.0015796455
2.8304969e-05
4.3910331e-05
1.5808883e-05
1.5872591e-05
0.00087208554
1.5901349e-05
1.5797156e-05
1.5950248e-05
0.0027617369
2.0126657e-05
1.5790845e-05
1.6109696e-05
1.5846294e-05
2.3104944e-05
2.000794e-05
8.7848492e-05
1.5788221e-05
2.4536314e-05
0.00055283947
1.5804438e-05
2.3296339e-05
0.0028240959
0.0011305035
1.5994925e-05
1.631599e-05
1.6178615e-05
2.2343201e-05
0.0010798136
1.6939159e-05
3.2327254e-05
2.3078009e-05
0.00017431228
1.6086182e-05
0.00015581822
0.00023913437
0.00013166763
1.57978e-05
0.0025657765
1.6030961e-05
2.6887233e-05
1.6041542e-05
1.6236454e-05
1.6077327e-05
0.0031988217
1.579828e-05
9.0795994e-05
3.0252425e-05
7.0155248e-05
0.00017622953
1.68483e-05
1.6138916e-05
1.6002232e-05
0.00011502193
0.0001285745
5.3140567e-05
1.6096155e-05
1.6089882e-05
0.00029122135
0.00045851185
2.0549433e-05
1.785521e-05
0.0033037148
1.8475931e-05
1.596935e-05
0.0027253588
4.4021852e-05
3.9671239e-05
0.0015718489
1.6057209e-05
1.5968852e-05
0.00072396233
2.354674e-05
1.5981794e-05
1.6100701e-05
2.246453e-05
8.419097e-05
1.6073903e-05
1.5792448e-05
3.361846e-05
0.00014080756
0.00022780774
1.5937281e-05
0.0014692585
0.00013280037
1.7965171e-05
0.00034154837
1.6396706e-05
0.00012695577
1.5799944e-05
1.6030295e-05
1.6027647e-05
2.9094664e-05
2.803105e-05
0.0010460376
1.6097271e-05
0.0014361371
0.00010757848
9.1879192e-05
2.8420653e-05
1.5813917e-05
1.5852213e-05
1.6134162e-05
1.5975536e-05
1.5954895e-05
1.6088087e-05
0.0016955476
2.1133184e-05
2.5652147e-05
1.6026818e-05
1.5805676e-05
1.5787504e-05
0.00089526003
1.6096078e-05
1.5887311e-05
2.3804189e-05
1.6093646e-05
0.0015545051
0.00073123269
3.9980458e-05
2.3351093e-05
1.5810972e-05
1.57925e-05
2.0141805e-05
1.5863705e-05
1.6669827e-05
1.6014456e-05
1.5784397e-05
6.1864536e-05
1.6045503e-05
1.5815376e-05
1.6032946e-05
2.1110063e-05
0.0023508218
1.6984883e-05
1.5991551e-05
1.7103242e-05
1.5962042e-05
1.5801429e-05
1.6095163e-05
0.002404096
1.6203585e-05
2.6539648e-05
1.6059736e-05
0.001093899
3.2789706e-05
1.6030976e-05
2.6979883e-05
1.6786166e-05
0.00027424464
1.6378795e-05
1.9695738e-05
1.5789107e-05
1.5854458e-05
4.2787029e-05
0.0029805577
1.6075725e-05
2.3944823e-05
3.4118152e-05
1.6090964e-05
1.9312144e-05
1.5928791e-05
0.0022309925
1.6112679e-05
1.5868206e-05
1.9967644e-05
0.0034464059
1.5807204e-05
1.6023979e-05
1.5852453e-05
1.6021049e-05
2.4571129e-05
0.00036295334
1.5799204e-05
1.5969848e-05
0.0024714057
0.0029980255
1.5796193e-05
1.5790169e-05
1.6103704e-05
1.6168937e-05
0.0020253211
2.7484312e-05
1.595634e-05
0.0016573811
1.5967964e-05
1.5825623e-05
1.6044963e-05
2.3780136e-05
1.5784963e-05
1.5919224e-05
1.609408e-05
7.2085972e-05
1.6118551e-05
1.6054337e-05
2.6885427e-05
1.5822718e-05
1.7326846e-05
2.6776085e-05
1.6050367e-05
1.5784379e-05
1.6375877e-05
5.5713516e-05
1.6010771e-05
1.5858819e-05
1.6100208e-05
1.6471023e-05
1.589622e-05
1.6142987e-05
0.0022952373
2.6198181e-05
2.0992216e-05
1.6088107e-05
1.5870299e-05
1.6833218e-05
1.5936947e-05
1.6017514e-05
0.0036143421
0.0024374411
0.0024090458
2.1363747e-05
1.5787344e-05
1.5786012e-05
1.6169815e-05
2.6026351e-05
0.00048318707
1.6316123e-05
1.610462e-05
0.00033081952
1.6470195e-05
1.7669706e-05
1.5882138e-05
0.0025444708
1.6091971e-05
1.745639e-05
0.0017869007
1.9034604e-05
1.7229985e-05
1.5847953e-05
1.5795604e-05
0.00048235841
1.5802435e-05
2.302538e-05
1.5875905e-05
1.5819233e-05
1.6521063e-05
1.7301937e-05
2.4748828e-05
1.6020508e-05
1.5919822e-05
2.535611e-05
1.5956482e-05
8.3918003e-05
1.6053401e-05
2.6463692e-05
0.0004264576
1.6151993e-05
2.9852908e-05
3.9053239e-05
1.7933276e-05
1.5808104e-05
1.6054939e-05
1.5955206e-05
1.5790594e-05
1.5869265e-05
1.5953602e-05
1.5952369e-05
1.5974006e-05
1.5848689e-05
0.00012304374
1.9232558e-05
1.6093013e-05
1.586389e-05
1.6045623e-05
0.0016277673
2.6664706e-05
1.6029426e-05
1.6265762e-05
1.6109104e-05
2.7892235e-05
1.5986856e-05
7.4156298e-05
1.6094157e-05
1.6069201e-05
0.0019988795
1.5787561e-05
0.0038839533
1.609676e-05
1.9202764e-05
1.604762e-05
1.5795038e-05
3.1054579e-05
1.6035486e-05
1.5977216e-05
1.6087857e-05
0.00079761714
1.5802331e-05
2.5727566e-05
2.6658134e-05
1.5798655e-05
1.5795692e-05
0.0025111025
1.6060923e-05
1.632293e-05
0.0028936967
1.6063064e-05
0.002585454
0.0022656692
1.6415107e-05
0.00084289827
0.0025202472
2.8581303e-05
1.5792463e-05
1.5923494e-05
1.5897713e-05
0.00040263907
1.9151487e-05
1.6079021e-05
1.5973145e-05
0.0045637621
2.3979335e-05
1.595235e-05
1.5904917e-05
1.5823083e-05
1.6781571e-05
3.0497099e-05
1.6077347e-05
1.6079854e-05
1.5913248e-05
1.6979478e-05
1.5849082e-05
1.5945606e-05
1.5976465e-05
1.5796256e-05
1.5791531e-05
1.5823588e-05
2.3814417e-05
1.6966921e-05
1.5831945e-05
1.5892463e-05
1.6014432e-05
1.5791231e-05
1.5819542e-05
1.6110975e-05
1.5895568e-05
1.5792102e-05
1.5801125e-05
1.6460591e-05
1.5886301e-05
0.002551076
1.6032941e-05
2.4618141e-05
3.1709312e-05
2.3781208e-05
2.3081975e-05
2.0268729e-05
1.6104958e-05
1.9464687e-05
1.5804738e-05
1.6462889e-05
2.1247673e-05
1.5971649e-05
1.5887364e-05
1.6036576e-05
1.6105093e-05
1.6671914e-05
1.5976084e-05
0.0025953048
1.5839074e-05
3.9572894e-05
1.6135979e-05
1.5860391e-05
1.5797604e-05
1.5924909e-05
2.0885507e-05
1.6258592e-05
1.5794899e-05
1.8878817e-05
2.3360449e-05
1.6639278e-05
1.8442474e-05
2.4306233e-05
1.9087826e-05
5.1445165e-05
1.6280677e-05
1.5836337e-05
1.7681377e-05
1.7679632e-05
1.6060592e-05
1.5851627e-05
1.5862991e-05
1.6071711e-05
1.5790995e-05
1.4538729e-05
1.5784913e-05
1.6861618e-05
1.6881768e-05
1.6170098e-05
1.5787758e-05
2.4333584e-05
4.9899538e-05
2.934665e-05
1.748851e-05
1.6496351e-05
1.5798449e-05
1.5809334e-05
1.6170354e-05
0.0013583
1.6077331e-05
2.8606428e-05
1.5963775e-05
1.6022761e-05
0.0022465013
0.0020896982
3.0500735e-05
1.5872834e-05
1.8021923e-05
1.5784823e-05
1.585878e-05
0.0001663046
1.5816457e-05
1.5886235e-05
1.7284653e-05
1.608926e-05
0.0023945364
1.5797794e-05
1.6063911e-05
0.00038168826
0.0025190733
1.5984197e-05
1.6052412e-05
1.5896518e-05
1.5789388e-05
2.3715455e-05
1.5792228e-05
0.0016518018
1.6006565e-05
1.5805178e-05
0.0011545872
1.5791062e-05
1.6096046e-05
1.5884302e-05
1.6037202e-05
1.5799158e-05
1.605247e-05
1.5964961e-05
0.0017668183
2.2297791e-05
2.5278252e-05
1.5881063e-05
1.5822782e-05
1.599718e-05
1.5788467e-05
1.6145083e-05
1.5981028e-05
1.6274733e-05
2.0022076e-05
0.0030869964
2.1436369e-05
1.5846901e-05
1.5785629e-05
1.581753e-05
1.6111996e-05
1.7673942e-05
1.6028738e-05
3.973733e-05
0.0010870094
1.6186087e-05
1.5856731e-05
2.4109145e-05
2.2742374e-05
1.5807207e-05
1.58393e-05
1.5788375e-05
1.6046145e-05
0.00017252015
1.6163639e-05
2.206709e-05
1.6046446e-05
1.5976311e-05
0.0026004141
1.6496618e-05
1.589192e-05
1.6034763e-05
1.5818709e-05
1.5794879e-05
1.5941731e-05
1.9261143e-05
1.603042e-05
0.00013665916
1.5794522e-05
0.0024980002
1.5973435e-05
1.5858531e-05
1.5793381e-05
1.5998195e-05
1.5790335e-05
1.6000027e-05
1.5834884e-05
1.5892034e-05
1.5861613e-05
1.5975509e-05
1.6223503e-05
2.0811191e-05
1.5792643e-05
0.0031086843
1.6026477e-05
1.609712e-05
1.5877892e-05
1.5849725e-05
3.0477827e-05
1.6054869e-05
1.5784812e-05
1.583553e-05
0.00076933384
0.00011926995
1.5807217e-05
1.6172423e-05
1.6091865e-05
1.5786841e-05
1.5960628e-05
1.8171141e-05
1.6045099e-05
1.6110611e-05
1.5787977e-05
0.0024073373
1.6024492e-05
1.603024e-05
1.6326037e-05
1.6326713e-05
1.7508578e-05
1.5786095e-05
1.6351324e-05
0.00232658
6.6026106e-05
1.5985069e-05
0.0012903469
1.6183509e-05
1.6051642e-05
0.00087271628
1.6976714e-05
1.60843e-05
1.5800994e-05
1.5791812e-05
1.5959579e-05
1.5845594e-05
1.5792181e-05
1.6314295e-05
1.5966654e-05
1.5910478e-05
1.7848439e-05
2.4923416e-05
1.6022062e-05
0.00065227409
1.5793037e-05
1.6091388e-05
2.7800133e-05
1.600485e-05
1.5909227e-05
1.6454358e-05
1.6040448e-05
0.0026665236
1.6606027e-05
1.5803094e-05
1.8185345e-05
2.8773327e-05
1.6101933e-05
0.0011658596
0.0017917951
1.5897446e-05
1.6022266e-05
1.589147e-05
1.5791134e-05
0.00029929654
1.6143014e-05
1.6084643e-05
1.5916373e-05
1.5809864e-05
1.578338e-05
1.7210146e-05
0.00065930027
1.6035441e-05
1.5941007e-05
1.6298683e-05
0.00022723968
1.6133292e-05
0.00037079944
0.00013265305
2.8627169e-05
1.60362e-05
1.585917e-05
1.9608564e-05
2.427493e-05
1.5798567e-05
1.6369718e-05
1.597419e-05
1.6028142e-05
1.5785077e-05
1.5852673e-05
1.6043744e-05
1.587537e-05
1.6136043e-05
2.6701117e-05
1.5925305e-05
1.5855465e-05
1.6048955e-05
1.5996506e-05
4.8412832e-05
0.00031724179
0.0026752542
1.579072e-05
1.6318627e-05
1.601844e-05
1.6062401e-05
3.8845453e-05
1.5862998e-05
1.5806019e-05
1.6233458e-05
1.6082974e-05
0.0024905333
1.5809221e-05
1.5804403e-05
1.6076506e-05
1.6006117e-05
2.2332693e-05
1.6093514e-05
1.6057745e-05
1.5790248e-05
1.6121472e-05
1.5788348e-05
1.6552282e-05
5.5615468e-05
1.5795543e-05
1.6023985e-05
1.6185277e-05
1.5988829e-05
1.6094142e-05
9.2753505e-05
1.5793472e-05
1.5797306e-05
5.3033096e-05
1.6095658e-05
2.2804002e-05
1.6032308e-05
1.8071046e-05
1.6020504e-05
1.7359256e-05
2.1051162e-05
0.0013317295
0.0013280164
1.6015266e-05
2.0437702e-05
1.6063163e-05
1.6597743e-05
1.5961667e-05
3.6303231e-05
0.0016034968
1.5852276e-05
1.9059205e-05
0.0025697456
1.6073691e-05
1.58036e-05
1.6082634e-05
1.5791456e-05
1.5989516e-05
1.5846696e-05
1.5792685e-05
1.578783e-05
1.6087732e-05
1.5806209e-05
1.613257e-05
1.5840238e-05
1.5812128e-05
1.5999475e-05
0.00011165326
1.6098231e-05
1.6067609e-05
1.5815898e-05
1.6213995e-05
1.6001278e-05
0.00029929928
1.6093394e-05
2.8587483e-05
1.5784756e-05
1.600953e-05
2.6996318e-05
1.6227109e-05
1.5789569e-05
1.5932933e-05
1.5882589e-05
1.600822e-05
1.5663254e-05
1.6471079e-05
1.5918685e-05
1.5850238e-05
1.5835704e-05
3.5663512e-05
1.5900514e-05
1.5801528e-05
1.6065329e-05
0.0023419777
1.5852033e-05
2.7756838e-05
0.0030115235
1.6031987e-05
1.610629e-05
1.5818472e-05
1.6596911e-05
1.5794789e-05
1.6066357e-05
1.5919631e-05
1.5997727e-05
1.5839379e-05
1.6119711e-05
2.025125e-05
1.6068732e-05
1.5990424e-05
1.5923574e-05
1.5787715e-05
1.6101584e-05
1.6053692e-05
1.8493759e-05
1.6018658e-05
1.5802942e-05
1.9339361e-05
1.5825554e-05
1.6084593e-05
0.0026686748
2.2211412e-05
1.6099971e-05
0.0025141344
2.5119166e-05
1.584999e-05
1.5926154e-05
1.6033586e-05
1.6049899e-05
1.5842716e-05
1.578886e-05
1.610312e-05
0.0032908815
1.6280503e-05
1.58927e-05
1.5837642e-05
1.5814013e-05
0.00056070167
1.7308435e-05
2.6823251e-05
0.0024255353
1.5967816e-05
1.5823439e-05
0.0006026339
1.5804601e-05
1.5993882e-05
2.7971376e-05
1.6017122e-05
1.6025819e-05
1.5974939e-05
1.6103048e-05
1.639853e-05
1.609884e-05
1.6096124e-05
3.5632954e-05
1.6198924e-05
0.002268729
0.0024740092
1.5861033e-05
1.6236101e-05
1.5800666e-05
1.6019437e-05
1.578945e-05
1.6081263e-05
1.6001533e-05
0.00065053734
1.60442e-05
1.5791377e-05
1.9900564e-05
1.5915234e-05
1.5974105e-05
1.5804572e-05
4.514551e-05
1.5880765e-05
1.6018064e-05
1.5845436e-05
1.5784059e-05
1.5913746e-05
1.5834966e-05
1.5792024e-05
1.6019861e-05
1.5965804e-05
3.5296477e-05
1.5892996e-05
0.0025397164
0.0027385094
0.0025984373
1.6027248e-05
1.6042448e-05
1.580218e-05
1.6134131e-05
1.6618012e-05
1.6136611e-05
1.7112619e-05
1.6108138e-05
1.6129947e-05
1.579549e-05
1.5791513e-05
1.5984053e-05
1.6109332e-05
1.5861846e-05
5.5882264e-05
1.5875438e-05
1.5790034e-05
1.6045406e-05
1.659123e-05
2.2843543e-05
2.0114673e-05
1.6075545e-05
1.9146518e-05
1.5909789e-05
1.5795691e-05
1.5798232e-05
1.5856993e-05
1.8730638e-05
1.5791342e-05
2.4208857e-05
1.5858998e-05
1.6070181e-05
1.6079593e-05
1.8583041e-05
2.3726169e-05
1.6097207e-05
2.2813324e-05
1.5821066e-05
1.6084366e-05
1.5816795e-05
0.0015422947
1.5827867e-05
1.6121766e-05
1.5812145e-05
1.6164277e-05
1.6107373e-05
1.5992703e-05
4.5160859e-05
1.9146521e-05
1.5796883e-05
0.00043612242
1.6207651e-05
1.6089898e-05
1.5948254e-05
1.581021e-05
1.5891696e-05
0.0005145922
1.5844874e-05
1.6166794e-05
2.580434e-05
1.5844356e-05
1.5993805e-05
1.5798117e-05
1.6125004e-05
1.5794793e-05
0.0041990816
1.5931424e-05
1.5866168e-05
1.5889865e-05
0.0015919485
1.5799242e-05
1.6144807e-05
1.6052566e-05
1.611887e-05
1.580473e-05
1.6065868e-05
1.5983436e-05
1.6686676e-05
3.0878414e-05
2.2467752e-05
1.5818149e-05
1.5810244e-05
1.5790029e-05
1.5811217e-05
1.5809667e-05
1.6092675e-05
1.6006473e-05
1.6111455e-05
1.6082144e-05
2.2018954e-05
1.6101603e-05
2.0436274e-05
1.6001629e-05
0.00063930367
1.6055803e-05
1.6019334e-05
1.8729766e-05
1.5991414e-05
1.6224137e-05
1.8047961e-05
1.5890855e-05
1.5981984e-05
1.604403e-05
2.620006e-05
1.5794977e-05
0.00016972848
0.001587269
0.00011357045
0.00068632732
1.6719825e-05
3.0446146e-05
1.6078069e-05
1.6076423e-05
1.606621e-05
0.00067590203
0.00023654284
1.6005949e-05
3.0365413e-05
7.1231425e-05
1.6019747e-05
1.5800119e-05
1.5966183e-05
1.5794738e-05
1.5834798e-05
1.5845112e-05
1.8578599e-05
0.00043104348
1.6051264e-05
0.0025666114
1.5795938e-05
1.5904049e-05
1.5792559e-05
0.00015326293
0.00055058813
1.5833377e-05
1.5888296e-05
1.595397e-05
1.6198249e-05
1.6067227e-05
1.5951355e-05
1.6055658e-05
1.5840453e-05
3.8389724e-05
1.5792858e-05
1.6073317e-05
1.6074978e-05
1.5806547e-05
1.6019653e-05
0.0024460884
0.0019865959
1.5968345e-05
1.6104399e-05
1.6720767e-05
1.5970173e-05
1.5945502e-05
1.5867573e-05
1.6417754e-05
1.5859217e-05
1.5843716e-05
1.5867072e-05
1.6152188e-05
1.5797138e-05
1.6032864e-05
0.00077367502
1.6460732e-05
0.0004410463
1.5993344e-05
1.7960726e-05
0.00040934943
1.6063026e-05
1.6030314e-05
1.5922764e-05
1.5791571e-05
1.5786952e-05
1.584876e-05
0.00087389705
1.5930952e-05
1.6181539e-05
2.4968935e-05
1.6070357e-05
1.5970062e-05
1.5933814e-05
1.587259e-05
1.5952055e-05
3.3533143e-05
1.5792869e-05
1.6534056e-05
5.2516794e-05
1.5836989e-05
2.288133e-05
1.5804823e-05
1.6077332e-05
1.5862746e-05
1.5820765e-05
1.6023183e-05
0.0029069321
1.6704938e-05
1.579842e-05
1.5815727e-05
2.102207e-05
6.2908208e-05
0.0014544426
1.5898427e-05
1.586609e-05
1.5811905e-05
1.5851708e-05
1.6066756e-05
1.5866625e-05
1.6096662e-05
2.889898e-05
1.5785286e-05
2.3784957e-05
0.00046386516
1.6078745e-05
1.5880752e-05
1.6083036e-05
0.00054671554
1.6066179e-05
1.5791222e-05
1.5992713e-05
1.6141278e-05
1.6509373e-05
0.00017403459
3.0869106e-05
1.6079795e-05
1.5894527e-05
0.0023254482
1.6365683e-05
1.603447e-05
0.0025688918
1.6166025e-05
1.6100462e-05
0.0030716117
0.0034453716
1.5866593e-05
1.6162589e-05
1.6270952e-05
1.5864076e-05
1.6627376e-05
1.5785857e-05
1.6025353e-05
1.5810938e-05
1.5856533e-05
0.00021237442
1.6024683e-05
1.6192877e-05
0.0033581267
1.5825251e-05
0.0023021749
1.578457e-05
1.5810076e-05
1.5796593e-05
1.6282867e-05
1.5807872e-05
1.6431349e-05
1.7127106e-05
0.0012545456
1.6144037e-05
1.6098899e-05
1.6020306e-05
1.5956631e-05
0.0001588842
1.6057152e-05
0.0024003818
3.6140399e-05
2.9186022e-05
1.5802998e-05
1.611262e-05
0.0030147351
1.6611038e-05
1.7173747e-05
0.0013335989
1.6046188e-05
0.0018039302
1.6192166e-05
1.5783329e-05
1.5784189e-05
1.5784502e-05
1.5783192e-05
1.578326e-05
1.5993432e-05
0.00012136356
1.5824192e-05
1.5807067e-05
4.1240849e-05
1.6114214e-05
1.5800405e-05
0.0037398188
2.7730087e-05
1.5840323e-05
1.5788384e-05
1.6333299e-05
1.6138342e-05
1.5786068e-05
1.6053989e-05
3.9796698e-05
1.6040273e-05
2.8263644e-05
1.585387e-05
1.6298826e-05
5.5302469e-05
1.5831221e-05
0.0010810823
1.6554388e-05
6.5172992e-05
1.6088829e-05
1.5791444e-05
1.6099899e-05
1.7853266e-05
1.5913592e-05
1.6097997e-05
1.6103667e-05
0.0026464967
1.5794165e-05
1.6100098e-05
1.6511201e-05
1.5796617e-05
1.5907667e-05
2.0434239e-05
1.5831724e-05
1.6332841e-05
1.6136403e-05
1.5920018e-05
1.6072417e-05
2.8480744e-05
1.6108267e-05
0.0016313155
1.6088912e-05
2.7934791e-05
1.5805118e-05
1.5795353e-05
1.6435382e-05
1.7143456e-05
0.0012828868
1.5960609e-05
1.5890277e-05
0.0017043141
0.0025240626
1.5867596e-05
1.6039603e-05
1.6110464e-05
1.5785357e-05
2.7376176e-05
1.6144855e-05
0.0016638861
1.5972389e-05
0.00094906471
0.0015030265
2.9619804e-05
1.603691e-05
1.6055761e-05
1.6106716e-05
1.6046818e-05
1.6140064e-05
1.6025017e-05
1.5905761e-05
1.7543926e-05
1.6053568e-05
1.5784144e-05
1.6138481e-05
1.9542383e-05
0.0020436708
1.9088637e-05
1.5885946e-05
1.6300861e-05
2.3421829e-05
0.00025456779
1.6007474e-05
1.5966661e-05
1.5800679e-05
1.6105225e-05
1.604516e-05
2.5374908e-05
1.6979418e-05
1.5790591e-05
9.7757787e-05
0.00028513322
1.7302514e-05
1.5908547e-05
1.6438563e-05
1.5840881e-05
1.5864439e-05
1.6889052e-05
1.6157637e-05
2.8614969e-05
1.6561656e-05
1.605887e-05
0.00047738954
1.5800744e-05
0.00013203434
0.00026632695
1.5872791e-05
1.6579844e-05
1.6308406e-05
1.5960818e-05
1.6052921e-05
2.1465442e-05
1.6096532e-05
3.2052065e-05
1.6107593e-05
1.6059202e-05
1.5797131e-05
1.602034e-05
1.6088148e-05
1.6031516e-05
1.5799284e-05
1.5882554e-05
1.6095796e-05
1.5811491e-05
1.6166567e-05
1.6080967e-05
1.5788023e-05
3.5665889e-05
1.5804624e-05
1.5886413e-05
0.0005551167
1.580927e-05
1.6175865e-05
1.5877183e-05
0.00017410225
1.6158173e-05
1.6013407e-05
1.5959023e-05
1.5948842e-05
1.5791451e-05
0.00078763732
1.5912152e-05
1.5809003e-05
2.6552589e-05
1.5840649e-05
1.5786406e-05
2.0487919e-05
1.6645428e-05
0.0015079458
3.7669241e-05
0.00059960242
1.6306272e-05
1.5801599e-05
1.5823118e-05
1.6077205e-05
1.5838884e-05
1.5791562e-05
1.6579361e-05
1.5795808e-05
1.58342e-05
5.2658143e-05
1.8265651e-05
1.5792647e-05
2.4005714e-05
0.0010059101
1.588299e-05
1.6065821e-05
1.5809444e-05
1.5835718e-05
0.00022217786
0.00011652834
2.961554e-05
1.5821913e-05
1.5807314e-05
1.5826585e-05
1.6014007e-05
1.6088622e-05
3.280077e-05
2.2334469e-05
1.6026925e-05
1.5789934e-05
1.8452536e-05
1.6094514e-05
1.8075354e-05
1.5785705e-05
1.5792141e-05
1.5804506e-05
1.5832405e-05
1.6101263e-05
1.6075144e-05
0.0026548965
1.5974853e-05
1.5858806e-05
1.6085354e-05
1.6006515e-05
1.5977813e-05
2.7507644e-05
1.5793653e-05
2.496083e-05
1.5882637e-05
1.6129534e-05
2.3804442e-05
1.5793687e-05
0.00010626873
1.5993897e-05
1.6759366e-05
1.5862063e-05
1.7075631e-05
1.6115767e-05
1.5984932e-05
1.6097814e-05
1.6266029e-05
2.5484551e-05
1.7378707e-05
2.8348668e-05
1.5792029e-05
1.5787613e-05
1.7288301e-05
1.6109369e-05
7.8085234e-05
2.6592652e-05
1.5831348e-05
6.0819341e-05
5.7194813e-05
1.6130972e-05
1.6086619e-05
1.6026389e-05
1.5796403e-05
1.5985968e-05
1.5899577e-05
3.5806752e-05
1.6106954e-05
1.5880035e-05
1.5921988e-05
1.6061067e-05
1.8048444e-05
1.605232e-05
1.6009678e-05
1.5787391e-05
2.1637133e-05
1.6135097e-05
1.5982415e-05
1.581624e-05
1.5875329e-05
2.6007467e-05
1.6106266e-05
1.6172404e-05
1.7113991e-05
3.33145e-05
1.7206767e-05
0.0025677536
1.6122717e-05
1.5902953e-05
1.5993895e-05
1.5814254e-05
1.579394e-05
1.5798699e-05
0.0001307493
1.6024419e-05
1.6093968e-05
1.6140963e-05
0.0025176035
1.5962929e-05
1.6056294e-05
1.5906239e-05
1.5849936e-05
1.6018967e-05
1.5869987e-05
1.5991362e-05
0.0009537903
0.00097981137
2.3505447e-05
1.5927849e-05
1.6077865e-05
1.6097161e-05
1.5809045e-05
1.5999573e-05
2.2570805e-05
1.613672e-05
0.0022455027
1.5962875e-05
0.0023651585
1.6138665e-05
1.5816953e-05
1.6090975e-05
3.0910799e-05
1.7996416e-05
1.6126013e-05
1.5789831e-05
1.6552876e-05
1.6076389e-05
1.6069733e-05
1.6415198e-05
1.5875143e-05
1.5682239e-05
0.00093644363
1.5815205e-05
1.609279e-05
1.9638209e-05
1.9745228e-05
1.9862816e-05
1.5870486e-05
5.9199106e-05
1.9967908e-05
2.0237481e-05
1.897238e-05
1.6315508e-05
1.6283938e-05
2.0681042e-05
0.000539521
1.5873756e-05
2.0977886e-05
3.2558162e-05
1.6012416e-05
0.00011633938
1.5834661e-05
2.1446828e-05
1.6251243e-05
1.6109245e-05
3.1064939e-05
1.6034481e-05
1.6067254e-05
1.6082675e-05
1.7363893e-05
1.5840984e-05
0.0012071841
1.6137935e-05
1.5820882e-05
1.6058953e-05
1.6003741e-05
1.5984894e-05
0.0026959746
1.6204659e-05
1.5956733e-05
1.6958579e-05
1.5969852e-05
4.1922155e-05
1.5930852e-05
1.6009036e-05
1.5836659e-05
1.6064757e-05
1.5999564e-05
1.583273e-05
1.6101466e-05
0.0016223428
1.608771e-05
1.5988944e-05
1.6088387e-05
0.00010160181
1.7856487e-05
1.5792338e-05
1.6959863e-05
1.6045502e-05
1.5895213e-05
2.088456e-05
1.6099672e-05
1.6299233e-05
1.5828918e-05
1.6010364e-05
1.5833043e-05
1.5930761e-05
1.6046264e-05
0.0026369442
1.6993311e-05
1.6045003e-05
1.8786916e-05
1.5794759e-05
1.5861847e-05
1.6012201e-05
3.4293848e-05
1.5784002e-05
2.6015546e-05
1.5793127e-05
6.5051628e-05
1.6063743e-05
1.5878634e-05
1.5926723e-05
1.6070432e-05
0.00017215191
1.5953934e-05
1.5825507e-05
1.5881065e-05
0.00070241116
1.5813851e-05
0.0017882594
3.310725e-05
1.5783502e-05
1.6127707e-05
1.5944312e-05
0.00059578631
1.605251e-05
1.5853658e-05
1.6049824e-05
0.0014238126
1.5957102e-05
1.5900452e-05
5.935531e-05
4.3826851e-05
1.7938395e-05
1.5836784e-05
2.7968425e-05
1.578557e-05
1.6229736e-05
1.5954216e-05
1.5930715e-05
1.5865948e-05
1.6043619e-05
3.5748176e-05
0.00066691685
1.6326406e-05
1.5954973e-05
1.605536e-05
1.613061e-05
1.5791292e-05
0.00062231069
1.6229166e-05
1.5877065e-05
1.5786519e-05
1.5814879e-05
1.6122364e-05
2.9583956e-05
1.5803109e-05
1.6022757e-05
1.6112797e-05
1.5790813e-05
1.6088589e-05
1.5905702e-05
1.6061495e-05
1.9036846e-05
1.6175516e-05
1.5916402e-05
1.6080257e-05
1.6104502e-05
1.5788396e-05
1.5990783e-05
1.7155966e-05
1.6045563e-05
1.6058687e-05
1.5788142e-05
1.5990343e-05
1.583202e-05
0.0038073772
1.6047418e-05
1.6088056e-05
3.1851146e-05
3.7046509e-05
1.6097896e-05
1.6042289e-05
0.00051101394
1.6077167e-05
0.0004824697
1.6080134e-05
1.6067146e-05
0.0004806729
1.9201403e-05
0.0031571723
1.5784612e-05
1.604398e-05
1.5962395e-05
3.0818824e-05
0.0014263387
1.6096697e-05
1.6887021e-05
1.5933178e-05
0.00029393254
1.6083994e-05
0.0024421565
0.00066944053
1.5831993e-05
0.0011329378
1.5816056e-05
1.599326e-05
1.60369e-05
2.8225063e-05
0.0013446222
1.5828009e-05
2.8451803e-05
1.5810521e-05
6.8659786e-05
1.5791391e-05
1.5854417e-05
1.6134266e-05
0.0036999359
2.6872096e-05
1.5795962e-05
1.5794131e-05
1.5817585e-05
1.590592e-05
1.9149998e-05
1.6273024e-05
1.5822615e-05
1.6086489e-05
1.5932778e-05
2.4730602e-05
1.608941e-05
1.5795772e-05
3.3162621e-05
0.00011389776
1.6060493e-05
1.6023353e-05
1.5793208e-05
1.6258059e-05
1.5871967e-05
1.5986909e-05
1.5791961e-05
1.5809646e-05
1.5791883e-05
0.0016268801
1.585531e-05
1.6110968e-05
1.5994711e-05
1.6091673e-05
2.0612324e-05
1.5854532e-05
0.0033503822
1.5810176e-05
1.6087453e-05
3.0782818e-05
2.1115395e-05
1.5815124e-05
1.6077188e-05
1.5866839e-05
1.6095462e-05
1.6072976e-05
0.002923899
1.6177014e-05
1.584329e-05
1.6496398e-05
1.732675e-05
1.579322e-05
1.6064284e-05
1.6586589e-05
1.5795144e-05
2.3435243e-05
1.6197286e-05
0.00081088807
1.6349968e-05
2.102462e-05
1.5785839e-05
1.5791281e-05
1.5813756e-05
1.6022697e-05
1.5924603e-05
1.5827632e-05
1.606849e-05
5.1335807e-05
2.444801e-05
0.001367935
1.6106946e-05
1.6317188e-05
0.0010990816
1.578573e-05
1.5798772e-05
1.5798857e-05
1.618712e-05
1.5966815e-05
1.5945285e-05
1.6061312e-05
1.6715165e-05
1.5809259e-05
1.622333e-05
1.6495471e-05
1.616079e-05
1.6099566e-05
1.5812833e-05
1.5791674e-05
1.6145723e-05
1.629334e-05
1.5990129e-05
1.5821826e-05
1.5789487e-05
1.603962e-05
4.7312475e-05
1.6353192e-05
1.7890617e-05
1.5985445e-05
3.1849308e-05
0.0016792342
1.5838053e-05
1.5792328e-05
1.6924331e-05
0.0043081916
1.6247931e-05
1.6073354e-05
9.8205843e-05
1.6843802e-05
1.6045915e-05
1.6609879e-05
1.621803e-05
3.6491187e-05
1.6032043e-05
1.6610818e-05
2.6710305e-05
1.5800147e-05
1.9828966e-05
1.5784695e-05
1.6659743e-05
1.6987027e-05
2.5446548e-05
1.6155639e-05
0.0024081959
1.6019792e-05
0.00074227728
3.4277993e-05
0.00032150873
1.5858206e-05
1.6089042e-05
1.5864866e-05
1.6917425e-05
1.7331156e-05
1.8015221e-05
1.5916629e-05
1.5935419e-05
3.7921778e-05
1.5946232e-05
1.620787e-05
1.6086224e-05
1.6091952e-05
1.6110706e-05
1.6224101e-05
1.6088903e-05
1.7195273e-05
1.5809564e-05
1.5917485e-05
3.9744977e-05
1.5834433e-05
1.5992575e-05
1.6268184e-05
1.5934973e-05
1.6152538e-05
1.5803727e-05
1.6188106e-05
1.6014103e-05
1.6015518e-05
1.6086904e-05
1.5802758e-05
1.7829072e-05
1.5857034e-05
1.5949716e-05
1.6075006e-05
1.6105059e-05
5.1414005e-05
0.00096762001
1.6003239e-05
1.5794771e-05
2.6237473e-05
3.2715304e-05
1.5796144e-05
1.6034093e-05
1.8103721e-05
1.9195085e-05
1.6103147e-05
0.00013051776
1.617982e-05
1.6677711e-05
1.5817425e-05
1.6073548e-05
1.6033054e-05
1.6076971e-05
1.6270478e-05
3.6875381e-05
1.6047513e-05
0.00027912209
1.5877365e-05
0.00017856046
1.6100307e-05
1.6063111e-05
1.6061186e-05
7.3697358e-05
1.6057586e-05
1.6307472e-05
1.5962658e-05
1.580498e-05
1.6050585e-05
1.6101732e-05
1.6037914e-05
1.5815657e-05
1.6064654e-05
1.5897927e-05
1.5794498e-05
1.5928858e-05
1.609102e-05
1.5809034e-05
1.6095654e-05
1.5947494e-05
0.00035901056
1.5947001e-05
5.6690103e-05
1.5990603e-05
1.5931842e-05
1.5991293e-05
1.5798222e-05
1.9857468e-05
1.5795857e-05
1.6194738e-05
1.6012153e-05
1.579431e-05
2.1241816e-05
1.6188425e-05
2.4737448e-05
1.5808969e-05
1.5929848e-05
1.7754627e-05
1.6799287e-05
1.5819313e-05
1.5992851e-05
1.6193033e-05
1.5816347e-05
1.598572e-05
1.5798126e-05
1.5797324e-05
0.0028796976
1.6088043e-05
0.0025797563
1.6143176e-05
1.5827936e-05
3.011286e-05
1.5894989e-05
1.5791921e-05
4.1032622e-05
1.5808919e-05
1.5979202e-05
1.5866478e-05
1.5816004e-05
1.8989607e-05
0.0026825725
1.5957103e-05
1.5954315e-05
0.0022533231
1.6109938e-05
1.9196819e-05
1.8797013e-05
1.6035788e-05
1.6097924e-05
1.6432118e-05
1.579277e-05
0.00012869439
1.5783888e-05
1.5785735e-05
1.6044031e-05
1.5794277e-05
1.6026385e-05
1.6194054e-05
1.5987833e-05
0.0026206163
1.602708e-05
5.0424183e-05
1.7354576e-05
1.5783829e-05
1.6101405e-05
1.5997409e-05
7.3638152e-05
2.032253e-05
1.5830433e-05
1.6320449e-05
1.593295e-05
0.00010830258
0.0022734486
2.562782e-05
1.5947036e-05
1.6048885e-05
1.5999493e-05
1.6000014e-05
1.5860552e-05
1.6110088e-05
1.5816528e-05
1.5823094e-05
2.0692852e-05
0.0018785392
1.6075076e-05
1.6093848e-05
1.5832594e-05
1.727838e-05
1.6120861e-05
1.6097134e-05
1.5875307e-05
0.00091660928
1.5820542e-05
1.5791762e-05
1.5907163e-05
0.0012610321
1.5805029e-05
1.6743417e-05
1.6043246e-05
1.6093562e-05
1.6062248e-05
1.5987502e-05
1.5842963e-05
1.5995269e-05
1.5921719e-05
1.668988e-05
1.5796299e-05
1.6234056e-05
1.5838637e-05
1.5797245e-05
0.001897863
1.6069219e-05
1.608409e-05
1.597463e-05
1.602174e-05
1.597815e-05
1.8991477e-05
1.6096692e-05
1.5810983e-05
1.5938446e-05
1.5809198e-05
1.5986212e-05
1.590071e-05
1.6084586e-05
1.5800573e-05
1.5963835e-05
0.00015959066
1.5849377e-05
1.5794956e-05
1.6086202e-05
3.0903024e-05
1.614037e-05
1.5933165e-05
1.6227683e-05
1.5807226e-05
1.6024391e-05
1.6223118e-05
1.5934272e-05
1.6086321e-05
1.6074669e-05
1.6015287e-05
1.5886485e-05
1.5869751e-05
1.5980449e-05
1.5893757e-05
5.3476821e-05
1.6047687e-05
1.6984504e-05
1.5971885e-05
1.596212e-05
3.0568926e-05
1.5861705e-05
1.5790385e-05
1.6617542e-05
1.5807691e-05
1.6069919e-05
1.5823336e-05
1.5895821e-05
1.6064391e-05
1.6009719e-05
0.00095293121
1.5859427e-05
1.7054857e-05
1.8524384e-05
1.5785409e-05
1.5783857e-05
1.5784481e-05
1.5783768e-05
1.5783735e-05
1.5783445e-05
1.5785392e-05
0.00074744464
1.5923915e-05
1.5833367e-05
1.5955264e-05
1.6056939e-05
1.5980417e-05
1.5792957e-05
1.5913619e-05
1.6092324e-05
1.6033545e-05
1.5918504e-05
1.5923915e-05
1.6098038e-05
1.599761e-05
1.5980027e-05
1.601395e-05
1.5805059e-05
1.5983837e-05
1.608252e-05
1.5991129e-05
1.6098184e-05
1.7006481e-05
1.5785288e-05
1.5800566e-05
1.5917416e-05
1.6878254e-05
1.5909999e-05
1.5947233e-05
1.5792212e-05
1.581244e-05
1.5862221e-05
1.5913405e-05
1.6103124e-05
1.5794136e-05
1.5798764e-05
1.6098259e-05
1.5817091e-05
1.6802056e-05
1.5847714e-05
2.3808689e-05
1.6109664e-05
1.6744812e-05
1.5949144e-05
1.6704627e-05
1.5940679e-05
1.5969245e-05
3.0064653e-05
1.6102295e-05
1.9531764e-05
1.5861368e-05
1.6238125e-05
1.6080696e-05
0.0038731143
1.587519e-05
1.6047076e-05
1.8869393e-05
1.5887353e-05
1.6064783e-05
0.00078439673
1.5819454e-05
1.6025056e-05
0.00012129559
1.635403e-05
1.5827615e-05
1.5961943e-05
1.5879599e-05
1.5790053e-05
1.5973005e-05
1.582273e-05
0.00027908897
1.5856907e-05
1.6945789e-05
1.6096307e-05
1.5922104e-05
1.5793218e-05
1.6176699e-05
1.6037745e-05
1.5912979e-05
1.6056319e-05
1.5797305e-05
0.00056505028
2.9176194e-05
1.597649e-05
1.6930073e-05
2.1517045e-05
1.6091023e-05
1.6147778e-05
1.602193e-05
1.6012372e-05
0.0027821284
1.6022664e-05
0.00018074647
1.59136e-05
1.5799952e-05
1.5802964e-05
1.6075051e-05
2.4359212e-05
5.214511e-05
1.5942431e-05
1.5879622e-05
1.6096378e-05
1.5844981e-05
1.6851473e-05
2.4395523e-05
1.5790193e-05
1.6069762e-05
1.5873383e-05
1.5787902e-05
1.6079417e-05
0.0009841202
1.609809e-05
0.00035466133
1.6197815e-05
1.5790776e-05
1.5827375e-05
1.6749137e-05
1.6001724e-05
1.5812543e-05
0.0025137355
2.2811387e-05
1.5788521e-05
1.6656923e-05
1.6069612e-05
1.5801807e-05
1.6099611e-05
1.5863533e-05
0.00010091928
0.00032566791
1.5808082e-05
1.5791098e-05
1.5983847e-05
1.5951452e-05
1.6090852e-05
1.587233e-05
1.604877e-05
1.7285738e-05
1.6069692e-05
1.6166466e-05
2.1775276e-05
1.5987002e-05
0.0024064133
1.5924237e-05
1.5902706e-05
1.6089107e-05
1.5889162e-05
1.6046021e-05
1.5836145e-05
0.0039489564
1.5784453e-05
1.5790408e-05
0.00061000037
1.5798826e-05
1.5947029e-05
1.5784463e-05
1.5814431e-05
1.5787036e-05
1.5797736e-05
1.6154473e-05
1.5983354e-05
1.5785455e-05
1.5866844e-05
1.580884e-05
1.5913162e-05
1.5828947e-05
1.5987514e-05
1.6102664e-05
1.6148447e-05
3.9873744e-05
1.7306773e-05
1.6089343e-05
1.5923393e-05
1.5899085e-05
1.5792421e-05
1.6098501e-05
0.0034795766
1.6785093e-05
1.5980895e-05
1.5786293e-05
1.59724e-05
1.609301e-05
1.5801135e-05
1.5887668e-05
4.5241351e-05
1.5917544e-05
1.5859745e-05
1.670333e-05
1.610821e-05
0.0027310349
1.5823988e-05
2.0264851e-05
1.6047491e-05
1.5978276e-05
1.5793045e-05
1.6097066e-05
0.00058458521
1.5958479e-05
1.5964878e-05
1.6641783e-05
1.6059747e-05
1.5962238e-05
1.6854953e-05
1.5952911e-05
1.5929912e-05
1.6210845e-05
1.6063097e-05
1.5910418e-05
1.6682352e-05
1.6102005e-05
1.5792041e-05
1.6272146e-05
1.5902016e-05
2.7286863e-05
1.5894318e-05
1.5806674e-05
1.5791521e-05
1.5939745e-05
1.5962225e-05
1.5887982e-05
1.5958901e-05
1.5957572e-05
1.5805594e-05
1.5792626e-05
1.5954954e-05
1.6089369e-05
1.5904746e-05
1.5939646e-05
1.5793325e-05
1.5940261e-05
1.5809283e-05
0.00043507855
1.5822543e-05
1.5919713e-05
1.7512205e-05
1.6089836e-05
1.589646e-05
1.5887228e-05
1.6004348e-05
0.0020031746
1.6088422e-05
1.589339e-05
1.5971022e-05
0.0039373898
1.8897792e-05
1.5941962e-05
1.5783689e-05
1.5858508e-05
2.0746022e-05
1.6148228e-05
1.5923129e-05
1.6725513e-05
1.7071031e-05
1.6260302e-05
1.6094604e-05
1.5822294e-05
1.6079575e-05
1.6157029e-05
1.5842808e-05
1.613826e-05
1.598091e-05
1.5931781e-05
6.4370941e-05
0.00017754275
1.6016881e-05
1.6088232e-05
1.618324e-05
1.6096449e-05
1.6032273e-05
1.5989577e-05
1.595646e-05
1.6071733e-05
1.5878168e-05
1.5899603e-05
1.5826822e-05
1.5950767e-05
2.7505094e-05
1.6041746e-05
1.5891731e-05
1.5791481e-05
1.5906157e-05
5.3071999e-05
2.2557954e-05
1.5835767e-05
1.6108289e-05
1.5894803e-05
0.0035284566
2.8113285e-05
1.6096834e-05
1.5880771e-05
1.6237222e-05
1.5941344e-05
1.6088145e-05
1.5891399e-05
2.0521166e-05
1.5794663e-05
1.6107886e-05
1.6062468e-05
1.5917231e-05
1.6033398e-05
1.5816948e-05
1.6045633e-05
1.5805955e-05
1.5948733e-05
1.6536573e-05
1.5911465e-05
1.579049e-05
1.5791838e-05
1.5930325e-05
1.6439978e-05
1.5983173e-05
1.5869951e-05
1.5966282e-05
1.6054217e-05
1.6093885e-05
1.6039748e-05
1.6088702e-05
1.589765e-05
1.5917558e-05
1.6094936e-05
1.5983239e-05
1.588405e-05
1.5927164e-05
1.5939275e-05
1.5835219e-05
1.592321e-05
1.5985457e-05
1.5992439e-05
1.5923099e-05
1.5942056e-05
1.5936386e-05
1.5927007e-05
1.5915796e-05
3.4432083e-05
1.6021072e-05
1.5802808e-05
1.5943483e-05
1.5875157e-05
1.599491e-05
1.5954016e-05
1.6017872e-05
1.5903946e-05
1.6090024e-05
1.5965177e-05
1.6257553e-05
1.6090719e-05
1.6008588e-05
1.5979347e-05
1.6041978e-05
1.7167854e-05
1.5882946e-05
1.6138559e-05
0.0040639338
1.5810903e-05
0.0024553381
1.7004762e-05
1.6019693e-05
1.5876619e-05
1.5982659e-05
1.6039427e-05
1.5809864e-05
1.6077267e-05
1.6073303e-05
2.3241822e-05
1.6022791e-05
1.6086172e-05
1.5796295e-05
1.5828385e-05
1.5991126e-05
1.5796814e-05
1.6092923e-05
1.6817195e-05
1.5954037e-05
0.00023637683
1.5813892e-05
0.00099217404
1.5877523e-05
6.1533199e-05
1.5863718e-05
1.6053771e-05
1.5918214e-05
1.5967596e-05
1.589518e-05
0.00034665905
1.5868399e-05
1.5862841e-05
1.5834745e-05
0.0041052111
1.6096614e-05
1.5804662e-05
3.661348e-05
1.5965483e-05
0.0023323114
1.6056219e-05
1.5968966e-05
2.1527736e-05
1.5890043e-05
2.0860361e-05
1.664088e-05
1.618531e-05
1.6007031e-05
1.8879267e-05
1.5891924e-05
1.7295762e-05
1.5793144e-05
2.2062582e-05
0.0018106192
1.5819617e-05
1.6471874e-05
1.5923214e-05
1.5860454e-05
1.6279196e-05
1.6173076e-05
1.5828994e-05
1.5815612e-05
1.6185899e-05
0.0026354903
1.604865e-05
1.5931425e-05
0.0041439314
1.5790637e-05
1.5841133e-05
1.5792277e-05
1.6052184e-05
0.002475876
1.6135408e-05
1.5807352e-05
2.0067513e-05
0.00094247781
1.610353e-05
1.5784576e-05
1.5735565e-05
1.5799575e-05
1.6075254e-05
1.6009601e-05
0.00017120851
0.0010333115
0.0022408181
1.581476e-05
3.2426794e-05
1.6226762e-05
0.00085215015
1.605349e-05
1.5992009e-05
3.1161739e-05
1.7590458e-05
1.5851978e-05
1.6128241e-05
1.5798299e-05
2.6666757e-05
3.9791153e-05
1.6033513e-05
1.5799345e-05
2.1996586e-05
0.0041871203
1.6031649e-05
1.5930982e-05
1.5789462e-05
1.7104467e-05
1.6051582e-05
0.0016410137
1.5927635e-05
1.6069494e-05
1.5813626e-05
0.0021004727
1.5793725e-05
1.5897021e-05
1.5968433e-05
1.5951527e-05
0.0025932508
1.6047586e-05
1.5956026e-05
1.5811265e-05
1.6233825e-05
3.6037321e-05
1.6139931e-05
0.0042615113
2.2468239e-05
2.4362933e-05
1.6035734e-05
1.5898043e-05
1.5984538e-05
1.6188646e-05
1.5921283e-05
1.5839042e-05
1.6090221e-05
1.9600565e-05
1.5978681e-05
1.6041363e-05
1.6696194e-05
1.5942181e-05
2.6673963e-05
1.5791977e-05
0.0024323538
1.5812535e-05
2.0131517e-05
0.0043146419
1.5786247e-05
1.6100671e-05
1.5795845e-05
1.584834e-05
1.6032158e-05
1.5953118e-05
0.0023729033
3.2004e-05
1.657211e-05
2.4386304e-05
1.5878323e-05
6.0851585e-05
0.0022730194
1.5912659e-05
1.5823367e-05
1.6056353e-05
1.5809671e-05
0.00077364708
0.0026777708
1.5804393e-05
1.5976074e-05
2.3790613e-05
1.609001e-05
1.6054529e-05
1.5785943e-05
1.6141831e-05
1.5848819e-05
1.5948543e-05
1.6066182e-05
0.0041243669
1.5791037e-05
1.8256996e-05
1.6034824e-05
1.6110612e-05
1.5909217e-05
1.6425229e-05
1.5971615e-05
2.3813233e-05
1.5808845e-05
1.6076717e-05
1.6415505e-05
1.6324757e-05
1.5791405e-05
0.00090544327
1.6507417e-05
1.6053706e-05
1.5976782e-05
0.00089231835
1.6318222e-05
1.582968e-05
1.5949224e-05
1.6097199e-05
0.0041929243
1.5785821e-05
2.5170434e-05
1.5806617e-05
0.00088623928
1.5935012e-05
2.3348327e-05
1.5857934e-05
1.6199729e-05
1.5792659e-05
1.6084116e-05
1.5813676e-05
1.5797253e-05
1.5803659e-05
0.00095373609
1.6218675e-05
0.00065135529
1.5814448e-05
1.5810405e-05
1.785033e-05
1.5988995e-05
1.6108898e-05
1.7066259e-05
1.6274515e-05
1.5850032e-05
1.5792234e-05
1.5797603e-05
1.5801384e-05
3.0922235e-05
1.5797953e-05
4.4558903e-05
1.6095189e-05
1.5785761e-05
1.5796374e-05
1.5914403e-05
3.7774526e-05
7.8047154e-05
1.5826581e-05
2.1441036e-05
1.608787e-05
1.5956763e-05
1.5936294e-05
1.5806862e-05
1.5807625e-05
1.5973368e-05
1.6342203e-05
1.6725948e-05
1.6051144e-05
1.5849121e-05
1.6053171e-05
0.0017937825
1.5952165e-05
1.6096119e-05
1.5788882e-05
1.5863165e-05
1.5804351e-05
1.5799483e-05
1.6198827e-05
1.9134307e-05
0.0025799435
1.5847276e-05
5.1313186e-05
1.6008209e-05
1.580449e-05
1.610369e-05
0.00041573682
1.5860919e-05
1.6133958e-05
1.5795668e-05
1.6545865e-05
1.6031455e-05
1.9889763e-05
1.6009041e-05
1.705413e-05
0.0023192781
1.6096707e-05
5.546754e-05
8.966477e-05
1.6137842e-05
1.5793311e-05
9.4167315e-05
1.6041456e-05
1.6058681e-05
1.5964612e-05
0.00021510648
1.7438817e-05
0.0017924009
1.6101138e-05
1.5965802e-05
1.9206199e-05
1.6016266e-05
2.30577e-05
2.1370848e-05
1.5903431e-05
1.6144134e-05
1.6105147e-05
1.5798633e-05
1.6470966e-05
1.6834547e-05
1.9476456e-05
1.5791615e-05
8.3844791e-05
1.5879186e-05
1.5841489e-05
3.4483479e-05
1.6100048e-05
2.9606853e-05
1.5975096e-05
1.5787253e-05
1.5961136e-05
0.0024213225
0.0025912587
2.3093884e-05
1.5800002e-05
1.5788375e-05
1.597062e-05
1.6097742e-05
7.4456682e-05
1.5800209e-05
1.598268e-05
1.5969116e-05
2.0588034e-05
1.5924639e-05
1.5796807e-05
2.1114012e-05
1.6111828e-05
1.5796089e-05
2.3212622e-05
1.6007669e-05
1.594807e-05
1.6100805e-05
1.6059148e-05
1.5795668e-05
1.5859741e-05
1.6314692e-05
0.00019455723
1.6102381e-05
1.6731171e-05
8.2370182e-05
1.6096136e-05
1.5961241e-05
1.595235e-05
1.5962988e-05
1.622395e-05
0.00017748133
2.1420418e-05
1.6099847e-05
1.7794682e-05
1.6135697e-05
0.0020302015
1.6025353e-05
1.585842e-05
1.5856137e-05
1.5796829e-05
1.5850844e-05
2.2783495e-05
0.00024676275
3.9303664e-05
0.0020794122
2.0917061e-05
1.5845851e-05
1.8443531e-05
1.601425e-05
1.6284722e-05
1.9093044e-05
1.6071254e-05
1.7680741e-05
1.5859105e-05
1.7684933e-05
1.6050624e-05
1.6113337e-05
1.6103877e-05
1.6170079e-05
1.5853701e-05
1.6884188e-05
1.5856496e-05
1.6063257e-05
1.5786142e-05
1.6100556e-05
1.5814707e-05
1.6497022e-05
1.5952226e-05
1.5802506e-05
1.6771921e-05
1.6270466e-05
1.6035738e-05
1.8496222e-05
1.5828257e-05
1.5939429e-05
0.00084073688
0.0024644552
1.602329e-05
2.2586779e-05
1.6693811e-05
2.1843085e-05
1.5849678e-05
1.5985894e-05
1.5788189e-05
0.0015912443
1.596965e-05
1.5795406e-05
2.4827909e-05
1.5795783e-05
1.997291e-05
1.5997001e-05
0.00017160439
1.6092669e-05
1.5797596e-05
1.5796057e-05
0.0024646342
1.9610728e-05
1.9157906e-05
0.001409511
3.0069174e-05
1.6077821e-05
1.5792609e-05
0.0011022136
1.5817413e-05
1.578458e-05
1.5786531e-05
1.6294444e-05
1.5952837e-05
1.5980773e-05
1.6040151e-05
1.7745258e-05
1.5975234e-05
1.6075325e-05
1.5828626e-05
1.6020025e-05
1.5995725e-05
1.6071871e-05
1.5791783e-05
1.623646e-05
2.3893973e-05
1.5835993e-05
1.6882791e-05
1.8650023e-05
1.604012e-05
1.5813547e-05
1.5824849e-05
6.6087865e-05
1.5789057e-05
1.5931321e-05
1.631417e-05
1.7247266e-05
1.579602e-05
1.5879008e-05
1.5967395e-05
1.8505941e-05
1.5878343e-05
0.0031976288
2.0202876e-05
1.5957351e-05
1.5793065e-05
1.580126e-05
1.5797735e-05
2.0086241e-05
1.5847667e-05
4.6599879e-05
1.5810439e-05
1.5849414e-05
1.5790623e-05
0.00065947315
1.5914497e-05
1.6712523e-05
1.5804311e-05
1.5806007e-05
1.5798213e-05
1.6042869e-05
1.6173165e-05
1.5812555e-05
1.5795013e-05
0.0007024688
0.004459573
1.5806823e-05
1.5800125e-05
2.296948e-05
1.5941481e-05
1.7435266e-05
1.8821946e-05
1.5817571e-05
2.0899769e-05
0.0015307643
1.5802604e-05
1.6071031e-05
0.00025619186
2.039371e-05
1.6097934e-05
1.6030573e-05
1.603448e-05
1.608628e-05
2.048575e-05
1.5966188e-05
1.5804957e-05
1.9060007e-05
1.8155329e-05
0.00070109663
1.6018918e-05
1.5806633e-05
1.6129658e-05
1.6348537e-05
0.0041629695
3.2495489e-05
1.6031644e-05
1.6676751e-05
1.5846786e-05
0.0039164859
1.5836452e-05
1.6103686e-05
1.5800277e-05
1.594007e-05
1.5808038e-05
1.5911283e-05
1.6108853e-05
1.5910869e-05
1.6142757e-05
1.5999285e-05
0.0001009078
1.593051e-05
1.6180883e-05
0.0040688924
1.581223e-05
1.7628076e-05
1.6059118e-05
1.5783705e-05
1.5858631e-05
1.5970123e-05
1.5811342e-05
1.6802925e-05
1.5824635e-05
1.6021796e-05
5.3368636e-05
1.6066419e-05
0.0042062059
0.00012802361
0.0013526516
1.5808371e-05
1.581206e-05
0.0014406067
1.5923516e-05
1.5963841e-05
1.5822508e-05
1.6008132e-05
1.5839755e-05
0.0041533095
0.0032018426
1.5803961e-05
1.5789884e-05
0.0017619199
0.0029826635
1.5690058e-05
1.7768601e-05
2.845169e-05
1.610456e-05
1.58272e-05
1.5897663e-05
1.5879733e-05
1.6062554e-05
1.5790041e-05
1.5866006e-05
1.5794404e-05
0.00090433585
1.6001567e-05
1.6049808e-05
0.0040676297
0.0037717489
1.5784441e-05
1.6112988e-05
1.5854675e-05
1.582241e-05
1.618184e-05
1.5842408e-05
2.128045e-05
1.5792662e-05
1.5901027e-05
1.5818084e-05
1.5908519e-05
0.00093278802
1.6054348e-05
1.5863378e-05
2.346006e-05
1.7869565e-05
2.9917623e-05
1.607937e-05
0.00044155064
1.5891928e-05
1.606031e-05
1.579221e-05
1.5881875e-05
0.00061828882
1.6058023e-05
1.5992571e-05
0.0040295381
1.5888089e-05
1.5861848e-05
1.6013265e-05
1.5803578e-05
1.6521497e-05
1.5813933e-05
1.5890705e-05
1.6139599e-05
3.0608474e-05
1.6101793e-05
1.6167311e-05
1.5833051e-05
1.6112785e-05
1.603025e-05
1.5814274e-05
1.5786096e-05
1.5801589e-05
1.590771e-05
1.5817783e-05
1.580305e-05
1.5980808e-05
1.5953833e-05
1.5826815e-05
0.0013902614
1.5973337e-05
1.5919199e-05
1.6107287e-05
1.6093085e-05
0.00053691712
0.0039944296
0.0016215394
1.6000038e-05
1.5792442e-05
1.5864678e-05
1.581949e-05
1.5847645e-05
1.5845765e-05
1.5809502e-05
1.5819114e-05
1.6074022e-05
1.5927545e-05
1.5878301e-05
1.6007842e-05
1.5795136e-05
1.5938008e-05
1.5801714e-05
2.3941897e-05
1.6077584e-05
1.5799828e-05
1.5888591e-05
1.5875392e-05
1.6438719e-05
0.0004969291
1.6080595e-05
0.0039474516
1.599349e-05
0.0022730463
1.579382e-05
1.5988834e-05
1.5792043e-05
1.5940404e-05
1.6087529e-05
1.58611e-05
1.6013488e-05
1.6887879e-05
1.5884699e-05
1.5863736e-05
1.589852e-05
1.6175855e-05
1.5854847e-05
1.5822591e-05
1.5898688e-05
2.0832942e-05
1.5930191e-05
0.0025803362
1.5840342e-05
1.5786869e-05
1.6456859e-05
1.6368272e-05
1.5884428e-05
1.5968622e-05
5.1061359e-05
2.2809876e-05
1.5949077e-05
1.5834302e-05
1.590523e-05
1.591523e-05
1.5942625e-05
1.6099058e-05
1.5851274e-05
1.5909259e-05
1.5964529e-05
1.5954159e-05
1.6271689e-05
1.6088554e-05
0.0002549802
1.6217652e-05
1.6144243e-05
0.0038396698
1.5799165e-05
1.6106878e-05
1.5854334e-05
1.5880033e-05
1.6747832e-05
1.6058342e-05
1.5889523e-05
1.5806576e-05
1.6134896e-05
1.5902532e-05
1.5918691e-05
1.6348452e-05
1.6159747e-05
1.5786433e-05
0.00016934188
2.1451308e-05
1.5941857e-05
1.6078882e-05
0.0038589148
1.5993272e-05
0.0037021894
1.5808312e-05
1.5997405e-05
1.5849636e-05
1.5809946e-05
2.7548167e-05
1.5911454e-05
1.5865815e-05
1.5876463e-05
1.6133097e-05
1.8624188e-05
0.00070469584
1.581487e-05
1.580732e-05
1.5796728e-05
0.00042069445
1.5837637e-05
5.3504187e-05
1.5914203e-05
1.5793149e-05
1.6025772e-05
1.6094219e-05
2.8744516e-05
1.5795176e-05
1.587368e-05
0.0012238313
1.5793238e-05
1.5956805e-05
1.6440784e-05
1.5930024e-05
1.5852118e-05
1.5805998e-05
1.6080251e-05
0.001284917
1.5950081e-05
1.6077948e-05
1.579797e-05
0.00013102101
1.5828532e-05
1.6050253e-05
1.6016459e-05
0.0026257717
1.5951696e-05
1.5942539e-05
1.6001418e-05
1.6060699e-05
1.6314664e-05
1.5799732e-05
1.618829e-05
1.6015091e-05
1.5979254e-05
1.6117719e-05
1.6125679e-05
1.6074474e-05
1.5817538e-05
1.5832209e-05
1.6083256e-05
1.6090251e-05
1.5988066e-05
1.5795745e-05
1.5833061e-05
1.6042667e-05
1.6066621e-05
1.601034e-05
2.2908908e-05
1.6000573e-05
1.7634831e-05
1.5794499e-05
1.6157777e-05
1.5798749e-05
1.5929742e-05
1.5785969e-05
1.5892037e-05
1.5986703e-05
0.0024179227
0.0024112569
1.5984714e-05
1.5903523e-05
1.5785187e-05
1.7482745e-05
1.5929519e-05
3.1371706e-05
1.6211133e-05
1.5935635e-05
1.6064561e-05
1.6117877e-05
2.6950405e-05
1.6107321e-05
1.6035077e-05
1.6044784e-05
1.5850666e-05
1.6067894e-05
1.6055187e-05
1.6294951e-05
1.603979e-05
0.00046801787
1.8661527e-05
1.6003392e-05
2.5650706e-05
1.6062505e-05
1.6082407e-05
1.5935423e-05
1.6082566e-05
1.6162973e-05
1.6023111e-05
1.6090967e-05
0.0025485853
1.6145967e-05
1.6087124e-05
1.6061571e-05
1.6108567e-05
1.5826528e-05
1.5994505e-05
1.5794114e-05
3.1392134e-05
1.5939937e-05
1.5886095e-05
0.0030335868
1.5790755e-05
1.5822091e-05
1.5867272e-05
1.6928853e-05
0.00013095918
1.5889116e-05
2.198776e-05
1.5888041e-05
2.7979087e-05
3.4101415e-05
8.3021633e-05
1.5853083e-05
1.6725249e-05
1.627509e-05
1.6071236e-05
1.5835509e-05
1.5872334e-05
1.5820069e-05
1.6095241e-05
0.00049972783
1.5824208e-05
5.1693738e-05
1.609218e-05
1.5934852e-05
1.6093521e-05
0.00079418747
1.584171e-05
0.0012728034
1.6746416e-05
0.0018637709
2.1933441e-05
1.5792377e-05
1.5818938e-05
3.0487064e-05
2.208437e-05
1.5805938e-05
1.5803438e-05
1.5900694e-05
1.6076664e-05
1.5853887e-05
2.023801e-05
1.5810609e-05
1.5864712e-05
1.5931399e-05
2.8616901e-05
1.8861523e-05
1.6089542e-05
1.5874067e-05
0.002860678
0.0020530195
1.5798512e-05
2.200963e-05
0.0017112149
1.5920172e-05
1.6087327e-05
1.60715e-05
2.6587998e-05
0.00068567018
0.0023895186
0.0011731375
2.3899288e-05
2.1305888e-05
1.5894027e-05
2.1700189e-05
1.5863183e-05
1.8713851e-05
0.0016169947
1.5789641e-05
1.6005222e-05
0.00080390884
1.5856433e-05
1.6108707e-05
0.0046261264
1.9937991e-05
0.0025403871
1.6551841e-05
1.5828857e-05
0.002268276
0.00093664015
0.00011102508
1.5845543e-05
0.0032747578
0.0023390233
5.7212566e-05
1.7935213e-05
2.70285e-05
1.5907672e-05
1.9658086e-05
1.6342202e-05
9.8457493e-05
1.5857496e-05
1.6383579e-05
1.5969401e-05
0.00047088591
1.6080598e-05
0.00019698529
1.5954349e-05
1.6044646e-05
0.0043368066
0.00073636222
1.6166931e-05
1.6102891e-05
1.5889477e-05
1.6067919e-05
1.6100336e-05
1.686076e-05
0.00050402688
1.5804859e-05
3.0916757e-05
1.5807436e-05
1.6064488e-05
1.6126854e-05
1.6066559e-05
7.9563312e-05
1.798943e-05
1.7777583e-05
0.0025564431
0.00224191
1.5827823e-05
1.6474139e-05
1.5833771e-05
0.00047920013
1.9444541e-05
1.6008884e-05
1.5789513e-05
1.5793285e-05
1.5886948e-05
1.8758867e-05
1.9968611e-05
3.5361745e-05
1.6489809e-05
0.0002004416
1.5788055e-05
1.6118552e-05
1.5801387e-05
8.1558077e-05
1.6080013e-05
1.5919907e-05
1.6099068e-05
1.6048947e-05
0.0001113707
1.6200755e-05
1.5860004e-05
1.6639468e-05
1.7455032e-05
3.4239569e-05
2.7237008e-05
1.608381e-05
1.6043096e-05
1.5978596e-05
0.0043304195
1.6379601e-05
1.5952384e-05
1.6112742e-05
1.6057942e-05
1.5790951e-05
0.00234207
1.6048747e-05
0.0043525898
1.5783922e-05
0.0023355875
1.5948763e-05
3.1618301e-05
1.9464543e-05
1.6341743e-05
0.0046192589
2.6566253e-05
0.00092516465
1.595288e-05
1.5785265e-05
0.0045481138
0.00040740012
1.5811842e-05
4.7040432e-05
1.5851045e-05
1.6098701e-05
1.5865916e-05
9.7048979e-05
1.5802279e-05
1.5791946e-05
1.9581067e-05
1.5841222e-05
2.77763e-05
1.5967321e-05
4.2874673e-05
0.00071297469
1.5992215e-05
1.5786634e-05
1.5830486e-05
2.4612158e-05
1.9149526e-05
1.6106546e-05
1.5801364e-05
1.6048529e-05
1.5896515e-05
7.5562946e-05
0.0014984667
4.2120716e-05
1.585632e-05
1.6005789e-05
1.5998233e-05
0.0030560123
1.6096861e-05
1.5880062e-05
1.8382234e-05
3.1338095e-05
0.00017748487
4.7927741e-05
0.00047264779
1.578622e-05
1.5900007e-05
1.6049527e-05
0.0026032913
3.1613099e-05
1.6253036e-05
1.9430545e-05
1.6059948e-05
1.5793979e-05
3.4675452e-05
1.6042371e-05
1.6080103e-05
1.5795055e-05
2.4727556e-05
1.6133489e-05
1.5947399e-05
1.6035296e-05
1.6112124e-05
1.5821096e-05
2.2039189e-05
1.5785509e-05
5.5709414e-05
1.7322121e-05
0.0016526087
1.9244141e-05
1.5881544e-05
0.00053291679
1.6064979e-05
1.6134064e-05
0.0024009923
1.6064805e-05
0.00011904864
1.5927121e-05
0.0010568406
1.580045e-05
0.0013232215
1.5819848e-05
1.5821115e-05
1.5954022e-05
1.6080431e-05
1.7837112e-05
1.6047015e-05
1.6174107e-05
3.4955437e-05
1.6005904e-05
1.6154875e-05
1.5819488e-05
0.000161008
1.5917424e-05
2.2140998e-05
0.00038106554
1.6071491e-05
1.60984e-05
1.9204041e-05
2.274107e-05
1.5974054e-05
1.5955565e-05
2.5846262e-05
2.3798261e-05
1.5797477e-05
1.6037652e-05
1.606392e-05
1.5787635e-05
1.5940223e-05
1.6020596e-05
0.00012358687
1.5784334e-05
1.611783e-05
1.6067687e-05
1.5797431e-05
1.5807324e-05
7.735699e-05
1.6098206e-05
1.6603137e-05
0.0019427936
8.6488323e-05
1.5801588e-05
1.6066114e-05
1.5845212e-05
1.5843368e-05
0.0021871261
0.0011868683
1.6057494e-05
1.6014947e-05
1.8494255e-05
1.6746677e-05
2.1421031e-05
0.00034393805
1.5841225e-05
1.6078147e-05
1.6124441e-05
1.6091911e-05
1.5792772e-05
1.6031708e-05
1.5856001e-05
0.00029050554
1.5841586e-05
1.581546e-05
1.67266e-05
1.605933e-05
1.606351e-05
2.462461e-05
0.002499979
1.6003376e-05
1.6078379e-05
1.6053013e-05
2.5895573e-05
1.578775e-05
1.6007605e-05
1.6882063e-05
1.609674e-05
1.5789235e-05
1.5800658e-05
1.5888555e-05
2.4235374e-05
1.6029206e-05
1.5951763e-05
1.5794e-05
0.000141788
1.5795695e-05
1.6921574e-05
1.5797553e-05
1.6140746e-05
0.0032347179
1.6170719e-05
5.2261483e-05
1.5927669e-05
1.6398849e-05
1.606119e-05
1.6149241e-05
1.579781e-05
0.0001973084
1.668787e-05
2.3484216e-05
1.5881073e-05
1.5999029e-05
1.6057712e-05
2.160847e-05
0.001141965
1.6036081e-05
1.590607e-05
1.7884053e-05
3.243296e-05
2.2787752e-05
1.6131924e-05
1.6066558e-05
1.6133122e-05
1.5809308e-05
2.0205135e-05
0.0015672211
1.596945e-05
0.0024130387
3.0898584e-05
1.6116905e-05
1.5980917e-05
2.3127022e-05
1.601392e-05
1.6614351e-05
1.5860135e-05
1.5786195e-05
0.0032424786
1.5864351e-05
0.0028464382
1.589142e-05
1.6003717e-05
8.3953658e-05
0.0019452193
1.5808753e-05
1.6049259e-05
0.0020818067
0.0023264033
1.5995002e-05
0.0033915879
3.6281781e-05
1.6099482e-05
1.5848048e-05
0.0039550959
1.6123484e-05
1.5830517e-05
3.1453082e-05
1.6105107e-05
1.5844641e-05
0.0017482888
1.582842e-05
2.5876825e-05
1.5968722e-05
1.5926483e-05
1.5948474e-05
1.5789305e-05
1.6346806e-05
5.7802636e-05
1.5788177e-05
0.0017260937
1.6088843e-05
1.6100305e-05
1.5943549e-05
0.0044493823
1.5885247e-05
1.5791163e-05
1.6228852e-05
1.5819066e-05
1.6200303e-05
1.5828468e-05
1.5798099e-05
1.5822881e-05
4.7518026e-05
1.6112843e-05
1.6071435e-05
0.0022207558
1.6066772e-05
1.6041096e-05
1.6197978e-05
2.205027e-05
0.0024266907
1.5783636e-05
0.00018367075
1.5964579e-05
1.6100112e-05
1.6457795e-05
1.6128583e-05
0.00040541164
0.00080038008
1.5912348e-05
1.6503495e-05
1.6576033e-05
1.580626e-05
1.5833328e-05
0.00037831051
0.0024153821
1.5815608e-05
1.5959214e-05
8.8263211e-05
0.00014344503
1.5926268e-05
1.5894861e-05
1.595918e-05
1.6607283e-05
3.224349e-05
0.0002668945
1.5956939e-05
1.5899197e-05
0.0024542419
0.00044492448
2.0012275e-05
1.6090384e-05
1.5796407e-05
1.7860755e-05
3.2525794e-05
1.6072278e-05
1.617166e-05
1.6035315e-05
2.8673685e-05
1.6077408e-05
1.6256631e-05
1.6092312e-05
1.5880161e-05
2.2556183e-05
0.0010400966
1.6291993e-05
0.0022856109
1.6046053e-05
0.00059335384
1.5817485e-05
1.6627414e-05
1.609984e-05
2.2800437e-05
0.0024314341
0.0017775059
5.2168087e-05
1.6815323e-05
1.6011566e-05
1.602584e-05
1.6039443e-05
0.00015374512
1.5789985e-05
1.5987352e-05
1.6060394e-05
1.6052046e-05
2.3945249e-05
3.2611605e-05
1.5791963e-05
0.00033815801
1.6098965e-05
0.00094774377
1.5810423e-05
1.5898465e-05
1.6177611e-05
1.623348e-05
1.5863755e-05
2.1164694e-05
1.6217115e-05
1.6056425e-05
1.5809754e-05
1.6485819e-05
0.003520684
1.6680785e-05
1.605968e-05
1.5989891e-05
1.6168967e-05
0.0022754657
0.0045973718
0.00162557
1.6214768e-05
9.7102748e-05
1.5853272e-05
1.6062577e-05
7.9392454e-05
1.6013515e-05
1.5808666e-05
1.6122564e-05
2.272684e-05
1.7114008e-05
1.6075977e-05
1.5890785e-05
1.5794517e-05
0.0027268675
0.0022407313
1.6164526e-05
1.5844544e-05
0.001137437
1.6085669e-05
1.7469472e-05
1.6008774e-05
1.6953838e-05
1.6624018e-05
1.6068814e-05
1.602447e-05
1.5786453e-05
2.0525599e-05
0.0022877544
1.5982789e-05
1.6232208e-05
1.6172365e-05
1.5937754e-05
1.5789749e-05
1.579668e-05
1.6061846e-05
1.604772e-05
1.5930013e-05
1.6815852e-05
5.6171465e-05
1.5990607e-05
1.5813567e-05
1.6193631e-05
0.0001380161
1.5788708e-05
9.2239199e-05
1.6073711e-05
0.0033114803
0.002419841
1.609425e-05
2.6970845e-05
7.1766934e-05
0.0030247023
1.6089596e-05
3.3600333e-05
1.6129402e-05
1.5926486e-05
1.5844837e-05
1.6600099e-05
1.5963881e-05
0.0022979643
1.5995621e-05
0.00086287981
1.6051784e-05
1.5873755e-05
0.00010388376
1.5802862e-05
1.6612564e-05
1.726028e-05
1.5844237e-05
1.9846993e-05
1.611073e-05
1.5813153e-05
1.5958831e-05
1.6058654e-05
1.5870961e-05
1.580846e-05
1.5813824e-05
0.00084599398
1.579763e-05
1.6659936e-05
5.5782775e-05
1.579786e-05
0.0023335311
1.6010543e-05
1.6035039e-05
0.0020553344
0.0007926318
3.4925913e-05
1.5961723e-05
0.0015140975
1.6487695e-05
1.5998217e-05
1.5804269e-05
1.6106496e-05
1.5878085e-05
0.002015878
0.00086201255
1.6091616e-05
2.9207844e-05
1.5817609e-05
1.5787776e-05
1.6092887e-05
1.5792683e-05
1.9529513e-05
1.5788032e-05
0.00012289914
1.5917214e-05
1.6554132e-05
1.5885698e-05
1.5989991e-05
1.585694e-05
1.5992215e-05
1.5990542e-05
1.6026546e-05
1.5952216e-05
1.8837742e-05
1.5793439e-05
2.1005058e-05
1.598072e-05
1.5801688e-05
0.00030748755
2.0834568e-05
1.6106876e-05
1.5898827e-05
1.6077926e-05
1.579137e-05
1.6110266e-05
0.0024642334
1.664634e-05
1.58356e-05
0.0018889068
0.00042660567
1.6035004e-05
6.8428925e-05
1.6046162e-05
1.6048106e-05
2.6875875e-05
1.6093099e-05
1.5793918e-05
1.5802631e-05
1.7168625e-05
1.7507303e-05
1.5783429e-05
1.6287255e-05
1.6111187e-05
1.600434e-05
1.6001427e-05
7.2976043e-05
1.5941849e-05
2.4251575e-05
1.5787584e-05
1.6033091e-05
1.6104172e-05
1.6029345e-05
1.5797906e-05
2.400703e-05
1.609026e-05
1.6191196e-05
1.5875869e-05
1.6172301e-05
1.5898908e-05
1.6084729e-05
1.5817498e-05
1.6142707e-05
1.5785722e-05
1.5971338e-05
1.5845505e-05
2.4779185e-05
1.6069462e-05
1.596368e-05
0.001776507
1.5783682e-05
1.5791348e-05
0.0023434296
1.6042564e-05
1.6615805e-05
1.5883774e-05
1.6086187e-05
1.5825276e-05
1.5784068e-05
1.6829653e-05
1.6129556e-05
1.5799111e-05
1.5783825e-05
1.5783946e-05
2.0041633e-05
1.5825436e-05
1.6077213e-05
3.5690524e-05
1.578315e-05
1.6057046e-05
1.5804089e-05
6.9698016e-05
1.5961372e-05
1.5954563e-05
1.5783341e-05
8.2295649e-05
0.0020128689
0.00073400721
1.5887377e-05
0.00027084542
1.6218976e-05
1.5868059e-05
1.7674416e-05
2.7509395e-05
1.6102461e-05
2.1993083e-05
0.0001250978
1.5803896e-05
1.5960883e-05
1.6035724e-05
1.603228e-05
1.5843221e-05
0.001077794
0.0041071069
1.6089521e-05
1.6062671e-05
1.6101107e-05
1.5817133e-05
1.6099006e-05
1.6905285e-05
1.7022476e-05
1.5783361e-05
0.00019279233
0.001051218
1.9176118e-05
6.5617107e-05
0.0023653216
0.00076969361
1.6046879e-05
0.0027643034
1.5812415e-05
1.5793148e-05
1.5891261e-05
1.5875477e-05
1.6037167e-05
1.5784122e-05
1.5863101e-05
3.5396999e-05
1.6022864e-05
1.6140511e-05
1.6027537e-05
1.58703e-05
1.7781756e-05
1.5946144e-05
1.6160922e-05
1.6909352e-05
9.1000429e-05
0.0028988898
1.5819218e-05
1.5998243e-05
1.6018783e-05
1.6031301e-05
1.6072033e-05
2.2216054e-05
0.00092707916
1.6010332e-05
1.5796675e-05
0.0003800645
1.6007619e-05
2.6384038e-05
4.4025988e-05
0.0019524939
1.5807229e-05
1.5831914e-05
1.5795277e-05
1.5799641e-05
1.6311464e-05
0.00026153063
1.6755958e-05
0.0024642933
0.00011355856
2.0601708e-05
1.5979119e-05
1.610212e-05
0.0023155219
1.5827505e-05
1.7065388e-05
1.5806081e-05
2.7485276e-05
2.2499388e-05
2.1635592e-05
1.6057079e-05
4.4587245e-05
0.0022024127
0.0020547027
0.0021248667
1.6008707e-05
2.617464e-05
1.6223104e-05
1.5818857e-05
1.6081506e-05
1.6036499e-05
0.00011076489
1.5988007e-05
0.0017814026
1.5985458e-05
3.5943485e-05
1.5890566e-05
1.7772472e-05
1.5790454e-05
1.6183868e-05
1.6110969e-05
1.5973337e-05
1.9584058e-05
2.3001351e-05
1.5932714e-05
5.7542463e-05
1.5797156e-05
1.5800758e-05
1.5817626e-05
1.5877874e-05
2.2507006e-05
7.4834893e-05
1.5814553e-05
3.9098337e-05
1.83982e-05
1.6091262e-05
1.6010997e-05
1.5825603e-05
1.605267e-05
1.6075316e-05
1.5804138e-05
1.6082868e-05
0.0024342177
0.0022474268
1.6013175e-05
2.2138759e-05
1.640759e-05
1.5793236e-05
1.5845901e-05
1.5992072e-05
1.6062576e-05
6.852585e-05
1.5803393e-05
0.0022969541
1.5789735e-05
1.6038626e-05
2.3791497e-05
1.5921273e-05
1.6121468e-05
2.1635556e-05
1.6254054e-05
1.578706e-05
0.0011754329
1.674663e-05
1.6090782e-05
0.001210513
1.5792089e-05
1.9657113e-05
1.9545601e-05
1.588603e-05
1.5790589e-05
1.6083312e-05
0.00016867543
1.5993965e-05
1.6047503e-05
1.5812015e-05
1.5883755e-05
1.5950765e-05
0.0014517035
1.6103776e-05
1.6108583e-05
1.6183237e-05
1.5802176e-05
1.6105126e-05
1.6093219e-05
1.5785478e-05
2.4495103e-05
1.5788421e-05
1.5843157e-05
1.6612511e-05
1.578501e-05
7.9222587e-05
1.5808711e-05
1.5793665e-05
0.000825231
2.1109122e-05
1.5806208e-05
1.6377357e-05
0.0033353938
1.5946336e-05
1.6023999e-05
1.5993661e-05
1.5792157e-05
1.5808925e-05
1.5796659e-05
1.5995086e-05
1.5786558e-05
1.5977571e-05
4.6306511e-05
0.0029986703
0.00094203294
1.603964e-05
0.0010770167
1.5966411e-05
1.6378072e-05
0.0025339868
1.6221195e-05
1.631498e-05
1.6268987e-05
2.6813058e-05
1.5822441e-05
0.00026171928
1.6105055e-05
2.0334226e-05
2.0643177e-05
2.0237851e-05
1.7461198e-05
1.6087008e-05
2.0920571e-05
4.3923989e-05
1.6730129e-05
1.5798391e-05
2.1445752e-05
1.6089902e-05
1.5965816e-05
1.5792921e-05
0.002162976
2.1342467e-05
1.5839313e-05
1.5792491e-05
2.2025208e-05
1.8695602e-05
1.5791965e-05
1.5879835e-05
1.6103793e-05
1.5810198e-05
1.5926022e-05
1.5810787e-05
0.0009083991
1.5808196e-05
0.0013388141
1.6177041e-05
1.6690843e-05
1.6057204e-05
1.6033273e-05
1.5790337e-05
1.5802164e-05
1.5790183e-05
1.5848257e-05
1.7592408e-05
0.0032900345
1.6157363e-05
2.4353844e-05
1.8902859e-05
1.6037064e-05
1.5846216e-05
1.5855084e-05
1.6019161e-05
1.5938861e-05
1.6101656e-05
0.00028545611
1.583726e-05
1.6008185e-05
1.6076179e-05
1.6062807e-05
2.739021e-05
1.579901e-05
1.5952823e-05
1.6871163e-05
0.00013481946
1.6285082e-05
1.6070948e-05
1.6213573e-05
1.9680732e-05
1.6064109e-05
1.5807508e-05
0.00014707185
0.00014772399
0.0023429316
1.6019966e-05
0.0018261339
1.6023546e-05
1.8597683e-05
2.8135432e-05
1.578834e-05
1.6114026e-05
1.675934e-05
1.6024686e-05
0.00070628003
1.6098975e-05
1.6248916e-05
1.6040954e-05
1.5783613e-05
1.5783356e-05
1.5879893e-05
1.6398316e-05
1.6050697e-05
1.5788942e-05
0.00042340925
1.581466e-05
1.9701875e-05
1.58296e-05
1.5861523e-05
1.58948e-05
0.0013483141
1.6025719e-05
1.6207814e-05
1.5957219e-05
3.495886e-05
1.6210803e-05
1.6023639e-05
1.6007118e-05
1.5982489e-05
0.00043107765
1.6071747e-05
1.5964257e-05
0.00044273314
1.5806559e-05
1.579108e-05
1.8762238e-05
1.5816169e-05
1.7526817e-05
1.6084722e-05
1.5840788e-05
1.5913862e-05
1.5794516e-05
7.0676532e-05
0.00100844
1.6235329e-05
1.5977334e-05
2.0903778e-05
1.582472e-05
1.6086487e-05
1.5915524e-05
0.001294627
1.6095665e-05
2.0330017e-05
1.5785507e-05
6.8727984e-05
1.5915205e-05
1.5795154e-05
1.6097083e-05
1.6292719e-05
1.5987696e-05
1.604613e-05
1.5791784e-05
1.6571193e-05
1.5942537e-05
0.0017490629
0.0015693767
1.632518e-05
2.1725698e-05
1.6031551e-05
0.00010575307
1.6101629e-05
1.6978897e-05
1.8232367e-05
1.5796158e-05
1.7929923e-05
1.626478e-05
0.0025759991
1.6683802e-05
1.591836e-05
1.5828052e-05
0.0017142043
1.6113408e-05
1.5974695e-05
1.5826364e-05
1.5870327e-05
1.5842397e-05
1.6670279e-05
1.6159441e-05
1.5822764e-05
2.7947672e-05
1.6092881e-05
2.5787831e-05
1.5881019e-05
0.0023049485
0.0017614895
1.5802353e-05
1.5794384e-05
1.61623e-05
1.6097673e-05
0.0024512782
1.5868912e-05
1.61132e-05
1.6169993e-05
1.593613e-05
1.5891514e-05
2.5004193e-05
1.5818007e-05
1.598484e-05
1.5995919e-05
1.7544978e-05
1.6033108e-05
1.584327e-05
0.00046533647
1.5837266e-05
1.5790586e-05
1.5820304e-05
1.6617005e-05
0.0039678013
1.5957955e-05
1.5783132e-05
1.5783217e-05
1.6039402e-05
1.5793653e-05
1.599806e-05
1.5792285e-05
1.8330143e-05
1.5887984e-05
0.001949373
1.7012768e-05
1.586635e-05
1.57837e-05
1.6020924e-05
1.5794557e-05
2.6949056e-05
1.6146576e-05
1.6275611e-05
1.6103068e-05
1.5884574e-05
1.6040171e-05
2.311813e-05
1.5835452e-05
1.7126333e-05
1.6149125e-05
1.7137516e-05
1.597905e-05
1.6432609e-05
4.5406599e-05
2.1678277e-05
1.6090514e-05
1.5891415e-05
3.8700009e-05
0.0023229973
1.5836037e-05
1.6077917e-05
1.6202485e-05
1.6062346e-05
1.6088365e-05
1.6801802e-05
1.6022658e-05
0.00038642203
0.00033927989
3.6284199e-05
1.5897158e-05
1.6003195e-05
1.5798149e-05
1.5814181e-05
1.5801332e-05
1.5837364e-05
1.6041568e-05
1.8558752e-05
0.0025117207
0.0012178325
1.662738e-05
1.6099356e-05
1.6010228e-05
1.5956235e-05
1.6136975e-05
1.6129874e-05
2.849212e-05
0.0023370747
1.6228493e-05
1.614009e-05
1.5966305e-05
1.5881002e-05
1.5844149e-05
1.6018768e-05
0.0012212077
1.5924823e-05
0.0029328009
1.5985194e-05
2.4658525e-05
1.5790243e-05
1.5983683e-05
1.5817263e-05
1.6054988e-05
1.6354807e-05
1.5809915e-05
1.5872595e-05
1.582383e-05
1.6087414e-05
0.001230312
3.0795642e-05
1.6147766e-05
0.00022489112
1.6097431e-05
1.5958272e-05
2.5711743e-05
8.8128875e-05
1.6438228e-05
1.5806897e-05
1.6288306e-05
1.6022719e-05
0.0027096146
1.604504e-05
0.0028647366
1.5862726e-05
1.5820308e-05
0.0010800065
1.6020127e-05
1.9392899e-05
1.5977811e-05
1.5790128e-05
1.5875139e-05
1.6044359e-05
1.5871324e-05
1.5974635e-05
1.6064058e-05
1.5788569e-05
2.3306945e-05
1.917685e-05
1.6420797e-05
1.6020449e-05
0.0045719621
1.6101537e-05
1.5785183e-05
1.617613e-05
1.6063526e-05
1.6079064e-05
1.5786089e-05
1.6175541e-05
0.00080088292
2.5845181e-05
0.0013140893
1.60607e-05
0.0020536943
1.6158282e-05
1.5865056e-05
1.5785592e-05
1.5823425e-05
1.5795284e-05
1.6049721e-05
1.6015766e-05
1.5887423e-05
1.5964485e-05
1.5797869e-05
1.578696e-05
1.6024058e-05
0.000284992
0.00035357111
1.5853828e-05
1.5977555e-05
1.5844721e-05
0.00072179316
1.6098385e-05
1.6077469e-05
1.6031872e-05
0.0018137448
1.6309915e-05
1.5865721e-05
0.0025432411
1.6043009e-05
1.58696e-05
2.601884e-05
1.5893241e-05
1.582196e-05
2.2211102e-05
0.00055503999
1.6077372e-05
6.1856056e-05
1.5789604e-05
1.606408e-05
1.6113443e-05
1.5871496e-05
0.00094751777
1.5867541e-05
1.5784938e-05
1.6053266e-05
0.0033204657
1.5851457e-05
1.6097551e-05
1.5858943e-05
1.9600935e-05
0.0029499045
4.4234683e-05
1.6106676e-05
2.257031e-05
1.5934199e-05
1.6053526e-05
1.6043318e-05
1.5971195e-05
2.5338216e-05
1.6097235e-05
1.6325697e-05
1.5845421e-05
1.5946933e-05
1.6360113e-05
1.6183981e-05
0.0014133827
1.6183038e-05
1.6194579e-05
2.4831417e-05
5.9490368e-05
1.6028924e-05
1.6093506e-05
1.7019679e-05
0.0025573805
2.8899802e-05
1.5794393e-05
1.5800441e-05
1.5906752e-05
1.6103689e-05
1.5941623e-05
1.5879813e-05
0.0011591302
1.5792966e-05
0.00031993767
1.5793551e-05
1.6917701e-05
3.4914295e-05
0.0017727498
1.5946308e-05
1.5988804e-05
1.7461862e-05
1.5793753e-05
2.572856e-05
1.5850938e-05
0.0019229479
1.6079973e-05
1.5789123e-05
1.5871805e-05
1.6303197e-05
0.0030340568
1.5944004e-05
0.00013025046
1.6039248e-05
3.1398648e-05
0.0022685961
1.5807964e-05
1.5849651e-05
1.6059054e-05
3.8367547e-05
1.5999354e-05
1.6029484e-05
1.5898285e-05
0.0028483487
0.0017097626
1.6196978e-05
1.5808976e-05
1.6065703e-05
0.00066687894
1.5898491e-05
2.0727381e-05
1.5822028e-05
1.591438e-05
1.6123095e-05
1.6061297e-05
3.0987004e-05
1.6048169e-05
2.7498391e-05
0.00072134197
1.6123431e-05
0.0024381214
1.6096566e-05
1.5815959e-05
1.5964611e-05
2.4478862e-05
1.5797731e-05
0.00032889738
2.0760315e-05
1.6019183e-05
1.6976654e-05
1.578711e-05
0.00024650825
2.7253346e-05
1.579906e-05
1.5805701e-05
1.6111888e-05
1.6062748e-05
1.6229749e-05
1.5783625e-05
1.5839861e-05
1.6617409e-05
1.6117604e-05
1.6015247e-05
0.00074179695
0.00039525545
1.6062393e-05
0.00079809413
1.5805079e-05
1.6385143e-05
1.5793574e-05
1.6069889e-05
1.6214167e-05
1.7056707e-05
0.0015688981
1.6025053e-05
1.5830263e-05
1.600953e-05
1.5819068e-05
2.1434038e-05
0.00091823148
1.8140224e-05
1.6063002e-05
0.0032440423
1.610981e-05
1.5829275e-05
1.6072672e-05
1.5803871e-05
0.00048474512
1.5811544e-05
2.3138988e-05
1.5826122e-05
1.5788937e-05
5.4192962e-05
1.6135414e-05
1.5792511e-05
1.6097925e-05
1.9333524e-05
1.5989189e-05
1.9471715e-05
1.5787107e-05
1.580343e-05
1.6028995e-05
1.5865408e-05
1.5812687e-05
0.00013278893
1.6561087e-05
1.5901169e-05
2.9968649e-05
0.0025177931
1.600497e-05
1.8617503e-05
1.6016728e-05
0.002270821
1.5875504e-05
1.5787949e-05
1.6700359e-05
1.5819414e-05
0.00089834939
1.6058682e-05
0.0029554934
1.6071432e-05
1.5834528e-05
0.00091000638
1.5977754e-05
1.6089559e-05
1.5939196e-05
0.00053003936
1.5928121e-05
1.6358436e-05
1.9656008e-05
1.6880372e-05
1.582322e-05
2.1165511e-05
1.5920169e-05
1.6017449e-05
1.5788688e-05
1.5800981e-05
1.8142119e-05
1.5923805e-05
1.5812742e-05
1.5859604e-05
4.6439285e-05
1.6046647e-05
1.6015357e-05
1.615367e-05
1.5791931e-05
1.6086512e-05
1.598539e-05
4.3278394e-05
2.0755241e-05
1.5941733e-05
1.5979785e-05
1.5850372e-05
1.6267332e-05
1.5858317e-05
1.5881744e-05
2.1911152e-05
1.6212229e-05
1.610754e-05
1.6192431e-05
3.1583483e-05
1.5787461e-05
1.6052328e-05
1.6185982e-05
1.5797122e-05
1.6301729e-05
3.6442293e-05
1.6100251e-05
1.6122911e-05
1.5930612e-05
1.6537293e-05
1.5938412e-05
0.00013144064
1.6059328e-05
2.4830488e-05
1.9936083e-05
1.5911144e-05
1.6110926e-05
1.6051885e-05
0.00080813538
2.305974e-05
5.0549975e-05
0.0002594773
1.5952373e-05
1.6065617e-05
1.5943218e-05
1.6477395e-05
1.6062471e-05
1.9440216e-05
1.5793203e-05
1.6148426e-05
0.00040269952
0.00042811571
1.7306457e-05
1.5796309e-05
1.6331942e-05
1.6110386e-05
1.6106119e-05
1.6331706e-05
2.7495138e-05
1.9751231e-05
1.6101342e-05
1.5865708e-05
1.6158724e-05
1.6086876e-05
1.6079458e-05
1.5796608e-05
1.6439267e-05
1.5784733e-05
1.6053401e-05
0.0045401023
1.5791486e-05
1.6680507e-05
1.5875921e-05
1.579163e-05
1.6018317e-05
0.0016693265
0.001192181
1.6073504e-05
1.5950971e-05
1.5787649e-05
1.5919414e-05
1.593393e-05
1.5809082e-05
1.6269047e-05
1.6004641e-05
1.5823752e-05
1.607295e-05
1.6525372e-05
1.6017687e-05
1.6159249e-05
1.5831885e-05
5.7248528e-05
1.5794482e-05
1.5888711e-05
1.580593e-05
1.6373481e-05
0.0016754957
1.8320763e-05
1.850449e-05
1.6939601e-05
1.6026859e-05
1.620419e-05
1.7357962e-05
2.6390343e-05
0.0019274508
1.7051025e-05
1.5897377e-05
0.0023608197
0.0023843928
0.00062354176
5.4925297e-05
1.6166488e-05
1.6098116e-05
2.0606121e-05
0.0036716686
1.7018606e-05
1.6057918e-05
1.5784803e-05
1.5795004e-05
1.6555586e-05
0.0005337195
1.5789857e-05
0.0023080378
0.00096913661
0.00036382099
1.6031838e-05
1.6049977e-05
1.6022584e-05
0.0033445772
1.5913598e-05
1.591167e-05
0.00015496137
1.5932214e-05
1.5933535e-05
1.6150892e-05
0.00048475366
1.6098229e-05
1.6213754e-05
1.6077345e-05
2.0110857e-05
3.1037828e-05
1.6065769e-05
1.5805462e-05
1.6047472e-05
1.5807676e-05
1.6381286e-05
1.5894441e-05
1.6298855e-05
1.5792499e-05
1.7859473e-05
1.6730839e-05
0.003406622
1.6043169e-05
1.5786057e-05
1.6129485e-05
1.5817326e-05
1.579455e-05
1.5794228e-05
0.0023410142
1.9319883e-05
1.5942893e-05
2.1834781e-05
1.6082348e-05
0.00094327033
1.5852753e-05
1.7136939e-05
0.00048491538
1.5842278e-05
1.6012139e-05
1.5796898e-05
1.5796734e-05
1.7308269e-05
1.5807513e-05
1.5890861e-05
1.5829989e-05
1.5833441e-05
1.5801188e-05
1.5810095e-05
1.6257593e-05
1.6163775e-05
1.5845586e-05
1.78573e-05
2.4471175e-05
1.5811069e-05
1.612823e-05
1.6308111e-05
1.621779e-05
1.5795934e-05
1.6112468e-05
6.6892473e-05
1.5799719e-05
1.5921329e-05
0.00093699478
1.5788096e-05
1.6220603e-05
1.8712732e-05
1.5794284e-05
1.5792424e-05
1.6062897e-05
1.5784444e-05
1.6086269e-05
2.7637561e-05
0.00037428998
9.6205291e-05
1.7112946e-05
1.6013102e-05
1.5794569e-05
0.001613484
1.6002183e-05
0.0027301841
1.6043261e-05
1.5796519e-05
2.4212751e-05
1.579189e-05
1.5965207e-05
2.4571128e-05
4.7964213e-05
2.4247569e-05
2.1680949e-05
1.6844257e-05
0.0023513347
1.5808528e-05
0.0012408954
1.6341483e-05
0.00095783135
1.5849743e-05
1.5976965e-05
1.6277373e-05
0.0033511407
0.00035946576
2.9158622e-05
1.5917748e-05
1.5954814e-05
1.5784974e-05
1.6025464e-05
1.6111653e-05
1.6232043e-05
1.578984e-05
1.5841038e-05
1.5976553e-05
8.0275957e-05
1.7107899e-05
1.5812453e-05
1.7691073e-05
1.585807e-05
1.608475e-05
1.5795638e-05
1.6029136e-05
1.6026179e-05
1.5954886e-05
0.00060574862
2.3309367e-05
1.6253365e-05
0.002037017
2.5543812e-05
2.3134327e-05
1.5923012e-05
0.0012732391
1.5800778e-05
1.7506995e-05
1.5795129e-05
0.0021542004
1.5802608e-05
1.5790235e-05
1.9800157e-05
1.6089305e-05
1.6085377e-05
1.5938421e-05
1.6947638e-05
1.5869591e-05
1.6073363e-05
1.629921e-05
1.5882114e-05
7.0781044e-05
1.6048437e-05
1.6060611e-05
1.6067799e-05
1.580216e-05
0.00062436263
1.6096514e-05
1.5867525e-05
1.6208562e-05
1.7487336e-05
1.6099148e-05
1.5796129e-05
1.5910755e-05
1.5998777e-05
1.6912709e-05
1.5783606e-05
1.5789694e-05
1.6152634e-05
1.5982597e-05
1.5785833e-05
1.6031264e-05
1.5944941e-05
1.6755742e-05
1.5856776e-05
1.5870469e-05
1.6065585e-05
1.5794325e-05
1.7587161e-05
1.5863454e-05
0.0013829163
1.5966806e-05
1.6099318e-05
1.6090238e-05
1.5958902e-05
1.5941709e-05
1.7859941e-05
0.0002395859
1.5794256e-05
1.5879414e-05
1.602346e-05
1.6083886e-05
0.0025893895
0.0023964736
1.6021963e-05
1.5949433e-05
1.7421564e-05
2.2001523e-05
0.00030913258
1.6103506e-05
1.6130071e-05
7.9473262e-05
1.6102845e-05
2.7490081e-05
1.601964e-05
1.5837369e-05
1.584413e-05
1.7758294e-05
1.6217964e-05
0.0022383833
1.6578871e-05
1.5890477e-05
1.6278601e-05
1.6011116e-05
0.00012199418
1.5852204e-05
2.6866578e-05
1.5794496e-05
1.9001257e-05
0.0018331283
1.6377402e-05
1.5906545e-05
1.5886354e-05
1.5821518e-05
1.6162553e-05
0.0030032339
0.00093764651
1.5983205e-05
1.5700092e-05
1.6071571e-05
1.5800359e-05
1.7461144e-05
1.5867208e-05
0.00010632019
1.7377811e-05
1.6285189e-05
1.6030057e-05
1.5977086e-05
1.5783452e-05
1.6845449e-05
1.5876447e-05
1.6144921e-05
1.579007e-05
1.606877e-05
1.6355959e-05
0.0020809035
1.7800465e-05
0.00044051734
0.0013214812
1.5820954e-05
9.5257788e-05
1.6177491e-05
1.5824788e-05
1.5896492e-05
8.2092656e-05
1.6039157e-05
1.578878e-05
1.60499e-05
1.7326569e-05
1.5785e-05
1.6528626e-05
1.6030939e-05
1.7601729e-05
1.5798785e-05
7.0940983e-05
0.00041855382
1.6015355e-05
0.0006398474
1.5927269e-05
1.6138652e-05
1.7853106e-05
2.395125e-05
1.5833642e-05
1.6068905e-05
2.0287784e-05
0.0022677617
1.5969603e-05
0.00079176308
1.5852906e-05
1.6042469e-05
1.6315751e-05
1.5844135e-05
1.6151628e-05
1.5783535e-05
1.6161986e-05
1.6099034e-05
1.580282e-05
1.6106292e-05
1.58126e-05
7.8043748e-05
1.6174098e-05
1.5811373e-05
1.6029578e-05
1.5931599e-05
1.6054039e-05
0.0001404824
1.6100259e-05
1.5829117e-05
1.6276665e-05
1.5817554e-05
0.0010997756
1.593294e-05
1.5796689e-05
1.6122248e-05
1.602177e-05
1.5812206e-05
1.6393835e-05
0.0010295225
1.8501213e-05
2.1566593e-05
2.138483e-05
1.5988325e-05
2.3482947e-05
1.6114132e-05
0.00038833434
1.6051142e-05
0.00081730242
1.6516654e-05
1.5870293e-05
1.5896612e-05
1.579397e-05
4.2535679e-05
1.5910242e-05
1.5796349e-05
1.7605686e-05
1.6098342e-05
1.599288e-05
1.6143511e-05
1.6254393e-05
1.5815697e-05
1.6098015e-05
1.5820499e-05
1.6167465e-05
0.0015751565
1.5957232e-05
1.7611565e-05
1.6047031e-05
0.00028835802
1.5790923e-05
1.5795525e-05
0.00015597606
0.0020760863
0.0013604045
1.597544e-05
1.6061593e-05
0.0019717286
1.6075141e-05
1.5861638e-05
1.578955e-05
1.5918025e-05
1.5952115e-05
1.5790218e-05
1.6113099e-05
1.5794667e-05
1.5966704e-05
3.6701778e-05
1.7662827e-05
1.6166601e-05
0.0014614498
1.5807329e-05
1.5791477e-05
1.5894773e-05
0.0012365574
7.2334453e-05
1.5936178e-05
0.00017549677
1.5877728e-05
1.5824948e-05
2.2207578e-05
1.5987787e-05
1.6039671e-05
1.6416063e-05
1.5823175e-05
8.2383542e-05
1.6101401e-05
1.5924904e-05
2.2944931e-05
1.59839e-05
1.8230739e-05
1.5789811e-05
1.6817195e-05
1.6093466e-05
1.6077168e-05
1.6053356e-05
1.6210456e-05
2.23978e-05
1.6041714e-05
1.6059673e-05
1.5971623e-05
1.5882685e-05
1.605018e-05
1.6753981e-05
1.578739e-05
1.5893327e-05
1.602226e-05
1.5810967e-05
1.5956017e-05
1.6095174e-05
1.5920518e-05
0.0020770485
1.6009066e-05
0.00082542593
1.6138627e-05
0.0021124854
1.7005866e-05
1.60192e-05
0.00017229183
1.6228559e-05
1.5909542e-05
1.6703222e-05
1.9854976e-05
1.5798411e-05
1.5798875e-05
2.0148295e-05
0.0024076501
1.620715e-05
1.6090138e-05
1.5881744e-05
1.6551554e-05
0.0016699906
2.6449631e-05
1.5955858e-05
1.6137091e-05
1.5856465e-05
5.4911518e-05
1.6209457e-05
0.0014610749
1.5789379e-05
1.5821208e-05
1.6096132e-05
1.5823557e-05
1.6039882e-05
1.6076872e-05
1.6344561e-05
1.5874352e-05
0.00087909475
1.6261795e-05
1.6140285e-05
3.5375874e-05
0.0020975273
1.581954e-05
1.5784283e-05
1.5791532e-05
0.00015194005
1.6090292e-05
1.6042068e-05
1.5854388e-05
1.5920452e-05
0.00010087105
1.9064964e-05
1.657765e-05
2.4392594e-05
1.6062156e-05
1.6080201e-05
2.7237935e-05
8.0362645e-05
1.6140716e-05
1.5785603e-05
1.5809095e-05
1.6117486e-05
1.7499029e-05
1.593126e-05
2.1630798e-05
4.4105032e-05
1.57936e-05
1.6102597e-05
2.6865557e-05
1.6562436e-05
1.5820542e-05
1.6589965e-05
0.0029365805
1.6115533e-05
1.578359e-05
1.6104862e-05
1.6268919e-05
0.00057036062
1.606014e-05
1.5991418e-05
1.5928957e-05
1.6018821e-05
1.5828144e-05
1.5802232e-05
1.6020001e-05
3.5645493e-05
1.5981521e-05
0.00061904336
1.6043311e-05
0.00048862641
1.6013392e-05
1.5963335e-05
0.0022308451
1.6299583e-05
1.5924714e-05
1.6157681e-05
1.9541191e-05
2.1684245e-05
1.6136084e-05
3.5120984e-05
1.5784595e-05
1.601565e-05
1.5858655e-05
1.6109721e-05
1.5986308e-05
1.5859321e-05
1.6222803e-05
6.3332095e-05
1.578526e-05
0.0042349523
1.6023942e-05
1.6055195e-05
1.6087924e-05
1.58906e-05
6.1625917e-05
1.6057714e-05
0.0030637446
1.5811422e-05
1.5878657e-05
1.6100914e-05
9.7073114e-05
2.6843813e-05
0.00037015727
1.6087715e-05
1.5799145e-05
1.6020861e-05
0.00059107387
1.6028334e-05
1.6020524e-05
1.6086498e-05
1.5791276e-05
2.1456532e-05
0.0024355536
1.5793137e-05
0.00066854809
1.9858346e-05
1.6249572e-05
2.0232897e-05
1.5796258e-05
1.7222373e-05
1.5792253e-05
2.0676069e-05
1.5974203e-05
0.0011456223
2.0972685e-05
1.5999227e-05
1.6236788e-05
3.5322774e-05
0.0024452226
1.5788622e-05
1.6156475e-05
0.00069660154
0.00091376944
2.0271918e-05
4.9847613e-05
1.6060756e-05
0.00078036785
1.6237653e-05
1.5793633e-05
1.5807909e-05
1.5946331e-05
1.5800648e-05
3.2383853e-05
1.5789867e-05
1.6167907e-05
1.5799546e-05
1.5796385e-05
1.5893734e-05
1.6103991e-05
1.5959808e-05
1.5992102e-05
1.6052765e-05
2.9737979e-05
1.6571292e-05
1.6030788e-05
1.6315391e-05
0.002396789
0.00042264974
2.0233902e-05
0.0011899759
2.0638709e-05
1.5848332e-05
1.5791353e-05
2.0915725e-05
1.6162515e-05
2.1441597e-05
1.6090199e-05
2.282714e-05
1.5795674e-05
1.5790574e-05
1.5789579e-05
1.5930983e-05
1.5999193e-05
1.6133149e-05
1.6174042e-05
1.5939647e-05
1.578389e-05
0.001587714
1.6111211e-05
1.6086609e-05
1.5868913e-05
1.6234485e-05
1.5914433e-05
1.6099184e-05
0.0023219213
0.0020860155
1.6037831e-05
1.6458261e-05
0.00011067069
1.5791922e-05
1.6641651e-05
1.6049054e-05
1.5919851e-05
1.5825878e-05
1.6057973e-05
1.6084025e-05
1.5959066e-05
1.6414973e-05
1.5801484e-05
1.5977796e-05
1.6225739e-05
1.6124447e-05
1.6085543e-05
0.000708828
1.5979291e-05
0.0002998259
1.7184222e-05
1.6039544e-05
1.5938682e-05
1.5899318e-05
1.6246084e-05
2.9347963e-05
3.034799e-05
1.8597393e-05
1.5864977e-05
1.6013913e-05
1.5787998e-05
1.5803886e-05
1.5988636e-05
1.5786071e-05
0.0020967157
1.5877102e-05
1.6103522e-05
1.5868427e-05
1.6039091e-05
0.0042209777
1.5838847e-05
0.00047719728
0.0021270788
1.5939575e-05
1.6144791e-05
1.5817673e-05
1.9676865e-05
1.6137315e-05
1.5806019e-05
1.6087263e-05
1.8131123e-05
1.5976552e-05
1.6214108e-05
1.6656171e-05
1.6124325e-05
1.6041472e-05
3.6072442e-05
1.6116115e-05
5.7687368e-05
1.8925487e-05
1.6072024e-05
1.6222552e-05
1.6027413e-05
1.5789585e-05
6.4741912e-05
1.587388e-05
0.0024266012
1.6010622e-05
1.5817811e-05
1.5923942e-05
1.6102259e-05
1.5848447e-05
0.00011974918
1.6588502e-05
0.00010314577
6.9348982e-05
1.6183643e-05
0.0028584541
1.6875117e-05
1.5945333e-05
0.0026052429
1.5794016e-05
1.6184407e-05
1.6095067e-05
2.1266426e-05
1.602629e-05
1.5840491e-05
1.6099034e-05
0.0037678267
1.6108519e-05
1.6097142e-05
0.00059298107
1.6252912e-05
1.6274598e-05
9.0493916e-05
1.602846e-05
1.5928035e-05
1.5990424e-05
2.7296573e-05
0.00037905026
1.6043539e-05
1.5794616e-05
1.5893031e-05
1.5797773e-05
1.5939637e-05
2.3971811e-05
0.00013242283
1.6138638e-05
1.6823947e-05
1.5959656e-05
2.1838073e-05
1.5795428e-05
0.0042333086
1.5851537e-05
1.5982356e-05
1.6947055e-05
1.5847528e-05
1.6116889e-05
1.5932016e-05
1.7393736e-05
7.4907221e-05
1.5993299e-05
1.6023528e-05
0.0003411701
1.5803104e-05
1.59056e-05
1.5920047e-05
1.6027448e-05
1.5861731e-05
1.5783042e-05
1.5791497e-05
1.5976241e-05
0.00057659931
1.8899699e-05
1.6026706e-05
1.691091e-05
1.6097568e-05
1.6057164e-05
1.6073683e-05
1.5958094e-05
1.6048759e-05
1.5881629e-05
0.00096206674
1.6099944e-05
1.5948574e-05
0.0045014819
1.5813917e-05
1.5803739e-05
0.00091717003
1.5825522e-05
3.8679326e-05
1.5919572e-05
1.5795421e-05
5.916879e-05
1.5895525e-05
3.7831707e-05
1.6048005e-05
1.5850772e-05
0.0026948797
1.5833477e-05
1.5989911e-05
1.5827811e-05
1.6133352e-05
1.5839499e-05
1.5796941e-05
0.0002612062
1.5789379e-05
1.5786322e-05
1.5946269e-05
1.607286e-05
1.5807234e-05
0.0021442509
1.5986642e-05
0.0022992838
1.5831674e-05
2.885503e-05
0.0023758787
1.6305464e-05
0.0013537303
1.6178318e-05
1.588934e-05
1.6710464e-05
2.8960532e-05
1.6094907e-05
1.5885933e-05
1.6030527e-05
1.6046776e-05
1.6047874e-05
1.5784981e-05
0.0018778927
1.5981721e-05
2.4472973e-05
1.5852738e-05
1.5873316e-05
0.0017837164
2.7551948e-05
1.5903232e-05
1.5790398e-05
1.6021779e-05
3.7900092e-05
0.0028190774
1.5809598e-05
1.6440743e-05
1.7263103e-05
0.0047688568
1.590555e-05
1.9864386e-05
1.5800782e-05
1.7017558e-05
1.5876791e-05
0.00035703506
1.5830149e-05
1.6144357e-05
1.5890883e-05
0.00062411853
1.6177263e-05
1.6993247e-05
1.5787506e-05
1.6344279e-05
1.6228969e-05
1.6026334e-05
1.5834914e-05
0.00020296389
1.6094165e-05
0.0014444272
2.5734976e-05
1.5799343e-05
0.0024387359
1.6066126e-05
1.5813992e-05
1.5792231e-05
0.000198435
1.9192175e-05
1.5815616e-05
1.6042916e-05
1.6229823e-05
1.5843834e-05
1.5879458e-05
1.5800844e-05
0.0014410183
1.6338355e-05
0.0017990123
1.5867963e-05
1.5797805e-05
6.2520865e-05
1.6056777e-05
1.6107857e-05
0.0015195909
1.5793087e-05
0.0012605685
0.00028703045
1.5974213e-05
6.9320866e-05
1.5917325e-05
1.5951341e-05
2.6550653e-05
1.5882961e-05
1.5789904e-05
1.6028625e-05
0.0020791877
1.6043742e-05
1.6198428e-05
0.001923254
1.5797528e-05
1.5819747e-05
1.6252925e-05
1.5817197e-05
1.5783265e-05
1.938211e-05
1.6032585e-05
1.593251e-05
1.5980949e-05
1.5799986e-05
1.5960121e-05
0.001317155
2.1631139e-05
1.613769e-05
7.4650073e-05
1.5825237e-05
1.6104139e-05
1.5853953e-05
1.985669e-05
1.6310308e-05
0.0012923283
1.5830253e-05
1.5983149e-05
1.5806938e-05
1.5843033e-05
1.6109971e-05
1.6025533e-05
1.5784012e-05
0.00026634002
1.5832201e-05
2.8912449e-05
1.582977e-05
0.00013083918
0.00013819
1.5918947e-05
1.6318007e-05
1.5791405e-05
1.9072352e-05
1.580258e-05
1.5793184e-05
1.5785684e-05
1.6045774e-05
5.5689021e-05
1.5783399e-05
1.58241e-05
1.5943682e-05
1.8957611e-05
1.6516984e-05
1.6097348e-05
1.6150261e-05
1.5846958e-05
1.5857053e-05
1.5948357e-05
1.6271154e-05
1.5793584e-05
1.6132926e-05
1.6030205e-05
1.5915376e-05
1.5793825e-05
1.5919388e-05
1.6143505e-05
1.6112573e-05
1.5790296e-05
0.0032247428
1.6053693e-05
1.590047e-05
1.5993734e-05
1.6043213e-05
1.5782985e-05
1.5906939e-05
2.1960858e-05
1.5984203e-05
1.5888301e-05
1.5800359e-05
3.4993109e-05
4.276066e-05
1.5787189e-05
1.5906059e-05
5.363283e-05
1.675577e-05
1.5794417e-05
1.5793644e-05
1.6783711e-05
1.5963921e-05
0.00044415257
0.00016514696
1.5924007e-05
1.611988e-05
1.5791747e-05
1.5879619e-05
1.58015e-05
1.6030711e-05
1.5796322e-05
1.5834639e-05
1.5915069e-05
1.5804146e-05
1.6031518e-05
1.5897502e-05
1.584006e-05
0.0018387343
1.6228507e-05
2.2554011e-05
1.6096426e-05
5.8207886e-05
0.00055224236
1.7005459e-05
1.9958345e-05
1.591758e-05
1.6223633e-05
1.5793552e-05
1.5944575e-05
1.6321043e-05
1.5958937e-05
1.6786552e-05
1.7023684e-05
1.6098869e-05
0.0016800005
1.5888618e-05
1.6109909e-05
0.0019699157
1.670237e-05
1.6024868e-05
1.6000051e-05
1.6073668e-05
3.0037874e-05
0.00072721981
1.5820111e-05
1.6834164e-05
1.5793721e-05
1.6274034e-05
1.6134895e-05
1.6077855e-05
2.8594242e-05
1.6583681e-05
1.5816529e-05
1.5879773e-05
1.6182946e-05
1.6129271e-05
1.6119515e-05
1.5807789e-05
1.5792012e-05
1.5930989e-05
1.5784902e-05
1.601726e-05
1.6069923e-05
0.0013430276
0.0019091871
1.6101064e-05
1.6086086e-05
1.5902097e-05
1.622918e-05
3.8373248e-05
1.7144441e-05
1.595971e-05
1.5817906e-05
0.00060074476
1.6097798e-05
7.4131676e-05
0.00016849867
0.0026059698
1.5854815e-05
0.0004042331
1.5873658e-05
1.5796295e-05
1.6849743e-05
0.0018813601
1.5794398e-05
0.00049676844
1.5983011e-05
1.6099464e-05
1.5928692e-05
1.9853905e-05
8.9744297e-05
0.0033632156
3.3100323e-05
1.5786933e-05
0.0031193702
1.5812357e-05
1.6199441e-05
1.6250684e-05
3.792823e-05
1.59489e-05
1.6082292e-05
1.7078089e-05
0.00036169267
1.5907082e-05
1.591555e-05
1.6310004e-05
1.5890917e-05
1.5868591e-05
1.5928274e-05
1.5923039e-05
0.0033040282
1.5882116e-05
1.6076242e-05
2.0151502e-05
1.605702e-05
1.5783242e-05
1.591494e-05
1.5794392e-05
1.6063095e-05
1.7333314e-05
1.6148177e-05
1.6056458e-05
1.6154256e-05
1.5936249e-05
1.5943924e-05
1.6410178e-05
1.5926705e-05
1.6108145e-05
1.7436609e-05
1.5898228e-05
1.6136954e-05
1.6032537e-05
1.6096834e-05
1.5808482e-05
1.7604683e-05
0.0012524717
1.6157136e-05
2.7438658e-05
1.5854551e-05
1.5789695e-05
1.6061222e-05
5.1414456e-05
1.6090808e-05
3.7346358e-05
1.579564e-05
1.5801258e-05
0.0011106762
1.6088623e-05
1.6681892e-05
2.1855757e-05
0.001736742
1.5966238e-05
7.0574196e-05
1.6081439e-05
1.9040266e-05
1.6148724e-05
1.581893e-05
1.5909289e-05
1.6091392e-05
1.6404331e-05
1.6257025e-05
1.6038901e-05
1.6145559e-05
1.5959082e-05
1.6087415e-05
1.6105693e-05
1.6366883e-05
1.7050359e-05
1.60226e-05
0.0025495908
1.6105266e-05
1.6028931e-05
1.6175939e-05
2.7428438e-05
1.6140628e-05
2.0613432e-05
0.00037631768
1.6306469e-05
0.00011401846
1.5803441e-05
1.6023417e-05
1.581194e-05
1.607212e-05
2.0696615e-05
1.5792333e-05
1.6150101e-05
1.6237186e-05
1.6727868e-05
0.00039501466
1.6097619e-05
1.9440354e-05
1.5819899e-05
1.5883182e-05
1.5992606e-05
1.595507e-05
1.7393644e-05
1.5911143e-05
1.5828662e-05
1.5926866e-05
1.5970898e-05
1.9634368e-05
1.9184393e-05
1.5801581e-05
1.602238e-05
1.5957677e-05
1.609656e-05
1.5905972e-05
1.5802103e-05
1.6765013e-05
1.5793025e-05
1.818035e-05
1.612565e-05
1.6076444e-05
1.6137013e-05
1.5992893e-05
1.6105679e-05
1.6027824e-05
1.5982803e-05
1.5783613e-05
1.5801831e-05
1.5893938e-05
1.7511293e-05
0.00088450896
1.6077626e-05
0.0024565291
1.609913e-05
1.6207105e-05
1.8105908e-05
1.6633552e-05
2.126727e-05
1.6717909e-05
0.0016620833
1.6329685e-05
0.00014178716
2.0481094e-05
1.5926426e-05
1.5914774e-05
1.585932e-05
1.6108696e-05
5.0422159e-05
1.6054686e-05
1.6018962e-05
1.6100301e-05
1.5818269e-05
1.5844392e-05
1.6090074e-05
6.4884159e-05
1.5941721e-05
1.6072177e-05
1.5788189e-05
1.609714e-05
1.5966002e-05
1.6045716e-05
1.5954029e-05
1.6030295e-05
3.3352975e-05
1.6094248e-05
1.5845775e-05
0.0013811015
1.6018112e-05
1.5817566e-05
1.607766e-05
1.5886882e-05
1.595177e-05
1.6458423e-05
1.5855176e-05
1.6753229e-05
1.5926245e-05
1.6911694e-05
0.0024362518
1.9341084e-05
1.6397326e-05
0.001616204
0.0013856949
1.6094726e-05
1.5814065e-05
1.6099922e-05
1.6958772e-05
1.606182e-05
1.5985956e-05
1.591636e-05
1.5812678e-05
1.5785703e-05
0.002383997
1.5783848e-05
1.6152616e-05
1.7261731e-05
1.5884923e-05
1.6004725e-05
1.5889891e-05
1.5879288e-05
1.6062699e-05
1.5793933e-05
2.3158921e-05
1.5966492e-05
1.6189741e-05
1.5955804e-05
1.9860038e-05
1.5824052e-05
0.0046374541
1.6097976e-05
1.5992172e-05
1.5839745e-05
1.9439719e-05
1.6213497e-05
1.5916361e-05
4.4059283e-05
1.5889916e-05
0.00059319333
1.5901487e-05
1.6060047e-05
1.5927087e-05
0.0044380354
4.6581545e-05
6.476129e-05
1.610901e-05
0.0041768394
1.6065184e-05
2.7701576e-05
1.6214198e-05
1.5791887e-05
2.378219e-05
2.3032361e-05
1.597362e-05
1.7660923e-05
1.614038e-05
1.6067825e-05
1.615103e-05
1.579437e-05
1.5976733e-05
3.089576e-05
3.5789073e-05
1.5876446e-05
1.5797106e-05
1.6004715e-05
0.0014400077
1.5824151e-05
1.5945817e-05
1.579984e-05
1.5973259e-05
1.6161006e-05
2.0319636e-05
1.580953e-05
1.6042188e-05
1.6017145e-05
1.5789058e-05
0.0013654628
1.6101811e-05
1.6272519e-05
1.6221422e-05
1.6097825e-05
1.5868697e-05
6.1589541e-05
1.5821923e-05
1.6103532e-05
1.5990103e-05
1.5935517e-05
1.5795312e-05
2.7814993e-05
1.5796979e-05
1.6060946e-05
1.5859221e-05
1.5786777e-05
5.5045276e-05
1.5977526e-05
2.2504101e-05
1.7970519e-05
1.5880504e-05
1.6138087e-05
1.797288e-05
0.00023797084
1.580417e-05
1.6135299e-05
4.3916685e-05
1.6046726e-05
1.6233829e-05
1.589837e-05
0.00095196756
1.6273293e-05
1.5799796e-05
1.7246295e-05
2.5541516e-05
1.6087843e-05
1.5793953e-05
1.589221e-05
1.5791841e-05
1.5868774e-05
2.7240881e-05
1.6636771e-05
1.6824011e-05
1.7684812e-05
0.00037218356
1.6753538e-05
1.7062925e-05
1.5784681e-05
1.6090021e-05
1.5809719e-05
1.6102741e-05
1.5858975e-05
1.5982984e-05
1.6332137e-05
0.0024111755
1.579166e-05
1.6028676e-05
1.6389531e-05
1.6091091e-05
1.5993723e-05
4.7777393e-05
0.0011245394
1.6059826e-05
1.6071685e-05
1.5955047e-05
1.628437e-05
3.0157758e-05
2.3153354e-05
1.5833616e-05
1.6070473e-05
0.00079246996
1.5859524e-05
1.5960173e-05
1.6236666e-05
1.6025569e-05
1.5791908e-05
1.5928384e-05
0.0015110792
1.6092129e-05
1.6043186e-05
1.6832029e-05
1.615699e-05
1.5909574e-05
1.6228694e-05
1.5926061e-05
1.6833296e-05
1.6143521e-05
1.7792738e-05
1.7938833e-05
1.5823445e-05
1.5985237e-05
9.3447546e-05
1.6039596e-05
1.6044302e-05
1.5889832e-05
0.0014491314
1.5798463e-05
5.0052861e-05
1.5903786e-05
1.7917512e-05
1.7290358e-05
1.6136254e-05
1.5808309e-05
1.578776e-05
0.0002315627
1.580224e-05
1.5885536e-05
1.6101494e-05
1.5790656e-05
1.5928079e-05
1.5797855e-05
0.0041897743
1.5798912e-05
1.5788232e-05
1.5925406e-05
1.6145581e-05
1.6008869e-05
0.00050694913
1.5796692e-05
0.0013110148
1.5790152e-05
1.5784116e-05
1.6099348e-05
1.5965074e-05
1.6252216e-05
0.0010305245
1.6061968e-05
0.0002001856
1.6048926e-05
2.7308447e-05
1.604068e-05
1.6099445e-05
1.6386111e-05
1.6747738e-05
1.608788e-05
1.5875454e-05
1.5790592e-05
1.613365e-05
2.1364363e-05
1.9658579e-05
2.0820186e-05
0.0012441486
1.6036625e-05
1.5793137e-05
3.3882402e-05
2.5538974e-05
0.0027547041
5.1247303e-05
1.6117827e-05
3.1818544e-05
0.00083022432
1.5806024e-05
1.6016411e-05
1.5855569e-05
1.8469374e-05
1.5819642e-05
0.002332569
1.6148089e-05
1.5916847e-05
1.5788067e-05
1.6095908e-05
9.0730472e-05
1.5808632e-05
1.5810739e-05
1.5791919e-05
1.5787501e-05
1.6077103e-05
1.6135347e-05
1.5903915e-05
1.5994896e-05
2.0224511e-05
1.6036834e-05
1.5801683e-05
1.5794145e-05
1.5951365e-05
1.5997843e-05
1.5924497e-05
3.8690709e-05
1.593603e-05
4.9074248e-05
1.5969427e-05
1.6017226e-05
1.5792626e-05
1.6090092e-05
1.6077411e-05
1.6140184e-05
1.5875707e-05
1.5793826e-05
0.00189601
9.3209664e-05
1.5995257e-05
0.0030320285
3.0031699e-05
1.5960629e-05
1.6338979e-05
0.0025365656
7.4196268e-05
1.5974456e-05
1.5856082e-05
1.6087836e-05
0.00038155424
1.6086296e-05
1.6026317e-05
1.594021e-05
1.5790198e-05
0.001117224
1.579458e-05
2.1282955e-05
1.6784946e-05
1.6029589e-05
1.5946532e-05
1.7103232e-05
1.6074221e-05
2.0618492e-05
1.6029739e-05
2.3625852e-05
1.605161e-05
1.5913615e-05
1.6099877e-05
1.579358e-05
1.5801986e-05
1.636611e-05
1.5784574e-05
1.5895564e-05
2.2880329e-05
1.5789284e-05
1.6113648e-05
0.00017216473
1.6831157e-05
1.5791748e-05
8.2553158e-05
0.0014313588
1.5926601e-05
1.5953616e-05
1.6029858e-05
1.6098742e-05
0.00079985805
1.5859306e-05
1.5804746e-05
1.5864125e-05
1.5980686e-05
1.5792159e-05
1.5823009e-05
2.5351688e-05
0.0002777761
2.2619768e-05
0.00051340026
1.5794968e-05
1.5973923e-05
1.5791159e-05
0.0026903975
1.5986998e-05
3.0005189e-05
1.6111382e-05
2.0532707e-05
1.5792291e-05
0.0028721036
1.5796593e-05
1.588734e-05
1.5918058e-05
1.5929353e-05
1.5806755e-05
1.5819658e-05
1.5917616e-05
1.5804025e-05
1.6047169e-05
1.5990594e-05
1.5797197e-05
1.5810063e-05
1.6061205e-05
0.0024417827
0.0016795242
1.5841917e-05
1.6176357e-05
1.5796859e-05
1.5859907e-05
0.0020216714
1.6264142e-05
1.5861894e-05
0.00050532178
1.6026357e-05
1.9848741e-05
1.6136891e-05
1.604337e-05
1.5784192e-05
1.5971113e-05
1.6122859e-05
1.6021035e-05
1.5904424e-05
2.1108424e-05
0.00010809772
1.5890701e-05
1.5814153e-05
1.5807462e-05
1.5862724e-05
0.0019411297
1.5863655e-05
1.5975868e-05
2.3726206e-05
1.592796e-05
1.6077754e-05
1.5905499e-05
1.6119438e-05
0.0018228996
1.5795384e-05
1.599013e-05
1.5983677e-05
1.5783354e-05
1.7571874e-05
1.625792e-05
1.5841024e-05
1.5964149e-05
4.0854691e-05
1.5790384e-05
1.6081269e-05
1.5873708e-05
1.5894977e-05
1.6207596e-05
1.5931042e-05
0.00040058604
1.7143189e-05
1.606354e-05
0.00025753318
2.380793e-05
1.5784092e-05
2.5749949e-05
0.0026540445
1.5853421e-05
1.6200377e-05
1.6037977e-05
2.7723986e-05
1.587693e-05
1.6090462e-05
5.0267247e-05
1.6410364e-05
1.578799e-05
1.5791641e-05
0.00011457678
0.00059229251
0.00084164603
1.6093979e-05
1.6072959e-05
0.002862081
1.5799641e-05
1.5866641e-05
1.6266962e-05
1.5798117e-05
1.5794473e-05
1.6089308e-05
1.5856632e-05
1.6027218e-05
1.5870818e-05
1.5971224e-05
1.6042888e-05
0.0024031404
1.6031073e-05
1.612509e-05
1.5836533e-05
9.5792175e-05
1.6083501e-05
1.9390711e-05
0.0012126501
1.5987707e-05
1.5841335e-05
1.6052722e-05
1.6204386e-05
0.0010886349
1.5818475e-05
1.5927953e-05
1.5863788e-05
1.7483922e-05
1.5955348e-05
1.5961504e-05
1.6113791e-05
1.6014464e-05
1.5803901e-05
1.6279239e-05
1.7841679e-05
1.5998379e-05
1.5826434e-05
1.5889162e-05
1.6100206e-05
0.00013742441
1.6406797e-05
3.0130958e-05
1.5809484e-05
1.6764026e-05
1.6121777e-05
1.5948551e-05
0.00096790841
1.7156739e-05
1.5812449e-05
1.6139183e-05
1.6074337e-05
1.5785647e-05
1.5797067e-05
1.6103164e-05
3.3753569e-05
1.6047216e-05
1.5911299e-05
1.5841278e-05
1.6092045e-05
2.4458291e-05
0.00095594269
1.6087167e-05
0.0007034068
1.5986767e-05
1.6044099e-05
1.5897384e-05
0.00012827717
1.9542518e-05
1.5870433e-05
1.5790632e-05
0.00094196689
1.5822026e-05
0.0025318038
7.7041788e-05
1.5898483e-05
1.6274531e-05
1.5854455e-05
1.6053823e-05
1.5801138e-05
1.6941802e-05
1.5791507e-05
6.0555774e-05
1.6200328e-05
1.5841009e-05
0.00028726218
1.5891986e-05
2.0108254e-05
1.6199027e-05
2.2818032e-05
1.6073695e-05
1.5984605e-05
1.5966003e-05
1.5809143e-05
1.6027831e-05
1.6067088e-05
1.5959537e-05
1.6004673e-05
3.6090289e-05
1.6668892e-05
1.5791361e-05
1.579929e-05
1.8185523e-05
1.5797409e-05
9.9799709e-05
2.4752552e-05
2.2866169e-05
2.7554219e-05
0.0012852079
1.6220693e-05
1.6127917e-05
0.0020966704
1.5911433e-05
7.7955746e-05
1.579166e-05
1.5798298e-05
0.0011545013
1.9444702e-05
2.6236376e-05
1.6349415e-05
1.5833909e-05
1.6330735e-05
1.5790837e-05
1.5932436e-05
1.5996302e-05
0.0020125199
0.002285189
0.0021324192
1.6094686e-05
1.6074292e-05
0.0024689341
1.6108503e-05
2.0087733e-05
1.5808771e-05
1.5921193e-05
1.5925302e-05
1.586612e-05
1.5986256e-05
1.5794399e-05
1.6335377e-05
2.8847295e-05
1.7888986e-05
1.6097167e-05
1.5969331e-05
1.7155444e-05
1.6084889e-05
2.5307454e-05
1.5981864e-05
0.0036873936
1.6090201e-05
1.7831545e-05
1.6689911e-05
1.5837192e-05
0.00034608783
0.00014182026
2.2611865e-05
2.2581846e-05
1.7686598e-05
1.5927675e-05
0.0025421181
1.608935e-05
1.5971794e-05
1.6171654e-05
1.5837408e-05
1.594009e-05
1.6030546e-05
2.2183021e-05
2.2434117e-05
0.00067735801
1.5817318e-05
1.591593e-05
1.5939006e-05
7.8914172e-05
1.5820817e-05
3.807943e-05
1.5956319e-05
1.5963875e-05
1.5801678e-05
1.5814023e-05
1.6021723e-05
1.5783388e-05
1.6092164e-05
0.00027774849
1.5834292e-05
9.3912021e-05
2.3641255e-05
0.00058484553
1.601882e-05
1.6073879e-05
6.9959858e-05
0.00054563589
1.5966033e-05
1.6053409e-05
1.5978008e-05
1.7198927e-05
1.6772647e-05
1.578746e-05
1.9857506e-05
1.5843242e-05
2.0921254e-05
1.580075e-05
1.5988182e-05
1.632936e-05
2.53145e-05
1.60184e-05
0.00022726394
1.5799618e-05
1.6911294e-05
1.6017051e-05
1.6080823e-05
1.5986436e-05
1.5919344e-05
2.7747744e-05
9.9667358e-05
0.0033348031
1.6107647e-05
1.5790183e-05
1.6025625e-05
1.724262e-05
1.5926425e-05
0.0014184544
1.6022131e-05
1.5798048e-05
1.5979475e-05
2.0914364e-05
2.4159199e-05
0.0015245517
1.5792304e-05
2.7297575e-05
0.00066102342
0.0029164512
1.7602564e-05
9.9258423e-05
1.5829102e-05
1.6571685e-05
1.6224022e-05
0.001300376
1.6420297e-05
0.00011766849
1.6401083e-05
4.2049329e-05
0.0043923754
1.6026671e-05
0.00057917911
1.5798799e-05
1.5839155e-05
1.6011682e-05
2.9132283e-05
1.7572099e-05
1.7977916e-05
1.6185853e-05
0.00074326984
1.6033841e-05
0.0014663399
1.6077654e-05
1.5877101e-05
0.0016969565
1.5935902e-05
0.0015726858
1.8080293e-05
0.00025774099
1.6091565e-05
1.6087945e-05
1.7978831e-05
1.5790569e-05
1.6338801e-05
1.5929728e-05
1.5977019e-05
1.7220668e-05
1.8639851e-05
1.6748133e-05
1.6162774e-05
1.6107162e-05
1.6052958e-05
0.00023039262
1.8792176e-05
1.6034467e-05
2.507734e-05
0.00010446399
1.6125359e-05
6.2442693e-05
1.5973585e-05
1.579352e-05
1.5917739e-05
1.602993e-05
1.6088368e-05
1.5801255e-05
1.596286e-05
1.6105775e-05
1.5842769e-05
1.6125625e-05
1.6740939e-05
1.5800204e-05
1.6071866e-05
1.5884699e-05
1.6040913e-05
0.0013396825
0.0027433641
0.0032340953
2.9822876e-05
1.6122902e-05
1.6327333e-05
0.0043648978
1.6022143e-05
1.609335e-05
1.6035099e-05
1.7016755e-05
5.247998e-05
1.6034391e-05
1.5907325e-05
1.5923768e-05
1.6102279e-05
1.5906291e-05
1.6103689e-05
1.5838512e-05
1.5956719e-05
1.5783263e-05
5.6095946e-05
0.00013532215
1.8344406e-05
1.6966936e-05
1.604764e-05
2.4671815e-05
1.5792762e-05
1.6081181e-05
1.6792705e-05
1.6100304e-05
1.5855208e-05
1.6223485e-05
0.00095773885
1.5947282e-05
0.0008411907
1.6034173e-05
1.5844313e-05
1.5938e-05
1.6156646e-05
1.5792417e-05
0.0019211137
1.5925407e-05
1.5809317e-05
1.5829908e-05
0.00010787531
1.609201e-05
1.6816801e-05
1.5975494e-05
0.0023270757
1.6106336e-05
0.0026763875
1.5793672e-05
1.5794045e-05
1.6066651e-05
1.738728e-05
1.6042948e-05
2.9201379e-05
1.5914095e-05
0.00010793495
0.0025162446
1.579593e-05
1.6054849e-05
3.2502899e-05
2.2480523e-05
1.6914651e-05
1.6234716e-05
1.5819721e-05
1.6214918e-05
1.5834148e-05
1.5926555e-05
8.7107213e-05
1.5789793e-05
2.066424e-05
1.6124474e-05
1.5786633e-05
1.5977436e-05
0.0011599348
1.6800228e-05
1.6023482e-05
1.6058443e-05
1.6350784e-05
1.6163678e-05
1.5848398e-05
1.5822829e-05
0.001445097
0.001888692
1.6123125e-05
1.57845e-05
1.5929875e-05
2.9265433e-05
0.0023573088
1.5788526e-05
0.00012989858
1.5954324e-05
1.6106322e-05
1.6164794e-05
0.0029921071
1.5941727e-05
0.0010312947
1.6106292e-05
1.7461824e-05
0.00084563958
1.6182566e-05
0.00042501135
0.0022571202
1.5794091e-05
1.5798523e-05
0.0022962444
0.0014746616
1.5790211e-05
1.5925886e-05
0.0029104097
1.5791092e-05
1.5787199e-05
1.661141e-05
1.6065952e-05
6.9964793e-05
1.5851986e-05
0.00023167024
1.6461249e-05
1.726479e-05
1.6098865e-05
1.6055762e-05
1.5802846e-05
1.7639932e-05
1.584139e-05
1.5980429e-05
1.6087648e-05
0.0012350689
1.5941341e-05
1.5974743e-05
0.00013202189
1.7008867e-05
1.6276723e-05
0.00013138797
1.5900395e-05
0.00031730995
1.6436984e-05
0.0025524044
1.6100518e-05
7.7859153e-05
0.0016801649
1.5943113e-05
0.0021723705
1.6180595e-05
1.6051245e-05
1.6070366e-05
1.7067983e-05
4.028646e-05
1.5906482e-05
1.5981358e-05
0.0011961996
1.6069693e-05
2.1526728e-05
2.7740632e-05
1.6800659e-05
1.5974787e-05
1.9355598e-05
1.5900475e-05
1.5977564e-05
1.5787896e-05
1.6077301e-05
1.5788483e-05
0.00011759653
0.0012857008
1.5923713e-05
1.5817324e-05
0.00033405772
1.6050002e-05
0.0023824037
1.5893121e-05
0.0024456093
1.5918649e-05
1.6089923e-05
0.0008116848
0.00051888792
5.1447383e-05
5.4900952e-05
0.00015641872
0.001386612
0.00042279556
2.4965389e-05
0.0012416552
0.00041090475
0.00011069319
1.6090103e-05
0.0001298169
0.0023774087
1.5866895e-05
0.00058381426
1.6134771e-05
0.0017693701
1.5905354e-05
1.5892558e-05
2.0587016e-05
2.9207166e-05
1.6083156e-05
1.6106701e-05
1.5924778e-05
1.579906e-05
1.6272995e-05
1.7264411e-05
1.5961704e-05
1.5850122e-05
0.0023799516
1.6106048e-05
1.6318151e-05
1.6058425e-05
1.6980418e-05
1.5792505e-05
1.5785341e-05
4.6340895e-05
1.6277889e-05
1.607418e-05
0.00023328731
0.00013070846
0.00071955154
0.0011917868
1.5801843e-05
1.5923997e-05
1.607844e-05
2.5062182e-05
1.6571653e-05
0.00098004902
0.00041853622
0.00097783154
0.001962435
1.5855589e-05
1.5830397e-05
0.0023032468
1.5838465e-05
1.7261651e-05
2.3678189e-05
1.6073603e-05
1.5974449e-05
1.580055e-05
1.6103494e-05
1.5862084e-05
1.5870553e-05
0.0009563574
1.6024906e-05
1.5946821e-05
1.6111574e-05
0.0041916561
0.001366434
1.5808859e-05
1.6158777e-05
0.0010832896
1.6176029e-05
0.0023244205
0.00065294666
0.0014534123
2.4802844e-05
0.00072067908
1.5791709e-05
1.5868899e-05
0.0012680093
1.6057863e-05
1.6032821e-05
0.0015203523
1.612141e-05
1.552249e-05
0.0030086389
1.7678661e-05
0.0042994005
1.5816456e-05
1.5844646e-05
1.6027217e-05
1.5932252e-05
0.0024747042
1.5945859e-05
2.0547098e-05
1.7895222e-05
1.5835239e-05
1.6476047e-05
0.00050060403
1.6028522e-05
2.6075743e-05
1.6000738e-05
1.5989363e-05
1.5928337e-05
1.6094922e-05
0.002473649
0.0023452977
1.6031651e-05
1.6045064e-05
1.6035481e-05
2.8313008e-05
1.5788058e-05
0.00087583656
1.7500107e-05
0.0018004668
1.5960843e-05
2.6605647e-05
1.5937939e-05
1.5859323e-05
0.0024709978
0.0011879437
1.6058942e-05
1.5842166e-05
1.5818508e-05
1.5800082e-05
0.0027488506
2.0420145e-05
1.5783788e-05
0.0028095112
1.5804767e-05
1.6082019e-05
1.6095643e-05
1.6167262e-05
1.6053988e-05
1.5935436e-05
0.002564368
1.6551728e-05
2.1527021e-05
1.5784117e-05
1.6174194e-05
1.5864402e-05
1.5926072e-05
1.65378e-05
2.4727455e-05
0.0027064811
1.5793037e-05
1.5903651e-05
0.0020137557
1.6046375e-05
1.6067405e-05
1.612103e-05
1.5799831e-05
1.5895481e-05
1.5996458e-05
0.0021706263
1.5789529e-05
7.4982228e-05
0.00059029925
1.5825889e-05
1.6695997e-05
1.5927326e-05
1.60194e-05
1.6022725e-05
2.3066743e-05
0.00032742546
1.6060805e-05
1.838591e-05
1.5844271e-05
1.6089074e-05
0.001428632
0.0020373482
1.624768e-05
0.00016721252
2.4147325e-05
1.5981485e-05
1.6112011e-05
0.0011171473
2.7084466e-05
1.9826743e-05
2.8355478e-05
1.6519104e-05
0.00023679715
1.6090729e-05
1.6033625e-05
0.0023582501
1.6031956e-05
4.0169638e-05
1.6048312e-05
1.5980628e-05
2.6851357e-05
1.5793214e-05
1.5788437e-05
1.6411173e-05
1.6305891e-05
0.0013496414
1.6084604e-05
1.6021043e-05
1.5976269e-05
1.6176683e-05
1.6102197e-05
0.0010868277
1.5809529e-05
0.0032703971
1.6098324e-05
1.7327109e-05
0.00045607277
0.00012415741
1.646267e-05
1.5938149e-05
2.5831399e-05
7.0904703e-05
0.0001765637
1.6043489e-05
0.0019689918
0.0024684326
0.0013714866
1.5904714e-05
1.814381e-05
1.5782976e-05
1.5784543e-05
1.615604e-05
2.2728723e-05
1.5986332e-05
1.6134956e-05
2.7249569e-05
1.7357534e-05
8.2161882e-05
0.0042219955
1.6136314e-05
1.5869032e-05
0.00013023714
0.00061431081
1.5812764e-05
0.00074201732
5.3348644e-05
1.5793481e-05
5.2637281e-05
1.6253483e-05
1.6091251e-05
1.6243757e-05
1.5893193e-05
0.00014251859
1.6077633e-05
1.6028083e-05
0.00096933994
1.5787773e-05
1.5795593e-05
1.5803326e-05
1.5799763e-05
0.00083340444
1.6066415e-05
0.0015250321
0.00051653514
1.6040936e-05
1.5789453e-05
3.1525529e-05
1.5818438e-05
1.7290495e-05
1.6041983e-05
9.9929058e-05
1.579408e-05
1.5914549e-05
9.1982768e-05
1.7292016e-05
0.001665623
0.00081090146
1.6006967e-05
0.002699201
2.3244589e-05
4.4129348e-05
1.6038219e-05
1.5876435e-05
1.6055093e-05
1.6185169e-05
0.0032225986
1.5962383e-05
1.7438087e-05
1.5867133e-05
1.6050541e-05
1.5934031e-05
1.605732e-05
1.5999959e-05
1.578665e-05
1.6194353e-05
0.0025659525
0.0023281468
0.0024756102
0.00029565537
0.002145639
1.5865807e-05
1.6074777e-05
2.3136381e-05
1.6648277e-05
1.5968858e-05
1.6884162e-05
1.6108405e-05
1.6526985e-05
1.6073162e-05
3.8866494e-05
2.1130919e-05
1.5976043e-05
1.5886103e-05
2.1170961e-05
3.3587406e-05
1.6102886e-05
1.5882159e-05
2.0699447e-05
0.001113734
1.5874079e-05
1.5945136e-05
2.678642e-05
0.0017410847
1.6084655e-05
0.0001402874
1.5926568e-05
0.0018875728
1.6749604e-05
0.00031929734
1.6745701e-05
1.6668849e-05
0.0030451994
0.00014675788
1.5945813e-05
1.6090194e-05
1.909626e-05
1.5882974e-05
0.00012591373
1.5800411e-05
2.3458296e-05
1.6027688e-05
2.9093338e-05
2.7285737e-05
1.5993781e-05
0.0012378012
0.00060064316
0.00012399193
0.0029916643
0.0010328243
1.6097689e-05
1.6090841e-05
1.5798047e-05
0.0048148151
1.6449462e-05
1.606013e-05
1.5968515e-05
1.661833e-05
0.0032226747
0.0013642578
1.5787289e-05
1.6047944e-05
0.00014183657
0.0023507861
6.032991e-05
1.5936686e-05
1.6019357e-05
0.0012126404
1.6064111e-05
0.0035942043
1.5788256e-05
1.6102237e-05
1.6108967e-05
1.5784217e-05
1.6461976e-05
1.579926e-05
1.6221972e-05
1.5808095e-05
1.597285e-05
1.5851956e-05
1.6425467e-05
0.0024234328
1.6036092e-05
6.5677372e-05
1.5946705e-05
1.6100041e-05
1.6025186e-05
1.5977181e-05
1.6869759e-05
2.0759173e-05
1.6092158e-05
2.3143975e-05
7.4478508e-05
1.6044862e-05
2.0791751e-05
1.5798868e-05
1.5809465e-05
1.8007768e-05
2.008492e-05
1.5974681e-05
1.7671067e-05
2.0439755e-05
0.0013649849
0.0033127414
0.0031047838
5.50501e-05
1.6660028e-05
0.0027491042
1.5942123e-05
1.5828519e-05
1.5913238e-05
0.00029190597
1.5931676e-05
0.0023932789
1.7164069e-05
2.0289677e-05
9.1437886e-05
0.0031774338
1.6186504e-05
1.6056947e-05
1.5802432e-05
2.9146916e-05
0.00071845754
1.6709622e-05
0.0035905649
1.5975239e-05
1.6084087e-05
2.6096002e-05
1.5988611e-05
1.6097616e-05
1.6052332e-05
1.6083184e-05
0.0029294958
7.0389374e-05
0.0011891978
0.001082372
1.6037457e-05
0.0018501234
0.00057949024
2.9473002e-05
0.0015140386
1.5925691e-05
1.8155158e-05
1.6083497e-05
1.6418167e-05
2.4615115e-05
1.6026861e-05
1.6026301e-05
1.606732e-05
1.5804602e-05
0.00019417881
1.6073831e-05
4.9073638e-05
1.8842433e-05
1.6184945e-05
2.9139509e-05
1.5804074e-05
6.0336707e-05
1.6054533e-05
1.5794183e-05
1.6089317e-05
1.6050649e-05
0.0015668717
1.9715049e-05
2.9869722e-05
0.0027029639
0.0019467481
1.6053103e-05
1.6096669e-05
0.0031778515
0.0027688814
4.3970322e-05
0.0013218477
1.5786936e-05
0.0036146401
0.00054093369
2.4374908e-05
1.6472506e-05
5.0657638e-05
1.6038707e-05
2.4739986e-05
1.6092591e-05
0.0014887022
1.6021763e-05
1.6027062e-05
0.00088481772
1.6052348e-05
0.00075661326
0.00028477896
1.6639138e-05
1.5788758e-05
3.9438862e-05
0.0027360733
1.7021067e-05
0.00017196564
4.927302e-05
2.8879187e-05
1.6077346e-05
1.8471576e-05
0.0013590639
6.8347297e-05
1.5799281e-05
1.6100822e-05
1.6058979e-05
1.6073762e-05
0.0014321066
9.0201751e-05
8.5882803e-05
1.6089976e-05
2.5621983e-05
1.7777257e-05
1.6955386e-05
1.5952763e-05
0.0013427092
1.6143542e-05
0.00013326776
1.5802515e-05
9.3687512e-05
1.9322558e-05
0.0010984207
0.0012815839
0.001273017
7.3979568e-05
1.9165223e-05
2.5225502e-05
0.0030432086
1.5931957e-05
2.2425819e-05
2.2030326e-05
1.7923357e-05
1.5795467e-05
1.583522e-05
1.8133305e-05
1.5988331e-05
2.3765887e-05
1.6103548e-05
1.6099555e-05
1.6539455e-05
1.5784333e-05
2.4738215e-05
1.6550072e-05
1.6106308e-05
0.0024725061
1.5808865e-05
1.5873387e-05
1.6007143e-05
1.5796072e-05
1.6138877e-05
1.5800494e-05
0.0022170862
9.3846432e-05
2.1842815e-05
0.0016893422
1.5789185e-05
1.5795651e-05
0.0042919646
1.6075249e-05
1.6063183e-05
1.6061025e-05
1.8949041e-05
1.5794384e-05
0.0030381252
1.580641e-05
1.5831512e-05
2.2183757e-05
1.5908159e-05
1.6170758e-05
5.4301068e-05
1.5879183e-05
1.6021386e-05
2.1460931e-05
0.0025571617
1.6193491e-05
1.6129027e-05
1.6276464e-05
1.587308e-05
1.5791399e-05
0.0015394726
1.5804861e-05
1.5788102e-05
1.6092045e-05
3.9768863e-05
1.701136e-05
1.6088984e-05
1.5834356e-05
1.5932819e-05
1.6080509e-05
6.2681731e-05
1.7904224e-05
1.5788843e-05
1.5916437e-05
1.813199e-05
1.5787468e-05
1.6032399e-05
0.0023226694
0.0019948844
2.3458661e-05
1.5928107e-05
2.8339991e-05
1.5846995e-05
1.5877225e-05
1.5967467e-05
1.6003748e-05
1.5829192e-05
2.3012496e-05
0.0012573773
1.933184e-05
1.5799527e-05
1.6120349e-05
1.5845021e-05
1.5933141e-05
0.0025765541
1.6049539e-05
0.00010730001
1.5808326e-05
1.5810021e-05
2.1630617e-05
1.6213682e-05
1.5904243e-05
1.613157e-05
2.504241e-05
1.6037474e-05
1.6183541e-05
1.7210758e-05
0.0010956703
1.618276e-05
1.6187542e-05
1.683869e-05
1.585469e-05
0.0046320314
0.00035497152
1.5960999e-05
1.5801908e-05
1.5805734e-05
1.5816481e-05
1.5966984e-05
1.5811571e-05
1.5815395e-05
1.5979594e-05
1.6121858e-05
1.5804454e-05
1.618118e-05
1.5963484e-05
1.5947028e-05
1.579445e-05
1.6088838e-05
0.0045824919
1.6037602e-05
1.623629e-05
1.5797779e-05
1.6036168e-05
1.6121293e-05
1.585857e-05
1.5811265e-05
1.6087621e-05
1.7599815e-05
1.6067938e-05
1.8696377e-05
2.2719539e-05
7.0755008e-05
1.6792576e-05
2.2109306e-05
1.5988669e-05
1.6059048e-05
2.1246815e-05
2.2170477e-05
1.584835e-05
1.6088734e-05
1.6078912e-05
1.6131936e-05
1.5798128e-05
1.8155982e-05
0.00035347959
1.5941825e-05
3.9711673e-05
1.6013507e-05
1.5878454e-05
2.3207405e-05
1.5965104e-05
1.5933263e-05
1.578677e-05
1.5783089e-05
2.7790735e-05
3.9727167e-05
1.5915042e-05
1.5792807e-05
0.00066122878
1.5793927e-05
1.5805123e-05
1.5801802e-05
2.0126777e-05
1.6038995e-05
1.5791646e-05
1.5805332e-05
1.6089949e-05
1.5819535e-05
1.603527e-05
1.6171502e-05
1.6022004e-05
1.5925359e-05
0.0010800401
1.60698e-05
1.610927e-05
1.6162392e-05
1.5917169e-05
0.00266981
1.5928216e-05
1.6209078e-05
1.5938426e-05
1.915631e-05
0.0023460049
1.588949e-05
1.6048142e-05
2.882607e-05
1.632148e-05
1.5977315e-05
1.6036834e-05
1.5864651e-05
1.5798043e-05
1.5895545e-05
1.593193e-05
1.5789336e-05
0.0005895401
1.6355542e-05
1.5821264e-05
1.6309178e-05
1.6029425e-05
1.789731e-05
2.581301e-05
0.00072515984
1.6046893e-05
1.5954834e-05
1.5792393e-05
1.6003214e-05
1.6152884e-05
1.592524e-05
4.1440816e-05
1.6952687e-05
1.5987771e-05
1.6013911e-05
1.7055663e-05
1.6703123e-05
1.5873874e-05
0.0011012261
1.6019859e-05
1.5985839e-05
1.5951383e-05
1.5797494e-05
1.6285701e-05
1.6111967e-05
0.0027601895
1.5976631e-05
1.7700648e-05
1.6367707e-05
0.0012120015
1.5816043e-05
1.609071e-05
2.5772681e-05
1.5936749e-05
1.6158842e-05
1.606715e-05
1.588611e-05
1.6090985e-05
1.594603e-05
1.6042378e-05
1.6068763e-05
1.7649598e-05
1.5993275e-05
2.7715049e-05
1.5789517e-05
2.0585002e-05
1.5794503e-05
1.6092384e-05
1.5916496e-05
1.6002315e-05
1.5849695e-05
1.6153302e-05
1.5834169e-05
1.5922089e-05
1.5807503e-05
1.5939973e-05
2.2723577e-05
0.0001286878
1.5939141e-05
2.1163083e-05
0.00020272025
1.5844303e-05
1.600799e-05
3.7162974e-05
1.6114228e-05
1.5997316e-05
1.6803743e-05
1.607142e-05
1.5794003e-05
0.00061236109
1.5792422e-05
1.5897037e-05
1.5795436e-05
1.6024588e-05
1.6039856e-05
1.6155794e-05
1.6829706e-05
1.5993174e-05
5.2486976e-05
1.618755e-05
2.0295472e-05
0.0029670173
1.5797876e-05
1.6209212e-05
1.6054114e-05
1.6038117e-05
1.7085237e-05
1.6094185e-05
1.6041282e-05
1.6036765e-05
1.5788737e-05
1.588303e-05
1.6100942e-05
1.5826095e-05
0.0027138561
1.6018157e-05
1.6214364e-05
1.6467061e-05
1.6142778e-05
1.6735933e-05
1.5886258e-05
2.2229914e-05
0.0045791969
1.5985107e-05
1.6029059e-05
1.696804e-05
1.6405452e-05
1.5814914e-05
0.0021249551
1.5995516e-05
1.5793929e-05
1.5795899e-05
1.6099763e-05
1.5949529e-05
1.5937214e-05
1.605231e-05
1.5798577e-05
1.5923666e-05
1.6054419e-05
5.2647218e-05
1.5946935e-05
1.6040157e-05
1.6139027e-05
1.6176164e-05
1.6054762e-05
1.6223851e-05
1.5807139e-05
1.5825469e-05
1.5785001e-05
1.6176367e-05
1.5785965e-05
1.582301e-05
4.4147762e-05
1.6021194e-05
1.5827097e-05
1.8835049e-05
1.5794586e-05
1.6993361e-05
1.6011793e-05
1.5832696e-05
1.5822202e-05
1.7997824e-05
1.6040196e-05
1.6836925e-05
1.5845203e-05
2.1381475e-05
1.6831463e-05
1.6789477e-05
1.5814051e-05
1.983974e-05
1.6143165e-05
0.00057789025
1.6231236e-05
1.6086622e-05
1.6469316e-05
1.5855235e-05
1.8385613e-05
1.6233947e-05
2.4546193e-05
1.6004879e-05
1.6107518e-05
1.5875322e-05
1.6608666e-05
1.6058547e-05
1.6044554e-05
1.7220722e-05
1.6059323e-05
1.605467e-05
2.7052443e-05
2.435724e-05
1.6101123e-05
1.606481e-05
1.5792699e-05
1.6097227e-05
1.579178e-05
1.6011963e-05
1.6004862e-05
1.6046511e-05
1.5963264e-05
2.4297719e-05
2.2939918e-05
1.6209704e-05
0.0023620232
1.6696662e-05
1.5801893e-05
1.6045268e-05
1.579152e-05
1.581263e-05
1.6789716e-05
1.5788646e-05
1.6155585e-05
1.5793344e-05
1.9035447e-05
1.6110288e-05
1.597179e-05
1.6044395e-05
1.5953994e-05
6.5965084e-05
1.5798457e-05
2.0542016e-05
2.54474e-05
1.6061852e-05
1.610433e-05
1.6517172e-05
1.6012127e-05
2.7752583e-05
1.5795784e-05
1.5862265e-05
1.6106619e-05
1.7745686e-05
1.5786786e-05
1.5822199e-05
1.5814174e-05
1.579047e-05
1.6102902e-05
1.5791925e-05
1.5792225e-05
1.6005954e-05
1.6128705e-05
1.5799595e-05
2.8833934e-05
1.6065326e-05
1.5855178e-05
1.77925e-05
1.591779e-05
1.5834433e-05
1.5791402e-05
1.581436e-05
1.6187143e-05
1.5964832e-05
1.5842744e-05
1.590204e-05
1.8140155e-05
1.6234941e-05
2.1172851e-05
1.5817987e-05
1.6075562e-05
1.5956364e-05
1.580358e-05
1.6172172e-05
1.6086797e-05
1.6104591e-05
1.6066066e-05
1.5943246e-05
1.6286122e-05
1.6097093e-05
1.5929028e-05
1.5792874e-05
1.6026809e-05
2.2222691e-05
1.6103074e-05
1.7140692e-05
1.5871446e-05
1.6315536e-05
1.6109989e-05
1.5799114e-05
1.6089142e-05
1.6087754e-05
1.6058181e-05
1.5971445e-05
2.0248535e-05
1.5977226e-05
1.6074031e-05
6.667579e-05
1.5794079e-05
1.8696519e-05
0.0028403875
1.5798879e-05
1.6021902e-05
1.6033743e-05
1.6135419e-05
1.6077885e-05
1.6009562e-05
1.6593456e-05
1.6048427e-05
2.24384e-05
1.5973451e-05
7.430705e-05
1.5944253e-05
1.6471461e-05
0.0032984466
1.5789748e-05
0.0005589136
1.7602822e-05
1.578512e-05
1.5788376e-05
1.6041612e-05
1.6098964e-05
1.6026811e-05
1.5861893e-05
1.5955499e-05
1.5874927e-05
1.5843759e-05
1.5790778e-05
1.5874355e-05
1.6085409e-05
1.583745e-05
0.0029619501
1.5989691e-05
1.6046465e-05
0.00010377689
3.2390673e-05
1.5812567e-05
1.607714e-05
1.5855039e-05
1.6030666e-05
1.583949e-05
1.6363854e-05
1.6060259e-05
0.0029328129
1.5917558e-05
1.612667e-05
1.5925263e-05
1.5797012e-05
1.606794e-05
1.5852841e-05
1.6054411e-05
1.5812174e-05
1.5817876e-05
1.6074233e-05
6.8536102e-05
2.4559946e-05
0.0010998206
1.6519678e-05
1.5787358e-05
1.6235408e-05
1.5973228e-05
1.7106541e-05
1.6340478e-05
1.5930351e-05
1.5972446e-05
1.5791984e-05
1.619756e-05
1.6094041e-05
1.6533774e-05
1.5794048e-05
1.6543132e-05
0.0006455193
1.6239958e-05
0.0011457068
1.6153913e-05
1.6073956e-05
1.7220783e-05
1.5819708e-05
1.5916578e-05
1.6077028e-05
1.6003578e-05
1.5806929e-05
1.5803833e-05
1.5937981e-05
1.6093424e-05
1.5803089e-05
1.58316e-05
1.5815727e-05
1.7012428e-05
3.0595787e-05
1.6093573e-05
1.6095378e-05
1.6059156e-05
1.5797596e-05
1.60438e-05
1.6469612e-05
1.6637589e-05
0.0014489468
1.5798092e-05
1.5856315e-05
1.6066901e-05
1.5798039e-05
1.5892523e-05
1.6275211e-05
1.6013646e-05
2.4254008e-05
1.7989846e-05
1.5867858e-05
1.5823401e-05
1.6024779e-05
1.7934425e-05
1.5856398e-05
1.5785216e-05
1.7989186e-05
1.5899683e-05
1.6074743e-05
1.6028194e-05
1.9797769e-05
2.1946536e-05
1.5921637e-05
1.5946437e-05
2.563868e-05
3.7765125e-05
1.5923106e-05
1.6099424e-05
1.6028614e-05
1.5846779e-05
1.6038052e-05
0.0011199108
1.5879197e-05
1.5818492e-05
1.5786742e-05
1.6091633e-05
1.6129923e-05
1.9698982e-05
1.6088011e-05
1.6816581e-05
1.6156915e-05
1.6106925e-05
1.5792124e-05
1.6020905e-05
1.6048562e-05
1.578849e-05
1.5970033e-05
5.4303396e-05
1.5799258e-05
1.5935778e-05
1.6106755e-05
2.6542107e-05
1.6112701e-05
1.6107668e-05
9.0230275e-05
7.1674047e-05
1.6355986e-05
1.6033524e-05
1.5815806e-05
1.6526686e-05
0.0012506653
1.6165739e-05
1.6027969e-05
1.5783848e-05
1.6055407e-05
1.587139e-05
2.8461887e-05
7.3990015e-05
1.5883573e-05
1.5892716e-05
1.6001151e-05
0.0021498369
0.00073251163
1.6210601e-05
3.1540438e-05
2.2888272e-05
1.5821037e-05
1.6406324e-05
2.461313e-05
0.0011939229
1.5855976e-05
3.3857674e-05
2.0586106e-05
1.5804713e-05
1.6110103e-05
1.578511e-05
1.5801265e-05
2.0848092e-05
1.59283e-05
1.6347216e-05
1.7360962e-05
1.6543792e-05
4.0080324e-05
1.6078585e-05
1.6038768e-05
1.593144e-05
0.001668723
0.003266738
1.6005211e-05
1.605772e-05
2.659591e-05
1.7919799e-05
1.5900109e-05
0.0040119062
1.6206517e-05
1.842198e-05
1.6813343e-05
1.7752867e-05
1.5907365e-05
1.5895131e-05
1.6211826e-05
1.6077725e-05
2.5764281e-05
1.6097616e-05
2.3437446e-05
1.5795225e-05
1.5791421e-05
9.2184259e-05
1.5784753e-05
2.6101749e-05
1.6193788e-05
0.0027958802
1.6123395e-05
1.5832469e-05
3.0952572e-05
1.6252394e-05
1.6099794e-05
0.00054547969
1.6110219e-05
1.5928448e-05
1.5808935e-05
1.5804228e-05
1.5936405e-05
1.5995834e-05
1.5815093e-05
1.6027608e-05
1.6707558e-05
1.6783873e-05
1.5896142e-05
1.581129e-05
1.5884029e-05
0.0019625161
0.001682278
1.6064472e-05
1.5957264e-05
2.1611258e-05
7.3340331e-05
1.6885493e-05
1.5907679e-05
1.5976806e-05
1.6153549e-05
1.5831324e-05
1.5792555e-05
1.6063925e-05
1.6012668e-05
0.0012851099
2.2136699e-05
1.5890572e-05
1.5829901e-05
2.0293715e-05
1.5975563e-05
1.6039356e-05
1.5904482e-05
1.5921696e-05
1.5902235e-05
1.5860551e-05
1.5784612e-05
2.0445447e-05
1.6089121e-05
0.0014484395
0.00056247226
1.5784413e-05
1.57951e-05
0.00076709791
1.6040151e-05
1.5969231e-05
1.6030414e-05
1.6185422e-05
1.5795958e-05
1.6101568e-05
2.0761051e-05
1.6009949e-05
1.6205878e-05
0.00014836925
1.5887081e-05
1.5791869e-05
1.6184609e-05
1.6081478e-05
1.5787658e-05
1.6070908e-05
1.605221e-05
1.5936172e-05
7.2714812e-05
1.5784185e-05
1.7065773e-05
0.0011844363
1.5812268e-05
1.638236e-05
1.60183e-05
1.5818511e-05
1.6103023e-05
1.647506e-05
1.6243547e-05
0.0014913745
1.5791871e-05
1.5804652e-05
1.5926185e-05
2.6762294e-05
1.5929404e-05
1.5813636e-05
4.1982551e-05
1.5827163e-05
1.5797291e-05
1.5831294e-05
1.5912958e-05
1.5854693e-05
2.7043589e-05
1.6293802e-05
1.7628552e-05
2.8356947e-05
1.5906101e-05
2.1919984e-05
1.5806378e-05
1.59391e-05
1.5929751e-05
1.59729e-05
1.5813836e-05
1.6016653e-05
1.6019539e-05
1.5795798e-05
1.5805221e-05
1.5945559e-05
1.5907489e-05
1.5799632e-05
0.00047983081
1.580779e-05
1.5799403e-05
2.7113247e-05
1.5909359e-05
1.5809887e-05
1.5802252e-05
1.5853829e-05
0.0019857871
1.6847857e-05
1.593226e-05
1.597087e-05
1.5794451e-05
0.0012959344
1.6467159e-05
1.6261248e-05
1.5793504e-05
1.722038e-05
1.6111343e-05
1.5999276e-05
1.6055592e-05
1.5796929e-05
1.5810623e-05
1.604665e-05
1.5791496e-05
1.583547e-05
1.7284211e-05
2.4351956e-05
1.5862707e-05
1.6104129e-05
0.001010229
0.00014338445
5.8220465e-05
1.5840753e-05
1.6104825e-05
1.5882454e-05
1.5808405e-05
1.5804147e-05
1.5926963e-05
1.6081962e-05
1.6131716e-05
1.5844096e-05
1.598284e-05
1.5795331e-05
1.5974038e-05
1.586588e-05
1.5878858e-05
1.5884022e-05
1.9982057e-05
1.6019977e-05
1.6087575e-05
1.5968686e-05
1.6066114e-05
1.593156e-05
1.6054773e-05
1.6017615e-05
1.5838068e-05
1.6814768e-05
1.5847332e-05
1.6263513e-05
7.4106992e-05
0.00092775163
1.605032e-05
1.5893414e-05
2.1572194e-05
1.6015392e-05
1.6828632e-05
0.00013253354
1.5790413e-05
1.6803119e-05
2.3745687e-05
2.207678e-05
1.6092355e-05
2.201461e-05
0.0031870506
1.6185358e-05
1.5846097e-05
1.6011196e-05
1.6013572e-05
1.5996741e-05
1.5793413e-05
1.6181014e-05
1.5791072e-05
1.5877589e-05
1.5804478e-05
1.5798319e-05
3.8358736e-05
1.5978622e-05
1.6067867e-05
1.5994422e-05
1.7218064e-05
1.6137336e-05
1.6288455e-05
1.5946935e-05
1.600633e-05
1.5785091e-05
2.3684654e-05
1.6142698e-05
1.6281117e-05
2.5437686e-05
1.6214333e-05
1.5846818e-05
1.5940346e-05
1.682916e-05
1.6097059e-05
1.613543e-05
1.6025933e-05
1.696016e-05
2.5108247e-05
1.5814686e-05
1.5938101e-05
1.613214e-05
1.6097097e-05
1.6114918e-05
1.5851269e-05
1.5875093e-05
1.6107311e-05
1.6032834e-05
2.4009853e-05
1.5999726e-05
1.6063876e-05
1.5901329e-05
1.6108325e-05
1.649695e-05
1.5866359e-05
1.5800633e-05
1.5809782e-05
1.5825831e-05
1.6030217e-05
1.5933267e-05
1.5805328e-05
1.5793791e-05
1.6611617e-05
1.617095e-05
1.5870136e-05
1.5910079e-05
1.5801046e-05
1.587999e-05
1.7973911e-05
2.4039986e-05
1.6508264e-05
1.5797543e-05
1.6060154e-05
1.5905358e-05
1.5807686e-05
1.5791563e-05
1.6427152e-05
1.5996497e-05
0.0044080968
1.6099736e-05
1.6087787e-05
1.5803902e-05
1.5870242e-05
0.0010947447
0.00049743446
1.6144278e-05
1.5936779e-05
1.6068946e-05
1.5844456e-05
1.5878243e-05
1.5879347e-05
1.6004462e-05
1.594349e-05
3.8337425e-05
1.6260534e-05
1.6107025e-05
7.3515348e-05
1.6108104e-05
1.579286e-05
1.6003046e-05
1.605875e-05
1.6127746e-05
1.579521e-05
2.1052482e-05
1.5933872e-05
2.0065237e-05
1.5976889e-05
1.6068805e-05
1.6093573e-05
1.5868939e-05
1.5790016e-05
1.6047489e-05
2.0695298e-05
1.5801208e-05
0.00013746715
1.6019252e-05
1.6110719e-05
1.594216e-05
1.5874459e-05
1.6105064e-05
1.5827627e-05
1.610474e-05
1.6316172e-05
1.597368e-05
1.6053586e-05
1.5966828e-05
1.5882764e-05
1.5968598e-05
1.5850767e-05
1.581341e-05
1.6092865e-05
2.3175254e-05
0.0037597246
1.6122702e-05
1.6040337e-05
1.6136599e-05
1.6588689e-05
0.0019335755
1.6576726e-05
1.6100732e-05
1.6029618e-05
1.6100464e-05
0.00083242421
1.5800102e-05
2.171132e-05
1.5920807e-05
1.6017898e-05
1.6179361e-05
1.9963044e-05
1.5977767e-05
1.6042768e-05
1.6648147e-05
1.5999605e-05
0.002719982
1.596578e-05
1.5794363e-05
1.6029899e-05
2.1244786e-05
1.5787126e-05
1.5937893e-05
1.6063782e-05
1.5956037e-05
1.6058403e-05
1.6033789e-05
1.6056805e-05
1.6615183e-05
1.6177294e-05
1.653744e-05
1.5803934e-05
0.0011330381
1.6063231e-05
1.7856611e-05
1.5877591e-05
1.603057e-05
1.5800204e-05
1.6150468e-05
1.6053808e-05
1.5811415e-05
1.5962456e-05
1.6161264e-05
1.6240001e-05
1.5969929e-05
1.5844192e-05
1.6058883e-05
1.5810097e-05
1.5966085e-05
1.5791271e-05
1.6103863e-05
2.771005e-05
1.6102238e-05
1.5789173e-05
1.6064181e-05
0.0044097999
1.6065345e-05
1.6051395e-05
1.5853571e-05
1.6112835e-05
1.6124931e-05
1.8065462e-05
1.5898088e-05
1.5964402e-05
1.579345e-05
1.5796054e-05
1.60205e-05
1.6055555e-05
1.6062208e-05
1.6111976e-05
1.6011024e-05
1.6137533e-05
1.6722906e-05
5.0320186e-05
1.5995884e-05
2.9755839e-05
1.5908952e-05
1.5985071e-05
2.4744572e-05
1.5932068e-05
1.5784973e-05
1.5810561e-05
1.5875978e-05
1.605323e-05
1.6082916e-05
1.8759194e-05
1.5792978e-05
1.5789854e-05
1.5945288e-05
1.610666e-05
1.6110159e-05
1.578671e-05
1.5878085e-05
6.4798893e-05
1.579043e-05
1.7212451e-05
1.5789755e-05
1.599967e-05
0.0018104699
1.6088256e-05
1.6041138e-05
1.5791037e-05
1.5928457e-05
1.5819754e-05
2.1919562e-05
1.6086716e-05
1.5833476e-05
1.6098937e-05
1.579163e-05
1.6021162e-05
1.5984605e-05
1.8012919e-05
1.6040599e-05
1.6107228e-05
2.1415822e-05
8.9627135e-05
1.5791039e-05
1.5783774e-05
0.00016761143
1.578414e-05
1.5822087e-05
1.5805785e-05
1.5863693e-05
1.6011393e-05
1.611443e-05
1.6087407e-05
1.6031066e-05
1.5868353e-05
9.7234392e-05
1.5916558e-05
1.8869147e-05
1.5999427e-05
1.6201109e-05
1.6179509e-05
1.6311911e-05
1.5792745e-05
1.5862858e-05
1.579771e-05
1.6004509e-05
1.6038036e-05
1.5877573e-05
2.4040416e-05
2.1401731e-05
2.2042025e-05
1.6610189e-05
1.6191888e-05
1.586815e-05
1.8878337e-05
1.579739e-05
1.6046719e-05
1.5834718e-05
1.5801034e-05
1.6037855e-05
1.5908809e-05
1.5976925e-05
1.6186314e-05
1.6061245e-05
1.6058914e-05
1.7623423e-05
1.5853396e-05
1.5891736e-05
0.0011194709
1.5811143e-05
1.7971413e-05
1.6133697e-05
1.7014899e-05
1.6072756e-05
1.5843956e-05
1.5979747e-05
1.9068674e-05
2.5283763e-05
1.597614e-05
1.6185693e-05
1.5883023e-05
1.5831659e-05
1.6109973e-05
1.7908283e-05
1.5879503e-05
1.5995597e-05
1.5784913e-05
1.6085308e-05
1.6091698e-05
1.6177033e-05
1.5804475e-05
1.6003954e-05
1.6238789e-05
1.5865893e-05
1.6212708e-05
1.6129181e-05
1.5870052e-05
2.1029877e-05
1.6072189e-05
1.5826796e-05
1.5794031e-05
1.6204353e-05
2.6824397e-05
1.5997668e-05
1.5804523e-05
1.5852135e-05
1.6009003e-05
1.5826555e-05
1.5886665e-05
1.6043153e-05
1.6171983e-05
1.5786846e-05
1.6025864e-05
0.00033856665
1.5987562e-05
1.5856039e-05
1.6098025e-05
1.6183489e-05
1.6793881e-05
1.6032727e-05
1.5802631e-05
0.00013655707
1.6164459e-05
1.8226526e-05
1.6019263e-05
1.6108094e-05
1.5915224e-05
1.621741e-05
2.5069503e-05
1.6068306e-05
1.5879536e-05
1.5787656e-05
1.5810698e-05
1.5817145e-05
1.587935e-05
1.5868723e-05
1.6063798e-05
2.6818544e-05
1.5795517e-05
0.0010649699
1.5800626e-05
1.5941417e-05
1.5882852e-05
1.5810658e-05
2.5124311e-05
1.599269e-05
1.5801326e-05
1.5991798e-05
1.6043283e-05
0.0028943056
1.5807812e-05
1.6067861e-05
1.6028281e-05
2.1163459e-05
1.6523976e-05
1.7468009e-05
1.5864934e-05
0.00034046593
1.6057308e-05
1.6177907e-05
1.5974053e-05
1.5843392e-05
2.0804333e-05
1.6613306e-05
1.6053915e-05
2.919833e-05
1.610001e-05
2.1062488e-05
2.9512245e-05
0.0029322488
1.5998798e-05
1.580381e-05
1.5860593e-05
1.6055119e-05
1.5968271e-05
2.0273364e-05
1.579745e-05
1.6617145e-05
1.6037196e-05
2.1166458e-05
1.5786938e-05
1.599424e-05
1.6005075e-05
1.5791297e-05
1.597461e-05
1.6021887e-05
1.6185194e-05
1.613967e-05
2.0317087e-05
2.3967695e-05
1.7691928e-05
1.5981075e-05
2.318368e-05
1.5791845e-05
1.5908188e-05
1.5802022e-05
1.5998967e-05
0.0027775344
1.5850797e-05
3.6297786e-05
1.6318167e-05
0.0015428167
1.5977165e-05
1.6086334e-05
1.5805923e-05
1.5800658e-05
1.6077889e-05
1.6100563e-05
1.587315e-05
1.602846e-05
1.8277978e-05
1.5794258e-05
1.6119991e-05
1.5824614e-05
2.8843632e-05
1.6085911e-05
5.4946054e-05
1.5811085e-05
1.6094702e-05
1.5797024e-05
1.5864118e-05
1.683184e-05
1.5873672e-05
3.0787297e-05
1.5928638e-05
3.5652334e-05
1.611092e-05
1.5986005e-05
3.9040168e-05
1.6160463e-05
1.8894134e-05
3.2313672e-05
1.6093144e-05
0.00086096981
1.5784809e-05
1.6061173e-05
1.5802754e-05
1.5984813e-05
1.5807584e-05
1.5793313e-05
1.5873719e-05
2.6802472e-05
1.5791553e-05
1.5912683e-05
1.5942814e-05
0.00071796509
2.0284445e-05
1.909222e-05
1.6643309e-05
1.5818294e-05
1.6061366e-05
0.00041069676
1.6005234e-05
1.5788346e-05
1.595854e-05
1.6562022e-05
1.6076407e-05
5.778081e-05
0.0006330446
1.5967526e-05
1.587496e-05
1.5792284e-05
1.7213178e-05
1.6238776e-05
1.5944082e-05
1.6384855e-05
1.5967639e-05
1.8146051e-05
1.6225322e-05
1.5791265e-05
1.6091915e-05
1.5908038e-05
1.5797505e-05
1.6090153e-05
0.0023306453
3.6060825e-05
0.0023145459
1.6591426e-05
1.5794357e-05
1.5996408e-05
1.6006702e-05
1.6018894e-05
1.5800823e-05
1.6121751e-05
1.6093998e-05
1.6008593e-05
1.6089042e-05
1.5901395e-05
1.580376e-05
1.581118e-05
1.6108908e-05
1.5811345e-05
0.0001609603
1.6006929e-05
1.6015005e-05
1.5854052e-05
1.597087e-05
1.6086528e-05
1.596133e-05
1.6015878e-05
1.5833942e-05
2.1048146e-05
2.3396851e-05
1.5875106e-05
1.6078624e-05
1.5973095e-05
1.5884738e-05
1.6042398e-05
1.5941222e-05
1.5870977e-05
1.5971181e-05
1.5785512e-05
0.0021315375
1.5792453e-05
1.5935696e-05
1.5855972e-05
1.591593e-05
1.5824061e-05
1.65274e-05
0.00091208843
1.7062103e-05
1.5785163e-05
1.5811341e-05
1.5785556e-05
2.4601431e-05
1.5855938e-05
2.38829e-05
1.6089892e-05
1.6654176e-05
2.2867245e-05
1.6092523e-05
0.001516119
2.2046736e-05
1.6045171e-05
2.0314765e-05
1.6078282e-05
1.6010088e-05
1.57959e-05
1.5941925e-05
0.00016743688
2.1944858e-05
1.5870573e-05
1.5880328e-05
1.5879217e-05
1.583704e-05
1.5812995e-05
3.1204034e-05
2.9419981e-05
1.5874331e-05
1.6052575e-05
1.600935e-05
1.617464e-05
1.5793336e-05
2.912603e-05
1.5859925e-05
0.00091617589
1.5822979e-05
1.5925007e-05
2.6809862e-05
1.6172219e-05
1.6046993e-05
1.6097638e-05
1.5878582e-05
1.5980621e-05
1.6016756e-05
1.5871866e-05
1.6383878e-05
1.5793353e-05
2.1908604e-05
1.5839938e-05
1.5900141e-05
0.0010657325
1.5959221e-05
1.5834276e-05
1.6097129e-05
1.6095707e-05
1.5929339e-05
7.33778e-05
1.5877979e-05
1.8701923e-05
5.9555689e-05
1.6047255e-05
1.5868908e-05
1.606535e-05
1.6184454e-05
1.6003419e-05
1.5935113e-05
1.8221823e-05
1.5974191e-05
1.6094316e-05
1.6104773e-05
2.2867092e-05
0.0010298109
1.5828971e-05
2.1660074e-05
1.6048247e-05
1.5801997e-05
1.5809594e-05
1.5913125e-05
0.00063451615
1.5791446e-05
0.00064208313
1.6435674e-05
0.00076599403
1.6059453e-05
1.5800006e-05
1.5792234e-05
1.6260902e-05
2.2889231e-05
1.5802557e-05
1.5821662e-05
1.5997908e-05
1.5805571e-05
1.5962179e-05
1.6123261e-05
2.1045691e-05
1.580993e-05
2.3363009e-05
1.6719357e-05
1.6720289e-05
1.6041524e-05
1.5893139e-05
1.6043165e-05
2.3395927e-05
1.6566533e-05
1.6247281e-05
1.6125572e-05
1.8165181e-05
1.5802557e-05
1.6069535e-05
1.8165826e-05
2.6196598e-05
2.6204766e-05
0.0044949206
1.60058e-05
)
;

boundaryField
{
    back
    {
        type            empty;
    }
    front
    {
        type            empty;
    }
    farfield
    {
        type            calculated;
        value           nonuniform List<scalar> 
60
(
1.5782869e-05
1.5782869e-05
1.5782869e-05
1.5791372e-05
1.5800895e-05
1.5823558e-05
1.5828055e-05
1.5782869e-05
1.5782869e-05
1.5782869e-05
1.5782869e-05
1.5782869e-05
1.5782869e-05
1.5828858e-05
1.5825762e-05
1.5820885e-05
1.58087e-05
1.5797327e-05
1.5805009e-05
1.5794195e-05
1.5782869e-05
1.5782869e-05
1.5782869e-05
1.5782869e-05
1.5782869e-05
1.5782869e-05
1.5782869e-05
1.5782869e-05
1.5782869e-05
1.5782869e-05
1.5782869e-05
1.5782869e-05
1.5782869e-05
1.5782869e-05
1.5782869e-05
1.5813658e-05
1.5782869e-05
1.5831562e-05
1.5782869e-05
1.5782869e-05
1.5782869e-05
1.5782869e-05
1.5782869e-05
1.5782869e-05
1.5789487e-05
1.5817485e-05
1.5782869e-05
1.5782869e-05
1.5782869e-05
1.5782869e-05
1.5782869e-05
1.5782869e-05
1.5782869e-05
1.5782869e-05
1.5782869e-05
1.5782869e-05
1.5782869e-05
1.5782869e-05
1.5782869e-05
1.5782869e-05
)
;
    }
    outlet
    {
        type            calculated;
        value           nonuniform List<scalar> 
20
(
1.5795094e-05
1.5800702e-05
1.5795374e-05
1.5836549e-05
2.3238309e-05
3.4043507e-05
3.2361368e-05
2.3248311e-05
1.7619336e-05
1.6254513e-05
1.5858501e-05
1.5798848e-05
1.5793983e-05
1.6619133e-05
1.5802773e-05
1.5807215e-05
1.5799283e-05
1.5805308e-05
1.580981e-05
1.5825335e-05
)
;
    }
    flap
    {
        type            nutLowReWallFunction;
        blending        stepwise;
        Cmu             0.09;
        kappa           0.41;
        E               9.8;
        value           uniform 0;
    }
    mainfoil
    {
        type            nutLowReWallFunction;
        blending        stepwise;
        Cmu             0.09;
        kappa           0.41;
        E               9.8;
        value           uniform 0;
    }
}


// ************************************************************************* //
