/*--------------------------------*- C++ -*----------------------------------*\
| =========                 |                                                 |
| \\      /  F ield         | OpenFOAM: The Open Source CFD Toolbox           |
|  \\    /   O peration     | Version:  v2012                                 |
|   \\  /    A nd           | Website:  www.openfoam.com                      |
|    \\/     M anipulation  |                                                 |
\*---------------------------------------------------------------------------*/
FoamFile
{
    version     2.0;
    format      ascii;
    class       volScalarField;
    location    "2945";
    object      nut;
}
// * * * * * * * * * * * * * * * * * * * * * * * * * * * * * * * * * * * * * //

dimensions      [0 2 -1 0 0 0 0];


internalField   nonuniform List<scalar> 
38984
(
3.6356931e-10
3.8746449e-08
4.3820058e-07
2.5093411e-06
1.0226928e-05
3.3975801e-05
9.5916845e-05
0.0002167211
0.00039421033
0.00061277671
0.00085918964
3.8826714e-10
4.1565616e-08
4.7278562e-07
2.7207043e-06
1.1125634e-05
3.7056286e-05
0.00010427504
0.00023319265
0.00042101059
0.00065324211
0.00092102366
4.1973584e-10
4.4550438e-08
5.0057531e-07
2.8452772e-06
1.1525366e-05
3.8238444e-05
0.00010796649
0.00024264212
0.00043908631
0.00068211415
0.00096439552
4.4454696e-13
4.3728524e-11
4.3259666e-10
2.0897704e-09
7.0135639e-09
1.8834826e-08
4.3740799e-08
9.3876749e-08
2.1919815e-07
5.2858944e-07
1.2265293e-06
5.2141348e-13
5.1257156e-11
5.0579782e-10
2.4318989e-09
8.1009225e-09
2.1513349e-08
4.9147348e-08
1.0259271e-07
2.2232347e-07
5.2606372e-07
1.2350144e-06
4.1143178e-10
4.8350716e-08
6.5845222e-07
4.6344135e-06
2.191758e-05
8.4376162e-05
0.00021602314
0.00038240224
0.00054866357
0.00069200283
0.00079164024
3.954985e-10
4.7030481e-08
6.0620852e-07
3.981994e-06
1.9959013e-05
8.1033438e-05
0.00021047087
0.00037371624
0.00053625142
0.00067504505
0.00076818801
3.5994786e-10
4.298937e-08
6.0201201e-07
4.3614167e-06
2.0990568e-05
8.1303691e-05
0.00020758448
0.00036681014
0.0005252358
0.00065954586
0.00074687884
3.7464785e-10
3.9020943e-08
4.2587913e-07
2.3368601e-06
9.0763367e-06
2.8472761e-05
7.5482397e-05
0.00016566182
0.00030266963
0.00047906205
0.00068511067
3.7987301e-10
3.9630006e-08
4.3408053e-07
2.3975266e-06
9.4206674e-06
3.0153331e-05
8.2177704e-05
0.00018347267
0.00033634655
0.00053119224
0.00075826595
3.9679736e-10
4.1274259e-08
4.4975776e-07
2.4649487e-06
9.5736044e-06
3.0101179e-05
8.0226831e-05
0.00017660728
0.00032093954
0.00050071312
0.00070028454
3.9088934e-10
4.0777713e-08
4.4610952e-07
2.4552395e-06
9.5787571e-06
3.0279222e-05
8.1015282e-05
0.00017820862
0.00032400221
0.00050854156
0.00072026907
3.8212796e-10
3.9797715e-08
4.3434481e-07
2.3835218e-06
9.2598438e-06
2.9046085e-05
7.6753566e-05
0.00016715694
0.00030294984
0.00047660505
0.00067903875
5.5488884e-11
5.9468748e-09
6.8495053e-08
4.0621709e-07
1.7451746e-06
6.1787577e-06
1.9232032e-05
5.5018128e-05
0.00014380344
0.0003162313
0.00057605378
5.8402035e-11
6.2718966e-09
7.2467175e-08
4.3117688e-07
1.8566275e-06
6.5738361e-06
2.0400559e-05
5.7943805e-05
0.00014952002
0.00032529378
0.00058878602
3.347824e-10
3.4737657e-08
3.7710959e-07
2.0572438e-06
7.9329274e-06
2.4534463e-05
6.3034043e-05
0.00013243208
0.00023161629
0.00035158249
0.00048119765
3.3934844e-10
3.5201629e-08
3.819222e-07
2.0813796e-06
8.012865e-06
2.472009e-05
6.3308823e-05
0.00013267459
0.00023166702
0.00035115824
0.00047959401
4.9571006e-10
5.3074072e-08
6.0261987e-07
3.4529003e-06
1.4051604e-05
4.6752992e-05
0.00013018641
0.00028272756
0.00049348029
0.00074092934
0.0010115297
5.2596276e-10
5.594174e-08
6.3108004e-07
3.6139696e-06
1.4884979e-05
5.1366337e-05
0.00015077162
0.00033395704
0.00058294769
0.00087629449
0.0012105164
4.8634916e-10
5.1570597e-08
5.7980684e-07
3.3118717e-06
1.3605399e-05
4.6743352e-05
0.00013834866
0.0003115508
0.00054700446
0.00081649747
0.001104203
4.3992231e-10
4.7575719e-08
5.5046957e-07
3.2445128e-06
1.3753392e-05
4.8841623e-05
0.00014699612
0.00032746701
0.00056982826
0.00085132099
0.0011631061
4.2656833e-10
4.605799e-08
5.3008261e-07
3.0881085e-06
1.2795184e-05
4.3340633e-05
0.00012261137
0.00026859285
0.00047246546
0.00071705966
0.00099358602
3.7422069e-10
3.9212958e-08
4.3210254e-07
2.4007201e-06
9.4784284e-06
3.0429471e-05
8.2839151e-05
0.00018378627
0.00033452781
0.00052512956
0.00074550932
8.4507816e-11
9.0541101e-09
1.040656e-07
6.1435465e-07
2.6199068e-06
9.1913098e-06
2.8394477e-05
7.9989494e-05
0.00019434368
0.00038487319
0.00064522627
8.8179533e-11
9.4273029e-09
1.0791651e-07
6.3336731e-07
2.6796299e-06
9.3018192e-06
2.8318844e-05
7.8137383e-05
0.00018659865
0.00036771095
0.00061797207
3.8631259e-10
4.0256452e-08
4.3980044e-07
2.4172492e-06
9.4148546e-06
2.9660098e-05
7.880081e-05
0.00017194371
0.00031083679
0.00048631962
0.00068769975
3.9726471e-10
4.1408591e-08
4.5247186e-07
2.4864435e-06
9.6770391e-06
3.0436476e-05
8.0558261e-05
0.00017483259
0.00031446748
0.00048962143
0.00068861208
3.9146341e-10
4.0766312e-08
4.4486083e-07
2.4410515e-06
9.485793e-06
2.9783045e-05
7.8736447e-05
0.00017101438
0.00030824594
0.00048134411
0.00067951941
1.467913e-10
1.4765856e-08
1.5143242e-07
7.6030385e-07
2.6111664e-06
6.9153525e-06
1.4902704e-05
2.6901166e-05
4.1429722e-05
5.5117708e-05
6.3798613e-05
1.4570828e-10
1.4676173e-08
1.5087972e-07
7.6025876e-07
2.6236554e-06
6.9892655e-06
1.5160057e-05
2.7555827e-05
4.2757743e-05
5.7367119e-05
6.7027354e-05
1.720267e-10
1.8313893e-08
2.0772376e-07
1.2016942e-06
4.9839644e-06
1.6905897e-05
5.0283284e-05
0.00013165066
0.00028309473
0.00050139355
0.00077355551
1.7297147e-10
1.8555486e-08
2.1319997e-07
1.2547384e-06
5.3234476e-06
1.8669157e-05
5.8591182e-05
0.00016057384
0.00034486038
0.00059946727
0.00091154355
1.762003e-12
1.9711516e-10
2.6027182e-09
2.0144928e-08
1.2082201e-07
6.1086297e-07
2.7384153e-06
1.096932e-05
3.8673451e-05
0.00011542
0.0002774482
1.7496702e-12
1.9666364e-10
2.6336319e-09
2.071553e-08
1.2508865e-07
6.3513924e-07
2.8575078e-06
1.1469993e-05
4.0455651e-05
0.00012045061
0.00028794669
4.0658707e-10
4.2575908e-08
4.6939611e-07
2.6165142e-06
1.04169e-05
3.4063636e-05
9.553199e-05
0.00021517004
0.00038904783
0.00059888504
0.00082913042
4.0783602e-10
4.2405449e-08
4.6174697e-07
2.5279548e-06
9.8048268e-06
3.0774179e-05
8.1742559e-05
0.00017884336
0.0003225494
0.00049911002
0.00069162527
3.7218292e-10
3.8813116e-08
4.2446556e-07
2.3351262e-06
9.0976396e-06
2.8631805e-05
7.5976817e-05
0.00016604392
0.00030126998
0.00047339653
0.0006722318
3.893196e-10
4.0505259e-08
4.4130402e-07
2.4159282e-06
9.3552129e-06
2.91967e-05
7.6453981e-05
0.00016463209
0.00029533678
0.00046042164
0.00065001553
3.8225539e-10
3.9846642e-08
4.3535806e-07
2.3910885e-06
9.2905713e-06
2.9097711e-05
7.6457708e-05
0.00016502098
0.00029641529
0.00046249775
0.0006534473
3.9419825e-10
4.1064232e-08
4.4828659e-07
2.4605689e-06
9.5626529e-06
3.0021693e-05
7.9329592e-05
0.00017213243
0.00030986725
0.00048316372
0.00068096178
3.8159457e-10
3.9664677e-08
4.3164282e-07
2.3609977e-06
9.142541e-06
2.8590919e-05
7.5404268e-05
0.00016426516
0.00029804049
0.00046920529
0.00066813615
3.8734717e-10
4.0356713e-08
4.4050454e-07
2.4155183e-06
9.3620631e-06
2.9218861e-05
7.6543355e-05
0.00016531652
0.00029810357
0.00046772948
0.00066526447
3.6901907e-10
3.8473602e-08
4.2065931e-07
2.3141671e-06
9.0185883e-06
2.8400779e-05
7.5465102e-05
0.00016523733
0.00030024839
0.00047212282
0.00067032686
4.0219167e-10
4.190826e-08
4.5756248e-07
2.5111615e-06
9.759228e-06
3.0676591e-05
8.1343906e-05
0.00017720966
0.00031981714
0.00049897117
0.00070255507
3.8814569e-10
4.0433913e-08
4.4144153e-07
2.423624e-06
9.4240409e-06
2.9613614e-05
7.839224e-05
0.00017052032
0.00030771534
0.00048096129
0.00067952893
3.7805959e-10
3.9393655e-08
4.3026989e-07
2.3634505e-06
9.1925392e-06
2.8876617e-05
7.6443157e-05
0.00016666051
0.00030185535
0.00047372128
0.00067208302
1.2552248e-10
1.1763925e-08
1.0678861e-07
4.5709528e-07
1.3052664e-06
2.8332685e-06
4.9538929e-06
7.1630508e-06
8.6710879e-06
8.9130992e-06
8.1908976e-06
1.3266771e-10
1.2524807e-08
1.150313e-07
4.991779e-07
1.4460628e-06
3.1852877e-06
5.6543115e-06
8.3050245e-06
1.0211494e-05
1.0631704e-05
9.8019107e-06
5.4633743e-08
5.1308506e-06
3.3369304e-05
9.8470378e-05
0.00017055503
0.0002156836
0.00021314703
0.00015908647
8.1485458e-05
2.9842041e-05
1.2597069e-05
7.713952e-08
5.7538983e-06
3.1270823e-05
7.5763023e-05
0.00011375444
0.00012205491
9.481051e-05
5.0562867e-05
1.9482042e-05
8.4899571e-06
7.0046323e-06
1.0113548e-07
4.9192603e-06
2.3414315e-05
4.9246839e-05
6.3048301e-05
5.4700581e-05
3.2232593e-05
1.3433737e-05
5.850043e-06
5.2247047e-06
7.1599844e-06
3.9243705e-10
4.0873825e-08
4.4591249e-07
2.4435887e-06
9.4645366e-06
2.951513e-05
7.7165488e-05
0.00016595525
0.00029740754
0.00046287949
0.00065169449
1.0691204e-12
1.1553853e-10
1.415289e-09
1.0227137e-08
5.9247553e-08
2.95894e-07
1.3338164e-06
5.4482035e-06
2.007143e-05
6.4897448e-05
0.00017508935
9.8352575e-13
1.071741e-10
1.3489186e-09
1.0175445e-08
5.9863406e-08
3.0132604e-07
1.3600866e-06
5.5516974e-06
2.0422485e-05
6.5897482e-05
0.0001773137
1.0386346e-12
1.1377083e-10
1.4589433e-09
1.1263795e-08
6.7026708e-08
3.3882024e-07
1.5309771e-06
6.2374149e-06
2.2809557e-05
7.2730372e-05
0.00019211246
4.0359094e-10
4.2009962e-08
4.5799385e-07
2.5092019e-06
9.7286593e-06
3.0438075e-05
7.989603e-05
0.00017186195
0.0003071372
0.00047626404
0.00066804053
1.3978245e-10
1.3274817e-08
1.2311921e-07
5.4064578e-07
1.5861477e-06
3.5398487e-06
6.3698871e-06
9.4912421e-06
1.1842358e-05
1.2483121e-05
1.1534861e-05
1.448689e-10
1.3837384e-08
1.2955871e-07
5.7549627e-07
1.7092043e-06
3.8626643e-06
7.0415746e-06
1.063644e-05
1.3461863e-05
1.4377849e-05
1.336579e-05
3.6742767e-10
3.8344484e-08
4.2034809e-07
2.3253304e-06
9.1607921e-06
2.9438403e-05
8.0616793e-05
0.00018013813
0.00032901659
0.00051641025
0.00073082963
3.9977025e-10
4.1626407e-08
4.5414846e-07
2.4912748e-06
9.6780644e-06
3.0376834e-05
8.0180074e-05
0.00017348962
0.00031122117
0.0004835568
0.00067919376
3.8253436e-10
3.9855646e-08
4.3520952e-07
2.3895585e-06
9.288283e-06
2.9154971e-05
7.710725e-05
0.0001679105
0.00030364528
0.00047549284
0.00067259833
1.0568722e-10
9.7406541e-09
8.6171841e-08
3.5820057e-07
9.9246563e-07
2.0891432e-06
3.5393949e-06
4.9566583e-06
5.8266356e-06
5.8872772e-06
5.4794385e-06
1.1633533e-10
1.0814225e-08
9.6928793e-08
4.0890939e-07
1.1503382e-06
2.4594913e-06
4.2346168e-06
6.0288719e-06
7.1954453e-06
7.3335128e-06
6.7714756e-06
1.4802488e-08
3.0464687e-06
2.8322503e-05
0.0001068524
0.00022281246
0.00033666918
0.00041892432
0.00044929886
0.00041131187
0.00030078672
0.00016721482
3.8075181e-08
4.170449e-06
3.1266636e-05
0.00010643376
0.00020486356
0.00028841268
0.00032994932
0.00031161289
0.00022866618
0.0001163772
4.5817151e-05
1.4789813e-10
1.4860417e-08
1.520748e-07
7.6103594e-07
2.6019165e-06
6.8523298e-06
1.4672789e-05
2.6298836e-05
4.017422e-05
5.2922608e-05
6.0524077e-05
3.744609e-10
3.89145e-08
4.2335619e-07
2.3151217e-06
8.962668e-06
2.8003052e-05
7.3623031e-05
0.00015954599
0.00028796223
0.00045127097
0.00063966429
3.4956924e-10
3.6597564e-08
4.0346314e-07
2.2504017e-06
8.9726252e-06
2.9383334e-05
8.2903526e-05
0.00018979457
0.00035003594
0.00055057227
0.00077907258
3.8886088e-10
4.0791879e-08
4.5127995e-07
2.5298835e-06
1.0165421e-05
3.3778419e-05
9.7618556e-05
0.00022640871
0.00041586786
0.00064559888
0.00090064345
2.128252e-10
2.2785388e-08
2.6012845e-07
1.510082e-06
6.2474158e-06
2.0990521e-05
6.1061396e-05
0.00015150947
0.00030642377
0.0005184672
0.00077432302
2.2964775e-10
2.4515429e-08
2.7917037e-07
1.6235806e-06
6.7982836e-06
2.3574247e-05
7.2956409e-05
0.00019044123
0.00038749892
0.00065050878
0.00097247167
3.7482861e-10
3.8981582e-08
4.244508e-07
2.3220024e-06
8.9815464e-06
2.7972871e-05
7.3105163e-05
0.00015755016
0.00028348762
0.00044369931
0.00062888356
3.7586167e-10
3.9420057e-08
4.3527874e-07
2.4277231e-06
9.6513521e-06
3.1359785e-05
8.6719326e-05
0.00019342878
0.00035034306
0.00054494314
0.00076578273
3.8044553e-10
3.9628472e-08
4.3233687e-07
2.36842e-06
9.1608395e-06
2.8463488e-05
7.3971017e-05
0.00015841638
0.00028372241
0.00044252926
0.00062526578
4.0757198e-10
4.2539005e-08
4.6573053e-07
2.5650644e-06
1.0012276e-05
3.1681073e-05
8.5052046e-05
0.00018773649
0.00034065346
0.00052975233
0.0007384414
3.9153113e-10
4.1116078e-08
4.5498246e-07
2.5442412e-06
1.01415e-05
3.3055271e-05
9.1769386e-05
0.00020468166
0.0003682
0.00056519962
0.00077932087
3.8213512e-10
4.0121905e-08
4.4341182e-07
2.47222e-06
9.8057096e-06
3.1693177e-05
8.6792138e-05
0.00019194977
0.00034601984
0.00053638472
0.00075081471
4.0999686e-10
4.2676601e-08
4.6550085e-07
2.5544892e-06
9.9425753e-06
3.1393527e-05
8.4037447e-05
0.00018499022
0.00033612761
0.00052648266
0.00074370486
3.4205749e-11
2.992132e-09
2.6534724e-08
1.2042864e-07
4.7069183e-07
1.7293982e-06
5.6679294e-06
1.6564826e-05
4.4055433e-05
0.00010839581
0.00024668976
3.5987969e-10
3.748945e-08
4.091913e-07
2.2443848e-06
8.7024695e-06
2.7174384e-05
7.1438486e-05
0.00015548179
0.00028218271
0.00044367624
0.00062863426
4.0811591e-10
4.245471e-08
4.623974e-07
2.5302056e-06
9.795385e-06
3.0600211e-05
8.0299193e-05
0.00017299769
0.00030953104
0.00047965154
0.00067094946
4.086037e-10
4.253823e-08
4.6395679e-07
2.5444137e-06
9.8878946e-06
3.1117348e-05
8.2791119e-05
0.00018119728
0.00032834593
0.00051415522
0.00072698214
4.114926e-10
4.2872813e-08
4.6797377e-07
2.5670428e-06
9.9683843e-06
3.1298903e-05
8.286255e-05
0.00017997942
0.0003229257
0.00049923142
0.00069431969
4.119907e-10
4.3123771e-08
4.7500621e-07
2.6444082e-06
1.0515851e-05
3.437927e-05
9.6690445e-05
0.00021920794
0.00039913041
0.0006187572
0.00086353662
4.1794097e-10
4.3419011e-08
4.7269704e-07
2.5928272e-06
1.011549e-05
3.2154568e-05
8.6950932e-05
0.00019184823
0.00034546722
0.00053201844
0.00073457667
3.9877454e-10
4.1553029e-08
4.53574e-07
2.4867304e-06
9.6368347e-06
3.0099497e-05
7.9042218e-05
0.00017115499
0.00030884808
0.00048369769
0.00068523691
1.510001e-09
1.6417918e-07
1.751024e-06
1.1924731e-05
5.8725099e-05
0.00015950023
0.00029162477
0.00042815325
0.00054930865
0.00063864254
0.00067328859
1.980214e-09
2.8886567e-07
3.8936271e-06
2.1903536e-05
7.8049632e-05
0.00018392388
0.00031706803
0.00045162295
0.0005684892
0.00065170063
0.00067966196
2.8074764e-09
4.4707996e-07
5.4917835e-06
2.8759974e-05
9.7469784e-05
0.00021497988
0.00035457911
0.0004904564
0.00060458082
0.00068152791
0.00070055945
6.1656252e-10
7.4948423e-08
1.1038215e-06
7.6561985e-06
3.3434767e-05
0.00010762576
0.00022838765
0.00036835661
0.00050200138
0.00060918874
0.00066587048
8.3980686e-10
9.9687198e-08
1.1711738e-06
7.4949317e-06
3.7998742e-05
0.00012283726
0.00024993204
0.00039030657
0.00052032847
0.00062139174
0.00067005606
1.0955969e-09
1.2489876e-07
1.3786194e-06
9.1244787e-06
4.628831e-05
0.00013817395
0.00026717447
0.00040519278
0.00053048335
0.00062551155
0.00066724301
3.1023422e-10
3.2177697e-08
3.4926044e-07
1.9064968e-06
7.3638057e-06
2.2833892e-05
5.8912473e-05
0.00012434653
0.00021803118
0.00033093385
0.00045167189
3.160386e-10
3.278626e-08
3.5584336e-07
1.9409204e-06
7.4821355e-06
2.3118139e-05
5.9348781e-05
0.00012475734
0.00021820568
0.00033055027
0.00044996195
2.5412265e-10
2.7032331e-08
3.0566499e-07
1.7573968e-06
7.2275647e-06
2.4359764e-05
7.1809323e-05
0.00017788575
0.00035272864
0.00058530175
0.0008647743
2.5696408e-10
2.7399837e-08
3.1087631e-07
1.7935215e-06
7.3973616e-06
2.4987568e-05
7.3741351e-05
0.00018211592
0.00035919264
0.00059268017
0.00087054537
2.6466862e-10
2.8201521e-08
3.1971313e-07
1.8439531e-06
7.6129106e-06
2.5806193e-05
7.6671535e-05
0.00018991992
0.00037363951
0.00061427533
0.00090050883
3.6663461e-10
3.8288168e-08
4.1978686e-07
2.3181447e-06
9.0829546e-06
2.88676e-05
7.8052307e-05
0.00017443464
0.00032155064
0.000509664
0.00072702277
3.603902e-10
3.7627149e-08
4.1226664e-07
2.2733626e-06
8.8816122e-06
2.8064795e-05
7.5176712e-05
0.00016682997
0.0003070855
0.00048782722
0.00069843374
9.7914259e-10
1.0641069e-07
1.2298935e-06
7.1729709e-06
2.9995894e-05
0.00010004573
0.00023512933
0.00041238361
0.00060168393
0.00078273182
0.0009424243
9.5649806e-10
1.0576853e-07
1.2501689e-06
7.452028e-06
3.1887951e-05
0.00010866732
0.00025437176
0.00044084597
0.00063570187
0.00081804328
0.00097204684
8.3756771e-12
9.1322312e-10
1.0989163e-08
7.0295465e-08
3.3970884e-07
1.447965e-06
5.9862698e-06
2.2834231e-05
7.5249295e-05
0.00020227722
0.00042802282
9.8068246e-12
1.0625168e-09
1.2605914e-08
7.8880067e-08
3.6964503e-07
1.5082345e-06
5.9932349e-06
2.2556917e-05
7.4107113e-05
0.00019938947
0.00042289632
1.0541045e-11
1.141314e-09
1.3512241e-08
8.4171332e-08
3.9100003e-07
1.5674498e-06
6.0425475e-06
2.2472114e-05
7.3460462e-05
0.00019721115
0.0004179644
6.8530861e-11
7.3484171e-09
8.4662702e-08
5.0197699e-07
2.1548248e-06
7.6252904e-06
2.3808474e-05
6.872223e-05
0.00017664928
0.00036955812
0.00063954773
6.968169e-11
7.4783194e-09
8.6305125e-08
5.1308371e-07
2.2119332e-06
7.8835319e-06
2.4920156e-05
7.3181527e-05
0.00018853263
0.00038963147
0.00066711625
7.0011512e-11
7.4939265e-09
8.6055521e-08
5.0791789e-07
2.1679132e-06
7.6185901e-06
2.356066e-05
6.6775955e-05
0.00016766904
0.00034647352
0.00060031242
1.4466087e-10
1.4590174e-08
1.5036875e-07
7.6046788e-07
2.6373022e-06
7.0673803e-06
1.5429184e-05
2.8235792e-05
4.4129593e-05
5.9686087e-05
7.0383314e-05
1.4390706e-10
1.4531155e-08
1.5009371e-07
7.6163136e-07
2.6535744e-06
7.1517818e-06
1.5713216e-05
2.8949491e-05
4.5571261e-05
6.2139105e-05
7.3982791e-05
1.6012374e-10
1.590601e-08
1.5943513e-07
7.7450405e-07
2.5487044e-06
6.4210586e-06
1.3103419e-05
2.2302716e-05
3.2162628e-05
3.9595797e-05
4.1868518e-05
1.5874996e-10
1.5794364e-08
1.5874904e-07
7.74052e-07
2.5588733e-06
6.479797e-06
1.3296611e-05
2.2769366e-05
3.3068431e-05
4.1070858e-05
4.3898227e-05
1.4834084e-09
1.490375e-07
1.2792927e-06
5.4804453e-06
1.6954459e-05
4.3417975e-05
9.5835024e-05
0.00018273497
0.0003041044
0.0004520639
0.00062065183
4.8170922e-08
2.4043283e-06
9.5391444e-06
1.5865725e-05
1.5797541e-05
1.083953e-05
5.9125732e-06
3.5116602e-06
3.8885422e-06
5.9627556e-06
9.46649e-06
2.6473189e-10
2.7330504e-08
2.9420874e-07
1.5867091e-06
6.0177284e-06
1.8129123e-05
4.5121221e-05
9.3094289e-05
0.00016233299
0.00024750551
0.00034049776
2.687633e-10
2.7812116e-08
3.006141e-07
1.6308042e-06
6.2384681e-06
1.9033224e-05
4.8072293e-05
0.00010012366
0.00017506647
0.00026650725
0.00036526853
1.9811667e-10
2.0428154e-08
2.1953324e-07
1.18249e-06
4.4821897e-06
1.3494398e-05
3.3591308e-05
6.9475434e-05
0.00012112677
0.00018303374
0.00024604718
2.0577591e-10
2.1232273e-08
2.2845055e-07
1.2325842e-06
4.6825369e-06
1.4139552e-05
3.5307146e-05
7.3140225e-05
0.00012750718
0.00019251364
0.00025859942
6.3984063e-11
6.8844836e-09
7.9743646e-08
4.7532771e-07
2.0466571e-06
7.228283e-06
2.2328496e-05
6.3087723e-05
0.00016142974
0.00034613768
0.00061522641
7.0316145e-11
7.5363864e-09
8.6811252e-08
5.153162e-07
2.2214725e-06
7.940122e-06
2.5314326e-05
7.6049724e-05
0.00020059267
0.00042103911
0.00072483289
4.043586e-11
4.3490943e-09
5.0499775e-08
3.0347966e-07
1.3298061e-06
4.8463361e-06
1.5781761e-05
4.9712355e-05
0.00014353274
0.00033286495
0.00061318916
4.1151847e-11
4.4339265e-09
5.1626592e-08
3.1108052e-07
1.3648286e-06
4.9637098e-06
1.6026333e-05
4.9333291e-05
0.00014052439
0.00032357564
0.00059364752
4.2736838e-11
4.6076805e-09
5.3764687e-08
3.2565369e-07
1.4449975e-06
5.3779681e-06
1.8220857e-05
6.0672366e-05
0.00017356447
0.00038808893
0.0006906665
3.811651e-10
3.965749e-08
4.3207665e-07
2.3653822e-06
9.157142e-06
2.8549848e-05
7.4617404e-05
0.0001603965
0.00028737411
0.00044748484
0.00063071619
3.7776477e-10
3.9292427e-08
4.2793589e-07
2.3419362e-06
9.0646789e-06
2.826353e-05
7.3933704e-05
0.00015921228
0.00028578692
0.00044571811
0.00062899122
3.7093263e-10
3.8667398e-08
4.2252117e-07
2.3210988e-06
9.0200787e-06
2.824181e-05
7.4173141e-05
0.00016013076
0.00028778898
0.00044919674
0.00063451241
5.5665246e-08
3.3251847e-06
1.5409923e-05
2.8836794e-05
3.1646141e-05
2.2841026e-05
1.1570608e-05
4.966141e-06
4.0329306e-06
5.491802e-06
8.5741246e-06
2.6080855e-10
2.2856278e-08
1.7478477e-07
6.729638e-07
2.0032558e-06
7.7704918e-06
2.9132845e-05
9.2579369e-05
0.00023191663
0.00045506129
0.00072982818
1.1024662e-11
1.139252e-09
1.2682461e-08
8.0388033e-08
4.6277479e-07
2.3133307e-06
9.8595963e-06
3.535442e-05
0.00010433006
0.0002465251
0.00046755816
9.1968961e-13
9.9188474e-11
1.204869e-09
8.5132419e-09
4.8644029e-08
2.4039921e-07
1.0783548e-06
4.4058734e-06
1.6343604e-05
5.3761116e-05
0.00014947113
8.8749475e-13
9.6034771e-11
1.1792106e-09
8.5125232e-09
4.9022458e-08
2.4320033e-07
1.0914187e-06
4.4532817e-06
1.6481907e-05
5.4059522e-05
0.00014981968
1.0219094e-12
1.1041887e-10
1.3510842e-09
9.7250705e-09
5.6157129e-08
2.7958293e-07
1.2575075e-06
5.1293166e-06
1.889725e-05
6.1278076e-05
0.00016648371
8.2264264e-10
8.7797079e-08
9.8924984e-07
5.6062046e-06
2.262484e-05
7.4093351e-05
0.00018684481
0.00035838878
0.00056764719
0.0007955313
0.0010323336
8.5014346e-10
9.055362e-08
1.0178683e-06
5.7570146e-06
2.3212384e-05
7.5990374e-05
0.00019101423
0.00036501477
0.00057640767
0.00080621257
0.0010453989
8.5813799e-10
9.1990461e-08
1.0420244e-06
5.9303429e-06
2.3998766e-05
7.8496853e-05
0.00019576708
0.00037119778
0.00058211231
0.00080799452
0.0010361259
3.9000896e-10
4.0726553e-08
4.4655088e-07
2.4670613e-06
9.6822516e-06
3.0923364e-05
8.4447369e-05
0.00018987033
0.00034818199
0.00054375588
0.00075872246
4.2342243e-10
4.425943e-08
4.8588838e-07
2.6875557e-06
1.0565521e-05
3.384141e-05
9.2063589e-05
0.00020321653
0.00036522578
0.00056161662
0.0007752289
4.2217383e-10
4.3876478e-08
4.7718702e-07
2.6062383e-06
1.0067465e-05
3.1402187e-05
8.2622642e-05
0.0001792095
0.00032218438
0.00049920366
0.00069466466
1.4258271e-10
1.4472457e-08
1.5097295e-07
7.7768036e-07
2.7667952e-06
7.6566093e-06
1.733015e-05
3.2937429e-05
5.3571134e-05
7.575584e-05
9.4122909e-05
1.4279258e-10
1.4513366e-08
1.5178278e-07
7.8480268e-07
2.8066958e-06
7.8182154e-06
1.7826288e-05
3.4133461e-05
5.5935468e-05
7.9742702e-05
9.997858e-05
1.4757178e-10
1.5061783e-08
1.5880049e-07
8.3144336e-07
3.0273012e-06
8.6315947e-06
2.019882e-05
3.9648017e-05
6.6432958e-05
9.6662319e-05
0.00012357044
1.5024546e-10
1.5347658e-08
1.6208398e-07
8.5083683e-07
3.1096643e-06
8.9119284e-06
2.0978716e-05
4.1417051e-05
6.9778062e-05
0.00010214741
0.00013166513
1.6251335e-10
1.6092187e-08
1.603913e-07
7.7306439e-07
2.5197575e-06
6.2819425e-06
1.2681139e-05
2.1342678e-05
3.0403649e-05
3.6885358e-05
3.8250285e-05
1.6099879e-10
1.5977133e-08
1.5983211e-07
7.7406782e-07
2.5368767e-06
6.3604305e-06
1.2910776e-05
2.1847398e-05
3.1296751e-05
3.8209974e-05
3.9969899e-05
6.2627462e-10
6.6674533e-08
7.5066657e-07
4.2638115e-06
1.7258393e-05
5.7235063e-05
0.00015354769
0.00031492533
0.0005254897
0.00076641745
0.0010289011
6.3588743e-10
6.7858508e-08
7.6603211e-07
4.3596258e-06
1.7666247e-05
5.8550657e-05
0.00015598919
0.00031743438
0.0005267094
0.0007652246
0.0010241715
6.5870876e-10
6.9798835e-08
7.8096537e-07
4.409093e-06
1.7752983e-05
5.8500573e-05
0.00015502768
0.00031459412
0.00052148003
0.0007577088
0.0010154016
1.5943699e-10
1.5479931e-08
1.4904536e-07
6.858876e-07
2.1178746e-06
4.9827867e-06
9.4685344e-06
1.4941971e-05
1.9815635e-05
2.2178244e-05
2.1287167e-05
1.6155733e-10
1.5732368e-08
1.5226052e-07
7.0543553e-07
2.1950459e-06
5.2064561e-06
9.977848e-06
1.5889438e-05
2.1285064e-05
2.4085659e-05
2.3341156e-05
1.4324315e-10
1.4481739e-08
1.4992535e-07
7.6337993e-07
2.6721156e-06
7.2434424e-06
1.6017104e-05
2.9709182e-05
4.7104499e-05
6.4753409e-05
7.7837234e-05
1.4246304e-10
1.4424439e-08
1.497413e-07
7.654814e-07
2.6936942e-06
7.3487729e-06
1.6363372e-05
3.0568685e-05
4.8829207e-05
6.7684361e-05
8.2160247e-05
4.0026772e-10
4.1700693e-08
4.5532216e-07
2.5000131e-06
9.7217421e-06
3.0541444e-05
8.0572232e-05
0.00017387326
0.0003110065
0.00048223415
0.00067652795
3.9729583e-11
3.4857998e-09
2.8894234e-08
1.1226981e-07
2.9122342e-07
5.7546598e-07
9.2047066e-07
1.2346147e-06
1.4368826e-06
1.531762e-06
1.6450659e-06
2.0624072e-10
2.1982106e-08
2.4979184e-07
1.4494142e-06
6.0510428e-06
2.0863138e-05
6.4081727e-05
0.00016950591
0.00035316747
0.00060304022
0.00090786325
2.0010751e-10
2.1281138e-08
2.4079314e-07
1.3876724e-06
5.7304919e-06
1.9397196e-05
5.7652531e-05
0.00014763173
0.00030489671
0.00052215325
0.00078665618
2.0248722e-10
2.1548629e-08
2.4396798e-07
1.4055037e-06
5.7892463e-06
1.946191e-05
5.6986647e-05
0.00014298308
0.00029195597
0.00049859676
0.00075194193
3.59711e-10
3.7444087e-08
4.0851875e-07
2.2424165e-06
8.7176053e-06
2.7318168e-05
7.1612092e-05
0.00015322861
0.00027128617
0.00041532506
0.00057295683
3.6278933e-10
3.7763521e-08
4.1195897e-07
2.260806e-06
8.7867736e-06
2.7532952e-05
7.2211257e-05
0.00015468917
0.00027429608
0.00042071335
0.00058176498
3.6659749e-10
3.8154058e-08
4.1613874e-07
2.2834728e-06
8.8764528e-06
2.7839093e-05
7.3148694e-05
0.00015697995
0.00027873083
0.00042799692
0.00059255164
1.8929928e-11
2.043784e-09
2.3986215e-08
1.4692685e-07
6.6330209e-07
2.5285401e-06
8.8413199e-06
3.0956061e-05
9.6592278e-05
0.00024517471
0.00048884841
1.8709295e-11
2.0249167e-09
2.3869073e-08
1.4696555e-07
6.6640911e-07
2.5433017e-06
8.8187242e-06
3.0332872e-05
9.4593922e-05
0.0002412706
0.00048375881
2.0516193e-11
2.2166773e-09
2.6028718e-08
1.5928406e-07
7.1593489e-07
2.697639e-06
9.161152e-06
3.0531202e-05
9.4444822e-05
0.00024047943
0.00048251442
9.1057921e-10
9.7212173e-08
1.0951543e-06
6.2101554e-06
2.5204846e-05
8.3561321e-05
0.00021041732
0.00040002574
0.00062886356
0.00087877995
0.0011434791
9.3544873e-10
9.8343327e-08
1.0875184e-06
6.0613261e-06
2.4185243e-05
7.8944142e-05
0.00019921731
0.00038116336
0.00059994305
0.00083297892
0.0010663378
2.3095446e-10
2.3829295e-08
2.5621714e-07
1.3794211e-06
5.2173353e-06
1.564286e-05
3.8686323e-05
7.9418725e-05
0.00013788402
0.00020888778
0.00028418177
2.342296e-10
2.4220355e-08
2.6143075e-07
1.4152164e-06
5.3927662e-06
1.632857e-05
4.0812579e-05
8.4368754e-05
0.00014685237
0.00022247888
0.00030252931
3.5079502e-10
3.6520032e-08
3.9845452e-07
2.1866941e-06
8.4927121e-06
2.6533875e-05
6.9122631e-05
0.00014696787
0.00025923739
0.0003963998
0.00054715513
3.553649e-10
3.7016685e-08
4.0432906e-07
2.2230938e-06
8.6612116e-06
2.7209755e-05
7.1455348e-05
0.00015286212
0.0002703976
0.00041386757
0.00057161155
9.3188321e-11
9.9791851e-09
1.1449364e-07
6.733014e-07
2.8511409e-06
9.8896824e-06
3.0020298e-05
8.2135396e-05
0.00019314989
0.00037596773
0.00062820071
1.0082999e-10
1.0754572e-08
1.2257286e-07
7.1506108e-07
3.0026409e-06
1.033374e-05
3.1163285e-05
8.4774815e-05
0.00019816154
0.0003837272
0.00063852368
1.5431786e-10
1.6452543e-08
1.8705796e-07
1.0852395e-06
4.5150618e-06
1.5362124e-05
4.5764265e-05
0.00011990066
0.00025892674
0.00046284884
0.00072198996
1.5973151e-10
1.7082942e-08
1.9506368e-07
1.1361765e-06
4.7391221e-06
1.6136667e-05
4.8002513e-05
0.00012496824
0.00026774063
0.00047626014
0.00074202018
5.2505122e-11
4.6519219e-09
3.89844e-08
1.5302019e-07
4.0038125e-07
7.9606256e-07
1.2751412e-06
1.6972283e-06
1.9285964e-06
1.9598007e-06
1.9584865e-06
6.6708578e-11
5.9636523e-09
5.0542695e-08
2.0064581e-07
5.3074408e-07
1.0661688e-06
1.7231852e-06
2.306846e-06
2.6185181e-06
2.6290656e-06
2.5746677e-06
3.46421e-10
2.2854464e-08
1.3705306e-07
3.7814392e-07
6.8359158e-07
9.3703132e-07
1.0785679e-06
1.1635767e-06
1.3399212e-06
2.2299157e-06
4.216777e-06
1.0585677e-10
7.5339994e-09
4.9466413e-08
1.5073095e-07
3.0456405e-07
4.7239551e-07
6.1871411e-07
7.5109392e-07
9.3980324e-07
1.6451888e-06
3.2519193e-06
3.5006851e-10
3.6566266e-08
4.0088687e-07
2.2116529e-06
8.6389183e-06
2.7247652e-05
7.2686043e-05
0.00016070788
0.00029552795
0.0004701683
0.00067509859
3.2394178e-12
3.5637301e-10
4.4328267e-09
3.0616658e-08
1.7043229e-07
8.4012082e-07
3.7046238e-06
1.4645519e-05
5.0519343e-05
0.00014533616
0.00033288827
3.6982069e-12
4.0600679e-10
5.0157812e-09
3.4138908e-08
1.8615274e-07
9.1103707e-07
4.0028327e-06
1.5761794e-05
5.3993604e-05
0.00015360624
0.0003470663
4.2259089e-12
4.6402526e-10
5.7285709e-09
3.8887803e-08
2.1123624e-07
1.0338442e-06
4.5414509e-06
1.7807239e-05
6.0369276e-05
0.00016863443
0.00037247644
3.6133073e-10
3.7512864e-08
4.0693728e-07
2.2107634e-06
8.4359377e-06
2.5541459e-05
6.3437512e-05
0.00012904997
0.00022061849
0.00032936362
0.00044346347
3.5772231e-10
3.7078191e-08
4.0138913e-07
2.1769944e-06
8.3031491e-06
2.5175521e-05
6.2740483e-05
0.00012816739
0.0002202857
0.00033161484
0.00045279211
2.7150418e-12
3.0024374e-10
3.8012621e-09
2.7295026e-08
1.5854148e-07
7.9318568e-07
3.5268727e-06
1.4006416e-05
4.8556081e-05
0.0001406155
0.00032452687
2.7292321e-12
3.0234406e-10
3.8432049e-09
2.7741019e-08
1.6156839e-07
8.0901726e-07
3.5964881e-06
1.4269142e-05
4.9366577e-05
0.00014250322
0.00032764042
2.8940417e-12
3.2015443e-10
4.0495093e-09
2.8921949e-08
1.6701539e-07
8.341875e-07
3.7039089e-06
1.4685867e-05
5.0742868e-05
0.00014607631
0.00033449297
2.2748474e-10
2.3454434e-08
2.5177598e-07
1.3512894e-06
5.0812589e-06
1.5083277e-05
3.6815447e-05
7.4680283e-05
0.0001282795
0.00019176666
0.00025538458
2.2921728e-10
2.3599304e-08
2.5282433e-07
1.3543892e-06
5.0883226e-06
1.511871e-05
3.7014501e-05
7.5426421e-05
0.00013043502
0.00019721117
0.00026794599
5.3673227e-10
5.6982208e-08
6.4035127e-07
3.6416472e-06
1.4806216e-05
4.9643358e-05
0.00013838241
0.0002961011
0.00050954711
0.00075982173
0.0010389104
5.2727026e-10
5.6244047e-08
6.3553281e-07
3.6265599e-06
1.4729204e-05
4.8955798e-05
0.00013436017
0.00028478962
0.00048774514
0.00072348875
0.00097946631
1.0303467e-09
1.1102583e-07
1.2672615e-06
7.2946113e-06
3.0188034e-05
0.00010074773
0.00024119517
0.00043236873
0.00064558569
0.00086239767
0.0010745498
1.0137272e-09
1.0917518e-07
1.2455123e-06
7.1655315e-06
2.960397e-05
9.8411103e-05
0.00023486122
0.00041996987
0.00062524973
0.00083186693
0.0010304976
9.9517807e-10
1.0764353e-07
1.2349518e-06
7.1400964e-06
2.9585661e-05
9.8122216e-05
0.00023261421
0.00041371713
0.00061326021
0.00081236834
0.001000876
1.5692833e-10
1.5641859e-08
1.5772146e-07
7.7241835e-07
2.5670997e-06
6.5388667e-06
1.3500686e-05
2.327073e-05
3.4047079e-05
4.2664608e-05
4.6085315e-05
1.5515769e-10
1.5488246e-08
1.5659496e-07
7.6988581e-07
2.571405e-06
6.5870965e-06
1.3682809e-05
2.3735492e-05
3.4968751e-05
4.4166916e-05
4.8128362e-05
1.2008405e-10
1.2829639e-08
1.4655156e-07
8.5673207e-07
3.603311e-06
1.2426797e-05
3.7684846e-05
0.0001028953
0.00023616405
0.00044335399
0.00071473179
1.238511e-10
1.3243335e-08
1.5146358e-07
8.8672163e-07
3.7368189e-06
1.2933753e-05
3.9500507e-05
0.00010870519
0.00024908411
0.00046426533
0.0007435536
7.4331426e-11
7.9694329e-09
9.1715474e-08
5.4217977e-07
2.3136664e-06
8.1047804e-06
2.4879783e-05
6.9452466e-05
0.00017063461
0.00034836326
0.00060359395
8.0763664e-11
8.6268069e-09
9.8632712e-08
5.7822565e-07
2.4445477e-06
8.4828702e-06
2.5818093e-05
7.1561912e-05
0.00017502015
0.00035677721
0.00061753754
3.712558e-10
3.8521473e-08
4.1749694e-07
2.2657333e-06
8.6400658e-06
2.6187297e-05
6.5309062e-05
0.00013358992
0.00022946169
0.00034363734
0.00046321615
3.6800951e-10
3.8122334e-08
4.1234059e-07
2.2344439e-06
8.5192149e-06
2.5862487e-05
6.4680284e-05
0.00013268855
0.00022887633
0.00034546179
0.00047250315
2.2172355e-11
2.3947402e-09
2.808502e-08
1.7144269e-07
7.6731207e-07
2.8711048e-06
9.6336327e-06
3.1378825e-05
9.6238205e-05
0.00024359785
0.00048672426
2.4519911e-11
2.6420685e-09
3.0835827e-08
1.8692687e-07
8.2930199e-07
3.0708807e-06
1.0175789e-05
3.258354e-05
9.9052666e-05
0.00024871282
0.00049356793
2.6385555e-11
2.8421107e-09
3.3142906e-08
2.0065934e-07
8.8880425e-07
3.2850451e-06
1.0867009e-05
3.4822239e-05
0.00010510187
0.00026045085
0.00050999772
3.1301785e-11
3.3726698e-09
3.9316264e-08
2.3761353e-07
1.0481433e-06
3.8433968e-06
1.2530316e-05
3.8854761e-05
0.00011454612
0.00027789386
0.00053463687
3.3866244e-11
3.6475061e-09
4.2474833e-08
2.5624334e-07
1.1274286e-06
4.1205743e-06
1.3386884e-05
4.1396489e-05
0.00012127508
0.00029134577
0.00055535159
3.6311307e-11
3.9111784e-09
4.5519079e-08
2.7404905e-07
1.200218e-06
4.3483603e-06
1.3910842e-05
4.1767421e-05
0.00012007267
0.00028619883
0.0005437476
4.0054637e-10
4.1724952e-08
4.5557428e-07
2.5020069e-06
9.7369481e-06
3.0644283e-05
8.1118222e-05
0.00017562867
0.00031472931
0.00048834971
0.00068521988
9.917795e-10
1.0756229e-07
1.238341e-06
7.1856585e-06
2.988491e-05
9.917632e-05
0.00023381983
0.00041369192
0.00061076003
0.00080644113
0.00099063983
9.9766878e-10
1.0785666e-07
1.2368223e-06
7.1515612e-06
2.9654252e-05
9.8143066e-05
0.00023104867
0.00040828516
0.00060176805
0.00079263323
0.00097025541
9.8634726e-10
1.0679748e-07
1.2271448e-06
7.1072625e-06
2.9487539e-05
9.752412e-05
0.00022925719
0.0004042112
0.00059385669
0.00077868237
0.00094690064
2.5478376e-10
2.6389199e-08
2.857096e-07
1.5537679e-06
5.9630383e-06
1.8264965e-05
4.6354589e-05
9.6934943e-05
0.00016964188
0.00025748667
0.00035051447
2.6418394e-10
2.7345225e-08
2.957595e-07
1.6063804e-06
6.1565268e-06
1.8836632e-05
4.7780171e-05
9.9917375e-05
0.00017494179
0.00026576893
0.00036234229
4.4092346e-10
4.6835913e-08
5.269848e-07
3.0020021e-06
1.2209341e-05
4.0822989e-05
0.00011585112
0.00025810574
0.00046081331
0.00070681903
0.000987794
4.4230431e-10
4.6963775e-08
5.2784802e-07
3.0000959e-06
1.2148856e-05
4.0281097e-05
0.00011281828
0.00024916171
0.00044305804
0.00067720311
0.0009403782
4.5456399e-10
4.8368987e-08
5.4508531e-07
3.105117e-06
1.2596885e-05
4.184471e-05
0.00011703749
0.00025713899
0.0004554497
0.00069543393
0.00096837466
5.2742795e-10
6.0195539e-08
7.5191171e-07
4.7975671e-06
2.1959371e-05
8.2034713e-05
0.00020837856
0.00037220521
0.00053968787
0.00068770708
0.00079644105
4.9690717e-10
5.7374645e-08
7.2780854e-07
4.724604e-06
2.2124109e-05
8.4706254e-05
0.00021604457
0.00038405536
0.00055425394
0.0007042319
0.00081507363
4.5418272e-10
5.286659e-08
6.8606974e-07
4.5844802e-06
2.1748944e-05
8.4173895e-05
0.00021578482
0.0003829868
0.00055086501
0.00069664784
0.00080018895
3.5533679e-10
3.68969e-08
4.0106975e-07
2.1922961e-06
8.4824004e-06
2.6399123e-05
6.8379749e-05
0.00014427311
0.00025239216
0.00038261661
0.00052315209
3.592515e-10
3.7292346e-08
4.0501391e-07
2.2097231e-06
8.5203169e-06
2.6363378e-05
6.7770644e-05
0.00014222801
0.00024814597
0.00037543382
0.00051172888
3.4829362e-10
3.6304915e-08
3.9680175e-07
2.1816108e-06
8.4904459e-06
2.6657216e-05
7.0635888e-05
0.00015506018
0.00028357676
0.00044932257
0.00064263697
3.3913836e-10
3.5331386e-08
3.8575293e-07
2.1172544e-06
8.2177096e-06
2.5692119e-05
6.7745623e-05
0.00014842734
0.00027164465
0.00043084092
0.00061579506
5.3431354e-11
5.7488917e-09
6.6730344e-08
4.0039762e-07
1.7491951e-06
6.3467468e-06
2.0558197e-05
6.3478253e-05
0.00017498833
0.00038312729
0.00067492012
5.2160064e-11
5.6057075e-09
6.4945132e-08
3.888096e-07
1.6946644e-06
6.1347242e-06
1.9795305e-05
6.0332375e-05
0.00016561527
0.00036399429
0.00064649373
5.1305467e-11
5.509459e-09
6.3697096e-08
3.7975144e-07
1.6424694e-06
5.864565e-06
1.8454571e-05
5.3626009e-05
0.00014260754
0.00031536985
0.00057243994
1.5037781e-10
1.4424637e-08
1.3605589e-07
6.1004358e-07
1.8306714e-06
4.1823939e-06
7.7121496e-06
1.1792886e-05
1.5121316e-05
1.6350664e-05
1.5288689e-05
1.5429428e-10
1.4865429e-08
1.4124653e-07
6.391002e-07
1.9367976e-06
4.4695192e-06
8.3267947e-06
1.2870476e-05
1.6690625e-05
1.8245438e-05
1.718782e-05
7.8236561e-10
8.3008582e-08
9.2988694e-07
5.261071e-06
2.1359196e-05
7.1792665e-05
0.00019052076
0.00038049915
0.00062158227
0.00089830237
0.0012117897
7.6035198e-10
8.0569029e-08
9.0035611e-07
5.0705819e-06
2.0395095e-05
6.7372652e-05
0.00017659699
0.00035135124
0.00057120721
0.00081587996
0.0010755065
7.4952814e-10
7.9942706e-08
9.0116262e-07
5.1197451e-06
2.0764124e-05
6.9062646e-05
0.00018061954
0.00035720687
0.00057809114
0.00082376928
0.0010855453
3.7138217e-10
3.8800371e-08
4.2616727e-07
2.3640581e-06
9.3506238e-06
3.0233287e-05
8.3426049e-05
0.00018666953
0.00033886365
0.00052624493
0.00073520911
3.8649552e-10
4.0339172e-08
4.423187e-07
2.447807e-06
9.6526185e-06
3.1120272e-05
8.5859246e-05
0.00019263598
0.00034995986
0.00054194858
0.00075263406
4.2023887e-10
4.3931065e-08
4.8307279e-07
2.6853167e-06
1.0673177e-05
3.4944827e-05
9.8525454e-05
0.00022299838
0.00040410503
0.00062294223
0.0008646143
7.9005829e-10
8.7236588e-08
1.0339497e-06
6.215374e-06
2.6882308e-05
9.4114523e-05
0.00022801067
0.00040202813
0.00058385792
0.00075228174
0.00089200924
7.4405889e-10
8.2959636e-08
9.978548e-07
6.1000302e-06
2.6875811e-05
9.6221796e-05
0.00023458687
0.00041215289
0.00059551077
0.00076379254
0.00090199414
6.9038548e-10
7.7679719e-08
9.4754943e-07
5.8854991e-06
2.6369415e-05
9.6309398e-05
0.00023647011
0.00041466455
0.00059679433
0.00076195371
0.00089448726
1.932195e-11
2.0871952e-09
2.4530503e-08
1.5073989e-07
6.8551814e-07
2.6622335e-06
9.8306521e-06
3.5512789e-05
0.00011051595
0.00027503767
0.00053592714
1.9390902e-11
2.0990429e-09
2.4752461e-08
1.5255086e-07
6.9361872e-07
2.6700384e-06
9.5579294e-06
3.3986287e-05
0.00010509737
0.00026139899
0.00051055309
2.081619e-11
2.257514e-09
2.6746668e-08
1.6643237e-07
7.7171645e-07
3.1007081e-06
1.2192862e-05
4.4471411e-05
0.00013562079
0.0003246432
0.00060789907
4.1351235e-10
4.3040986e-08
4.6898089e-07
2.5649123e-06
9.9049687e-06
3.0753968e-05
7.98245e-05
0.00017021585
0.00030287629
0.00046864494
0.00065615889
4.0942002e-10
4.2551471e-08
4.6273161e-07
2.5264251e-06
9.7484902e-06
3.0281586e-05
7.8721366e-05
0.00016815635
0.00029982108
0.00046537705
0.00065472892
9.8718323e-10
1.06374e-07
1.2129392e-06
6.9544883e-06
2.8478711e-05
9.3674694e-05
0.00022507585
0.00040734989
0.00061265778
0.00082019158
0.0010171154
1.0056242e-09
1.0922759e-07
1.2593055e-06
7.3121264e-06
3.0446031e-05
0.00010190246
0.00024393843
0.00043740511
0.00065373029
0.0008744714
0.0010910701
3.5550156e-10
3.6963146e-08
4.0249815e-07
2.2032925e-06
8.5257854e-06
2.6442162e-05
6.7790489e-05
0.00014127919
0.00024510402
0.00037024935
0.00050652571
3.5168614e-10
3.6570812e-08
3.9794779e-07
2.1726974e-06
8.3557713e-06
2.5612055e-05
6.4660964e-05
0.00013332192
0.00022980229
0.00034479659
0.00046640265
3.4446595e-10
3.5805165e-08
3.8935916e-07
2.1238285e-06
8.1551151e-06
2.4926723e-05
6.2714253e-05
0.00012915463
0.00022310439
0.00033667865
0.00046007792
4.8515273e-10
5.1352335e-08
5.7449899e-07
3.2490246e-06
1.3104104e-05
4.3359205e-05
0.00012076324
0.0002643021
0.00046733493
0.00071421982
0.00099914241
4.8394429e-10
5.1362105e-08
5.7667008e-07
3.2723038e-06
1.3235055e-05
4.3923966e-05
0.00012274093
0.00026856668
0.00047310699
0.00071855738
0.00099578662
4.8938695e-10
5.2264263e-08
5.9188153e-07
3.3879263e-06
1.3806012e-05
4.6073591e-05
0.00012822549
0.0002773016
0.00048378886
0.00073043687
0.001009572
1.1649489e-12
1.2775006e-10
1.6468719e-09
1.2830178e-08
7.6865691e-08
3.9053513e-07
1.7678588e-06
7.1913293e-06
2.6128723e-05
8.215951e-05
0.00021219111
1.2660334e-12
1.3858277e-10
1.7779543e-09
1.3842292e-08
8.31073e-08
4.2385929e-07
1.9235372e-06
7.8314727e-06
2.8396371e-05
8.8664467e-05
0.00022617562
1.2443219e-12
1.3886385e-10
1.9038907e-09
1.5353877e-08
9.3237801e-08
4.7596157e-07
2.1590504e-06
8.7695913e-06
3.1619881e-05
9.7645459e-05
0.00024488072
1.6098583e-10
1.6500056e-08
1.7536527e-07
9.2935269e-07
3.4422502e-06
1.0038011e-05
2.4084651e-05
4.8340614e-05
8.2488619e-05
0.00012206599
0.00015911442
1.6602506e-10
1.7013596e-08
1.8078357e-07
9.5787934e-07
3.5477795e-06
1.0349255e-05
2.4850344e-05
4.9926683e-05
8.5314616e-05
0.00012656988
0.00016583721
4.2814595e-10
4.5449706e-08
5.1089298e-07
2.9063783e-06
1.1793029e-05
3.9276019e-05
0.00011147298
0.00025055913
0.00045163552
0.00069789237
0.00098087102
4.2989198e-10
4.5793637e-08
5.1729116e-07
2.9580669e-06
1.2063058e-05
4.0375747e-05
0.00011474447
0.00025648898
0.00045920715
0.00070544596
0.00098634256
1.0310345e-12
1.1054315e-10
1.3135738e-09
8.7977272e-09
4.8971764e-08
2.3797163e-07
1.0541997e-06
4.2710748e-06
1.5797742e-05
5.2190208e-05
0.00014648207
9.4267181e-13
1.010296e-10
1.2034294e-09
8.1412191e-09
4.5616685e-08
2.2304702e-07
9.9350535e-07
4.0546328e-06
1.5073528e-05
4.9876587e-05
0.00014012627
1.3517632e-11
1.4613331e-09
1.7219604e-08
1.0627372e-07
4.8559317e-07
1.8874272e-06
6.8342189e-06
2.4694957e-05
7.9423598e-05
0.00020972781
0.00043637195
1.4748945e-11
1.5953342e-09
1.8806137e-08
1.1598852e-07
5.2836021e-07
2.0372827e-06
7.2396592e-06
2.5801609e-05
8.2342087e-05
0.00021577215
0.00044560019
1.684643e-11
1.8238118e-09
2.1518066e-08
1.3271321e-07
6.0357646e-07
2.3193599e-06
8.2225142e-06
2.9254807e-05
9.2151655e-05
0.00023615677
0.0004758878
3.2970732e-10
3.4494992e-08
3.7928267e-07
2.1013829e-06
8.2553036e-06
2.6235312e-05
7.0744309e-05
0.00015818976
0.00029316223
0.00046861553
0.00067484992
3.2367145e-10
3.3807577e-08
3.7079241e-07
2.0482067e-06
8.0180771e-06
2.5365908e-05
6.8068704e-05
0.00015196528
0.00028191952
0.00045122069
0.00064967913
1.9285015e-12
2.1519777e-10
2.8122573e-09
2.1414102e-08
1.2785747e-07
6.4569434e-07
2.8927907e-06
1.1593013e-05
4.0853832e-05
0.00012155407
0.00029036512
2.1325388e-12
2.3644936e-10
3.0250521e-09
2.2193972e-08
1.3030121e-07
6.5315885e-07
2.9097571e-06
1.1626848e-05
4.0881151e-05
0.00012143059
0.00028981238
2.4063921e-12
2.6582859e-10
3.3586117e-09
2.4033087e-08
1.3888202e-07
6.9223824e-07
3.0713505e-06
1.2227162e-05
4.2752867e-05
0.00012593916
0.00029758111
8.5361751e-11
9.1230179e-09
1.0438927e-07
6.124147e-07
2.5895653e-06
8.9787274e-06
2.7287394e-05
7.5599274e-05
0.00018475329
0.00037499619
0.00064328071
8.8964237e-11
9.5476139e-09
1.0999573e-07
6.5064394e-07
2.7760463e-06
9.7214905e-06
2.9946157e-05
8.4802406e-05
0.0002096054
0.00042053283
0.00070529569
3.6079099e-10
3.7570651e-08
4.0984586e-07
2.2461689e-06
8.6966401e-06
2.7060736e-05
7.0544634e-05
0.00015175744
0.00027266932
0.00042566847
0.00060019057
3.6020926e-10
3.746101e-08
4.0801378e-07
2.2340951e-06
8.6562384e-06
2.7030902e-05
7.0950849e-05
0.0001536647
0.00027740843
0.00043472048
0.00061568613
1.337657e-10
1.4300729e-08
1.63416e-07
9.5484611e-07
4.0101097e-06
1.3806629e-05
4.1782932e-05
0.00011256011
0.00025143266
0.00046251125
0.000740199
1.4100476e-10
1.5016331e-08
1.7046978e-07
9.8755645e-07
4.1032289e-06
1.3934406e-05
4.1398336e-05
0.00010920852
0.00024124871
0.00044222746
0.00070521493
1.4606857e-10
1.5632888e-08
1.7882465e-07
1.0448286e-06
4.3782109e-06
1.499801e-05
4.5057787e-05
0.00012020341
0.00026555052
0.00048235467
0.00075994427
9.7849321e-10
1.0782404e-07
1.272403e-06
7.6214566e-06
3.3197931e-05
0.00011689835
0.00027624669
0.00047802007
0.00068942872
0.00089350482
0.0010819522
8.8995157e-10
9.7119128e-08
1.1317648e-06
6.6864627e-06
2.8532418e-05
9.8895825e-05
0.000238161
0.00041947463
0.00061055912
0.00079127357
0.0009487584
8.2406783e-10
9.0722083e-08
1.0702005e-06
6.3985141e-06
2.7533121e-05
9.5740272e-05
0.00023072804
0.00040651416
0.0005914661
0.00076518869
0.00091393277
3.5463729e-10
3.7701734e-08
4.252154e-07
2.4320248e-06
9.9333035e-06
3.3300577e-05
9.6423383e-05
0.00022508943
0.00041904423
0.00066220731
0.00094440178
3.5692611e-10
3.8042845e-08
4.3062854e-07
2.4722166e-06
1.0131319e-05
3.4069211e-05
9.880832e-05
0.00022997516
0.00042605047
0.00066982453
0.00095009782
3.6440694e-10
3.8821332e-08
4.3927094e-07
2.5227508e-06
1.0359476e-05
3.50142e-05
0.00010224631
0.00023801613
0.00043921213
0.00068793958
0.00097403637
1.6292033e-10
1.591181e-08
1.5477859e-07
7.2182647e-07
2.2627658e-06
5.4088344e-06
1.0448982e-05
1.6781183e-05
2.2691047e-05
2.594621e-05
2.539806e-05
1.6363637e-10
1.6027111e-08
1.5666493e-07
7.3531329e-07
2.3218769e-06
5.5925154e-06
1.0888532e-05
1.7632905e-05
2.4065002e-05
2.7810962e-05
2.7515217e-05
1.5392056e-10
1.6404475e-08
1.8662698e-07
1.0862351e-06
4.5562118e-06
1.5763732e-05
4.8558622e-05
0.00013388367
0.00029893895
0.00054016957
0.00084564331
1.4993217e-10
1.6029413e-08
1.8314488e-07
1.0697405e-06
4.4902069e-06
1.5464693e-05
4.7035544e-05
0.00012761685
0.00028292429
0.00050890174
0.00078926334
1.5684755e-10
1.5180779e-08
1.4534525e-07
6.6387818e-07
2.0324374e-06
4.7386224e-06
8.9197971e-06
1.3935096e-05
1.827851e-05
2.022103e-05
1.922807e-05
3.9127987e-10
4.0806931e-08
4.4633053e-07
2.4564109e-06
9.5838326e-06
3.0286345e-05
8.0952425e-05
0.00017783412
0.00032289646
0.00050613475
0.00071604147
3.8510038e-10
4.0161146e-08
4.3912971e-07
2.4143471e-06
9.3960685e-06
2.9533104e-05
7.8286971e-05
0.00017103863
0.00031032244
0.0004874112
0.00069169517
6.6565538e-09
3.428888e-07
1.5268738e-06
3.0222341e-06
3.7701336e-06
3.4621814e-06
2.6828896e-06
2.1072613e-06
2.6607617e-06
4.330048e-06
7.2475635e-06
2.6856683e-09
1.4982439e-07
7.3782916e-07
1.6402111e-06
2.3364708e-06
2.4844769e-06
2.2333538e-06
1.97766e-06
2.2562244e-06
3.5956271e-06
6.1841076e-06
5.1335851e-10
5.4613791e-08
6.150662e-07
3.5006248e-06
1.4203001e-05
4.731466e-05
0.00013161532
0.00028417389
0.00049464237
0.00074513021
0.001028001
5.2276747e-10
5.5616576e-08
6.2653305e-07
3.5683332e-06
1.4500177e-05
4.8479115e-05
0.00013534306
0.00029187104
0.00050607315
0.0007588708
0.0010416868
5.2345542e-10
5.5921734e-08
6.3355003e-07
3.6296818e-06
1.4837781e-05
4.9929357e-05
0.00013957813
0.00029934047
0.00051594411
0.00077040569
0.0010550847
3.4451535e-10
3.5773769e-08
3.8877468e-07
2.1235118e-06
8.2015827e-06
2.5430644e-05
6.5535725e-05
0.00013787253
0.0002411444
0.00036602252
0.00050123761
3.7177972e-10
3.8720968e-08
4.2234838e-07
2.313001e-06
8.9424025e-06
2.7773952e-05
7.2264354e-05
0.00015520294
0.00027853389
0.00043441064
0.00061192365
3.9113981e-10
4.0543358e-08
4.3994934e-07
2.4045833e-06
9.343745e-06
2.9520155e-05
7.910879e-05
0.00017396386
0.00031562053
0.00049448831
0.00069994082
2.2489278e-10
2.387155e-08
2.6915265e-07
1.5432342e-06
6.3308886e-06
2.1266852e-05
6.2596698e-05
0.00015759737
0.00031992733
0.00054036593
0.00080502384
2.2607236e-10
2.4118556e-08
2.7403429e-07
1.584866e-06
6.5573165e-06
2.2203504e-05
6.5800762e-05
0.00016562419
0.0003343919
0.00056180248
0.0008346013
3.6267415e-10
3.7666631e-08
4.1061997e-07
2.2635984e-06
8.922227e-06
2.8851009e-05
8.0442405e-05
0.00018490585
0.00034609693
0.00055310165
0.00079452305
2.5406793e-10
2.8553451e-08
3.4909591e-07
2.1628989e-06
9.4064219e-06
3.2997363e-05
9.8763238e-05
0.00022981861
0.0004156764
0.00063305463
0.00086601253
4.2356217e-10
4.4104335e-08
4.8132743e-07
2.643105e-06
1.0297835e-05
3.2540866e-05
8.6612348e-05
0.00018738726
0.00033317929
0.00051040207
0.00070465764
4.2176045e-10
4.3891013e-08
4.7831477e-07
2.6191481e-06
1.015011e-05
3.1756575e-05
8.3321427e-05
0.00017863119
0.0003170407
0.00048667242
0.00067398036
6.4858981e-10
6.9318015e-08
7.8369331e-07
4.4600176e-06
1.8010196e-05
5.8994891e-05
0.00015372303
0.00030750076
0.00050446741
0.0007257958
0.00095981625
7.017053e-10
7.5655483e-08
8.6401745e-07
4.9535771e-06
2.0078908e-05
6.56996e-05
0.00016896653
0.0003336834
0.00054271688
0.00077683064
0.001023867
2.9995988e-08
1.4024626e-06
5.3980269e-06
8.9460513e-06
9.0802164e-06
6.6164934e-06
4.1064266e-06
2.964307e-06
3.7186391e-06
5.8954831e-06
9.297707e-06
1.4573193e-08
7.1231917e-07
2.9380284e-06
5.2985287e-06
5.928664e-06
4.82612e-06
3.343545e-06
2.5050973e-06
3.1906085e-06
5.1528076e-06
8.3732643e-06
2.6667383e-10
2.8410522e-08
3.2178703e-07
1.8513698e-06
7.604196e-06
2.5518106e-05
7.4315034e-05
0.00017978192
0.0003486494
0.0005682372
0.00082464205
2.8015648e-10
2.989075e-08
3.3920703e-07
1.9553737e-06
8.0492191e-06
2.7109165e-05
7.9226838e-05
0.00019089348
0.00036803176
0.00059855882
0.00087249146
2.9203266e-10
3.1045755e-08
3.5042683e-07
2.0080539e-06
8.2176601e-06
2.7525698e-05
8.0025276e-05
0.000192026
0.0003692687
0.0005993955
0.00087210353
3.840111e-10
4.0153149e-08
4.4168498e-07
2.455804e-06
9.7523737e-06
3.1796906e-05
8.9148502e-05
0.0002022468
0.00036928267
0.00057420124
0.00080233683
1.4249506e-10
1.4440103e-08
1.5017271e-07
7.6995712e-07
2.7214013e-06
7.4677131e-06
1.674013e-05
3.1493737e-05
5.0676507e-05
7.0805882e-05
8.6725247e-05
1.424818e-10
1.4447722e-08
1.50431e-07
7.7269203e-07
2.7381441e-06
7.5386768e-06
1.6962785e-05
3.2034234e-05
5.1733058e-05
7.2514887e-05
8.9018678e-05
3.5411151e-10
3.6808242e-08
4.0056452e-07
2.1902758e-06
8.4586008e-06
2.6136467e-05
6.6617195e-05
0.00013813784
0.000238993
0.00036068119
0.00049353997
3.5046745e-10
3.6415236e-08
3.9575424e-07
2.1571574e-06
8.2778887e-06
2.5293245e-05
6.35912e-05
0.00013065067
0.00022467078
0.00033657979
0.00045461151
7.9262268e-10
8.4429021e-08
9.4951197e-07
5.377033e-06
2.1714294e-05
7.1443101e-05
0.00018236946
0.00035347422
0.00056414683
0.00079548151
0.0010385218
8.0738269e-10
8.5916977e-08
9.6458585e-07
5.4485594e-06
2.1922621e-05
7.1671487e-05
0.00018158398
0.00035036099
0.00055748793
0.00078367423
0.0010187561
1.0098984e-09
1.0793169e-07
1.2175695e-06
6.9141664e-06
2.8149147e-05
9.3251741e-05
0.00022979722
0.00042678934
0.00065830288
0.00090607479
0.0011627865
1.0102558e-09
1.0806989e-07
1.2206204e-06
6.9398128e-06
2.8284441e-05
9.3703342e-05
0.00023024525
0.00042613143
0.00065499714
0.000898222
0.001147973
7.6329808e-10
8.1313192e-08
9.1511743e-07
5.1904848e-06
2.1017734e-05
6.971138e-05
0.00018127124
0.00035681471
0.0005756337
0.00081842565
0.0010766202
7.6929236e-10
8.198805e-08
9.2314076e-07
5.2371069e-06
2.1201551e-05
7.0196535e-05
0.00018164438
0.00035594003
0.00057216684
0.00081082944
0.0010627081
7.8006781e-10
8.321174e-08
9.379316e-07
5.3260023e-06
2.1579362e-05
7.1412514e-05
0.0001837555
0.00035801383
0.00057324515
0.00081051064
0.0010614061
3.2367875e-10
3.3580299e-08
3.6447579e-07
1.9879974e-06
7.6637822e-06
2.3684987e-05
6.0813921e-05
0.00012781614
0.00022363642
0.00033932249
0.00046357174
3.2797889e-10
3.4020832e-08
3.6909972e-07
2.0114985e-06
7.7427735e-06
2.3871783e-05
6.1095548e-05
0.00012807128
0.00022375605
0.00033921521
0.00046294418
3.6569199e-10
3.8225452e-08
4.1994216e-07
2.3273699e-06
9.1763443e-06
2.9478447e-05
8.0887395e-05
0.00018224535
0.00033586583
0.00053060286
0.0007545309
3.6831377e-10
3.8481856e-08
4.2236896e-07
2.3371493e-06
9.1910996e-06
2.9403084e-05
8.0250201e-05
0.00018034836
0.00033243527
0.00052550517
0.00074704608
2.8265521e-12
2.5868326e-10
2.3008929e-09
9.7709353e-09
2.8282639e-08
6.4270992e-08
1.2366896e-07
2.1280093e-07
3.455653e-07
5.7534353e-07
1.1837499e-06
7.404683e-12
6.5693949e-10
5.5874798e-09
2.250516e-08
6.1283806e-08
1.2965921e-07
2.2917341e-07
3.5643919e-07
5.1402944e-07
7.3295505e-07
1.2327188e-06
3.6078542e-10
3.7500305e-08
4.080061e-07
2.2296782e-06
8.6010076e-06
2.6525464e-05
6.7417901e-05
0.00013942362
0.00024071351
0.00036261365
0.00049528106
3.544425e-10
3.6799712e-08
3.9936375e-07
2.1720752e-06
8.3075299e-06
2.5255784e-05
6.3089221e-05
0.0001289593
0.00022106827
0.00033047108
0.00044533246
1.7453131e-10
1.7931368e-08
1.9140732e-07
1.0206893e-06
3.8129908e-06
1.1246515e-05
2.7337501e-05
5.5515779e-05
9.5769731e-05
0.00014371567
0.00019161074
1.7975086e-10
1.8488033e-08
1.9777566e-07
1.058215e-06
3.9731858e-06
1.1802727e-05
2.8924458e-05
5.9111383e-05
0.00010231601
0.00015369036
0.00020478622
3.5668534e-10
3.7069183e-08
4.0324648e-07
2.20339e-06
8.499164e-06
2.6210951e-05
6.6630431e-05
0.0001378798
0.00023829061
0.00035946482
0.0004918103
3.513231e-10
3.6481351e-08
3.9603102e-07
2.155072e-06
8.2492093e-06
2.5108926e-05
6.2823462e-05
0.00012860414
0.00022070014
0.00033022055
0.0004454296
1.0122969e-09
1.0841196e-07
1.2264372e-06
6.984387e-06
2.8510047e-05
9.4465656e-05
0.00023131574
0.00042637814
0.00065278896
0.00089152553
0.0011340479
1.0137443e-09
1.0882133e-07
1.2347485e-06
7.0526647e-06
2.888192e-05
9.594415e-05
0.0002343494
0.00043023106
0.00065614543
0.00089297136
0.0011320343
1.0201879e-09
1.0935311e-07
1.2390922e-06
7.0753385e-06
2.9018175e-05
9.6719246e-05
0.000236279
0.00043278997
0.00065823175
0.00089357554
0.00113071
1.0083029e-09
1.0837747e-07
1.2326002e-06
7.0626164e-06
2.9033228e-05
9.6741528e-05
0.00023542541
0.00042931914
0.00064992109
0.0008775267
0.0011023823
1.0015503e-09
1.081152e-07
1.2364744e-06
7.1269565e-06
2.950662e-05
9.8936627e-05
0.00024001051
0.00043560254
0.00065745138
0.00088708668
0.0011166822
1.0130613e-09
1.0835535e-07
1.2249921e-06
6.9838079e-06
2.8596103e-05
9.482222e-05
0.00022981169
0.00041817954
0.00063221967
0.00085282377
0.0010713994
1.9565264e-10
2.0833819e-08
2.3605612e-07
1.360575e-06
5.6022175e-06
1.8801948e-05
5.4985542e-05
0.00013916336
0.00028882898
0.00050026872
0.00076220443
2.0468067e-10
2.1848078e-08
2.4868258e-07
1.4437804e-06
6.0147601e-06
2.0592975e-05
6.2334955e-05
0.00016297291
0.00034004118
0.00058415177
0.00088498563
4.1408282e-10
4.3077337e-08
4.690039e-07
2.562972e-06
9.8919324e-06
3.0699851e-05
7.9543129e-05
0.00016889627
0.00029880502
0.00045930359
0.00063817338
4.0991113e-10
4.26254e-08
4.6394495e-07
2.5360871e-06
9.8012309e-06
3.0498074e-05
7.9264342e-05
0.00016858046
0.00029856101
0.00045988999
0.00064167244
4.0837515e-10
4.2480983e-08
4.6270229e-07
2.5323096e-06
9.8059531e-06
3.0614854e-05
7.9950687e-05
0.00017065899
0.00030270657
0.00046643351
0.00065081363
3.9592564e-09
6.5608529e-07
7.5840744e-06
3.7316064e-05
0.0001204965
0.00025031132
0.00039629091
0.00053315137
0.00064391797
0.00071343398
0.00072166594
5.4664831e-09
9.2953803e-07
1.0253092e-05
4.8129232e-05
0.00014727464
0.00028947196
0.00044115349
0.00057788269
0.00068351117
0.00074271531
0.00073584797
7.3581967e-09
1.2746264e-06
1.349239e-05
6.1300392e-05
0.00017619865
0.0003285453
0.00048284193
0.00061595368
0.00071228865
0.00075604371
0.0007288574
1.0086551e-09
1.0739838e-07
1.2063296e-06
6.8299691e-06
2.7815319e-05
9.3099874e-05
0.00023351505
0.00043929877
0.00068479701
0.00095362875
0.0012425715
9.890576e-10
1.0547621e-07
1.1860645e-06
6.7068923e-06
2.7130533e-05
8.9265069e-05
0.00022091191
0.00041348924
0.00064190317
0.00088695306
0.0011393536
9.9469729e-10
1.0656987e-07
1.206036e-06
6.8682148e-06
2.8016406e-05
9.2956687e-05
0.0002296148
0.00042751
0.00066105966
0.00091229435
0.0011742223
3.6673181e-10
3.8342371e-08
4.2070755e-07
2.3207407e-06
9.0492314e-06
2.8424821e-05
7.5221166e-05
0.0001645777
0.00029952869
0.00047140234
0.0006684341
1.0490111e-10
1.1213731e-08
1.2823553e-07
7.5071864e-07
3.1612897e-06
1.0897799e-05
3.2881707e-05
8.920043e-05
0.00020653481
0.00039564014
0.00065250857
1.1177579e-10
1.1936945e-08
1.3624255e-07
7.9543575e-07
3.3391907e-06
1.1481007e-05
3.4608315e-05
9.3800949e-05
0.00021597866
0.00041059468
0.00067263731
1.1799503e-10
1.2570146e-08
1.4291591e-07
8.3081656e-07
3.4739107e-06
1.1910684e-05
3.5887042e-05
9.748427e-05
0.00022445893
0.00042482126
0.00069073564
4.69089e-11
5.039378e-09
5.8317523e-08
3.4815024e-07
1.507965e-06
5.388939e-06
1.6942013e-05
4.9136844e-05
0.00013258442
0.0003022535
0.000561924
5.0571867e-11
5.4275123e-09
6.2686802e-08
3.7324439e-07
1.6117861e-06
5.7439801e-06
1.8038552e-05
5.2535104e-05
0.00014226817
0.00032131648
0.0005888422
5.3160878e-11
5.7057335e-09
6.5923596e-08
3.9294532e-07
1.7010665e-06
6.0914098e-06
1.9313323e-05
5.7481945e-05
0.00015731075
0.0003500555
0.00062803576
3.5812312e-10
3.7353281e-08
4.0864371e-07
2.2491698e-06
8.7660512e-06
2.7593923e-05
7.3401851e-05
0.00016154171
0.0002955952
0.00046823091
0.00066973188
3.6055311e-10
3.7623939e-08
4.1220318e-07
2.2763291e-06
8.9322103e-06
2.8480208e-05
7.7240079e-05
0.0001724004
0.00031690966
0.00050184392
0.00071681097
1.4346844e-10
1.4607464e-08
1.5326988e-07
7.9642408e-07
2.8679902e-06
8.059402e-06
1.8556148e-05
3.587509e-05
5.934137e-05
8.5422525e-05
0.00010825344
1.4532122e-10
1.4817669e-08
1.5593414e-07
8.1410589e-07
2.9522016e-06
8.3735464e-06
1.9483603e-05
3.8053076e-05
6.3525438e-05
9.2229708e-05
0.00011784855
3.9539676e-10
4.1420294e-08
4.5684681e-07
2.5468872e-06
1.0132827e-05
3.3055235e-05
9.2422274e-05
0.00020863435
0.00037994263
0.0005906244
0.00082672748
3.9348676e-10
4.1005093e-08
4.4815476e-07
2.466079e-06
9.6319747e-06
3.0533801e-05
8.2034932e-05
0.00018085865
0.00032873821
0.00051521847
0.00072849349
4.0945437e-10
4.26086e-08
4.6444993e-07
2.5454014e-06
9.8810295e-06
3.0985882e-05
8.1422829e-05
0.00017453414
0.00031002168
0.00047770241
0.00066633945
4.1061209e-10
4.2746844e-08
4.6625188e-07
2.5572248e-06
9.9361097e-06
3.1201872e-05
8.2180559e-05
0.00017656085
0.00031400986
0.00048395574
0.00067482068
3.6535384e-10
4.4223302e-08
5.8714622e-07
3.9515363e-06
1.9946983e-05
8.0739297e-05
0.00020628673
0.00036325953
0.00051848607
0.00064870367
0.00073025449
3.646248e-10
4.4794973e-08
5.9907657e-07
4.0375148e-06
2.0743397e-05
8.4082972e-05
0.00021034294
0.00036573296
0.00051792961
0.00064393498
0.00071936134
4.0111386e-10
4.9136782e-08
6.4942251e-07
4.3226458e-06
2.2225246e-05
8.9205019e-05
0.00021747173
0.00037226573
0.00052194114
0.00064391535
0.00071332429
2.6662301e-10
2.8433991e-08
3.2272718e-07
1.8636241e-06
7.7049465e-06
2.6175914e-05
7.7997447e-05
0.00019302517
0.00037813485
0.0006186584
0.0009023865
2.6868706e-10
2.8593832e-08
3.2361253e-07
1.8637504e-06
7.6909585e-06
2.6101668e-05
7.7658808e-05
0.00019145011
0.00037386452
0.00061090835
0.00089080573
4.0016456e-11
4.2948278e-09
4.9668862e-08
2.9677548e-07
1.2903676e-06
4.6502326e-06
1.4832656e-05
4.4074212e-05
0.00012305261
0.00028753498
0.00054130603
4.0624804e-11
4.3687842e-09
5.0690219e-08
3.0400192e-07
1.3260293e-06
4.7862954e-06
1.5242382e-05
4.4913068e-05
0.00012355098
0.00028636589
0.0005387142
4.4033575e-11
4.72736e-09
5.4663635e-08
3.2620294e-07
1.4135621e-06
5.0602697e-06
1.5952762e-05
4.6410432e-05
0.00012600931
0.0002902487
0.00054508041
1.1697892e-12
1.3029127e-10
1.7761345e-09
1.424071e-08
8.6065159e-08
4.3727032e-07
1.9773356e-06
8.0167589e-06
2.8924479e-05
8.9828251e-05
0.00022794124
1.2373112e-12
1.3751187e-10
1.8632874e-09
1.4983134e-08
9.0843199e-08
4.6291466e-07
2.0967606e-06
8.5040457e-06
3.0630049e-05
9.4642555e-05
0.00023811638
1.2290853e-12
1.3803413e-10
1.899473e-09
1.5223734e-08
9.2021328e-08
4.6726623e-07
2.1096974e-06
8.5416242e-06
3.0724824e-05
9.4838952e-05
0.00023845372
3.9457988e-10
4.1188043e-08
4.5141271e-07
2.4937501e-06
9.7967045e-06
3.1370317e-05
8.579435e-05
0.00019257269
0.00035380716
0.00055743809
0.00079103155
3.808461e-10
3.9754335e-08
4.3507951e-07
2.392247e-06
9.2942609e-06
2.9090487e-05
7.674915e-05
0.00016764189
0.00030492416
0.00047961107
0.00067915115
2.921967e-10
3.029943e-08
3.2867788e-07
1.7920659e-06
6.9051946e-06
2.1305813e-05
5.4588624e-05
0.00011470921
0.00020075686
0.00030422896
0.0004137413
2.9838484e-10
3.0969774e-08
3.364126e-07
1.8371252e-06
7.0915753e-06
2.1933865e-05
5.6357452e-05
0.00011864361
0.00020789178
0.00031557349
0.00043061951
3.6600942e-10
3.7970433e-08
4.120651e-07
2.2470724e-06
8.667558e-06
2.6878151e-05
6.9370666e-05
0.00014605801
0.00025541197
0.00038744067
0.00053030489
3.8113169e-10
3.966295e-08
4.3270918e-07
2.3772363e-06
9.2686336e-06
2.9212108e-05
7.6781557e-05
0.00016299088
0.00028501935
0.00043126636
0.00058963887
5.5157434e-10
5.9062577e-08
6.7068838e-07
3.8447495e-06
1.5679098e-05
5.2303179e-05
0.00014279904
0.00029971533
0.00051035813
0.00075731913
0.0010333077
5.8328457e-10
6.2020725e-08
6.9741262e-07
3.95895e-06
1.601979e-05
5.3193772e-05
0.00014499064
0.0003041217
0.00051745346
0.00076734284
0.0010471081
5.9217899e-10
6.3007602e-08
7.090745e-07
4.0278716e-06
1.6309291e-05
5.4196468e-05
0.00014741929
0.00030779552
0.00052118176
0.00076924815
0.0010442957
6.3328895e-10
7.1858833e-08
8.8819514e-07
5.6023508e-06
2.5509001e-05
9.4898305e-05
0.00023489035
0.00041200194
0.00059199046
0.00075396379
0.00088172356
5.8274507e-10
6.5992127e-08
8.1496102e-07
5.1472782e-06
2.3478981e-05
8.7971974e-05
0.00022178332
0.00039337841
0.00056854916
0.00072549688
0.00084663763
5.5876241e-12
6.097566e-10
7.3875374e-09
4.8204716e-08
2.4391743e-07
1.1318392e-06
4.8734564e-06
1.8950281e-05
6.3780278e-05
0.00017657472
0.0003862256
6.1779495e-12
6.738678e-10
8.1466043e-09
5.2863907e-08
2.6436545e-07
1.2064509e-06
5.161226e-06
1.997322e-05
6.6770363e-05
0.00018309104
0.00039632629
6.8664118e-12
7.4908067e-10
9.0533344e-09
5.8679443e-08
2.9283856e-07
1.3346806e-06
5.7081015e-06
2.2012853e-05
7.2956262e-05
0.00019708676
0.00041914482
7.4617892e-12
8.1381459e-10
9.8268266e-09
6.3595222e-08
3.168813e-07
1.4449223e-06
6.1821697e-06
2.3781723e-05
7.8286546e-05
0.00020899249
0.00043837499
7.5996396e-12
8.2871678e-10
1.0000355e-08
6.46086e-08
3.2057572e-07
1.449386e-06
6.1801284e-06
2.3740058e-05
7.808322e-05
0.00020837561
0.00043712345
7.4653096e-12
8.1606901e-10
9.8932582e-09
6.4240112e-08
3.1934999e-07
1.4334965e-06
6.0913412e-06
2.3389859e-05
7.7033071e-05
0.00020615608
0.00043385069
9.263376e-11
9.9372307e-09
1.145548e-07
6.8018933e-07
2.932115e-06
1.0497589e-05
3.3828969e-05
0.00010255054
0.00025773621
0.00050466609
0.00082235593
8.5149204e-11
9.1271457e-09
1.0513701e-07
6.2422575e-07
2.6938978e-06
9.6671803e-06
3.1207326e-05
9.4604339e-05
0.00023936188
0.00047077622
0.00076893691
8.0023632e-11
8.5908165e-09
9.9079474e-08
5.8734448e-07
2.5151849e-06
8.8546381e-06
2.7423863e-05
7.7596665e-05
0.00019040059
0.00037971012
0.00063604022
3.4397004e-10
3.5903638e-08
3.9329819e-07
2.1687541e-06
8.4731945e-06
2.6757616e-05
7.1581863e-05
0.0001588543
0.00029304013
0.00046749363
0.00067315165
3.3765169e-10
3.5267437e-08
3.86768e-07
2.1361907e-06
8.3643994e-06
2.649311e-05
7.1167e-05
0.00015856317
0.00029322884
0.00046840263
0.00067487699
3.1863368e-10
3.3248931e-08
3.6418785e-07
2.0095028e-06
7.8643666e-06
2.4916311e-05
6.7172624e-05
0.00015089325
0.00028120187
0.00045141026
0.00065115076
3.3556776e-10
3.5246761e-08
3.9066835e-07
2.1943556e-06
8.8241941e-06
2.922208e-05
8.4051234e-05
0.00019704046
0.00036958138
0.00058764977
0.00083921185
4.3324982e-10
4.5067445e-08
4.9131681e-07
2.6974631e-06
1.0530946e-05
3.3488283e-05
9.0147264e-05
0.00019719919
0.0003541573
0.0005488177
0.00076935215
4.2437259e-10
4.4258603e-08
4.8363872e-07
2.6545519e-06
1.0303818e-05
3.2273617e-05
8.4823003e-05
0.00018244053
0.00032516655
0.00050133096
0.00069713914
1.8521223e-10
1.90626e-08
2.0416273e-07
1.0941389e-06
4.1166173e-06
1.2261459e-05
3.0133467e-05
6.1691675e-05
0.00010683644
0.00016046089
0.00021380266
1.9121407e-10
1.9694398e-08
2.1121314e-07
1.1342138e-06
4.2801659e-06
1.2804294e-05
3.1633952e-05
6.5048689e-05
0.00011302024
0.00017034903
0.00022824354
2.5935841e-11
2.0238121e-09
1.4828923e-08
5.0941646e-08
1.1757544e-07
2.1119349e-07
3.2268799e-07
4.527841e-07
6.3382754e-07
1.1714726e-06
2.3700674e-06
4.6469266e-12
4.0779698e-10
3.4481614e-09
1.3876687e-08
3.8080683e-08
8.2471849e-08
1.5314964e-07
2.6004678e-07
4.336218e-07
8.9617834e-07
1.9626226e-06
1.2680843e-10
1.3520252e-08
1.5396916e-07
8.97462e-07
3.7688407e-06
1.3018626e-05
3.9752257e-05
0.00010941125
0.00025013526
0.00046479236
0.00074224568
1.2553855e-10
1.3424021e-08
1.5349796e-07
8.9786816e-07
3.7752139e-06
1.3001988e-05
3.9308248e-05
0.00010622154
0.00023938945
0.00044240232
0.00070514012
1.6863405e-10
1.728659e-08
1.8374416e-07
9.7355769e-07
3.6033671e-06
1.0494543e-05
2.5139828e-05
5.0385233e-05
8.5934037e-05
0.00012734602
0.00016679415
1.7070609e-10
1.7515848e-08
1.8648993e-07
9.9032361e-07
3.6758865e-06
1.0742876e-05
2.5830196e-05
5.1946001e-05
8.8915737e-05
0.00013246432
0.00017511082
3.405936e-10
3.543914e-08
3.8618419e-07
2.1141883e-06
8.1702966e-06
2.5259668e-05
6.4628886e-05
0.00013510296
0.00023576941
0.00035837187
0.00049280835
3.4383579e-10
3.5747802e-08
3.8924561e-07
2.1308682e-06
8.2476562e-06
2.5612178e-05
6.6034246e-05
0.00013896405
0.00024341116
0.00037069007
0.00051049967
9.4002911e-09
1.6631522e-06
1.704516e-05
7.5740386e-05
0.0002030754
0.00036033532
0.00051174027
0.00063552003
0.00071613503
0.00073702009
0.00068214371
1.141017e-08
2.0798806e-06
2.0784242e-05
8.9786569e-05
0.00022239447
0.00037535254
0.0005144279
0.00061911851
0.00067355546
0.00066072599
0.00056966863
1.3178415e-08
2.5395349e-06
2.4759761e-05
0.00010104659
0.00022919111
0.00036680725
0.00048223495
0.0005554506
0.00056976236
0.00050974233
0.00038182412
3.4419658e-10
3.5709836e-08
3.8730897e-07
2.1072609e-06
8.0775413e-06
2.469074e-05
6.2292048e-05
0.00012884185
0.00022357936
0.00033901502
0.00046575473
3.4223963e-10
3.5570242e-08
3.8690756e-07
2.1132433e-06
8.143493e-06
2.5080629e-05
6.3840669e-05
0.00013287252
0.00023133753
0.00035147942
0.00048386945
3.7681439e-10
3.9133341e-08
4.249418e-07
2.3140013e-06
8.8779165e-06
2.721135e-05
6.9014151e-05
0.00014317959
0.00024764779
0.00037114457
0.00049859605
3.8098401e-10
3.9527818e-08
4.2893948e-07
2.337763e-06
9.0032089e-06
2.7813901e-05
7.1214817e-05
0.00014862951
0.00025839739
0.00039080237
0.00053455932
2.7343236e-10
2.8363931e-08
3.0781288e-07
1.6787011e-06
6.464841e-06
1.9894971e-05
5.0719513e-05
0.00010618227
0.0001857181
0.00028201329
0.0003851113
2.8395039e-10
2.9459416e-08
3.199308e-07
1.7478693e-06
6.7556608e-06
2.0931101e-05
5.3866013e-05
0.00011351732
0.00019900724
0.00030215325
0.00041236843
3.9169872e-10
4.0768062e-08
4.4434749e-07
2.4330657e-06
9.419512e-06
2.9365662e-05
7.6654989e-05
0.00016427354
0.0002932746
0.00045509418
0.00063934711
3.8546731e-10
4.0121037e-08
4.3732983e-07
2.3947894e-06
9.2696642e-06
2.8875925e-05
7.5300773e-05
0.00016137114
0.0002883369
0.00044795568
0.00063000072
2.2372367e-10
2.308753e-08
2.4838946e-07
1.3390563e-06
5.077033e-06
1.528178e-05
3.7996444e-05
7.8384352e-05
0.00013637362
0.00020623917
0.00027892749
2.2829991e-10
2.3592288e-08
2.5435933e-07
1.3745868e-06
5.224648e-06
1.5762499e-05
3.9256181e-05
8.1033257e-05
0.0001410638
0.00021370522
0.00029017204
2.9618724e-10
3.1593723e-08
3.582898e-07
2.0625759e-06
8.4714729e-06
2.8441662e-05
8.2603208e-05
0.000196771
0.00037534488
0.00060517866
0.00087533112
3.1087709e-10
3.3093469e-08
3.7420266e-07
2.1479601e-06
8.8054869e-06
2.9572384e-05
8.6027262e-05
0.00020447946
0.00038871937
0.00062582468
0.00090736576
1.2801615e-12
1.4419219e-10
1.9807102e-09
1.5861017e-08
9.5895167e-08
4.8685762e-07
2.1959247e-06
8.8806472e-06
3.1873261e-05
9.79941e-05
0.0002449977
1.3986728e-12
1.5642395e-10
2.0670294e-09
1.5958487e-08
9.5136795e-08
4.7869641e-07
2.1408455e-06
8.6246627e-06
3.0898479e-05
9.5056264e-05
0.0002385058
1.8763228e-12
2.0844157e-10
2.6933639e-09
2.0220932e-08
1.1996749e-07
6.0397936e-07
2.702521e-06
1.083895e-05
3.833236e-05
0.00011490265
0.00027745062
4.001362e-10
4.1639291e-08
4.5374561e-07
2.4840563e-06
9.6168246e-06
2.9992079e-05
7.8294533e-05
0.00016754889
0.00029842343
0.00046184412
0.00064703478
3.969377e-10
4.1290663e-08
4.4971154e-07
2.4607309e-06
9.5226636e-06
2.9690567e-05
7.7532377e-05
0.00016611651
0.0002963296
0.00045935917
0.00064466766
1.6871652e-10
1.8076033e-08
2.0708697e-07
1.2123891e-06
5.0978065e-06
1.7594423e-05
5.3540843e-05
0.00014193058
0.00030261528
0.00053090578
0.00081794449
1.8021505e-10
1.9164982e-08
2.1683503e-07
1.2490407e-06
5.1479619e-06
1.7318452e-05
5.0823361e-05
0.00012970481
0.00027232549
0.00047704865
0.00073437199
1.8680403e-10
1.9937346e-08
2.2687501e-07
1.316121e-06
5.4695076e-06
1.8596113e-05
5.5399403e-05
0.00014298277
0.00030005717
0.0005240318
0.00080897584
2.1295143e-10
2.1970677e-08
2.3633894e-07
1.274471e-06
4.8370985e-06
1.4586472e-05
3.6362054e-05
7.5194458e-05
0.00013090726
0.00019749906
0.00026531377
2.195591e-10
2.2641946e-08
2.4333733e-07
1.3102471e-06
4.9617166e-06
1.4916823e-05
3.7056458e-05
7.6418605e-05
0.00013287732
0.00020058507
0.00027015128
3.6989898e-10
3.8513458e-08
4.2031512e-07
2.3080572e-06
8.9803451e-06
2.8207597e-05
7.4283669e-05
0.00015970222
0.00028384018
0.00043607458
0.00060403448
3.7489851e-10
3.9022381e-08
4.2571633e-07
2.3371699e-06
9.0952624e-06
2.8601644e-05
7.5506842e-05
0.00016269617
0.00028950987
0.00044500984
0.00061658193
3.8047272e-10
3.959483e-08
4.3183484e-07
2.3700921e-06
9.2232215e-06
2.9026086e-05
7.6762434e-05
0.00016565486
0.00029499016
0.00045351932
0.00062835446
3.8670462e-10
4.0286898e-08
4.4014999e-07
2.4214139e-06
9.4551787e-06
2.9924566e-05
7.9736519e-05
0.00017280814
0.00030792271
0.00047301818
0.00065490623
1.5105004e-10
1.5141664e-08
1.542986e-07
7.6748242e-07
2.6033597e-06
6.7934563e-06
1.4404446e-05
2.555587e-05
3.8619e-05
5.0256093e-05
5.6636506e-05
1.4932496e-10
1.4989081e-08
1.5310369e-07
7.6398999e-07
2.601738e-06
6.8187395e-06
1.4521437e-05
2.5871585e-05
3.9247185e-05
5.1239792e-05
5.7873654e-05
1.6366452e-11
1.4303078e-09
1.1873672e-08
4.6428016e-08
1.2199394e-07
2.4687559e-07
4.1214752e-07
5.9559921e-07
7.8382007e-07
1.0043373e-06
1.3852594e-06
2.660282e-11
2.3280432e-09
1.9286974e-08
7.5060747e-08
1.95586e-07
3.9007325e-07
6.3488655e-07
8.7867315e-07
1.0787634e-06
1.249705e-06
1.5060129e-06
9.9689635e-10
6.0801475e-08
3.324516e-07
8.2925428e-07
1.3407564e-06
1.6295801e-06
1.6646608e-06
1.6265597e-06
1.7923082e-06
2.8809922e-06
5.1854133e-06
3.9994375e-10
4.1705847e-08
4.5654481e-07
2.520094e-06
9.8987708e-06
3.1666509e-05
8.5650872e-05
0.00018714809
0.00033355674
0.00051077826
0.00070497963
4.1293018e-10
4.3054843e-08
4.710749e-07
2.5971891e-06
1.0180163e-05
3.2473313e-05
8.7590183e-05
0.00019118918
0.00034057402
0.0005207864
0.00071693821
1.535074e-10
1.5704754e-08
1.6633462e-07
8.7697962e-07
3.2253958e-06
9.3216444e-06
2.2155915e-05
4.4143579e-05
7.4989091e-05
0.00011070476
0.00014412653
1.5683946e-10
1.6072472e-08
1.7073763e-07
9.0397516e-07
3.3430531e-06
9.7272083e-06
2.3282658e-05
4.6649387e-05
7.953673e-05
0.00011766748
0.00015336475
2.4100915e-10
2.493387e-08
2.6947023e-07
1.462241e-06
5.595684e-06
1.7062376e-05
4.3033264e-05
8.9557964e-05
0.00015636221
0.00023708858
0.00032246993
2.4843378e-10
2.5711194e-08
2.7802669e-07
1.5097421e-06
5.7835763e-06
1.7669888e-05
4.4697788e-05
9.3242307e-05
0.00016296159
0.00024710046
0.00033589305
4.7284386e-12
5.1971941e-10
6.4330637e-09
4.3948619e-08
2.420425e-07
1.1945654e-06
5.2705539e-06
2.0615279e-05
6.9164259e-05
0.0001893118
0.00040755661
4.5063601e-12
4.9606727e-10
6.1580215e-09
4.2160312e-08
2.3145635e-07
1.1388799e-06
5.0131343e-06
1.9614453e-05
6.6014189e-05
0.00018191786
0.00039509153
4.7747175e-12
5.2461027e-10
6.469101e-09
4.3587918e-08
2.3215371e-07
1.1239502e-06
4.9135797e-06
1.9202029e-05
6.4730052e-05
0.00017908615
0.00039088746
3.2973707e-10
3.5099959e-08
3.9657282e-07
2.2713307e-06
9.2734824e-06
3.0954e-05
8.9047769e-05
0.00020826269
0.00039003538
0.00061875744
0.00088064624
3.4339235e-10
3.661941e-08
4.1482476e-07
2.3832576e-06
9.7705553e-06
3.2827177e-05
9.5068698e-05
0.00022190992
0.0004135802
0.00065484222
0.00093608854
3.768089e-10
3.9271815e-08
4.2896802e-07
2.3551681e-06
9.1460487e-06
2.8638334e-05
7.5505851e-05
0.00016441197
0.00029832526
0.00046973374
0.00066901475
3.7002196e-10
3.8557971e-08
4.2112948e-07
2.3125834e-06
8.9865136e-06
2.8172417e-05
7.4427086e-05
0.00016246328
0.00029550536
0.00046651659
0.00066649571
1.5343899e-10
1.5337672e-08
1.5546787e-07
7.6721437e-07
2.5751497e-06
6.6352505e-06
1.3871639e-05
2.4232126e-05
3.5985338e-05
4.589339e-05
5.0617156e-05
1.5223142e-10
1.5238318e-08
1.5487404e-07
7.6737304e-07
2.589787e-06
6.7174999e-06
1.415007e-05
2.4929909e-05
3.7394014e-05
4.8286595e-05
5.4057896e-05
1.6380432e-10
1.6085471e-08
1.5795411e-07
7.4587002e-07
2.3717583e-06
5.7550076e-06
1.1290221e-05
1.842991e-05
2.5376962e-05
2.9630229e-05
2.9632829e-05
1.6402371e-10
1.6141632e-08
1.5912214e-07
7.554276e-07
2.4177152e-06
5.9081425e-06
1.1677827e-05
1.9217709e-05
2.6706453e-05
3.1522651e-05
3.1888539e-05
3.9650825e-10
5.0326242e-08
6.8773806e-07
4.6970544e-06
2.478877e-05
9.8277422e-05
0.00022949557
0.00038302977
0.00052897964
0.00064571303
0.00070817817
5.1595189e-10
6.3970931e-08
8.2948594e-07
5.4780217e-06
2.844802e-05
0.00010616759
0.00023640051
0.00038690228
0.00053052042
0.00064680922
0.00070992241
3.6400521e-10
3.7826469e-08
4.1159221e-07
2.2517018e-06
8.7127804e-06
2.703965e-05
6.9280203e-05
0.00014397265
0.00024908486
0.00037577003
0.0005143316
3.5872976e-10
3.726517e-08
4.0477771e-07
2.2042511e-06
8.4461413e-06
2.5751285e-05
6.4535284e-05
0.00013210064
0.00022630024
0.00033755299
0.00045331412
3.541212e-10
3.6825295e-08
4.0107473e-07
2.1958175e-06
8.4964872e-06
2.6336371e-05
6.7417336e-05
0.00014024929
0.0002429792
0.00036671706
0.00050145928
3.5127795e-10
3.6507764e-08
3.9694456e-07
2.1653842e-06
8.3210293e-06
2.5487308e-05
6.430111e-05
0.00013247268
0.00022812991
0.00034195779
0.00046199477
2.6588948e-10
2.7541544e-08
2.9809625e-07
1.6191452e-06
6.1965815e-06
1.8885872e-05
4.7603121e-05
9.8989649e-05
0.00017275895
0.00026201528
0.00035671813
2.6254384e-10
2.7138407e-08
2.9250936e-07
1.5777669e-06
5.9702975e-06
1.7879454e-05
4.4092261e-05
9.0123564e-05
0.00015567821
0.00023445276
0.00031640547
6.0356554e-10
6.4247513e-08
7.2334113e-07
4.1097508e-06
1.6641261e-05
5.5266931e-05
0.00014961802
0.00031044532
0.00052300455
0.0007688094
0.0010398036
6.153608e-10
6.549871e-08
7.3729351e-07
4.1879948e-06
1.6956808e-05
5.630283e-05
0.00015183137
0.00031329548
0.00052530443
0.00076916998
0.0010364959
3.6209555e-10
3.7767555e-08
4.1310344e-07
2.2726241e-06
8.8492749e-06
2.7803551e-05
7.3638647e-05
0.00016110611
0.00029346082
0.00046368322
0.00066273555
3.5369594e-10
3.6899598e-08
4.0378774e-07
2.2227892e-06
8.6609167e-06
2.7224279e-05
7.2174961e-05
0.00015825375
0.00028891076
0.00045717164
0.00065366531
8.0772967e-11
7.2953487e-09
6.2682626e-08
2.5241563e-07
6.7719157e-07
1.3795921e-06
2.2606173e-06
3.0639339e-06
3.505689e-06
3.5121057e-06
3.3746544e-06
9.3831175e-11
8.5644596e-09
7.4689231e-08
3.0560367e-07
8.3319364e-07
1.7252969e-06
2.8742009e-06
3.9585155e-06
4.5880096e-06
4.6118513e-06
4.3582769e-06
3.3488636e-10
3.5156503e-08
3.8884596e-07
2.1725438e-06
8.6399733e-06
2.802693e-05
7.8296859e-05
0.00018088676
0.00033875244
0.00053737511
0.0007599122
3.4551047e-10
3.5951016e-08
3.9189655e-07
2.1478975e-06
8.3240717e-06
2.5898296e-05
6.698597e-05
0.00014143117
0.00024825955
0.00037838406
0.00052094236
3.4935949e-10
3.6332075e-08
3.9577011e-07
2.1678006e-06
8.3998435e-06
2.6159654e-05
6.7861335e-05
0.0001438089
0.00025319297
0.00038675389
0.00053339931
2.3427971e-10
2.4962318e-08
2.8314541e-07
1.6355091e-06
6.7679338e-06
2.2987687e-05
6.8657341e-05
0.0001739433
0.00035120744
0.0005887317
0.0008741822
2.3539962e-10
2.5120301e-08
2.8562499e-07
1.6547706e-06
6.8740725e-06
2.3484474e-05
7.0761765e-05
0.00018001467
0.00036220613
0.00060391313
0.00089254781
2.3625481e-10
2.5165437e-08
2.8541755e-07
1.6496246e-06
6.8406843e-06
2.3346909e-05
7.0280989e-05
0.00017841741
0.0003582625
0.00059668941
0.00088113608
3.650405e-10
3.8890284e-08
4.3997825e-07
2.5256888e-06
1.0365428e-05
3.5011607e-05
0.00010201893
0.0002364962
0.00043483119
0.00067907437
0.00095837669
3.6737643e-10
3.8989935e-08
4.3872397e-07
2.5036591e-06
1.0208944e-05
3.4181337e-05
9.8317241e-05
0.00022600267
0.00041473731
0.00064792787
0.00091406505
2.3365411e-10
2.4911365e-08
2.8270988e-07
1.632335e-06
6.7394014e-06
2.2760132e-05
6.7113594e-05
0.00016706258
0.000333428
0.00055514944
0.00081799384
2.4395244e-10
2.6044469e-08
2.9608226e-07
1.7121871e-06
7.0789387e-06
2.3955304e-05
7.076983e-05
0.00017542931
0.00034811823
0.0005784033
0.00085581321
3.1708075e-10
3.379205e-08
3.8246499e-07
2.194325e-06
8.9663553e-06
2.9886792e-05
8.5805673e-05
0.00020155634
0.000380344
0.00060776672
0.00087064856
3.325486e-10
3.5485056e-08
4.0262265e-07
2.3207177e-06
9.5715608e-06
3.2514173e-05
9.6110778e-05
0.00022873087
0.0004305042
0.00068561974
0.00098734094
3.3683209e-10
3.5731974e-08
4.0208825e-07
2.2977393e-06
9.3992286e-06
3.1662141e-05
9.2821566e-05
0.00022033649
0.00041489149
0.0006602349
0.00094592947
1.5148216e-10
1.6216913e-08
1.8585842e-07
1.0919534e-06
4.6332156e-06
1.6274614e-05
5.1267467e-05
0.00014392727
0.00032011248
0.00057131485
0.00088448146
1.4773587e-10
1.5718454e-08
1.7821106e-07
1.0314974e-06
4.2889668e-06
1.4630309e-05
4.3952904e-05
0.00011741601
0.00025843118
0.00046596289
0.00072679121
1.484149e-10
1.5834119e-08
1.8029551e-07
1.0486978e-06
4.3813012e-06
1.5002889e-05
4.5146486e-05
0.00012004113
0.00026202328
0.00047004635
0.00073265052
4.0891217e-10
4.2569494e-08
4.6419905e-07
2.5438892e-06
9.8657833e-06
3.0869744e-05
8.0932913e-05
0.00017350598
0.00030862093
0.0004760194
0.00066395637
4.0450932e-10
4.2110614e-08
4.5911542e-07
2.5146595e-06
9.7396779e-06
3.0392727e-05
7.9379248e-05
0.00016982306
0.00030215319
0.00046682359
0.00065259012
3.5470079e-10
3.6910875e-08
4.0229154e-07
2.2035017e-06
8.534804e-06
2.6618319e-05
6.9763694e-05
0.00015102926
0.00027257841
0.00042656345
0.00060202706
3.5854789e-10
3.7360025e-08
4.0839952e-07
2.2493848e-06
8.799581e-06
2.7928369e-05
7.5011407e-05
0.00016505433
0.00029927183
0.00046810681
0.00066032066
4.0361795e-10
4.1992778e-08
4.5740256e-07
2.5025268e-06
9.681745e-06
3.0178072e-05
7.8752412e-05
0.00016857059
0.00030065139
0.00046652448
0.00065625333
3.9966029e-10
4.1591136e-08
4.5325855e-07
2.4818733e-06
9.6126201e-06
3.0007731e-05
7.8481379e-05
0.00016837106
0.00030076764
0.00046717172
0.00065767687
3.9209219e-10
4.0843922e-08
4.457583e-07
2.4445793e-06
9.4804169e-06
2.9617401e-05
7.7515085e-05
0.00016651092
0.00029784832
0.00046312271
0.00065236055
2.7690516e-11
2.9870217e-09
3.4921668e-08
2.1211534e-07
9.4307306e-07
3.5011498e-06
1.165801e-05
3.7813617e-05
0.00011362708
0.00027763366
0.00053545701
2.8910784e-11
3.1153191e-09
3.6347159e-08
2.2018834e-07
9.7620392e-07
3.6149402e-06
1.2010507e-05
3.8777562e-05
0.00011616265
0.000282805
0.00054365216
2.9538156e-11
3.1800049e-09
3.7028281e-08
2.2359558e-07
9.8642755e-07
3.624143e-06
1.1869547e-05
3.7078068e-05
0.00011008979
0.00026933977
0.0005221905
3.742865e-10
3.8897942e-08
4.2329778e-07
2.3162274e-06
8.9687501e-06
2.7890487e-05
7.1691764e-05
0.00014932704
0.00025861256
0.0003902369
0.00053407254
3.6814792e-10
3.8230853e-08
4.1500151e-07
2.2576729e-06
8.6395836e-06
2.6306601e-05
6.5862803e-05
0.00013475093
0.00023077067
0.00034402742
0.00046140343
3.7044609e-10
3.8464395e-08
4.1778761e-07
2.2780936e-06
8.7644937e-06
2.694946e-05
6.8302269e-05
0.00014103228
0.00024339765
0.00036670994
0.00050099175
1.1681305e-11
1.2655027e-09
1.499244e-08
9.3414797e-08
4.3361483e-07
1.7335928e-06
6.6501785e-06
2.4611525e-05
7.9668365e-05
0.00021060022
0.00043851527
1.274327e-11
1.3846706e-09
1.6495196e-08
1.0352417e-07
4.8460669e-07
1.957541e-06
7.6229676e-06
2.8231286e-05
9.0278778e-05
0.00023331464
0.00047316403
1.3849534e-11
1.5027081e-09
1.7853277e-08
1.1174064e-07
5.2288e-07
2.1271889e-06
8.4445015e-06
3.1456897e-05
0.00010015751
0.00025550332
0.00050940184
4.6992969e-10
4.9790844e-08
5.5779775e-07
3.1581244e-06
1.2738801e-05
4.2080368e-05
0.00011707434
0.00025652359
0.00045374287
0.00069183438
0.00096119305
4.719113e-10
5.0291872e-08
5.6793966e-07
3.2411573e-06
1.3157984e-05
4.364707e-05
0.00012117886
0.00026355038
0.00046279202
0.00070132843
0.00096916183
8.6371976e-10
9.4092267e-08
1.088955e-06
6.336308e-06
2.6292972e-05
8.8809816e-05
0.00022365988
0.00042137881
0.00065618317
0.00090874603
0.0011683521
9.4845517e-10
1.0290333e-07
1.1825246e-06
6.8203913e-06
2.8036827e-05
9.3029848e-05
0.00022929894
0.00042878325
0.00066984519
0.00093886669
0.0012347142
1.0525285e-09
1.1113186e-07
1.2335399e-06
6.8928074e-06
2.7654934e-05
9.0874003e-05
0.0002266645
0.00042837752
0.00067189978
0.00094040326
0.0012295545
1.6329613e-10
1.6106446e-08
1.5939005e-07
7.6054258e-07
2.448277e-06
6.0192371e-06
1.1970078e-05
1.981992e-05
2.7718222e-05
3.2930342e-05
3.3516006e-05
1.6314501e-10
1.612556e-08
1.6020675e-07
7.6874903e-07
2.4922297e-06
6.1769161e-06
1.239413e-05
2.0734828e-05
2.9373783e-05
3.5509437e-05
3.6898323e-05
0.0029792447
1.6681592e-05
1.6450108e-05
1.6814821e-05
1.5826484e-05
1.6534355e-05
1.736709e-05
1.670164e-05
1.583865e-05
1.6403182e-05
1.5854264e-05
1.5910696e-05
1.6742711e-05
0.0033606309
1.5938876e-05
0.0017433503
1.7883516e-05
1.6898065e-05
1.98901e-05
1.7892215e-05
1.607344e-05
1.6423169e-05
1.6414475e-05
1.6484368e-05
0.001605073
1.626841e-05
1.6425892e-05
9.0311507e-05
1.5992673e-05
0.00018550228
1.6567003e-05
1.6181556e-05
5.1809234e-05
1.653828e-05
1.5992379e-05
1.6523859e-05
1.6569858e-05
1.7370955e-05
1.6199583e-05
1.652552e-05
1.607679e-05
1.6592003e-05
1.6427335e-05
1.6448596e-05
1.6114763e-05
1.6523227e-05
0.00049235502
1.5980605e-05
1.6193091e-05
0.00098845042
2.6689108e-05
1.6240272e-05
1.5846341e-05
7.812849e-05
0.00097394185
0.00022053437
1.6057397e-05
0.0042910421
1.602882e-05
1.6412832e-05
1.6487655e-05
1.614088e-05
1.656638e-05
1.6665684e-05
1.6805906e-05
1.6423973e-05
1.6568433e-05
1.6506194e-05
0.00013161251
1.6118037e-05
1.6732011e-05
1.6372938e-05
6.0307561e-05
0.004801583
1.6308009e-05
1.5912451e-05
1.6865815e-05
1.6342426e-05
1.6135527e-05
1.6843257e-05
1.6565456e-05
1.6090791e-05
1.6396562e-05
0.00025786047
1.6199639e-05
1.6265893e-05
1.5921661e-05
1.9016502e-05
1.7427235e-05
1.6549756e-05
1.6496076e-05
0.011775416
1.586665e-05
0.00034425296
2.1411874e-05
1.6500336e-05
2.0786191e-05
0.015185605
1.6499389e-05
1.6576326e-05
1.6442145e-05
0.0029747146
1.6436581e-05
2.5862288e-05
2.213732e-05
1.6481612e-05
1.6258279e-05
1.6339199e-05
1.9313261e-05
0.0016348073
1.6497415e-05
1.6665375e-05
0.001602267
0.0021777071
1.6492435e-05
1.5842092e-05
1.6442238e-05
1.6176262e-05
1.5920873e-05
1.6625626e-05
1.6555413e-05
1.6497735e-05
0.0011655194
0.0025204996
1.6444647e-05
1.6600628e-05
1.6226567e-05
1.5892042e-05
1.846825e-05
1.8682433e-05
1.5891391e-05
1.650363e-05
1.6395447e-05
0.0022372513
1.6477817e-05
1.5817945e-05
1.5850477e-05
1.6365932e-05
1.6385411e-05
1.6711263e-05
2.2294744e-05
1.6570072e-05
1.7284168e-05
1.6725043e-05
1.5890612e-05
0.011901925
1.5785634e-05
5.1849984e-05
0.0041444712
3.4971098e-05
1.657058e-05
1.8528757e-05
1.6430553e-05
0.0094416955
1.6495069e-05
1.6428175e-05
1.5863022e-05
3.2345698e-05
1.6501617e-05
1.8317665e-05
1.582618e-05
1.5881644e-05
0.0017590009
1.6565492e-05
0.00039917424
1.5832918e-05
1.5844414e-05
1.6576358e-05
1.5845725e-05
0.0033313398
1.6572569e-05
1.6207144e-05
1.5819681e-05
0.00022140324
0.0028907918
1.6071898e-05
1.6368969e-05
1.6427156e-05
1.6026934e-05
0.0022548085
2.3460783e-05
1.7033018e-05
1.6974494e-05
1.5914215e-05
1.6641037e-05
1.5830974e-05
1.6344383e-05
1.6378097e-05
1.6750651e-05
1.644219e-05
1.6018969e-05
1.5838743e-05
1.6568682e-05
1.6428772e-05
1.6175027e-05
0.00092412549
1.6412862e-05
1.6211774e-05
1.5852242e-05
3.8682651e-05
1.5835773e-05
0.0034197983
0.0083204146
1.5983629e-05
1.6962071e-05
1.5835104e-05
1.6549489e-05
0.00028777033
0.00023063798
1.597609e-05
1.6205342e-05
2.6939497e-05
1.6117562e-05
1.5826579e-05
1.6545779e-05
1.6119969e-05
1.6301287e-05
1.6497184e-05
1.7984274e-05
1.7479279e-05
1.593952e-05
1.5530684e-05
1.5855371e-05
4.68261e-05
0.0062656744
1.6455551e-05
1.6563385e-05
1.6315264e-05
0.0057373441
1.5913806e-05
1.8127458e-05
1.6678152e-05
1.6194487e-05
1.6544991e-05
1.5520513e-05
1.5857916e-05
1.6351069e-05
1.639752e-05
1.6566234e-05
1.6519124e-05
1.6412948e-05
5.6668109e-05
0.00060714229
1.5847599e-05
0.00097606804
1.6282587e-05
1.6113278e-05
0.0080744112
1.6374435e-05
0.00053482792
1.6491722e-05
1.6480325e-05
0.016174133
1.6455518e-05
0.00096119998
0.0003778409
1.7546907e-05
1.5838425e-05
0.00016290684
1.6176985e-05
1.6559891e-05
1.6274273e-05
0.0030781028
1.6401646e-05
1.6139387e-05
1.648682e-05
1.6502152e-05
1.6297211e-05
0.0023325742
1.5891859e-05
0.0029668312
1.7414733e-05
1.6822656e-05
1.6732823e-05
0.0064177524
1.6518747e-05
1.6074314e-05
1.6491127e-05
1.5817676e-05
1.582627e-05
1.6566506e-05
0.002947316
1.640793e-05
1.8169893e-05
0.0021372985
1.6308228e-05
0.0003928079
1.5864183e-05
0.0041751876
0.00014884614
1.6323991e-05
1.6188954e-05
1.6415651e-05
1.6002347e-05
1.6458577e-05
1.7899638e-05
1.580647e-05
4.4636873e-05
1.6417796e-05
1.6511058e-05
1.6447524e-05
1.5888859e-05
1.5856859e-05
1.5831527e-05
1.7666666e-05
1.6498251e-05
1.6885068e-05
1.6677233e-05
0.00029329095
0.00096906465
1.5847625e-05
0.0050766646
1.6450547e-05
0.016293879
0.00095550903
1.7339981e-05
0.00098207608
0.0035995256
1.6026866e-05
0.0010833246
1.4690694e-05
1.5879491e-05
0.0017690168
0.00015823279
1.6360911e-05
0.0060606794
1.6751866e-05
1.5997788e-05
1.6411439e-05
1.6539823e-05
1.6831601e-05
1.6062587e-05
0.0020106028
0.0028288755
1.6048724e-05
1.6557154e-05
0.0029236854
0.00033566478
1.6471163e-05
3.0471048e-05
0.0018674675
1.625051e-05
1.5786058e-05
1.7968889e-05
0.001357902
0.00055831753
1.6834985e-05
1.6511948e-05
1.6405205e-05
1.6420395e-05
0.00094899828
0.0012441039
1.6676993e-05
0.00093694922
0.00052518963
3.8540206e-05
1.5866203e-05
2.6136457e-05
1.6506541e-05
1.5871365e-05
1.6202513e-05
1.641775e-05
0.0020580486
1.6491277e-05
1.6491102e-05
1.6320147e-05
0.0025092621
1.6873721e-05
1.6461132e-05
1.6702615e-05
1.598071e-05
1.5947694e-05
1.6133263e-05
1.5844485e-05
1.6403201e-05
1.6438043e-05
1.6393781e-05
1.6472487e-05
1.647715e-05
0.0016699208
1.5827862e-05
1.6133363e-05
1.6530306e-05
0.000926016
0.00091550374
1.6637682e-05
1.5934918e-05
2.2674621e-05
1.641897e-05
1.5833567e-05
1.6231435e-05
1.5843399e-05
1.6492486e-05
2.5351297e-05
0.0011700759
1.6563289e-05
9.5894423e-05
1.6378041e-05
0.002042204
0.0010630091
2.4950832e-05
1.6124583e-05
1.6537635e-05
1.5862162e-05
1.6051319e-05
1.6413919e-05
1.652147e-05
1.6476635e-05
1.5857879e-05
1.6493754e-05
1.6503916e-05
1.5998994e-05
1.6660071e-05
1.6089235e-05
0.0044531134
0.00076017531
1.5880741e-05
1.6223886e-05
0.0098904704
0.0011558733
1.6229525e-05
2.1524083e-05
1.6549222e-05
1.6802774e-05
0.00013934083
1.6368367e-05
1.6382796e-05
4.2010141e-05
0.0030585518
1.6169905e-05
1.5914565e-05
1.540557e-05
1.6324512e-05
1.6814379e-05
1.6550552e-05
1.6257165e-05
1.68115e-05
1.5885981e-05
1.6454109e-05
1.6432733e-05
1.6305852e-05
1.6383971e-05
1.6542331e-05
1.5820773e-05
1.5944197e-05
0.0037133269
1.6354208e-05
1.6498392e-05
0.0019878289
0.00016551757
2.7606074e-05
0.0016183307
3.7203191e-05
0.0050736771
1.3952637e-05
1.6155314e-05
1.6336725e-05
1.6764081e-05
1.6403986e-05
1.5825931e-05
1.6232836e-05
0.00058960716
1.6079856e-05
1.6487583e-05
1.6503334e-05
1.5922999e-05
1.6266698e-05
0.0018382648
1.6054859e-05
1.6513356e-05
1.646358e-05
1.5867333e-05
1.6092913e-05
0.003380682
1.5833966e-05
1.6527487e-05
0.0030738072
0.0048204052
1.610284e-05
1.5885112e-05
1.652102e-05
1.6309168e-05
1.6093737e-05
2.647266e-05
1.5834264e-05
4.7637386e-05
1.6549623e-05
1.6369322e-05
1.6369451e-05
1.6024248e-05
1.5796606e-05
1.6838081e-05
0.0021975769
0.00018526813
1.5883149e-05
1.6440962e-05
1.6443107e-05
1.6551543e-05
1.6433393e-05
1.5862357e-05
1.6497762e-05
0.0007637965
1.6792824e-05
1.7036475e-05
1.5888291e-05
1.6490284e-05
0.0034699891
0.0036212936
1.6604261e-05
1.6505787e-05
1.6588349e-05
1.6462525e-05
1.668171e-05
1.6410454e-05
1.6966734e-05
1.7971827e-05
1.6494563e-05
1.5855121e-05
1.6027249e-05
0.00039411225
1.5819009e-05
1.6582014e-05
0.0050239296
0.00036520547
1.6465372e-05
1.5793557e-05
2.9650796e-05
1.6582006e-05
1.6018092e-05
1.650579e-05
1.6436799e-05
1.6282661e-05
0.0045471535
0.0053695357
1.8014748e-05
1.7588739e-05
1.6449004e-05
1.7598282e-05
1.6568618e-05
1.6187491e-05
1.5844177e-05
1.6285291e-05
1.6510728e-05
0.0041491316
1.7201269e-05
1.6446812e-05
1.6483605e-05
1.6402871e-05
1.6136912e-05
1.6573496e-05
1.6276383e-05
1.5928097e-05
0.0034930266
1.6291626e-05
1.6442104e-05
1.6193887e-05
1.7017004e-05
0.00091159163
1.649329e-05
1.6410188e-05
1.6353552e-05
1.6488886e-05
1.5981707e-05
0.00096146852
1.5947004e-05
0.00023934046
0.0043905284
0.0024736597
1.5946597e-05
1.6169795e-05
0.00029325838
1.649255e-05
1.6335408e-05
0.0018622739
1.623587e-05
1.6673938e-05
1.6601946e-05
1.5909974e-05
3.624921e-05
1.6314422e-05
1.6865104e-05
0.0030521188
0.0049979665
1.6703988e-05
1.850116e-05
1.6754095e-05
1.5828706e-05
0.0044667212
1.6341182e-05
0.001651717
0.0036131733
1.678374e-05
1.6632357e-05
1.5840633e-05
1.932029e-05
1.648362e-05
1.5803027e-05
3.2337867e-05
1.6040647e-05
1.6779557e-05
1.6483777e-05
0.0037089346
1.7423445e-05
1.5900927e-05
1.6640112e-05
0.0020372449
1.6179836e-05
1.6411875e-05
0.010590235
1.6493674e-05
3.5855612e-05
1.6455131e-05
0.0053154238
1.6401015e-05
0.0081638205
1.5872011e-05
1.6518227e-05
1.7058107e-05
1.630456e-05
1.7794379e-05
0.00010671037
1.5914278e-05
0.00034368728
1.6474954e-05
0.0034399551
0.0014625188
1.6562238e-05
1.6408971e-05
1.6384931e-05
0.0020905283
1.5248829e-05
1.609421e-05
0.0012516999
1.6491297e-05
0.0013909374
1.639081e-05
1.6423483e-05
0.0013988942
1.6401831e-05
1.5956579e-05
3.4029287e-05
1.6810069e-05
0.01140279
0.0011078751
1.5881419e-05
1.5866669e-05
1.5947385e-05
1.6206795e-05
1.6044403e-05
1.6518622e-05
1.6304389e-05
1.6458485e-05
1.6594789e-05
0.0033569131
1.6195857e-05
1.58359e-05
1.6434997e-05
0.011640965
0.0005945744
0.0023578695
1.6394418e-05
3.6075618e-05
1.6357259e-05
1.6167313e-05
1.691944e-05
7.3253876e-05
1.6202144e-05
1.7667021e-05
0.0050955
0.004183474
1.5824778e-05
1.5811918e-05
1.5890604e-05
1.6666586e-05
0.0012524184
1.5917491e-05
1.6053354e-05
1.5932949e-05
1.7945681e-05
0.0014280046
1.931694e-05
1.652478e-05
1.5821216e-05
0.0030093166
1.5848335e-05
1.5816008e-05
1.6396401e-05
0.0064682054
1.5803619e-05
1.6293366e-05
0.00050390788
1.6421909e-05
1.6678616e-05
1.6582584e-05
0.002085264
1.6482877e-05
1.6506534e-05
1.6147611e-05
1.6074203e-05
0.0002000468
2.9664154e-05
1.5862029e-05
1.6469823e-05
1.633671e-05
1.6811694e-05
1.6655233e-05
9.4013904e-05
1.6566761e-05
1.6558355e-05
1.5844922e-05
1.6228706e-05
1.6556551e-05
0.0014638085
1.5891541e-05
1.6946304e-05
1.6444568e-05
1.666452e-05
1.6116482e-05
1.6519277e-05
1.5839022e-05
1.6019963e-05
1.6488835e-05
1.5999951e-05
1.5870117e-05
1.6538412e-05
1.5866593e-05
1.6103913e-05
1.6579561e-05
0.00096534125
1.5925753e-05
1.7670601e-05
0.0017989135
1.6079888e-05
1.5806895e-05
0.00094548837
1.7122732e-05
1.6351592e-05
1.7086533e-05
0.002399897
1.8938009e-05
0.0012461318
0.0014011942
4.8720855e-05
1.5867963e-05
1.6110673e-05
1.6497937e-05
1.5834963e-05
1.6498653e-05
1.6812475e-05
1.6495553e-05
1.5837352e-05
0.0032503264
0.0019812671
1.6209182e-05
1.3905428e-05
0.00019157662
1.5794732e-05
0.0050334405
0.0016659756
1.5843494e-05
4.4002361e-05
1.6491766e-05
2.5259322e-05
3.8720567e-05
1.6428324e-05
0.0047659473
1.6405776e-05
0.004653168
1.5832416e-05
0.0036362138
1.5947659e-05
1.638717e-05
1.6689755e-05
0.0035867288
1.6156746e-05
0.001866784
1.6444248e-05
0.00092723282
0.0018135075
1.589111e-05
1.6028159e-05
0.0013300772
1.6486606e-05
1.6294585e-05
1.6109397e-05
1.6468797e-05
1.5889757e-05
0.0019795671
1.6395984e-05
1.6040591e-05
1.600192e-05
1.6197455e-05
1.5888656e-05
1.6568811e-05
1.6478724e-05
1.6042661e-05
1.5834406e-05
1.58318e-05
1.6476555e-05
1.6863587e-05
1.6142373e-05
1.649699e-05
1.640201e-05
1.6204782e-05
1.6599464e-05
1.6404353e-05
1.6677182e-05
1.5543522e-05
0.00034516685
1.5821981e-05
5.0608695e-05
1.6335328e-05
1.6114152e-05
1.6569886e-05
1.6292348e-05
0.00058693778
0.00088981636
1.6475038e-05
0.013982397
3.1922036e-05
0.00094294991
1.6381355e-05
1.681573e-05
1.5878159e-05
1.6463752e-05
1.6476596e-05
1.628933e-05
1.6506472e-05
0.0045520891
1.6186766e-05
0.0017971995
1.6755519e-05
1.6477466e-05
1.6502249e-05
1.6453788e-05
1.7451494e-05
1.6494374e-05
0.0043702308
1.5856587e-05
1.6425685e-05
1.6351281e-05
0.0059828817
0.0075791224
1.594327e-05
1.6365518e-05
1.6494953e-05
1.6356401e-05
1.6477446e-05
1.58448e-05
4.9371414e-05
0.0020883649
1.6846948e-05
0.0020120657
1.6476144e-05
0.0020796022
1.6362691e-05
1.6447647e-05
1.8486555e-05
1.802943e-05
1.5833837e-05
1.6426006e-05
1.8033838e-05
1.7308922e-05
1.6154468e-05
1.6480211e-05
0.0020675142
0.0023798331
1.6348565e-05
1.6294339e-05
0.0028628252
1.6470589e-05
0.0023866508
0.0077924434
1.5844225e-05
1.6269589e-05
1.3928566e-05
1.5953331e-05
1.6418675e-05
1.682999e-05
0.0025051906
1.6433303e-05
1.6898668e-05
0.002020963
1.675487e-05
1.6591414e-05
1.5424357e-05
0.0046755328
1.5910658e-05
1.5852954e-05
0.00014462032
1.655905e-05
1.6424043e-05
1.650611e-05
1.6378535e-05
1.6433247e-05
0.0025301864
1.6455369e-05
2.1768911e-05
1.6540881e-05
1.6437957e-05
1.6432029e-05
1.6568819e-05
1.6490426e-05
1.6569074e-05
1.6404048e-05
1.5917418e-05
1.5837984e-05
1.6658016e-05
1.6430281e-05
0.00077648122
1.8213816e-05
1.7117058e-05
1.6522061e-05
1.6264397e-05
1.633299e-05
3.609868e-05
1.6011442e-05
1.9021647e-05
1.6378868e-05
0.0019926384
1.8318489e-05
1.5882804e-05
3.6996984e-05
1.5935539e-05
1.6255576e-05
1.6427023e-05
0.00018437527
7.0405748e-05
1.6444988e-05
1.6556096e-05
1.6179701e-05
0.016976564
0.00024176096
1.5811038e-05
1.6271622e-05
0.0062578579
1.5865371e-05
1.6190354e-05
1.6715523e-05
1.6562931e-05
2.5510433e-05
1.6124283e-05
2.0845464e-05
0.00069844645
1.6548187e-05
1.6408465e-05
1.5950047e-05
1.6545966e-05
1.5817946e-05
0.00024140987
1.6397311e-05
1.6171361e-05
4.9281864e-05
1.6571761e-05
1.6191068e-05
2.2301452e-05
1.5884289e-05
1.6459479e-05
1.5794294e-05
1.6490358e-05
1.6095839e-05
0.0068780324
1.6408464e-05
0.00040752796
0.001106589
1.6493634e-05
1.5920642e-05
1.6938655e-05
0.00010695456
1.6617411e-05
1.5993815e-05
1.6490167e-05
1.6128142e-05
1.6242098e-05
1.7430682e-05
1.6410614e-05
0.0031053265
1.6346496e-05
1.6506039e-05
1.583836e-05
1.6413391e-05
1.6497957e-05
1.6418462e-05
1.6196521e-05
1.5992911e-05
1.6388216e-05
1.6374628e-05
0.00060576709
1.673997e-05
1.6570533e-05
1.6373762e-05
1.6464311e-05
1.627688e-05
1.6782908e-05
0.0011740031
0.013661157
1.6524433e-05
1.6011487e-05
1.6363405e-05
1.5831147e-05
3.6381004e-05
1.6571058e-05
1.6339457e-05
1.6282443e-05
1.6947709e-05
1.6417473e-05
4.8763568e-05
1.6756155e-05
1.6674712e-05
1.6375749e-05
1.578548e-05
1.6175424e-05
1.616508e-05
1.5941392e-05
1.6493522e-05
1.5845974e-05
2.735262e-05
1.6779389e-05
3.2944015e-05
1.6823318e-05
1.6801189e-05
1.5841818e-05
1.6866778e-05
1.637234e-05
1.764444e-05
1.6440621e-05
1.584785e-05
0.0016337625
1.5872041e-05
0.0016784533
0.0017433635
1.6453501e-05
2.3412935e-05
1.6301124e-05
0.0020134449
1.6493342e-05
0.00018404101
2.9713924e-05
0.0024970005
0.00023605752
0.0008668677
1.6167063e-05
0.0025252877
1.5911725e-05
1.6364913e-05
0.0015661778
0.00092468817
1.7777988e-05
1.5965469e-05
1.6376557e-05
1.6773907e-05
0.0080715245
1.6501963e-05
0.00019422992
1.6540134e-05
1.6354894e-05
1.637525e-05
1.6247937e-05
1.6195225e-05
1.6501089e-05
1.6162486e-05
0.016005137
0.0032570665
1.618708e-05
1.5889302e-05
0.017443536
1.5909453e-05
0.00024960915
1.6494306e-05
8.4266211e-05
0.0016048405
0.00055076254
0.00059486644
0.0027502485
3.0505155e-05
1.6784722e-05
0.00024760138
1.5842969e-05
1.6152459e-05
1.6573538e-05
1.641085e-05
1.6285401e-05
1.7652428e-05
1.6877708e-05
0.0012961576
0.0007431895
1.6495343e-05
1.6453047e-05
1.7812129e-05
1.5792475e-05
1.6378316e-05
0.0081488378
1.7966821e-05
1.655716e-05
1.6750792e-05
1.6393111e-05
0.0019905279
1.5871656e-05
1.596776e-05
1.6555645e-05
2.311133e-05
1.6460531e-05
0.00149369
0.00033110143
1.6507301e-05
1.6431183e-05
1.8502314e-05
3.7050807e-05
1.6509759e-05
1.6559723e-05
1.6023568e-05
1.6320498e-05
1.6427657e-05
1.6519991e-05
0.00034467352
3.8719209e-05
1.6574321e-05
1.644111e-05
1.6863869e-05
2.7316657e-05
0.00037904638
0.0004617534
1.6690263e-05
1.6350401e-05
1.5826007e-05
0.0013791082
1.6488778e-05
1.6686513e-05
5.6177442e-05
0.0011702026
1.6162859e-05
1.6264875e-05
1.6209243e-05
0.00017742993
1.652576e-05
1.6321616e-05
1.9991231e-05
0.00029491672
5.6499213e-05
1.6266305e-05
1.6386383e-05
1.6164038e-05
1.6679637e-05
4.5722998e-05
1.5843299e-05
1.6427888e-05
0.00031556846
1.6438415e-05
1.6548486e-05
1.6568813e-05
1.6414289e-05
1.682766e-05
1.5971733e-05
1.6489386e-05
1.7685147e-05
0.014872364
1.65012e-05
1.6486302e-05
1.6256972e-05
0.001478648
0.0020261038
1.6216787e-05
1.6544718e-05
0.0016369284
1.6010438e-05
1.5814142e-05
2.4717065e-05
1.6199457e-05
1.6499668e-05
5.3452729e-05
0.0016610811
1.6450256e-05
1.5814017e-05
0.0088951709
0.0016370222
1.5817854e-05
1.6255065e-05
1.5873344e-05
4.9227069e-05
0.0016631756
0.0018136311
1.6440113e-05
2.3288042e-05
1.631993e-05
1.6259136e-05
1.3894964e-05
0.016026554
1.639587e-05
1.5909261e-05
1.6442208e-05
1.691213e-05
1.5877388e-05
0.00025058392
1.5863703e-05
1.8569826e-05
1.6293742e-05
1.6701391e-05
1.6405116e-05
2.3417486e-05
1.6092863e-05
0.0122757
1.6943269e-05
1.6182819e-05
0.00021216243
1.652421e-05
2.611735e-05
0.0005729349
0.00083755876
1.644038e-05
2.3706534e-05
0.01763086
0.00048199407
0.00057124164
1.6419507e-05
0.0062088098
1.6548764e-05
0.00090678456
1.635542e-05
0.0021793582
0.00053521036
1.6350422e-05
1.9323622e-05
1.701797e-05
1.7979558e-05
4.579149e-05
7.0388295e-05
1.6311228e-05
1.587776e-05
0.00059336812
0.00075126539
1.6361935e-05
0.0041987973
0.0013739381
1.6537378e-05
7.9475772e-05
1.6381364e-05
1.615341e-05
1.7249644e-05
0.0049970628
1.5963275e-05
1.6278123e-05
1.5925401e-05
0.00014691457
1.5832692e-05
0.0028970536
1.679606e-05
1.6369925e-05
1.6445636e-05
1.6135403e-05
1.6503496e-05
1.5928948e-05
1.7011766e-05
0.0003613103
1.6390145e-05
1.6671908e-05
0.0033527771
7.9449195e-05
1.6454906e-05
1.6678217e-05
1.6773487e-05
1.6094922e-05
1.6524534e-05
1.6919236e-05
1.6665109e-05
1.6205493e-05
1.6034743e-05
1.5868366e-05
1.6008838e-05
1.6377517e-05
1.5969837e-05
0.00063945105
0.00045800247
0.0030465168
0.0001357916
1.5841115e-05
0.00079659205
1.6952354e-05
1.6394945e-05
1.5702291e-05
0.00094696694
1.597889e-05
1.6653558e-05
1.7676198e-05
1.6426767e-05
0.00092580517
1.6490608e-05
1.6289561e-05
2.3393934e-05
1.6476884e-05
1.5918795e-05
1.6741705e-05
3.6264865e-05
1.6382383e-05
1.6242068e-05
1.6504192e-05
1.6363219e-05
1.6546396e-05
1.6579266e-05
2.1475149e-05
1.6017803e-05
1.6083256e-05
0.00030779052
1.5791136e-05
2.3148481e-05
0.0016526458
1.6370032e-05
0.0004195561
1.5903858e-05
1.6391401e-05
0.00047076441
1.684468e-05
1.5963917e-05
1.6170493e-05
1.6494674e-05
1.5833261e-05
0.001939436
1.6556201e-05
1.6214833e-05
1.7782308e-05
1.6555726e-05
1.6522738e-05
1.5826172e-05
0.003418324
1.7109496e-05
1.5832723e-05
1.6735321e-05
1.6025802e-05
1.6499218e-05
2.0823757e-05
1.5840295e-05
1.6537197e-05
1.6460629e-05
1.6122385e-05
1.6768814e-05
0.00081226598
0.00072592823
1.6459928e-05
1.6083739e-05
0.00036456562
1.6438552e-05
1.652185e-05
1.6348424e-05
1.6603878e-05
1.969998e-05
0.0052366868
5.1257038e-05
0.00088905544
1.6435351e-05
0.0074981304
0.00094939652
1.5830249e-05
0.0016699823
2.6132245e-05
1.6521504e-05
0.0006442393
1.5935758e-05
1.5892366e-05
1.6496278e-05
0.00077965567
1.6715625e-05
0.00029663853
1.7559899e-05
1.6149797e-05
4.2201479e-05
1.8014048e-05
1.4637401e-05
1.5842628e-05
0.0058795191
1.6547284e-05
1.5839562e-05
1.6366031e-05
0.0053127721
1.5984679e-05
1.6121538e-05
1.4039601e-05
1.648171e-05
1.5911893e-05
1.6515814e-05
1.6549429e-05
4.1843526e-05
1.6190303e-05
1.8139869e-05
1.6539187e-05
1.6117927e-05
5.814153e-05
1.6438707e-05
0.0018503458
1.5828387e-05
0.0051304639
0.00020235685
1.5905063e-05
1.6476281e-05
1.7959021e-05
1.7294433e-05
1.694163e-05
1.6397973e-05
1.6310408e-05
1.6507778e-05
1.5890707e-05
0.0019874841
0.0003703643
1.6450309e-05
1.5843746e-05
0.0017306962
1.6492326e-05
1.6395871e-05
0.00025471634
1.6419306e-05
1.6492202e-05
1.7089595e-05
1.9215887e-05
1.8352689e-05
0.0005907927
1.6737357e-05
1.6665952e-05
1.5816678e-05
1.5828699e-05
0.00041065748
1.5850675e-05
1.6433593e-05
1.6833719e-05
1.66533e-05
0.00074155694
1.6414287e-05
2.4875695e-05
1.617745e-05
1.6144438e-05
1.6499645e-05
1.6389003e-05
1.734793e-05
0.00014503018
1.6546224e-05
1.588606e-05
1.6519272e-05
1.6103464e-05
1.6443033e-05
1.5848264e-05
1.7278573e-05
1.6388949e-05
1.5822202e-05
0.0012162933
1.5850517e-05
0.00078645294
1.6239721e-05
1.6389596e-05
1.6459924e-05
1.6452104e-05
2.1230834e-05
0.00087228906
1.6073462e-05
1.5974983e-05
1.5847433e-05
1.6019408e-05
8.7784374e-05
1.6558302e-05
0.00014705488
1.5843232e-05
1.6425881e-05
1.685899e-05
1.6403502e-05
1.6325472e-05
0.013173986
0.00038481912
1.6495207e-05
1.5888694e-05
1.8580039e-05
1.6172727e-05
1.551621e-05
1.7907715e-05
1.6440857e-05
1.6890829e-05
1.5825874e-05
1.6557661e-05
0.00085396184
1.5870398e-05
1.5916389e-05
1.5847974e-05
1.668048e-05
0.013479494
1.6351813e-05
1.5981909e-05
2.7882578e-05
0.00070930128
0.00082540633
1.671345e-05
1.6654571e-05
1.609196e-05
1.5839826e-05
1.6968583e-05
0.0020075841
1.6583154e-05
1.5907495e-05
0.017563883
1.6828742e-05
0.0027542665
1.6661269e-05
1.5821313e-05
1.6496055e-05
0.000736433
1.6441127e-05
0.0019880017
1.5875143e-05
1.5859395e-05
1.7438207e-05
0.0019725838
1.6429626e-05
0.0008405892
1.6472311e-05
0.00039194755
1.5808342e-05
9.1507142e-05
1.6390706e-05
0.0025947168
1.6390993e-05
1.6400668e-05
1.6519279e-05
1.7164854e-05
0.00029607424
0.00018442691
0.00039495575
1.5853926e-05
0.0013978948
1.6471024e-05
1.8036425e-05
1.6097261e-05
1.5949544e-05
0.00090589413
1.7552586e-05
1.6499866e-05
2.5775575e-05
1.6582944e-05
1.6495355e-05
1.6388894e-05
1.6455936e-05
1.7320904e-05
1.657809e-05
1.6481011e-05
1.6411834e-05
1.6428225e-05
1.6520074e-05
0.0019738401
1.6189634e-05
0.00032918014
1.7410589e-05
1.6365202e-05
1.6552551e-05
1.5958967e-05
1.6105296e-05
1.6303598e-05
1.6177519e-05
1.688874e-05
1.6128398e-05
1.6365058e-05
1.6036943e-05
1.5787842e-05
1.6556973e-05
0.00020298873
2.3073089e-05
1.6412717e-05
2.2381136e-05
1.5983346e-05
1.6663821e-05
1.6240758e-05
0.0018690732
1.6088574e-05
1.7053406e-05
1.5896062e-05
1.5840462e-05
1.616082e-05
1.6338863e-05
1.6724084e-05
1.6480944e-05
1.6253588e-05
1.6251855e-05
1.8979838e-05
1.6246705e-05
1.6571504e-05
1.5902049e-05
1.6114493e-05
1.5983164e-05
0.0016019321
1.627751e-05
2.9281879e-05
1.6483335e-05
0.0030387172
1.763105e-05
1.5967466e-05
5.6874824e-05
1.6565345e-05
1.6498593e-05
1.6035424e-05
1.6505575e-05
1.6422939e-05
0.00014277927
2.6101301e-05
1.6410213e-05
1.599277e-05
1.6344917e-05
0.0028454858
1.6694251e-05
6.9701705e-05
0.0053453497
1.6460413e-05
0.00010690656
1.6438213e-05
1.5808991e-05
1.6152973e-05
1.6177863e-05
0.00023722276
1.6140099e-05
1.6511851e-05
1.6133866e-05
1.6585068e-05
1.6195832e-05
1.7431459e-05
0.0040607502
1.642688e-05
4.3005443e-05
1.6530952e-05
3.5344447e-05
1.6514765e-05
1.6485418e-05
1.6955364e-05
1.6158929e-05
1.5990822e-05
1.6452557e-05
1.6459186e-05
1.6415626e-05
1.6080733e-05
1.6164459e-05
0.013404201
1.5812686e-05
1.584258e-05
1.5089514e-05
1.6283316e-05
1.638046e-05
1.5924961e-05
1.6039608e-05
1.5931374e-05
1.5385934e-05
0.00049333168
1.5873464e-05
1.6039282e-05
1.650186e-05
1.5982404e-05
0.00018431436
1.5826814e-05
0.0040022024
1.637385e-05
0.00024825419
1.6356986e-05
1.6009963e-05
0.00034528584
0.00039402042
1.5890547e-05
1.6526075e-05
1.5877365e-05
1.6315833e-05
1.6371901e-05
1.5804195e-05
0.002962512
1.6183406e-05
1.6462485e-05
2.711878e-05
1.525651e-05
1.6024671e-05
1.6510425e-05
1.6186687e-05
1.6433517e-05
1.6417216e-05
1.6457885e-05
4.397591e-05
1.6427838e-05
1.6518189e-05
1.6080362e-05
1.6371851e-05
1.6813471e-05
1.6033265e-05
1.5841796e-05
0.00016937709
1.6513402e-05
1.5872628e-05
1.6796673e-05
1.6102924e-05
9.1686192e-05
1.6397048e-05
1.6052396e-05
1.6355207e-05
1.5535046e-05
0.006312807
0.0067408016
1.6490583e-05
1.5880471e-05
1.626302e-05
1.6574725e-05
1.6170465e-05
1.6495794e-05
0.0045190112
1.6559012e-05
1.6380573e-05
1.5869909e-05
1.5823109e-05
1.7406624e-05
1.6227039e-05
1.6909369e-05
1.5831759e-05
1.6532973e-05
0.0016917378
1.6644311e-05
1.5592358e-05
4.9471745e-05
1.6408819e-05
0.0028287412
0.0012572591
1.6497205e-05
1.6343687e-05
1.5833685e-05
1.7013248e-05
1.6486306e-05
1.6316202e-05
1.5984763e-05
0.0029627048
0.0010910523
1.7502315e-05
1.6499545e-05
1.6434138e-05
0.0013423574
0.00079056904
1.6210014e-05
1.6012124e-05
1.6458111e-05
1.6173857e-05
1.6443426e-05
1.6077903e-05
1.6543767e-05
1.6163737e-05
1.6100877e-05
1.5887147e-05
2.1420802e-05
0.0034484249
1.6029769e-05
1.6052715e-05
1.6033434e-05
1.5921117e-05
1.6250425e-05
1.6296641e-05
1.5903529e-05
0.0034729531
1.6403298e-05
0.0039153161
1.6552527e-05
1.6352796e-05
1.6334261e-05
1.6338576e-05
1.6576348e-05
1.6389285e-05
0.00050119393
1.6529445e-05
1.5858428e-05
1.6388547e-05
1.6940927e-05
1.5831973e-05
0.0033286969
1.6174971e-05
1.6517476e-05
1.6457476e-05
1.5859257e-05
0.002992208
1.6284139e-05
0.0011610978
0.0012681357
0.00086297977
1.5939599e-05
1.5801688e-05
1.6271704e-05
1.6791165e-05
1.6520978e-05
0.00073304855
1.6738431e-05
0.0014003175
1.6307101e-05
1.6000341e-05
1.5839051e-05
0.0015732095
1.6746662e-05
1.5818451e-05
1.5944653e-05
0.014989611
1.6010066e-05
1.6494468e-05
1.6291751e-05
1.6009387e-05
1.6356778e-05
1.6552547e-05
1.6395322e-05
1.5849746e-05
0.00022391973
0.0019161623
0.00027560008
1.6279036e-05
1.5878356e-05
1.6430755e-05
0.0016853615
1.5853033e-05
1.8022639e-05
1.6365388e-05
0.00024041127
1.5813664e-05
1.6060503e-05
0.001884725
0.0015790103
1.651735e-05
1.6537405e-05
0.0016457097
1.6574399e-05
1.6155266e-05
0.0031023596
0.0031198091
1.6369033e-05
1.6502885e-05
0.0037188571
1.6245836e-05
1.6516653e-05
1.6409251e-05
1.6161739e-05
1.6409181e-05
1.6556188e-05
1.636854e-05
0.0018073173
1.6325238e-05
1.6075801e-05
1.6463613e-05
1.6277246e-05
1.5914958e-05
1.644369e-05
1.6266805e-05
1.6472717e-05
1.7261772e-05
1.6416205e-05
0.0039659939
1.6725909e-05
1.5832539e-05
2.3719137e-05
1.6479163e-05
1.5860739e-05
1.774944e-05
1.6800014e-05
1.617075e-05
1.6575829e-05
1.6525517e-05
1.6490667e-05
1.6501035e-05
1.5815861e-05
0.00063939596
1.5809606e-05
1.6555342e-05
1.6175575e-05
1.7371026e-05
1.7411048e-05
1.6795692e-05
0.00032641043
1.8269121e-05
1.8198534e-05
1.6509327e-05
1.941097e-05
1.6185659e-05
1.5792514e-05
1.6030634e-05
1.5791469e-05
1.6732759e-05
1.5865448e-05
1.6459242e-05
0.00010782888
0.00092550774
0.00044453812
1.789779e-05
1.6195001e-05
0.00091227513
0.015017747
0.0048117274
1.6759888e-05
1.6548361e-05
1.627088e-05
1.5882271e-05
0.0025104456
0.0036580479
1.5886949e-05
1.6480793e-05
1.6013967e-05
3.5414499e-05
0.0015642633
1.6158475e-05
5.6322706e-05
1.5886613e-05
0.0002191692
1.6520343e-05
1.3533291e-05
1.6516846e-05
1.6145046e-05
0.00077992364
1.6189065e-05
0.0010864635
1.6357951e-05
1.6106575e-05
1.685276e-05
2.0901388e-05
1.6018338e-05
1.6455648e-05
1.6515694e-05
0.0019106624
1.5852907e-05
0.00063502351
1.5927274e-05
0.0099496384
1.6091767e-05
1.6128933e-05
1.6498364e-05
0.0010859265
1.6545383e-05
0.00025785188
2.3609083e-05
1.5800604e-05
1.65442e-05
0.0018748836
0.003437711
1.6370303e-05
1.6251258e-05
1.6509612e-05
5.0720872e-05
0.00021412118
1.5867127e-05
1.6445664e-05
0.0018041487
1.667719e-05
1.6498277e-05
1.654326e-05
1.6119458e-05
1.6116822e-05
0.0059278952
0.0042082064
1.5789338e-05
1.5787334e-05
0.015030748
1.5591961e-05
1.6529711e-05
1.6287366e-05
0.0044878341
1.6449696e-05
1.6367345e-05
1.594957e-05
1.6799431e-05
1.6017105e-05
0.017674821
1.6236366e-05
0.0002361949
0.00068007369
1.6461126e-05
0.00064311669
0.0016672845
1.868785e-05
1.6485622e-05
1.6499975e-05
0.0031221591
1.6379141e-05
0.0077273027
1.6389815e-05
0.0004177062
1.5856595e-05
2.1018179e-05
1.5956518e-05
1.5824319e-05
0.017406546
0.00095914874
1.596571e-05
1.6556391e-05
1.7940762e-05
1.6411619e-05
1.5852887e-05
1.6581783e-05
0.0026772243
1.6508347e-05
1.5958833e-05
1.5852145e-05
2.613338e-05
1.5916374e-05
1.6097418e-05
1.7654821e-05
1.5812197e-05
1.5827685e-05
1.7603884e-05
1.6682865e-05
1.6479937e-05
1.7235769e-05
1.7670316e-05
0.016699938
1.6851945e-05
3.4361654e-05
0.00073065488
1.6484701e-05
1.6494922e-05
4.9482501e-05
1.6378955e-05
1.6262233e-05
0.00030194444
0.0048860987
0.0018099013
3.4551159e-05
1.5825511e-05
0.014705868
1.7235807e-05
0.00098142102
1.657226e-05
1.8618053e-05
1.6564819e-05
1.5825027e-05
1.6500192e-05
1.5859998e-05
1.6744395e-05
0.0014047722
1.5865915e-05
1.6317433e-05
0.0010549509
1.5873138e-05
1.6515088e-05
1.5863277e-05
1.6317322e-05
0.0019966672
1.5828583e-05
1.742331e-05
1.7628624e-05
1.6456631e-05
0.00010912051
2.9740931e-05
0.0025180044
1.5974991e-05
1.6729493e-05
1.622185e-05
1.6189572e-05
1.5948565e-05
0.002603127
0.0013802578
1.6191177e-05
3.0252615e-05
8.7022972e-05
2.9591616e-05
1.6434366e-05
1.7838458e-05
1.5844637e-05
1.6889567e-05
1.6594544e-05
1.6129268e-05
0.0016161135
0.0028313595
1.6201297e-05
1.6410538e-05
1.567451e-05
0.00013345748
1.5970006e-05
1.6606115e-05
0.00021279698
1.6398872e-05
0.0014863074
1.7558895e-05
0.00025435957
1.6621683e-05
1.6361246e-05
1.6438931e-05
1.6470105e-05
1.6975073e-05
1.6476788e-05
1.619105e-05
1.9676851e-05
1.594725e-05
0.0019851202
0.00044310365
1.5842432e-05
1.6377869e-05
1.7013587e-05
1.6319766e-05
1.6618822e-05
1.6438374e-05
1.8218262e-05
1.7434215e-05
1.6136519e-05
1.6380567e-05
1.6520142e-05
1.5991118e-05
0.01609174
0.017058861
1.6436529e-05
1.5826827e-05
1.614566e-05
4.9329092e-05
1.64601e-05
0.0056999398
1.6152284e-05
1.6502178e-05
1.656725e-05
1.5821908e-05
1.6514892e-05
1.6043098e-05
1.6587651e-05
1.5844116e-05
0.00016518348
1.6605492e-05
1.5816359e-05
1.6407097e-05
1.5865945e-05
1.6518167e-05
1.820461e-05
0.00032046464
0.00029838931
1.6554105e-05
1.6486287e-05
1.5859901e-05
0.00029435559
1.5916056e-05
1.6470019e-05
1.7478888e-05
1.587728e-05
1.7085004e-05
1.5959413e-05
1.6238802e-05
0.00023439804
1.645987e-05
0.00040611947
1.618294e-05
1.6548197e-05
1.5928934e-05
1.6398111e-05
1.6055314e-05
0.0046093178
0.010234222
1.6288775e-05
1.6516946e-05
0.014896966
1.6484201e-05
2.3422398e-05
1.6366627e-05
1.8238711e-05
1.5827681e-05
1.6570942e-05
1.6369884e-05
1.6500001e-05
0.00016948513
0.00071827801
1.6316679e-05
1.6335613e-05
1.6774817e-05
0.004839855
0.00048688241
1.689493e-05
1.6297726e-05
1.6541025e-05
1.6331032e-05
1.6437625e-05
1.5788047e-05
1.6276024e-05
1.5981306e-05
0.0030888521
1.6499384e-05
0.00039903295
4.5391657e-05
1.5812786e-05
1.8145922e-05
1.6607916e-05
1.5824462e-05
1.6250849e-05
1.6131131e-05
0.011528633
1.6173778e-05
4.350696e-05
1.6031196e-05
0.00022401705
1.5835119e-05
0.0042086002
0.0003908023
1.7019488e-05
1.6709223e-05
1.6162241e-05
1.6372544e-05
1.6305241e-05
2.9307665e-05
1.713099e-05
0.00076113299
1.6208678e-05
1.6400928e-05
0.0021357739
1.5986621e-05
1.644461e-05
1.6557226e-05
1.6445033e-05
0.001649147
1.6363166e-05
1.6459511e-05
0.0021537129
1.6145881e-05
1.6486761e-05
0.0019692914
1.6208265e-05
0.0015461358
1.6444822e-05
1.6400182e-05
1.5795279e-05
1.6268412e-05
1.6155205e-05
1.6103673e-05
1.6370165e-05
1.6466294e-05
1.6120162e-05
1.5843638e-05
1.8677974e-05
0.00022586314
1.5869157e-05
1.6136884e-05
0.0018566692
1.6088955e-05
0.00026589457
1.6491932e-05
1.8262016e-05
1.6133299e-05
1.5913705e-05
1.6558079e-05
2.2665795e-05
1.6724953e-05
1.5973145e-05
1.5909612e-05
1.6142677e-05
1.5880516e-05
1.6980502e-05
1.6568212e-05
1.6551354e-05
1.5791296e-05
1.8993617e-05
1.5910692e-05
1.6388409e-05
1.6383121e-05
1.6053499e-05
1.5955973e-05
1.7334514e-05
1.597854e-05
1.6085334e-05
0.0026203808
1.6414827e-05
0.0026589299
1.631464e-05
1.6679135e-05
1.6498501e-05
0.00017136012
1.6352662e-05
1.6445447e-05
1.6195356e-05
0.00023910003
1.6388374e-05
1.6315438e-05
0.013468838
1.6270465e-05
1.6765445e-05
1.7796769e-05
1.6171749e-05
1.5566931e-05
0.00010708075
1.6179136e-05
1.6497314e-05
1.6285407e-05
1.6210525e-05
1.6946789e-05
1.7944022e-05
1.6578143e-05
0.0013613137
1.5853557e-05
0.0017648583
1.6526519e-05
1.5984107e-05
4.5947563e-05
1.4486013e-05
1.640849e-05
1.595647e-05
1.6079164e-05
1.5864963e-05
1.6230938e-05
0.0024059569
1.6775378e-05
1.6266012e-05
1.6124039e-05
1.6461908e-05
1.6269671e-05
1.6881772e-05
1.6038181e-05
1.6323682e-05
1.5940525e-05
2.1819008e-05
1.5910779e-05
1.5868759e-05
1.5848484e-05
1.5792364e-05
0.0056842894
1.5951485e-05
1.6371469e-05
1.6128039e-05
1.5988755e-05
1.5855574e-05
1.6373169e-05
1.6561387e-05
9.5913775e-05
1.6470263e-05
0.0021210044
1.6444199e-05
1.6475161e-05
1.5298472e-05
0.0083956043
1.592871e-05
0.00021303521
8.0469522e-05
1.6690875e-05
1.6000919e-05
0.00052065982
0.00054582412
3.9977217e-05
0.0043027531
1.6158489e-05
1.5842873e-05
1.6819619e-05
1.6350529e-05
1.6399094e-05
1.6377631e-05
0.0055042174
1.7107866e-05
7.1368585e-05
0.0028900954
0.016324829
0.0016712045
0.000117943
1.6021989e-05
1.7985253e-05
1.6614036e-05
1.6583811e-05
1.6406759e-05
1.6127897e-05
0.0046095762
1.6518867e-05
1.6035556e-05
1.6497213e-05
1.6430302e-05
0.0065781592
1.6259161e-05
1.7280322e-05
1.6413827e-05
1.6566302e-05
1.6428604e-05
0.0013939849
1.5826041e-05
1.5850995e-05
1.6409053e-05
1.6566308e-05
1.6504067e-05
3.8993649e-05
1.6485423e-05
1.6353859e-05
1.6395958e-05
0.0005261415
0.00020761068
1.610363e-05
1.6219594e-05
1.4908272e-05
1.6315002e-05
1.6499157e-05
1.6525666e-05
1.6099648e-05
0.0052460761
1.7373359e-05
1.6201295e-05
1.6642806e-05
0.0013820916
1.8038051e-05
1.6721572e-05
1.6498316e-05
1.6256439e-05
1.6197914e-05
1.6056701e-05
0.00027107979
1.6335273e-05
1.6366044e-05
1.5842678e-05
0.0027833291
1.6464882e-05
1.6437298e-05
0.0019316244
1.5948045e-05
5.7320827e-05
1.5883026e-05
0.00034939682
1.6015394e-05
1.5815284e-05
1.5931159e-05
1.6050787e-05
0.00293472
1.614079e-05
0.0029540544
1.6394175e-05
1.6892122e-05
1.6381419e-05
1.7018964e-05
1.5842607e-05
1.5916083e-05
1.628386e-05
1.6555217e-05
0.00093733486
2.7336711e-05
1.5811366e-05
1.6503643e-05
1.6438436e-05
1.5859905e-05
1.6579539e-05
0.0019398915
1.6607722e-05
1.6490181e-05
3.9319493e-05
0.0028928387
1.6394252e-05
1.6608517e-05
1.6575996e-05
1.6682791e-05
1.6188208e-05
1.6557605e-05
1.5856779e-05
1.6482057e-05
1.6501274e-05
0.00031508346
1.6723866e-05
0.0019880912
0.00093250435
0.0020231357
0.0040511848
1.6385734e-05
1.6346919e-05
1.5880698e-05
1.643135e-05
1.6570959e-05
9.8905704e-05
0.0020178891
1.6087446e-05
1.7364645e-05
1.6449426e-05
1.619029e-05
1.6376363e-05
0.00014145322
2.8498367e-05
1.6563122e-05
1.6546701e-05
2.8684466e-05
2.2485047e-05
0.00046250991
0.0029761674
1.6472683e-05
1.5623191e-05
0.0031912001
1.6414691e-05
1.6414514e-05
1.6779693e-05
1.6662301e-05
1.6483423e-05
1.6337881e-05
1.6799648e-05
1.6456592e-05
1.5810137e-05
1.6439278e-05
6.4045293e-05
1.6007558e-05
1.5823913e-05
1.6289563e-05
0.0014697564
1.6763572e-05
1.5824337e-05
0.0010589902
1.6806723e-05
1.6385443e-05
1.6848334e-05
0.014723839
0.0018689145
2.0437681e-05
0.0035531346
1.7045329e-05
1.6494042e-05
1.6479264e-05
4.6193486e-05
1.6198007e-05
0.00060254244
1.6865449e-05
1.7078962e-05
1.6366792e-05
2.5573532e-05
1.6444229e-05
1.8649227e-05
0.00095357731
0.00089138841
6.4520163e-05
3.3156637e-05
1.6270139e-05
1.652805e-05
1.6417961e-05
1.6564441e-05
1.6238227e-05
1.7185541e-05
0.00021265489
1.5837637e-05
1.7294556e-05
1.6556215e-05
1.6323926e-05
2.4874485e-05
0.0050220158
1.6047063e-05
1.7011743e-05
1.8674944e-05
1.6874705e-05
1.6437043e-05
3.5210293e-05
1.5862428e-05
1.5861065e-05
1.587501e-05
1.6379584e-05
1.6747012e-05
1.6410541e-05
1.6550486e-05
1.64261e-05
0.0016718173
1.5855846e-05
1.8027187e-05
1.5812845e-05
1.650184e-05
1.6475707e-05
1.6497609e-05
1.5787741e-05
1.582254e-05
1.651641e-05
0.00099344443
1.6276898e-05
1.650942e-05
1.7366342e-05
1.6502728e-05
1.6476742e-05
1.9045754e-05
0.0044300012
1.5851761e-05
1.6649256e-05
0.0051488553
0.0099316583
1.6222893e-05
1.6081189e-05
1.6803301e-05
0.001888456
1.6568855e-05
8.799098e-05
0.0032922323
1.6508264e-05
1.6946e-05
0.0053635421
1.6455838e-05
1.7337378e-05
1.6357087e-05
0.0030563104
1.6566394e-05
1.6290322e-05
0.0020048823
1.654073e-05
1.6000785e-05
1.5829967e-05
0.0066152375
0.008463182
1.743003e-05
1.6495662e-05
1.6468581e-05
1.6371829e-05
0.0028450247
3.9586219e-05
1.6371718e-05
1.6519643e-05
1.6424683e-05
1.6481207e-05
4.3593397e-05
1.597345e-05
0.00021691109
1.5873049e-05
1.6434055e-05
1.649735e-05
1.4779222e-05
1.5971101e-05
1.5836316e-05
1.660993e-05
1.6014369e-05
0.0034412061
1.6352693e-05
0.00017201096
1.6452033e-05
0.0025951867
1.6500789e-05
1.6540451e-05
1.5865455e-05
1.6095844e-05
1.6745823e-05
1.6073072e-05
1.5826171e-05
1.6544399e-05
1.6337144e-05
1.6513918e-05
1.6424306e-05
1.5917792e-05
0.00054419486
1.6394985e-05
1.6107399e-05
1.5823082e-05
1.655323e-05
1.6147708e-05
1.7813746e-05
1.7812559e-05
1.6451508e-05
1.6149671e-05
1.6724344e-05
0.0040204128
1.5884057e-05
1.5853564e-05
1.656507e-05
1.6532508e-05
1.6358334e-05
1.6398448e-05
1.6697821e-05
1.6774647e-05
0.0057130364
1.6499679e-05
0.00055171973
1.6504335e-05
1.7025321e-05
1.6821034e-05
1.6493352e-05
1.6782824e-05
1.6499144e-05
1.6412475e-05
1.6350934e-05
1.6369492e-05
1.646404e-05
1.6348098e-05
2.9408582e-05
1.5931024e-05
1.6719598e-05
0.0042606906
1.6495141e-05
1.6190381e-05
0.0020005071
2.0429988e-05
1.6500974e-05
1.6313961e-05
1.5877934e-05
1.6436136e-05
2.3878355e-05
1.641838e-05
1.6023277e-05
1.665583e-05
1.6080528e-05
1.641196e-05
1.6538684e-05
1.6320559e-05
1.6492576e-05
1.7080552e-05
1.5846525e-05
1.5832431e-05
1.683027e-05
1.5226756e-05
1.6117232e-05
1.629836e-05
1.6850683e-05
0.0039348186
1.6476631e-05
1.6367711e-05
1.6856552e-05
1.6481487e-05
1.6813727e-05
1.5829145e-05
2.0752533e-05
1.6487809e-05
0.001831732
1.5822754e-05
1.641451e-05
3.2292152e-05
0.0079770506
0.00028477353
1.6515039e-05
1.6543931e-05
1.625732e-05
1.6546885e-05
0.00012924817
1.6097753e-05
0.0078423807
1.6335348e-05
1.6513239e-05
1.6445273e-05
0.00020017246
1.6852305e-05
1.651308e-05
1.6084298e-05
0.00010087844
1.5985293e-05
1.6015554e-05
1.5818859e-05
1.6301707e-05
1.6499088e-05
1.5827637e-05
1.6498982e-05
1.6898874e-05
0.00023363601
1.6450032e-05
4.5824082e-05
1.6436571e-05
1.8761312e-05
4.8804332e-05
0.0088559902
1.6609992e-05
1.6257311e-05
1.6479124e-05
1.6498558e-05
1.5967493e-05
1.5845038e-05
1.6859021e-05
1.5932323e-05
1.6371685e-05
1.6392215e-05
1.6518715e-05
0.0035955702
0.000355479
3.3987122e-05
1.6129433e-05
1.6489469e-05
1.6353767e-05
1.6186254e-05
1.6554711e-05
1.5820436e-05
1.6952032e-05
7.9069969e-05
1.629669e-05
0.00022461656
1.6144827e-05
1.6460111e-05
2.0974162e-05
0.001866655
1.6462372e-05
0.00023298643
1.6357964e-05
1.6393798e-05
0.00029772273
1.7200671e-05
1.7233809e-05
1.6473854e-05
1.6995013e-05
1.6522084e-05
1.6389867e-05
1.5845024e-05
1.6330617e-05
8.3329416e-05
1.5790554e-05
1.6913018e-05
1.6596053e-05
0.00024897632
1.6371174e-05
1.6524094e-05
1.6505979e-05
0.0040878608
0.0003041976
1.6358899e-05
1.6193624e-05
1.6102565e-05
1.6690726e-05
1.6081086e-05
1.6359688e-05
1.7344058e-05
0.0041267765
1.6069507e-05
2.0916312e-05
1.6190342e-05
1.6454848e-05
1.6493738e-05
1.6069352e-05
1.6277817e-05
0.00046288214
1.6417376e-05
1.6436743e-05
1.5988573e-05
0.0028239544
1.6420265e-05
1.5850431e-05
0.00014602095
1.650083e-05
1.6035014e-05
0.00079177173
1.5816711e-05
1.734294e-05
1.6319873e-05
1.610616e-05
1.6332775e-05
0.0001625796
0.00086438911
0.00021382293
1.6935448e-05
1.5868043e-05
1.5866776e-05
1.6457155e-05
0.00014470634
1.6454791e-05
0.0056189268
1.6658658e-05
1.6414962e-05
1.6443735e-05
0.00082998786
1.6531188e-05
2.1539482e-05
1.5912646e-05
1.6302517e-05
1.6194353e-05
1.6364319e-05
1.9268495e-05
1.5914215e-05
1.7010501e-05
0.0053847679
0.0025416338
0.00038745998
1.6198703e-05
1.6298629e-05
0.00018409855
1.7341147e-05
0.0079038629
0.0074863105
0.0036729818
0.012028319
1.8630104e-05
2.414776e-05
0.00075826972
0.0030622861
0.00044266989
1.6742097e-05
1.6307042e-05
1.5867789e-05
2.0756007e-05
1.6340412e-05
1.6160073e-05
1.6912842e-05
1.6713739e-05
1.6363197e-05
2.9541875e-05
1.6093391e-05
6.6275675e-05
1.6591479e-05
1.644694e-05
1.6346399e-05
0.0052015599
1.5962009e-05
1.5856799e-05
2.4940097e-05
1.6460338e-05
3.4019366e-05
1.6543571e-05
1.5867155e-05
1.6266063e-05
1.6403228e-05
1.653508e-05
1.6412093e-05
1.6382794e-05
3.1979245e-05
1.6489308e-05
0.00039810548
1.5851104e-05
1.6542959e-05
1.7958715e-05
1.6465384e-05
1.642691e-05
1.5992937e-05
1.6309782e-05
3.8466384e-05
8.8913952e-05
0.013652349
1.6415223e-05
0.00047105441
1.5789075e-05
1.6388483e-05
0.014942621
1.7491783e-05
1.6548196e-05
0.00019140766
1.66146e-05
1.6107522e-05
1.7817332e-05
1.6484228e-05
9.7952052e-05
0.016028263
1.6090599e-05
1.6492595e-05
1.6366876e-05
1.6360259e-05
1.6471274e-05
1.6499595e-05
0.0014760875
1.6582821e-05
1.679438e-05
1.619527e-05
1.6182631e-05
1.6376931e-05
1.6369612e-05
1.6947946e-05
1.6400946e-05
1.6569414e-05
1.6824616e-05
0.0018046146
1.6569527e-05
1.71803e-05
0.006886183
0.0032191183
0.0018895755
1.6546101e-05
0.00098808217
1.6486944e-05
1.5908008e-05
1.6950538e-05
1.5820137e-05
0.0019708795
1.6477194e-05
1.6088381e-05
1.6996712e-05
1.6446109e-05
1.6164523e-05
0.0049708931
1.6531711e-05
1.7143702e-05
0.0040152224
1.6480609e-05
1.6266857e-05
1.6220277e-05
1.7792707e-05
1.6114306e-05
1.6189665e-05
1.6145193e-05
1.6225416e-05
8.4245945e-05
1.6165152e-05
1.6529408e-05
1.628121e-05
1.6733814e-05
1.5849682e-05
1.7018194e-05
0.00024701929
0.0024094352
1.5870789e-05
1.5874154e-05
0.0046466412
0.0019612252
1.6548705e-05
1.6489735e-05
0.0035500144
1.6146717e-05
1.6837943e-05
1.6333912e-05
1.7407605e-05
1.5965377e-05
1.6751221e-05
1.6810287e-05
1.5861228e-05
1.6600815e-05
0.00023378759
1.6213267e-05
1.6568092e-05
0.00011345921
1.7058827e-05
1.6194343e-05
1.6430543e-05
0.016435863
1.7904638e-05
1.669512e-05
1.6265208e-05
3.8283292e-05
1.6129027e-05
1.6168793e-05
0.00018326796
1.6499747e-05
1.6165481e-05
1.6108469e-05
1.6570278e-05
1.6301172e-05
1.6431171e-05
1.6449683e-05
1.596016e-05
1.6368054e-05
4.3661123e-05
1.6496524e-05
2.922874e-05
0.00010370305
1.6747541e-05
1.5899496e-05
0.0052058222
2.2902447e-05
1.6376029e-05
0.0018823907
1.5861064e-05
1.7061768e-05
1.6181116e-05
1.6238464e-05
1.6014524e-05
0.0010999556
1.6520728e-05
1.6544618e-05
0.0016770059
1.6809427e-05
0.00082362442
0.0014882251
1.6517447e-05
1.6894284e-05
1.6404556e-05
1.5884075e-05
0.0037871957
1.6870957e-05
1.6395083e-05
1.612007e-05
1.5855928e-05
2.0625205e-05
1.6799553e-05
1.6673005e-05
1.6400696e-05
1.6291207e-05
1.6115618e-05
1.5984297e-05
1.6404447e-05
0.01579746
1.6700188e-05
1.8408755e-05
1.6423087e-05
1.6022487e-05
1.6873321e-05
5.5779951e-05
1.6520728e-05
1.6428028e-05
0.00030671713
1.6380589e-05
1.6366383e-05
1.6110451e-05
5.8229852e-05
1.8216145e-05
1.6072154e-05
1.664856e-05
1.6093538e-05
1.6413449e-05
1.6157456e-05
1.6442131e-05
1.6265637e-05
1.6155077e-05
1.6290057e-05
1.868943e-05
1.6153989e-05
1.6209522e-05
1.6129889e-05
1.5839622e-05
2.0859604e-05
1.6204825e-05
1.6919187e-05
1.6512956e-05
0.00054393264
1.6056226e-05
1.6711957e-05
1.6050279e-05
1.5824375e-05
1.6857672e-05
1.6495453e-05
3.7081343e-05
1.6063935e-05
1.5986988e-05
1.5844481e-05
1.6364204e-05
1.5896069e-05
1.6134364e-05
1.6485355e-05
1.9367195e-05
1.6378532e-05
1.6770866e-05
1.6602676e-05
1.6247302e-05
1.6557032e-05
1.6490042e-05
1.6409752e-05
1.5987916e-05
1.6145139e-05
1.6663392e-05
0.00014172244
1.5936888e-05
1.5859605e-05
1.6362159e-05
1.6459611e-05
1.6658403e-05
1.5951014e-05
1.5838309e-05
1.7459438e-05
1.5815359e-05
1.6394088e-05
1.6161638e-05
1.5829645e-05
1.6636262e-05
1.6511829e-05
1.5860938e-05
0.0035577614
1.5830931e-05
1.616269e-05
1.6125202e-05
1.584286e-05
0.01392838
1.6313297e-05
1.6727939e-05
0.01530541
6.3944696e-05
1.6372112e-05
1.6421204e-05
0.002700848
0.00036131514
1.6543994e-05
0.0039955302
1.6572805e-05
1.5920045e-05
1.6500073e-05
2.9291029e-05
1.5955376e-05
0.014062946
1.5981448e-05
1.5856608e-05
1.6568326e-05
1.5946314e-05
5.8660187e-05
1.7512672e-05
1.6405991e-05
1.6703231e-05
1.6145686e-05
1.5917666e-05
1.5945963e-05
1.5926715e-05
1.6168664e-05
1.5811749e-05
1.6820808e-05
1.5840675e-05
1.6469013e-05
1.6488045e-05
1.6300051e-05
1.736346e-05
1.5815159e-05
1.6407459e-05
1.6169333e-05
1.6223807e-05
1.6801389e-05
1.5950707e-05
1.5820398e-05
1.64673e-05
1.6084538e-05
1.6154765e-05
1.6469208e-05
0.00036147763
1.6434349e-05
1.7811887e-05
1.6109943e-05
1.6432333e-05
1.5842874e-05
1.6396788e-05
1.5971394e-05
1.5973848e-05
1.5972281e-05
1.6025011e-05
1.5811658e-05
1.6543753e-05
1.6338383e-05
6.984065e-05
6.641888e-05
1.6299435e-05
1.6525442e-05
0.00086854782
1.6154804e-05
1.6493579e-05
1.5864201e-05
1.6454204e-05
1.6539419e-05
1.5985879e-05
0.0039663912
1.6200502e-05
0.00021018628
1.6429057e-05
1.6018563e-05
0.00093505446
1.6411951e-05
1.6038925e-05
1.5941795e-05
1.6497469e-05
1.6280813e-05
1.6498066e-05
1.6413143e-05
0.00039314906
1.6281056e-05
1.5931692e-05
0.0097804474
1.6353584e-05
0.0032694139
1.6131147e-05
1.6496913e-05
1.6498793e-05
1.5945922e-05
1.6007399e-05
1.6730312e-05
1.644657e-05
1.6341339e-05
2.0150957e-05
0.0015179741
1.6474047e-05
1.6221377e-05
1.6005333e-05
1.6102927e-05
1.612467e-05
1.6420016e-05
1.6521235e-05
4.3448314e-05
1.6313332e-05
1.6529165e-05
0.00082989816
1.5837256e-05
1.649511e-05
1.6498372e-05
1.6086779e-05
1.6110204e-05
1.6477136e-05
0.004531726
1.6144461e-05
0.00034169138
1.6208145e-05
1.5953188e-05
1.6009858e-05
1.6478418e-05
1.6498049e-05
1.5245598e-05
1.6067878e-05
1.6097613e-05
1.6427474e-05
1.5983221e-05
1.6250458e-05
1.5896899e-05
1.5986995e-05
4.1275958e-05
1.6370839e-05
1.6412624e-05
0.00037680485
0.015500816
1.6730782e-05
1.6465871e-05
0.004244877
1.6445234e-05
1.6508483e-05
1.646852e-05
1.6493968e-05
0.00055289274
1.6441786e-05
1.6440613e-05
1.5033064e-05
1.6092336e-05
0.015543494
0.017878149
1.5900434e-05
1.6167144e-05
1.6173542e-05
0.0033028926
1.6043928e-05
1.5917976e-05
0.00083113055
1.5944148e-05
1.6422155e-05
1.6458008e-05
1.5860239e-05
1.6157542e-05
1.6132562e-05
1.6456315e-05
1.5823905e-05
1.7027872e-05
1.6498948e-05
0.00039892994
1.6321531e-05
0.0087327182
0.0044051134
1.5844947e-05
1.6485988e-05
1.642014e-05
1.7036005e-05
1.5817477e-05
1.5843284e-05
0.00011983932
2.2033481e-05
1.6305235e-05
1.6353809e-05
1.5975838e-05
1.69185e-05
0.0042783696
1.6071458e-05
1.6540257e-05
1.5858168e-05
1.6415442e-05
1.6106881e-05
1.6079413e-05
1.6538685e-05
1.6323943e-05
1.649903e-05
1.5861134e-05
1.65023e-05
0.00039112443
1.6551177e-05
1.5801955e-05
1.5800809e-05
1.7344684e-05
1.6489053e-05
1.6488884e-05
0.0050006352
1.6076636e-05
2.5266358e-05
0.010504205
8.6556869e-05
1.6430437e-05
1.5826191e-05
0.0011569952
1.6187729e-05
1.6006124e-05
1.5838719e-05
1.6104533e-05
1.5816491e-05
1.5852984e-05
1.6764304e-05
1.6712103e-05
1.6485699e-05
1.6624668e-05
1.611256e-05
1.6492938e-05
1.6030493e-05
1.5811042e-05
1.5817255e-05
1.7879195e-05
1.6512058e-05
0.00032268993
1.6239546e-05
2.3173002e-05
1.650634e-05
0.00022951041
2.0538898e-05
0.0052769906
1.6050855e-05
0.0031346742
3.5247836e-05
1.6498624e-05
0.015807748
1.6453805e-05
0.0019888303
1.5932267e-05
0.0025330818
1.6856429e-05
1.657019e-05
1.5890038e-05
0.00036769581
0.00010226291
0.0048598588
2.9367902e-05
0.013893996
1.6214135e-05
0.00024678038
0.010997637
0.0041188133
1.5821199e-05
1.6523994e-05
1.594603e-05
1.5798931e-05
1.5800455e-05
1.6323049e-05
2.1864403e-05
1.6425769e-05
1.6760978e-05
1.5958632e-05
1.6307335e-05
1.6550026e-05
1.6693308e-05
1.897551e-05
0.0050423424
1.6154805e-05
1.6409588e-05
1.6730673e-05
1.6562623e-05
1.6449436e-05
1.648905e-05
0.0024861469
1.6690539e-05
1.6388085e-05
1.5815479e-05
0.00012159161
1.6700075e-05
1.6385342e-05
1.6486416e-05
1.6130029e-05
1.8272851e-05
1.6159514e-05
1.6847374e-05
1.6751072e-05
1.6155087e-05
1.6412879e-05
0.00030447426
1.6526754e-05
1.6656805e-05
1.6424199e-05
1.628814e-05
1.6487251e-05
1.649249e-05
1.5874685e-05
1.6144739e-05
1.5879141e-05
1.6541327e-05
1.6014366e-05
1.6135352e-05
1.6809272e-05
6.6740095e-05
1.6497364e-05
1.6414089e-05
1.6432438e-05
1.6222109e-05
1.7359346e-05
1.6341324e-05
1.6136619e-05
1.6863687e-05
1.741393e-05
1.5950554e-05
1.6388239e-05
1.6395244e-05
0.00026333704
1.6482843e-05
0.0007227353
1.6179094e-05
1.5996849e-05
3.7108303e-05
1.6068544e-05
1.5864281e-05
0.002088167
1.7102705e-05
1.6156395e-05
1.6351118e-05
0.0008401626
5.0414077e-05
1.6488146e-05
1.5873252e-05
1.6556839e-05
1.9568132e-05
1.5838559e-05
1.6488164e-05
1.6438911e-05
1.6400215e-05
0.0028006142
1.5810747e-05
2.6129504e-05
0.0021946287
0.0051053365
1.584324e-05
0.0018749674
1.5848148e-05
1.6519357e-05
2.6182195e-05
1.652158e-05
0.00081685265
1.5952559e-05
1.5829118e-05
0.00033985417
1.6359488e-05
1.6941872e-05
1.5865683e-05
1.5856465e-05
0.0013813599
1.6713467e-05
1.6414903e-05
0.00011308821
1.6407853e-05
1.7062255e-05
1.5903501e-05
1.6298409e-05
1.6052199e-05
1.6477663e-05
1.5810862e-05
1.6383014e-05
0.0030171662
3.9633742e-05
3.1894484e-05
1.6270923e-05
1.6541761e-05
0.0063445414
0.00036599971
1.6246255e-05
2.5578544e-05
6.459374e-05
3.3179071e-05
1.617389e-05
1.6548619e-05
3.8359774e-05
8.4169122e-05
1.619081e-05
1.6019793e-05
1.6018859e-05
1.5878009e-05
1.6089994e-05
0.00028426076
1.6538353e-05
1.6064447e-05
1.5980472e-05
1.6801639e-05
1.598929e-05
1.679916e-05
1.5997822e-05
1.6268568e-05
1.6392567e-05
1.5883941e-05
0.0001174291
1.5867326e-05
0.0020842116
8.7285776e-05
1.593355e-05
1.6090978e-05
1.6423264e-05
1.6653988e-05
1.6062929e-05
1.6000269e-05
1.5999006e-05
1.5057638e-05
0.00035702852
1.6355637e-05
1.6222717e-05
1.6090886e-05
1.5974197e-05
1.6119847e-05
1.649223e-05
1.6731596e-05
1.6414113e-05
1.5953963e-05
1.6287845e-05
1.6432689e-05
1.6001843e-05
0.00028670567
1.6477606e-05
1.5906909e-05
9.7235938e-05
1.6136703e-05
2.3783363e-05
1.6230102e-05
1.5997789e-05
1.663042e-05
5.5693507e-05
1.645993e-05
3.0239189e-05
2.7592162e-05
1.6293827e-05
0.00026261663
3.7187071e-05
1.6334221e-05
1.7591236e-05
1.6060719e-05
1.6615209e-05
0.00013877017
1.6402431e-05
1.6552012e-05
0.00028558597
5.5243926e-05
8.913772e-05
1.6185918e-05
1.6426941e-05
1.4774757e-05
1.8120767e-05
0.0021144292
1.5812466e-05
1.6757327e-05
1.6858057e-05
1.5827323e-05
1.5861192e-05
1.6208788e-05
1.5808942e-05
0.00059998043
1.6402292e-05
1.6117045e-05
1.5854407e-05
1.6128511e-05
1.6438748e-05
1.6283572e-05
1.6492732e-05
1.6230008e-05
0.00035322376
1.6374728e-05
1.6652084e-05
1.595309e-05
0.0046545221
2.1654723e-05
1.6305615e-05
1.5913141e-05
1.6290112e-05
1.6099346e-05
1.906563e-05
1.5878943e-05
1.6811301e-05
1.6479533e-05
9.3910608e-05
1.6735955e-05
1.7826803e-05
1.7626486e-05
1.6582225e-05
1.6429063e-05
0.00046359993
1.6621464e-05
1.6821214e-05
1.677614e-05
1.6440548e-05
1.5860981e-05
1.6227448e-05
1.6879147e-05
7.8736029e-05
8.6913616e-05
5.3960536e-05
1.7032164e-05
1.6834895e-05
1.6555699e-05
1.7404997e-05
1.841735e-05
1.5833105e-05
1.6886743e-05
1.6248837e-05
1.8596018e-05
1.6491821e-05
1.6869543e-05
1.6382946e-05
1.6793613e-05
1.5980716e-05
1.7523639e-05
1.6734758e-05
1.6310296e-05
4.5364447e-05
1.6361052e-05
1.6924156e-05
1.5877776e-05
1.6441715e-05
1.5928019e-05
1.6604098e-05
1.5890139e-05
1.6432442e-05
1.6387479e-05
1.6337368e-05
1.6467311e-05
1.6334093e-05
0.00311045
1.6939164e-05
0.0018337593
1.5842174e-05
1.5641176e-05
1.6064614e-05
1.6965134e-05
1.6491285e-05
1.6767283e-05
1.6579641e-05
1.6421166e-05
5.5655252e-05
1.6495409e-05
1.6854364e-05
1.6534351e-05
1.7864906e-05
1.692885e-05
1.685035e-05
1.6506887e-05
1.6011207e-05
1.6058965e-05
1.6195965e-05
1.6197825e-05
1.5866584e-05
1.6446427e-05
1.6455574e-05
1.5986821e-05
1.5819345e-05
1.6366788e-05
1.6090361e-05
1.6258078e-05
1.6763649e-05
1.6254902e-05
1.6376219e-05
1.7494852e-05
1.630139e-05
1.6703602e-05
1.6237022e-05
1.6337123e-05
1.64905e-05
1.6707187e-05
1.6281322e-05
1.6386946e-05
1.621009e-05
1.584267e-05
1.6057377e-05
9.2990156e-05
1.682249e-05
0.00012279148
0.00013321951
1.6377874e-05
0.00016224424
0.00016864623
1.6885905e-05
1.6527994e-05
3.5903109e-05
1.953322e-05
0.0024183767
1.6657515e-05
1.5950614e-05
1.6490159e-05
1.6222719e-05
1.6305446e-05
1.5807555e-05
1.6415933e-05
1.5861434e-05
1.5856584e-05
1.6874349e-05
1.6287651e-05
1.6097382e-05
1.6391939e-05
1.6935452e-05
1.6488935e-05
1.6445395e-05
4.059934e-05
1.649338e-05
1.6293699e-05
1.6490113e-05
1.6170406e-05
1.714683e-05
1.6886244e-05
5.3483256e-05
1.6146176e-05
1.5872813e-05
1.6382969e-05
1.6453889e-05
0.001865855
1.6987954e-05
1.6044427e-05
1.7507202e-05
1.6920203e-05
1.6487389e-05
1.6338698e-05
0.00021224609
1.6370624e-05
1.6280414e-05
1.615392e-05
1.6396272e-05
0.0025973814
1.5845092e-05
1.5863181e-05
1.6550399e-05
1.6547369e-05
1.6481862e-05
1.667893e-05
1.6830852e-05
0.00019713812
0.0054462871
1.6394413e-05
1.591653e-05
1.5998806e-05
0.0014461892
1.6482809e-05
1.6126996e-05
1.6318593e-05
1.6085625e-05
1.6544065e-05
1.687491e-05
0.00011519826
1.6403136e-05
1.6182045e-05
1.5883368e-05
1.6109221e-05
1.6455148e-05
1.6157999e-05
1.6529605e-05
1.6594631e-05
1.8706688e-05
2.8699641e-05
1.6106733e-05
1.6479541e-05
1.5929625e-05
1.5817857e-05
1.610965e-05
3.1461173e-05
1.646885e-05
1.612448e-05
1.6610093e-05
1.5858003e-05
1.6331039e-05
1.6843116e-05
1.632043e-05
1.6415549e-05
1.5813314e-05
1.6437415e-05
1.6432403e-05
1.6205368e-05
1.6440783e-05
0.00031280075
1.652897e-05
1.58266e-05
1.6498888e-05
1.6573743e-05
1.6516182e-05
1.6517673e-05
0.0027099375
1.6532364e-05
1.5840902e-05
1.6085028e-05
1.6569021e-05
1.6353081e-05
1.6131655e-05
0.00068085977
1.5840826e-05
1.6420656e-05
1.6545562e-05
1.6702899e-05
1.6713655e-05
1.6413467e-05
1.6439794e-05
1.6099054e-05
1.6053969e-05
0.012284036
1.6187318e-05
0.003977366
1.6900208e-05
1.6550245e-05
1.6515388e-05
1.6442384e-05
1.6341231e-05
1.6550873e-05
1.6374094e-05
1.6088429e-05
1.7000208e-05
1.6753173e-05
1.6609552e-05
1.6169482e-05
1.6450559e-05
0.0035595161
1.6616633e-05
4.5403496e-05
1.6476563e-05
1.6754034e-05
1.5840666e-05
1.6543904e-05
2.9778661e-05
1.6500861e-05
1.6817814e-05
2.3133364e-05
1.6028916e-05
1.587167e-05
1.646668e-05
1.5852802e-05
1.5959893e-05
0.00070848259
1.6498583e-05
1.5911386e-05
3.2110408e-05
0.00019114769
1.6424405e-05
1.6437559e-05
1.5844723e-05
7.0650857e-05
1.6434367e-05
1.6707733e-05
1.5828068e-05
1.6119607e-05
1.6495618e-05
1.6258963e-05
1.6849082e-05
1.6431931e-05
1.8785968e-05
1.593391e-05
1.6952626e-05
1.6691684e-05
1.6469015e-05
1.6138688e-05
1.6495981e-05
1.5834601e-05
1.6147721e-05
1.6710446e-05
1.6478709e-05
1.6514041e-05
1.6528902e-05
1.7578056e-05
1.6462547e-05
1.6243511e-05
1.5807924e-05
1.6185329e-05
1.5928655e-05
0.00094335897
1.6380557e-05
0.0030706927
1.6451721e-05
1.5856929e-05
1.6442676e-05
1.6014322e-05
0.0029583574
0.0019829076
0.00048589899
0.00024754336
1.6373999e-05
0.001165685
4.5390031e-05
1.6927982e-05
0.0013418254
1.5816628e-05
1.6343173e-05
0.00081344888
1.6168472e-05
1.6467206e-05
1.6431983e-05
1.6353002e-05
1.6500241e-05
1.6473107e-05
0.0028617993
1.6806825e-05
1.6064975e-05
1.5562455e-05
0.00036724697
1.58241e-05
0.0026057936
1.6501799e-05
1.6414056e-05
1.6871245e-05
1.6539818e-05
1.6262986e-05
1.6035808e-05
0.0005600886
1.6504545e-05
1.5962041e-05
1.6336945e-05
1.6411434e-05
1.6104385e-05
0.0014932524
1.6373743e-05
1.5210343e-05
1.6660815e-05
1.6417902e-05
0.01356818
1.5978434e-05
1.6011201e-05
1.5864858e-05
2.0142092e-05
2.0359427e-05
1.6382216e-05
1.6473633e-05
1.593138e-05
1.6822177e-05
0.0044953602
2.6389106e-05
1.6565068e-05
1.6239677e-05
1.6288258e-05
1.6816786e-05
1.582053e-05
1.6399737e-05
0.00014625569
1.6474956e-05
1.6143126e-05
0.00018466594
1.6319061e-05
0.00024385809
1.5958331e-05
1.6465646e-05
0.00076157463
1.6865326e-05
0.00026556888
0.00017856466
1.6773597e-05
1.3426826e-05
1.6428532e-05
0.0092677464
0.00056930387
1.6446753e-05
1.66939e-05
1.6430407e-05
1.6298798e-05
6.3441187e-05
2.3659352e-05
1.5797955e-05
0.0048372652
1.62783e-05
1.6496656e-05
0.00091121041
1.589092e-05
1.6437487e-05
1.63101e-05
2.3455488e-05
1.5960314e-05
0.0014333487
1.6352066e-05
1.6451734e-05
1.6490263e-05
1.6136344e-05
1.6481926e-05
1.6458016e-05
0.0020094092
1.660923e-05
1.5811349e-05
1.6104891e-05
1.6465736e-05
0.0052065674
1.6323378e-05
1.6480024e-05
1.5983824e-05
0.016623107
1.6470677e-05
1.6455215e-05
1.6492223e-05
1.6487094e-05
1.6879536e-05
1.5822851e-05
1.64146e-05
1.6593334e-05
1.6270119e-05
1.6459139e-05
0.0045735714
1.5867886e-05
1.6179195e-05
1.6177473e-05
1.6492284e-05
1.626832e-05
1.6467842e-05
1.626797e-05
1.648764e-05
2.645739e-05
1.6304699e-05
1.6473624e-05
1.6494396e-05
1.5847645e-05
1.609361e-05
1.5844439e-05
1.5861625e-05
1.9065943e-05
1.6492294e-05
1.6237074e-05
1.7000373e-05
1.5855717e-05
1.6146955e-05
1.7447644e-05
1.6493795e-05
1.6500406e-05
1.597431e-05
0.0030012508
0.0013125227
1.6386102e-05
0.0047662081
1.6492581e-05
1.8457958e-05
1.5892011e-05
0.0032080703
1.652457e-05
1.637873e-05
1.6357405e-05
1.6452264e-05
1.5831003e-05
1.6241183e-05
1.5873749e-05
1.916904e-05
0.00058766039
1.6684734e-05
0.0026388489
1.6431445e-05
1.6028853e-05
1.6490631e-05
1.5825127e-05
1.6310583e-05
1.6478443e-05
1.6488281e-05
1.6546904e-05
1.689696e-05
1.5853336e-05
1.6217559e-05
1.6512088e-05
1.5883925e-05
1.6375294e-05
1.6491189e-05
1.6338448e-05
1.6224607e-05
1.6664886e-05
2.9859549e-05
9.6409026e-05
1.8404863e-05
1.6449493e-05
0.0034042018
1.5872872e-05
6.3182383e-05
1.6181675e-05
1.6489962e-05
1.6443208e-05
4.2645555e-05
1.6652309e-05
1.6485703e-05
1.6410376e-05
1.5970086e-05
1.6457067e-05
1.6127699e-05
1.6458955e-05
1.5941868e-05
1.6145492e-05
1.6601095e-05
1.8037138e-05
1.6547557e-05
1.598539e-05
1.6469135e-05
0.00010472382
1.6482166e-05
0.0018908243
1.6473596e-05
1.6504757e-05
1.6805319e-05
1.7416341e-05
1.5853884e-05
1.6369819e-05
1.6283134e-05
1.6554414e-05
1.6198802e-05
1.6498683e-05
1.6776208e-05
1.6504134e-05
1.6005827e-05
1.6042044e-05
1.6540986e-05
1.5836312e-05
1.6478597e-05
8.8104517e-05
1.6227416e-05
1.6100376e-05
1.6423562e-05
1.6878515e-05
1.6677364e-05
1.6476672e-05
1.9290707e-05
1.6294466e-05
1.6866579e-05
0.00014274177
1.6045424e-05
1.6525511e-05
1.8155767e-05
1.6476774e-05
1.5812368e-05
1.6488329e-05
1.6590985e-05
0.0021093534
0.00028901411
1.6104294e-05
1.647364e-05
1.6690334e-05
1.5917564e-05
1.6414399e-05
1.6284516e-05
1.5988823e-05
0.0028823061
1.6139529e-05
4.3222879e-05
1.5814453e-05
1.5939951e-05
1.5846735e-05
1.5847538e-05
1.6476586e-05
1.6107804e-05
1.6161468e-05
1.5974051e-05
1.6543168e-05
1.6487995e-05
1.6495174e-05
1.6228333e-05
0.0018192381
1.6339807e-05
1.5830431e-05
1.5786281e-05
1.5973291e-05
1.5826799e-05
0.0029957625
1.7017649e-05
1.6612021e-05
1.6463917e-05
0.00023975243
1.6456093e-05
1.5826838e-05
1.5905942e-05
1.600963e-05
1.6461454e-05
1.6470136e-05
1.6459821e-05
1.5826339e-05
1.6053179e-05
1.6342415e-05
1.6340482e-05
1.6052819e-05
1.6457384e-05
1.6217042e-05
1.7239735e-05
1.6551917e-05
1.6467898e-05
1.6478102e-05
1.6117307e-05
0.00013861169
1.6453494e-05
2.4199036e-05
1.6010445e-05
1.6469564e-05
1.7422855e-05
1.6494987e-05
1.6450468e-05
1.8349191e-05
1.5939999e-05
1.6779007e-05
1.643677e-05
1.660256e-05
1.6407474e-05
1.6368468e-05
1.6295011e-05
1.6458626e-05
1.637937e-05
1.605178e-05
0.016286904
1.6110167e-05
1.6489627e-05
1.644374e-05
1.6477472e-05
2.3072623e-05
0.0015556644
1.6431856e-05
1.6428543e-05
1.6507729e-05
1.6580867e-05
1.6501198e-05
1.6514337e-05
1.6945974e-05
1.6739467e-05
1.6368582e-05
1.6129335e-05
1.6362996e-05
1.5837498e-05
1.668008e-05
1.5837299e-05
1.6127969e-05
1.645942e-05
1.6416459e-05
1.6479911e-05
1.7045389e-05
1.6325275e-05
1.6497991e-05
1.6493321e-05
1.6761327e-05
0.0068876797
1.6261326e-05
1.7080995e-05
1.6831789e-05
1.6733429e-05
1.6431171e-05
1.7059052e-05
1.6492905e-05
0.00097637765
1.6708069e-05
0.0020222552
1.6382116e-05
0.0014873532
1.6678921e-05
1.9143861e-05
1.6393969e-05
1.6057001e-05
1.6443924e-05
1.6450159e-05
1.6525973e-05
2.181991e-05
1.6658854e-05
1.6099051e-05
1.5976832e-05
1.5948521e-05
1.6698916e-05
1.644386e-05
1.6172089e-05
1.5790013e-05
1.6644009e-05
1.6222366e-05
1.6153536e-05
1.6452361e-05
1.648294e-05
1.6550211e-05
1.6050195e-05
0.0018638045
1.6520817e-05
1.6484027e-05
1.6458474e-05
1.6435169e-05
1.7249722e-05
1.6120688e-05
1.5877225e-05
0.0016177374
1.6437449e-05
1.5794543e-05
0.00052501793
1.6509952e-05
1.6517416e-05
1.6430278e-05
0.0010064247
1.6436794e-05
1.6012536e-05
1.7717808e-05
0.0015184475
1.6419969e-05
1.6085446e-05
1.581627e-05
1.651484e-05
1.6388452e-05
1.6455381e-05
1.5898577e-05
1.6364366e-05
1.6030902e-05
0.00083941768
1.6425817e-05
1.643932e-05
1.6215522e-05
1.6407047e-05
0.0019922777
1.6352826e-05
1.6018015e-05
1.8068734e-05
1.5864547e-05
3.4043686e-05
1.638345e-05
1.6877308e-05
1.4855229e-05
0.0014571802
1.6100268e-05
3.4478402e-05
1.6276112e-05
1.6566586e-05
1.5917524e-05
1.5879145e-05
0.00091680064
1.6522321e-05
1.6170947e-05
0.0042608311
1.7420601e-05
1.7239159e-05
1.6080771e-05
0.0030542883
1.6426849e-05
1.6383404e-05
1.6063474e-05
1.6409191e-05
1.6388826e-05
1.6488044e-05
1.6246389e-05
1.6047713e-05
1.7015417e-05
1.584955e-05
1.6882718e-05
0.016678831
1.6625959e-05
1.6339967e-05
1.6446187e-05
1.6267203e-05
0.0030004288
1.6380777e-05
1.6455719e-05
1.6591684e-05
1.6317874e-05
2.1813933e-05
1.5973531e-05
0.00019988436
0.0013294364
1.7429662e-05
1.5986506e-05
1.6389147e-05
1.5872714e-05
1.6406216e-05
1.6543354e-05
1.6165164e-05
1.5870497e-05
0.00072193416
1.5942386e-05
1.6259245e-05
1.7107002e-05
1.5842624e-05
0.0047613198
1.6108642e-05
1.6406314e-05
1.6261425e-05
1.6647719e-05
1.7597064e-05
0.0005191973
1.5853465e-05
1.6377635e-05
1.6648068e-05
1.6240463e-05
0.00026057467
0.002992977
1.736849e-05
1.6713311e-05
1.5824253e-05
1.6459315e-05
1.6342764e-05
1.7263576e-05
1.6808556e-05
0.0019610854
0.00029399587
0.017178621
1.6403578e-05
1.6339896e-05
1.6936385e-05
1.7628663e-05
1.5965212e-05
1.6660637e-05
1.6293624e-05
1.6886718e-05
1.631471e-05
1.6438912e-05
1.6542691e-05
1.6355627e-05
0.002949081
1.6508284e-05
0.0020373198
0.00053496487
1.6386601e-05
1.6356159e-05
1.6336103e-05
1.8070637e-05
1.6452342e-05
1.6564444e-05
0.00080784152
1.6204395e-05
3.1123035e-05
0.015276591
0.0031917492
1.5869833e-05
1.6878272e-05
1.7106235e-05
9.1708549e-05
0.00016428744
1.6415514e-05
1.6554785e-05
1.6557212e-05
1.5839021e-05
1.581774e-05
1.6485462e-05
1.668124e-05
0.00053471221
1.6428534e-05
1.6503125e-05
0.0019639451
1.697661e-05
1.9147817e-05
0.0027520936
1.6325355e-05
1.5879374e-05
1.6454686e-05
1.8371437e-05
1.5818049e-05
1.5854446e-05
1.6095121e-05
1.6269913e-05
1.5808221e-05
1.6396404e-05
1.6545963e-05
1.5917725e-05
1.6350155e-05
1.5849597e-05
3.608124e-05
1.7197457e-05
1.6465966e-05
0.004181588
1.6492931e-05
1.6371485e-05
1.6179787e-05
1.6557759e-05
1.6267386e-05
1.6272142e-05
2.0910912e-05
1.606431e-05
1.6507446e-05
1.5825703e-05
1.6738071e-05
1.6761515e-05
2.574176e-05
0.010478248
0.0032923021
2.1838832e-05
1.5973897e-05
1.6378346e-05
1.6284915e-05
1.6594492e-05
0.0139762
1.588823e-05
1.6496963e-05
1.8697131e-05
1.6919556e-05
1.6411415e-05
8.7172673e-05
1.6366012e-05
1.5990861e-05
1.6339883e-05
1.655593e-05
1.5837358e-05
0.00021500977
1.5925571e-05
1.707338e-05
0.00078554678
1.632519e-05
1.6856998e-05
1.6479969e-05
1.6121315e-05
1.6369599e-05
1.6448665e-05
1.6114489e-05
5.0479851e-05
1.6552933e-05
1.6501876e-05
1.5986267e-05
1.6993077e-05
0.0006003539
1.6501698e-05
1.6678739e-05
1.6256735e-05
0.0016156144
0.001356744
1.6721163e-05
1.7438226e-05
1.6348465e-05
1.632714e-05
0.0015455709
6.0349562e-05
1.7089218e-05
0.00062342392
0.0083926125
0.0012190036
1.5948693e-05
1.921066e-05
1.6031508e-05
0.0030440416
1.636017e-05
1.5855249e-05
1.6557592e-05
1.668113e-05
1.639664e-05
1.6547234e-05
0.0017047863
1.6438909e-05
1.6501859e-05
1.6033558e-05
1.6488595e-05
1.5818943e-05
1.5851536e-05
2.4590371e-05
1.6821938e-05
1.6679934e-05
0.001510023
1.6412155e-05
1.65112e-05
1.6280512e-05
1.6442927e-05
1.6732982e-05
1.6276983e-05
1.5815891e-05
1.6449229e-05
1.6118041e-05
0.0021090643
1.644332e-05
1.8462831e-05
1.5867061e-05
1.6500457e-05
1.6598326e-05
0.00043567042
1.6223582e-05
1.6364813e-05
1.6575272e-05
1.6761914e-05
1.6499229e-05
3.5135945e-05
1.5854203e-05
1.6505934e-05
1.584217e-05
7.4061477e-05
1.65065e-05
1.6745531e-05
1.6457884e-05
0.0013509251
1.6184028e-05
0.016129935
1.6759415e-05
1.5813732e-05
1.6601913e-05
1.6445072e-05
1.5849102e-05
1.5850714e-05
1.6502604e-05
1.5872153e-05
1.6628002e-05
1.6475089e-05
0.012327913
1.702893e-05
1.6498147e-05
1.6349134e-05
1.6544742e-05
1.5878252e-05
1.6405546e-05
1.583767e-05
1.5928596e-05
1.6343571e-05
0.00012738095
1.6418907e-05
0.00062114925
1.6150636e-05
1.8845579e-05
1.6015284e-05
1.6203679e-05
1.6048691e-05
1.6493096e-05
1.5811706e-05
1.6801946e-05
1.5996841e-05
1.6525411e-05
1.587205e-05
0.015305737
1.6271056e-05
1.5937003e-05
1.5957718e-05
1.6428081e-05
1.6478677e-05
1.6274027e-05
1.5851959e-05
1.5808673e-05
1.5968692e-05
0.0019215127
1.5925767e-05
1.642606e-05
1.6735921e-05
1.6329471e-05
0.0087768817
1.7561177e-05
1.6481452e-05
1.6380967e-05
1.6347334e-05
1.5971059e-05
1.6406098e-05
1.5901493e-05
1.6027281e-05
1.6590461e-05
1.6087531e-05
0.00017751888
1.6343987e-05
1.2467646e-05
1.5924105e-05
0.00087820558
1.64626e-05
1.6493565e-05
1.6009738e-05
1.6282692e-05
1.643962e-05
1.6678997e-05
1.6172268e-05
1.6498038e-05
1.5842291e-05
1.6036592e-05
0.0016199483
1.6391335e-05
1.6700637e-05
1.6165975e-05
1.6496588e-05
0.0025137731
1.6182799e-05
1.6489562e-05
1.5878272e-05
1.6397159e-05
1.6352622e-05
0.012067219
1.6493488e-05
0.0009952447
1.7081072e-05
1.6230062e-05
0.0010655733
0.0020615639
1.6466959e-05
1.6304333e-05
1.6681099e-05
0.013750325
1.688326e-05
1.8601202e-05
1.6541374e-05
1.5966867e-05
1.6492582e-05
1.6370063e-05
1.5806538e-05
1.6831288e-05
1.6681848e-05
0.002941445
2.9437617e-05
0.0020845751
2.0972254e-05
1.6476974e-05
1.5846685e-05
1.6507893e-05
1.6994771e-05
1.5977234e-05
1.6341481e-05
0.0033348166
1.6356333e-05
1.6151135e-05
1.6794862e-05
1.583572e-05
1.6154167e-05
1.5822405e-05
1.6503778e-05
0.0002788411
1.6489744e-05
1.6242646e-05
1.588604e-05
1.6271962e-05
1.5960147e-05
0.00039934512
0.0018049436
1.6456688e-05
0.004144297
1.6554364e-05
1.6315786e-05
1.6217771e-05
0.0040419903
1.6252379e-05
1.5826273e-05
1.6424192e-05
1.6489382e-05
0.01428605
1.5955523e-05
1.6380607e-05
1.6122061e-05
2.0142687e-05
1.644651e-05
1.6386123e-05
1.5998257e-05
1.5483468e-05
1.644129e-05
1.6488139e-05
1.6455828e-05
1.6483736e-05
1.6447324e-05
1.6292721e-05
1.5962712e-05
1.6254114e-05
0.015505333
1.5861239e-05
1.6486062e-05
0.00025061876
1.5827267e-05
1.6450579e-05
6.3366002e-05
0.00010981968
1.6539728e-05
1.6431239e-05
1.6316143e-05
1.5827359e-05
1.6479866e-05
9.2311394e-05
1.6498077e-05
0.0040040735
1.6431065e-05
1.645984e-05
1.617003e-05
1.6290727e-05
0.0054468867
1.6333669e-05
1.6207147e-05
1.648033e-05
0.00023013052
1.6426423e-05
1.6439336e-05
0.017111131
1.6679065e-05
1.6104793e-05
1.596733e-05
1.6477136e-05
1.6979759e-05
0.00012510263
1.5863802e-05
1.6409929e-05
1.6437547e-05
1.7606507e-05
1.6628303e-05
1.6270153e-05
1.5800467e-05
1.5903308e-05
1.6882662e-05
1.6173712e-05
1.5799889e-05
1.6490183e-05
0.0066323579
0.0049834044
1.6493379e-05
1.5903605e-05
1.6161834e-05
1.7763496e-05
1.5829815e-05
1.6477868e-05
2.1765799e-05
1.5809008e-05
0.00047349323
1.6494496e-05
1.6473953e-05
8.8980247e-05
1.6202817e-05
1.5903275e-05
1.6743061e-05
1.6437959e-05
1.6499613e-05
1.6601378e-05
0.0042761847
1.6177063e-05
1.6073742e-05
0.00046222632
1.6473465e-05
1.6179635e-05
4.274714e-05
9.2240321e-05
0.016575863
1.6530263e-05
1.6474323e-05
1.640996e-05
1.6499419e-05
1.6537338e-05
1.9317907e-05
1.6460376e-05
2.0827336e-05
1.6488635e-05
1.9005459e-05
1.6148129e-05
1.6008688e-05
1.6197083e-05
1.5985202e-05
1.6388689e-05
1.6132284e-05
1.6167394e-05
1.600692e-05
1.6229977e-05
1.5807198e-05
0.0071233607
1.7936087e-05
1.6092496e-05
1.5947116e-05
1.588327e-05
1.6414742e-05
1.6295237e-05
1.6535743e-05
0.0039230276
1.6625262e-05
1.5865421e-05
1.646673e-05
1.6497311e-05
1.581263e-05
1.6576268e-05
1.6417584e-05
0.0004350944
1.6232091e-05
1.6489496e-05
0.00011648143
0.002990103
1.5850788e-05
1.607821e-05
1.6493084e-05
1.6295151e-05
1.6455672e-05
1.5964761e-05
1.5836891e-05
1.6671432e-05
1.5836515e-05
0.00021611512
1.618154e-05
1.6473043e-05
1.6138999e-05
1.5900749e-05
1.5814221e-05
1.6450002e-05
1.7064541e-05
1.6514296e-05
0.0077743323
1.5835742e-05
1.6552185e-05
1.6469334e-05
1.6428791e-05
1.6557687e-05
0.013955432
1.8286366e-05
1.6488926e-05
1.6465983e-05
1.6052776e-05
1.6032015e-05
1.5823315e-05
1.6423464e-05
0.0011103799
1.6263098e-05
1.6445952e-05
1.581385e-05
1.5901202e-05
1.6154594e-05
1.6549987e-05
1.6541629e-05
1.6586517e-05
1.5898182e-05
1.6367966e-05
1.6651323e-05
1.6459282e-05
1.643262e-05
0.0020045939
1.6012889e-05
1.6553613e-05
1.6370127e-05
1.6407963e-05
1.5882345e-05
1.7167891e-05
1.6383321e-05
1.6420978e-05
0.0018843257
0.0018030334
1.6323938e-05
1.5900271e-05
1.5944097e-05
0.0017987465
1.6312013e-05
1.5917331e-05
1.6439168e-05
1.59312e-05
1.6019922e-05
1.5934477e-05
1.8083085e-05
1.6009547e-05
1.6240823e-05
0.0031084486
1.6639831e-05
1.5972703e-05
0.0020434375
1.5960759e-05
1.6458523e-05
1.6194398e-05
1.6546262e-05
1.6441025e-05
1.628184e-05
1.6856245e-05
1.5867517e-05
1.6182519e-05
1.6856102e-05
1.6158891e-05
2.286346e-05
2.5039805e-05
1.7101534e-05
1.5957733e-05
1.6212582e-05
1.6099607e-05
1.5812947e-05
1.6231056e-05
1.6019992e-05
1.6306924e-05
1.5851922e-05
1.5861675e-05
1.5953745e-05
1.6967363e-05
1.3437221e-05
1.611333e-05
0.00021317371
1.5913457e-05
1.6437887e-05
0.00013379245
1.6444399e-05
0.013595387
1.5872254e-05
1.6536476e-05
1.5817604e-05
1.5841925e-05
0.0018735457
1.5879522e-05
1.6164956e-05
1.6548293e-05
1.6370662e-05
1.6377687e-05
1.6366903e-05
1.5936828e-05
1.6702122e-05
1.646546e-05
1.6182723e-05
1.6538162e-05
1.8934332e-05
1.6327369e-05
0.00058670609
1.6573525e-05
1.593763e-05
1.5828463e-05
1.6940105e-05
1.6020589e-05
6.9928335e-05
1.6855637e-05
1.5882365e-05
1.6554639e-05
1.6498692e-05
1.6824054e-05
1.6059083e-05
1.6344257e-05
8.5042001e-05
1.5983234e-05
1.6133809e-05
1.6539982e-05
1.6428641e-05
1.6477506e-05
1.6451905e-05
0.010854764
1.614365e-05
1.5825812e-05
1.6393546e-05
1.6602793e-05
1.6565253e-05
1.62809e-05
1.6194099e-05
1.6448116e-05
1.6340682e-05
1.6668588e-05
1.5930129e-05
1.6469007e-05
1.6728879e-05
1.6930868e-05
0.0020186215
1.6371033e-05
1.5814612e-05
0.0029754959
1.5928459e-05
1.6045428e-05
1.5875932e-05
0.0065474881
1.5837632e-05
1.6464911e-05
0.00012901349
0.00038165314
1.6264009e-05
1.6557689e-05
1.6724031e-05
1.6521466e-05
1.6507134e-05
0.00080109398
0.0048992563
1.5839067e-05
1.8675581e-05
1.6401619e-05
1.6047564e-05
1.6134067e-05
1.5918153e-05
1.7050244e-05
1.6380018e-05
0.0026024649
1.6892407e-05
1.6862514e-05
1.5995465e-05
1.6872059e-05
1.6179708e-05
1.608987e-05
1.6556947e-05
1.6156238e-05
0.00014562676
6.4472126e-05
1.6105254e-05
1.6494891e-05
1.7934169e-05
0.0029504225
0.013727171
1.8525544e-05
0.0019105238
1.6257574e-05
1.6365303e-05
1.6119381e-05
1.8112305e-05
1.5867889e-05
1.645206e-05
1.5943579e-05
2.6474666e-05
1.6106699e-05
1.5858813e-05
1.6369916e-05
1.6540753e-05
0.0043656766
1.6478064e-05
1.6243944e-05
1.7090313e-05
1.5820838e-05
1.590394e-05
1.6205782e-05
1.6375445e-05
1.6538512e-05
1.6400681e-05
1.655373e-05
1.6128097e-05
0.012708244
1.6915975e-05
1.6180695e-05
1.7702128e-05
1.581565e-05
1.601046e-05
1.6738151e-05
1.645617e-05
1.6498158e-05
1.6170463e-05
1.6472484e-05
1.59334e-05
1.6127375e-05
1.611206e-05
1.6226343e-05
1.6185364e-05
1.6091758e-05
1.653262e-05
1.6769e-05
1.6611712e-05
1.6508258e-05
1.6368022e-05
1.6422254e-05
1.5846435e-05
0.0019452532
1.6544993e-05
1.6491062e-05
1.6861177e-05
1.6444916e-05
0.0034322948
0.00024993156
1.6536475e-05
0.003012586
2.0542102e-05
1.6498668e-05
1.6878215e-05
1.6448227e-05
1.621764e-05
1.651009e-05
6.7136357e-05
1.6024101e-05
1.5906245e-05
1.5828862e-05
1.6935756e-05
1.593811e-05
1.5926257e-05
1.6639326e-05
2.5964123e-05
1.5796498e-05
1.6124336e-05
1.6171955e-05
1.6789365e-05
1.6490085e-05
1.5901934e-05
1.5951892e-05
1.6311388e-05
1.645572e-05
1.6549336e-05
1.6467542e-05
1.6074507e-05
1.62143e-05
1.6396565e-05
0.01193729
0.00032960857
1.604326e-05
0.00081422421
1.6613727e-05
1.6628614e-05
1.6704648e-05
1.7362309e-05
0.0054498254
1.6015437e-05
1.6754822e-05
1.5798737e-05
1.6486144e-05
1.6375653e-05
1.5864036e-05
1.587431e-05
1.6756717e-05
1.5915042e-05
0.0046646265
1.5859859e-05
1.6299868e-05
1.600743e-05
4.2047595e-05
1.5812021e-05
0.00024435982
1.5809554e-05
1.600023e-05
1.5888817e-05
1.6059657e-05
1.5986746e-05
1.5954934e-05
1.5988111e-05
1.6458002e-05
0.00032738273
1.590357e-05
2.3150837e-05
1.5817529e-05
1.6078116e-05
0.0079797501
0.0045017727
1.6475215e-05
2.0932608e-05
0.00019771174
0.00089903026
1.687583e-05
1.6907143e-05
0.009988851
1.6544439e-05
1.6457318e-05
1.6377988e-05
1.6074129e-05
1.6027139e-05
1.6106755e-05
1.6774547e-05
1.6509925e-05
1.6191337e-05
0.0013769207
1.9232244e-05
2.0850578e-05
1.6556905e-05
1.6643789e-05
1.581681e-05
1.5825097e-05
1.681117e-05
1.6388843e-05
1.5955627e-05
1.5867879e-05
1.5792208e-05
1.6546948e-05
1.6682651e-05
1.6467242e-05
1.6056743e-05
1.6628686e-05
1.6515615e-05
1.6165908e-05
1.6554081e-05
1.5878631e-05
1.5859614e-05
1.6496252e-05
1.6488995e-05
0.0024860514
1.6450033e-05
1.6454201e-05
4.7620546e-05
1.6492758e-05
1.6523143e-05
1.6312657e-05
1.7548347e-05
1.6020482e-05
1.6616158e-05
1.6319688e-05
1.599142e-05
1.6493083e-05
1.6938799e-05
2.7889278e-05
0.0014453249
0.0030364355
1.5873029e-05
1.6447563e-05
1.597676e-05
0.00099229123
1.6436985e-05
1.638495e-05
1.5943276e-05
1.7318511e-05
1.6492226e-05
1.788361e-05
1.6462559e-05
1.6385779e-05
0.00037412639
1.6412377e-05
1.6159222e-05
1.7017554e-05
0.0021798566
1.7163208e-05
1.6549671e-05
1.5907276e-05
1.6553045e-05
5.1821363e-05
1.6854715e-05
0.0019039722
1.6151374e-05
0.015982144
1.5887728e-05
1.6471395e-05
1.6524626e-05
1.5913371e-05
1.6380784e-05
1.680776e-05
1.6765245e-05
1.5888992e-05
0.0024564684
1.5796378e-05
1.5974406e-05
1.7051173e-05
0.00060908133
1.5988188e-05
0.001987237
0.0043282552
1.6499677e-05
1.7027443e-05
1.5815557e-05
1.6117992e-05
1.6736365e-05
1.584745e-05
1.6981e-05
1.817826e-05
1.6403976e-05
1.662016e-05
1.6527707e-05
1.6042358e-05
1.6480265e-05
1.5959563e-05
1.6921414e-05
1.634845e-05
1.6063366e-05
2.1470289e-05
1.5878336e-05
1.6390359e-05
1.6388433e-05
1.654521e-05
1.6497475e-05
1.547784e-05
1.6361658e-05
1.6106147e-05
0.0016515311
1.6416569e-05
1.6377221e-05
1.7087723e-05
7.9810292e-05
4.3719355e-05
1.6428268e-05
1.7795802e-05
1.5849665e-05
0.00068145342
1.6556412e-05
1.5891642e-05
1.6382358e-05
1.5862958e-05
1.6364181e-05
1.6543644e-05
1.6363588e-05
1.6215535e-05
1.6749713e-05
0.00016747833
1.627362e-05
1.5836381e-05
1.6376879e-05
1.6387535e-05
1.6213742e-05
1.5839081e-05
1.8709871e-05
0.0040688393
0.013602467
0.011031215
1.650404e-05
1.6467077e-05
0.0089415779
0.0028708499
0.0028720558
1.5833147e-05
1.6331182e-05
1.6193151e-05
1.6573996e-05
1.6946186e-05
0.0039771703
1.628547e-05
1.8078669e-05
1.6166329e-05
1.6451853e-05
1.6035679e-05
0.004264631
1.6523235e-05
9.1988804e-05
5.6957664e-05
1.655216e-05
1.7982575e-05
1.6402301e-05
0.0020873854
1.654232e-05
1.6865666e-05
0.00022370907
1.6531336e-05
1.7725215e-05
1.6443504e-05
1.5882195e-05
1.5961899e-05
0.0003637057
1.5817971e-05
1.6499025e-05
1.6942201e-05
1.6434226e-05
1.6517608e-05
1.623012e-05
1.6341175e-05
0.0019081274
1.6369026e-05
1.5918785e-05
1.6366477e-05
1.6532287e-05
1.5972727e-05
1.5936079e-05
0.017254222
1.6449148e-05
1.642482e-05
4.2110002e-05
1.6435112e-05
1.5875825e-05
1.7074242e-05
1.597912e-05
0.00024937068
2.289903e-05
1.6305698e-05
1.7890236e-05
1.5875725e-05
0.00072232943
0.00066843331
1.682377e-05
0.0008393994
1.638959e-05
1.6427558e-05
1.6281777e-05
1.6369718e-05
0.0019666428
1.6484961e-05
1.6548893e-05
1.6077125e-05
1.6683299e-05
1.6713115e-05
5.7420237e-05
0.0021668646
1.6112797e-05
1.5790522e-05
5.1687933e-05
0.012203649
1.6483577e-05
1.6539355e-05
0.00014162193
1.6503792e-05
0.001321044
1.6711248e-05
0.00017190704
0.0024148255
1.6395093e-05
1.6209342e-05
4.6354489e-05
0.0018276463
0.0028451262
0.00079805171
1.583451e-05
1.6549867e-05
1.5828435e-05
1.5865857e-05
1.6224198e-05
1.6341465e-05
1.621537e-05
1.5827763e-05
1.6399891e-05
1.6944982e-05
2.0536767e-05
8.2599036e-05
1.6322602e-05
1.6022562e-05
0.00058403076
1.6891221e-05
0.010539789
1.6350961e-05
1.6367526e-05
0.001397958
1.6546373e-05
0.00027618487
1.6385963e-05
0.0019467955
0.00010882536
1.6221239e-05
1.5825794e-05
1.6016423e-05
2.3667262e-05
1.6449458e-05
1.6003174e-05
1.5794485e-05
2.0421377e-05
1.7673597e-05
1.6708914e-05
0.0027910614
1.6817384e-05
3.4367744e-05
0.0027553023
1.6812398e-05
1.6493341e-05
0.00055976278
1.646127e-05
5.3104885e-05
1.5926057e-05
1.6557238e-05
1.6241354e-05
1.6492401e-05
1.6695896e-05
1.6266492e-05
1.6568449e-05
1.7519213e-05
1.5839867e-05
1.6754747e-05
1.6610256e-05
1.6156305e-05
1.6012249e-05
1.6735733e-05
0.0040869793
1.6170875e-05
8.4282486e-05
1.5810626e-05
1.6493448e-05
1.6546798e-05
1.5819096e-05
0.00231226
1.600781e-05
0.00028708666
0.00013925655
1.6649379e-05
0.015858954
2.237747e-05
1.6209826e-05
1.6644784e-05
1.6799549e-05
1.6546062e-05
1.6337846e-05
1.6435598e-05
1.5926465e-05
1.6907684e-05
1.6952487e-05
1.6440238e-05
1.6874676e-05
1.6501699e-05
1.5976613e-05
1.6747854e-05
1.6504435e-05
0.0012622787
1.6443565e-05
1.7284673e-05
1.6512405e-05
1.6542876e-05
1.7267133e-05
1.6394035e-05
1.6387763e-05
1.4381658e-05
1.6543136e-05
1.6383142e-05
1.6322291e-05
1.6702433e-05
0.0053463843
0.0048478534
1.6427009e-05
1.6655824e-05
1.6557356e-05
2.2246272e-05
1.6062696e-05
1.6503515e-05
1.6560711e-05
1.7238966e-05
0.0018929283
1.6478855e-05
1.6040864e-05
1.8166124e-05
1.6513942e-05
1.643074e-05
1.6153419e-05
1.6512872e-05
1.5862058e-05
1.6018267e-05
0.0042971742
1.6736902e-05
1.5831721e-05
1.6512046e-05
0.00012392928
1.6211549e-05
1.6055041e-05
1.588291e-05
1.6455427e-05
1.6778483e-05
1.5984896e-05
1.6237408e-05
1.6500305e-05
1.6211628e-05
1.6881433e-05
1.5897261e-05
1.6503116e-05
0.00021700741
1.7033546e-05
1.5885692e-05
1.618286e-05
1.8850628e-05
1.5638158e-05
1.6223526e-05
3.6346584e-05
1.6557169e-05
1.6281403e-05
1.6060441e-05
1.5831654e-05
1.5825758e-05
1.5950523e-05
0.0036076484
0.0019727733
1.6513952e-05
1.9079013e-05
1.6332216e-05
1.6544795e-05
1.7096536e-05
9.9109068e-05
1.6297151e-05
1.734831e-05
1.6542436e-05
1.644568e-05
1.6522668e-05
1.6542863e-05
0.00036570495
1.5833859e-05
0.0028784892
0.00078918273
1.6509498e-05
1.6052892e-05
2.0900078e-05
1.6555879e-05
1.6858004e-05
1.5851187e-05
1.5949239e-05
0.0057376228
1.6958371e-05
1.6210202e-05
1.6335419e-05
1.6255382e-05
1.6405424e-05
1.6302044e-05
1.6518792e-05
1.6441138e-05
1.6393022e-05
1.5938413e-05
1.642316e-05
1.6322697e-05
1.6359509e-05
1.6182183e-05
1.6287393e-05
1.6092953e-05
1.6055588e-05
1.6755605e-05
1.6244229e-05
1.6322234e-05
1.6349346e-05
1.6043319e-05
1.6231429e-05
2.6533915e-05
1.5797143e-05
0.0020228643
1.6412102e-05
0.016328035
2.0442457e-05
1.7797612e-05
1.6890264e-05
1.6073408e-05
1.6661399e-05
1.6941024e-05
1.6084401e-05
1.5836132e-05
1.5894703e-05
0.00098305118
1.6392954e-05
1.6381841e-05
1.6090965e-05
1.5894972e-05
0.0034351054
1.6051668e-05
1.6389299e-05
1.6545979e-05
1.6871946e-05
1.5981802e-05
1.6531948e-05
1.5860507e-05
1.6515489e-05
1.6355854e-05
1.593588e-05
1.5975584e-05
1.5830319e-05
0.015233807
1.6000889e-05
1.6493533e-05
2.3534981e-05
1.6540741e-05
1.6306871e-05
1.7880926e-05
1.7647337e-05
1.6310973e-05
1.6513158e-05
1.6147711e-05
0.0060674372
1.6371341e-05
0.0007906677
1.6528561e-05
2.0825709e-05
1.5874052e-05
1.5962114e-05
1.7147801e-05
1.668014e-05
1.6046333e-05
5.0681979e-05
1.6452421e-05
1.6421756e-05
1.654073e-05
1.6935396e-05
1.5952494e-05
0.00087254199
1.6871623e-05
1.6660461e-05
1.6989158e-05
0.011739486
1.7507697e-05
1.5819316e-05
1.6287738e-05
1.6406444e-05
1.6567163e-05
1.6682546e-05
1.9683684e-05
1.6499809e-05
1.9361214e-05
1.6143599e-05
3.7037578e-05
0.00165846
1.5832597e-05
1.6309695e-05
9.2690179e-05
0.0019269555
1.6069701e-05
1.6495977e-05
2.0046283e-05
1.5835215e-05
1.6030364e-05
1.6455133e-05
2.0950977e-05
5.8720979e-05
1.679321e-05
2.2010182e-05
2.548028e-05
3.0827443e-05
1.646571e-05
5.309072e-05
7.5769923e-05
4.5493345e-05
2.8001119e-05
6.2735087e-05
3.4515959e-05
2.3498673e-05
2.0710441e-05
3.9147345e-05
1.6495876e-05
0.00055354651
1.6621709e-05
1.619336e-05
2.7248535e-05
1.7259224e-05
1.655628e-05
1.5795203e-05
3.1721497e-05
1.6497534e-05
1.6483675e-05
1.6447583e-05
1.6530565e-05
1.6184238e-05
1.6443094e-05
1.60918e-05
2.0981689e-05
1.6535623e-05
2.2073252e-05
1.631642e-05
1.6441266e-05
1.6239935e-05
0.00044011629
1.6546409e-05
1.6335296e-05
1.6694819e-05
5.1822154e-05
1.6188052e-05
1.6469778e-05
1.653546e-05
0.015234779
1.6240456e-05
1.6168943e-05
1.6521173e-05
1.6467904e-05
1.6068815e-05
1.6387761e-05
1.6404847e-05
1.6490316e-05
0.00094592666
1.647023e-05
1.6598066e-05
1.5943667e-05
0.0039998955
0.00049273986
1.6911331e-05
1.6823069e-05
1.6178127e-05
1.585372e-05
1.7478416e-05
1.5969954e-05
8.5214493e-05
1.6371389e-05
1.6390346e-05
1.3652995e-05
1.6914429e-05
1.6859789e-05
1.6397471e-05
1.6549986e-05
0.0020200712
1.684422e-05
1.6539597e-05
0.00043491593
1.6553482e-05
1.6010721e-05
1.604893e-05
1.6580972e-05
1.6124378e-05
1.6508956e-05
1.5984981e-05
0.00089936998
0.00010900481
0.00041639352
1.6419121e-05
3.9976888e-05
2.4280733e-05
3.6917526e-05
1.6521602e-05
1.6164847e-05
0.0019654728
1.6309228e-05
1.5841706e-05
1.6499348e-05
1.5846301e-05
1.6838867e-05
1.6227009e-05
0.0076988137
1.6273538e-05
1.7276327e-05
1.6095318e-05
1.6573845e-05
1.634016e-05
1.9690992e-05
1.6554025e-05
1.6491943e-05
0.0018234026
1.6404122e-05
1.6550806e-05
1.6756547e-05
1.6801487e-05
1.604114e-05
1.6401668e-05
1.6037578e-05
1.622887e-05
1.6377791e-05
4.3719559e-05
1.5873301e-05
1.6450135e-05
2.5981114e-05
1.6019104e-05
1.5987303e-05
4.0010189e-05
1.6633066e-05
1.6448971e-05
1.6501909e-05
0.0015281801
1.6939998e-05
1.6562481e-05
1.6157589e-05
1.5852723e-05
1.5815705e-05
1.6387034e-05
1.6208149e-05
1.6275948e-05
1.6101525e-05
1.6391904e-05
1.6148934e-05
1.6415855e-05
1.5843917e-05
0.0021613302
1.5892255e-05
1.6370261e-05
4.1120365e-05
1.6553858e-05
2.0627877e-05
1.6046471e-05
1.6757139e-05
1.6707836e-05
1.6722384e-05
1.6290565e-05
0.00059434758
1.6550353e-05
0.0035911439
1.6161951e-05
1.6176464e-05
1.5867766e-05
0.0020336006
1.5843515e-05
0.0013210477
0.00014093594
9.1224513e-05
1.5931516e-05
1.6564427e-05
1.6461764e-05
1.626664e-05
1.6256219e-05
1.5829776e-05
1.6494056e-05
1.5888764e-05
1.5985438e-05
1.5927151e-05
1.6249272e-05
1.6496508e-05
1.6889695e-05
1.8590009e-05
1.6795137e-05
1.6126992e-05
1.7338355e-05
2.5823642e-05
1.6537612e-05
1.7255624e-05
1.5975784e-05
1.6286542e-05
1.6172295e-05
2.125893e-05
1.6572075e-05
1.6380751e-05
1.6266628e-05
1.582257e-05
1.5843496e-05
1.6523311e-05
0.00078830472
1.7790332e-05
1.6257086e-05
1.6104344e-05
0.015566475
1.6159249e-05
1.6180755e-05
0.0041023038
0.0031582466
1.6493614e-05
1.5792861e-05
1.6538512e-05
1.6564474e-05
1.6559692e-05
0.0061982485
0.0063423881
1.672688e-05
1.6077669e-05
1.9010773e-05
1.6459251e-05
1.5837244e-05
1.6478433e-05
0.00050654598
0.0036998505
1.6200234e-05
1.6488494e-05
1.6383001e-05
0.01421187
1.579768e-05
1.5800816e-05
3.3571198e-05
1.640413e-05
1.6196374e-05
0.012393555
0.0043044577
1.5834593e-05
1.7355869e-05
2.0365759e-05
0.0076847469
1.6592142e-05
1.6493946e-05
1.6157381e-05
1.6492014e-05
0.0019840063
1.7184584e-05
0.00010208649
1.5812957e-05
0.0033950715
1.6435399e-05
0.0018594246
0.0022698941
1.6922515e-05
1.6545065e-05
1.6519758e-05
1.633209e-05
1.6732899e-05
1.6518115e-05
1.6669722e-05
1.6715987e-05
0.0020240614
0.010776416
0.00088119536
1.6713812e-05
1.7812963e-05
1.6397809e-05
0.0029921321
1.6346277e-05
1.6448052e-05
0.00012948841
1.7010866e-05
1.6409404e-05
1.5921305e-05
1.6552266e-05
1.6833694e-05
1.6564326e-05
1.6299197e-05
1.6283611e-05
0.0076631747
1.5831462e-05
1.6136029e-05
1.6289909e-05
1.6334928e-05
1.6547815e-05
1.580551e-05
1.7526497e-05
1.6500564e-05
1.6414504e-05
1.6555045e-05
1.7625499e-05
1.6552461e-05
0.0045685548
1.6448584e-05
4.1819817e-05
1.6206663e-05
1.6554132e-05
0.0028678224
1.6017843e-05
0.0028203495
1.6237457e-05
1.6503831e-05
1.7128323e-05
3.6744215e-05
1.6390238e-05
1.6395286e-05
1.5838939e-05
4.0180055e-05
1.6218588e-05
1.5873821e-05
1.6450055e-05
1.6520128e-05
1.6148327e-05
1.6338959e-05
1.5823774e-05
0.0064414116
1.6565149e-05
1.5831353e-05
1.6128787e-05
1.6676141e-05
1.6270364e-05
1.5899163e-05
1.5820074e-05
1.650156e-05
1.6406557e-05
1.6284895e-05
1.5818814e-05
1.5850644e-05
1.655434e-05
1.6474046e-05
1.6202174e-05
1.5809266e-05
1.6047882e-05
1.5851508e-05
1.6048208e-05
1.6559409e-05
4.0056e-05
1.6201855e-05
1.65023e-05
1.7157601e-05
1.6002634e-05
1.6036859e-05
1.6202763e-05
1.6116123e-05
1.585879e-05
1.5838009e-05
1.5867306e-05
0.0018581906
1.6556219e-05
1.6515394e-05
1.6534985e-05
1.6431643e-05
1.6332397e-05
1.6421619e-05
1.6175108e-05
1.5982685e-05
1.637023e-05
0.0050138075
0.0018428222
1.6348957e-05
0.010331216
1.5955672e-05
1.584939e-05
1.5867539e-05
1.5860251e-05
1.6795661e-05
1.6434357e-05
1.584643e-05
1.7014904e-05
1.5935492e-05
1.6515943e-05
1.6483744e-05
1.6858241e-05
1.6799324e-05
1.6482634e-05
1.6513849e-05
1.5807968e-05
1.9690443e-05
1.6271836e-05
1.6456e-05
1.5804936e-05
1.6448742e-05
1.5879786e-05
1.5886508e-05
0.0048304631
3.9885852e-05
0.00010243367
1.6552276e-05
1.8846569e-05
0.0030934783
0.00538744
1.584458e-05
4.7628609e-05
4.3930929e-05
1.5803442e-05
3.6887702e-05
1.7117603e-05
1.6262184e-05
1.5838454e-05
5.1282739e-05
1.6308841e-05
1.6232193e-05
1.6805661e-05
1.6081898e-05
3.4551815e-05
1.6497063e-05
1.5954056e-05
1.7827629e-05
1.6557556e-05
1.6534774e-05
1.6232759e-05
1.5864282e-05
1.6463086e-05
2.3666587e-05
1.5907824e-05
1.5954685e-05
1.705073e-05
0.0063818631
2.6402694e-05
1.6381587e-05
1.6787232e-05
1.589338e-05
1.6526339e-05
1.6091519e-05
6.3246879e-05
1.6148412e-05
0.003350698
1.6492906e-05
1.6549307e-05
1.6335057e-05
4.267135e-05
1.5887106e-05
2.9878009e-05
1.6579193e-05
1.580399e-05
6.892458e-05
1.6031474e-05
1.6315502e-05
1.8203029e-05
1.5941983e-05
1.8258936e-05
2.0247288e-05
1.6842187e-05
1.5828133e-05
1.6490181e-05
1.6897798e-05
1.6513013e-05
0.00012166577
1.6528017e-05
1.6925568e-05
0.0003524885
1.679211e-05
4.3096043e-05
1.6673156e-05
1.7457843e-05
1.6316696e-05
1.6497792e-05
1.6295236e-05
0.004861337
0.0020084486
1.481398e-05
1.6762848e-05
3.4606582e-05
1.6538617e-05
1.6554362e-05
4.8351104e-05
0.00040018623
0.0016990984
0.0089343241
0.0027493909
1.6515738e-05
1.6285365e-05
1.6849236e-05
1.6614582e-05
1.6342508e-05
0.010996356
1.6849345e-05
0.00096308677
1.6402975e-05
1.6229192e-05
1.7405227e-05
0.0032263234
4.4087323e-05
1.650313e-05
0.00093882728
1.6514933e-05
1.6857506e-05
1.6542374e-05
1.6472882e-05
1.5790017e-05
1.6538289e-05
1.6109467e-05
1.677901e-05
1.6867132e-05
1.6380019e-05
1.6540365e-05
0.00220405
1.5876544e-05
0.0019688835
1.5865366e-05
1.9675255e-05
1.6171612e-05
1.6523184e-05
1.6447935e-05
1.687806e-05
1.6456098e-05
0.0029063603
1.6514755e-05
1.6355944e-05
1.5898854e-05
0.001991084
1.6883874e-05
0.00023271942
2.6122578e-05
1.6281945e-05
1.6025169e-05
0.001140902
1.8489244e-05
1.6542984e-05
1.6592305e-05
0.0010715697
1.6482367e-05
1.6482895e-05
1.6472361e-05
1.6356171e-05
0.002094831
1.6432568e-05
0.00018607184
1.6337833e-05
1.670988e-05
4.1866858e-05
1.6893514e-05
1.5973025e-05
1.6019091e-05
3.9586665e-05
1.5875711e-05
1.6298365e-05
0.00016554879
0.00016531244
0.0037958138
1.5963142e-05
1.6554503e-05
1.6172878e-05
1.6360688e-05
1.6376372e-05
1.6097757e-05
1.6901066e-05
1.6387732e-05
1.6805444e-05
5.5753291e-05
1.6165285e-05
1.6161763e-05
1.6164433e-05
1.691219e-05
1.6134806e-05
1.6091144e-05
0.0041835845
1.6243366e-05
1.5858132e-05
1.6270186e-05
1.5988434e-05
1.6230816e-05
1.6835412e-05
1.6497086e-05
1.6920875e-05
1.8136e-05
1.6137013e-05
1.6465455e-05
1.6260014e-05
0.00049264673
1.5885323e-05
1.6681668e-05
0.00091720345
1.6928435e-05
0.0010171962
1.5821014e-05
1.6201129e-05
1.7093661e-05
1.673834e-05
5.66976e-05
0.0024387196
0.00012387113
1.6136003e-05
0.016198122
1.6664384e-05
0.012220008
1.6222848e-05
1.634182e-05
1.6583057e-05
1.6328774e-05
1.6296905e-05
1.6554265e-05
1.6366023e-05
1.5870742e-05
2.7855051e-05
4.3591958e-05
1.678383e-05
1.6024627e-05
1.5857853e-05
1.650724e-05
1.6302493e-05
1.6612618e-05
1.5970128e-05
0.0045673815
0.0019699753
1.6076845e-05
1.6496252e-05
1.6587535e-05
1.6824506e-05
1.6503644e-05
1.6500011e-05
1.5920984e-05
1.6238771e-05
1.5835856e-05
1.5941327e-05
0.0014353719
0.0046352297
1.6525168e-05
3.3165478e-05
9.8355724e-05
1.6149884e-05
1.6331572e-05
1.6902066e-05
1.6027237e-05
1.5833078e-05
5.1781051e-05
0.00028244003
1.6423372e-05
0.0019916494
1.6086192e-05
1.6351211e-05
5.4770845e-05
1.6533102e-05
1.6523418e-05
1.6362679e-05
0.00262489
1.6590063e-05
5.8661061e-05
1.6352361e-05
1.587681e-05
1.6406495e-05
1.6491293e-05
6.3304255e-05
6.8193811e-05
1.6202004e-05
1.773861e-05
1.6431694e-05
7.326141e-05
1.6177331e-05
7.9891907e-05
5.5426985e-05
1.6357443e-05
1.610154e-05
8.6700321e-05
9.2390307e-05
1.6133049e-05
9.9084422e-05
2.0991471e-05
1.6461281e-05
1.6365873e-05
1.6369733e-05
0.011792999
1.6452282e-05
1.6525087e-05
1.6534932e-05
8.4150666e-05
0.00387862
0.0078860331
1.6347243e-05
1.5813475e-05
1.6217738e-05
1.6329453e-05
0.0051901734
2.1702011e-05
1.6234324e-05
1.582278e-05
1.5865753e-05
0.009708202
0.0021913342
1.5872165e-05
1.6449499e-05
1.594129e-05
1.5888796e-05
1.6222618e-05
1.6286877e-05
1.5814592e-05
1.5812929e-05
1.5805071e-05
0.0022829411
3.9382009e-05
1.6112191e-05
1.6442107e-05
1.6517269e-05
0.0025249412
3.7642967e-05
5.5694263e-05
1.8346109e-05
1.6545501e-05
1.6917794e-05
1.637322e-05
1.643042e-05
1.6457735e-05
0.0047433316
1.6002111e-05
0.00053137165
1.5880328e-05
1.6450377e-05
0.0099252952
0.0019138115
1.6295027e-05
2.1526354e-05
1.6537282e-05
2.0711584e-05
0.017312226
1.5833525e-05
1.6453832e-05
0.00058528078
0.0013838772
1.5909805e-05
1.6396474e-05
1.5983103e-05
1.7192672e-05
1.637518e-05
1.7986093e-05
1.6112475e-05
1.5894517e-05
1.6802314e-05
1.6419113e-05
1.6508332e-05
1.6389277e-05
1.6590989e-05
0.00040571122
1.5849774e-05
1.6810025e-05
1.646789e-05
1.7150472e-05
1.6267965e-05
0.0030965153
1.6780402e-05
1.6510615e-05
1.580368e-05
1.5902145e-05
3.2976411e-05
0.0010407907
1.6143655e-05
0.0031440301
1.7697234e-05
1.5988317e-05
1.6377981e-05
5.0759918e-05
9.9390526e-05
0.0003033844
1.6425924e-05
0.0018287011
0.00020807207
1.6465827e-05
1.5865164e-05
1.7594395e-05
0.0038574787
1.580335e-05
1.6128513e-05
1.6533364e-05
1.5835375e-05
2.0146811e-05
1.5847418e-05
1.6545324e-05
1.7234709e-05
1.6831703e-05
1.6555881e-05
1.6074184e-05
0.00011114644
1.6261045e-05
1.6371464e-05
1.6172383e-05
1.6491318e-05
1.6820102e-05
1.58316e-05
1.6556623e-05
0.00040047928
1.6835871e-05
1.6692725e-05
8.6731513e-05
1.6355462e-05
1.6209322e-05
1.6853541e-05
1.8495898e-05
1.6490478e-05
0.0013588071
1.7015579e-05
1.6491059e-05
1.64914e-05
1.6492116e-05
0.00027728141
1.6349225e-05
0.00017524994
0.0051981382
1.6013988e-05
1.6132782e-05
1.6381716e-05
1.6547452e-05
0.00015862745
1.6501413e-05
4.128491e-05
1.6429265e-05
0.00014360851
1.6948574e-05
1.594399e-05
1.6168533e-05
0.00013028538
1.6861036e-05
0.0020317546
1.6685044e-05
1.6505513e-05
1.6175316e-05
1.6410823e-05
1.5852647e-05
1.6076413e-05
1.5991393e-05
1.6482453e-05
1.5805517e-05
1.654142e-05
1.5919603e-05
1.6174498e-05
1.5829506e-05
1.5840852e-05
1.5833264e-05
0.00034060205
1.6368735e-05
1.5848636e-05
1.6394792e-05
1.5836409e-05
1.6629706e-05
1.65569e-05
1.6500734e-05
0.002079213
1.6239864e-05
2.3294553e-05
4.514157e-05
1.6061934e-05
0.0004388786
1.8146441e-05
0.0090866579
1.612104e-05
0.0020438802
1.6508288e-05
1.5827593e-05
1.599707e-05
1.6246458e-05
0.0022071537
1.6150103e-05
0.00011863912
1.5983693e-05
1.6581116e-05
1.6859905e-05
1.5944313e-05
1.5853465e-05
1.6500628e-05
1.6172475e-05
1.6189262e-05
1.5043262e-05
1.5807773e-05
1.6582025e-05
1.6466935e-05
0.0029384455
1.6508709e-05
1.6675756e-05
1.6059147e-05
1.5848281e-05
1.6121169e-05
1.6769246e-05
1.6451524e-05
1.635728e-05
2.0186471e-05
1.6054193e-05
1.6558455e-05
1.6140631e-05
0.00029393834
1.6311765e-05
1.6314888e-05
1.8201747e-05
1.6080253e-05
1.5875805e-05
1.6174465e-05
1.5840498e-05
1.6415815e-05
4.2069436e-05
0.00042157996
1.6524746e-05
1.5829632e-05
1.640003e-05
1.7127778e-05
0.0025303552
0.00089992328
1.6387816e-05
0.0034126784
1.6241931e-05
1.5849909e-05
1.6416615e-05
3.5561889e-05
1.634639e-05
1.6470957e-05
2.6446956e-05
1.6538816e-05
1.703185e-05
3.0825635e-05
1.5808602e-05
2.976348e-05
1.6507314e-05
0.00044079924
1.6400625e-05
2.914872e-05
1.5857727e-05
1.6344693e-05
1.6064171e-05
0.00078604057
1.6437135e-05
1.5828404e-05
1.6300288e-05
1.587836e-05
0.0024495434
1.6528771e-05
1.9431547e-05
1.5872226e-05
1.6980059e-05
1.6316722e-05
1.5959814e-05
1.6368976e-05
1.6453035e-05
1.6172326e-05
1.583716e-05
1.5841011e-05
1.5821855e-05
0.0045965045
1.6925905e-05
1.6415791e-05
1.5934107e-05
1.7601836e-05
0.0031456294
1.6548016e-05
1.6162397e-05
1.5940292e-05
1.5830219e-05
0.00016993829
1.6568656e-05
0.0055894454
1.6305193e-05
1.5593091e-05
1.6448117e-05
4.6622568e-05
1.5816742e-05
1.7090546e-05
1.6160941e-05
1.6058699e-05
1.6873732e-05
1.6210078e-05
1.5943148e-05
3.1163002e-05
1.6499842e-05
1.6453372e-05
1.7588911e-05
1.645907e-05
1.5980455e-05
1.6392476e-05
0.0053968321
1.6574148e-05
2.0524274e-05
1.6183434e-05
1.6363118e-05
1.5917541e-05
0.0020542826
0.0001128492
1.6528073e-05
1.6543803e-05
1.5854001e-05
6.3839143e-05
1.5865884e-05
1.5991892e-05
0.0020301688
2.0897883e-05
1.588749e-05
1.588206e-05
1.6984354e-05
1.6367943e-05
1.6357355e-05
1.6402387e-05
1.6271994e-05
1.6304983e-05
1.6161582e-05
1.6602988e-05
0.0006095541
1.6519221e-05
1.6546101e-05
1.5955158e-05
0.00060540496
1.6446034e-05
1.6463945e-05
0.0039335307
1.6460314e-05
1.6748882e-05
1.6366506e-05
1.6491859e-05
1.6512227e-05
0.012693819
1.6381115e-05
1.6586079e-05
1.582278e-05
0.00032126671
1.8017333e-05
1.6503219e-05
0.00044325345
1.6164522e-05
1.6445888e-05
1.5970484e-05
1.6292283e-05
1.631032e-05
0.0050802687
1.5836114e-05
1.6741358e-05
1.6404871e-05
1.6266245e-05
1.6202854e-05
1.6433453e-05
1.6193038e-05
2.9283693e-05
1.5861001e-05
1.6035176e-05
1.6310947e-05
1.6546301e-05
1.5983669e-05
1.6503136e-05
1.6334485e-05
1.6247632e-05
0.0003129571
1.5975742e-05
0.0080475125
1.6323953e-05
1.617597e-05
1.6120727e-05
1.9956344e-05
1.6382535e-05
1.7433286e-05
1.278755e-05
1.5897927e-05
1.5869827e-05
1.9742905e-05
0.0014667493
0.011254932
1.6274112e-05
1.6443921e-05
0.0070596867
1.6186226e-05
0.00088958837
1.6447667e-05
1.648298e-05
1.674007e-05
1.6465789e-05
1.679104e-05
1.5854653e-05
1.6464338e-05
1.5893975e-05
1.622509e-05
0.00057656435
1.6322112e-05
1.6538215e-05
1.6739109e-05
1.6511321e-05
1.6087388e-05
1.6389358e-05
1.7266824e-05
1.6498313e-05
1.6530223e-05
1.6496638e-05
0.0041700972
1.6270394e-05
1.6079496e-05
1.6546016e-05
1.6335466e-05
1.6418642e-05
1.6299039e-05
0.0030055545
1.624522e-05
0.0058863006
1.6338407e-05
1.6453293e-05
1.6700912e-05
1.7122883e-05
1.6454021e-05
1.6448434e-05
0.0010601319
0.012172973
1.6531388e-05
1.6375074e-05
1.6096287e-05
1.6434819e-05
1.6780381e-05
1.5847615e-05
1.5818436e-05
1.6428691e-05
0.00073719993
1.6556788e-05
0.0026009812
1.9959012e-05
0.0034223338
1.650724e-05
1.5823505e-05
1.6231332e-05
1.5855299e-05
1.6420194e-05
2.1280644e-05
1.6578333e-05
0.0018986078
1.6561487e-05
1.6982523e-05
1.5803912e-05
1.6564708e-05
1.607965e-05
1.5808595e-05
1.602954e-05
1.6203151e-05
0.0008662871
2.7859479e-05
1.655622e-05
0.0023865219
0.0042183552
0.00076808116
1.6481719e-05
1.6373626e-05
1.6481695e-05
1.5818189e-05
1.61826e-05
0.0020762694
0.0021799634
1.6298282e-05
1.6876846e-05
0.00019245242
1.600626e-05
1.6853886e-05
1.6243551e-05
1.6451835e-05
1.6926873e-05
1.6572316e-05
1.6012074e-05
1.5827566e-05
1.6501368e-05
1.6531846e-05
0.00010898141
1.5821151e-05
1.6386602e-05
1.9993161e-05
1.6122646e-05
1.7783748e-05
1.6387748e-05
1.6501884e-05
1.6120103e-05
1.6169534e-05
1.639647e-05
1.6227053e-05
1.5953697e-05
1.6461445e-05
1.6138369e-05
1.5966316e-05
1.5905912e-05
1.6528915e-05
1.6524241e-05
0.00097240159
1.6475182e-05
1.6403583e-05
1.6104211e-05
1.6465171e-05
1.6811685e-05
0.00029997311
1.6577125e-05
1.616967e-05
0.0018855734
0.00018406332
1.5932221e-05
1.5949493e-05
1.5895872e-05
0.00056143554
1.8152655e-05
0.0018445986
1.6629905e-05
1.6006789e-05
1.6299997e-05
0.00079089629
1.8466494e-05
1.6154286e-05
1.6422879e-05
1.6055372e-05
0.00031555486
1.6367614e-05
1.6426214e-05
1.5834493e-05
1.5818477e-05
1.6287984e-05
1.5898265e-05
1.66624e-05
1.6276275e-05
0.00067969378
1.6474528e-05
1.6439806e-05
1.6850756e-05
0.0013908275
1.5827829e-05
1.660174e-05
1.6366978e-05
1.6584074e-05
1.6565831e-05
1.6563526e-05
1.6320661e-05
1.6452304e-05
1.5849689e-05
1.6123534e-05
1.676999e-05
1.5796365e-05
1.6499764e-05
0.016880219
1.581218e-05
1.650066e-05
1.6523998e-05
1.6083548e-05
1.6070709e-05
1.6461542e-05
1.6462457e-05
1.6458297e-05
1.6243592e-05
1.6733422e-05
1.6274605e-05
1.7071056e-05
1.657302e-05
1.5945211e-05
1.609857e-05
1.6843482e-05
1.6133807e-05
1.677997e-05
1.6409233e-05
0.00015591806
1.6366624e-05
1.6369262e-05
1.6374081e-05
0.0031970697
0.00081003901
0.00014388315
1.6565483e-05
0.0051944378
1.5849234e-05
1.5857211e-05
1.5907212e-05
1.6481198e-05
1.5866217e-05
0.0037102428
0.0036941332
1.6443103e-05
1.5869088e-05
1.644746e-05
1.5920309e-05
1.6776901e-05
0.0003676647
1.5823492e-05
1.6360028e-05
1.6016282e-05
1.5879984e-05
1.6466944e-05
1.6534914e-05
2.7484007e-05
0.004293612
1.6213327e-05
1.5804886e-05
1.6288377e-05
0.0014482417
0.0028688381
2.2774302e-05
1.643777e-05
1.6492905e-05
1.5996648e-05
1.619013e-05
1.5901868e-05
1.6491467e-05
0.00044420436
1.587845e-05
1.6468354e-05
1.6283841e-05
1.5825646e-05
1.6235437e-05
1.6875543e-05
1.5835562e-05
1.5835706e-05
1.6481941e-05
3.2538803e-05
0.00017096745
1.6325978e-05
0.002819817
0.00091917917
1.5858397e-05
1.6500452e-05
1.6664862e-05
1.646316e-05
1.6448637e-05
0.0047531861
0.00083243203
1.6424294e-05
1.5945868e-05
1.6454838e-05
1.65695e-05
1.6567493e-05
1.5986565e-05
0.00046744119
1.5941628e-05
1.6398006e-05
1.6851715e-05
1.6221707e-05
1.6248186e-05
1.6103199e-05
1.6386965e-05
1.660218e-05
0.00093299017
1.5971384e-05
0.0011340952
1.6538999e-05
1.651946e-05
1.6585033e-05
1.6041289e-05
0.0015602551
1.6785764e-05
1.594157e-05
1.5864426e-05
1.5873541e-05
1.6062295e-05
1.6252094e-05
1.6166998e-05
1.5933721e-05
1.5822696e-05
1.6235613e-05
0.00024128285
1.6087304e-05
1.5851612e-05
1.6050974e-05
1.626924e-05
0.00056030816
1.5879143e-05
0.0020046379
0.0019635883
1.6172512e-05
1.6491449e-05
1.647379e-05
1.6653155e-05
1.6489195e-05
0.0018034016
0.0016467262
1.6539258e-05
1.6378696e-05
1.580353e-05
0.004046507
8.9108721e-05
1.6169767e-05
0.0018783338
0.0074436405
1.6452696e-05
1.6503935e-05
1.5835733e-05
0.0010704024
0.0029338449
1.6132356e-05
1.6165312e-05
0.0019844687
1.6403495e-05
1.6323293e-05
1.7084574e-05
1.6482586e-05
1.6327235e-05
1.593423e-05
0.00040514075
1.9473709e-05
1.6524827e-05
1.6544458e-05
1.6380326e-05
1.58593e-05
1.6557714e-05
1.6061893e-05
0.0013078808
1.6576812e-05
1.6280147e-05
1.646506e-05
1.7038767e-05
1.6495987e-05
1.5863555e-05
0.0017288768
1.6421071e-05
1.6173064e-05
6.4858383e-05
1.5954279e-05
1.6495726e-05
1.6219591e-05
1.5855656e-05
1.6503937e-05
1.6497017e-05
1.6532092e-05
0.017705514
0.00033886994
1.5830501e-05
1.6501833e-05
4.3498977e-05
8.7702974e-05
4.3098336e-05
1.6436045e-05
1.6477364e-05
2.710451e-05
1.6125828e-05
1.6618503e-05
2.0160327e-05
0.0037464602
1.6793303e-05
1.5991746e-05
1.636494e-05
1.6370948e-05
1.5904786e-05
1.5957211e-05
1.5952287e-05
0.0043743383
0.0034010487
1.6433588e-05
1.6046403e-05
0.00055009592
0.0011100799
1.6557197e-05
1.5829076e-05
1.8322841e-05
1.6268904e-05
1.5845963e-05
0.0012897096
2.0257959e-05
1.6446057e-05
1.651696e-05
1.6955319e-05
1.6396541e-05
0.0015156472
1.5837317e-05
1.5846309e-05
1.6522874e-05
1.6299342e-05
1.5950516e-05
1.650678e-05
1.5947643e-05
1.6203781e-05
1.6425529e-05
1.5809386e-05
1.5881688e-05
1.6345014e-05
1.6468552e-05
1.5849133e-05
1.672192e-05
1.6094364e-05
1.6436077e-05
1.6522694e-05
4.0878949e-05
1.5622344e-05
4.3106724e-05
1.6592678e-05
0.0011736084
1.6415872e-05
0.00024194245
1.6803295e-05
1.6859813e-05
1.6770256e-05
0.0007201003
0.00048421564
0.0060585678
1.6464469e-05
2.3206201e-05
1.6463912e-05
1.6254601e-05
0.010465032
0.00069959728
1.636809e-05
1.6555874e-05
1.6706144e-05
1.6306645e-05
1.6390495e-05
0.0030486561
1.6398079e-05
1.8016202e-05
1.6428137e-05
1.6392425e-05
0.0018957331
0.011009323
1.6446824e-05
0.00020326407
1.6522898e-05
1.6540357e-05
1.6146881e-05
1.6241604e-05
1.591548e-05
1.6395656e-05
1.6371121e-05
1.5998402e-05
0.0058678714
1.6312415e-05
1.6417836e-05
1.6403034e-05
1.6042799e-05
1.6397804e-05
1.6320669e-05
1.5880014e-05
1.6266104e-05
1.5935531e-05
1.6530443e-05
1.6401483e-05
1.6539161e-05
1.6649596e-05
1.6660191e-05
0.0020370131
1.6500147e-05
1.6446111e-05
1.6598445e-05
2.3758219e-05
1.6012207e-05
1.6406068e-05
1.6456505e-05
1.6205053e-05
1.589884e-05
1.6469264e-05
1.6410162e-05
1.6388647e-05
1.5967153e-05
0.0040500833
1.6413011e-05
1.9686225e-05
0.00071879775
1.6363729e-05
1.6423797e-05
1.6497034e-05
0.00062408667
1.699263e-05
0.00076390387
1.6413837e-05
1.6369974e-05
5.6595959e-05
1.5874962e-05
0.0023914864
1.628864e-05
1.6416823e-05
1.6454139e-05
0.00091340174
1.6202621e-05
1.6505061e-05
1.6420403e-05
1.6937545e-05
0.00071125337
1.6445183e-05
0.015055003
1.600035e-05
1.6376818e-05
1.6408263e-05
0.0035595333
1.585518e-05
1.6424432e-05
0.00059880589
1.6462403e-05
1.7007845e-05
1.6616562e-05
1.6428292e-05
1.6494173e-05
1.6493326e-05
0.001054812
1.6416133e-05
1.6219426e-05
1.6178452e-05
1.6421338e-05
1.6069614e-05
1.6180267e-05
1.6432396e-05
7.8608607e-05
1.5884259e-05
1.6068278e-05
1.6062443e-05
0.010657791
1.6439144e-05
1.5834685e-05
1.6483589e-05
0.0021156013
1.6316583e-05
1.6618943e-05
0.0025135216
1.6443619e-05
1.6406843e-05
1.6348312e-05
0.0040643417
1.5865952e-05
0.0059124794
1.5827359e-05
1.6442353e-05
1.6219814e-05
0.016349119
1.6342909e-05
1.6484469e-05
1.5849642e-05
1.6394802e-05
1.6368184e-05
0.001376605
1.7091651e-05
1.6446754e-05
0.00039319322
1.8371007e-05
1.8490517e-05
2.009132e-05
1.6172768e-05
2.1665967e-05
0.0044277519
1.8576162e-05
1.6452949e-05
1.6984669e-05
1.6194944e-05
1.6538121e-05
1.6553968e-05
0.0044188437
1.6970406e-05
1.5689755e-05
0.00024329369
1.589449e-05
1.6454605e-05
1.6752081e-05
1.6666982e-05
1.6456783e-05
1.646203e-05
1.6011656e-05
1.9510956e-05
1.6311287e-05
1.62134e-05
1.6539684e-05
1.5992347e-05
1.646276e-05
1.6522166e-05
1.586712e-05
1.6424005e-05
1.5825401e-05
1.650576e-05
1.6232172e-05
0.0017197466
1.6463579e-05
0.0001090579
5.5415696e-05
1.6464864e-05
1.5824674e-05
1.6374645e-05
1.6523642e-05
3.9362697e-05
1.6414233e-05
0.005012466
1.6391587e-05
0.00019331723
1.6677422e-05
1.6467596e-05
0.00064908321
1.6472097e-05
1.6698291e-05
1.5957402e-05
1.651687e-05
1.6468691e-05
0.0008324371
1.635608e-05
1.6350962e-05
1.6441749e-05
1.6372102e-05
1.6472123e-05
1.5828698e-05
0.005408705
2.3019461e-05
0.00089524908
1.6495531e-05
1.6480135e-05
1.6265666e-05
1.597615e-05
0.00031480301
1.6385211e-05
1.6384973e-05
1.5812561e-05
1.6473014e-05
1.6533696e-05
1.5938224e-05
1.8170093e-05
1.585448e-05
0.0029673149
1.5851203e-05
1.6473322e-05
1.584811e-05
1.5915393e-05
0.00074401271
2.1287723e-05
2.1282752e-05
1.6007843e-05
1.6232694e-05
1.6043851e-05
1.6214656e-05
2.1990284e-05
1.6556283e-05
1.6554909e-05
1.6474645e-05
1.6429366e-05
1.6521651e-05
0.0032279651
1.6491575e-05
1.5865702e-05
1.5579199e-05
0.00070916856
1.6549016e-05
1.6450644e-05
1.6473242e-05
1.6511679e-05
1.647255e-05
0.0042631891
1.7211588e-05
1.6384337e-05
1.6555322e-05
1.6545961e-05
0.0019105316
1.58297e-05
0.0021686021
0.00013557099
1.6472596e-05
8.6728625e-05
1.64706e-05
1.6464429e-05
1.7106063e-05
1.6198706e-05
1.586332e-05
1.5792023e-05
1.6469289e-05
0.0050669218
1.681251e-05
1.642351e-05
1.6470461e-05
1.6462926e-05
1.6465298e-05
0.0021587482
1.6461551e-05
1.5945991e-05
1.6469685e-05
1.6460403e-05
1.5860475e-05
1.762036e-05
1.769498e-05
0.0005326676
1.8322599e-05
3.7735508e-05
1.6458691e-05
1.6241576e-05
1.6522185e-05
0.0023603029
1.6323029e-05
0.0003160687
0.0010159159
1.6429194e-05
1.6467985e-05
1.590868e-05
0.00060553086
1.645052e-05
1.6559701e-05
2.3155618e-05
1.582556e-05
1.6849179e-05
1.6467466e-05
1.5786977e-05
1.6472631e-05
1.8206845e-05
1.6124374e-05
0.0002120103
1.5922981e-05
1.5927563e-05
1.6672639e-05
1.6445562e-05
1.6556087e-05
0.003551166
0.00033947286
1.5987042e-05
4.1237362e-05
1.6466135e-05
1.6035787e-05
1.6417375e-05
1.6151457e-05
1.5965578e-05
1.6031764e-05
1.6411456e-05
1.6464668e-05
1.6860669e-05
1.640785e-05
1.6702103e-05
1.626594e-05
1.6248671e-05
1.6491482e-05
1.6185067e-05
1.6464669e-05
1.6601167e-05
1.644478e-05
1.5911571e-05
1.6722211e-05
1.6604074e-05
1.6955268e-05
0.0019314664
1.6443074e-05
2.1836431e-05
1.6455134e-05
1.6096037e-05
0.00074176179
1.6463476e-05
1.6405054e-05
1.6285561e-05
1.6847738e-05
1.6423652e-05
1.8713205e-05
0.010168013
1.5834179e-05
0.0019372935
1.6688481e-05
1.6461892e-05
2.5359116e-05
1.6092185e-05
1.6105661e-05
1.6465247e-05
2.1257263e-05
1.5862662e-05
2.5936422e-05
1.6351188e-05
1.6459723e-05
1.584333e-05
1.6104787e-05
0.011125737
1.584961e-05
0.00071517919
1.6458459e-05
1.5868948e-05
1.6410877e-05
1.6528269e-05
1.6760713e-05
1.6503362e-05
0.0039758982
2.0144208e-05
1.648277e-05
1.5999975e-05
1.5941904e-05
1.6420312e-05
1.595694e-05
1.6456038e-05
1.6467833e-05
1.6434785e-05
3.4533161e-05
1.6753237e-05
0.00049974976
1.6408923e-05
0.0028380795
1.645416e-05
1.6873759e-05
1.6436187e-05
1.5909583e-05
1.6439182e-05
1.6450257e-05
1.5843947e-05
1.5828315e-05
0.00016286812
1.5820564e-05
1.590179e-05
1.641806e-05
1.6070559e-05
1.6408698e-05
1.8610864e-05
1.6168013e-05
1.6499872e-05
1.6449192e-05
1.6535465e-05
4.5289366e-05
1.6014524e-05
0.0012522508
6.6656176e-05
1.6446508e-05
1.5804581e-05
1.5802069e-05
0.015751407
1.6611337e-05
1.6388852e-05
1.5812355e-05
1.8024874e-05
1.6109172e-05
1.6012032e-05
1.5859709e-05
1.5937453e-05
1.7303679e-05
1.5818476e-05
1.6860919e-05
1.6444748e-05
1.8488119e-05
1.6087527e-05
3.9488873e-05
1.5857154e-05
1.6187019e-05
2.434267e-05
1.6208017e-05
0.000554037
0.0048186819
1.6378913e-05
0.00057228854
1.6531319e-05
1.6546531e-05
1.6528794e-05
1.6360428e-05
1.5984157e-05
0.00061364158
0.00011280792
1.6811466e-05
1.6443696e-05
2.373186e-05
0.00047448528
1.6692836e-05
0.0011676603
1.592411e-05
1.6477128e-05
1.6375822e-05
1.5792541e-05
1.64509e-05
1.6840992e-05
6.3197188e-05
1.6190391e-05
1.6110953e-05
1.6478131e-05
1.6387283e-05
1.5921609e-05
1.8657147e-05
1.6474233e-05
1.6442209e-05
1.5832815e-05
0.00011382011
1.5863992e-05
1.6473586e-05
1.5835475e-05
1.6035196e-05
1.6065851e-05
0.00073605961
0.0043368197
1.647231e-05
1.6402056e-05
0.00074766449
1.6440502e-05
1.6469702e-05
1.6414e-05
1.6025452e-05
2.9748775e-05
1.6436173e-05
1.6469455e-05
0.0021677773
1.7343683e-05
1.6468253e-05
1.6439428e-05
1.6156509e-05
0.0037139199
1.6499375e-05
1.7408353e-05
1.6468087e-05
1.6532707e-05
2.4203457e-05
1.6439271e-05
1.584802e-05
1.6426136e-05
1.6114829e-05
1.6465769e-05
1.6496161e-05
1.5850537e-05
3.732821e-05
0.010966811
1.6465341e-05
0.00075660885
1.5921477e-05
1.5876322e-05
1.5871787e-05
0.00058398511
1.5947823e-05
1.6497144e-05
1.6480338e-05
1.6464557e-05
1.5850068e-05
1.6467293e-05
1.6434844e-05
1.6463078e-05
0.0050291101
1.6544584e-05
1.5854955e-05
1.6371676e-05
1.676606e-05
1.5905659e-05
1.4769685e-05
1.5960186e-05
2.5850421e-05
1.6008228e-05
1.6548291e-05
1.6638344e-05
1.6370661e-05
1.6083018e-05
0.0018462134
1.6043859e-05
1.6433631e-05
1.5810799e-05
1.5987796e-05
1.6597533e-05
1.6498752e-05
0.0021421652
1.6378105e-05
0.010306161
1.5923872e-05
1.6540329e-05
1.6013393e-05
1.6433702e-05
1.6698309e-05
0.00064472767
2.2023797e-05
1.638934e-05
1.6549932e-05
1.58764e-05
1.5820153e-05
1.6153351e-05
5.1210144e-05
1.6078002e-05
1.6420658e-05
1.5786672e-05
1.6377152e-05
1.6431763e-05
1.6060443e-05
1.6542296e-05
1.6125782e-05
1.596347e-05
1.6441761e-05
1.6211043e-05
1.6307582e-05
2.0091765e-05
0.0018674963
1.7582776e-05
1.6428503e-05
1.6851846e-05
1.5839778e-05
1.6207694e-05
1.6519158e-05
1.9569572e-05
1.6454103e-05
1.6427572e-05
1.5890409e-05
1.6613868e-05
1.5785758e-05
0.0013968592
0.017055156
1.5883705e-05
0.0020016315
1.6506399e-05
0.0020230073
1.6888153e-05
0.00076104211
0.0020235023
1.6500044e-05
1.6074397e-05
1.6033716e-05
1.6471806e-05
1.6424827e-05
3.6588143e-05
0.00015057333
2.6472907e-05
0.0002333631
1.6515557e-05
1.5816348e-05
1.608619e-05
4.7474964e-05
2.0756696e-05
0.0040562131
1.5825896e-05
1.6421915e-05
0.0055701244
1.6380012e-05
0.0010338888
1.6310666e-05
1.6548635e-05
1.6548137e-05
0.00059480402
1.6410952e-05
1.613924e-05
1.5948942e-05
1.6520729e-05
1.5891758e-05
0.0020945323
1.5923325e-05
1.6415726e-05
1.6387675e-05
0.0056685313
1.6422747e-05
1.6381725e-05
0.0044839961
1.6533463e-05
1.6051775e-05
1.6376636e-05
1.6554046e-05
0.00042502915
1.6149057e-05
1.5985874e-05
1.6468892e-05
1.6630277e-05
1.6394132e-05
1.6346146e-05
1.9297104e-05
1.5904782e-05
1.641542e-05
1.6151318e-05
3.5252108e-05
1.6389453e-05
1.6115774e-05
0.00015699405
2.8774318e-05
6.3398569e-05
0.00059544986
1.6411532e-05
1.6538022e-05
1.6387377e-05
2.9370163e-05
2.9278776e-05
0.00025469861
1.5873447e-05
0.0032494688
1.6571425e-05
4.1970338e-05
1.6581204e-05
1.7931612e-05
1.6539485e-05
1.6471779e-05
0.0008949424
0.00087271487
0.00072232405
1.6414125e-05
0.0030961661
1.6423703e-05
0.00036276566
1.648986e-05
1.78714e-05
1.5791463e-05
1.5834815e-05
1.6426525e-05
1.6126633e-05
1.645492e-05
1.7337427e-05
1.6496655e-05
0.0085974457
1.6553052e-05
1.629405e-05
1.639913e-05
1.6368776e-05
1.6052053e-05
0.0052421131
1.6828352e-05
1.6936294e-05
1.6410008e-05
1.5956964e-05
1.6046145e-05
1.656624e-05
1.5852715e-05
1.5817967e-05
1.6155214e-05
0.0030891993
0.0014550496
1.6485138e-05
0.0020066769
1.6479725e-05
1.6475761e-05
0.0030490054
1.6039023e-05
1.5800068e-05
0.00038845839
1.7400156e-05
1.6473831e-05
0.0012558084
1.6384755e-05
1.6498176e-05
1.6404444e-05
1.5904652e-05
1.3365898e-05
1.6503318e-05
1.6845535e-05
5.027632e-05
1.6586816e-05
0.0014527595
1.6422718e-05
0.00073244175
1.6421957e-05
1.5835232e-05
1.6284319e-05
1.5934163e-05
0.00010967167
1.6555232e-05
1.6392139e-05
3.8583429e-05
1.6063496e-05
1.640352e-05
1.640254e-05
1.5825619e-05
1.5986468e-05
0.0057665604
0.0010345954
0.00062911047
1.58021e-05
1.8416077e-05
0.003943848
1.745187e-05
1.6477625e-05
1.6207486e-05
1.5843674e-05
1.6367823e-05
1.5855043e-05
0.00074868957
1.685663e-05
1.6206533e-05
1.5822839e-05
1.6205966e-05
1.5868488e-05
3.4592788e-05
1.5890896e-05
1.7993606e-05
1.6540629e-05
1.6175784e-05
1.6399132e-05
1.6550502e-05
1.6378226e-05
1.5820877e-05
0.012435341
1.6578788e-05
1.6811258e-05
1.6831567e-05
1.5855357e-05
0.00023267534
1.6539329e-05
1.6555445e-05
1.6774133e-05
1.5846422e-05
1.5833928e-05
1.6630887e-05
0.00074028989
1.6564142e-05
1.6037465e-05
1.6403403e-05
0.0027413344
1.6396527e-05
1.6479418e-05
1.6457527e-05
1.5903231e-05
0.0011757385
1.65426e-05
1.6815835e-05
0.0002345103
0.017157175
1.6503062e-05
1.6765027e-05
1.8698351e-05
1.613042e-05
1.5851038e-05
1.6452652e-05
1.7148995e-05
1.642946e-05
1.6246888e-05
0.00076995809
1.6488767e-05
1.5802814e-05
1.6720136e-05
1.6071451e-05
1.5948091e-05
1.639166e-05
0.0031270513
1.6443544e-05
1.649144e-05
0.0020510912
1.6474341e-05
1.5806212e-05
0.015933808
1.6236863e-05
1.5936075e-05
1.6006728e-05
1.6666411e-05
0.0039593039
1.6436328e-05
1.6367047e-05
5.695521e-05
1.5989584e-05
1.6524691e-05
1.5822509e-05
1.6025185e-05
1.7655462e-05
1.6360937e-05
1.6018463e-05
1.5897125e-05
1.6398585e-05
1.6502915e-05
0.001342686
1.641623e-05
0.017869251
1.6497361e-05
1.6384743e-05
0.00031196099
1.646985e-05
1.6439216e-05
0.001083807
1.6523876e-05
1.6816887e-05
1.684173e-05
1.5876864e-05
1.586037e-05
0.0020177858
1.6518124e-05
1.5813338e-05
1.6197758e-05
1.6488873e-05
1.6495621e-05
1.6755348e-05
1.5795043e-05
1.6496103e-05
1.6376653e-05
1.5825905e-05
1.5839489e-05
0.0020152651
1.5863105e-05
0.016818902
2.2144762e-05
0.0021164065
1.7684414e-05
1.693363e-05
1.6219247e-05
1.5912675e-05
1.5904175e-05
1.6502899e-05
1.6471993e-05
1.6557686e-05
1.5802893e-05
0.00016466541
0.00010167719
1.6367712e-05
1.5896076e-05
1.6629549e-05
1.5866072e-05
1.6523272e-05
1.6127863e-05
1.6382071e-05
1.657856e-05
1.65637e-05
1.6209235e-05
1.6555094e-05
1.6407481e-05
1.6385495e-05
1.6381671e-05
1.5820059e-05
0.00081999602
1.6399349e-05
0.00048575264
9.7378573e-05
1.6396723e-05
1.6515942e-05
1.6354818e-05
1.6402082e-05
1.5900483e-05
1.6401146e-05
0.00035056528
1.6793087e-05
1.682188e-05
1.6377201e-05
3.6546189e-05
1.6135645e-05
1.5958416e-05
1.6514104e-05
1.6917946e-05
0.0004148321
1.5988594e-05
1.6608308e-05
1.7559713e-05
1.7043837e-05
1.581542e-05
1.6465711e-05
1.5828778e-05
1.6567645e-05
1.6461289e-05
0.0028539035
0.0021323006
1.5915726e-05
8.0983225e-05
1.6435088e-05
1.8261627e-05
1.6080199e-05
1.6372156e-05
1.6362413e-05
0.0010763295
1.6300259e-05
1.6448866e-05
1.6441535e-05
1.6367925e-05
1.6365818e-05
1.6364073e-05
1.8150563e-05
1.5831513e-05
1.5854687e-05
1.5900832e-05
1.9504946e-05
0.00026461637
0.0017968491
0.00095713061
0.00088087333
1.6379092e-05
1.6477628e-05
1.6482225e-05
1.8663009e-05
0.0040413442
1.6158806e-05
0.00014196003
0.0037831843
1.6499862e-05
1.6496192e-05
1.8625303e-05
1.640135e-05
2.1430576e-05
0.0079188637
1.6548852e-05
1.6240844e-05
1.6199796e-05
1.6358645e-05
1.6378558e-05
1.6368769e-05
1.6091698e-05
0.0017802567
0.0012723679
1.6542503e-05
1.6887765e-05
1.6451304e-05
1.6543617e-05
1.5952934e-05
1.640108e-05
0.0064583336
1.6406659e-05
1.6546884e-05
1.638282e-05
1.6366168e-05
5.0120071e-05
1.6640143e-05
0.003062004
1.6077379e-05
1.6814378e-05
4.1722492e-05
1.6845232e-05
1.5950283e-05
1.655987e-05
1.5918564e-05
1.6543035e-05
1.6365618e-05
1.6513389e-05
1.6545068e-05
1.636356e-05
1.898698e-05
1.6491673e-05
1.6513106e-05
1.5847871e-05
1.6557644e-05
1.5868227e-05
1.6403865e-05
1.6602686e-05
1.61358e-05
1.6405838e-05
0.0001047061
1.5905808e-05
1.6384104e-05
1.605471e-05
0.0011029597
0.0010876551
1.655595e-05
1.6538819e-05
3.5121788e-05
1.6588127e-05
0.00064635324
1.6543724e-05
1.6241817e-05
1.6500028e-05
1.6477862e-05
1.5853281e-05
1.5861616e-05
1.579201e-05
1.65389e-05
1.6097344e-05
2.0297026e-05
1.6225392e-05
1.5850411e-05
1.6539225e-05
0.0072133022
0.0063272819
9.4705804e-05
0.00016191117
0.002243712
1.6113825e-05
0.0016208355
1.6357469e-05
1.6537819e-05
1.3572842e-05
1.6721113e-05
1.6922762e-05
0.00012252922
1.5882278e-05
1.6541721e-05
1.6543538e-05
1.6432921e-05
1.717467e-05
1.786247e-05
0.00017338144
1.636096e-05
1.6507259e-05
0.0096703445
1.6505241e-05
1.5834745e-05
1.8589594e-05
1.6912321e-05
1.6494156e-05
1.6418967e-05
0.0002306794
1.5821891e-05
8.2405559e-05
1.5840321e-05
1.5832831e-05
1.6380119e-05
1.6538292e-05
1.5879471e-05
1.5819572e-05
1.6295563e-05
1.6475169e-05
1.6207926e-05
1.6539106e-05
1.6356551e-05
1.643117e-05
1.6477373e-05
1.6362188e-05
0.001523859
1.5850352e-05
1.6399518e-05
1.6422398e-05
2.3181177e-05
1.6679732e-05
5.2603432e-05
1.6489011e-05
1.6537632e-05
1.5915826e-05
1.5895791e-05
1.6876418e-05
1.6860197e-05
1.6860101e-05
1.6423558e-05
1.6316614e-05
1.5858776e-05
1.5982336e-05
1.7269482e-05
1.6553131e-05
1.6503252e-05
1.8035131e-05
1.6512355e-05
0.000605311
1.6091261e-05
1.6441181e-05
1.6458553e-05
1.6356236e-05
1.6312107e-05
1.6532523e-05
1.6462149e-05
1.6362518e-05
1.6937752e-05
1.8105651e-05
1.5814789e-05
1.7400157e-05
1.6001952e-05
1.6099378e-05
1.5960505e-05
0.0013480308
1.596989e-05
1.7630388e-05
0.0002512293
0.0021013331
1.6163234e-05
1.6238604e-05
1.6632264e-05
1.6474568e-05
2.3654731e-05
1.5841302e-05
1.6529583e-05
1.934655e-05
1.6742236e-05
1.6172049e-05
3.629759e-05
1.5836725e-05
1.6265526e-05
1.6231374e-05
1.6039507e-05
0.017221213
1.6514331e-05
1.6942011e-05
1.7755663e-05
0.00048844683
3.1932229e-05
4.2150017e-05
1.6541404e-05
2.0763438e-05
1.6409288e-05
1.6502664e-05
1.6462554e-05
1.6354708e-05
0.00048893494
0.0047744975
1.6869827e-05
1.7009569e-05
1.6360154e-05
1.6054869e-05
1.5814817e-05
1.681838e-05
1.6240961e-05
1.6046015e-05
1.6101571e-05
1.6387041e-05
1.582561e-05
1.6360513e-05
1.6075518e-05
1.9105723e-05
1.6534604e-05
1.6278774e-05
1.6539074e-05
0.0020956732
0.0053799312
1.6421601e-05
5.6924871e-05
1.6458013e-05
1.6430829e-05
0.0025235702
2.0025604e-05
1.6477283e-05
0.00054070386
1.6568517e-05
1.6891591e-05
1.6644243e-05
1.5946608e-05
1.6168999e-05
1.6761421e-05
0.00013597927
1.6166137e-05
1.5916391e-05
5.5850342e-05
0.00025686668
1.5811911e-05
1.6374699e-05
1.6828844e-05
1.5791166e-05
1.641534e-05
1.6348975e-05
1.6537937e-05
1.6212659e-05
1.6451156e-05
1.5808227e-05
1.5958866e-05
1.6575519e-05
1.6137234e-05
1.6536982e-05
0.00046386676
1.5901734e-05
1.6535953e-05
1.6520941e-05
1.5819559e-05
4.9365575e-05
1.9801528e-05
1.6702938e-05
1.7149654e-05
1.67232e-05
1.6522401e-05
1.6400183e-05
1.6246268e-05
1.628064e-05
2.5966785e-05
1.5845579e-05
1.6250115e-05
1.5909922e-05
1.6863258e-05
1.6821596e-05
0.0001353424
1.6870662e-05
1.655931e-05
1.6534832e-05
1.6427671e-05
1.640755e-05
1.6150367e-05
1.6438188e-05
1.5974012e-05
1.7225384e-05
1.5916475e-05
1.5826589e-05
1.6540551e-05
1.6492298e-05
0.0014758643
0.00058836562
1.6347712e-05
1.6064513e-05
1.6511616e-05
1.6435972e-05
1.6534423e-05
1.5861388e-05
1.6682716e-05
1.5835908e-05
0.0024412481
1.6534077e-05
1.6659244e-05
1.6382057e-05
0.00098883811
1.5940319e-05
1.5896473e-05
1.8848453e-05
1.597395e-05
1.6735183e-05
7.3344317e-05
1.6443153e-05
1.5998104e-05
1.9037487e-05
1.6436215e-05
1.6820178e-05
1.6533872e-05
1.5845155e-05
1.6399203e-05
1.6510696e-05
1.64826e-05
1.5844284e-05
1.9786317e-05
2.5916785e-05
0.0018285316
1.6115718e-05
0.00028843844
1.7116829e-05
0.00018417029
1.6425593e-05
2.7993329e-05
1.6275623e-05
0.0028367273
1.274024e-05
1.656224e-05
5.4092813e-05
8.8897557e-05
1.602698e-05
1.5975133e-05
0.015900824
0.015578684
1.6413321e-05
0.0042939613
0.0015389207
1.6345258e-05
0.00035199378
1.8931494e-05
0.00066353715
0.00010288645
1.6505876e-05
1.6438618e-05
1.6533611e-05
1.6529303e-05
1.9296215e-05
1.9353538e-05
1.6046973e-05
7.5669319e-05
1.6392718e-05
1.4829785e-05
1.608224e-05
2.0041022e-05
6.2656605e-05
2.7384117e-05
0.00015646133
2.0946929e-05
2.5472089e-05
3.0812946e-05
1.6437391e-05
1.6442095e-05
2.2004787e-05
5.3018836e-05
9.2571151e-05
4.5463515e-05
1.6403203e-05
1.5818163e-05
2.2797456e-05
2.3491193e-05
3.9121487e-05
1.6418671e-05
2.799029e-05
3.4487411e-05
1.6009389e-05
1.6447798e-05
0.0030163108
1.665591e-05
1.6792437e-05
1.6153272e-05
1.7029888e-05
7.385335e-05
1.6380997e-05
1.6455207e-05
1.5874741e-05
2.1446988e-05
0.0008001108
1.6935109e-05
0.00012300719
1.6488919e-05
1.5808742e-05
1.6176657e-05
0.0092264564
1.6281469e-05
1.6342078e-05
1.6648337e-05
1.6512944e-05
1.6516985e-05
1.6279686e-05
1.5829583e-05
1.6821012e-05
1.9730417e-05
5.1486969e-05
0.00058976939
1.8136189e-05
1.6497948e-05
0.00011023274
1.5813816e-05
1.6162947e-05
1.6427872e-05
2.9750154e-05
0.0013695749
1.5853806e-05
1.9839456e-05
0.00017018336
1.6321151e-05
1.9508111e-05
1.6402457e-05
2.2027532e-05
2.1390546e-05
1.6570515e-05
1.6502047e-05
0.0014016804
1.6510017e-05
0.00047426424
1.6221015e-05
9.6568031e-05
1.5790294e-05
0.00083332199
1.6365472e-05
1.6376744e-05
1.6062058e-05
2.0039035e-05
0.00021326999
0.0011305045
0.00090548039
0.0021807467
0.0009357519
0.0022003883
1.6776161e-05
1.5828071e-05
1.7035137e-05
1.6523135e-05
1.6676903e-05
0.00093868477
1.6204116e-05
1.7676518e-05
1.6358057e-05
1.6296023e-05
0.00010232887
1.6947571e-05
1.5912886e-05
0.00042842357
0.0029101209
0.0015623636
1.5847017e-05
1.6527776e-05
1.639996e-05
3.6215109e-05
0.00018420992
1.6232154e-05
1.597069e-05
0.0025604066
0.0030279026
1.6503054e-05
0.00098277805
1.5851449e-05
1.6071843e-05
0.002863272
1.6998912e-05
2.1150737e-05
0.0014116387
1.6039871e-05
1.6240511e-05
1.584183e-05
0.014794329
1.6363923e-05
1.6791257e-05
1.6323831e-05
0.00090296534
0.010791993
1.6402654e-05
1.5994338e-05
1.6327277e-05
6.609672e-05
6.4087274e-05
1.6467895e-05
1.6254651e-05
1.6442777e-05
0.0022266127
1.6503133e-05
0.00078331985
1.6607568e-05
1.6572563e-05
1.6409553e-05
9.3888497e-06
1.6540976e-05
1.6569917e-05
1.6496284e-05
1.6589296e-05
1.6435681e-05
6.3442235e-05
1.6499941e-05
1.6438984e-05
5.7794837e-05
8.628764e-05
1.591627e-05
1.65661e-05
1.6594091e-05
1.6180145e-05
1.5871085e-05
1.5998372e-05
2.4328322e-05
1.6507248e-05
1.6382857e-05
1.7246413e-05
0.0042702611
1.6813019e-05
2.5500606e-05
1.6380007e-05
1.5923188e-05
1.5801883e-05
1.653903e-05
0.00021280456
1.6586644e-05
1.6106505e-05
0.016366461
1.6469403e-05
1.6935835e-05
1.5850368e-05
1.7072284e-05
0.0083941392
1.6170668e-05
1.675272e-05
1.6681684e-05
1.5846602e-05
1.6373267e-05
1.6896499e-05
1.364574e-05
0.00040004869
0.00078049936
1.6856224e-05
1.6880754e-05
1.6837506e-05
4.5342344e-05
0.0014076922
1.6035404e-05
1.6536012e-05
1.6209871e-05
1.6636094e-05
1.6295031e-05
2.0712792e-05
2.3125575e-05
1.7310944e-05
0.0041075775
0.00076411693
1.5878927e-05
1.9068036e-05
1.6329778e-05
1.5824832e-05
1.6446936e-05
4.5275217e-05
1.8781954e-05
1.6505891e-05
1.639987e-05
1.6531285e-05
1.6478767e-05
1.6060558e-05
0.00089522421
0.00030767994
1.6558832e-05
1.650681e-05
1.7163157e-05
1.6691296e-05
1.695307e-05
1.6984399e-05
1.6492867e-05
0.0026814255
1.6499465e-05
1.6541865e-05
1.5841704e-05
1.5824646e-05
0.00038691445
1.6528001e-05
1.6148458e-05
2.6625758e-05
1.5816878e-05
1.6442455e-05
0.00025056569
1.5852099e-05
1.5845893e-05
1.6316252e-05
1.5810605e-05
1.6164662e-05
1.6121246e-05
1.5806772e-05
1.6364084e-05
1.6168137e-05
0.0030107047
1.6450763e-05
0.0016977539
2.2534448e-05
1.5952391e-05
1.5818862e-05
1.6368613e-05
1.6693437e-05
1.5883091e-05
1.6411451e-05
2.8786109e-05
0.00020345265
1.6491442e-05
0.0015056277
0.00014827032
1.6060564e-05
1.6527932e-05
1.6103235e-05
3.1399477e-05
0.00039022347
0.00010103382
1.6447641e-05
2.7135054e-05
0.014126118
1.9102641e-05
0.00080139267
1.6862557e-05
1.5939336e-05
0.0088133543
1.5838674e-05
1.6076938e-05
1.726272e-05
1.6414709e-05
1.5810271e-05
1.5855759e-05
0.010980391
1.6146969e-05
0.0019629657
1.6238991e-05
1.6325714e-05
1.3926668e-05
1.659031e-05
1.589074e-05
1.8112351e-05
1.5924219e-05
1.6631529e-05
1.5844672e-05
0.011952821
2.7006825e-05
0.0027625934
1.6514519e-05
1.6224809e-05
0.00022178114
1.6539549e-05
0.00055592514
1.3828552e-05
1.6301298e-05
1.426588e-05
0.00036693811
1.5835724e-05
1.6475533e-05
1.5821256e-05
1.6495333e-05
0.0001109687
0.0030774756
1.6577155e-05
1.5986623e-05
2.5796124e-05
1.7253922e-05
1.8069077e-05
1.6624937e-05
1.6557738e-05
1.5789353e-05
1.6506215e-05
1.6253784e-05
7.9314573e-05
1.5847242e-05
2.1785291e-05
1.7182172e-05
1.5880769e-05
1.5977699e-05
1.5955104e-05
1.6380126e-05
1.5832572e-05
0.0042736521
1.6522748e-05
1.9042281e-05
2.2470105e-05
1.6508306e-05
3.1896604e-05
1.9586814e-05
1.6423412e-05
1.5878653e-05
1.6493211e-05
1.6449137e-05
1.6188972e-05
1.6459203e-05
1.6398962e-05
0.0030517693
0.00083194879
1.7121113e-05
0.00048664236
1.8868431e-05
1.6446239e-05
1.5840178e-05
1.662797e-05
1.636786e-05
0.003599172
1.6004806e-05
1.6148216e-05
1.5875202e-05
8.5871387e-05
1.5909851e-05
0.017101387
1.5988395e-05
1.6934291e-05
1.6409811e-05
1.7989803e-05
1.6271484e-05
1.6776891e-05
1.6919698e-05
0.0018509342
1.6142012e-05
2.6889149e-05
1.6712939e-05
1.6360275e-05
3.7425863e-05
1.6566849e-05
1.7823286e-05
1.6474327e-05
1.6429247e-05
0.0021374777
1.6230884e-05
0.012154381
1.599923e-05
1.6262997e-05
1.6489732e-05
0.0018479415
0.00029233714
0.00026487501
1.5953968e-05
1.6447744e-05
1.6350595e-05
1.6387046e-05
1.6443617e-05
1.6200665e-05
1.6030505e-05
0.001864827
0.0007029976
1.6312968e-05
0.0028502823
1.6090235e-05
1.5819416e-05
2.0999609e-05
1.6852795e-05
0.0030333935
1.6599251e-05
1.6815704e-05
1.6577793e-05
1.6891086e-05
0.00022674856
1.8551478e-05
1.7061774e-05
1.8027404e-05
1.5964314e-05
1.5883149e-05
1.5964813e-05
1.5871915e-05
1.6586728e-05
0.0043361409
1.9042862e-05
1.6877376e-05
1.6366038e-05
1.6408483e-05
1.6483999e-05
3.5171838e-05
0.0003100499
1.6595483e-05
1.6156985e-05
1.6481421e-05
1.5829015e-05
0.0015519416
1.5803902e-05
1.7117287e-05
0.0040253086
1.5860833e-05
1.6637928e-05
0.0016788877
1.6444679e-05
0.0001880467
1.59061e-05
1.6411747e-05
1.9514985e-05
1.6292297e-05
1.6539994e-05
1.8225257e-05
1.6364868e-05
1.5950349e-05
1.6304326e-05
1.6457827e-05
1.645534e-05
1.6328729e-05
1.6720114e-05
2.359492e-05
1.6480236e-05
1.6430269e-05
0.00024564911
0.0009389313
0.00028131695
1.6504917e-05
0.0013350258
1.7198827e-05
1.6513527e-05
1.6411362e-05
1.6638464e-05
1.6371306e-05
1.6625626e-05
1.5858188e-05
1.5959563e-05
1.5852932e-05
1.6261238e-05
1.6408311e-05
0.0043014046
1.6080929e-05
0.002139915
1.6141813e-05
1.6503307e-05
1.6201003e-05
1.6581045e-05
1.8699484e-05
0.0031393872
1.616846e-05
0.010617724
1.6466589e-05
1.6406071e-05
1.6223635e-05
0.0014987895
1.3611462e-05
1.6638317e-05
1.6997319e-05
1.6879792e-05
1.5815017e-05
1.5941638e-05
1.6438408e-05
1.5842103e-05
1.6145936e-05
1.6336063e-05
0.0040897788
1.6367068e-05
1.646329e-05
1.59067e-05
1.661215e-05
1.6817042e-05
1.650193e-05
1.585207e-05
1.6781133e-05
1.6563662e-05
1.6368146e-05
0.0013798819
1.6518735e-05
1.5802527e-05
1.636052e-05
1.6741721e-05
1.622522e-05
0.00034021018
0.00036200587
1.6576763e-05
0.014427675
1.6493895e-05
1.6276059e-05
0.00076190388
0.0046720018
1.6492152e-05
1.6522035e-05
1.6431499e-05
0.00025627844
1.6424293e-05
2.9547271e-05
1.6638435e-05
4.370319e-05
1.6516615e-05
2.549731e-05
1.6560885e-05
1.5831411e-05
1.6301518e-05
1.7139844e-05
1.7107359e-05
1.6539501e-05
1.6041928e-05
1.5899496e-05
0.0032575731
9.1314415e-05
1.6442526e-05
1.6411992e-05
1.5834989e-05
1.6291638e-05
1.6569033e-05
1.6117842e-05
1.6247113e-05
1.6412661e-05
1.5855311e-05
3.7394221e-05
1.6671396e-05
1.2895823e-05
1.5973392e-05
1.6490305e-05
1.6493726e-05
1.6837484e-05
0.00031268908
1.7714067e-05
1.9738882e-05
1.6201535e-05
0.0025615313
1.6537962e-05
1.6429764e-05
1.6640336e-05
1.6430298e-05
1.6384033e-05
1.5798895e-05
2.1271992e-05
0.00015330499
1.6578255e-05
1.6503001e-05
1.6292693e-05
1.6390588e-05
3.0790276e-05
1.7114689e-05
1.5840104e-05
0.0015245683
2.179868e-05
1.6874673e-05
1.6445909e-05
1.5972377e-05
1.6440378e-05
2.5378663e-05
6.5840444e-05
1.6174268e-05
1.9277508e-05
1.6409885e-05
1.5913983e-05
0.0011105939
1.7998538e-05
0.0083251261
1.5963972e-05
2.1027581e-05
1.641945e-05
1.6591926e-05
1.6466598e-05
0.00055725072
1.6950738e-05
1.5794361e-05
2.4372586e-05
2.507169e-05
1.6338104e-05
1.7376705e-05
1.638541e-05
1.6006001e-05
1.6358361e-05
9.5621886e-06
9.2046628e-05
1.6502764e-05
1.5027777e-05
0.0043774862
1.6553229e-05
0.0052317265
1.7120604e-05
1.6323689e-05
0.0010666529
1.6832312e-05
1.628185e-05
1.6284488e-05
2.1467104e-05
1.7268729e-05
1.6507556e-05
1.6719674e-05
1.579079e-05
7.8110416e-06
1.6162602e-05
1.6193425e-05
1.6177509e-05
1.6517579e-05
1.6786597e-05
0.0014542632
1.6698702e-05
0.00022120903
1.6723097e-05
1.5810355e-05
2.3415238e-05
1.6498878e-05
1.6191279e-05
1.6360247e-05
1.5824908e-05
0.0011065506
1.6411611e-05
1.6790632e-05
1.6433243e-05
1.653704e-05
0.0021854144
1.8676799e-05
6.445888e-05
1.6430016e-05
2.2105413e-05
1.6561763e-05
0.00049957321
0.00035508565
1.6275587e-05
1.5937291e-05
2.2516617e-05
1.6387112e-05
1.5811135e-05
1.8858548e-05
3.6862818e-05
3.9860651e-05
1.6468529e-05
4.3900389e-05
4.756062e-05
1.6796562e-05
0.0041165077
0.0018778559
1.6537228e-05
9.1890495e-05
0.00033570247
1.6558219e-05
1.6496183e-05
0.0065088878
1.6625836e-05
1.6294366e-05
1.6382726e-05
1.6429067e-05
3.4579471e-05
0.0048701059
1.7310945e-05
1.642593e-05
1.6527752e-05
1.9303675e-05
1.6453177e-05
1.6443496e-05
1.588093e-05
2.8807389e-05
1.6538796e-05
1.6542663e-05
3.8485447e-05
1.7902529e-05
1.6391484e-05
1.6832623e-05
1.6584936e-05
1.6296946e-05
1.680462e-05
1.6290794e-05
0.0031625641
1.5996308e-05
0.0053351474
0.01393268
1.6298145e-05
1.648525e-05
0.0036571614
0.00047048689
0.00097206872
0.0010144898
1.5824888e-05
1.5898932e-05
0.00075134597
2.9243962e-05
1.7771187e-05
1.8877467e-05
1.6201421e-05
1.6489668e-05
2.5999539e-05
1.6326874e-05
0.00011010791
1.6440848e-05
1.5861264e-05
1.6500588e-05
0.0015873805
0.01201444
1.602943e-05
0.002824777
1.6400329e-05
1.3751349e-05
0.00066984928
1.5843665e-05
1.6429815e-05
1.6480604e-05
1.6594333e-05
1.8520024e-05
0.00055100862
1.7142028e-05
1.6941023e-05
1.5919929e-05
5.6228281e-05
1.6054559e-05
1.6183405e-05
1.6503299e-05
1.7892864e-05
1.5889277e-05
1.6848778e-05
0.0003017689
1.6919092e-05
1.6103653e-05
1.6607235e-05
1.6420294e-05
1.5931906e-05
1.6558765e-05
1.655763e-05
1.5849045e-05
1.6177315e-05
0.0020283472
0.0030164317
1.6402492e-05
1.611144e-05
1.6435166e-05
1.6840596e-05
1.7000907e-05
1.5856262e-05
1.5864936e-05
1.6209608e-05
1.6406677e-05
1.6457162e-05
1.6468529e-05
8.1257233e-05
1.6365423e-05
1.6436413e-05
2.9130903e-05
1.6832064e-05
1.6145476e-05
0.00078377894
1.6502366e-05
0.002185116
1.6372432e-05
1.6316059e-05
0.00016158753
1.6847624e-05
1.5976043e-05
0.00025979332
1.8641627e-05
1.6597093e-05
2.1881274e-05
0.0012979553
0.0028620145
1.6478576e-05
0.0011143692
1.6367022e-05
1.6367125e-05
1.6296332e-05
7.9421703e-05
1.6330668e-05
1.6194202e-05
1.654298e-05
1.655133e-05
1.7372604e-05
1.6434234e-05
1.6365749e-05
1.63801e-05
0.00011186485
0.00014561763
2.2185487e-05
1.6980767e-05
1.6555478e-05
3.5207402e-05
1.6403597e-05
1.6372293e-05
0.00012322892
1.6606861e-05
1.5800284e-05
1.6856162e-05
1.772477e-05
0.0012166663
0.00047633408
3.1815227e-05
0.00031066148
0.00021486591
1.5702577e-05
1.6422957e-05
1.6612255e-05
1.6408505e-05
1.5987448e-05
1.6185155e-05
1.6333537e-05
1.5962569e-05
1.6148809e-05
1.6866562e-05
1.6277851e-05
1.5825166e-05
1.6522123e-05
1.8145105e-05
1.6447871e-05
1.6455289e-05
1.6543534e-05
1.6098369e-05
1.654029e-05
0.001851355
1.6566812e-05
1.6596746e-05
1.6218903e-05
1.6144808e-05
1.63201e-05
3.0268504e-05
1.6216677e-05
1.6196435e-05
1.6334158e-05
1.6583223e-05
1.6875065e-05
1.6510503e-05
1.6238172e-05
0.00023211696
1.6457361e-05
1.6464644e-05
0.00036192517
3.1748893e-05
1.5819796e-05
1.6155297e-05
2.5448195e-05
0.0092011789
0.00013317451
1.5980453e-05
1.6414563e-05
1.3749692e-05
1.6050682e-05
1.6881604e-05
0.014766931
1.6434774e-05
0.0049231513
0.0045616716
1.5833097e-05
0.00036869835
0.0019557102
2.1434246e-05
1.5942443e-05
1.6133321e-05
1.9511667e-05
1.7010133e-05
1.6360204e-05
9.2831534e-06
1.6472435e-05
1.7068496e-05
1.6511257e-05
2.0244177e-05
1.6891478e-05
1.6142553e-05
0.0066716284
2.2456151e-05
1.6053472e-05
2.5964573e-05
1.5860326e-05
8.6169595e-05
1.6534488e-05
1.5881463e-05
1.5972924e-05
1.6616594e-05
1.6502642e-05
1.6452703e-05
1.7410587e-05
1.6245329e-05
1.6777196e-05
2.06638e-05
0.0014380624
1.6900747e-05
0.0046672844
0.0013165764
1.5818693e-05
1.6019429e-05
0.00046685104
1.7716762e-05
7.1156274e-05
0.0018208553
8.818648e-05
1.6342287e-05
1.6646512e-05
3.0798862e-05
2.9782318e-05
1.9808958e-05
5.6807515e-05
1.8369871e-05
1.653729e-05
1.6909097e-05
1.8134023e-05
5.4232073e-05
0.00012731588
1.5850916e-05
1.654495e-05
2.7750512e-05
0.010390446
1.6498105e-05
0.0020566508
1.6330638e-05
0.00046729184
0.0015468395
0.00054169571
1.5811059e-05
1.6617291e-05
0.00049296044
0.00099605827
0.0014488107
0.00083645173
6.9598429e-05
0.00222747
1.5894377e-05
7.7968997e-06
9.2364226e-05
1.615866e-05
1.4939047e-05
1.6160537e-05
1.7671314e-05
1.4572596e-05
1.6040918e-05
1.7963632e-05
1.5834961e-05
1.6918925e-05
1.6519702e-05
1.6497248e-05
1.6505069e-05
1.6365494e-05
0.00011737761
1.659133e-05
0.0021682381
1.6536763e-05
2.7617788e-05
1.6379044e-05
1.7244552e-05
1.6424957e-05
0.0027246201
0.0005126547
3.213294e-05
1.586987e-05
1.5933187e-05
1.6807355e-05
1.6926977e-05
0.00021483002
1.6471556e-05
0.0060871705
1.6779887e-05
0.00078081643
7.4922081e-06
2.0722865e-05
0.00078437684
1.6368619e-05
9.2688925e-05
1.6282977e-05
9.4295615e-06
5.9588689e-05
1.648064e-05
1.6507286e-05
1.6509421e-05
0.0040501976
1.6810444e-05
1.6576727e-05
1.6349426e-05
1.6535493e-05
1.5834149e-05
1.5997946e-05
3.2521817e-05
1.7719898e-05
2.6942121e-05
0.0076869447
0.0065584769
1.616967e-05
1.6390672e-05
0.0054765506
1.653452e-05
1.1185914e-05
1.768403e-05
4.636593e-05
1.6388331e-05
1.6432354e-05
1.653212e-05
1.9498097e-05
1.6571097e-05
0.0020613613
0.0016858847
3.3202885e-05
1.6364406e-05
1.6463477e-05
4.8295123e-05
1.5785359e-05
1.6389329e-05
1.6450934e-05
1.6105009e-05
0.00090267684
1.6574531e-05
1.5822623e-05
1.7630124e-05
1.6762441e-05
0.00039586758
0.0072700718
1.593207e-05
1.7480085e-05
1.5813101e-05
0.00055698527
1.5786586e-05
1.637126e-05
6.6030849e-05
0.00025953232
1.6329843e-05
1.6498543e-05
0.00011145373
1.7750967e-05
1.6236783e-05
1.5888992e-05
2.2981369e-05
1.7717697e-05
1.6579641e-05
1.586321e-05
1.6527379e-05
1.6229199e-05
1.6559809e-05
1.5964932e-05
1.6360303e-05
1.6215858e-05
1.6496885e-05
0.0012847459
1.6454899e-05
1.5981314e-05
1.9039063e-05
1.6140516e-05
4.407635e-05
1.672442e-05
1.6461309e-05
1.5822037e-05
0.0022161254
0.00024506146
0.00036796634
0.00028066848
1.6491919e-05
1.6512167e-05
1.6352043e-05
1.6881789e-05
0.0029331263
0.0010957231
0.00064969493
1.7034999e-05
2.5215775e-05
0.00010660141
5.9756081e-05
1.6464598e-05
1.6465786e-05
1.5818366e-05
1.6518797e-05
1.6392856e-05
1.5891308e-05
1.6584233e-05
1.6251875e-05
6.6985154e-05
1.6520386e-05
1.6127648e-05
1.6753757e-05
1.7395638e-05
1.6450056e-05
1.7340453e-05
1.6909589e-05
1.6340443e-05
1.6488292e-05
1.6433727e-05
1.5873046e-05
0.017239033
1.5949536e-05
1.6489894e-05
1.683589e-05
2.6892496e-05
1.59525e-05
5.128295e-05
1.7791801e-05
1.8565669e-05
1.6915993e-05
0.0020715759
1.6432231e-05
1.6430235e-05
0.00057445719
0.00055433625
0.00074681936
1.6596371e-05
0.00019649011
1.5903776e-05
1.6969959e-05
1.6953224e-05
1.7860537e-05
5.4708906e-05
0.0035092001
1.5927083e-05
0.0043181567
4.9097736e-05
5.8591346e-05
1.5825985e-05
1.5865432e-05
0.0013127391
1.6561039e-05
1.6561134e-05
6.319526e-05
1.4663146e-05
1.6576438e-05
0.00011779153
6.8079175e-05
0.0051351995
1.6387896e-05
1.5861589e-05
1.6158706e-05
1.5858654e-05
1.4877091e-05
0.0031063733
0.0030295048
1.6017957e-05
0.00013163059
1.5876291e-05
1.9130062e-05
2.1753396e-05
7.3130602e-05
4.0077367e-05
1.5803633e-05
1.6598811e-05
1.6160672e-05
2.6546236e-05
0.0028812451
1.641087e-05
1.6459149e-05
0.0064522446
7.9760069e-05
6.2768117e-05
0.0010542641
1.3839113e-05
8.6508504e-05
1.6590891e-05
1.8779862e-05
1.6324268e-05
0.00084722262
1.6042949e-05
1.7486787e-05
1.6380135e-05
9.2154203e-05
1.6553795e-05
0.0041595368
0.01254512
0.0015251417
1.6480717e-05
9.8886418e-05
1.6794654e-05
0.0056020445
0.0030160564
1.6033569e-05
0.0020677708
0.0022851499
1.6505331e-05
1.6847547e-05
1.7204324e-05
1.6558812e-05
1.6563923e-05
0.00020503406
1.6425784e-05
1.701328e-05
1.6466428e-05
0.00015717767
1.5808417e-05
9.0590163e-06
1.5831423e-05
2.8791315e-05
2.4387714e-05
1.6365729e-05
7.4911661e-05
1.6551151e-05
1.654498e-05
1.5820309e-05
6.5367626e-05
0.0005394968
0.000211016
1.6554845e-05
3.4324858e-05
6.9403162e-05
2.4037639e-05
1.7620804e-05
1.5788446e-05
0.001575478
1.5915296e-05
1.6476945e-05
3.1059797e-05
0.00042926986
1.6826892e-05
1.6024694e-05
1.6473e-05
2.7379944e-05
0.0017707873
1.5950926e-05
0.0041155443
1.660899e-05
1.5793326e-05
1.6617738e-05
0.00012014731
1.6406119e-05
1.7136465e-05
1.6535331e-05
1.5876266e-05
2.0686115e-05
1.5827542e-05
1.5803037e-05
0.001309047
0.0027969077
1.8119092e-05
1.8074884e-05
1.6763789e-05
1.6545012e-05
1.5837199e-05
0.001022683
0.0010024964
0.00083202933
2.2964135e-05
1.6399502e-05
1.3478914e-05
1.5841045e-05
1.580379e-05
8.2748966e-05
1.5853144e-05
0.001181454
1.610517e-05
1.6596458e-05
0.0021638375
0.0021780461
0.0021566533
2.3251746e-05
1.7274019e-05
3.2135505e-05
6.5380462e-06
4.5248231e-05
1.6526191e-05
2.0455092e-05
0.0073482579
9.8046829e-05
0.00088224774
1.6312239e-05
0.0021692759
0.0022594717
2.7079261e-05
0.002554138
1.5847029e-05
1.591353e-05
4.9507335e-05
3.7001981e-05
1.6379363e-05
1.6401884e-05
0.0023684637
1.6579857e-05
1.6549959e-05
0.0021365147
0.0003966491
1.6425962e-05
1.6578036e-05
0.0033643358
1.7773549e-05
0.0040808392
0.00027306333
0.00030797651
3.7804762e-05
0.0035895045
2.5977985e-05
1.5937434e-05
0.00098407806
0.00015944727
0.0001064518
1.6519274e-05
1.6405916e-05
1.6419856e-05
1.6388544e-05
1.7484147e-05
1.6601828e-05
1.6341604e-05
1.6451218e-05
2.6918507e-05
0.00012932268
1.5884331e-05
1.6601902e-05
0.00019614222
0.00029247913
1.6965815e-05
1.7092569e-05
1.7863841e-05
1.6788512e-05
1.6763047e-05
0.0023191132
0.0030705352
0.0026214562
1.6562442e-05
1.6564244e-05
0.005300089
0.0052315117
2.2199686e-05
1.9136125e-05
1.6604157e-05
1.6602238e-05
0.0038386457
2.7730372e-05
1.8026963e-05
0.0065330021
0.0065829798
1.6510516e-05
1.6114112e-05
0.0010613106
1.3862398e-05
0.0022602707
0.012150129
0.0041394302
1.6547779e-05
1.6414047e-05
1.6787103e-05
1.6854228e-05
1.6563775e-05
1.6560655e-05
1.6428137e-05
1.7162699e-05
1.6482161e-05
0.00015779648
0.00016616615
1.6800058e-05
5.2211559e-05
2.4493762e-05
1.6608239e-05
1.6364717e-05
1.5819397e-05
2.1744932e-05
1.5892162e-05
0.00021163286
0.00022425367
7.3532065e-05
3.4403849e-05
0.0023131771
1.773816e-05
1.6372304e-05
0.0001381819
1.6347775e-05
0.00099218433
0.0010287707
6.151501e-05
1.6536545e-05
1.6534864e-05
0.0022530532
1.6609286e-05
1.6534633e-05
1.8132843e-05
1.7798313e-05
1.5834224e-05
2.5220763e-05
0.0013895232
0.0014196691
0.000568439
2.0563121e-05
1.5888415e-05
1.6612713e-05
1.659702e-05
0.0019851874
1.7297372e-05
1.7687011e-05
3.9777026e-05
1.6003882e-05
2.0464578e-05
1.6551953e-05
1.6400754e-05
1.6448233e-05
1.6411974e-05
1.6784784e-05
1.678755e-05
1.585716e-05
5.2192904e-05
4.9628043e-05
1.6894846e-05
1.656771e-05
1.6613619e-05
1.6601689e-05
1.6442757e-05
1.658438e-05
1.6999233e-05
0.00027243247
0.00030728243
0.00042857553
1.6575252e-05
0.004330328
0.00019229095
1.5817055e-05
2.1627275e-05
0.00010960643
1.6517848e-05
1.6378653e-05
1.6438571e-05
1.8044426e-05
1.6464149e-05
1.9254282e-05
0.00041063618
0.00023015888
1.6526543e-05
1.652849e-05
1.7120345e-05
0.0022675429
0.002072947
1.634521e-05
1.6170295e-05
0.0065814046
0.005094335
4.7016626e-05
1.6402887e-05
2.7749165e-05
1.6606994e-05
0.0067102542
0.0065064702
0.0077131137
0.00041565482
0.0014869082
1.5214482e-05
0.010442565
8.0528248e-06
1.9477392e-05
1.6013317e-05
2.0352295e-05
1.6452115e-05
1.7900545e-05
2.3203475e-05
1.7164482e-05
1.7214738e-05
1.6480715e-05
1.6485683e-05
0.00029670773
0.00014939206
1.6426394e-05
1.6603885e-05
1.6587226e-05
1.5827083e-05
0.00033496123
0.00022349531
3.3491718e-05
2.3512183e-05
1.769406e-05
1.7175355e-05
0.0053173888
1.9840558e-05
0.0003108655
1.8107588e-05
2.5228461e-05
0.00040124783
0.0005657247
1.6516935e-05
1.6610407e-05
1.6617147e-05
0.001961984
1.7849525e-05
3.9777476e-05
1.6402645e-05
1.6411947e-05
2.4041453e-05
2.0199383e-05
0.0010976998
0.0026331909
8.9800304e-05
5.2078276e-05
1.6566746e-05
1.6618375e-05
0.0079840836
0.00030332204
0.00046438136
1.6384562e-05
1.8226137e-05
1.6466294e-05
1.983375e-05
1.9339326e-05
0.00022967465
0.0016000994
0.0024574525
0.005188467
0.0068368764
2.7774929e-05
1.6609526e-05
0.007805644
0.0066391222
1.5271721e-05
1.5349915e-05
8.6163632e-05
0.00038731523
1.6652536e-05
1.6483025e-05
1.6453072e-05
1.7427174e-05
1.7212739e-05
1.6480353e-05
1.6501398e-05
0.00014997571
0.00031162116
2.099151e-05
1.6434519e-05
1.6429487e-05
1.582482e-05
0.0067523043
0.00023726144
3.3563539e-05
0.0081478107
1.7540684e-05
1.5854919e-05
1.5849838e-05
1.6636032e-05
1.8129909e-05
5.535271e-05
0.00074504034
1.5842801e-05
1.7877565e-05
0.00012335895
1.6630387e-05
0.0015898179
0.0019735233
1.7845921e-05
2.0207933e-05
9.0116748e-05
1.6635076e-05
1.6657715e-05
1.6653682e-05
0.00030258533
0.00042672753
1.6394743e-05
1.6411824e-05
1.8222209e-05
1.9627633e-05
1.649796e-05
1.5867842e-05
0.00027329632
0.00015174699
0.0023904505
1.8570655e-05
2.0369462e-05
0.0063535551
3.8939365e-05
1.6611561e-05
1.6606198e-05
0.0065597472
0.0076574789
0.0088669307
1.529273e-05
0.00033644368
1.6482292e-05
1.7429746e-05
1.726888e-05
0.00047748058
0.0002708678
0.00014181822
0.00031063308
1.6840919e-05
1.6431269e-05
0.00022943171
6.2589863e-05
3.2614366e-05
0.0022784914
0.0022329982
5.5390143e-05
8.0238366e-05
0.00074063104
1.5841881e-05
1.6635213e-05
0.0019435775
0.0015769814
8.4182106e-05
1.6664438e-05
1.6709359e-05
1.6684044e-05
0.00033547744
1.6393663e-05
1.6395358e-05
1.9632203e-05
2.009959e-05
1.6484615e-05
1.652496e-05
0.0030617703
0.00027271007
0.0018216791
0.0025590741
4.0682968e-05
3.901915e-05
1.6609177e-05
1.6616296e-05
0.0066945693
0.0089525601
1.6482277e-05
1.7360378e-05
1.7267278e-05
1.7947011e-05
1.7626018e-05
0.00047921383
0.00027179491
7.3112959e-05
0.00049897234
1.6439831e-05
1.6845489e-05
3.2680286e-05
2.1057296e-05
0.00015001185
0.001007336
1.5836498e-05
1.6637035e-05
1.6650252e-05
0.0019596313
0.0011121455
0.0040599761
8.4498126e-05
1.6767068e-05
1.600005e-05
0.00033466806
1.640544e-05
2.3614892e-05
2.29449e-05
1.6523561e-05
1.6505422e-05
0.00032898001
0.0018019905
3.7020115e-05
1.660348e-05
1.6633108e-05
0.0066149653
0.0079116628
0.0098851344
1.6449915e-05
1.7950039e-05
1.7333336e-05
1.8140113e-05
6.9197729e-05
0.00042964998
0.00070665002
1.6817814e-05
1.6436387e-05
1.8949734e-05
1.589646e-05
0.0010015687
1.5831613e-05
1.5835838e-05
1.664659e-05
1.6645418e-05
0.0011018219
0.0019366626
0.0022081637
1.66008e-05
0.00016536192
1.8638276e-05
0.00036976191
0.00021971547
2.296863e-05
1.6523339e-05
1.6523491e-05
7.5084226e-05
1.5896018e-05
0.0003283202
0.00047618149
0.001395361
3.7087762e-05
1.6632755e-05
1.6606507e-05
1.6589377e-05
1.6637788e-05
0.0099597165
0.010041654
0.0080731007
1.6453582e-05
1.7331224e-05
1.9039833e-05
0.00043127291
6.9421227e-05
1.8978556e-05
1.6445376e-05
1.9173707e-05
0.0003259182
1.5852642e-05
1.5830182e-05
1.6645159e-05
1.6667571e-05
0.0011171781
0.00074698202
0.0019528399
0.0015506481
0.00016586099
0.00036893984
0.0015316481
3.150795e-05
2.2235208e-05
1.6509182e-05
1.6514802e-05
1.6603088e-05
1.585334e-05
0.00020811071
0.00038783706
0.0081024405
6.0681074e-05
1.6650946e-05
1.6581228e-05
1.6610185e-05
1.6637413e-05
0.010545116
0.0092094953
0.0098082833
1.6472001e-05
1.6438127e-05
1.7122369e-05
1.9044163e-05
1.7417003e-05
0.0065770358
6.6640297e-05
0.00065877131
2.8003396e-05
1.6950716e-05
1.6441861e-05
1.5829533e-05
1.6677177e-05
0.00072292869
1.6663192e-05
0.0019268479
0.00074170626
1.6653816e-05
1.6732522e-05
0.00041072544
3.1564684e-05
1.6527674e-05
1.6534354e-05
0.00038705177
6.0842977e-05
1.6612498e-05
1.665272e-05
0.0092981777
0.0093888449
0.0098871283
1.647351e-05
1.6421046e-05
1.7415028e-05
2.1471538e-05
1.8699983e-05
0.00066139888
0.00068343838
6.6871206e-05
1.6365107e-05
1.6454476e-05
2.8119848e-05
0.0025043829
0.0015190678
0.0025291722
0.0024769167
0.0025013825
1.938942e-05
0.0018536323
0.0024444235
1.6655002e-05
1.665393e-05
0.0019436765
0.00034847045
1.669027e-05
0.0017994179
0.0037167793
0.00095121884
0.0029484659
0.0042146676
6.9462494e-05
0.0029812111
0.0029197266
0.00043698318
0.0014625606
6.6445329e-05
0.0041990668
0.003652046
0.002860211
0.0028919662
0.0038183726
0.0023856976
0.0023919411
0.0021554117
1.6725948e-05
0.0037698573
0.00058808602
0.0004097211
0.0021463413
0.0021263652
0.0018415136
0.0025564318
0.0014986284
0.0021757914
0.0032073318
5.0212123e-05
2.0679846e-05
1.6564719e-05
0.0024489886
0.0031514956
0.0015385281
0.0024206436
0.0020856576
0.00046171614
0.0023626477
0.0030042385
0.0018690307
0.001896578
0.0014875202
0.0030376171
0.0036737793
5.6163894e-05
1.660976e-05
0.0019957934
1.6612955e-05
0.009300172
0.0097354799
0.010273233
1.956544e-05
0.0029520886
0.003009755
0.0036092432
0.0036538511
1.6492763e-05
1.7511134e-05
2.2459368e-05
0.00092248596
0.00063717553
0.0001324933
1.645062e-05
6.5956319e-05
0.001550182
0.0020368465
0.0035847888
1.8416522e-05
0.0029223967
0.0020664606
0.0014734014
0.0015243515
1.6639516e-05
0.0022061087
7.0818361e-05
0.0018141526
0.0033799649
0.0028301497
0.0033085141
0.00089745718
0.004126893
2.7129286e-05
0.0019661647
1.6654657e-05
1.6743985e-05
2.1488304e-05
0.002096968
0.0012093585
0.0040516105
0.0033393401
0.0019777561
0.0041027012
0.00034455948
1.6687626e-05
1.6640778e-05
0.0019156913
1.6660402e-05
0.001214685
0.0015777834
0.0010926911
1.6233885e-05
0.0023556921
0.0040265363
1.6550835e-05
0.0075646586
0.0040775864
0.0012791236
0.0014119036
1.6543205e-05
0.0021836657
1.7129216e-05
0.0025092234
1.6551093e-05
1.6534733e-05
1.6664273e-05
1.6524944e-05
0.00334879
1.6369236e-05
1.6450189e-05
0.00045285976
1.6532603e-05
1.6542434e-05
0.0019485025
1.6532778e-05
1.6255411e-05
1.6659799e-05
0.0040251653
0.0039977364
5.7462351e-05
0.0039469236
1.6600866e-05
5.0331643e-05
0.0025785292
1.627284e-05
1.6558634e-05
1.62509e-05
1.6468518e-05
0.0016171435
0.0010971108
0.0032209732
0.0013385743
0.00043074114
0.0034344388
0.0004607941
1.6685819e-05
0.0018258118
1.6411156e-05
0.0040757857
1.6657009e-05
0.0059657833
0.010344471
1.6379648e-05
1.6244583e-05
0.0061127342
0.0094828059
5.63016e-05
0.0016735071
0.0006430817
1.6612345e-05
1.6460984e-05
0.0098041681
0.0040006782
0.0014050836
0.0060750135
1.6600362e-05
1.6436294e-05
0.0014739977
0.0060068204
1.6420014e-05
1.6637654e-05
1.6431647e-05
0.00032862331
1.671043e-05
0.0060390685
1.667043e-05
0.00013303136
1.649193e-05
0.00063293701
0.0039192891
1.6438484e-05
0.0059238082
1.6529639e-05
1.8071676e-05
1.7509157e-05
2.951753e-05
0.00092594602
1.6726783e-05
1.6429079e-05
0.0039699692
6.6537413e-05
0.0061414294
0.0059316241
1.6257034e-05
1.6460132e-05
0.0039742622
0.0032137947
0.0020556525
7.0973171e-05
0.0031821949
0.0052778063
0.0024508386
1.6439508e-05
1.6579873e-05
1.652187e-05
0.001281396
0.0032194069
1.619164e-05
0.0030198502
1.6489162e-05
0.0013444656
0.0075565688
0.00305287
1.6457781e-05
0.0053421084
0.0030235095
1.6655156e-05
0.00032997646
0.00588261
0.010553743
2.0779114e-05
1.5991124e-05
6.1265264e-05
1.6435108e-05
1.667209e-05
0.0023754469
0.0014810602
1.6248288e-05
1.7439981e-05
0.0023395674
0.0030899541
1.6565482e-05
1.658671e-05
0.0053248707
0.0053526903
0.0051173234
0.00020469076
1.644698e-05
0.0024803975
0.0059852338
0.003410644
1.6565917e-05
0.0060399096
1.6696874e-05
0.0012847719
1.6632915e-05
0.0019313924
0.0012200012
0.012794377
0.00094763091
0.0061406391
0.0013209905
1.5981448e-05
0.0063476329
0.0060951718
1.6579455e-05
0.0059568318
0.001701872
1.644227e-05
0.0054694752
1.6432028e-05
0.001074439
0.0094541389
1.6335018e-05
0.0024153589
1.5992941e-05
1.643491e-05
1.6228717e-05
0.0021414634
1.665562e-05
1.6297039e-05
1.7601191e-05
1.6683804e-05
0.00035618501
0.01412155
0.0076974823
0.0026389183
1.6423983e-05
1.6238721e-05
0.0015123449
0.00011763402
1.670426e-05
0.0059476545
0.0019334562
0.00036195427
1.6685999e-05
0.0031625133
1.663931e-05
0.00012809771
0.0054165054
0.00074122142
0.0061267307
1.6682772e-05
7.3582249e-05
0.0029264957
1.8066891e-05
1.6383832e-05
0.0040555599
0.006056905
0.0011749455
0.00011793534
0.0016044928
0.0052665412
0.0053444674
0.0081479661
1.6678257e-05
0.0050351974
0.0030979287
0.00027315921
0.0058044477
0.0031798838
0.00059807475
0.0030565212
1.6173588e-05
1.6629391e-05
0.0016654841
1.6631307e-05
0.00021380132
0.0032308889
0.00073365692
1.6706317e-05
0.0040916177
0.0099602767
1.6560658e-05
1.6307239e-05
0.0019007143
0.0058006439
0.0025313206
1.6816135e-05
0.0050503769
1.5998216e-05
5.8667765e-05
2.4491351e-05
0.00063883641
0.0022366684
0.0013337549
0.0093401175
0.00091601368
0.010186733
0.00024407319
1.7066709e-05
1.6665106e-05
1.6724685e-05
0.0060523116
2.4992292e-05
0.0016087818
1.6967117e-05
8.5439422e-05
1.6691665e-05
0.0032280765
0.0011846619
0.0014972441
1.6682099e-05
0.00019670876
1.6614527e-05
0.0038030597
0.010010373
3.0781825e-05
0.00022643022
0.0046289611
1.6649858e-05
1.6586477e-05
1.6387339e-05
1.6562531e-05
1.6365156e-05
0.0068733917
0.00057028655
0.0060645514
1.6145267e-05
0.0086667481
0.011128682
0.006111781
1.6514382e-05
1.6644071e-05
1.671443e-05
1.656383e-05
0.0011497795
1.6624326e-05
0.0011813483
1.7666929e-05
1.635766e-05
0.00055205084
2.3569461e-05
0.00078542822
0.0051044668
0.0052172392
0.00064119374
0.00022564268
0.0011770724
6.3671414e-05
0.00073579351
0.00089864876
0.0019423613
1.8399801e-05
1.6677798e-05
0.00030161023
3.302734e-05
2.5482711e-05
0.0083381365
0.0089238433
1.7524483e-05
0.013294658
0.0052552781
0.0057785647
1.6808172e-05
0.001350335
0.0074706342
0.0015356117
1.6478986e-05
1.6251565e-05
0.0024731154
1.675817e-05
1.6176527e-05
0.0064165965
1.6629795e-05
0.00088767626
0.0010007577
1.6987935e-05
1.6982067e-05
0.0089715606
7.297966e-05
0.0033012073
1.6379616e-05
0.010924255
0.0041419057
0.0010039864
9.8526225e-05
1.6665221e-05
0.0063746234
0.0027456772
0.00092020505
0.0082734015
1.6359202e-05
0.0029872561
0.0024006875
0.01182665
0.00021846463
1.6652721e-05
0.0011441953
0.00039396266
0.0026595121
0.0004518978
0.0041728399
1.6640395e-05
1.8071283e-05
1.6440099e-05
1.6164471e-05
1.6442043e-05
0.0096991328
7.1057818e-05
1.6477191e-05
0.0008806002
0.0010735755
0.0010307965
0.0033289242
0.00094008298
0.0017251396
0.0097227605
1.6138312e-05
0.0019130575
0.00033814756
1.6315305e-05
1.6968757e-05
0.0012651472
0.0010215608
1.6469121e-05
0.00010681674
0.0010265553
1.6558327e-05
1.6150833e-05
0.00012849759
0.0026588205
0.0064902895
2.6177834e-05
0.0058934233
0.0053892116
0.0085029095
1.6655298e-05
0.0027734637
4.4401748e-05
1.6635272e-05
0.005331503
1.6445563e-05
0.00011247207
0.0010336877
1.8469744e-05
0.0080790986
1.6656327e-05
1.6664833e-05
9.5584909e-05
1.6471703e-05
0.0044983753
1.6500759e-05
2.3346405e-05
1.6829975e-05
1.9523917e-05
0.0047139531
1.658887e-05
0.0011691099
0.0031063039
5.4442752e-05
1.6002825e-05
0.00029359434
0.0013049629
1.6146489e-05
1.7047124e-05
2.7006446e-05
0.006094367
1.6024804e-05
0.0089314317
0.01016906
1.6568423e-05
1.6960082e-05
0.00055178408
0.0040238564
0.0012566786
0.0012317747
0.0014563235
1.598542e-05
3.4959525e-05
2.5651494e-05
4.4620261e-05
1.76857e-05
0.0047083295
0.00063970662
1.6616576e-05
0.0072866482
1.6144949e-05
0.00024464938
0.0055074751
0.0093949785
0.00078395242
0.00058616883
1.7132624e-05
0.00164392
0.0011024727
1.6065951e-05
1.7766287e-05
1.6610097e-05
1.6728921e-05
0.0058691931
0.0015244708
1.6600198e-05
0.00045186135
0.010073687
1.5976577e-05
0.002609125
2.1893582e-05
0.0018073418
0.003116381
3.2693482e-05
0.0019241853
1.7174762e-05
0.00026272452
0.010939605
1.6028678e-05
0.0030910294
1.6659077e-05
0.00024819538
0.00076352039
0.00125495
0.0021993046
0.0038530721
0.0021417121
1.6172244e-05
1.615325e-05
0.0090517677
0.00076331211
1.6171435e-05
0.0041753787
0.011860504
0.0012586579
0.0011071184
0.001954297
0.0022693553
0.0053207234
0.00066480103
0.001487446
0.010559282
1.6644476e-05
1.6408062e-05
1.669688e-05
1.6953699e-05
2.0210949e-05
9.4052611e-05
1.5987175e-05
1.6183874e-05
0.011303626
4.4988464e-05
0.0096590797
2.8946895e-05
0.003649277
0.0024597059
1.7275406e-05
0.0005684724
1.678263e-05
0.0022502217
0.0044357871
0.0010220996
1.6479603e-05
0.011913165
0.0054402579
0.0010875888
1.6724286e-05
0.0058574105
1.5858713e-05
1.6175048e-05
0.0068543002
1.6337552e-05
0.00057628485
0.0014504602
0.0010563993
0.011277022
9.7542943e-05
0.0050625866
0.0054129557
2.3537517e-05
0.0027584714
0.0046702765
1.6606587e-05
1.6615328e-05
1.6560649e-05
1.6571928e-05
8.5167572e-05
0.0094554784
1.6415121e-05
1.6629318e-05
0.0023302085
0.0005449685
1.659316e-05
1.7501384e-05
0.0041908441
0.00029495374
0.00072136446
0.00011831199
1.6753405e-05
1.6808878e-05
1.6042653e-05
1.6325873e-05
0.0038106169
1.6179085e-05
2.6877408e-05
0.0066140738
0.0046880121
1.6316963e-05
0.00010863294
0.00059636662
1.6535514e-05
0.0037246763
1.6651112e-05
1.6603708e-05
0.00035179811
1.6025756e-05
0.0095245011
0.0004889824
1.6667676e-05
1.6797642e-05
7.4965589e-05
0.00511382
1.6593716e-05
0.0091775997
1.6607412e-05
0.0085211672
3.2591653e-05
0.0071430863
1.6560349e-05
1.7820783e-05
0.0011320707
1.7064757e-05
0.0020373971
0.0033126426
1.6734293e-05
1.6655119e-05
1.6979853e-05
1.7581409e-05
1.6623055e-05
0.009996158
1.6526004e-05
1.6713964e-05
1.67894e-05
1.7206722e-05
1.6552095e-05
0.0014038545
0.00026059589
4.7647557e-05
1.6954162e-05
1.6622862e-05
0.00013815903
0.0010485677
1.7019357e-05
0.011052616
0.0075682318
1.6593445e-05
0.0011187354
1.8682678e-05
4.8782547e-05
1.6619737e-05
1.6603666e-05
4.4718517e-05
0.00087777895
1.6020256e-05
0.0057306831
1.6160085e-05
1.6485382e-05
1.6472284e-05
0.0001427687
0.0011937551
0.0047606057
7.6288276e-05
0.0019081526
1.6563459e-05
1.7219941e-05
6.1955485e-05
0.0057534277
1.713014e-05
6.3832952e-05
0.0052438586
1.7003359e-05
0.0037795337
1.607617e-05
0.00073594505
1.6594912e-05
0.0076698069
0.00056775596
1.7593751e-05
2.2288677e-05
1.6624297e-05
0.00022860628
0.004772454
0.0012249197
0.00075853166
0.0037934229
0.00041782354
1.6456108e-05
1.7581377e-05
1.6502011e-05
0.0011029859
0.00075109525
0.0085299824
0.0090319831
0.00032120131
1.6776934e-05
0.0063231807
2.0203319e-05
0.0053388728
0.0016219485
0.0017751253
1.6294604e-05
1.6721906e-05
1.6648931e-05
0.0020210573
0.0083179663
2.3815494e-05
1.7091209e-05
0.00091742992
4.2964774e-05
0.0064634237
1.6620756e-05
0.0048161824
0.0033165259
0.014752412
1.6773594e-05
1.6645308e-05
1.6485372e-05
0.0033425278
1.6252542e-05
0.003750953
1.6007471e-05
0.0053078649
1.6181721e-05
0.00419299
1.7781601e-05
1.6701325e-05
1.6360834e-05
0.0066917811
0.0002253591
0.0010289597
6.9512213e-05
1.7169916e-05
0.00025784905
1.6591194e-05
2.8135983e-05
1.6553786e-05
1.8535267e-05
0.0065898539
0.0032831069
0.00011674538
1.664391e-05
1.6425869e-05
1.63979e-05
0.0046074791
0.00013393204
0.0011947413
1.6680569e-05
1.7038117e-05
0.0021823068
0.010426124
1.6687561e-05
0.0070863468
0.013232557
0.00018835701
1.6349079e-05
0.0025576864
0.0001326641
0.00877021
0.0019491722
1.6453237e-05
0.0056995343
0.0010933416
0.012613895
0.00098565523
0.0051353904
0.00034025329
1.6502526e-05
0.00041045715
3.5969026e-05
0.013724265
0.0013561652
0.0060753787
2.9571632e-05
0.0063782686
0.00065498352
1.6992979e-05
0.008298845
0.0013595761
1.6431462e-05
1.6307303e-05
1.6453513e-05
0.011606431
1.6711783e-05
0.0021853456
0.00034413272
1.6529684e-05
2.7431401e-05
0.00081928304
1.6034552e-05
1.7791439e-05
1.6609104e-05
0.0012899589
0.0045235563
0.012894778
0.0011730722
0.001836409
0.00094984317
0.0094182542
1.6604934e-05
1.6619796e-05
1.8857935e-05
1.6732101e-05
0.0041089677
0.00030679447
1.6773031e-05
1.6412552e-05
1.6994102e-05
0.0089733625
1.6127905e-05
0.0091699196
0.0015251175
1.6399757e-05
0.006193622
0.0026484182
0.00099073687
4.6693728e-05
1.6852064e-05
1.597954e-05
1.6111005e-05
0.0013225684
1.6624794e-05
0.001833597
1.6491729e-05
0.0014053321
1.7248394e-05
1.6482666e-05
0.0010982519
1.6918251e-05
0.0012521699
0.0025834392
1.66204e-05
0.0020340497
1.598696e-05
0.0012257406
1.6396949e-05
0.00069793937
8.1065862e-05
1.6630776e-05
1.6584986e-05
1.7144682e-05
1.6621535e-05
0.0085445152
0.00074416887
1.6473191e-05
1.6565172e-05
1.8061171e-05
1.6600096e-05
0.0019668533
0.0031922378
1.6747361e-05
1.6572458e-05
1.7305564e-05
1.6496123e-05
0.00075203618
1.7057021e-05
1.7032796e-05
1.6174861e-05
1.6828537e-05
1.6537403e-05
0.010577484
1.6672533e-05
0.0004042951
0.0051147069
1.8591957e-05
4.7732933e-05
1.6844283e-05
0.0011932205
0.0032760801
1.677533e-05
0.0004060375
1.6635488e-05
1.6683996e-05
1.6545952e-05
1.9345149e-05
8.672878e-05
1.6045607e-05
0.00074841885
0.0065268228
0.002288608
1.6571939e-05
1.6262133e-05
1.6048744e-05
0.00013352231
0.0057670138
1.6258561e-05
0.004768755
1.6526298e-05
0.00074403501
1.677745e-05
1.6115847e-05
0.0017981495
0.0078449416
1.6639708e-05
0.0015644114
0.00021833034
1.636789e-05
1.6496652e-05
0.0023292862
0.0019195484
0.0054242017
1.6650155e-05
1.6434158e-05
0.01392401
0.00025624187
0.0048295301
1.7031879e-05
0.00066168394
1.6761176e-05
1.6515055e-05
1.6583978e-05
0.0086143678
7.6437843e-05
2.2330845e-05
0.0010262386
1.6167941e-05
0.0033171849
1.6112017e-05
0.0085076098
0.00088121469
0.000426954
1.6714769e-05
0.00051884685
0.0017380459
1.7246331e-05
0.010898138
0.0059264221
1.6350591e-05
1.6513009e-05
1.6411849e-05
0.00034055965
1.6771215e-05
7.5418536e-05
0.00011339486
0.0020612516
0.0012471202
0.002096313
0.0093543856
0.00084394429
1.6013419e-05
0.0005467474
1.6995703e-05
0.00016278387
1.649138e-05
0.0036154838
1.627915e-05
1.6481924e-05
1.6496457e-05
0.00061678821
1.6494653e-05
9.1484706e-05
0.0019368407
0.0046227929
0.00030202474
1.6605811e-05
1.6363426e-05
0.00116366
2.8821437e-05
1.6362865e-05
1.6621353e-05
0.00035677069
0.00045407564
1.7045419e-05
1.6675514e-05
1.634704e-05
1.735556e-05
0.0026745695
2.8098059e-05
1.6777142e-05
1.6511206e-05
1.6746949e-05
1.6880147e-05
0.0088574251
0.00030700035
0.00092747894
2.9159371e-05
1.6833466e-05
7.3337115e-05
1.6716868e-05
0.0023867692
0.0027970718
0.00078244982
0.0053481547
0.00096588607
0.00012687673
1.621427e-05
3.1758568e-05
1.5984993e-05
0.00093130019
0.00081519052
1.6161601e-05
1.5835631e-05
0.0023845323
1.6773304e-05
0.014039198
0.015214011
3.7665113e-05
0.011615117
0.010550259
1.6639151e-05
1.6623586e-05
1.6530642e-05
1.6200973e-05
1.7179443e-05
5.5967497e-05
6.4740552e-05
1.6572584e-05
1.6459501e-05
1.6697527e-05
0.0046187905
1.6761464e-05
1.6053793e-05
0.00013441205
1.6597326e-05
0.0027503227
0.011621293
3.480122e-05
1.6324403e-05
0.0023822187
0.0055707416
0.001340735
0.00010620386
0.0076412603
0.010590505
0.0023040154
1.6475614e-05
1.6305242e-05
0.0083601223
2.2663545e-05
1.6345836e-05
2.3358764e-05
1.7668149e-05
1.6476904e-05
1.8114291e-05
1.6929567e-05
1.6606331e-05
1.5976435e-05
1.6332494e-05
0.0053623386
1.5717145e-05
1.6724554e-05
1.6739634e-05
1.6516966e-05
0.0014800314
1.6505181e-05
0.0097864245
1.6057601e-05
0.00013452996
4.1223292e-05
1.658931e-05
1.6506586e-05
1.6635685e-05
0.0071613497
0.007728571
1.6633639e-05
1.6821032e-05
2.4523015e-05
0.00071963894
1.6695515e-05
0.00085025975
0.0011696917
0.00054851462
1.660327e-05
0.0058183559
0.0029481402
1.9018233e-05
6.6290336e-05
0.0061100641
6.5567023e-05
0.001570765
2.2190866e-05
2.3328988e-05
1.6466628e-05
0.0091213067
0.0017051144
1.699457e-05
1.6613798e-05
0.0067647246
0.011594156
0.0044747196
1.6531474e-05
1.6518329e-05
0.0035270038
1.6511778e-05
0.0020436957
5.1448891e-05
0.0135944
1.6588905e-05
3.6373839e-05
0.0075959179
1.7093319e-05
1.6624636e-05
0.00081803045
1.6911623e-05
0.00054005758
1.6517132e-05
0.00048647568
0.0028536429
0.011868873
1.6845126e-05
2.7191346e-05
1.7151877e-05
5.9561561e-05
1.707215e-05
0.00012590078
1.6562652e-05
0.0061645139
1.6401906e-05
0.00065983624
1.7048963e-05
1.6599623e-05
1.6767248e-05
1.602053e-05
0.0080764352
1.7032545e-05
4.6482376e-05
1.6519008e-05
0.00030356231
0.0093871988
1.6581307e-05
1.6357619e-05
0.0051578074
0.0037616434
1.6608035e-05
1.6484624e-05
0.0017825446
1.6168601e-05
0.0023704435
0.00046594876
1.6923085e-05
1.6742354e-05
0.0018062108
6.5121531e-05
0.0037861636
1.7836369e-05
1.6647213e-05
0.004790748
0.0012441545
1.8667764e-05
1.6595635e-05
3.5277748e-05
7.9106554e-05
1.6630892e-05
0.00018645184
0.0095069745
1.6700636e-05
1.7268936e-05
1.6259771e-05
0.00040008774
2.107083e-05
1.6630066e-05
1.6527396e-05
0.0012410214
2.9541888e-05
0.0032772741
0.0024776824
0.0011173652
0.00064264043
0.014166462
0.012519312
1.6333983e-05
0.0011390932
0.0038910131
0.0046494789
1.6366905e-05
1.5990633e-05
2.9080117e-05
0.0015640413
1.6133911e-05
0.0025830854
0.012070804
0.0001037047
1.6282866e-05
0.0011293434
2.5673247e-05
0.0093670768
1.6105481e-05
1.6363275e-05
1.6556301e-05
1.6505194e-05
0.010707041
0.00098211506
5.2908593e-05
0.0057276612
1.682998e-05
0.0045669358
0.0011707413
2.3270853e-05
1.6986245e-05
1.7449542e-05
7.8467562e-05
0.013003006
0.00073272047
0.00049755382
0.0080160798
0.0033524078
0.00316413
0.012422573
1.663766e-05
0.0033485118
0.011084482
0.0016133176
0.00028911752
1.6346034e-05
0.0010095495
1.6853198e-05
1.653852e-05
1.5975944e-05
1.7766208e-05
1.5996869e-05
0.00043638875
1.6529342e-05
0.00017318561
1.6690824e-05
1.6543518e-05
1.7226805e-05
1.6398863e-05
0.003057066
4.1313888e-05
0.0013368223
1.6621619e-05
0.0038365789
0.0018120711
0.00088963952
0.00013519296
0.00082508171
1.6416295e-05
1.6402137e-05
0.00028018188
0.0054083004
1.6485469e-05
1.6753984e-05
1.6511437e-05
1.6637255e-05
0.011556184
2.0522179e-05
1.6269996e-05
0.00054998167
1.6396247e-05
1.7173483e-05
0.012799214
1.6575306e-05
1.6097724e-05
0.0020776708
0.0053960189
1.6682092e-05
0.00051565629
6.7733629e-05
0.010912861
0.00096390962
0.00062567912
0.0012114849
1.6483941e-05
1.6003264e-05
0.00011718834
1.6412781e-05
0.013331359
0.00095109225
0.0095133081
0.0072821597
0.011940716
1.6178056e-05
0.00049359413
1.636129e-05
0.0023882166
0.0014126413
0.00063785275
1.6742088e-05
5.9493394e-05
9.2882755e-05
1.6560362e-05
1.6488315e-05
1.674814e-05
1.6384076e-05
0.0021296974
0.00028492206
0.00061836789
1.5949031e-05
0.0007754086
0.00071205867
1.6766515e-05
0.0094836454
0.00085127192
1.6585611e-05
9.7945086e-05
1.9338878e-05
1.6607869e-05
1.903391e-05
1.6626986e-05
0.0033122301
1.6767815e-05
0.00015310605
1.6582209e-05
1.6496723e-05
0.0071912003
0.0037732408
0.00027874992
0.0037124205
1.7038137e-05
1.6744847e-05
1.8467893e-05
0.011115725
1.8820859e-05
0.00081584843
0.0024826208
0.00046522621
0.00060654466
1.6156793e-05
0.00056361322
0.00011830559
0.00024808873
0.0074098833
0.00085321873
1.6464537e-05
4.4501362e-05
8.894214e-05
2.5645067e-05
0.0072347523
0.0044061756
1.6881009e-05
1.7139148e-05
1.6359949e-05
0.00019300931
0.00089353361
0.00098249812
0.0010731217
1.6997141e-05
1.6157005e-05
1.7206271e-05
2.5685046e-05
1.6964458e-05
0.0053362022
0.0018794116
1.6482351e-05
0.00075183102
0.0054028804
0.00057797376
1.6764622e-05
1.6955507e-05
1.6413829e-05
0.0023571576
0.00066634212
1.7630582e-05
0.00058429965
0.0042291087
1.6421743e-05
1.7982432e-05
0.011464246
0.001651825
3.2522092e-05
0.0091197956
0.00083878118
0.0052324213
3.9313613e-05
0.0013264321
1.89586e-05
0.008099852
1.6237557e-05
1.7504302e-05
0.0024238138
2.1576481e-05
0.00051850914
2.6096337e-05
1.6609157e-05
2.2509971e-05
0.0092033048
0.0012491558
0.0039829188
1.64048e-05
1.6469972e-05
0.0007680598
0.00055046956
1.651166e-05
1.6006901e-05
3.1437271e-05
0.0007955125
0.013953097
1.6618001e-05
1.597613e-05
0.0015310671
0.0071596502
0.001199212
1.6846144e-05
1.610033e-05
0.0016658977
5.0893461e-05
1.6744938e-05
0.0028080058
0.0023919851
0.0014728124
1.6494936e-05
0.0007163644
0.0090925507
0.0092172623
0.0014454074
0.014206485
0.00073191872
0.009628456
0.013637441
0.0018789346
0.00093741361
0.003308564
1.7260121e-05
1.6487399e-05
0.0047593189
1.6554284e-05
1.6611673e-05
0.0027886573
1.6288472e-05
0.0012534386
1.6975708e-05
0.00035099348
0.0057164564
1.8444265e-05
0.014351473
0.0041460074
1.8267587e-05
0.0031839847
0.00015280916
0.0026788775
0.0013321406
1.9345256e-05
1.6318223e-05
0.0017686037
0.0011395776
1.6287953e-05
0.0017980101
0.00088524913
0.00067921205
1.6644376e-05
1.6498466e-05
1.629296e-05
0.00019996635
0.0021165459
1.6400968e-05
0.0083576549
0.0013929638
0.0088414308
1.6499527e-05
0.0010796344
0.0023370892
0.0003188332
0.0029227552
5.9763081e-05
0.005624166
1.6838915e-05
1.705923e-05
1.809701e-05
1.6461764e-05
1.6577934e-05
0.0097354332
1.6479491e-05
1.6611376e-05
1.6629533e-05
3.7016909e-05
0.0008862396
1.6335699e-05
0.0022688455
5.6531939e-05
6.5489266e-05
1.6613303e-05
1.6625628e-05
0.0032275114
0.0012924823
1.5952299e-05
9.7801087e-05
1.6476862e-05
0.0006614319
4.986933e-05
1.7071418e-05
0.0088105415
0.0071174252
1.6357032e-05
1.6612866e-05
1.6168119e-05
7.6127233e-05
1.6792345e-05
0.0045884477
0.0081546797
0.0053805886
9.0321115e-05
1.6528689e-05
0.0005115691
0.0013127156
0.00043305169
1.6361254e-05
0.00011119055
1.820929e-05
2.2568128e-05
3.1768448e-05
0.006860765
2.1001388e-05
1.6595053e-05
1.6294641e-05
0.00023494567
0.013308107
0.00091581307
2.0443185e-05
1.6570027e-05
2.5997541e-05
7.7882458e-05
0.01072277
0.0012477452
1.6885461e-05
1.7069608e-05
0.0033486196
2.1619127e-05
1.6015492e-05
1.7104567e-05
1.6497817e-05
1.6521443e-05
0.00014133245
0.00050197536
0.0011671494
0.01069081
8.4216746e-05
1.6412975e-05
0.001611287
0.00079774214
1.8271884e-05
3.6425168e-05
0.0073720342
0.0084166363
1.645947e-05
0.0022767026
0.0037609552
2.6949597e-05
1.652415e-05
0.001361126
1.6295501e-05
0.001208278
0.0023015755
1.7591538e-05
0.010174644
0.0011998607
1.63095e-05
0.0015393411
0.0017549963
0.0016344245
0.00024502097
1.6472565e-05
6.2480051e-05
1.6476199e-05
7.2235158e-05
1.6816112e-05
0.00058313025
0.0043433609
0.00043943091
0.00048796704
1.6926869e-05
0.00028857765
1.6617348e-05
0.0088401757
0.00071342018
0.0039356217
1.6568661e-05
2.7085897e-05
1.6570945e-05
1.7248227e-05
0.0091054486
0.0028903825
0.0017182909
1.6405977e-05
0.013919271
0.0050496467
0.0053099129
0.0053184905
0.0033014866
0.0034543606
0.0017572828
1.9762874e-05
0.0014970785
1.7045542e-05
1.6637888e-05
0.00034162842
4.039091e-05
0.0098465619
0.0070407431
1.6461532e-05
1.6590116e-05
0.0020338209
1.7549379e-05
0.0014229719
5.0396058e-05
0.014739408
1.6276114e-05
9.1736054e-05
0.001375234
0.0014482865
0.00017355869
0.0012144254
0.013074475
1.7370585e-05
4.7196265e-05
0.00066039558
1.6667075e-05
7.883902e-05
1.6733507e-05
1.6293483e-05
1.6593394e-05
4.795635e-05
1.6496987e-05
0.0069777937
3.1106542e-05
2.4323814e-05
2.1883865e-05
0.0062244778
1.6620641e-05
1.757765e-05
0.00061137888
1.6672359e-05
1.6286208e-05
1.6024563e-05
1.6459937e-05
1.6342101e-05
1.6671636e-05
1.6349275e-05
0.00082789786
1.6476109e-05
0.0007546355
0.00090148124
0.0010343468
0.013544062
0.00050844401
0.00055611651
0.0046479165
0.00014237425
0.0017443599
1.6596442e-05
0.00078815078
1.6347617e-05
6.2950644e-05
1.6324377e-05
1.6632658e-05
1.7465392e-05
1.6096363e-05
0.0059895127
2.9020609e-05
0.0037721334
0.00061793673
1.6523292e-05
0.00016460073
0.00056828311
1.6585693e-05
1.6107594e-05
1.6611722e-05
1.7831966e-05
0.00010494248
0.002319522
1.6522681e-05
0.0034572646
0.00041836353
1.7046913e-05
1.6335853e-05
0.0064798472
5.1342563e-05
0.001812979
1.6172974e-05
2.1035211e-05
0.0091346468
0.0017179566
0.015143903
0.0081854255
1.654071e-05
1.6167414e-05
0.0052985894
0.0062386193
1.6825776e-05
1.6717527e-05
3.4950295e-05
0.0005403044
0.0010461252
0.0022650395
0.0021107438
0.014264468
0.0030896502
1.6551673e-05
0.00026721697
1.791931e-05
1.8732566e-05
1.651086e-05
1.561652e-05
1.7437831e-05
0.0036087016
2.6730287e-05
0.0067970921
0.0038185483
1.7012922e-05
1.6615034e-05
1.646734e-05
0.00012571581
7.4786814e-05
1.9083428e-05
2.4134944e-05
6.7906361e-05
1.6189562e-05
0.0071315265
0.0069780362
1.6890225e-05
0.0017978114
1.8338403e-05
8.870097e-05
2.1789458e-05
1.6591484e-05
0.0067284299
0.0022845076
0.0067340715
0.0076017782
0.0010229545
0.00042450753
0.00017048463
1.6327902e-05
1.6703408e-05
1.6292595e-05
1.6796878e-05
0.0041914439
0.0016224951
1.7438158e-05
1.6635792e-05
0.00063387813
0.0032796246
0.008708303
1.6117091e-05
0.0014170613
0.0098436709
0.00022056098
3.0795578e-05
1.6718063e-05
1.8888216e-05
1.6929445e-05
3.0885795e-05
0.0093346863
1.613016e-05
2.5070316e-05
0.003252954
4.5070557e-05
1.7440973e-05
0.0010653299
0.0095562725
0.0035807197
0.00030767465
4.1741535e-05
1.5968243e-05
0.0010987518
0.0016833387
0.0014519092
0.0062127168
1.6684615e-05
0.0009364456
0.0046742629
0.00010896132
0.0035383734
1.626931e-05
0.0006248759
0.0011340797
1.6463607e-05
1.6413232e-05
0.0089178205
0.0086028821
0.00044583051
1.6823477e-05
7.5939267e-05
0.0042572454
1.6894614e-05
1.7048928e-05
0.0014833737
0.00070580996
0.0016766294
3.52061e-05
1.6684643e-05
1.6603168e-05
0.0016916204
1.6316409e-05
1.7631947e-05
0.0087292034
0.0004025529
0.0018464605
0.0027284835
1.5999032e-05
0.01311879
1.6230199e-05
0.0027319742
1.6081956e-05
0.0012145326
0.00028050726
0.013757397
0.0018190086
0.001281906
0.0030821507
0.0077956512
0.008108561
4.2166827e-05
1.7192552e-05
0.013998143
1.626176e-05
1.9499278e-05
1.6595914e-05
0.0008310298
0.00031984723
1.6891328e-05
7.5505406e-05
0.012022418
1.7044303e-05
0.0010324097
0.00042016964
4.2088571e-05
0.00024533807
1.5982744e-05
0.0047971702
0.00028242451
1.7008208e-05
0.00412105
0.00011989839
1.6778534e-05
1.7226601e-05
5.9916853e-05
0.0082419958
0.0053698675
0.0027971881
0.013817811
0.0031407847
0.0043955932
1.6490421e-05
1.6400301e-05
0.00074622495
0.0027068399
1.633722e-05
1.6991222e-05
0.0019798471
1.648523e-05
0.0035773469
0.0019723672
1.6717461e-05
0.0071606385
1.7920691e-05
0.00010013389
0.0073675111
0.0016343486
2.5590921e-05
1.6956855e-05
2.1832739e-05
1.7524052e-05
0.0015449923
0.00013466397
1.6951619e-05
0.0046990317
1.6697367e-05
1.7219697e-05
0.00042574945
0.0071579178
1.6612905e-05
1.6578206e-05
0.00036739181
1.6443661e-05
0.00027420277
2.1624184e-05
0.0012579912
0.00011116717
0.003255811
2.3719368e-05
1.8361874e-05
1.697088e-05
0.00036798432
1.6321609e-05
0.0016298717
1.9190562e-05
0.0016022957
3.5149478e-05
0.0057674264
0.0013874094
1.5993551e-05
4.2617491e-05
1.6633815e-05
0.0027326835
1.6339026e-05
0.0052135067
0.00016022638
0.0047259804
7.06575e-05
1.7221854e-05
0.0002422022
1.660143e-05
1.6445773e-05
1.8752287e-05
0.00056479412
0.0084724129
0.0011791216
0.00026000101
2.9023484e-05
0.00012445153
0.0038245365
1.7863813e-05
0.0015422832
0.00016031698
1.5508701e-05
3.2273695e-05
1.6019928e-05
0.012190772
2.1339709e-05
4.1570512e-05
0.0062684234
3.2233209e-05
0.0015873511
6.6858613e-05
1.6520917e-05
1.6171837e-05
0.0013487798
0.00097257823
0.0011677133
2.1764114e-05
1.6537722e-05
0.00071555826
0.00093751607
1.6392485e-05
1.7068776e-05
0.00025396536
0.007961075
0.0069944529
0.0037813049
0.00032218509
0.00019941004
0.00092933928
0.0010342142
1.6447104e-05
1.6616203e-05
1.5976103e-05
7.7615689e-05
1.6175953e-05
0.0061679025
0.0018422422
1.6851597e-05
1.898469e-05
1.6134467e-05
1.6654829e-05
0.00032810288
1.7086054e-05
1.6325638e-05
1.6985971e-05
1.6574528e-05
0.0019517089
0.0085232025
0.00010979244
1.8030581e-05
0.012923981
0.001887796
0.0020546726
1.6604364e-05
1.6331868e-05
3.7347458e-05
4.8057799e-05
0.0061348112
1.6480796e-05
0.002546519
1.6504815e-05
0.0040119052
0.0050111059
0.0013484248
0.0094693571
1.6055045e-05
0.0005847556
0.0010015714
7.8262971e-05
0.0021075987
2.1865357e-05
0.0070134624
0.00829095
0.00057327978
1.6412247e-05
1.7498856e-05
0.0015368246
0.00096011198
0.0028567276
0.0080828896
0.0017824439
1.6606872e-05
0.0008898435
0.0017401865
0.00093456038
1.6710414e-05
1.6940848e-05
0.00095427567
0.00011312168
6.1975658e-05
1.770035e-05
0.0037868821
0.001020266
0.010269125
0.0088936471
0.0002523077
1.6760078e-05
4.6602288e-05
3.9624932e-05
0.010235432
1.607054e-05
1.6231284e-05
1.6207363e-05
1.7256507e-05
0.00028990598
1.6480334e-05
0.0010428026
0.00079623618
0.00030466589
0.0011425153
0.00027363833
1.6804491e-05
1.6604144e-05
0.0001944951
1.6275791e-05
1.6881765e-05
0.0013610521
1.8116194e-05
1.641067e-05
1.6355588e-05
0.0023712642
0.00022714668
0.0026085037
0.0010054128
1.6576368e-05
1.6428444e-05
1.6886163e-05
2.820929e-05
2.6829577e-05
0.0071530775
0.00064986215
0.0092082382
0.0019325204
0.0011260354
0.0065587435
1.6657677e-05
1.8725626e-05
1.6686317e-05
6.0450097e-05
0.0042480145
0.010885838
0.0017819731
0.0068275056
0.0079344878
0.00056117158
0.00079629929
0.0027869197
1.6331724e-05
1.8601883e-05
1.5974729e-05
1.6364634e-05
0.0042468241
0.0032067401
1.6594596e-05
0.00011213564
0.0059285665
0.0094097451
0.0047840126
0.00082210424
1.7679842e-05
0.00080213043
1.6518412e-05
1.6613243e-05
1.7938358e-05
0.001353562
0.0017693893
1.659851e-05
1.7040975e-05
0.0001998557
1.6585995e-05
0.00061886234
0.0093122909
0.00036998575
1.9357895e-05
0.00050959441
0.0041271003
0.00073190952
1.6589287e-05
1.8041095e-05
1.6103474e-05
1.7244473e-05
1.7265072e-05
1.6491791e-05
0.0014865579
1.7416628e-05
1.6852375e-05
1.6400106e-05
1.5727543e-05
0.0032214668
0.012275574
1.6678683e-05
0.00011029243
0.0012150383
0.00076988969
0.012370638
0.0019896871
1.6586616e-05
0.0047692678
0.0016406875
1.6589937e-05
0.0072138925
0.00010049244
1.8451794e-05
0.00091926391
0.00062727354
1.6115753e-05
1.6118582e-05
1.7412953e-05
0.0033075666
0.00054345183
0.0037386243
0.0059694522
1.6455977e-05
0.00042424452
2.9651659e-05
1.722157e-05
0.0001146258
9.426361e-05
0.001383733
1.6610006e-05
1.6396894e-05
0.00087827136
1.608913e-05
1.6775313e-05
0.013595261
0.0034923542
1.6563346e-05
0.0042172634
4.1342362e-05
1.717708e-05
1.6005317e-05
3.9164303e-05
7.3808931e-05
1.6631311e-05
1.6516611e-05
1.6607247e-05
0.0023559365
0.00052178216
1.6697118e-05
2.1079635e-05
1.869463e-05
0.00032290481
0.0016081643
0.0008355138
0.00074390683
1.7095042e-05
0.00040165388
0.0035268806
0.0025170796
1.5972005e-05
7.847447e-05
1.7684258e-05
1.7206827e-05
0.0005302225
0.0012831467
1.9347553e-05
0.0053854745
1.6371482e-05
2.4452088e-05
0.0069401334
0.00019994719
0.00012306954
1.9395171e-05
1.624203e-05
2.4811747e-05
9.5487392e-05
0.0022511539
7.6729669e-05
8.0992771e-05
1.6689888e-05
0.00072226277
5.450758e-05
1.7320992e-05
0.0016193534
3.9681493e-05
1.6625114e-05
0.01201549
1.683506e-05
1.6694942e-05
0.012184243
2.1555642e-05
1.6972408e-05
1.7533746e-05
1.6529374e-05
1.7255906e-05
0.005529703
1.6456688e-05
0.0013005349
1.7207608e-05
8.8997712e-05
1.6706999e-05
0.011263728
2.3391173e-05
1.7066829e-05
0.0037882664
0.00010037811
0.00091927555
4.3492147e-05
0.0041655775
1.7810692e-05
3.6258939e-05
1.6536658e-05
0.00039098463
0.0060213681
1.7688543e-05
0.0031117961
0.0014111694
2.1261034e-05
0.00011334561
0.00059653055
0.00059882544
1.6402035e-05
0.0076740275
1.632751e-05
8.6206967e-05
1.7011631e-05
0.00090786119
1.63624e-05
0.00057095294
1.5930738e-05
1.8467954e-05
0.0026605967
1.648384e-05
0.008265368
2.5705989e-05
0.00099345403
1.6807684e-05
0.00042948769
8.1302208e-05
5.4616644e-05
1.6003876e-05
1.6278744e-05
1.7393608e-05
0.0096094698
1.6552845e-05
1.6392357e-05
1.9557872e-05
0.0016363112
0.0060110964
0.0019353597
0.0016050538
3.1823511e-05
1.7994401e-05
0.010857323
1.673644e-05
1.8443152e-05
0.00072001217
1.8331671e-05
1.8090587e-05
0.0023271933
0.00044074088
0.00048200141
7.2624157e-05
1.6598706e-05
0.00064820585
1.6331644e-05
0.0020167919
1.6968805e-05
1.6118139e-05
0.0017586063
0.00026114418
5.1583208e-05
0.0019030043
0.0017955856
0.012898953
0.0047509817
1.5990619e-05
0.00094509822
2.5015467e-05
0.0053496808
0.0025163222
0.00049339566
0.00040386977
2.0510336e-05
1.6688468e-05
1.6320854e-05
1.6470048e-05
0.0017211157
1.7145104e-05
5.4763638e-05
1.8557088e-05
3.6339728e-05
1.6154329e-05
1.8704858e-05
5.4624297e-05
0.001604381
1.6383147e-05
0.00017603232
0.004520186
0.0017321035
0.0021767229
2.0073895e-05
2.4177273e-05
0.0076260028
1.8454791e-05
1.6090691e-05
1.692496e-05
0.00036120397
1.6587016e-05
0.00014390262
1.6416033e-05
1.6715509e-05
0.0022624602
1.599206e-05
1.6594334e-05
4.5236606e-05
0.00057815086
0.00084668675
0.0026408484
0.0019299136
8.0113992e-05
0.00015349422
1.6510216e-05
0.0010550438
1.6567746e-05
0.0024290504
1.7047917e-05
0.011914769
0.00013484377
0.0022662729
0.00036155919
0.011019099
0.0040516764
1.6650341e-05
0.0012421675
1.5982502e-05
4.1523483e-05
0.0037352168
0.0098474112
1.703393e-05
0.002458986
0.0011208841
1.7792231e-05
8.1642264e-05
1.7468458e-05
3.3066388e-05
0.0032929131
1.6518867e-05
0.00057858267
0.0053365732
0.0020995682
1.5743207e-05
1.6662914e-05
0.00036903314
0.00077791482
0.0042873269
0.0014552873
6.5699479e-05
0.0037765978
0.0017679373
1.7082869e-05
0.0011416452
0.0091171715
3.9541833e-05
2.5257699e-05
1.6988739e-05
1.6618148e-05
0.0063135643
1.6619819e-05
0.0010826176
1.7787386e-05
0.002098354
0.00093071638
0.006247022
1.7322447e-05
0.00089275343
6.9373539e-05
0.0008758994
0.00071787935
0.011728766
1.6619253e-05
0.00070749665
1.6770515e-05
0.00031523079
0.0022043416
1.692894e-05
1.6687614e-05
0.004061782
0.0043821875
0.0006594888
1.7448074e-05
0.0092472517
1.6615768e-05
1.6130841e-05
0.00065980359
0.00035026332
0.0023179435
0.0047854415
1.6250302e-05
1.5717139e-05
2.7391633e-05
1.6506713e-05
0.00043705547
0.0062029984
0.00058072369
1.6897385e-05
0.0016020872
1.9134023e-05
1.6111491e-05
5.3453727e-05
0.006353786
1.5311206e-05
0.00028741094
1.6860864e-05
0.0006436508
0.008773636
1.8870462e-05
0.006747365
1.6583713e-05
0.0002812115
0.0010488783
1.646569e-05
0.001018411
7.9468313e-05
1.8093713e-05
4.0196739e-05
0.00022880819
0.01258548
0.0037430772
9.2295976e-05
0.00023923475
1.59634e-05
1.6136664e-05
0.0022523362
1.6577898e-05
1.693514e-05
1.666722e-05
1.6293923e-05
0.0016987038
1.6006692e-05
0.00033461612
0.00014515339
1.6553856e-05
2.2171654e-05
0.0069100059
0.0045640811
1.6598116e-05
1.6346438e-05
1.8424946e-05
0.00036432511
0.0031184175
0.011745624
1.8094306e-05
3.0642795e-05
0.0012357791
0.0023101694
1.6724269e-05
0.013339845
1.5963434e-05
1.8614048e-05
1.6029298e-05
1.6469153e-05
1.6615281e-05
1.704949e-05
0.00062924404
0.0027686182
4.1436646e-05
1.6318883e-05
1.7908784e-05
1.6631339e-05
1.881651e-05
1.6481019e-05
1.6902934e-05
0.00083179674
0.0042697982
0.00085073563
7.9526774e-05
0.0013945869
1.9518407e-05
4.9929486e-05
1.6686659e-05
2.991507e-05
1.6865074e-05
0.00035931243
0.0054161607
0.00016395005
0.0016389904
1.6577271e-05
0.00095875576
1.6744706e-05
0.0014610207
0.0013832311
1.642162e-05
1.7580647e-05
0.0021171364
1.7476366e-05
1.7135022e-05
0.0018329662
1.6412738e-05
0.0067016259
0.00012601544
2.332976e-05
1.6682442e-05
1.6382147e-05
0.0022715159
0.0076926986
0.0028806642
1.6639901e-05
1.6484206e-05
1.6658908e-05
0.010583681
0.0011612787
0.0013733157
1.6610403e-05
1.7462489e-05
1.6474861e-05
1.6516744e-05
0.0053008178
2.495515e-05
0.002113393
0.0025740007
0.00057011734
0.0019407478
2.0402472e-05
0.00072668516
1.6503664e-05
0.0027677855
0.0018908418
0.0033374218
1.6262648e-05
0.00045574285
0.0013930226
0.0051877734
0.0007639854
0.0048333562
1.6754031e-05
1.6011268e-05
0.00047321765
0.00056859433
0.0027577161
1.658113e-05
0.0044575817
3.2177129e-05
0.0079196179
0.001601218
1.6673842e-05
1.7591783e-05
1.6665171e-05
0.00074093928
2.2708439e-05
1.6308559e-05
2.0846102e-05
1.6510798e-05
0.0022814594
0.0010994456
0.00072770669
0.00012006071
0.0021902295
1.6677112e-05
2.204e-05
1.5989718e-05
0.0011299759
1.6723908e-05
1.6325971e-05
1.6760814e-05
1.6623512e-05
1.6325108e-05
1.6595789e-05
0.00087721839
1.7270718e-05
0.0094012613
1.8734314e-05
0.0091315338
1.6314122e-05
0.0044119742
1.6364621e-05
1.699288e-05
0.0018881063
1.6509667e-05
0.001559564
0.0015486715
1.6112383e-05
1.6827481e-05
1.6901045e-05
1.6939327e-05
1.6863643e-05
0.0072213032
0.0047861768
1.6580051e-05
0.00063112809
0.00012642356
0.0074143572
1.6398237e-05
0.0045017953
0.0010660301
1.6522938e-05
0.0042825197
0.0052097244
1.6401764e-05
0.0014994172
0.0031294156
1.9583258e-05
0.00047326462
0.0016995545
1.6557367e-05
6.9567852e-05
0.00031708582
0.0062019492
1.8461525e-05
0.0015266054
1.6827965e-05
1.6753644e-05
0.00030334889
1.6818125e-05
1.6473781e-05
1.7434549e-05
0.0099448255
0.0014455263
0.0042068999
1.6401119e-05
0.0011228512
1.661708e-05
1.6064636e-05
1.7497768e-05
3.9804985e-05
0.0067410913
1.6141335e-05
1.8094597e-05
0.00065651284
0.0052483937
7.585181e-05
5.0545249e-05
1.6747535e-05
1.6333114e-05
1.7064853e-05
1.8612492e-05
0.0005698418
7.4146173e-05
0.0037845996
0.0019507067
1.7152654e-05
1.5956445e-05
0.0033156935
0.0034617835
0.00032068164
1.6461481e-05
0.0018648043
1.6641644e-05
1.5728647e-05
1.6689472e-05
1.6648427e-05
5.2852113e-05
1.657668e-05
1.7183304e-05
2.0998966e-05
0.00017999787
0.00011117468
1.6547254e-05
1.87425e-05
0.00046734763
0.0012004799
0.0076084663
0.0058383639
0.00093443219
1.685108e-05
0.00080413091
0.001397598
0.0061528965
0.00060358585
0.00012464864
0.00056145128
1.6637598e-05
1.8398414e-05
1.5938261e-05
0.00047777423
1.6746869e-05
1.6569388e-05
1.6461798e-05
0.0013681435
0.0010540526
1.9820686e-05
0.0024368905
0.00096523149
1.6347112e-05
1.6631137e-05
0.00040677391
0.00063308669
0.0015726286
0.014965422
0.0011534869
1.6573045e-05
1.6318745e-05
1.8542562e-05
0.00067643831
1.5988669e-05
1.6478371e-05
1.671526e-05
0.0014477888
1.6856806e-05
0.0053145048
0.0019639364
5.0784851e-05
0.0047878311
0.0017444817
0.00037236114
1.6702973e-05
0.0048234136
1.6582509e-05
1.6622437e-05
1.6646425e-05
1.7802948e-05
3.1528727e-05
1.655277e-05
5.6403823e-05
0.00051352177
0.0094513725
1.6529676e-05
1.6654651e-05
6.8816608e-05
1.8448222e-05
1.6745484e-05
0.0015523413
0.00016766441
4.2671758e-05
1.5947637e-05
1.6203966e-05
1.6318193e-05
0.00028769907
1.68606e-05
1.6149436e-05
1.5308769e-05
1.6455654e-05
1.6327125e-05
0.0016699487
1.6495255e-05
1.661914e-05
3.9278605e-05
1.6710763e-05
1.8040282e-05
1.5937094e-05
1.6537687e-05
0.0043134415
1.9226852e-05
0.00957199
1.6564826e-05
1.7857824e-05
0.006326749
0.00055933774
0.014364796
1.7899748e-05
0.0051843956
4.6473533e-05
7.0215897e-05
0.01201597
8.1132744e-05
1.7490921e-05
1.6610934e-05
0.00095552812
1.6167255e-05
1.6484152e-05
0.0023038991
0.00029843367
1.6662547e-05
1.9737125e-05
1.5590596e-05
1.6583684e-05
0.00011001117
0.00031374056
2.1640538e-05
1.6752128e-05
2.4112207e-05
0.0048206132
0.00714599
0.0038230386
1.6533887e-05
0.00086588179
1.6456958e-05
1.6500922e-05
0.00046620942
0.0043166833
0.0068436179
0.0099235937
2.3693079e-05
1.6039997e-05
3.4975437e-05
1.6611992e-05
0.010079426
1.6452212e-05
6.209967e-05
0.00026738167
1.666653e-05
0.00092652086
0.00068050848
0.0042493507
1.6625571e-05
1.7141569e-05
1.6457288e-05
0.0018264347
0.0057790991
0.0070616732
1.6361688e-05
3.4677972e-05
1.6684477e-05
0.0016074298
0.0014115031
0.0042210913
1.6412221e-05
0.013694046
2.1034149e-05
1.677493e-05
1.6469189e-05
0.0017352725
1.8535877e-05
1.6505965e-05
0.0063602567
0.0002448863
0.002181339
1.6616712e-05
1.6658218e-05
1.6327053e-05
1.6360632e-05
7.8886179e-05
0.0006866844
1.6378724e-05
0.00075048584
1.616121e-05
0.0020698983
0.0047399941
1.8812706e-05
0.0013626548
0.00011432812
0.0012907867
1.9710623e-05
0.0009877735
1.6485946e-05
1.6588264e-05
1.6586658e-05
4.7140258e-05
1.6982907e-05
1.6562569e-05
4.5799223e-05
1.7666153e-05
1.6622934e-05
0.0035161858
1.8404025e-05
1.6686299e-05
1.7103137e-05
6.9022082e-05
0.00072255573
0.00032470784
0.0061259922
0.00052104092
1.9462602e-05
0.010255106
1.6498108e-05
1.652339e-05
1.6619618e-05
1.6603534e-05
1.6619185e-05
1.6576926e-05
6.5144019e-05
0.00066856781
0.011696121
1.6399877e-05
9.9526538e-05
1.7737064e-05
0.001468086
0.0042124809
2.0377307e-05
1.5964775e-05
1.6361151e-05
0.00015821169
1.5952154e-05
0.0084827295
1.6983826e-05
1.6574374e-05
0.00063068246
0.0022244166
0.0089693349
1.6423858e-05
1.7015989e-05
0.0013709495
1.9679208e-05
0.0010447104
0.0080695872
0.0080598362
1.6791177e-05
1.6506373e-05
0.0062186627
1.6651817e-05
0.0025042545
1.647243e-05
0.0039650063
0.0015666728
1.632843e-05
0.0024481044
0.00041688453
1.7962065e-05
1.6522031e-05
0.00013506417
1.6635859e-05
0.0062778781
1.6626894e-05
0.0015021473
1.7492535e-05
0.00011096099
1.6562337e-05
1.6863289e-05
0.0024492154
0.0066727336
0.010211329
1.6491619e-05
1.7018575e-05
0.00059851552
1.6564187e-05
1.6002144e-05
4.7808022e-05
0.0064598201
0.00069746753
1.6467152e-05
1.6469605e-05
1.7705808e-05
0.00066692656
0.0010345188
0.0011762838
1.676143e-05
0.0042388479
0.012482276
1.6532894e-05
3.93145e-05
0.0017689395
0.00039915427
1.6647779e-05
0.0036168693
0.0031888113
0.0012809254
1.635795e-05
1.6573398e-05
0.0022038075
1.6750648e-05
0.011211683
0.0090445203
0.0011899883
0.0062154476
1.6721204e-05
0.0010415288
0.00069677839
1.6578358e-05
1.7109841e-05
0.0002912696
0.003447593
2.4561988e-05
1.6538092e-05
1.6455377e-05
1.6307477e-05
0.003285211
1.661404e-05
1.657382e-05
1.6616464e-05
1.6418939e-05
1.6449717e-05
1.7437401e-05
1.6794551e-05
1.6497808e-05
0.00036813999
0.00063738389
2.4394579e-05
1.6538862e-05
1.655652e-05
0.0053275853
1.638103e-05
1.6339276e-05
4.912535e-05
0.0084637425
5.791365e-05
1.9813574e-05
1.5224542e-05
4.2474428e-05
1.8615012e-05
1.6560947e-05
1.6499383e-05
9.7678793e-05
1.643463e-05
0.00033483073
1.9583446e-05
0.0002583236
1.6527854e-05
1.6351512e-05
0.012706987
1.6666248e-05
1.9540374e-05
0.010912042
0.0013085315
1.6028787e-05
1.763082e-05
1.6451721e-05
1.655185e-05
1.666295e-05
1.6076878e-05
0.00010952692
1.6609074e-05
0.0010078107
1.6391441e-05
6.0717119e-05
1.6301234e-05
0.0022259096
1.6576251e-05
0.0057761734
1.6601003e-05
0.015270592
1.7070688e-05
0.0061589803
0.0053964899
7.6788922e-05
1.6466351e-05
1.6362885e-05
0.009605351
1.7486842e-05
1.7097677e-05
0.0036800944
0.00076703097
5.4818815e-05
0.0010250264
1.6609745e-05
1.7283534e-05
0.0022903688
1.6515578e-05
1.6608931e-05
1.6611826e-05
1.7268024e-05
1.6415396e-05
0.00083133519
3.6261194e-05
1.6290132e-05
0.0012688924
1.6542482e-05
1.6626951e-05
1.6614875e-05
0.001138339
0.010652662
1.6368341e-05
3.8928411e-05
0.0011470765
0.0075589812
1.597704e-05
1.6366422e-05
0.0013641431
1.6328455e-05
1.7969505e-05
0.00033836971
1.6363758e-05
2.4095744e-05
0.0045455858
1.6016357e-05
1.6248431e-05
0.0014701668
0.0012260291
1.9739811e-05
1.6347016e-05
0.01309401
1.6614411e-05
1.6466954e-05
0.012829201
1.6662094e-05
1.6623778e-05
5.0577971e-05
1.9491785e-05
0.00083967977
0.00016198818
1.6268298e-05
0.010015924
4.1335596e-05
5.5185463e-05
1.6500832e-05
1.6298072e-05
1.649885e-05
0.00035573252
1.6364694e-05
0.00024235187
0.00043915752
0.00053898438
0.0012695734
6.6584784e-05
4.5067448e-05
1.6836971e-05
0.0010475718
1.6675281e-05
0.0098892325
0.0048329906
1.6607527e-05
0.0018044042
0.0012240325
0.0019143444
0.00081240357
1.678716e-05
0.0043095142
0.0070046201
1.6662691e-05
0.00091829863
1.6576528e-05
0.00036182019
1.6742161e-05
0.00065881446
1.6327338e-05
1.657273e-05
0.0018623683
1.654495e-05
0.009400172
0.0069902739
1.6400708e-05
0.00083583352
1.6311623e-05
1.6285786e-05
1.6320726e-05
1.6883381e-05
4.6305919e-05
1.7100077e-05
0.0014405877
1.6508942e-05
1.8865373e-05
0.0096396011
0.0089212908
1.6580629e-05
6.802751e-05
1.6567685e-05
1.9145722e-05
0.0019365794
0.0051464697
0.012322764
1.652698e-05
1.6594159e-05
1.6692737e-05
1.6614786e-05
1.7714207e-05
1.6319943e-05
0.00018088289
1.6330488e-05
1.6535904e-05
1.5981094e-05
1.6335813e-05
1.636179e-05
1.933174e-05
1.6614409e-05
6.0538796e-05
1.6580033e-05
1.8853323e-05
0.0033406311
0.0013829665
5.5276581e-05
1.6704897e-05
0.00089556139
2.1646854e-05
1.6380283e-05
1.6599583e-05
0.0016179439
1.6305101e-05
1.9317972e-05
1.6426054e-05
4.6858475e-05
1.6493813e-05
2.0506356e-05
0.0015438559
6.3695589e-05
1.6365218e-05
1.905467e-05
1.6629204e-05
0.00046914739
0.0019707064
1.6313366e-05
1.7494449e-05
0.0035017577
0.0013503499
0.00072115042
0.00054567036
1.6543388e-05
1.63245e-05
1.6416815e-05
0.000360484
0.0081147937
0.0017976065
1.9203025e-05
1.6479806e-05
2.1854473e-05
1.6014256e-05
1.9792667e-05
0.000159798
0.0061355095
1.6126895e-05
1.6710967e-05
2.1258593e-05
1.9504571e-05
1.6596468e-05
1.6505011e-05
0.00040370556
1.6669006e-05
1.683827e-05
0.00097984833
0.0034761674
1.6255746e-05
1.7092185e-05
1.6383898e-05
1.6312781e-05
0.0017945974
1.6405675e-05
1.6588325e-05
1.6802631e-05
4.4493856e-05
0.0037991321
1.9141819e-05
0.0095987518
0.0018770215
1.6514892e-05
0.0073354872
1.6333006e-05
1.6614935e-05
1.6532292e-05
1.6475324e-05
0.00067565816
1.6741855e-05
1.6151089e-05
1.6597628e-05
1.6326143e-05
0.0027613284
0.0023764056
1.9430571e-05
1.661921e-05
1.7470239e-05
2.9615906e-05
1.6652972e-05
0.0015251858
0.0035675182
0.0025145354
2.3226988e-05
1.6627565e-05
1.6513086e-05
0.0045856476
3.3790256e-05
1.9233826e-05
0.0014034944
1.649036e-05
1.6599397e-05
0.0015906051
0.0063794679
0.0033066047
1.6413827e-05
0.0013358551
1.6441416e-05
1.9701459e-05
0.0061750545
0.00039227902
1.6328719e-05
0.001385355
2.6641504e-05
1.6601339e-05
0.00044842967
0.00010933414
1.659605e-05
0.0029906549
6.939512e-05
0.014123441
1.6324822e-05
0.00041878148
0.0035542901
0.0011074083
1.6424879e-05
0.0022961259
0.0063446801
1.6428259e-05
7.6988253e-05
1.8463697e-05
1.6331494e-05
1.6406228e-05
0.00032679465
0.0031837202
1.5992811e-05
1.6031216e-05
0.0049026204
0.0012415948
0.00086973571
1.6618228e-05
1.6856568e-05
0.0062074769
1.6403627e-05
1.7319842e-05
2.0756195e-05
0.00063070874
0.014075059
1.6400634e-05
1.6449477e-05
1.7940467e-05
0.0052400195
0.0048352922
0.00056657269
0.0015904649
0.00050090801
0.0066181112
1.6487346e-05
8.1539677e-05
0.007531798
1.6354511e-05
1.6763917e-05
2.0266727e-05
0.00081635508
1.6489786e-05
1.9556481e-05
1.6813779e-05
0.00048992
1.6328521e-05
0.0082264284
2.0980568e-05
1.6625444e-05
1.6464216e-05
1.7128051e-05
2.083908e-05
1.5327552e-05
1.6011342e-05
1.635673e-05
1.650122e-05
1.6360226e-05
1.6724228e-05
1.6360077e-05
0.0087207371
1.671153e-05
0.0046285702
0.0013407368
1.5932861e-05
0.0025912431
0.0014186298
1.6333331e-05
0.0017908466
1.6035872e-05
1.6581738e-05
1.9578617e-05
0.0005700124
1.6400254e-05
1.6474908e-05
3.2281345e-05
1.6511833e-05
0.0017247374
1.6587809e-05
1.6781887e-05
0.005315482
0.0021711943
0.00093440368
0.0007412664
1.6518319e-05
0.0067358269
1.6545347e-05
1.6547466e-05
1.6685975e-05
1.655092e-05
1.6814133e-05
1.6334061e-05
1.6402776e-05
1.6443571e-05
1.6310674e-05
0.001876869
0.00037061012
1.6867457e-05
0.0052632556
0.0074984493
0.0034639714
1.6508601e-05
0.00010355084
2.053218e-05
0.0027013694
2.4130105e-05
1.6394454e-05
1.7268287e-05
1.9726265e-05
1.6868049e-05
1.6819162e-05
0.00079312127
1.756803e-05
1.6593595e-05
1.6640405e-05
0.014775597
1.6927403e-05
1.6490609e-05
1.7702568e-05
1.7938811e-05
3.5317073e-05
0.00018277994
0.0012424043
1.651922e-05
1.6570033e-05
1.6635845e-05
2.1009055e-05
1.6868862e-05
1.6495822e-05
0.0096526271
1.6486767e-05
0.0069117112
0.00055458662
1.6372712e-05
1.6677588e-05
0.010870774
0.011691349
7.8212575e-05
1.6530981e-05
1.6611264e-05
2.2893155e-05
4.3974387e-05
1.6571025e-05
1.6612985e-05
1.6832755e-05
0.001289098
1.641431e-05
1.6539215e-05
2.7448805e-05
0.0032160046
1.7366324e-05
1.6532802e-05
1.6720785e-05
1.6558689e-05
1.655819e-05
0.0016140123
1.6765707e-05
0.0011661878
1.5983835e-05
1.6787961e-05
0.0035889402
5.0500868e-05
1.9234249e-05
1.6418643e-05
1.8603254e-05
0.0012776776
0.0022727251
0.00011770616
1.6800314e-05
1.6500192e-05
1.6309049e-05
1.6382926e-05
0.0029577802
0.00044963143
1.6551509e-05
4.917792e-05
1.6951565e-05
0.0074539729
0.0049245844
0.0078994058
1.6623424e-05
1.7734837e-05
1.9491822e-05
1.6486147e-05
0.001749011
1.6611422e-05
4.3903281e-05
1.6614525e-05
1.7134769e-05
0.0018064674
1.6750311e-05
1.6359374e-05
1.6484471e-05
1.6310742e-05
0.00023528337
0.00022890729
1.6493958e-05
0.013279032
1.6611543e-05
0.00062988479
1.6551069e-05
0.00025605915
0.0012046976
1.6400679e-05
0.0015480913
0.003673564
0.0052395215
1.6519138e-05
0.0015571798
1.7645953e-05
0.0012689178
2.8743063e-05
1.7480215e-05
1.921059e-05
1.6484211e-05
0.0016818633
1.6306871e-05
0.0075854205
0.0085280911
1.6385841e-05
1.6791281e-05
0.0038037047
1.6437605e-05
1.6414448e-05
0.0095426769
1.6571005e-05
0.0029766931
0.0011033963
1.7043788e-05
1.661571e-05
2.4190672e-05
0.0042096362
0.0056838485
0.0012643666
1.7397776e-05
1.6445873e-05
1.6328615e-05
0.00035519528
0.00060754397
0.0021853221
1.657882e-05
1.7491965e-05
1.6618333e-05
1.6283682e-05
1.6392479e-05
1.6882688e-05
1.672889e-05
1.6612855e-05
0.013192796
1.6730124e-05
1.6618143e-05
7.6969362e-05
1.6647247e-05
1.633233e-05
1.647337e-05
0.0021968583
0.00035021241
0.0013405603
1.6514819e-05
1.6483362e-05
0.00024545139
1.6645167e-05
0.00068939805
0.0012518998
0.00014343261
1.6745608e-05
1.8003201e-05
1.6364289e-05
1.655331e-05
3.5718305e-05
1.6761855e-05
1.7173536e-05
1.6795226e-05
1.7593906e-05
1.6613454e-05
0.015435249
0.00092528666
0.00083429105
1.6303448e-05
0.010616551
1.6315878e-05
1.6791937e-05
0.0017071912
0.0043018074
1.657871e-05
0.0011061974
1.6563815e-05
0.0037493416
1.6370687e-05
0.0062049253
0.00063705682
1.6551609e-05
1.6373579e-05
1.6636892e-05
0.0061797742
1.6664467e-05
0.015530851
1.6785741e-05
1.6611016e-05
0.001336379
1.6397715e-05
1.6581112e-05
1.5970708e-05
2.2642379e-05
1.6474999e-05
1.6379728e-05
0.00057635825
0.0037008471
0.00055259279
9.6320121e-05
1.6794644e-05
0.0090920984
0.0022330771
1.639244e-05
2.5278015e-05
0.0021636233
0.0011476524
1.6350358e-05
0.0064701039
0.00079633376
0.0095892833
1.6702242e-05
5.492361e-05
0.0073050383
0.00058573203
1.6613728e-05
0.0033360122
1.6504379e-05
0.010779693
0.0033988858
0.002826047
1.6655897e-05
1.6536518e-05
0.0019391707
1.6320424e-05
1.6810747e-05
1.6535416e-05
1.6113373e-05
1.6314824e-05
1.648175e-05
0.0080556622
1.6445557e-05
1.6492806e-05
0.0047804369
0.0037835352
1.6356211e-05
0.00046024913
0.0009371463
6.7801604e-05
1.6618845e-05
1.6055854e-05
1.6839272e-05
1.5914049e-05
0.0011585875
0.00078041107
1.6626505e-05
0.013866672
1.630677e-05
1.6313146e-05
1.709691e-05
6.0073275e-05
6.2310087e-05
1.6560666e-05
0.00037289549
1.6015925e-05
0.0014310646
0.0016651645
0.0001693961
1.6751994e-05
1.6589966e-05
1.6955055e-05
1.6531043e-05
3.8255311e-05
1.6312555e-05
1.6336624e-05
0.00099351995
1.6480188e-05
1.6525544e-05
1.7990516e-05
1.6347268e-05
1.685316e-05
0.011919083
1.65734e-05
1.6395098e-05
1.6351637e-05
0.0011965331
1.6566184e-05
0.0014087833
1.6515932e-05
0.00017532572
1.671251e-05
1.6621741e-05
0.0062879115
0.0034844414
1.6371483e-05
1.6346211e-05
0.0013742112
1.6402645e-05
0.00092334628
2.8503383e-05
0.00064840367
0.0078804402
0.0052210242
2.4260113e-05
8.0445333e-05
0.0063369254
0.00051035274
0.00013218901
1.6695143e-05
0.012219532
5.4947196e-05
1.6494015e-05
1.6716782e-05
3.2451496e-05
0.006476796
0.00049754932
0.0015659495
0.0063483356
1.6554574e-05
1.7272197e-05
1.6364884e-05
1.6310701e-05
0.0020080501
0.012767636
1.6329728e-05
0.0033535423
0.0010154699
1.6617603e-05
0.010636569
1.6452333e-05
1.6555274e-05
0.0019896971
6.661626e-05
1.6574419e-05
0.007089424
5.2186877e-05
4.3812115e-05
1.6885106e-05
1.6380512e-05
1.6492771e-05
1.9637482e-05
1.6891429e-05
1.6400907e-05
1.6589366e-05
1.6313752e-05
1.707995e-05
0.0010354353
2.6372857e-05
1.6357758e-05
0.00014539115
0.001516731
0.013872866
1.6758555e-05
1.6620861e-05
0.010305846
4.8062321e-05
1.6400745e-05
1.675414e-05
1.6534286e-05
1.6434336e-05
1.6315781e-05
0.0017475982
0.010686889
1.6586689e-05
0.00099042454
1.641431e-05
0.00040033176
1.6305987e-05
1.6850418e-05
1.6656676e-05
1.6601927e-05
1.6469997e-05
0.0017816128
0.0049139587
1.6670244e-05
2.2444321e-05
0.0010840342
1.6536387e-05
1.6942099e-05
1.618576e-05
1.6585209e-05
0.0013024406
1.6488433e-05
0.0094623847
1.646923e-05
1.6363747e-05
0.0022528211
0.0017929603
0.0020607681
0.0094400842
0.010586977
0.0009709054
1.6513293e-05
0.0070000851
0.0064253792
1.6621591e-05
1.6111186e-05
0.0086352673
0.0053541075
1.6494161e-05
0.0010603435
0.0068294595
0.0024173222
2.9655056e-05
3.9628061e-05
1.6575172e-05
1.6454317e-05
0.011851121
1.6625207e-05
3.8858526e-05
1.7438249e-05
0.0006635161
1.7919897e-05
1.6628161e-05
2.2956772e-05
0.012525705
0.0035925441
1.6598426e-05
0.012983609
0.00025606791
0.010870011
1.679376e-05
6.5958029e-05
1.6397377e-05
1.6576363e-05
0.0010166708
1.6482114e-05
4.3721959e-05
0.0035318037
0.0037453252
3.2399334e-05
1.8219385e-05
1.6681831e-05
0.0014341706
0.0010084984
1.6643494e-05
1.6499829e-05
0.0086533189
0.0023227472
5.8839751e-05
0.00010537714
1.673902e-05
1.6315705e-05
1.6562225e-05
1.6481872e-05
1.6580228e-05
0.0021702481
0.0072284602
1.6719849e-05
1.6827118e-05
1.6467778e-05
0.00052208172
0.015477765
0.0018368778
1.6405902e-05
4.7736701e-05
0.0027805287
1.6324078e-05
1.6614181e-05
0.0026372239
1.7466157e-05
1.663134e-05
1.6526072e-05
1.8493072e-05
1.749849e-05
1.6520412e-05
1.6390402e-05
1.6751831e-05
0.00084112818
1.6412202e-05
0.00026930404
0.013066776
1.5983303e-05
1.657509e-05
0.012677203
0.00088026067
1.6903075e-05
1.7489215e-05
0.00023781388
0.00032879522
0.0028542545
0.00025865223
1.6648023e-05
0.01057266
1.665361e-05
1.6314716e-05
1.6633033e-05
1.654616e-05
1.673134e-05
1.6336468e-05
1.6398093e-05
0.0018808609
0.010135776
0.0022079178
1.6551567e-05
1.6613224e-05
1.6458179e-05
0.00099651864
0.01339387
0.0014651527
0.001015505
1.6498958e-05
0.0062457846
1.6428461e-05
2.1956463e-05
0.0062006928
0.0042088378
0.00022860983
1.6400054e-05
0.0014220011
1.6411574e-05
0.0076540982
1.6826306e-05
1.6491788e-05
1.9768344e-05
1.6412274e-05
1.6321824e-05
0.0013875911
1.6576934e-05
0.010665358
0.00011149088
0.0046564086
0.013979492
1.660534e-05
1.6319668e-05
0.00048836227
1.6036831e-05
0.01399654
1.7198402e-05
1.7029899e-05
1.6594247e-05
1.573817e-05
1.6746795e-05
1.6575363e-05
2.9579923e-05
0.015783969
1.8223378e-05
2.21005e-05
0.00052370761
0.0013268319
1.6783981e-05
0.00011204874
1.646157e-05
1.6740328e-05
1.6311711e-05
1.6487035e-05
2.4985178e-05
0.00087448471
1.6553443e-05
4.04084e-05
0.0086736116
1.9603548e-05
1.7480549e-05
1.6350518e-05
3.5783948e-05
1.6413265e-05
1.6619896e-05
0.00060471752
1.6379576e-05
1.8541321e-05
0.012067572
1.6786593e-05
1.5822305e-05
1.5908328e-05
1.5828917e-05
1.5820288e-05
1.5908256e-05
1.5917998e-05
1.5914552e-05
1.6147759e-05
2.1452946e-05
0.00012786547
1.9861482e-05
1.6457167e-05
1.5857575e-05
1.5831197e-05
1.5855223e-05
1.5860099e-05
1.5854092e-05
1.5818671e-05
1.5821018e-05
1.5823457e-05
1.5858559e-05
1.5846052e-05
1.5883635e-05
1.5912177e-05
1.5916008e-05
1.5919741e-05
1.5924786e-05
1.5919915e-05
1.7622127e-05
1.5834801e-05
1.582576e-05
1.5817152e-05
1.5826991e-05
1.5837723e-05
1.5814655e-05
1.5912316e-05
1.5857703e-05
1.7431712e-05
0.00034390477
1.6427112e-05
1.8863299e-05
1.6381188e-05
0.00140259
1.8170787e-05
1.6329546e-05
0.0064265036
0.0010859817
0.0094848688
8.4604865e-05
1.7234858e-05
1.6472396e-05
1.6384315e-05
9.2450854e-05
1.7538521e-05
1.6355932e-05
1.6538491e-05
5.7247934e-05
0.0035107327
1.6309461e-05
1.6789039e-05
0.0031392337
7.5799159e-05
1.6364694e-05
0.00066489866
0.00059439258
1.8578283e-05
0.00024524961
1.6952633e-05
0.00044766056
0.00034904329
0.005167287
1.7437464e-05
0.0015342969
0.0017461468
5.8976479e-05
1.8135424e-05
0.00056647319
1.672285e-05
0.0051831484
0.012560982
1.6750003e-05
0.00202361
0.0012276594
0.0011400895
1.5984969e-05
0.012513593
0.00010806017
0.0028656614
1.6622223e-05
0.010023342
1.6959606e-05
1.6370345e-05
9.166013e-05
1.6655289e-05
0.0025685433
1.6353946e-05
0.00024777085
1.6589242e-05
1.6674609e-05
0.0013136708
1.636952e-05
0.0063238124
1.6820171e-05
1.7328778e-05
1.640704e-05
0.00071504241
0.0016549221
0.012531689
0.010228578
0.00041418469
7.4766894e-05
1.6674392e-05
1.6418524e-05
0.0002080109
0.0085437415
1.5982908e-05
0.0052237192
1.6510954e-05
0.001332676
1.7175256e-05
0.01244659
1.6388e-05
1.6380829e-05
1.6308444e-05
1.651107e-05
1.6611615e-05
0.00084813944
1.6477329e-05
0.0065710102
1.7485494e-05
0.00067383788
1.6362751e-05
1.6416532e-05
1.6584681e-05
1.657782e-05
5.5613397e-05
1.65743e-05
1.7272404e-05
1.6567971e-05
0.0010168003
0.00022487333
0.0031563636
1.6893275e-05
1.6513455e-05
9.8057265e-05
0.001419016
0.001219475
1.6616153e-05
0.0025352822
1.6463216e-05
1.6249643e-05
1.598709e-05
1.6572623e-05
0.00074833053
1.6540716e-05
0.01352042
0.0009767608
0.0010407945
1.6583929e-05
0.001041154
2.1873578e-05
0.00029644461
0.0052655702
1.6370459e-05
1.6809366e-05
3.7060932e-05
0.010995872
1.6639581e-05
1.7030385e-05
0.0014078951
1.716286e-05
1.7498029e-05
0.0012497315
0.00073963265
1.6623406e-05
0.0052884356
1.5916455e-05
0.0037278825
1.6982365e-05
1.632778e-05
0.0062608686
1.667599e-05
1.6440832e-05
0.00011320288
0.0153701
1.6517355e-05
1.6570976e-05
1.763239e-05
1.8796017e-05
1.664232e-05
1.7452241e-05
0.005267682
1.6543273e-05
0.012863287
0.0013981213
1.6376952e-05
1.6324371e-05
0.00015531642
1.7686998e-05
1.6487037e-05
1.6615181e-05
1.6310433e-05
1.6323829e-05
1.6309421e-05
1.7364724e-05
0.0016588013
1.659854e-05
1.6620305e-05
0.0013803779
1.6399602e-05
1.6687817e-05
0.012525619
1.6352098e-05
0.0034451487
1.6413841e-05
1.6565409e-05
1.6104893e-05
0.0036411336
1.8920851e-05
1.8184848e-05
1.6201211e-05
0.0018341468
3.7539973e-05
1.6283457e-05
1.6638804e-05
0.0076737857
1.6325643e-05
0.00082306658
2.3875332e-05
0.0032716756
1.6459419e-05
0.0043900109
1.6391818e-05
0.00075027166
0.00094211624
0.0068083139
1.6607757e-05
4.9754568e-05
1.6367471e-05
1.6627823e-05
5.8364328e-05
0.00095332558
0.0064468603
1.6397636e-05
1.6721585e-05
1.6624028e-05
0.0056293317
1.6789007e-05
0.0010548407
1.6584635e-05
0.010007739
1.6947652e-05
1.6759796e-05
1.7500343e-05
1.9552756e-05
1.6390929e-05
0.0012603087
7.626651e-05
1.6828906e-05
1.6462086e-05
1.6413872e-05
1.6566635e-05
0.0062240557
1.6349395e-05
1.6721316e-05
1.6814047e-05
1.6553852e-05
1.6428179e-05
0.0004922926
0.00060686301
0.0006724735
0.0016277499
0.00022658049
1.6740513e-05
1.7130458e-05
0.0015019788
1.642468e-05
0.014673143
0.0052135997
1.6953491e-05
0.0096492741
1.6565898e-05
0.00027841444
1.8979132e-05
0.00030708096
1.9806523e-05
0.0068037756
5.3717239e-05
1.6542886e-05
0.0014319928
0.015098496
1.6817845e-05
0.010884822
1.6566979e-05
1.6704055e-05
1.6461838e-05
1.6413338e-05
1.7261754e-05
1.6568547e-05
1.6418905e-05
1.6378013e-05
1.6331512e-05
0.00060275174
0.0022069191
0.0029244512
0.0001729852
1.6815384e-05
0.0086668183
0.00091584032
6.6244536e-05
0.012891283
3.069098e-05
1.6768736e-05
1.6781361e-05
0.0036519071
0.00099051503
1.6121267e-05
0.0053231106
0.0093030207
3.2328634e-05
0.010355318
0.00029226311
0.0015710745
0.0062411687
1.6443602e-05
0.011263223
1.8723357e-05
8.2203011e-05
1.9589581e-05
0.0042504923
1.6604918e-05
0.0031718555
0.00088702971
1.6112799e-05
1.6629809e-05
1.6758431e-05
0.0012197597
1.7317371e-05
0.00039861703
0.0017103425
1.5928354e-05
2.1805251e-05
1.6799697e-05
3.9706712e-05
0.0010996915
1.7612974e-05
0.0014911786
1.6806601e-05
1.6523244e-05
1.813522e-05
0.00018854536
0.00099359681
1.6779995e-05
1.6566558e-05
1.6674647e-05
0.00092333339
0.0033077139
1.6625627e-05
0.00011007865
0.0013638316
0.008114594
3.3892815e-05
1.6577491e-05
1.6506189e-05
0.0038118692
0.00073284513
4.7836936e-05
1.6823e-05
0.00023539463
0.0010773988
0.0011969537
1.657884e-05
0.0048351837
0.00097707761
2.2697178e-05
0.0016528989
3.8720502e-05
0.00053731035
1.6479637e-05
1.6549241e-05
0.00011683359
1.6465814e-05
1.6503929e-05
1.6553058e-05
1.8952955e-05
1.6548716e-05
1.6432183e-05
0.00025654493
1.6468692e-05
1.6318019e-05
0.0013562119
0.00020252345
0.0046897369
0.014569912
0.00070312429
1.6307868e-05
1.6364259e-05
0.0015367502
2.7917322e-05
1.6513162e-05
0.0070677453
0.0024050748
1.6608911e-05
1.6488851e-05
9.8497475e-05
0.0011332533
1.6618639e-05
0.0052285986
1.6276777e-05
1.6598565e-05
1.6321225e-05
1.6489509e-05
3.3539391e-05
0.002642554
0.0027924306
1.9276668e-05
0.0043192832
0.0063093222
0.0042707861
6.502979e-05
1.6482105e-05
3.4412298e-05
1.6527437e-05
1.6448397e-05
1.6568325e-05
1.6759685e-05
1.635966e-05
0.0062698506
1.6805496e-05
1.6576359e-05
1.6577986e-05
0.00099660947
1.6382121e-05
0.0033641157
4.0039933e-05
1.6348931e-05
1.664719e-05
2.300497e-05
1.6326616e-05
0.0062690837
1.6691701e-05
1.6731761e-05
0.011819291
0.00069775907
1.6421449e-05
1.6364749e-05
1.6634313e-05
1.6621966e-05
0.0037689784
0.0052578086
0.001784135
4.5845148e-05
0.0038276481
1.6649439e-05
1.6732991e-05
1.661257e-05
1.6981551e-05
1.633436e-05
1.6496519e-05
1.6859443e-05
6.6761075e-05
1.7047568e-05
0.0082836237
0.0068770329
1.6669335e-05
4.0931764e-05
7.2404405e-05
0.0020343177
0.0013174612
1.6297613e-05
1.645914e-05
1.6381743e-05
0.0037926396
0.0052779218
0.0062531579
0.01083818
0.0015610976
0.0061723107
1.6556402e-05
1.7467187e-05
1.910084e-05
0.0065230603
3.6243745e-05
1.6515293e-05
0.0041721457
0.0063171901
1.6376898e-05
1.7272408e-05
1.7073808e-05
1.6657717e-05
1.6254187e-05
1.7160773e-05
0.0011586658
0.0068383162
1.6328718e-05
0.00020110199
0.0020440654
0.0016409053
0.00018086931
1.7654272e-05
1.7804403e-05
0.0011351878
0.0089335229
1.6428066e-05
1.6832067e-05
1.6421045e-05
1.6367735e-05
0.0038321592
0.0007845412
1.6740942e-05
0.00026306606
1.6645195e-05
0.010676588
0.00030075804
5.9944559e-05
1.6414179e-05
1.6351229e-05
1.7873214e-05
1.7454086e-05
7.1560083e-05
1.6335524e-05
1.6359275e-05
0.0007629727
0.00054680284
1.5956598e-05
1.6363152e-05
0.015044154
2.7021804e-05
0.00047469807
0.00078592683
0.010795988
1.6839703e-05
1.6363296e-05
1.6301612e-05
0.00018788255
0.0001091061
7.6506662e-05
0.0099188837
0.0022557481
6.3127264e-05
1.6470045e-05
1.6363853e-05
4.3846487e-05
1.6469963e-05
1.6699694e-05
0.0034103156
0.00018891788
1.6617605e-05
0.00012629133
1.6347204e-05
0.0016999718
1.6535642e-05
1.6412079e-05
8.3260337e-05
1.6586373e-05
1.754675e-05
1.6588156e-05
1.6489377e-05
0.0031560052
0.00059302533
1.6415235e-05
0.015596798
1.6709556e-05
1.6544741e-05
1.653718e-05
0.0095182269
0.00079616157
2.7417339e-05
1.6675435e-05
6.3639122e-05
1.631334e-05
0.0052991301
1.678571e-05
1.6463996e-05
0.00030392734
1.6386e-05
1.6273132e-05
0.0044280239
1.7079283e-05
0.0022447144
1.6571726e-05
1.6616282e-05
1.6703511e-05
0.0017311556
1.6628257e-05
0.0054378192
0.00038148996
1.6576243e-05
0.00021452328
0.0043665718
1.631782e-05
1.6569315e-05
0.0043136669
1.6477355e-05
1.6520622e-05
0.00065805162
1.6613093e-05
0.00097798442
0.00041458485
1.6498999e-05
1.6479101e-05
1.6557151e-05
1.7940381e-05
0.0013172419
0.0028926829
1.6356851e-05
0.0013073349
1.7536758e-05
1.6345021e-05
0.0061234874
0.0053529345
0.0029861111
0.00084353623
0.0011838738
1.7596166e-05
1.6336955e-05
1.6618497e-05
1.6788828e-05
0.00044682709
0.0057676206
0.00017501919
2.385436e-05
0.0021696037
1.6421754e-05
0.0065423881
1.6408605e-05
1.7098216e-05
0.011153444
1.6325411e-05
0.00028331173
1.6536436e-05
1.6807921e-05
1.6401953e-05
5.7423775e-05
0.0092887478
1.6669835e-05
1.6312078e-05
0.0042725001
0.0018481078
1.6614138e-05
1.6576765e-05
1.6375763e-05
0.001038587
0.00062706168
1.6300068e-05
0.00092417939
1.6615609e-05
1.6299726e-05
0.00062765815
1.6453614e-05
0.0045891272
1.6602414e-05
5.931858e-05
1.6761726e-05
1.5940208e-05
1.6795798e-05
0.014871947
1.6660129e-05
1.6586897e-05
0.0023389993
1.7260725e-05
1.6590898e-05
1.6545768e-05
0.011972103
0.00011080556
1.6611627e-05
1.7204109e-05
1.64845e-05
0.0027990979
1.664913e-05
1.6573081e-05
0.01269665
1.6488312e-05
0.0012873313
1.6450155e-05
0.00013488338
1.6366775e-05
1.9743372e-05
1.6522517e-05
1.6051529e-05
1.647039e-05
1.6570159e-05
0.0013533867
1.7318012e-05
1.6442074e-05
0.014158933
1.596521e-05
1.6325646e-05
1.7978454e-05
1.64113e-05
0.0080404585
1.612888e-05
1.7002063e-05
1.6317179e-05
1.6501184e-05
0.0031715944
1.6572505e-05
0.00178092
0.0042690567
1.6613907e-05
1.6613439e-05
1.6536895e-05
1.6369371e-05
1.6083673e-05
1.6372502e-05
1.6925204e-05
1.6311709e-05
1.6580799e-05
0.012371712
1.6415024e-05
1.6637722e-05
0.011718292
1.6142031e-05
1.6503575e-05
1.657775e-05
0.0042595151
0.00048984041
1.6313075e-05
0.0012522422
1.6536257e-05
0.0092921292
2.1622716e-05
0.010854762
1.6576119e-05
0.0028885916
1.8589075e-05
0.0062890837
0.012479093
0.0037675212
1.630655e-05
0.01220702
0.0023437295
0.00052143048
1.6746127e-05
1.5800497e-05
0.00024160574
0.00075393873
0.0014068601
0.0010492172
8.1989977e-05
1.8009274e-05
9.3627104e-05
1.6424968e-05
0.0032517616
2.26713e-05
0.011825459
0.0016782684
1.6713599e-05
0.0036442138
1.6356116e-05
1.6390248e-05
1.9718124e-05
1.6531909e-05
0.00011872383
1.6379059e-05
1.6305412e-05
0.0034296305
1.6825658e-05
1.6582415e-05
1.7302447e-05
6.2274976e-05
2.9695901e-05
5.1236646e-05
0.0013643648
1.6274744e-05
0.0092391677
0.00016272065
1.6590654e-05
1.6560582e-05
1.6743923e-05
1.6302767e-05
0.0064260647
1.6450089e-05
0.0031783187
1.6572007e-05
1.6368506e-05
0.0021509476
0.0012822549
1.7002262e-05
0.00028371392
1.8473901e-05
0.0015231867
0.00066135743
0.015299908
1.6408943e-05
1.9580122e-05
1.6469703e-05
2.0133759e-05
1.6510534e-05
0.00054357246
7.3596293e-05
1.651666e-05
2.1247626e-05
1.6547083e-05
1.6251451e-05
0.00038186082
0.0011479456
2.289893e-05
1.6338773e-05
0.0010049626
0.0017583549
1.6509939e-05
0.012127045
0.014561503
1.8957392e-05
0.013511968
5.9356614e-05
0.0073133628
0.0032065993
1.9470334e-05
3.8255254e-05
0.00015083255
1.6407019e-05
0.00064520032
1.6568025e-05
0.0016937902
0.0010613081
1.6854586e-05
1.6568491e-05
0.012658226
1.662603e-05
0.013110288
1.647247e-05
0.0048359996
1.6649063e-05
1.746004e-05
0.00034761738
0.0082789362
1.6537594e-05
1.6776878e-05
1.6591715e-05
1.6646448e-05
1.63369e-05
1.6634744e-05
0.0042647462
1.7454399e-05
0.00019978826
1.6012501e-05
1.6559132e-05
1.6550004e-05
0.0012304936
1.6549716e-05
0.00076339174
0.010769898
0.0014934136
1.6662447e-05
1.6752383e-05
1.6575298e-05
0.0042585727
1.657756e-05
0.00056552336
0.0063183402
0.011612715
5.9388319e-05
0.00086289621
1.6318902e-05
1.7925331e-05
0.00034248048
1.6340397e-05
1.64562e-05
1.8785435e-05
1.9571257e-05
1.6611023e-05
1.8734818e-05
1.9569555e-05
0.0019077678
1.6638137e-05
0.0033519666
1.6696377e-05
1.6580188e-05
4.1754657e-05
1.6938775e-05
1.6436736e-05
0.0072197701
0.0010000178
1.6593795e-05
1.6564738e-05
0.0063011315
1.6555307e-05
0.00021364305
1.6606198e-05
1.5964381e-05
0.0014786132
0.00033604569
0.005274918
0.0053444667
1.6458622e-05
1.7688896e-05
0.0015993098
0.0097669568
1.650418e-05
1.6530073e-05
0.00041617847
1.6728063e-05
0.010818799
1.6290543e-05
3.5633519e-05
0.0098568964
1.6625379e-05
1.6681941e-05
0.011428857
0.0097055244
1.6493845e-05
0.00059463174
3.192158e-05
1.8516124e-05
0.0054116606
0.0051986112
1.674084e-05
0.001052783
5.7895236e-05
1.928382e-05
5.6077806e-05
0.00098781397
5.6871956e-05
1.6526407e-05
8.5857508e-05
0.0011226088
1.6733089e-05
1.6586155e-05
0.0066652587
0.0010936097
0.0042335082
1.6577229e-05
3.723681e-05
1.6365156e-05
1.6597662e-05
0.00077340027
0.011180051
0.0036787265
1.6595588e-05
3.3834229e-05
0.00048374707
0.0064579034
1.6439636e-05
0.00028386111
0.00069328427
0.010275539
1.6721541e-05
1.658185e-05
0.00054690863
1.8592479e-05
0.00013107431
1.7212052e-05
1.6488641e-05
1.6581973e-05
0.00067436135
0.00012848709
0.00038560729
0.00014142257
1.7737409e-05
1.685982e-05
1.896086e-05
0.0008982087
3.5717953e-05
1.6403071e-05
1.6624156e-05
0.0031448286
1.6619275e-05
1.6471247e-05
3.9706154e-05
3.5714321e-05
1.641327e-05
1.6517883e-05
1.7205021e-05
1.8565474e-05
0.0077493834
0.0027418449
0.00054955106
5.8238721e-05
1.6358111e-05
1.6964729e-05
1.649526e-05
0.0043163269
0.0028895667
1.6328974e-05
1.66122e-05
0.0014618051
1.6561881e-05
1.67884e-05
1.6474698e-05
0.0027450348
1.6430598e-05
1.6402016e-05
0.0032815053
0.0064844914
1.6617614e-05
1.6576221e-05
0.001010526
1.6747319e-05
0.00085190132
1.6800411e-05
0.00019782651
1.6665382e-05
1.6484662e-05
0.0075277916
0.00098198849
1.9516957e-05
0.00080898787
1.6331911e-05
1.673026e-05
2.0279364e-05
3.804689e-05
1.6616081e-05
1.5020599e-05
1.6680076e-05
0.0013315556
0.0042603664
0.0074446862
1.7041294e-05
0.00082971599
3.6284398e-05
1.7141057e-05
1.6677698e-05
1.6796808e-05
0.00010005022
0.0071127991
0.0052607685
0.0012142004
1.6799589e-05
3.7247931e-05
1.6533557e-05
1.636632e-05
0.0020710193
0.00060647315
1.9731513e-05
1.6465587e-05
1.7478118e-05
0.0064069429
1.8275904e-05
1.5901225e-05
0.00012482248
0.0013955716
1.6322032e-05
0.0075329502
1.6669627e-05
1.6309038e-05
0.00057133451
7.0269578e-05
1.6623328e-05
1.6800291e-05
0.00010882693
1.6330436e-05
1.8311265e-05
0.00013858035
1.7022913e-05
0.0014372108
0.013248806
2.3861977e-05
0.0070847724
0.0058934439
1.6303388e-05
1.642455e-05
1.6513456e-05
0.00010565023
1.6143801e-05
0.0012059927
0.0020902808
1.6330834e-05
0.0032456772
7.6126935e-05
1.8954012e-05
0.0024207769
0.00047059639
0.0037277491
0.0011742777
0.0051773017
1.7497151e-05
0.0016354355
1.6614675e-05
1.5717231e-05
0.0035686087
0.00026799978
0.0012900071
1.6447652e-05
0.0013758432
5.4355182e-05
0.0016676143
1.6383133e-05
1.6496372e-05
1.7275532e-05
1.9478481e-05
0.006188355
0.0036931331
0.0017579472
0.001293365
0.00035736015
1.6980429e-05
1.6358835e-05
1.629038e-05
1.6731591e-05
1.6008794e-05
1.6563127e-05
1.7130116e-05
0.00044274742
0.00018985555
0.00062307116
0.0023536807
0.00057191352
1.6903807e-05
1.6366389e-05
0.00012235764
1.6144628e-05
0.0024237174
1.6362684e-05
0.00013279882
1.6616649e-05
0.0004173109
0.00079549013
0.0028436209
1.641312e-05
1.6616173e-05
1.6597852e-05
1.6059281e-05
6.0863812e-05
2.2869641e-05
0.0076690344
0.00077202069
0.0023111111
1.7873802e-05
0.0034849685
1.7689243e-05
1.6665256e-05
0.0084463183
0.0088027199
1.791183e-05
0.010509168
1.6615645e-05
0.00025340226
1.6863664e-05
1.6613647e-05
0.0060079993
1.6467412e-05
1.6618688e-05
0.0033820318
1.6403775e-05
0.0035201502
0.0011513389
0.0063029966
0.0023596795
0.014024879
0.00087386696
0.00014821996
1.8296046e-05
3.1728099e-05
1.8774867e-05
1.5996654e-05
0.002216022
0.0013812641
1.6560319e-05
1.966584e-05
1.6729147e-05
1.6609867e-05
1.650826e-05
1.6615134e-05
1.7224025e-05
0.0061653933
1.6529899e-05
0.0010383011
0.0016196419
0.0016896245
1.6349679e-05
1.5997797e-05
1.6313984e-05
5.5911509e-05
0.0073561576
0.0042905884
1.6939695e-05
0.0014012902
1.7268094e-05
7.5421969e-05
1.6503826e-05
7.4537148e-05
0.0043072612
1.6536667e-05
1.7025072e-05
1.6802701e-05
0.0011240915
1.7686474e-05
1.6623651e-05
1.6315583e-05
9.1938839e-05
1.6621876e-05
1.6541074e-05
0.00037426596
3.1403368e-05
1.6606259e-05
0.0023646719
1.6463642e-05
0.00039790913
1.698445e-05
4.6217401e-05
1.6526445e-05
1.6292287e-05
1.6164619e-05
1.646493e-05
3.5572296e-05
0.00049902963
1.7401152e-05
1.6477908e-05
0.00058718273
0.013424637
1.6765656e-05
0.0036249045
1.6438695e-05
0.0014815896
2.3825561e-05
0.00272824
1.6595718e-05
0.0025415767
1.6315465e-05
1.6278379e-05
1.6812701e-05
0.0014450252
3.4921984e-05
0.0013346086
1.6411851e-05
1.4354648e-05
0.0010183985
0.00031987875
0.0070061303
0.012139629
1.6982122e-05
0.00023254754
1.8710254e-05
0.0024000779
0.00054858579
0.0004111715
0.0022265641
0.0015129576
1.6788405e-05
1.6569338e-05
0.00028083721
0.0053543945
0.000238382
1.6629324e-05
1.6583256e-05
0.0019075687
0.00012674331
1.6073861e-05
0.00031349807
1.9538939e-05
4.209379e-05
1.6644415e-05
1.6617181e-05
0.00078169155
1.6888147e-05
0.0013255044
1.6648739e-05
0.0011501265
1.5927012e-05
1.6886251e-05
1.6515323e-05
0.00089274388
1.6652122e-05
1.663681e-05
0.0018288698
1.7695221e-05
1.6618849e-05
0.0094010481
0.0063503844
0.0070713634
0.0031186667
0.00037646744
1.660422e-05
0.012427049
2.7500546e-05
2.3541148e-05
0.00015691341
1.7828032e-05
1.6524798e-05
0.00026486419
1.6758366e-05
0.00033978073
1.6589326e-05
1.6554698e-05
0.00043979873
1.6447762e-05
1.7353207e-05
1.6618379e-05
0.0072318255
0.011237337
0.0020568124
1.6637851e-05
0.0045896155
0.001729947
1.7377204e-05
1.6330136e-05
3.4787234e-05
2.1635967e-05
1.7480128e-05
0.00072019905
0.0072838987
0.00041568315
1.8767361e-05
0.0013410865
1.9623477e-05
1.6627609e-05
1.6849529e-05
0.00010904372
1.7502329e-05
0.00015711546
0.00012560578
1.640072e-05
0.0069393972
0.0052835071
0.00028059362
0.0026882257
0.0024984912
0.0086179524
4.5059406e-05
0.0046091834
0.001515549
1.6525181e-05
0.00047561014
1.9484017e-05
1.6615493e-05
1.6852366e-05
4.3636763e-05
1.6561334e-05
1.6158806e-05
1.6344085e-05
2.5294495e-05
1.8925144e-05
0.0029223967
1.6474142e-05
1.6400105e-05
0.0012156237
1.7828256e-05
0.0019781844
0.0036755732
0.0012402047
1.6647837e-05
1.6576329e-05
0.00080003786
1.9321827e-05
0.00060891897
0.00023607915
0.0014892015
1.6506693e-05
1.6474342e-05
0.0053719665
0.00054243962
2.0026698e-05
1.6400392e-05
0.0048306154
1.5985493e-05
1.6333364e-05
1.629898e-05
0.00080462214
0.0024494362
0.0035408201
0.0096090364
6.16394e-05
0.0034790192
1.6149084e-05
1.6870663e-05
1.6663211e-05
1.6622334e-05
0.0010829014
3.0591487e-05
0.00031447272
0.0072844242
0.0009476429
0.0028676337
6.2861252e-05
0.0053557223
1.6695363e-05
0.0042662225
0.00034893433
1.6890752e-05
0.00081264551
5.5587216e-05
1.8912918e-05
1.6135419e-05
1.8347657e-05
1.6461869e-05
1.6381787e-05
0.011733633
0.0022963492
0.0018187726
0.0061412751
0.00024658969
0.0014979453
1.6615749e-05
1.7013868e-05
1.8019255e-05
0.0071957689
0.0018238472
0.00042648045
4.5169906e-05
0.0008777585
0.00088231263
3.056448e-05
8.8939975e-05
1.6597412e-05
0.00010094428
6.9408248e-05
1.7492394e-05
1.6956194e-05
0.0023018131
0.00011646307
0.001430403
0.012897902
6.3728634e-05
1.9031322e-05
1.6930216e-05
1.6886697e-05
0.0012605282
0.00097368766
0.0030856614
0.0095537333
1.6791844e-05
0.0074087293
0.0077470775
0.0017483215
1.6048621e-05
0.00040489712
0.0010370818
1.6212786e-05
0.0014048047
1.7810011e-05
0.00046713933
1.6595099e-05
8.590311e-05
1.65114e-05
1.6615952e-05
0.0016783484
2.3717606e-05
0.0051092293
0.00044899548
1.6507412e-05
1.6712852e-05
0.0021149688
1.6263529e-05
0.0054055201
1.6479108e-05
1.6566512e-05
2.5592565e-05
1.6415543e-05
0.00097262573
1.6202269e-05
0.0025766136
0.00074823217
1.7242218e-05
1.7310418e-05
0.0015092698
1.6620644e-05
0.0022378644
1.7594126e-05
0.0064325636
1.6815896e-05
1.6400144e-05
0.0021233973
0.0018032079
0.00010065912
0.0018503608
1.66174e-05
0.0026559857
0.002775003
1.6668047e-05
1.7201715e-05
1.6491735e-05
1.7308813e-05
0.0002195709
0.00069718299
1.9424953e-05
0.0015891473
0.0028038307
0.0061025485
1.6685406e-05
0.010763194
0.0010890884
0.0042961068
1.7118234e-05
1.965324e-05
0.00023037936
0.0037081033
1.6641221e-05
2.4767094e-05
1.6566478e-05
1.6172786e-05
3.7679498e-05
0.00048772623
0.00021691601
1.6003277e-05
3.6420645e-05
0.0028787429
1.8199691e-05
0.005337127
0.00015540957
0.0063275864
0.0093244584
0.00065062129
0.00093902613
1.6105612e-05
0.0011281711
0.0066523513
0.0027375746
1.6629732e-05
0.0021659651
0.004237803
1.6020891e-05
1.6413154e-05
1.7467785e-05
2.2483563e-05
1.6607249e-05
9.0399034e-05
0.0011428038
1.606451e-05
1.9576157e-05
0.0023262129
1.5975932e-05
1.6656578e-05
0.00029947151
1.6521823e-05
1.7095107e-05
1.7938853e-05
0.00020395158
0.0042310289
0.00052694076
1.6629457e-05
2.3872883e-05
1.7046316e-05
0.00067043104
5.8511603e-05
0.0060853258
1.6454677e-05
0.0082408155
0.0033445875
1.6986206e-05
1.6931833e-05
0.0095642917
0.0017618602
0.0044293813
0.0048074143
0.00044534424
1.7456634e-05
1.8971937e-05
1.8476026e-05
1.6502351e-05
2.2583594e-05
1.6735457e-05
1.6844978e-05
1.6881441e-05
1.5998348e-05
0.00068924221
0.0036735934
0.0024770043
1.6392843e-05
0.0046483393
1.6180237e-05
0.0041612707
0.0017821885
1.9512492e-05
1.6019361e-05
2.0040638e-05
1.7129704e-05
6.3335265e-05
5.5879453e-05
1.7491123e-05
0.0072347986
0.0096515859
1.6730963e-05
0.0019566667
0.0015857236
1.6838602e-05
0.0092631617
0.0005572453
0.0029548295
0.0011182219
1.6748547e-05
0.0053325515
0.0012398722
1.6542315e-05
0.0007057733
0.00028003519
1.637774e-05
1.7728632e-05
2.2637933e-05
0.0035165937
1.6712554e-05
1.6072811e-05
1.6552802e-05
0.0051921093
0.010157938
0.00027844373
0.0003762474
0.0028400999
0.00017388499
1.6815087e-05
0.0018406397
0.0043145459
0.0011485458
0.011465809
0.0026879371
0.00083734042
0.0052162642
0.0093238293
1.664657e-05
0.00034177866
2.5150193e-05
3.0363119e-05
1.7152259e-05
1.6122522e-05
1.9184833e-05
0.00048812966
1.7964025e-05
2.3760397e-05
0.005418773
0.0013984392
0.0027655204
2.1790562e-05
1.6509671e-05
0.00083456713
0.00018079715
1.6488359e-05
1.6645817e-05
0.0025566547
0.0011509177
2.1284564e-05
0.00027725333
0.0075127925
1.7584346e-05
0.0031418503
2.2607969e-05
0.002214936
0.0014967346
0.002756749
2.0165583e-05
1.7078411e-05
0.0071417032
1.709159e-05
1.5751682e-05
0.0045882115
0.012440965
0.00049731347
1.876289e-05
0.0055860908
0.000328306
5.2005065e-05
1.6077618e-05
0.0015720515
1.8652025e-05
1.6589241e-05
0.011958676
0.0014858365
0.00063037501
0.00096911739
0.0067239383
2.3590738e-05
1.7051293e-05
0.0062654963
0.0052893053
6.9272894e-05
2.3859721e-05
0.0047874724
0.0066157492
1.6588651e-05
3.4137924e-05
0.010490449
1.6502207e-05
0.00025605408
0.0012957439
1.5946403e-05
1.7640905e-05
0.00049421994
0.0013532863
1.6735184e-05
0.0023941317
0.0070048492
1.8688061e-05
0.0079331678
1.6953199e-05
0.0014972304
0.00052512676
0.00089300507
0.00062485064
1.6618856e-05
1.6572163e-05
0.00091161053
0.0015957767
1.6470107e-05
1.6584203e-05
1.8341343e-05
0.0018274809
1.7259139e-05
1.7248855e-05
7.278749e-05
1.6409955e-05
1.6672156e-05
1.594862e-05
1.7560541e-05
0.0054051514
3.6677101e-05
0.0027061505
1.6501793e-05
2.77001e-05
1.6334663e-05
0.0016118805
0.0020215794
1.6089993e-05
1.6118094e-05
1.6090775e-05
0.0067837594
1.6660458e-05
1.7056584e-05
0.0023348379
1.6400689e-05
0.000582112
0.0016188934
1.7033222e-05
3.3228373e-05
0.00069614832
4.1874951e-05
0.00016420451
0.011787891
0.00056123015
4.6171975e-05
0.00070009099
1.597994e-05
1.9750596e-05
1.6540192e-05
0.00013472524
5.7199191e-05
0.0042762733
0.0049720042
1.6551623e-05
0.0041543132
1.9462348e-05
0.0072976041
0.0089444909
5.1375818e-05
0.0066364755
9.0669057e-05
1.6664627e-05
0.0096506911
0.00020408311
0.00022904456
0.0061170088
0.00013762318
1.8306932e-05
1.7016628e-05
0.0017806027
0.0010940319
1.6485128e-05
0.0033190587
4.6745865e-05
1.6944007e-05
1.6119392e-05
1.7116139e-05
0.00134898
1.9743182e-05
0.0014088807
1.6699392e-05
1.6556536e-05
0.0055374249
1.6461177e-05
1.5923041e-05
0.0012214992
0.0008333464
0.007367116
0.0016471658
0.00069072541
0.0053489895
0.00015693013
6.7023443e-05
1.6804962e-05
0.0043231893
1.6493471e-05
0.00027183921
1.65642e-05
1.6542828e-05
1.6577407e-05
0.00063561707
5.1810028e-05
0.012114635
0.0016518894
0.013463092
0.008199959
0.012350902
0.001938427
0.0081918635
1.6474483e-05
0.0005831073
0.00013139384
0.00052245586
1.5941888e-05
4.85193e-05
0.0099656625
1.7812424e-05
1.6394179e-05
1.8516574e-05
1.6183512e-05
7.1851432e-05
0.0031231931
1.6191725e-05
0.0016355082
0.0036055314
0.00094954169
2.8023442e-05
0.0003369807
1.5997171e-05
2.5619511e-05
0.0074490612
0.00026651183
1.712884e-05
7.9723082e-05
2.003886e-05
1.5977218e-05
0.0047872433
0.0026064495
0.0022827599
3.1883016e-05
1.6559433e-05
0.0035120592
0.0071566089
0.0013883397
1.7063506e-05
1.5990937e-05
1.6472583e-05
1.6503652e-05
1.5647483e-05
0.00012616208
0.0018912909
0.00069160307
3.4946546e-05
0.0018883896
0.009907891
0.0078584524
0.0003381923
6.6104788e-05
2.7120812e-05
4.2054934e-05
0.0054187072
1.6449482e-05
4.2774897e-05
0.0073936206
0.0017347703
0.0061470347
1.5848178e-05
0.0012388991
0.00020455923
0.0022360972
1.5979486e-05
1.6471676e-05
0.0018235242
1.7195609e-05
0.0006006855
0.00027950037
1.5995095e-05
1.6881619e-05
1.6625486e-05
1.6412527e-05
0.00036296371
0.00044295501
1.7318463e-05
1.6377892e-05
1.6497187e-05
1.8076484e-05
0.0032057429
1.6747658e-05
0.0069723059
0.0070464912
0.00036277282
1.6887512e-05
0.00053527099
7.8876393e-05
1.6672463e-05
0.0010229469
0.013680027
1.6403791e-05
9.9586458e-05
1.8654212e-05
2.5300769e-05
0.00070027385
0.0022905503
0.0021377779
0.0062500484
1.6864147e-05
0.0012021705
1.6212249e-05
1.6601432e-05
0.0030637845
0.0051484025
1.9379408e-05
0.0047580875
1.5786042e-05
0.0008012578
0.00039188978
0.00075121553
0.0096721666
1.7066376e-05
4.5450105e-05
0.00015979218
1.649665e-05
0.00022779966
0.0081081416
0.000410814
0.0029610238
0.0028532105
0.0013830593
1.6621415e-05
6.3192494e-05
7.2434498e-05
2.5595677e-05
9.5140991e-05
0.00058515
0.0024530929
0.00049305635
1.6486573e-05
0.00089405498
1.6710671e-05
4.5913467e-05
0.00026219137
1.969099e-05
0.0043361038
0.003186065
0.00016609681
1.6634292e-05
1.7014421e-05
1.9008466e-05
5.2520665e-05
0.0017347555
1.6063839e-05
0.0027110949
1.6635542e-05
1.6485946e-05
0.0013666213
1.6511104e-05
1.7020411e-05
1.6074905e-05
0.0086711139
2.6247594e-05
0.0057085549
0.006863167
4.3276308e-05
0.0079863862
2.422382e-05
0.00044795955
0.00039126121
0.0060007084
0.00076318331
0.0047003603
1.6401421e-05
1.7055068e-05
0.010578768
0.0037875215
0.00021124936
6.7010021e-05
0.0014236476
1.6645288e-05
1.6382524e-05
1.6485325e-05
3.4511499e-05
1.6883796e-05
0.0018481785
1.6005937e-05
1.6508188e-05
1.7295524e-05
0.0022978665
1.7522952e-05
1.6294319e-05
0.00046541766
0.0053376839
0.0004470499
0.00023422666
1.7133527e-05
0.00018588557
0.0020668801
0.00044062627
0.0042730191
0.0086107297
1.7158503e-05
0.00046841597
0.0025568007
1.6816604e-05
4.6780324e-05
1.5844992e-05
0.0011578866
0.004784037
5.7383247e-05
0.0038242647
1.7219132e-05
9.2900729e-05
0.00020041692
0.0065401897
1.6814419e-05
0.0045193002
0.00064417024
0.0049691636
1.7664796e-05
1.8021581e-05
1.6165945e-05
0.013540258
0.0040989692
0.001847442
0.0016778853
0.0031353944
0.0006609255
1.6454762e-05
2.3391194e-05
1.7055365e-05
0.013438248
0.0010305761
0.000155204
1.6121981e-05
1.6535744e-05
0.0014637166
0.0027050756
0.0025001361
1.722738e-05
1.6498896e-05
2.4288632e-05
1.6973632e-05
0.00046428896
0.0016005112
1.6322629e-05
1.7379146e-05
0.0032171372
1.6898531e-05
0.00050426003
0.0028246998
1.7216996e-05
0.014036832
0.00076769228
0.00018421771
1.5952834e-05
1.7381335e-05
1.737097e-05
0.0095947053
0.00095800361
1.6939392e-05
4.3975332e-05
0.0011939635
1.6893389e-05
0.00095059591
0.0069830498
3.8057749e-05
0.00017737969
2.253315e-05
0.009378609
0.0011096783
1.6387184e-05
0.0071735824
2.8664754e-05
0.00031904071
1.7016477e-05
1.7097676e-05
1.891823e-05
0.0038288016
1.6499582e-05
1.6628276e-05
0.00076086093
1.6703464e-05
1.6328165e-05
0.0020877309
0.0017438483
5.2796317e-05
0.00043773505
0.011903883
1.6674751e-05
0.003827862
0.00075613577
0.0018307863
0.00015051308
1.6366814e-05
2.4964836e-05
1.6391359e-05
0.0028114015
0.0013152721
0.0011178551
1.6814628e-05
1.6553034e-05
0.0016820514
0.0018560025
0.0097302795
3.8819298e-05
5.0772077e-05
1.6480856e-05
1.6844912e-05
0.00011147633
0.00053662603
0.0013790449
7.9130863e-05
7.7236091e-05
1.6744545e-05
1.6642719e-05
0.011960127
1.6654148e-05
0.00099213499
0.00040558384
0.0021248868
1.6647723e-05
0.0048305118
0.0061830854
0.0041954385
0.0020512074
1.6365115e-05
2.5245296e-05
0.00061168836
0.00028207254
0.0011589702
2.5623392e-05
4.9902974e-05
0.0057599714
0.0016248344
0.0016620712
0.0015754369
1.6614421e-05
1.6285121e-05
1.6657574e-05
3.2687661e-05
0.0022502928
0.0004883202
0.00066463205
0.0092080457
0.002901916
0.00065177938
0.0022342763
0.0026642217
0.0045743079
1.640105e-05
1.6757809e-05
0.0074081972
1.6737657e-05
0.00065599325
0.01139597
1.7967693e-05
0.0022744142
0.001636997
0.0038326022
1.7057094e-05
1.6868329e-05
0.0017067492
2.6156964e-05
1.700563e-05
0.0013883541
1.6870806e-05
0.0069495952
0.0024213506
0.011769359
0.00043699111
1.6292567e-05
0.0013661388
0.0097017861
0.0094265319
1.6381274e-05
1.5047872e-05
1.6490999e-05
0.013000896
0.0016588147
8.9704244e-05
0.0027949932
1.6342186e-05
0.0017552703
0.0013042299
0.00083650669
0.00082762315
1.6591535e-05
1.6656999e-05
1.6621826e-05
0.0065347588
1.6390848e-05
1.6592658e-05
1.7672458e-05
1.6992468e-05
1.5984273e-05
1.667917e-05
1.6292727e-05
0.00083703146
1.6713082e-05
0.00019269811
0.00080876194
0.00090073981
1.6548659e-05
1.7053613e-05
0.0058827548
0.001286064
0.0011732925
0.00067564697
0.0014470676
1.6402766e-05
0.00063573782
1.6697705e-05
2.7028861e-05
0.0023937158
0.0060242255
0.0048290353
0.00025560529
1.6610665e-05
0.0079676586
2.0766582e-05
0.0095608784
2.7309779e-05
5.0790369e-05
1.6469061e-05
1.6612808e-05
1.6036239e-05
1.6500483e-05
0.0026863458
1.6611641e-05
1.6175875e-05
0.012901185
0.0066218794
1.6765526e-05
0.00082675055
1.6545908e-05
1.8688681e-05
1.6402836e-05
1.6619696e-05
0.0022703742
0.015110208
6.0900274e-05
0.0025341799
0.00019657668
1.7274825e-05
0.0027559018
0.00084103733
0.0042960768
0.0047275715
1.6537415e-05
0.00032569859
0.0071669141
0.00033118111
0.00078405653
2.7162264e-05
1.7607176e-05
1.6663293e-05
1.6323192e-05
0.0023200726
0.00034470395
0.00020174771
3.0800652e-05
0.0022574475
0.01034979
0.00031029034
7.9733194e-05
1.6534061e-05
0.0022402
1.6596457e-05
0.006841109
1.6349634e-05
0.00891889
1.6544843e-05
0.00016209644
0.0074516761
1.6350341e-05
0.0023311511
0.0056367562
5.4052055e-05
0.0090909828
0.00072369449
1.6242092e-05
2.4110673e-05
1.6952189e-05
0.0073779855
1.9006723e-05
1.6397608e-05
1.7287276e-05
1.6601402e-05
0.0095303589
1.6076826e-05
1.667293e-05
0.0060348959
1.6570626e-05
0.001003538
0.0072518874
1.6688958e-05
1.6359323e-05
0.0038828077
1.6309387e-05
4.7314238e-05
1.6492833e-05
1.9000716e-05
3.5670606e-05
1.6525497e-05
0.00050757287
0.0012036086
1.6339261e-05
0.012124229
1.650084e-05
4.0765447e-05
0.0040947102
0.00077620977
0.0037613836
0.0023180713
0.0018395528
1.6554578e-05
0.0018141272
2.1251057e-05
0.0014398037
1.6333445e-05
9.9497422e-05
0.0003320995
1.6456541e-05
1.6619351e-05
7.7836056e-05
0.0051489439
0.009297178
0.00069310302
1.6458717e-05
0.0031181626
0.0025216226
0.0045085464
0.0073518655
0.0090078574
0.00055048883
1.6614604e-05
1.5978248e-05
1.6252838e-05
0.0027676412
0.0045538043
1.7225765e-05
0.002257935
1.6041941e-05
1.6535439e-05
0.0013433232
0.00014060444
1.6912885e-05
1.6512448e-05
0.0074926536
1.7728628e-05
1.6619363e-05
1.6600627e-05
0.012961247
0.0023597319
0.00095226976
0.0011394498
1.6331393e-05
0.0044527564
0.00028825294
2.7848406e-05
1.6612395e-05
0.0051025411
0.0004888186
1.6113575e-05
0.014417711
0.0061398458
1.6727753e-05
1.6596415e-05
0.0089200726
1.6277968e-05
1.6616616e-05
0.0051906765
0.0020879253
0.0017043086
0.00085818254
1.6496102e-05
0.010739428
1.648377e-05
0.0033507265
0.0081301422
0.00464981
0.00042528489
1.6525636e-05
0.0023722687
0.00059940955
2.4931258e-05
0.0007935864
1.6590828e-05
0.007263324
0.00064698976
0.00047643793
1.7250029e-05
0.00018909179
0.0097712392
1.6568811e-05
1.632354e-05
0.0058974783
0.0015969238
0.0023677577
1.6616997e-05
1.6625556e-05
0.0011114094
0.012851443
0.011317861
1.8216939e-05
0.0027492525
0.0038619285
0.012588906
2.2384195e-05
0.0042917108
0.0086320661
1.6611709e-05
3.3241217e-05
1.7236736e-05
1.6828878e-05
1.7984476e-05
0.0017465101
1.6460713e-05
0.0073044845
0.00026275286
0.0061846875
1.6758614e-05
0.010960516
0.013747111
0.0080751504
1.6677765e-05
1.6722392e-05
2.7104507e-05
0.00030890455
0.0014600186
1.7267015e-05
1.6472095e-05
0.011665963
0.00080588367
0.0052952913
0.001355949
0.0091671054
0.0018959022
0.0064878309
1.9080475e-05
0.0024056962
1.6595542e-05
0.0016510875
1.6607357e-05
0.00019617503
0.0019722681
1.6323833e-05
3.7481378e-05
2.1611235e-05
1.6600525e-05
0.0028390489
9.2060526e-05
1.6673973e-05
1.6606829e-05
2.2892651e-05
2.3687895e-05
0.0051508316
2.1702547e-05
1.6737463e-05
0.0053172751
0.00099165095
1.9784988e-05
0.0069148685
1.6296823e-05
1.5647129e-05
4.2132076e-05
1.6255956e-05
4.9303167e-05
0.0073440762
0.00053602773
0.0010829676
0.0052249132
1.7288602e-05
0.0033696878
1.632222e-05
1.657288e-05
1.7431514e-05
0.0016625051
0.012826919
0.0045482838
1.6329739e-05
0.011029141
0.00064216585
1.7004841e-05
1.6361007e-05
1.6616868e-05
1.7172168e-05
1.6402306e-05
0.0012045008
0.00010409245
2.3830126e-05
0.00095208253
0.0064305726
0.00065753441
1.638356e-05
1.6559734e-05
0.00068277771
1.709986e-05
0.010478237
0.004161407
0.00019313847
0.0018164141
0.00046533611
0.0017253464
0.00068618837
0.00083425869
0.0077301733
2.4630278e-05
0.0023535035
0.00084864522
1.6707161e-05
0.012370007
0.0022893042
0.0098926932
1.6889018e-05
1.6503487e-05
1.6278661e-05
0.0041556357
2.2218826e-05
1.6358812e-05
0.0070339559
0.0010789818
1.6436063e-05
0.0002330197
0.0018224289
1.6318695e-05
2.1288322e-05
1.8195755e-05
5.7385242e-05
1.7256951e-05
1.6746463e-05
0.00038106758
2.4412981e-05
0.0027370458
0.00020933566
0.00053374774
0.00010368961
0.013408212
1.6809836e-05
1.6126188e-05
3.646332e-05
0.0012779393
0.0020983766
0.0007882989
0.0014319332
0.0010564126
0.00066363921
0.00022209014
0.0062315603
2.2955681e-05
0.00015191302
1.6412687e-05
1.660785e-05
0.01314965
1.6326355e-05
1.6794064e-05
0.0007240297
1.6615254e-05
0.0010178662
1.661079e-05
0.0032463595
1.6522536e-05
0.0016232233
0.015016062
0.0013293422
1.7357518e-05
0.0024079815
9.6479237e-05
0.012692646
0.00012812789
1.65019e-05
0.0026744705
0.00092613869
1.6764211e-05
0.00018648619
2.9366162e-05
2.2882766e-05
1.8057109e-05
1.7270448e-05
0.0078978901
2.2241855e-05
1.7011779e-05
0.0078642052
0.00090457318
0.00020648347
1.6530703e-05
1.6729009e-05
1.6272801e-05
0.0056807964
1.6648489e-05
1.6506896e-05
1.6396855e-05
0.00098223164
7.6564728e-05
0.0016806017
1.6578871e-05
1.6570787e-05
0.004775355
1.6345112e-05
1.629632e-05
1.7883598e-05
0.00041350344
1.660475e-05
0.013151089
1.6382215e-05
4.3879028e-05
2.1250846e-05
0.0010726246
0.0044586877
1.6602249e-05
0.0055221772
0.00021724348
0.0017662808
0.00063736943
1.63115e-05
0.00029132286
1.6279642e-05
0.0013105271
1.6608522e-05
0.00015595163
0.0026176175
0.0087570239
1.6297956e-05
0.00017333505
0.0047409363
0.0096503183
0.00093063302
0.0027358004
1.7006802e-05
0.0028614536
1.6632622e-05
1.5281886e-05
1.6320208e-05
0.00045670297
1.6854241e-05
0.0056124511
0.00058299529
1.6681684e-05
1.6626281e-05
1.6505351e-05
1.6552906e-05
0.012280822
0.011846439
4.1589609e-05
0.0005046719
3.9104307e-05
2.836242e-05
0.00039700791
0.0038113421
0.00097800366
0.0017986377
0.0011117758
3.2197787e-05
0.00095554553
0.0094404883
0.002682437
1.6615891e-05
1.6428893e-05
0.011625134
1.6494006e-05
6.0562683e-05
2.6537761e-05
0.0067635008
1.7853476e-05
1.6557469e-05
1.6620923e-05
0.0043590748
1.7248115e-05
0.0037723568
0.0017211486
1.6498088e-05
0.0005072752
2.0423979e-05
1.9202138e-05
1.6508267e-05
0.00083689783
0.00060659917
1.6283677e-05
0.0017358741
0.012994478
0.00083891392
0.0013172977
1.6341622e-05
0.0023769316
0.00038021136
2.343617e-05
0.0014383948
0.0062097914
1.5701762e-05
0.00063277085
1.7449024e-05
2.5690095e-05
1.7093693e-05
1.7614905e-05
0.00087609758
1.8976549e-05
2.7232141e-05
1.6549546e-05
1.6591328e-05
2.2111903e-05
0.0018979446
0.013901053
0.00083051954
1.6434556e-05
0.0032293229
1.6458963e-05
9.3133553e-05
0.0042284547
6.9667334e-05
7.5265039e-05
1.702065e-05
7.8461556e-05
0.00046329037
1.730143e-05
1.6826922e-05
0.0011711326
6.7945722e-05
1.6741806e-05
2.8505936e-05
1.8933258e-05
0.004095216
0.0047401485
0.0012519299
0.00010277781
1.6514074e-05
1.795922e-05
1.6744132e-05
0.014403319
0.0019832437
0.0012243655
1.6281285e-05
1.6381652e-05
0.0023632009
1.6879375e-05
4.7783018e-05
6.4545143e-05
0.0052881366
1.6746931e-05
0.0010027398
0.0097889582
1.6976023e-05
1.6599255e-05
0.00037999345
0.00025946565
0.0021143946
0.0011665033
0.0023022129
0.00046177014
0.0028305061
0.00063490193
1.6793785e-05
0.013457637
1.6332191e-05
1.6296802e-05
0.0019851848
2.2060729e-05
1.6206896e-05
1.6804227e-05
2.0394658e-05
1.6596856e-05
0.0020066614
0.0009259207
0.0036279549
0.0078682168
0.001035137
0.005231272
1.6475406e-05
0.0015777345
1.6494043e-05
0.00607721
0.0033271209
1.6402466e-05
1.6753868e-05
0.00059270088
0.0011796058
0.0013756866
1.7877174e-05
1.6545943e-05
9.0605409e-05
1.8679549e-05
1.654462e-05
1.6265639e-05
0.0013992369
7.3345587e-05
1.6314019e-05
0.0023651502
1.6548185e-05
1.6316131e-05
0.0031864466
1.6747605e-05
1.6414485e-05
6.7770163e-05
1.6414201e-05
0.0010688754
0.00022258907
0.013616984
1.6322717e-05
2.4525512e-05
1.6747759e-05
0.00065592902
0.0013801477
0.0081853669
1.6377262e-05
0.00018509133
1.6950063e-05
1.6932234e-05
8.7993015e-05
0.0024346156
8.2589167e-05
0.0083015364
1.6566462e-05
4.0204445e-05
0.0060165092
0.0023509661
0.0010026455
0.00094538434
0.0032636917
1.6916461e-05
1.6612073e-05
1.6228184e-05
0.0058562621
0.0033148811
1.7018894e-05
0.00027783488
0.011701095
1.6280832e-05
0.0042466754
1.6801137e-05
0.0074106614
0.0013416863
0.005628003
0.010856918
1.6952081e-05
0.0062172648
1.6597652e-05
2.4673285e-05
0.0010717793
1.6623803e-05
0.00027209169
1.6790098e-05
0.00046829387
1.6506721e-05
0.0010092309
2.1058347e-05
1.5959729e-05
0.00075802274
0.0044800429
1.6612135e-05
0.00021400302
1.855816e-05
1.9147628e-05
1.6289108e-05
0.0031569577
1.566338e-05
2.4085849e-05
1.6894815e-05
0.00027921895
0.00023210451
1.6979312e-05
0.011008489
0.0038644212
0.0012147938
1.677596e-05
1.6464764e-05
1.6473425e-05
1.6455126e-05
1.6557713e-05
0.0010609711
1.6178198e-05
1.7865618e-05
1.7074169e-05
1.6594855e-05
1.6619566e-05
0.00079408903
0.0051407543
0.00069737477
0.00030268949
0.0014483258
0.00010521425
1.6185702e-05
0.013171518
1.6914977e-05
0.004476408
1.6945743e-05
1.6415529e-05
0.0047201349
0.0031845291
0.0017469621
1.6294263e-05
1.7050976e-05
1.6008515e-05
0.001882538
0.0028664443
0.0022388477
2.5751019e-05
0.011694424
1.6403163e-05
0.01477838
6.3254813e-05
0.0078066783
1.6614095e-05
1.9429559e-05
0.0016502717
0.0012953278
0.0021729633
0.0015137984
0.00070226612
1.6528235e-05
0.014825983
2.7264987e-05
0.0027173223
1.6683068e-05
0.00046386602
0.00050943642
0.0041500739
4.8632739e-05
7.42034e-05
0.0027134452
1.6567871e-05
1.6827946e-05
0.00051688981
0.011351178
1.6264952e-05
0.0002746899
2.9129203e-05
1.6452028e-05
0.0025508738
0.0031611201
0.00065331387
1.647729e-05
0.002218963
1.676484e-05
0.0035624492
0.0010738191
0.00078974483
1.6360829e-05
0.0079346904
7.6237973e-05
0.007341258
1.6644895e-05
1.6482457e-05
0.0021417981
1.9302254e-05
1.6618143e-05
0.00036484457
1.6579815e-05
0.00017831819
1.9253737e-05
0.00082144803
1.6890968e-05
1.6320159e-05
1.6361341e-05
0.012104815
0.0082996904
7.3139315e-05
1.6598856e-05
0.0039415453
0.0077871459
1.7322905e-05
0.011694781
5.7241648e-05
0.0012768225
0.0011622294
1.7033576e-05
0.01128836
1.6611767e-05
1.6626153e-05
0.014926447
1.662084e-05
1.665958e-05
0.0045424265
0.0027366017
0.00046540717
0.0046659599
1.7063759e-05
0.00048766036
2.8324896e-05
0.00016067803
2.2884416e-05
1.7177094e-05
0.0039123033
0.012481883
0.0076418839
0.0030310914
1.6597941e-05
0.002385676
6.6760808e-05
1.6269865e-05
1.6358323e-05
1.6879861e-05
0.001277387
0.00033673908
0.0012688844
1.6567097e-05
1.6243059e-05
0.0086830149
1.727333e-05
1.6590971e-05
0.0061296172
1.6107402e-05
0.0072031115
0.00017793181
1.6282814e-05
1.6300376e-05
1.9091169e-05
3.329702e-05
0.00022893495
1.6663232e-05
1.6574023e-05
0.00023114263
0.0010761526
0.0061146505
0.00084724165
1.674599e-05
1.7263518e-05
0.000106486
0.00089579669
0.0010073484
1.676011e-05
1.6568894e-05
1.7264416e-05
0.002688704
1.6655069e-05
0.012092752
0.0042304514
1.731989e-05
1.6178335e-05
0.0034990747
0.013120728
0.0021952971
0.00051608209
6.0363886e-05
0.0015657854
0.00044862143
1.7170473e-05
0.0046944139
0.00019486898
1.5995596e-05
1.7270646e-05
1.6381943e-05
0.00015941752
0.011179619
0.0028029928
7.9099532e-05
0.008796783
1.6418371e-05
1.614471e-05
0.0037348181
0.0037109771
0.0026344685
4.4262964e-05
3.2626622e-05
1.6298189e-05
0.00039891258
1.6610346e-05
0.00094296828
0.0061348857
0.011780089
8.8093047e-05
1.6736001e-05
1.639435e-05
0.01299097
0.0014577553
0.0010971085
0.00037748245
1.6469952e-05
1.6744946e-05
1.6267216e-05
0.0054195434
1.6401477e-05
0.00080432474
0.0084227498
1.6748368e-05
6.3913935e-05
4.8222642e-05
1.7364826e-05
0.00037361047
3.0074166e-05
1.599238e-05
0.00022084651
0.0083680281
1.6346041e-05
0.012132126
1.6739393e-05
1.6503358e-05
0.00016240729
0.0036922519
8.7364603e-05
1.6360332e-05
0.012227304
0.00023606683
0.012802272
0.0069206412
0.0088548168
0.00030993443
0.002679279
1.6290259e-05
1.9377281e-05
0.00038337205
0.00049621705
0.0006141161
0.00078110096
0.0010848142
4.0141771e-05
1.6382608e-05
0.00010462079
0.00072976699
0.00013246694
1.6617883e-05
1.6588869e-05
1.6007891e-05
0.0087118404
0.00024975712
0.0010402338
0.00054492619
7.135132e-05
5.9763817e-05
0.0024010379
1.6876129e-05
0.012537499
0.00027314914
1.6348928e-05
1.65661e-05
0.0016343353
1.6397698e-05
1.6294929e-05
1.6583218e-05
1.7757844e-05
0.0071742029
1.659062e-05
0.0010828853
0.0085067576
5.7078029e-05
0.013205891
0.013770551
0.0084217596
0.0036326465
0.0019625486
0.0066535149
1.7338443e-05
1.655109e-05
1.6475952e-05
0.002323107
1.6402318e-05
1.7265609e-05
0.005632079
3.2517825e-05
1.6009811e-05
1.6875085e-05
0.0050922925
3.428631e-05
0.0026983845
1.60249e-05
0.0025404052
1.6626058e-05
4.2068099e-05
0.00023010084
0.011677402
0.0066885308
1.6664647e-05
0.0010411684
0.00014043262
0.0066813203
7.4455491e-05
0.00019429939
0.0080720281
1.6633057e-05
1.7476156e-05
1.8426699e-05
0.0041420592
1.660664e-05
2.0970337e-05
0.00075499606
0.009233748
1.6554755e-05
0.0079590465
0.0034819645
1.6673754e-05
0.0019792115
1.6533792e-05
1.6068066e-05
1.6503089e-05
1.7024089e-05
2.6476735e-05
0.0024018054
1.6013889e-05
0.0074707437
0.0079903523
0.0014559346
0.00022940467
0.00091871305
0.0071015833
6.9747664e-05
7.1331485e-05
0.0016728575
0.0081664424
1.9263389e-05
4.0418509e-05
0.004668703
0.014476066
0.00021044867
0.0066133365
0.0010945675
1.629754e-05
1.6472573e-05
0.0014687329
0.010791187
1.6953302e-05
1.6949209e-05
0.0015044704
1.6621834e-05
1.7619521e-05
1.6641582e-05
1.6230656e-05
1.6123716e-05
1.660882e-05
0.008590332
1.6470686e-05
1.9906156e-05
0.0015894581
4.4164673e-05
0.0013135648
1.6106797e-05
1.6596169e-05
0.0087352859
3.6360796e-05
1.602354e-05
0.00015262198
1.7039453e-05
1.6642915e-05
1.6541122e-05
0.00031395546
0.0016816366
0.0016543895
0.0025529863
1.6603822e-05
1.6000621e-05
7.4636959e-05
1.6562272e-05
1.6723882e-05
0.0023438416
0.00061578316
0.00093331835
0.0082434665
2.6515153e-05
1.7780239e-05
3.0833669e-05
1.6061454e-05
0.012266355
1.7058535e-05
1.6651668e-05
4.4603188e-05
0.0016029344
0.0083296808
1.8301295e-05
0.0027055395
1.6584102e-05
0.0061530384
0.0025982447
0.001477921
6.4012185e-05
1.7097659e-05
0.00066775577
0.014865293
1.6835873e-05
3.6795167e-05
1.6118307e-05
1.6261455e-05
0.014725087
1.6378816e-05
0.0076134534
0.00033849659
1.6300368e-05
1.6469406e-05
1.6495862e-05
1.6577407e-05
0.0047426141
0.0032108614
0.0025329359
1.7080929e-05
1.6030561e-05
0.0081505265
0.012604324
8.776765e-05
3.1489103e-05
1.6257316e-05
0.0036968407
2.379599e-05
3.1280826e-05
0.0084147578
0.00074423411
1.7193472e-05
1.7048938e-05
1.6410123e-05
1.6070212e-05
0.0041298845
0.0053521949
0.00036568932
7.106477e-05
1.6612613e-05
4.4287175e-05
2.8531482e-05
0.0069452313
0.0031942071
1.6484788e-05
1.6281251e-05
0.0015364815
0.0041255279
0.0037486071
0.0047160151
0.010270886
0.0037521402
0.0053720863
7.4021644e-05
1.6532516e-05
1.6541638e-05
0.012306815
0.0075993937
0.0079142108
0.0024770525
1.6363732e-05
0.00069680603
0.0028261131
0.0084920569
0.014766328
0.0021908898
0.0075130646
0.0037092211
0.0041793393
9.4211026e-05
1.7029141e-05
1.8274031e-05
1.6896819e-05
1.7117241e-05
0.0013219656
1.6129877e-05
0.0013059409
1.6311391e-05
1.8458672e-05
1.6185338e-05
1.660828e-05
0.0099028021
1.7207022e-05
5.3554964e-05
0.00071204625
1.6482883e-05
1.7191561e-05
0.00097570233
0.0011232621
0.0081285323
0.0031504484
0.0046830541
0.0080156234
6.7940963e-05
0.0080212192
0.008055327
0.00067865448
0.0023332491
1.6290731e-05
0.0085955496
3.3468153e-05
6.3883977e-05
0.014371355
1.637843e-05
2.2892385e-05
1.7424742e-05
0.00016982886
0.001737012
0.0041628282
1.6238655e-05
1.6604733e-05
0.0014702978
0.0016263753
0.0032438912
0.0027690631
0.00064475996
0.012206975
0.0012585003
1.6415449e-05
1.6373832e-05
0.004185918
0.00053523792
2.4980392e-05
1.6582914e-05
1.6615606e-05
1.9221988e-05
0.0042702419
0.0027300166
1.8273191e-05
1.6354579e-05
1.6614474e-05
1.6888994e-05
1.6597944e-05
1.7110943e-05
1.6030954e-05
3.0291418e-05
0.00015889267
0.0013239514
0.0010520189
0.0018879084
0.0096786673
1.6288879e-05
1.7037437e-05
1.6416045e-05
2.3948167e-05
1.5999349e-05
1.6584232e-05
0.0016137669
1.601903e-05
0.0027221893
1.6059984e-05
1.6185926e-05
1.8331485e-05
1.8500974e-05
0.0075465139
1.6992852e-05
1.6002461e-05
0.001135121
0.002632597
2.3667159e-05
0.0023483076
1.6191307e-05
1.6220318e-05
1.6239038e-05
1.6551248e-05
1.6415773e-05
2.0715151e-05
1.7142669e-05
1.6016353e-05
0.0024208341
1.614445e-05
0.0068910767
3.2565572e-05
0.014426826
0.0032942712
1.6397737e-05
0.00066647977
0.0024760713
0.003258447
1.7086444e-05
0.007009585
1.6124757e-05
0.0020070902
1.659943e-05
0.00025667294
0.00080909501
1.9182814e-05
0.013002237
1.7290123e-05
0.0031496383
0.0084190508
1.6489784e-05
0.0031845334
1.9605998e-05
1.8773493e-05
0.0023170376
1.6511413e-05
1.8850307e-05
1.6532698e-05
1.6797712e-05
1.90128e-05
0.0073131025
1.6744404e-05
1.6632271e-05
0.013581256
0.0074181152
0.0014700561
0.0023853404
0.0019933348
5.5202121e-05
0.0017474065
1.6537342e-05
0.014557819
0.0015921761
0.00020946642
1.6227147e-05
1.6291637e-05
0.001891594
1.682756e-05
0.0077118062
1.702282e-05
0.0031721995
0.0073471854
1.6093471e-05
0.0017558167
3.3714931e-05
5.5377658e-05
0.0027996172
0.0077658253
1.611031e-05
1.6592444e-05
1.6654541e-05
1.6063364e-05
1.606885e-05
0.014341745
1.6597235e-05
1.6771835e-05
1.873555e-05
1.7435401e-05
1.626252e-05
5.0465161e-05
1.6048123e-05
0.0074829825
1.6100388e-05
1.6597022e-05
1.7126359e-05
1.7486897e-05
0.0034287569
0.0017893769
6.6302408e-05
1.6019584e-05
1.8887832e-05
1.7018498e-05
1.6757479e-05
1.6566942e-05
1.6286367e-05
0.0020316942
0.0020435901
1.660117e-05
1.6310245e-05
0.001902287
1.6575006e-05
1.611642e-05
1.639358e-05
0.0030647733
1.7181437e-05
0.0078066407
0.00081928258
1.6030554e-05
0.00687812
1.6591124e-05
0.0034703116
1.6615703e-05
1.6513135e-05
1.6207212e-05
1.6492951e-05
1.6313392e-05
0.00122419
1.6562223e-05
0.0018776119
1.6552219e-05
0.0033995305
1.6611947e-05
1.8699866e-05
1.9406957e-05
1.7035983e-05
1.6607837e-05
0.0076641967
1.6513605e-05
1.6981197e-05
1.6583916e-05
1.6036333e-05
0.0014923843
1.6266936e-05
1.6625537e-05
0.0012312643
0.014547283
1.6628967e-05
1.998443e-05
1.6607868e-05
1.6687915e-05
0.0074499031
0.0017042143
1.674909e-05
0.0081905194
1.6295821e-05
1.6218728e-05
1.630966e-05
1.6650323e-05
3.0482701e-05
0.0016929077
1.6488521e-05
1.6270247e-05
1.9561107e-05
1.6541247e-05
1.6660465e-05
1.6583804e-05
1.7061641e-05
1.7034921e-05
1.6054028e-05
1.6724814e-05
0.00054617968
0.0024466406
1.9968878e-05
1.660079e-05
0.0090004008
0.0034407965
2.0274382e-05
1.6042171e-05
1.8180793e-05
1.6693643e-05
0.0077523404
1.6676505e-05
0.00022794117
1.6397139e-05
1.6644579e-05
0.00270369
1.6367009e-05
1.6495522e-05
1.67058e-05
0.0017713058
0.0078721359
1.6377089e-05
1.7081013e-05
1.6735431e-05
1.6072134e-05
1.626645e-05
3.2338857e-05
1.6577471e-05
1.6482291e-05
0.0014649242
1.6053711e-05
0.00047427945
1.9365036e-05
2.0218928e-05
1.6542249e-05
1.6919435e-05
1.6567756e-05
1.7056601e-05
1.6899335e-05
1.6301349e-05
1.6343959e-05
1.6621918e-05
1.9815843e-05
0.0088740971
0.000181297
1.7011669e-05
1.9767795e-05
1.6584453e-05
1.6449206e-05
0.00049341475
1.604579e-05
0.0077508916
1.6860494e-05
1.656987e-05
1.6556467e-05
1.6027183e-05
1.6984132e-05
1.6598037e-05
1.6140081e-05
0.0074688958
0.0015809077
1.6671145e-05
1.6425951e-05
2.0463855e-05
1.6050188e-05
1.9049599e-05
0.0019218489
0.0078605469
1.7154467e-05
1.6571137e-05
1.6596283e-05
2.0036017e-05
2.7698492e-05
0.0026105623
1.6226235e-05
1.6164611e-05
1.6474063e-05
1.6623871e-05
1.6109318e-05
1.6042254e-05
1.6332218e-05
1.6012493e-05
1.6353754e-05
0.00011284948
1.6528614e-05
1.5946353e-05
1.671194e-05
1.6658018e-05
1.6942237e-05
1.6070929e-05
1.60535e-05
1.8255734e-05
1.6325725e-05
1.6023465e-05
1.6047714e-05
1.6084233e-05
2.8971126e-05
1.6532842e-05
1.6294701e-05
1.6534981e-05
1.6683268e-05
1.6320476e-05
0.0082393072
2.0523412e-05
1.7093887e-05
4.8274772e-05
1.6284401e-05
1.6867242e-05
1.6906336e-05
1.6859724e-05
0.0076121214
1.6569746e-05
1.6305036e-05
1.7290595e-05
1.6249479e-05
1.7318483e-05
0.0017857272
1.6275569e-05
1.664096e-05
1.6915591e-05
1.7247509e-05
1.6624352e-05
1.6946311e-05
1.8505131e-05
0.00021178525
1.6220455e-05
1.6630585e-05
1.645242e-05
1.6589324e-05
1.6317188e-05
2.1052805e-05
1.6106736e-05
1.6157621e-05
0.00019268212
1.6649039e-05
1.6267038e-05
1.6150016e-05
1.6255188e-05
1.6947746e-05
1.6314242e-05
1.6116627e-05
1.8263705e-05
1.7004999e-05
1.7233406e-05
1.6315556e-05
1.651546e-05
1.651655e-05
1.6081519e-05
1.6906554e-05
1.6918109e-05
1.6170348e-05
1.6520157e-05
1.6273219e-05
1.6252541e-05
0.0023242511
4.7756339e-05
1.6034582e-05
1.6209307e-05
1.6329336e-05
1.6539733e-05
1.6908522e-05
1.6581013e-05
1.6578314e-05
1.6552399e-05
1.6949349e-05
1.6132244e-05
1.6247374e-05
0.00019582439
1.6072194e-05
4.621979e-05
1.6236113e-05
0.0082527002
1.6571106e-05
1.6196094e-05
1.6321248e-05
1.6881765e-05
1.6334319e-05
1.6953347e-05
1.6220849e-05
1.618085e-05
0.0032036895
1.6585465e-05
1.6154549e-05
1.6243613e-05
1.6065092e-05
1.6200347e-05
1.654245e-05
0.0079021782
1.6066019e-05
1.6324886e-05
1.7071655e-05
1.6269319e-05
1.6147044e-05
1.6539762e-05
1.6843172e-05
1.6168549e-05
1.6260002e-05
1.6667383e-05
1.7468853e-05
1.6232254e-05
1.6114438e-05
0.0010371462
1.6093884e-05
1.6347169e-05
1.6038291e-05
1.6530893e-05
1.6945484e-05
1.6639497e-05
9.4462417e-05
1.627333e-05
2.4890808e-05
1.6326531e-05
1.6067083e-05
0.00047907508
1.7415637e-05
1.7364506e-05
1.7168112e-05
1.6420581e-05
1.6202754e-05
1.6535066e-05
0.0002395886
4.5741728e-05
1.6202198e-05
1.6582177e-05
1.6085201e-05
1.6283559e-05
1.6758187e-05
1.6089124e-05
1.6226629e-05
1.6106293e-05
1.7068302e-05
1.6134757e-05
1.7037946e-05
1.7493644e-05
1.6816836e-05
1.6538427e-05
1.6062658e-05
1.6987404e-05
1.6292002e-05
1.6281422e-05
1.6130192e-05
1.6120345e-05
1.617951e-05
1.608281e-05
1.6094226e-05
1.6207826e-05
1.6197635e-05
1.6211043e-05
1.6603693e-05
1.6318792e-05
2.8553493e-05
1.6276296e-05
1.6138531e-05
1.6100675e-05
1.676639e-05
1.6110513e-05
1.8128209e-05
1.6124918e-05
1.6191907e-05
1.6095591e-05
1.6860494e-05
1.6675858e-05
2.9219099e-05
1.6845131e-05
1.6155678e-05
1.6922927e-05
0.0002383091
2.8320507e-05
1.6155204e-05
1.6099209e-05
1.620083e-05
1.6586059e-05
1.6082549e-05
1.6102268e-05
1.6331114e-05
1.6115077e-05
1.6078607e-05
0.00090084595
1.6328136e-05
1.6300737e-05
1.6234285e-05
1.5965677e-05
2.7175057e-05
1.6139588e-05
1.610522e-05
1.6273125e-05
1.6147468e-05
0.0026713819
1.6131758e-05
1.6864305e-05
2.736998e-05
1.6095324e-05
1.6106391e-05
1.6236708e-05
1.6131545e-05
1.6246842e-05
1.738826e-05
1.6118914e-05
1.6130367e-05
1.6241122e-05
0.00019766062
1.6613305e-05
1.8327104e-05
1.6180287e-05
1.6092058e-05
1.6264839e-05
1.6267949e-05
1.67671e-05
1.624366e-05
1.6119334e-05
1.6326704e-05
1.6059225e-05
1.6167136e-05
1.6248009e-05
1.6237224e-05
1.6670999e-05
1.6211318e-05
1.6168485e-05
0.0020255124
1.6217685e-05
1.6085645e-05
1.6259872e-05
1.6178763e-05
1.6668623e-05
0.0011208364
1.6190224e-05
1.5960588e-05
0.00058233017
1.6187184e-05
1.6756474e-05
1.6176573e-05
1.6306452e-05
0.0026425934
0.0031732296
6.899495e-05
1.6072377e-05
1.6612898e-05
1.6288793e-05
1.6541487e-05
1.6518559e-05
1.6091014e-05
1.6832786e-05
1.6245442e-05
1.6738942e-05
1.66186e-05
1.6054601e-05
0.00056807259
1.6257506e-05
1.5978683e-05
1.6520078e-05
1.7039817e-05
1.6156343e-05
1.6049299e-05
1.6897437e-05
1.612226e-05
1.6220408e-05
0.00057615503
1.6058089e-05
1.6226203e-05
1.6701754e-05
1.6613202e-05
1.622893e-05
1.6210972e-05
1.6231178e-05
1.6643318e-05
1.6040951e-05
1.6190299e-05
1.6635715e-05
1.6037928e-05
1.6225618e-05
1.6220728e-05
1.6252547e-05
1.620173e-05
1.6215423e-05
1.6046189e-05
1.6671702e-05
1.6647191e-05
1.6032676e-05
1.6205995e-05
0.00061308909
1.6215515e-05
1.6014752e-05
1.6633734e-05
1.6625043e-05
1.6218287e-05
1.6206708e-05
1.7190892e-05
1.6124111e-05
1.5971222e-05
1.6670324e-05
1.6024826e-05
1.6210604e-05
1.601709e-05
1.6193724e-05
1.6030019e-05
1.619871e-05
1.6009549e-05
1.6202461e-05
1.6783306e-05
1.6022267e-05
1.6000582e-05
1.6189451e-05
1.6897482e-05
1.6182533e-05
1.5995499e-05
1.6197565e-05
1.6565634e-05
1.6007557e-05
1.623873e-05
1.6605954e-05
0.00087056608
1.6193258e-05
1.6195227e-05
1.6002432e-05
1.6618981e-05
1.6188286e-05
1.6191171e-05
1.5988939e-05
1.5851584e-05
2.654578e-05
1.6190239e-05
1.5994048e-05
1.5987882e-05
1.6189156e-05
1.6186201e-05
1.6187498e-05
1.59828e-05
0.00040337719
1.5966285e-05
1.5981977e-05
1.66221e-05
1.6178747e-05
1.6250405e-05
2.5222289e-05
1.5976925e-05
1.6569289e-05
1.8701786e-05
1.662317e-05
0.0015482018
1.5961348e-05
0.001911947
0.00087278244
1.595747e-05
1.6648092e-05
1.6184267e-05
1.6651048e-05
1.597647e-05
1.618364e-05
1.5971497e-05
1.5966293e-05
0.00061873262
1.5953595e-05
1.663942e-05
0.00061629493
1.6650722e-05
1.6685873e-05
1.6184714e-05
1.5969727e-05
1.5987172e-05
0.00045334558
1.5935966e-05
0.00059645768
1.665416e-05
1.5956724e-05
1.6186073e-05
1.6614209e-05
1.6594249e-05
0.00045934841
7.2084041e-05
1.594881e-05
1.5952458e-05
1.6681284e-05
1.6182972e-05
1.6178018e-05
1.5952644e-05
1.5936406e-05
1.6181106e-05
1.5946507e-05
1.942745e-05
1.5948658e-05
1.5947185e-05
1.5988891e-05
1.5960983e-05
1.5945481e-05
1.595657e-05
1.6243698e-05
1.6243087e-05
1.6238312e-05
1.5931491e-05
1.6223796e-05
1.6209434e-05
1.6233899e-05
1.5942415e-05
1.5942271e-05
0.00048183988
1.6233009e-05
0.00048040112
1.6178878e-05
1.6179927e-05
1.6219141e-05
1.5936411e-05
1.6186577e-05
1.6179741e-05
1.5945137e-05
1.62141e-05
1.6191459e-05
1.5982631e-05
1.5937357e-05
1.594934e-05
1.6218459e-05
1.6183818e-05
1.5942156e-05
1.6192182e-05
1.6197005e-05
1.5932002e-05
1.6228598e-05
1.5943868e-05
1.6223699e-05
1.6213851e-05
1.5939603e-05
1.5939996e-05
1.5931619e-05
1.5952797e-05
1.6205139e-05
1.6180682e-05
1.5941643e-05
1.593292e-05
1.59342e-05
1.6185607e-05
1.593263e-05
1.5961628e-05
1.6184855e-05
1.6184233e-05
1.6184295e-05
1.620044e-05
1.618829e-05
1.6204672e-05
1.6209837e-05
1.5931942e-05
1.6228311e-05
1.5956507e-05
1.6183444e-05
1.5950285e-05
1.5933928e-05
1.5939832e-05
1.6195722e-05
1.5937207e-05
1.6186855e-05
1.5937457e-05
1.6199944e-05
1.5935483e-05
1.5938541e-05
1.5935672e-05
1.5940143e-05
1.6181942e-05
1.6675715e-05
1.6193341e-05
1.6178504e-05
1.6183384e-05
1.5938544e-05
1.5936007e-05
1.6188537e-05
1.6179369e-05
1.5937198e-05
1.6599096e-05
1.6684321e-05
1.6596189e-05
1.5944529e-05
0.0015292986
1.6189123e-05
1.663339e-05
2.4829964e-05
1.6689951e-05
0.00079234582
1.6638659e-05
1.6624098e-05
1.6720422e-05
1.6629644e-05
0.0015610472
1.5965065e-05
0.0015156115
1.6664993e-05
1.6725678e-05
1.5993381e-05
1.665403e-05
0.0010122762
1.6755086e-05
1.6658945e-05
0.0012178307
1.6682041e-05
1.6760159e-05
1.6708629e-05
1.663609e-05
1.6686795e-05
1.6787804e-05
1.6675713e-05
1.6708428e-05
1.6927818e-05
0.00090154743
1.6792156e-05
0.00090579532
1.6576567e-05
1.6730827e-05
1.6734847e-05
1.6713465e-05
1.6817319e-05
1.6931502e-05
1.6821112e-05
1.6733337e-05
1.6930167e-05
1.8413356e-05
1.6843599e-05
1.6737601e-05
1.6831027e-05
0.010390594
1.6186907e-05
1.6755218e-05
1.6846905e-05
1.7074219e-05
1.686644e-05
1.6758882e-05
1.8167392e-05
1.6581422e-05
1.6773788e-05
1.585202e-05
1.5849901e-05
2.0691647e-05
1.6869212e-05
0.010457625
1.7062495e-05
1.6825791e-05
1.6922997e-05
1.6776964e-05
1.6885778e-05
0.0012326728
1.6582184e-05
1.6789825e-05
1.6924086e-05
1.6888226e-05
1.6575221e-05
1.6901727e-05
1.7311967e-05
1.6792489e-05
1.690517e-05
1.6812e-05
1.6704039e-05
1.6903768e-05
1.6802849e-05
1.6914149e-05
1.6805271e-05
1.6915766e-05
1.6813452e-05
0.011192238
1.6630121e-05
1.6921849e-05
1.6815465e-05
1.6923144e-05
1.6821462e-05
1.6926813e-05
1.6703354e-05
1.7531752e-05
1.7672904e-05
1.711167e-05
1.6827066e-05
0.010639786
1.6728105e-05
1.673653e-05
1.7294486e-05
1.6504089e-05
1.6829255e-05
1.6931006e-05
2.4851415e-05
1.7412326e-05
1.6931958e-05
2.0030592e-05
1.6829899e-05
1.7071223e-05
1.6930728e-05
1.7075083e-05
1.7075425e-05
1.6999918e-05
1.6927193e-05
1.6930062e-05
1.8103455e-05
1.6931971e-05
1.7073554e-05
1.7067798e-05
1.6928026e-05
1.6438376e-05
1.7069141e-05
1.7534167e-05
1.7073032e-05
1.6823364e-05
1.6822416e-05
1.6918338e-05
1.6819491e-05
1.6819105e-05
1.6919531e-05
1.6911982e-05
1.6823206e-05
1.6990768e-05
1.6457527e-05
1.6815644e-05
1.6913129e-05
1.7417064e-05
1.6455607e-05
1.7388582e-05
1.6812602e-05
1.6830556e-05
1.6897572e-05
1.7392601e-05
1.6898697e-05
1.736357e-05
1.736654e-05
1.7027674e-05
1.6931493e-05
1.7029648e-05
1.7337261e-05
1.6612835e-05
1.733902e-05
1.7174957e-05
1.6722013e-05
1.7159356e-05
1.716024e-05
1.7144031e-05
1.7145009e-05
1.7189295e-05
1.7128205e-05
2.2254314e-05
1.7113112e-05
2.7355339e-05
1.7314245e-05
2.9448709e-05
1.5865513e-05
1.6003214e-05
1.5850636e-05
1.71745e-05
1.5849835e-05
1.5842975e-05
1.7048305e-05
1.6029744e-05
1.6455499e-05
1.7289191e-05
0.0029053593
0.0014998375
4.1406586e-05
0.00066407747
2.9495002e-05
2.8931263e-05
7.5796734e-05
2.9059639e-05
8.1038027e-05
0.0010511531
0.0010673405
0.0010417828
1.6591178e-05
0.00066924163
1.6001114e-05
1.5864723e-05
1.6598703e-05
1.5844829e-05
1.6582932e-05
7.032944e-05
3.117126e-05
2.9932893e-05
0.0006888215
1.5988225e-05
1.6002116e-05
1.4660369e-05
0.0022485179
8.0249745e-05
0.0028954449
0.0022392605
1.6364987e-05
0.0010577724
1.6601304e-05
1.6426843e-05
4.2001281e-05
0.002651066
1.4551601e-05
0.0078427484
1.6822026e-05
1.9456359e-05
1.6366333e-05
1.656304e-05
1.6506156e-05
2.3644815e-05
1.8769016e-05
1.946323e-05
2.5094487e-05
0.002284361
0.0054474342
1.5909445e-05
1.5832777e-05
1.8796254e-05
1.6526538e-05
2.2436783e-05
1.4614015e-05
1.4670059e-05
2.5055932e-05
1.6577581e-05
1.7066963e-05
1.6576815e-05
4.0596931e-05
1.6657855e-05
1.7363202e-05
1.7064035e-05
1.6661768e-05
1.7670187e-05
1.7813295e-05
1.8048352e-05
1.6669321e-05
2.7379912e-05
2.5572329e-05
0.0052124132
1.668199e-05
1.6734455e-05
1.6761718e-05
1.590745e-05
1.5865916e-05
1.6697432e-05
1.5820254e-05
1.5825094e-05
1.6692254e-05
1.7816123e-05
1.4627836e-05
1.6765752e-05
2.740701e-05
1.6365969e-05
0.0051285905
1.6710383e-05
2.5279045e-05
4.0536916e-05
0.00024136392
0.0053969334
1.6429146e-05
1.6739003e-05
0.0077656624
0.0092089818
0.0080012234
1.6717936e-05
0.00013509976
1.5832045e-05
0.00015142749
0.0087839887
1.6714971e-05
1.6739809e-05
0.00014236794
1.6645135e-05
0.00017598694
0.00025875463
1.6745135e-05
1.6049341e-05
1.5894869e-05
1.6657465e-05
1.6612252e-05
1.5820043e-05
1.6609193e-05
1.6420228e-05
1.4790344e-05
0.0015575021
0.0091215578
0.00013456254
0.0089149625
1.6610881e-05
0.00012203792
0.00015005446
0.0010830904
0.00041599961
0.001570059
0.00017562023
1.6627351e-05
1.6632171e-05
1.664624e-05
3.8579571e-05
0.00046354507
1.6875497e-05
0.00024783728
1.6619877e-05
0.00038868229
1.662443e-05
1.9382026e-05
1.6880566e-05
0.00040088248
0.00025966061
1.664577e-05
0.00040231803
1.6658172e-05
0.0015380175
0.00041446546
0.00022607649
1.661715e-05
1.9300199e-05
0.00072817579
0.0014041506
1.6642034e-05
1.5835824e-05
1.5844312e-05
0.00011364908
1.6046938e-05
1.6666489e-05
2.3584674e-05
0.0001173433
0.00024873972
1.5817528e-05
1.5816565e-05
0.00037502686
1.9142772e-05
1.6650839e-05
0.00024049441
7.6851804e-05
1.4743185e-05
2.4058954e-05
0.0052766734
1.6625242e-05
1.664685e-05
1.6958834e-05
0.0010732989
0.00031423975
3.193145e-05
1.6661423e-05
0.00070325489
2.349574e-05
1.6637444e-05
1.6627366e-05
1.6597405e-05
1.9307091e-05
0.0010981598
1.6661256e-05
0.0010881909
3.8539794e-05
0.00033758037
0.00011261195
0.0013140718
0.00014423968
1.6496963e-05
1.9348838e-05
3.2359907e-05
1.6364859e-05
1.9569528e-05
0.00070847895
3.7960906e-05
0.00012220739
1.7756951e-05
1.7799484e-05
1.6666967e-05
0.0010878659
0.0066446758
1.6918395e-05
1.6912795e-05
1.6555834e-05
1.510112e-05
0.00068362316
0.00032238829
8.0977694e-05
2.1302903e-05
1.6641012e-05
3.3654733e-05
0.00023420582
0.00044113963
0.00014206511
0.0027552779
0.00012275702
1.7518532e-05
1.8956854e-05
2.3912828e-05
0.00020549725
1.9605082e-05
1.583947e-05
1.5844204e-05
3.998656e-05
3.2188678e-05
3.3466304e-05
1.7520818e-05
0.00033388043
1.4630557e-05
0.00038633719
0.00082858538
0.00021208591
0.00087020563
0.00013072625
1.7486296e-05
1.6574759e-05
0.00011843613
1.7860488e-05
2.3263768e-05
3.1015755e-05
1.5826211e-05
1.5825048e-05
1.6366167e-05
1.5159293e-05
1.6358749e-05
2.9442848e-05
0.00010992761
0.0001216692
1.5596315e-05
3.5055008e-05
1.6434504e-05
1.8137429e-05
3.5946625e-05
4.2526105e-05
4.5347228e-05
1.7741578e-05
1.6601567e-05
1.6378133e-05
3.4847486e-05
0.002816177
1.7628382e-05
2.0577063e-05
0.0020739105
2.1283853e-05
1.6623977e-05
1.984393e-05
1.9805865e-05
2.3521651e-05
8.0164171e-05
0.00043584967
3.7740534e-05
2.0943925e-05
3.6573576e-05
1.6616981e-05
1.6402242e-05
0.00027521605
2.7782724e-05
2.4420259e-05
2.0105154e-05
1.8366584e-05
2.3846651e-05
0.00013221371
3.6344881e-05
0.0014150227
1.6608162e-05
8.4443441e-05
4.4028869e-05
0.0030789857
0.0040752076
0.005127985
0.0031231721
0.0051336402
0.0041245415
2.0064391e-05
1.8365505e-05
0.00039104846
0.00086107072
3.8213023e-05
0.001390384
1.6597061e-05
2.0377682e-05
4.3765321e-05
0.002380818
1.7815661e-05
0.0015683102
0.0011308578
0.001601528
2.3715877e-05
0.001633885
2.0334513e-05
1.7755451e-05
1.1461714e-05
0.00090358139
4.015969e-05
0.00038151444
2.0680996e-05
1.660701e-05
1.7481796e-05
0.0067776179
0.0029563396
2.0636935e-05
1.6555974e-05
0.0014591713
1.7093208e-05
0.0013937695
1.6622831e-05
1.995895e-05
1.9744795e-05
2.012481e-05
1.6621207e-05
0.0030804819
1.6338154e-05
1.6608593e-05
1.8636525e-05
3.2628631e-05
0.00082521551
0.0018500672
2.1339857e-05
1.78982e-05
3.9708861e-05
1.6498792e-05
0.00028354263
1.7549909e-05
1.6582852e-05
0.0090353278
4.1895816e-05
1.5982347e-05
1.6591799e-05
0.0020157233
1.5836842e-05
1.5841871e-05
0.0005678853
0.0021944002
1.7460237e-05
0.0031421752
1.6844581e-05
0.005217249
8.3433663e-06
0.00029768216
1.657513e-05
0.00031626228
0.002736182
1.896202e-05
0.0013705325
1.9953632e-05
1.7483349e-05
0.0031331623
0.0077762006
0.00073759214
1.6238876e-05
1.5827166e-05
1.583853e-05
0.0015880807
0.0028915186
1.7060525e-05
1.717552e-05
0.007865424
1.7753041e-05
2.3283022e-05
2.3723322e-05
1.6928077e-05
4.3868655e-05
6.2957175e-05
6.6584591e-05
1.6822625e-05
0.00046102948
9.1105209e-05
0.00011160853
0.00011660124
2.3212806e-05
0.002322472
0.00012952977
5.2718275e-05
1.6587956e-05
0.00011424877
0.0019848974
1.5896495e-05
1.2131887e-05
0.0029537706
0.00038435596
1.6112694e-05
0.00028449465
0.00019159921
1.703884e-05
2.0337608e-05
1.6618869e-05
2.3181204e-05
9.1838433e-06
1.7275298e-05
1.6592823e-05
0.0015951766
2.2615925e-05
0.0072277853
0.0032447145
0.00068065506
1.6252311e-05
0.00073510761
1.6316956e-05
1.6089153e-05
0.0019709399
0.0025874359
1.8072262e-05
0.00052325635
1.6588173e-05
2.4459122e-05
0.00010634164
3.5974927e-05
0.0079316256
1.6463381e-05
1.6063184e-05
0.00093331632
0.0018751076
1.3721692e-05
0.0029665508
2.2146686e-05
8.4035013e-05
1.9855249e-05
0.0099582488
0.00025142487
1.6590016e-05
1.9098641e-05
0.0005498251
0.00012220738
9.8493739e-05
0.00080014478
1.6471455e-05
1.2873117e-05
0.00064152859
0.0029845257
1.6566915e-05
1.5820046e-05
1.6516963e-05
0.002979338
0.00046270929
0.0022874424
0.00033122639
1.6571646e-05
1.9465598e-05
4.5367845e-05
1.5833663e-05
1.5999215e-05
0.0007377383
7.2501077e-06
1.8153777e-05
0.0029849065
1.6525182e-05
1.6043786e-05
0.0019929169
1.9804433e-05
1.6492152e-05
9.1771267e-05
0.00044522343
1.6462227e-05
0.0046730492
0.00083704784
1.5833978e-05
3.604558e-05
0.0018938822
7.7108775e-05
1.6699261e-05
1.676707e-05
1.6018307e-05
0.0027205933
0.0028736432
7.0403567e-06
2.69374e-05
1.6911071e-05
0.00090994293
1.979361e-05
0.00093949969
0.0091214047
0.00046951104
7.4910435e-05
5.2524028e-05
1.6251608e-05
0.0020998642
0.0015837898
1.5808871e-05
7.2729712e-06
0.0020837043
1.5916364e-05
0.0011082585
1.9348596e-05
0.0067684366
1.471907e-05
1.5831579e-05
1.6273917e-05
0.00064290343
0.0021345653
0.0053723364
2.9982055e-05
1.6542429e-05
0.0012043893
1.6631446e-05
0.0028430048
1.93409e-05
1.4530279e-05
0.01092255
1.7721868e-05
0.00014073452
1.5854805e-05
1.6586806e-05
3.960732e-05
2.0989477e-05
0.0013927317
0.0023508494
2.0205982e-05
2.9925471e-05
1.6315996e-05
0.0014807233
0.0016080091
1.6612442e-05
0.0020901911
1.6593154e-05
1.64729e-05
1.6468532e-05
1.584593e-05
0.0027927969
0.0016281317
0.00044696381
0.0019221635
0.0019926761
0.0017216655
7.4461265e-05
1.6579601e-05
0.00082223732
0.0024254806
0.0023492024
1.6530537e-05
1.6456068e-05
1.5815226e-05
8.1445658e-06
0.0016668492
0.0089487129
0.0020219564
0.0021112337
0.0022505279
0.010125333
0.0010060698
0.00015981979
0.0018749342
2.1720966e-05
1.683079e-05
0.0020782565
0.0019804665
0.002076105
2.6845649e-05
1.71507e-05
0.00020267697
0.002262763
1.7333789e-05
0.011348206
7.5639723e-05
1.6104101e-05
0.002328983
0.0024282988
0.0024437131
0.0011068533
1.6159593e-05
0.0023412941
0.0025320137
0.0020906899
1.6425459e-05
9.7712547e-06
0.0026767242
0.0028264801
0.0027452261
0.0020061167
1.583465e-05
0.0090363921
0.0012995042
1.5903497e-05
1.5941017e-05
0.0022360252
0.0007051746
0.0029679653
0.0029907842
0.0023784371
1.9089964e-05
0.0018192437
0.00027264617
0.00021331052
0.0025464567
1.6440528e-05
1.683522e-05
0.002698752
1.1651463e-05
0.0025943684
1.6492418e-05
0.0015704789
0.002560797
0.0015384612
0.0017018122
0.002888689
0.0027992621
0.0028441056
0.0027957399
0.0029045839
0.00078783947
0.0054215834
1.2282556e-05
0.0053213586
0.0027662916
0.0028566815
0.0027450289
1.9945583e-05
4.7836568e-05
2.1240763e-05
0.00290918
0.003070599
0.0030416847
0.0027683714
0.0029999449
0.0030428551
0.0030737969
0.0031869795
0.0029393502
0.0021647292
0.0031146517
1.6455228e-05
1.6747438e-05
0.003168976
9.2521925e-06
0.00268262
2.1765933e-05
0.0021695414
0.002092221
0.002126109
0.0031463674
0.0020350349
1.3084576e-05
0.0029142136
0.0020979077
0.0030059257
0.0019451421
1.5891034e-05
0.002133416
0.0021432305
1.3976551e-05
0.0020296494
1.6530009e-05
0.0020660666
0.0029389298
0.0020944477
0.0020748448
1.6491482e-05
0.0019880562
0.0019318788
0.0029787407
0.0044719695
3.1885261e-05
0.00196893
0.00207784
0.0019582805
0.0020291165
0.0020213421
0.001917816
1.6362169e-05
1.6361866e-05
0.0030062442
0.0020954135
0.0020673322
0.0020635568
0.0020046939
0.0019758536
0.0020769225
0.001981219
6.5799833e-05
0.0029404905
0.0020161595
2.2080888e-05
0.0030035264
0.0029553348
0.0030803207
0.0020485217
0.0021056122
0.0020527022
0.0029867672
0.0029410334
0.0029453569
1.6755376e-05
1.4992852e-05
0.0020573142
1.6369323e-05
1.6758003e-05
1.6753321e-05
1.9921528e-05
0.002911066
0.0029379732
0.0022425926
1.6083698e-05
0.001789
0.0029556754
0.0029024582
1.6753797e-05
0.0029203532
0.0029681947
0.0028509501
0.0028996895
0.0029191065
0.0028946044
0.0028348126
0.0027679903
0.0027747481
0.0028537
0.0028150778
0.0028141633
0.0028545728
0.0028457142
1.6492354e-05
1.7569594e-05
0.0019859267
0.0028895706
1.6211767e-05
0.002698332
0.0027785304
1.6370283e-05
0.0026630988
0.0027417091
1.6555219e-05
0.002869831
0.0026948837
0.0026705372
0.0026598817
0.0026500246
0.002754514
0.0027484626
0.0019234014
0.0029406154
0.0054474924
1.6492511e-05
0.0026489864
0.0021777811
2.5966988e-05
1.6492073e-05
1.5816455e-05
0.00012996615
1.7045071e-05
1.642652e-05
0.00017484314
2.3682504e-05
2.0014142e-05
0.00014325219
0.0023683077
1.5837188e-05
2.2563166e-05
1.9719714e-05
0.010461572
1.6441272e-05
2.5022531e-05
0.0018636995
1.7337892e-05
1.583747e-05
1.6773952e-05
0.00015823587
3.1011813e-05
0.0026115908
2.7882393e-05
0.00012850943
7.2874643e-05
3.4532534e-05
2.1379105e-05
2.7146275e-05
2.4991915e-05
4.7246905e-05
4.2640946e-05
1.7276618e-05
2.4461559e-05
2.4490405e-05
5.4186379e-05
0.00079603778
4.8503255e-05
3.0141431e-05
1.6375758e-05
1.6376514e-05
0.0017435427
0.0017217061
0.00072391093
2.5920993e-05
5.1325517e-05
7.7970306e-05
1.6533466e-05
6.7135781e-05
0.00011835076
8.7149082e-05
0.0026578095
9.7773778e-05
2.2644847e-05
0.00012322723
1.6447336e-05
2.382086e-05
0.0027614626
0.0001177415
0.00013762696
0.00016238289
0.00018184545
0.0001275389
0.0031414059
0.0028321957
0.00023175734
0.00024576853
0.002986585
0.00030790555
0.0030102017
0.0030100569
0.00019803808
0.00063789448
0.00065244165
0.00034989607
0.00033154347
0.00043055935
0.00052693019
0.0031484632
1.7374274e-05
0.00050060219
0.0082657229
1.7375604e-05
0.0006980015
0.00060969938
1.6604811e-05
1.6650295e-05
0.00066819672
0.00064219133
0.010062263
0.00031188751
0.0080692732
0.0068194736
0.00077823555
0.00081758384
0.00077628597
0.0001174941
2.2266183e-05
0.00085968197
0.00069285478
0.00089345109
0.00097331094
0.0010333445
0.00098441238
0.0029213036
2.1889592e-05
1.6443125e-05
1.653428e-05
0.00091279339
1.6475878e-05
0.0002538534
0.00070246312
0.00010631393
0.0012078489
0.001124219
0.00021149865
1.6457319e-05
0.0012997705
0.0012561817
0.001191832
0.0013564511
0.0012488771
0.0011635755
0.0011510831
1.6220545e-05
2.7318713e-05
0.0025509886
0.0011702626
0.0013048491
0.0011710036
1.6138185e-05
0.0012059855
0.0011641991
0.0014511909
0.0011877982
0.0014915348
0.0052990016
0.0012261551
0.0018847063
0.0017656059
0.0017348255
0.0015925101
0.001806834
0.0017929181
0.0016304322
0.0015316632
0.0013768316
1.5985564e-05
0.0016669538
0.0018925362
0.0019363501
0.0018292098
0.001828304
0.0018995948
0.0020751685
0.0019903419
0.0020527814
4.9428388e-05
0.00057213033
0.0018488601
0.0019510714
0.0019607757
0.0020251798
0.002774003
0.0019067889
0.0020017084
0.0019809942
0.002972433
0.0020025951
0.0015021999
0.0019146347
0.002978365
4.1660341e-05
0.0005645949
0.0028651737
1.8952824e-05
0.002876316
0.0028166745
1.5908135e-05
2.5979695e-05
0.010237414
1.5839084e-05
0.0016011463
1.6596536e-05
3.2986371e-05
1.626216e-05
0.0016627358
0.0016500563
0.0042009621
1.6115809e-05
0.0020172148
0.0020909595
0.0021953915
0.002260097
1.3763848e-05
0.0027245159
0.0024940078
4.502193e-05
4.4218347e-05
5.2965922e-05
0.0029932328
0.0028872026
1.6820929e-05
0.0029908847
0.0007343911
9.4478837e-05
0.0017066871
1.6471971e-05
0.0030116683
0.0030714814
2.1299454e-05
0.0016617378
0.0042755315
0.00012534182
0.0030326375
0.0001788775
1.643175e-05
7.4986499e-05
0.0030058634
0.00024326988
1.5960176e-05
1.5866358e-05
6.4134394e-05
0.0029899818
0.0003442091
0.0030692533
0.0011855349
0.001160297
0.0011807767
0.00052381036
0.0030153376
1.5811019e-05
0.00069299418
3.8470495e-05
8.4191304e-05
0.0032049905
0.0013180392
0.00027336273
1.647744e-05
1.6383734e-05
0.0020951247
1.5943118e-05
1.6438946e-05
0.0029404912
0.0029146935
0.0031628188
1.705551e-05
1.7187114e-05
0.00073108995
0.0020859051
0.00069032577
8.7367789e-05
0.00010997953
0.0029484318
0.00011274181
0.00011905132
2.6825243e-05
1.6170405e-05
1.6490183e-05
1.6526395e-05
0.001772224
1.6103369e-05
0.0013552161
0.0021294549
1.6669945e-05
0.0017572565
1.5825562e-05
0.002443832
0.0017107692
0.0022293529
0.0019057353
0.0001580967
0.0024561062
0.002528007
0.0020088123
0.002436958
0.002142361
0.0015548656
0.0021991204
0.0013458127
0.0024411153
0.0017484637
0.0028095272
0.0028015453
0.0019494583
0.0014946566
0.0017819872
0.0021408143
0.0023089519
0.0024285743
0.0021836216
0.0015708409
0.002295301
0.0020229547
0.0024076052
1.6458668e-05
0.0023160376
0.00088777723
0.00092856366
0.0022870329
0.0025943673
0.0025707019
0.0033389798
0.002572547
0.0030326337
0.011356568
0.0030279543
0.0020955213
0.0021220168
0.0028982269
0.0020280829
0.002083093
1.6984753e-05
1.6207408e-05
0.0019143242
0.0019053775
1.8427002e-05
0.0015998191
0.0020780164
0.0023056461
0.0019916995
0.0019797697
1.5951766e-05
0.00021626886
0.0021079482
0.0029551718
1.6443103e-05
0.0029632112
0.0029669396
0.0020190656
0.0029540079
0.00016909291
1.6013238e-05
1.6366427e-05
0.0029607091
0.002069177
0.0021381156
1.6049144e-05
1.6248489e-05
0.0020614421
0.0021575953
0.00029557976
0.0019279841
1.6336572e-05
0.0019421725
1.6781589e-05
0.00010509908
0.00013192287
1.6446667e-05
0.0020721322
1.7936092e-05
2.2905656e-05
0.0021653798
0.0019665666
1.6344375e-05
1.6565026e-05
0.00031379724
0.0019693751
1.5849354e-05
0.0020931323
1.6366672e-05
1.5880368e-05
1.6321164e-05
0.0027794391
0.002827994
0.0028200798
1.749426e-05
1.7492808e-05
0.00014808834
0.0027573414
0.00048443162
1.6353097e-05
1.6497608e-05
1.6236816e-05
1.6586531e-05
1.6543213e-05
0.0013985139
1.6115129e-05
1.6387381e-05
1.6400137e-05
0.0028570755
1.5861213e-05
1.5996666e-05
0.00065389903
1.6182938e-05
1.6564243e-05
1.6882586e-05
0.00059746724
0.00062399026
0.0039875478
0.0024744632
0.0025003475
1.6448435e-05
0.0171041
0.002057909
1.6531302e-05
0.0049955198
0.0013723216
0.0007720397
1.5949643e-05
0.00081393782
0.00065339589
1.6434717e-05
0.0027885555
1.6273579e-05
1.7375661e-05
0.00084791837
1.6403247e-05
1.6574912e-05
1.6024623e-05
0.00094173827
1.6231096e-05
7.1081286e-05
1.8220865e-05
1.6364244e-05
1.6402975e-05
1.6410287e-05
1.6282355e-05
0.00087210354
4.402593e-05
1.6518924e-05
1.6425358e-05
1.6263401e-05
1.6582804e-05
1.6841874e-05
1.5799075e-05
1.6796353e-05
0.00016552074
1.5981132e-05
0.00019196186
4.7360443e-05
1.5869899e-05
1.6421231e-05
1.6789491e-05
0.0017828968
1.5904791e-05
1.6123915e-05
0.0099924542
0.0015541021
2.1038319e-05
0.0017997486
0.0017003169
1.6604645e-05
0.0015321607
1.5891328e-05
0.00034116017
0.0016660434
0.000110892
1.6148468e-05
1.6365815e-05
1.649732e-05
1.6580464e-05
0.00079222767
0.00053281209
0.0005302743
1.6297559e-05
0.0017083647
1.66549e-05
1.5993825e-05
0.0019131241
1.6671719e-05
0.0019871435
0.0019570262
0.00052468814
1.6391382e-05
0.0019008225
0.0014516447
1.6462275e-05
3.4956401e-05
1.6572129e-05
1.8876092e-05
1.5851227e-05
1.6450487e-05
0.0014919159
0.0017324532
0.0015928245
0.0017620543
0.0018709736
1.8881715e-05
0.0016302268
1.6493552e-05
0.001805309
1.6488673e-05
1.6425059e-05
0.00063218061
9.506387e-05
3.1688754e-05
1.6428924e-05
0.0015683568
0.00014665607
1.5989363e-05
0.0018261071
0.0025277826
1.5912303e-05
0.0083004637
1.5799996e-05
0.0018844692
1.6637517e-05
0.0019615135
0.001984427
0.0019931737
1.6416456e-05
2.1048765e-05
0.0064046823
0.00027648193
1.657549e-05
1.6477418e-05
1.5977858e-05
1.5885028e-05
0.00086916464
1.5991595e-05
0.00058705823
0.0016739869
1.6588191e-05
1.6567527e-05
1.6468112e-05
1.6218071e-05
0.00059516653
1.7592863e-05
1.6581627e-05
1.6594303e-05
1.5903571e-05
1.5796102e-05
0.0040500579
0.0010602821
1.6437652e-05
1.6447527e-05
1.6445598e-05
0.0020529573
1.6568157e-05
0.0020507204
1.6221379e-05
1.6502661e-05
0.0021012692
0.0016215582
1.6224923e-05
1.6473687e-05
1.6361476e-05
1.6059224e-05
1.5918729e-05
1.5959166e-05
0.0022425647
1.6544095e-05
1.6540002e-05
1.5834408e-05
0.00092222215
1.5854875e-05
1.5816491e-05
1.7596611e-05
1.7508202e-05
8.5179445e-05
1.658632e-05
0.00014776278
1.5887399e-05
1.6444806e-05
1.6501211e-05
1.5885265e-05
1.5926589e-05
0.00069443767
0.0025668037
1.6060496e-05
0.0024234012
0.001498304
0.0015222686
0.0024564005
0.00064417316
0.0026231746
0.010123314
0.0007187593
1.8657495e-05
0.0026174481
0.0025279054
0.002710419
1.6389363e-05
0.0040508436
1.6478722e-05
0.003508256
0.0026982961
1.6475465e-05
0.002422902
0.0024943475
0.0011483577
0.0024850938
0.0027504796
1.5829968e-05
0.0064203872
0.0011712944
1.6038018e-05
0.0026623957
0.0076369682
0.0086916673
1.6190685e-05
0.002384482
3.529319e-05
0.0024778715
1.594004e-05
1.6953699e-05
1.6168607e-05
0.0027838223
0.0025214908
0.0028259912
1.6407297e-05
1.6347998e-05
0.015610545
1.876503e-05
1.8448741e-05
0.016010113
1.6941273e-05
0.0027195731
0.00010874188
3.8436232e-05
1.5833077e-05
1.6525383e-05
1.6433479e-05
0.00039804333
1.6303089e-05
4.4282766e-05
2.3296301e-05
1.7096604e-05
4.1184132e-05
1.647502e-05
1.8379036e-05
1.9684301e-05
1.4811714e-05
0.00014054387
1.6047313e-05
1.6355035e-05
0.0041061394
1.6494768e-05
1.5799037e-05
1.6304391e-05
1.602184e-05
0.00012739276
1.6382886e-05
1.6458244e-05
1.5859917e-05
1.6452523e-05
1.7891328e-05
0.0016108262
1.5842886e-05
1.6358523e-05
1.5806084e-05
0.00062580381
0.00039324266
0.0002191061
0.003936878
0.0058826393
1.6021218e-05
1.6880591e-05
1.5829533e-05
1.5816809e-05
1.6433698e-05
1.6463072e-05
1.6170257e-05
1.6347145e-05
1.6534344e-05
1.6607606e-05
1.6608337e-05
1.6556005e-05
1.6560039e-05
1.5182908e-05
1.6316524e-05
1.6408189e-05
0.00026821011
1.6468684e-05
1.6459347e-05
0.0002991472
1.6443189e-05
1.586393e-05
1.6525318e-05
0.006881234
1.6568854e-05
1.6405639e-05
0.00075490209
1.6427972e-05
7.3231333e-05
1.614168e-05
2.2892463e-05
1.5989256e-05
1.6280071e-05
1.6374641e-05
0.0082538741
1.646964e-05
1.6486945e-05
0.00020803771
1.6163506e-05
1.7211708e-05
1.6798215e-05
1.6361256e-05
0.00034048535
0.0079348991
4.7833716e-05
2.1237245e-05
1.6401498e-05
1.4963724e-05
0.00045631131
1.5883539e-05
1.5971562e-05
1.5871577e-05
1.6560948e-05
1.6336781e-05
0.015961299
1.5811772e-05
0.0038552147
1.6791983e-05
0.010731614
1.6559761e-05
1.5831372e-05
1.5828868e-05
1.5842247e-05
1.6807803e-05
1.5899662e-05
1.657414e-05
1.6538635e-05
1.5991181e-05
3.182183e-05
1.6366088e-05
0.0025304956
1.6524227e-05
1.606523e-05
1.6788891e-05
1.6792337e-05
0.00024628509
1.6100659e-05
1.6313666e-05
1.6544656e-05
1.6400693e-05
1.642581e-05
1.6850772e-05
0.01109717
1.5913406e-05
0.0054541862
1.747012e-05
1.6179738e-05
1.486346e-05
1.645811e-05
1.6155277e-05
1.580412e-05
1.5791735e-05
0.0048206084
1.6995489e-05
1.6564381e-05
1.640308e-05
1.5847124e-05
1.6199101e-05
1.5807016e-05
1.6438884e-05
1.7562762e-05
1.585549e-05
1.5840245e-05
1.6363216e-05
0.0050968973
1.6476982e-05
0.0010900356
1.6054574e-05
0.00017919782
1.6188639e-05
1.642227e-05
1.5863566e-05
1.6397715e-05
1.6413868e-05
1.8030863e-05
0.0013104653
0.0084443532
1.6580876e-05
1.6558076e-05
0.0018195291
1.6144823e-05
1.7915061e-05
0.0013884788
0.0020331954
1.6536738e-05
1.6430276e-05
1.637422e-05
0.0014671021
2.2615425e-05
1.5809175e-05
0.00050467774
1.6286969e-05
1.6249806e-05
1.5855179e-05
1.6480536e-05
1.5951229e-05
2.6517897e-05
1.6554489e-05
0.00050308944
2.9390624e-05
1.6758059e-05
2.0447186e-05
1.7817834e-05
7.019277e-05
1.6361679e-05
0.0017736726
0.0009722133
1.6440107e-05
1.6237637e-05
1.6320595e-05
1.6351928e-05
1.6277089e-05
1.6801779e-05
1.6410052e-05
1.6407273e-05
2.4623967e-05
1.65733e-05
1.6573106e-05
1.740547e-05
1.6527917e-05
1.636251e-05
8.6668621e-05
1.7758114e-05
1.6677261e-05
4.9227655e-05
1.5912719e-05
1.812319e-05
1.5972182e-05
0.0049033973
1.7126843e-05
1.6371283e-05
1.5824842e-05
0.0096359644
0.00019910006
0.00015760343
2.6018287e-05
1.6149112e-05
1.6042727e-05
1.649089e-05
1.6946136e-05
1.6583771e-05
1.5921302e-05
3.4687437e-05
1.6507584e-05
1.864331e-05
1.5907474e-05
1.6344372e-05
1.5921369e-05
1.6524025e-05
0.005120953
1.6055655e-05
1.6061866e-05
1.6595857e-05
1.6335303e-05
0.0012234493
0.014980713
0.006496659
1.6453844e-05
1.6395335e-05
0.00010843451
1.6661324e-05
1.5817229e-05
0.0056876321
0.00042090598
0.00013567779
1.6104366e-05
0.0026450739
1.6002573e-05
1.6550171e-05
0.0013764999
1.5843744e-05
0.0025926873
1.5885139e-05
1.5922643e-05
0.0025215266
1.654419e-05
1.6644654e-05
0.004104276
1.6595795e-05
1.6475787e-05
1.6398927e-05
1.6575095e-05
1.6621205e-05
1.5874352e-05
1.6188667e-05
1.6468797e-05
1.5836122e-05
1.6541372e-05
1.6437133e-05
1.6531058e-05
1.7002494e-05
2.1578747e-05
1.1022224e-05
1.648881e-05
1.6250674e-05
1.6464837e-05
2.3150549e-05
1.6592565e-05
0.0010629071
1.8947197e-05
1.7198537e-05
1.6667986e-05
1.6136824e-05
0.0006027181
2.2043573e-05
1.6416235e-05
1.6449223e-05
1.6851751e-05
0.0041099611
0.0021895623
0.0041136657
1.5784195e-05
1.5784956e-05
1.5784895e-05
1.5786209e-05
1.5790866e-05
1.5783629e-05
1.5783736e-05
1.5785392e-05
1.5784547e-05
1.5783606e-05
1.5788081e-05
1.5797551e-05
1.5785972e-05
1.6429657e-05
0.00050393336
1.6466773e-05
1.5867932e-05
3.1698475e-05
1.6361655e-05
1.5989e-05
1.596348e-05
0.0012001337
1.5790068e-05
0.0023802099
0.00037438613
1.5762559e-05
1.6446669e-05
5.2733719e-05
1.6446092e-05
1.6573465e-05
1.6656609e-05
1.6514413e-05
0.0011428548
1.6458054e-05
1.6452743e-05
1.6470229e-05
0.0064698047
0.0066994589
1.6492635e-05
1.5812681e-05
1.6077535e-05
0.0020197852
1.6494139e-05
1.5823284e-05
1.6541727e-05
1.6366646e-05
1.5850391e-05
1.6255952e-05
1.6763582e-05
0.0014095994
0.00042890372
0.00091666991
0.00080952899
1.6533737e-05
1.5192778e-05
1.6748724e-05
1.5262684e-05
1.7369294e-05
1.6819719e-05
1.7508091e-05
1.6510232e-05
1.5927638e-05
1.6526808e-05
1.6498109e-05
1.6367242e-05
1.6366495e-05
0.001410971
1.6592071e-05
0.00083727184
0.00086896337
1.6463715e-05
0.001485044
1.5791751e-05
0.0001625214
0.0013773399
1.6776465e-05
0.00076871362
0.0029423639
1.6167232e-05
1.6592538e-05
1.6644449e-05
1.6632664e-05
1.6724769e-05
1.6202691e-05
1.6320807e-05
1.6360949e-05
1.6602846e-05
1.633425e-05
1.5834826e-05
1.5799229e-05
0.00010097018
0.00061043591
1.6598868e-05
1.6413694e-05
0.00010383136
1.6272656e-05
0.0028811922
0.0050988941
1.5847072e-05
1.6846461e-05
0.00286647
1.5894858e-05
1.6076138e-05
1.5938109e-05
0.0013422064
5.2755003e-05
0.008646738
1.6078718e-05
1.5837091e-05
1.6136083e-05
1.6466706e-05
1.5859578e-05
3.535051e-05
1.616677e-05
1.5811971e-05
1.5258922e-05
2.3789337e-05
1.6796522e-05
1.6769307e-05
1.6790623e-05
1.6465751e-05
1.6499989e-05
1.583808e-05
1.8772765e-05
1.5958144e-05
1.9248014e-05
1.6371849e-05
1.6365168e-05
1.6461619e-05
1.5923481e-05
1.6460666e-05
0.0018927346
1.6094213e-05
1.6438749e-05
1.6457916e-05
2.5259799e-05
1.6161397e-05
1.6092715e-05
1.6656602e-05
1.5839413e-05
1.6361055e-05
1.6467527e-05
1.6921041e-05
4.399018e-05
0.011339788
1.7108225e-05
0.0053417502
1.6498049e-05
1.5851893e-05
2.5279101e-05
1.6762923e-05
2.2434607e-05
1.5836278e-05
1.655154e-05
1.6504586e-05
1.6423743e-05
1.6366699e-05
0.0027671123
0.00155313
1.6287236e-05
1.6154068e-05
1.6295068e-05
1.6405296e-05
1.6818842e-05
1.971236e-05
1.5893938e-05
7.0539734e-05
1.6759418e-05
1.6548902e-05
1.6461958e-05
1.6209855e-05
1.6510705e-05
1.6762334e-05
1.6593671e-05
1.6351158e-05
1.5934331e-05
0.0054847654
0.0053478682
1.6777702e-05
1.6866981e-05
1.6465798e-05
1.7068384e-05
0.0048761247
1.6553919e-05
1.6281036e-05
0.00067861351
0.00066333527
0.010450118
0.010280706
8.4336876e-05
1.6184202e-05
1.6393295e-05
1.6407e-05
1.6547327e-05
1.5925439e-05
0.0001432556
1.7590945e-05
0.0061873726
1.5847945e-05
1.6068264e-05
1.8039731e-05
0.00033965587
0.0033088947
1.7176675e-05
1.6256075e-05
0.00024003873
3.1000881e-05
1.7657034e-05
1.7368613e-05
4.1808146e-05
6.667804e-05
1.5875114e-05
1.5825236e-05
1.6612626e-05
1.5941217e-05
0.00013819562
1.5838336e-05
0.0019230089
1.711496e-05
1.7225865e-05
1.6432438e-05
0.0014519755
0.00024062903
1.661065e-05
1.7374264e-05
0.00052081387
0.0020877318
3.2118382e-05
1.7065745e-05
0.00062998201
0.00046357321
1.6148064e-05
1.6073309e-05
1.5832737e-05
0.00059581209
1.6468675e-05
1.6232433e-05
1.6480698e-05
1.6004034e-05
1.5902801e-05
1.5407074e-05
0.00355985
1.6413976e-05
0.00029589277
0.000252613
1.5877829e-05
1.6361493e-05
8.4632523e-05
1.6540434e-05
0.0018849305
1.6431523e-05
1.6537467e-05
1.6208501e-05
0.003203437
1.701979e-05
1.657096e-05
1.6174486e-05
1.5941591e-05
1.659435e-05
1.7938329e-05
1.5957289e-05
1.6136041e-05
0.013638767
1.6359664e-05
1.6463346e-05
1.5853019e-05
1.698639e-05
0.0039462405
0.010235754
0.010133856
0.010247943
0.010122883
0.0046971342
1.6541735e-05
1.5791963e-05
0.0018338619
1.6554123e-05
0.013376396
1.896793e-05
1.6958403e-05
1.6497007e-05
1.5891455e-05
1.5827076e-05
0.0066215172
1.6493756e-05
1.6233988e-05
0.013086885
0.00047041762
1.6768004e-05
3.4928308e-05
8.686011e-06
1.6463178e-05
1.6567397e-05
1.6377883e-05
1.6476538e-05
1.5568429e-05
0.0065596654
1.6934651e-05
1.6420657e-05
1.585304e-05
1.6278177e-05
1.5937008e-05
1.5806012e-05
1.6235467e-05
1.6444494e-05
0.00047673968
2.4605187e-05
1.6789314e-05
1.6206547e-05
1.6378556e-05
0.0024314848
0.00015019213
1.6253995e-05
1.5838219e-05
0.0066697801
0.0060643966
1.6913235e-05
1.667243e-05
1.6444803e-05
1.6410906e-05
0.0025185259
0.00011843308
0.00058102225
1.65487e-05
4.9397041e-05
0.0011477654
0.0065324352
1.6465683e-05
0.012556434
1.6523349e-05
1.6892498e-05
1.6998862e-05
3.3719003e-05
1.6164576e-05
3.4412398e-05
0.016741013
1.8320234e-05
4.5850384e-05
1.6447569e-05
1.6068345e-05
0.00074770743
0.00073750435
1.5838892e-05
1.594639e-05
1.6808477e-05
1.656027e-05
1.6470956e-05
1.6459895e-05
0.00053823333
0.00091016328
1.5942904e-05
0.00053880958
0.010674374
1.6327542e-05
1.5842086e-05
1.643048e-05
0.0016872639
1.6813928e-05
1.5813209e-05
0.0037836964
1.6771354e-05
1.680636e-05
1.6530732e-05
1.6381846e-05
1.6326093e-05
1.6437915e-05
0.0027240753
1.9691281e-05
1.6937449e-05
1.6468481e-05
1.6640056e-05
1.5915653e-05
7.1154312e-05
1.6427984e-05
1.6156697e-05
0.0014176104
1.6260801e-05
0.00018500031
1.604987e-05
0.0051958227
0.0018584474
0.0018516095
1.5820648e-05
1.6355104e-05
0.0018035477
0.0026311608
0.0013948
0.0013705998
0.00051032446
0.0025733034
1.5839913e-05
1.6374676e-05
0.002560145
1.6105804e-05
0.008136691
3.4567247e-05
1.5822738e-05
1.6404805e-05
2.0365352e-05
1.7029726e-05
1.5514145e-05
1.6366084e-05
0.00023273398
0.0039746095
1.641761e-05
1.5792198e-05
1.6768585e-05
1.649833e-05
0.0016894452
0.001662357
1.5839728e-05
1.6496689e-05
0.00049329279
0.00027939324
1.5966343e-05
1.6676559e-05
1.6295932e-05
2.5938808e-05
1.6833996e-05
1.6565536e-05
1.5965617e-05
1.6309745e-05
0.0020991317
1.7106249e-05
1.6540596e-05
1.7330928e-05
0.0069295455
1.58638e-05
1.7730877e-05
1.6412167e-05
1.6808895e-05
1.5857913e-05
2.4375877e-05
0.0028490222
1.6222244e-05
1.7254032e-05
0.0014496146
1.5948223e-05
1.6405914e-05
0.0029242858
0.0027211914
0.002711897
1.6495634e-05
1.7180152e-05
1.6466763e-05
1.6463552e-05
0.0027872398
1.6607081e-05
1.6462955e-05
0.0029733826
0.0030019204
1.6452603e-05
1.6468946e-05
0.005110452
1.6259497e-05
1.6344499e-05
1.6497352e-05
1.6390024e-05
1.6783644e-05
1.6388079e-05
1.6446063e-05
0.00097799078
0.0024566153
1.6216301e-05
1.5821238e-05
1.7780941e-05
2.9761822e-05
1.6392457e-05
1.5873516e-05
3.0212602e-05
1.6385688e-05
1.6244359e-05
1.5941113e-05
1.6395459e-05
1.6411743e-05
0.0047896945
1.6309058e-05
1.6518323e-05
1.6798502e-05
1.6427849e-05
1.7549027e-05
1.6130739e-05
2.1441458e-05
1.6397897e-05
1.5793415e-05
0.0028210365
0.0035136778
0.0035077745
1.5853829e-05
1.6165661e-05
1.5871612e-05
1.6403961e-05
2.3628166e-05
1.6402053e-05
0.0015317836
1.6441006e-05
1.6383505e-05
1.5930883e-05
1.6039051e-05
1.6582119e-05
1.6406742e-05
1.6596319e-05
1.6376914e-05
0.0028000089
0.0020474598
1.7894887e-05
0.0042890101
1.7125023e-05
1.6379424e-05
1.6045628e-05
1.6409617e-05
1.6373964e-05
1.5833121e-05
2.1116484e-05
1.6499094e-05
1.791601e-05
0.010657377
1.8259094e-05
0.0013684233
1.5849156e-05
1.628816e-05
1.6120653e-05
1.8016676e-05
1.615132e-05
0.0001566472
1.8774467e-05
1.5928901e-05
1.6411159e-05
0.00017169228
0.00043744141
1.6424144e-05
1.5825876e-05
1.6015677e-05
1.6164312e-05
0.00040034288
0.0093425116
1.5965615e-05
1.5829382e-05
1.6630039e-05
1.6474357e-05
1.6413205e-05
1.6367467e-05
1.5933717e-05
1.611591e-05
1.6360894e-05
1.5842924e-05
1.864817e-05
0.0065249565
1.6554567e-05
1.6416183e-05
1.649821e-05
0.0093025208
1.5872065e-05
1.6445094e-05
0.0052059412
1.6368299e-05
1.6253978e-05
0.0019422286
1.6249668e-05
1.641962e-05
1.6167522e-05
3.2459212e-05
1.5973439e-05
1.635908e-05
1.662292e-05
1.6689229e-05
1.6336024e-05
1.5833599e-05
1.6423711e-05
1.6544565e-05
6.3258145e-05
1.654329e-05
0.0029162666
1.6199974e-05
1.6142813e-05
1.6628285e-05
1.6398917e-05
1.6427341e-05
1.5856648e-05
1.7653622e-05
6.0357366e-05
0.00042223157
0.00022887341
1.6831357e-05
1.6213542e-05
1.6431192e-05
1.6479529e-05
1.6415594e-05
1.600699e-05
1.678931e-05
1.6766819e-05
0.00020181612
1.6437567e-05
8.0289357e-05
0.002802651
1.5824551e-05
6.0064164e-05
1.6416372e-05
1.6310233e-05
1.6438712e-05
1.6689096e-05
1.6368071e-05
2.952973e-05
5.3123333e-05
1.5951695e-05
0.00085968074
1.6128101e-05
1.6409485e-05
1.6441126e-05
1.6532302e-05
1.6972706e-05
3.6282613e-05
1.949162e-05
1.6153996e-05
1.8065009e-05
0.0026388633
1.5869272e-05
1.6615882e-05
1.64451e-05
1.6536867e-05
1.5849401e-05
0.003102739
1.5824342e-05
1.6545076e-05
1.5918017e-05
0.00016287934
1.6451191e-05
1.584848e-05
1.6064299e-05
1.6798221e-05
1.6488097e-05
0.00079704963
1.5988547e-05
1.6363565e-05
1.6454825e-05
1.6536168e-05
1.6532493e-05
1.8074124e-05
0.0079170007
0.0080215443
1.7656744e-05
1.5816788e-05
1.5821729e-05
1.6498701e-05
1.5806453e-05
1.6460213e-05
0.0021502559
0.011425106
1.6811874e-05
2.0029358e-05
1.646217e-05
1.6377882e-05
0.0027474608
0.00049735193
1.8581086e-05
1.6404077e-05
1.6317557e-05
1.6402309e-05
1.6433552e-05
1.6558368e-05
1.622442e-05
1.6360942e-05
4.9519276e-05
1.5879588e-05
1.6463201e-05
1.6468936e-05
1.7468564e-05
1.6115972e-05
0.00699024
1.6175284e-05
1.6356003e-05
0.0028920818
1.6793911e-05
1.6541444e-05
1.638506e-05
1.6332293e-05
1.5837162e-05
1.6465758e-05
1.6521615e-05
1.580901e-05
1.5819514e-05
0.0026492071
1.6427799e-05
1.6942498e-05
1.6417595e-05
0.00015299672
1.6174937e-05
1.6466638e-05
2.3199123e-05
1.6753905e-05
1.6724522e-05
1.6563523e-05
1.5800745e-05
0.001305166
1.6552506e-05
1.6470286e-05
1.584317e-05
0.001417733
0.0013102031
0.0034255231
1.580759e-05
0.00098778179
1.6386056e-05
1.5924594e-05
0.0013365002
1.6511362e-05
0.0049010824
1.6542544e-05
0.0031869981
1.6417478e-05
1.6497411e-05
0.011558187
1.6488818e-05
3.7422837e-05
2.2085665e-05
1.6385392e-05
0.0033238305
1.6221276e-05
1.6470803e-05
1.5848279e-05
1.6367862e-05
1.6350373e-05
1.6324038e-05
1.6860527e-05
0.0025382243
0.0025642164
1.6471244e-05
0.0037135421
0.015779555
1.6573939e-05
1.6819539e-05
1.6408149e-05
1.590899e-05
1.7092697e-05
1.5885446e-05
0.0067675417
1.68049e-05
1.6472231e-05
1.6590326e-05
2.2253607e-05
1.6158144e-05
2.5353121e-05
1.6006542e-05
1.6267698e-05
0.0027591496
1.6471554e-05
2.9495622e-05
0.004896465
0.00012454416
1.6458082e-05
1.6409177e-05
1.6470685e-05
1.6564858e-05
0.002706805
1.0749159e-05
1.6364249e-05
0.0025746026
1.6519227e-05
0.009247004
1.6231508e-05
1.5995241e-05
0.0029524912
1.6825396e-05
6.7045586e-05
1.6103083e-05
0.00066741155
1.6417287e-05
0.009476059
0.0092854126
0.00070171438
0.00068881582
0.0080379001
1.5164655e-05
1.6933644e-05
1.9008966e-05
1.6470438e-05
1.6805045e-05
1.5851096e-05
1.6464593e-05
1.6472359e-05
1.647052e-05
1.6086899e-05
1.6464384e-05
1.6568033e-05
2.4792046e-05
0.0021704861
1.6468417e-05
1.6730945e-05
1.6982764e-05
1.6468957e-05
0.0013225523
1.6551808e-05
1.6463234e-05
0.0059626083
1.5864436e-05
1.6372093e-05
1.6461784e-05
0.0045610948
1.6153178e-05
1.6861081e-05
1.6460436e-05
1.6396473e-05
1.6695627e-05
1.7468798e-05
1.6468127e-05
1.6458806e-05
2.3438624e-05
0.0020532067
3.3905356e-05
1.6479384e-05
0.00086511999
0.0020428832
1.7303527e-05
0.0020581102
1.6467199e-05
1.5842884e-05
1.6423052e-05
0.00013955184
0.0050078688
1.7373297e-05
1.6466083e-05
1.6365447e-05
1.8142249e-05
1.5842014e-05
1.58045e-05
1.6644074e-05
0.0030298263
1.6517701e-05
1.6559383e-05
1.5852948e-05
0.0013920535
1.6769443e-05
1.662858e-05
0.0010477484
1.6464542e-05
1.628502e-05
0.0066636744
1.6139934e-05
0.00043733811
1.6725142e-05
1.6695038e-05
0.00024219245
0.0015095942
1.5893139e-05
1.6000621e-05
0.00014948647
1.6642121e-05
1.5938985e-05
0.00014365051
1.6051066e-05
1.6764517e-05
0.0035832516
1.5901906e-05
1.6360789e-05
1.6464259e-05
0.0025043629
1.6497913e-05
1.6837346e-05
1.6490839e-05
5.7676255e-05
5.2692506e-05
1.636098e-05
7.3225549e-05
1.6133642e-05
1.6464087e-05
0.014329717
1.586042e-05
1.7410448e-05
1.5998728e-05
0.0020248905
0.0012022275
0.0015116092
0.0020431395
1.6477186e-05
1.6784589e-05
1.640269e-05
6.5566111e-05
1.706761e-05
0.00010496119
0.0032708696
1.6570374e-05
5.2631672e-05
1.6461789e-05
1.6285483e-05
6.3583016e-05
0.0024758681
1.6364023e-05
0.00062329688
1.656152e-05
9.7124185e-05
1.6321354e-05
1.6608617e-05
1.5811376e-05
1.59807e-05
1.6531374e-05
1.6460386e-05
1.6135948e-05
1.7164363e-05
1.6521989e-05
1.6419022e-05
0.00016847721
1.6458896e-05
1.6219709e-05
1.585697e-05
1.6501207e-05
1.6496896e-05
1.581114e-05
1.5843197e-05
1.6482745e-05
1.6385188e-05
1.5868373e-05
1.6828488e-05
0.002563842
1.5841701e-05
1.645752e-05
1.7459083e-05
1.5848932e-05
1.5907841e-05
1.6254695e-05
0.0022831879
3.6553649e-05
1.5259837e-05
1.6207754e-05
0.00063717024
1.684095e-05
1.6821783e-05
1.587369e-05
0.00083142566
1.5798204e-05
1.6454427e-05
1.6726024e-05
1.6012693e-05
1.6429597e-05
1.5870267e-05
1.6191437e-05
1.7220558e-05
1.5992029e-05
1.5903482e-05
4.1362893e-05
0.00029060477
1.6452024e-05
1.7014319e-05
1.6164247e-05
1.5842003e-05
0.00048448017
1.5825613e-05
0.0024672948
1.6347055e-05
1.6402966e-05
1.7558036e-05
1.8146686e-05
1.6487094e-05
1.6449473e-05
1.6474338e-05
1.6405889e-05
1.5847438e-05
4.4595138e-05
1.6890867e-05
1.6796199e-05
1.6569339e-05
1.5897408e-05
1.6556765e-05
1.6448163e-05
1.6096499e-05
1.6451818e-05
1.5893086e-05
0.010697068
1.6613939e-05
1.7180934e-05
2.2890352e-05
1.6209026e-05
0.0011895133
1.6445444e-05
0.0018473313
0.00069411688
1.6638472e-05
0.0038675581
1.5850887e-05
1.676489e-05
1.6568333e-05
0.0029861788
0.0028899648
1.5841725e-05
0.0017839228
1.6076247e-05
0.00016791232
1.6444256e-05
3.3769356e-05
1.6248881e-05
1.6494439e-05
1.6537286e-05
2.2366446e-05
1.6543739e-05
0.00095592582
0.00062444943
1.9271978e-05
1.5852059e-05
1.6486269e-05
1.6545094e-05
1.5892913e-05
2.942721e-05
0.0021000362
1.644256e-05
1.6196048e-05
1.6410662e-05
0.0054884931
1.5815995e-05
0.0019157768
1.6477159e-05
1.6954259e-05
2.1767502e-05
2.8737789e-05
1.6473259e-05
1.6479455e-05
1.6573155e-05
1.6441885e-05
1.6472636e-05
1.5834777e-05
1.6454479e-05
1.6366203e-05
1.651922e-05
1.6471319e-05
0.001766103
0.00035344686
1.6469039e-05
1.6240321e-05
1.6420288e-05
1.6065189e-05
1.6093152e-05
1.5864736e-05
1.6439538e-05
1.674813e-05
1.6614801e-05
1.6468533e-05
1.6434362e-05
1.6643977e-05
0.00065806214
2.3269641e-05
3.6004709e-05
1.6468236e-05
1.6151962e-05
1.6479674e-05
1.5805028e-05
1.6500168e-05
1.646761e-05
1.635597e-05
1.6499436e-05
0.016957311
1.6464765e-05
1.6056767e-05
1.6449591e-05
1.6496732e-05
1.646451e-05
0.00049093116
1.6437365e-05
1.7157937e-05
1.6010099e-05
1.7410238e-05
1.6463629e-05
0.0028883153
1.6490457e-05
1.6497981e-05
1.6377543e-05
1.6620713e-05
1.6462133e-05
1.657953e-05
1.6000506e-05
7.0288229e-05
2.6162876e-05
1.6588931e-05
1.6147307e-05
1.783104e-05
1.6433589e-05
1.63026e-05
1.6565118e-05
0.0044066024
5.3180603e-05
3.2504491e-05
1.6339983e-05
6.6533272e-05
0.0050135043
1.63586e-05
1.5816856e-05
1.6843624e-05
0.0038218827
1.5846711e-05
4.322029e-05
1.5997154e-05
1.6306556e-05
1.6457053e-05
0.0015742311
1.6111739e-05
1.6434495e-05
0.0018370877
1.736654e-05
1.6496367e-05
1.681093e-05
1.6001418e-05
1.5130014e-05
1.8393113e-05
0.00017981082
0.0028726658
1.6432293e-05
0.01659534
0.0013698027
1.5849738e-05
0.0019684719
0.0019785275
0.0043472794
0.0044027089
1.6937256e-05
0.0086260243
0.0087479258
1.6118988e-05
0.0024974903
1.6480857e-05
1.8318607e-05
1.6433162e-05
1.7488496e-05
0.0009733926
1.7461637e-05
1.6396494e-05
7.8871064e-05
0.0048993403
1.590213e-05
3.2149889e-05
1.6564397e-05
1.6497048e-05
1.6358607e-05
1.6325503e-05
1.6555039e-05
1.658256e-05
0.0022603653
0.0014908003
1.6429952e-05
1.5970803e-05
0.0020750035
1.618803e-05
0.00020233308
0.0020232983
0.0024503254
0.002221749
1.6587375e-05
0.0029728529
1.6055357e-05
2.6156584e-05
0.0024584663
1.6469719e-05
2.2121917e-05
1.6437406e-05
1.650031e-05
1.6424492e-05
0.0002968525
1.6559839e-05
3.5800784e-05
1.7213823e-05
1.5831121e-05
0.0105407
1.5933448e-05
1.6622501e-05
0.0011657538
0.0008158488
0.0023525055
1.6116791e-05
0.017729933
0.0087222833
1.803037e-05
1.5925297e-05
1.6141643e-05
1.6515738e-05
1.6423681e-05
1.6916099e-05
0.0013703772
2.0906117e-05
1.5812501e-05
1.580576e-05
0.00060589397
1.6358263e-05
1.6522131e-05
1.6014086e-05
0.0015805711
1.6142311e-05
1.5831717e-05
1.5869803e-05
1.6326358e-05
1.6469063e-05
1.5785893e-05
1.6409286e-05
0.0028316942
0.010134628
0.010083543
1.6580801e-05
1.5956146e-05
1.5850125e-05
1.6416194e-05
1.6481625e-05
1.648627e-05
1.6427124e-05
1.5823255e-05
1.593416e-05
0.0052104284
0.00022265509
0.00047218367
0.00416108
1.6208955e-05
7.0162407e-05
0.0011183755
1.5804088e-05
1.5963428e-05
1.5831174e-05
1.6415214e-05
1.6780968e-05
3.6940174e-05
1.6011081e-05
1.589163e-05
1.725416e-05
1.6567092e-05
2.8584195e-05
1.7560057e-05
0.0012652885
1.6400133e-05
1.6164956e-05
0.0012268125
1.6720991e-05
1.6559281e-05
0.006535389
1.6875576e-05
1.5793826e-05
1.6379875e-05
1.6498648e-05
1.5852694e-05
1.6366229e-05
1.6415432e-05
0.00068670429
0.00071085665
1.5917074e-05
0.0018283539
1.5796049e-05
1.656747e-05
1.6407024e-05
1.620092e-05
1.7091482e-05
1.6465429e-05
1.5939551e-05
1.8650981e-05
1.6561115e-05
1.5966111e-05
1.5555688e-05
1.6412609e-05
1.6082269e-05
1.6126228e-05
1.5990202e-05
1.6603076e-05
1.6419857e-05
0.00027974578
1.6147791e-05
1.5841712e-05
0.0031417508
0.00028674278
1.6473961e-05
0.0019125887
8.4197303e-05
1.5821568e-05
1.6450069e-05
1.6507046e-05
1.6829233e-05
1.6103263e-05
0.01421593
1.6415806e-05
1.6221693e-05
0.0039628558
0.013128684
1.6406218e-05
1.6501909e-05
1.6550638e-05
1.5891627e-05
1.6454781e-05
1.6539987e-05
1.5961942e-05
0.00039971002
1.6488763e-05
1.5958412e-05
0.00020052349
1.6560845e-05
2.0916497e-05
0.0020476432
0.0011271724
1.6475019e-05
1.6681193e-05
1.6476912e-05
1.598351e-05
1.6473366e-05
1.6789572e-05
0.00064655383
1.6551345e-05
1.9212976e-05
2.7949474e-05
0.0010289122
1.6578077e-05
9.3952452e-05
1.6404594e-05
1.6061824e-05
1.639403e-05
2.4071906e-05
1.6307629e-05
1.7366495e-05
0.0005441394
1.5873584e-05
1.6409496e-05
1.5933579e-05
0.0029427365
0.0031019939
1.6521546e-05
1.6471371e-05
0.00014633798
0.0031164288
1.5802691e-05
0.012398886
1.6483049e-05
0.0029754709
0.00085076205
2.1430814e-05
1.6453232e-05
1.6257536e-05
1.6012797e-05
0.00028361976
0.0021088077
2.5882807e-05
1.5807353e-05
1.6464089e-05
1.6540444e-05
1.6435025e-05
0.0028973572
1.6874047e-05
1.6496205e-05
1.5920696e-05
1.6401127e-05
1.6409497e-05
1.5793215e-05
0.0041313533
0.0074774994
0.0081705994
1.6340709e-05
3.7033096e-05
0.0048820644
0.0049508258
1.5927677e-05
0.0028642172
1.6926315e-05
6.2039736e-05
0.013996601
0.0019706694
1.5849955e-05
0.00012457832
0.0028141059
1.5807996e-05
1.5797281e-05
1.5853723e-05
0.0030299494
0.0022611336
1.6314339e-05
1.6575821e-05
4.4364229e-05
1.6741311e-05
1.6391006e-05
1.5835203e-05
2.3387728e-05
1.5817881e-05
1.581004e-05
1.6210984e-05
1.6398371e-05
1.6779647e-05
1.6874254e-05
1.6645374e-05
1.6042821e-05
0.00072606751
0.0078041751
1.5884871e-05
1.6440505e-05
1.6137943e-05
1.5952429e-05
1.5975869e-05
0.0017532451
1.6119819e-05
1.7034124e-05
1.6451179e-05
1.6460948e-05
1.6738653e-05
1.6075616e-05
1.6731106e-05
1.6516641e-05
0.00073722402
1.6796205e-05
0.00082087145
1.5937183e-05
1.7246843e-05
0.0020620298
1.9062818e-05
1.8655868e-05
0.00054032396
1.6678279e-05
0.0019461708
0.00036245054
1.6498583e-05
1.6366856e-05
1.6405093e-05
1.6003649e-05
3.1046343e-05
0.0017177334
0.00019689903
1.6395111e-05
1.6120055e-05
1.5929729e-05
7.4725277e-05
3.1979771e-05
3.6014757e-05
0.004626588
5.3054025e-05
0.0062214243
3.6490711e-05
1.7567564e-05
2.4882181e-05
1.7923655e-05
1.6026447e-05
1.6292929e-05
1.6335536e-05
1.5980357e-05
1.671208e-05
1.6491557e-05
1.6034818e-05
1.6472181e-05
1.6011321e-05
1.7902569e-05
1.6351083e-05
1.6386413e-05
4.2067189e-05
1.6474615e-05
0.001437479
0.00033438353
1.6473007e-05
1.6472851e-05
1.6562813e-05
1.57989e-05
3.6628509e-05
1.6306459e-05
0.0018669351
1.6434748e-05
0.0019177946
1.6815046e-05
1.6470399e-05
1.6137283e-05
0.001461492
0.00033360375
1.6451658e-05
1.6489947e-05
1.6205548e-05
1.5899727e-05
0.0017687368
1.6324587e-05
1.6384378e-05
1.5523274e-05
1.6294068e-05
1.6398361e-05
1.580437e-05
0.0029015723
0.0026225713
1.6819155e-05
0.0024615008
1.9777653e-05
1.5880639e-05
1.6460524e-05
1.6159382e-05
1.5914472e-05
1.647876e-05
1.6681364e-05
1.6670355e-05
1.5895581e-05
1.4629095e-05
0.00176049
1.5811748e-05
0.00095166467
1.636018e-05
1.6646582e-05
0.0026114251
0.0018103082
1.6327025e-05
1.660924e-05
1.6123712e-05
8.1582343e-06
1.6328813e-05
1.6439076e-05
1.6380325e-05
1.5843177e-05
1.6354636e-05
0.0027827624
1.6928662e-05
0.0018212748
1.7417532e-05
0.00046186139
1.6661176e-05
1.6336163e-05
0.0013560347
0.00755993
0.00708571
1.5849582e-05
1.5824559e-05
3.8146096e-05
1.6831218e-05
1.5857213e-05
1.5860301e-05
1.6523638e-05
1.6368577e-05
1.6630247e-05
1.5861584e-05
0.0017723728
1.6324815e-05
1.5904377e-05
1.643499e-05
1.58249e-05
0.0077249727
9.4493039e-05
1.5866304e-05
2.1668347e-05
0.0018142687
1.6402873e-05
1.6375948e-05
1.6412851e-05
1.5847624e-05
1.5754959e-05
0.0056354478
1.6868055e-05
1.5886138e-05
1.6550375e-05
0.00025081999
1.6158221e-05
0.007880536
1.630069e-05
1.6983307e-05
0.0015419917
0.0015618909
2.3647363e-05
1.5962909e-05
1.6733181e-05
1.6498719e-05
0.0017057993
1.5850298e-05
1.6445522e-05
0.00035222281
1.9908997e-05
0.0028350458
1.6106297e-05
0.011274472
1.6417457e-05
1.6371437e-05
1.5971647e-05
0.0004127636
1.6082651e-05
1.5891038e-05
1.6180905e-05
1.6547185e-05
1.6155305e-05
1.5839508e-05
1.6312978e-05
0.00027157037
0.00013256807
0.00015849013
1.6548005e-05
1.6131159e-05
1.6404583e-05
0.0010796717
1.6048676e-05
1.646216e-05
0.0026723928
1.6571928e-05
1.6368187e-05
0.001665141
2.7343324e-05
1.7593413e-05
0.0027804763
1.649579e-05
5.6299184e-05
0.0019728892
1.6231128e-05
0.002096057
1.6546071e-05
0.0042015451
1.603318e-05
0.004183368
1.6138163e-05
1.6104959e-05
1.636578e-05
0.0019873264
0.0028427881
1.6538466e-05
1.5895519e-05
0.00098314623
1.6002878e-05
1.6130403e-05
1.6512122e-05
1.6464057e-05
1.6440934e-05
1.6209824e-05
1.648121e-05
1.6598331e-05
1.6466675e-05
1.6082819e-05
6.5840351e-05
6.2053278e-05
1.6613871e-05
2.500162e-05
1.6154384e-05
1.6694077e-05
1.5905609e-05
1.6183319e-05
1.6823289e-05
1.6465411e-05
0.014912744
1.6540501e-05
2.4794183e-05
1.6544715e-05
1.6166225e-05
1.6581308e-05
1.6464631e-05
1.5904102e-05
0.0017510902
0.00058782979
0.00056919589
1.6247606e-05
1.6358715e-05
1.5915459e-05
1.5887457e-05
1.5810693e-05
1.5863226e-05
0.0027544641
1.6728749e-05
0.00017342283
1.9226646e-05
1.6132315e-05
4.3963857e-05
5.9954095e-05
1.6602287e-05
1.6539399e-05
1.6466302e-05
1.7131353e-05
1.5854079e-05
2.0804137e-05
1.5817961e-05
1.6594e-05
0.0004188282
1.6387118e-05
1.6544918e-05
2.1135639e-05
1.625689e-05
1.6549502e-05
1.6543378e-05
0.00066487143
0.00069396451
1.5861951e-05
1.6138768e-05
1.6366455e-05
0.00087835861
0.0042886476
0.0022383276
1.7991277e-05
1.6219392e-05
1.6538347e-05
1.6356861e-05
1.6492396e-05
0.0014082047
0.0015021254
0.0012794169
1.6042222e-05
1.7206895e-05
1.5991083e-05
4.626313e-05
7.3762502e-05
1.6641589e-05
1.6154213e-05
1.6399743e-05
0.0039108512
0.0038877504
3.1077037e-05
1.6665668e-05
1.5997093e-05
1.8396954e-05
1.6539575e-05
2.3015016e-05
0.0012060088
0.0020660121
0.0011879817
0.0012268757
0.0012511183
1.594655e-05
1.627535e-05
0.015598375
1.6516939e-05
1.5990413e-05
1.6173014e-05
0.0017353937
1.5999263e-05
1.6539179e-05
1.5949343e-05
1.6221003e-05
1.6657857e-05
1.6514455e-05
1.6363003e-05
1.6552857e-05
1.6382852e-05
1.6097102e-05
1.9202082e-05
1.6415387e-05
0.0012032234
1.6022148e-05
1.7836581e-05
1.7977913e-05
1.6773371e-05
1.6357463e-05
1.6493908e-05
1.6570768e-05
1.6470438e-05
1.6742475e-05
1.6527509e-05
1.6014773e-05
1.5844766e-05
1.6135966e-05
1.6176452e-05
0.0013450208
1.674994e-05
0.0026379867
1.6567422e-05
0.0095545853
0.00080342326
1.6295243e-05
1.5842945e-05
1.6389214e-05
1.6752201e-05
1.6632473e-05
1.6814433e-05
1.7971635e-05
0.0020312783
0.0041608816
0.0034909993
1.6327494e-05
1.606871e-05
1.65413e-05
1.641193e-05
1.6144281e-05
1.6371534e-05
1.8025046e-05
1.6187832e-05
0.016786848
1.6622777e-05
1.6541274e-05
1.6353483e-05
0.0026241692
1.6496278e-05
0.0067730144
1.7218339e-05
2.5026733e-05
0.00026400288
1.715542e-05
0.0002271233
1.6113181e-05
1.8863828e-05
1.6747415e-05
1.6196483e-05
1.6537348e-05
1.6384551e-05
1.6024304e-05
0.016857461
1.5916456e-05
0.00094074589
0.001437191
1.6081434e-05
1.683321e-05
0.00099735863
1.6517773e-05
0.0057251845
0.0059331858
0.0042661281
0.0078793732
1.7190277e-05
1.6489016e-05
1.5886535e-05
1.6912979e-05
9.193987e-05
1.6016433e-05
0.00016584173
1.6014086e-05
1.6539213e-05
1.5848602e-05
1.6568377e-05
0.0013886559
1.6776877e-05
1.6650178e-05
1.5862363e-05
2.4452803e-05
1.6250688e-05
1.6348571e-05
0.0011726447
1.5954863e-05
1.7732172e-05
1.619878e-05
1.6517801e-05
1.6495762e-05
1.6490831e-05
1.6804614e-05
1.5848043e-05
0.00034552509
1.6281198e-05
1.6298059e-05
1.5841309e-05
1.4320453e-05
1.6142221e-05
1.6468758e-05
1.6365301e-05
0.0026940699
1.6414388e-05
1.653671e-05
1.6501072e-05
1.6082165e-05
0.0047935138
1.6722908e-05
1.5821086e-05
1.5907351e-05
0.00083368104
0.00076159147
1.6023857e-05
1.6508479e-05
1.6498316e-05
1.7123626e-05
0.0019079196
1.6243697e-05
1.6090151e-05
1.580796e-05
1.6370166e-05
1.6067075e-05
1.5898188e-05
1.6427047e-05
1.6423432e-05
1.6535814e-05
1.6534776e-05
1.6371561e-05
1.7513563e-05
0.0011145896
0.00010908235
1.634758e-05
1.6533615e-05
1.5987918e-05
1.6159203e-05
1.6336134e-05
0.00012197889
1.6368479e-05
1.9578888e-05
1.5942093e-05
1.5841698e-05
0.017287488
1.6254827e-05
1.5927562e-05
1.6208206e-05
1.5855431e-05
1.6619401e-05
1.6755994e-05
1.6001085e-05
1.6401852e-05
1.6405483e-05
4.1596547e-05
1.5859691e-05
1.6532864e-05
1.5906997e-05
0.0040410571
0.00030260456
1.6168024e-05
0.0024833931
1.6399429e-05
1.6465019e-05
3.580006e-05
2.3616107e-05
1.6626376e-05
0.001305018
0.0026897235
1.583192e-05
0.0039774225
1.6399454e-05
1.6218063e-05
1.6687276e-05
2.000615e-05
1.6458771e-05
1.6777341e-05
1.5924492e-05
1.6532664e-05
0.0054758567
1.5884535e-05
1.586359e-05
0.0016637226
1.5829142e-05
1.6346128e-05
1.5965373e-05
1.5854953e-05
1.6132168e-05
0.0018190109
0.0025401514
1.6731012e-05
1.672015e-05
1.5928085e-05
0.00032549354
1.6531084e-05
0.00071641307
1.6852371e-05
1.6934914e-05
1.6500578e-05
1.6023635e-05
1.6152831e-05
0.00022967688
1.627434e-05
1.573714e-05
1.6435934e-05
1.6510768e-05
0.00052175256
0.0036122838
1.6566847e-05
1.456797e-05
1.6147706e-05
1.5945545e-05
1.5879524e-05
1.642186e-05
2.4382375e-05
1.5866084e-05
1.6819321e-05
1.6631539e-05
5.3468181e-05
0.0003107987
1.6412394e-05
1.8027015e-05
0.00042767187
2.9491268e-05
1.6653441e-05
1.6111445e-05
0.00045817534
1.6492759e-05
5.8604472e-05
1.635394e-05
1.2791919e-05
1.6182322e-05
1.6340965e-05
2.6589168e-05
7.8930006e-05
7.0094824e-05
1.6660272e-05
1.6254421e-05
0.0072785211
1.648483e-05
1.6417742e-05
1.5952126e-05
1.6811647e-05
1.6480211e-05
0.00091933118
9.6835396e-05
1.6593347e-05
0.00045182192
1.7345669e-05
1.6680159e-05
1.5822241e-05
1.6422355e-05
1.6804745e-05
1.6789851e-05
1.583226e-05
1.6926781e-05
1.5874215e-05
1.6744374e-05
5.4019353e-05
1.6874658e-05
1.6547434e-05
1.6575331e-05
0.0022454763
0.0019198479
0.002135621
1.6422065e-05
0.0013938925
1.649731e-05
0.0063968114
1.5798991e-05
1.7206136e-05
0.0051191476
0.00067023198
0.00063676337
1.6541317e-05
1.6501015e-05
1.6378843e-05
1.6276429e-05
1.5820188e-05
1.6450858e-05
0.0020502982
0.00090061935
1.6395499e-05
1.6546276e-05
1.648911e-05
0.00089528272
1.7064649e-05
1.6609025e-05
1.660962e-05
1.6365598e-05
1.6336792e-05
1.627767e-05
0.00092653911
1.5878531e-05
1.650068e-05
0.00011503664
1.5802044e-05
1.7338707e-05
0.0014229277
1.6360007e-05
0.0018001552
1.653998e-05
0.00093009238
1.6404363e-05
1.613316e-05
1.7012063e-05
1.6562825e-05
0.0014238949
1.8564884e-05
0.0011190242
0.0016602517
1.71254e-05
0.00015628166
2.5483758e-05
0.0021453192
0.00044147111
0.00063899718
1.6156533e-05
0.0040228663
0.0006216374
1.5906763e-05
1.6471662e-05
0.0020501493
1.5857449e-05
1.6292351e-05
1.6142766e-05
5.0441367e-05
1.6108814e-05
1.6430847e-05
5.5646682e-05
1.6681163e-05
0.0027433061
1.6205506e-05
8.8111219e-05
0.0018642801
0.0027252649
1.6374301e-05
1.5853756e-05
1.5838789e-05
0.00048698452
0.0081755894
1.6413894e-05
1.501387e-05
0.0028664052
1.6511551e-05
0.0029026938
0.0019556503
0.0025258298
1.5813773e-05
1.6518689e-05
0.0025525104
0.0017295663
4.3045615e-05
1.5978281e-05
1.6539667e-05
1.7290931e-05
0.00013838619
1.6365816e-05
0.0011670912
1.6900692e-05
0.0011875659
1.6216229e-05
1.6000798e-05
1.6976521e-05
1.5873879e-05
1.673282e-05
6.9915738e-05
1.6826646e-05
1.7070097e-05
0.00028766167
0.00421637
1.6308541e-05
7.3452302e-05
1.6268093e-05
1.5901262e-05
1.6643467e-05
1.636926e-05
1.5913047e-05
1.6150813e-05
5.8100467e-05
0.0014323864
0.0030309626
1.5894437e-05
1.6471341e-05
1.6537672e-05
1.860689e-05
2.2938969e-05
3.9615555e-05
1.6419295e-05
1.6514523e-05
0.0024736904
1.7808552e-05
1.7822852e-05
1.6892548e-05
0.0036556947
0.0025079525
1.6164447e-05
1.6367238e-05
2.4862454e-05
0.0010718721
1.6487177e-05
1.593424e-05
0.0065539258
1.6406668e-05
1.5855616e-05
0.00094016067
1.6531901e-05
1.6683454e-05
0.003916079
1.6081568e-05
1.6496457e-05
2.8592257e-05
1.6404391e-05
1.6732101e-05
0.0012815774
1.6385024e-05
5.3006313e-05
1.584316e-05
1.6455581e-05
1.6529076e-05
0.0012464777
1.6736573e-05
1.7136058e-05
0.00030757093
1.6014964e-05
1.6692638e-05
0.0020033032
0.0066852406
1.6512525e-05
1.6502381e-05
1.6078124e-05
1.5848112e-05
0.00076795057
1.5972137e-05
0.0012662086
1.5811678e-05
1.6916792e-05
1.6548203e-05
1.6720118e-05
0.0024791156
0.0020399589
1.5799835e-05
1.5823072e-05
0.0021486723
0.00085095203
1.5898693e-05
1.5836336e-05
1.6313346e-05
1.6691894e-05
1.6098208e-05
1.6387364e-05
0.00089323488
1.6431031e-05
1.582272e-05
1.6776805e-05
1.6467853e-05
1.6834497e-05
1.7876076e-05
1.6554739e-05
2.8944696e-05
6.0354901e-05
0.0010452453
0.0010385758
1.6270271e-05
7.2641072e-05
7.1253039e-05
7.1055543e-05
1.6412457e-05
0.00022910868
1.6145065e-05
1.6161009e-05
1.6783822e-05
1.5940978e-05
1.6394619e-05
1.5861406e-05
2.5763757e-05
1.8758882e-05
1.6363979e-05
0.00024196412
1.5971594e-05
1.6491567e-05
0.0011136433
1.7036426e-05
0.0055226854
1.6255272e-05
0.00095269033
1.6549553e-05
0.003105105
0.0041571539
0.0031372841
1.5841414e-05
1.6532742e-05
1.6040673e-05
1.6125354e-05
1.6559761e-05
0.0031778342
0.0034479705
1.6405287e-05
1.6104431e-05
0.0040989637
1.6509029e-05
1.6550321e-05
1.6583407e-05
1.6158198e-05
0.0028754574
1.604192e-05
1.6112131e-05
1.6413303e-05
3.587785e-05
1.6425235e-05
1.7441204e-05
0.00018367296
0.00054779428
1.8757111e-05
2.4353868e-05
2.1611941e-05
0.00013616552
0.0011657474
0.00019876585
1.5809612e-05
1.663985e-05
1.5060265e-05
0.002595315
0.0039361415
1.6545078e-05
1.669978e-05
0.0028050177
0.0028934107
0.015162149
0.0029045726
0.0027489286
0.0012511253
1.6509637e-05
1.7312419e-05
1.6604401e-05
1.6371156e-05
1.5871564e-05
1.7737294e-05
1.6539927e-05
1.6717606e-05
0.0066452711
1.6746213e-05
1.6109373e-05
1.5837954e-05
0.00082858106
1.7086885e-05
1.6380352e-05
1.5861193e-05
1.6511227e-05
1.6447309e-05
1.7121052e-05
0.0027747527
1.6171051e-05
0.00023939628
0.0017863682
0.0019522193
1.6226408e-05
0.0017690445
1.6483011e-05
1.6800704e-05
6.4975152e-05
0.00010415491
1.6634134e-05
2.3094602e-05
2.0867218e-05
0.0041213129
1.6549943e-05
2.4879921e-05
4.9020809e-05
1.6116251e-05
1.628493e-05
1.6780406e-05
1.5901206e-05
0.0024021647
1.7276459e-05
1.7009353e-05
0.0075827751
1.6269082e-05
0.0001845842
1.6616827e-05
0.014208379
1.6147174e-05
0.0047619519
1.6406343e-05
1.5878752e-05
0.00060202664
0.00064021869
1.8672847e-05
0.0029243384
1.6188664e-05
1.588085e-05
0.0028669963
1.6273198e-05
1.6329962e-05
1.5910538e-05
1.6504781e-05
1.7982703e-05
1.6743204e-05
1.5857137e-05
1.6338715e-05
1.6365375e-05
1.6046279e-05
1.6507401e-05
1.5471917e-05
1.6130861e-05
1.671198e-05
0.0019294009
0.0022621537
1.6393302e-05
0.00068045866
1.6825219e-05
2.2384736e-05
1.6370844e-05
1.6416021e-05
0.00046285837
1.6442004e-05
1.6355627e-05
1.6462162e-05
1.6365275e-05
1.5847397e-05
1.6078607e-05
1.584695e-05
1.6672212e-05
1.6678523e-05
1.6648133e-05
1.6925582e-05
0.0029573008
1.6483283e-05
1.5809725e-05
0.0033966444
1.663545e-05
1.0613333e-05
1.5817599e-05
1.6024946e-05
1.6754785e-05
1.6784958e-05
1.9563408e-05
1.6407849e-05
1.6501541e-05
1.5819844e-05
1.6366447e-05
1.6463897e-05
0.010454641
0.0017150951
0.0016892182
1.6538385e-05
2.4705902e-05
1.6163267e-05
1.6040761e-05
1.7028883e-05
1.5819741e-05
1.6662033e-05
1.6519472e-05
4.9279657e-05
0.00090921999
1.7272914e-05
1.5933346e-05
2.2128057e-05
1.6634621e-05
1.6292428e-05
1.6525398e-05
5.1013783e-05
1.6338759e-05
1.6101188e-05
0.0014326372
1.6453719e-05
1.6455936e-05
1.6457417e-05
1.6576e-05
1.6904916e-05
1.5866719e-05
1.5834473e-05
3.5790655e-05
1.6006168e-05
0.010356995
1.7099849e-05
1.6177953e-05
0.00177993
1.5945809e-05
0.001170648
0.00077143142
0.0011490266
1.6046554e-05
1.6527207e-05
0.0064688726
0.0042716702
0.0003202987
1.6636578e-05
1.602557e-05
5.7886821e-05
1.9078279e-05
1.6189868e-05
1.6483286e-05
1.6834091e-05
1.6339656e-05
1.6507081e-05
1.6538456e-05
1.6570321e-05
1.6367089e-05
1.5829815e-05
0.0017990228
1.6574655e-05
0.0011050845
1.6613176e-05
0.0049003214
1.6386278e-05
1.7109809e-05
1.6357609e-05
0.00082810551
1.6494241e-05
1.6425174e-05
0.001893595
1.5838383e-05
1.7296513e-05
2.0364196e-05
1.6332452e-05
1.5843482e-05
1.7689745e-05
1.5848054e-05
1.9752047e-05
1.657327e-05
1.633748e-05
1.5821017e-05
1.5838784e-05
1.5892548e-05
1.5872833e-05
1.5874456e-05
1.6148422e-05
1.6359509e-05
1.6377794e-05
1.6200669e-05
1.6283616e-05
1.8039087e-05
8.0133203e-06
1.7132855e-05
7.9288801e-05
7.7490338e-05
1.6366625e-05
0.00046640589
1.6430977e-05
1.6496621e-05
1.6343189e-05
1.6067625e-05
1.6144809e-05
0.000544033
0.0020182358
0.00042763082
0.0020046307
0.0010502522
1.6361333e-05
1.6273912e-05
1.5945558e-05
0.0014352199
1.6065598e-05
1.6787629e-05
1.6318506e-05
1.7339143e-05
0.0049844142
1.5968506e-05
1.6887649e-05
1.6548132e-05
0.00014387932
1.6592964e-05
1.6515879e-05
1.6379485e-05
1.588076e-05
1.6499411e-05
1.6290049e-05
1.6093987e-05
1.7200259e-05
1.687409e-05
1.6538986e-05
1.6265621e-05
1.6426896e-05
0.0039327194
1.5804202e-05
1.5805624e-05
1.6002701e-05
0.002956188
0.00021719612
1.6844195e-05
1.6483292e-05
1.6194151e-05
1.5990434e-05
1.6556618e-05
5.2444098e-05
0.0029747833
0.003931082
1.6497004e-05
0.00042489521
1.6651257e-05
1.6230742e-05
0.0032547735
1.6180018e-05
1.6181211e-05
1.6137833e-05
1.5791099e-05
1.6094405e-05
0.0020143212
0.0018820155
1.6454216e-05
1.6470108e-05
0.00013253639
1.6343935e-05
1.6068311e-05
0.0018981608
1.6389747e-05
0.00060372325
0.00055460376
1.5785159e-05
1.6143867e-05
1.6144965e-05
1.6367377e-05
1.6390461e-05
1.8515683e-05
1.7994509e-05
1.5823491e-05
7.8459021e-05
1.5797927e-05
0.0015508941
0.0060276952
1.5953279e-05
1.6148294e-05
1.6585256e-05
0.0013998846
1.6853233e-05
0.0011789116
1.6349477e-05
1.7214669e-05
0.0012152106
0.0029670181
1.6151457e-05
3.4919607e-05
1.6204795e-05
1.6259907e-05
1.6406471e-05
1.6382722e-05
1.6439667e-05
1.6402462e-05
1.6085085e-05
1.6802223e-05
0.0015978467
6.5744551e-05
1.8319024e-05
1.5859654e-05
1.6601914e-05
1.8724121e-05
0.00029881926
0.017013121
1.6176571e-05
1.6367307e-05
1.5817093e-05
1.6475472e-05
1.6764293e-05
1.648559e-05
1.631029e-05
1.6568222e-05
1.554093e-05
1.5856445e-05
0.0019044679
0.0042267694
1.6593777e-05
1.5837683e-05
1.649548e-05
1.6023134e-05
0.00062516667
1.6210244e-05
1.6270708e-05
1.6017802e-05
0.0078157635
1.5794829e-05
1.6142853e-05
1.6406575e-05
1.6570556e-05
1.6365884e-05
1.6139123e-05
1.6629236e-05
1.6283516e-05
1.656396e-05
1.588281e-05
1.5871379e-05
1.895333e-05
1.644165e-05
1.6368556e-05
1.6400392e-05
1.6563058e-05
1.6213714e-05
0.005244019
1.6201727e-05
2.3137444e-05
1.612223e-05
1.4902639e-05
0.004240774
1.6952601e-05
1.6144162e-05
1.6596183e-05
1.6560051e-05
4.2124441e-05
3.6883428e-05
1.6162736e-05
1.6211074e-05
1.6471121e-05
1.636471e-05
1.6216794e-05
1.5805465e-05
1.6177932e-05
1.6861313e-05
0.00035933253
3.3609837e-05
1.6796882e-05
1.6478213e-05
1.6397996e-05
1.6473625e-05
1.7129107e-05
1.6376902e-05
0.0032461632
0.00058521921
1.5886812e-05
4.5799817e-05
1.5839826e-05
1.6697338e-05
0.0044131768
0.004511331
0.0013647273
1.6674579e-05
1.6503495e-05
1.7402291e-05
1.6790947e-05
1.6875593e-05
1.6536243e-05
1.6142353e-05
0.0026676798
0.00039479765
9.7990208e-06
1.644118e-05
1.6220471e-05
1.7036168e-05
1.6376622e-05
1.6452329e-05
1.655135e-05
1.6361132e-05
1.6377154e-05
1.6747964e-05
1.5826645e-05
1.6276547e-05
1.6157131e-05
0.0045405081
1.6431414e-05
0.0011328589
0.0011635579
1.6578304e-05
1.6215545e-05
9.6183327e-05
8.6607202e-05
1.585143e-05
1.592336e-05
1.6295006e-05
0.0020680447
1.6520818e-05
1.609055e-05
1.6418928e-05
0.0089535063
3.6362736e-05
1.6465046e-05
0.0014709309
0.0029655495
1.7237772e-05
1.6257457e-05
0.001957565
0.0019596698
1.5859363e-05
0.0029530998
0.010705447
1.6221847e-05
0.0003977752
1.7059642e-05
1.5833485e-05
0.00032850394
1.6100854e-05
6.5462074e-05
0.00018332331
1.6469046e-05
0.0045117307
1.6536714e-05
1.5792148e-05
1.6160979e-05
1.5901793e-05
1.5808641e-05
1.5809638e-05
1.6418572e-05
0.00055456988
0.00049313208
1.600739e-05
0.015156135
1.8645241e-05
0.00014686271
1.7179809e-05
0.00084652015
0.002650645
1.6852695e-05
1.6524316e-05
1.6535933e-05
0.0035130841
1.640121e-05
1.6729069e-05
1.5994596e-05
1.6621368e-05
9.4729357e-05
1.5842183e-05
1.6463657e-05
1.5964023e-05
0.00032728899
1.5940622e-05
3.8045428e-05
1.6129364e-05
1.6493408e-05
1.6319556e-05
3.5931839e-05
1.6040839e-05
0.0051868475
1.6533513e-05
1.7680911e-05
8.5187524e-05
0.002153289
4.9207112e-05
2.754762e-05
1.7626558e-05
1.6501971e-05
1.6030162e-05
1.6815877e-05
2.4257508e-05
0.00016756586
1.6058423e-05
1.64694e-05
0.00014930465
1.6722039e-05
1.6882575e-05
1.623858e-05
0.00084533245
1.5968004e-05
1.6434313e-05
0.0029278467
1.5813171e-05
1.5826563e-05
8.1640206e-05
1.6486667e-05
1.6580018e-05
1.7595273e-05
0.0021069373
1.6416582e-05
1.5863996e-05
2.2407559e-05
0.0070723695
1.6211261e-05
1.6462363e-05
1.8985564e-05
1.64357e-05
1.6415801e-05
1.5834679e-05
1.7181917e-05
1.6540169e-05
1.6727406e-05
1.6347731e-05
1.5954706e-05
0.0025965386
1.9258894e-05
1.8422864e-05
1.5832679e-05
0.002095796
1.5795607e-05
1.6079466e-05
1.6860046e-05
1.6026943e-05
0.0012703054
0.0012880388
1.6688029e-05
1.6464166e-05
1.81028e-05
1.6523074e-05
1.6263219e-05
1.7599693e-05
1.5889575e-05
0.0012592518
0.0012241774
1.5843169e-05
1.5799297e-05
1.5858e-05
1.7225684e-05
1.6007018e-05
1.7495628e-05
7.9345173e-05
1.6451997e-05
1.6802102e-05
0.0008671823
1.6705097e-05
0.0013316625
0.010668839
0.0027463315
1.6527613e-05
1.6366342e-05
1.6684936e-05
0.00014203385
1.6226519e-05
1.7113178e-05
0.011513748
1.707177e-05
1.649911e-05
0.0008160146
1.6416991e-05
2.2949163e-05
1.5933831e-05
1.633605e-05
1.6418975e-05
3.6361708e-05
1.5833775e-05
1.5975894e-05
1.6682822e-05
0.011111712
1.6001826e-05
1.6608006e-05
0.0007172037
0.0077743681
1.6515042e-05
1.8040008e-05
1.6541646e-05
1.6618677e-05
1.6719778e-05
0.0050173958
1.660719e-05
1.6149506e-05
1.654812e-05
1.5867329e-05
1.6304747e-05
1.6478564e-05
1.6365594e-05
0.0019127938
0.0011626323
1.9207803e-05
1.5835413e-05
1.7122409e-05
1.6226921e-05
6.0414887e-05
1.6600884e-05
0.0011264962
1.6601591e-05
1.6082409e-05
0.00016094333
0.00010280009
1.7337352e-05
0.002462655
0.0026083847
1.6235143e-05
1.6078973e-05
0.0012481566
3.6534458e-05
2.1226598e-05
1.7747423e-05
1.7017554e-05
0.0055371609
1.579571e-05
1.7148433e-05
1.6401055e-05
2.4716958e-05
1.629925e-05
0.00044094806
0.00049263735
0.00032807808
1.636579e-05
0.00043235052
1.5857085e-05
1.599011e-05
1.5826878e-05
0.00020447949
1.5871203e-05
0.0040984177
1.6038132e-05
1.6358621e-05
0.0041164235
1.6224474e-05
1.6594481e-05
0.0040370242
0.00045663329
1.651302e-05
0.013497926
1.6397635e-05
1.6089196e-05
1.6412485e-05
1.6411719e-05
1.6401522e-05
1.6658509e-05
1.6347109e-05
1.5847544e-05
6.4911692e-05
1.6808105e-05
1.6237757e-05
8.1192433e-05
1.6401228e-05
1.6019883e-05
1.6453702e-05
1.6049768e-05
1.6704503e-05
1.588533e-05
0.0028386903
0.0086953836
1.6120483e-05
1.5893143e-05
1.608144e-05
1.6377609e-05
1.6186396e-05
1.7205297e-05
1.6447272e-05
1.6245983e-05
9.0437492e-05
1.6590922e-05
1.5961066e-05
1.6356712e-05
1.5846122e-05
4.5373755e-05
0.00024021813
2.3866917e-05
1.5792574e-05
1.587561e-05
1.6455441e-05
2.0455157e-05
1.5825247e-05
1.6168766e-05
1.6556486e-05
8.4462263e-05
1.652957e-05
0.0015818368
0.0001632402
0.0002615215
1.6179512e-05
0.011143091
0.00064489183
1.6440777e-05
1.6400215e-05
1.6461107e-05
1.5942333e-05
2.0525029e-05
1.7010943e-05
1.6411827e-05
0.0011820148
0.00035615006
0.00044052153
1.659987e-05
2.0650701e-05
1.6615234e-05
1.6167193e-05
0.0052029865
0.0050920867
1.6841682e-05
1.7986502e-05
1.5882957e-05
1.6539684e-05
1.6316132e-05
0.0012657359
1.6331041e-05
0.00019329235
1.6377777e-05
1.5823437e-05
0.0014137915
1.6181671e-05
1.5951938e-05
1.6499559e-05
1.6931932e-05
1.6065525e-05
1.6592359e-05
0.0005783427
1.5855877e-05
1.5930786e-05
0.0065956496
1.5813778e-05
1.5962898e-05
1.6627268e-05
1.6471352e-05
1.3971971e-05
1.6571726e-05
0.0012934932
0.00076607352
1.6525345e-05
3.1472612e-05
0.0017485016
1.6517489e-05
0.0003347489
0.00026331353
1.584832e-05
1.580253e-05
1.6355287e-05
0.0011975322
1.7010577e-05
1.7130529e-05
1.6804796e-05
1.6235281e-05
1.645086e-05
0.0010525666
1.6487458e-05
1.7356202e-05
1.663328e-05
1.6010196e-05
1.7767618e-05
1.6162615e-05
1.5830665e-05
1.7036766e-05
1.6369655e-05
1.5874343e-05
1.6753511e-05
1.5197168e-05
1.5843141e-05
9.1055635e-05
1.6771008e-05
5.0375059e-05
1.6477454e-05
1.6529455e-05
1.676571e-05
1.6529013e-05
1.5817145e-05
1.6358006e-05
1.5806527e-05
1.5814873e-05
0.0063310142
0.0065331643
1.654442e-05
1.6089967e-05
0.0011263883
1.6027907e-05
1.5859271e-05
0.0001794052
1.6770038e-05
1.5938127e-05
1.6514662e-05
1.7408861e-05
0.0014016327
1.6391137e-05
1.6045273e-05
1.6333153e-05
1.6406398e-05
1.5853234e-05
0.0003751629
1.5872879e-05
0.014504692
1.5809355e-05
0.0004589367
0.0019295952
5.5589124e-05
1.5929431e-05
1.5869409e-05
1.5946845e-05
1.5893682e-05
1.6272242e-05
1.5867949e-05
1.6242864e-05
1.688914e-05
0.0001675194
1.5864018e-05
1.6575443e-05
4.2459637e-05
0.0013184231
1.611547e-05
1.6794564e-05
1.6444886e-05
1.605509e-05
1.5841713e-05
1.6985185e-05
1.6496505e-05
1.5862958e-05
0.0030122052
1.7027067e-05
1.6349428e-05
1.585847e-05
1.7371313e-05
1.6600418e-05
1.6366419e-05
1.5808691e-05
1.6154133e-05
1.5860198e-05
1.6538697e-05
3.081691e-05
1.7323174e-05
0.0020185313
1.6891438e-05
1.6096073e-05
1.6148586e-05
0.0029180205
1.6412493e-05
1.6471929e-05
1.6577157e-05
1.6567115e-05
1.6208607e-05
0.0011492241
1.6433855e-05
1.7853015e-05
1.6129165e-05
1.6400011e-05
1.6405675e-05
2.9573149e-05
0.0049388721
1.6207194e-05
1.581237e-05
1.6523746e-05
9.9418402e-05
0.00022606523
1.6456098e-05
1.6292162e-05
1.6499608e-05
1.6786187e-05
2.6655642e-05
2.1799625e-05
1.6359199e-05
1.6083463e-05
1.6403976e-05
1.5827338e-05
1.6423686e-05
1.6928433e-05
1.7205545e-05
5.8475822e-05
1.6528046e-05
1.6569514e-05
1.6981215e-05
3.7355754e-05
1.6744141e-05
1.5988685e-05
0.00014091821
1.7755614e-05
1.6356293e-05
4.1358345e-05
1.7443217e-05
1.649679e-05
1.5874911e-05
1.6784891e-05
1.7563843e-05
1.6751719e-05
0.00012637695
0.0025229465
1.641862e-05
0.0028065854
0.0028379527
1.5850364e-05
1.5944031e-05
1.6045059e-05
0.0019809071
1.6400605e-05
1.6220213e-05
0.00012747311
1.6361938e-05
0.0027409209
1.5794774e-05
0.0019195887
1.580474e-05
0.0062508483
1.6256607e-05
0.0097409132
1.6496626e-05
0.00020103455
1.6393771e-05
1.6059794e-05
0.00013050839
0.00035276814
0.015500261
6.3584007e-05
0.0013498126
0.0012128493
0.0081219053
1.587155e-05
1.6757321e-05
1.6515798e-05
1.6386352e-05
1.678132e-05
1.6239236e-05
9.5189844e-05
0.0019059734
1.704787e-05
1.6598283e-05
0.0048875678
1.6411294e-05
0.0011148247
0.00021677455
1.5800412e-05
1.6574156e-05
0.0011682579
1.6465663e-05
0.0042260495
1.6605905e-05
1.6778456e-05
1.648708e-05
4.0097562e-05
1.6472822e-05
1.5839585e-05
1.6165839e-05
1.6583333e-05
1.6135211e-05
1.6322314e-05
0.0043766043
1.6671254e-05
1.5885233e-05
1.5842349e-05
1.6428654e-05
1.6371788e-05
1.5973364e-05
1.5503763e-05
0.008781314
1.6102776e-05
0.00014029852
1.8318303e-05
0.0018034293
0.0020898904
1.6502454e-05
1.5788357e-05
0.0048248627
1.4807891e-05
1.6404674e-05
1.6300887e-05
1.5871059e-05
1.634828e-05
1.6356349e-05
1.6333148e-05
1.6445745e-05
0.0020445052
0.0012844899
0.0056129189
8.5261372e-05
0.0011560017
0.0012446912
1.6164694e-05
1.6259249e-05
2.0871022e-05
1.5792038e-05
0.00056717121
1.7902441e-05
1.658312e-05
0.0011340898
0.00085485512
0.0010740652
0.0011882677
0.0026062601
0.0027538521
1.9232916e-05
1.6474116e-05
1.5946499e-05
1.5807588e-05
0.0020696913
1.7955374e-05
0.0004595423
1.646616e-05
1.6403429e-05
4.3327069e-05
0.0034807179
0.0034710269
5.4381608e-05
0.0075973758
2.6176956e-05
1.6458111e-05
1.6562257e-05
1.5811234e-05
1.6524362e-05
1.5872873e-05
0.0019056764
0.001920825
1.6474811e-05
0.0016249843
9.1342425e-06
1.5817707e-05
1.7429657e-05
0.011941466
1.5866935e-05
1.654006e-05
1.6373282e-05
1.6100987e-05
1.5622504e-05
1.6636145e-05
1.6113864e-05
1.6364316e-05
1.6589578e-05
0.0028136673
1.6061753e-05
1.6611827e-05
1.6591914e-05
0.0020249145
1.5921968e-05
1.6368046e-05
1.6267279e-05
1.6634912e-05
1.5933144e-05
0.0010903032
1.6170508e-05
1.6552136e-05
1.6540277e-05
2.0171436e-05
1.6021944e-05
1.6801066e-05
1.5902038e-05
1.6468436e-05
1.6442489e-05
1.6099387e-05
0.0029614921
1.6559023e-05
0.0029796087
0.0019529392
1.6777544e-05
0.010674192
1.6567373e-05
1.6164054e-05
1.6011706e-05
1.6275396e-05
1.6564e-05
1.6224018e-05
1.5828997e-05
0.0017928562
0.0050532601
0.0052383403
1.6071779e-05
1.5846714e-05
1.5922491e-05
1.6091775e-05
1.6366421e-05
1.6740367e-05
1.5959926e-05
0.0053666474
1.6015679e-05
0.001190631
1.5889127e-05
1.6138878e-05
1.5791197e-05
1.6502743e-05
1.6234938e-05
1.5865038e-05
1.656409e-05
0.0030018689
0.0024875823
0.0020934327
1.6685559e-05
1.5838874e-05
1.6055047e-05
1.6422912e-05
1.6495339e-05
1.6051727e-05
1.650006e-05
0.00071336538
1.5844369e-05
0.0019720678
1.5836521e-05
1.5836538e-05
1.5852461e-05
1.5831408e-05
1.6521748e-05
1.6347205e-05
1.5980117e-05
0.015614497
1.5934087e-05
3.9046939e-05
1.6303244e-05
0.0021468152
0.0020091685
1.6055888e-05
1.6850043e-05
0.0035998335
1.5831659e-05
1.5875346e-05
1.6630085e-05
1.6473389e-05
1.5785098e-05
0.00054789158
0.00079492071
0.00063850562
1.6147413e-05
0.00035211558
1.5846706e-05
1.6435276e-05
1.6497542e-05
1.6284988e-05
1.6276975e-05
1.6750447e-05
1.6372667e-05
0.0029791299
1.6034731e-05
1.5858745e-05
2.9714297e-05
0.00022032155
1.6527221e-05
1.606165e-05
1.6473444e-05
1.5863178e-05
1.6142376e-05
1.6370907e-05
1.8113824e-05
0.00010082158
1.600713e-05
0.0019808198
4.946328e-05
1.6371965e-05
0.00035282352
1.5829163e-05
1.6197502e-05
1.6013635e-05
1.6589839e-05
1.6502338e-05
1.5894527e-05
1.0104456e-05
1.5823801e-05
1.70959e-05
1.6043265e-05
1.6264005e-05
0.0017337814
1.5858216e-05
1.2005768e-05
1.6408337e-05
1.6004263e-05
0.0030986341
1.6180537e-05
1.6413521e-05
1.607476e-05
1.6520674e-05
1.6057605e-05
1.806918e-05
4.8748556e-05
1.6202449e-05
1.6263068e-05
1.6758695e-05
0.0085114004
1.6304322e-05
0.00045863729
1.6152581e-05
1.5922254e-05
1.5931031e-05
0.0025685915
1.5965969e-05
0.0012733776
1.6173021e-05
0.0023196553
1.585705e-05
0.0026116932
0.0051790035
0.00010440998
1.6719246e-05
0.00028922279
1.630994e-05
5.3476261e-05
1.6053503e-05
0.0018113865
1.621579e-05
1.6398741e-05
0.0012667895
1.5800474e-05
1.6093656e-05
1.6482416e-05
1.5854721e-05
1.67841e-05
1.6509399e-05
1.6198061e-05
1.6493406e-05
1.6171375e-05
0.005683438
1.6619612e-05
1.5938458e-05
1.772657e-05
1.6085809e-05
1.6080763e-05
1.9462112e-05
1.6474939e-05
1.6896473e-05
0.00032626508
1.6232508e-05
1.6548099e-05
0.0078869285
1.5862702e-05
1.5939809e-05
1.6560945e-05
1.6144682e-05
0.00056920604
1.5919639e-05
1.6385115e-05
1.606768e-05
1.5792488e-05
0.0003201588
0.010485921
1.6207733e-05
0.0026771384
1.6408764e-05
1.5911138e-05
0.0030055572
1.6727627e-05
1.6360091e-05
1.6515228e-05
1.6122607e-05
1.7070793e-05
1.5807504e-05
0.0004208964
0.00085013546
1.5825411e-05
1.6446892e-05
0.0020918858
1.5856473e-05
1.6497269e-05
1.6434693e-05
1.5841347e-05
1.631292e-05
1.6532374e-05
1.6181344e-05
1.6014404e-05
1.6508537e-05
1.5812999e-05
0.00032390472
1.6446351e-05
0.0018882944
1.6959862e-05
0.0019472315
1.6492546e-05
1.6463519e-05
1.0154932e-05
0.00031886212
1.5913701e-05
1.9044426e-05
1.6399136e-05
1.690472e-05
1.5922424e-05
1.6422142e-05
1.6490562e-05
1.6924772e-05
0.0001472127
0.00066219518
1.6508503e-05
1.6317944e-05
0.0040939813
1.6427404e-05
1.6805681e-05
1.588779e-05
1.6170689e-05
1.595811e-05
1.5918443e-05
4.5406178e-05
2.4066994e-05
1.582458e-05
1.6450578e-05
1.6033725e-05
1.6585314e-05
0.00083695833
0.00021952243
0.0063986068
1.6295647e-05
1.645691e-05
0.0019447492
1.5833305e-05
1.6479342e-05
1.6078934e-05
0.0099481187
1.6032608e-05
1.635906e-05
1.6596716e-05
0.00072562071
1.6092566e-05
0.0017055641
1.5954257e-05
9.8288712e-05
1.6568784e-05
1.590455e-05
0.00086243877
0.0030099634
1.65704e-05
1.5956122e-05
1.6673934e-05
1.6156258e-05
0.00080576293
1.6433959e-05
1.617921e-05
1.5852255e-05
0.0023226708
1.628085e-05
1.7189049e-05
1.6560566e-05
1.598348e-05
1.8005296e-05
0.0017862165
1.7076602e-05
1.6471265e-05
1.6433611e-05
1.6214848e-05
1.6526573e-05
0.0010701071
0.0047131618
1.5881248e-05
1.6527799e-05
1.9370835e-05
1.6149969e-05
0.0040956849
1.6434474e-05
7.1478619e-06
0.008650241
0.015622085
1.5481788e-05
0.0074518209
1.59823e-05
1.5853266e-05
1.5911028e-05
0.00026587427
1.6366531e-05
1.5928232e-05
1.6128774e-05
1.7875761e-05
0.0012567836
0.0013086494
0.0011964375
1.7398613e-05
1.6557645e-05
1.9570616e-05
1.596476e-05
1.7189229e-05
1.6871182e-05
0.00078251875
1.6182925e-05
1.6463478e-05
0.0035348115
1.6039148e-05
1.6172944e-05
1.5862048e-05
1.6332688e-05
1.7306429e-05
0.00097106937
1.585652e-05
1.7415556e-05
1.609275e-05
1.647354e-05
1.7046072e-05
1.6442154e-05
0.00081029963
1.5980802e-05
1.6439059e-05
0.00030979215
1.6552967e-05
1.717594e-05
0.0010455544
1.6277299e-05
1.6467014e-05
1.6334612e-05
1.7113323e-05
1.6722492e-05
1.6221218e-05
1.6279368e-05
1.5807221e-05
0.00015398538
0.00012729518
1.6301924e-05
1.6550463e-05
1.5979335e-05
0.0026440984
1.5918226e-05
1.7030263e-05
3.8461683e-05
2.0886041e-05
0.0021390087
0.01695628
1.7064031e-05
0.00049183198
1.6148573e-05
0.00018566809
1.6496848e-05
1.622051e-05
0.001040144
1.6472842e-05
1.6503167e-05
1.6327299e-05
0.00035402523
1.7017718e-05
1.5821551e-05
2.2746329e-05
1.6518361e-05
0.0035612636
1.4860532e-05
9.8254996e-05
0.00042221917
1.6852732e-05
0.00017323582
2.3216871e-05
1.6984697e-05
0.005052307
1.6021488e-05
0.0021598806
1.6244147e-05
0.00018580096
0.00030273996
0.00096849922
0.0042193823
1.5201427e-05
0.0017910216
0.0010960605
1.6955754e-05
1.6217845e-05
0.00022885912
1.653558e-05
1.4701985e-05
4.2184261e-05
1.5982794e-05
1.6806364e-05
1.6489271e-05
1.5915079e-05
1.6442546e-05
1.6399753e-05
1.6365572e-05
2.4043088e-05
0.00079466681
2.380641e-05
1.5823977e-05
1.6931906e-05
1.6140662e-05
1.6054718e-05
1.6641029e-05
2.0104371e-05
1.6534777e-05
1.6102736e-05
1.5920632e-05
0.0021147605
3.5819638e-05
0.00024068917
0.0002979237
2.2730304e-05
0.00010501785
0.00034317688
1.6146657e-05
1.6067644e-05
1.6910841e-05
0.00080066348
1.5885054e-05
1.618553e-05
1.7086461e-05
1.6149733e-05
1.6416444e-05
1.5936125e-05
0.0043995668
0.0001466775
1.6156274e-05
1.6157218e-05
0.0027113139
1.6395835e-05
0.0011620658
0.0011162553
4.6479696e-05
0.0028784136
1.6663054e-05
1.5865424e-05
6.6058289e-05
1.6302968e-05
1.6502806e-05
0.0029520497
1.582235e-05
1.586709e-05
0.0046449918
1.647418e-05
1.68912e-05
0.00071582212
0.0010891717
1.6711282e-05
1.5873121e-05
0.0014983804
1.6381817e-05
0.0028732199
1.6640223e-05
2.1237936e-05
2.5968714e-05
0.0020867688
1.6873872e-05
1.7525924e-05
1.6012027e-05
1.5961714e-05
1.722187e-05
1.5791356e-05
1.9424249e-05
1.8085349e-05
1.6365227e-05
1.6605081e-05
1.6805827e-05
1.5843645e-05
3.2281594e-05
1.58846e-05
0.00256331
1.6438105e-05
1.6805102e-05
1.5849269e-05
0.00075991713
1.6541264e-05
1.6731605e-05
0.00058809431
1.6347502e-05
1.7368574e-05
0.0026340524
0.00029255618
2.0663274e-05
1.6492392e-05
1.6218981e-05
1.5941036e-05
0.0083752067
0.00060223728
1.6101603e-05
1.5889876e-05
1.6928709e-05
1.6367642e-05
1.6557585e-05
0.004988863
5.733747e-05
0.00046080907
1.6468736e-05
1.5845617e-05
1.7586823e-05
1.5918249e-05
1.6499746e-05
1.5960463e-05
0.00033713388
0.0049428117
1.6139576e-05
0.013679436
1.6815584e-05
1.6704179e-05
1.6782712e-05
0.0048916004
1.647155e-05
1.3747674e-05
9.5217263e-05
0.0027886689
1.6152133e-05
1.6479408e-05
1.5897611e-05
0.0016593475
1.6286005e-05
1.6350627e-05
7.1399928e-05
1.6538915e-05
1.7317539e-05
0.00030220579
1.6678945e-05
1.6348492e-05
1.7398561e-05
1.6026732e-05
1.6158166e-05
1.6377848e-05
0.010071626
1.5848273e-05
0.0021608709
1.6116049e-05
1.635118e-05
0.0011058398
1.5860721e-05
1.587804e-05
0.00016754712
1.6081366e-05
1.5830339e-05
2.8959016e-05
1.6427059e-05
1.6456854e-05
0.0020157293
1.6641555e-05
1.6540223e-05
1.6046674e-05
1.5846296e-05
0.0020418557
1.5828771e-05
1.6061754e-05
1.6367711e-05
1.6328587e-05
1.6270097e-05
1.5929672e-05
0.00015590929
1.6454349e-05
1.6505434e-05
1.6438529e-05
1.58675e-05
1.5804112e-05
1.7324087e-05
1.6606391e-05
1.6474554e-05
1.5880307e-05
1.6519923e-05
1.6813753e-05
1.6643586e-05
1.5901927e-05
1.6695315e-05
0.0042896815
1.6479525e-05
0.0037970445
0.00074115273
1.5903906e-05
1.6781527e-05
1.6303356e-05
0.00059773096
1.9237841e-05
1.6336775e-05
4.8335187e-05
1.5924991e-05
3.7332e-05
1.6525719e-05
0.00084922473
1.6401408e-05
1.6378096e-05
1.6548615e-05
0.01104146
1.6870535e-05
1.8262431e-05
1.6135548e-05
1.6083805e-05
1.6468181e-05
0.00013022801
0.0029583129
1.6471292e-05
0.0020163554
0.0046796101
1.6106501e-05
1.7087616e-05
0.0010846052
1.5835511e-05
1.5998465e-05
1.5851376e-05
1.6825276e-05
1.719517e-05
0.0011555551
1.6381861e-05
1.5827051e-05
1.6337856e-05
1.6626503e-05
1.6621094e-05
1.5891452e-05
0.00074023242
0.00021407331
1.6187858e-05
1.6231575e-05
1.6574502e-05
1.6983955e-05
0.00062456918
1.7896391e-05
1.6487018e-05
1.6183823e-05
0.00018202342
1.6426011e-05
1.5808934e-05
1.6500612e-05
1.6592714e-05
2.1811676e-05
9.5949852e-05
3.4184051e-05
1.6926441e-05
1.5873883e-05
1.592536e-05
1.6517753e-05
1.6793406e-05
1.6665915e-05
1.6704896e-05
1.6497236e-05
1.6874647e-05
1.6631005e-05
1.6515693e-05
0.0020318926
0.0026052032
1.6148597e-05
1.6208444e-05
1.5817394e-05
1.6268885e-05
1.6425686e-05
1.5868778e-05
1.7120853e-05
1.5841677e-05
1.6367831e-05
1.6083237e-05
0.0021405132
0.0023558289
1.5824604e-05
0.010759042
0.0018228987
1.7042876e-05
1.6224712e-05
1.5829761e-05
1.6598159e-05
1.622977e-05
0.0024702711
1.5927409e-05
1.5918759e-05
1.5791152e-05
0.00028628721
1.7013427e-05
1.6479302e-05
0.012678096
1.6314717e-05
0.0013403948
1.5798489e-05
1.5877504e-05
1.657327e-05
1.6132129e-05
0.0012588021
1.6424086e-05
0.00023230647
1.6103286e-05
1.6141128e-05
0.00088150919
1.6559011e-05
1.5791737e-05
0.00057210062
7.8280464e-05
1.6513405e-05
1.5810279e-05
1.6584171e-05
1.653894e-05
0.00066843176
0.0034851259
1.5895308e-05
1.6011736e-05
1.6210339e-05
1.9378794e-05
1.6425399e-05
2.8644726e-05
0.0026953351
2.9753662e-05
1.6166538e-05
1.6399214e-05
0.01067632
1.6648369e-05
1.6470871e-05
1.6773435e-05
2.1678462e-05
0.00014576764
1.7568767e-05
1.6306922e-05
0.0018458887
1.5936252e-05
1.658442e-05
1.8752582e-05
1.6383873e-05
0.0017565707
0.0017634572
1.6505512e-05
1.660397e-05
1.5862817e-05
1.6517197e-05
1.5812197e-05
1.5834655e-05
1.5904631e-05
1.6106884e-05
1.6591178e-05
0.0018110232
1.6438627e-05
0.0026314262
0.00032469997
1.8175413e-05
0.0030091514
0.0010221612
1.5852786e-05
1.5909892e-05
0.0025540001
1.5886718e-05
0.0020217254
1.7092866e-05
0.00046109996
1.6774664e-05
1.6158418e-05
1.6809848e-05
1.6659205e-05
0.016342988
1.6113552e-05
1.6406095e-05
1.9024761e-05
1.6131463e-05
7.9087736e-05
1.648192e-05
0.0020588852
1.6533892e-05
0.0020744025
1.5754119e-05
1.5901547e-05
5.5184973e-05
1.6288857e-05
8.0621982e-05
1.5822661e-05
1.7466406e-05
1.8000295e-05
0.00018320529
0.00015552174
1.7797833e-05
1.55274e-05
1.7243317e-05
1.6169234e-05
0.0014384479
1.5893375e-05
1.6097603e-05
1.6627186e-05
1.6436957e-05
1.7925286e-05
1.6157881e-05
1.6575234e-05
5.3537063e-05
0.0015052631
0.00011252814
0.0037663723
0.0037777635
1.5878358e-05
0.0020116005
0.015168375
1.5920288e-05
1.6504217e-05
1.6649114e-05
1.6490092e-05
9.5697395e-05
1.640353e-05
1.6241584e-05
0.013079465
1.6506374e-05
1.6537857e-05
1.5789446e-05
1.6475634e-05
1.6466797e-05
9.2361341e-05
1.6152717e-05
0.00021294688
1.5904286e-05
0.0012444506
1.6481966e-05
1.6474501e-05
0.001666601
1.581689e-05
1.6450766e-05
0.0047739009
0.0047347557
1.6562494e-05
1.6745102e-05
1.6513504e-05
1.6229988e-05
0.0025806054
0.0026071789
1.6462585e-05
1.6462757e-05
0.0020266062
0.0053453201
0.00012211482
0.0043220218
1.6398489e-05
1.6752214e-05
1.6358204e-05
0.0021588097
0.0012721629
1.9677534e-05
2.0073336e-05
1.6430828e-05
1.5919884e-05
1.6518314e-05
0.0026965221
1.5886572e-05
1.5919642e-05
0.0040254815
1.6570211e-05
1.6570692e-05
1.6361529e-05
0.012066579
1.6416223e-05
6.2764851e-05
1.7293958e-05
1.6003816e-05
1.6438946e-05
1.7214022e-05
9.3087652e-05
1.6623445e-05
1.3482496e-05
1.8651943e-05
1.6055082e-05
1.6438078e-05
1.6575104e-05
1.6026136e-05
1.6161287e-05
1.6805275e-05
1.5951563e-05
8.7139971e-05
1.6383107e-05
0.0027830896
1.6547962e-05
1.6205164e-05
1.6043737e-05
1.602763e-05
1.6521049e-05
2.9275167e-05
1.6768775e-05
1.6460041e-05
1.5799549e-05
1.5923887e-05
1.5821414e-05
0.00014518171
1.736124e-05
1.6139228e-05
1.59127e-05
1.646258e-05
1.6525001e-05
0.0021623296
1.659447e-05
0.00011643424
1.6406135e-05
1.6318762e-05
1.5908553e-05
1.5871203e-05
0.0078239628
1.6537055e-05
1.7028545e-05
1.6553845e-05
1.6187062e-05
1.9698005e-05
1.7194369e-05
1.6574066e-05
0.00022475793
1.5789843e-05
1.6000393e-05
1.6224625e-05
1.647768e-05
1.6818595e-05
1.5853443e-05
0.0019320159
1.6524954e-05
2.617551e-05
0.00040899695
1.5833583e-05
2.2979868e-05
1.6646218e-05
1.5965651e-05
1.6251075e-05
0.0005609815
0.00055085586
1.6351719e-05
1.5895679e-05
1.5836918e-05
1.5914511e-05
1.5838112e-05
1.5926347e-05
1.6328668e-05
0.00013374004
1.6364208e-05
1.6476801e-05
4.3354819e-05
1.6390023e-05
1.6619044e-05
1.6384181e-05
0.0019419325
0.0019352803
1.584228e-05
0.0018167498
1.6493397e-05
1.643162e-05
0.0051239849
0.0050075426
1.6336222e-05
1.6366508e-05
1.6705395e-05
1.6229968e-05
1.5822302e-05
0.0019602006
0.0015895572
1.6492036e-05
1.6820276e-05
1.5795055e-05
1.5892056e-05
1.6574861e-05
1.6100645e-05
1.5818661e-05
1.5966616e-05
0.0025594075
1.5845704e-05
3.7792777e-05
1.6454905e-05
1.5805499e-05
0.0022301317
1.6498568e-05
0.00058885012
1.6513377e-05
0.0028151471
1.6058761e-05
0.00068838791
1.6389672e-05
1.647551e-05
1.8693159e-05
1.6191322e-05
1.6846815e-05
1.6140666e-05
0.0031935904
1.6074895e-05
0.0020530713
1.607943e-05
1.6116825e-05
0.0099922497
0.00043804152
1.6492007e-05
1.6570469e-05
0.00098867105
1.7868096e-05
1.6359474e-05
1.7497911e-05
1.7337408e-05
1.6568865e-05
5.8333141e-05
3.8272522e-05
1.6349402e-05
1.6497301e-05
8.4759898e-05
1.6400708e-05
1.7436772e-05
0.0028249589
0.0028283972
1.6534261e-05
1.9186371e-05
1.6777682e-05
1.7277918e-05
1.6850679e-05
1.6366028e-05
0.01193991
1.6487854e-05
1.6739859e-05
1.5912016e-05
2.111083e-05
1.5810086e-05
1.5837685e-05
1.5874889e-05
1.6534073e-05
0.0021460521
1.6495207e-05
1.6360491e-05
1.6036344e-05
1.6598537e-05
1.5966685e-05
1.6474189e-05
1.6454616e-05
4.3400403e-05
1.5829151e-05
1.5831336e-05
1.5828242e-05
1.6504477e-05
1.6179446e-05
1.8612353e-05
1.6039301e-05
0.0012952312
1.5796819e-05
2.0012205e-05
0.0029739051
1.6420066e-05
1.5849811e-05
1.6562779e-05
3.9648803e-05
1.5934122e-05
1.5881044e-05
1.6475027e-05
1.596779e-05
0.00067051277
0.00075103869
1.5857765e-05
1.6336738e-05
1.6381859e-05
0.0024884379
1.6284421e-05
1.5804015e-05
7.7496877e-05
1.6138513e-05
1.5807664e-05
1.6249466e-05
2.5277565e-05
1.5801189e-05
2.4792661e-05
0.0049102361
0.0049568037
0.00013990021
1.6582449e-05
0.0015287628
1.5940977e-05
1.6502332e-05
0.0033570371
1.6548707e-05
1.6413954e-05
0.0020706855
0.0020764625
1.5864281e-05
1.6184595e-05
1.6577487e-05
1.8502012e-05
2.2115217e-05
0.0017340157
0.0069722184
0.006870242
1.5949426e-05
1.6064258e-05
1.6502547e-05
0.010490082
1.5830631e-05
0.0002804973
1.6545351e-05
1.5889164e-05
1.6545788e-05
0.0010263704
1.5823544e-05
1.6607302e-05
0.0015037003
1.7050824e-05
0.00046244535
0.00022397766
1.6580855e-05
1.9128833e-05
1.6210703e-05
1.584752e-05
0.0015841686
0.011629764
1.6477638e-05
0.00014243557
1.7439235e-05
1.6368594e-05
1.6524039e-05
1.8790027e-05
1.8038802e-05
2.7039844e-05
2.6075086e-05
1.6220779e-05
0.007622669
0.0015739297
1.6724177e-05
1.5844432e-05
1.6611436e-05
0.00050671092
3.4092355e-05
1.6558861e-05
1.5940448e-05
1.6414664e-05
1.6000575e-05
1.6336162e-05
1.6390715e-05
0.0018531119
0.0016833406
0.0022030391
0.00050306536
1.6628568e-05
1.5709755e-05
1.5156026e-05
0.010229139
0.0056670408
0.00053037485
0.0025964419
2.7971159e-05
1.586236e-05
1.5906022e-05
9.4300844e-05
1.6212151e-05
0.0031451389
0.00076510559
1.5901477e-05
0.002181062
1.5823493e-05
1.6337641e-05
1.5847622e-05
1.6597714e-05
1.6780039e-05
1.6555808e-05
0.0017794082
0.0004448462
0.0028389326
4.0573061e-05
0.0014486359
1.636106e-05
1.6360161e-05
0.0069481141
1.6733786e-05
2.4985257e-05
1.6054587e-05
1.6023132e-05
1.7363864e-05
0.00095554545
0.0020386346
0.0032712264
1.8250638e-05
0.00058140258
1.6672298e-05
0.00014777173
0.0020087406
1.5892825e-05
0.0021820553
1.5865932e-05
1.5916538e-05
1.5854094e-05
0.00261597
1.5921351e-05
1.5940021e-05
0.0030321482
1.7695293e-05
1.5891949e-05
1.6443923e-05
0.0019661804
1.6529634e-05
1.5810579e-05
1.7167025e-05
1.5942915e-05
1.6071941e-05
0.00012333988
1.6440159e-05
1.6397736e-05
1.6381262e-05
3.6528554e-05
2.4628109e-05
2.8466698e-05
1.8284685e-05
5.0067226e-05
1.6553121e-05
1.6117061e-05
2.1004313e-05
1.652581e-05
1.5983471e-05
1.9235964e-05
2.3779843e-05
1.6834764e-05
0.0020359936
1.6056954e-05
1.5921898e-05
0.0029121401
1.7625969e-05
0.0020536146
1.5841843e-05
1.6405343e-05
1.6573438e-05
0.0027171381
1.6489043e-05
1.5838477e-05
1.6984218e-05
0.00044807775
5.8162459e-05
1.6523585e-05
1.7816101e-05
1.6743221e-05
1.6418295e-05
1.6568428e-05
1.65106e-05
0.0020649823
0.0025128393
1.6476188e-05
1.579617e-05
1.6364654e-05
1.640211e-05
0.001493588
1.5880439e-05
1.6147365e-05
1.642099e-05
0.0020096558
1.6497261e-05
1.8755504e-05
1.6149589e-05
1.6322777e-05
0.0016201053
1.5844781e-05
0.00073050428
1.6039456e-05
0.00032731643
1.6327601e-05
0.0020596182
0.00024866696
1.6479838e-05
1.6539232e-05
1.5818452e-05
1.6137514e-05
1.6029029e-05
1.6437009e-05
2.0294581e-05
2.2174324e-05
1.5948635e-05
1.6497748e-05
1.756088e-05
1.6712471e-05
2.3534295e-05
1.6434313e-05
0.0028329347
1.5843302e-05
0.00289782
1.6492402e-05
1.6550241e-05
0.0028604018
1.6081062e-05
1.6069753e-05
0.002871914
1.6213836e-05
1.6054869e-05
0.00058609088
6.1722628e-05
1.6048634e-05
0.0019435866
0.0037620133
1.5897732e-05
1.6183092e-05
1.6822018e-05
1.6784241e-05
1.6081854e-05
1.5970654e-05
1.6911611e-05
1.5832769e-05
1.5948615e-05
1.6038791e-05
1.6301215e-05
1.6061104e-05
1.624087e-05
1.6501179e-05
1.6290469e-05
1.710102e-05
0.00013915319
0.015399946
0.0029728122
7.3142831e-05
1.5800774e-05
1.6499983e-05
0.0020422483
1.5831887e-05
4.1900969e-05
1.6432555e-05
1.5818288e-05
1.59054e-05
1.5810678e-05
1.6058527e-05
1.8646964e-05
1.6505691e-05
1.613138e-05
0.0028704824
1.5865244e-05
1.5875307e-05
0.0017642429
0.00056354111
1.6483825e-05
1.607409e-05
1.5883087e-05
1.5985701e-05
1.6392922e-05
0.0021618038
1.6568693e-05
1.5864215e-05
1.6197125e-05
1.5927554e-05
0.0030055006
1.6299661e-05
1.5944654e-05
0.0021212438
0.0027242921
1.6479885e-05
1.6125632e-05
1.6404347e-05
1.6289625e-05
1.6544004e-05
1.7452907e-05
2.0415119e-05
1.3390682e-05
1.665787e-05
0.015887992
1.5896073e-05
0.00074172922
1.6410624e-05
1.8632533e-05
1.6496269e-05
1.7181741e-05
1.65544e-05
0.0029502578
1.6882468e-05
8.762325e-05
0.0019347572
1.7009804e-05
1.593875e-05
1.5976901e-05
0.0027452003
0.0025874309
1.5800723e-05
1.6277604e-05
1.8521192e-05
0.0020110999
0.0003228179
0.0019504003
0.0028324057
1.5854371e-05
0.0025052505
0.0020762975
1.6407195e-05
1.865906e-05
1.5991766e-05
1.670247e-05
1.5843992e-05
0.0026647913
1.5832303e-05
1.6364884e-05
0.0009973435
1.5827768e-05
1.6543527e-05
1.9393474e-05
2.1174811e-05
1.6173083e-05
1.6164465e-05
1.6193563e-05
1.591244e-05
0.00064119103
1.6064004e-05
0.00037809241
1.6368295e-05
1.6227067e-05
1.6673622e-05
1.622508e-05
1.6240836e-05
1.6253638e-05
0.010594366
0.00068587144
0.0023641684
0.004073503
1.5890006e-05
1.6080551e-05
1.6364198e-05
0.00056013171
1.5986735e-05
1.6493644e-05
5.048468e-05
1.646291e-05
1.5807294e-05
1.6253e-05
1.6417006e-05
0.0017819592
1.608382e-05
1.6500042e-05
1.6542685e-05
0.0010007256
1.6493152e-05
1.60488e-05
1.5837467e-05
0.0027823623
1.6218784e-05
1.6374664e-05
1.5831132e-05
1.8265987e-05
0.00055960804
1.5947057e-05
1.5966684e-05
1.5931297e-05
1.7352584e-05
1.7287167e-05
1.5863814e-05
0.002628133
1.5877534e-05
0.00010268407
1.636941e-05
1.6196128e-05
1.5817474e-05
0.0062248722
1.6559185e-05
0.00022950059
1.6005523e-05
0.00011019651
1.6500109e-05
0.00046046557
1.5991207e-05
1.6524818e-05
1.5903449e-05
0.0027189843
1.6381306e-05
1.6102741e-05
1.6462726e-05
1.5881702e-05
1.6594497e-05
1.5837508e-05
1.6405271e-05
1.6918047e-05
1.583977e-05
1.6446186e-05
1.6506141e-05
1.6240206e-05
0.00391082
1.6293752e-05
1.6545971e-05
1.5795573e-05
1.5984392e-05
1.5799296e-05
1.6496875e-05
1.6598325e-05
1.623988e-05
0.0013825407
0.0040260692
0.00027865087
1.6349057e-05
1.6437943e-05
0.0021528045
1.6379757e-05
1.5909282e-05
1.603489e-05
1.581687e-05
0.001215263
1.6369071e-05
1.5934191e-05
0.014362405
1.5855781e-05
1.6049802e-05
1.6251291e-05
1.5870979e-05
0.00056880524
1.6367648e-05
1.6823614e-05
1.6015301e-05
1.6432629e-05
1.6382765e-05
1.6929121e-05
1.6476768e-05
1.6315623e-05
1.5802493e-05
0.00089144183
3.8883754e-05
1.6457883e-05
1.5856639e-05
0.00064401164
1.5958188e-05
1.5843093e-05
1.6479969e-05
2.2764477e-05
0.0017343849
2.8969815e-05
1.8519933e-05
1.6523148e-05
1.6848514e-05
1.6419811e-05
1.6498117e-05
1.6547679e-05
2.6886386e-05
1.6505336e-05
1.585849e-05
0.00071386002
1.6442567e-05
1.6455334e-05
1.6361892e-05
1.6145311e-05
1.641244e-05
1.6434525e-05
1.5998217e-05
1.6754498e-05
0.001340176
1.7839319e-05
1.5894168e-05
1.5798159e-05
1.6753882e-05
1.6214103e-05
1.6879735e-05
1.5802431e-05
1.6497478e-05
1.6370326e-05
1.8067585e-05
1.6058902e-05
1.6058646e-05
3.0373369e-05
3.4942543e-05
1.6767078e-05
1.6356925e-05
2.7238506e-05
1.6260343e-05
1.626563e-05
2.0279432e-05
1.6562851e-05
1.6488307e-05
1.5980299e-05
9.2970821e-05
3.7406102e-05
0.00042419741
2.9776468e-05
1.6357778e-05
1.6362812e-05
1.6717181e-05
0.0026059577
1.7021359e-05
1.6752708e-05
1.6422009e-05
1.7678821e-05
1.6102276e-05
1.6983743e-05
1.602518e-05
1.6537185e-05
1.5819127e-05
1.6293806e-05
0.0048218594
1.6521984e-05
1.6665187e-05
1.5814693e-05
0.014486501
1.635175e-05
2.0158919e-05
0.00052259116
1.5852169e-05
1.7139805e-05
1.6031244e-05
1.5897901e-05
1.6090378e-05
1.6490706e-05
1.6137322e-05
0.00069987284
1.6461259e-05
1.6723446e-05
1.6446401e-05
1.6038513e-05
1.6226375e-05
1.7455196e-05
1.640251e-05
1.638253e-05
1.6092392e-05
1.6811722e-05
1.592324e-05
1.655735e-05
0.00420628
1.6259284e-05
0.0013757837
1.968429e-05
2.3754452e-05
1.5988202e-05
1.6104519e-05
1.6277842e-05
1.6255185e-05
1.6193347e-05
1.6515973e-05
1.648493e-05
1.6819899e-05
0.0010040408
1.6815548e-05
1.5959668e-05
0.0018162591
1.5820147e-05
1.5898549e-05
1.5861148e-05
2.0261397e-05
1.6175493e-05
1.6969155e-05
9.0955525e-05
1.5830366e-05
1.6421779e-05
1.6753981e-05
2.3584165e-05
1.6465057e-05
1.6595757e-05
1.6592784e-05
1.6482115e-05
1.6357385e-05
1.6020542e-05
0.0027312526
1.5903753e-05
1.6474749e-05
1.644124e-05
0.00010394984
1.6400011e-05
1.6429958e-05
1.6430782e-05
8.7634868e-05
6.1185639e-05
1.6503152e-05
1.5800357e-05
0.0027339248
1.6847322e-05
1.5859112e-05
1.6046435e-05
1.6846962e-05
1.6196884e-05
1.6616255e-05
1.7419159e-05
5.0521142e-05
1.6777692e-05
0.0024739996
1.6518357e-05
1.6539217e-05
1.6092488e-05
1.6388795e-05
0.0063334777
1.6861364e-05
1.8528862e-05
0.0018231575
1.6742929e-05
0.00026479293
1.587825e-05
1.5883634e-05
1.6501046e-05
1.5596259e-05
1.7724663e-05
1.5861567e-05
0.00474098
0.0035343816
1.68837e-05
1.6193235e-05
1.5806106e-05
1.5836018e-05
1.603619e-05
0.0040939262
1.6441759e-05
1.5847742e-05
1.587956e-05
1.6483431e-05
1.6114986e-05
3.0808066e-05
1.6987067e-05
1.6500215e-05
1.6706802e-05
1.5933039e-05
0.00018826106
1.6389734e-05
1.5849966e-05
1.6500124e-05
1.5831334e-05
0.0021527461
1.6012876e-05
1.6906815e-05
1.6124891e-05
1.5821366e-05
1.6042073e-05
1.6516552e-05
0.0072168969
1.6540461e-05
1.5959358e-05
1.6485793e-05
1.7749164e-05
1.5938736e-05
3.8860532e-05
1.6865272e-05
1.6055551e-05
1.6070556e-05
1.5858347e-05
1.6129125e-05
1.5976388e-05
1.6501565e-05
1.5887611e-05
0.00046987256
1.5854574e-05
0.006726116
1.6496016e-05
1.6393644e-05
1.6067811e-05
1.672033e-05
1.93657e-05
1.5903421e-05
0.0059685764
1.5903173e-05
1.6526034e-05
0.00030323366
1.6757246e-05
1.6501695e-05
1.6518776e-05
1.597341e-05
1.6489325e-05
3.5771327e-05
1.616649e-05
1.6305906e-05
1.5844775e-05
1.6081014e-05
0.00077372615
0.0021244853
1.596602e-05
1.6557519e-05
1.6241168e-05
3.9101398e-05
1.6343189e-05
1.7721498e-05
4.6620954e-05
5.259389e-05
6.0480078e-05
1.6918956e-05
1.65068e-05
1.6552826e-05
1.6411561e-05
1.6373773e-05
1.5838545e-05
1.5888648e-05
1.6167306e-05
1.6345964e-05
1.6429944e-05
1.6122998e-05
1.6077898e-05
0.00026879446
0.0048796679
1.6537253e-05
0.0014497551
1.5914051e-05
1.64957e-05
0.0021601455
2.3407175e-05
1.6558219e-05
1.6305792e-05
1.6128547e-05
0.0024462227
1.6515875e-05
1.6154194e-05
1.6811044e-05
1.6618838e-05
1.5862301e-05
1.5852667e-05
0.0003793364
1.6040459e-05
1.7094752e-05
1.6905767e-05
1.6367792e-05
2.5065633e-05
0.0010964626
1.5835147e-05
1.6427004e-05
1.7997939e-05
1.5802486e-05
1.6536005e-05
1.5896072e-05
1.5822739e-05
1.582195e-05
1.6492688e-05
0.0019744866
1.6480509e-05
1.6065524e-05
1.5946574e-05
1.6618412e-05
0.00014321141
0.010855518
1.5975655e-05
1.5831167e-05
0.015057021
1.7651786e-05
1.5899955e-05
1.6151127e-05
1.6515643e-05
1.6272539e-05
1.6179066e-05
1.6404678e-05
1.595178e-05
1.6145676e-05
0.00019970821
1.5799312e-05
1.6440272e-05
1.6327664e-05
9.4774207e-05
1.5855596e-05
1.6091204e-05
0.0019898658
1.6505828e-05
0.0010884831
1.5871337e-05
1.6393748e-05
1.5887596e-05
0.00031944132
1.6122466e-05
0.0006766329
1.603287e-05
1.5884998e-05
1.6249058e-05
1.6021462e-05
1.5850199e-05
0.0027259397
1.6359956e-05
1.602234e-05
0.002308073
0.00054766295
1.6140497e-05
0.0012399062
0.0040469509
1.6366589e-05
1.6178129e-05
1.6311816e-05
1.6201631e-05
0.00011620238
1.6788022e-05
0.0016104325
1.584369e-05
1.6793374e-05
1.6405849e-05
1.6469095e-05
1.586056e-05
1.5889816e-05
2.1254263e-05
1.8067105e-05
1.6505508e-05
1.5872639e-05
0.00057680524
0.0018828186
1.5897611e-05
1.5895803e-05
0.0010543345
1.58265e-05
1.6497509e-05
1.5961164e-05
1.6504592e-05
1.6503568e-05
0.00083610835
1.6233718e-05
1.6795786e-05
1.6366785e-05
1.6495946e-05
0.00094098435
8.8395137e-05
0.00010962991
1.6118979e-05
1.6495612e-05
1.6433039e-05
1.6474774e-05
0.0011624034
1.6293287e-05
2.8726623e-05
0.0029382722
7.247999e-05
0.0014782562
1.599479e-05
1.6775531e-05
1.5851633e-05
1.6478222e-05
7.5886483e-06
1.5804429e-05
0.010341345
1.6358455e-05
4.1546426e-05
9.1853774e-05
1.6390739e-05
0.002501473
1.5816846e-05
1.5866226e-05
1.5892402e-05
2.0873601e-05
1.6867824e-05
0.00097636784
1.6495741e-05
1.6366358e-05
1.68991e-05
1.6524879e-05
1.599991e-05
1.6302706e-05
0.0032505773
1.6524648e-05
1.8652871e-05
3.2942979e-05
1.5916612e-05
0.00027926124
1.5808593e-05
1.9138863e-05
0.0001449125
1.6900259e-05
1.6550193e-05
1.6504408e-05
1.6136047e-05
1.6341662e-05
1.5922739e-05
1.6480863e-05
2.0367231e-05
1.620174e-05
0.00037845375
1.6488915e-05
1.5962797e-05
0.0012260149
0.0012928417
1.5963743e-05
1.6606508e-05
1.6641136e-05
1.6128011e-05
8.6800882e-05
1.6451674e-05
0.0053598625
1.5865613e-05
1.5844887e-05
0.0032251314
1.6153628e-05
1.6494534e-05
1.5818437e-05
0.0001274488
1.6543964e-05
2.0407139e-05
1.5884158e-05
1.6484003e-05
1.5802337e-05
0.00037343598
1.6403253e-05
1.587439e-05
0.00021491801
1.5965673e-05
1.6497614e-05
1.852471e-05
4.1764321e-05
0.00016659098
1.6101396e-05
0.00015884991
1.6458811e-05
0.00014858545
1.6301231e-05
0.0025055135
0.00088660122
0.00018816311
0.017433038
1.5968172e-05
1.6403462e-05
1.5898768e-05
1.6449067e-05
1.6549526e-05
1.6977725e-05
1.6540595e-05
1.9969239e-05
1.6501614e-05
0.00036036989
1.6630349e-05
1.6419884e-05
1.6081849e-05
1.5895004e-05
1.6541002e-05
1.6539845e-05
1.5882778e-05
1.5853879e-05
1.5940756e-05
0.011668063
1.6284524e-05
1.6085084e-05
2.2618663e-05
0.00014170565
1.6242135e-05
0.00011345303
1.5879615e-05
1.636731e-05
1.5880317e-05
1.6500708e-05
1.6511116e-05
0.00045763105
0.00011559359
0.00012550589
1.6525987e-05
1.5873424e-05
0.0033888824
0.00036052781
1.588844e-05
0.00073950624
1.5876058e-05
1.6145908e-05
0.00090644345
8.889411e-05
1.5830487e-05
1.8064285e-05
1.6499419e-05
1.6469244e-05
1.6457985e-05
1.640114e-05
1.6479299e-05
1.6374611e-05
1.5932256e-05
1.5798175e-05
1.6494322e-05
1.6737086e-05
1.5802137e-05
1.609123e-05
0.001970394
0.0040918325
1.6838112e-05
1.6367868e-05
3.3633014e-05
1.5816982e-05
1.6663287e-05
1.7313588e-05
0.00033059855
1.6529118e-05
1.5891479e-05
1.64363e-05
1.649438e-05
1.6481229e-05
1.6112754e-05
0.0020389125
1.6497642e-05
1.8365941e-05
1.7086778e-05
1.5933312e-05
1.6255157e-05
1.6101962e-05
1.6834073e-05
0.0052892426
1.5811268e-05
1.6381911e-05
1.5938146e-05
1.6969476e-05
0.0005624026
1.6333829e-05
1.6539496e-05
1.585221e-05
0.00024664431
1.6527938e-05
2.2397578e-05
0.00031057258
4.5326832e-05
2.2946384e-05
1.5787997e-05
7.9644708e-05
1.6460471e-05
1.5908555e-05
0.00016039845
2.2200504e-05
8.4286009e-05
1.6087731e-05
1.6514362e-05
1.5888019e-05
0.00040492659
1.5833001e-05
1.5854504e-05
1.4524185e-05
1.6581149e-05
0.0001704535
0.014867406
1.7609776e-05
1.6722281e-05
1.5883714e-05
1.6167721e-05
1.5949685e-05
5.6955246e-05
0.0018462315
1.6398222e-05
5.5686108e-05
1.6505694e-05
1.6108054e-05
0.00012293648
1.6446909e-05
1.6529913e-05
1.67413e-05
1.6440352e-05
1.7738937e-05
1.5887076e-05
0.00077539058
1.6369817e-05
1.6595372e-05
1.5959477e-05
1.5904698e-05
1.9846441e-05
1.6177635e-05
1.5968959e-05
1.5795283e-05
1.5831396e-05
0.00089874251
0.00010100409
1.6446929e-05
1.7714173e-05
1.5813775e-05
1.690132e-05
1.5891595e-05
0.001980358
1.582338e-05
1.5924788e-05
1.6181318e-05
1.6518199e-05
1.6219286e-05
0.0011681537
1.5858857e-05
1.5991484e-05
0.010097733
0.0027927018
1.7290239e-05
0.0017080562
1.6515167e-05
1.528745e-05
0.011481003
2.3764273e-05
1.6165678e-05
1.6458377e-05
0.007138372
1.7055322e-05
1.5964995e-05
2.003042e-05
1.603475e-05
1.6361139e-05
1.663866e-05
0.0027419148
1.6208103e-05
1.6403747e-05
1.7622771e-05
1.6528635e-05
1.5949698e-05
1.6322966e-05
1.6359337e-05
1.6403418e-05
1.6500614e-05
0.0088648948
0.00029272297
0.0029738355
3.8826713e-05
1.5797422e-05
0.00040464879
1.5784803e-05
1.5785133e-05
1.5783471e-05
1.5783628e-05
1.5783942e-05
1.5784972e-05
1.67387e-05
1.5794397e-05
1.6487282e-05
1.6889495e-05
1.5797642e-05
1.5990008e-05
1.6529443e-05
1.651266e-05
1.8843398e-05
1.8331798e-05
1.7484626e-05
0.00016718825
0.0001834917
1.6382913e-05
1.5959352e-05
1.7271243e-05
1.6337937e-05
1.7143904e-05
1.6313279e-05
1.6485105e-05
1.5856034e-05
1.6472099e-05
1.5833193e-05
1.6381579e-05
1.6472856e-05
1.6388764e-05
0.0033772924
1.6455203e-05
3.6876156e-05
1.6477684e-05
1.6067535e-05
1.590706e-05
3.358137e-05
1.6009558e-05
0.0011153705
1.6383124e-05
1.6601526e-05
1.7621189e-05
2.1693852e-05
1.7164474e-05
1.6216078e-05
1.6516303e-05
1.8524262e-05
1.723734e-05
1.6003542e-05
1.5897503e-05
1.5844008e-05
0.00085967828
1.6494108e-05
1.5841029e-05
1.6333924e-05
1.9483657e-05
9.8467727e-05
1.6019432e-05
1.5922219e-05
1.6520716e-05
1.6476996e-05
0.00016978465
1.6114214e-05
0.00015438548
1.6527457e-05
1.6149496e-05
1.6297563e-05
1.6162578e-05
1.5801127e-05
0.00039689723
3.6075217e-05
1.5847656e-05
1.6419564e-05
1.6060253e-05
1.5803195e-05
1.6433199e-05
1.6087072e-05
1.6133357e-05
1.637196e-05
1.6673965e-05
1.6408166e-05
1.6540122e-05
1.624013e-05
1.6138445e-05
1.6457703e-05
0.0025093847
1.6509138e-05
1.5805366e-05
1.6466267e-05
1.5790084e-05
1.604232e-05
1.7275163e-05
1.6490144e-05
1.6369471e-05
0.0011282867
1.5872092e-05
0.00014994
1.8071776e-05
1.6495509e-05
1.649879e-05
1.6390943e-05
0.0076151251
2.0351568e-05
1.7657238e-05
0.00011962708
1.6824727e-05
1.5869129e-05
1.6453553e-05
1.6613463e-05
1.6128475e-05
0.00066233267
1.6256503e-05
1.6563372e-05
1.6225311e-05
1.5880304e-05
1.7710465e-05
1.5888943e-05
1.6062449e-05
1.6455242e-05
1.6427967e-05
1.6362863e-05
1.6574472e-05
1.658306e-05
1.6472418e-05
1.6500686e-05
1.6345665e-05
1.6379055e-05
1.6519e-05
1.6152385e-05
1.6296947e-05
1.688397e-05
1.6022595e-05
1.6535743e-05
1.6415673e-05
1.6485017e-05
2.3422161e-05
0.00010037402
1.8328431e-05
1.5786969e-05
1.6024376e-05
1.6325974e-05
1.5810319e-05
1.6303481e-05
1.6152332e-05
1.641033e-05
1.6253796e-05
1.6575955e-05
0.012499706
1.6084416e-05
1.6831185e-05
1.6355732e-05
1.6642631e-05
1.5812143e-05
1.6523281e-05
0.016118529
1.6397677e-05
1.6103435e-05
1.6263609e-05
1.6495743e-05
1.6202061e-05
1.5895975e-05
1.6680881e-05
0.0077356661
1.6254693e-05
1.6137303e-05
1.5883002e-05
0.00053856078
0.000295366
1.5923626e-05
1.6526775e-05
1.6492723e-05
1.6320155e-05
1.64474e-05
1.5792464e-05
1.8575939e-05
1.7166109e-05
1.6381716e-05
1.5798071e-05
1.5845788e-05
2.7558334e-05
1.6482242e-05
1.5841924e-05
1.6475413e-05
1.5821014e-05
1.6238739e-05
1.6139624e-05
0.016692735
1.6345815e-05
2.9372937e-05
0.00093519493
1.6236827e-05
1.6731547e-05
1.5983576e-05
1.5819872e-05
1.6281664e-05
1.6357939e-05
1.6078903e-05
1.5815249e-05
1.5803475e-05
1.6435762e-05
0.00061423483
1.6666788e-05
0.00016120253
1.5839788e-05
1.6464444e-05
1.6542987e-05
0.0019789539
1.6584142e-05
1.6179631e-05
1.6361104e-05
1.6536495e-05
1.6638328e-05
1.6004609e-05
1.5957055e-05
1.6412429e-05
1.6384317e-05
1.7108315e-05
1.6368429e-05
1.5806091e-05
1.6808961e-05
4.0358253e-05
1.6715687e-05
1.6404226e-05
1.6007542e-05
1.6431526e-05
1.6447962e-05
1.7841307e-05
1.6379907e-05
1.6496604e-05
1.625205e-05
1.7064983e-05
1.6377232e-05
0.00064339529
1.7017394e-05
1.6611805e-05
1.5885683e-05
1.6026339e-05
2.2415715e-05
1.5911264e-05
1.6288166e-05
1.6793174e-05
1.63815e-05
1.6472045e-05
1.6429445e-05
2.4726694e-05
0.00088177942
1.6393313e-05
0.001920174
1.5845988e-05
1.6387091e-05
1.9261416e-05
0.0013026832
1.6123138e-05
1.637549e-05
1.6058428e-05
1.5812758e-05
1.5862308e-05
1.697674e-05
1.6539303e-05
1.6339797e-05
1.8104688e-05
1.6389516e-05
1.6151801e-05
1.5829595e-05
1.6388474e-05
1.6684905e-05
1.6368138e-05
1.5943453e-05
0.0011766208
2.0200276e-05
1.6328473e-05
1.5925525e-05
1.6244474e-05
1.654354e-05
1.6395229e-05
1.6227816e-05
0.0011712125
1.7497175e-05
1.621671e-05
0.015123472
1.5859927e-05
1.6403847e-05
0.0097887372
1.6481319e-05
1.6864494e-05
1.6488327e-05
1.7073874e-05
1.5875218e-05
1.6405198e-05
1.629683e-05
1.6541562e-05
1.6417767e-05
1.6067408e-05
1.6722509e-05
1.5849677e-05
0.00053822802
1.6361086e-05
0.0020731779
1.6153115e-05
1.6918757e-05
1.6428371e-05
1.6488806e-05
1.6210375e-05
1.6264105e-05
1.6012746e-05
1.5790744e-05
1.6330799e-05
1.6246913e-05
1.6465548e-05
1.5874331e-05
1.6321775e-05
1.605251e-05
1.6212388e-05
1.6405147e-05
0.00024030183
1.5920937e-05
1.6348075e-05
1.6433312e-05
1.6435316e-05
1.6497396e-05
0.00029945723
0.00063570022
1.6454952e-05
1.6181097e-05
1.596099e-05
1.6441542e-05
1.6210366e-05
0.00083047032
0.0069317791
1.687205e-05
1.6861421e-05
1.664328e-05
1.6449144e-05
1.6368822e-05
1.5948475e-05
1.6899486e-05
1.6254434e-05
1.6431619e-05
1.6298735e-05
2.01291e-05
1.8167302e-05
1.6448469e-05
1.6053385e-05
1.6488954e-05
0.00013592083
2.8383873e-05
1.6439047e-05
1.6481642e-05
1.5930446e-05
0.00013609657
1.7383399e-05
1.6842221e-05
1.6669574e-05
1.6064328e-05
1.6484407e-05
1.5912366e-05
1.6478855e-05
1.6677198e-05
1.6356585e-05
1.5907425e-05
1.6498234e-05
1.6447734e-05
1.6264745e-05
1.6330614e-05
1.647536e-05
1.5909758e-05
1.594788e-05
0.01561772
1.6523063e-05
1.6067663e-05
1.607893e-05
1.62294e-05
1.6404665e-05
1.645243e-05
2.1755534e-05
1.6167379e-05
3.5841096e-05
1.5791898e-05
1.641411e-05
1.6204626e-05
1.7594139e-05
1.645426e-05
1.6345029e-05
2.1739104e-05
1.627822e-05
2.0655361e-05
1.5902652e-05
1.5854312e-05
0.0046912575
1.5855848e-05
0.00043902824
1.65065e-05
1.6459423e-05
1.6179022e-05
1.5851761e-05
1.6533477e-05
1.6437842e-05
0.0040418948
1.6909171e-05
1.5834075e-05
2.0366024e-05
1.6457919e-05
0.0019392522
1.6763526e-05
1.5249013e-05
1.5836183e-05
1.5982472e-05
1.6520175e-05
1.6749204e-05
2.0230591e-05
1.6861146e-05
1.6775757e-05
1.6533121e-05
1.6235451e-05
1.6806888e-05
1.6541692e-05
1.6369838e-05
1.600067e-05
1.6369429e-05
0.01707902
1.6469422e-05
0.00040341701
1.5813752e-05
1.6466288e-05
1.6386841e-05
1.632918e-05
1.6675293e-05
1.6934538e-05
1.6272805e-05
1.6343994e-05
0.0013433869
1.6461325e-05
1.6124627e-05
0.0040911573
1.67669e-05
1.650947e-05
1.6555158e-05
1.6465462e-05
1.6357338e-05
4.2487361e-05
1.6492564e-05
0.0026748018
1.5867837e-05
0.00034511038
1.6198679e-05
1.7039515e-05
1.6543603e-05
1.6697614e-05
2.4603887e-05
1.5784449e-05
0.00083614691
1.6888846e-05
1.6105365e-05
1.6725586e-05
1.6543659e-05
1.646407e-05
1.5826194e-05
1.627085e-05
1.6023458e-05
1.7216753e-05
1.6421359e-05
1.632418e-05
0.0019212894
1.6376424e-05
2.6319333e-05
1.5848373e-05
1.5821701e-05
1.6523481e-05
1.6460582e-05
2.2606607e-05
1.7092577e-05
1.653497e-05
1.6490497e-05
3.2288839e-05
1.6555308e-05
1.9766766e-05
0.013255251
1.6739399e-05
1.921745e-05
1.6486951e-05
1.6347101e-05
1.6167816e-05
0.011474397
1.6495977e-05
1.5855618e-05
1.6154673e-05
1.6420304e-05
1.6455777e-05
1.5873726e-05
1.6484581e-05
1.6485366e-05
1.6627306e-05
0.0098339566
1.6481564e-05
1.9405764e-05
1.3471809e-05
1.6522942e-05
1.6500735e-05
1.6479456e-05
1.7357561e-05
1.6244008e-05
1.6503322e-05
1.6477587e-05
0.0010792883
1.7814407e-05
1.6564026e-05
7.9058724e-05
1.6252809e-05
1.6034954e-05
3.0832286e-05
1.5860382e-05
0.002541243
0.0027941031
1.6438975e-05
1.6360089e-05
1.6504101e-05
1.6370036e-05
1.6448608e-05
1.6376398e-05
1.6407871e-05
1.6315516e-05
1.6071095e-05
1.6363706e-05
1.637042e-05
1.686697e-05
1.6722377e-05
0.00024987361
1.5812596e-05
1.6167762e-05
1.5797443e-05
1.6074848e-05
1.5792009e-05
1.6662068e-05
1.6442664e-05
1.6448518e-05
1.6052312e-05
1.6256733e-05
1.6372605e-05
1.5861596e-05
0.01669729
1.6798788e-05
1.5840808e-05
1.6159236e-05
0.0013505352
1.6501356e-05
1.5853916e-05
1.5844386e-05
1.6436266e-05
1.5937039e-05
1.661825e-05
1.6239498e-05
1.5876495e-05
1.6492376e-05
1.649494e-05
0.0010369368
1.6510163e-05
0.013929232
1.5863684e-05
1.5828059e-05
0.0064531065
1.5923969e-05
0.0056578365
1.656894e-05
1.6432864e-05
1.7816838e-05
0.00023094182
1.6027117e-05
1.8772086e-05
1.6519961e-05
1.6367816e-05
1.6761544e-05
1.6718192e-05
1.6471508e-05
1.638934e-05
1.5975313e-05
1.6537839e-05
1.620143e-05
1.638447e-05
1.6427581e-05
1.6495168e-05
0.0084538478
1.5865577e-05
1.6428375e-05
0.0013784977
1.6528793e-05
1.6180396e-05
1.6475693e-05
0.0018800961
1.933993e-05
1.6174603e-05
1.6524038e-05
1.6495394e-05
1.6478958e-05
3.3343222e-05
1.5825927e-05
1.7200688e-05
1.6594992e-05
1.6442047e-05
1.6424365e-05
1.6434463e-05
1.5793515e-05
1.6371176e-05
1.6486627e-05
1.6777776e-05
1.6751526e-05
1.5893807e-05
1.6511414e-05
1.6468432e-05
1.6496017e-05
1.5804777e-05
1.6484723e-05
0.00039563779
1.5999908e-05
1.6095706e-05
1.5837273e-05
1.6644095e-05
1.6059246e-05
1.5808617e-05
1.6106756e-05
1.5940411e-05
1.6422045e-05
1.6939161e-05
1.6405792e-05
1.5934683e-05
1.5807664e-05
8.5067788e-05
1.6837744e-05
1.5798718e-05
1.6433996e-05
0.0025358003
1.5805586e-05
0.012811523
1.6393954e-05
1.6091375e-05
1.722276e-05
0.0028321948
1.6501636e-05
1.7569639e-05
1.6385255e-05
1.8318751e-05
1.6412247e-05
0.00087746792
1.6159892e-05
1.6101554e-05
1.6450126e-05
1.6467987e-05
1.6142948e-05
0.00032823755
1.6437562e-05
1.6392043e-05
6.2030068e-05
1.7862318e-05
0.00014254396
1.6401589e-05
1.6818077e-05
1.6186421e-05
1.6236657e-05
1.6252574e-05
0.015550816
1.5855982e-05
1.649875e-05
4.6118193e-05
1.6519832e-05
1.63168e-05
0.00012397837
1.7200576e-05
1.5851102e-05
1.6273859e-05
1.6377367e-05
1.6057999e-05
1.6395585e-05
1.6925558e-05
1.5870089e-05
1.676119e-05
1.6661282e-05
1.5924608e-05
1.6862073e-05
1.6477545e-05
1.6886242e-05
1.5962471e-05
1.8047338e-05
1.5823848e-05
1.6103818e-05
1.6609418e-05
1.6292409e-05
1.6083057e-05
1.6553483e-05
1.7102356e-05
1.7750148e-05
1.6388522e-05
1.6661465e-05
1.6044224e-05
1.620775e-05
1.4607974e-05
5.8670254e-05
1.5837877e-05
1.6876031e-05
1.6285054e-05
1.6140957e-05
1.6228642e-05
1.6373006e-05
1.6207913e-05
0.0055442126
1.6534117e-05
0.0019730303
1.6153803e-05
1.6047928e-05
0.00010894667
1.5896216e-05
1.6224319e-05
1.6109011e-05
1.6010799e-05
1.6509565e-05
1.6119414e-05
1.6599345e-05
1.6491344e-05
1.6370768e-05
0.00043827223
1.5909416e-05
1.6928648e-05
1.6406337e-05
1.6174765e-05
1.6422245e-05
0.012942873
1.6054605e-05
1.6141272e-05
1.6381319e-05
1.6425862e-05
0.0020009552
1.7328157e-05
1.6307607e-05
1.6523449e-05
1.6491331e-05
1.5922187e-05
1.6527583e-05
1.5930884e-05
1.6250034e-05
1.5910484e-05
1.6455697e-05
1.6086681e-05
1.5845998e-05
1.5798841e-05
1.646751e-05
1.6524155e-05
1.6356241e-05
3.4160838e-05
1.6442005e-05
1.635769e-05
1.6514832e-05
1.6636186e-05
1.5985087e-05
1.5138143e-05
1.5943976e-05
1.6237403e-05
1.5903339e-05
1.6185837e-05
1.6473458e-05
1.6522321e-05
1.6016328e-05
1.6038829e-05
1.6527207e-05
1.5815365e-05
0.0020170491
1.6593599e-05
0.00090400868
1.5850274e-05
1.6058121e-05
1.589435e-05
1.50997e-05
1.5854525e-05
1.5831549e-05
1.6108846e-05
1.6517427e-05
1.5807718e-05
1.6405792e-05
1.6195626e-05
1.5806716e-05
1.6516775e-05
0.014855219
1.630981e-05
1.5944015e-05
1.6252372e-05
0.00082565018
1.6525021e-05
1.6496725e-05
1.6119868e-05
1.6106758e-05
1.5832837e-05
1.6170333e-05
1.5913336e-05
0.0021284852
1.6739579e-05
1.5826018e-05
1.6347601e-05
1.6203251e-05
1.5886132e-05
1.6478041e-05
1.6553774e-05
1.6959456e-05
1.6512293e-05
1.6364746e-05
1.5827753e-05
1.6442918e-05
1.6925075e-05
1.5799314e-05
1.6179218e-05
1.6590527e-05
1.6200466e-05
1.6731494e-05
1.6487565e-05
0.0008635733
1.6906708e-05
1.6515424e-05
1.8144475e-05
1.6887866e-05
1.5935828e-05
1.5959846e-05
1.5978642e-05
1.6523698e-05
1.6495083e-05
1.6318313e-05
1.6178199e-05
1.6526945e-05
1.6001887e-05
1.6519724e-05
1.6116525e-05
1.6518547e-05
1.6856859e-05
1.6507107e-05
1.7072625e-05
1.5790169e-05
6.0950294e-05
1.6509447e-05
1.5855206e-05
4.3322832e-05
0.0012089998
1.8213451e-05
1.5851459e-05
1.5910329e-05
1.6864423e-05
1.6047691e-05
1.6330004e-05
7.0833736e-05
1.5853073e-05
4.2281344e-05
1.6618009e-05
0.0097241848
1.6100279e-05
1.6126956e-05
1.6170817e-05
4.3116289e-05
0.00018017152
0.0001299499
1.649364e-05
1.5907252e-05
1.5794468e-05
1.6531492e-05
0.0015870215
1.6468283e-05
1.6496112e-05
2.1796148e-05
1.5798312e-05
1.5846445e-05
1.6462647e-05
1.6056878e-05
0.00018626743
1.6539628e-05
1.623395e-05
0.00058436079
1.6386192e-05
1.691101e-05
1.5825393e-05
0.00054885778
1.5882489e-05
0.0031214683
0.00033046063
1.5959279e-05
1.6107545e-05
1.6522686e-05
1.6448268e-05
1.6439805e-05
1.5992307e-05
0.00029360473
5.8554919e-05
1.6496474e-05
1.6037839e-05
1.6640249e-05
1.5785532e-05
1.5784283e-05
1.5787821e-05
1.5784893e-05
1.5787366e-05
1.5783919e-05
1.5787061e-05
1.5785163e-05
1.5784219e-05
1.5784568e-05
1.6518845e-05
1.6411613e-05
1.5997374e-05
1.6527154e-05
1.6186801e-05
1.6758452e-05
1.5882044e-05
1.5818119e-05
1.6481485e-05
1.6523565e-05
1.6340651e-05
1.648183e-05
1.5898482e-05
1.6378861e-05
1.6256278e-05
1.6466781e-05
1.5878786e-05
1.6152619e-05
1.6530078e-05
1.6398834e-05
1.6115238e-05
1.6525423e-05
0.00014732777
1.6489752e-05
1.7032562e-05
0.00040851344
2.8743728e-05
1.6468354e-05
1.67025e-05
1.6641218e-05
0.00023148813
1.6819897e-05
1.6230626e-05
0.016072911
1.580313e-05
3.5395989e-05
1.6123282e-05
1.6131754e-05
1.6444255e-05
1.7190902e-05
2.0607654e-05
0.00014560079
1.7144502e-05
1.6479505e-05
1.6225856e-05
1.6086878e-05
1.5804965e-05
1.6439778e-05
1.5938949e-05
1.6030092e-05
1.7762174e-05
1.6901334e-05
0.0011170202
1.6813575e-05
1.6021642e-05
1.584774e-05
1.5815413e-05
1.7078463e-05
6.6145576e-05
1.5845134e-05
0.0048968667
0.00019761337
1.6503531e-05
1.6699395e-05
1.5839341e-05
0.00062561537
5.3120346e-05
1.6068867e-05
1.6323839e-05
1.6585738e-05
1.5789056e-05
1.6476858e-05
1.6489856e-05
0.00034480384
1.64817e-05
1.6598812e-05
1.5889862e-05
1.5923965e-05
1.7045192e-05
1.5940863e-05
1.6249765e-05
0.0031990689
1.5865473e-05
1.6041294e-05
7.8837299e-05
1.6533948e-05
0.00025864663
0.0062579803
1.6182227e-05
0.0032228304
1.6020909e-05
1.6442756e-05
1.6596165e-05
0.0028053952
1.5906343e-05
1.8071556e-05
1.6293948e-05
1.636736e-05
1.6489392e-05
1.6490115e-05
1.579743e-05
1.5878599e-05
4.1791518e-05
1.6549113e-05
1.6161429e-05
0.015308567
1.6227284e-05
1.6500229e-05
0.00023299058
1.5844938e-05
1.6134309e-05
2.2742932e-05
1.6451109e-05
1.5846756e-05
0.0095484148
1.6200506e-05
1.6381428e-05
1.6529676e-05
0.0010817986
1.588553e-05
1.6130243e-05
1.5880422e-05
0.00050552405
1.6502136e-05
1.5821892e-05
1.6050455e-05
1.6547886e-05
1.6546941e-05
1.6003315e-05
1.5823414e-05
1.6130764e-05
1.6010291e-05
1.621869e-05
1.686078e-05
1.614707e-05
0.013857195
1.6458962e-05
3.2301861e-05
1.6101488e-05
0.011436105
1.5806675e-05
0.00045911954
1.4586796e-05
1.6084313e-05
0.0028248064
1.5870992e-05
1.5818235e-05
1.6519961e-05
1.6019597e-05
1.5830341e-05
0.00071862112
2.4086349e-05
1.6213355e-05
1.6121638e-05
1.6653824e-05
1.6276908e-05
1.6913918e-05
1.7223926e-05
1.5906653e-05
1.6524524e-05
0.000183694
1.7165011e-05
1.6242847e-05
1.5831279e-05
1.6148725e-05
1.644066e-05
2.0604729e-05
1.5805791e-05
1.5853386e-05
0.00013294452
1.5820612e-05
1.6223499e-05
1.5994419e-05
0.0031781977
1.6548062e-05
1.6427522e-05
5.737049e-05
1.5847826e-05
1.5911052e-05
1.5835832e-05
1.6566506e-05
1.5881806e-05
1.592109e-05
1.6368037e-05
1.5890905e-05
1.5847401e-05
1.5893453e-05
1.5906766e-05
4.3267412e-05
0.0017278969
1.6108578e-05
1.7414256e-05
1.6006765e-05
9.3962759e-05
1.9958365e-05
1.6567944e-05
1.5921944e-05
1.6149481e-05
1.6524731e-05
2.3423687e-05
1.6480385e-05
1.578805e-05
1.6105112e-05
1.6234473e-05
1.642861e-05
1.60262e-05
1.5847603e-05
1.5873911e-05
1.6313475e-05
1.7891361e-05
0.00066924459
1.5785232e-05
1.5843669e-05
1.6264321e-05
1.6058932e-05
1.6091219e-05
1.6237553e-05
1.6070231e-05
0.00019349435
1.6635352e-05
1.6535277e-05
1.5804075e-05
1.6524398e-05
1.6191166e-05
1.7301962e-05
1.609848e-05
1.6597503e-05
1.9247999e-05
1.5821236e-05
1.5964623e-05
1.6212464e-05
1.7299266e-05
0.0013842257
0.0099910378
1.6431528e-05
0.00017322379
1.6320502e-05
1.6831845e-05
1.6217846e-05
1.6053644e-05
0.001243732
1.6159095e-05
1.9110481e-05
1.6858593e-05
1.646889e-05
1.6994102e-05
1.6790607e-05
1.6887997e-05
1.5812835e-05
1.6220586e-05
1.6912891e-05
1.5846765e-05
1.6780549e-05
1.6264789e-05
4.0778909e-05
1.6325044e-05
1.647132e-05
1.5803437e-05
0.00014329583
1.644468e-05
1.5796472e-05
1.6576072e-05
1.5820753e-05
1.6536759e-05
1.6466432e-05
1.6713314e-05
1.5972013e-05
1.6383641e-05
1.5850508e-05
1.6380274e-05
1.62259e-05
1.6344009e-05
1.6691452e-05
0.00052732121
0.00049108196
1.614005e-05
1.58451e-05
0.0028625947
1.6520083e-05
1.6745176e-05
1.6492592e-05
1.6820702e-05
1.6088003e-05
1.6390963e-05
1.5998583e-05
1.6702376e-05
1.5811338e-05
1.6540577e-05
0.0023533532
1.6432454e-05
1.6641031e-05
1.6700112e-05
1.7459309e-05
1.6822624e-05
1.6551557e-05
0.00014617075
1.6523368e-05
1.5824507e-05
1.6469233e-05
0.00069003573
1.6218274e-05
1.5956229e-05
1.6431634e-05
1.6280715e-05
0.0012588821
3.8564603e-05
1.6463688e-05
1.5872493e-05
1.6214404e-05
1.638424e-05
1.6071819e-05
0.00084146738
1.6372781e-05
0.0017702413
0.0017817265
1.6008623e-05
1.5809745e-05
1.6504317e-05
1.5965191e-05
1.6349181e-05
1.6150003e-05
1.5883689e-05
1.6681844e-05
1.6841531e-05
1.6594891e-05
1.6075836e-05
0.00028646301
1.5808281e-05
1.5892095e-05
1.607511e-05
1.5820621e-05
1.6518655e-05
1.5848211e-05
1.6369038e-05
1.6464968e-05
1.6157833e-05
1.594807e-05
1.581093e-05
0.0042130506
1.5841606e-05
1.6485705e-05
1.6406408e-05
1.6068035e-05
1.5851626e-05
1.6573902e-05
2.4937771e-05
1.5855765e-05
1.6515258e-05
0.0013840628
1.6119235e-05
1.5798231e-05
1.5824211e-05
0.0018989668
0.0019150435
1.6491286e-05
1.6430705e-05
1.5840127e-05
1.5947688e-05
1.609006e-05
1.5841258e-05
0.0022244126
1.643013e-05
1.5992596e-05
1.6360384e-05
1.5847038e-05
1.6432764e-05
1.6500608e-05
1.6330454e-05
1.6237019e-05
1.6137222e-05
1.692804e-05
1.5897456e-05
0.010354322
1.6371235e-05
0.0020181187
0.0021311018
1.6697131e-05
1.5907336e-05
1.5881582e-05
0.00058090678
1.5869222e-05
1.6521056e-05
1.6463877e-05
1.6488625e-05
1.6453984e-05
8.0056868e-05
1.6069172e-05
1.6327994e-05
1.6475539e-05
1.563037e-05
1.5949807e-05
1.6491188e-05
1.7019158e-05
1.59865e-05
1.5966115e-05
1.5845496e-05
1.6498286e-05
1.6141492e-05
1.6488746e-05
1.6058426e-05
1.6132227e-05
1.7048282e-05
0.0057638147
1.6455366e-05
1.6493003e-05
1.6816542e-05
1.6420194e-05
1.5850769e-05
0.00032823324
1.5808874e-05
1.6294446e-05
1.7350397e-05
1.7460445e-05
1.581555e-05
1.6382353e-05
1.6529353e-05
1.608347e-05
0.0018840333
1.6503765e-05
1.6381635e-05
1.6436661e-05
1.6342688e-05
1.5923727e-05
1.6005873e-05
1.5789231e-05
1.5792852e-05
1.6029373e-05
1.5830077e-05
0.00053075868
1.592523e-05
1.5889366e-05
1.6432147e-05
2.9516425e-05
1.5818187e-05
1.6382797e-05
0.0016683843
1.6494071e-05
1.6533485e-05
1.6540429e-05
1.6193856e-05
1.6367425e-05
1.6405786e-05
1.6340596e-05
2.2923281e-05
1.5998227e-05
9.015443e-05
1.6736298e-05
1.5938647e-05
1.5841943e-05
2.5148404e-05
0.0044297361
1.5823276e-05
1.6055434e-05
0.005872608
1.6408595e-05
0.00095612249
1.5882811e-05
1.5860981e-05
1.6122793e-05
0.0070654376
0.0040881352
1.6651834e-05
1.6995204e-05
1.6634786e-05
0.0053663964
1.5843011e-05
1.6012759e-05
0.00015612125
3.6042435e-05
1.7877817e-05
1.6029629e-05
0.0014218801
1.6126196e-05
1.64924e-05
1.6578549e-05
1.613948e-05
0.00053456365
1.650603e-05
1.5876044e-05
1.5932876e-05
0.00039153291
0.010357534
1.6432657e-05
1.6476918e-05
1.6511504e-05
2.9548749e-05
1.5867054e-05
1.5909214e-05
0.00030704172
1.5861146e-05
0.00084806592
1.6074502e-05
0.0027987023
1.636301e-05
1.6053478e-05
0.010737942
1.6349354e-05
1.6496913e-05
1.6169843e-05
0.00064096302
1.5799299e-05
1.6499126e-05
1.6396591e-05
1.5897808e-05
1.6234762e-05
1.6298617e-05
0.011064893
1.648742e-05
1.6299917e-05
1.5962526e-05
1.6141471e-05
1.6500309e-05
0.011320663
0.00091378017
1.6242852e-05
1.6229742e-05
1.7580042e-05
5.5630339e-05
1.6004066e-05
1.6404804e-05
1.6312799e-05
1.6362333e-05
1.5980996e-05
1.6071305e-05
0.0028693402
1.642212e-05
0.00043640974
1.664282e-05
1.5915295e-05
1.588738e-05
0.001220752
1.6057628e-05
1.602359e-05
2.2953672e-05
1.6096873e-05
1.5843087e-05
0.0045819661
1.6152593e-05
1.6032655e-05
0.0060106821
1.6179433e-05
1.6014685e-05
0.00068604699
1.6002602e-05
1.6389127e-05
1.5991864e-05
1.583625e-05
1.6218153e-05
1.6058681e-05
1.6491443e-05
0.0037265576
1.6404801e-05
1.6042862e-05
1.6043887e-05
1.5927683e-05
1.5835267e-05
1.5986067e-05
1.583848e-05
0.00011030397
1.6366733e-05
0.013824739
1.6499868e-05
1.6166514e-05
1.6409645e-05
1.6398428e-05
1.6197129e-05
1.6022425e-05
1.6007492e-05
1.5997197e-05
1.6701196e-05
1.5888252e-05
1.6405388e-05
0.00056932638
1.58522e-05
1.5913901e-05
1.6433335e-05
1.5840633e-05
1.6463089e-05
2.3406911e-05
1.6402539e-05
1.5942011e-05
1.6161079e-05
1.6405313e-05
1.6241152e-05
4.1267862e-05
1.5835546e-05
0.010580765
1.5853563e-05
1.5995629e-05
0.0016753542
1.6488391e-05
1.6309516e-05
1.6457561e-05
1.6541904e-05
1.6479817e-05
1.638976e-05
0.0013760433
0.00023557448
1.6497409e-05
1.6435218e-05
1.5901492e-05
1.6498078e-05
1.6927208e-05
0.00054397225
1.6362687e-05
4.6948814e-05
1.6196145e-05
1.6781203e-05
1.6429728e-05
1.6503605e-05
1.5978306e-05
1.6057263e-05
1.6374072e-05
1.6330367e-05
1.6042412e-05
2.2707995e-05
1.623143e-05
1.6434319e-05
0.0001444107
1.6124713e-05
1.5889532e-05
1.6012004e-05
1.5879071e-05
1.6128467e-05
1.6365619e-05
1.6029129e-05
0.010543934
0.0096198731
2.0894993e-05
1.6006791e-05
1.5877602e-05
0.010614744
1.5819525e-05
0.00036556148
1.6510393e-05
1.6161283e-05
1.5896268e-05
1.6223309e-05
0.010147046
4.1278633e-05
1.5864303e-05
1.6502261e-05
1.5870707e-05
1.7258587e-05
1.6264081e-05
0.0027632176
0.0098172058
1.6113042e-05
1.6454845e-05
1.632958e-05
1.6050765e-05
1.64911e-05
1.6423401e-05
1.6075086e-05
1.5805051e-05
1.657879e-05
0.00017167592
1.6377079e-05
1.6150239e-05
0.00049418075
1.5927734e-05
0.0042447661
1.6303998e-05
1.6161244e-05
1.8472404e-05
1.6185958e-05
1.6120364e-05
1.6478929e-05
1.5819262e-05
1.6348134e-05
1.6654643e-05
1.5971136e-05
1.5919387e-05
0.0010548761
1.6529e-05
1.5847782e-05
1.588866e-05
0.0053420127
1.5897832e-05
1.6738512e-05
1.6866173e-05
1.683505e-05
1.6506516e-05
1.6819096e-05
1.7673938e-05
0.00026902711
0.0013584529
1.6042805e-05
0.0011554912
1.6571079e-05
1.6458753e-05
1.5999885e-05
1.5958059e-05
1.5923985e-05
0.0036515954
1.6285922e-05
2.1569882e-05
1.6505408e-05
1.613805e-05
1.7308209e-05
1.6458401e-05
1.592023e-05
1.5979062e-05
1.5950512e-05
1.6422704e-05
1.6222695e-05
1.5861344e-05
1.5946099e-05
1.5799654e-05
1.6233583e-05
1.5851462e-05
1.5883605e-05
0.00016829133
1.6432524e-05
0.0024508476
1.6395713e-05
1.6503306e-05
1.6454339e-05
1.580613e-05
0.0017986718
0.0016118626
7.3713051e-05
9.2425326e-05
1.5895097e-05
1.6431055e-05
1.6131831e-05
1.5841273e-05
1.6117525e-05
1.581652e-05
1.643396e-05
1.5891959e-05
1.6440535e-05
1.658562e-05
1.6457573e-05
1.6379782e-05
1.5835508e-05
1.5803126e-05
2.5486758e-05
1.6050298e-05
1.6874561e-05
8.3903941e-05
1.6326027e-05
1.6732097e-05
1.6303239e-05
1.6102161e-05
1.6143873e-05
1.5906683e-05
1.5918295e-05
1.6019746e-05
1.8321691e-05
1.6477043e-05
0.00029106797
1.640066e-05
1.6438598e-05
1.8799725e-05
1.5817819e-05
1.6607336e-05
1.5801104e-05
1.6235223e-05
1.6383114e-05
1.6607511e-05
1.5852474e-05
5.5251677e-05
1.6102306e-05
1.6399978e-05
0.00016690468
1.5948081e-05
1.7770256e-05
1.6155432e-05
1.6378479e-05
0.00010800177
1.6294232e-05
0.00027458886
1.6494609e-05
1.6256388e-05
0.0091757516
1.5871568e-05
1.6524529e-05
1.6483533e-05
7.9854888e-05
1.5799806e-05
0.00016943063
1.6283774e-05
1.5924738e-05
1.5951464e-05
1.6819201e-05
1.6233201e-05
1.6608121e-05
1.6289612e-05
1.6414842e-05
1.6452068e-05
1.6404332e-05
1.6790963e-05
1.650466e-05
8.5038029e-05
0.00068931005
1.6470844e-05
1.6083555e-05
1.6493155e-05
2.958177e-05
1.5811398e-05
1.5855987e-05
1.587989e-05
0.00060483978
1.6514602e-05
1.6295655e-05
1.6788036e-05
1.653335e-05
2.4234937e-05
1.6511831e-05
1.5848595e-05
1.5802393e-05
1.6306464e-05
1.6433586e-05
0.0013815978
1.6128653e-05
0.00015564015
1.6688389e-05
1.5812413e-05
0.00021486588
1.5921204e-05
1.5813096e-05
0.0014263279
0.0093640214
1.5893817e-05
1.5824675e-05
3.168128e-05
1.5981403e-05
0.00052172507
4.3252568e-05
1.594783e-05
0.00020381421
1.578868e-05
3.8497113e-05
1.7425148e-05
1.76328e-05
0.003390116
1.5816177e-05
1.5839269e-05
1.5845594e-05
1.7527897e-05
1.6510656e-05
1.6622685e-05
1.6325007e-05
1.5806593e-05
1.583927e-05
1.7110206e-05
1.5859687e-05
1.6267449e-05
4.8385271e-05
1.5984311e-05
1.6211269e-05
1.8178192e-05
1.6368791e-05
0.00012298755
0.00010962141
1.5817724e-05
1.6344463e-05
1.9758026e-05
1.6489266e-05
2.3784942e-05
1.6429209e-05
1.6493295e-05
1.6428382e-05
1.6542598e-05
1.630192e-05
0.0011167843
1.8525815e-05
0.00032531342
0.0020189008
1.6620329e-05
1.6146581e-05
1.6176599e-05
1.6234047e-05
1.6320131e-05
1.6830416e-05
1.5895398e-05
0.011367971
1.6358453e-05
1.6261319e-05
1.5801979e-05
0.00039574347
1.5961199e-05
1.6575322e-05
1.7319265e-05
0.00015837986
2.4029989e-05
1.6404839e-05
0.00025868988
1.6671595e-05
1.6440002e-05
1.5874212e-05
0.0019019298
1.6092096e-05
1.650213e-05
1.6217714e-05
0.015750343
1.6341243e-05
2.3339882e-05
1.5875972e-05
1.6504379e-05
2.3287878e-05
1.6255984e-05
1.7069259e-05
1.6266976e-05
1.8288847e-05
1.6500504e-05
1.6761896e-05
1.6067665e-05
1.66248e-05
1.6123456e-05
1.5917551e-05
1.6343578e-05
1.6211966e-05
0.00033048533
1.6148582e-05
1.6504458e-05
0.00064512893
1.6091897e-05
1.6373221e-05
1.8419121e-05
1.6104174e-05
1.6535816e-05
1.8394983e-05
1.5974238e-05
1.6405268e-05
1.645762e-05
0.00064433975
1.5981592e-05
2.7260704e-05
7.1309114e-05
0.0040190329
1.6225984e-05
0.00014573655
1.6072476e-05
1.5872322e-05
1.6227325e-05
1.6105863e-05
0.0091761293
1.9009626e-05
1.5935337e-05
0.014944891
1.6496897e-05
1.6619892e-05
1.5981525e-05
1.5907872e-05
1.6514179e-05
1.585239e-05
0.0047096022
1.6534967e-05
1.6480263e-05
1.583449e-05
1.6465126e-05
1.641663e-05
1.6445085e-05
1.5834937e-05
1.591279e-05
1.6500719e-05
0.015674456
1.5854141e-05
1.5923799e-05
1.6061456e-05
0.00024902911
1.6058028e-05
1.5809585e-05
1.6034475e-05
1.6465389e-05
1.653702e-05
1.6518403e-05
1.6208723e-05
1.6399263e-05
1.6316466e-05
1.6174441e-05
1.6453884e-05
0.00035492457
1.6367896e-05
1.6574245e-05
1.6770627e-05
1.6319875e-05
1.6097592e-05
1.9704744e-05
1.6321843e-05
1.6700989e-05
1.7906181e-05
0.00011647105
1.6574812e-05
0.0012010855
1.6626289e-05
1.6078305e-05
1.6261947e-05
1.6171386e-05
1.6560259e-05
0.014878091
1.64374e-05
0.010230878
0.0049270605
1.6519207e-05
1.6316436e-05
1.6171736e-05
1.586039e-05
0.00042097967
1.5836434e-05
1.583261e-05
1.6152267e-05
1.6540901e-05
1.6532905e-05
1.5843995e-05
1.582935e-05
0.00039371844
1.6056919e-05
1.5859474e-05
1.6519062e-05
1.5952491e-05
1.6178149e-05
0.00014482597
7.7020642e-05
1.6375926e-05
1.5919608e-05
1.5845467e-05
1.6256567e-05
0.00029466594
1.6433286e-05
0.0020836694
1.584574e-05
1.6367458e-05
1.6496319e-05
1.5818576e-05
1.599389e-05
1.64852e-05
1.7166259e-05
1.62343e-05
1.6134686e-05
0.00082306356
1.6161964e-05
0.0013331193
1.6058609e-05
0.0014152882
1.6433288e-05
1.6054808e-05
0.0040061437
1.6564376e-05
1.6491517e-05
1.5820336e-05
1.6645034e-05
0.0003356275
1.6854838e-05
1.5903717e-05
1.6358338e-05
1.5865809e-05
8.5566832e-05
0.0015401588
6.3300922e-05
1.6521955e-05
1.6367504e-05
1.6412671e-05
1.6003773e-05
1.5998683e-05
0.016320811
5.9558208e-05
1.6478439e-05
1.6370243e-05
5.3405411e-05
1.6548035e-05
1.621537e-05
1.6454929e-05
0.0031966867
0.0020714615
1.6364459e-05
1.6314159e-05
1.6415118e-05
6.1035369e-05
1.5913449e-05
1.5842269e-05
6.0847253e-05
1.7032273e-05
0.000964183
1.5120498e-05
0.00058589997
0.0008352959
1.6765915e-05
0.0037290882
0.0002932442
0.0018188656
1.6426706e-05
1.6574846e-05
1.592602e-05
1.6729631e-05
1.6418763e-05
1.5815508e-05
1.6376823e-05
0.0019525586
1.6016227e-05
0.0014763172
1.5814901e-05
1.5933446e-05
2.1623676e-05
1.6505643e-05
1.6731224e-05
0.00053137926
1.6425264e-05
1.5902787e-05
1.6493879e-05
1.6359946e-05
0.0054893224
9.3153211e-05
1.5788967e-05
0.0033087776
1.6248247e-05
0.0032835108
1.6730568e-05
1.611022e-05
3.5636745e-05
1.6048523e-05
1.824677e-05
0.0029050911
1.5803462e-05
1.6422585e-05
0.0051467537
1.5860241e-05
1.5823849e-05
1.6583974e-05
1.6893122e-05
1.622673e-05
1.5861235e-05
1.5792453e-05
1.6130598e-05
0.00053554422
1.6191224e-05
1.6502452e-05
1.64988e-05
1.6387327e-05
1.6429151e-05
1.6578886e-05
1.7706865e-05
0.0022477102
1.6297933e-05
1.5821576e-05
1.6188547e-05
0.0050875216
0.0012496493
1.6303763e-05
1.6874574e-05
1.6342876e-05
1.8095188e-05
1.6482949e-05
1.6290444e-05
1.6483641e-05
0.00035038006
1.6507405e-05
0.0060902528
1.6491321e-05
1.7652511e-05
1.6588076e-05
1.5831945e-05
1.9064894e-05
1.8483222e-05
1.6580004e-05
1.5812877e-05
1.6609607e-05
1.6092118e-05
1.6365567e-05
1.6975555e-05
1.6351127e-05
0.00075186747
1.765225e-05
1.6168375e-05
1.6584319e-05
1.6562355e-05
1.6331368e-05
1.79048e-05
1.692772e-05
1.5947403e-05
0.00032063544
0.002994119
0.0020220182
1.6140434e-05
1.5808534e-05
0.0022598538
1.5910687e-05
5.6828918e-05
0.016658326
1.6496486e-05
1.6511974e-05
0.00021361595
1.5847906e-05
1.6475098e-05
0.0051680691
1.6528745e-05
1.640043e-05
0.0010872564
1.5787637e-05
1.7550151e-05
1.6427616e-05
1.7091528e-05
1.676002e-05
1.5878875e-05
1.6546722e-05
0.00014558273
1.5926798e-05
1.6365259e-05
1.5808095e-05
1.5826738e-05
1.5808672e-05
1.6302619e-05
8.4985758e-05
0.0019085949
0.0033712182
1.6113118e-05
1.5790456e-05
1.6330521e-05
1.5837626e-05
1.5968046e-05
0.0022856971
1.652402e-05
1.6204982e-05
1.6303858e-05
1.6618861e-05
1.6495931e-05
1.6139496e-05
0.010928932
1.6557784e-05
1.6680633e-05
1.5887926e-05
0.0012649663
1.6354031e-05
1.594162e-05
1.6527055e-05
1.6141435e-05
1.6621359e-05
1.5869928e-05
1.6436027e-05
1.5848381e-05
1.5821656e-05
1.6408469e-05
1.7879828e-05
1.6482358e-05
1.6811975e-05
1.5821386e-05
1.646878e-05
1.7061517e-05
1.5819906e-05
1.6416703e-05
1.5967868e-05
1.6374942e-05
1.5824347e-05
1.6284868e-05
1.5912315e-05
1.7588207e-05
1.6398934e-05
1.6486371e-05
1.5902747e-05
1.6203991e-05
1.6147888e-05
1.6267101e-05
5.1784095e-05
0.00011890238
1.5920775e-05
1.5845569e-05
1.6499092e-05
0.00034468681
1.7645609e-05
1.6154827e-05
1.5802065e-05
0.0037834167
1.6359194e-05
1.6499192e-05
1.6421661e-05
1.6528844e-05
1.638953e-05
1.644367e-05
1.5824432e-05
1.6513304e-05
1.6298233e-05
1.5785921e-05
0.0024919977
1.6779969e-05
1.6198422e-05
7.3339395e-06
1.586636e-05
0.0046299405
1.6208561e-05
1.6391736e-05
1.6556061e-05
1.7066351e-05
1.6620072e-05
0.0001326301
1.6547053e-05
1.6214044e-05
4.7888436e-05
1.6170627e-05
1.6501084e-05
1.6525236e-05
1.5876442e-05
1.6479514e-05
1.5985549e-05
1.637371e-05
0.0044926024
1.9362045e-05
1.6501555e-05
1.6545576e-05
0.0030544754
1.5796852e-05
1.5963098e-05
1.6158948e-05
0.0025897819
1.6196905e-05
1.5796929e-05
1.5893833e-05
1.6495418e-05
1.603233e-05
1.6502513e-05
1.5895626e-05
0.0029278802
1.6481168e-05
1.6204667e-05
0.001199344
1.9385149e-05
1.6300504e-05
2.2716665e-05
0.00085887584
0.0055168743
0.0072960479
1.6086029e-05
1.6422539e-05
1.6298709e-05
0.0025535629
4.032628e-05
1.8524298e-05
1.689949e-05
1.5795977e-05
1.7001131e-05
1.648325e-05
1.6140468e-05
1.614604e-05
0.00013627484
1.6516927e-05
1.5831456e-05
1.6509768e-05
1.6246732e-05
1.6173078e-05
1.5870084e-05
8.6096731e-05
0.010235832
1.6494858e-05
0.0021174605
1.5943423e-05
1.5170235e-05
1.6176025e-05
0.014139948
1.5951938e-05
0.0032002533
1.654536e-05
1.7206803e-05
1.6467876e-05
1.6046795e-05
1.613611e-05
1.5864853e-05
0.0017991392
1.5841052e-05
8.4486697e-05
1.6103639e-05
0.00046235951
1.6354398e-05
1.5825514e-05
1.637727e-05
1.6368453e-05
1.8615588e-05
1.8619383e-05
0.0001817495
1.6278302e-05
1.6072303e-05
4.244842e-05
1.5810925e-05
1.6413679e-05
1.6432684e-05
1.6078648e-05
1.5836414e-05
1.649473e-05
1.6480548e-05
1.7971949e-05
2.6060051e-05
1.9930539e-05
2.1629161e-05
3.2008021e-05
2.2921452e-05
1.89528e-05
1.5969133e-05
1.6957589e-05
1.6081531e-05
2.4024564e-05
1.7000836e-05
1.6193879e-05
1.9346139e-05
1.5786535e-05
1.6551877e-05
0.0086688881
1.6756629e-05
1.5807147e-05
1.6429023e-05
1.5790679e-05
1.6340317e-05
1.6426464e-05
1.5910881e-05
1.5785859e-05
6.3585365e-05
0.00047653871
1.5831522e-05
1.6335168e-05
1.5815286e-05
5.1720965e-05
1.649719e-05
1.6547187e-05
1.5987298e-05
1.6487966e-05
1.5970881e-05
1.0279896e-05
1.7437697e-05
0.00077720134
1.6410381e-05
0.00052450459
0.00087668874
1.6478091e-05
1.6653422e-05
0.0026745593
0.0044417708
1.6389314e-05
0.0031172498
1.6471399e-05
1.7364452e-05
1.6545766e-05
0.0010076193
1.5863852e-05
1.6493059e-05
6.2405352e-05
0.00041080343
1.586184e-05
1.6565163e-05
1.5794675e-05
1.6290178e-05
1.5812599e-05
1.6606299e-05
1.6742296e-05
1.6980269e-05
5.7968429e-05
0.0044959467
0.00013343328
1.6413679e-05
1.6011246e-05
1.5947174e-05
1.7049695e-05
1.6639367e-05
1.6498096e-05
1.6356071e-05
1.6595048e-05
0.0019861656
0.001341177
1.6132246e-05
1.7033965e-05
0.0014622101
1.6771428e-05
0.0027173954
1.666856e-05
1.6810142e-05
1.58222e-05
1.6057624e-05
1.6081427e-05
1.6102103e-05
1.6979589e-05
1.6261429e-05
0.00022470303
1.6383119e-05
0.0039301674
1.5825532e-05
0.00038611009
1.593506e-05
1.6853305e-05
1.5866455e-05
1.622262e-05
1.6416543e-05
0.0031104678
1.674105e-05
1.6407732e-05
1.6288033e-05
0.0033040624
0.0015876246
0.0027434808
0.010948817
0.00015567245
0.00033541558
1.5937664e-05
1.6169011e-05
0.0024331113
1.6074857e-05
1.6153502e-05
1.6250194e-05
1.858194e-05
2.5864978e-05
0.0020051467
1.6389908e-05
1.6452233e-05
1.6480641e-05
0.0014451036
1.6106516e-05
1.6377114e-05
0.0013317225
1.6495315e-05
1.5848998e-05
1.6215531e-05
1.6818045e-05
1.6505212e-05
1.6041897e-05
1.6502862e-05
0.00042227467
3.7122666e-05
1.6502514e-05
1.5823747e-05
1.7796386e-05
1.5886374e-05
1.6173913e-05
1.5832768e-05
1.6504506e-05
0.0020709676
1.5837765e-05
1.8962323e-05
1.6509962e-05
0.0029351659
0.001254
1.6666702e-05
1.6489845e-05
1.6553005e-05
1.6666345e-05
0.00062588918
1.4705784e-05
1.5855015e-05
1.6100543e-05
1.6504626e-05
1.6126503e-05
0.00070008994
1.77907e-05
1.6637528e-05
0.00014112656
1.58524e-05
1.6524838e-05
1.5899359e-05
1.6408393e-05
1.6359918e-05
1.7062695e-05
0.00084641906
0.0013119096
9.7654317e-05
0.0019538468
1.5797867e-05
1.6031919e-05
2.811406e-05
0.0012213365
1.6236941e-05
1.722369e-05
1.7467659e-05
1.6517375e-05
1.6267266e-05
1.7895044e-05
1.6603843e-05
1.5788093e-05
0.00086581136
1.6562104e-05
1.7089222e-05
3.0500059e-05
1.6389895e-05
1.6597041e-05
0.0055180975
9.3767425e-05
0.001306524
1.7055574e-05
0.00010049823
1.8520658e-05
1.6970087e-05
1.630582e-05
1.6428559e-05
1.6778743e-05
0.00214818
1.6946735e-05
1.6944546e-05
1.6486147e-05
1.7758232e-05
9.2616094e-05
1.8591639e-05
1.6815777e-05
1.6694747e-05
1.6797357e-05
1.5852495e-05
1.6473186e-05
1.5907312e-05
1.6257929e-05
1.5898676e-05
1.5527971e-05
1.6147725e-05
1.6335268e-05
0.0010037092
1.5831115e-05
1.6837572e-05
1.6186469e-05
1.5948958e-05
1.6519553e-05
1.6494031e-05
1.5798437e-05
1.6859672e-05
1.6500755e-05
0.00093614983
1.6075905e-05
1.6127619e-05
1.5860323e-05
1.6381038e-05
1.6918269e-05
0.011204656
1.6872243e-05
1.6177713e-05
1.6488825e-05
1.6286099e-05
0.001325154
1.6806727e-05
1.8549353e-05
1.6158962e-05
1.6003865e-05
0.00054460638
1.595201e-05
0.001286542
1.693505e-05
1.6122564e-05
1.6154809e-05
1.683829e-05
1.8291462e-05
1.6518411e-05
1.6028988e-05
1.623921e-05
5.3022465e-05
1.6198905e-05
1.6465946e-05
0.005015807
1.6571535e-05
1.621046e-05
0.0020091164
6.4643994e-05
1.582373e-05
1.6051028e-05
1.6522303e-05
1.6556821e-05
1.6539941e-05
1.714312e-05
1.7142424e-05
3.7368372e-05
4.2401701e-05
4.6603126e-05
0.00047027966
1.6104442e-05
1.6512191e-05
0.00054968132
1.655499e-05
1.6984589e-05
3.3926697e-05
1.5885154e-05
1.6496147e-05
0.013640281
1.6834322e-05
0.0011878171
1.587212e-05
6.6991064e-05
1.6576262e-05
1.6444532e-05
1.5942061e-05
1.5837527e-05
1.6715745e-05
1.636875e-05
1.6487094e-05
0.010689443
1.658257e-05
1.6380322e-05
0.001185937
1.6601779e-05
0.0085564194
0.0005663063
1.6563621e-05
0.00010241511
0.0024427653
1.6001122e-05
0.0089169253
1.6185594e-05
1.6458223e-05
1.6649287e-05
1.6697378e-05
1.6481343e-05
0.00014688492
2.0236452e-05
0.015868961
1.629778e-05
2.3572102e-05
8.0193176e-05
1.5935019e-05
1.6524003e-05
1.6421279e-05
1.6483967e-05
0.0041543533
1.649616e-05
1.6399116e-05
1.6288917e-05
1.5796893e-05
0.005392314
1.6495187e-05
9.7644021e-05
0.00047475665
0.00042934051
0.00049758386
2.3386979e-05
1.6150889e-05
1.649894e-05
1.5870478e-05
1.6022729e-05
0.00012776863
0.0003510962
0.0010643134
1.6177807e-05
1.6118235e-05
1.6513486e-05
1.613893e-05
0.0031658621
1.6312838e-05
0.0019394787
1.9702958e-05
1.5976478e-05
0.0027093948
1.6494791e-05
1.6372057e-05
0.00012874063
1.5887636e-05
1.6410936e-05
1.6724222e-05
1.6319045e-05
1.6932346e-05
1.6437791e-05
2.066387e-05
1.5840826e-05
1.6862412e-05
1.6067566e-05
0.0054793785
1.615142e-05
1.5795306e-05
0.0061917522
1.7898061e-05
0.001167305
1.5883395e-05
1.5910798e-05
1.7591474e-05
1.6699059e-05
0.00023150302
1.6029821e-05
1.5907027e-05
1.5841243e-05
1.900634e-05
1.5786755e-05
1.5986623e-05
1.5831335e-05
1.653074e-05
1.6477878e-05
1.6510506e-05
3.3972202e-05
0.00014263147
1.5954145e-05
1.6426641e-05
1.6552868e-05
3.5007741e-05
1.6243666e-05
1.6488937e-05
1.5917382e-05
0.0013523404
1.6405796e-05
1.6230629e-05
1.6019592e-05
1.6491163e-05
2.2685083e-05
1.6455744e-05
0.0087993683
1.6491194e-05
1.6547094e-05
1.7651288e-05
1.6366774e-05
1.6262379e-05
1.5795836e-05
1.6250825e-05
1.6458789e-05
1.592252e-05
1.5954907e-05
0.00086651774
0.00015046162
1.6067419e-05
1.5978369e-05
1.643493e-05
1.8309452e-05
1.6483446e-05
1.52252e-05
0.00013825759
1.6299219e-05
1.4621278e-05
1.643957e-05
1.6559578e-05
1.6468549e-05
1.6435767e-05
0.0013790856
1.588113e-05
1.6312759e-05
0.011733956
1.6851534e-05
1.6220072e-05
1.6200822e-05
1.7567265e-05
1.5975729e-05
1.5902203e-05
0.0010343129
1.6468822e-05
1.6520385e-05
1.6523959e-05
2.534798e-05
0.002664671
1.5831629e-05
0.0013853382
1.6537756e-05
1.5796882e-05
1.6501968e-05
1.6514705e-05
0.00043765245
1.6079645e-05
1.7007371e-05
1.6484768e-05
1.6429105e-05
0.0012031782
0.0015622313
1.6000024e-05
1.6185641e-05
2.2960588e-05
1.6717579e-05
0.00016034359
0.012435896
1.5875303e-05
1.6342921e-05
1.6476073e-05
1.6683892e-05
3.6629072e-05
1.62634e-05
1.6368874e-05
1.7384433e-05
1.5791829e-05
1.5796778e-05
0.00050047448
0.00034577797
1.6516263e-05
1.6488914e-05
1.6483931e-05
1.6505268e-05
0.0052798216
1.6415815e-05
0.0049193176
1.6406759e-05
1.5807298e-05
1.6135904e-05
5.7037513e-05
1.5897144e-05
1.6451577e-05
1.6317793e-05
0.0016595244
2.3610774e-05
1.6365121e-05
1.591022e-05
1.5910733e-05
1.6392846e-05
0.0012752723
1.650297e-05
1.6601745e-05
1.726836e-05
1.6490767e-05
0.00057622964
0.0057289617
0.0013253787
0.0067218098
0.00073296076
1.6155579e-05
1.6056206e-05
6.1405914e-05
1.5972819e-05
1.6507395e-05
1.5996756e-05
1.6779585e-05
1.6186683e-05
0.0099060384
1.6495079e-05
1.6399785e-05
1.8565161e-05
1.6371343e-05
1.6495579e-05
1.636827e-05
1.6499922e-05
1.6478342e-05
1.6494515e-05
1.6021754e-05
1.6387489e-05
1.6499121e-05
1.6437204e-05
1.605131e-05
0.00025470364
6.0492458e-05
6.5799842e-05
1.6362225e-05
1.6466353e-05
1.5971456e-05
1.7004604e-05
1.6897434e-05
1.6437812e-05
0.0044567568
1.5924337e-05
1.636316e-05
1.6491279e-05
1.6251309e-05
1.5825284e-05
1.6374112e-05
0.0012650085
1.5813352e-05
1.5934179e-05
1.7025854e-05
1.6376376e-05
1.636381e-05
1.637785e-05
1.6379456e-05
1.5831058e-05
1.6473775e-05
1.6488461e-05
1.6514227e-05
1.6123321e-05
1.6355966e-05
1.7682142e-05
1.6404879e-05
1.6054867e-05
0.0012773818
1.6090753e-05
1.5943174e-05
1.5857517e-05
1.6404693e-05
1.6416292e-05
0.0012550969
1.6426658e-05
1.6509391e-05
1.6526078e-05
1.6064255e-05
0.0006060237
1.6438244e-05
1.6395367e-05
0.00040978141
1.650196e-05
1.6444663e-05
1.6514002e-05
0.00066239783
1.6590026e-05
1.604128e-05
1.6482193e-05
1.6449915e-05
1.7706299e-05
1.6329218e-05
1.6341797e-05
1.6481046e-05
1.5858747e-05
0.00086611745
1.6477097e-05
1.6451654e-05
1.648688e-05
1.6456946e-05
1.6449383e-05
1.5829755e-05
1.5798619e-05
1.5805904e-05
1.6361149e-05
1.5936907e-05
1.6296279e-05
1.6503293e-05
0.0014478308
1.6414312e-05
0.0012259939
1.6003757e-05
1.6151475e-05
1.5840266e-05
0.00060543883
1.5869115e-05
1.6458947e-05
1.6516001e-05
1.5821506e-05
1.5821868e-05
0.00037616963
1.6731385e-05
1.6233964e-05
1.6335159e-05
1.6465699e-05
1.5793657e-05
1.6466114e-05
1.5807777e-05
1.5796513e-05
1.6052429e-05
1.6360502e-05
1.646661e-05
1.6171275e-05
1.6571275e-05
0.0073711374
1.6457629e-05
1.6372282e-05
1.5846387e-05
1.6420104e-05
1.6478899e-05
1.6481078e-05
1.6022255e-05
1.6488054e-05
1.6485784e-05
1.600363e-05
1.6502301e-05
1.6482193e-05
1.5857852e-05
0.0010287765
1.5966188e-05
0.014913535
0.0065471993
1.6450853e-05
8.0631926e-05
1.6084762e-05
1.6452015e-05
1.6535297e-05
1.7327842e-05
1.628586e-05
1.6520558e-05
1.6446438e-05
1.6496448e-05
0.00037823707
1.6439091e-05
1.6914106e-05
1.6432812e-05
1.670929e-05
1.6642077e-05
1.7166432e-05
0.0005537455
1.6127412e-05
3.3903707e-05
1.638919e-05
1.6194039e-05
1.6518974e-05
1.6064256e-05
1.5806673e-05
1.6488878e-05
1.5837832e-05
1.6765913e-05
1.6335667e-05
1.5861597e-05
1.578731e-05
0.010992825
0.00094621365
1.5861885e-05
0.0031682361
1.6505294e-05
1.6972469e-05
1.6428934e-05
1.6244178e-05
1.6350924e-05
1.5902677e-05
1.6519285e-05
0.0021578186
5.8460436e-05
1.6813533e-05
0.00012681974
7.4903075e-05
0.00036115482
0.0018510625
1.5828544e-05
1.6490681e-05
1.6480409e-05
1.5870646e-05
1.6321232e-05
0.0012224265
0.0020164391
1.5962436e-05
1.6427129e-05
1.5846802e-05
1.7991759e-05
1.6049378e-05
0.0054040509
1.6096204e-05
1.5818067e-05
1.6519709e-05
1.6433185e-05
1.662813e-05
1.6276597e-05
1.5802074e-05
1.5901651e-05
1.7082214e-05
1.6425261e-05
0.0058155168
1.5783879e-05
1.6500384e-05
2.4131388e-05
1.6647333e-05
1.6800326e-05
1.6305159e-05
0.0023492353
1.6257719e-05
0.0013232551
0.00010503458
5.3563728e-05
1.5824751e-05
1.6423481e-05
1.6687582e-05
0.0030404555
1.648521e-05
1.6272298e-05
1.6119465e-05
1.5788572e-05
1.5799137e-05
1.6602746e-05
1.5887503e-05
1.5828575e-05
0.00085461114
1.5954324e-05
1.6492728e-05
1.6424413e-05
2.1973726e-05
1.6495555e-05
1.6490921e-05
1.6173722e-05
1.5885487e-05
1.594991e-05
1.5849562e-05
0.00039253947
5.4258015e-05
1.5983419e-05
0.014706983
1.6261816e-05
1.6655376e-05
1.8499182e-05
6.623585e-05
1.5917096e-05
1.6115755e-05
1.5950936e-05
0.00042279966
1.596476e-05
1.6289691e-05
1.5792825e-05
0.0022710576
1.6453655e-05
1.6411846e-05
0.0020291281
1.5883552e-05
1.6146977e-05
3.6594922e-05
1.6846921e-05
8.6997789e-05
1.6168881e-05
0.00030684525
1.6062119e-05
1.597563e-05
1.6090266e-05
6.0865066e-05
1.6417392e-05
1.5997647e-05
1.6123575e-05
1.6351639e-05
9.5480112e-05
1.6299462e-05
0.0021105736
1.6488859e-05
1.5860467e-05
1.6500882e-05
1.6397971e-05
1.6312231e-05
3.8662319e-05
1.8691187e-05
1.6229177e-05
1.6245089e-05
1.6914409e-05
1.6370089e-05
1.5970003e-05
9.9781816e-05
1.4960668e-05
1.7907586e-05
1.6048663e-05
1.6547173e-05
1.6479413e-05
0.0021296039
1.5843702e-05
2.6637388e-05
1.6402045e-05
1.5957857e-05
0.0018866203
1.7088312e-05
1.6367033e-05
1.5836228e-05
1.648956e-05
1.6556871e-05
1.6555079e-05
2.0610972e-05
1.6573229e-05
9.2656732e-05
1.6820607e-05
1.6177433e-05
1.6465453e-05
1.5843798e-05
1.6494232e-05
0.0011685347
1.6399393e-05
0.00028019739
1.6424424e-05
0.0013025264
0.00035357514
1.8572156e-05
1.6745551e-05
1.5957636e-05
7.2914758e-06
1.6369608e-05
3.650032e-05
1.6653757e-05
1.5781931e-05
1.6545482e-05
2.8452851e-05
1.8280859e-05
1.6421143e-05
1.9231759e-05
2.377262e-05
2.099704e-05
0.0029342272
1.608231e-05
1.7693726e-05
1.6507134e-05
2.1546212e-05
5.0024421e-05
2.9670807e-05
1.6356664e-05
1.6573088e-05
0.00099253213
1.6435583e-05
1.5785543e-05
6.0884926e-05
1.607459e-05
1.5837798e-05
1.6386698e-05
1.6450417e-05
1.6400343e-05
1.6813882e-05
0.00019371085
1.5963571e-05
2.0881171e-05
0.00045297087
0.0017553606
0.014256673
0.0022208121
1.6423666e-05
1.7084804e-05
1.5920558e-05
1.6005721e-05
1.6391591e-05
0.00052852319
1.6521737e-05
1.6188911e-05
1.9842962e-05
1.639715e-05
1.6479042e-05
1.5934441e-05
1.6489861e-05
1.5890663e-05
0.0030593694
1.6475374e-05
1.6447224e-05
1.6253826e-05
0.0019170014
1.5904972e-05
1.6472057e-05
1.6746789e-05
0.0020180528
1.6004212e-05
0.0063152368
1.6049655e-05
1.6563253e-05
1.6738755e-05
1.601118e-05
8.439796e-05
1.6104303e-05
1.6355771e-05
1.6520599e-05
1.5945159e-05
1.8211402e-05
1.6482373e-05
1.5789077e-05
1.5940533e-05
0.00013160221
1.6431901e-05
3.2046217e-05
1.6516945e-05
0.00015019402
1.6369091e-05
1.6194276e-05
4.9209453e-05
1.6514166e-05
0.0014579586
1.6376023e-05
0.0028341501
1.6602408e-05
1.6529365e-05
1.6249327e-05
1.6535738e-05
2.1429525e-05
1.5796081e-05
0.0013290858
1.8064161e-05
1.5813188e-05
0.0042665028
1.6799484e-05
1.5838112e-05
1.578982e-05
1.602414e-05
1.6529573e-05
1.653197e-05
0.0014000444
4.6569543e-05
1.9492796e-05
1.6006097e-05
1.5827074e-05
1.647668e-05
1.6365075e-05
1.5982851e-05
1.6652646e-05
1.6546078e-05
1.6279842e-05
1.5488977e-05
1.5997512e-05
0.0021666469
0.00037914421
1.6390295e-05
0.0049714536
0.00087449988
1.6454891e-05
0.0059195828
1.6365743e-05
1.6178282e-05
1.6052654e-05
0.00018360752
1.5866683e-05
0.0076502687
1.6043064e-05
1.7046932e-05
1.5963677e-05
1.6434022e-05
1.6442757e-05
1.6436289e-05
1.5711049e-05
2.2689143e-05
1.6421888e-05
1.6453724e-05
1.6395613e-05
1.5980769e-05
0.0012909576
0.0025051481
1.5961738e-05
1.6524332e-05
1.661998e-05
1.5812493e-05
1.5845306e-05
1.6918196e-05
7.0043883e-05
0.0014063269
8.8869483e-05
1.634638e-05
0.00029832506
0.0012557408
3.0409816e-05
1.5837791e-05
1.6387753e-05
1.6525965e-05
1.6467253e-05
0.00014304018
1.5991856e-05
1.6491765e-05
0.0023501961
1.6082188e-05
1.6291899e-05
1.6563429e-05
1.6465071e-05
1.6209976e-05
1.657393e-05
1.6171785e-05
1.5812625e-05
1.6172701e-05
1.596248e-05
2.0402929e-05
1.6605754e-05
1.6813676e-05
0.00032611649
1.6355919e-05
1.6459961e-05
0.0015951793
1.9086792e-05
1.5902205e-05
2.3164565e-05
1.637085e-05
1.6506191e-05
1.6352039e-05
1.651069e-05
1.6677053e-05
1.6462766e-05
1.6227751e-05
1.5803141e-05
0.0016666045
0.00088234345
1.6511734e-05
1.6418987e-05
0.0025818717
1.5890713e-05
0.0014894309
1.5966238e-05
1.6825797e-05
2.3330452e-05
1.6413492e-05
1.7847116e-05
1.6600357e-05
1.7975827e-05
1.6405677e-05
1.6507287e-05
1.6012917e-05
1.6752671e-05
1.628858e-05
0.0034547117
1.6559135e-05
1.6543637e-05
1.6321076e-05
1.6229829e-05
0.0019380169
1.6289159e-05
6.3525016e-05
1.6367877e-05
1.5866605e-05
1.5829119e-05
1.6468899e-05
1.6245785e-05
0.0017557143
1.6537951e-05
0.001873079
0.00014290258
1.645872e-05
1.6455769e-05
4.8366686e-05
0.0014698045
1.6399083e-05
0.010831021
1.6388301e-05
0.0024556041
1.585513e-05
0.0069622177
1.6154157e-05
0.0086448415
1.6236694e-05
1.6523866e-05
0.00039319412
1.5835996e-05
4.2411455e-05
0.00011863981
3.1989309e-05
2.6049357e-05
1.5821827e-05
1.7969835e-05
1.7800186e-05
1.9925123e-05
1.5973877e-05
1.8949145e-05
1.6458913e-05
2.2913391e-05
1.6608777e-05
1.6173092e-05
0.0007603004
0.0017293833
1.614754e-05
1.5821204e-05
0.0014169332
0.0006425564
1.6070177e-05
1.5924728e-05
1.648776e-05
1.6106803e-05
2.0307254e-05
1.660801e-05
1.578445e-05
1.6514332e-05
1.6358204e-05
0.0029763481
1.5842641e-05
9.4920724e-05
1.606003e-05
0.0045614385
1.6156295e-05
1.6065405e-05
1.5830976e-05
1.6744344e-05
1.6428211e-05
0.0023644624
1.6546801e-05
1.5944016e-05
1.6207168e-05
1.6509455e-05
0.010246789
1.7152052e-05
0.0012141953
1.6476214e-05
1.5893255e-05
2.7228814e-05
1.6300359e-05
0.00011954659
1.6656916e-05
0.00054079429
1.6486757e-05
0.00033728743
1.5993666e-05
1.6187388e-05
1.6427798e-05
1.6156327e-05
1.5820128e-05
1.6586651e-05
1.6653271e-05
1.6402668e-05
1.5841325e-05
0.0028212842
0.00081116957
1.5919295e-05
1.5846156e-05
1.6730853e-05
5.436863e-05
1.6134761e-05
1.6471328e-05
1.6495337e-05
1.6472294e-05
0.0019848562
1.6263731e-05
1.5843696e-05
0.0036784882
1.6117406e-05
1.6439623e-05
1.5873711e-05
0.0025165845
1.622228e-05
1.65685e-05
1.5824935e-05
1.6469241e-05
1.6435595e-05
4.0007252e-05
1.7230604e-05
1.5840438e-05
0.01427719
1.6277622e-05
1.5822779e-05
1.6491679e-05
3.5180381e-05
1.6543817e-05
1.998804e-05
8.4714665e-05
1.935442e-05
1.628884e-05
2.8597172e-05
0.0053264173
1.5903784e-05
1.6491603e-05
0.00018812555
1.6415105e-05
1.5855414e-05
1.6811486e-05
1.5949482e-05
0.00031947816
1.5935042e-05
1.6533289e-05
0.00086279543
1.5801525e-05
1.6502774e-05
1.6434597e-05
1.6464792e-05
1.6502601e-05
1.649674e-05
1.6288867e-05
1.6482159e-05
1.6799812e-05
1.6725914e-05
0.00012789092
1.6719736e-05
9.4356274e-05
1.5857915e-05
1.6438355e-05
1.6468199e-05
1.6634097e-05
1.5838889e-05
1.6977832e-05
1.6195998e-05
1.6865942e-05
0.00058598525
1.6484891e-05
1.6176028e-05
9.5094635e-05
1.6601468e-05
1.6846857e-05
1.5868096e-05
0.0013200645
1.7059859e-05
1.6025869e-05
1.3698617e-05
1.6498291e-05
2.102241e-05
2.8510353e-05
0.00089052118
1.5831078e-05
1.5884086e-05
1.6774481e-05
1.6339626e-05
0.00011305426
1.6860482e-05
1.713733e-05
1.6739312e-05
1.5841373e-05
1.6140632e-05
0.010771827
1.6355075e-05
1.6516958e-05
1.7069764e-05
2.5856872e-05
1.6249799e-05
0.0019004356
1.6140777e-05
1.6672415e-05
1.6478054e-05
3.7112006e-05
1.6755014e-05
1.6525595e-05
0.00010940305
1.6033237e-05
1.6167335e-05
1.6503299e-05
1.6488631e-05
0.00031658882
1.5873295e-05
1.7020737e-05
0.00083503587
1.5929846e-05
1.6471867e-05
1.652898e-05
0.0011491294
1.6078616e-05
0.0025723716
1.6628856e-05
1.6689629e-05
1.6506112e-05
1.6238834e-05
1.6212291e-05
0.00054658311
1.6495321e-05
0.0018502196
0.00011826458
0.0072409937
1.6015539e-05
0.00045921312
1.6229854e-05
1.6342938e-05
1.6135452e-05
1.6124315e-05
1.6093896e-05
1.5881897e-05
1.6639102e-05
1.5868209e-05
1.5794406e-05
3.5748974e-05
1.6546755e-05
3.9075603e-05
0.0019257333
4.6582502e-05
1.5822633e-05
1.6159523e-05
0.00022109445
1.647976e-05
1.6364815e-05
1.9360505e-05
1.6562779e-05
1.608923e-05
1.6487949e-05
0.0050855952
1.6645968e-05
1.6493581e-05
1.64598e-05
8.6608174e-05
0.00025899809
1.6226716e-05
1.6435337e-05
1.6489184e-05
1.6476369e-05
1.5878057e-05
1.5817873e-05
1.8000629e-05
1.6131596e-05
1.646011e-05
1.5975578e-05
1.6124798e-05
1.6986247e-05
1.6753419e-05
1.6291726e-05
1.6486773e-05
1.6237484e-05
1.6260341e-05
1.5881199e-05
3.998356e-05
0.002471412
1.6785339e-05
0.0013010468
1.6755423e-05
9.6992664e-05
2.4938636e-05
1.5895184e-05
0.0020324939
0.0017870464
2.8103007e-05
0.00021151199
1.6358539e-05
1.6523364e-05
1.5979977e-05
1.5794778e-05
1.6493815e-05
1.6185513e-05
1.581437e-05
0.00040942906
1.640141e-05
1.5844519e-05
1.6716406e-05
0.0017536988
1.5854012e-05
0.0019243201
2.8779931e-05
1.6488643e-05
8.6453834e-05
1.5897091e-05
0.00011988708
0.0015997148
0.0060464329
1.6569515e-05
1.6234801e-05
1.6288965e-05
1.592008e-05
1.6508675e-05
1.6485204e-05
0.00030946169
0.00014833162
0.00067091998
2.0578182e-05
1.6498729e-05
0.0074436835
1.6477782e-05
0.00099840231
1.6495887e-05
1.5893797e-05
1.6488387e-05
1.7299118e-05
1.5882246e-05
5.2552058e-05
1.6140242e-05
0.00052544798
1.6587254e-05
1.5879556e-05
1.6602135e-05
2.5140139e-05
1.6814449e-05
1.6497483e-05
1.7563829e-05
1.6304528e-05
0.00010534209
1.64968e-05
1.6797018e-05
0.0083021982
0.015657484
0.0054610325
1.5785542e-05
8.8226156e-05
0.001276495
1.6473254e-05
0.0006589669
7.2364781e-05
1.6500525e-05
1.6496463e-05
1.6237087e-05
1.6256777e-05
1.6272203e-05
1.6868876e-05
3.343917e-05
0.00042904099
5.7996471e-05
1.639781e-05
1.6836722e-05
1.5804117e-05
1.5807603e-05
1.653226e-05
1.6492538e-05
1.6021071e-05
1.652321e-05
1.6823236e-05
1.5921058e-05
1.6456826e-05
0.00010483911
1.6407474e-05
1.6501614e-05
0.0019695939
1.6858588e-05
1.6386728e-05
1.6477179e-05
0.0012766698
0.0047455766
3.6673302e-05
1.6513846e-05
1.7020956e-05
1.5853547e-05
1.6871305e-05
8.490198e-05
1.6086554e-05
1.6186836e-05
1.6241165e-05
0.00060330251
0.00027736508
1.6320504e-05
1.6435579e-05
1.6671772e-05
2.575248e-05
0.0083580604
1.5871399e-05
1.5841339e-05
1.6478073e-05
2.02055e-05
1.6240711e-05
1.5815258e-05
1.5797716e-05
4.2719865e-05
1.5813987e-05
1.5817739e-05
0.00022197387
1.6510573e-05
1.5797799e-05
1.6498637e-05
0.0048767172
1.6493636e-05
1.654833e-05
0.0081510758
1.6619615e-05
1.5938607e-05
0.0014855011
1.6594511e-05
1.5904553e-05
1.6498331e-05
1.6079041e-05
1.7734741e-05
1.6900526e-05
0.0027634149
1.6367365e-05
0.00032683859
1.6569438e-05
0.0063442348
1.6560846e-05
1.5834102e-05
1.6205066e-05
1.6164456e-05
1.5786206e-05
3.7344495e-05
1.6384725e-05
0.00039554395
4.2371133e-05
2.1678946e-05
0.00043269661
1.586367e-05
6.4538532e-05
0.0014750856
4.6565216e-05
1.5901638e-05
1.6509037e-05
8.4980589e-05
1.6360295e-05
1.6814951e-05
1.6363702e-05
1.6000481e-05
3.3910236e-05
1.6516154e-05
1.5936857e-05
0.00036419607
1.6499699e-05
8.5186531e-05
1.5878497e-05
1.5833888e-05
1.6372847e-05
1.601852e-05
1.6792891e-05
1.6301889e-05
0.007904582
1.691072e-05
0.0005488331
1.6325068e-05
1.6122308e-05
1.9259756e-05
1.5999522e-05
1.586209e-05
0.004763241
1.5894608e-05
1.6453306e-05
1.6194928e-05
1.7058129e-05
1.6787342e-05
0.00087366412
0.0018457784
1.6007098e-05
1.6245723e-05
1.6517591e-05
1.6431423e-05
1.6407564e-05
1.6559817e-05
1.6541017e-05
1.6241503e-05
1.6109926e-05
0.00084198519
1.6479881e-05
1.6159827e-05
1.5806093e-05
1.6637764e-05
1.6566145e-05
1.6765142e-05
1.6408329e-05
1.5897543e-05
1.5813519e-05
1.5791404e-05
1.5835859e-05
1.6457552e-05
1.5902428e-05
1.6084397e-05
1.5955132e-05
4.1741685e-05
1.6453969e-05
1.6420704e-05
1.6358709e-05
1.6296743e-05
0.0015826998
1.6500146e-05
1.5949059e-05
1.6496989e-05
0.0015767476
1.5995554e-05
1.6539717e-05
1.6540699e-05
1.5849296e-05
1.6792556e-05
1.5846349e-05
8.0052408e-05
1.6192237e-05
1.5998169e-05
1.749352e-05
1.6496034e-05
1.6750956e-05
1.6048616e-05
9.7451702e-05
0.0011384861
1.5999294e-05
1.6460694e-05
0.0018996225
1.6483176e-05
1.6498756e-05
1.6228609e-05
1.6265113e-05
1.5863244e-05
1.6569517e-05
2.6341579e-05
1.6301751e-05
1.5898828e-05
1.6325297e-05
1.6143675e-05
1.9197596e-05
1.7895364e-05
1.6375793e-05
1.6493994e-05
1.880746e-05
0.00014292393
1.6080062e-05
1.6555291e-05
0.0067728092
1.6113652e-05
6.0444752e-05
1.6484906e-05
1.5912482e-05
1.6377873e-05
1.6223503e-05
1.6377665e-05
0.0047315608
1.5823364e-05
0.0064030218
1.6183307e-05
1.587559e-05
1.5881294e-05
1.6559402e-05
1.6135311e-05
1.8425233e-05
1.6209208e-05
0.0040753146
1.5829462e-05
1.5821754e-05
1.6085648e-05
0.00059627234
1.6032335e-05
1.597022e-05
1.646692e-05
1.7223501e-05
1.5843328e-05
1.6104331e-05
1.641521e-05
1.6271071e-05
1.5879365e-05
1.6932042e-05
1.5876841e-05
1.6453712e-05
3.5583737e-05
1.6223156e-05
1.6537925e-05
1.584175e-05
1.6132584e-05
1.6468219e-05
1.6424237e-05
2.4879922e-05
1.6545603e-05
1.6129363e-05
1.9001987e-05
1.648187e-05
1.6344916e-05
1.5600579e-05
1.5829988e-05
1.6442682e-05
1.5886624e-05
0.0026564123
0.00011756468
1.6906098e-05
1.6586196e-05
1.6380597e-05
1.6036255e-05
1.6780443e-05
1.6026426e-05
1.6496115e-05
1.583569e-05
1.6277054e-05
0.002100793
0.00032261456
1.6101017e-05
1.6529831e-05
1.6265008e-05
0.0001094624
0.0010040594
0.00080525097
1.7144623e-05
1.6178159e-05
1.7690969e-05
1.6814148e-05
1.6380994e-05
1.6450243e-05
1.6767977e-05
1.6201674e-05
1.8007614e-05
0.0019891796
0.013825302
1.6122737e-05
1.5955227e-05
1.6891357e-05
1.5836877e-05
1.6488207e-05
2.3252851e-05
1.5831483e-05
1.6078384e-05
1.6881854e-05
1.5844992e-05
1.6413402e-05
1.6187306e-05
1.6067445e-05
1.5812455e-05
1.6843646e-05
1.6527749e-05
0.0026627352
0.00028310442
1.6229316e-05
1.7042605e-05
1.6541451e-05
1.6599861e-05
1.6383493e-05
1.6486795e-05
1.6560911e-05
1.6444911e-05
1.5879228e-05
0.00015008025
1.6496035e-05
1.72014e-05
0.003304672
1.6609174e-05
1.7457487e-05
1.5807846e-05
1.5955307e-05
1.7462102e-05
1.6798811e-05
1.5850359e-05
1.6359148e-05
1.6106141e-05
1.6333424e-05
1.6481074e-05
1.6713306e-05
1.580395e-05
1.5923896e-05
1.6497105e-05
1.6160705e-05
1.6463207e-05
1.5900838e-05
0.0029341246
1.6509556e-05
0.0014310356
1.6224721e-05
1.5829888e-05
1.6517975e-05
1.6674273e-05
1.5799793e-05
1.6153971e-05
1.67165e-05
1.595539e-05
1.6026087e-05
1.6291985e-05
0.010635758
1.6430569e-05
1.6295157e-05
0.0048193693
1.6408368e-05
1.6477542e-05
0.0015581054
1.5794291e-05
1.6339203e-05
1.7113809e-05
1.6179996e-05
1.6458415e-05
0.0018855325
1.6475307e-05
1.6484578e-05
2.7131133e-05
1.6474863e-05
1.6939933e-05
1.7074897e-05
1.6481488e-05
1.6942089e-05
1.6386863e-05
1.5960558e-05
0.005871484
1.6149022e-05
1.7277067e-05
0.004584835
0.0010772478
1.6918227e-05
1.5869633e-05
1.635679e-05
1.6037247e-05
1.5836639e-05
1.6335745e-05
1.6499804e-05
1.5807176e-05
1.9255737e-05
1.5854898e-05
1.6359964e-05
1.6135954e-05
1.6335735e-05
1.6344246e-05
1.9343757e-05
1.7058558e-05
1.591154e-05
1.6477843e-05
2.1711491e-05
1.6026811e-05
0.0092941375
1.6367043e-05
0.0026411626
1.5893369e-05
1.6378684e-05
1.6505616e-05
0.0088104142
1.598591e-05
1.579583e-05
0.0064323098
1.6697098e-05
1.6376455e-05
1.6521284e-05
1.6405587e-05
1.6451169e-05
0.0030885674
1.6381038e-05
0.00075549769
1.6329122e-05
0.00029235225
1.6563285e-05
1.6354751e-05
0.010925089
1.6412853e-05
0.0012111956
0.00097134303
1.6773357e-05
1.6986607e-05
2.0300376e-05
1.662473e-05
0.00064916276
1.639502e-05
0.010206012
1.6058141e-05
1.6490003e-05
1.645466e-05
1.6453815e-05
0.0014395168
1.5864962e-05
0.0020220877
1.5796794e-05
0.0014876499
1.6417416e-05
3.6108117e-05
1.6498672e-05
0.0034946429
1.6493923e-05
1.6389595e-05
0.0024950254
1.6427845e-05
1.6853229e-05
1.5844764e-05
1.8767113e-05
9.3950898e-05
1.5838144e-05
1.5935411e-05
1.6245684e-05
1.5927689e-05
1.6494271e-05
1.6233572e-05
1.6477971e-05
1.6434974e-05
1.6490843e-05
1.6852226e-05
1.6353008e-05
1.5880721e-05
1.6341519e-05
1.6440292e-05
0.00050283288
1.6360975e-05
1.579704e-05
1.6373805e-05
1.6509985e-05
1.5829487e-05
1.6361898e-05
1.6448269e-05
1.6312354e-05
1.5891329e-05
1.6494405e-05
0.0018604276
1.6377784e-05
1.6372683e-05
1.6518896e-05
1.6546146e-05
1.6488205e-05
8.5500025e-05
1.5998467e-05
1.6447724e-05
1.6049586e-05
1.6387369e-05
1.6375454e-05
1.7463042e-05
1.8142336e-05
1.6222141e-05
1.6481977e-05
1.6377066e-05
1.6359549e-05
1.6148124e-05
1.6442636e-05
1.6794597e-05
1.6478945e-05
0.00038481249
1.582879e-05
9.6992955e-05
0.009573756
1.5789714e-05
1.6446078e-05
1.6499815e-05
1.6483728e-05
0.00081484104
1.6378369e-05
1.6278176e-05
2.2700599e-05
1.6451735e-05
1.5816808e-05
1.6026554e-05
1.6503327e-05
1.6405026e-05
1.631899e-05
1.58701e-05
1.5854694e-05
1.7222517e-05
1.608965e-05
1.6484104e-05
1.6050394e-05
1.6067663e-05
8.4515616e-05
0.0023380003
1.655112e-05
1.5925839e-05
1.6456985e-05
1.6416141e-05
1.6405633e-05
1.6324465e-05
1.6542229e-05
1.635692e-05
0.00090254467
1.6425999e-05
1.6018831e-05
1.6113389e-05
1.6437434e-05
1.5793761e-05
1.6502172e-05
1.6458181e-05
1.5944038e-05
1.6443901e-05
1.6815534e-05
0.0017507197
1.6696194e-05
1.7169654e-05
0.0014793644
1.6677137e-05
1.5809605e-05
1.6487587e-05
1.5832043e-05
1.6447888e-05
0.0020372443
1.6464605e-05
1.6482032e-05
1.6329677e-05
1.6519073e-05
1.6448449e-05
1.6301339e-05
1.680297e-05
1.6481749e-05
1.6486065e-05
1.6223726e-05
1.6449796e-05
1.6380284e-05
1.6476561e-05
1.6419289e-05
1.6465162e-05
0.00030575138
1.6448311e-05
1.6454876e-05
1.5828187e-05
1.6123035e-05
1.6497675e-05
1.63489e-05
1.6154431e-05
1.6478966e-05
1.6364621e-05
0.0019570886
0.00012988253
0.0025818802
1.6457398e-05
1.5950377e-05
1.8451717e-05
1.5804797e-05
1.6458418e-05
0.00098801483
1.6489549e-05
1.6363809e-05
1.5856929e-05
1.6465641e-05
1.6501477e-05
1.6957403e-05
1.6464684e-05
1.6486944e-05
1.6482715e-05
1.5888125e-05
1.6449955e-05
1.6480076e-05
1.5888909e-05
1.6455239e-05
1.6591728e-05
1.6511347e-05
1.6287364e-05
1.6466308e-05
1.6387882e-05
0.00058150643
1.6286553e-05
1.6304266e-05
1.5876591e-05
1.5852506e-05
1.6397447e-05
1.5130453e-05
1.6447499e-05
1.5870913e-05
1.6457184e-05
1.6480413e-05
1.6106292e-05
1.5835268e-05
1.6487253e-05
1.6478812e-05
1.6199172e-05
0.0010075663
1.648616e-05
1.6482805e-05
1.652479e-05
1.6442077e-05
1.6502699e-05
1.5830255e-05
1.6330018e-05
1.6449295e-05
1.596611e-05
2.0170039e-05
1.6445923e-05
1.5844201e-05
1.6364411e-05
1.6486095e-05
1.6435575e-05
1.6327773e-05
1.6295762e-05
1.6438016e-05
1.7057213e-05
1.5864647e-05
0.00030127232
1.6432184e-05
0.0020798257
1.6024608e-05
1.6386819e-05
1.6705387e-05
0.00048755098
1.6695796e-05
4.678765e-05
1.6113749e-05
1.6226525e-05
1.6265234e-05
1.6490979e-05
1.6431926e-05
1.6447362e-05
1.6429002e-05
1.6429658e-05
1.5824938e-05
1.6607861e-05
1.6467412e-05
0.00066011812
1.5843572e-05
1.5843564e-05
0.00089617899
1.6157965e-05
1.600341e-05
1.6917926e-05
0.0038936072
1.5840873e-05
1.5849783e-05
1.6359881e-05
1.6518723e-05
0.005680392
1.6324149e-05
0.0018961848
1.7068242e-05
1.6385941e-05
1.6408083e-05
1.5986501e-05
1.642449e-05
1.6154663e-05
1.663906e-05
1.6426515e-05
0.00018579542
1.6332958e-05
0.00054547562
0.0024884497
1.5840411e-05
0.00036375501
1.6396761e-05
1.6819018e-05
1.6485761e-05
4.3635958e-05
1.5960664e-05
1.6060547e-05
1.6348563e-05
1.6490875e-05
1.6224497e-05
1.7324217e-05
1.6453518e-05
1.6498509e-05
1.5887197e-05
1.5909229e-05
1.6522845e-05
1.6517195e-05
1.648618e-05
1.5876271e-05
1.6070992e-05
1.6470535e-05
1.6106773e-05
1.7097289e-05
1.6202506e-05
1.6511256e-05
1.642392e-05
1.6504541e-05
1.6513935e-05
0.0028282125
1.6299211e-05
1.5947767e-05
1.5855921e-05
1.5849339e-05
4.8782506e-05
1.6425235e-05
1.5827163e-05
1.6386107e-05
3.2082823e-05
0.0067276989
0.0020178083
1.5804901e-05
0.0028691261
1.645409e-05
1.6056308e-05
0.0016301811
2.1413663e-05
1.5939822e-05
1.5852451e-05
1.5816259e-05
1.584403e-05
1.6718422e-05
1.5813973e-05
1.5951473e-05
1.6415937e-05
1.6499737e-05
1.6474401e-05
0.0020956806
1.627916e-05
1.5847549e-05
0.00018377202
1.5799464e-05
2.3379458e-05
1.6489977e-05
0.00027768016
0.017546884
1.6538568e-05
0.00037719559
1.6420228e-05
0.00075900738
1.6391528e-05
1.9902422e-05
0.00017986621
2.1231783e-05
1.6277253e-05
1.63982e-05
1.5785758e-05
1.6384076e-05
1.6396838e-05
0.0013916552
1.5851169e-05
1.6002965e-05
1.5816001e-05
0.00029850569
1.5832711e-05
1.6564399e-05
1.5800788e-05
1.6409466e-05
1.6410872e-05
1.6086709e-05
1.5961421e-05
1.6391227e-05
0.00042992471
1.6562554e-05
1.6481729e-05
1.6122919e-05
1.644889e-05
1.6479825e-05
1.6150346e-05
1.7594896e-05
1.6829676e-05
1.6492789e-05
1.586182e-05
1.6320038e-05
1.6232918e-05
0.00073564169
1.6520455e-05
0.00075935247
1.5812878e-05
0.0036007266
1.5784833e-05
1.5907026e-05
0.0012043305
1.6523387e-05
1.6373448e-05
1.6432775e-05
1.7621762e-05
1.6443001e-05
2.0295146e-05
1.6394935e-05
1.6178013e-05
1.6529954e-05
1.3834218e-05
1.6411789e-05
1.583468e-05
1.6511972e-05
0.00075845424
1.5840398e-05
1.6309235e-05
1.5786587e-05
1.6890392e-05
1.6361541e-05
1.649905e-05
1.6562408e-05
1.5824685e-05
9.3614703e-05
1.6540394e-05
1.5918782e-05
1.6950936e-05
1.6090494e-05
1.64685e-05
1.6523525e-05
1.6477044e-05
2.3733039e-05
1.6387359e-05
1.5985065e-05
0.00016265825
0.0064109185
0.00011639366
1.6417963e-05
1.6530984e-05
1.5822463e-05
1.673667e-05
1.6501342e-05
5.4500813e-05
0.00020920989
1.6499661e-05
1.5938067e-05
1.6104866e-05
1.8103439e-05
1.6041226e-05
1.6521796e-05
1.6355972e-05
1.5858674e-05
1.6368367e-05
1.6176077e-05
1.5870302e-05
1.5964594e-05
2.2731887e-05
1.6172172e-05
1.616622e-05
1.5883579e-05
0.0018243679
1.6512961e-05
1.6526693e-05
1.6444606e-05
1.597425e-05
1.8927282e-05
1.6334151e-05
1.608271e-05
1.6158608e-05
1.6522649e-05
0.00078588807
1.590399e-05
1.6114554e-05
1.6701845e-05
1.6507728e-05
1.635338e-05
4.5994329e-05
1.9952946e-05
1.5821292e-05
1.6159056e-05
1.6506585e-05
1.6505262e-05
1.6123796e-05
0.00058582742
1.849138e-05
1.7068044e-05
1.5870946e-05
1.5858787e-05
1.5975478e-05
1.5883312e-05
1.5792476e-05
0.0014215783
0.0045612478
0.007939413
0.0020856214
0.00022138402
0.0018800699
1.653101e-05
1.7046404e-05
1.6460239e-05
1.6356475e-05
0.001357307
1.6953754e-05
1.6911244e-05
1.580564e-05
1.5805063e-05
0.0091034317
1.6675404e-05
1.6541882e-05
1.6082121e-05
1.6204491e-05
1.6362612e-05
1.6699622e-05
1.652751e-05
1.7761121e-05
1.682797e-05
1.6114902e-05
1.6597113e-05
1.5811446e-05
1.640551e-05
1.690683e-05
0.0040183355
1.5788535e-05
1.6766266e-05
0.0032764137
1.6186872e-05
1.6413211e-05
1.6162312e-05
1.6528977e-05
1.6145742e-05
1.5843931e-05
1.6524381e-05
1.603908e-05
1.653771e-05
1.6249976e-05
8.1535802e-06
1.5849002e-05
1.6871334e-05
1.6515086e-05
1.6466667e-05
1.6510762e-05
1.6240407e-05
1.6397313e-05
1.7593302e-05
0.0002266417
1.6843157e-05
1.6249317e-05
2.9141146e-05
1.671822e-05
1.5927227e-05
4.2804467e-05
1.5989979e-05
0.00056172635
1.6220211e-05
1.6338522e-05
1.5885118e-05
0.0029098794
1.6814323e-05
2.3250611e-05
1.5806698e-05
1.621495e-05
1.5835298e-05
1.635696e-05
1.8014142e-05
1.6003285e-05
1.5796594e-05
1.6390849e-05
1.6484841e-05
6.9885735e-05
1.5903602e-05
1.6414008e-05
1.6020933e-05
1.6375698e-05
1.6593972e-05
1.6350465e-05
1.6199119e-05
1.6033363e-05
1.586314e-05
1.615981e-05
1.6265147e-05
1.6780146e-05
1.6480328e-05
1.6388094e-05
0.00074281899
1.6444614e-05
1.6141161e-05
1.6165301e-05
0.0005830025
1.6290912e-05
1.6758428e-05
0.0052371947
1.6124597e-05
1.6197202e-05
0.0014646186
1.6458861e-05
1.6115291e-05
1.6865223e-05
1.650009e-05
1.6831574e-05
1.6124234e-05
1.6524096e-05
1.6215843e-05
1.58912e-05
1.6368752e-05
0.0050475998
1.6474357e-05
1.6545281e-05
1.6858121e-05
1.6887421e-05
1.5832901e-05
1.6382834e-05
1.584268e-05
0.0003127666
1.6912414e-05
1.613052e-05
0.0042033449
1.6314559e-05
0.0001679
1.6530332e-05
1.7163991e-05
1.5843536e-05
1.6571581e-05
1.5805409e-05
0.0051795705
1.6052785e-05
1.6054281e-05
1.6134042e-05
1.5791097e-05
1.6748403e-05
1.6564928e-05
1.6511847e-05
1.6485773e-05
1.628195e-05
7.0680919e-06
1.6751165e-05
1.6364978e-05
1.6078016e-05
1.5838216e-05
2.4373445e-05
0.00014278576
0.00067951457
1.6579e-05
1.6670623e-05
0.00035082338
1.6644714e-05
1.6454126e-05
1.8173743e-05
0.00060015923
1.6503982e-05
1.848534e-05
1.5815289e-05
1.5821683e-05
1.5933481e-05
1.6891748e-05
1.653369e-05
1.6435436e-05
2.0983695e-05
0.00040936722
1.6809514e-05
1.6596227e-05
1.6292134e-05
1.6194388e-05
1.5968276e-05
1.6369181e-05
1.7325576e-05
0.0015202158
1.6022822e-05
1.6717829e-05
3.5834481e-05
1.6036493e-05
1.5847312e-05
2.0571246e-05
1.6401859e-05
0.00039441013
1.638015e-05
0.0020474765
1.6366258e-05
1.6881252e-05
1.6292148e-05
1.675634e-05
1.6129449e-05
1.591467e-05
1.5835169e-05
1.6823047e-05
1.6435123e-05
1.5809631e-05
1.6340681e-05
1.6898804e-05
1.6553177e-05
1.6518596e-05
1.6698526e-05
1.6469161e-05
1.6548892e-05
1.8288106e-05
1.6880144e-05
1.5870653e-05
0.0024243977
1.5993272e-05
0.0014534538
0.0097003506
1.583137e-05
1.6592278e-05
1.6796044e-05
1.6021161e-05
0.00084879791
1.6142747e-05
1.583902e-05
1.6058762e-05
0.0064006948
1.6455285e-05
1.6996999e-05
1.6528753e-05
1.6349318e-05
1.646991e-05
1.7267668e-05
1.5848405e-05
1.652238e-05
1.732298e-05
3.3428499e-05
1.6533194e-05
1.5873944e-05
1.6980888e-05
0.0020057157
1.5920165e-05
1.584828e-05
1.6435138e-05
0.0010895291
0.002239461
1.6466039e-05
1.6756927e-05
0.0029278866
0.0010266031
0.00076458588
1.4324627e-05
1.6240735e-05
1.6478349e-05
1.5805265e-05
0.015919629
1.6079086e-05
1.7052235e-05
1.6453784e-05
1.6498234e-05
0.0027716477
1.6217364e-05
1.6829237e-05
0.0087920028
1.6523867e-05
0.017144145
1.6637042e-05
1.6972391e-05
1.6120977e-05
1.5879051e-05
1.6104025e-05
1.6189711e-05
1.6948147e-05
0.0002189816
1.5993715e-05
0.013026112
0.0036103558
1.6257233e-05
1.6161368e-05
0.0061592132
3.0363132e-05
1.5987856e-05
1.6378755e-05
1.6106875e-05
9.2248164e-05
1.6616853e-05
1.6252989e-05
1.5896349e-05
1.6452814e-05
1.5808538e-05
1.6524609e-05
1.6206092e-05
1.5803288e-05
1.6093973e-05
1.5884625e-05
1.5891869e-05
0.0016196645
7.2030302e-05
1.5803318e-05
1.6371793e-05
1.6479948e-05
1.6553719e-05
1.6560883e-05
0.00084376155
0.0025136333
0.00044747164
1.6514506e-05
1.6498358e-05
1.6132284e-05
1.6000481e-05
0.00093826147
1.6620749e-05
0.00083495656
1.6049502e-05
1.6082893e-05
0.00036282451
1.6401509e-05
9.463379e-05
1.6042889e-05
1.5833512e-05
1.5807614e-05
1.6227176e-05
1.6479625e-05
1.5935056e-05
1.7101981e-05
1.6448968e-05
1.6448724e-05
1.6497268e-05
4.3109344e-05
1.5937827e-05
1.6540074e-05
1.6141229e-05
1.6125975e-05
1.6383429e-05
1.6276545e-05
1.6438554e-05
0.0039616368
1.6458479e-05
1.6527949e-05
1.6674881e-05
1.7199447e-05
7.4631509e-05
1.5929289e-05
0.00054275473
1.6789813e-05
0.00077683803
1.6496525e-05
1.5834288e-05
0.0019822574
1.5853601e-05
4.1748914e-05
0.0037193403
0.0055094616
8.0257677e-05
1.6370083e-05
0.0018992978
1.5954465e-05
1.6407908e-05
1.7688438e-05
1.6444288e-05
1.6160236e-05
1.6461688e-05
1.5899421e-05
1.6434898e-05
1.5996983e-05
1.6165282e-05
1.6461849e-05
1.7167469e-05
0.00014301713
1.6746476e-05
0.00066011837
1.5900046e-05
1.6239968e-05
1.6220647e-05
1.6672779e-05
2.713123e-05
3.2289923e-05
1.7055098e-05
1.6934312e-05
1.6289491e-05
1.6178417e-05
1.6297597e-05
1.6563648e-05
0.011458619
0.0048137382
1.6472857e-05
1.6437362e-05
2.4209549e-05
1.6739205e-05
1.6501048e-05
1.5991952e-05
0.006442113
2.2073118e-05
0.0020115934
1.5828246e-05
2.4488358e-05
1.5843347e-05
1.6126674e-05
1.6558588e-05
1.6494283e-05
1.6447372e-05
1.717646e-05
0.0014191397
1.6439819e-05
0.00014241472
1.6496331e-05
1.6372587e-05
0.0052389799
1.6729377e-05
1.7039835e-05
1.6464029e-05
1.6613392e-05
0.0013516958
1.6502648e-05
0.0025993901
1.5885686e-05
1.5868429e-05
0.0033661244
0.00012536287
1.6527277e-05
1.6613267e-05
1.5826469e-05
1.6521309e-05
1.6552727e-05
1.6421717e-05
0.00050250115
1.6613775e-05
1.5798243e-05
2.2632775e-05
1.6886309e-05
1.6304457e-05
1.6549732e-05
1.5821022e-05
1.6979343e-05
1.6605246e-05
0.0027703967
0.00028896484
2.3646857e-05
1.6080364e-05
0.00021298888
1.5957003e-05
1.6051836e-05
1.6512463e-05
1.646126e-05
0.0017313026
1.6494261e-05
1.5792334e-05
1.6287645e-05
1.5835067e-05
1.6498336e-05
0.0047926092
1.6209628e-05
1.6564885e-05
0.0001608431
1.5879769e-05
1.5846208e-05
1.5994e-05
1.5872915e-05
1.6464559e-05
1.6290775e-05
5.5221958e-05
1.5842731e-05
1.6034393e-05
1.6412243e-05
1.6325136e-05
1.6053174e-05
1.6049983e-05
1.6483177e-05
0.014964456
1.6236927e-05
1.6938376e-05
1.6335253e-05
1.6358235e-05
1.6093444e-05
1.5792687e-05
1.5964633e-05
1.6134148e-05
0.0017066268
1.5807944e-05
1.6036185e-05
0.00018776622
1.5795108e-05
1.644819e-05
1.5840923e-05
1.6464839e-05
1.6214079e-05
1.5804758e-05
1.6308356e-05
1.5873112e-05
9.4170271e-05
1.6538227e-05
1.5861393e-05
0.0020216399
1.6953795e-05
1.5793552e-05
0.0015888304
0.0021178703
1.622167e-05
0.0027294308
1.5979175e-05
1.6905631e-05
0.00014084028
1.6871744e-05
1.6841892e-05
1.6118685e-05
6.5931784e-06
1.6231156e-05
1.5909813e-05
1.5821559e-05
1.6776713e-05
0.00086199039
1.6517571e-05
1.5889733e-05
1.5993963e-05
0.0018546726
1.603398e-05
1.6619452e-05
1.6198225e-05
2.166356e-05
1.5954395e-05
1.6399838e-05
0.00010251829
1.5874248e-05
1.6362622e-05
0.0018006478
1.6440609e-05
1.6042743e-05
0.0008802205
1.5802354e-05
1.6367451e-05
1.5864465e-05
1.5637645e-05
1.6561638e-05
1.7244724e-05
1.6026888e-05
1.5853983e-05
1.614209e-05
1.5851026e-05
1.8669119e-05
1.5845464e-05
1.5890096e-05
0.0017198942
1.5842601e-05
1.6360727e-05
0.0030985043
1.583924e-05
1.6610401e-05
1.5836369e-05
1.6204125e-05
1.7037845e-05
1.6111395e-05
1.6145264e-05
1.6088604e-05
2.2292814e-05
1.6171263e-05
1.5905852e-05
1.5794871e-05
1.6466742e-05
0.00022174366
0.0027069485
1.6529256e-05
1.5803257e-05
1.6593865e-05
1.613314e-05
1.6041154e-05
0.0010371896
1.6003717e-05
1.6497187e-05
1.6328815e-05
0.0057023256
1.6705423e-05
1.6498854e-05
1.8573973e-05
1.6354529e-05
1.6030246e-05
2.1340742e-05
1.5850647e-05
1.5846227e-05
1.6496725e-05
1.5867057e-05
1.5846608e-05
1.5829536e-05
1.5846023e-05
1.6025268e-05
1.6404418e-05
1.6423563e-05
1.6404238e-05
6.585102e-05
1.5836051e-05
0.016240936
1.590084e-05
1.6491692e-05
1.6217266e-05
1.622923e-05
2.6174112e-05
0.00075054037
1.6472693e-05
1.6117645e-05
1.6250415e-05
1.6691527e-05
0.0011955572
1.6013686e-05
0.014515668
1.6469031e-05
1.6517717e-05
1.6472396e-05
1.7049838e-05
1.6753405e-05
1.6880006e-05
1.6568971e-05
1.67804e-05
1.5803454e-05
2.4476545e-05
1.6035962e-05
1.6326464e-05
1.663746e-05
1.588653e-05
1.7901416e-05
1.6696185e-05
1.6693189e-05
3.2950329e-05
0.0037686628
1.6511699e-05
1.6476478e-05
0.00028443454
1.6619586e-05
1.8779845e-05
1.7563464e-05
1.5926729e-05
3.6096427e-05
0.00011058585
1.6455846e-05
0.00022715906
1.5787758e-05
0.00043943604
0.0040021722
0.001118201
1.7798942e-05
1.5980912e-05
0.0036651688
1.7455613e-05
0.0025131852
1.6336528e-05
1.5892384e-05
1.6396352e-05
1.6063219e-05
0.0064026709
2.29914e-05
1.7965859e-05
1.6523389e-05
1.6381407e-05
1.6364591e-05
1.6297755e-05
1.8015094e-05
1.6351904e-05
0.0019764882
1.688249e-05
1.6478568e-05
1.6245788e-05
1.6308135e-05
1.5897983e-05
2.2999929e-05
1.6340095e-05
1.8475541e-05
1.5915671e-05
1.6435705e-05
0.0064172778
1.5835094e-05
1.5853326e-05
1.6524384e-05
1.6418462e-05
1.6445652e-05
1.6409328e-05
1.7279993e-05
1.6434974e-05
7.3610576e-05
1.584528e-05
1.6280582e-05
1.6522365e-05
1.6799629e-05
1.6009013e-05
1.6346452e-05
1.5980732e-05
1.6574197e-05
1.7373275e-05
1.5836922e-05
1.6538107e-05
0.0015725921
0.00011355563
0.0037947784
1.5825683e-05
1.6575717e-05
0.0019939895
2.5685028e-05
1.6649135e-05
0.00054848805
1.6145675e-05
1.6325482e-05
0.00067544922
0.00070375036
2.1328955e-05
1.6878263e-05
1.6649814e-05
1.6153163e-05
2.2245472e-05
1.5823313e-05
1.6563152e-05
1.5866229e-05
1.6234875e-05
0.00032333564
1.5942545e-05
0.000550508
0.00011289331
1.6194207e-05
1.6189783e-05
1.6499203e-05
0.0033846686
1.5897759e-05
1.6092634e-05
1.6044825e-05
1.5845596e-05
1.6785185e-05
1.6091962e-05
1.6498422e-05
0.0012266009
1.8578547e-05
1.60668e-05
0.0044966959
1.6133594e-05
0.0023846625
0.00087187319
1.6424392e-05
1.6639516e-05
1.6464627e-05
1.5821556e-05
1.5821864e-05
1.6138078e-05
1.6567929e-05
0.00087102544
1.7279926e-05
0.0012050199
0.00087969608
1.6450866e-05
1.6054315e-05
1.6497787e-05
0.0028898009
1.6733969e-05
1.5909192e-05
1.5896246e-05
0.00049259805
0.00017994086
1.634328e-05
0.0012129849
1.5963463e-05
2.0596348e-05
1.6527949e-05
1.6517841e-05
1.636442e-05
1.625706e-05
0.0047007621
1.6233486e-05
0.0027602548
1.6617295e-05
1.6369083e-05
1.5792219e-05
1.9893447e-05
0.002446457
1.6124321e-05
2.9669298e-05
1.6211101e-05
1.5885026e-05
1.5864763e-05
1.6508918e-05
0.00038279283
1.643221e-05
1.6189775e-05
0.0066195575
0.00058513069
1.6526434e-05
1.5787384e-05
1.6104971e-05
1.6385344e-05
1.6460618e-05
0.0043702107
0.0020085931
1.6205823e-05
1.6402335e-05
1.6337863e-05
1.6553895e-05
1.674992e-05
0.00030671256
1.6501456e-05
0.0004092303
0.00025429153
1.6029462e-05
1.6266435e-05
1.6593797e-05
1.6266347e-05
1.6069343e-05
1.6497566e-05
1.7849052e-05
1.6917605e-05
1.6493247e-05
1.6422475e-05
1.6524721e-05
0.0099727642
0.0020598769
1.6709404e-05
1.5998824e-05
0.011531761
1.6439948e-05
1.6568386e-05
1.6215485e-05
0.011988616
1.5841175e-05
0.00033629398
1.5880082e-05
1.6470886e-05
0.002045796
0.00020057494
1.6177771e-05
1.6504311e-05
1.7298105e-05
1.6086581e-05
0.0024336014
1.7682707e-05
1.725465e-05
7.9434282e-05
0.011627567
1.6576713e-05
1.6402174e-05
1.6312203e-05
1.6326688e-05
1.6426101e-05
1.6810364e-05
1.5953191e-05
6.6312974e-05
2.7250054e-05
1.6669865e-05
1.5802652e-05
1.6475512e-05
1.6882694e-05
0.0021245298
1.6544143e-05
1.6348618e-05
0.0011576902
1.6521384e-05
1.6502104e-05
1.6726204e-05
0.006055466
1.5859422e-05
0.0028224124
1.5841333e-05
0.00010224123
1.6456666e-05
1.6566776e-05
1.6547302e-05
0.00053701408
0.0004877105
1.8075452e-05
1.6742261e-05
1.6294835e-05
1.6176772e-05
1.650725e-05
1.6148576e-05
1.578485e-05
1.6926524e-05
1.6004765e-05
1.5847071e-05
1.5821004e-05
4.1961594e-05
1.6464378e-05
1.5820044e-05
0.0035448069
1.6596177e-05
0.0068759533
1.6419429e-05
0.0029612745
1.6805334e-05
1.6486389e-05
1.5846614e-05
1.6506849e-05
1.6993338e-05
1.6537896e-05
0.0019026388
1.5997586e-05
1.6441556e-05
0.00022512663
0.00069777329
1.5873976e-05
0.0026843116
1.6422508e-05
3.0227584e-05
1.6580462e-05
3.4075866e-05
9.4306943e-05
1.5932874e-05
1.643326e-05
1.606609e-05
1.6412021e-05
1.6501766e-05
2.356622e-05
1.7180519e-05
1.5999196e-05
0.00087436755
1.645598e-05
1.6412305e-05
1.5830809e-05
1.6471284e-05
1.6503996e-05
1.6620419e-05
1.6494574e-05
0.0042630875
1.6386254e-05
1.590356e-05
1.6009292e-05
0.00056193624
1.69781e-05
0.0039351907
1.6194324e-05
1.6501034e-05
1.7965067e-05
2.3578466e-05
1.6352322e-05
1.642718e-05
1.5855248e-05
1.6478231e-05
1.665694e-05
2.3831694e-05
1.5923863e-05
1.5829846e-05
0.0018700263
0.01123961
1.7467519e-05
1.6554896e-05
0.0027572155
1.6696376e-05
1.6519274e-05
0.00028330709
1.6390089e-05
3.1796057e-05
1.5827316e-05
1.71597e-05
0.0042118673
1.6047754e-05
0.00088247572
0.0020700671
1.6422984e-05
0.00189362
1.9958441e-05
1.679015e-05
1.6434771e-05
1.649779e-05
6.6160314e-05
0.0052428178
0.0014210548
1.7854977e-05
1.6426744e-05
1.6013624e-05
0.0021646576
1.6365655e-05
1.6553158e-05
1.6248525e-05
1.5787088e-05
1.6399351e-05
1.6186914e-05
1.8015699e-05
1.6476751e-05
1.6109522e-05
0.0050343384
1.6537006e-05
1.5878969e-05
0.00022670553
1.6433386e-05
1.6801216e-05
1.6904856e-05
0.00011566586
1.6259904e-05
1.605265e-05
1.5806739e-05
1.5862841e-05
1.5831161e-05
1.6037925e-05
0.0018739458
0.0011612325
1.5909567e-05
1.5900522e-05
1.6196107e-05
1.6556658e-05
2.2255044e-05
1.6500314e-05
0.0011735052
1.6357647e-05
0.0050173211
1.6820626e-05
1.6433011e-05
0.0010243077
1.7023074e-05
1.6004523e-05
1.646827e-05
1.6436914e-05
1.6414129e-05
1.6513274e-05
0.011689704
0.00027285511
1.5785604e-05
1.6037273e-05
1.6517894e-05
1.6131568e-05
1.5842703e-05
0.0013848474
1.5806386e-05
0.0079133376
1.6749727e-05
0.0043574116
2.4412214e-05
0.00020854969
1.6363059e-05
1.6479214e-05
1.6679089e-05
1.5843559e-05
1.5786836e-05
1.5930271e-05
1.5996576e-05
1.6506551e-05
0.00035972369
1.643575e-05
1.5848279e-05
1.6045152e-05
1.6342503e-05
0.00032505561
2.1531824e-05
0.0042185895
1.6513677e-05
1.606025e-05
1.6558661e-05
1.6227558e-05
0.003607713
1.5802517e-05
0.0028782407
1.6562515e-05
1.581796e-05
1.5789966e-05
1.5897197e-05
1.6330544e-05
1.6360412e-05
0.0026827206
1.6947148e-05
1.6417854e-05
7.9535562e-05
0.00010324909
1.6246138e-05
1.640124e-05
0.003029828
6.3980645e-06
1.6337289e-05
1.7243971e-05
1.6261448e-05
1.6390515e-05
1.6685875e-05
0.0048443515
1.6143401e-05
0.004583607
1.645832e-05
0.00013384304
1.6478127e-05
0.00087417718
1.6877674e-05
1.6435693e-05
0.000881515
1.6478113e-05
1.6056089e-05
2.5919563e-05
1.6494156e-05
0.00062774689
1.5793355e-05
0.0011352338
1.6435402e-05
1.6040866e-05
1.6494616e-05
1.6394942e-05
1.6513966e-05
1.5861338e-05
0.00038181409
1.6439059e-05
1.6504211e-05
1.6976569e-05
0.0015581604
1.6264517e-05
1.6804094e-05
1.6979333e-05
1.6427817e-05
1.6756435e-05
1.6435412e-05
1.6455565e-05
2.2211467e-05
0.0013383541
1.6453367e-05
1.5915502e-05
1.6913416e-05
2.4876643e-05
0.0030276937
1.6472892e-05
1.6489562e-05
1.5899238e-05
3.6909825e-05
0.0046295193
1.5800372e-05
1.6256387e-05
1.6280971e-05
0.0011970043
1.6501512e-05
1.5930814e-05
1.6434061e-05
1.6345133e-05
1.6250936e-05
1.6371231e-05
1.6425694e-05
0.00016893458
1.6500915e-05
1.6691835e-05
1.602881e-05
1.666082e-05
1.6580004e-05
1.6808138e-05
1.6020996e-05
1.5838105e-05
1.5885949e-05
8.4851409e-05
1.5928891e-05
1.602861e-05
1.6142873e-05
0.0014233431
1.6573441e-05
1.6424652e-05
1.5861508e-05
1.6503465e-05
1.6395258e-05
0.016652677
0.0020582085
1.6503238e-05
1.7156866e-05
1.6907338e-05
1.6342062e-05
1.5932565e-05
1.5801084e-05
1.6567235e-05
1.7231848e-05
4.0873162e-05
1.5903702e-05
1.5992428e-05
1.7159082e-05
1.6253691e-05
2.5961585e-05
0.001236961
0.0051046743
1.8069701e-05
2.8431929e-05
1.6527309e-05
1.851643e-05
1.60605e-05
0.003243783
1.6389881e-05
1.6388862e-05
0.00069380145
1.6471816e-05
1.6391687e-05
1.6314759e-05
0.0015274211
1.6254024e-05
1.6338573e-05
0.0011394245
0.0021897058
1.6506644e-05
1.5862768e-05
0.0018503054
1.5806084e-05
1.7600415e-05
1.6411719e-05
1.6078793e-05
1.7903041e-05
0.009580836
1.5861922e-05
0.00089843401
0.001978172
1.6459315e-05
0.002031756
1.6437803e-05
0.0017903394
1.5816116e-05
1.5956619e-05
0.00024968019
1.6151568e-05
1.5884724e-05
1.6043997e-05
1.5927175e-05
1.6043675e-05
0.0018336072
1.6469639e-05
0.011791412
1.5877672e-05
2.1437462e-05
1.8531774e-05
1.6254682e-05
1.6539851e-05
2.8734638e-05
2.2536571e-05
0.0071204059
0.00010830063
1.5951049e-05
2.0112146e-05
0.0089307058
0.003528387
1.6307559e-05
2.0039586e-05
0.0001402807
1.6440207e-05
1.7357145e-05
0.001113453
1.6145958e-05
1.6271256e-05
1.6363408e-05
0.0018751449
1.6432272e-05
0.0039210286
1.6210035e-05
1.6351376e-05
1.5897147e-05
0.0004617829
1.5903068e-05
1.6317792e-05
1.5818962e-05
1.6512444e-05
1.5845001e-05
1.6552155e-05
1.680297e-05
0.0030001077
0.0032472534
1.7139133e-05
0.0025569101
1.5910275e-05
0.00090451141
7.8340524e-05
1.5830398e-05
0.016914059
1.5872493e-05
1.5991071e-05
0.000401996
0.010863338
2.0086224e-05
1.6798888e-05
0.0020641211
1.5816572e-05
1.6438978e-05
0.00018809805
1.650097e-05
0.00040408056
0.011461316
1.5802207e-05
0.0004712232
0.0018532394
1.7326588e-05
1.6416425e-05
2.2210284e-05
1.6238694e-05
1.5931024e-05
1.6267176e-05
1.6077356e-05
1.6500136e-05
1.5872689e-05
1.604406e-05
3.0082349e-05
1.6593495e-05
1.6517005e-05
1.643425e-05
0.0014916432
0.0056684886
1.6517862e-05
1.6353255e-05
1.6035794e-05
1.6091635e-05
1.6327613e-05
0.0049598143
1.6437511e-05
1.6618734e-05
0.0009101354
1.6195931e-05
1.6611754e-05
1.6626327e-05
0.016658532
0.011396413
1.6365786e-05
2.3151865e-05
0.00023509984
1.6432786e-05
1.6266916e-05
0.016074637
0.0044439189
1.6618234e-05
0.01143189
1.6327397e-05
1.6140604e-05
0.0019210015
1.6498402e-05
1.5788611e-05
0.00021380052
0.0020100063
1.6065433e-05
1.6557558e-05
1.5602321e-05
5.0500824e-05
0.00047008488
0.00064818648
1.6057855e-05
1.5840854e-05
0.010254678
1.7012511e-05
1.634494e-05
5.1775308e-05
0.0027582167
0.0061482518
1.6500744e-05
0.0067196711
0.0026187483
1.6317354e-05
1.5879547e-05
0.0031696558
1.6038091e-05
1.6109843e-05
1.5998485e-05
1.6275758e-05
1.6794963e-05
0.00052473573
0.0031131891
0.0011196889
5.0634e-05
1.6495754e-05
2.91574e-05
1.5979541e-05
2.872725e-05
1.6749296e-05
1.5848463e-05
0.00091546051
0.00068947345
1.7236054e-05
0.0019805391
1.7823148e-05
1.649035e-05
1.6337503e-05
1.6809707e-05
1.6559664e-05
1.5887516e-05
1.6362353e-05
1.6476219e-05
0.00015997731
0.0063765005
1.5917152e-05
1.5923796e-05
1.5843399e-05
0.0047848235
6.0775182e-05
1.9785214e-05
1.6441852e-05
1.6195612e-05
1.6430979e-05
1.7124495e-05
1.6930723e-05
1.6432621e-05
0.0017369209
1.5981033e-05
0.0028065533
0.0038488404
0.00091517637
0.00076980615
3.6608287e-05
0.00037569641
1.674169e-05
1.6455776e-05
1.6429837e-05
0.0016538004
1.6782409e-05
3.0020684e-05
8.6751221e-05
1.6498027e-05
1.5787917e-05
1.6377585e-05
0.0015476122
1.8589092e-05
1.5951755e-05
1.6059277e-05
3.705892e-05
1.6520079e-05
1.5826176e-05
1.6547621e-05
1.6546254e-05
1.6371872e-05
1.6524308e-05
1.6424299e-05
1.6495378e-05
0.00018301051
0.0003122087
1.6271288e-05
3.2285614e-05
0.0010953271
0.0026555346
0.011552207
5.46038e-05
0.0032712773
1.4133404e-05
1.6500759e-05
1.5882809e-05
1.6569405e-05
1.6109294e-05
0.0035686259
0.0073266733
1.6269627e-05
1.6362915e-05
0.0014254874
1.6499854e-05
1.6293171e-05
1.5854603e-05
1.6085277e-05
0.00044567339
1.6284087e-05
1.6166136e-05
1.6556067e-05
0.0011846914
1.6500327e-05
0.0050533868
1.6536548e-05
1.643352e-05
0.00054247911
0.0020778099
1.6524061e-05
8.4910624e-05
0.00015912793
0.00012413117
1.5846905e-05
0.0019982288
1.6613283e-05
4.8830421e-05
0.0020667463
1.5917593e-05
0.0049057706
1.5784291e-05
0.0026915079
0.00015016996
1.6010619e-05
1.6413757e-05
1.5988596e-05
1.5838834e-05
0.00092783966
1.6070705e-05
0.00076191235
3.425623e-05
0.0002893689
0.0027525879
1.7112682e-05
1.5825019e-05
1.5892668e-05
0.00091957183
0.0075911928
1.6053799e-05
1.596513e-05
1.6300738e-05
0.0017915868
6.6270748e-05
0.0022016374
1.610863e-05
1.8153518e-05
0.0019420064
1.5915955e-05
1.6081194e-05
1.6477347e-05
0.0076326799
0.0046427798
1.5861606e-05
0.0019719651
0.0011016892
5.6256262e-05
1.5815059e-05
1.6383951e-05
0.0016546804
0.0021538219
0.015861839
1.6556691e-05
1.6409745e-05
1.650361e-05
1.6280904e-05
0.0005523498
1.5972773e-05
0.00050945728
1.5841942e-05
1.6235159e-05
1.6445273e-05
1.6073746e-05
1.6727313e-05
1.580269e-05
1.5823579e-05
1.6534542e-05
1.6506077e-05
1.5873405e-05
2.5031409e-05
0.0079797447
1.8007494e-05
1.5881481e-05
0.00059517047
0.00027402772
1.6694314e-05
1.6375271e-05
1.7839757e-05
0.00080980174
1.6582688e-05
0.00093118324
0.0022210817
1.6433493e-05
1.5815506e-05
0.0012967283
1.631435e-05
0.0020140376
1.6509343e-05
0.0010771036
1.6188526e-05
1.6520779e-05
0.0015335416
0.00080402492
3.7393951e-05
3.4407894e-05
1.701806e-05
0.0018445334
1.6030669e-05
1.3957018e-05
1.6137052e-05
1.6395659e-05
1.6780065e-05
1.651975e-05
0.0010735626
0.011583446
1.6372366e-05
1.6521755e-05
0.0028797477
1.653305e-05
0.0096196139
1.6362284e-05
1.6425429e-05
4.6425545e-05
1.6061679e-05
1.5853143e-05
0.001259585
1.6397159e-05
1.6552918e-05
1.6532829e-05
0.0013843207
1.6577373e-05
1.6155311e-05
1.5920467e-05
6.6758696e-05
1.5873706e-05
2.4003228e-05
1.6439752e-05
1.6132703e-05
1.6478014e-05
1.6178576e-05
1.6585652e-05
1.9106897e-05
0.0038318544
1.5896214e-05
3.305157e-05
3.5321057e-05
1.694874e-05
2.142318e-05
1.643178e-05
1.5795207e-05
1.6996952e-05
0.0014751292
1.6421256e-05
1.6336784e-05
0.0026684416
0.0031952002
0.00063573565
0.0011173212
1.6083831e-05
1.6509462e-05
1.5957541e-05
1.583938e-05
1.6503441e-05
0.00092017801
1.6536377e-05
1.5948548e-05
0.0042942038
1.5795751e-05
4.7515169e-05
0.0017730441
1.7204724e-05
1.7087295e-05
1.6518242e-05
1.6357532e-05
1.7779463e-05
1.6355965e-05
1.6562569e-05
0.00070613385
0.0035386692
1.6412477e-05
0.000723283
3.3192676e-05
0.0018343282
0.0019148042
1.5824691e-05
0.014869398
0.00013946569
1.5958526e-05
0.0021576879
1.6652148e-05
1.6406208e-05
1.6500919e-05
0.0010806493
1.6522561e-05
0.002433093
1.617714e-05
0.000214082
1.5819132e-05
1.657579e-05
1.6536557e-05
1.6488518e-05
3.1709605e-05
1.5922907e-05
1.5842678e-05
9.3155086e-05
1.7237503e-05
0.0028344197
1.5785541e-05
0.0025939236
1.6555345e-05
0.0010565658
1.609804e-05
1.6665488e-05
0.0013211257
1.6776983e-05
0.0028331913
1.5922062e-05
0.0020530671
1.6642587e-05
0.0022765551
0.0010392553
0.014227875
1.6482659e-05
1.6574247e-05
0.00062747146
0.0029992658
0.0020814663
1.6412238e-05
1.5887338e-05
0.0021311515
0.0021214132
1.6498467e-05
0.0041654787
0.0014183997
1.6099377e-05
1.5908825e-05
1.6491049e-05
1.6329747e-05
0.0174234
0.00096155507
1.6388971e-05
1.6470687e-05
1.639785e-05
1.649984e-05
0.0010616757
2.6329683e-05
1.5965369e-05
1.6410476e-05
1.8325172e-05
1.61058e-05
0.0018067113
1.7359739e-05
1.6348897e-05
1.61341e-05
0.00026449444
1.6169806e-05
1.6117549e-05
1.6548854e-05
1.6484336e-05
0.001930757
0.00019885785
1.6703214e-05
1.6424413e-05
0.0040248246
5.6868961e-05
1.6410197e-05
1.5932466e-05
0.0010429947
1.5797238e-05
1.6296176e-05
1.6683877e-05
1.631318e-05
1.6784227e-05
1.6497328e-05
0.00069897188
1.64562e-05
1.5879425e-05
1.5844758e-05
1.6548048e-05
3.6157495e-05
1.6822127e-05
1.645188e-05
1.6494594e-05
1.6210785e-05
1.6824786e-05
1.5999531e-05
1.5887854e-05
1.5840669e-05
1.6511515e-05
1.6617555e-05
1.5813221e-05
1.6425368e-05
3.86501e-05
1.6349689e-05
1.6317797e-05
1.644828e-05
1.6417946e-05
6.3392939e-05
1.5956883e-05
1.594741e-05
0.0064541601
0.0001252039
1.611409e-05
0.0020072979
1.6086502e-05
1.60371e-05
1.6506611e-05
1.6494508e-05
0.00020322754
1.6093155e-05
1.6567029e-05
1.6817886e-05
0.0017653417
1.5985386e-05
1.587317e-05
1.6751993e-05
1.6523364e-05
1.6553354e-05
1.6360473e-05
1.5847452e-05
1.7396973e-05
1.5824755e-05
0.0054790106
1.5970794e-05
0.00023120206
1.5928285e-05
1.5840607e-05
1.6260645e-05
1.6445188e-05
1.6397033e-05
1.6286562e-05
1.5907873e-05
1.5831681e-05
1.595774e-05
0.00069966978
1.6398912e-05
1.6210659e-05
1.597131e-05
1.603293e-05
1.6477979e-05
1.5851979e-05
0.00081173854
1.594092e-05
5.3505681e-05
1.6642911e-05
1.6289386e-05
0.0004607234
0.0020827457
1.5877506e-05
1.6361659e-05
1.5807324e-05
1.6068423e-05
0.00069553352
0.0072836706
1.6170866e-05
1.5824846e-05
1.6260776e-05
1.6469294e-05
1.6176612e-05
1.5868629e-05
0.00061001265
1.6496703e-05
1.6440685e-05
0.00017528584
1.6441408e-05
1.5937911e-05
1.6504855e-05
1.6761366e-05
1.6888765e-05
2.2715934e-05
1.63643e-05
1.6513887e-05
1.5828559e-05
1.6382497e-05
0.011184279
1.6924447e-05
1.6321635e-05
1.5837376e-05
1.5843791e-05
1.6003335e-05
1.6460685e-05
1.5839e-05
1.6445468e-05
1.6832794e-05
1.6656922e-05
1.6370831e-05
1.5830583e-05
1.5810538e-05
1.6395227e-05
1.6472362e-05
0.0014739087
1.6383655e-05
0.015124347
1.6502247e-05
0.00012409324
1.583141e-05
1.656868e-05
1.6522557e-05
1.6465106e-05
0.00013915008
1.5964576e-05
1.6216804e-05
0.0008783209
1.6498505e-05
1.6098695e-05
0.0031491019
1.6412502e-05
1.6383142e-05
1.6623442e-05
1.5888139e-05
1.6494355e-05
1.5980737e-05
1.5823404e-05
1.6157905e-05
1.5964209e-05
1.6484297e-05
1.6387951e-05
1.6104844e-05
1.6200504e-05
1.6322387e-05
1.7051915e-05
1.6021157e-05
1.5827929e-05
1.6971832e-05
1.649452e-05
1.674209e-05
1.6325005e-05
0.00016377896
1.5822945e-05
1.6039736e-05
1.6549365e-05
1.6830794e-05
0.00055898479
0.0046031479
1.5850259e-05
1.589881e-05
1.5969364e-05
1.6172988e-05
1.6386468e-05
1.6191758e-05
1.613106e-05
1.6366543e-05
1.651957e-05
1.6098677e-05
2.9691495e-05
1.7195961e-05
0.001771435
1.6506446e-05
1.630838e-05
1.5991963e-05
0.008508239
1.6446017e-05
1.6413051e-05
1.578959e-05
1.644599e-05
1.5825327e-05
1.5846984e-05
1.6438073e-05
0.004582248
1.6744219e-05
1.5911448e-05
0.0018397969
1.6431501e-05
1.6508101e-05
1.6358039e-05
1.58758e-05
1.6393567e-05
1.6360158e-05
1.6450429e-05
1.5868555e-05
2.7971723e-05
1.6968948e-05
1.5888891e-05
2.2942901e-05
1.6506157e-05
1.5852306e-05
1.5965348e-05
1.6434961e-05
1.6310996e-05
0.0029445257
1.6445531e-05
1.6435181e-05
1.6482368e-05
1.6519311e-05
1.5997859e-05
1.618715e-05
1.6400197e-05
1.6221193e-05
1.5878073e-05
1.6438413e-05
1.5918176e-05
1.5895844e-05
1.6432673e-05
1.5915714e-05
1.6410087e-05
1.6313941e-05
1.6354669e-05
1.599578e-05
1.6407637e-05
8.7523464e-05
1.6821158e-05
1.6460071e-05
1.587468e-05
1.6944564e-05
0.00012757689
1.7042914e-05
1.621815e-05
1.5929837e-05
1.5973307e-05
1.6659399e-05
1.7604022e-05
1.6056106e-05
0.00075458911
1.6495279e-05
1.6285026e-05
0.0003777817
0.0010773886
1.5831156e-05
1.6055225e-05
1.5794241e-05
1.6501341e-05
1.6687856e-05
1.5994296e-05
1.6457384e-05
1.586116e-05
1.6432886e-05
1.6504116e-05
1.6152953e-05
1.5834296e-05
1.6497195e-05
0.00045837585
0.0028519222
1.5976849e-05
1.6225933e-05
1.5790802e-05
1.7815738e-05
1.6263939e-05
1.6398998e-05
1.6498737e-05
1.6818838e-05
1.655754e-05
1.5923395e-05
0.00029080611
1.581689e-05
0.0030241009
0.00012605342
1.6434563e-05
1.5865462e-05
1.5827821e-05
1.6307676e-05
0.010612651
1.6060797e-05
0.0028891063
1.6410087e-05
1.6512033e-05
2.4389351e-05
1.6617825e-05
1.5990131e-05
1.6351183e-05
1.6426963e-05
1.6482638e-05
1.6061655e-05
1.5917715e-05
1.6959235e-05
1.5842156e-05
1.5800985e-05
1.6450705e-05
1.7679851e-05
1.5842683e-05
1.6316876e-05
1.6969756e-05
0.0027135006
1.6059791e-05
1.6123512e-05
1.6025547e-05
1.6961791e-05
1.5848245e-05
1.668602e-05
0.00046057057
1.5789948e-05
0.00038686792
2.8779144e-05
3.6553355e-05
0.00017472397
1.6304381e-05
0.0028957505
1.6487521e-05
1.6489406e-05
1.6218711e-05
1.7103949e-05
1.6668579e-05
1.5841117e-05
1.6801501e-05
1.5790207e-05
1.5993039e-05
1.7111309e-05
3.4090752e-05
1.8486654e-05
1.5939424e-05
1.624862e-05
1.6400737e-05
1.6390672e-05
1.6528097e-05
0.0074024619
1.5832612e-05
1.6798e-05
0.002139757
2.9244459e-05
1.5853576e-05
1.6133555e-05
1.6437665e-05
1.7441763e-05
1.5902541e-05
1.643095e-05
1.5892403e-05
1.6702323e-05
1.6614632e-05
1.5916404e-05
0.00026356395
1.6538787e-05
1.6107342e-05
1.9022634e-05
1.6148775e-05
1.6655958e-05
1.6518804e-05
1.649626e-05
1.6986042e-05
1.6537871e-05
1.6805569e-05
1.6504659e-05
1.6343519e-05
1.6013086e-05
1.6354704e-05
1.7359716e-05
1.5858344e-05
1.6363043e-05
1.6286085e-05
1.5876242e-05
1.6517589e-05
1.5964943e-05
1.5985389e-05
1.6453484e-05
2.6437627e-05
1.6014184e-05
1.624307e-05
1.5866029e-05
1.6494926e-05
1.6755965e-05
0.004030834
1.5833428e-05
0.0029116847
1.5512527e-05
1.639201e-05
1.6464787e-05
1.595145e-05
1.6462005e-05
1.6970153e-05
1.6739026e-05
1.6496102e-05
0.0049484107
1.5899805e-05
1.5992881e-05
0.011104993
1.6499257e-05
1.6002699e-05
1.7040714e-05
1.579475e-05
1.5982004e-05
1.636754e-05
1.6274436e-05
0.0008725932
1.7023213e-05
1.6185587e-05
1.6410921e-05
1.6287416e-05
1.6134816e-05
1.582483e-05
1.6411252e-05
1.5840277e-05
1.6157325e-05
1.6155304e-05
1.6428869e-05
1.581531e-05
1.6346014e-05
1.6472332e-05
1.6513974e-05
1.6005865e-05
0.0012458141
1.5793682e-05
0.0010668314
1.701401e-05
4.5667587e-05
1.5841677e-05
1.5898277e-05
1.5908289e-05
1.5786319e-05
6.6082276e-05
1.6455759e-05
1.6238708e-05
0.00018104045
1.6144427e-05
0.00018869686
1.5885099e-05
1.7102217e-05
1.5853693e-05
0.00059431036
1.6393495e-05
1.6483459e-05
1.6385177e-05
1.5890824e-05
1.6462863e-05
1.6196481e-05
1.645796e-05
1.6475569e-05
1.5893025e-05
1.6535812e-05
1.5946752e-05
1.5999932e-05
1.638453e-05
1.649671e-05
1.5882852e-05
1.643366e-05
1.6522793e-05
0.0003228959
1.6837035e-05
1.6959903e-05
8.9343148e-05
0.00077396623
1.5877066e-05
1.6471737e-05
1.5939107e-05
1.5913478e-05
1.5817353e-05
2.0101433e-05
1.5807606e-05
1.6845433e-05
0.001340516
1.649698e-05
1.6525795e-05
1.6365859e-05
1.6053945e-05
1.6703209e-05
2.002125e-05
1.7000045e-05
1.5788556e-05
1.6551965e-05
1.6523084e-05
1.6493998e-05
1.5931175e-05
0.0163567
1.7036026e-05
1.6434943e-05
0.0013023373
1.6627458e-05
1.6248961e-05
1.581645e-05
1.6143645e-05
1.6409804e-05
1.5787436e-05
1.6495107e-05
1.5924742e-05
0.0047449552
0.0033466059
1.704439e-05
1.4816262e-05
1.6039477e-05
1.5800333e-05
1.6156307e-05
1.6896166e-05
1.6493911e-05
1.5906946e-05
1.625995e-05
1.6473693e-05
0.0063360003
2.0722345e-05
1.6758286e-05
1.6803981e-05
1.5884626e-05
1.6534087e-05
1.6244497e-05
1.6583254e-05
2.41286e-05
1.6503309e-05
1.6422169e-05
1.6509315e-05
1.8041921e-05
1.6013742e-05
1.6177825e-05
1.6134182e-05
1.649658e-05
1.727788e-05
1.6496326e-05
1.5856139e-05
1.5817786e-05
1.6168753e-05
1.6756872e-05
1.6547879e-05
1.6121295e-05
1.6421132e-05
1.5891412e-05
1.6145322e-05
1.6117283e-05
1.6495322e-05
1.7164114e-05
1.5836741e-05
1.6513262e-05
1.6498899e-05
1.6280407e-05
1.6585451e-05
1.605457e-05
7.1068167e-05
1.634956e-05
1.6428708e-05
0.00015566909
1.6432792e-05
1.6002683e-05
1.6119408e-05
1.5831089e-05
1.6554732e-05
1.6405889e-05
1.5890467e-05
1.5793133e-05
1.6008873e-05
1.6495064e-05
1.640316e-05
1.5980252e-05
1.6449572e-05
0.015921948
1.5873958e-05
1.6500252e-05
3.6056273e-05
1.6798533e-05
0.0028839079
1.6591248e-05
1.6410793e-05
0.002699508
1.8039892e-05
1.5786177e-05
0.00031239234
1.6248712e-05
1.6434959e-05
1.909798e-05
1.6500929e-05
2.2697278e-05
8.6395499e-05
2.6046588e-05
0.0093393084
1.6521848e-05
1.5819149e-05
0.0022940466
0.00046040529
1.6187492e-05
1.5796179e-05
1.6009219e-05
2.0727152e-05
1.5845544e-05
1.6207086e-05
1.5891123e-05
2.5419702e-05
0.016984687
1.6499736e-05
1.6175424e-05
0.00017278126
1.5945882e-05
0.0015883315
1.5826291e-05
1.6366447e-05
1.6434541e-05
1.5848594e-05
1.6081964e-05
0.016060665
1.5973805e-05
1.5559953e-05
1.5840198e-05
1.6512251e-05
0.0010750492
0.00051807221
0.00011644943
0.00014350899
1.6341876e-05
1.5976822e-05
1.6405879e-05
1.5821881e-05
1.5846558e-05
1.6725973e-05
1.6216102e-05
1.6491315e-05
1.6460083e-05
1.5972616e-05
0.012833184
1.6094571e-05
2.2871801e-05
1.6026617e-05
1.7000038e-05
1.6501006e-05
0.00027340064
1.5227047e-05
1.6425844e-05
1.6500377e-05
3.9249238e-05
1.6441475e-05
0.0026381713
1.5878871e-05
0.0002580696
1.5894623e-05
3.6775632e-05
1.6091074e-05
1.608933e-05
1.6959004e-05
1.6122059e-05
1.5787344e-05
1.6450682e-05
1.6416287e-05
1.6966726e-05
1.6158827e-05
1.6563352e-05
1.6406545e-05
1.6469423e-05
1.6051958e-05
1.6413658e-05
1.7238921e-05
1.6147684e-05
1.6499565e-05
1.6943693e-05
1.5928856e-05
1.585992e-05
0.0059546716
1.714631e-05
1.6005551e-05
1.5802317e-05
1.5811511e-05
1.6151138e-05
3.2404374e-05
1.5918904e-05
1.5798576e-05
1.6206157e-05
1.6473521e-05
1.6859166e-05
1.6520424e-05
1.8139676e-05
1.6172092e-05
1.5974417e-05
1.6377735e-05
1.6386397e-05
1.5955132e-05
0.0031255658
1.6468944e-05
0.00037404272
1.6401638e-05
0.00013620847
1.6534706e-05
1.6011107e-05
1.6033024e-05
1.5886295e-05
1.5917475e-05
1.6503178e-05
1.6590668e-05
0.0049472784
1.9794613e-05
0.0094314277
1.6116307e-05
1.6424652e-05
1.6294943e-05
1.6948399e-05
2.2882663e-05
1.6138129e-05
1.6798157e-05
1.6949247e-05
1.6142545e-05
1.6110306e-05
1.6843744e-05
1.5788628e-05
1.6416391e-05
1.6427981e-05
1.6139364e-05
1.6418766e-05
1.6466559e-05
1.6521617e-05
1.6019755e-05
1.584335e-05
1.6491513e-05
1.6066538e-05
0.0001276449
0.00087234245
0.0029798074
1.586628e-05
1.5787289e-05
1.640999e-05
1.6400815e-05
0.0013476122
1.6550906e-05
2.000238e-05
1.8350898e-05
1.6947552e-05
1.6118419e-05
0.00013643683
1.6494254e-05
1.6542799e-05
1.6554147e-05
1.5823907e-05
1.6040632e-05
1.6194942e-05
1.5813739e-05
1.6496691e-05
1.6891681e-05
1.5826108e-05
1.651428e-05
4.3594049e-05
1.6117561e-05
3.1923041e-05
1.5816734e-05
1.6321808e-05
1.6402571e-05
1.5872841e-05
1.652158e-05
1.5854175e-05
1.5832047e-05
0.00012792458
1.5839837e-05
1.5815743e-05
1.6353879e-05
1.6461124e-05
1.6546298e-05
1.5846972e-05
1.6411627e-05
1.5968115e-05
1.644852e-05
0.001994194
1.634707e-05
1.5964274e-05
1.7565658e-05
1.5801157e-05
1.612793e-05
1.6799809e-05
2.0892189e-05
1.6259919e-05
1.6139539e-05
1.5820153e-05
1.6599315e-05
1.5897914e-05
1.6135262e-05
1.9837962e-05
1.6069132e-05
1.6409091e-05
1.6493128e-05
0.00014700087
1.6099847e-05
1.6251397e-05
0.00052486578
1.5478959e-05
1.6182247e-05
1.6129034e-05
1.5903612e-05
1.9987681e-05
1.6181102e-05
1.6547775e-05
1.6514639e-05
1.6796454e-05
1.5996278e-05
1.5793593e-05
0.016937972
1.7283051e-05
1.6221509e-05
0.0040614642
0.00051655025
1.6458956e-05
1.6503026e-05
1.7684924e-05
1.5824805e-05
1.5787664e-05
0.015418606
0.0057886352
1.5894179e-05
1.61444e-05
1.6500904e-05
1.6364222e-05
2.5472931e-05
0.00021327375
1.6309055e-05
0.0012933256
1.7033796e-05
0.00011627743
1.6224413e-05
3.8920751e-05
1.6482282e-05
1.6299529e-05
2.1170217e-05
1.579708e-05
1.6767493e-05
1.6453746e-05
1.6802848e-05
3.6355335e-05
1.5962733e-05
3.8961733e-05
1.8204608e-05
1.6544449e-05
1.5985505e-05
1.6522695e-05
1.5921508e-05
1.6454702e-05
1.5945366e-05
2.8509979e-05
1.9693637e-05
1.65484e-05
1.6006857e-05
1.6532605e-05
1.6272979e-05
1.6034115e-05
1.6126096e-05
1.6495911e-05
0.00080964247
1.6346988e-05
1.6476953e-05
1.6112004e-05
3.6027299e-05
1.6379792e-05
1.6498383e-05
9.3257209e-05
1.6444017e-05
1.6121759e-05
1.6455321e-05
0.0048125774
2.7918461e-05
1.7124397e-05
1.6496644e-05
1.5934675e-05
1.6487392e-05
1.603382e-05
1.5941686e-05
1.6837042e-05
2.7012376e-05
1.6512215e-05
1.6588548e-05
1.6097872e-05
1.5786875e-05
1.6101814e-05
1.5801248e-05
1.5541852e-05
1.6135027e-05
1.5788464e-05
1.5942826e-05
1.6206127e-05
1.6551956e-05
1.7686632e-05
1.8017099e-05
1.6837415e-05
1.6372067e-05
1.624517e-05
1.6144002e-05
1.6421382e-05
1.6428474e-05
1.6353945e-05
1.7110508e-05
1.6510089e-05
1.6176537e-05
0.00034204595
1.5832202e-05
1.6371762e-05
1.6491721e-05
1.6327222e-05
1.6244536e-05
1.6612186e-05
1.6462873e-05
1.5787642e-05
1.5840817e-05
1.6359305e-05
1.6607807e-05
1.588125e-05
1.649793e-05
2.0833967e-05
1.6387041e-05
1.6382975e-05
1.6486813e-05
1.6428366e-05
3.6787317e-05
1.5918257e-05
1.5986982e-05
1.6500044e-05
1.6331802e-05
1.6589358e-05
0.00052051374
1.7269472e-05
0.0021111773
2.702183e-05
1.6439478e-05
1.6509934e-05
1.6205793e-05
1.6666976e-05
1.6929083e-05
1.5802618e-05
1.6213494e-05
1.6161607e-05
1.5947027e-05
1.6454104e-05
2.0897156e-05
0.0031354346
0.00019211788
1.5910076e-05
1.6108374e-05
1.5796294e-05
1.8201503e-05
0.00014311411
1.5786351e-05
7.971267e-05
1.6165635e-05
0.00021475701
1.6535917e-05
1.5799335e-05
0.00010946739
1.5831072e-05
1.6287594e-05
1.5808491e-05
1.6132675e-05
1.6584891e-05
1.6095282e-05
1.6303143e-05
1.6514676e-05
1.6080924e-05
0.00022721647
1.5853652e-05
1.6700859e-05
1.6515998e-05
1.6029119e-05
1.598835e-05
1.6031634e-05
1.6396413e-05
1.6249833e-05
1.6613032e-05
1.6890451e-05
1.6304033e-05
1.5936035e-05
1.5802367e-05
4.8457108e-05
1.586618e-05
1.5813975e-05
1.6500737e-05
1.6266427e-05
0.0020058377
1.6400334e-05
1.6360469e-05
1.5798671e-05
0.00025863314
1.6929289e-05
1.6504678e-05
1.6204972e-05
1.5984827e-05
1.5973785e-05
2.1176069e-05
1.6485501e-05
1.63474e-05
1.6497834e-05
1.6414493e-05
1.6365778e-05
1.6493609e-05
1.6512914e-05
0.00024979707
1.5911788e-05
1.6247902e-05
0.00023126078
0.0032299819
1.6476671e-05
1.6205047e-05
1.6372276e-05
1.6790628e-05
1.6547971e-05
0.0035080803
1.6415594e-05
1.6572483e-05
1.6385321e-05
1.6042373e-05
1.690722e-05
1.6495748e-05
1.6517852e-05
1.650484e-05
1.5785918e-05
1.6797245e-05
1.634441e-05
1.6640435e-05
1.5828794e-05
1.6522841e-05
1.632469e-05
1.6381791e-05
1.6457087e-05
1.582465e-05
1.5900287e-05
1.6505192e-05
1.6071441e-05
1.652056e-05
1.6461674e-05
0.00038997815
1.6640331e-05
1.585365e-05
1.6513585e-05
0.00090749599
1.6495749e-05
1.6471801e-05
0.0018324985
1.6411229e-05
1.6653186e-05
1.6911594e-05
2.852132e-05
1.5902337e-05
1.6486418e-05
1.6510406e-05
1.63576e-05
1.6253587e-05
4.8506967e-05
0.0008223787
1.6305935e-05
0.0041236025
1.5946383e-05
0.00022625334
1.6473683e-05
1.61648e-05
1.6031228e-05
1.6284954e-05
1.6465628e-05
1.6511024e-05
1.60719e-05
1.6351947e-05
1.5799171e-05
1.5913731e-05
0.00025952718
1.6505515e-05
1.5923242e-05
0.0021650343
1.590102e-05
1.6152645e-05
1.6118375e-05
1.6507322e-05
2.4449229e-05
1.616561e-05
0.00070872409
1.5835649e-05
1.6056527e-05
1.6505959e-05
1.6428626e-05
1.5827787e-05
1.5830772e-05
1.6081539e-05
1.6355543e-05
1.6410093e-05
1.6367268e-05
0.003264278
1.6377148e-05
1.6517561e-05
1.8598407e-05
1.6405835e-05
1.5875126e-05
1.651696e-05
1.6500824e-05
1.6076823e-05
1.6798897e-05
1.6479809e-05
0.0087287173
1.5902592e-05
2.496247e-05
1.6521112e-05
1.6410058e-05
1.5812141e-05
1.5645864e-05
1.6257879e-05
1.617496e-05
1.5993978e-05
1.6496306e-05
1.6500359e-05
0.00033504153
0.00068289693
1.679019e-05
1.6661507e-05
1.6134107e-05
1.5903645e-05
1.6500101e-05
1.6300025e-05
1.6437409e-05
1.5923394e-05
1.6027224e-05
1.870972e-05
0.00016389714
0.0015003917
1.642436e-05
1.5976605e-05
1.649404e-05
1.6254064e-05
1.5892869e-05
1.8928692e-05
1.5910099e-05
1.6410632e-05
1.6059922e-05
1.6408401e-05
2.0654888e-05
1.6434143e-05
1.6498881e-05
0.00052012539
1.6822818e-05
1.6488786e-05
1.6397298e-05
1.6018803e-05
1.6505261e-05
1.6319943e-05
1.6133865e-05
1.6495512e-05
1.642314e-05
1.6706058e-05
1.578691e-05
1.641385e-05
1.5899163e-05
0.0040754517
0.011276292
1.6001951e-05
1.6451928e-05
1.6491829e-05
1.6362299e-05
1.5868748e-05
1.6041247e-05
0.00031282458
1.6794324e-05
0.00023083467
1.6501629e-05
1.6364302e-05
1.6470602e-05
1.6374212e-05
0.0038369895
2.5350772e-05
1.6807819e-05
1.6537734e-05
1.5796427e-05
1.654394e-05
1.5868599e-05
0.0034417874
1.6038651e-05
1.6752244e-05
1.6517732e-05
1.6495414e-05
1.6504179e-05
1.6434955e-05
1.6036803e-05
1.586595e-05
0.0085121229
1.6445748e-05
2.0013268e-05
1.6266023e-05
1.6423757e-05
1.7149255e-05
1.5849201e-05
1.6491939e-05
1.5905779e-05
1.5875692e-05
1.5845701e-05
1.6449097e-05
1.6506744e-05
1.7013331e-05
1.632866e-05
1.587026e-05
1.7466239e-05
1.5912029e-05
1.9192687e-05
1.649897e-05
1.6498915e-05
1.643535e-05
1.6504413e-05
1.6273408e-05
1.6717308e-05
1.676074e-05
1.6543021e-05
1.6371873e-05
1.5799153e-05
1.6695288e-05
0.0016304061
1.650206e-05
1.6432494e-05
1.6509752e-05
2.7933139e-05
1.651589e-05
1.6464834e-05
1.6171502e-05
1.5911165e-05
1.6382595e-05
1.6044875e-05
1.6501804e-05
1.6482563e-05
1.6560215e-05
1.6381234e-05
1.6445827e-05
1.6102105e-05
1.7323508e-05
0.00089924333
1.6266372e-05
1.5845266e-05
1.5856869e-05
0.00019597819
1.643995e-05
1.6239054e-05
1.6221989e-05
1.705875e-05
0.0018365437
0.0063882699
1.5985571e-05
1.6096095e-05
1.6367824e-05
0.0051275936
1.6068258e-05
1.6206947e-05
1.6479161e-05
1.6792292e-05
1.5987167e-05
1.5825291e-05
1.6061324e-05
1.6046694e-05
1.625529e-05
1.6131581e-05
1.5971501e-05
1.6445624e-05
1.7029772e-05
1.5957531e-05
1.5870014e-05
1.6359609e-05
0.00033683066
1.5992889e-05
1.5826696e-05
1.6474197e-05
2.401688e-05
0.00034229984
1.5968266e-05
1.6495094e-05
1.5789998e-05
1.6473343e-05
1.6253956e-05
0.0017410637
1.6113128e-05
1.626116e-05
1.7025769e-05
0.0011330372
0.017078416
1.6318394e-05
1.6461173e-05
1.6385237e-05
1.6463868e-05
0.00081987709
1.579667e-05
1.5822818e-05
1.6519758e-05
1.6668924e-05
1.6368408e-05
1.6854484e-05
0.0032154022
1.6442815e-05
0.0020985207
1.6064936e-05
1.6904618e-05
1.6411569e-05
2.4969561e-05
1.6501535e-05
1.6652314e-05
0.0015907527
1.6462224e-05
1.651091e-05
0.0018293345
1.6819887e-05
1.6831272e-05
1.6789923e-05
1.6768636e-05
0.0018001877
1.5800418e-05
1.6491609e-05
1.6498104e-05
1.6483815e-05
1.6433841e-05
1.6710728e-05
1.6425345e-05
3.5098685e-05
0.0019907334
1.6481943e-05
1.6133883e-05
2.6213801e-05
1.6495947e-05
1.6381901e-05
1.5940031e-05
1.6170985e-05
1.5833061e-05
1.6482778e-05
1.7214658e-05
1.5846052e-05
1.640681e-05
1.6195743e-05
1.6492612e-05
1.5927225e-05
1.6027129e-05
1.6264963e-05
1.5906897e-05
1.6462808e-05
6.5960986e-05
1.6294788e-05
1.6735144e-05
1.6099988e-05
1.6425319e-05
1.6386387e-05
2.0206653e-05
1.6366636e-05
1.587591e-05
1.6428842e-05
1.6599209e-05
1.7653276e-05
0.004076651
1.6421519e-05
0.0018830139
1.6237057e-05
1.6038875e-05
1.6464906e-05
1.7214042e-05
1.6762621e-05
1.6073811e-05
1.5840867e-05
1.6329331e-05
1.6622303e-05
2.3470084e-05
0.004504408
1.6491862e-05
1.5925071e-05
1.6130267e-05
1.6496413e-05
1.6650154e-05
1.6362913e-05
1.6858064e-05
1.6492884e-05
0.0018630956
1.6509912e-05
0.00069631806
1.6498137e-05
0.00014774429
0.00072267357
1.591152e-05
1.5803153e-05
1.6137534e-05
0.00042148823
1.5910375e-05
1.6300501e-05
2.6037553e-05
1.6444063e-05
1.6463896e-05
1.6433387e-05
0.0002214427
1.6788932e-05
1.5914378e-05
2.0214274e-05
1.6401058e-05
1.6367684e-05
1.6150861e-05
1.6801481e-05
1.6309376e-05
1.6156424e-05
1.6504427e-05
1.6311336e-05
1.6373989e-05
1.8332816e-05
1.5920475e-05
1.6253213e-05
1.6030893e-05
0.004451661
0.0044653757
1.6420374e-05
1.6473486e-05
3.1799939e-05
1.6431209e-05
1.6078084e-05
1.6929489e-05
1.6506499e-05
1.6411674e-05
1.8487097e-05
1.6069771e-05
1.7014977e-05
1.6859967e-05
0.00014073148
1.5182387e-05
1.6479312e-05
1.598204e-05
1.6410346e-05
1.6508496e-05
0.0040014085
1.6356276e-05
0.0003026402
1.654935e-05
1.5911925e-05
1.831608e-05
2.3625941e-05
1.6289055e-05
0.00034316606
1.6702825e-05
1.6291476e-05
1.5963189e-05
1.58452e-05
1.5798369e-05
2.338556e-05
1.6497873e-05
0.00021351593
1.6016166e-05
1.5926061e-05
1.6508425e-05
1.6757185e-05
1.9835859e-05
1.6491801e-05
0.0012204774
3.7387032e-05
0.00012342394
1.6420061e-05
1.6495226e-05
1.6164729e-05
1.592088e-05
1.5843664e-05
1.5844494e-05
2.6206061e-05
1.6499211e-05
1.6428551e-05
1.6756355e-05
2.2079931e-05
0.0011301295
1.6265592e-05
1.5927399e-05
1.6120038e-05
1.6373323e-05
0.00012884094
2.4429071e-05
2.2373733e-05
1.644014e-05
1.6493457e-05
1.6474182e-05
1.6346461e-05
1.6472761e-05
1.9781934e-05
1.6205636e-05
1.6493108e-05
)
;

boundaryField
{
    back
    {
        type            empty;
    }
    front
    {
        type            empty;
    }
    farfield
    {
        type            calculated;
        value           nonuniform List<scalar> 
60
(
1.5782869e-05
1.5782869e-05
1.5782869e-05
1.5782869e-05
1.586987e-05
1.5822037e-05
1.5858654e-05
1.5782869e-05
1.5782869e-05
1.5846052e-05
1.5883635e-05
1.5912177e-05
1.5916008e-05
1.5919741e-05
1.5924786e-05
1.5919915e-05
1.5782869e-05
1.5782869e-05
1.5782869e-05
1.5782869e-05
1.5782869e-05
1.5833663e-05
1.5782869e-05
1.5782869e-05
1.5782869e-05
1.5782869e-05
1.5782869e-05
1.5782869e-05
1.5782869e-05
1.5782869e-05
1.5782869e-05
1.5782869e-05
1.5782869e-05
1.5782869e-05
1.5782869e-05
1.5897408e-05
1.5811678e-05
1.5782869e-05
1.5782869e-05
1.5782869e-05
1.5926347e-05
1.5782869e-05
1.5782869e-05
1.5782869e-05
1.5782869e-05
1.5782869e-05
1.5782869e-05
1.5782869e-05
1.5803195e-05
1.5782869e-05
1.5782869e-05
1.5782869e-05
1.5782869e-05
1.5782869e-05
1.5782869e-05
1.5782869e-05
1.5905852e-05
1.5782869e-05
1.5782869e-05
1.5782869e-05
)
;
    }
    outlet
    {
        type            calculated;
        value           nonuniform List<scalar> 
20
(
1.6147759e-05
2.1452946e-05
0.00012786547
1.9861482e-05
1.6457167e-05
1.5857575e-05
1.5831197e-05
1.5855223e-05
1.5860099e-05
1.5854092e-05
1.6995489e-05
1.5838219e-05
1.5848932e-05
1.5907841e-05
7.4725277e-05
9.0437492e-05
4.5406178e-05
1.5914511e-05
1.5838112e-05
3.4092355e-05
)
;
    }
    flap
    {
        type            nutLowReWallFunction;
        blending        stepwise;
        Cmu             0.09;
        kappa           0.41;
        E               9.8;
        value           uniform 0;
    }
    mainfoil
    {
        type            nutLowReWallFunction;
        blending        stepwise;
        Cmu             0.09;
        kappa           0.41;
        E               9.8;
        value           uniform 0;
    }
}


// ************************************************************************* //
