# Force coefficients
# dragDir       : (9.90268081e-01 1.39173011e-01 0.00000000e+00)
# sideDir       : (0.00000000e+00 0.00000000e+00 -1.00000000e+00)
# liftDir       : (-1.39173011e-01 9.90268081e-01 0.00000000e+00)
# rollAxis      : (9.90268081e-01 1.39173011e-01 0.00000000e+00)
# pitchAxis     : (0.00000000e+00 0.00000000e+00 -1.00000000e+00)
# yawAxis       : (-1.39173011e-01 9.90268081e-01 0.00000000e+00)
# magUInf       : 6.80600000e+01
# lRef          : 1.00000000e+00
# Aref          : 1.00000000e-01
# CofR          : (7.00000000e-01 0.00000000e+00 0.00000000e+00)
#
# Time          	Cd              	Cs              	Cl              	CmRoll          	CmPitch         	CmYaw           	Cd(f)           	Cd(r)           	Cs(f)           	Cs(r)           	Cl(f)           	Cl(r)           
1               	1.80153876e+00	2.98075412e-20	4.56970228e+00	-2.28485114e-01	-6.58216390e-01	9.00769382e-02	6.72284268e-01	1.12925450e+00	9.00769382e-02	-9.00769382e-02	1.62663475e+00	2.94306753e+00
2               	1.63865729e+00	9.95484883e-21	4.27737273e+00	-2.13868636e-01	-6.00474327e-01	8.19328647e-02	6.05460011e-01	1.03319728e+00	8.19328647e-02	-8.19328647e-02	1.53821204e+00	2.73916069e+00
3               	8.08010082e-01	9.10398448e-22	2.11451425e+00	-1.05725713e-01	-2.82401864e-01	4.04005041e-02	2.98279329e-01	5.09730754e-01	4.04005041e-02	-4.04005041e-02	7.74855262e-01	1.33965899e+00
4               	3.05027639e-02	-2.86059050e-21	4.71723841e-02	-2.35861920e-03	1.39671351e-02	1.52513820e-03	1.28927628e-02	1.76100012e-02	1.52513820e-03	-1.52513820e-03	3.75533272e-02	9.61905693e-03
5               	-3.57700433e-01	-2.28196976e-21	-9.97160921e-01	4.98580460e-02	1.58221519e-01	-1.78850217e-02	-1.28992171e-01	-2.28708263e-01	-1.78850217e-02	1.78850217e-02	-3.40358941e-01	-6.56801979e-01
6               	-3.73082236e-01	-4.04656231e-22	-1.04577399e+00	5.22886996e-02	1.58374304e-01	-1.86541118e-02	-1.34252418e-01	-2.38829817e-01	-1.86541118e-02	1.86541118e-02	-3.64512692e-01	-6.81261299e-01
7               	-1.97630248e-01	1.25005000e-21	-5.76119401e-01	2.88059701e-02	8.64242636e-02	-9.88151238e-03	-7.00091537e-02	-1.27621094e-01	-9.88151238e-03	9.88151238e-03	-2.01635437e-01	-3.74483964e-01
8               	-7.15613989e-03	2.21882102e-21	-5.78498107e-02	2.89249053e-03	1.05610033e-02	-3.57806995e-04	-6.85579412e-04	-6.47056048e-03	-3.57806995e-04	3.57806995e-04	-1.83639020e-02	-3.94859087e-02
9               	1.02313158e-01	2.47569801e-21	2.46358768e-01	-1.23179384e-02	-3.20317982e-02	5.11565788e-03	3.88386404e-02	6.34745172e-02	5.11565788e-03	-5.11565788e-03	9.11475860e-02	1.55211182e-01
10              	1.22056999e-01	2.46800530e-21	3.09666729e-01	-1.54833365e-02	-3.90354383e-02	6.10284996e-03	4.55451631e-02	7.65118360e-02	6.10284996e-03	-6.10284996e-03	1.15797926e-01	1.93868803e-01
11              	8.85942349e-02	2.33799709e-21	2.27308892e-01	-1.13654446e-02	-2.55626446e-02	4.42971174e-03	3.29316728e-02	5.56625620e-02	4.42971174e-03	-4.42971174e-03	8.80918013e-02	1.39217091e-01
12              	4.44098336e-02	2.23461520e-21	1.12726245e-01	-5.63631225e-03	-8.40679532e-03	2.22049168e-03	1.65686045e-02	2.78412290e-02	2.22049168e-03	-2.22049168e-03	4.79563271e-02	6.47699178e-02
13              	1.53278208e-02	2.18722413e-21	3.64982523e-02	-1.82491261e-03	2.49026715e-03	7.66391040e-04	5.83899778e-03	9.48882301e-03	7.66391040e-04	-7.66391040e-04	2.07393933e-02	1.57588590e-02
14              	7.47736384e-03	2.16746243e-21	1.64726386e-02	-8.23631929e-04	4.94649494e-03	3.73868192e-04	2.91504999e-03	4.56231385e-03	3.73868192e-04	-3.73868192e-04	1.31828142e-02	3.28982435e-03
15              	1.42553527e-02	2.15273571e-21	3.59153548e-02	-1.79576774e-03	1.72688791e-03	7.12767637e-04	5.33190863e-03	8.92344411e-03	7.12767637e-04	-7.12767637e-04	1.96845653e-02	1.62307895e-02
16              	2.58368471e-02	2.13379688e-21	6.87379257e-02	-3.43689628e-03	-3.24077666e-03	1.29184235e-03	9.48152725e-03	1.63553198e-02	1.29184235e-03	-1.29184235e-03	3.11281862e-02	3.76097395e-02
17              	3.51721723e-02	2.11096581e-21	9.58780718e-02	-4.79390359e-03	-7.19813636e-03	1.75860862e-03	1.27921826e-02	2.23799897e-02	1.75860862e-03	-1.75860862e-03	4.07408996e-02	5.51371723e-02
18              	3.97493266e-02	2.09205392e-21	1.10308668e-01	-5.51543340e-03	-9.20542689e-03	1.98746633e-03	1.43592299e-02	2.53900967e-02	1.98746633e-03	-1.98746633e-03	4.59489071e-02	6.43597609e-02
19              	4.04641997e-02	2.08395072e-21	1.14197128e-01	-5.70985641e-03	-9.66612011e-03	2.02320998e-03	1.45222434e-02	2.59419563e-02	2.02320998e-03	-2.02320998e-03	4.74324440e-02	6.67646842e-02
20              	3.94844067e-02	2.08890815e-21	1.13255696e-01	-5.66278480e-03	-9.46561627e-03	1.97422034e-03	1.40794186e-02	2.54049882e-02	1.97422034e-03	-1.97422034e-03	4.71622317e-02	6.60934642e-02
21              	3.86439183e-02	2.10413951e-21	1.12410669e-01	-5.62053343e-03	-9.33131885e-03	1.93219592e-03	1.37014257e-02	2.49424926e-02	1.93219592e-03	-1.93219592e-03	4.68740154e-02	6.55366531e-02
22              	3.87578306e-02	2.12635366e-21	1.13904769e-01	-5.69523843e-03	-9.57092876e-03	1.93789153e-03	1.36836769e-02	2.50741537e-02	1.93789153e-03	-1.93789153e-03	4.73814555e-02	6.65233130e-02
23              	3.97740345e-02	2.15189997e-21	1.17675774e-01	-5.88378869e-03	-1.01470930e-02	1.98870173e-03	1.40032286e-02	2.57708060e-02	1.98870173e-03	-1.98870173e-03	4.86907938e-02	6.89849799e-02
24              	4.12406904e-02	2.17752225e-21	1.22566698e-01	-6.12833488e-03	-1.08715710e-02	2.06203452e-03	1.44920103e-02	2.67486801e-02	2.06203452e-03	-2.06203452e-03	5.04117778e-02	7.21549198e-02
25              	4.27035038e-02	2.19997613e-21	1.27366886e-01	-6.36834431e-03	-1.15626921e-02	2.13517519e-03	1.49834076e-02	2.77200962e-02	2.13517519e-03	-2.13517519e-03	5.21207510e-02	7.52461352e-02
26              	4.39155732e-02	2.21754183e-21	1.31419741e-01	-6.57098704e-03	-1.21285665e-02	2.19577866e-03	1.53867996e-02	2.85287737e-02	2.19577866e-03	-2.19577866e-03	5.35813039e-02	7.78384369e-02
27              	4.48347571e-02	2.22991814e-21	1.34633268e-01	-6.73166338e-03	-1.25629691e-02	2.24173785e-03	1.56857152e-02	2.91490419e-02	2.24173785e-03	-2.24173785e-03	5.47536648e-02	7.98796029e-02
28              	4.55368261e-02	2.23741862e-21	1.37235526e-01	-6.86177630e-03	-1.29060624e-02	2.27684130e-03	1.59066367e-02	2.96301893e-02	2.27684130e-03	-2.27684130e-03	5.57117006e-02	8.15238253e-02
29              	4.61243175e-02	2.24117236e-21	1.39511007e-01	-6.97555034e-03	-1.32031710e-02	2.30621588e-03	1.60866084e-02	3.00377091e-02	2.30621588e-03	-2.30621588e-03	5.65523325e-02	8.29586744e-02
30              	4.66697143e-02	2.24250794e-21	1.41644063e-01	-7.08220316e-03	-1.34820221e-02	2.33348572e-03	1.62526540e-02	3.04170603e-02	2.33348572e-03	-2.33348572e-03	5.73400094e-02	8.43040537e-02
31              	4.72093249e-02	2.24341960e-21	1.43716259e-01	-7.18581297e-03	-1.37533867e-02	2.36046625e-03	1.64188495e-02	3.07904754e-02	2.36046625e-03	-2.36046625e-03	5.81047431e-02	8.56115164e-02
32              	4.77235040e-02	2.24400322e-21	1.45671158e-01	-7.28355790e-03	-1.40072334e-02	2.38617520e-03	1.65781941e-02	3.11453099e-02	2.38617520e-03	-2.38617520e-03	5.88283456e-02	8.68428125e-02
33              	4.81935080e-02	2.24550477e-21	1.47465543e-01	-7.37327714e-03	-1.42366033e-02	2.40967540e-03	1.67234768e-02	3.14700311e-02	2.40967540e-03	-2.40967540e-03	5.94961681e-02	8.79693747e-02
34              	4.86078534e-02	2.24820983e-21	1.49070617e-01	-7.45353086e-03	-1.44373279e-02	2.43039267e-03	1.68503958e-02	3.17574576e-02	2.43039267e-03	-2.43039267e-03	6.00979808e-02	8.89726365e-02
35              	4.89602872e-02	2.25197287e-21	1.50469377e-01	-7.52346884e-03	-1.46073642e-02	2.44801436e-03	1.69566748e-02	3.20036124e-02	2.44801436e-03	-2.44801436e-03	6.06273242e-02	8.98420526e-02
36              	4.92551579e-02	2.25652641e-21	1.51668738e-01	-7.58343688e-03	-1.47486624e-02	2.46275789e-03	1.70441421e-02	3.22110158e-02	2.46275789e-03	-2.46275789e-03	6.10857063e-02	9.05830312e-02
37              	4.95065923e-02	2.26151113e-21	1.52693141e-01	-7.63465705e-03	-1.48654463e-02	2.47532962e-03	1.71186391e-02	3.23879532e-02	2.47532962e-03	-2.47532962e-03	6.14811243e-02	9.12120168e-02
38              	4.97245058e-02	2.26660560e-21	1.53571189e-01	-7.67855943e-03	-1.49623682e-02	2.48622529e-03	1.71836935e-02	3.25408124e-02	2.48622529e-03	-2.48622529e-03	6.18232262e-02	9.17479625e-02
39              	4.99108844e-02	2.27160694e-21	1.54317735e-01	-7.71588673e-03	-1.50416134e-02	2.49554422e-03	1.72395555e-02	3.26713289e-02	2.49554422e-03	-2.49554422e-03	6.21172539e-02	9.22004807e-02
40              	5.00630334e-02	2.27620718e-21	1.54935772e-01	-7.74678859e-03	-1.51036327e-02	2.50315167e-03	1.72847281e-02	3.27783053e-02	2.50315167e-03	-2.50315167e-03	6.23642532e-02	9.25715186e-02
41              	5.01818386e-02	2.28037236e-21	1.55436612e-01	-7.77183062e-03	-1.51500908e-02	2.50909193e-03	1.73190887e-02	3.28627499e-02	2.50909193e-03	-2.50909193e-03	6.25682154e-02	9.28683970e-02
42              	5.02719433e-02	2.28404772e-21	1.55835548e-01	-7.79177742e-03	-1.51832210e-02	2.51359717e-03	1.73441942e-02	3.29277491e-02	2.51359717e-03	-2.51359717e-03	6.27345532e-02	9.31009952e-02
43              	5.03373651e-02	2.28699501e-21	1.56144121e-01	-7.80720607e-03	-1.52050986e-02	2.51686825e-03	1.73614765e-02	3.29758886e-02	2.51686825e-03	-2.51686825e-03	6.28669622e-02	9.32771593e-02
44              	5.03857976e-02	2.28924793e-21	1.56381954e-01	-7.81909770e-03	-1.52186512e-02	2.51928988e-03	1.73738011e-02	3.30119965e-02	2.51928988e-03	-2.51928988e-03	6.29723257e-02	9.34096282e-02
45              	5.04213189e-02	2.29063030e-21	1.56560421e-01	-7.82802105e-03	-1.52257534e-02	2.52106595e-03	1.73826384e-02	3.30386805e-02	2.52106595e-03	-2.52106595e-03	6.30544572e-02	9.35059639e-02
46              	5.04480255e-02	2.29132953e-21	1.56693653e-01	-7.83468263e-03	-1.52282971e-02	2.52240128e-03	1.73893301e-02	3.30586954e-02	2.52240128e-03	-2.52240128e-03	6.31185293e-02	9.35751234e-02
47              	5.04685929e-02	2.29143166e-21	1.56790553e-01	-7.83952767e-03	-1.52273320e-02	2.52342965e-03	1.73947688e-02	3.30738241e-02	2.52342965e-03	-2.52342965e-03	6.31679447e-02	9.36226087e-02
48              	5.04842446e-02	2.29109058e-21	1.56857171e-01	-7.84285856e-03	-1.52234663e-02	2.52421223e-03	1.73992637e-02	3.30849808e-02	2.52421223e-03	-2.52421223e-03	6.32051193e-02	9.36520519e-02
49              	5.04943862e-02	2.29038828e-21	1.56895943e-01	-7.84479715e-03	-1.52168429e-02	2.52471931e-03	1.74023960e-02	3.30919903e-02	2.52471931e-03	-2.52471931e-03	6.32311285e-02	9.36648144e-02
50              	5.04983428e-02	2.28936880e-21	1.56907277e-01	-7.84536384e-03	-1.52073614e-02	2.52491714e-03	1.74038076e-02	3.30945352e-02	2.52491714e-03	-2.52491714e-03	6.32462769e-02	9.36609998e-02
51              	5.04967179e-02	2.28812603e-21	1.56894709e-01	-7.84473544e-03	-1.51954344e-02	2.52483589e-03	1.74036235e-02	3.30930944e-02	2.52483589e-03	-2.52483589e-03	6.32519200e-02	9.36427888e-02
52              	5.04902199e-02	2.28668199e-21	1.56860493e-01	-7.84302466e-03	-1.51812955e-02	2.52451100e-03	1.74020853e-02	3.30881346e-02	2.52451100e-03	-2.52451100e-03	6.32489511e-02	9.36115420e-02
53              	5.04787276e-02	2.28505475e-21	1.56806621e-01	-7.84033103e-03	-1.51650947e-02	2.52393638e-03	1.73990328e-02	3.30796948e-02	2.52393638e-03	-2.52393638e-03	6.32382156e-02	9.35684050e-02
54              	5.04628828e-02	2.28327021e-21	1.56735549e-01	-7.83677744e-03	-1.51470840e-02	2.52314414e-03	1.73946640e-02	3.30682188e-02	2.52314414e-03	-2.52314414e-03	6.32206904e-02	9.35148585e-02
55              	5.04436576e-02	2.28133951e-21	1.56649721e-01	-7.83248603e-03	-1.51276117e-02	2.52218288e-03	1.73893428e-02	3.30543148e-02	2.52218288e-03	-2.52218288e-03	6.31972485e-02	9.34524720e-02
56              	5.04222850e-02	2.27930672e-21	1.56552602e-01	-7.82763010e-03	-1.51072231e-02	2.52111425e-03	1.73835124e-02	3.30387726e-02	2.52111425e-03	-2.52111425e-03	6.31690778e-02	9.33835241e-02
57              	5.03989067e-02	2.27708328e-21	1.56444929e-01	-7.82224643e-03	-1.50861186e-02	2.51994533e-03	1.73772069e-02	3.30216998e-02	2.51994533e-03	-2.51994533e-03	6.31363457e-02	9.33085829e-02
58              	5.03742372e-02	2.27473716e-21	1.56328758e-01	-7.81643788e-03	-1.50645636e-02	2.51871186e-03	1.73706807e-02	3.30035565e-02	2.51871186e-03	-2.51871186e-03	6.30998152e-02	9.32289424e-02
59              	5.03493789e-02	2.27229311e-21	1.56206660e-01	-7.81033299e-03	-1.50428774e-02	2.51746894e-03	1.73643564e-02	3.29850224e-02	2.51746894e-03	-2.51746894e-03	6.30604525e-02	9.31462073e-02
60              	5.03249891e-02	2.26976964e-21	1.56079476e-01	-7.80397380e-03	-1.50211841e-02	2.51624945e-03	1.73585207e-02	3.29664683e-02	2.51624945e-03	-2.51624945e-03	6.30185538e-02	9.30609221e-02
61              	5.03013518e-02	2.26720387e-21	1.55949276e-01	-7.79746381e-03	-1.49998404e-02	2.51506759e-03	1.73532121e-02	3.29481397e-02	2.51506759e-03	-2.51506759e-03	6.29747977e-02	9.29744785e-02
62              	5.02792278e-02	2.26457781e-21	1.55817979e-01	-7.79089896e-03	-1.49792557e-02	2.51396139e-03	1.73487149e-02	3.29305128e-02	2.51396139e-03	-2.51396139e-03	6.29297339e-02	9.28882453e-02
63              	5.02583284e-02	2.26188594e-21	1.55684806e-01	-7.78424029e-03	-1.49592996e-02	2.51291642e-03	1.73449239e-02	3.29134045e-02	2.51291642e-03	-2.51291642e-03	6.28831033e-02	9.28017025e-02
64              	5.02382578e-02	2.25910126e-21	1.55549414e-01	-7.77747070e-03	-1.49398806e-02	2.51191289e-03	1.73416582e-02	3.28965996e-02	2.51191289e-03	-2.51191289e-03	6.28348265e-02	9.27145876e-02
65              	5.02187019e-02	2.25619662e-21	1.55411566e-01	-7.77057829e-03	-1.49208740e-02	2.51093510e-03	1.73387727e-02	3.28799292e-02	2.51093510e-03	-2.51093510e-03	6.27849089e-02	9.26266569e-02
66              	5.01997321e-02	2.25314446e-21	1.55271855e-01	-7.76359275e-03	-1.49022841e-02	2.50998660e-03	1.73362733e-02	3.28634588e-02	2.50998660e-03	-2.50998660e-03	6.27336434e-02	9.25382116e-02
67              	5.01814662e-02	2.24999182e-21	1.55130062e-01	-7.75650308e-03	-1.48840418e-02	2.50907331e-03	1.73342300e-02	3.28472362e-02	2.50907331e-03	-2.50907331e-03	6.26809890e-02	9.24490727e-02
68              	5.01636021e-02	2.24673425e-21	1.54985776e-01	-7.74928880e-03	-1.48659989e-02	2.50818010e-03	1.73325122e-02	3.28310898e-02	2.50818010e-03	-2.50818010e-03	6.26268890e-02	9.23588869e-02
69              	5.01459207e-02	2.24332860e-21	1.54839650e-01	-7.74198250e-03	-1.48482528e-02	2.50729604e-03	1.73309779e-02	3.28149429e-02	2.50729604e-03	-2.50729604e-03	6.25715721e-02	9.22680778e-02
70              	5.01285692e-02	2.23980280e-21	1.54692462e-01	-7.73462312e-03	-1.48308667e-02	2.50642846e-03	1.73296615e-02	3.27989077e-02	2.50642846e-03	-2.50642846e-03	6.25153646e-02	9.21770979e-02
71              	5.01110135e-02	2.23613381e-21	1.54542929e-01	-7.72714647e-03	-1.48136464e-02	2.50555068e-03	1.73283603e-02	3.27826532e-02	2.50555068e-03	-2.50555068e-03	6.24578183e-02	9.20851111e-02
72              	5.00928374e-02	2.23231774e-21	1.54389925e-01	-7.71949623e-03	-1.47964240e-02	2.50464187e-03	1.73269225e-02	3.27659149e-02	2.50464187e-03	-2.50464187e-03	6.23985383e-02	9.19913863e-02
73              	5.00743535e-02	2.22841658e-21	1.54234181e-01	-7.71170907e-03	-1.47792432e-02	2.50371767e-03	1.73254677e-02	3.27488858e-02	2.50371767e-03	-2.50371767e-03	6.23378475e-02	9.18963340e-02
74              	5.00557550e-02	2.22436398e-21	1.54077086e-01	-7.70385432e-03	-1.47623107e-02	2.50278775e-03	1.73240232e-02	3.27317318e-02	2.50278775e-03	-2.50278775e-03	6.22762324e-02	9.18008539e-02
75              	5.00374967e-02	2.22019271e-21	1.53920239e-01	-7.69601193e-03	-1.47458626e-02	2.50187484e-03	1.73227364e-02	3.27147603e-02	2.50187484e-03	-2.50187484e-03	6.22142567e-02	9.17059819e-02
76              	5.00196466e-02	2.21590749e-21	1.53764078e-01	-7.68820388e-03	-1.47299950e-02	2.50098233e-03	1.73216194e-02	3.26980272e-02	2.50098233e-03	-2.50098233e-03	6.21520438e-02	9.16120338e-02
77              	5.00018134e-02	2.21153177e-21	1.53607548e-01	-7.68037739e-03	-1.47145418e-02	2.50009067e-03	1.73205293e-02	3.26812841e-02	2.50009067e-03	-2.50009067e-03	6.20892321e-02	9.15183157e-02
78              	4.99836052e-02	2.20707828e-21	1.53449800e-01	-7.67249000e-03	-1.46993149e-02	2.49918026e-03	1.73193126e-02	3.26642926e-02	2.49918026e-03	-2.49918026e-03	6.20255851e-02	9.14242148e-02
79              	4.99649875e-02	2.20254442e-21	1.53291021e-01	-7.66455107e-03	-1.46842748e-02	2.49824937e-03	1.73179427e-02	3.26470448e-02	2.49824937e-03	-2.49824937e-03	6.19612359e-02	9.13297855e-02
80              	4.99464200e-02	2.19797742e-21	1.53132712e-01	-7.65663559e-03	-1.46695876e-02	2.49732100e-03	1.73165744e-02	3.26298456e-02	2.49732100e-03	-2.49732100e-03	6.18967683e-02	9.12359435e-02
81              	4.99282069e-02	2.19337319e-21	1.52975966e-01	-7.64879832e-03	-1.46553804e-02	2.49641035e-03	1.73153051e-02	3.26129018e-02	2.49641035e-03	-2.49641035e-03	6.18326028e-02	9.11433636e-02
82              	4.99105237e-02	2.18871194e-21	1.52821637e-01	-7.64108187e-03	-1.46417306e-02	2.49552618e-03	1.73141800e-02	3.25963437e-02	2.49552618e-03	-2.49552618e-03	6.17690881e-02	9.10525493e-02
83              	4.98935307e-02	2.18401451e-21	1.52670206e-01	-7.63351032e-03	-1.46286773e-02	2.49467654e-03	1.73132550e-02	3.25802757e-02	2.49467654e-03	-2.49467654e-03	6.17064259e-02	9.09637805e-02
84              	4.98770595e-02	2.17927867e-21	1.52520978e-01	-7.62604888e-03	-1.46160680e-02	2.49385297e-03	1.73124809e-02	3.25645786e-02	2.49385297e-03	-2.49385297e-03	6.16444208e-02	9.08765568e-02
85              	4.98609885e-02	2.17448506e-21	1.52373834e-01	-7.61869168e-03	-1.46038365e-02	2.49304942e-03	1.73118026e-02	3.25491859e-02	2.49304942e-03	-2.49304942e-03	6.15830804e-02	9.07907533e-02
86              	4.98450842e-02	2.16968288e-21	1.52228116e-01	-7.61140582e-03	-1.45918844e-02	2.49225421e-03	1.73111363e-02	3.25339479e-02	2.49225421e-03	-2.49225421e-03	6.15221738e-02	9.07059426e-02
87              	4.98298996e-02	2.16487442e-21	1.52085427e-01	-7.60427134e-03	-1.45804359e-02	2.49149498e-03	1.73106785e-02	3.25192212e-02	2.49149498e-03	-2.49149498e-03	6.14622775e-02	9.06231493e-02
88              	4.98157516e-02	2.16004727e-21	1.51947060e-01	-7.59735299e-03	-1.45696200e-02	2.49078758e-03	1.73105228e-02	3.25052288e-02	2.49078758e-03	-2.49078758e-03	6.14039099e-02	9.05431499e-02
89              	4.98025314e-02	2.15520963e-21	1.51812837e-01	-7.59064187e-03	-1.45593698e-02	2.49012657e-03	1.73106238e-02	3.24919076e-02	2.49012657e-03	-2.49012657e-03	6.13470489e-02	9.04657885e-02
90              	4.97902089e-02	2.15036108e-21	1.51682329e-01	-7.58411645e-03	-1.45496270e-02	2.48951045e-03	1.73109880e-02	3.24792209e-02	2.48951045e-03	-2.48951045e-03	6.12915375e-02	9.03907915e-02
91              	4.97790477e-02	2.14549728e-21	1.51556078e-01	-7.57780392e-03	-1.45404634e-02	2.48895239e-03	1.73117200e-02	3.24673278e-02	2.48895239e-03	-2.48895239e-03	6.12375758e-02	9.03185027e-02
92              	4.97690263e-02	2.14058357e-21	1.51434855e-01	-7.57174273e-03	-1.45319177e-02	2.48845132e-03	1.73127704e-02	3.24562559e-02	2.48845132e-03	-2.48845132e-03	6.11855096e-02	9.02493451e-02
93              	4.97601972e-02	2.13561395e-21	1.51318829e-01	-7.56594145e-03	-1.45239618e-02	2.48800986e-03	1.73141571e-02	3.24460400e-02	2.48800986e-03	-2.48800986e-03	6.11354526e-02	9.01833763e-02
94              	4.97525980e-02	2.13059820e-21	1.51207681e-01	-7.56038403e-03	-1.45165567e-02	2.48762990e-03	1.73159150e-02	3.24366831e-02	2.48762990e-03	-2.48762990e-03	6.10872836e-02	9.01203970e-02
95              	4.97461759e-02	2.12554698e-21	1.51100807e-01	-7.55504035e-03	-1.45096173e-02	2.48730879e-03	1.73180476e-02	3.24281283e-02	2.48730879e-03	-2.48730879e-03	6.10407862e-02	9.00600209e-02
96              	4.97408162e-02	2.12046429e-21	1.50997818e-01	-7.54989092e-03	-1.45031294e-02	2.48704081e-03	1.73205172e-02	3.24202990e-02	2.48704081e-03	-2.48704081e-03	6.09957798e-02	9.00020385e-02
97              	4.97362700e-02	2.11535728e-21	1.50898005e-01	-7.54490024e-03	-1.44969891e-02	2.48681350e-03	1.73232347e-02	3.24130352e-02	2.48681350e-03	-2.48681350e-03	6.09520132e-02	8.99459915e-02
98              	4.97324154e-02	2.11024015e-21	1.50800749e-01	-7.54003744e-03	-1.44911191e-02	2.48662077e-03	1.73261703e-02	3.24062451e-02	2.48662077e-03	-2.48662077e-03	6.09092552e-02	8.98914935e-02
99              	4.97295353e-02	2.10505844e-21	1.50706989e-01	-7.53534947e-03	-1.44855884e-02	2.48647677e-03	1.73294182e-02	3.24001171e-02	2.48647677e-03	-2.48647677e-03	6.08679064e-02	8.98390831e-02
100             	4.97277238e-02	2.09980856e-21	1.50617034e-01	-7.53085168e-03	-1.44804250e-02	2.48638619e-03	1.73330102e-02	3.23947136e-02	2.48638619e-03	-2.48638619e-03	6.08280919e-02	8.97889418e-02
101             	4.97268307e-02	2.09449662e-21	1.50530732e-01	-7.52653662e-03	-1.44755929e-02	2.48634154e-03	1.73368788e-02	3.23899520e-02	2.48634154e-03	-2.48634154e-03	6.07897732e-02	8.97409591e-02
102             	4.97267637e-02	2.08913520e-21	1.50447571e-01	-7.52237854e-03	-1.44710159e-02	2.48633819e-03	1.73410033e-02	3.23857604e-02	2.48633819e-03	-2.48633819e-03	6.07527696e-02	8.96948013e-02
103             	4.97273929e-02	2.08373936e-21	1.50366729e-01	-7.51833647e-03	-1.44666371e-02	2.48636965e-03	1.73453600e-02	3.23820329e-02	2.48636965e-03	-2.48636965e-03	6.07167277e-02	8.96500018e-02
104             	4.97289824e-02	2.07829639e-21	1.50288892e-01	-7.51444460e-03	-1.44625770e-02	2.48644912e-03	1.73500466e-02	3.23789358e-02	2.48644912e-03	-2.48644912e-03	6.06818690e-02	8.96070231e-02
105             	4.97312041e-02	2.07279606e-21	1.50213306e-01	-7.51066530e-03	-1.44587945e-02	2.48656021e-03	1.73549368e-02	3.23762674e-02	2.48656021e-03	-2.48656021e-03	6.06478585e-02	8.95654475e-02
106             	4.97337206e-02	2.06721318e-21	1.50139055e-01	-7.50695276e-03	-1.44552024e-02	2.48668603e-03	1.73599075e-02	3.23738131e-02	2.48668603e-03	-2.48668603e-03	6.06143252e-02	8.95247300e-02
107             	4.97365273e-02	2.06155596e-21	1.50066175e-01	-7.50330873e-03	-1.44517872e-02	2.48682637e-03	1.73649549e-02	3.23715724e-02	2.48682637e-03	-2.48682637e-03	6.05813002e-02	8.94848745e-02
108             	4.97395795e-02	2.05584319e-21	1.49994496e-01	-7.49972479e-03	-1.44485401e-02	2.48697898e-03	1.73700650e-02	3.23695145e-02	2.48697898e-03	-2.48697898e-03	6.05487078e-02	8.94457880e-02
109             	4.97427982e-02	2.05006834e-21	1.49923740e-01	-7.49618701e-03	-1.44454436e-02	2.48713991e-03	1.73752121e-02	3.23675861e-02	2.48713991e-03	-2.48713991e-03	6.05164265e-02	8.94073136e-02
110             	4.97460702e-02	2.04422710e-21	1.49853287e-01	-7.49266437e-03	-1.44423938e-02	2.48730351e-03	1.73803707e-02	3.23656994e-02	2.48730351e-03	-2.48730351e-03	6.04842498e-02	8.93690375e-02
111             	4.97495145e-02	2.03831766e-21	1.49783165e-01	-7.48915825e-03	-1.44394339e-02	2.48747572e-03	1.73855990e-02	3.23639155e-02	2.48747572e-03	-2.48747572e-03	6.04521486e-02	8.93310165e-02
112             	4.97530894e-02	2.03234323e-21	1.49713214e-01	-7.48566068e-03	-1.44365985e-02	2.48765447e-03	1.73908840e-02	3.23622054e-02	2.48765447e-03	-2.48765447e-03	6.04200084e-02	8.92932053e-02
113             	4.97565832e-02	2.02630004e-21	1.49642802e-01	-7.48214012e-03	-1.44338333e-02	2.48782916e-03	1.73961515e-02	3.23604317e-02	2.48782916e-03	-2.48782916e-03	6.03875680e-02	8.92552345e-02
114             	4.97596182e-02	2.02017372e-21	1.49570972e-01	-7.47854860e-03	-1.44310410e-02	2.48798091e-03	1.74012605e-02	3.23583577e-02	2.48798091e-03	-2.48798091e-03	6.03544449e-02	8.92165270e-02
115             	4.97620368e-02	2.01395447e-21	1.49497722e-01	-7.47488608e-03	-1.44282392e-02	2.48810184e-03	1.74061323e-02	3.23559045e-02	2.48810184e-03	-2.48810184e-03	6.03206215e-02	8.91771000e-02
116             	4.97637324e-02	2.00765511e-21	1.49422814e-01	-7.47114072e-03	-1.44254049e-02	2.48818662e-03	1.74107255e-02	3.23530069e-02	2.48818662e-03	-2.48818662e-03	6.02860023e-02	8.91368122e-02
117             	4.97645241e-02	2.00126290e-21	1.49345416e-01	-7.46727082e-03	-1.44224905e-02	2.48822620e-03	1.74149912e-02	3.23495328e-02	2.48822620e-03	-2.48822620e-03	6.02502178e-02	8.90951987e-02
118             	4.97645250e-02	1.99478337e-21	1.49265309e-01	-7.46326544e-03	-1.44195224e-02	2.48822625e-03	1.74189970e-02	3.23455279e-02	2.48822625e-03	-2.48822625e-03	6.02131320e-02	8.90521769e-02
119             	4.97637375e-02	1.98819273e-21	1.49182500e-01	-7.45912498e-03	-1.44165216e-02	2.48818687e-03	1.74227438e-02	3.23409937e-02	2.48818687e-03	-2.48818687e-03	6.01747283e-02	8.90077714e-02
120             	4.97617186e-02	1.98147572e-21	1.49095535e-01	-7.45477675e-03	-1.44133151e-02	2.48808593e-03	1.74260826e-02	3.23356361e-02	2.48808593e-03	-2.48808593e-03	6.01344524e-02	8.89610827e-02
121             	4.97583169e-02	1.97460527e-21	1.49004353e-01	-7.45021764e-03	-1.44099033e-02	2.48791585e-03	1.74289408e-02	3.23293761e-02	2.48791585e-03	-2.48791585e-03	6.00922731e-02	8.89120797e-02
122             	4.97535472e-02	1.96758531e-21	1.48909222e-01	-7.44546111e-03	-1.44063029e-02	2.48767736e-03	1.74313125e-02	3.23222347e-02	2.48767736e-03	-2.48767736e-03	6.00483082e-02	8.88609140e-02
123             	4.97471205e-02	1.96042453e-21	1.48809555e-01	-7.44047776e-03	-1.44024904e-02	2.48735602e-03	1.74330825e-02	3.23140380e-02	2.48735602e-03	-2.48735602e-03	6.00022872e-02	8.88072680e-02
124             	4.97386661e-02	1.95312745e-21	1.48704199e-01	-7.43520994e-03	-1.43983066e-02	2.48693331e-03	1.74341231e-02	3.23045430e-02	2.48693331e-03	-2.48693331e-03	5.99537928e-02	8.87504060e-02
125             	4.97278420e-02	1.94569141e-21	1.48591920e-01	-7.42959600e-03	-1.43935783e-02	2.48639210e-03	1.74343250e-02	3.22935170e-02	2.48639210e-03	-2.48639210e-03	5.99023817e-02	8.86895383e-02
126             	4.97143886e-02	1.93811472e-21	1.48472089e-01	-7.42360446e-03	-1.43882423e-02	2.48571943e-03	1.74335898e-02	3.22807988e-02	2.48571943e-03	-2.48571943e-03	5.98478023e-02	8.86242868e-02
127             	4.96984430e-02	1.93039543e-21	1.48344547e-01	-7.41722733e-03	-1.43823134e-02	2.48492215e-03	1.74319942e-02	3.22664488e-02	2.48492215e-03	-2.48492215e-03	5.97899599e-02	8.85545867e-02
128             	4.96799188e-02	1.92252226e-21	1.48208831e-01	-7.41044156e-03	-1.43757149e-02	2.48399594e-03	1.74295178e-02	3.22504010e-02	2.48399594e-03	-2.48399594e-03	5.97287007e-02	8.84801305e-02
129             	4.96587477e-02	1.91448763e-21	1.48064993e-01	-7.40324964e-03	-1.43684518e-02	2.48293738e-03	1.74261242e-02	3.22326235e-02	2.48293738e-03	-2.48293738e-03	5.96640446e-02	8.84009482e-02
130             	4.96342554e-02	1.90629617e-21	1.47911340e-01	-7.39556698e-03	-1.43602741e-02	2.48171277e-03	1.74215607e-02	3.22126947e-02	2.48171277e-03	-2.48171277e-03	5.95953957e-02	8.83159439e-02
131             	4.96066168e-02	1.89795966e-21	1.47748088e-01	-7.38740440e-03	-1.43512142e-02	2.48033084e-03	1.74159040e-02	3.21907128e-02	2.48033084e-03	-2.48033084e-03	5.95228298e-02	8.82252581e-02
132             	4.95753674e-02	1.88946354e-21	1.47574625e-01	-7.37873127e-03	-1.43412255e-02	2.47876837e-03	1.74089524e-02	3.21664150e-02	2.47876837e-03	-2.47876837e-03	5.94460872e-02	8.81285382e-02
133             	4.95404134e-02	1.88081385e-21	1.47390916e-01	-7.36954580e-03	-1.43303337e-02	2.47702067e-03	1.74006609e-02	3.21397525e-02	2.47702067e-03	-2.47702067e-03	5.93651243e-02	8.80257917e-02
134             	4.95016654e-02	1.87202039e-21	1.47196659e-01	-7.35983293e-03	-1.43184917e-02	2.47508327e-03	1.73909998e-02	3.21106656e-02	2.47508327e-03	-2.47508327e-03	5.92798376e-02	8.79168209e-02
135             	4.94591602e-02	1.86309157e-21	1.46992008e-01	-7.34960041e-03	-1.43057480e-02	2.47295801e-03	1.73799797e-02	3.20791805e-02	2.47295801e-03	-2.47295801e-03	5.91902561e-02	8.78017521e-02
136             	4.94125341e-02	1.85401796e-21	1.46775961e-01	-7.33879807e-03	-1.42919933e-02	2.47062671e-03	1.73674690e-02	3.20450651e-02	2.47062671e-03	-2.47062671e-03	5.90959875e-02	8.76799740e-02
137             	4.93616409e-02	1.84480413e-21	1.46547621e-01	-7.32738103e-03	-1.42770809e-02	2.46808204e-03	1.73534394e-02	3.20082015e-02	2.46808204e-03	-2.46808204e-03	5.89967294e-02	8.75508912e-02
138             	4.93065249e-02	1.83546590e-21	1.46307259e-01	-7.31536295e-03	-1.42610376e-02	2.46532625e-03	1.73378995e-02	3.19686254e-02	2.46532625e-03	-2.46532625e-03	5.88925920e-02	8.74146671e-02
139             	4.92471354e-02	1.82600413e-21	1.46055332e-01	-7.30276662e-03	-1.42438671e-02	2.46235677e-03	1.73208011e-02	3.19263343e-02	2.46235677e-03	-2.46235677e-03	5.87837991e-02	8.72715333e-02
140             	4.91830818e-02	1.81643834e-21	1.45790670e-01	-7.28953348e-03	-1.42253915e-02	2.45915409e-03	1.73020074e-02	3.18810744e-02	2.45915409e-03	-2.45915409e-03	5.86699434e-02	8.71207263e-02
141             	4.91141681e-02	1.80679035e-21	1.45512559e-01	-7.27562794e-03	-1.42055348e-02	2.45570840e-03	1.72814561e-02	3.18327120e-02	2.45570840e-03	-2.45570840e-03	5.85507446e-02	8.69618143e-02
142             	4.90404791e-02	1.79707459e-21	1.45220882e-01	-7.26104411e-03	-1.41842865e-02	2.45202395e-03	1.72591954e-02	3.17812836e-02	2.45202395e-03	-2.45202395e-03	5.84261546e-02	8.67947276e-02
143             	4.89615044e-02	1.78729008e-21	1.44914731e-01	-7.24573656e-03	-1.41615336e-02	2.44807522e-03	1.72350156e-02	3.17264888e-02	2.44807522e-03	-2.44807522e-03	5.82958320e-02	8.66188991e-02
144             	4.88772727e-02	1.77745797e-21	1.44594114e-01	-7.22970569e-03	-1.41372301e-02	2.44386364e-03	1.72089307e-02	3.16683421e-02	2.44386364e-03	-2.44386364e-03	5.81598269e-02	8.64342870e-02
145             	4.87875867e-02	1.76760908e-21	1.44258763e-01	-7.21293817e-03	-1.41113441e-02	2.43937934e-03	1.71808552e-02	3.16067315e-02	2.43937934e-03	-2.43937934e-03	5.80180376e-02	8.62407258e-02
146             	4.86925732e-02	1.75774552e-21	1.43909085e-01	-7.19545427e-03	-1.40838882e-02	2.43462866e-03	1.71508323e-02	3.15417408e-02	2.43462866e-03	-2.43462866e-03	5.78706545e-02	8.60384308e-02
147             	4.85925436e-02	1.74787455e-21	1.43546132e-01	-7.17730659e-03	-1.40549151e-02	2.42962718e-03	1.71189652e-02	3.14735784e-02	2.42962718e-03	-2.42962718e-03	5.77181508e-02	8.58279810e-02
148             	4.84876942e-02	1.73801861e-21	1.43170254e-01	-7.15851269e-03	-1.40244195e-02	2.42438471e-03	1.70853344e-02	3.14023598e-02	2.42438471e-03	-2.42438471e-03	5.75607075e-02	8.56095464e-02
149             	4.83780191e-02	1.72820119e-21	1.42781148e-01	-7.13905740e-03	-1.39923552e-02	2.41890096e-03	1.70499522e-02	3.13280669e-02	2.41890096e-03	-2.41890096e-03	5.73982187e-02	8.53829292e-02
150             	4.82634748e-02	1.71842451e-21	1.42378726e-01	-7.11893629e-03	-1.39587141e-02	2.41317374e-03	1.70128011e-02	3.12506737e-02	2.41317374e-03	-2.41317374e-03	5.72306488e-02	8.51480770e-02
151             	4.81442179e-02	1.70868909e-21	1.41963585e-01	-7.09817927e-03	-1.39235329e-02	2.40721089e-03	1.69739297e-02	3.11702882e-02	2.40721089e-03	-2.40721089e-03	5.70582598e-02	8.49053256e-02
152             	4.80205103e-02	1.69901840e-21	1.41536630e-01	-7.07683152e-03	-1.38869277e-02	2.40102551e-03	1.69334236e-02	3.10870867e-02	2.40102551e-03	-2.40102551e-03	5.68813875e-02	8.46552429e-02
153             	4.78924348e-02	1.68943322e-21	1.41097725e-01	-7.05488627e-03	-1.38488524e-02	2.39462174e-03	1.68913311e-02	3.10011037e-02	2.39462174e-03	-2.39462174e-03	5.67000103e-02	8.43977152e-02
154             	4.77603594e-02	1.67995354e-21	1.40647611e-01	-7.03238056e-03	-1.38093204e-02	2.38801797e-03	1.68477992e-02	3.09125603e-02	2.38801797e-03	-2.38801797e-03	5.65144851e-02	8.41331260e-02
155             	4.76232590e-02	1.67057249e-21	1.40183878e-01	-7.00919388e-03	-1.37680760e-02	2.38116295e-03	1.68024356e-02	3.08208234e-02	2.38116295e-03	-2.38116295e-03	5.63238628e-02	8.38600148e-02
156             	4.74818498e-02	1.66130742e-21	1.39708267e-01	-6.98541336e-03	-1.37253066e-02	2.37409249e-03	1.67555115e-02	3.07263383e-02	2.37409249e-03	-2.37409249e-03	5.61288270e-02	8.35794402e-02
157             	4.73372047e-02	1.65220533e-21	1.39224069e-01	-6.96120344e-03	-1.36813940e-02	2.36686024e-03	1.67073989e-02	3.06298058e-02	2.36686024e-03	-2.36686024e-03	5.59306405e-02	8.32934284e-02
158             	4.71894516e-02	1.64325092e-21	1.38732221e-01	-6.93661104e-03	-1.36364702e-02	2.35947258e-03	1.66581148e-02	3.05313369e-02	2.35947258e-03	-2.35947258e-03	5.57296403e-02	8.30025806e-02
159             	4.70380299e-02	1.63442019e-21	1.38231288e-01	-6.91156438e-03	-1.35904067e-02	2.35190149e-03	1.66074506e-02	3.04305793e-02	2.35190149e-03	-2.35190149e-03	5.55252372e-02	8.27060505e-02
160             	4.68836147e-02	1.62572954e-21	1.37722731e-01	-6.88613655e-03	-1.35433870e-02	2.34418073e-03	1.65556708e-02	3.03279439e-02	2.34418073e-03	-2.34418073e-03	5.53179784e-02	8.24047525e-02
161             	4.67271888e-02	1.61721200e-21	1.37209457e-01	-6.86047283e-03	-1.34957304e-02	2.33635944e-03	1.65031215e-02	3.02240672e-02	2.33635944e-03	-2.33635944e-03	5.51089979e-02	8.21004588e-02
162             	4.65689549e-02	1.60887812e-21	1.36691989e-01	-6.83459946e-03	-1.34475061e-02	2.32844775e-03	1.64498780e-02	3.01190769e-02	2.32844775e-03	-2.32844775e-03	5.48984885e-02	8.17935006e-02
163             	4.64089049e-02	1.60072424e-21	1.36170019e-01	-6.80850093e-03	-1.33986149e-02	2.32044524e-03	1.63959515e-02	3.00129534e-02	2.32044524e-03	-2.32044524e-03	5.46863944e-02	8.14836242e-02
164             	4.62472037e-02	1.59275185e-21	1.35643796e-01	-6.78218980e-03	-1.33490933e-02	2.31236019e-03	1.63414121e-02	2.99057917e-02	2.31236019e-03	-2.31236019e-03	5.44728047e-02	8.11709913e-02
165             	4.60840654e-02	1.58495928e-21	1.35114032e-01	-6.75570158e-03	-1.32990126e-02	2.30420327e-03	1.62863311e-02	2.97977343e-02	2.30420327e-03	-2.30420327e-03	5.42580033e-02	8.08560284e-02
166             	4.59200051e-02	1.57736969e-21	1.34582293e-01	-6.72911465e-03	-1.32485755e-02	2.29600025e-03	1.62308879e-02	2.96891172e-02	2.29600025e-03	-2.29600025e-03	5.40425711e-02	8.05397220e-02
167             	4.57558032e-02	1.57002267e-21	1.34050634e-01	-6.70253168e-03	-1.31980044e-02	2.28779016e-03	1.61753699e-02	2.95804333e-02	2.28779016e-03	-2.28779016e-03	5.38273123e-02	8.02233212e-02
168             	4.55907371e-02	1.56284137e-21	1.33517157e-01	-6.67585784e-03	-1.31470347e-02	2.27953685e-03	1.61195107e-02	2.94712264e-02	2.27953685e-03	-2.27953685e-03	5.36115437e-02	7.99056132e-02
169             	4.54248024e-02	1.55582272e-21	1.32981960e-01	-6.64909799e-03	-1.30957084e-02	2.27124012e-03	1.60633032e-02	2.93614992e-02	2.27124012e-03	-2.27124012e-03	5.33952714e-02	7.95866883e-02
170             	4.52590820e-02	1.54899502e-21	1.32447960e-01	-6.62239801e-03	-1.30443207e-02	2.26295410e-03	1.60071430e-02	2.92519390e-02	2.26295410e-03	-2.26295410e-03	5.31796594e-02	7.92683008e-02
171             	4.50935918e-02	1.54237357e-21	1.31914881e-01	-6.59574405e-03	-1.29928099e-02	2.25467959e-03	1.59510519e-02	2.91425400e-02	2.25467959e-03	-2.25467959e-03	5.29646306e-02	7.89502504e-02
172             	4.49285596e-02	1.53594742e-21	1.31383392e-01	-6.56916958e-03	-1.29412357e-02	2.24642798e-03	1.58951102e-02	2.90334494e-02	2.24642798e-03	-2.24642798e-03	5.27504601e-02	7.86329315e-02
173             	4.47640999e-02	1.52972623e-21	1.30853882e-01	-6.54269408e-03	-1.28896290e-02	2.23820499e-03	1.58393559e-02	2.89247440e-02	2.23820499e-03	-2.23820499e-03	5.25373117e-02	7.83165698e-02
174             	4.46002810e-02	1.52370568e-21	1.30326641e-01	-6.51633203e-03	-1.28379468e-02	2.23001405e-03	1.57838085e-02	2.88164725e-02	2.23001405e-03	-2.23001405e-03	5.23253736e-02	7.80012671e-02
175             	4.44373533e-02	1.51788935e-21	1.29802600e-01	-6.49013001e-03	-1.27862775e-02	2.22186766e-03	1.57285466e-02	2.87088066e-02	2.22186766e-03	-2.22186766e-03	5.21150226e-02	7.76875775e-02
176             	4.42756598e-02	1.51229008e-21	1.29282749e-01	-6.46413747e-03	-1.27347606e-02	2.21378299e-03	1.56736924e-02	2.86019674e-02	2.21378299e-03	-2.21378299e-03	5.19066142e-02	7.73761353e-02
177             	4.41153238e-02	1.50689341e-21	1.28767356e-01	-6.43836781e-03	-1.26834559e-02	2.20576619e-03	1.56192941e-02	2.84960297e-02	2.20576619e-03	-2.20576619e-03	5.17002222e-02	7.70671340e-02
178             	4.39564574e-02	1.50169419e-21	1.28256611e-01	-6.41283056e-03	-1.26323744e-02	2.19782287e-03	1.55653982e-02	2.83910593e-02	2.19782287e-03	-2.19782287e-03	5.14959312e-02	7.67606800e-02
179             	4.37990258e-02	1.49668766e-21	1.27750421e-01	-6.38752106e-03	-1.25814479e-02	2.18995129e-03	1.55119919e-02	2.82870340e-02	2.18995129e-03	-2.18995129e-03	5.12937627e-02	7.64566586e-02
180             	4.36430631e-02	1.49187181e-21	1.27249111e-01	-6.36245557e-03	-1.25306883e-02	2.18215315e-03	1.54590760e-02	2.81839871e-02	2.18215315e-03	-2.18215315e-03	5.10938674e-02	7.61552441e-02
181             	4.34887461e-02	1.48725345e-21	1.26753316e-01	-6.33766582e-03	-1.24801971e-02	2.17443731e-03	1.54067072e-02	2.80820389e-02	2.17443731e-03	-2.17443731e-03	5.08964611e-02	7.58568553e-02
182             	4.33361853e-02	1.48282893e-21	1.26263425e-01	-6.31317125e-03	-1.24300400e-02	2.16680927e-03	1.53549214e-02	2.79812639e-02	2.16680927e-03	-2.16680927e-03	5.07016724e-02	7.55617525e-02
183             	4.31855260e-02	1.47858882e-21	1.25780051e-01	-6.28900256e-03	-1.23803058e-02	2.15927630e-03	1.53037604e-02	2.78817656e-02	2.15927630e-03	-2.15927630e-03	5.05097198e-02	7.52703314e-02
184             	4.30369720e-02	1.47454138e-21	1.25303820e-01	-6.26519101e-03	-1.23310584e-02	2.15184860e-03	1.52532950e-02	2.77836770e-02	2.15184860e-03	-2.15184860e-03	5.03208517e-02	7.49829686e-02
185             	4.28911289e-02	1.47071572e-21	1.24836292e-01	-6.24181459e-03	-1.22824513e-02	2.14455645e-03	1.52037499e-02	2.76873791e-02	2.14455645e-03	-2.14455645e-03	5.01356946e-02	7.47005971e-02
186             	4.27469467e-02	1.46705748e-21	1.24374553e-01	-6.21872766e-03	-1.22341518e-02	2.13734734e-03	1.51547457e-02	2.75922010e-02	2.13734734e-03	-2.13734734e-03	4.99531249e-02	7.44214284e-02
187             	4.26049635e-02	1.46359066e-21	1.23919842e-01	-6.19599212e-03	-1.21862954e-02	2.13024817e-03	1.51064896e-02	2.74984739e-02	2.13024817e-03	-2.13024817e-03	4.97736258e-02	7.41462165e-02
188             	4.24654780e-02	1.46032977e-21	1.23472875e-01	-6.17364377e-03	-1.21389633e-02	2.12327390e-03	1.50590952e-02	2.74063828e-02	2.12327390e-03	-2.12327390e-03	4.95974744e-02	7.38754010e-02
189             	4.23285129e-02	1.45726386e-21	1.23034041e-01	-6.15170205e-03	-1.20922063e-02	2.11642565e-03	1.50125544e-02	2.73159585e-02	2.11642565e-03	-2.11642565e-03	4.94248143e-02	7.36092268e-02
190             	4.21938238e-02	1.45437704e-21	1.22603073e-01	-6.13015363e-03	-1.20460126e-02	2.10969119e-03	1.49667583e-02	2.72270655e-02	2.10969119e-03	-2.10969119e-03	4.92555237e-02	7.33475490e-02
191             	4.20622031e-02	1.45170451e-21	1.22181889e-01	-6.10909446e-03	-1.20005864e-02	2.10311016e-03	1.49220071e-02	2.71401960e-02	2.10311016e-03	-2.10311016e-03	4.90903582e-02	7.30915310e-02
192             	4.19333841e-02	1.44922546e-21	1.21770078e-01	-6.08850392e-03	-1.19559100e-02	2.09666920e-03	1.48781881e-02	2.70551960e-02	2.09666920e-03	-2.09666920e-03	4.89291292e-02	7.28409492e-02
193             	4.18072249e-02	1.44693149e-21	1.21367105e-01	-6.06835523e-03	-1.19119420e-02	2.09036125e-03	1.48352572e-02	2.69719677e-02	2.09036125e-03	-2.09036125e-03	4.87716103e-02	7.25954944e-02
194             	4.16840430e-02	1.44481957e-21	1.20974114e-01	-6.04870568e-03	-1.18689171e-02	2.08420215e-03	1.47933158e-02	2.68907272e-02	2.08420215e-03	-2.08420215e-03	4.86181397e-02	7.23559738e-02
195             	4.15640485e-02	1.44288716e-21	1.20591513e-01	-6.02957567e-03	-1.18269375e-02	2.07820242e-03	1.47524486e-02	2.68115999e-02	2.07820242e-03	-2.07820242e-03	4.84688192e-02	7.21226942e-02
196             	4.14474023e-02	1.44113570e-21	1.20219491e-01	-6.01097457e-03	-1.17860282e-02	2.07237012e-03	1.47127266e-02	2.67346757e-02	2.07237012e-03	-2.07237012e-03	4.83237175e-02	7.18957739e-02
197             	4.13342500e-02	1.43955822e-21	1.19858808e-01	-5.99294039e-03	-1.17463290e-02	2.06671250e-03	1.46741846e-02	2.66600654e-02	2.06671250e-03	-2.06671250e-03	4.81830749e-02	7.16757330e-02
198             	4.12245114e-02	1.43814698e-21	1.19509313e-01	-5.97546563e-03	-1.17077868e-02	2.06122557e-03	1.46367901e-02	2.65877214e-02	2.06122557e-03	-2.06122557e-03	4.80468696e-02	7.14624431e-02
199             	4.11181112e-02	1.43690355e-21	1.19170743e-01	-5.95853717e-03	-1.16703326e-02	2.05590556e-03	1.46005184e-02	2.65175928e-02	2.05590556e-03	-2.05590556e-03	4.79150391e-02	7.12557043e-02
200             	4.10147623e-02	1.43582653e-21	1.18842234e-01	-5.94211172e-03	-1.16338614e-02	2.05073812e-03	1.45652695e-02	2.64494929e-02	2.05073812e-03	-2.05073812e-03	4.77872558e-02	7.10549787e-02
201             	4.09150210e-02	1.43493014e-21	1.18524890e-01	-5.92624451e-03	-1.15985109e-02	2.04575105e-03	1.45312660e-02	2.63837550e-02	2.04575105e-03	-2.04575105e-03	4.76639342e-02	7.08609560e-02
202             	4.08185469e-02	1.43419786e-21	1.18217814e-01	-5.91089070e-03	-1.15641888e-02	2.04092735e-03	1.44983828e-02	2.63201642e-02	2.04092735e-03	-2.04092735e-03	4.75447182e-02	7.06730958e-02
203             	4.07249779e-02	1.43361651e-21	1.17920229e-01	-5.89601147e-03	-1.15308430e-02	2.03624889e-03	1.44664775e-02	2.62585004e-02	2.03624889e-03	-2.03624889e-03	4.74292717e-02	7.04909577e-02
204             	4.06346273e-02	1.43317760e-21	1.17632682e-01	-5.88163410e-03	-1.14986210e-02	2.03173137e-03	1.44356796e-02	2.61989478e-02	2.03173137e-03	-2.03173137e-03	4.73177200e-02	7.03149620e-02
205             	4.05480408e-02	1.43287738e-21	1.17356452e-01	-5.86782261e-03	-1.14677129e-02	2.02740204e-03	1.44061978e-02	2.61418430e-02	2.02740204e-03	-2.02740204e-03	4.72105132e-02	7.01459390e-02
206             	4.04648652e-02	1.43268975e-21	1.17090775e-01	-5.85453877e-03	-1.14380677e-02	2.02324326e-03	1.43778938e-02	2.60869713e-02	2.02324326e-03	-2.02324326e-03	4.71073199e-02	6.99834554e-02
207             	4.03851986e-02	1.43261782e-21	1.16836323e-01	-5.84181614e-03	-1.14098270e-02	2.01925993e-03	1.43507831e-02	2.60344154e-02	2.01925993e-03	-2.01925993e-03	4.70083344e-02	6.98279885e-02
208             	4.03091319e-02	1.43264923e-21	1.16593387e-01	-5.82966936e-03	-1.13830602e-02	2.01545660e-03	1.43248966e-02	2.59842353e-02	2.01545660e-03	-2.01545660e-03	4.69136334e-02	6.96797537e-02
209             	4.02364494e-02	1.43276634e-21	1.16361511e-01	-5.81807557e-03	-1.13577602e-02	2.01182247e-03	1.43001491e-02	2.59363003e-02	2.01182247e-03	-2.01182247e-03	4.68229955e-02	6.95385159e-02
210             	4.01674762e-02	1.43297146e-21	1.16141165e-01	-5.80705825e-03	-1.13339795e-02	2.00837381e-03	1.42766799e-02	2.58907963e-02	2.00837381e-03	-2.00837381e-03	4.67366030e-02	6.94045620e-02
211             	4.01021138e-02	1.43325986e-21	1.15932071e-01	-5.79660354e-03	-1.13117415e-02	2.00510569e-03	1.42544533e-02	2.58476604e-02	2.00510569e-03	-2.00510569e-03	4.66542938e-02	6.92777769e-02
212             	4.00403498e-02	1.43362416e-21	1.15734127e-01	-5.78670635e-03	-1.12910663e-02	2.00201749e-03	1.42334685e-02	2.58068812e-02	2.00201749e-03	-2.00201749e-03	4.65759972e-02	6.91581298e-02
213             	3.99821083e-02	1.43405220e-21	1.15546997e-01	-5.77734987e-03	-1.12719088e-02	1.99910542e-03	1.42137043e-02	2.57684040e-02	1.99910542e-03	-1.99910542e-03	4.65015899e-02	6.90454075e-02
214             	3.99274812e-02	1.43452521e-21	1.15370994e-01	-5.76854970e-03	-1.12543491e-02	1.99637406e-03	1.41951909e-02	2.57322903e-02	1.99637406e-03	-1.99637406e-03	4.64311479e-02	6.89398462e-02
215             	3.98764667e-02	1.43502558e-21	1.15206410e-01	-5.76032049e-03	-1.12385122e-02	1.99382334e-03	1.41779129e-02	2.56985539e-02	1.99382334e-03	-1.99382334e-03	4.63646927e-02	6.88417171e-02
216             	3.98292112e-02	1.43555088e-21	1.15053398e-01	-5.75266988e-03	-1.12244663e-02	1.99146056e-03	1.41619357e-02	2.56672755e-02	1.99146056e-03	-1.99146056e-03	4.63022325e-02	6.87511651e-02
217             	3.97855690e-02	1.43609948e-21	1.14911663e-01	-5.74558315e-03	-1.12122564e-02	1.98927845e-03	1.41472014e-02	2.56383677e-02	1.98927845e-03	-1.98927845e-03	4.62435751e-02	6.86680878e-02
218             	3.97458522e-02	1.43668698e-21	1.14781962e-01	-5.73909808e-03	-1.12020705e-02	1.98729261e-03	1.41338280e-02	2.56120242e-02	1.98729261e-03	-1.98729261e-03	4.61889103e-02	6.85930513e-02
219             	3.97099996e-02	1.43732277e-21	1.14664184e-01	-5.73320922e-03	-1.11938821e-02	1.98549998e-03	1.41217906e-02	2.55882090e-02	1.98549998e-03	-1.98549998e-03	4.61382101e-02	6.85259743e-02
220             	3.96776029e-02	1.43797963e-21	1.14557318e-01	-5.72786590e-03	-1.11875627e-02	1.98388015e-03	1.41109356e-02	2.55666674e-02	1.98388015e-03	-1.98388015e-03	4.60910962e-02	6.84662217e-02
221             	3.96487282e-02	1.43862440e-21	1.14461547e-01	-5.72307736e-03	-1.11831439e-02	1.98243641e-03	1.41012867e-02	2.55474415e-02	1.98243641e-03	-1.98243641e-03	4.60476297e-02	6.84139175e-02
222             	3.96232265e-02	1.43922233e-21	1.14376472e-01	-5.71882360e-03	-1.11805862e-02	1.98116132e-03	1.40927896e-02	2.55304369e-02	1.98116132e-03	-1.98116132e-03	4.60076499e-02	6.83688222e-02
223             	3.96009491e-02	1.43977230e-21	1.14301508e-01	-5.71507538e-03	-1.11798243e-02	1.98004746e-03	1.40853992e-02	2.55155500e-02	1.98004746e-03	-1.98004746e-03	4.59709295e-02	6.83305781e-02
224             	3.95822089e-02	1.44024007e-21	1.14237159e-01	-5.71185797e-03	-1.11809976e-02	1.97911044e-03	1.40792465e-02	2.55029624e-02	1.97911044e-03	-1.97911044e-03	4.59375821e-02	6.82995774e-02
225             	3.95676926e-02	1.44057708e-21	1.14184681e-01	-5.70923407e-03	-1.11843628e-02	1.97838463e-03	1.40746122e-02	2.54930804e-02	1.97838463e-03	-1.97838463e-03	4.59079779e-02	6.82767034e-02
226             	3.95574483e-02	1.44073316e-21	1.14144228e-01	-5.70721141e-03	-1.11899836e-02	1.97787241e-03	1.40715127e-02	2.54859355e-02	1.97787241e-03	-1.97787241e-03	4.58821305e-02	6.82620978e-02
227             	3.95510392e-02	1.44067669e-21	1.14115197e-01	-5.70575984e-03	-1.11977971e-02	1.97755196e-03	1.40697598e-02	2.54812795e-02	1.97755196e-03	-1.97755196e-03	4.58598014e-02	6.82553955e-02
228             	3.95479141e-02	1.44038310e-21	1.14096460e-01	-5.70482298e-03	-1.12076230e-02	1.97739571e-03	1.40691341e-02	2.54787800e-02	1.97739571e-03	-1.97739571e-03	4.58406068e-02	6.82558528e-02
229             	3.95478448e-02	1.43982377e-21	1.14087280e-01	-5.70436400e-03	-1.12193309e-02	1.97739224e-03	1.40695584e-02	2.54782864e-02	1.97739224e-03	-1.97739224e-03	4.58243091e-02	6.82629709e-02
230             	3.95507959e-02	1.43896353e-21	1.14087277e-01	-5.70436385e-03	-1.12328523e-02	1.97753980e-03	1.40710341e-02	2.54797618e-02	1.97753980e-03	-1.97753980e-03	4.58107862e-02	6.82764908e-02
231             	3.95568610e-02	1.43777085e-21	1.14096405e-01	-5.70482024e-03	-1.12482112e-02	1.97784305e-03	1.40736102e-02	2.54832507e-02	1.97784305e-03	-1.97784305e-03	4.57999912e-02	6.82964136e-02
232             	3.95660676e-02	1.43622801e-21	1.14114537e-01	-5.70572687e-03	-1.12653943e-02	1.97830338e-03	1.40773069e-02	2.54887606e-02	1.97830338e-03	-1.97830338e-03	4.57918743e-02	6.83226630e-02
233             	3.95787659e-02	1.43428638e-21	1.14142362e-01	-5.70711810e-03	-1.12845021e-02	1.97893829e-03	1.40822648e-02	2.54965010e-02	1.97893829e-03	-1.97893829e-03	4.57866789e-02	6.83556831e-02
234             	3.95951086e-02	1.43189531e-21	1.14180200e-01	-5.70901001e-03	-1.13056289e-02	1.97975543e-03	1.40885443e-02	2.55065643e-02	1.97975543e-03	-1.97975543e-03	4.57844712e-02	6.83957290e-02
235             	3.96150535e-02	1.42903739e-21	1.14227901e-01	-5.71139506e-03	-1.13287924e-02	1.98075267e-03	1.40961317e-02	2.55189218e-02	1.98075267e-03	-1.98075267e-03	4.57851582e-02	6.84427430e-02
236             	3.96386472e-02	1.42567264e-21	1.14285302e-01	-5.71426511e-03	-1.13539683e-02	1.98193236e-03	1.41050585e-02	2.55335887e-02	1.98193236e-03	-1.98193236e-03	4.57886827e-02	6.84966194e-02
237             	3.96650172e-02	1.42177598e-21	1.14350182e-01	-5.71750909e-03	-1.13806963e-02	1.98325086e-03	1.41149995e-02	2.55500177e-02	1.98325086e-03	-1.98325086e-03	4.57943946e-02	6.85557871e-02
238             	3.96943792e-02	1.41725057e-21	1.14422952e-01	-5.72114758e-03	-1.14090286e-02	1.98471896e-03	1.41260420e-02	2.55683372e-02	1.98471896e-03	-1.98471896e-03	4.58024472e-02	6.86205044e-02
239             	3.97265727e-02	1.41208378e-21	1.14503216e-01	-5.72516079e-03	-1.14389053e-02	1.98632863e-03	1.41381256e-02	2.55884471e-02	1.98632863e-03	-1.98632863e-03	4.58127026e-02	6.86905132e-02
240             	3.97618417e-02	1.40625648e-21	1.14591489e-01	-5.72957447e-03	-1.14704137e-02	1.98809209e-03	1.41513464e-02	2.56104953e-02	1.98809209e-03	-1.98809209e-03	4.58253310e-02	6.87661584e-02
241             	3.98003787e-02	1.39982323e-21	1.14688237e-01	-5.73441187e-03	-1.15036328e-02	1.99001894e-03	1.41657775e-02	2.56346012e-02	1.99001894e-03	-1.99001894e-03	4.58404859e-02	6.88477515e-02
242             	3.98421911e-02	1.39287835e-21	1.14793162e-01	-5.73965812e-03	-1.15385097e-02	1.99210956e-03	1.41814374e-02	2.56607537e-02	1.99210956e-03	-1.99210956e-03	4.58580715e-02	6.89350909e-02
243             	3.98870283e-02	1.38543965e-21	1.14905718e-01	-5.74528588e-03	-1.15749273e-02	1.99435141e-03	1.41982283e-02	2.56888000e-02	1.99435141e-03	-1.99435141e-03	4.58779316e-02	6.90277861e-02
244             	3.99347835e-02	1.37756838e-21	1.15025405e-01	-5.75127024e-03	-1.16127656e-02	1.99673917e-03	1.42161215e-02	2.57186620e-02	1.99673917e-03	-1.99673917e-03	4.58999368e-02	6.91254681e-02
245             	3.99849811e-02	1.36938717e-21	1.15151023e-01	-5.75755115e-03	-1.16518253e-02	1.99924905e-03	1.42349394e-02	2.57500417e-02	1.99924905e-03	-1.99924905e-03	4.59236862e-02	6.92273368e-02
246             	4.00376475e-02	1.36100512e-21	1.15282435e-01	-5.76412177e-03	-1.16921042e-02	2.00188237e-03	1.42547020e-02	2.57829455e-02	2.00188237e-03	-2.00188237e-03	4.59491135e-02	6.93333218e-02
247             	4.00928574e-02	1.35250890e-21	1.15419909e-01	-5.77099543e-03	-1.17336438e-02	2.00464287e-03	1.42754333e-02	2.58174241e-02	2.00464287e-03	-2.00464287e-03	4.59763105e-02	6.94435981e-02
248             	4.01507144e-02	1.34396338e-21	1.15563548e-01	-5.77817740e-03	-1.17763932e-02	2.00753572e-03	1.42971798e-02	2.58535346e-02	2.00753572e-03	-2.00753572e-03	4.60053808e-02	6.95581672e-02
249             	4.02105629e-02	1.33545269e-21	1.15711670e-01	-5.78558350e-03	-1.18200194e-02	2.01052814e-03	1.43196979e-02	2.58908649e-02	2.01052814e-03	-2.01052814e-03	4.60358155e-02	6.96758544e-02
250             	4.02725426e-02	1.32700290e-21	1.15864885e-01	-5.79324426e-03	-1.18645790e-02	2.01362713e-03	1.43430270e-02	2.59295156e-02	2.01362713e-03	-2.01362713e-03	4.60678636e-02	6.97970216e-02
251             	4.03364417e-02	1.31860136e-21	1.16022643e-01	-5.80113215e-03	-1.19099328e-02	2.01682209e-03	1.43670887e-02	2.59693530e-02	2.01682209e-03	-2.01682209e-03	4.61013887e-02	6.99212543e-02
252             	4.04018878e-02	1.31031867e-21	1.16183604e-01	-5.80918021e-03	-1.19559222e-02	2.02009439e-03	1.43917637e-02	2.60101241e-02	2.02009439e-03	-2.02009439e-03	4.61358799e-02	7.00477243e-02
253             	4.04688439e-02	1.30223060e-21	1.16348056e-01	-5.81740280e-03	-1.20026850e-02	2.02344219e-03	1.44170191e-02	2.60518247e-02	2.02344219e-03	-2.02344219e-03	4.61713430e-02	7.01767130e-02
254             	4.05373162e-02	1.29440428e-21	1.16516143e-01	-5.82580716e-03	-1.20503072e-02	2.02686581e-03	1.44428509e-02	2.60944653e-02	2.02686581e-03	-2.02686581e-03	4.62077644e-02	7.03083789e-02
255             	4.06075249e-02	1.28690238e-21	1.16688654e-01	-5.83443270e-03	-1.20988985e-02	2.03037624e-03	1.44693297e-02	2.61381951e-02	2.03037624e-03	-2.03037624e-03	4.62454285e-02	7.04432255e-02
256             	4.06795335e-02	1.27977021e-21	1.16865615e-01	-5.84328074e-03	-1.21484020e-02	2.03397667e-03	1.44964860e-02	2.61830475e-02	2.03397667e-03	-2.03397667e-03	4.62844054e-02	7.05812094e-02
257             	4.07529098e-02	1.27301108e-21	1.17045558e-01	-5.85227788e-03	-1.21985218e-02	2.03764549e-03	1.45241770e-02	2.62287328e-02	2.03764549e-03	-2.03764549e-03	4.63242569e-02	7.07213006e-02
258             	4.08278082e-02	1.26665109e-21	1.17228257e-01	-5.86141287e-03	-1.22491793e-02	2.04139041e-03	1.45524912e-02	2.62753169e-02	2.04139041e-03	-2.04139041e-03	4.63649495e-02	7.08633080e-02
259             	4.09039645e-02	1.26070332e-21	1.17412854e-01	-5.87064269e-03	-1.23001809e-02	2.04519823e-03	1.45813396e-02	2.63226249e-02	2.04519823e-03	-2.04519823e-03	4.64062460e-02	7.10066078e-02
260             	4.09812350e-02	1.25520155e-21	1.17599029e-01	-5.87995147e-03	-1.23514891e-02	2.04906175e-03	1.46106660e-02	2.63705690e-02	2.04906175e-03	-2.04906175e-03	4.64480255e-02	7.11510038e-02
261             	4.10592796e-02	1.25017614e-21	1.17786007e-01	-5.88930033e-03	-1.24029370e-02	2.05296398e-03	1.46403395e-02	2.64189401e-02	2.05296398e-03	-2.05296398e-03	4.64900664e-02	7.12959403e-02
262             	4.11380607e-02	1.24566356e-21	1.17973583e-01	-5.89867914e-03	-1.24544929e-02	2.05690303e-03	1.46703512e-02	2.64677095e-02	2.05690303e-03	-2.05690303e-03	4.65322986e-02	7.14412843e-02
263             	4.12171215e-02	1.24172044e-21	1.18160640e-01	-5.90803201e-03	-1.25059614e-02	2.06085608e-03	1.47005287e-02	2.65165928e-02	2.06085608e-03	-2.06085608e-03	4.65743588e-02	7.15862815e-02
264             	4.12967517e-02	1.23834731e-21	1.18347866e-01	-5.91739332e-03	-1.25574626e-02	2.06483758e-03	1.47309825e-02	2.65657691e-02	2.06483758e-03	-2.06483758e-03	4.66164706e-02	7.17313958e-02
265             	4.13767281e-02	1.23557767e-21	1.18534660e-01	-5.92673300e-03	-1.26088770e-02	2.06883640e-03	1.47616310e-02	2.66150970e-02	2.06883640e-03	-2.06883640e-03	4.66584530e-02	7.18762070e-02
266             	4.14568883e-02	1.23339557e-21	1.18720432e-01	-5.93602158e-03	-1.26601307e-02	2.07284442e-03	1.47924226e-02	2.66644658e-02	2.07284442e-03	-2.07284442e-03	4.67000851e-02	7.20203465e-02
267             	4.15369764e-02	1.23182223e-21	1.18904509e-01	-5.94522547e-03	-1.27111031e-02	2.07684882e-03	1.48232627e-02	2.67137137e-02	2.07684882e-03	-2.07684882e-03	4.67411516e-02	7.21633579e-02
268             	4.16168864e-02	1.23087340e-21	1.19086618e-01	-5.95433092e-03	-1.27617423e-02	2.08084432e-03	1.48541123e-02	2.67627741e-02	2.08084432e-03	-2.08084432e-03	4.67815669e-02	7.23050515e-02
269             	4.16965326e-02	1.23054694e-21	1.19266797e-01	-5.96333983e-03	-1.28120439e-02	2.08482663e-03	1.48849265e-02	2.68116061e-02	2.08482663e-03	-2.08482663e-03	4.68213543e-02	7.24454422e-02
270             	4.17757955e-02	1.23083253e-21	1.19444625e-01	-5.97223126e-03	-1.28619097e-02	2.08878978e-03	1.49156665e-02	2.68601290e-02	2.08878978e-03	-2.08878978e-03	4.68604029e-02	7.25842223e-02
271             	4.18543005e-02	1.23172799e-21	1.19619059e-01	-5.98095296e-03	-1.29111327e-02	2.09271503e-03	1.49461973e-02	2.69081032e-02	2.09271503e-03	-2.09271503e-03	4.68983969e-02	7.27206623e-02
272             	4.19322489e-02	1.23320277e-21	1.19790338e-01	-5.98951691e-03	-1.29597273e-02	2.09661245e-03	1.49766075e-02	2.69556414e-02	2.09661245e-03	-2.09661245e-03	4.69354419e-02	7.28548964e-02
273             	4.20087234e-02	1.23525514e-21	1.19956378e-01	-5.99781891e-03	-1.30072793e-02	2.10043617e-03	1.50065428e-02	2.70021806e-02	2.10043617e-03	-2.10043617e-03	4.69709098e-02	7.29854683e-02
274             	4.20842166e-02	1.23781462e-21	1.20117831e-01	-6.00589156e-03	-1.30539028e-02	2.10421083e-03	1.50362167e-02	2.70479999e-02	2.10421083e-03	-2.10421083e-03	4.70050128e-02	7.31128184e-02
275             	4.21587055e-02	1.24082863e-21	1.20274702e-01	-6.01373511e-03	-1.30996344e-02	2.10793528e-03	1.50656176e-02	2.70930879e-02	2.10793528e-03	-2.10793528e-03	4.70377166e-02	7.32369855e-02
276             	4.22321450e-02	1.24424092e-21	1.20426849e-01	-6.02134246e-03	-1.31444762e-02	2.11160725e-03	1.50947301e-02	2.71374150e-02	2.11160725e-03	-2.11160725e-03	4.70689484e-02	7.33579008e-02
277             	4.23044381e-02	1.24800185e-21	1.20574165e-01	-6.02870825e-03	-1.31883974e-02	2.11522191e-03	1.51235108e-02	2.71809273e-02	2.11522191e-03	-2.11522191e-03	4.70986851e-02	7.34754800e-02
278             	4.23755912e-02	1.25204948e-21	1.20716734e-01	-6.03583672e-03	-1.32314093e-02	2.11877956e-03	1.51519589e-02	2.72236323e-02	2.11877956e-03	-2.11877956e-03	4.71269579e-02	7.35897766e-02
279             	4.24449523e-02	1.25632767e-21	1.20853027e-01	-6.04265137e-03	-1.32732070e-02	2.12224761e-03	1.51798248e-02	2.72651275e-02	2.12224761e-03	-2.12224761e-03	4.71533067e-02	7.36997208e-02
280             	4.25124315e-02	1.26073844e-21	1.20982433e-01	-6.04912167e-03	-1.33136233e-02	2.12562158e-03	1.52070941e-02	2.73053374e-02	2.12562158e-03	-2.12562158e-03	4.71775934e-02	7.38048401e-02
281             	4.25776030e-02	1.26520538e-21	1.21103900e-01	-6.05519499e-03	-1.33524121e-02	2.12888015e-03	1.52336065e-02	2.73439965e-02	2.12888015e-03	-2.12888015e-03	4.71995377e-02	7.39043620e-02
282             	4.26403541e-02	1.26966233e-21	1.21216944e-01	-6.06084722e-03	-1.33894571e-02	2.13201770e-03	1.52593298e-02	2.73810242e-02	2.13201770e-03	-2.13201770e-03	4.72190151e-02	7.39979293e-02
283             	4.27004639e-02	1.27404162e-21	1.21321027e-01	-6.06605135e-03	-1.34246370e-02	2.13502320e-03	1.52841806e-02	2.74162833e-02	2.13502320e-03	-2.13502320e-03	4.72358765e-02	7.40851506e-02
284             	4.27573830e-02	1.27825661e-21	1.21414615e-01	-6.07073073e-03	-1.34576566e-02	2.13786915e-03	1.53079607e-02	2.74494222e-02	2.13786915e-03	-2.13786915e-03	4.72496507e-02	7.41649638e-02
285             	4.28106747e-02	1.28222771e-21	1.21496463e-01	-6.07482316e-03	-1.34882585e-02	2.14053374e-03	1.53305142e-02	2.74801605e-02	2.14053374e-03	-2.14053374e-03	4.72599731e-02	7.42364901e-02
286             	4.28601513e-02	1.28587351e-21	1.21565877e-01	-6.07829386e-03	-1.35162793e-02	2.14300756e-03	1.53517818e-02	2.75083695e-02	2.14300756e-03	-2.14300756e-03	4.72666594e-02	7.42992179e-02
287             	4.29056500e-02	1.28911084e-21	1.21622268e-01	-6.08111339e-03	-1.35415982e-02	2.14528250e-03	1.53717116e-02	2.75339384e-02	2.14528250e-03	-2.14528250e-03	4.72695357e-02	7.43527322e-02
288             	4.29469441e-02	1.29184535e-21	1.21664872e-01	-6.08324359e-03	-1.35640588e-02	2.14734721e-03	1.53902285e-02	2.75567157e-02	2.14734721e-03	-2.14734721e-03	4.72683771e-02	7.43964947e-02
289             	4.29837323e-02	1.29400993e-21	1.21692974e-01	-6.08464872e-03	-1.35834851e-02	2.14918662e-03	1.54072174e-02	2.75765149e-02	2.14918662e-03	-2.14918662e-03	4.72630021e-02	7.44299723e-02
290             	4.30155833e-02	1.29555153e-21	1.21705355e-01	-6.08526776e-03	-1.35996107e-02	2.15077917e-03	1.54225239e-02	2.75930594e-02	2.15077917e-03	-2.15077917e-03	4.72530669e-02	7.44522883e-02
291             	4.30420716e-02	1.29644134e-21	1.21700873e-01	-6.08504365e-03	-1.36121872e-02	2.15210358e-03	1.54359922e-02	2.76060795e-02	2.15210358e-03	-2.15210358e-03	4.72382492e-02	7.44626237e-02
292             	4.30630604e-02	1.29664023e-21	1.21678987e-01	-6.08394933e-03	-1.36210897e-02	2.15315302e-03	1.54475809e-02	2.76154795e-02	2.15315302e-03	-2.15315302e-03	4.72184036e-02	7.44605829e-02
293             	4.30782664e-02	1.29609847e-21	1.21639061e-01	-6.08195304e-03	-1.36261598e-02	2.15391332e-03	1.54571802e-02	2.76210862e-02	2.15391332e-03	-2.15391332e-03	4.71933706e-02	7.44456902e-02
294             	4.30874452e-02	1.29475336e-21	1.21580456e-01	-6.07902280e-03	-1.36272603e-02	2.15437226e-03	1.54646998e-02	2.76227454e-02	2.15437226e-03	-2.15437226e-03	4.71629677e-02	7.44174883e-02
295             	4.30900806e-02	1.29257637e-21	1.21501981e-01	-6.07509903e-03	-1.36241543e-02	2.15450403e-03	1.54699413e-02	2.76201393e-02	2.15450403e-03	-2.15450403e-03	4.71268360e-02	7.43751447e-02
296             	4.30858686e-02	1.28955287e-21	1.21402765e-01	-6.07013823e-03	-1.36166748e-02	2.15429343e-03	1.54727961e-02	2.76130725e-02	2.15429343e-03	-2.15429343e-03	4.70847075e-02	7.43180571e-02
297             	4.30744870e-02	1.28568663e-21	1.21282014e-01	-6.06410068e-03	-1.36046590e-02	2.15372435e-03	1.54731428e-02	2.76013442e-02	2.15372435e-03	-2.15372435e-03	4.70363477e-02	7.42456658e-02
298             	4.30555811e-02	1.28099730e-21	1.21139048e-01	-6.05695241e-03	-1.35879280e-02	2.15277906e-03	1.54708381e-02	2.75847430e-02	2.15277906e-03	-2.15277906e-03	4.69815961e-02	7.41574520e-02
299             	4.30284795e-02	1.27551673e-21	1.20972618e-01	-6.04863092e-03	-1.35662424e-02	2.15142398e-03	1.54656088e-02	2.75628707e-02	2.15142398e-03	-2.15142398e-03	4.69200668e-02	7.40525516e-02
300             	4.29926635e-02	1.26927033e-21	1.20781706e-01	-6.03908528e-03	-1.35394182e-02	2.14963318e-03	1.54572465e-02	2.75354170e-02	2.14963318e-03	-2.14963318e-03	4.68514346e-02	7.39302710e-02
301             	4.29479616e-02	1.26230148e-21	1.20566062e-01	-6.02830311e-03	-1.35074076e-02	2.14739808e-03	1.54456777e-02	2.75022839e-02	2.14739808e-03	-2.14739808e-03	4.67756235e-02	7.37904386e-02
302             	4.28943904e-02	1.25464545e-21	1.20325754e-01	-6.01628772e-03	-1.34702319e-02	2.14471952e-03	1.54309075e-02	2.74634829e-02	2.14471952e-03	-2.14471952e-03	4.66926452e-02	7.36331091e-02
303             	4.28318359e-02	1.24634057e-21	1.20060713e-01	-6.00303563e-03	-1.34278868e-02	2.14159180e-03	1.54128823e-02	2.74189536e-02	2.14159180e-03	-2.14159180e-03	4.66024695e-02	7.34582431e-02
304             	4.27603348e-02	1.23742308e-21	1.19771163e-01	-5.98855817e-03	-1.33804497e-02	2.13801674e-03	1.53916092e-02	2.73687256e-02	2.13801674e-03	-2.13801674e-03	4.65051319e-02	7.32660314e-02
305             	4.26798930e-02	1.22792827e-21	1.19457509e-01	-5.97287547e-03	-1.33280584e-02	2.13399465e-03	1.53670710e-02	2.73128220e-02	2.13399465e-03	-2.13399465e-03	4.64006963e-02	7.30568131e-02
306             	4.25909846e-02	1.21795968e-21	1.19120890e-01	-5.95604451e-03	-1.32709167e-02	2.12954923e-03	1.53394478e-02	2.72515368e-02	2.12954923e-03	-2.12954923e-03	4.62895284e-02	7.28313619e-02
307             	4.24932621e-02	1.20756875e-21	1.18761145e-01	-5.93805726e-03	-1.32090032e-02	2.12466311e-03	1.53085738e-02	2.71846883e-02	2.12466311e-03	-2.12466311e-03	4.61715694e-02	7.25895758e-02
308             	4.23864805e-02	1.19682642e-21	1.18378279e-01	-5.91891393e-03	-1.31423326e-02	2.11932403e-03	1.52743263e-02	2.71121542e-02	2.11932403e-03	-2.11932403e-03	4.60468067e-02	7.23314719e-02
309             	4.22705222e-02	1.18581356e-21	1.17972466e-01	-5.89862331e-03	-1.30709646e-02	2.11352611e-03	1.52366378e-02	2.70338844e-02	2.11352611e-03	-2.11352611e-03	4.59152685e-02	7.20571977e-02
310             	4.21456995e-02	1.17461015e-21	1.17545041e-01	-5.87725207e-03	-1.29952089e-02	2.10728497e-03	1.51955977e-02	2.69501018e-02	2.10728497e-03	-2.10728497e-03	4.57773118e-02	7.17677296e-02
311             	4.20124460e-02	1.16328130e-21	1.17097436e-01	-5.85487181e-03	-1.29153711e-02	2.10062230e-03	1.51513512e-02	2.68610948e-02	2.10062230e-03	-2.10062230e-03	4.56333470e-02	7.14640892e-02
312             	4.18706177e-02	1.15186399e-21	1.16629528e-01	-5.83147638e-03	-1.28314929e-02	2.09353089e-03	1.51038325e-02	2.67667852e-02	2.09353089e-03	-2.09353089e-03	4.54832710e-02	7.11462567e-02
313             	4.17207664e-02	1.14044577e-21	1.16143139e-01	-5.80715697e-03	-1.27439624e-02	2.08603832e-03	1.50532262e-02	2.66675402e-02	2.08603832e-03	-2.08603832e-03	4.53276073e-02	7.08155320e-02
314             	4.15636263e-02	1.12910930e-21	1.15640491e-01	-5.78202457e-03	-1.26532414e-02	2.07818132e-03	1.49997886e-02	2.65638377e-02	2.07818132e-03	-2.07818132e-03	4.51670043e-02	7.04734871e-02
315             	4.13998477e-02	1.11794439e-21	1.15123614e-01	-5.75618068e-03	-1.25597318e-02	2.06999239e-03	1.49437432e-02	2.64561045e-02	2.06999239e-03	-2.06999239e-03	4.50020750e-02	7.01215386e-02
316             	4.12298368e-02	1.10707169e-21	1.14593976e-01	-5.72969881e-03	-1.24636551e-02	2.06149184e-03	1.48852196e-02	2.63446172e-02	2.06149184e-03	-2.06149184e-03	4.48333330e-02	6.97606432e-02
317             	4.10524982e-02	1.09647913e-21	1.14050153e-01	-5.70250764e-03	-1.23649120e-02	2.05262491e-03	1.48237415e-02	2.62287567e-02	2.05262491e-03	-2.05262491e-03	4.46601644e-02	6.93899883e-02
318             	4.08690654e-02	1.08632979e-21	1.13495568e-01	-5.67477840e-03	-1.22640887e-02	2.04345327e-03	1.47597543e-02	2.61093111e-02	2.04345327e-03	-2.04345327e-03	4.44836954e-02	6.90118727e-02
319             	4.06797676e-02	1.07664816e-21	1.12931331e-01	-5.64656656e-03	-1.21614496e-02	2.03398838e-03	1.46933172e-02	2.59864503e-02	2.03398838e-03	-2.03398838e-03	4.43042160e-02	6.86271152e-02
320             	4.04852210e-02	1.06749111e-21	1.12359491e-01	-5.61797455e-03	-1.20574246e-02	2.02426105e-03	1.46246359e-02	2.58605850e-02	2.02426105e-03	-2.02426105e-03	4.41223210e-02	6.82371701e-02
321             	4.02859195e-02	1.05889978e-21	1.11781618e-01	-5.58908090e-03	-1.19523569e-02	2.01429597e-03	1.45538788e-02	2.57320406e-02	2.01429597e-03	-2.01429597e-03	4.39384521e-02	6.78431660e-02
322             	4.00824453e-02	1.05089738e-21	1.11199424e-01	-5.55997122e-03	-1.18466084e-02	2.00412226e-03	1.44812514e-02	2.56011939e-02	2.00412226e-03	-2.00412226e-03	4.37531038e-02	6.74463206e-02
323             	3.98756017e-02	1.04351285e-21	1.10614973e-01	-5.53074867e-03	-1.17405879e-02	1.99378008e-03	1.44070522e-02	2.54685495e-02	1.99378008e-03	-1.99378008e-03	4.35668988e-02	6.70480746e-02
324             	3.96660282e-02	1.03678775e-21	1.10030108e-01	-5.50150542e-03	-1.16346534e-02	1.98330141e-03	1.43315087e-02	2.53345195e-02	1.98330141e-03	-1.98330141e-03	4.33804008e-02	6.66497076e-02
325             	3.94542216e-02	1.03075085e-21	1.09446537e-01	-5.47232684e-03	-1.15291435e-02	1.97271108e-03	1.42547839e-02	2.51994376e-02	1.97271108e-03	-1.97271108e-03	4.31941249e-02	6.62524120e-02
326             	3.92409444e-02	1.02539581e-21	1.08866421e-01	-5.44332104e-03	-1.14245001e-02	1.96204722e-03	1.41771512e-02	2.50637932e-02	1.96204722e-03	-1.96204722e-03	4.30087103e-02	6.58577105e-02
327             	3.90264717e-02	1.02072240e-21	1.08290724e-01	-5.41453621e-03	-1.13209020e-02	1.95132358e-03	1.40986996e-02	2.49277721e-02	1.95132358e-03	-1.95132358e-03	4.28244601e-02	6.54662641e-02
328             	3.88116439e-02	1.01674924e-21	1.07721558e-01	-5.38607789e-03	-1.12186962e-02	1.94058219e-03	1.40197441e-02	2.47918998e-02	1.94058219e-03	-1.94058219e-03	4.26420827e-02	6.50794751e-02
329             	3.85960424e-02	1.01343428e-21	1.07157788e-01	-5.35788940e-03	-1.11177575e-02	1.92980212e-03	1.39401318e-02	2.46559106e-02	1.92980212e-03	-1.92980212e-03	4.24611365e-02	6.46966515e-02
330             	3.83804379e-02	1.01080142e-21	1.06601063e-01	-5.33005317e-03	-1.10183811e-02	1.91902189e-03	1.38601658e-02	2.45202721e-02	1.91902189e-03	-1.91902189e-03	4.22821506e-02	6.43189128e-02
331             	3.81655786e-02	1.00884238e-21	1.06053041e-01	-5.30265206e-03	-1.09208602e-02	1.90827893e-03	1.37801373e-02	2.43854414e-02	1.90827893e-03	-1.90827893e-03	4.21056603e-02	6.39473808e-02
332             	3.79524371e-02	1.00753336e-21	1.05515887e-01	-5.27579436e-03	-1.08255668e-02	1.89762185e-03	1.37004242e-02	2.42520129e-02	1.89762185e-03	-1.89762185e-03	4.19323768e-02	6.35835104e-02
333             	3.77425408e-02	1.00684870e-21	1.04993557e-01	-5.24967784e-03	-1.07332273e-02	1.88712704e-03	1.36215926e-02	2.41209483e-02	1.88712704e-03	-1.88712704e-03	4.17635511e-02	6.32300057e-02
334             	3.75364938e-02	1.00675645e-21	1.04487241e-01	-5.22436204e-03	-1.06440219e-02	1.87682469e-03	1.35438848e-02	2.39926089e-02	1.87682469e-03	-1.87682469e-03	4.15995985e-02	6.28876423e-02
335             	3.73342145e-02	1.00723098e-21	1.03996031e-01	-5.19980156e-03	-1.05577316e-02	1.86671072e-03	1.34673057e-02	2.38669088e-02	1.86671072e-03	-1.86671072e-03	4.14402840e-02	6.25557472e-02
336             	3.71356967e-02	1.00824295e-21	1.03519313e-01	-5.17596566e-03	-1.04741940e-02	1.85678484e-03	1.33918827e-02	2.37438140e-02	1.85678484e-03	-1.85678484e-03	4.12854626e-02	6.22338506e-02
337             	3.69414750e-02	1.00976356e-21	1.03057953e-01	-5.15289767e-03	-1.03935029e-02	1.84707375e-03	1.33178398e-02	2.36236352e-02	1.84707375e-03	-1.84707375e-03	4.11354738e-02	6.19224795e-02
338             	3.67521859e-02	1.01175826e-21	1.02613031e-01	-5.13065154e-03	-1.03157849e-02	1.83760930e-03	1.32454414e-02	2.35067445e-02	1.83760930e-03	-1.83760930e-03	4.09907305e-02	6.16223003e-02
339             	3.65684810e-02	1.01418531e-21	1.02185707e-01	-5.10928536e-03	-1.02411784e-02	1.82842405e-03	1.31749551e-02	2.33935258e-02	1.82842405e-03	-1.82842405e-03	4.08516752e-02	6.13340319e-02
340             	3.63909211e-02	1.01700171e-21	1.01776855e-01	-5.08884274e-03	-1.01697722e-02	1.81954606e-03	1.31066178e-02	2.32843033e-02	1.81954606e-03	-1.81954606e-03	4.07186552e-02	6.10581995e-02
341             	3.62207782e-02	1.02018139e-21	1.01389159e-01	-5.06945794e-03	-1.01019317e-02	1.81103891e-03	1.30409312e-02	2.31798470e-02	1.81103891e-03	-1.81103891e-03	4.05926477e-02	6.07965111e-02
342             	3.60566454e-02	1.02361794e-21	1.01018982e-01	-5.05094912e-03	-1.00369842e-02	1.80283227e-03	1.29773736e-02	2.30792718e-02	1.80283227e-03	-1.80283227e-03	4.04725070e-02	6.05464754e-02
343             	3.58992264e-02	1.02732580e-21	1.00667667e-01	-5.03338336e-03	-9.97505609e-03	1.79496132e-03	1.29162298e-02	2.29829966e-02	1.79496132e-03	-1.79496132e-03	4.03587775e-02	6.03088897e-02
344             	3.57491608e-02	1.03127243e-21	1.00336203e-01	-5.01681017e-03	-9.91621227e-03	1.78745804e-03	1.28577702e-02	2.28913906e-02	1.78745804e-03	-1.78745804e-03	4.02518895e-02	6.00843140e-02
345             	3.56065355e-02	1.03541836e-21	1.00024668e-01	-5.00123338e-03	-9.86037920e-03	1.78032677e-03	1.28020344e-02	2.28045011e-02	1.78032677e-03	-1.78032677e-03	4.01519546e-02	5.98727130e-02
346             	3.54713775e-02	1.03974758e-21	9.97328586e-02	-4.98664293e-03	-9.80744206e-03	1.77356887e-03	1.27490458e-02	2.27223317e-02	1.77356887e-03	-1.77356887e-03	4.00589872e-02	5.96738714e-02
347             	3.53438720e-02	1.04424979e-21	9.94608764e-02	-4.97304382e-03	-9.75738285e-03	1.76719360e-03	1.26988922e-02	2.26449798e-02	1.76719360e-03	-1.76719360e-03	3.99730554e-02	5.94878211e-02
348             	3.52238087e-02	1.04889227e-21	9.92075871e-02	-4.96037936e-03	-9.70987904e-03	1.76119044e-03	1.26515250e-02	2.25722837e-02	1.76119044e-03	-1.76119044e-03	3.98939145e-02	5.93136726e-02
349             	3.51110134e-02	1.05367807e-21	9.89725109e-02	-4.94862555e-03	-9.66479326e-03	1.75555067e-03	1.26068812e-02	2.25041323e-02	1.75555067e-03	-1.75555067e-03	3.98214622e-02	5.91510487e-02
350             	3.50060211e-02	1.05860333e-21	9.87570088e-02	-4.93785044e-03	-9.62230652e-03	1.75030105e-03	1.25651601e-02	2.24408610e-02	1.75030105e-03	-1.75030105e-03	3.97561979e-02	5.90008109e-02
351             	3.49063377e-02	1.06364628e-21	9.85556823e-02	-4.92778411e-03	-9.58145495e-03	1.74531689e-03	1.25253847e-02	2.23809530e-02	1.74531689e-03	-1.74531689e-03	3.96963862e-02	5.88592961e-02
352             	3.48138310e-02	1.06889113e-21	9.83724183e-02	-4.91862091e-03	-9.54286596e-03	1.74069155e-03	1.24882946e-02	2.23255364e-02	1.74069155e-03	-1.74069155e-03	3.96433432e-02	5.87290751e-02
353             	3.47276617e-02	1.07429909e-21	9.82051764e-02	-4.91025882e-03	-9.50615329e-03	1.73638309e-03	1.24535720e-02	2.22740897e-02	1.73638309e-03	-1.73638309e-03	3.95964349e-02	5.86087415e-02
354             	3.46470600e-02	1.07994032e-21	9.80522880e-02	-4.90261440e-03	-9.47100205e-03	1.73235300e-03	1.24209156e-02	2.22261444e-02	1.73235300e-03	-1.73235300e-03	3.95551419e-02	5.84971460e-02
355             	3.45722507e-02	1.08586447e-21	9.79141377e-02	-4.89570689e-03	-9.43748165e-03	1.72861254e-03	1.23904185e-02	2.21818323e-02	1.72861254e-03	-1.72861254e-03	3.95195872e-02	5.83945505e-02
356             	3.45026536e-02	1.09209784e-21	9.77894892e-02	-4.88947446e-03	-9.40542264e-03	1.72513268e-03	1.23618524e-02	2.21408013e-02	1.72513268e-03	-1.72513268e-03	3.94893220e-02	5.83001673e-02
357             	3.44372552e-02	1.09867273e-21	9.76769989e-02	-4.88384995e-03	-9.37457745e-03	1.72186276e-03	1.23347777e-02	2.21024776e-02	1.72186276e-03	-1.72186276e-03	3.94639220e-02	5.82130769e-02
358             	3.43751130e-02	1.10562114e-21	9.75746504e-02	-4.87873252e-03	-9.34467322e-03	1.71875565e-03	1.23088240e-02	2.20662890e-02	1.71875565e-03	-1.71875565e-03	3.94426520e-02	5.81319984e-02
359             	3.43151681e-02	1.11295368e-21	9.74800269e-02	-4.87400134e-03	-9.31541400e-03	1.71575841e-03	1.22835827e-02	2.20315854e-02	1.71575841e-03	-1.71575841e-03	3.94245994e-02	5.80554274e-02
360             	3.42573692e-02	1.12070464e-21	9.73934225e-02	-4.86967112e-03	-9.28691358e-03	1.71286846e-03	1.22590135e-02	2.19983557e-02	1.71286846e-03	-1.71286846e-03	3.94097977e-02	5.79836248e-02
361             	3.42008939e-02	1.12880882e-21	9.73130737e-02	-4.86565369e-03	-9.25896169e-03	1.71004470e-03	1.22347933e-02	2.19661007e-02	1.71004470e-03	-1.71004470e-03	3.93975752e-02	5.79154985e-02
362             	3.41454647e-02	1.13721929e-21	9.72384463e-02	-4.86192232e-03	-9.23154816e-03	1.70727324e-03	1.22108101e-02	2.19346547e-02	1.70727324e-03	-1.70727324e-03	3.93876750e-02	5.78507713e-02
363             	3.40910195e-02	1.14591010e-21	9.71698326e-02	-4.85849163e-03	-9.20480837e-03	1.70455098e-03	1.21870181e-02	2.19040014e-02	1.70455098e-03	-1.70455098e-03	3.93801079e-02	5.77897247e-02
364             	3.40360937e-02	1.15469620e-21	9.71039269e-02	-4.85519634e-03	-9.17826579e-03	1.70180468e-03	1.21628505e-02	2.18732432e-02	1.70180468e-03	-1.70180468e-03	3.93736976e-02	5.77302292e-02
365             	3.39795474e-02	1.16342370e-21	9.70382788e-02	-4.85191394e-03	-9.15155527e-03	1.69897737e-03	1.21378598e-02	2.18416877e-02	1.69897737e-03	-1.69897737e-03	3.93675841e-02	5.76706947e-02
366             	3.39204897e-02	1.17188689e-21	9.69707057e-02	-4.84853528e-03	-9.12439497e-03	1.69602448e-03	1.21117096e-02	2.18087801e-02	1.69602448e-03	-1.69602448e-03	3.93609579e-02	5.76097478e-02
367             	3.38581683e-02	1.17999926e-21	9.68993381e-02	-4.84496690e-03	-9.09651667e-03	1.69290842e-03	1.20841173e-02	2.17740511e-02	1.69290842e-03	-1.69290842e-03	3.93531524e-02	5.75461857e-02
368             	3.37925591e-02	1.18765963e-21	9.68237333e-02	-4.84118667e-03	-9.06796286e-03	1.68962795e-03	1.20550929e-02	2.17374662e-02	1.68962795e-03	-1.68962795e-03	3.93439038e-02	5.74798295e-02
369             	3.37231855e-02	1.19482633e-21	9.67429684e-02	-4.83714842e-03	-9.03855712e-03	1.68615927e-03	1.20244443e-02	2.16987411e-02	1.68615927e-03	-1.68615927e-03	3.93329271e-02	5.74100413e-02
370             	3.36502185e-02	1.20155407e-21	9.66573043e-02	-4.83286521e-03	-9.00839048e-03	1.68251093e-03	1.19922441e-02	2.16579745e-02	1.68251093e-03	-1.68251093e-03	3.93202617e-02	5.73370426e-02
371             	3.35740483e-02	1.20791417e-21	9.65678202e-02	-4.82839101e-03	-8.97770785e-03	1.67870242e-03	1.19586332e-02	2.16154152e-02	1.67870242e-03	-1.67870242e-03	3.93062022e-02	5.72616180e-02
372             	3.34958604e-02	1.21398068e-21	9.64769653e-02	-4.82384826e-03	-8.94706201e-03	1.67479302e-03	1.19240819e-02	2.15717784e-02	1.67479302e-03	-1.67479302e-03	3.92914206e-02	5.71855446e-02
373             	3.34161349e-02	1.21977961e-21	9.63851742e-02	-4.81925871e-03	-8.91660332e-03	1.67080674e-03	1.18888087e-02	2.15273261e-02	1.67080674e-03	-1.67080674e-03	3.92759838e-02	5.71091904e-02
374             	3.33350821e-02	1.22534230e-21	9.62921858e-02	-4.81460929e-03	-8.88631611e-03	1.66675410e-03	1.18529318e-02	2.14821503e-02	1.66675410e-03	-1.66675410e-03	3.92597768e-02	5.70324090e-02
375             	3.32531414e-02	1.23072982e-21	9.61987153e-02	-4.80993576e-03	-8.85631548e-03	1.66265707e-03	1.18166350e-02	2.14365065e-02	1.66265707e-03	-1.66265707e-03	3.92430422e-02	5.69556731e-02
376             	3.31697951e-02	1.23599585e-21	9.61035840e-02	-4.80517920e-03	-8.82631775e-03	1.65848975e-03	1.17797183e-02	2.13900767e-02	1.65848975e-03	-1.65848975e-03	3.92254743e-02	5.68781098e-02
377             	3.30859255e-02	1.24116962e-21	9.60084694e-02	-4.80042347e-03	-8.79668167e-03	1.65429627e-03	1.17425393e-02	2.13433862e-02	1.65429627e-03	-1.65429627e-03	3.92075530e-02	5.68009164e-02
378             	3.30035210e-02	1.24627688e-21	9.59177370e-02	-4.79588685e-03	-8.76823914e-03	1.65017605e-03	1.17058736e-02	2.12976473e-02	1.65017605e-03	-1.65017605e-03	3.91906294e-02	5.67271077e-02
379             	3.29240382e-02	1.25134915e-21	9.58344731e-02	-4.79172365e-03	-8.74151822e-03	1.64620191e-03	1.16702954e-02	2.12537428e-02	1.64620191e-03	-1.64620191e-03	3.91757183e-02	5.66587548e-02
380             	3.28485601e-02	1.25641619e-21	9.57608004e-02	-4.78804002e-03	-8.71688066e-03	1.64242801e-03	1.16362400e-02	2.12123201e-02	1.64242801e-03	-1.64242801e-03	3.91635195e-02	5.65972808e-02
381             	3.27776728e-02	1.26151734e-21	9.56978003e-02	-4.78489001e-03	-8.69449390e-03	1.63888364e-03	1.16039464e-02	2.11737264e-02	1.63888364e-03	-1.63888364e-03	3.91544062e-02	5.65433940e-02
382             	3.27120484e-02	1.26669514e-21	9.56468064e-02	-4.78234032e-03	-8.67454207e-03	1.63560242e-03	1.15736839e-02	2.11383645e-02	1.63560242e-03	-1.63560242e-03	3.91488611e-02	5.64979453e-02
383             	3.26524533e-02	1.27199171e-21	9.56095411e-02	-4.78047705e-03	-8.65725362e-03	1.63262266e-03	1.15457496e-02	2.11067037e-02	1.63262266e-03	-1.63262266e-03	3.91475169e-02	5.64620241e-02
384             	3.26007983e-02	1.27744316e-21	9.55902306e-02	-4.77951153e-03	-8.64337011e-03	1.63003992e-03	1.15208876e-02	2.10799107e-02	1.63003992e-03	-1.63003992e-03	3.91517452e-02	5.64384854e-02
385             	3.25569302e-02	1.28305965e-21	9.55886649e-02	-4.77943324e-03	-8.63273030e-03	1.62784651e-03	1.14990318e-02	2.10578983e-02	1.62784651e-03	-1.62784651e-03	3.91616022e-02	5.64270627e-02
386             	3.25225853e-02	1.28885432e-21	9.56086822e-02	-4.78043411e-03	-8.62598326e-03	1.62612926e-03	1.14808585e-02	2.10417268e-02	1.62612926e-03	-1.62612926e-03	3.91783579e-02	5.64303244e-02
387             	3.24978832e-02	1.29482337e-21	9.56506702e-02	-4.78253351e-03	-8.62308924e-03	1.62489416e-03	1.14664081e-02	2.10314751e-02	1.62489416e-03	-1.62489416e-03	3.92022459e-02	5.64484243e-02
388             	3.24832118e-02	1.30100468e-21	9.57154753e-02	-4.78577376e-03	-8.62412294e-03	1.62416059e-03	1.14558321e-02	2.10273797e-02	1.62416059e-03	-1.62416059e-03	3.92336147e-02	5.64818606e-02
389             	3.24790725e-02	1.30738845e-21	9.58043298e-02	-4.79021649e-03	-8.62924445e-03	1.62395362e-03	1.14493197e-02	2.10297527e-02	1.62395362e-03	-1.62395362e-03	3.92729204e-02	5.65314093e-02
390             	3.24859279e-02	1.31397915e-21	9.59184347e-02	-4.79592173e-03	-8.63861996e-03	1.62429640e-03	1.14470422e-02	2.10388857e-02	1.62429640e-03	-1.62429640e-03	3.93205974e-02	5.65978373e-02
391             	3.25040529e-02	1.32076376e-21	9.60586772e-02	-4.80293386e-03	-8.65234998e-03	1.62520265e-03	1.14490926e-02	2.10549603e-02	1.62520265e-03	-1.62520265e-03	3.93769886e-02	5.66816886e-02
392             	3.25335730e-02	1.32772889e-21	9.62253607e-02	-4.81126803e-03	-8.67045927e-03	1.62667865e-03	1.14555184e-02	2.10780545e-02	1.62667865e-03	-1.62667865e-03	3.94422211e-02	5.67831396e-02
393             	3.25743904e-02	1.33486224e-21	9.64184774e-02	-4.82092387e-03	-8.69290061e-03	1.62871952e-03	1.14662713e-02	2.11081191e-02	1.62871952e-03	-1.62871952e-03	3.95163381e-02	5.69021393e-02
394             	3.26264333e-02	1.34214497e-21	9.66378916e-02	-4.83189458e-03	-8.71959810e-03	1.63132167e-03	1.14813221e-02	2.11451112e-02	1.63132167e-03	-1.63132167e-03	3.95993477e-02	5.70385439e-02
395             	3.26893523e-02	1.34952665e-21	9.68829130e-02	-4.84414565e-03	-8.75039960e-03	1.63446762e-03	1.15005305e-02	2.11888218e-02	1.63446762e-03	-1.63446762e-03	3.96910569e-02	5.71918561e-02
396             	3.27624871e-02	1.35699238e-21	9.71518634e-02	-4.85759317e-03	-8.78498499e-03	1.63812436e-03	1.15236504e-02	2.12388367e-02	1.63812436e-03	-1.63812436e-03	3.97909467e-02	5.73609167e-02
397             	3.28450346e-02	1.36452162e-21	9.74429702e-02	-4.87214851e-03	-8.82301470e-03	1.64225173e-03	1.15503688e-02	2.12946658e-02	1.64225173e-03	-1.64225173e-03	3.98984704e-02	5.75444998e-02
398             	3.29359048e-02	1.37210780e-21	9.77536531e-02	-4.88768265e-03	-8.86403588e-03	1.64679524e-03	1.15802698e-02	2.13556351e-02	1.64679524e-03	-1.64679524e-03	4.00127907e-02	5.77408624e-02
399             	3.30343358e-02	1.37973862e-21	9.80822282e-02	-4.90411141e-03	-8.90771308e-03	1.65171679e-03	1.16130565e-02	2.14212793e-02	1.65171679e-03	-1.65171679e-03	4.01334010e-02	5.79488272e-02
400             	3.31396014e-02	1.38740260e-21	9.84267430e-02	-4.92133715e-03	-8.95371882e-03	1.65698007e-03	1.16484636e-02	2.14911379e-02	1.65698007e-03	-1.65698007e-03	4.02596527e-02	5.81670903e-02
401             	3.32506514e-02	1.39506644e-21	9.87845003e-02	-4.93922502e-03	-9.00159565e-03	1.66253257e-03	1.16861007e-02	2.15645507e-02	1.66253257e-03	-1.66253257e-03	4.03906545e-02	5.83938458e-02
402             	3.33663366e-02	1.40272159e-21	9.91524571e-02	-4.95762286e-03	-9.05084964e-03	1.66831683e-03	1.17255454e-02	2.16407912e-02	1.66831683e-03	-1.66831683e-03	4.05253789e-02	5.86270782e-02
403             	3.34859920e-02	1.41036070e-21	9.95289894e-02	-4.97644947e-03	-9.10116828e-03	1.67429960e-03	1.17665465e-02	2.17194455e-02	1.67429960e-03	-1.67429960e-03	4.06633264e-02	5.88656630e-02
404             	3.36083758e-02	1.41796658e-21	9.99107922e-02	-4.99553961e-03	-9.15202416e-03	1.68041879e-03	1.18086483e-02	2.17997275e-02	1.68041879e-03	-1.68041879e-03	4.08033719e-02	5.91074203e-02
405             	3.37326465e-02	1.42554541e-21	1.00295869e-01	-5.01479346e-03	-9.20310027e-03	1.68663232e-03	1.18515298e-02	2.18811167e-02	1.68663232e-03	-1.68663232e-03	4.09448344e-02	5.93510349e-02
406             	3.38579307e-02	1.43312830e-21	1.00682111e-01	-5.03410554e-03	-9.25407004e-03	1.69289654e-03	1.18948598e-02	2.19630709e-02	1.69289654e-03	-1.69289654e-03	4.10869854e-02	5.95951255e-02
407             	3.39824164e-02	1.44064223e-21	1.01065220e-01	-5.05326102e-03	-9.30423771e-03	1.69912082e-03	1.19379472e-02	2.20444692e-02	1.69912082e-03	-1.69912082e-03	4.12283725e-02	5.98368479e-02
408             	3.41053702e-02	1.44809112e-21	1.01443228e-01	-5.07216140e-03	-9.35326137e-03	1.70526851e-03	1.19805237e-02	2.21248465e-02	1.70526851e-03	-1.70526851e-03	4.13683526e-02	6.00748753e-02
409             	3.42258638e-02	1.45545092e-21	1.01813911e-01	-5.09069557e-03	-9.40082997e-03	1.71129319e-03	1.20222363e-02	2.22036275e-02	1.71129319e-03	-1.71129319e-03	4.15061257e-02	6.03077857e-02
410             	3.43432980e-02	1.46271607e-21	1.02175352e-01	-5.10876760e-03	-9.44665841e-03	1.71716490e-03	1.20628814e-02	2.22804166e-02	1.71716490e-03	-1.71716490e-03	4.16410176e-02	6.05343344e-02
411             	3.44571692e-02	1.46985018e-21	1.02526094e-01	-5.12630471e-03	-9.49057371e-03	1.72285846e-03	1.21022799e-02	2.23548893e-02	1.72285846e-03	-1.72285846e-03	4.17724734e-02	6.07536208e-02
412             	3.45669773e-02	1.47686610e-21	1.02864855e-01	-5.14324273e-03	-9.53241021e-03	1.72834887e-03	1.21402459e-02	2.24267314e-02	1.72834887e-03	-1.72834887e-03	4.19000171e-02	6.09648375e-02
413             	3.46724345e-02	1.48378626e-21	1.03191028e-01	-5.15955139e-03	-9.57203902e-03	1.73362172e-03	1.21766659e-02	2.24957686e-02	1.73362172e-03	-1.73362172e-03	4.20234749e-02	6.11675529e-02
414             	3.47731935e-02	1.49059873e-21	1.03503617e-01	-5.17518084e-03	-9.60935728e-03	1.73865967e-03	1.22114159e-02	2.25617776e-02	1.73865967e-03	-1.73865967e-03	4.21424511e-02	6.13611657e-02
415             	3.48689921e-02	1.49726175e-21	1.03801992e-01	-5.19009962e-03	-9.64436319e-03	1.74344961e-03	1.22443964e-02	2.26245957e-02	1.74344961e-03	-1.74344961e-03	4.22566331e-02	6.15453594e-02
416             	3.49598772e-02	1.50380938e-21	1.04086385e-01	-5.20431923e-03	-9.67711792e-03	1.74799386e-03	1.22756194e-02	2.26842578e-02	1.74799386e-03	-1.74799386e-03	4.23660743e-02	6.17203102e-02
417             	3.50458613e-02	1.51023369e-21	1.04357017e-01	-5.21785084e-03	-9.70768947e-03	1.75229307e-03	1.23050798e-02	2.27407815e-02	1.75229307e-03	-1.75229307e-03	4.24708189e-02	6.18861979e-02
418             	3.51272901e-02	1.51654997e-21	1.04614536e-01	-5.23072678e-03	-9.73620300e-03	1.75636450e-03	1.23329182e-02	2.27943718e-02	1.75636450e-03	-1.75636450e-03	4.25710648e-02	6.20434708e-02
419             	3.52052514e-02	1.52275663e-21	1.04861232e-01	-5.24306161e-03	-9.76302895e-03	1.76026257e-03	1.23595641e-02	2.28456873e-02	1.76026257e-03	-1.76026257e-03	4.26675872e-02	6.21936451e-02
420             	3.52797310e-02	1.52882702e-21	1.05097311e-01	-5.25486554e-03	-9.78830886e-03	1.76398655e-03	1.23850000e-02	2.28947310e-02	1.76398655e-03	-1.76398655e-03	4.27603465e-02	6.23369643e-02
421             	3.53512085e-02	1.53476040e-21	1.05324213e-01	-5.26621065e-03	-9.81231841e-03	1.76756042e-03	1.24093936e-02	2.29418149e-02	1.76756042e-03	-1.76756042e-03	4.28497881e-02	6.24744249e-02
422             	3.54210097e-02	1.54062061e-21	1.05545242e-01	-5.27726209e-03	-9.83558628e-03	1.77105048e-03	1.24332427e-02	2.29877669e-02	1.77105048e-03	-1.77105048e-03	4.29370346e-02	6.26082071e-02
423             	3.54896443e-02	1.54637899e-21	1.05761651e-01	-5.28808257e-03	-9.85830074e-03	1.77448222e-03	1.24567396e-02	2.30329047e-02	1.77448222e-03	-1.77448222e-03	4.30225249e-02	6.27391264e-02
424             	3.55571979e-02	1.55201243e-21	1.05973537e-01	-5.29867686e-03	-9.88050009e-03	1.77785990e-03	1.24799221e-02	2.30772758e-02	1.77785990e-03	-1.77785990e-03	4.31062685e-02	6.28672687e-02
425             	3.56241279e-02	1.55752207e-21	1.06182191e-01	-5.30910953e-03	-9.90235574e-03	1.78120639e-03	1.25029544e-02	2.31211735e-02	1.78120639e-03	-1.78120639e-03	4.31887396e-02	6.29934511e-02
426             	3.56913655e-02	1.56297260e-21	1.06389896e-01	-5.31949482e-03	-9.92415416e-03	1.78456827e-03	1.25261879e-02	2.31651776e-02	1.78456827e-03	-1.78456827e-03	4.32707940e-02	6.31191023e-02
427             	3.57588189e-02	1.56827201e-21	1.06596438e-01	-5.32982190e-03	-9.94594813e-03	1.78794095e-03	1.25495876e-02	2.32092314e-02	1.78794095e-03	-1.78794095e-03	4.33522709e-02	6.32441672e-02
428             	3.58267716e-02	1.57346373e-21	1.06802494e-01	-5.34012470e-03	-9.96779917e-03	1.79133858e-03	1.25732611e-02	2.32535105e-02	1.79133858e-03	-1.79133858e-03	4.34334478e-02	6.33690462e-02
429             	3.58954662e-02	1.57856598e-21	1.07009059e-01	-5.35045294e-03	-9.98980651e-03	1.79477331e-03	1.25972802e-02	2.32981860e-02	1.79477331e-03	-1.79477331e-03	4.35147229e-02	6.34943359e-02
430             	3.59652142e-02	1.58362021e-21	1.07217025e-01	-5.36085126e-03	-1.00120427e-02	1.79826071e-03	1.26217558e-02	2.33434583e-02	1.79826071e-03	-1.79826071e-03	4.35964699e-02	6.36205554e-02
431             	3.60361287e-02	1.58862402e-21	1.07426843e-01	-5.37134216e-03	-1.00345260e-02	1.80180644e-03	1.26467222e-02	2.33894065e-02	1.80180644e-03	-1.80180644e-03	4.36788956e-02	6.37479476e-02
432             	3.61082499e-02	1.59362571e-21	1.07638575e-01	-5.38192874e-03	-1.00571848e-02	1.80541249e-03	1.26721962e-02	2.34360537e-02	1.80541249e-03	-1.80541249e-03	4.37621026e-02	6.38764722e-02
433             	3.61810898e-02	1.59858157e-21	1.07851206e-01	-5.39256028e-03	-1.00798504e-02	1.80905449e-03	1.26979846e-02	2.34831052e-02	1.80905449e-03	-1.80905449e-03	4.38457524e-02	6.40054531e-02
434             	3.62544788e-02	1.60352334e-21	1.08064233e-01	-5.40321165e-03	-1.01023969e-02	1.81272394e-03	1.27240277e-02	2.35304510e-02	1.81272394e-03	-1.81272394e-03	4.39297196e-02	6.41345134e-02
435             	3.63281286e-02	1.60845036e-21	1.08277097e-01	-5.41385485e-03	-1.01246954e-02	1.81640643e-03	1.27502094e-02	2.35779192e-02	1.81640643e-03	-1.81640643e-03	4.40138531e-02	6.42632440e-02
436             	3.64017338e-02	1.61339470e-21	1.08488986e-01	-5.42444932e-03	-1.01465778e-02	1.82008669e-03	1.27764176e-02	2.36253162e-02	1.82008669e-03	-1.82008669e-03	4.40979154e-02	6.43910711e-02
437             	3.64748335e-02	1.61834739e-21	1.08698962e-01	-5.43494808e-03	-1.01678677e-02	1.82374168e-03	1.28024687e-02	2.36723648e-02	1.82374168e-03	-1.82374168e-03	4.41816130e-02	6.45173485e-02
438             	3.65471020e-02	1.62334170e-21	1.08906235e-01	-5.44531176e-03	-1.01884176e-02	1.82735510e-03	1.28282392e-02	2.37188627e-02	1.82735510e-03	-1.82735510e-03	4.42646999e-02	6.46415352e-02
439             	3.66184799e-02	1.62840038e-21	1.09111049e-01	-5.45555243e-03	-1.02082236e-02	1.83092399e-03	1.28536875e-02	2.37647924e-02	1.83092399e-03	-1.83092399e-03	4.43473007e-02	6.47637478e-02
440             	3.66881007e-02	1.63347605e-21	1.09311052e-01	-5.46555258e-03	-1.02270169e-02	1.83440504e-03	1.28784978e-02	2.38096029e-02	1.83440504e-03	-1.83440504e-03	4.44285089e-02	6.48825426e-02
441             	3.67555769e-02	1.63856445e-21	1.09505559e-01	-5.47527796e-03	-1.02446918e-02	1.83777885e-03	1.29025105e-02	2.38530664e-02	1.83777885e-03	-1.83777885e-03	4.45080878e-02	6.49974714e-02
442             	3.68206453e-02	1.64370452e-21	1.09693953e-01	-5.48469766e-03	-1.02611505e-02	1.84103227e-03	1.29256250e-02	2.38950203e-02	1.84103227e-03	-1.84103227e-03	4.45858260e-02	6.51081271e-02
443             	3.68828708e-02	1.64889110e-21	1.09875391e-01	-5.49376954e-03	-1.02762560e-02	1.84414354e-03	1.29476659e-02	2.39352050e-02	1.84414354e-03	-1.84414354e-03	4.46614394e-02	6.52139514e-02
444             	3.69420327e-02	1.65415897e-21	1.10049482e-01	-5.50247412e-03	-1.02899610e-02	1.84710163e-03	1.29685422e-02	2.39734905e-02	1.84710163e-03	-1.84710163e-03	4.47347801e-02	6.53147022e-02
445             	3.69975904e-02	1.65946458e-21	1.10215032e-01	-5.51075158e-03	-1.03021539e-02	1.84987952e-03	1.29880436e-02	2.40095468e-02	1.84987952e-03	-1.84987952e-03	4.48053619e-02	6.54096697e-02
446             	3.70493501e-02	1.66482402e-21	1.10371462e-01	-5.51857312e-03	-1.03127899e-02	1.85246750e-03	1.30061019e-02	2.40432482e-02	1.85246750e-03	-1.85246750e-03	4.48729414e-02	6.54985211e-02
447             	3.70970489e-02	1.67021747e-21	1.10518305e-01	-5.52591524e-03	-1.03218296e-02	1.85485244e-03	1.30226092e-02	2.40744397e-02	1.85485244e-03	-1.85485244e-03	4.49373228e-02	6.55809819e-02
448             	3.71404970e-02	1.67566388e-21	1.10655056e-01	-5.53275279e-03	-1.03292301e-02	1.85702485e-03	1.30374957e-02	2.41030013e-02	1.85702485e-03	-1.85702485e-03	4.49982978e-02	6.56567580e-02
449             	3.71796048e-02	1.68114189e-21	1.10781711e-01	-5.53908553e-03	-1.03350295e-02	1.85898024e-03	1.30507169e-02	2.41288879e-02	1.85898024e-03	-1.85898024e-03	4.50558257e-02	6.57258848e-02
450             	3.72144909e-02	1.68667381e-21	1.10898507e-01	-5.54492535e-03	-1.03393029e-02	1.86072455e-03	1.30623201e-02	2.41521708e-02	1.86072455e-03	-1.86072455e-03	4.51099506e-02	6.57885564e-02
451             	3.72450763e-02	1.69221595e-21	1.11005448e-01	-5.55027239e-03	-1.03421200e-02	1.86225382e-03	1.30722658e-02	2.41728106e-02	1.86225382e-03	-1.86225382e-03	4.51606039e-02	6.58448439e-02
452             	3.72716145e-02	1.69778322e-21	1.11103000e-01	-5.55515002e-03	-1.03436024e-02	1.86358073e-03	1.30806572e-02	2.41909573e-02	1.86358073e-03	-1.86358073e-03	4.52078979e-02	6.58951026e-02
453             	3.72943887e-02	1.70334873e-21	1.11191903e-01	-5.55959514e-03	-1.03439115e-02	1.86471943e-03	1.30875992e-02	2.42067895e-02	1.86471943e-03	-1.86471943e-03	4.52520399e-02	6.59398629e-02
454             	3.73137125e-02	1.70892267e-21	1.11272706e-01	-5.56363532e-03	-1.03431805e-02	1.86568562e-03	1.30932209e-02	2.42204916e-02	1.86568562e-03	-1.86568562e-03	4.52931728e-02	6.59795337e-02
455             	3.73298277e-02	1.71447531e-21	1.11346110e-01	-5.56730552e-03	-1.03415566e-02	1.86649138e-03	1.30976083e-02	2.42322194e-02	1.86649138e-03	-1.86649138e-03	4.53314986e-02	6.60146118e-02
456             	3.73431256e-02	1.72002325e-21	1.11412925e-01	-5.57064626e-03	-1.03391943e-02	1.86715628e-03	1.31009165e-02	2.42422090e-02	1.86715628e-03	-1.86715628e-03	4.53672684e-02	6.60456569e-02
457             	3.73539877e-02	1.72554043e-21	1.11474191e-01	-5.57370956e-03	-1.03362783e-02	1.86769938e-03	1.31032843e-02	2.42507034e-02	1.86769938e-03	-1.86769938e-03	4.54008174e-02	6.60733739e-02
458             	3.73629259e-02	1.73104218e-21	1.11530947e-01	-5.57654734e-03	-1.03329923e-02	1.86814630e-03	1.31049156e-02	2.42580103e-02	1.86814630e-03	-1.86814630e-03	4.54324810e-02	6.60984657e-02
459             	3.73703750e-02	1.73649913e-21	1.11584316e-01	-5.57921582e-03	-1.03295282e-02	1.86851875e-03	1.31059717e-02	2.42644033e-02	1.86851875e-03	-1.86851875e-03	4.54626300e-02	6.61216865e-02
460             	3.73768629e-02	1.74192578e-21	1.11635337e-01	-5.58176686e-03	-1.03260607e-02	1.86884315e-03	1.31066646e-02	2.42701983e-02	1.86884315e-03	-1.86884315e-03	4.54916080e-02	6.61437293e-02
461             	3.73828495e-02	1.74730037e-21	1.11685199e-01	-5.58425997e-03	-1.03227665e-02	1.86914247e-03	1.31071648e-02	2.42756847e-02	1.86914247e-03	-1.86914247e-03	4.55198332e-02	6.61653662e-02
462             	3.73887139e-02	1.75262885e-21	1.11734578e-01	-5.58672891e-03	-1.03197862e-02	1.86943569e-03	1.31076280e-02	2.42810859e-02	1.86943569e-03	-1.86943569e-03	4.55475030e-02	6.61870753e-02
463             	3.73947059e-02	1.75787900e-21	1.11784166e-01	-5.58920830e-03	-1.03172295e-02	1.86973529e-03	1.31081446e-02	2.42865612e-02	1.86973529e-03	-1.86973529e-03	4.55748536e-02	6.62093125e-02
464             	3.74012647e-02	1.76309958e-21	1.11834966e-01	-5.59174831e-03	-1.03151797e-02	1.87006324e-03	1.31088840e-02	2.42923807e-02	1.87006324e-03	-1.87006324e-03	4.56023033e-02	6.62326628e-02
465             	3.74086803e-02	1.76825641e-21	1.11887907e-01	-5.59439536e-03	-1.03137904e-02	1.87043402e-03	1.31099448e-02	2.42987355e-02	1.87043402e-03	-1.87043402e-03	4.56301632e-02	6.62577440e-02
466             	3.74173526e-02	1.77336591e-21	1.11943645e-01	-5.59718223e-03	-1.03131555e-02	1.87086763e-03	1.31114941e-02	2.43058585e-02	1.87086763e-03	-1.87086763e-03	4.56586669e-02	6.62849778e-02
467             	3.74275024e-02	1.77840226e-21	1.12002763e-01	-5.60013813e-03	-1.03133434e-02	1.87137512e-03	1.31136131e-02	2.43138894e-02	1.87137512e-03	-1.87137512e-03	4.56880379e-02	6.63147247e-02
468             	3.74393530e-02	1.78339021e-21	1.12065633e-01	-5.60328163e-03	-1.03143856e-02	1.87196765e-03	1.31163949e-02	2.43229581e-02	1.87196765e-03	-1.87196765e-03	4.57184307e-02	6.63472019e-02
469             	3.74529796e-02	1.78830793e-21	1.12132644e-01	-5.60663220e-03	-1.03163126e-02	1.87264898e-03	1.31198576e-02	2.43331220e-02	1.87264898e-03	-1.87264898e-03	4.57500094e-02	6.63826346e-02
470             	3.74685136e-02	1.79318176e-21	1.12204031e-01	-5.61020155e-03	-1.03191248e-02	1.87342568e-03	1.31240553e-02	2.43444584e-02	1.87342568e-03	-1.87342568e-03	4.57828907e-02	6.64211403e-02
471             	3.74858881e-02	1.79798575e-21	1.12279782e-01	-5.61398909e-03	-1.03228042e-02	1.87429440e-03	1.31289549e-02	2.43569331e-02	1.87429440e-03	-1.87429440e-03	4.58170866e-02	6.64626951e-02
472             	3.75050820e-02	1.80274035e-21	1.12359680e-01	-5.61798400e-03	-1.03272949e-02	1.87525410e-03	1.31345570e-02	2.43705250e-02	1.87525410e-03	-1.87525410e-03	4.58525451e-02	6.65071350e-02
473             	3.75260578e-02	1.80743900e-21	1.12443908e-01	-5.62219540e-03	-1.03325662e-02	1.87630289e-03	1.31408335e-02	2.43852243e-02	1.87630289e-03	-1.87630289e-03	4.58893878e-02	6.65545202e-02
474             	3.75486984e-02	1.81209442e-21	1.12531946e-01	-5.62659730e-03	-1.03385426e-02	1.87743492e-03	1.31477519e-02	2.44009465e-02	1.87743492e-03	-1.87743492e-03	4.59274304e-02	6.66045156e-02
475             	3.75728244e-02	1.81668225e-21	1.12623498e-01	-5.63117492e-03	-1.03451488e-02	1.87864122e-03	1.31552373e-02	2.44175871e-02	1.87864122e-03	-1.87864122e-03	4.59666005e-02	6.66568980e-02
476             	3.75983402e-02	1.82123296e-21	1.12718163e-01	-5.63590813e-03	-1.03522955e-02	1.87991701e-03	1.31632620e-02	2.44350782e-02	1.87991701e-03	-1.87991701e-03	4.60067858e-02	6.67113768e-02
477             	3.76250021e-02	1.82572413e-21	1.12815547e-01	-5.64077735e-03	-1.03598989e-02	1.88125011e-03	1.31717237e-02	2.44532784e-02	1.88125011e-03	-1.88125011e-03	4.60478746e-02	6.67676725e-02
478             	3.76526545e-02	1.83018296e-21	1.12915158e-01	-5.64575792e-03	-1.03678667e-02	1.88263273e-03	1.31805693e-02	2.44720852e-02	1.88263273e-03	-1.88263273e-03	4.60897125e-02	6.68254458e-02
479             	3.76810921e-02	1.83458563e-21	1.13016673e-01	-5.65083367e-03	-1.03761334e-02	1.88405460e-03	1.31897124e-02	2.44913797e-02	1.88405460e-03	-1.88405460e-03	4.61322033e-02	6.68844701e-02
480             	3.77101728e-02	1.83895834e-21	1.13119563e-01	-5.65597817e-03	-1.03846082e-02	1.88550864e-03	1.31991082e-02	2.45110646e-02	1.88550864e-03	-1.88550864e-03	4.61751736e-02	6.69443899e-02
481             	3.77396309e-02	1.84327545e-21	1.13223348e-01	-5.66116741e-03	-1.03932087e-02	1.88698155e-03	1.32086481e-02	2.45309829e-02	1.88698155e-03	-1.88698155e-03	4.62184654e-02	6.70048828e-02
482             	3.77692650e-02	1.84756042e-21	1.13327356e-01	-5.66636782e-03	-1.04018341e-02	1.88846325e-03	1.32182647e-02	2.45510003e-02	1.88846325e-03	-1.88846325e-03	4.62618440e-02	6.70655123e-02
483             	3.77989354e-02	1.85179426e-21	1.13431448e-01	-5.67157238e-03	-1.04104455e-02	1.88994677e-03	1.32278953e-02	2.45710401e-02	1.88994677e-03	-1.88994677e-03	4.63052782e-02	6.71261693e-02
484             	3.78285028e-02	1.85600342e-21	1.13535102e-01	-5.67675509e-03	-1.04189673e-02	1.89142514e-03	1.32374963e-02	2.45910065e-02	1.89142514e-03	-1.89142514e-03	4.63485836e-02	6.71865183e-02
485             	3.78577353e-02	1.86015870e-21	1.13637929e-01	-5.68189645e-03	-1.04273422e-02	1.89288676e-03	1.32469712e-02	2.46107641e-02	1.89288676e-03	-1.89288676e-03	4.63916223e-02	6.72463066e-02
486             	3.78865677e-02	1.86428728e-21	1.13739595e-01	-5.68697976e-03	-1.04355235e-02	1.89432839e-03	1.32563041e-02	2.46302636e-02	1.89432839e-03	-1.89432839e-03	4.64342741e-02	6.73053210e-02
487             	3.79148864e-02	1.86836269e-21	1.13839982e-01	-5.69199910e-03	-1.04434962e-02	1.89574432e-03	1.32654441e-02	2.46494423e-02	1.89574432e-03	-1.89574432e-03	4.64764948e-02	6.73634872e-02
488             	3.79426988e-02	1.87241270e-21	1.13938916e-01	-5.69694581e-03	-1.04512402e-02	1.89713494e-03	1.32744036e-02	2.46682952e-02	1.89713494e-03	-1.89713494e-03	4.65182179e-02	6.74206983e-02
489             	3.79699484e-02	1.87641181e-21	1.14036428e-01	-5.70182140e-03	-1.04587611e-02	1.89849742e-03	1.32831528e-02	2.46867956e-02	1.89849742e-03	-1.89849742e-03	4.65594529e-02	6.74769751e-02
490             	3.79966939e-02	1.88038423e-21	1.14132401e-01	-5.70662004e-03	-1.04660571e-02	1.89983469e-03	1.32917269e-02	2.47049670e-02	1.89983469e-03	-1.89983469e-03	4.66001433e-02	6.75322575e-02
491             	3.80228765e-02	1.88429639e-21	1.14226824e-01	-5.71134120e-03	-1.04731405e-02	1.90114382e-03	1.33000970e-02	2.47227794e-02	1.90114382e-03	-1.90114382e-03	4.66402715e-02	6.75865524e-02
492             	3.80486984e-02	1.88818770e-21	1.14320027e-01	-5.71600134e-03	-1.04800482e-02	1.90243492e-03	1.33083478e-02	2.47403505e-02	1.90243492e-03	-1.90243492e-03	4.66799652e-02	6.76400616e-02
493             	3.80740763e-02	1.89203002e-21	1.14412003e-01	-5.72060015e-03	-1.04867865e-02	1.90370381e-03	1.33164380e-02	2.47576383e-02	1.90370381e-03	-1.90370381e-03	4.67192150e-02	6.76927880e-02
494             	3.80990784e-02	1.89585074e-21	1.14502749e-01	-5.72513747e-03	-1.04933613e-02	1.90495392e-03	1.33244018e-02	2.47746767e-02	1.90495392e-03	-1.90495392e-03	4.67580134e-02	6.77447360e-02
495             	3.81237299e-02	1.89962052e-21	1.14592483e-01	-5.72962414e-03	-1.04998077e-02	1.90618649e-03	1.33322408e-02	2.47914891e-02	1.90618649e-03	-1.90618649e-03	4.67964337e-02	6.77960491e-02
496             	3.81481743e-02	1.90336764e-21	1.14681281e-01	-5.73406404e-03	-1.05061425e-02	1.90740872e-03	1.33400231e-02	2.48081512e-02	1.90740872e-03	-1.90740872e-03	4.68344979e-02	6.78467828e-02
497             	3.81723854e-02	1.90706297e-21	1.14769276e-01	-5.73846378e-03	-1.05123868e-02	1.90861927e-03	1.33477289e-02	2.48246565e-02	1.90861927e-03	-1.90861927e-03	4.68722510e-02	6.78970245e-02
498             	3.81964460e-02	1.91073665e-21	1.14856456e-01	-5.74282279e-03	-1.05185422e-02	1.90982230e-03	1.33554002e-02	2.48410458e-02	1.90982230e-03	-1.90982230e-03	4.69096858e-02	6.79467701e-02
499             	3.82204053e-02	1.91436320e-21	1.14943151e-01	-5.74715755e-03	-1.05246532e-02	1.91102026e-03	1.33630451e-02	2.48573602e-02	1.91102026e-03	-1.91102026e-03	4.69469224e-02	6.79962287e-02
500             	3.82444183e-02	1.91797566e-21	1.15029550e-01	-5.75147752e-03	-1.05307462e-02	1.91222092e-03	1.33707316e-02	2.48736867e-02	1.91222092e-03	-1.91222092e-03	4.69840290e-02	6.80455215e-02
501             	3.82684648e-02	1.92154638e-21	1.15115817e-01	-5.75579085e-03	-1.05368400e-02	1.91342324e-03	1.33784415e-02	2.48900232e-02	1.91342324e-03	-1.91342324e-03	4.70210686e-02	6.80947485e-02
502             	3.82926128e-02	1.92510871e-21	1.15201946e-01	-5.76009732e-03	-1.05429305e-02	1.91463064e-03	1.33862091e-02	2.49064037e-02	1.91463064e-03	-1.91463064e-03	4.70580427e-02	6.81439037e-02
503             	3.83167985e-02	1.92863399e-21	1.15287997e-01	-5.76439983e-03	-1.05490207e-02	1.91583993e-03	1.33939994e-02	2.49227991e-02	1.91583993e-03	-1.91583993e-03	4.70949776e-02	6.81930190e-02
504             	3.83410700e-02	1.93215401e-21	1.15373888e-01	-5.76869439e-03	-1.05551002e-02	1.91705350e-03	1.34018406e-02	2.49392294e-02	1.91705350e-03	-1.91705350e-03	4.71318437e-02	6.82420441e-02
505             	3.83653977e-02	1.93564118e-21	1.15459792e-01	-5.77298962e-03	-1.05611818e-02	1.91826988e-03	1.34097092e-02	2.49556885e-02	1.91826988e-03	-1.91826988e-03	4.71687144e-02	6.82910780e-02
506             	3.83897566e-02	1.93912369e-21	1.15545435e-01	-5.77727174e-03	-1.05672366e-02	1.91948783e-03	1.34176065e-02	2.49721500e-02	1.91948783e-03	-1.91948783e-03	4.72054808e-02	6.83399540e-02
507             	3.84141486e-02	1.94257687e-21	1.15631063e-01	-5.78155316e-03	-1.05732840e-02	1.92070743e-03	1.34255212e-02	2.49886275e-02	1.92070743e-03	-1.92070743e-03	4.72422475e-02	6.83888156e-02
508             	3.84385951e-02	1.94603583e-21	1.15716563e-01	-5.78582816e-03	-1.05793055e-02	1.92192976e-03	1.34334694e-02	2.50051257e-02	1.92192976e-03	-1.92192976e-03	4.72789761e-02	6.84375871e-02
509             	3.84629716e-02	1.94946795e-21	1.15801855e-01	-5.79009276e-03	-1.05852891e-02	1.92314858e-03	1.34413930e-02	2.50215785e-02	1.92314858e-03	-1.92314858e-03	4.73156385e-02	6.84862166e-02
510             	3.84873062e-02	1.95290588e-21	1.15886851e-01	-5.79434256e-03	-1.05912213e-02	1.92436531e-03	1.34493105e-02	2.50379956e-02	1.92436531e-03	-1.92436531e-03	4.73522043e-02	6.85346469e-02
511             	3.85115080e-02	1.95632032e-21	1.15971522e-01	-5.79857608e-03	-1.05970954e-02	1.92557540e-03	1.34571779e-02	2.50543301e-02	1.92557540e-03	-1.92557540e-03	4.73886655e-02	6.85828562e-02
512             	3.85355871e-02	1.95974446e-21	1.16055746e-01	-5.80278728e-03	-1.06028953e-02	1.92677935e-03	1.34650063e-02	2.50705808e-02	1.92677935e-03	-1.92677935e-03	4.74249775e-02	6.86307681e-02
513             	3.85594041e-02	1.96314625e-21	1.16139383e-01	-5.80696914e-03	-1.06085982e-02	1.92797020e-03	1.34727329e-02	2.50866712e-02	1.92797020e-03	-1.92797020e-03	4.74610932e-02	6.86782896e-02
514             	3.85829473e-02	1.96655968e-21	1.16222242e-01	-5.81111209e-03	-1.06141791e-02	1.92914737e-03	1.34803616e-02	2.51025857e-02	1.92914737e-03	-1.92914737e-03	4.74969418e-02	6.87253000e-02
515             	3.86061314e-02	1.96995203e-21	1.16304362e-01	-5.81521809e-03	-1.06196422e-02	1.93030657e-03	1.34878476e-02	2.51182838e-02	1.93030657e-03	-1.93030657e-03	4.75325387e-02	6.87718231e-02
516             	3.86290270e-02	1.97335996e-21	1.16385712e-01	-5.81928561e-03	-1.06249850e-02	1.93145135e-03	1.34952279e-02	2.51337991e-02	1.93145135e-03	-1.93145135e-03	4.75678711e-02	6.88178410e-02
517             	3.86515250e-02	1.97674444e-21	1.16466267e-01	-5.82331333e-03	-1.06302140e-02	1.93257625e-03	1.35024492e-02	2.51490758e-02	1.93257625e-03	-1.93257625e-03	4.76029194e-02	6.88633473e-02
518             	3.86737496e-02	1.98014135e-21	1.16546137e-01	-5.82730684e-03	-1.06353461e-02	1.93368748e-03	1.35095680e-02	2.51641817e-02	1.93368748e-03	-1.93368748e-03	4.76377223e-02	6.89084146e-02
519             	3.86956200e-02	1.98351499e-21	1.16625282e-01	-5.83126412e-03	-1.06403851e-02	1.93478100e-03	1.35165459e-02	2.51790741e-02	1.93478100e-03	-1.93478100e-03	4.76722561e-02	6.89530263e-02
520             	3.87172078e-02	1.98689667e-21	1.16703646e-01	-5.83518231e-03	-1.06453303e-02	1.93586039e-03	1.35234216e-02	2.51937862e-02	1.93586039e-03	-1.93586039e-03	4.77064928e-02	6.89971535e-02
521             	3.87384831e-02	1.99025135e-21	1.16781351e-01	-5.83906754e-03	-1.06502056e-02	1.93692416e-03	1.35301740e-02	2.52083091e-02	1.93692416e-03	-1.93692416e-03	4.77404698e-02	6.90408809e-02
522             	3.87595171e-02	1.99361247e-21	1.16858346e-01	-5.84291731e-03	-1.06550107e-02	1.93797586e-03	1.35368413e-02	2.52226759e-02	1.93797586e-03	-1.93797586e-03	4.77741624e-02	6.90841838e-02
523             	3.87801946e-02	1.99693916e-21	1.16934549e-01	-5.84672746e-03	-1.06597453e-02	1.93900973e-03	1.35433698e-02	2.52368247e-02	1.93900973e-03	-1.93900973e-03	4.78075293e-02	6.91270199e-02
524             	3.88007675e-02	2.00028128e-21	1.17010391e-01	-5.85051953e-03	-1.06644502e-02	1.94003838e-03	1.35498642e-02	2.52509033e-02	1.94003838e-03	-1.94003838e-03	4.78407450e-02	6.91696455e-02
525             	3.88210218e-02	2.00358631e-21	1.17085512e-01	-5.85427558e-03	-1.06691078e-02	1.94105109e-03	1.35562353e-02	2.52647865e-02	1.94105109e-03	-1.94105109e-03	4.78736480e-02	6.92118636e-02
526             	3.88412265e-02	2.00689999e-21	1.17160378e-01	-5.85801891e-03	-1.06737645e-02	1.94206133e-03	1.35625944e-02	2.52786322e-02	1.94206133e-03	-1.94206133e-03	4.79064246e-02	6.92539535e-02
527             	3.88612346e-02	2.01017646e-21	1.17234800e-01	-5.86173999e-03	-1.06784173e-02	1.94306173e-03	1.35688773e-02	2.52923573e-02	1.94306173e-03	-1.94306173e-03	4.79389825e-02	6.92958172e-02
528             	3.88811680e-02	2.01344759e-21	1.17308829e-01	-5.86544144e-03	-1.06830789e-02	1.94405840e-03	1.35751426e-02	2.53060254e-02	1.94405840e-03	-1.94405840e-03	4.79713355e-02	6.93374933e-02
529             	3.89010257e-02	2.01667943e-21	1.17382671e-01	-5.86913355e-03	-1.06877782e-02	1.94505128e-03	1.35813793e-02	2.53196464e-02	1.94505128e-03	-1.94505128e-03	4.80035573e-02	6.93791138e-02
530             	3.89209331e-02	2.01990998e-21	1.17456403e-01	-5.87282015e-03	-1.06925265e-02	1.94604665e-03	1.35876464e-02	2.53332867e-02	1.94604665e-03	-1.94604665e-03	4.80356750e-02	6.94207280e-02
531             	3.89408578e-02	2.02310235e-21	1.17530167e-01	-5.87650834e-03	-1.06973424e-02	1.94704289e-03	1.35939205e-02	2.53469372e-02	1.94704289e-03	-1.94704289e-03	4.80677410e-02	6.94624257e-02
532             	3.89609026e-02	2.02629305e-21	1.17603981e-01	-5.88019904e-03	-1.07022297e-02	1.94804513e-03	1.36002522e-02	2.53606503e-02	1.94804513e-03	-1.94804513e-03	4.80997608e-02	6.95042201e-02
533             	3.89810324e-02	2.02944440e-21	1.17677972e-01	-5.88389858e-03	-1.07072047e-02	1.94905162e-03	1.36066176e-02	2.53744148e-02	1.94905162e-03	-1.94905162e-03	4.81317810e-02	6.95461905e-02
534             	3.90013519e-02	2.03259343e-21	1.17752154e-01	-5.88760769e-03	-1.07122705e-02	1.95006759e-03	1.36130683e-02	2.53882836e-02	1.95006759e-03	-1.95006759e-03	4.81638064e-02	6.95883473e-02
535             	3.90218125e-02	2.03570095e-21	1.17826623e-01	-5.89133113e-03	-1.07174398e-02	1.95109063e-03	1.36195751e-02	2.54022374e-02	1.95109063e-03	-1.95109063e-03	4.81958715e-02	6.96307511e-02
536             	3.90425051e-02	2.03880409e-21	1.17901367e-01	-5.89506834e-03	-1.07227126e-02	1.95212526e-03	1.36261842e-02	2.54163209e-02	1.95212526e-03	-1.95212526e-03	4.82279708e-02	6.96733959e-02
537             	3.90633719e-02	2.04186443e-21	1.17976469e-01	-5.89882345e-03	-1.07280984e-02	1.95316860e-03	1.36328625e-02	2.54305094e-02	1.95316860e-03	-1.95316860e-03	4.82601360e-02	6.97163329e-02
538             	3.90845010e-02	2.04492120e-21	1.18051909e-01	-5.90259547e-03	-1.07335930e-02	1.95422505e-03	1.36396550e-02	2.54448460e-02	1.95422505e-03	-1.95422505e-03	4.82923618e-02	6.97595477e-02
539             	3.91058403e-02	2.04793603e-21	1.18127784e-01	-5.90638921e-03	-1.07392065e-02	1.95529202e-03	1.36465310e-02	2.54593094e-02	1.95529202e-03	-1.95529202e-03	4.83246856e-02	6.98030986e-02
540             	3.91274672e-02	2.05094771e-21	1.18204045e-01	-5.91020226e-03	-1.07449318e-02	1.95637336e-03	1.36535313e-02	2.54739359e-02	1.95637336e-03	-1.95637336e-03	4.83570908e-02	6.98469543e-02
541             	3.91492948e-02	2.05391732e-21	1.18280708e-01	-5.91403541e-03	-1.07507672e-02	1.95746474e-03	1.36606120e-02	2.54886828e-02	1.95746474e-03	-1.95746474e-03	4.83895869e-02	6.98911213e-02
542             	3.91713972e-02	2.05688412e-21	1.18357704e-01	-5.91788518e-03	-1.07567027e-02	1.95856986e-03	1.36678134e-02	2.55035838e-02	1.95856986e-03	-1.95856986e-03	4.84221491e-02	6.99355544e-02
543             	3.91936869e-02	2.05980829e-21	1.18435044e-01	-5.92175219e-03	-1.07627373e-02	1.95968434e-03	1.36750912e-02	2.55185956e-02	1.95968434e-03	-1.95968434e-03	4.84547845e-02	6.99802592e-02
544             	3.92162132e-02	2.06273085e-21	1.18512624e-01	-5.92563120e-03	-1.07688538e-02	1.96081066e-03	1.36824754e-02	2.55337378e-02	1.96081066e-03	-1.96081066e-03	4.84874582e-02	7.00251659e-02
545             	3.92388564e-02	2.06561207e-21	1.18590410e-01	-5.92952051e-03	-1.07750433e-02	1.96194282e-03	1.36899077e-02	2.55489487e-02	1.96194282e-03	-1.96194282e-03	4.85201618e-02	7.00702484e-02
546             	3.92616524e-02	2.06849282e-21	1.18668266e-01	-5.93341328e-03	-1.07812855e-02	1.96308262e-03	1.36974129e-02	2.55642395e-02	1.96308262e-03	-1.96308262e-03	4.85528473e-02	7.01154182e-02
547             	3.92845130e-02	2.07133301e-21	1.18746210e-01	-5.93731052e-03	-1.07875812e-02	1.96422565e-03	1.37049460e-02	2.55795670e-02	1.96422565e-03	-1.96422565e-03	4.85855240e-02	7.01606864e-02
548             	3.93074993e-02	2.07417309e-21	1.18824151e-01	-5.94120757e-03	-1.07939189e-02	1.96537497e-03	1.37125421e-02	2.55949572e-02	1.96537497e-03	-1.96537497e-03	4.86181568e-02	7.02059946e-02
549             	3.93305261e-02	2.07697197e-21	1.18902100e-01	-5.94510500e-03	-1.08002996e-02	1.96652631e-03	1.37201581e-02	2.56103681e-02	1.96652631e-03	-1.96652631e-03	4.86507504e-02	7.02513496e-02
550             	3.93536508e-02	2.07977071e-21	1.18979940e-01	-5.94899701e-03	-1.08067078e-02	1.96768254e-03	1.37278284e-02	2.56258224e-02	1.96768254e-03	-1.96768254e-03	4.86832623e-02	7.02966779e-02
551             	3.93767728e-02	2.08252740e-21	1.19057652e-01	-5.95288261e-03	-1.08131393e-02	1.96883864e-03	1.37355038e-02	2.56412690e-02	1.96883864e-03	-1.96883864e-03	4.87156868e-02	7.03419654e-02
552             	3.93999463e-02	2.08528322e-21	1.19135119e-01	-5.95675596e-03	-1.08195792e-02	1.96999731e-03	1.37432172e-02	2.56567291e-02	1.96999731e-03	-1.96999731e-03	4.87479804e-02	7.03871389e-02
553             	3.94230927e-02	2.08799643e-21	1.19212380e-01	-5.96061899e-03	-1.08260328e-02	1.97115464e-03	1.37509274e-02	2.56721653e-02	1.97115464e-03	-1.97115464e-03	4.87801572e-02	7.04322227e-02
554             	3.94462779e-02	2.09070842e-21	1.19289344e-01	-5.96446721e-03	-1.08324900e-02	1.97231389e-03	1.37586717e-02	2.56876061e-02	1.97231389e-03	-1.97231389e-03	4.88121821e-02	7.04771621e-02
555             	3.94694248e-02	2.09337652e-21	1.19366063e-01	-5.96830313e-03	-1.08389585e-02	1.97347124e-03	1.37664093e-02	2.57030155e-02	1.97347124e-03	-1.97347124e-03	4.88440728e-02	7.05219898e-02
556             	3.94925938e-02	2.09604251e-21	1.19442437e-01	-5.97212186e-03	-1.08454272e-02	1.97462969e-03	1.37741750e-02	2.57184187e-02	1.97462969e-03	-1.97462969e-03	4.88757914e-02	7.05666458e-02
557             	3.95157006e-02	2.09866385e-21	1.19518494e-01	-5.97592472e-03	-1.08518987e-02	1.97578503e-03	1.37819256e-02	2.57337750e-02	1.97578503e-03	-1.97578503e-03	4.89073485e-02	7.06111459e-02
558             	3.95388219e-02	2.10128298e-21	1.19594171e-01	-5.97970853e-03	-1.08583667e-02	1.97694110e-03	1.37897024e-02	2.57491195e-02	1.97694110e-03	-1.97694110e-03	4.89387185e-02	7.06554520e-02
559             	3.95618842e-02	2.10385673e-21	1.19669526e-01	-5.98347632e-03	-1.08648399e-02	1.97809421e-03	1.37974658e-02	2.57644184e-02	1.97809421e-03	-1.97809421e-03	4.89699233e-02	7.06996031e-02
560             	3.95849575e-02	2.10642763e-21	1.19744482e-01	-5.98722411e-03	-1.08713100e-02	1.97924787e-03	1.38052546e-02	2.57797028e-02	1.97924787e-03	-1.97924787e-03	4.90009311e-02	7.07435510e-02
561             	3.96079589e-02	2.10895258e-21	1.19819084e-01	-5.99095422e-03	-1.08777825e-02	1.98039794e-03	1.38130252e-02	2.57949337e-02	1.98039794e-03	-1.98039794e-03	4.90317597e-02	7.07873247e-02
562             	3.96309522e-02	2.11147505e-21	1.19893241e-01	-5.99466205e-03	-1.08842465e-02	1.98154761e-03	1.38208141e-02	2.58101382e-02	1.98154761e-03	-1.98154761e-03	4.90623740e-02	7.08308671e-02
563             	3.96538643e-02	2.11395136e-21	1.19967016e-01	-5.99835080e-03	-1.08907100e-02	1.98269321e-03	1.38285813e-02	2.58252830e-02	1.98269321e-03	-1.98269321e-03	4.90927980e-02	7.08742180e-02
564             	3.96767684e-02	2.11642479e-21	1.20040331e-01	-6.00201655e-03	-1.08971649e-02	1.98383842e-03	1.38363676e-02	2.58404007e-02	1.98383842e-03	-1.98383842e-03	4.91230006e-02	7.09173304e-02
565             	3.96995851e-02	2.11885114e-21	1.20113244e-01	-6.00566222e-03	-1.09036185e-02	1.98497925e-03	1.38441303e-02	2.58554548e-02	1.98497925e-03	-1.98497925e-03	4.91530037e-02	7.09602406e-02
566             	3.97223871e-02	2.12127470e-21	1.20185677e-01	-6.00928386e-03	-1.09100612e-02	1.98611936e-03	1.38519097e-02	2.58704774e-02	1.98611936e-03	-1.98611936e-03	4.91827774e-02	7.10028998e-02
567             	3.97450941e-02	2.12365106e-21	1.20257685e-01	-6.01288423e-03	-1.09164990e-02	1.98725471e-03	1.38596628e-02	2.58854313e-02	1.98725471e-03	-1.98725471e-03	4.92123433e-02	7.10453413e-02
568             	3.97677696e-02	2.12602446e-21	1.20329172e-01	-6.01645862e-03	-1.09229202e-02	1.98838848e-03	1.38674262e-02	2.59003434e-02	1.98838848e-03	-1.98838848e-03	4.92416659e-02	7.10875064e-02
569             	3.97903270e-02	2.12835013e-21	1.20400192e-01	-6.02000962e-03	-1.09293306e-02	1.98951635e-03	1.38751539e-02	2.59151731e-02	1.98951635e-03	-1.98951635e-03	4.92707656e-02	7.11294268e-02
570             	3.98128329e-02	2.13067307e-21	1.20470659e-01	-6.02353296e-03	-1.09357198e-02	1.99064165e-03	1.38828835e-02	2.59299494e-02	1.99064165e-03	-1.99064165e-03	4.92996098e-02	7.11710494e-02
571             	3.98352042e-02	2.13294851e-21	1.20540624e-01	-6.02703118e-03	-1.09420929e-02	1.99176021e-03	1.38905709e-02	2.59446333e-02	1.99176021e-03	-1.99176021e-03	4.93282189e-02	7.12124047e-02
572             	3.98575093e-02	2.13522162e-21	1.20609997e-01	-6.03049983e-03	-1.09484390e-02	1.99287547e-03	1.38982548e-02	2.59592545e-02	1.99287547e-03	-1.99287547e-03	4.93565592e-02	7.12534373e-02
573             	3.98796573e-02	2.13744706e-21	1.20678814e-01	-6.03394071e-03	-1.09547610e-02	1.99398287e-03	1.39058880e-02	2.59737694e-02	1.99398287e-03	-1.99398287e-03	4.93846462e-02	7.12941681e-02
574             	3.99017143e-02	2.13967088e-21	1.20746983e-01	-6.03734915e-03	-1.09610467e-02	1.99508572e-03	1.39135080e-02	2.59882063e-02	1.99508572e-03	-1.99508572e-03	4.94124447e-02	7.13345382e-02
575             	3.99235905e-02	2.14184757e-21	1.20814545e-01	-6.04072726e-03	-1.09672995e-02	1.99617953e-03	1.39210680e-02	2.60025225e-02	1.99617953e-03	-1.99617953e-03	4.94399731e-02	7.13745721e-02
576             	3.99453583e-02	2.14402332e-21	1.20881419e-01	-6.04407094e-03	-1.09735100e-02	1.99726791e-03	1.39286082e-02	2.60167501e-02	1.99726791e-03	-1.99726791e-03	4.94671994e-02	7.14142193e-02
577             	3.99669237e-02	2.14615131e-21	1.20947633e-01	-6.04738166e-03	-1.09796809e-02	1.99834619e-03	1.39360802e-02	2.60308435e-02	1.99834619e-03	-1.99834619e-03	4.94941356e-02	7.14534975e-02
578             	3.99883515e-02	2.14827826e-21	1.21013088e-01	-6.05065440e-03	-1.09857987e-02	1.99941758e-03	1.39435214e-02	2.60448302e-02	1.99941758e-03	-1.99941758e-03	4.95207453e-02	7.14923428e-02
579             	4.00095554e-02	2.15035727e-21	1.21077830e-01	-6.05389149e-03	-1.09918679e-02	2.00047777e-03	1.39508862e-02	2.60586692e-02	2.00047777e-03	-2.00047777e-03	4.95470470e-02	7.15307828e-02
580             	4.00306049e-02	2.15243562e-21	1.21141774e-01	-6.05708872e-03	-1.09978767e-02	2.00153025e-03	1.39582137e-02	2.60723912e-02	2.00153025e-03	-2.00153025e-03	4.95730105e-02	7.15687639e-02
581             	4.00514114e-02	2.15446630e-21	1.21204965e-01	-6.06024825e-03	-1.10038293e-02	2.00257057e-03	1.39654574e-02	2.60859540e-02	2.00257057e-03	-2.00257057e-03	4.95986532e-02	7.16063119e-02
582             	4.00720522e-02	2.15649720e-21	1.21267331e-01	-6.06336657e-03	-1.10097165e-02	2.00360261e-03	1.39726595e-02	2.60993927e-02	2.00360261e-03	-2.00360261e-03	4.96239493e-02	7.16433822e-02
583             	4.00924204e-02	2.15848038e-21	1.21328848e-01	-6.06644239e-03	-1.10155328e-02	2.00462102e-03	1.39797678e-02	2.61126526e-02	2.00462102e-03	-2.00462102e-03	4.96488911e-02	7.16799567e-02
584             	4.01125827e-02	2.16046352e-21	1.21389419e-01	-6.06947097e-03	-1.10212660e-02	2.00562914e-03	1.39868204e-02	2.61257623e-02	2.00562914e-03	-2.00562914e-03	4.96734437e-02	7.17159757e-02
585             	4.01324605e-02	2.16239893e-21	1.21449141e-01	-6.07245706e-03	-1.10269272e-02	2.00662303e-03	1.39937732e-02	2.61386873e-02	2.00662303e-03	-2.00662303e-03	4.96976434e-02	7.17514978e-02
586             	4.01521457e-02	2.16433521e-21	1.21507989e-01	-6.07539944e-03	-1.10325130e-02	2.00760729e-03	1.40006734e-02	2.61514723e-02	2.00760729e-03	-2.00760729e-03	4.97214814e-02	7.17865073e-02
587             	4.01715444e-02	2.16622484e-21	1.21566008e-01	-6.07830041e-03	-1.10380258e-02	2.00857722e-03	1.40074718e-02	2.61640726e-02	2.00857722e-03	-2.00857722e-03	4.97449783e-02	7.18210299e-02
588             	4.01907248e-02	2.16811655e-21	1.21623101e-01	-6.08115503e-03	-1.10434518e-02	2.00953624e-03	1.40142074e-02	2.61765174e-02	2.00953624e-03	-2.00953624e-03	4.97680984e-02	7.18550021e-02
589             	4.02095906e-02	2.16996145e-21	1.21679290e-01	-6.08396450e-03	-1.10487927e-02	2.01047953e-03	1.40208308e-02	2.61887598e-02	2.01047953e-03	-2.01047953e-03	4.97908522e-02	7.18884377e-02
590             	4.02282017e-02	2.17180812e-21	1.21734453e-01	-6.08672265e-03	-1.10540314e-02	2.01141008e-03	1.40273782e-02	2.62008235e-02	2.01141008e-03	-2.01141008e-03	4.98131951e-02	7.19212579e-02
591             	4.02464666e-02	2.17360817e-21	1.21788646e-01	-6.08943230e-03	-1.10591725e-02	2.01232333e-03	1.40338010e-02	2.62126656e-02	2.01232333e-03	-2.01232333e-03	4.98351505e-02	7.19534955e-02
592             	4.02644719e-02	2.17541140e-21	1.21841827e-01	-6.09209133e-03	-1.10642098e-02	2.01322359e-03	1.40401446e-02	2.62243273e-02	2.01322359e-03	-2.01322359e-03	4.98567035e-02	7.19851231e-02
593             	4.02821470e-02	2.17716841e-21	1.21894085e-01	-6.09470425e-03	-1.10691541e-02	2.01410735e-03	1.40463693e-02	2.62357778e-02	2.01410735e-03	-2.01410735e-03	4.98778885e-02	7.20161966e-02
594             	4.02995599e-02	2.17892859e-21	1.21945328e-01	-6.09726640e-03	-1.10739918e-02	2.01497800e-03	1.40525136e-02	2.62470464e-02	2.01497800e-03	-2.01497800e-03	4.98986722e-02	7.20466558e-02
595             	4.03166279e-02	2.18064267e-21	1.21995637e-01	-6.09978187e-03	-1.10787318e-02	2.01583139e-03	1.40585321e-02	2.62580958e-02	2.01583139e-03	-2.01583139e-03	4.99190869e-02	7.20765505e-02
596             	4.03334411e-02	2.18236067e-21	1.22044977e-01	-6.10224884e-03	-1.10833691e-02	2.01667206e-03	1.40644717e-02	2.62689694e-02	2.01667206e-03	-2.01667206e-03	4.99391193e-02	7.21058575e-02
597             	4.03499183e-02	2.18403309e-21	1.22093426e-01	-6.10467128e-03	-1.10879114e-02	2.01749592e-03	1.40702879e-02	2.62796304e-02	2.01749592e-03	-2.01749592e-03	4.99588014e-02	7.21346242e-02
598             	4.03661354e-02	2.18570999e-21	1.22140903e-01	-6.10704513e-03	-1.10923471e-02	2.01830677e-03	1.40760226e-02	2.62901128e-02	2.01830677e-03	-2.01830677e-03	4.99781042e-02	7.21627985e-02
599             	4.03819922e-02	2.18734145e-21	1.22187439e-01	-6.10937194e-03	-1.10966766e-02	2.01909961e-03	1.40816242e-02	2.63003681e-02	2.01909961e-03	-2.01909961e-03	4.99970428e-02	7.21903961e-02
600             	4.03975648e-02	2.18897786e-21	1.22232946e-01	-6.11164730e-03	-1.11008874e-02	2.01987824e-03	1.40871351e-02	2.63104297e-02	2.01987824e-03	-2.01987824e-03	5.00155856e-02	7.22173605e-02
601             	4.04127850e-02	2.19056966e-21	1.22277549e-01	-6.11387744e-03	-1.11049938e-02	2.02063925e-03	1.40925150e-02	2.63202699e-02	2.02063925e-03	-2.02063925e-03	5.00337807e-02	7.22437682e-02
602             	4.04277399e-02	2.19216766e-21	1.22321193e-01	-6.11605964e-03	-1.11089875e-02	2.02138700e-03	1.40978103e-02	2.63299296e-02	2.02138700e-03	-2.02138700e-03	5.00516089e-02	7.22695838e-02
603             	4.04423312e-02	2.19372169e-21	1.22363919e-01	-6.11819593e-03	-1.11128703e-02	2.02211656e-03	1.41029697e-02	2.63393615e-02	2.02211656e-03	-2.02211656e-03	5.00690891e-02	7.22948296e-02
604             	4.04566261e-02	2.19528302e-21	1.22405628e-01	-6.12028139e-03	-1.11166271e-02	2.02283130e-03	1.41080316e-02	2.63485944e-02	2.02283130e-03	-2.02283130e-03	5.00861869e-02	7.23194410e-02
605             	4.04705339e-02	2.19680126e-21	1.22446380e-01	-6.12231898e-03	-1.11202625e-02	2.02352670e-03	1.41129480e-02	2.63575859e-02	2.02352670e-03	-2.02352670e-03	5.01029273e-02	7.23434523e-02
606             	4.04841443e-02	2.19832769e-21	1.22486126e-01	-6.12430628e-03	-1.11237697e-02	2.02420722e-03	1.41177659e-02	2.63663784e-02	2.02420722e-03	-2.02420722e-03	5.01192931e-02	7.23668325e-02
607             	4.04973788e-02	2.19981123e-21	1.22524957e-01	-6.12624784e-03	-1.11271585e-02	2.02486894e-03	1.41224416e-02	2.63749372e-02	2.02486894e-03	-2.02486894e-03	5.01353199e-02	7.23896370e-02
608             	4.05103150e-02	2.20130326e-21	1.22562783e-01	-6.12813915e-03	-1.11304165e-02	2.02551575e-03	1.41270184e-02	2.63832967e-02	2.02551575e-03	-2.02551575e-03	5.01509750e-02	7.24118080e-02
609             	4.05228596e-02	2.20275241e-21	1.22599651e-01	-6.12998255e-03	-1.11335475e-02	2.02614298e-03	1.41314472e-02	2.63914123e-02	2.02614298e-03	-2.02614298e-03	5.01662780e-02	7.24333730e-02
610             	4.05350895e-02	2.20421055e-21	1.22635483e-01	-6.13177417e-03	-1.11365406e-02	2.02675448e-03	1.41357706e-02	2.63993189e-02	2.02675448e-03	-2.02675448e-03	5.01812011e-02	7.24542823e-02
611             	4.05469123e-02	2.20562630e-21	1.22670339e-01	-6.13351693e-03	-1.11394012e-02	2.02734561e-03	1.41399392e-02	2.64069731e-02	2.02734561e-03	-2.02734561e-03	5.01957681e-02	7.24745705e-02
612             	4.05584105e-02	2.20705212e-21	1.22704156e-01	-6.13520779e-03	-1.11421205e-02	2.02792052e-03	1.41439975e-02	2.64144130e-02	2.02792052e-03	-2.02792052e-03	5.02099574e-02	7.24941985e-02
613             	4.05694944e-02	2.20843631e-21	1.22737001e-01	-6.13685006e-03	-1.11447056e-02	2.02847472e-03	1.41478971e-02	2.64215972e-02	2.02847472e-03	-2.02847472e-03	5.02237950e-02	7.25132061e-02
614             	4.05802503e-02	2.20983118e-21	1.22768817e-01	-6.13844087e-03	-1.11471490e-02	2.02901251e-03	1.41516843e-02	2.64285660e-02	2.02901251e-03	-2.02901251e-03	5.02372597e-02	7.25315577e-02
615             	4.05906048e-02	2.21118476e-21	1.22799704e-01	-6.13998522e-03	-1.11494632e-02	2.02953024e-03	1.41553172e-02	2.64352876e-02	2.02953024e-03	-2.02953024e-03	5.02503890e-02	7.25493154e-02
616             	4.06006521e-02	2.21254931e-21	1.22829614e-01	-6.14148071e-03	-1.11516426e-02	2.03003260e-03	1.41588453e-02	2.64418067e-02	2.03003260e-03	-2.03003260e-03	5.02631645e-02	7.25664498e-02
617             	4.06102944e-02	2.21387297e-21	1.22858595e-01	-6.14292976e-03	-1.11536910e-02	2.03051472e-03	1.41622174e-02	2.64480769e-02	2.03051472e-03	-2.03051472e-03	5.02756065e-02	7.25829886e-02
618             	4.06196115e-02	2.21520882e-21	1.22886575e-01	-6.14432876e-03	-1.11555983e-02	2.03098058e-03	1.41654770e-02	2.64541345e-02	2.03098058e-03	-2.03098058e-03	5.02876893e-02	7.25988859e-02
619             	4.06285118e-02	2.21650462e-21	1.22913625e-01	-6.14568126e-03	-1.11573725e-02	2.03142559e-03	1.41685746e-02	2.64599371e-02	2.03142559e-03	-2.03142559e-03	5.02994401e-02	7.26141851e-02
620             	4.06370826e-02	2.21781340e-21	1.22939698e-01	-6.14698489e-03	-1.11590082e-02	2.03185413e-03	1.41715564e-02	2.64655262e-02	2.03185413e-03	-2.03185413e-03	5.03108407e-02	7.26288571e-02
621             	4.06452446e-02	2.21908293e-21	1.22964890e-01	-6.14824452e-03	-1.11605176e-02	2.03226223e-03	1.41743778e-02	2.64708668e-02	2.03226223e-03	-2.03226223e-03	5.03219277e-02	7.26429628e-02
622             	4.06530971e-02	2.22036660e-21	1.22989173e-01	-6.14945867e-03	-1.11618977e-02	2.03265486e-03	1.41770899e-02	2.64760072e-02	2.03265486e-03	-2.03265486e-03	5.03326890e-02	7.26564844e-02
623             	4.06605585e-02	2.22161168e-21	1.23012632e-01	-6.15063161e-03	-1.11631591e-02	2.03302792e-03	1.41796476e-02	2.64809109e-02	2.03302792e-03	-2.03302792e-03	5.03431570e-02	7.26694753e-02
624             	4.06677208e-02	2.22287146e-21	1.23035217e-01	-6.15176085e-03	-1.11642963e-02	2.03338604e-03	1.41820995e-02	2.64856213e-02	2.03338604e-03	-2.03338604e-03	5.03533122e-02	7.26819049e-02
625             	4.06745033e-02	2.22409310e-21	1.23057019e-01	-6.15285093e-03	-1.11653210e-02	2.03372517e-03	1.41844007e-02	2.64901026e-02	2.03372517e-03	-2.03372517e-03	5.03631883e-02	7.26938302e-02
626             	4.06810023e-02	2.22532988e-21	1.23077995e-01	-6.15389973e-03	-1.11662291e-02	2.03405011e-03	1.41866014e-02	2.64944009e-02	2.03405011e-03	-2.03405011e-03	5.03727682e-02	7.27052264e-02
627             	4.06871333e-02	2.22652872e-21	1.23098229e-01	-6.15491143e-03	-1.11670312e-02	2.03435667e-03	1.41886552e-02	2.64984781e-02	2.03435667e-03	-2.03435667e-03	5.03820832e-02	7.27161455e-02
628             	4.06929915e-02	2.22774347e-21	1.23117689e-01	-6.15588444e-03	-1.11677244e-02	2.03464958e-03	1.41906113e-02	2.65023802e-02	2.03464958e-03	-2.03464958e-03	5.03911200e-02	7.27265688e-02
629             	4.06984948e-02	2.22892089e-21	1.23136465e-01	-6.15682325e-03	-1.11683206e-02	2.03492474e-03	1.41924241e-02	2.65060706e-02	2.03492474e-03	-2.03492474e-03	5.03999120e-02	7.27365531e-02
630             	4.07037422e-02	2.23011482e-21	1.23154523e-01	-6.15772617e-03	-1.11688169e-02	2.03518711e-03	1.41941449e-02	2.65095973e-02	2.03518711e-03	-2.03518711e-03	5.04084448e-02	7.27460786e-02
631             	4.07086530e-02	2.23127172e-21	1.23171953e-01	-6.15859765e-03	-1.11692255e-02	2.03543265e-03	1.41957288e-02	2.65129242e-02	2.03543265e-03	-2.03543265e-03	5.04167510e-02	7.27552021e-02
632             	4.07133414e-02	2.23244769e-21	1.23188761e-01	-6.15943807e-03	-1.11695468e-02	2.03566707e-03	1.41972326e-02	2.65161088e-02	2.03566707e-03	-2.03566707e-03	5.04248338e-02	7.27639275e-02
633             	4.07176891e-02	2.23358277e-21	1.23204935e-01	-6.16024674e-03	-1.11697860e-02	2.03588445e-03	1.41985978e-02	2.65190913e-02	2.03588445e-03	-2.03588445e-03	5.04326814e-02	7.27722534e-02
634             	4.07218460e-02	2.23473915e-21	1.23220577e-01	-6.16102886e-03	-1.11699506e-02	2.03609230e-03	1.41998942e-02	2.65219519e-02	2.03609230e-03	-2.03609230e-03	5.04403380e-02	7.27802393e-02
635             	4.07256931e-02	2.23585601e-21	1.23235675e-01	-6.16178374e-03	-1.11700461e-02	2.03628466e-03	1.42010628e-02	2.65246303e-02	2.03628466e-03	-2.03628466e-03	5.04477913e-02	7.27878835e-02
636             	4.07293740e-02	2.23699492e-21	1.23250314e-01	-6.16251569e-03	-1.11700786e-02	2.03646870e-03	1.42021713e-02	2.65272027e-02	2.03646870e-03	-2.03646870e-03	5.04550783e-02	7.27952354e-02
637             	4.07327704e-02	2.23809452e-21	1.23264480e-01	-6.16322400e-03	-1.11700543e-02	2.03663852e-03	1.42031612e-02	2.65296092e-02	2.03663852e-03	-2.03663852e-03	5.04621857e-02	7.28022943e-02
638             	4.07360224e-02	2.23921655e-21	1.23278250e-01	-6.16391249e-03	-1.11699780e-02	2.03680112e-03	1.42040987e-02	2.65319237e-02	2.03680112e-03	-2.03680112e-03	5.04691469e-02	7.28091029e-02
639             	4.07390109e-02	2.24029878e-21	1.23291606e-01	-6.16458030e-03	-1.11698565e-02	2.03695055e-03	1.42049251e-02	2.65340858e-02	2.03695055e-03	-2.03695055e-03	5.04759466e-02	7.28156595e-02
640             	4.07418787e-02	2.24140384e-21	1.23304627e-01	-6.16523135e-03	-1.11696937e-02	2.03709393e-03	1.42057080e-02	2.65361707e-02	2.03709393e-03	-2.03709393e-03	5.04826198e-02	7.28220072e-02
641             	4.07445235e-02	2.24247200e-21	1.23317343e-01	-6.16586714e-03	-1.11695000e-02	2.03722618e-03	1.42063946e-02	2.65381289e-02	2.03722618e-03	-2.03722618e-03	5.04891714e-02	7.28281714e-02
642             	4.07470519e-02	2.24355830e-21	1.23329730e-01	-6.16648648e-03	-1.11692747e-02	2.03735259e-03	1.42070395e-02	2.65400124e-02	2.03735259e-03	-2.03735259e-03	5.04955901e-02	7.28341395e-02
643             	4.07493935e-02	2.24460971e-21	1.23341902e-01	-6.16709509e-03	-1.11690322e-02	2.03746967e-03	1.42076016e-02	2.65417918e-02	2.03746967e-03	-2.03746967e-03	5.05019187e-02	7.28399830e-02
644             	4.07516552e-02	2.24568090e-21	1.23353844e-01	-6.16769220e-03	-1.11687721e-02	2.03758276e-03	1.42081354e-02	2.65435198e-02	2.03758276e-03	-2.03758276e-03	5.05081498e-02	7.28456941e-02
645             	4.07537596e-02	2.24671723e-21	1.23365641e-01	-6.16828204e-03	-1.11685076e-02	2.03768798e-03	1.42085978e-02	2.65451619e-02	2.03768798e-03	-2.03768798e-03	5.05143128e-02	7.28513279e-02
646             	4.07558103e-02	2.24777425e-21	1.23377284e-01	-6.16886420e-03	-1.11682375e-02	2.03779051e-03	1.42090409e-02	2.65467693e-02	2.03779051e-03	-2.03779051e-03	5.05204046e-02	7.28568795e-02
647             	4.07577310e-02	2.24879691e-21	1.23388853e-01	-6.16944267e-03	-1.11679749e-02	2.03788655e-03	1.42094228e-02	2.65483082e-02	2.03788655e-03	-2.03788655e-03	5.05264518e-02	7.28624016e-02
648             	4.07596326e-02	2.24984128e-21	1.23400345e-01	-6.17001726e-03	-1.11677193e-02	2.03798163e-03	1.42097990e-02	2.65498335e-02	2.03798163e-03	-2.03798163e-03	5.05324532e-02	7.28678919e-02
649             	4.07614281e-02	2.25085037e-21	1.23411827e-01	-6.17059137e-03	-1.11674838e-02	2.03807140e-03	1.42101227e-02	2.65513054e-02	2.03807140e-03	-2.03807140e-03	5.05384299e-02	7.28733976e-02
650             	4.07632371e-02	2.25188063e-21	1.23423291e-01	-6.17116453e-03	-1.11672683e-02	2.03816186e-03	1.42104540e-02	2.65527831e-02	2.03816186e-03	-2.03816186e-03	5.05443770e-02	7.28789135e-02
651             	4.07649769e-02	2.25287624e-21	1.23434833e-01	-6.17174165e-03	-1.11670874e-02	2.03824885e-03	1.42107468e-02	2.65542301e-02	2.03824885e-03	-2.03824885e-03	5.05503291e-02	7.28845039e-02
652             	4.07667636e-02	2.25389376e-21	1.23446441e-01	-6.17232206e-03	-1.11669397e-02	2.03833818e-03	1.42110598e-02	2.65557039e-02	2.03833818e-03	-2.03833818e-03	5.05562810e-02	7.28901603e-02
653             	4.07685124e-02	2.25487713e-21	1.23458207e-01	-6.17291035e-03	-1.11668388e-02	2.03842562e-03	1.42113459e-02	2.65571666e-02	2.03842562e-03	-2.03842562e-03	5.05622647e-02	7.28959423e-02
654             	4.07703341e-02	2.25588217e-21	1.23470104e-01	-6.17350521e-03	-1.11667826e-02	2.03851671e-03	1.42116619e-02	2.65586723e-02	2.03851671e-03	-2.03851671e-03	5.05682696e-02	7.29018347e-02
655             	4.07721550e-02	2.25685447e-21	1.23482232e-01	-6.17411158e-03	-1.11667840e-02	2.03860775e-03	1.42119659e-02	2.65601891e-02	2.03860775e-03	-2.03860775e-03	5.05743318e-02	7.29078998e-02
656             	4.07740800e-02	2.25784850e-21	1.23494550e-01	-6.17472752e-03	-1.11668406e-02	2.03870400e-03	1.42123125e-02	2.65617675e-02	2.03870400e-03	-2.03870400e-03	5.05804347e-02	7.29141158e-02
657             	4.07760190e-02	2.25880820e-21	1.23507138e-01	-6.17535690e-03	-1.11669639e-02	2.03880095e-03	1.42126526e-02	2.65633664e-02	2.03880095e-03	-2.03880095e-03	5.05866051e-02	7.29205330e-02
658             	4.07780850e-02	2.25979017e-21	1.23519967e-01	-6.17599836e-03	-1.11671505e-02	2.03890425e-03	1.42130441e-02	2.65650409e-02	2.03890425e-03	-2.03890425e-03	5.05928331e-02	7.29271341e-02
659             	4.07801923e-02	2.26073801e-21	1.23533123e-01	-6.17665615e-03	-1.11674129e-02	2.03900962e-03	1.42134400e-02	2.65667523e-02	2.03900962e-03	-2.03900962e-03	5.05991486e-02	7.29339745e-02
660             	4.07824572e-02	2.26170824e-21	1.23546583e-01	-6.17732917e-03	-1.11677485e-02	2.03912286e-03	1.42138994e-02	2.65685578e-02	2.03912286e-03	-2.03912286e-03	5.06055432e-02	7.29410402e-02
661             	4.07847906e-02	2.26264436e-21	1.23560423e-01	-6.17802114e-03	-1.11681682e-02	2.03923953e-03	1.42143742e-02	2.65704165e-02	2.03923953e-03	-2.03923953e-03	5.06120432e-02	7.29483797e-02
662             	4.07873065e-02	2.26360282e-21	1.23574615e-01	-6.17873073e-03	-1.11686689e-02	2.03936533e-03	1.42149225e-02	2.65723840e-02	2.03936533e-03	-2.03936533e-03	5.06186384e-02	7.29559761e-02
663             	4.07899154e-02	2.26452692e-21	1.23589233e-01	-6.17946167e-03	-1.11692617e-02	2.03949577e-03	1.42154960e-02	2.65744194e-02	2.03949577e-03	-2.03949577e-03	5.06253549e-02	7.29638784e-02
664             	4.07927338e-02	2.26547316e-21	1.23604258e-01	-6.18021292e-03	-1.11699442e-02	2.03963669e-03	1.42161540e-02	2.65765798e-02	2.03963669e-03	-2.03963669e-03	5.06321850e-02	7.29720733e-02
665             	4.07956609e-02	2.26638468e-21	1.23619739e-01	-6.18098693e-03	-1.11707234e-02	2.03978305e-03	1.42168435e-02	2.65788174e-02	2.03978305e-03	-2.03978305e-03	5.06391459e-02	7.29805927e-02
666             	4.07988055e-02	2.26731793e-21	1.23635631e-01	-6.18178156e-03	-1.11715935e-02	2.03994027e-03	1.42176212e-02	2.65811843e-02	2.03994027e-03	-2.03994027e-03	5.06462221e-02	7.29894092e-02
667             	4.08020742e-02	2.26821606e-21	1.23652002e-01	-6.18260008e-03	-1.11725641e-02	2.04010371e-03	1.42184370e-02	2.65836372e-02	2.04010371e-03	-2.04010371e-03	5.06534367e-02	7.29985650e-02
668             	4.08055729e-02	2.26913492e-21	1.23668806e-01	-6.18344030e-03	-1.11736297e-02	2.04027864e-03	1.42193461e-02	2.65862267e-02	2.04027864e-03	-2.04027864e-03	5.06607733e-02	7.30080327e-02
669             	4.08092187e-02	2.27001906e-21	1.23686118e-01	-6.18430591e-03	-1.11747994e-02	2.04046094e-03	1.42203034e-02	2.65889153e-02	2.04046094e-03	-2.04046094e-03	5.06682597e-02	7.30178585e-02
670             	4.08131085e-02	2.27092386e-21	1.23703895e-01	-6.18519473e-03	-1.11760669e-02	2.04065542e-03	1.42213595e-02	2.65917490e-02	2.04065542e-03	-2.04065542e-03	5.06758804e-02	7.30280143e-02
671             	4.08171505e-02	2.27179308e-21	1.23722178e-01	-6.18610890e-03	-1.11774385e-02	2.04085753e-03	1.42224664e-02	2.65946842e-02	2.04085753e-03	-2.04085753e-03	5.06836506e-02	7.30385275e-02
672             	4.08214417e-02	2.27268232e-21	1.23740923e-01	-6.18704617e-03	-1.11789073e-02	2.04107208e-03	1.42236747e-02	2.65977670e-02	2.04107208e-03	-2.04107208e-03	5.06915544e-02	7.30493689e-02
673             	4.08258904e-02	2.27353538e-21	1.23760173e-01	-6.18800864e-03	-1.11804793e-02	2.04129452e-03	1.42249366e-02	2.66009538e-02	2.04129452e-03	-2.04129452e-03	5.06996071e-02	7.30605657e-02
674             	4.08305935e-02	2.27440793e-21	1.23779881e-01	-6.18899405e-03	-1.11821478e-02	2.04152968e-03	1.42263027e-02	2.66042908e-02	2.04152968e-03	-2.04152968e-03	5.07077927e-02	7.30720884e-02
675             	4.08354572e-02	2.27524377e-21	1.23800085e-01	-6.19000427e-03	-1.11839176e-02	2.04177286e-03	1.42277243e-02	2.66077329e-02	2.04177286e-03	-2.04177286e-03	5.07161251e-02	7.30839603e-02
676             	4.08405760e-02	2.27609859e-21	1.23820736e-01	-6.19103680e-03	-1.11857811e-02	2.04202880e-03	1.42292512e-02	2.66113248e-02	2.04202880e-03	-2.04202880e-03	5.07245869e-02	7.30961491e-02
677             	4.08458561e-02	2.27691622e-21	1.23841872e-01	-6.19209360e-03	-1.11877433e-02	2.04229281e-03	1.42308345e-02	2.66150217e-02	2.04229281e-03	-2.04229281e-03	5.07331927e-02	7.31086793e-02
678             	4.08513899e-02	2.27775187e-21	1.23863430e-01	-6.19317152e-03	-1.11897960e-02	2.04256949e-03	1.42325234e-02	2.66188665e-02	2.04256949e-03	-2.04256949e-03	5.07419192e-02	7.31215111e-02
679             	4.08570830e-02	2.27854987e-21	1.23885468e-01	-6.19427342e-03	-1.11919451e-02	2.04285415e-03	1.42342681e-02	2.66228149e-02	2.04285415e-03	-2.04285415e-03	5.07507890e-02	7.31346793e-02
680             	4.08630346e-02	2.27936668e-21	1.23907920e-01	-6.19539601e-03	-1.11941812e-02	2.04315173e-03	1.42361213e-02	2.66269133e-02	2.04315173e-03	-2.04315173e-03	5.07597789e-02	7.31481413e-02
681             	4.08691332e-02	2.28014472e-21	1.23930810e-01	-6.19654052e-03	-1.11965070e-02	2.04345666e-03	1.42380261e-02	2.66311071e-02	2.04345666e-03	-2.04345666e-03	5.07688982e-02	7.31619122e-02
682             	4.08754806e-02	2.28094079e-21	1.23954078e-01	-6.19770391e-03	-1.11989140e-02	2.04377403e-03	1.42400364e-02	2.66354442e-02	2.04377403e-03	-2.04377403e-03	5.07781251e-02	7.31759531e-02
683             	4.08819671e-02	2.28169753e-21	1.23977751e-01	-6.19888753e-03	-1.12014052e-02	2.04409836e-03	1.42420960e-02	2.66398711e-02	2.04409836e-03	-2.04409836e-03	5.07874702e-02	7.31902805e-02
684             	4.08886923e-02	2.28247193e-21	1.24001763e-01	-6.20008815e-03	-1.12039710e-02	2.04443461e-03	1.42442580e-02	2.66444343e-02	2.04443461e-03	-2.04443461e-03	5.07969104e-02	7.32048525e-02
685             	4.08955438e-02	2.28320690e-21	1.24026139e-01	-6.20130693e-03	-1.12066135e-02	2.04477719e-03	1.42464650e-02	2.66490788e-02	2.04477719e-03	-2.04477719e-03	5.08064559e-02	7.32196828e-02
686             	4.09026205e-02	2.28395947e-21	1.24050812e-01	-6.20254061e-03	-1.12093229e-02	2.04513103e-03	1.42487697e-02	2.66538509e-02	2.04513103e-03	-2.04513103e-03	5.08160832e-02	7.32347290e-02
687             	4.09098098e-02	2.28467260e-21	1.24075806e-01	-6.20379030e-03	-1.12121010e-02	2.04549049e-03	1.42511146e-02	2.66586952e-02	2.04549049e-03	-2.04549049e-03	5.08258020e-02	7.32500041e-02
688             	4.09172021e-02	2.28540254e-21	1.24101039e-01	-6.20505195e-03	-1.12149371e-02	2.04586010e-03	1.42535491e-02	2.66636530e-02	2.04586010e-03	-2.04586010e-03	5.08355824e-02	7.32654566e-02
689             	4.09246878e-02	2.28609266e-21	1.24126527e-01	-6.20632637e-03	-1.12178326e-02	2.04623439e-03	1.42560175e-02	2.66686703e-02	2.04623439e-03	-2.04623439e-03	5.08454311e-02	7.32810963e-02
690             	4.09323915e-02	2.28680223e-21	1.24152293e-01	-6.20761467e-03	-1.12207867e-02	2.04661957e-03	1.42585811e-02	2.66738104e-02	2.04661957e-03	-2.04661957e-03	5.08553600e-02	7.32969334e-02
691             	4.09401578e-02	2.28747074e-21	1.24178233e-01	-6.20891163e-03	-1.12237882e-02	2.04700789e-03	1.42611673e-02	2.66789906e-02	2.04700789e-03	-2.04700789e-03	5.08653281e-02	7.33129045e-02
692             	4.09480989e-02	2.28815672e-21	1.24204332e-01	-6.21021661e-03	-1.12268332e-02	2.04740495e-03	1.42638328e-02	2.66842661e-02	2.04740495e-03	-2.04740495e-03	5.08753329e-02	7.33289993e-02
693             	4.09561138e-02	2.28880407e-21	1.24230632e-01	-6.21153159e-03	-1.12299257e-02	2.04780569e-03	1.42665253e-02	2.66895885e-02	2.04780569e-03	-2.04780569e-03	5.08853902e-02	7.33452416e-02
694             	4.09642781e-02	2.28946833e-21	1.24257022e-01	-6.21285111e-03	-1.12330515e-02	2.04821391e-03	1.42692879e-02	2.66949902e-02	2.04821391e-03	-2.04821391e-03	5.08954597e-02	7.33615626e-02
695             	4.09724888e-02	2.29009380e-21	1.24283541e-01	-6.21417704e-03	-1.12362134e-02	2.04862444e-03	1.42720674e-02	2.67004214e-02	2.04862444e-03	-2.04862444e-03	5.09055569e-02	7.33779838e-02
696             	4.09808239e-02	2.29073651e-21	1.24310086e-01	-6.21550432e-03	-1.12393984e-02	2.04904119e-03	1.42749076e-02	2.67059163e-02	2.04904119e-03	-2.04904119e-03	5.09156448e-02	7.33944415e-02
697             	4.09891842e-02	2.29134082e-21	1.24336706e-01	-6.21683529e-03	-1.12426105e-02	2.04945921e-03	1.42777568e-02	2.67114274e-02	2.04945921e-03	-2.04945921e-03	5.09257424e-02	7.34109634e-02
698             	4.09976509e-02	2.29196278e-21	1.24363304e-01	-6.21816519e-03	-1.12458376e-02	2.04988254e-03	1.42806602e-02	2.67169906e-02	2.04988254e-03	-2.04988254e-03	5.09358143e-02	7.34274895e-02
699             	4.10061251e-02	2.29254667e-21	1.24389928e-01	-6.21949639e-03	-1.12490843e-02	2.05030625e-03	1.42835661e-02	2.67225589e-02	2.05030625e-03	-2.05030625e-03	5.09458797e-02	7.34440482e-02
700             	4.10146871e-02	2.29314861e-21	1.24416481e-01	-6.22082405e-03	-1.12523381e-02	2.05073435e-03	1.42865195e-02	2.67281676e-02	2.05073435e-03	-2.05073435e-03	5.09559025e-02	7.34605786e-02
701             	4.10232362e-02	2.29371281e-21	1.24443008e-01	-6.22215042e-03	-1.12556033e-02	2.05116181e-03	1.42894677e-02	2.67337685e-02	2.05116181e-03	-2.05116181e-03	5.09659010e-02	7.34771075e-02
702             	4.10318529e-02	2.29429549e-21	1.24469414e-01	-6.22347070e-03	-1.12588676e-02	2.05159265e-03	1.42924557e-02	2.67393972e-02	2.05159265e-03	-2.05159265e-03	5.09758394e-02	7.34935747e-02
703             	4.10404370e-02	2.29484078e-21	1.24495744e-01	-6.22478719e-03	-1.12621355e-02	2.05202185e-03	1.42954313e-02	2.67450057e-02	2.05202185e-03	-2.05202185e-03	5.09857364e-02	7.35100075e-02
704             	4.10490694e-02	2.29540495e-21	1.24521903e-01	-6.22609517e-03	-1.12653950e-02	2.05245347e-03	1.42984395e-02	2.67506299e-02	2.05245347e-03	-2.05245347e-03	5.09955566e-02	7.35263467e-02
705             	4.10576501e-02	2.29593211e-21	1.24547940e-01	-6.22739702e-03	-1.12686507e-02	2.05288250e-03	1.43014280e-02	2.67562220e-02	2.05288250e-03	-2.05288250e-03	5.10053195e-02	7.35426209e-02
706             	4.10662596e-02	2.29647865e-21	1.24573761e-01	-6.22868806e-03	-1.12718906e-02	2.05331298e-03	1.43044417e-02	2.67618178e-02	2.05331298e-03	-2.05331298e-03	5.10149899e-02	7.35587712e-02
707             	4.10747978e-02	2.29698861e-21	1.24599414e-01	-6.22997070e-03	-1.12751195e-02	2.05373989e-03	1.43074282e-02	2.67673696e-02	2.05373989e-03	-2.05373989e-03	5.10245874e-02	7.35748265e-02
708             	4.10833449e-02	2.29751847e-21	1.24624804e-01	-6.23124019e-03	-1.12783252e-02	2.05416725e-03	1.43104323e-02	2.67729127e-02	2.05416725e-03	-2.05416725e-03	5.10340767e-02	7.35907271e-02
709             	4.10917777e-02	2.29801102e-21	1.24649922e-01	-6.23249608e-03	-1.12815054e-02	2.05458888e-03	1.43133928e-02	2.67783849e-02	2.05458888e-03	-2.05458888e-03	5.10434554e-02	7.36064661e-02
710             	4.11002474e-02	2.29852635e-21	1.24674851e-01	-6.23374257e-03	-1.12846703e-02	2.05501237e-03	1.43163811e-02	2.67838663e-02	2.05501237e-03	-2.05501237e-03	5.10527554e-02	7.36220960e-02
711             	4.11085758e-02	2.29900436e-21	1.24699445e-01	-6.23497223e-03	-1.12878000e-02	2.05542879e-03	1.43193157e-02	2.67892601e-02	2.05542879e-03	-2.05542879e-03	5.10619223e-02	7.36375222e-02
712             	4.11169118e-02	2.29950460e-21	1.24723777e-01	-6.23618885e-03	-1.12909035e-02	2.05584559e-03	1.43222670e-02	2.67946448e-02	2.05584559e-03	-2.05584559e-03	5.10709850e-02	7.36527920e-02
713             	4.11250850e-02	2.29996763e-21	1.24747717e-01	-6.23738583e-03	-1.12939627e-02	2.05625425e-03	1.43251567e-02	2.67999283e-02	2.05625425e-03	-2.05625425e-03	5.10798956e-02	7.36678210e-02
714             	4.11332555e-02	2.30045302e-21	1.24771358e-01	-6.23856791e-03	-1.12969895e-02	2.05666278e-03	1.43280599e-02	2.68051957e-02	2.05666278e-03	-2.05666278e-03	5.10886896e-02	7.36826686e-02
715             	4.11412547e-02	2.30090166e-21	1.24794579e-01	-6.23972897e-03	-1.12999671e-02	2.05706273e-03	1.43308984e-02	2.68103563e-02	2.05706273e-03	-2.05706273e-03	5.10973226e-02	7.36972568e-02
716             	4.11492381e-02	2.30137316e-21	1.24817477e-01	-6.24087386e-03	-1.13029079e-02	2.05746191e-03	1.43337452e-02	2.68154929e-02	2.05746191e-03	-2.05746191e-03	5.11058307e-02	7.37116465e-02
717             	4.11570579e-02	2.30180950e-21	1.24839986e-01	-6.24199930e-03	-1.13058021e-02	2.05785289e-03	1.43365296e-02	2.68205282e-02	2.05785289e-03	-2.05785289e-03	5.11141909e-02	7.37257951e-02
718             	4.11648028e-02	2.30226711e-21	1.24862033e-01	-6.24310167e-03	-1.13086405e-02	2.05824014e-03	1.43392997e-02	2.68255030e-02	2.05824014e-03	-2.05824014e-03	5.11223762e-02	7.37396572e-02
719             	4.11723816e-02	2.30269008e-21	1.24883693e-01	-6.24418466e-03	-1.13114309e-02	2.05861908e-03	1.43420061e-02	2.68303755e-02	2.05861908e-03	-2.05861908e-03	5.11304157e-02	7.37532775e-02
720             	4.11798831e-02	2.30313562e-21	1.24904890e-01	-6.24524452e-03	-1.13141637e-02	2.05899415e-03	1.43446970e-02	2.68351861e-02	2.05899415e-03	-2.05899415e-03	5.11382816e-02	7.37666089e-02
721             	4.11872102e-02	2.30354712e-21	1.24925687e-01	-6.24628434e-03	-1.13168447e-02	2.05936051e-03	1.43473208e-02	2.68398894e-02	2.05936051e-03	-2.05936051e-03	5.11459988e-02	7.37796881e-02
722             	4.11944467e-02	2.30398155e-21	1.24945996e-01	-6.24729982e-03	-1.13194627e-02	2.05972234e-03	1.43499236e-02	2.68445232e-02	2.05972234e-03	-2.05972234e-03	5.11535355e-02	7.37924609e-02
723             	4.12014941e-02	2.30438198e-21	1.24965876e-01	-6.24829379e-03	-1.13220230e-02	2.06007470e-03	1.43524532e-02	2.68490408e-02	2.06007470e-03	-2.06007470e-03	5.11609148e-02	7.38049609e-02
724             	4.12084371e-02	2.30480549e-21	1.24985240e-01	-6.24926198e-03	-1.13245145e-02	2.06042186e-03	1.43549566e-02	2.68534805e-02	2.06042186e-03	-2.06042186e-03	5.11681053e-02	7.38171343e-02
725             	4.12151795e-02	2.30519514e-21	1.25004150e-01	-6.25020750e-03	-1.13269432e-02	2.06075897e-03	1.43573822e-02	2.68577972e-02	2.06075897e-03	-2.06075897e-03	5.11751318e-02	7.38290182e-02
726             	4.12218087e-02	2.30560818e-21	1.25022527e-01	-6.25112634e-03	-1.13292988e-02	2.06109043e-03	1.43597780e-02	2.68620307e-02	2.06109043e-03	-2.06109043e-03	5.11819646e-02	7.38405622e-02
727             	4.12282294e-02	2.30598763e-21	1.25040434e-01	-6.25202172e-03	-1.13315877e-02	2.06141147e-03	1.43620930e-02	2.68661364e-02	2.06141147e-03	-2.06141147e-03	5.11886295e-02	7.38518049e-02
728             	4.12345293e-02	2.30639087e-21	1.25057794e-01	-6.25288969e-03	-1.13337995e-02	2.06172646e-03	1.43643749e-02	2.68701543e-02	2.06172646e-03	-2.06172646e-03	5.11950974e-02	7.38626964e-02
729             	4.12406129e-02	2.30676079e-21	1.25074671e-01	-6.25373355e-03	-1.13359407e-02	2.06203065e-03	1.43665729e-02	2.68740400e-02	2.06203065e-03	-2.06203065e-03	5.12013948e-02	7.38732762e-02
730             	4.12465677e-02	2.30715485e-21	1.25090986e-01	-6.25454931e-03	-1.13380007e-02	2.06232838e-03	1.43687345e-02	2.68778331e-02	2.06232838e-03	-2.06232838e-03	5.12074924e-02	7.38834937e-02
731             	4.12522979e-02	2.30751582e-21	1.25106806e-01	-6.25534029e-03	-1.13399859e-02	2.06261489e-03	1.43708087e-02	2.68814892e-02	2.06261489e-03	-2.06261489e-03	5.12134169e-02	7.38933888e-02
732             	4.12578917e-02	2.30790129e-21	1.25122051e-01	-6.25610256e-03	-1.13418862e-02	2.06289458e-03	1.43728433e-02	2.68850484e-02	2.06289458e-03	-2.06289458e-03	5.12191394e-02	7.39029119e-02
733             	4.12632536e-02	2.30825398e-21	1.25136790e-01	-6.25683949e-03	-1.13437082e-02	2.06316268e-03	1.43747873e-02	2.68884663e-02	2.06316268e-03	-2.06316268e-03	5.12246867e-02	7.39121031e-02
734             	4.12684720e-02	2.30863160e-21	1.25150944e-01	-6.25754720e-03	-1.13454416e-02	2.06342360e-03	1.43766888e-02	2.68917832e-02	2.06342360e-03	-2.06342360e-03	5.12300304e-02	7.39209136e-02
735             	4.12734518e-02	2.30897663e-21	1.25164582e-01	-6.25822912e-03	-1.13470933e-02	2.06367259e-03	1.43784968e-02	2.68949550e-02	2.06367259e-03	-2.06367259e-03	5.12351978e-02	7.39293845e-02
736             	4.12782826e-02	2.30934683e-21	1.25177629e-01	-6.25888147e-03	-1.13486535e-02	2.06391413e-03	1.43802599e-02	2.68980228e-02	2.06391413e-03	-2.06391413e-03	5.12401612e-02	7.39374682e-02
737             	4.12828695e-02	2.30968464e-21	1.25190155e-01	-6.25950777e-03	-1.13501292e-02	2.06414347e-03	1.43819270e-02	2.69009425e-02	2.06414347e-03	-2.06414347e-03	5.12449484e-02	7.39452069e-02
738             	4.12873022e-02	2.31004807e-21	1.25202086e-01	-6.26010428e-03	-1.13515109e-02	2.06436511e-03	1.43835468e-02	2.69037554e-02	2.06436511e-03	-2.06436511e-03	5.12495319e-02	7.39525537e-02
739             	4.12914861e-02	2.31037950e-21	1.25213491e-01	-6.26067457e-03	-1.13528057e-02	2.06457431e-03	1.43850685e-02	2.69064176e-02	2.06457431e-03	-2.06457431e-03	5.12539399e-02	7.39595514e-02
740             	4.12955123e-02	2.31073706e-21	1.25224296e-01	-6.26121481e-03	-1.13540041e-02	2.06477562e-03	1.43865414e-02	2.69089710e-02	2.06477562e-03	-2.06477562e-03	5.12581440e-02	7.39661521e-02
741             	4.12992870e-02	2.31106300e-21	1.25234574e-01	-6.26172872e-03	-1.13551137e-02	2.06496435e-03	1.43879148e-02	2.69113722e-02	2.06496435e-03	-2.06496435e-03	5.12621735e-02	7.39724009e-02
742             	4.13029015e-02	2.31141557e-21	1.25244257e-01	-6.26221283e-03	-1.13561256e-02	2.06514508e-03	1.43892379e-02	2.69136636e-02	2.06514508e-03	-2.06514508e-03	5.12660027e-02	7.39782539e-02
743             	4.13062614e-02	2.31173690e-21	1.25253417e-01	-6.26267086e-03	-1.13570478e-02	2.06531307e-03	1.43904598e-02	2.69158015e-02	2.06531307e-03	-2.06531307e-03	5.12696609e-02	7.39837564e-02
744             	4.13094580e-02	2.31208537e-21	1.25261986e-01	-6.26309929e-03	-1.13578713e-02	2.06547290e-03	1.43916297e-02	2.69178283e-02	2.06547290e-03	-2.06547290e-03	5.12731216e-02	7.39888642e-02
745             	4.13123971e-02	2.31240298e-21	1.25270037e-01	-6.26350185e-03	-1.13586043e-02	2.06561986e-03	1.43926967e-02	2.69197004e-02	2.06561986e-03	-2.06561986e-03	5.12764142e-02	7.39936228e-02
746             	4.13151716e-02	2.31274822e-21	1.25277501e-01	-6.26387507e-03	-1.13592383e-02	2.06575858e-03	1.43937107e-02	2.69214609e-02	2.06575858e-03	-2.06575858e-03	5.12795125e-02	7.39979890e-02
747             	4.13176875e-02	2.31306298e-21	1.25284455e-01	-6.26422277e-03	-1.13597816e-02	2.06588437e-03	1.43946210e-02	2.69230665e-02	2.06588437e-03	-2.06588437e-03	5.12824461e-02	7.40020092e-02
748             	4.13200419e-02	2.31340589e-21	1.25290838e-01	-6.26454188e-03	-1.13602273e-02	2.06600209e-03	1.43954791e-02	2.69245628e-02	2.06600209e-03	-2.06600209e-03	5.12851915e-02	7.40056461e-02
749             	4.13221414e-02	2.31371865e-21	1.25296728e-01	-6.26483641e-03	-1.13605845e-02	2.06610707e-03	1.43962343e-02	2.69259071e-02	2.06610707e-03	-2.06610707e-03	5.12877796e-02	7.40089486e-02
750             	4.13240788e-02	2.31406003e-21	1.25302059e-01	-6.26510297e-03	-1.13608451e-02	2.06620394e-03	1.43969364e-02	2.69271424e-02	2.06620394e-03	-2.06620394e-03	5.12901845e-02	7.40118748e-02
751             	4.13257605e-02	2.31437171e-21	1.25306910e-01	-6.26534549e-03	-1.13610181e-02	2.06628803e-03	1.43975348e-02	2.69282258e-02	2.06628803e-03	-2.06628803e-03	5.12924367e-02	7.40144730e-02
752             	4.13272816e-02	2.31471259e-21	1.25311214e-01	-6.26556070e-03	-1.13610959e-02	2.06636408e-03	1.43980801e-02	2.69292015e-02	2.06636408e-03	-2.06636408e-03	5.12945111e-02	7.40167028e-02
753             	4.13285496e-02	2.31502417e-21	1.25315053e-01	-6.26575264e-03	-1.13610878e-02	2.06642748e-03	1.43985222e-02	2.69300275e-02	2.06642748e-03	-2.06642748e-03	5.12964386e-02	7.40186142e-02
754             	4.13296614e-02	2.31536542e-21	1.25318364e-01	-6.26591820e-03	-1.13609871e-02	2.06648307e-03	1.43989125e-02	2.69307489e-02	2.06648307e-03	-2.06648307e-03	5.12981949e-02	7.40201691e-02
755             	4.13305254e-02	2.31567767e-21	1.25321232e-01	-6.26606160e-03	-1.13608039e-02	2.06652627e-03	1.43992011e-02	2.69313243e-02	2.06652627e-03	-2.06652627e-03	5.12998120e-02	7.40214199e-02
756             	4.13312393e-02	2.31602002e-21	1.25323597e-01	-6.26617983e-03	-1.13605320e-02	2.06656196e-03	1.43994398e-02	2.69317995e-02	2.06656196e-03	-2.06656196e-03	5.13012663e-02	7.40223303e-02
757             	4.13317124e-02	2.31633367e-21	1.25325545e-01	-6.26627725e-03	-1.13601820e-02	2.06658562e-03	1.43995790e-02	2.69321335e-02	2.06658562e-03	-2.06658562e-03	5.13025906e-02	7.40229545e-02
758             	4.13320441e-02	2.31667786e-21	1.25327020e-01	-6.26635101e-03	-1.13597481e-02	2.06660221e-03	1.43996711e-02	2.69323731e-02	2.06660221e-03	-2.06660221e-03	5.13037620e-02	7.40232582e-02
759             	4.13321437e-02	2.31699362e-21	1.25328109e-01	-6.26640547e-03	-1.13592413e-02	2.06660719e-03	1.43996664e-02	2.69324773e-02	2.06660719e-03	-2.06660719e-03	5.13048135e-02	7.40232960e-02
760             	4.13321186e-02	2.31734065e-21	1.25328777e-01	-6.26643887e-03	-1.13586580e-02	2.06660593e-03	1.43996204e-02	2.69324981e-02	2.06660593e-03	-2.06660593e-03	5.13057307e-02	7.40230467e-02
761             	4.13318542e-02	2.31765914e-21	1.25329047e-01	-6.26645234e-03	-1.13580026e-02	2.06659271e-03	1.43994748e-02	2.69323794e-02	2.06659271e-03	-2.06659271e-03	5.13065208e-02	7.40225261e-02
762             	4.13314785e-02	2.31800845e-21	1.25328936e-01	-6.26644682e-03	-1.13572776e-02	2.06657393e-03	1.43992924e-02	2.69321861e-02	2.06657393e-03	-2.06657393e-03	5.13071907e-02	7.40217458e-02
763             	4.13308785e-02	2.31833018e-21	1.25328469e-01	-6.26642343e-03	-1.13564873e-02	2.06654392e-03	1.43990158e-02	2.69318627e-02	2.06654392e-03	-2.06654392e-03	5.13077470e-02	7.40207216e-02
764             	4.13301740e-02	2.31868321e-21	1.25327634e-01	-6.26638171e-03	-1.13556305e-02	2.06650870e-03	1.43987053e-02	2.69314687e-02	2.06650870e-03	-2.06650870e-03	5.13081866e-02	7.40194475e-02
765             	4.13292525e-02	2.31900882e-21	1.25326463e-01	-6.26632314e-03	-1.13547129e-02	2.06646262e-03	1.43983031e-02	2.69309494e-02	2.06646262e-03	-2.06646262e-03	5.13085185e-02	7.40179443e-02
766             	4.13282374e-02	2.31936601e-21	1.25324966e-01	-6.26624829e-03	-1.13537359e-02	2.06641187e-03	1.43978704e-02	2.69303670e-02	2.06641187e-03	-2.06641187e-03	5.13087470e-02	7.40162188e-02
767             	4.13270291e-02	2.31969630e-21	1.25323211e-01	-6.26616055e-03	-1.13527099e-02	2.06635146e-03	1.43973540e-02	2.69296751e-02	2.06635146e-03	-2.06635146e-03	5.13088956e-02	7.40143154e-02
768             	4.13257359e-02	2.32005813e-21	1.25321162e-01	-6.26605808e-03	-1.13516324e-02	2.06628680e-03	1.43968099e-02	2.69289261e-02	2.06628680e-03	-2.06628680e-03	5.13089485e-02	7.40122132e-02
769             	4.13242729e-02	2.32039243e-21	1.25318922e-01	-6.26594609e-03	-1.13505168e-02	2.06621364e-03	1.43961903e-02	2.69280825e-02	2.06621364e-03	-2.06621364e-03	5.13089441e-02	7.40099777e-02
770             	4.13227465e-02	2.32075928e-21	1.25316446e-01	-6.26582230e-03	-1.13493594e-02	2.06613733e-03	1.43955510e-02	2.69271956e-02	2.06613733e-03	-2.06613733e-03	5.13088636e-02	7.40075824e-02
771             	4.13210676e-02	2.32109895e-21	1.25313826e-01	-6.26569128e-03	-1.13481721e-02	2.06605338e-03	1.43948425e-02	2.69262251e-02	2.06605338e-03	-2.06605338e-03	5.13087407e-02	7.40050848e-02
772             	4.13193402e-02	2.32147137e-21	1.25311006e-01	-6.26555032e-03	-1.13469500e-02	2.06596701e-03	1.43941198e-02	2.69252204e-02	2.06596701e-03	-2.06596701e-03	5.13085533e-02	7.40024532e-02
773             	4.13174736e-02	2.32181652e-21	1.25308078e-01	-6.26540388e-03	-1.13457047e-02	2.06587368e-03	1.43933329e-02	2.69241407e-02	2.06587368e-03	-2.06587368e-03	5.13083341e-02	7.39997435e-02
774             	4.13155732e-02	2.32219445e-21	1.25304988e-01	-6.26524941e-03	-1.13444320e-02	2.06577866e-03	1.43925372e-02	2.69230360e-02	2.06577866e-03	-2.06577866e-03	5.13080621e-02	7.39969260e-02
775             	4.13135498e-02	2.32254503e-21	1.25301831e-01	-6.26509154e-03	-1.13431438e-02	2.06567749e-03	1.43916833e-02	2.69218664e-02	2.06567749e-03	-2.06567749e-03	5.13077716e-02	7.39940593e-02
776             	4.13115100e-02	2.32292852e-21	1.25298558e-01	-6.26492791e-03	-1.13418363e-02	2.06557550e-03	1.43908271e-02	2.69206829e-02	2.06557550e-03	-2.06557550e-03	5.13074428e-02	7.39911153e-02
777             	4.13093647e-02	2.32328466e-21	1.25295264e-01	-6.26476320e-03	-1.13405215e-02	2.06546823e-03	1.43899191e-02	2.69194455e-02	2.06546823e-03	-2.06546823e-03	5.13071105e-02	7.39881536e-02
778             	4.13072212e-02	2.32367383e-21	1.25291901e-01	-6.26459505e-03	-1.13391956e-02	2.06536106e-03	1.43890156e-02	2.69182057e-02	2.06536106e-03	-2.06536106e-03	5.13067549e-02	7.39851461e-02
779             	4.13049900e-02	2.32403561e-21	1.25288561e-01	-6.26442807e-03	-1.13378705e-02	2.06524950e-03	1.43880669e-02	2.69169231e-02	2.06524950e-03	-2.06524950e-03	5.13064102e-02	7.39821512e-02
780             	4.13027781e-02	2.32443049e-21	1.25285196e-01	-6.26425979e-03	-1.13365418e-02	2.06513890e-03	1.43871292e-02	2.69156488e-02	2.06513890e-03	-2.06513890e-03	5.13060561e-02	7.39791397e-02
781             	4.13004952e-02	2.32479785e-21	1.25281895e-01	-6.26409477e-03	-1.13352213e-02	2.06502476e-03	1.43861528e-02	2.69143424e-02	2.06502476e-03	-2.06502476e-03	5.13057263e-02	7.39761690e-02
782             	4.12982486e-02	2.32519832e-21	1.25278609e-01	-6.26393044e-03	-1.13339044e-02	2.06491243e-03	1.43851939e-02	2.69130547e-02	2.06491243e-03	-2.06491243e-03	5.13054000e-02	7.39732088e-02
783             	4.12959471e-02	2.32557114e-21	1.25275426e-01	-6.26377130e-03	-1.13326025e-02	2.06479736e-03	1.43842023e-02	2.69117449e-02	2.06479736e-03	-2.06479736e-03	5.13051105e-02	7.39703155e-02
784             	4.12936978e-02	2.32597709e-21	1.25272294e-01	-6.26361471e-03	-1.13313105e-02	2.06468489e-03	1.43832342e-02	2.69104636e-02	2.06468489e-03	-2.06468489e-03	5.13048366e-02	7.39674577e-02
785             	4.12914089e-02	2.32635526e-21	1.25269302e-01	-6.26346511e-03	-1.13300398e-02	2.06457045e-03	1.43822394e-02	2.69091696e-02	2.06457045e-03	-2.06457045e-03	5.13046114e-02	7.39646909e-02
786             	4.12891878e-02	2.32676653e-21	1.25266397e-01	-6.26331984e-03	-1.13287850e-02	2.06445939e-03	1.43812740e-02	2.69079137e-02	2.06445939e-03	-2.06445939e-03	5.13044134e-02	7.39619834e-02
787             	4.12869424e-02	2.32714982e-21	1.25263666e-01	-6.26318329e-03	-1.13275573e-02	2.06434712e-03	1.43802879e-02	2.69066545e-02	2.06434712e-03	-2.06434712e-03	5.13042756e-02	7.39593902e-02
788             	4.12847798e-02	2.32756619e-21	1.25261055e-01	-6.26305274e-03	-1.13263512e-02	2.06423899e-03	1.43793372e-02	2.69054426e-02	2.06423899e-03	-2.06423899e-03	5.13041762e-02	7.39568787e-02
789             	4.12826069e-02	2.32795433e-21	1.25258650e-01	-6.26293249e-03	-1.13251773e-02	2.06413035e-03	1.43783710e-02	2.69042360e-02	2.06413035e-03	-2.06413035e-03	5.13041476e-02	7.39545023e-02
790             	4.12805297e-02	2.32837554e-21	1.25256393e-01	-6.26281963e-03	-1.13240297e-02	2.06402649e-03	1.43774452e-02	2.69030845e-02	2.06402649e-03	-2.06402649e-03	5.13041666e-02	7.39522260e-02
791             	4.12784537e-02	2.32876828e-21	1.25254365e-01	-6.26271824e-03	-1.13229181e-02	2.06392269e-03	1.43765086e-02	2.69019451e-02	2.06392269e-03	-2.06392269e-03	5.13042644e-02	7.39501005e-02
792             	4.12764856e-02	2.32919406e-21	1.25252508e-01	-6.26262540e-03	-1.13218364e-02	2.06382428e-03	1.43756174e-02	2.69008682e-02	2.06382428e-03	-2.06382428e-03	5.13044176e-02	7.39480904e-02
793             	4.12745314e-02	2.32959118e-21	1.25250905e-01	-6.26254527e-03	-1.13207946e-02	2.06372657e-03	1.43747204e-02	2.68998110e-02	2.06372657e-03	-2.06372657e-03	5.13046581e-02	7.39462473e-02
794             	4.12726963e-02	2.33002126e-21	1.25249496e-01	-6.26247480e-03	-1.13197862e-02	2.06363481e-03	1.43738733e-02	2.68988229e-02	2.06363481e-03	-2.06363481e-03	5.13049618e-02	7.39445341e-02
795             	4.12708841e-02	2.33042250e-21	1.25248360e-01	-6.26241801e-03	-1.13188204e-02	2.06354421e-03	1.43730241e-02	2.68978601e-02	2.06354421e-03	-2.06354421e-03	5.13053597e-02	7.39430005e-02
796             	4.12692005e-02	2.33085686e-21	1.25247439e-01	-6.26237195e-03	-1.13178897e-02	2.06346003e-03	1.43722283e-02	2.68969722e-02	2.06346003e-03	-2.06346003e-03	5.13058297e-02	7.39416092e-02
797             	4.12675436e-02	2.33126189e-21	1.25246795e-01	-6.26233977e-03	-1.13170040e-02	2.06337718e-03	1.43714320e-02	2.68961116e-02	2.06337718e-03	-2.06337718e-03	5.13063937e-02	7.39404017e-02
798             	4.12660236e-02	2.33169974e-21	1.25246382e-01	-6.26231912e-03	-1.13161552e-02	2.06330118e-03	1.43706927e-02	2.68953309e-02	2.06330118e-03	-2.06330118e-03	5.13070361e-02	7.39393464e-02
799             	4.12645381e-02	2.33210849e-21	1.25246261e-01	-6.26231306e-03	-1.13153524e-02	2.06322691e-03	1.43699560e-02	2.68945821e-02	2.06322691e-03	-2.06322691e-03	5.13077782e-02	7.39384830e-02
800             	4.12631969e-02	2.33255032e-21	1.25246382e-01	-6.26231911e-03	-1.13145876e-02	2.06315985e-03	1.43692794e-02	2.68939176e-02	2.06315985e-03	-2.06315985e-03	5.13086035e-02	7.39377786e-02
801             	4.12618950e-02	2.33296290e-21	1.25246801e-01	-6.26234005e-03	-1.13138692e-02	2.06309475e-03	1.43686074e-02	2.68932875e-02	2.06309475e-03	-2.06309475e-03	5.13095313e-02	7.39372698e-02
802             	4.12607416e-02	2.33340848e-21	1.25247467e-01	-6.26237333e-03	-1.13131889e-02	2.06303708e-03	1.43679974e-02	2.68927441e-02	2.06303708e-03	-2.06303708e-03	5.13105444e-02	7.39369222e-02
803             	4.12596296e-02	2.33382451e-21	1.25248430e-01	-6.26242152e-03	-1.13125546e-02	2.06298148e-03	1.43673933e-02	2.68922363e-02	2.06298148e-03	-2.06298148e-03	5.13116606e-02	7.39367698e-02
804             	4.12586687e-02	2.33427353e-21	1.25249641e-01	-6.26248207e-03	-1.13119578e-02	2.06293343e-03	1.43668523e-02	2.68918164e-02	2.06293343e-03	-2.06293343e-03	5.13128629e-02	7.39367785e-02
805             	4.12577504e-02	2.33469286e-21	1.25251149e-01	-6.26255746e-03	-1.13114061e-02	2.06288752e-03	1.43663178e-02	2.68914327e-02	2.06288752e-03	-2.06288752e-03	5.13141685e-02	7.39369807e-02
806             	4.12569845e-02	2.33514530e-21	1.25252903e-01	-6.26264514e-03	-1.13108908e-02	2.06284923e-03	1.43658471e-02	2.68911374e-02	2.06284923e-03	-2.06284923e-03	5.13155606e-02	7.39373423e-02
807             	4.12562654e-02	2.33556807e-21	1.25254967e-01	-6.26274837e-03	-1.13104216e-02	2.06281327e-03	1.43653843e-02	2.68908811e-02	2.06281327e-03	-2.06281327e-03	5.13170621e-02	7.39379054e-02
808             	4.12557056e-02	2.33602414e-21	1.25257294e-01	-6.26286472e-03	-1.13099904e-02	2.06278528e-03	1.43649881e-02	2.68907175e-02	2.06278528e-03	-2.06278528e-03	5.13186569e-02	7.39386376e-02
809             	4.12551921e-02	2.33645035e-21	1.25259918e-01	-6.26299591e-03	-1.13096025e-02	2.06275960e-03	1.43646001e-02	2.68905920e-02	2.06275960e-03	-2.06275960e-03	5.13203567e-02	7.39395616e-02
810             	4.12548325e-02	2.33690983e-21	1.25262779e-01	-6.26313895e-03	-1.13092480e-02	2.06274162e-03	1.43642773e-02	2.68905552e-02	2.06274162e-03	-2.06274162e-03	5.13221415e-02	7.39406375e-02
811             	4.12545107e-02	2.33733925e-21	1.25265908e-01	-6.26329539e-03	-1.13089320e-02	2.06272553e-03	1.43639600e-02	2.68905507e-02	2.06272553e-03	-2.06272553e-03	5.13240219e-02	7.39418858e-02
812             	4.12543364e-02	2.33780204e-21	1.25269253e-01	-6.26346267e-03	-1.13086455e-02	2.06271682e-03	1.43637056e-02	2.68906309e-02	2.06271682e-03	-2.06271682e-03	5.13259812e-02	7.39432722e-02
813             	4.12541985e-02	2.33823504e-21	1.25272863e-01	-6.26364316e-03	-1.13083949e-02	2.06270992e-03	1.43634561e-02	2.68907424e-02	2.06270992e-03	-2.06270992e-03	5.13280367e-02	7.39448265e-02
814             	4.12541970e-02	2.33870097e-21	1.25276660e-01	-6.26383298e-03	-1.13081705e-02	2.06270985e-03	1.43632655e-02	2.68909315e-02	2.06270985e-03	-2.06270985e-03	5.13301593e-02	7.39465003e-02
815             	4.12542307e-02	2.33913695e-21	1.25280716e-01	-6.26403580e-03	-1.13079800e-02	2.06271154e-03	1.43630796e-02	2.68911512e-02	2.06271154e-03	-2.06271154e-03	5.13323780e-02	7.39483380e-02
816             	4.12543999e-02	2.33960655e-21	1.25284952e-01	-6.26424759e-03	-1.13078131e-02	2.06272000e-03	1.43629524e-02	2.68914476e-02	2.06272000e-03	-2.06272000e-03	5.13346628e-02	7.39502891e-02
817             	4.12546003e-02	2.34004603e-21	1.25289438e-01	-6.26447191e-03	-1.13076783e-02	2.06273002e-03	1.43628283e-02	2.68917721e-02	2.06273002e-03	-2.06273002e-03	5.13370407e-02	7.39523974e-02
818             	4.12549314e-02	2.34051940e-21	1.25294088e-01	-6.26470439e-03	-1.13075640e-02	2.06274657e-03	1.43627613e-02	2.68921701e-02	2.06274657e-03	-2.06274657e-03	5.13394799e-02	7.39546079e-02
819             	4.12552870e-02	2.34096252e-21	1.25298968e-01	-6.26494842e-03	-1.13074781e-02	2.06276435e-03	1.43626951e-02	2.68925919e-02	2.06276435e-03	-2.06276435e-03	5.13420062e-02	7.39569623e-02
820             	4.12557667e-02	2.34143955e-21	1.25303993e-01	-6.26519966e-03	-1.13074092e-02	2.06278834e-03	1.43626837e-02	2.68930830e-02	2.06278834e-03	-2.06278834e-03	5.13445874e-02	7.39594057e-02
821             	4.12562643e-02	2.34188636e-21	1.25309229e-01	-6.26546146e-03	-1.13073651e-02	2.06281322e-03	1.43626707e-02	2.68935936e-02	2.06281322e-03	-2.06281322e-03	5.13472496e-02	7.39619797e-02
822             	4.12568793e-02	2.34236684e-21	1.25314593e-01	-6.26572967e-03	-1.13073356e-02	2.06284396e-03	1.43627100e-02	2.68941693e-02	2.06284396e-03	-2.06284396e-03	5.13499611e-02	7.39646322e-02
823             	4.12575017e-02	2.34281690e-21	1.25320140e-01	-6.26600699e-03	-1.13073271e-02	2.06287509e-03	1.43627439e-02	2.68947579e-02	2.06287509e-03	-2.06287509e-03	5.13527429e-02	7.39673970e-02
824             	4.12582454e-02	2.34330142e-21	1.25325824e-01	-6.26629121e-03	-1.13073322e-02	2.06291227e-03	1.43628315e-02	2.68954139e-02	2.06291227e-03	-2.06291227e-03	5.13555800e-02	7.39702443e-02
825             	4.12589885e-02	2.34375564e-21	1.25331671e-01	-6.26658354e-03	-1.13073552e-02	2.06294943e-03	1.43629107e-02	2.68960778e-02	2.06294943e-03	-2.06294943e-03	5.13584802e-02	7.39731905e-02
826             	4.12598446e-02	2.34424401e-21	1.25337634e-01	-6.26688170e-03	-1.13073887e-02	2.06299223e-03	1.43630406e-02	2.68968040e-02	2.06299223e-03	-2.06299223e-03	5.13614283e-02	7.39762057e-02
827             	4.12606911e-02	2.34470174e-21	1.25343737e-01	-6.26718683e-03	-1.13074368e-02	2.06303456e-03	1.43631587e-02	2.68975324e-02	2.06303456e-03	-2.06303456e-03	5.13644316e-02	7.39793051e-02
828             	4.12616436e-02	2.34519366e-21	1.25349937e-01	-6.26749686e-03	-1.13074925e-02	2.06308218e-03	1.43633249e-02	2.68983187e-02	2.06308218e-03	-2.06308218e-03	5.13674761e-02	7.39824612e-02
829             	4.12625805e-02	2.34565492e-21	1.25356262e-01	-6.26781308e-03	-1.13075604e-02	2.06312903e-03	1.43634772e-02	2.68991033e-02	2.06312903e-03	-2.06312903e-03	5.13705704e-02	7.39856912e-02
830             	4.12636135e-02	2.34615021e-21	1.25362656e-01	-6.26813282e-03	-1.13076328e-02	2.06318067e-03	1.43636739e-02	2.68999396e-02	2.06318067e-03	-2.06318067e-03	5.13736955e-02	7.39889610e-02
831             	4.12646370e-02	2.34661551e-21	1.25369192e-01	-6.26845961e-03	-1.13077177e-02	2.06323185e-03	1.43638589e-02	2.69007781e-02	2.06323185e-03	-2.06323185e-03	5.13768784e-02	7.39923138e-02
832             	4.12657492e-02	2.34711506e-21	1.25375779e-01	-6.26878896e-03	-1.13078047e-02	2.06328746e-03	1.43640856e-02	2.69016636e-02	2.06328746e-03	-2.06328746e-03	5.13800849e-02	7.39956943e-02
833             	4.12668434e-02	2.34758405e-21	1.25382486e-01	-6.26912429e-03	-1.13079015e-02	2.06334217e-03	1.43642974e-02	2.69025460e-02	2.06334217e-03	-2.06334217e-03	5.13833413e-02	7.39991444e-02
834             	4.12680190e-02	2.34808704e-21	1.25389225e-01	-6.26946125e-03	-1.13079981e-02	2.06340095e-03	1.43645482e-02	2.69034707e-02	2.06340095e-03	-2.06340095e-03	5.13866144e-02	7.40026106e-02
835             	4.12691715e-02	2.34855934e-21	1.25396071e-01	-6.26980357e-03	-1.13081030e-02	2.06345857e-03	1.43647822e-02	2.69043893e-02	2.06345857e-03	-2.06345857e-03	5.13899327e-02	7.40061387e-02
836             	4.12704018e-02	2.34906578e-21	1.25402942e-01	-6.27014709e-03	-1.13082065e-02	2.06352009e-03	1.43650538e-02	2.69053480e-02	2.06352009e-03	-2.06352009e-03	5.13932643e-02	7.40096774e-02
837             	4.12716053e-02	2.34954146e-21	1.25409911e-01	-6.27049556e-03	-1.13083173e-02	2.06358026e-03	1.43653071e-02	2.69062982e-02	2.06358026e-03	-2.06358026e-03	5.13966382e-02	7.40132729e-02
838             	4.12728829e-02	2.35005135e-21	1.25416896e-01	-6.27084479e-03	-1.13084258e-02	2.06364415e-03	1.43655967e-02	2.69072862e-02	2.06364415e-03	-2.06364415e-03	5.14000221e-02	7.40168737e-02
839             	4.12741300e-02	2.35053040e-21	1.25423971e-01	-6.27119854e-03	-1.13085405e-02	2.06370650e-03	1.43658664e-02	2.69082635e-02	2.06370650e-03	-2.06370650e-03	5.14034449e-02	7.40205259e-02
840             	4.12754471e-02	2.35104370e-21	1.25431051e-01	-6.27155257e-03	-1.13086519e-02	2.06377236e-03	1.43661710e-02	2.69092761e-02	2.06377236e-03	-2.06377236e-03	5.14068738e-02	7.40241776e-02
841             	4.12767302e-02	2.35152602e-21	1.25438215e-01	-6.27191074e-03	-1.13087689e-02	2.06383651e-03	1.43664543e-02	2.69102758e-02	2.06383651e-03	-2.06383651e-03	5.14103385e-02	7.40278762e-02
842             	4.12780814e-02	2.35204258e-21	1.25445378e-01	-6.27226892e-03	-1.13088822e-02	2.06390407e-03	1.43667718e-02	2.69113096e-02	2.06390407e-03	-2.06390407e-03	5.14138070e-02	7.40315713e-02
843             	4.12793967e-02	2.35252799e-21	1.25452620e-01	-6.27263101e-03	-1.13090009e-02	2.06396984e-03	1.43670673e-02	2.69123294e-02	2.06396984e-03	-2.06396984e-03	5.14173092e-02	7.40353110e-02
844             	4.12807783e-02	2.35304761e-21	1.25459858e-01	-6.27299289e-03	-1.13091159e-02	2.06403892e-03	1.43673963e-02	2.69133820e-02	2.06403892e-03	-2.06403892e-03	5.14208130e-02	7.40390448e-02
845             	4.12821219e-02	2.35353593e-21	1.25467170e-01	-6.27335849e-03	-1.13092363e-02	2.06410610e-03	1.43677025e-02	2.69144195e-02	2.06410610e-03	-2.06410610e-03	5.14243486e-02	7.40428212e-02
846             	4.12835299e-02	2.35405847e-21	1.25474473e-01	-6.27372365e-03	-1.13093527e-02	2.06417649e-03	1.43680413e-02	2.69154886e-02	2.06417649e-03	-2.06417649e-03	5.14278837e-02	7.40465892e-02
847             	4.12848980e-02	2.35454956e-21	1.25481847e-01	-6.27409234e-03	-1.13094746e-02	2.06424490e-03	1.43683567e-02	2.69165414e-02	2.06424490e-03	-2.06424490e-03	5.14314488e-02	7.40503980e-02
848             	4.12863293e-02	2.35507487e-21	1.25489209e-01	-6.27446044e-03	-1.13095927e-02	2.06431646e-03	1.43687042e-02	2.69176251e-02	2.06431646e-03	-2.06431646e-03	5.14350117e-02	7.40541971e-02
849             	4.12877199e-02	2.35556858e-21	1.25496640e-01	-6.27483199e-03	-1.13097166e-02	2.06438599e-03	1.43690279e-02	2.69186919e-02	2.06438599e-03	-2.06438599e-03	5.14386033e-02	7.40580364e-02
850             	4.12891733e-02	2.35609646e-21	1.25504058e-01	-6.27520289e-03	-1.13098371e-02	2.06445866e-03	1.43693838e-02	2.69197895e-02	2.06445866e-03	-2.06445866e-03	5.14421918e-02	7.40618660e-02
851             	4.12905862e-02	2.35659255e-21	1.25511546e-01	-6.27557729e-03	-1.13099641e-02	2.06452931e-03	1.43697158e-02	2.69208704e-02	2.06452931e-03	-2.06452931e-03	5.14458087e-02	7.40657370e-02
852             	4.12920620e-02	2.35712276e-21	1.25519021e-01	-6.27595103e-03	-1.13100885e-02	2.06460310e-03	1.43700800e-02	2.69219820e-02	2.06460310e-03	-2.06460310e-03	5.14494218e-02	7.40695987e-02
853             	4.12934973e-02	2.35762098e-21	1.25526565e-01	-6.27632823e-03	-1.13102197e-02	2.06467486e-03	1.43704204e-02	2.69230769e-02	2.06467486e-03	-2.06467486e-03	5.14530626e-02	7.40735020e-02
854             	4.12949954e-02	2.35815330e-21	1.25534095e-01	-6.27670473e-03	-1.13103486e-02	2.06474977e-03	1.43707930e-02	2.69242024e-02	2.06474977e-03	-2.06474977e-03	5.14566986e-02	7.40773959e-02
855             	4.12964527e-02	2.35865345e-21	1.25541694e-01	-6.27708470e-03	-1.13104850e-02	2.06482264e-03	1.43711417e-02	2.69253111e-02	2.06482264e-03	-2.06482264e-03	5.14603619e-02	7.40813320e-02
856             	4.12979730e-02	2.35918763e-21	1.25549279e-01	-6.27746395e-03	-1.13106197e-02	2.06489865e-03	1.43715226e-02	2.69264505e-02	2.06489865e-03	-2.06489865e-03	5.14640198e-02	7.40852592e-02
857             	4.12994530e-02	2.35968942e-21	1.25556935e-01	-6.27784673e-03	-1.13107625e-02	2.06497265e-03	1.43718798e-02	2.69275732e-02	2.06497265e-03	-2.06497265e-03	5.14677048e-02	7.40892298e-02
858             	4.13009969e-02	2.36022517e-21	1.25564578e-01	-6.27822888e-03	-1.13109043e-02	2.06504984e-03	1.43722696e-02	2.69287273e-02	2.06504984e-03	-2.06504984e-03	5.14713845e-02	7.40931931e-02
859             	4.13025015e-02	2.36072833e-21	1.25572293e-01	-6.27861466e-03	-1.13110552e-02	2.06512507e-03	1.43726361e-02	2.69298654e-02	2.06512507e-03	-2.06512507e-03	5.14750915e-02	7.40972018e-02
860             	4.13040709e-02	2.36126539e-21	1.25579998e-01	-6.27899988e-03	-1.13112057e-02	2.06520354e-03	1.43730356e-02	2.69310353e-02	2.06520354e-03	-2.06520354e-03	5.14787931e-02	7.41012046e-02
861             	4.13056017e-02	2.36176964e-21	1.25587776e-01	-6.27938882e-03	-1.13113659e-02	2.06528009e-03	1.43734120e-02	2.69321897e-02	2.06528009e-03	-2.06528009e-03	5.14825223e-02	7.41052541e-02
862             	4.13071978e-02	2.36230772e-21	1.25595544e-01	-6.27977720e-03	-1.13115262e-02	2.06535989e-03	1.43738217e-02	2.69333761e-02	2.06535989e-03	-2.06535989e-03	5.14862458e-02	7.41092982e-02
863             	4.13087555e-02	2.36281277e-21	1.25603386e-01	-6.28016931e-03	-1.13116967e-02	2.06543777e-03	1.43742084e-02	2.69345470e-02	2.06543777e-03	-2.06543777e-03	5.14899964e-02	7.41133897e-02
864             	4.13103790e-02	2.36335158e-21	1.25611218e-01	-6.28056089e-03	-1.13118678e-02	2.06551895e-03	1.43746286e-02	2.69357504e-02	2.06551895e-03	-2.06551895e-03	5.14937411e-02	7.41174767e-02
865             	4.13119651e-02	2.36385715e-21	1.25619126e-01	-6.28095629e-03	-1.13120497e-02	2.06559826e-03	1.43750263e-02	2.69369388e-02	2.06559826e-03	-2.06559826e-03	5.14975133e-02	7.41216126e-02
866             	4.13136181e-02	2.36439642e-21	1.25627024e-01	-6.28135122e-03	-1.13122327e-02	2.06568091e-03	1.43754578e-02	2.69381603e-02	2.06568091e-03	-2.06568091e-03	5.15012795e-02	7.41257450e-02
867             	4.13152344e-02	2.36490222e-21	1.25635000e-01	-6.28175002e-03	-1.13124270e-02	2.06576172e-03	1.43758672e-02	2.69393672e-02	2.06576172e-03	-2.06576172e-03	5.15050732e-02	7.41299272e-02
868             	4.13169182e-02	2.36544166e-21	1.25642967e-01	-6.28214836e-03	-1.13126228e-02	2.06584591e-03	1.43763108e-02	2.69406075e-02	2.06584591e-03	-2.06584591e-03	5.15088607e-02	7.41341064e-02
869             	4.13185658e-02	2.36594742e-21	1.25651012e-01	-6.28255061e-03	-1.13128302e-02	2.06592829e-03	1.43767323e-02	2.69418335e-02	2.06592829e-03	-2.06592829e-03	5.15126760e-02	7.41383363e-02
870             	4.13202817e-02	2.36648676e-21	1.25659049e-01	-6.28295246e-03	-1.13130394e-02	2.06601408e-03	1.43771884e-02	2.69430933e-02	2.06601408e-03	-2.06601408e-03	5.15164851e-02	7.41425640e-02
871             	4.13219621e-02	2.36699221e-21	1.25667166e-01	-6.28335828e-03	-1.13132606e-02	2.06609811e-03	1.43776228e-02	2.69443394e-02	2.06609811e-03	-2.06609811e-03	5.15203222e-02	7.41468434e-02
872             	4.13237109e-02	2.36752860e-21	1.25675281e-01	-6.28376403e-03	-1.13134853e-02	2.06618554e-03	1.43780914e-02	2.69456195e-02	2.06618554e-03	-2.06618554e-03	5.15241550e-02	7.41511256e-02
873             	4.13254304e-02	2.36803812e-21	1.25683473e-01	-6.28417366e-03	-1.13137219e-02	2.06627152e-03	1.43785415e-02	2.69468889e-02	2.06627152e-03	-2.06627152e-03	5.15280148e-02	7.41554585e-02
874             	4.13272126e-02	2.36857048e-21	1.25691661e-01	-6.28458307e-03	-1.13139614e-02	2.06636063e-03	1.43790232e-02	2.69481894e-02	2.06636063e-03	-2.06636063e-03	5.15318693e-02	7.41597921e-02
875             	4.13289677e-02	2.36908125e-21	1.25699923e-01	-6.28499617e-03	-1.13142121e-02	2.06644838e-03	1.43794877e-02	2.69494800e-02	2.06644838e-03	-2.06644838e-03	5.15357496e-02	7.41641737e-02
876             	4.13307819e-02	2.36961144e-21	1.25708179e-01	-6.28540894e-03	-1.13144653e-02	2.06653909e-03	1.43799820e-02	2.69507999e-02	2.06653909e-03	-2.06653909e-03	5.15396241e-02	7.41685546e-02
877             	4.13325706e-02	2.37012211e-21	1.25716506e-01	-6.28582531e-03	-1.13147293e-02	2.06662853e-03	1.43804600e-02	2.69521106e-02	2.06662853e-03	-2.06662853e-03	5.15435237e-02	7.41729824e-02
878             	4.13344172e-02	2.37065073e-21	1.25724826e-01	-6.28624130e-03	-1.13149959e-02	2.06672086e-03	1.43809673e-02	2.69534499e-02	2.06672086e-03	-2.06672086e-03	5.15474172e-02	7.41774089e-02
879             	4.13362392e-02	2.37116063e-21	1.25733216e-01	-6.28666081e-03	-1.13152731e-02	2.06681196e-03	1.43814588e-02	2.69547804e-02	2.06681196e-03	-2.06681196e-03	5.15513350e-02	7.41818812e-02
880             	4.13381177e-02	2.37168780e-21	1.25741597e-01	-6.28707985e-03	-1.13155525e-02	2.06690588e-03	1.43819790e-02	2.69561387e-02	2.06690588e-03	-2.06690588e-03	5.15552460e-02	7.41863510e-02
881             	4.13399713e-02	2.37219656e-21	1.25750045e-01	-6.28750226e-03	-1.13158422e-02	2.06699857e-03	1.43824834e-02	2.69574879e-02	2.06699857e-03	-2.06699857e-03	5.15591804e-02	7.41908648e-02
882             	4.13418802e-02	2.37272230e-21	1.25758482e-01	-6.28792409e-03	-1.13161338e-02	2.06709401e-03	1.43830160e-02	2.69588642e-02	2.06709401e-03	-2.06709401e-03	5.15631072e-02	7.41953747e-02
883             	4.13437638e-02	2.37322974e-21	1.25766984e-01	-6.28834919e-03	-1.13164352e-02	2.06718819e-03	1.43835327e-02	2.69602311e-02	2.06718819e-03	-2.06718819e-03	5.15670566e-02	7.41999271e-02
884             	4.13457014e-02	2.37375397e-21	1.25775471e-01	-6.28877356e-03	-1.13167380e-02	2.06728507e-03	1.43840772e-02	2.69616243e-02	2.06728507e-03	-2.06728507e-03	5.15709976e-02	7.42044736e-02
885             	4.13476178e-02	2.37426123e-21	1.25784025e-01	-6.28920127e-03	-1.13170514e-02	2.06738089e-03	1.43846076e-02	2.69630101e-02	2.06738089e-03	-2.06738089e-03	5.15749613e-02	7.42090641e-02
886             	4.13495840e-02	2.37478124e-21	1.25792565e-01	-6.28962826e-03	-1.13173659e-02	2.06747920e-03	1.43851638e-02	2.69644203e-02	2.06747920e-03	-2.06747920e-03	5.15789166e-02	7.42136485e-02
887             	4.13515291e-02	2.37528896e-21	1.25801164e-01	-6.29005822e-03	-1.13176897e-02	2.06757646e-03	1.43857063e-02	2.69658228e-02	2.06757646e-03	-2.06757646e-03	5.15828925e-02	7.42182720e-02
888             	4.13535187e-02	2.37580582e-21	1.25809744e-01	-6.29048719e-03	-1.13180134e-02	2.06767594e-03	1.43862722e-02	2.69672465e-02	2.06767594e-03	-2.06767594e-03	5.15868585e-02	7.42228852e-02
889             	4.13554866e-02	2.37631300e-21	1.25818375e-01	-6.29091877e-03	-1.13183450e-02	2.06777433e-03	1.43868245e-02	2.69686621e-02	2.06777433e-03	-2.06777433e-03	5.15908427e-02	7.42275327e-02
890             	4.13574955e-02	2.37682740e-21	1.25826983e-01	-6.29134914e-03	-1.13186757e-02	2.06787477e-03	1.43873986e-02	2.69700969e-02	2.06787477e-03	-2.06787477e-03	5.15948157e-02	7.42321671e-02
891             	4.13594779e-02	2.37733208e-21	1.25835633e-01	-6.29178167e-03	-1.13190124e-02	2.06797389e-03	1.43879573e-02	2.69715206e-02	2.06797389e-03	-2.06797389e-03	5.15988043e-02	7.42368291e-02
892             	4.13615014e-02	2.37784705e-21	1.25844254e-01	-6.29221269e-03	-1.13193472e-02	2.06807507e-03	1.43885380e-02	2.69729634e-02	2.06807507e-03	-2.06807507e-03	5.16027796e-02	7.42414741e-02
893             	4.13634969e-02	2.37834816e-21	1.25852917e-01	-6.29264586e-03	-1.13196882e-02	2.06817484e-03	1.43891026e-02	2.69743943e-02	2.06817484e-03	-2.06817484e-03	5.16067704e-02	7.42461468e-02
894             	4.13655351e-02	2.37886256e-21	1.25861548e-01	-6.29307742e-03	-1.13200273e-02	2.06827676e-03	1.43896901e-02	2.69758450e-02	2.06827676e-03	-2.06827676e-03	5.16107468e-02	7.42508015e-02
895             	4.13675399e-02	2.37936059e-21	1.25870215e-01	-6.29351076e-03	-1.13203719e-02	2.06837700e-03	1.43902592e-02	2.69772807e-02	2.06837700e-03	-2.06837700e-03	5.16147357e-02	7.42554796e-02
896             	4.13695946e-02	2.37987415e-21	1.25878861e-01	-6.29394304e-03	-1.13207153e-02	2.06847973e-03	1.43908543e-02	2.69787403e-02	2.06847973e-03	-2.06847973e-03	5.16187151e-02	7.42601456e-02
897             	4.13716111e-02	2.38037012e-21	1.25887535e-01	-6.29437675e-03	-1.13210631e-02	2.06858056e-03	1.43914288e-02	2.69801823e-02	2.06858056e-03	-2.06858056e-03	5.16227044e-02	7.42648306e-02
898             	4.13736743e-02	2.38088222e-21	1.25896178e-01	-6.29480891e-03	-1.13214083e-02	2.06868371e-03	1.43920282e-02	2.69816460e-02	2.06868371e-03	-2.06868371e-03	5.16266808e-02	7.42694974e-02
899             	4.13756957e-02	2.38137603e-21	1.25904844e-01	-6.29524220e-03	-1.13217571e-02	2.06878478e-03	1.43926056e-02	2.69830900e-02	2.06878478e-03	-2.06878478e-03	5.16306649e-02	7.42741791e-02
900             	4.13777621e-02	2.38188877e-21	1.25913467e-01	-6.29567337e-03	-1.13221010e-02	2.06888810e-03	1.43932077e-02	2.69845544e-02	2.06888810e-03	-2.06888810e-03	5.16346327e-02	7.42788347e-02
901             	4.13797854e-02	2.38237661e-21	1.25922121e-01	-6.29610604e-03	-1.13224489e-02	2.06898927e-03	1.43937867e-02	2.69859987e-02	2.06898927e-03	-2.06898927e-03	5.16386114e-02	7.42835093e-02
902             	4.13818534e-02	2.38289069e-21	1.25930720e-01	-6.29653598e-03	-1.13227913e-02	2.06909267e-03	1.43943907e-02	2.69874627e-02	2.06909267e-03	-2.06909267e-03	5.16425684e-02	7.42881511e-02
903             	4.13838747e-02	2.38337406e-21	1.25939352e-01	-6.29696759e-03	-1.13231380e-02	2.06919374e-03	1.43949698e-02	2.69889050e-02	2.06919374e-03	-2.06919374e-03	5.16465379e-02	7.42928139e-02
904             	4.13859428e-02	2.38388814e-21	1.25947928e-01	-6.29739642e-03	-1.13234786e-02	2.06929714e-03	1.43955750e-02	2.69903678e-02	2.06929714e-03	-2.06929714e-03	5.16504856e-02	7.42974429e-02
905             	4.13879596e-02	2.38436872e-21	1.25956536e-01	-6.29782680e-03	-1.13238230e-02	2.06939798e-03	1.43961530e-02	2.69918066e-02	2.06939798e-03	-2.06939798e-03	5.16544450e-02	7.43020910e-02
906             	4.13900226e-02	2.38488199e-21	1.25965082e-01	-6.29825411e-03	-1.13241606e-02	2.06950113e-03	1.43967572e-02	2.69932654e-02	2.06950113e-03	-2.06950113e-03	5.16583806e-02	7.43067017e-02
907             	4.13920317e-02	2.38536047e-21	1.25973656e-01	-6.29868280e-03	-1.13245013e-02	2.06960158e-03	1.43973330e-02	2.69946986e-02	2.06960158e-03	-2.06960158e-03	5.16623268e-02	7.43113293e-02
908             	4.13940864e-02	2.38587241e-21	1.25982165e-01	-6.29910824e-03	-1.13248347e-02	2.06970432e-03	1.43979350e-02	2.69961515e-02	2.06970432e-03	-2.06970432e-03	5.16662477e-02	7.43159171e-02
909             	4.13960820e-02	2.38634875e-21	1.25990693e-01	-6.29953466e-03	-1.13251704e-02	2.06980410e-03	1.43985064e-02	2.69975757e-02	2.06980410e-03	-2.06980410e-03	5.16701762e-02	7.43205170e-02
910             	4.13981291e-02	2.38685948e-21	1.25999167e-01	-6.29995837e-03	-1.13254994e-02	2.06990646e-03	1.43991062e-02	2.69990229e-02	2.06990646e-03	-2.06990646e-03	5.16740843e-02	7.43250831e-02
911             	4.14001142e-02	2.38733433e-21	1.26007656e-01	-6.30038281e-03	-1.13258300e-02	2.07000571e-03	1.43996743e-02	2.70004399e-02	2.07000571e-03	-2.07000571e-03	5.16779981e-02	7.43296582e-02
912             	4.14021489e-02	2.38784346e-21	1.26016086e-01	-6.30080428e-03	-1.13261534e-02	2.07010745e-03	1.44002702e-02	2.70018788e-02	2.07010745e-03	-2.07010745e-03	5.16818894e-02	7.43341962e-02
913             	4.14041205e-02	2.38831654e-21	1.26024528e-01	-6.30122641e-03	-1.13264784e-02	2.07020602e-03	1.44008338e-02	2.70032867e-02	2.07020602e-03	-2.07020602e-03	5.16857857e-02	7.43387425e-02
914             	4.14061411e-02	2.38882402e-21	1.26032910e-01	-6.30164551e-03	-1.13267959e-02	2.07030706e-03	1.44014250e-02	2.70047161e-02	2.07030706e-03	-2.07030706e-03	5.16896593e-02	7.43432510e-02
915             	4.14080981e-02	2.38929548e-21	1.26041306e-01	-6.30206531e-03	-1.13271150e-02	2.07040490e-03	1.44019837e-02	2.70061144e-02	2.07040490e-03	-2.07040490e-03	5.16935381e-02	7.43477682e-02
916             	4.14101036e-02	2.38980149e-21	1.26049641e-01	-6.30248205e-03	-1.13274266e-02	2.07050518e-03	1.44025698e-02	2.70075339e-02	2.07050518e-03	-2.07050518e-03	5.16973939e-02	7.43522470e-02
917             	4.14120452e-02	2.39027146e-21	1.26057990e-01	-6.30289951e-03	-1.13277398e-02	2.07060226e-03	1.44031231e-02	2.70089221e-02	2.07060226e-03	-2.07060226e-03	5.17012553e-02	7.43567349e-02
918             	4.14140349e-02	2.39077602e-21	1.26066277e-01	-6.30331387e-03	-1.13280453e-02	2.07070175e-03	1.44037036e-02	2.70103313e-02	2.07070175e-03	-2.07070175e-03	5.17050933e-02	7.43611840e-02
919             	4.14159606e-02	2.39124451e-21	1.26074580e-01	-6.30372900e-03	-1.13283526e-02	2.07079803e-03	1.44042513e-02	2.70117093e-02	2.07079803e-03	-2.07079803e-03	5.17089374e-02	7.43656427e-02
920             	4.14179342e-02	2.39174765e-21	1.26082820e-01	-6.30414102e-03	-1.13286522e-02	2.07089671e-03	1.44048261e-02	2.70131081e-02	2.07089671e-03	-2.07089671e-03	5.17127579e-02	7.43700624e-02
921             	4.14198436e-02	2.39221468e-21	1.26091077e-01	-6.30455387e-03	-1.13289537e-02	2.07099218e-03	1.44053680e-02	2.70144757e-02	2.07099218e-03	-2.07099218e-03	5.17165850e-02	7.43744924e-02
922             	4.14218010e-02	2.39271643e-21	1.26099272e-01	-6.30496360e-03	-1.13292476e-02	2.07109005e-03	1.44059369e-02	2.70158641e-02	2.07109005e-03	-2.07109005e-03	5.17203885e-02	7.43788836e-02
923             	4.14236944e-02	2.39318202e-21	1.26107485e-01	-6.30537425e-03	-1.13295434e-02	2.07118472e-03	1.44064729e-02	2.70172214e-02	2.07118472e-03	-2.07118472e-03	5.17241991e-02	7.43832859e-02
924             	4.14256362e-02	2.39368237e-21	1.26115636e-01	-6.30578181e-03	-1.13298319e-02	2.07128181e-03	1.44070363e-02	2.70185999e-02	2.07128181e-03	-2.07128181e-03	5.17279862e-02	7.43876500e-02
925             	4.14275145e-02	2.39414644e-21	1.26123808e-01	-6.30619042e-03	-1.13301229e-02	2.07137573e-03	1.44075668e-02	2.70199477e-02	2.07137573e-03	-2.07137573e-03	5.17317812e-02	7.43920271e-02
926             	4.14294418e-02	2.39464547e-21	1.26131922e-01	-6.30659609e-03	-1.13304069e-02	2.07147209e-03	1.44081248e-02	2.70213170e-02	2.07147209e-03	-2.07147209e-03	5.17355540e-02	7.43963678e-02
927             	4.14313047e-02	2.39510820e-21	1.26140056e-01	-6.30700280e-03	-1.13306932e-02	2.07156523e-03	1.44086495e-02	2.70226551e-02	2.07156523e-03	-2.07156523e-03	5.17393347e-02	7.44007212e-02
928             	4.14332172e-02	2.39560599e-21	1.26148132e-01	-6.30740662e-03	-1.13309726e-02	2.07166086e-03	1.44092020e-02	2.70240152e-02	2.07166086e-03	-2.07166086e-03	5.17430937e-02	7.44050388e-02
929             	4.14350660e-02	2.39606733e-21	1.26156231e-01	-6.30781157e-03	-1.13312547e-02	2.07175330e-03	1.44097215e-02	2.70253446e-02	2.07175330e-03	-2.07175330e-03	5.17468610e-02	7.44093704e-02
930             	4.14369660e-02	2.39656374e-21	1.26164275e-01	-6.30821377e-03	-1.13315303e-02	2.07184830e-03	1.44102692e-02	2.70266968e-02	2.07184830e-03	-2.07184830e-03	5.17506074e-02	7.44136680e-02
931             	4.14388032e-02	2.39702357e-21	1.26172344e-01	-6.30861721e-03	-1.13318091e-02	2.07194016e-03	1.44107844e-02	2.70280188e-02	2.07194016e-03	-2.07194016e-03	5.17543629e-02	7.44179812e-02
932             	4.14406928e-02	2.39751854e-21	1.26180361e-01	-6.30901803e-03	-1.13320819e-02	2.07203464e-03	1.44113283e-02	2.70293644e-02	2.07203464e-03	-2.07203464e-03	5.17580984e-02	7.44222622e-02
933             	4.14425204e-02	2.39797685e-21	1.26188405e-01	-6.30942023e-03	-1.13323583e-02	2.07212602e-03	1.44118400e-02	2.70306804e-02	2.07212602e-03	-2.07212602e-03	5.17618440e-02	7.44265605e-02
934             	4.14444006e-02	2.39847037e-21	1.26196397e-01	-6.30981987e-03	-1.13326287e-02	2.07222003e-03	1.44123804e-02	2.70320202e-02	2.07222003e-03	-2.07222003e-03	5.17655700e-02	7.44308274e-02
935             	4.14462188e-02	2.39892717e-21	1.26204419e-01	-6.31022095e-03	-1.13329030e-02	2.07231094e-03	1.44128885e-02	2.70333304e-02	2.07231094e-03	-2.07231094e-03	5.17693065e-02	7.44351125e-02
936             	4.14480901e-02	2.39941927e-21	1.26212391e-01	-6.31061957e-03	-1.13331718e-02	2.07240451e-03	1.44134255e-02	2.70346646e-02	2.07240451e-03	-2.07240451e-03	5.17730239e-02	7.44393674e-02
937             	4.14499001e-02	2.39987456e-21	1.26220395e-01	-6.31101976e-03	-1.13334447e-02	2.07249501e-03	1.44139303e-02	2.70359698e-02	2.07249501e-03	-2.07249501e-03	5.17767529e-02	7.44436424e-02
938             	4.14517643e-02	2.40036521e-21	1.26228353e-01	-6.31141764e-03	-1.13337126e-02	2.07258822e-03	1.44144645e-02	2.70372998e-02	2.07258822e-03	-2.07258822e-03	5.17804638e-02	7.44478890e-02
939             	4.14535683e-02	2.40081897e-21	1.26236345e-01	-6.31181725e-03	-1.13339853e-02	2.07267841e-03	1.44149669e-02	2.70386014e-02	2.07267841e-03	-2.07267841e-03	5.17841872e-02	7.44521578e-02
940             	4.14554276e-02	2.40130812e-21	1.26244293e-01	-6.31221466e-03	-1.13342533e-02	2.07277138e-03	1.44154991e-02	2.70399284e-02	2.07277138e-03	-2.07277138e-03	5.17878933e-02	7.44563999e-02
941             	4.14572276e-02	2.40176030e-21	1.26252279e-01	-6.31261395e-03	-1.13345266e-02	2.07286138e-03	1.44159998e-02	2.70412277e-02	2.07286138e-03	-2.07286138e-03	5.17916129e-02	7.44606661e-02
942             	4.14590840e-02	2.40224793e-21	1.26260223e-01	-6.31301116e-03	-1.13347956e-02	2.07295420e-03	1.44165309e-02	2.70425532e-02	2.07295420e-03	-2.07295420e-03	5.17953160e-02	7.44649073e-02
943             	4.14608822e-02	2.40269851e-21	1.26268208e-01	-6.31341040e-03	-1.13350704e-02	2.07304411e-03	1.44170307e-02	2.70438515e-02	2.07304411e-03	-2.07304411e-03	5.17990335e-02	7.44691744e-02
944             	4.14627380e-02	2.40318459e-21	1.26276153e-01	-6.31380767e-03	-1.13353414e-02	2.07313690e-03	1.44175613e-02	2.70451767e-02	2.07313690e-03	-2.07313690e-03	5.18027353e-02	7.44734181e-02
945             	4.14645349e-02	2.40363351e-21	1.26284140e-01	-6.31420701e-03	-1.13356184e-02	2.07322675e-03	1.44180604e-02	2.70464745e-02	2.07322675e-03	-2.07322675e-03	5.18064517e-02	7.44776885e-02
946             	4.14663873e-02	2.40411795e-21	1.26292086e-01	-6.31460428e-03	-1.13358914e-02	2.07331937e-03	1.44185894e-02	2.70477979e-02	2.07331937e-03	-2.07331937e-03	5.18101514e-02	7.44819342e-02
947             	4.14681812e-02	2.40456518e-21	1.26300073e-01	-6.31500363e-03	-1.13361705e-02	2.07340906e-03	1.44190869e-02	2.70490942e-02	2.07340906e-03	-2.07340906e-03	5.18138658e-02	7.44862068e-02
948             	4.14700336e-02	2.40504800e-21	1.26308022e-01	-6.31540109e-03	-1.13364464e-02	2.07350168e-03	1.44196157e-02	2.70504179e-02	2.07350168e-03	-2.07350168e-03	5.18175645e-02	7.44904573e-02
949             	4.14718319e-02	2.40549356e-21	1.26316021e-01	-6.31580106e-03	-1.13367298e-02	2.07359160e-03	1.44201149e-02	2.70517170e-02	2.07359160e-03	-2.07359160e-03	5.18212808e-02	7.44947404e-02
950             	4.14736930e-02	2.40597477e-21	1.26323991e-01	-6.31619954e-03	-1.13370112e-02	2.07368465e-03	1.44206469e-02	2.70530460e-02	2.07368465e-03	-2.07368465e-03	5.18249841e-02	7.44990066e-02
951             	4.14755026e-02	2.40641865e-21	1.26332017e-01	-6.31660087e-03	-1.13373012e-02	2.07377513e-03	1.44211505e-02	2.70543522e-02	2.07377513e-03	-2.07377513e-03	5.18287074e-02	7.45033099e-02
952             	4.14773762e-02	2.40689825e-21	1.26340018e-01	-6.31700090e-03	-1.13375899e-02	2.07386881e-03	1.44216872e-02	2.70556890e-02	2.07386881e-03	-2.07386881e-03	5.18324191e-02	7.45075989e-02
953             	4.14791983e-02	2.40734043e-21	1.26348077e-01	-6.31740385e-03	-1.13378874e-02	2.07395992e-03	1.44221953e-02	2.70570030e-02	2.07395992e-03	-2.07395992e-03	5.18361511e-02	7.45119259e-02
954             	4.14810840e-02	2.40781838e-21	1.26356110e-01	-6.31780549e-03	-1.13381836e-02	2.07405420e-03	1.44227365e-02	2.70583475e-02	2.07405420e-03	-2.07405420e-03	5.18398713e-02	7.45162385e-02
955             	4.14829175e-02	2.40825883e-21	1.26364200e-01	-6.31821002e-03	-1.13384887e-02	2.07414588e-03	1.44232487e-02	2.70596688e-02	2.07414588e-03	-2.07414588e-03	5.18436115e-02	7.45205889e-02
956             	4.14848151e-02	2.40873511e-21	1.26372265e-01	-6.31861325e-03	-1.13387927e-02	2.07424075e-03	1.44237943e-02	2.70610208e-02	2.07424075e-03	-2.07424075e-03	5.18473398e-02	7.45249252e-02
957             	4.14866611e-02	2.40917380e-21	1.26380388e-01	-6.31901942e-03	-1.13391059e-02	2.07433306e-03	1.44243111e-02	2.70623500e-02	2.07433306e-03	-2.07433306e-03	5.18510883e-02	7.45293000e-02
958             	4.14885725e-02	2.40964837e-21	1.26388488e-01	-6.31942439e-03	-1.13394184e-02	2.07442863e-03	1.44248619e-02	2.70637107e-02	2.07442863e-03	-2.07442863e-03	5.18548255e-02	7.45336624e-02
959             	4.14904340e-02	2.41008527e-21	1.26396649e-01	-6.31983246e-03	-1.13397408e-02	2.07452170e-03	1.44253846e-02	2.70650495e-02	2.07452170e-03	-2.07452170e-03	5.18585838e-02	7.45380654e-02
960             	4.14923629e-02	2.41055812e-21	1.26404790e-01	-6.32023951e-03	-1.13400633e-02	2.07461815e-03	1.44259420e-02	2.70664210e-02	2.07461815e-03	-2.07461815e-03	5.18623318e-02	7.45424584e-02
961             	4.14942435e-02	2.41099320e-21	1.26412996e-01	-6.32064982e-03	-1.13403962e-02	2.07471218e-03	1.44264719e-02	2.70677716e-02	2.07471218e-03	-2.07471218e-03	5.18661019e-02	7.45468944e-02
962             	4.14961929e-02	2.41146427e-21	1.26421185e-01	-6.32105924e-03	-1.13407298e-02	2.07480965e-03	1.44270372e-02	2.70691557e-02	2.07480965e-03	-2.07480965e-03	5.18698626e-02	7.45513223e-02
963             	4.14980949e-02	2.41189748e-21	1.26429441e-01	-6.32147203e-03	-1.13410744e-02	2.07490475e-03	1.44275754e-02	2.70705195e-02	2.07490475e-03	-2.07490475e-03	5.18736459e-02	7.45557947e-02
964             	4.15000666e-02	2.41236676e-21	1.26437680e-01	-6.32188401e-03	-1.13414199e-02	2.07500333e-03	1.44281493e-02	2.70719173e-02	2.07500333e-03	-2.07500333e-03	5.18774202e-02	7.45602600e-02
965             	4.15019914e-02	2.41279809e-21	1.26445988e-01	-6.32229941e-03	-1.13417767e-02	2.07509957e-03	1.44286963e-02	2.70732951e-02	2.07509957e-03	-2.07509957e-03	5.18812175e-02	7.45647708e-02
966             	4.15039868e-02	2.41326548e-21	1.26454281e-01	-6.32271407e-03	-1.13421349e-02	2.07519934e-03	1.44292793e-02	2.70747074e-02	2.07519934e-03	-2.07519934e-03	5.18850058e-02	7.45692756e-02
967             	4.15059359e-02	2.41369482e-21	1.26462644e-01	-6.32313221e-03	-1.13425047e-02	2.07529679e-03	1.44298357e-02	2.70761002e-02	2.07529679e-03	-2.07529679e-03	5.18888174e-02	7.45738268e-02
968             	4.15079565e-02	2.41416025e-21	1.26470993e-01	-6.32354966e-03	-1.13428763e-02	2.07539783e-03	1.44304286e-02	2.70775279e-02	2.07539783e-03	-2.07539783e-03	5.18926203e-02	7.45783729e-02
969             	4.15099318e-02	2.41458751e-21	1.26479413e-01	-6.32397067e-03	-1.13432599e-02	2.07549659e-03	1.44309952e-02	2.70789366e-02	2.07549659e-03	-2.07549659e-03	5.18964468e-02	7.45829666e-02
970             	4.15119794e-02	2.41505091e-21	1.26487821e-01	-6.32439103e-03	-1.13436456e-02	2.07559897e-03	1.44315987e-02	2.70803807e-02	2.07559897e-03	-2.07559897e-03	5.19002647e-02	7.45875559e-02
971             	4.15139823e-02	2.41547604e-21	1.26496300e-01	-6.32481501e-03	-1.13440436e-02	2.07569912e-03	1.44321762e-02	2.70818062e-02	2.07569912e-03	-2.07569912e-03	5.19041065e-02	7.45921937e-02
972             	4.15160583e-02	2.41593732e-21	1.26504767e-01	-6.32523836e-03	-1.13444439e-02	2.07580292e-03	1.44327908e-02	2.70832675e-02	2.07580292e-03	-2.07580292e-03	5.19079397e-02	7.45968276e-02
973             	4.15180929e-02	2.41636028e-21	1.26513311e-01	-6.32566556e-03	-1.13448574e-02	2.07590464e-03	1.44333809e-02	2.70847120e-02	2.07590464e-03	-2.07590464e-03	5.19117982e-02	7.46015130e-02
974             	4.15202037e-02	2.41681941e-21	1.26521847e-01	-6.32609234e-03	-1.13452739e-02	2.07601019e-03	1.44340095e-02	2.70861942e-02	2.07601019e-03	-2.07601019e-03	5.19156495e-02	7.46061974e-02
975             	4.15222718e-02	2.41724004e-21	1.26530458e-01	-6.32652291e-03	-1.13457035e-02	2.07611359e-03	1.44346130e-02	2.70876588e-02	2.07611359e-03	-2.07611359e-03	5.19195256e-02	7.46109326e-02
976             	4.15244140e-02	2.41769686e-21	1.26539058e-01	-6.32695289e-03	-1.13461356e-02	2.07622070e-03	1.44352541e-02	2.70891599e-02	2.07622070e-03	-2.07622070e-03	5.19233933e-02	7.46156646e-02
977             	4.15265118e-02	2.41811510e-21	1.26547730e-01	-6.32738649e-03	-1.13465805e-02	2.07632559e-03	1.44358694e-02	2.70906424e-02	2.07632559e-03	-2.07632559e-03	5.19272844e-02	7.46204454e-02
978             	4.15286834e-02	2.41856953e-21	1.26556388e-01	-6.32781938e-03	-1.13470277e-02	2.07643417e-03	1.44365223e-02	2.70921611e-02	2.07643417e-03	-2.07643417e-03	5.19311661e-02	7.46252216e-02
979             	4.15308110e-02	2.41898528e-21	1.26565117e-01	-6.32825586e-03	-1.13474878e-02	2.07654055e-03	1.44371496e-02	2.70936614e-02	2.07654055e-03	-2.07654055e-03	5.19350708e-02	7.46300463e-02
980             	4.15330131e-02	2.41943722e-21	1.26573832e-01	-6.32869162e-03	-1.13479504e-02	2.07665065e-03	1.44378149e-02	2.70951982e-02	2.07665065e-03	-2.07665065e-03	5.19389658e-02	7.46348666e-02
981             	4.15351719e-02	2.41985034e-21	1.26582620e-01	-6.32913099e-03	-1.13484259e-02	2.07675859e-03	1.44384550e-02	2.70967169e-02	2.07675859e-03	-2.07675859e-03	5.19428840e-02	7.46397358e-02
982             	4.15374054e-02	2.42029965e-21	1.26591392e-01	-6.32956962e-03	-1.13489041e-02	2.07687027e-03	1.44391331e-02	2.70982723e-02	2.07687027e-03	-2.07687027e-03	5.19467921e-02	7.46446003e-02
983             	4.15395957e-02	2.42071005e-21	1.26600237e-01	-6.33001183e-03	-1.13493952e-02	2.07697979e-03	1.44397860e-02	2.70998097e-02	2.07697979e-03	-2.07697979e-03	5.19507231e-02	7.46495135e-02
984             	4.15418605e-02	2.42115665e-21	1.26609064e-01	-6.33045321e-03	-1.13498888e-02	2.07709303e-03	1.44404771e-02	2.71013835e-02	2.07709303e-03	-2.07709303e-03	5.19546433e-02	7.46544209e-02
985             	4.15440818e-02	2.42156425e-21	1.26617962e-01	-6.33089810e-03	-1.13503951e-02	2.07720409e-03	1.44411428e-02	2.71029390e-02	2.07720409e-03	-2.07720409e-03	5.19585859e-02	7.46593761e-02
986             	4.15463773e-02	2.42200805e-21	1.26626841e-01	-6.33134207e-03	-1.13509037e-02	2.07731887e-03	1.44418466e-02	2.71045307e-02	2.07731887e-03	-2.07731887e-03	5.19625170e-02	7.46643245e-02
987             	4.15486290e-02	2.42241278e-21	1.26635790e-01	-6.33178949e-03	-1.13514249e-02	2.07743145e-03	1.44425250e-02	2.71061040e-02	2.07743145e-03	-2.07743145e-03	5.19664699e-02	7.46693198e-02
988             	4.15509544e-02	2.42285372e-21	1.26644717e-01	-6.33223586e-03	-1.13519482e-02	2.07754772e-03	1.44432414e-02	2.71077131e-02	2.07754772e-03	-2.07754772e-03	5.19704104e-02	7.46743068e-02
989             	4.15532356e-02	2.42325548e-21	1.26653712e-01	-6.33268559e-03	-1.13524838e-02	2.07766178e-03	1.44439322e-02	2.71093034e-02	2.07766178e-03	-2.07766178e-03	5.19743721e-02	7.46793397e-02
990             	4.15555901e-02	2.42369349e-21	1.26662683e-01	-6.33313416e-03	-1.13530211e-02	2.07777950e-03	1.44446609e-02	2.71109292e-02	2.07777950e-03	-2.07777950e-03	5.19783205e-02	7.46843628e-02
991             	4.15578984e-02	2.42409207e-21	1.26671715e-01	-6.33358573e-03	-1.13535701e-02	2.07789492e-03	1.44453635e-02	2.71125349e-02	2.07789492e-03	-2.07789492e-03	5.19822871e-02	7.46894274e-02
992             	4.15602823e-02	2.42452722e-21	1.26680730e-01	-6.33403651e-03	-1.13541214e-02	2.07801412e-03	1.44461047e-02	2.71141777e-02	2.07801412e-03	-2.07801412e-03	5.19862437e-02	7.46944864e-02
993             	4.15626185e-02	2.42492284e-21	1.26689801e-01	-6.33449005e-03	-1.13546837e-02	2.07813093e-03	1.44468192e-02	2.71157993e-02	2.07813093e-03	-2.07813093e-03	5.19902168e-02	7.46995842e-02
994             	4.15650288e-02	2.42535495e-21	1.26698851e-01	-6.33494256e-03	-1.13552476e-02	2.07825144e-03	1.44475718e-02	2.71174569e-02	2.07825144e-03	-2.07825144e-03	5.19941780e-02	7.47046732e-02
995             	4.15673896e-02	2.42574738e-21	1.26707952e-01	-6.33539759e-03	-1.13558219e-02	2.07836948e-03	1.44482972e-02	2.71190924e-02	2.07836948e-03	-2.07836948e-03	5.19981540e-02	7.47097978e-02
996             	4.15698234e-02	2.42617629e-21	1.26717027e-01	-6.33585136e-03	-1.13563972e-02	2.07849117e-03	1.44490604e-02	2.71207631e-02	2.07849117e-03	-2.07849117e-03	5.20021164e-02	7.47149109e-02
997             	4.15722082e-02	2.42656557e-21	1.26726155e-01	-6.33630775e-03	-1.13569829e-02	2.07861041e-03	1.44497964e-02	2.71224119e-02	2.07861041e-03	-2.07861041e-03	5.20060946e-02	7.47200604e-02
998             	4.15746625e-02	2.42699113e-21	1.26735246e-01	-6.33676228e-03	-1.13575684e-02	2.07873313e-03	1.44505690e-02	2.71240936e-02	2.07873313e-03	-2.07873313e-03	5.20100545e-02	7.47251912e-02
999             	4.15770671e-02	2.42737693e-21	1.26744386e-01	-6.33721930e-03	-1.13581638e-02	2.07885336e-03	1.44513143e-02	2.71257529e-02	2.07885336e-03	-2.07885336e-03	5.20140293e-02	7.47303568e-02
1000            	4.15795419e-02	2.42779928e-21	1.26753491e-01	-6.33767457e-03	-1.13587590e-02	2.07897709e-03	1.44520964e-02	2.71274455e-02	2.07897709e-03	-2.07897709e-03	5.20179867e-02	7.47355047e-02
1001            	4.15819660e-02	2.42818185e-21	1.26762644e-01	-6.33813221e-03	-1.13593636e-02	2.07909830e-03	1.44528508e-02	2.71291152e-02	2.07909830e-03	-2.07909830e-03	5.20219586e-02	7.47406857e-02
1002            	4.15844588e-02	2.42860102e-21	1.26771757e-01	-6.33858786e-03	-1.13599673e-02	2.07922294e-03	1.44536416e-02	2.71308173e-02	2.07922294e-03	-2.07922294e-03	5.20259113e-02	7.47458459e-02
1003            	4.15868993e-02	2.42898031e-21	1.26780913e-01	-6.33904565e-03	-1.13605797e-02	2.07934497e-03	1.44544040e-02	2.71324953e-02	2.07934497e-03	-2.07934497e-03	5.20298768e-02	7.47510362e-02
1004            	4.15894069e-02	2.42939617e-21	1.26790024e-01	-6.33950121e-03	-1.13611904e-02	2.07947034e-03	1.44552022e-02	2.71342046e-02	2.07947034e-03	-2.07947034e-03	5.20338217e-02	7.47562025e-02
1005            	4.15918602e-02	2.42977205e-21	1.26799174e-01	-6.33995868e-03	-1.13618092e-02	2.07959301e-03	1.44559714e-02	2.71358888e-02	2.07959301e-03	-2.07959301e-03	5.20377776e-02	7.47613959e-02
1006            	4.15943791e-02	2.43018455e-21	1.26808274e-01	-6.34041371e-03	-1.13624256e-02	2.07971896e-03	1.44567759e-02	2.71376033e-02	2.07971896e-03	-2.07971896e-03	5.20417114e-02	7.47665627e-02
1007            	4.15968423e-02	2.43055700e-21	1.26817409e-01	-6.34087044e-03	-1.13630494e-02	2.07984212e-03	1.44575507e-02	2.71392916e-02	2.07984212e-03	-2.07984212e-03	5.20456550e-02	7.47717538e-02
1008            	4.15993696e-02	2.43096613e-21	1.26826491e-01	-6.34132453e-03	-1.13636702e-02	2.07996848e-03	1.44583603e-02	2.71410093e-02	2.07996848e-03	-2.07996848e-03	5.20495751e-02	7.47769155e-02
1009            	4.16018395e-02	2.43133515e-21	1.26835602e-01	-6.34178011e-03	-1.13642977e-02	2.08009198e-03	1.44591396e-02	2.71426999e-02	2.08009198e-03	-2.08009198e-03	5.20535035e-02	7.47820988e-02
1010            	4.16043720e-02	2.43174090e-21	1.26844657e-01	-6.34223284e-03	-1.13649214e-02	2.08021860e-03	1.44599532e-02	2.71444188e-02	2.08021860e-03	-2.08021860e-03	5.20574069e-02	7.47872498e-02
1011            	4.16068454e-02	2.43210648e-21	1.26853737e-01	-6.34268684e-03	-1.13655511e-02	2.08034227e-03	1.44607359e-02	2.71461096e-02	2.08034227e-03	-2.08034227e-03	5.20613173e-02	7.47924195e-02
1012            	4.16093798e-02	2.43250883e-21	1.26862756e-01	-6.34313778e-03	-1.13661764e-02	2.08046899e-03	1.44615521e-02	2.71478277e-02	2.08046899e-03	-2.08046899e-03	5.20652013e-02	7.47975542e-02
1013            	4.16118535e-02	2.43287096e-21	1.26871796e-01	-6.34358979e-03	-1.13668070e-02	2.08059267e-03	1.44623369e-02	2.71495165e-02	2.08059267e-03	-2.08059267e-03	5.20690909e-02	7.48027049e-02
1014            	4.16143864e-02	2.43326988e-21	1.26880771e-01	-6.34403853e-03	-1.13674326e-02	2.08071932e-03	1.44631547e-02	2.71512317e-02	2.08071932e-03	-2.08071932e-03	5.20729527e-02	7.48078179e-02
1015            	4.16168571e-02	2.43362854e-21	1.26889763e-01	-6.34448816e-03	-1.13680628e-02	2.08084285e-03	1.44639404e-02	2.71529167e-02	2.08084285e-03	-2.08084285e-03	5.20768188e-02	7.48129444e-02
1016            	4.16193856e-02	2.43402401e-21	1.26898686e-01	-6.34493432e-03	-1.13686874e-02	2.08096928e-03	1.44647585e-02	2.71546271e-02	2.08096928e-03	-2.08096928e-03	5.20806558e-02	7.48180306e-02
1017            	4.16218503e-02	2.43437917e-21	1.26907624e-01	-6.34538118e-03	-1.13693160e-02	2.08109251e-03	1.44655440e-02	2.71563063e-02	2.08109251e-03	-2.08109251e-03	5.20844958e-02	7.48231277e-02
1018            	4.16243711e-02	2.43477117e-21	1.26916487e-01	-6.34582436e-03	-1.13699382e-02	2.08121856e-03	1.44663612e-02	2.71580099e-02	2.08121856e-03	-2.08121856e-03	5.20883054e-02	7.48281818e-02
1019            	4.16268238e-02	2.43512260e-21	1.26925355e-01	-6.34626776e-03	-1.13705634e-02	2.08134119e-03	1.44671441e-02	2.71596797e-02	2.08134119e-03	-2.08134119e-03	5.20921143e-02	7.48332410e-02
1020            	4.16293361e-02	2.43551138e-21	1.26934157e-01	-6.34670785e-03	-1.13711826e-02	2.08146681e-03	1.44679602e-02	2.71613759e-02	2.08146681e-03	-2.08146681e-03	5.20958960e-02	7.48382611e-02
1021            	4.16317773e-02	2.43585942e-21	1.26942957e-01	-6.34714783e-03	-1.13718038e-02	2.08158887e-03	1.44687408e-02	2.71630365e-02	2.08158887e-03	-2.08158887e-03	5.20996745e-02	7.48432820e-02
1022            	4.16342760e-02	2.43624475e-21	1.26951684e-01	-6.34758422e-03	-1.13724183e-02	2.08171380e-03	1.44695538e-02	2.71647222e-02	2.08171380e-03	-2.08171380e-03	5.21034239e-02	7.48482605e-02
1023            	4.16367018e-02	2.43658921e-21	1.26960405e-01	-6.34802026e-03	-1.13730342e-02	2.08183509e-03	1.44703306e-02	2.71663711e-02	2.08183509e-03	-2.08183509e-03	5.21071684e-02	7.48532368e-02
1024            	4.16391839e-02	2.43697097e-21	1.26969051e-01	-6.34845256e-03	-1.13736429e-02	2.08195920e-03	1.44711394e-02	2.71680445e-02	2.08195920e-03	-2.08195920e-03	5.21108827e-02	7.48581686e-02
1025            	4.16415921e-02	2.43731185e-21	1.26977688e-01	-6.34888441e-03	-1.13742526e-02	2.08207960e-03	1.44719116e-02	2.71696804e-02	2.08207960e-03	-2.08207960e-03	5.21145915e-02	7.48630967e-02
1026            	4.16440550e-02	2.43769013e-21	1.26986247e-01	-6.34931237e-03	-1.13748545e-02	2.08220275e-03	1.44727151e-02	2.71713399e-02	2.08220275e-03	-2.08220275e-03	5.21182693e-02	7.48679782e-02
1027            	4.16464422e-02	2.43802755e-21	1.26994795e-01	-6.34973975e-03	-1.13754568e-02	2.08232211e-03	1.44734813e-02	2.71729608e-02	2.08232211e-03	-2.08232211e-03	5.21219407e-02	7.48728543e-02
1028            	4.16488825e-02	2.43840244e-21	1.27003261e-01	-6.35016307e-03	-1.13760507e-02	2.08244412e-03	1.44742782e-02	2.71746043e-02	2.08244412e-03	-2.08244412e-03	5.21255801e-02	7.48776814e-02
1029            	4.16512456e-02	2.43873645e-21	1.27011713e-01	-6.35058567e-03	-1.13766445e-02	2.08256228e-03	1.44750372e-02	2.71762085e-02	2.08256228e-03	-2.08256228e-03	5.21292122e-02	7.48825011e-02
1030            	4.16536607e-02	2.43910800e-21	1.27020081e-01	-6.35100405e-03	-1.13772295e-02	2.08268303e-03	1.44758263e-02	2.71778344e-02	2.08268303e-03	-2.08268303e-03	5.21328110e-02	7.48872700e-02
1031            	4.16559975e-02	2.43943863e-21	1.27028432e-01	-6.35142159e-03	-1.13778139e-02	2.08279988e-03	1.44765772e-02	2.71794204e-02	2.08279988e-03	-2.08279988e-03	5.21364020e-02	7.48920298e-02
1032            	4.16583852e-02	2.43980686e-21	1.27036696e-01	-6.35183481e-03	-1.13783892e-02	2.08291926e-03	1.44773578e-02	2.71810274e-02	2.08291926e-03	-2.08291926e-03	5.21399589e-02	7.48967374e-02
1033            	4.16606962e-02	2.44013431e-21	1.27044947e-01	-6.35224737e-03	-1.13789641e-02	2.08303481e-03	1.44781007e-02	2.71825955e-02	2.08303481e-03	-2.08303481e-03	5.21435096e-02	7.49014379e-02
1034            	4.16630522e-02	2.44049897e-21	1.27053099e-01	-6.35265497e-03	-1.13795286e-02	2.08315261e-03	1.44788711e-02	2.71841811e-02	2.08315261e-03	-2.08315261e-03	5.21470211e-02	7.49060783e-02
1035            	4.16653317e-02	2.44082292e-21	1.27061240e-01	-6.35306200e-03	-1.13800926e-02	2.08326659e-03	1.44796039e-02	2.71857279e-02	2.08326659e-03	-2.08326659e-03	5.21505273e-02	7.49107126e-02
1036            	4.16676567e-02	2.44118430e-21	1.27069282e-01	-6.35346408e-03	-1.13806461e-02	2.08338284e-03	1.44803643e-02	2.71872924e-02	2.08338284e-03	-2.08338284e-03	5.21539947e-02	7.49152869e-02
1037            	4.16699047e-02	2.44150501e-21	1.27077311e-01	-6.35386557e-03	-1.13811991e-02	2.08349524e-03	1.44810868e-02	2.71888179e-02	2.08349524e-03	-2.08349524e-03	5.21574566e-02	7.49198547e-02
1038            	4.16721974e-02	2.44186321e-21	1.27085241e-01	-6.35426206e-03	-1.13817412e-02	2.08360987e-03	1.44818367e-02	2.71903608e-02	2.08360987e-03	-2.08360987e-03	5.21608794e-02	7.49243617e-02
1039            	4.16744121e-02	2.44218068e-21	1.27093157e-01	-6.35465787e-03	-1.13822825e-02	2.08372060e-03	1.44825482e-02	2.71918639e-02	2.08372060e-03	-2.08372060e-03	5.21642962e-02	7.49288612e-02
1040            	4.16766704e-02	2.44253569e-21	1.27100971e-01	-6.35504857e-03	-1.13828126e-02	2.08383352e-03	1.44832866e-02	2.71933838e-02	2.08383352e-03	-2.08383352e-03	5.21676731e-02	7.49332983e-02
1041            	4.16788501e-02	2.44284994e-21	1.27108771e-01	-6.35543857e-03	-1.13833417e-02	2.08394250e-03	1.44839865e-02	2.71948636e-02	2.08394250e-03	-2.08394250e-03	5.21710440e-02	7.49377274e-02
1042            	4.16810728e-02	2.44320176e-21	1.27116468e-01	-6.35582338e-03	-1.13838595e-02	2.08405364e-03	1.44847130e-02	2.71963598e-02	2.08405364e-03	-2.08405364e-03	5.21743743e-02	7.49420934e-02
1043            	4.16832165e-02	2.44351283e-21	1.27124150e-01	-6.35620750e-03	-1.13843763e-02	2.08416082e-03	1.44854007e-02	2.71978157e-02	2.08416082e-03	-2.08416082e-03	5.21776987e-02	7.49464513e-02
1044            	4.16854027e-02	2.44386153e-21	1.27131728e-01	-6.35658640e-03	-1.13848816e-02	2.08427014e-03	1.44861150e-02	2.71992878e-02	2.08427014e-03	-2.08427014e-03	5.21809824e-02	7.49507456e-02
1045            	4.16875098e-02	2.44416948e-21	1.27139293e-01	-6.35696463e-03	-1.13853858e-02	2.08437549e-03	1.44867903e-02	2.72007195e-02	2.08437549e-03	-2.08437549e-03	5.21842604e-02	7.49550321e-02
1046            	4.16896590e-02	2.44451511e-21	1.27146752e-01	-6.35733760e-03	-1.13858785e-02	2.08448295e-03	1.44874919e-02	2.72021671e-02	2.08448295e-03	-2.08448295e-03	5.21874976e-02	7.49592545e-02
1047            	4.16917273e-02	2.44481985e-21	1.27154194e-01	-6.35770968e-03	-1.13863697e-02	2.08458637e-03	1.44881540e-02	2.72035733e-02	2.08458637e-03	-2.08458637e-03	5.21907270e-02	7.49634665e-02
1048            	4.16938404e-02	2.44516262e-21	1.27161539e-01	-6.35807695e-03	-1.13868501e-02	2.08469202e-03	1.44888433e-02	2.72049972e-02	2.08469202e-03	-2.08469202e-03	5.21939194e-02	7.49676196e-02
1049            	4.16958722e-02	2.44546446e-21	1.27168865e-01	-6.35844327e-03	-1.13873289e-02	2.08479361e-03	1.44894928e-02	2.72063793e-02	2.08479361e-03	-2.08479361e-03	5.21971038e-02	7.49717616e-02
1050            	4.16979481e-02	2.44580427e-21	1.27176094e-01	-6.35880472e-03	-1.13877968e-02	2.08489740e-03	1.44901693e-02	2.72077788e-02	2.08489740e-03	-2.08489740e-03	5.22002504e-02	7.49758439e-02
1051            	4.16999423e-02	2.44610309e-21	1.27183304e-01	-6.35916518e-03	-1.13882630e-02	2.08499711e-03	1.44908060e-02	2.72091363e-02	2.08499711e-03	-2.08499711e-03	5.22033887e-02	7.49799148e-02
1052            	4.17019802e-02	2.44643990e-21	1.27190415e-01	-6.35952075e-03	-1.13887183e-02	2.08509901e-03	1.44914694e-02	2.72105109e-02	2.08509901e-03	-2.08509901e-03	5.22064892e-02	7.49839257e-02
1053            	4.17039362e-02	2.44673572e-21	1.27197507e-01	-6.35987536e-03	-1.13891720e-02	2.08519681e-03	1.44920928e-02	2.72118435e-02	2.08519681e-03	-2.08519681e-03	5.22095816e-02	7.49879257e-02
1054            	4.17059361e-02	2.44706963e-21	1.27204503e-01	-6.36022515e-03	-1.13896148e-02	2.08529681e-03	1.44927429e-02	2.72131932e-02	2.08529681e-03	-2.08529681e-03	5.22126367e-02	7.49918663e-02
1055            	4.17078542e-02	2.44736254e-21	1.27211481e-01	-6.36057406e-03	-1.13900564e-02	2.08539271e-03	1.44933531e-02	2.72145012e-02	2.08539271e-03	-2.08539271e-03	5.22156842e-02	7.49957969e-02
1056            	4.17098179e-02	2.44769378e-21	1.27218367e-01	-6.36091837e-03	-1.13904873e-02	2.08549089e-03	1.44939906e-02	2.72158273e-02	2.08549089e-03	-2.08549089e-03	5.22186964e-02	7.49996710e-02
1057            	4.17116975e-02	2.44798371e-21	1.27225231e-01	-6.36126156e-03	-1.13909168e-02	2.08558488e-03	1.44945872e-02	2.72171103e-02	2.08558488e-03	-2.08558488e-03	5.22216988e-02	7.50035324e-02
1058            	4.17136237e-02	2.44831203e-21	1.27232006e-01	-6.36160029e-03	-1.13913361e-02	2.08568119e-03	1.44952116e-02	2.72184122e-02	2.08568119e-03	-2.08568119e-03	5.22246668e-02	7.50073389e-02
1059            	4.17154670e-02	2.44859912e-21	1.27238761e-01	-6.36193805e-03	-1.13917542e-02	2.08577335e-03	1.44957955e-02	2.72196716e-02	2.08577335e-03	-2.08577335e-03	5.22276263e-02	7.50111347e-02
1060            	4.17173577e-02	2.44892473e-21	1.27245429e-01	-6.36227147e-03	-1.13921624e-02	2.08586788e-03	1.44964074e-02	2.72209503e-02	2.08586788e-03	-2.08586788e-03	5.22305524e-02	7.50148771e-02
1061            	4.17191658e-02	2.44920908e-21	1.27252080e-01	-6.36260402e-03	-1.13925696e-02	2.08595829e-03	1.44969789e-02	2.72221869e-02	2.08595829e-03	-2.08595829e-03	5.22334706e-02	7.50186099e-02
1062            	4.17210218e-02	2.44953199e-21	1.27258646e-01	-6.36293229e-03	-1.13929672e-02	2.08605109e-03	1.44975786e-02	2.72234432e-02	2.08605109e-03	-2.08605109e-03	5.22363557e-02	7.50222901e-02
1063            	4.17227964e-02	2.44981371e-21	1.27265199e-01	-6.36325995e-03	-1.13933644e-02	2.08613982e-03	1.44981383e-02	2.72246582e-02	2.08613982e-03	-2.08613982e-03	5.22392351e-02	7.50259639e-02
1064            	4.17246166e-02	2.45013372e-21	1.27271659e-01	-6.36358293e-03	-1.13937512e-02	2.08623083e-03	1.44987253e-02	2.72258912e-02	2.08623083e-03	-2.08623083e-03	5.22420781e-02	7.50295805e-02
1065            	4.17263557e-02	2.45041245e-21	1.27278106e-01	-6.36390532e-03	-1.13941379e-02	2.08631778e-03	1.44992725e-02	2.72270832e-02	2.08631778e-03	-2.08631778e-03	5.22449152e-02	7.50331911e-02
1066            	4.17281446e-02	2.45072992e-21	1.27284474e-01	-6.36422370e-03	-1.13945157e-02	2.08640723e-03	1.44998486e-02	2.72282960e-02	2.08640723e-03	-2.08640723e-03	5.22477214e-02	7.50367527e-02
1067            	4.17298541e-02	2.45100618e-21	1.27290836e-01	-6.36454178e-03	-1.13948939e-02	2.08649270e-03	1.45003852e-02	2.72294688e-02	2.08649270e-03	-2.08649270e-03	5.22505239e-02	7.50403117e-02
1068            	4.17316113e-02	2.45132091e-21	1.27297110e-01	-6.36485550e-03	-1.13952627e-02	2.08658057e-03	1.45009502e-02	2.72306611e-02	2.08658057e-03	-2.08658057e-03	5.22532923e-02	7.50438177e-02
1069            	4.17332898e-02	2.45159438e-21	1.27303381e-01	-6.36516903e-03	-1.13956324e-02	2.08666449e-03	1.45014759e-02	2.72318140e-02	2.08666449e-03	-2.08666449e-03	5.22560580e-02	7.50473227e-02
1070            	4.17350173e-02	2.45190640e-21	1.27309567e-01	-6.36547836e-03	-1.13959930e-02	2.08675086e-03	1.45020303e-02	2.72329870e-02	2.08675086e-03	-2.08675086e-03	5.22587906e-02	7.50507766e-02
1071            	4.17366670e-02	2.45217718e-21	1.27315753e-01	-6.36578766e-03	-1.13963549e-02	2.08683335e-03	1.45025458e-02	2.72341211e-02	2.08683335e-03	-2.08683335e-03	5.22615217e-02	7.50542315e-02
1072            	4.17383668e-02	2.45248659e-21	1.27321858e-01	-6.36609291e-03	-1.13967082e-02	2.08691834e-03	1.45030905e-02	2.72352763e-02	2.08691834e-03	-2.08691834e-03	5.22642209e-02	7.50576373e-02
1073            	4.17399894e-02	2.45275471e-21	1.27327965e-01	-6.36639823e-03	-1.13970632e-02	2.08699947e-03	1.45035965e-02	2.72363929e-02	2.08699947e-03	-2.08699947e-03	5.22669191e-02	7.50610455e-02
1074            	4.17416632e-02	2.45306152e-21	1.27333992e-01	-6.36669962e-03	-1.13974099e-02	2.08708316e-03	1.45041320e-02	2.72375312e-02	2.08708316e-03	-2.08708316e-03	5.22695863e-02	7.50644062e-02
1075            	4.17432603e-02	2.45332696e-21	1.27340023e-01	-6.36700117e-03	-1.13977586e-02	2.08716301e-03	1.45046290e-02	2.72386313e-02	2.08716301e-03	-2.08716301e-03	5.22722531e-02	7.50677703e-02
1076            	4.17449094e-02	2.45363113e-21	1.27345978e-01	-6.36729892e-03	-1.13980994e-02	2.08724547e-03	1.45051558e-02	2.72397536e-02	2.08724547e-03	-2.08724547e-03	5.22748898e-02	7.50710886e-02
1077            	4.17464826e-02	2.45389390e-21	1.27351938e-01	-6.36759692e-03	-1.13984425e-02	2.08732413e-03	1.45056444e-02	2.72408382e-02	2.08732413e-03	-2.08732413e-03	5.22775267e-02	7.50744117e-02
1078            	4.17481088e-02	2.45419544e-21	1.27357825e-01	-6.36789125e-03	-1.13987782e-02	2.08740544e-03	1.45061631e-02	2.72419457e-02	2.08740544e-03	-2.08740544e-03	5.22801343e-02	7.50776907e-02
1079            	4.17496600e-02	2.45445553e-21	1.27363719e-01	-6.36818595e-03	-1.13991166e-02	2.08748300e-03	1.45066440e-02	2.72430159e-02	2.08748300e-03	-2.08748300e-03	5.22827430e-02	7.50809761e-02
1080            	4.17512652e-02	2.45475445e-21	1.27369542e-01	-6.36847712e-03	-1.13994479e-02	2.08756326e-03	1.45071555e-02	2.72441097e-02	2.08756326e-03	-2.08756326e-03	5.22853233e-02	7.50842191e-02
1081            	4.17527961e-02	2.45501188e-21	1.27375375e-01	-6.36876876e-03	-1.13997822e-02	2.08763980e-03	1.45076293e-02	2.72451668e-02	2.08763980e-03	-2.08763980e-03	5.22879053e-02	7.50874698e-02
1082            	4.17543820e-02	2.45530818e-21	1.27381139e-01	-6.36905697e-03	-1.14001099e-02	2.08771910e-03	1.45081340e-02	2.72462480e-02	2.08771910e-03	-2.08771910e-03	5.22904598e-02	7.50906796e-02
1083            	4.17558943e-02	2.45556295e-21	1.27386915e-01	-6.36934577e-03	-1.14004410e-02	2.08779472e-03	1.45086014e-02	2.72472929e-02	2.08779472e-03	-2.08779472e-03	5.22930166e-02	7.50938987e-02
1084            	4.17574626e-02	2.45585663e-21	1.27392625e-01	-6.36963126e-03	-1.14007658e-02	2.08787313e-03	1.45091001e-02	2.72483626e-02	2.08787313e-03	-2.08787313e-03	5.22955468e-02	7.50970784e-02
1085            	4.17589582e-02	2.45610875e-21	1.27398349e-01	-6.36991744e-03	-1.14010944e-02	2.08794791e-03	1.45095617e-02	2.72493965e-02	2.08794791e-03	-2.08794791e-03	5.22980800e-02	7.51002688e-02
1086            	4.17605107e-02	2.45639981e-21	1.27404008e-01	-6.37020042e-03	-1.14014170e-02	2.08802554e-03	1.45100549e-02	2.72504558e-02	2.08802554e-03	-2.08802554e-03	5.23005872e-02	7.51034213e-02
1087            	4.17619912e-02	2.45664927e-21	1.27409684e-01	-6.37048420e-03	-1.14017438e-02	2.08809956e-03	1.45105114e-02	2.72514798e-02	2.08809956e-03	-2.08809956e-03	5.23030981e-02	7.51065858e-02
1088            	4.17635297e-02	2.45693773e-21	1.27415298e-01	-6.37076488e-03	-1.14020650e-02	2.08817648e-03	1.45109999e-02	2.72525297e-02	2.08817648e-03	-2.08817648e-03	5.23055839e-02	7.51097138e-02
1089            	4.17649968e-02	2.45718454e-21	1.27420929e-01	-6.37104646e-03	-1.14023906e-02	2.08824984e-03	1.45114519e-02	2.72535449e-02	2.08824984e-03	-2.08824984e-03	5.23080740e-02	7.51128552e-02
1090            	4.17665228e-02	2.45747039e-21	1.27426501e-01	-6.37132505e-03	-1.14027110e-02	2.08832614e-03	1.45119363e-02	2.72545864e-02	2.08832614e-03	-2.08832614e-03	5.23105395e-02	7.51159616e-02
1091            	4.17679799e-02	2.45771474e-21	1.27432096e-01	-6.37160478e-03	-1.14030365e-02	2.08839899e-03	1.45123852e-02	2.72555947e-02	2.08839899e-03	-2.08839899e-03	5.23130114e-02	7.51190843e-02
1092            	4.17694933e-02	2.45799780e-21	1.27437626e-01	-6.37188130e-03	-1.14033564e-02	2.08847466e-03	1.45128653e-02	2.72566279e-02	2.08847466e-03	-2.08847466e-03	5.23154566e-02	7.51221694e-02
1093            	4.17709393e-02	2.45823942e-21	1.27443182e-01	-6.37215911e-03	-1.14036818e-02	2.08854696e-03	1.45133105e-02	2.72576287e-02	2.08854696e-03	-2.08854696e-03	5.23179092e-02	7.51252729e-02
1094            	4.17724433e-02	2.45851990e-21	1.27448678e-01	-6.37243390e-03	-1.14040023e-02	2.08862216e-03	1.45137877e-02	2.72586555e-02	2.08862216e-03	-2.08862216e-03	5.23203367e-02	7.51283413e-02
1095            	4.17738810e-02	2.45875896e-21	1.27454202e-01	-6.37271012e-03	-1.14043286e-02	2.08869405e-03	1.45142304e-02	2.72596506e-02	2.08869405e-03	-2.08869405e-03	5.23227726e-02	7.51314298e-02
1096            	4.17753775e-02	2.45903689e-21	1.27459668e-01	-6.37298339e-03	-1.14046501e-02	2.08876887e-03	1.45147054e-02	2.72606721e-02	2.08876887e-03	-2.08876887e-03	5.23251838e-02	7.51344840e-02
1097            	4.17768082e-02	2.45927337e-21	1.27465163e-01	-6.37325815e-03	-1.14049777e-02	2.08884041e-03	1.45151460e-02	2.72616623e-02	2.08884041e-03	-2.08884041e-03	5.23276038e-02	7.51375592e-02
1098            	4.17782980e-02	2.45954873e-21	1.27470599e-01	-6.37352997e-03	-1.14053007e-02	2.08891490e-03	1.45156190e-02	2.72626790e-02	2.08891490e-03	-2.08891490e-03	5.23299989e-02	7.51406004e-02
1099            	4.17797208e-02	2.45978243e-21	1.27476063e-01	-6.37380316e-03	-1.14056298e-02	2.08898604e-03	1.45160572e-02	2.72636636e-02	2.08898604e-03	-2.08898604e-03	5.23324019e-02	7.51436614e-02
1100            	4.17812064e-02	2.46005540e-21	1.27481476e-01	-6.37407380e-03	-1.14059549e-02	2.08906032e-03	1.45165294e-02	2.72646770e-02	2.08906032e-03	-2.08906032e-03	5.23347831e-02	7.51466929e-02
1101            	4.17826251e-02	2.46028658e-21	1.27486917e-01	-6.37434584e-03	-1.14062862e-02	2.08913126e-03	1.45169667e-02	2.72656584e-02	2.08913126e-03	-2.08913126e-03	5.23371722e-02	7.51497446e-02
1102            	4.17841067e-02	2.46055698e-21	1.27492306e-01	-6.37461531e-03	-1.14066137e-02	2.08920533e-03	1.45174380e-02	2.72666686e-02	2.08920533e-03	-2.08920533e-03	5.23395393e-02	7.51527668e-02
1103            	4.17855213e-02	2.46078554e-21	1.27497724e-01	-6.37488619e-03	-1.14069476e-02	2.08927606e-03	1.45178745e-02	2.72676468e-02	2.08927606e-03	-2.08927606e-03	5.23419144e-02	7.51558095e-02
1104            	4.17869995e-02	2.46105335e-21	1.27503092e-01	-6.37515458e-03	-1.14072779e-02	2.08934997e-03	1.45183452e-02	2.72686543e-02	2.08934997e-03	-2.08934997e-03	5.23442679e-02	7.51588237e-02
1105            	4.17884111e-02	2.46127930e-21	1.27508488e-01	-6.37542440e-03	-1.14076145e-02	2.08942055e-03	1.45187811e-02	2.72696299e-02	2.08942055e-03	-2.08942055e-03	5.23466295e-02	7.51618585e-02
1106            	4.17898871e-02	2.46154458e-21	1.27513836e-01	-6.37569180e-03	-1.14079478e-02	2.08949436e-03	1.45192518e-02	2.72706354e-02	2.08949436e-03	-2.08949436e-03	5.23489702e-02	7.51648658e-02
1107            	4.17912960e-02	2.46176791e-21	1.27519209e-01	-6.37596047e-03	-1.14082872e-02	2.08956480e-03	1.45196875e-02	2.72716085e-02	2.08956480e-03	-2.08956480e-03	5.23513176e-02	7.51678919e-02
1108            	4.17927691e-02	2.46203054e-21	1.27524536e-01	-6.37622680e-03	-1.14086235e-02	2.08963845e-03	1.45201577e-02	2.72726113e-02	2.08963845e-03	-2.08963845e-03	5.23536445e-02	7.51708914e-02
1109            	4.17941798e-02	2.46225162e-21	1.27529899e-01	-6.37649497e-03	-1.14089668e-02	2.08970899e-03	1.45205949e-02	2.72735849e-02	2.08970899e-03	-2.08970899e-03	5.23559829e-02	7.51739165e-02
1110            	4.17956530e-02	2.46251188e-21	1.27535211e-01	-6.37676053e-03	-1.14093066e-02	2.08978265e-03	1.45210660e-02	2.72745871e-02	2.08978265e-03	-2.08978265e-03	5.23582987e-02	7.51769119e-02
1111            	4.17970624e-02	2.46273039e-21	1.27540555e-01	-6.37702775e-03	-1.14096531e-02	2.08985312e-03	1.45215035e-02	2.72755590e-02	2.08985312e-03	-2.08985312e-03	5.23606244e-02	7.51799305e-02
1112            	4.17985336e-02	2.46298801e-21	1.27545845e-01	-6.37729226e-03	-1.14099958e-02	2.08992668e-03	1.45219746e-02	2.72765591e-02	2.08992668e-03	-2.08992668e-03	5.23629268e-02	7.51829184e-02
1113            	4.17999413e-02	2.46320390e-21	1.27551169e-01	-6.37755847e-03	-1.14103453e-02	2.08999707e-03	1.45224122e-02	2.72775291e-02	2.08999707e-03	-2.08999707e-03	5.23652394e-02	7.51859300e-02
1114            	4.18014115e-02	2.46345898e-21	1.27556440e-01	-6.37782202e-03	-1.14106912e-02	2.09007058e-03	1.45228837e-02	2.72785278e-02	2.09007058e-03	-2.09007058e-03	5.23675291e-02	7.51889114e-02
1115            	4.18028188e-02	2.46367234e-21	1.27561746e-01	-6.37808729e-03	-1.14110438e-02	2.09014094e-03	1.45233221e-02	2.72794967e-02	2.09014094e-03	-2.09014094e-03	5.23698292e-02	7.51919167e-02
1116            	4.18042889e-02	2.46392494e-21	1.27566999e-01	-6.37834993e-03	-1.14113928e-02	2.09021445e-03	1.45237945e-02	2.72804944e-02	2.09021445e-03	-2.09021445e-03	5.23721066e-02	7.51948921e-02
1117            	4.18056961e-02	2.46413579e-21	1.27572286e-01	-6.37861432e-03	-1.14117485e-02	2.09028480e-03	1.45242337e-02	2.72814624e-02	2.09028480e-03	-2.09028480e-03	5.23743947e-02	7.51978918e-02
1118            	4.18071661e-02	2.46438591e-21	1.27577522e-01	-6.37887610e-03	-1.14121008e-02	2.09035831e-03	1.45247070e-02	2.72824592e-02	2.09035831e-03	-2.09035831e-03	5.23766602e-02	7.52008617e-02
1119            	4.18085730e-02	2.46459424e-21	1.27582792e-01	-6.37913961e-03	-1.14124597e-02	2.09042865e-03	1.45251469e-02	2.72834261e-02	2.09042865e-03	-2.09042865e-03	5.23789364e-02	7.52038558e-02
1120            	4.18100427e-02	2.46484186e-21	1.27588009e-01	-6.37940047e-03	-1.14128149e-02	2.09050214e-03	1.45256209e-02	2.72844218e-02	2.09050214e-03	-2.09050214e-03	5.23811898e-02	7.52068195e-02
1121            	4.18114491e-02	2.46504767e-21	1.27593260e-01	-6.37966302e-03	-1.14131766e-02	2.09057245e-03	1.45260615e-02	2.72853875e-02	2.09057245e-03	-2.09057245e-03	5.23834536e-02	7.52098067e-02
1122            	4.18129180e-02	2.46529279e-21	1.27598457e-01	-6.37992286e-03	-1.14135344e-02	2.09064590e-03	1.45265361e-02	2.72863818e-02	2.09064590e-03	-2.09064590e-03	5.23856942e-02	7.52127629e-02
1123            	4.18143233e-02	2.46549607e-21	1.27603687e-01	-6.38018434e-03	-1.14138985e-02	2.09071616e-03	1.45269773e-02	2.72873460e-02	2.09071616e-03	-2.09071616e-03	5.23879449e-02	7.52157419e-02
1124            	4.18157909e-02	2.46573869e-21	1.27608861e-01	-6.38044307e-03	-1.14142585e-02	2.09078954e-03	1.45274524e-02	2.72883385e-02	2.09078954e-03	-2.09078954e-03	5.23901722e-02	7.52186891e-02
1125            	4.18171945e-02	2.46593944e-21	1.27614068e-01	-6.38070339e-03	-1.14146246e-02	2.09085973e-03	1.45278939e-02	2.72893006e-02	2.09085973e-03	-2.09085973e-03	5.23924093e-02	7.52216584e-02
1126            	4.18186602e-02	2.46617957e-21	1.27619218e-01	-6.38096090e-03	-1.14149863e-02	2.09093301e-03	1.45283692e-02	2.72902910e-02	2.09093301e-03	-2.09093301e-03	5.23946226e-02	7.52245953e-02
1127            	4.18200616e-02	2.46637781e-21	1.27624399e-01	-6.38121996e-03	-1.14153540e-02	2.09100308e-03	1.45288108e-02	2.72912507e-02	2.09100308e-03	-2.09100308e-03	5.23968455e-02	7.52275536e-02
1128            	4.18215246e-02	2.46661545e-21	1.27629523e-01	-6.38147616e-03	-1.14157172e-02	2.09107623e-03	1.45292862e-02	2.72922385e-02	2.09107623e-03	-2.09107623e-03	5.23990444e-02	7.52304788e-02
1129            	4.18229231e-02	2.46681119e-21	1.27634677e-01	-6.38173386e-03	-1.14160861e-02	2.09114616e-03	1.45297277e-02	2.72931954e-02	2.09114616e-03	-2.09114616e-03	5.24012525e-02	7.52334246e-02
1130            	4.18243828e-02	2.46704634e-21	1.27639772e-01	-6.38198862e-03	-1.14164501e-02	2.09121914e-03	1.45302028e-02	2.72941800e-02	2.09121914e-03	-2.09121914e-03	5.24034361e-02	7.52363363e-02
1131            	4.18257775e-02	2.46723958e-21	1.27644897e-01	-6.38224483e-03	-1.14168196e-02	2.09128888e-03	1.45306439e-02	2.72951336e-02	2.09128888e-03	-2.09128888e-03	5.24056287e-02	7.52392680e-02
1132            	4.18272330e-02	2.46747225e-21	1.27649961e-01	-6.38249805e-03	-1.14171841e-02	2.09136165e-03	1.45311184e-02	2.72961145e-02	2.09136165e-03	-2.09136165e-03	5.24077964e-02	7.52421646e-02
1133            	4.18286230e-02	2.46766300e-21	1.27655053e-01	-6.38275265e-03	-1.14175537e-02	2.09143115e-03	1.45315588e-02	2.72970642e-02	2.09143115e-03	-2.09143115e-03	5.24099728e-02	7.52450802e-02
1134            	4.18300733e-02	2.46789320e-21	1.27660084e-01	-6.38300419e-03	-1.14179181e-02	2.09150367e-03	1.45320325e-02	2.72980408e-02	2.09150367e-03	-2.09150367e-03	5.24121238e-02	7.52479599e-02
1135            	4.18314577e-02	2.46808147e-21	1.27665141e-01	-6.38325705e-03	-1.14182874e-02	2.09157288e-03	1.45324718e-02	2.72989859e-02	2.09157288e-03	-2.09157288e-03	5.24142831e-02	7.52508578e-02
1136            	4.18329018e-02	2.46830922e-21	1.27670135e-01	-6.38350677e-03	-1.14186510e-02	2.09164509e-03	1.45329441e-02	2.72999577e-02	2.09164509e-03	-2.09164509e-03	5.24164166e-02	7.52537187e-02
1137            	4.18342794e-02	2.46849503e-21	1.27675155e-01	-6.38375774e-03	-1.14190194e-02	2.09171397e-03	1.45333820e-02	2.73008975e-02	2.09171397e-03	-2.09171397e-03	5.24185580e-02	7.52565968e-02
1138            	4.18357163e-02	2.46872035e-21	1.27680110e-01	-6.38400551e-03	-1.14193819e-02	2.09178582e-03	1.45338526e-02	2.73018637e-02	2.09178582e-03	-2.09178582e-03	5.24206732e-02	7.52594370e-02
1139            	4.18370863e-02	2.46890373e-21	1.27685090e-01	-6.38425448e-03	-1.14197489e-02	2.09185431e-03	1.45342887e-02	2.73027976e-02	2.09185431e-03	-2.09185431e-03	5.24227959e-02	7.52622937e-02
1140            	4.18385173e-02	2.46912682e-21	1.27690008e-01	-6.38450042e-03	-1.14201101e-02	2.09192587e-03	1.45347582e-02	2.73037591e-02	2.09192587e-03	-2.09192587e-03	5.24248941e-02	7.52651143e-02
1141            	4.18398766e-02	2.46930760e-21	1.27694934e-01	-6.38474672e-03	-1.14204739e-02	2.09199383e-03	1.45351916e-02	2.73046850e-02	2.09199383e-03	-2.09199383e-03	5.24269933e-02	7.52679411e-02
1142            	4.18412963e-02	2.46952816e-21	1.27699799e-01	-6.38498997e-03	-1.14208316e-02	2.09206482e-03	1.45356582e-02	2.73056381e-02	2.09206482e-03	-2.09206482e-03	5.24290680e-02	7.52707313e-02
1143            	4.18426418e-02	2.46970655e-21	1.27704673e-01	-6.38523363e-03	-1.14211918e-02	2.09213209e-03	1.45360873e-02	2.73065545e-02	2.09213209e-03	-2.09213209e-03	5.24311445e-02	7.52735281e-02
1144            	4.18440457e-02	2.46992490e-21	1.27709485e-01	-6.38547426e-03	-1.14215457e-02	2.09220229e-03	1.45365486e-02	2.73074971e-02	2.09220229e-03	-2.09220229e-03	5.24331969e-02	7.52762884e-02
1145            	4.18453750e-02	2.47010109e-21	1.27714307e-01	-6.38571533e-03	-1.14219022e-02	2.09226875e-03	1.45369722e-02	2.73084028e-02	2.09226875e-03	-2.09226875e-03	5.24352511e-02	7.52790555e-02
1146            	4.18467637e-02	2.47031717e-21	1.27719067e-01	-6.38595333e-03	-1.14222526e-02	2.09233818e-03	1.45374285e-02	2.73093352e-02	2.09233818e-03	-2.09233818e-03	5.24372807e-02	7.52817859e-02
1147            	4.18480818e-02	2.47049114e-21	1.27723841e-01	-6.38619206e-03	-1.14226062e-02	2.09240409e-03	1.45378488e-02	2.73102330e-02	2.09240409e-03	-2.09240409e-03	5.24393144e-02	7.52845268e-02
1148            	4.18494604e-02	2.47070497e-21	1.27728554e-01	-6.38642769e-03	-1.14229537e-02	2.09247302e-03	1.45383025e-02	2.73111579e-02	2.09247302e-03	-2.09247302e-03	5.24413232e-02	7.52872306e-02
1149            	4.18507680e-02	2.47087661e-21	1.27733279e-01	-6.38666394e-03	-1.14233041e-02	2.09253840e-03	1.45387201e-02	2.73120479e-02	2.09253840e-03	-2.09253840e-03	5.24433353e-02	7.52899434e-02
1150            	4.18521347e-02	2.47108810e-21	1.27737939e-01	-6.38689693e-03	-1.14236479e-02	2.09260674e-03	1.45391704e-02	2.73129643e-02	2.09260674e-03	-2.09260674e-03	5.24453214e-02	7.52926172e-02
1151            	4.18534289e-02	2.47125743e-21	1.27742609e-01	-6.38713043e-03	-1.14239941e-02	2.09267145e-03	1.45395840e-02	2.73138449e-02	2.09267145e-03	-2.09267145e-03	5.24473101e-02	7.52952984e-02
1152            	4.18547798e-02	2.47146662e-21	1.27747208e-01	-6.38736042e-03	-1.14243332e-02	2.09273899e-03	1.45400295e-02	2.73147503e-02	2.09273899e-03	-2.09273899e-03	5.24492711e-02	7.52979374e-02
1153            	4.18560596e-02	2.47163384e-21	1.27751824e-01	-6.38759119e-03	-1.14246750e-02	2.09280298e-03	1.45404386e-02	2.73156210e-02	2.09280298e-03	-2.09280298e-03	5.24512369e-02	7.53005870e-02
1154            	4.18573950e-02	2.47184096e-21	1.27756367e-01	-6.38781836e-03	-1.14250094e-02	2.09286975e-03	1.45408791e-02	2.73165159e-02	2.09286975e-03	-2.09286975e-03	5.24531742e-02	7.53031930e-02
1155            	4.18586588e-02	2.47200605e-21	1.27760924e-01	-6.38804622e-03	-1.14253465e-02	2.09293294e-03	1.45412832e-02	2.73173756e-02	2.09293294e-03	-2.09293294e-03	5.24551157e-02	7.53058087e-02
1156            	4.18599780e-02	2.47221102e-21	1.27765408e-01	-6.38827042e-03	-1.14256759e-02	2.09299890e-03	1.45417186e-02	2.73182594e-02	2.09299890e-03	-2.09299890e-03	5.24570283e-02	7.53083801e-02
1157            	4.18612254e-02	2.47237395e-21	1.27769906e-01	-6.38849530e-03	-1.14260079e-02	2.09306127e-03	1.45421174e-02	2.73191080e-02	2.09306127e-03	-2.09306127e-03	5.24589451e-02	7.53109609e-02
1158            	4.18625280e-02	2.47257680e-21	1.27774330e-01	-6.38871651e-03	-1.14263323e-02	2.09312640e-03	1.45425475e-02	2.73199805e-02	2.09312640e-03	-2.09312640e-03	5.24608328e-02	7.53134974e-02
1159            	4.18637589e-02	2.47273764e-21	1.27778768e-01	-6.38893839e-03	-1.14266592e-02	2.09318794e-03	1.45429410e-02	2.73208178e-02	2.09318794e-03	-2.09318794e-03	5.24627247e-02	7.53160431e-02
1160            	4.18650458e-02	2.47293852e-21	1.27783135e-01	-6.38915674e-03	-1.14269786e-02	2.09325229e-03	1.45433662e-02	2.73216797e-02	2.09325229e-03	-2.09325229e-03	5.24645888e-02	7.53185461e-02
1161            	4.18662553e-02	2.47309690e-21	1.27787501e-01	-6.38937503e-03	-1.14272993e-02	2.09331277e-03	1.45437526e-02	2.73225027e-02	2.09331277e-03	-2.09331277e-03	5.24664510e-02	7.53210496e-02
1162            	4.18675273e-02	2.47329603e-21	1.27791813e-01	-6.38959065e-03	-1.14276140e-02	2.09337637e-03	1.45441730e-02	2.73233543e-02	2.09337637e-03	-2.09337637e-03	5.24682925e-02	7.53235205e-02
1163            	4.18687206e-02	2.47345253e-21	1.27796122e-01	-6.38980608e-03	-1.14279296e-02	2.09343603e-03	1.45445542e-02	2.73241664e-02	2.09343603e-03	-2.09343603e-03	5.24701312e-02	7.53259904e-02
1164            	4.18699712e-02	2.47364674e-21	1.27800374e-01	-6.39001868e-03	-1.14282393e-02	2.09349856e-03	1.45449669e-02	2.73250043e-02	2.09349856e-03	-2.09349856e-03	5.24719475e-02	7.53284261e-02
1165            	4.18711516e-02	2.47380639e-21	1.27804624e-01	-6.39023121e-03	-1.14285502e-02	2.09355758e-03	1.45453446e-02	2.73258070e-02	2.09355758e-03	-2.09355758e-03	5.24737620e-02	7.53308623e-02
1166            	4.18723831e-02	2.47399490e-21	1.27808818e-01	-6.39044088e-03	-1.14288549e-02	2.09361916e-03	1.45457507e-02	2.73266324e-02	2.09361916e-03	-2.09361916e-03	5.24755539e-02	7.53332637e-02
1167            	4.18735489e-02	2.47415498e-21	1.27813012e-01	-6.39065058e-03	-1.14291608e-02	2.09367744e-03	1.45461239e-02	2.73274250e-02	2.09367744e-03	-2.09367744e-03	5.24773450e-02	7.53356666e-02
1168            	4.18747602e-02	2.47434227e-21	1.27817131e-01	-6.39085657e-03	-1.14294585e-02	2.09373801e-03	1.45465235e-02	2.73282367e-02	2.09373801e-03	-2.09373801e-03	5.24791072e-02	7.53380243e-02
1169            	4.18759009e-02	2.47449644e-21	1.27821251e-01	-6.39106254e-03	-1.14297572e-02	2.09379504e-03	1.45468879e-02	2.73290130e-02	2.09379504e-03	-2.09379504e-03	5.24808682e-02	7.53403825e-02
1170            	4.18770939e-02	2.47468240e-21	1.27825315e-01	-6.39126575e-03	-1.14300500e-02	2.09385469e-03	1.45472812e-02	2.73298127e-02	2.09385469e-03	-2.09385469e-03	5.24826075e-02	7.53427075e-02
1171            	4.18782205e-02	2.47483756e-21	1.27829379e-01	-6.39146894e-03	-1.14303439e-02	2.09391102e-03	1.45476413e-02	2.73305792e-02	2.09391102e-03	-2.09391102e-03	5.24843455e-02	7.53450333e-02
1172            	4.18793953e-02	2.47501939e-21	1.27833385e-01	-6.39166926e-03	-1.14306318e-02	2.09396976e-03	1.45480284e-02	2.73313669e-02	2.09396976e-03	-2.09396976e-03	5.24860608e-02	7.53473244e-02
1173            	4.18805050e-02	2.47517408e-21	1.27837388e-01	-6.39186941e-03	-1.14309204e-02	2.09402525e-03	1.45483831e-02	2.73321219e-02	2.09402525e-03	-2.09402525e-03	5.24877737e-02	7.53496145e-02
1174            	4.18816602e-02	2.47535296e-21	1.27841333e-01	-6.39206663e-03	-1.14312028e-02	2.09408301e-03	1.45487635e-02	2.73328967e-02	2.09408301e-03	-2.09408301e-03	5.24894635e-02	7.53518690e-02
1175            	4.18827518e-02	2.47550638e-21	1.27845274e-01	-6.39226369e-03	-1.14314858e-02	2.09413759e-03	1.45491122e-02	2.73336396e-02	2.09413759e-03	-2.09413759e-03	5.24911510e-02	7.53541227e-02
1176            	4.18838881e-02	2.47568288e-21	1.27849157e-01	-6.39245785e-03	-1.14317627e-02	2.09419440e-03	1.45494862e-02	2.73344019e-02	2.09419440e-03	-2.09419440e-03	5.24928158e-02	7.53563412e-02
1177            	4.18849622e-02	2.47583467e-21	1.27853038e-01	-6.39265191e-03	-1.14320404e-02	2.09424811e-03	1.45498292e-02	2.73351330e-02	2.09424811e-03	-2.09424811e-03	5.24944787e-02	7.53585595e-02
1178            	4.18860804e-02	2.47600903e-21	1.27856862e-01	-6.39284311e-03	-1.14323120e-02	2.09430402e-03	1.45501971e-02	2.73358833e-02	2.09430402e-03	-2.09430402e-03	5.24961191e-02	7.53607431e-02
1179            	4.18871374e-02	2.47615905e-21	1.27860685e-01	-6.39303425e-03	-1.14325846e-02	2.09435687e-03	1.45505344e-02	2.73366030e-02	2.09435687e-03	-2.09435687e-03	5.24977579e-02	7.53629271e-02
1180            	4.18882381e-02	2.47633138e-21	1.27864451e-01	-6.39322254e-03	-1.14328512e-02	2.09441190e-03	1.45508965e-02	2.73373416e-02	2.09441190e-03	-2.09441190e-03	5.24993743e-02	7.53650766e-02
1181            	4.18892780e-02	2.47647956e-21	1.27868216e-01	-6.39341080e-03	-1.14331187e-02	2.09446390e-03	1.45512282e-02	2.73380498e-02	2.09446390e-03	-2.09446390e-03	5.25009893e-02	7.53672267e-02
1182            	4.18903610e-02	2.47664993e-21	1.27871924e-01	-6.39359618e-03	-1.14333801e-02	2.09451805e-03	1.45515843e-02	2.73387767e-02	2.09451805e-03	-2.09451805e-03	5.25025817e-02	7.53693419e-02
1183            	4.18913827e-02	2.47679623e-21	1.27875628e-01	-6.39378141e-03	-1.14336422e-02	2.09456914e-03	1.45519099e-02	2.73394728e-02	2.09456914e-03	-2.09456914e-03	5.25041719e-02	7.53714563e-02
1184            	4.18924464e-02	2.47696463e-21	1.27879273e-01	-6.39396364e-03	-1.14338978e-02	2.09462232e-03	1.45522595e-02	2.73401868e-02	2.09462232e-03	-2.09462232e-03	5.25057386e-02	7.53735342e-02
1185            	4.18934497e-02	2.47710905e-21	1.27882916e-01	-6.39414581e-03	-1.14341543e-02	2.09467249e-03	1.45525790e-02	2.73408707e-02	2.09467249e-03	-2.09467249e-03	5.25073039e-02	7.53756124e-02
1186            	4.18944964e-02	2.47727552e-21	1.27886504e-01	-6.39432518e-03	-1.14344048e-02	2.09472482e-03	1.45529230e-02	2.73415734e-02	2.09472482e-03	-2.09472482e-03	5.25088470e-02	7.53776566e-02
1187            	4.18954841e-02	2.47741806e-21	1.27890093e-01	-6.39450466e-03	-1.14346567e-02	2.09477420e-03	1.45532374e-02	2.73422467e-02	2.09477420e-03	-2.09477420e-03	5.25103899e-02	7.53797034e-02
1188            	4.18965150e-02	2.47758265e-21	1.27893628e-01	-6.39468139e-03	-1.14349028e-02	2.09482575e-03	1.45535761e-02	2.73429389e-02	2.09482575e-03	-2.09482575e-03	5.25119111e-02	7.53817167e-02
1189            	4.18974867e-02	2.47772338e-21	1.27897165e-01	-6.39485825e-03	-1.14351502e-02	2.09487434e-03	1.45538851e-02	2.73436016e-02	2.09487434e-03	-2.09487434e-03	5.25134322e-02	7.53837327e-02
1190            	4.18985012e-02	2.47788614e-21	1.27900646e-01	-6.39503231e-03	-1.14353917e-02	2.09492506e-03	1.45542183e-02	2.73442829e-02	2.09492506e-03	-2.09492506e-03	5.25149315e-02	7.53857148e-02
1191            	4.18994564e-02	2.47802509e-21	1.27904130e-01	-6.39520651e-03	-1.14356344e-02	2.09497282e-03	1.45545217e-02	2.73449347e-02	2.09497282e-03	-2.09497282e-03	5.25164307e-02	7.53876995e-02
1192            	4.19004542e-02	2.47818606e-21	1.27907558e-01	-6.39537790e-03	-1.14358710e-02	2.09502271e-03	1.45548492e-02	2.73456050e-02	2.09502271e-03	-2.09502271e-03	5.25179079e-02	7.53896500e-02
1193            	4.19013932e-02	2.47832327e-21	1.27910989e-01	-6.39554947e-03	-1.14361091e-02	2.09506966e-03	1.45551472e-02	2.73462461e-02	2.09506966e-03	-2.09506966e-03	5.25193856e-02	7.53916038e-02
1194            	4.19023747e-02	2.47848248e-21	1.27914365e-01	-6.39571823e-03	-1.14363411e-02	2.09511874e-03	1.45554691e-02	2.73469056e-02	2.09511874e-03	-2.09511874e-03	5.25208411e-02	7.53935234e-02
1195            	4.19032982e-02	2.47861798e-21	1.27917745e-01	-6.39588724e-03	-1.14365747e-02	2.09516491e-03	1.45557618e-02	2.73475363e-02	2.09516491e-03	-2.09516491e-03	5.25222977e-02	7.53954472e-02
1196            	4.19042638e-02	2.47877545e-21	1.27921069e-01	-6.39605344e-03	-1.14368023e-02	2.09521319e-03	1.45560785e-02	2.73481854e-02	2.09521319e-03	-2.09521319e-03	5.25237321e-02	7.53973367e-02
1197            	4.19051719e-02	2.47890928e-21	1.27924399e-01	-6.39621996e-03	-1.14370315e-02	2.09525859e-03	1.45563660e-02	2.73488059e-02	2.09525859e-03	-2.09525859e-03	5.25251681e-02	7.53992311e-02
1198            	4.19061221e-02	2.47906507e-21	1.27927673e-01	-6.39638365e-03	-1.14372546e-02	2.09530610e-03	1.45566774e-02	2.73494447e-02	2.09530610e-03	-2.09530610e-03	5.25265819e-02	7.54010911e-02
1199            	4.19070184e-02	2.47919875e-21	1.27930955e-01	-6.39654776e-03	-1.14374799e-02	2.09535092e-03	1.45569615e-02	2.73500570e-02	2.09535092e-03	-2.09535092e-03	5.25279978e-02	7.54029575e-02
1200            	4.19079532e-02	2.47935003e-21	1.27934183e-01	-6.39670916e-03	-1.14376993e-02	2.09539766e-03	1.45572675e-02	2.73506858e-02	2.09539766e-03	-2.09539766e-03	5.25293922e-02	7.54047909e-02
1201            	4.19088373e-02	2.47948443e-21	1.27937420e-01	-6.39687098e-03	-1.14379207e-02	2.09544187e-03	1.45575477e-02	2.73512896e-02	2.09544187e-03	-2.09544187e-03	5.25307891e-02	7.54066306e-02
1202            	4.19097557e-02	2.47963244e-21	1.27940600e-01	-6.39703002e-03	-1.14381361e-02	2.09548779e-03	1.45578479e-02	2.73519079e-02	2.09548779e-03	-2.09548779e-03	5.25321640e-02	7.54084363e-02
1203            	4.19106255e-02	2.47976652e-21	1.27943789e-01	-6.39718945e-03	-1.14383533e-02	2.09553128e-03	1.45581233e-02	2.73525022e-02	2.09553128e-03	-2.09553128e-03	5.25335412e-02	7.54102478e-02
1204            	4.19115251e-02	2.47991192e-21	1.27946915e-01	-6.39734577e-03	-1.14385639e-02	2.09557625e-03	1.45584168e-02	2.73531083e-02	2.09557625e-03	-2.09557625e-03	5.25348938e-02	7.54120215e-02
1205            	4.19123829e-02	2.48004540e-21	1.27950063e-01	-6.39750313e-03	-1.14387774e-02	2.09561914e-03	1.45586883e-02	2.73536946e-02	2.09561914e-03	-2.09561914e-03	5.25362540e-02	7.54138087e-02
1206            	4.19132683e-02	2.48018897e-21	1.27953146e-01	-6.39765730e-03	-1.14389841e-02	2.09566342e-03	1.45589769e-02	2.73542915e-02	2.09566342e-03	-2.09566342e-03	5.25375889e-02	7.54155571e-02
1207            	4.19141120e-02	2.48032132e-21	1.27956247e-01	-6.39781236e-03	-1.14391935e-02	2.09570560e-03	1.45592437e-02	2.73548684e-02	2.09570560e-03	-2.09570560e-03	5.25389301e-02	7.54173171e-02
1208            	4.19149823e-02	2.48046306e-21	1.27959284e-01	-6.39796420e-03	-1.14393961e-02	2.09574912e-03	1.45595270e-02	2.73554554e-02	2.09574912e-03	-2.09574912e-03	5.25402458e-02	7.54190381e-02
1209            	4.19158115e-02	2.48059408e-21	1.27962338e-01	-6.39811690e-03	-1.14396014e-02	2.09579057e-03	1.45597888e-02	2.73560226e-02	2.09579057e-03	-2.09579057e-03	5.25415676e-02	7.54207704e-02
1210            	4.19166672e-02	2.48073416e-21	1.27965330e-01	-6.39826648e-03	-1.14398001e-02	2.09583336e-03	1.45600671e-02	2.73566001e-02	2.09583336e-03	-2.09583336e-03	5.25428648e-02	7.54224649e-02
1211            	4.19174825e-02	2.48086389e-21	1.27968339e-01	-6.39841696e-03	-1.14400014e-02	2.09587413e-03	1.45603243e-02	2.73571582e-02	2.09587413e-03	-2.09587413e-03	5.25441682e-02	7.54241711e-02
1212            	4.19183244e-02	2.48100246e-21	1.27971288e-01	-6.39856438e-03	-1.14401963e-02	2.09591622e-03	1.45605978e-02	2.73577266e-02	2.09591622e-03	-2.09591622e-03	5.25454475e-02	7.54258401e-02
1213            	4.19191263e-02	2.48113091e-21	1.27974254e-01	-6.39871271e-03	-1.14403939e-02	2.09595631e-03	1.45608504e-02	2.73582758e-02	2.09595631e-03	-2.09595631e-03	5.25467332e-02	7.54275209e-02
1214            	4.19199546e-02	2.48126802e-21	1.27977160e-01	-6.39885800e-03	-1.14405850e-02	2.09599773e-03	1.45611193e-02	2.73588353e-02	2.09599773e-03	-2.09599773e-03	5.25479949e-02	7.54291650e-02
1215            	4.19207431e-02	2.48139519e-21	1.27980084e-01	-6.39900420e-03	-1.14407788e-02	2.09603716e-03	1.45613674e-02	2.73593758e-02	2.09603716e-03	-2.09603716e-03	5.25492632e-02	7.54308209e-02
1216            	4.19215581e-02	2.48153087e-21	1.27982948e-01	-6.39914739e-03	-1.14409663e-02	2.09607790e-03	1.45616316e-02	2.73599264e-02	2.09607790e-03	-2.09607790e-03	5.25505076e-02	7.54324402e-02
1217            	4.19223335e-02	2.48165674e-21	1.27985830e-01	-6.39929152e-03	-1.14411565e-02	2.09611667e-03	1.45618752e-02	2.73604583e-02	2.09611667e-03	-2.09611667e-03	5.25517587e-02	7.54340717e-02
1218            	4.19231353e-02	2.48179103e-21	1.27988653e-01	-6.39943265e-03	-1.14413403e-02	2.09615676e-03	1.45621350e-02	2.73610003e-02	2.09615676e-03	-2.09615676e-03	5.25529862e-02	7.54356668e-02
1219            	4.19238979e-02	2.48191561e-21	1.27991495e-01	-6.39957474e-03	-1.14415269e-02	2.09619489e-03	1.45623742e-02	2.73615237e-02	2.09619489e-03	-2.09619489e-03	5.25542206e-02	7.54372743e-02
1220            	4.19246869e-02	2.48204853e-21	1.27994277e-01	-6.39971386e-03	-1.14417071e-02	2.09623434e-03	1.45626296e-02	2.73620573e-02	2.09623434e-03	-2.09623434e-03	5.25554315e-02	7.54388458e-02
1221            	4.19254369e-02	2.48217183e-21	1.27997080e-01	-6.39985398e-03	-1.14418903e-02	2.09627185e-03	1.45628645e-02	2.73625724e-02	2.09627185e-03	-2.09627185e-03	5.25566495e-02	7.54404300e-02
1222            	4.19262134e-02	2.48230341e-21	1.27999822e-01	-6.39999112e-03	-1.14420671e-02	2.09631067e-03	1.45631156e-02	2.73630978e-02	2.09631067e-03	-2.09631067e-03	5.25578442e-02	7.54419783e-02
1223            	4.19269511e-02	2.48242545e-21	1.28002586e-01	-6.40012930e-03	-1.14422467e-02	2.09634755e-03	1.45633462e-02	2.73636048e-02	2.09634755e-03	-2.09634755e-03	5.25590463e-02	7.54435397e-02
1224            	4.19277152e-02	2.48255570e-21	1.28005290e-01	-6.40026452e-03	-1.14424201e-02	2.09638576e-03	1.45635931e-02	2.73641221e-02	2.09638576e-03	-2.09638576e-03	5.25602251e-02	7.54450653e-02
1225            	4.19284394e-02	2.48267636e-21	1.28008013e-01	-6.40040067e-03	-1.14425962e-02	2.09642197e-03	1.45638190e-02	2.73646204e-02	2.09642197e-03	-2.09642197e-03	5.25614105e-02	7.54466029e-02
1226            	4.19291932e-02	2.48280551e-21	1.28010684e-01	-6.40053419e-03	-1.14427666e-02	2.09645966e-03	1.45640624e-02	2.73651308e-02	2.09645966e-03	-2.09645966e-03	5.25625753e-02	7.54481085e-02
1227            	4.19299062e-02	2.48292496e-21	1.28013371e-01	-6.40066853e-03	-1.14429395e-02	2.09649531e-03	1.45642846e-02	2.73656216e-02	2.09649531e-03	-2.09649531e-03	5.25637458e-02	7.54496248e-02
1228            	4.19306484e-02	2.48305283e-21	1.28016005e-01	-6.40080023e-03	-1.14431067e-02	2.09653242e-03	1.45645240e-02	2.73661244e-02	2.09653242e-03	-2.09653242e-03	5.25648956e-02	7.54511089e-02
1229            	4.19313498e-02	2.48317105e-21	1.28018655e-01	-6.40093275e-03	-1.14432763e-02	2.09656749e-03	1.45647421e-02	2.73666076e-02	2.09656749e-03	-2.09656749e-03	5.25660512e-02	7.54526038e-02
1230            	4.19320802e-02	2.48329763e-21	1.28021252e-01	-6.40106261e-03	-1.14434402e-02	2.09660401e-03	1.45649775e-02	2.73671027e-02	2.09660401e-03	-2.09660401e-03	5.25671859e-02	7.54540663e-02
1231            	4.19327694e-02	2.48341454e-21	1.28023864e-01	-6.40119318e-03	-1.14436064e-02	2.09663847e-03	1.45651915e-02	2.73675779e-02	2.09663847e-03	-2.09663847e-03	5.25683254e-02	7.54555382e-02
1232            	4.19334897e-02	2.48354001e-21	1.28026429e-01	-6.40132147e-03	-1.14437675e-02	2.09667448e-03	1.45654234e-02	2.73680663e-02	2.09667448e-03	-2.09667448e-03	5.25694472e-02	7.54569822e-02
1233            	4.19341692e-02	2.48365587e-21	1.28029010e-01	-6.40145051e-03	-1.14439310e-02	2.09670846e-03	1.45656341e-02	2.73685351e-02	2.09670846e-03	-2.09670846e-03	5.25705742e-02	7.54584361e-02
1234            	4.19348786e-02	2.48378014e-21	1.28031542e-01	-6.40157711e-03	-1.14440890e-02	2.09674393e-03	1.45658622e-02	2.73690164e-02	2.09674393e-03	-2.09674393e-03	5.25716821e-02	7.54598601e-02
1235            	4.19355470e-02	2.48389479e-21	1.28034089e-01	-6.40170443e-03	-1.14442494e-02	2.09677735e-03	1.45660691e-02	2.73694779e-02	2.09677735e-03	-2.09677735e-03	5.25727950e-02	7.54612937e-02
1236            	4.19362455e-02	2.48401785e-21	1.28036587e-01	-6.40182933e-03	-1.14444044e-02	2.09681227e-03	1.45662934e-02	2.73699521e-02	2.09681227e-03	-2.09681227e-03	5.25738889e-02	7.54626976e-02
1237            	4.19369032e-02	2.48413133e-21	1.28039100e-01	-6.40195498e-03	-1.14445617e-02	2.09684516e-03	1.45664966e-02	2.73704066e-02	2.09684516e-03	-2.09684516e-03	5.25749881e-02	7.54641115e-02
1238            	4.19375915e-02	2.48425324e-21	1.28041565e-01	-6.40207826e-03	-1.14447138e-02	2.09687957e-03	1.45667175e-02	2.73708740e-02	2.09687957e-03	-2.09687957e-03	5.25760689e-02	7.54654964e-02
1239            	4.19382392e-02	2.48436562e-21	1.28044047e-01	-6.40220234e-03	-1.14448682e-02	2.09691196e-03	1.45669173e-02	2.73713219e-02	2.09691196e-03	-2.09691196e-03	5.25771552e-02	7.54668917e-02
1240            	4.19389175e-02	2.48448643e-21	1.28046481e-01	-6.40232407e-03	-1.14450175e-02	2.09694587e-03	1.45671347e-02	2.73717828e-02	2.09694587e-03	-2.09694587e-03	5.25782232e-02	7.54682582e-02
1241            	4.19395555e-02	2.48459773e-21	1.28048932e-01	-6.40244662e-03	-1.14451692e-02	2.09697777e-03	1.45673311e-02	2.73722244e-02	2.09697777e-03	-2.09697777e-03	5.25792970e-02	7.54696353e-02
1242            	4.19402240e-02	2.48471746e-21	1.28051336e-01	-6.40256681e-03	-1.14453156e-02	2.09701120e-03	1.45675452e-02	2.73726788e-02	2.09701120e-03	-2.09701120e-03	5.25803525e-02	7.54709837e-02
1243            	4.19408523e-02	2.48482771e-21	1.28053757e-01	-6.40268785e-03	-1.14454646e-02	2.09704262e-03	1.45677383e-02	2.73731140e-02	2.09704262e-03	-2.09704262e-03	5.25814140e-02	7.54723431e-02
1244            	4.19415112e-02	2.48494639e-21	1.28056131e-01	-6.40280655e-03	-1.14456083e-02	2.09707556e-03	1.45679491e-02	2.73735622e-02	2.09707556e-03	-2.09707556e-03	5.25824572e-02	7.54736738e-02
1245            	4.19421302e-02	2.48505562e-21	1.28058523e-01	-6.40292613e-03	-1.14457546e-02	2.09710651e-03	1.45681390e-02	2.73739912e-02	2.09710651e-03	-2.09710651e-03	5.25835067e-02	7.54750159e-02
1246            	4.19427799e-02	2.48517329e-21	1.28060867e-01	-6.40304337e-03	-1.14458957e-02	2.09713899e-03	1.45683466e-02	2.73744333e-02	2.09713899e-03	-2.09713899e-03	5.25845380e-02	7.54763294e-02
1247            	4.19433898e-02	2.48528153e-21	1.28063231e-01	-6.40316154e-03	-1.14460394e-02	2.09716949e-03	1.45685334e-02	2.73748565e-02	2.09716949e-03	-2.09716949e-03	5.25855760e-02	7.54776549e-02
1248            	4.19440305e-02	2.48539822e-21	1.28065548e-01	-6.40327738e-03	-1.14461780e-02	2.09720153e-03	1.45687379e-02	2.73752927e-02	2.09720153e-03	-2.09720153e-03	5.25865958e-02	7.54789519e-02
1249            	4.19446317e-02	2.48550551e-21	1.28067883e-01	-6.40339417e-03	-1.14463193e-02	2.09723159e-03	1.45689217e-02	2.73757100e-02	2.09723159e-03	-2.09723159e-03	5.25876224e-02	7.54802610e-02
1250            	4.19452638e-02	2.48562125e-21	1.28070173e-01	-6.40350865e-03	-1.14464555e-02	2.09726319e-03	1.45691233e-02	2.73761406e-02	2.09726319e-03	-2.09726319e-03	5.25886310e-02	7.54815419e-02
1251            	4.19458566e-02	2.48572760e-21	1.28072482e-01	-6.40362410e-03	-1.14465944e-02	2.09729283e-03	1.45693042e-02	2.73765524e-02	2.09729283e-03	-2.09729283e-03	5.25896466e-02	7.54828354e-02
1252            	4.19464804e-02	2.48584242e-21	1.28074745e-01	-6.40373725e-03	-1.14467282e-02	2.09732402e-03	1.45695029e-02	2.73769774e-02	2.09732402e-03	-2.09732402e-03	5.25906443e-02	7.54841007e-02
1253            	4.19470650e-02	2.48594787e-21	1.28077028e-01	-6.40385142e-03	-1.14468649e-02	2.09735325e-03	1.45696811e-02	2.73773839e-02	2.09735325e-03	-2.09735325e-03	5.25916493e-02	7.54853790e-02
1254            	4.19476808e-02	2.48606180e-21	1.28079266e-01	-6.40396330e-03	-1.14469965e-02	2.09738404e-03	1.45698771e-02	2.73778037e-02	2.09738404e-03	-2.09738404e-03	5.25926365e-02	7.54866295e-02
1255            	4.19482575e-02	2.48616636e-21	1.28081524e-01	-6.40407622e-03	-1.14471310e-02	2.09741288e-03	1.45700525e-02	2.73782050e-02	2.09741288e-03	-2.09741288e-03	5.25936312e-02	7.54878933e-02
1256            	4.19488655e-02	2.48627943e-21	1.28083737e-01	-6.40418687e-03	-1.14472606e-02	2.09744328e-03	1.45702459e-02	2.73786196e-02	2.09744328e-03	-2.09744328e-03	5.25946082e-02	7.54891293e-02
1257            	4.19494347e-02	2.48638314e-21	1.28085972e-01	-6.40429859e-03	-1.14473931e-02	2.09747173e-03	1.45704187e-02	2.73790159e-02	2.09747173e-03	-2.09747173e-03	5.25955928e-02	7.54903790e-02
1258            	4.19500351e-02	2.48649536e-21	1.28088161e-01	-6.40440805e-03	-1.14475206e-02	2.09750176e-03	1.45706095e-02	2.73794256e-02	2.09750176e-03	-2.09750176e-03	5.25965599e-02	7.54916011e-02
1259            	4.19505969e-02	2.48659824e-21	1.28090372e-01	-6.40451860e-03	-1.14476511e-02	2.09752984e-03	1.45707798e-02	2.73798170e-02	2.09752984e-03	-2.09752984e-03	5.25975348e-02	7.54928371e-02
1260            	4.19511901e-02	2.48670964e-21	1.28092538e-01	-6.40462690e-03	-1.14477768e-02	2.09755950e-03	1.45709681e-02	2.73802219e-02	2.09755950e-03	-2.09755950e-03	5.25984923e-02	7.54940458e-02
1261            	4.19517446e-02	2.48681169e-21	1.28094726e-01	-6.40473632e-03	-1.14479054e-02	2.09758723e-03	1.45711360e-02	2.73806086e-02	2.09758723e-03	-2.09758723e-03	5.25994578e-02	7.54952686e-02
1262            	4.19523306e-02	2.48692229e-21	1.28096870e-01	-6.40484350e-03	-1.14480292e-02	2.09761653e-03	1.45713218e-02	2.73810088e-02	2.09761653e-03	-2.09761653e-03	5.26004058e-02	7.54964643e-02
1263            	4.19528782e-02	2.48702354e-21	1.28099037e-01	-6.40495183e-03	-1.14481562e-02	2.09764391e-03	1.45714873e-02	2.73813909e-02	2.09764391e-03	-2.09764391e-03	5.26013621e-02	7.54976745e-02
1264            	4.19534576e-02	2.48713335e-21	1.28101159e-01	-6.40505794e-03	-1.14482783e-02	2.09767288e-03	1.45716708e-02	2.73817867e-02	2.09767288e-03	-2.09767288e-03	5.26023012e-02	7.54988577e-02
1265            	4.19539986e-02	2.48723380e-21	1.28103304e-01	-6.40516522e-03	-1.14484036e-02	2.09769993e-03	1.45718341e-02	2.73821645e-02	2.09769993e-03	-2.09769993e-03	5.26032487e-02	7.55000558e-02
1266            	4.19545715e-02	2.48734281e-21	1.28105406e-01	-6.40527030e-03	-1.14485241e-02	2.09772857e-03	1.45720154e-02	2.73825560e-02	2.09772857e-03	-2.09772857e-03	5.26041789e-02	7.55012271e-02
1267            	4.19551062e-02	2.48744247e-21	1.28107531e-01	-6.40537657e-03	-1.14486479e-02	2.09775531e-03	1.45721765e-02	2.73829297e-02	2.09775531e-03	-2.09775531e-03	5.26051179e-02	7.55024136e-02
1268            	4.19556730e-02	2.48755070e-21	1.28109613e-01	-6.40548066e-03	-1.14487669e-02	2.09778365e-03	1.45723558e-02	2.73833172e-02	2.09778365e-03	-2.09778365e-03	5.26060397e-02	7.55035735e-02
1269            	4.19562018e-02	2.48764957e-21	1.28111719e-01	-6.40558597e-03	-1.14488893e-02	2.09781009e-03	1.45725149e-02	2.73836869e-02	2.09781009e-03	-2.09781009e-03	5.26069703e-02	7.55047490e-02
1270            	4.19567627e-02	2.48775701e-21	1.28113782e-01	-6.40568910e-03	-1.14490070e-02	2.09783814e-03	1.45726923e-02	2.73840705e-02	2.09783814e-03	-2.09783814e-03	5.26078840e-02	7.55058979e-02
1271            	4.19572859e-02	2.48785509e-21	1.28115869e-01	-6.40579347e-03	-1.14491281e-02	2.09786429e-03	1.45728495e-02	2.73844364e-02	2.09786429e-03	-2.09786429e-03	5.26088066e-02	7.55070628e-02
1272            	4.19578413e-02	2.48796175e-21	1.28117914e-01	-6.40589568e-03	-1.14492445e-02	2.09789207e-03	1.45730250e-02	2.73848164e-02	2.09789207e-03	-2.09789207e-03	5.26097123e-02	7.55082013e-02
1273            	4.19583591e-02	2.48805904e-21	1.28119983e-01	-6.40599917e-03	-1.14493644e-02	2.09791796e-03	1.45731804e-02	2.73851787e-02	2.09791796e-03	-2.09791796e-03	5.26106273e-02	7.55093561e-02
1274            	4.19589094e-02	2.48816492e-21	1.28122010e-01	-6.40610050e-03	-1.14494796e-02	2.09794547e-03	1.45733542e-02	2.73855552e-02	2.09794547e-03	-2.09794547e-03	5.26115254e-02	7.55104846e-02
1275            	4.19594221e-02	2.48826143e-21	1.28124062e-01	-6.40620312e-03	-1.14495984e-02	2.09797111e-03	1.45735079e-02	2.73859142e-02	2.09797111e-03	-2.09797111e-03	5.26124329e-02	7.55116296e-02
1276            	4.19599674e-02	2.48836654e-21	1.28126072e-01	-6.40630360e-03	-1.14497125e-02	2.09799837e-03	1.45736801e-02	2.73862873e-02	2.09799837e-03	-2.09799837e-03	5.26133235e-02	7.55127485e-02
1277            	4.19604754e-02	2.48846227e-21	1.28128108e-01	-6.40640540e-03	-1.14498302e-02	2.09802377e-03	1.45738323e-02	2.73866431e-02	2.09802377e-03	-2.09802377e-03	5.26142238e-02	7.55138842e-02
1278            	4.19610161e-02	2.48856660e-21	1.28130101e-01	-6.40650506e-03	-1.14499433e-02	2.09805080e-03	1.45740030e-02	2.73870131e-02	2.09805080e-03	-2.09805080e-03	5.26151073e-02	7.55149940e-02
1279            	4.19615195e-02	2.48866156e-21	1.28132121e-01	-6.40660606e-03	-1.14500601e-02	2.09807597e-03	1.45741537e-02	2.73873658e-02	2.09807597e-03	-2.09807597e-03	5.26160006e-02	7.55161207e-02
1280            	4.19620558e-02	2.48876514e-21	1.28134099e-01	-6.40670494e-03	-1.14501722e-02	2.09810279e-03	1.45743230e-02	2.73877328e-02	2.09810279e-03	-2.09810279e-03	5.26168772e-02	7.55172217e-02
1281            	4.19625549e-02	2.48885933e-21	1.28136103e-01	-6.40680517e-03	-1.14502881e-02	2.09812775e-03	1.45744723e-02	2.73880826e-02	2.09812775e-03	-2.09812775e-03	5.26177636e-02	7.55183398e-02
1282            	4.19630871e-02	2.48896215e-21	1.28138066e-01	-6.40690329e-03	-1.14503994e-02	2.09815435e-03	1.45746402e-02	2.73884468e-02	2.09815435e-03	-2.09815435e-03	5.26186335e-02	7.55194323e-02
1283            	4.19635821e-02	2.48905559e-21	1.28140055e-01	-6.40700277e-03	-1.14505143e-02	2.09817910e-03	1.45747883e-02	2.73887938e-02	2.09817910e-03	-2.09817910e-03	5.26195134e-02	7.55205420e-02
1284            	4.19641103e-02	2.48915768e-21	1.28142003e-01	-6.40710015e-03	-1.14506248e-02	2.09820551e-03	1.45749550e-02	2.73891553e-02	2.09820551e-03	-2.09820551e-03	5.26203768e-02	7.55216263e-02
1285            	4.19646014e-02	2.48925038e-21	1.28143978e-01	-6.40719890e-03	-1.14507389e-02	2.09823007e-03	1.45751018e-02	2.73894996e-02	2.09823007e-03	-2.09823007e-03	5.26212501e-02	7.55227279e-02
1286            	4.19651258e-02	2.48935173e-21	1.28145911e-01	-6.40729557e-03	-1.14508485e-02	2.09825629e-03	1.45752673e-02	2.73898585e-02	2.09825629e-03	-2.09825629e-03	5.26221072e-02	7.55238043e-02
1287            	4.19656131e-02	2.48944370e-21	1.28147872e-01	-6.40739361e-03	-1.14509619e-02	2.09828065e-03	1.45754129e-02	2.73902002e-02	2.09828065e-03	-2.09828065e-03	5.26229742e-02	7.55248980e-02
1288            	4.19661339e-02	2.48954435e-21	1.28149792e-01	-6.40748958e-03	-1.14510708e-02	2.09830669e-03	1.45755773e-02	2.73905565e-02	2.09830669e-03	-2.09830669e-03	5.26238250e-02	7.55259666e-02
1289            	4.19666176e-02	2.48963560e-21	1.28151739e-01	-6.40758693e-03	-1.14511834e-02	2.09833088e-03	1.45757219e-02	2.73908957e-02	2.09833088e-03	-2.09833088e-03	5.26246859e-02	7.55270526e-02
1290            	4.19671348e-02	2.48973555e-21	1.28153644e-01	-6.40768221e-03	-1.14512915e-02	2.09835674e-03	1.45758852e-02	2.73912496e-02	2.09835674e-03	-2.09835674e-03	5.26255306e-02	7.55281136e-02
1291            	4.19676150e-02	2.48982610e-21	1.28155577e-01	-6.40777887e-03	-1.14514033e-02	2.09838075e-03	1.45760286e-02	2.73915864e-02	2.09838075e-03	-2.09838075e-03	5.26263854e-02	7.55291920e-02
1292            	4.19681288e-02	2.48992537e-21	1.28157470e-01	-6.40787348e-03	-1.14515107e-02	2.09840644e-03	1.45761909e-02	2.73919379e-02	2.09840644e-03	-2.09840644e-03	5.26272241e-02	7.55302456e-02
1293            	4.19686055e-02	2.49001523e-21	1.28159389e-01	-6.40796947e-03	-1.14516218e-02	2.09843028e-03	1.45763333e-02	2.73922722e-02	2.09843028e-03	-2.09843028e-03	5.26280729e-02	7.55313165e-02
1294            	4.19691160e-02	2.49011382e-21	1.28161268e-01	-6.40806342e-03	-1.14517285e-02	2.09845580e-03	1.45764946e-02	2.73926214e-02	2.09845580e-03	-2.09845580e-03	5.26289057e-02	7.55323627e-02
1295            	4.19695894e-02	2.49020300e-21	1.28163175e-01	-6.40815874e-03	-1.14518389e-02	2.09847947e-03	1.45766359e-02	2.73929534e-02	2.09847947e-03	-2.09847947e-03	5.26297485e-02	7.55334263e-02
1296            	4.19700965e-02	2.49030093e-21	1.28165041e-01	-6.40825203e-03	-1.14519449e-02	2.09850483e-03	1.45767962e-02	2.73933003e-02	2.09850483e-03	-2.09850483e-03	5.26305754e-02	7.55344651e-02
1297            	4.19705665e-02	2.49038944e-21	1.28166934e-01	-6.40834668e-03	-1.14520545e-02	2.09852833e-03	1.45769366e-02	2.73936300e-02	2.09852833e-03	-2.09852833e-03	5.26314123e-02	7.55355214e-02
1298            	4.19710704e-02	2.49048673e-21	1.28168786e-01	-6.40843932e-03	-1.14521598e-02	2.09855352e-03	1.45770959e-02	2.73939745e-02	2.09855352e-03	-2.09855352e-03	5.26322334e-02	7.55365530e-02
1299            	4.19715371e-02	2.49057458e-21	1.28170666e-01	-6.40853332e-03	-1.14522687e-02	2.09857686e-03	1.45772352e-02	2.73943019e-02	2.09857686e-03	-2.09857686e-03	5.26330645e-02	7.55376019e-02
1300            	4.19720378e-02	2.49067122e-21	1.28172506e-01	-6.40862530e-03	-1.14523733e-02	2.09860189e-03	1.45773936e-02	2.73946442e-02	2.09860189e-03	-2.09860189e-03	5.26338798e-02	7.55386263e-02
1301            	4.19725011e-02	2.49075843e-21	1.28174373e-01	-6.40871865e-03	-1.14524815e-02	2.09862506e-03	1.45775319e-02	2.73949692e-02	2.09862506e-03	-2.09862506e-03	5.26347050e-02	7.55396679e-02
1302            	4.19729961e-02	2.49085422e-21	1.28176193e-01	-6.40880965e-03	-1.14525848e-02	2.09864981e-03	1.45776884e-02	2.73953077e-02	2.09864981e-03	-2.09864981e-03	5.26355117e-02	7.55406812e-02
1303            	4.19734586e-02	2.49094103e-21	1.28178053e-01	-6.40890266e-03	-1.14526928e-02	2.09867293e-03	1.45778267e-02	2.73956320e-02	2.09867293e-03	-2.09867293e-03	5.26363338e-02	7.55417195e-02
1304            	4.19739517e-02	2.49103635e-21	1.28179864e-01	-6.40899320e-03	-1.14527957e-02	2.09869759e-03	1.45779827e-02	2.73959691e-02	2.09869759e-03	-2.09869759e-03	5.26371363e-02	7.55427277e-02
1305            	4.19744109e-02	2.49112253e-21	1.28181712e-01	-6.40908559e-03	-1.14529031e-02	2.09872054e-03	1.45781198e-02	2.73962910e-02	2.09872054e-03	-2.09872054e-03	5.26379528e-02	7.55437590e-02
1306            	4.19748997e-02	2.49121714e-21	1.28183509e-01	-6.40917545e-03	-1.14530052e-02	2.09874499e-03	1.45782744e-02	2.73966253e-02	2.09874499e-03	-2.09874499e-03	5.26387492e-02	7.55447597e-02
1307            	4.19753551e-02	2.49130260e-21	1.28185343e-01	-6.40926717e-03	-1.14531119e-02	2.09876776e-03	1.45784104e-02	2.73969447e-02	2.09876776e-03	-2.09876776e-03	5.26395597e-02	7.55457836e-02
1308            	4.19758417e-02	2.49139654e-21	1.28187128e-01	-6.40935642e-03	-1.14532136e-02	2.09879209e-03	1.45785644e-02	2.73972773e-02	2.09879209e-03	-2.09879209e-03	5.26403506e-02	7.55467777e-02
1309            	4.19762958e-02	2.49148134e-21	1.28188952e-01	-6.40944760e-03	-1.14533199e-02	2.09881479e-03	1.45787003e-02	2.73975955e-02	2.09881479e-03	-2.09881479e-03	5.26411561e-02	7.55477960e-02
1310            	4.19767812e-02	2.49157467e-21	1.28190727e-01	-6.40953634e-03	-1.14534212e-02	2.09883906e-03	1.45788543e-02	2.73979270e-02	2.09883906e-03	-2.09883906e-03	5.26419422e-02	7.55487846e-02
1311            	4.19772334e-02	2.49165887e-21	1.28192539e-01	-6.40962696e-03	-1.14535270e-02	2.09886167e-03	1.45789897e-02	2.73982436e-02	2.09886167e-03	-2.09886167e-03	5.26427426e-02	7.55497967e-02
1312            	4.19777159e-02	2.49175160e-21	1.28194302e-01	-6.40971508e-03	-1.14536276e-02	2.09888580e-03	1.45791429e-02	2.73985730e-02	2.09888580e-03	-2.09888580e-03	5.26435233e-02	7.55507784e-02
1313            	4.19781645e-02	2.49183518e-21	1.28196101e-01	-6.40980503e-03	-1.14537325e-02	2.09890822e-03	1.45792772e-02	2.73988873e-02	2.09890822e-03	-2.09890822e-03	5.26443178e-02	7.55517828e-02
1314            	4.19786433e-02	2.49192732e-21	1.28197849e-01	-6.40989247e-03	-1.14538321e-02	2.09893216e-03	1.45794292e-02	2.73992141e-02	2.09893216e-03	-2.09893216e-03	5.26450926e-02	7.55527568e-02
1315            	4.19790880e-02	2.49201028e-21	1.28199634e-01	-6.40998172e-03	-1.14539361e-02	2.09895440e-03	1.45795623e-02	2.73995257e-02	2.09895440e-03	-2.09895440e-03	5.26458811e-02	7.55537533e-02
1316            	4.19795633e-02	2.49210182e-21	1.28201370e-01	-6.41006848e-03	-1.14540348e-02	2.09897816e-03	1.45797132e-02	2.73998501e-02	2.09897816e-03	-2.09897816e-03	5.26466500e-02	7.55547196e-02
1317            	4.19800045e-02	2.49218417e-21	1.28203141e-01	-6.41015706e-03	-1.14541379e-02	2.09900023e-03	1.45798452e-02	2.74001593e-02	2.09900023e-03	-2.09900023e-03	5.26474328e-02	7.55557085e-02
1318            	4.19804764e-02	2.49227512e-21	1.28204863e-01	-6.41024317e-03	-1.14542357e-02	2.09902382e-03	1.45799950e-02	2.74004814e-02	2.09902382e-03	-2.09902382e-03	5.26481960e-02	7.55566674e-02
1319            	4.19809142e-02	2.49235687e-21	1.28206622e-01	-6.41033109e-03	-1.14543379e-02	2.09904571e-03	1.45801260e-02	2.74007882e-02	2.09904571e-03	-2.09904571e-03	5.26489731e-02	7.55576488e-02
1320            	4.19813827e-02	2.49244724e-21	1.28208331e-01	-6.41041654e-03	-1.14544348e-02	2.09906914e-03	1.45802748e-02	2.74011079e-02	2.09906914e-03	-2.09906914e-03	5.26497306e-02	7.55586002e-02
1321            	4.19818171e-02	2.49252840e-21	1.28210076e-01	-6.41050379e-03	-1.14545361e-02	2.09909085e-03	1.45804047e-02	2.74014123e-02	2.09909085e-03	-2.09909085e-03	5.26505019e-02	7.55595740e-02
1322            	4.19822820e-02	2.49261818e-21	1.28211771e-01	-6.41058857e-03	-1.14546320e-02	2.09911410e-03	1.45805524e-02	2.74017296e-02	2.09911410e-03	-2.09911410e-03	5.26512537e-02	7.55605177e-02
1323            	4.19827127e-02	2.49269876e-21	1.28213503e-01	-6.41067514e-03	-1.14547323e-02	2.09913564e-03	1.45806812e-02	2.74020315e-02	2.09913564e-03	-2.09913564e-03	5.26520191e-02	7.55614837e-02
1324            	4.19831741e-02	2.49278797e-21	1.28215185e-01	-6.41075924e-03	-1.14548272e-02	2.09915870e-03	1.45808278e-02	2.74023463e-02	2.09915870e-03	-2.09915870e-03	5.26527651e-02	7.55624196e-02
1325            	4.19836011e-02	2.49286797e-21	1.28216902e-01	-6.41084512e-03	-1.14549265e-02	2.09918005e-03	1.45809554e-02	2.74026457e-02	2.09918005e-03	-2.09918005e-03	5.26535248e-02	7.55633777e-02
1326            	4.19840588e-02	2.49295663e-21	1.28218571e-01	-6.41092853e-03	-1.14550204e-02	2.09920294e-03	1.45811008e-02	2.74029579e-02	2.09920294e-03	-2.09920294e-03	5.26542650e-02	7.55643057e-02
1327            	4.19844821e-02	2.49303606e-21	1.28220275e-01	-6.41101373e-03	-1.14551185e-02	2.09922410e-03	1.45812273e-02	2.74032548e-02	2.09922410e-03	-2.09922410e-03	5.26550188e-02	7.55652558e-02
1328            	4.19849360e-02	2.49312415e-21	1.28221929e-01	-6.41109645e-03	-1.14552113e-02	2.09924680e-03	1.45813716e-02	2.74035645e-02	2.09924680e-03	-2.09924680e-03	5.26557532e-02	7.55661758e-02
1329            	4.19853556e-02	2.49320303e-21	1.28223619e-01	-6.41118095e-03	-1.14553083e-02	2.09926778e-03	1.45814968e-02	2.74038587e-02	2.09926778e-03	-2.09926778e-03	5.26565012e-02	7.55671179e-02
1330            	4.19858058e-02	2.49329058e-21	1.28225260e-01	-6.41126299e-03	-1.14554000e-02	2.09929029e-03	1.45816399e-02	2.74041659e-02	2.09929029e-03	-2.09929029e-03	5.26572299e-02	7.55680298e-02
1331            	4.19862214e-02	2.49336890e-21	1.28226936e-01	-6.41134679e-03	-1.14554958e-02	2.09931107e-03	1.45817639e-02	2.74044575e-02	2.09931107e-03	-2.09931107e-03	5.26579721e-02	7.55689637e-02
1332            	4.19866678e-02	2.49345592e-21	1.28228562e-01	-6.41142812e-03	-1.14555863e-02	2.09933339e-03	1.45819058e-02	2.74047620e-02	2.09933339e-03	-2.09933339e-03	5.26586949e-02	7.55698675e-02
1333            	4.19870796e-02	2.49353371e-21	1.28230224e-01	-6.41151122e-03	-1.14556809e-02	2.09935398e-03	1.45820286e-02	2.74050510e-02	2.09935398e-03	-2.09935398e-03	5.26594313e-02	7.55707932e-02
1334            	4.19875221e-02	2.49362020e-21	1.28231837e-01	-6.41159185e-03	-1.14557702e-02	2.09937610e-03	1.45821692e-02	2.74053529e-02	2.09937610e-03	-2.09937610e-03	5.26601484e-02	7.55716887e-02
1335            	4.19879298e-02	2.49369746e-21	1.28233485e-01	-6.41167425e-03	-1.14558636e-02	2.09939649e-03	1.45822907e-02	2.74056392e-02	2.09939649e-03	-2.09939649e-03	5.26608789e-02	7.55726061e-02
1336            	4.19883683e-02	2.49378344e-21	1.28235084e-01	-6.41175418e-03	-1.14559516e-02	2.09941842e-03	1.45824300e-02	2.74059384e-02	2.09941842e-03	-2.09941842e-03	5.26615902e-02	7.55734933e-02
1337            	4.19887721e-02	2.49386018e-21	1.28236717e-01	-6.41183586e-03	-1.14560437e-02	2.09943860e-03	1.45825502e-02	2.74062219e-02	2.09943860e-03	-2.09943860e-03	5.26623150e-02	7.55744023e-02
1338            	4.19892065e-02	2.49394566e-21	1.28238302e-01	-6.41191509e-03	-1.14561303e-02	2.09946033e-03	1.45826882e-02	2.74065184e-02	2.09946033e-03	-2.09946033e-03	5.26630205e-02	7.55752812e-02
1339            	4.19896062e-02	2.49402189e-21	1.28239921e-01	-6.41199606e-03	-1.14562211e-02	2.09948031e-03	1.45828070e-02	2.74067991e-02	2.09948031e-03	-2.09948031e-03	5.26637395e-02	7.55761817e-02
1340            	4.19900365e-02	2.49410688e-21	1.28241491e-01	-6.41207457e-03	-1.14563065e-02	2.09950183e-03	1.45829437e-02	2.74070928e-02	2.09950183e-03	-2.09950183e-03	5.26644392e-02	7.55770522e-02
1341            	4.19904320e-02	2.49418261e-21	1.28243097e-01	-6.41215483e-03	-1.14563959e-02	2.09952160e-03	1.45830611e-02	2.74073708e-02	2.09952160e-03	-2.09952160e-03	5.26651524e-02	7.55779443e-02
1342            	4.19908582e-02	2.49426712e-21	1.28244653e-01	-6.41223264e-03	-1.14564799e-02	2.09954291e-03	1.45831964e-02	2.74076617e-02	2.09954291e-03	-2.09954291e-03	5.26658465e-02	7.55788063e-02
1343            	4.19912494e-02	2.49434236e-21	1.28246244e-01	-6.41231219e-03	-1.14565680e-02	2.09956247e-03	1.45833125e-02	2.74079369e-02	2.09956247e-03	-2.09956247e-03	5.26665539e-02	7.55796899e-02
1344            	4.19916714e-02	2.49442639e-21	1.28247786e-01	-6.41238929e-03	-1.14566506e-02	2.09958357e-03	1.45834464e-02	2.74082250e-02	2.09958357e-03	-2.09958357e-03	5.26672423e-02	7.55805435e-02
1345            	4.19920584e-02	2.49450115e-21	1.28249362e-01	-6.41246812e-03	-1.14567372e-02	2.09960292e-03	1.45835611e-02	2.74084973e-02	2.09960292e-03	-2.09960292e-03	5.26679440e-02	7.55814185e-02
1346            	4.19924760e-02	2.49458472e-21	1.28250890e-01	-6.41254450e-03	-1.14568185e-02	2.09962380e-03	1.45836935e-02	2.74087825e-02	2.09962380e-03	-2.09962380e-03	5.26686266e-02	7.55822635e-02
1347            	4.19928586e-02	2.49465902e-21	1.28252452e-01	-6.41262262e-03	-1.14569037e-02	2.09964293e-03	1.45838067e-02	2.74090519e-02	2.09964293e-03	-2.09964293e-03	5.26693225e-02	7.55831298e-02
1348            	4.19932720e-02	2.49474213e-21	1.28253966e-01	-6.41269829e-03	-1.14569835e-02	2.09966360e-03	1.45839377e-02	2.74093343e-02	2.09966360e-03	-2.09966360e-03	5.26699995e-02	7.55839664e-02
1349            	4.19936502e-02	2.49481596e-21	1.28255514e-01	-6.41277571e-03	-1.14570673e-02	2.09968251e-03	1.45840494e-02	2.74096008e-02	2.09968251e-03	-2.09968251e-03	5.26706898e-02	7.55848244e-02
1350            	4.19940594e-02	2.49489861e-21	1.28257014e-01	-6.41285069e-03	-1.14571457e-02	2.09970297e-03	1.45841790e-02	2.74098804e-02	2.09970297e-03	-2.09970297e-03	5.26713612e-02	7.55856526e-02
1351            	4.19944333e-02	2.49497198e-21	1.28258548e-01	-6.41292741e-03	-1.14572282e-02	2.09972167e-03	1.45842893e-02	2.74101441e-02	2.09972167e-03	-2.09972167e-03	5.26720459e-02	7.55865023e-02
1352            	4.19948382e-02	2.49505419e-21	1.28260034e-01	-6.41300170e-03	-1.14573052e-02	2.09974191e-03	1.45844174e-02	2.74104208e-02	2.09974191e-03	-2.09974191e-03	5.26727118e-02	7.55873222e-02
1353            	4.19952079e-02	2.49512711e-21	1.28261555e-01	-6.41307773e-03	-1.14573863e-02	2.09976039e-03	1.45845262e-02	2.74106817e-02	2.09976039e-03	-2.09976039e-03	5.26733910e-02	7.55881636e-02
1354            	4.19956084e-02	2.49520888e-21	1.28263027e-01	-6.41315134e-03	-1.14574619e-02	2.09978042e-03	1.45846529e-02	2.74109556e-02	2.09978042e-03	-2.09978042e-03	5.26740514e-02	7.55889753e-02
1355            	4.19959738e-02	2.49528135e-21	1.28264534e-01	-6.41322668e-03	-1.14575416e-02	2.09979869e-03	1.45847602e-02	2.74112136e-02	2.09979869e-03	-2.09979869e-03	5.26747252e-02	7.55898084e-02
1356            	4.19963701e-02	2.49536269e-21	1.28265992e-01	-6.41329961e-03	-1.14576159e-02	2.09981850e-03	1.45848854e-02	2.74114847e-02	2.09981850e-03	-2.09981850e-03	5.26753802e-02	7.55906120e-02
1357            	4.19967306e-02	2.49543464e-21	1.28267483e-01	-6.41337414e-03	-1.14576940e-02	2.09983653e-03	1.45849912e-02	2.74117395e-02	2.09983653e-03	-2.09983653e-03	5.26760474e-02	7.55914354e-02
1358            	4.19971232e-02	2.49551560e-21	1.28268930e-01	-6.41344651e-03	-1.14577672e-02	2.09985616e-03	1.45851151e-02	2.74120081e-02	2.09985616e-03	-2.09985616e-03	5.26766980e-02	7.55922323e-02
1359            	4.19974806e-02	2.49558726e-21	1.28270412e-01	-6.41352062e-03	-1.14578443e-02	2.09987403e-03	1.45852197e-02	2.74122609e-02	2.09987403e-03	-2.09987403e-03	5.26773618e-02	7.55930505e-02
1360            	4.19978688e-02	2.49566778e-21	1.28271846e-01	-6.41359229e-03	-1.14579161e-02	2.09989344e-03	1.45853421e-02	2.74125267e-02	2.09989344e-03	-2.09989344e-03	5.26780068e-02	7.55938390e-02
1361            	4.19982193e-02	2.49573865e-21	1.28273307e-01	-6.41366535e-03	-1.14579913e-02	2.09991096e-03	1.45854443e-02	2.74127750e-02	2.09991096e-03	-2.09991096e-03	5.26786621e-02	7.55946448e-02
1362            	4.19986054e-02	2.49581899e-21	1.28274733e-01	-6.41373664e-03	-1.14580623e-02	2.09993027e-03	1.45855661e-02	2.74130393e-02	2.09993027e-03	-2.09993027e-03	5.26793041e-02	7.55954287e-02
1363            	4.19989528e-02	2.49588952e-21	1.28276184e-01	-6.41380920e-03	-1.14581365e-02	2.09994764e-03	1.45856672e-02	2.74132856e-02	2.09994764e-03	-2.09994764e-03	5.26799554e-02	7.55962285e-02
1364            	4.19993350e-02	2.49596944e-21	1.28277598e-01	-6.41387988e-03	-1.14582063e-02	2.09996675e-03	1.45857876e-02	2.74135474e-02	2.09996675e-03	-2.09996675e-03	5.26805925e-02	7.55970052e-02
1365            	4.19996797e-02	2.49603969e-21	1.28279039e-01	-6.41395195e-03	-1.14582796e-02	2.09998399e-03	1.45858879e-02	2.74137918e-02	2.09998399e-03	-2.09998399e-03	5.26812400e-02	7.55977991e-02
1366            	4.20000558e-02	2.49611889e-21	1.28280435e-01	-6.41402176e-03	-1.14583477e-02	2.10000279e-03	1.45860061e-02	2.74140497e-02	2.10000279e-03	-2.10000279e-03	5.26818699e-02	7.55985654e-02
1367            	4.20003963e-02	2.49618872e-21	1.28281866e-01	-6.41409329e-03	-1.14584198e-02	2.10001981e-03	1.45861048e-02	2.74142914e-02	2.10001981e-03	-2.10001981e-03	5.26825130e-02	7.55993527e-02
1368            	4.20007684e-02	2.49626749e-21	1.28283249e-01	-6.41416247e-03	-1.14584868e-02	2.10003842e-03	1.45862217e-02	2.74145467e-02	2.10003842e-03	-2.10003842e-03	5.26831379e-02	7.56001116e-02
1369            	4.20011032e-02	2.49633662e-21	1.28284663e-01	-6.41423313e-03	-1.14585575e-02	2.10005516e-03	1.45863184e-02	2.74147847e-02	2.10005516e-03	-2.10005516e-03	5.26837738e-02	7.56008887e-02
1370            	4.20014743e-02	2.49641530e-21	1.28286042e-01	-6.41430210e-03	-1.14586241e-02	2.10007372e-03	1.45864350e-02	2.74150393e-02	2.10007372e-03	-2.10007372e-03	5.26843970e-02	7.56016451e-02
1371            	4.20018069e-02	2.49648415e-21	1.28287448e-01	-6.41437239e-03	-1.14586940e-02	2.10009035e-03	1.45865311e-02	2.74152759e-02	2.10009035e-03	-2.10009035e-03	5.26850299e-02	7.56024180e-02
1372            	4.20021748e-02	2.49656241e-21	1.28288817e-01	-6.41444085e-03	-1.14587597e-02	2.10010874e-03	1.45866465e-02	2.74155283e-02	2.10010874e-03	-2.10010874e-03	5.26856488e-02	7.56031682e-02
1373            	4.20025035e-02	2.49663077e-21	1.28290211e-01	-6.41451055e-03	-1.14588286e-02	2.10012518e-03	1.45867412e-02	2.74157623e-02	2.10012518e-03	-2.10012518e-03	5.26862769e-02	7.56039341e-02
1374            	4.20028676e-02	2.49670857e-21	1.28291569e-01	-6.41457843e-03	-1.14588933e-02	2.10014338e-03	1.45868553e-02	2.74160122e-02	2.10014338e-03	-2.10014338e-03	5.26868910e-02	7.56046776e-02
1375            	4.20031928e-02	2.49677647e-21	1.28292952e-01	-6.41464760e-03	-1.14589613e-02	2.10015964e-03	1.45869488e-02	2.74162440e-02	2.10015964e-03	-2.10015964e-03	5.26875147e-02	7.56054373e-02
1376            	4.20035537e-02	2.49685386e-21	1.28294300e-01	-6.41471501e-03	-1.14590252e-02	2.10017768e-03	1.45870618e-02	2.74164919e-02	2.10017768e-03	-2.10017768e-03	5.26881249e-02	7.56061753e-02
1377            	4.20038760e-02	2.49692136e-21	1.28295675e-01	-6.41478373e-03	-1.14590925e-02	2.10019380e-03	1.45871543e-02	2.74167217e-02	2.10019380e-03	-2.10019380e-03	5.26887448e-02	7.56069298e-02
1378            	4.20042342e-02	2.49699836e-21	1.28297014e-01	-6.41485071e-03	-1.14591558e-02	2.10021171e-03	1.45872664e-02	2.74169678e-02	2.10021171e-03	-2.10021171e-03	5.26893513e-02	7.56076628e-02
1379            	4.20045538e-02	2.49706546e-21	1.28298380e-01	-6.41491900e-03	-1.14592225e-02	2.10022769e-03	1.45873579e-02	2.74171959e-02	2.10022769e-03	-2.10022769e-03	5.26899675e-02	7.56084124e-02
1380            	4.20049093e-02	2.49714206e-21	1.28299711e-01	-6.41498555e-03	-1.14592851e-02	2.10024547e-03	1.45874691e-02	2.74174402e-02	2.10024547e-03	-2.10024547e-03	5.26905704e-02	7.56091406e-02
1381            	4.20052263e-02	2.49720876e-21	1.28301068e-01	-6.41505342e-03	-1.14593512e-02	2.10026131e-03	1.45875597e-02	2.74176666e-02	2.10026131e-03	-2.10026131e-03	5.26911830e-02	7.56098854e-02
1382            	4.20055793e-02	2.49728496e-21	1.28302391e-01	-6.41511957e-03	-1.14594133e-02	2.10027896e-03	1.45876701e-02	2.74179092e-02	2.10027896e-03	-2.10027896e-03	5.26917824e-02	7.56106089e-02
1383            	4.20058938e-02	2.49735127e-21	1.28303741e-01	-6.41518705e-03	-1.14594789e-02	2.10029469e-03	1.45877599e-02	2.74181340e-02	2.10029469e-03	-2.10029469e-03	5.26923917e-02	7.56113494e-02
1384            	4.20062445e-02	2.49742709e-21	1.28305057e-01	-6.41525283e-03	-1.14595405e-02	2.10031223e-03	1.45878694e-02	2.74183751e-02	2.10031223e-03	-2.10031223e-03	5.26929878e-02	7.56120688e-02
1385            	4.20065569e-02	2.49749300e-21	1.28306399e-01	-6.41531996e-03	-1.14596057e-02	2.10032784e-03	1.45879585e-02	2.74185984e-02	2.10032784e-03	-2.10032784e-03	5.26935939e-02	7.56128053e-02
1386            	4.20069055e-02	2.49756845e-21	1.28307708e-01	-6.41538539e-03	-1.14596670e-02	2.10034528e-03	1.45880674e-02	2.74188381e-02	2.10034528e-03	-2.10034528e-03	5.26941869e-02	7.56135209e-02
1387            	4.20072159e-02	2.49763399e-21	1.28309044e-01	-6.41545219e-03	-1.14597319e-02	2.10036080e-03	1.45881558e-02	2.74190601e-02	2.10036080e-03	-2.10036080e-03	5.26947900e-02	7.56142538e-02
1388            	4.20075627e-02	2.49770907e-21	1.28310346e-01	-6.41551731e-03	-1.14597929e-02	2.10037814e-03	1.45882640e-02	2.74192987e-02	2.10037814e-03	-2.10037814e-03	5.26953802e-02	7.56149660e-02
1389            	4.20078713e-02	2.49777424e-21	1.28311676e-01	-6.41558380e-03	-1.14598576e-02	2.10039357e-03	1.45883519e-02	2.74195195e-02	2.10039357e-03	-2.10039357e-03	5.26959804e-02	7.56156957e-02
1390            	4.20082164e-02	2.49784897e-21	1.28312973e-01	-6.41564863e-03	-1.14599184e-02	2.10041082e-03	1.45884596e-02	2.74197568e-02	2.10041082e-03	-2.10041082e-03	5.26965678e-02	7.56164047e-02
1391            	4.20085234e-02	2.49791378e-21	1.28314297e-01	-6.41571484e-03	-1.14599830e-02	2.10042617e-03	1.45885468e-02	2.74199765e-02	2.10042617e-03	-2.10042617e-03	5.26971654e-02	7.56171314e-02
1392            	4.20088668e-02	2.49798818e-21	1.28315588e-01	-6.41577938e-03	-1.14600436e-02	2.10044334e-03	1.45886540e-02	2.74202128e-02	2.10044334e-03	-2.10044334e-03	5.26977502e-02	7.56178375e-02
1393            	4.20091722e-02	2.49805265e-21	1.28316906e-01	-6.41584532e-03	-1.14601080e-02	2.10045861e-03	1.45887408e-02	2.74204314e-02	2.10045861e-03	-2.10045861e-03	5.26983452e-02	7.56185613e-02
1394            	4.20095142e-02	2.49812671e-21	1.28318192e-01	-6.41590961e-03	-1.14601686e-02	2.10047571e-03	1.45888475e-02	2.74206667e-02	2.10047571e-03	-2.10047571e-03	5.26989275e-02	7.56192647e-02
1395            	4.20098183e-02	2.49819086e-21	1.28319506e-01	-6.41597531e-03	-1.14602330e-02	2.10049092e-03	1.45889339e-02	2.74208845e-02	2.10049092e-03	-2.10049092e-03	5.26995201e-02	7.56199861e-02
1396            	4.20101593e-02	2.49826459e-21	1.28320787e-01	-6.41603937e-03	-1.14602936e-02	2.10050796e-03	1.45890403e-02	2.74211190e-02	2.10050796e-03	-2.10050796e-03	5.27001000e-02	7.56206873e-02
1397            	4.20104624e-02	2.49832840e-21	1.28322097e-01	-6.41610485e-03	-1.14603581e-02	2.10052312e-03	1.45891264e-02	2.74213361e-02	2.10052312e-03	-2.10052312e-03	5.27006904e-02	7.56214066e-02
1398            	4.20108025e-02	2.49840181e-21	1.28323374e-01	-6.41616870e-03	-1.14604188e-02	2.10054012e-03	1.45892325e-02	2.74215699e-02	2.10054012e-03	-2.10054012e-03	5.27012682e-02	7.56221058e-02
1399            	4.20111048e-02	2.49846530e-21	1.28324680e-01	-6.41623398e-03	-1.14604834e-02	2.10055524e-03	1.45893184e-02	2.74217864e-02	2.10055524e-03	-2.10055524e-03	5.27018564e-02	7.56228232e-02
1400            	4.20114440e-02	2.49853839e-21	1.28325953e-01	-6.41629764e-03	-1.14605442e-02	2.10057220e-03	1.45894244e-02	2.74220196e-02	2.10057220e-03	-2.10057220e-03	5.27024322e-02	7.56235206e-02
1401            	4.20117455e-02	2.49860156e-21	1.28327255e-01	-6.41636273e-03	-1.14606089e-02	2.10058728e-03	1.45895100e-02	2.74222355e-02	2.10058728e-03	-2.10058728e-03	5.27030184e-02	7.56242362e-02
1402            	4.20120841e-02	2.49867435e-21	1.28328524e-01	-6.41642620e-03	-1.14606699e-02	2.10060421e-03	1.45896159e-02	2.74224683e-02	2.10060421e-03	-2.10060421e-03	5.27035921e-02	7.56249320e-02
1403            	4.20123850e-02	2.49873719e-21	1.28329822e-01	-6.41649112e-03	-1.14607348e-02	2.10061925e-03	1.45897014e-02	2.74226836e-02	2.10061925e-03	-2.10061925e-03	5.27041764e-02	7.56256460e-02
1404            	4.20127230e-02	2.49880967e-21	1.28331089e-01	-6.41655443e-03	-1.14607960e-02	2.10063615e-03	1.45898071e-02	2.74229159e-02	2.10063615e-03	-2.10063615e-03	5.27047482e-02	7.56263403e-02
1405            	4.20130234e-02	2.49887219e-21	1.28332384e-01	-6.41661918e-03	-1.14608611e-02	2.10065117e-03	1.45898925e-02	2.74231309e-02	2.10065117e-03	-2.10065117e-03	5.27053306e-02	7.56270529e-02
1406            	4.20133610e-02	2.49894435e-21	1.28333646e-01	-6.41668232e-03	-1.14609226e-02	2.10066805e-03	1.45899982e-02	2.74233628e-02	2.10066805e-03	-2.10066805e-03	5.27059006e-02	7.56277458e-02
1407            	4.20136610e-02	2.49900655e-21	1.28334938e-01	-6.41674691e-03	-1.14609879e-02	2.10068305e-03	1.45900836e-02	2.74235774e-02	2.10068305e-03	-2.10068305e-03	5.27064812e-02	7.56284570e-02
1408            	4.20139982e-02	2.49907839e-21	1.28336198e-01	-6.41680990e-03	-1.14610496e-02	2.10069991e-03	1.45901892e-02	2.74238090e-02	2.10069991e-03	-2.10069991e-03	5.27070494e-02	7.56291486e-02
1409            	4.20142978e-02	2.49914027e-21	1.28337487e-01	-6.41687434e-03	-1.14611151e-02	2.10071489e-03	1.45902746e-02	2.74240232e-02	2.10071489e-03	-2.10071489e-03	5.27076282e-02	7.56298585e-02
1410            	4.20146347e-02	2.49921177e-21	1.28338743e-01	-6.41693717e-03	-1.14611770e-02	2.10073174e-03	1.45903802e-02	2.74242545e-02	2.10073174e-03	-2.10073174e-03	5.27081947e-02	7.56305488e-02
1411            	4.20149340e-02	2.49927331e-21	1.28340029e-01	-6.41700146e-03	-1.14612428e-02	2.10074670e-03	1.45904655e-02	2.74244685e-02	2.10074670e-03	-2.10074670e-03	5.27087717e-02	7.56312574e-02
1412            	4.20152706e-02	2.49934448e-21	1.28341283e-01	-6.41706414e-03	-1.14613050e-02	2.10076353e-03	1.45905712e-02	2.74246995e-02	2.10076353e-03	-2.10076353e-03	5.27093365e-02	7.56319464e-02
1413            	4.20155696e-02	2.49940567e-21	1.28342566e-01	-6.41712828e-03	-1.14613710e-02	2.10077848e-03	1.45906565e-02	2.74249131e-02	2.10077848e-03	-2.10077848e-03	5.27099118e-02	7.56326537e-02
1414            	4.20159060e-02	2.49947649e-21	1.28343816e-01	-6.41719081e-03	-1.14614333e-02	2.10079530e-03	1.45907622e-02	2.74251438e-02	2.10079530e-03	-2.10079530e-03	5.27104747e-02	7.56333414e-02
1415            	4.20162047e-02	2.49953731e-21	1.28345096e-01	-6.41725478e-03	-1.14614996e-02	2.10081023e-03	1.45908476e-02	2.74253571e-02	2.10081023e-03	-2.10081023e-03	5.27110483e-02	7.56340474e-02
1416            	4.20165408e-02	2.49960777e-21	1.28346343e-01	-6.41731716e-03	-1.14615621e-02	2.10082704e-03	1.45909532e-02	2.74255875e-02	2.10082704e-03	-2.10082704e-03	5.27116095e-02	7.56347336e-02
1417            	4.20168392e-02	2.49966821e-21	1.28347619e-01	-6.41738097e-03	-1.14616285e-02	2.10084196e-03	1.45910386e-02	2.74258006e-02	2.10084196e-03	-2.10084196e-03	5.27121813e-02	7.56354382e-02
1418            	4.20171736e-02	2.49973817e-21	1.28348860e-01	-6.41744299e-03	-1.14616908e-02	2.10085868e-03	1.45911438e-02	2.74260298e-02	2.10085868e-03	-2.10085868e-03	5.27127390e-02	7.56361207e-02
1419            	4.20174730e-02	2.49979835e-21	1.28350136e-01	-6.41750681e-03	-1.14617577e-02	2.10087365e-03	1.45912297e-02	2.74262433e-02	2.10087365e-03	-2.10087365e-03	5.27133104e-02	7.56368259e-02
1420            	4.20178079e-02	2.49986801e-21	1.28351376e-01	-6.41756878e-03	-1.14618204e-02	2.10089040e-03	1.45913352e-02	2.74264727e-02	2.10089040e-03	-2.10089040e-03	5.27138674e-02	7.56375082e-02
1421            	4.20181070e-02	2.49992780e-21	1.28352649e-01	-6.41763245e-03	-1.14618874e-02	2.10090535e-03	1.45914210e-02	2.74266859e-02	2.10090535e-03	-2.10090535e-03	5.27144371e-02	7.56382119e-02
1422            	4.20184411e-02	2.49999703e-21	1.28353884e-01	-6.41769419e-03	-1.14619501e-02	2.10092206e-03	1.45915264e-02	2.74269148e-02	2.10092206e-03	-2.10092206e-03	5.27149918e-02	7.56388920e-02
1423            	4.20187393e-02	2.50005638e-21	1.28355152e-01	-6.41775762e-03	-1.14620170e-02	2.10093697e-03	1.45916120e-02	2.74271273e-02	2.10093697e-03	-2.10093697e-03	5.27155592e-02	7.56395932e-02
1424            	4.20190727e-02	2.50012517e-21	1.28356382e-01	-6.41781912e-03	-1.14620797e-02	2.10095363e-03	1.45917172e-02	2.74273555e-02	2.10095363e-03	-2.10095363e-03	5.27161116e-02	7.56402709e-02
1425            	4.20193701e-02	2.50018407e-21	1.28357646e-01	-6.41788229e-03	-1.14621465e-02	2.10096851e-03	1.45918028e-02	2.74275674e-02	2.10096851e-03	-2.10096851e-03	5.27166764e-02	7.56409694e-02
1426            	4.20197054e-02	2.50025268e-21	1.28358879e-01	-6.41794395e-03	-1.14622097e-02	2.10098527e-03	1.45919088e-02	2.74277967e-02	2.10098527e-03	-2.10098527e-03	5.27172298e-02	7.56416492e-02
1427            	4.20200005e-02	2.50031096e-21	1.28360133e-01	-6.41800665e-03	-1.14622761e-02	2.10100003e-03	1.45919936e-02	2.74280069e-02	2.10100003e-03	-2.10100003e-03	5.27177903e-02	7.56423426e-02
1428            	4.20203321e-02	2.50037880e-21	1.28361353e-01	-6.41806764e-03	-1.14623386e-02	2.10101660e-03	1.45920984e-02	2.74282337e-02	2.10101660e-03	-2.10101660e-03	5.27183378e-02	7.56430151e-02
1429            	4.20206289e-02	2.50043690e-21	1.28362609e-01	-6.41813044e-03	-1.14624055e-02	2.10103144e-03	1.45921840e-02	2.74284449e-02	2.10103144e-03	-2.10103144e-03	5.27188989e-02	7.56437100e-02
1430            	4.20209615e-02	2.50050456e-21	1.28363829e-01	-6.41819147e-03	-1.14624684e-02	2.10104808e-03	1.45922893e-02	2.74286722e-02	2.10104808e-03	-2.10104808e-03	5.27194463e-02	7.56443831e-02
1431            	4.20212582e-02	2.50056232e-21	1.28365083e-01	-6.41825414e-03	-1.14625354e-02	2.10106291e-03	1.45923750e-02	2.74288832e-02	2.10106291e-03	-2.10106291e-03	5.27200060e-02	7.56450768e-02
1432            	4.20215898e-02	2.50062955e-21	1.28366298e-01	-6.41831491e-03	-1.14625981e-02	2.10107949e-03	1.45924800e-02	2.74291098e-02	2.10107949e-03	-2.10107949e-03	5.27205510e-02	7.56457472e-02
1433            	4.20218850e-02	2.50068684e-21	1.28367545e-01	-6.41837726e-03	-1.14626649e-02	2.10109425e-03	1.45925652e-02	2.74293198e-02	2.10109425e-03	-2.10109425e-03	5.27211077e-02	7.56464375e-02
1434            	4.20222153e-02	2.50075363e-21	1.28368755e-01	-6.41843773e-03	-1.14627274e-02	2.10111076e-03	1.45926699e-02	2.74295454e-02	2.10111076e-03	-2.10111076e-03	5.27216499e-02	7.56471047e-02
1435            	4.20225093e-02	2.50081051e-21	1.28369996e-01	-6.41849981e-03	-1.14627939e-02	2.10112547e-03	1.45927548e-02	2.74297545e-02	2.10112547e-03	-2.10112547e-03	5.27222042e-02	7.56477920e-02
1436            	4.20228386e-02	2.50087692e-21	1.28371201e-01	-6.41856004e-03	-1.14628563e-02	2.10114193e-03	1.45928593e-02	2.74299794e-02	2.10114193e-03	-2.10114193e-03	5.27227441e-02	7.56484567e-02
1437            	4.20231318e-02	2.50093345e-21	1.28372438e-01	-6.41862189e-03	-1.14629228e-02	2.10115659e-03	1.45929440e-02	2.74301878e-02	2.10115659e-03	-2.10115659e-03	5.27232961e-02	7.56491417e-02
1438            	4.20234622e-02	2.50099975e-21	1.28373644e-01	-6.41868219e-03	-1.14629855e-02	2.10117311e-03	1.45930489e-02	2.74304133e-02	2.10117311e-03	-2.10117311e-03	5.27238364e-02	7.56498073e-02
1439            	4.20237519e-02	2.50105572e-21	1.28374869e-01	-6.41874346e-03	-1.14630512e-02	2.10118760e-03	1.45931325e-02	2.74306194e-02	2.10118760e-03	-2.10118760e-03	5.27243834e-02	7.56504858e-02
1440            	4.20240778e-02	2.50112132e-21	1.28376060e-01	-6.41880301e-03	-1.14631130e-02	2.10120389e-03	1.45932359e-02	2.74308419e-02	2.10120389e-03	-2.10120389e-03	5.27249171e-02	7.56511430e-02
1441            	4.20243686e-02	2.50117717e-21	1.28377286e-01	-6.41886430e-03	-1.14631791e-02	2.10121843e-03	1.45933200e-02	2.74310486e-02	2.10121843e-03	-2.10121843e-03	5.27254640e-02	7.56518221e-02
1442            	4.20246951e-02	2.50124268e-21	1.28378477e-01	-6.41892383e-03	-1.14632411e-02	2.10123476e-03	1.45934237e-02	2.74312714e-02	2.10123476e-03	-2.10123476e-03	5.27259972e-02	7.56524794e-02
1443            	4.20249855e-02	2.50129831e-21	1.28379699e-01	-6.41898496e-03	-1.14633072e-02	2.10124927e-03	1.45935078e-02	2.74314777e-02	2.10124927e-03	-2.10124927e-03	5.27265424e-02	7.56531569e-02
1444            	4.20253108e-02	2.50136350e-21	1.28380884e-01	-6.41904421e-03	-1.14633691e-02	2.10126554e-03	1.45936112e-02	2.74316996e-02	2.10126554e-03	-2.10126554e-03	5.27270730e-02	7.56538113e-02
1445            	4.20255995e-02	2.50141877e-21	1.28382100e-01	-6.41910501e-03	-1.14634350e-02	2.10127997e-03	1.45936947e-02	2.74319048e-02	2.10127997e-03	-2.10127997e-03	5.27276151e-02	7.56544851e-02
1446            	4.20259232e-02	2.50148361e-21	1.28383279e-01	-6.41916393e-03	-1.14634967e-02	2.10129616e-03	1.45937977e-02	2.74321255e-02	2.10129616e-03	-2.10129616e-03	5.27281427e-02	7.56551360e-02
1447            	4.20262106e-02	2.50153857e-21	1.28384489e-01	-6.41922444e-03	-1.14635624e-02	2.10131053e-03	1.45938808e-02	2.74323297e-02	2.10131053e-03	-2.10131053e-03	5.27286820e-02	7.56558068e-02
1448            	4.20265332e-02	2.50160315e-21	1.28385662e-01	-6.41928310e-03	-1.14636240e-02	2.10132666e-03	1.45939835e-02	2.74325497e-02	2.10132666e-03	-2.10132666e-03	5.27292071e-02	7.56564550e-02
1449            	4.20268195e-02	2.50165786e-21	1.28386867e-01	-6.41934336e-03	-1.14636896e-02	2.10134098e-03	1.45940664e-02	2.74327531e-02	2.10134098e-03	-2.10134098e-03	5.27297440e-02	7.56571233e-02
1450            	4.20271412e-02	2.50172220e-21	1.28388036e-01	-6.41940179e-03	-1.14637512e-02	2.10135706e-03	1.45941688e-02	2.74329724e-02	2.10135706e-03	-2.10135706e-03	5.27302667e-02	7.56577691e-02
1451            	4.20274265e-02	2.50177666e-21	1.28389236e-01	-6.41946179e-03	-1.14638168e-02	2.10137132e-03	1.45942514e-02	2.74331750e-02	2.10137132e-03	-2.10137132e-03	5.27308012e-02	7.56584347e-02
1452            	4.20277470e-02	2.50184075e-21	1.28390399e-01	-6.41951996e-03	-1.14638782e-02	2.10138735e-03	1.45943536e-02	2.74333935e-02	2.10138735e-03	-2.10138735e-03	5.27313213e-02	7.56590778e-02
1453            	4.20280312e-02	2.50189495e-21	1.28391594e-01	-6.41957969e-03	-1.14639438e-02	2.10140156e-03	1.45944359e-02	2.74335953e-02	2.10140156e-03	-2.10140156e-03	5.27318532e-02	7.56597407e-02
1454            	4.20283506e-02	2.50195879e-21	1.28392752e-01	-6.41963759e-03	-1.14640051e-02	2.10141753e-03	1.45945377e-02	2.74338129e-02	2.10141753e-03	-2.10141753e-03	5.27323708e-02	7.56603811e-02
1455            	4.20286336e-02	2.50201273e-21	1.28393941e-01	-6.41969706e-03	-1.14640706e-02	2.10143168e-03	1.45946198e-02	2.74340139e-02	2.10143168e-03	-2.10143168e-03	5.27329001e-02	7.56610412e-02
1456            	4.20289520e-02	2.50207631e-21	1.28395094e-01	-6.41975470e-03	-1.14641319e-02	2.10144760e-03	1.45947213e-02	2.74342307e-02	2.10144760e-03	-2.10144760e-03	5.27334151e-02	7.56616789e-02
1457            	4.20292340e-02	2.50212998e-21	1.28396278e-01	-6.41981391e-03	-1.14641972e-02	2.10146170e-03	1.45948031e-02	2.74344309e-02	2.10146170e-03	-2.10146170e-03	5.27339418e-02	7.56623363e-02
1458            	4.20295513e-02	2.50219330e-21	1.28397426e-01	-6.41987129e-03	-1.14642585e-02	2.10147757e-03	1.45949044e-02	2.74346470e-02	2.10147757e-03	-2.10147757e-03	5.27344544e-02	7.56629714e-02
1459            	4.20298322e-02	2.50224668e-21	1.28398605e-01	-6.41993023e-03	-1.14643238e-02	2.10149161e-03	1.45949859e-02	2.74348464e-02	2.10149161e-03	-2.10149161e-03	5.27349786e-02	7.56636261e-02
1460            	4.20301486e-02	2.50230972e-21	1.28399747e-01	-6.41998735e-03	-1.14643849e-02	2.10150743e-03	1.45950869e-02	2.74350616e-02	2.10150743e-03	-2.10150743e-03	5.27354886e-02	7.56642585e-02
1461            	4.20304284e-02	2.50236281e-21	1.28400921e-01	-6.42004603e-03	-1.14644501e-02	2.10152142e-03	1.45951682e-02	2.74352602e-02	2.10152142e-03	-2.10152142e-03	5.27360102e-02	7.56649104e-02
1462            	4.20307437e-02	2.50242555e-21	1.28402058e-01	-6.42010289e-03	-1.14645111e-02	2.10153718e-03	1.45952690e-02	2.74354747e-02	2.10153718e-03	-2.10153718e-03	5.27365177e-02	7.56655400e-02
1463            	4.20310225e-02	2.50247832e-21	1.28403226e-01	-6.42016129e-03	-1.14645761e-02	2.10155112e-03	1.45953499e-02	2.74356725e-02	2.10155112e-03	-2.10155112e-03	5.27370368e-02	7.56661891e-02
1464            	4.20313367e-02	2.50254075e-21	1.28404358e-01	-6.42021788e-03	-1.14646370e-02	2.10156684e-03	1.45954505e-02	2.74358862e-02	2.10156684e-03	-2.10156684e-03	5.27375417e-02	7.56668158e-02
1465            	4.20316144e-02	2.50259319e-21	1.28405520e-01	-6.42027601e-03	-1.14647018e-02	2.10158072e-03	1.45955312e-02	2.74360832e-02	2.10158072e-03	-2.10158072e-03	5.27380582e-02	7.56674619e-02
1466            	4.20319275e-02	2.50265528e-21	1.28406646e-01	-6.42033231e-03	-1.14647625e-02	2.10159638e-03	1.45956314e-02	2.74362961e-02	2.10159638e-03	-2.10159638e-03	5.27385606e-02	7.56680856e-02
1467            	4.20322040e-02	2.50270738e-21	1.28407803e-01	-6.42039015e-03	-1.14648271e-02	2.10161020e-03	1.45957119e-02	2.74364922e-02	2.10161020e-03	-2.10161020e-03	5.27390745e-02	7.56687286e-02
1468            	4.20325160e-02	2.50276911e-21	1.28408923e-01	-6.42044617e-03	-1.14648875e-02	2.10162580e-03	1.45958118e-02	2.74367042e-02	2.10162580e-03	-2.10162580e-03	5.27395743e-02	7.56693492e-02
1469            	4.20327913e-02	2.50282084e-21	1.28410074e-01	-6.42050372e-03	-1.14649517e-02	2.10163957e-03	1.45958919e-02	2.74368994e-02	2.10163957e-03	-2.10163957e-03	5.27400855e-02	7.56699889e-02
1470            	4.20331021e-02	2.50288222e-21	1.28411189e-01	-6.42055944e-03	-1.14650118e-02	2.10165510e-03	1.45959916e-02	2.74371105e-02	2.10165510e-03	-2.10165510e-03	5.27405826e-02	7.56706062e-02
1471            	4.20333761e-02	2.50293356e-21	1.28412334e-01	-6.42061668e-03	-1.14650757e-02	2.10166880e-03	1.45960714e-02	2.74373047e-02	2.10166880e-03	-2.10166880e-03	5.27410912e-02	7.56712425e-02
1472            	4.20336855e-02	2.50299456e-21	1.28413442e-01	-6.42067209e-03	-1.14651353e-02	2.10168428e-03	1.45961707e-02	2.74375149e-02	2.10168428e-03	-2.10168428e-03	5.27415856e-02	7.56718563e-02
1473            	4.20339582e-02	2.50304552e-21	1.28414580e-01	-6.42072902e-03	-1.14651988e-02	2.10169791e-03	1.45962501e-02	2.74377081e-02	2.10169791e-03	-2.10169791e-03	5.27420914e-02	7.56724890e-02
1474            	4.20342662e-02	2.50310613e-21	1.28415682e-01	-6.42078411e-03	-1.14652580e-02	2.10171331e-03	1.45963490e-02	2.74379172e-02	2.10171331e-03	-2.10171331e-03	5.27425831e-02	7.56730990e-02
1475            	4.20345373e-02	2.50315669e-21	1.28416814e-01	-6.42084070e-03	-1.14653209e-02	2.10172686e-03	1.45964279e-02	2.74381093e-02	2.10172686e-03	-2.10172686e-03	5.27430861e-02	7.56737279e-02
1476            	4.20348438e-02	2.50321691e-21	1.28417909e-01	-6.42089545e-03	-1.14653795e-02	2.10174219e-03	1.45965264e-02	2.74383173e-02	2.10174219e-03	-2.10174219e-03	5.27435750e-02	7.56743340e-02
1477            	4.20351132e-02	2.50326708e-21	1.28419034e-01	-6.42095169e-03	-1.14654419e-02	2.10175566e-03	1.45966049e-02	2.74385083e-02	2.10175566e-03	-2.10175566e-03	5.27440751e-02	7.56749588e-02
1478            	4.20354180e-02	2.50332692e-21	1.28420122e-01	-6.42100610e-03	-1.14654999e-02	2.10177090e-03	1.45967029e-02	2.74387151e-02	2.10177090e-03	-2.10177090e-03	5.27445611e-02	7.56755608e-02
1479            	4.20356858e-02	2.50337670e-21	1.28421240e-01	-6.42106198e-03	-1.14655616e-02	2.10178429e-03	1.45967809e-02	2.74389049e-02	2.10178429e-03	-2.10178429e-03	5.27450583e-02	7.56761814e-02
1480            	4.20359888e-02	2.50343615e-21	1.28422320e-01	-6.42111602e-03	-1.14656189e-02	2.10179944e-03	1.45968784e-02	2.74391104e-02	2.10179944e-03	-2.10179944e-03	5.27455413e-02	7.56767792e-02
1481            	4.20362546e-02	2.50348555e-21	1.28423431e-01	-6.42117154e-03	-1.14656799e-02	2.10181273e-03	1.45969558e-02	2.74392988e-02	2.10181273e-03	-2.10181273e-03	5.27460355e-02	7.56773953e-02
1482            	4.20365557e-02	2.50354464e-21	1.28424504e-01	-6.42122521e-03	-1.14657365e-02	2.10182778e-03	1.45970526e-02	2.74395030e-02	2.10182778e-03	-2.10182778e-03	5.27465155e-02	7.56779886e-02
1483            	4.20368195e-02	2.50359367e-21	1.28425607e-01	-6.42128034e-03	-1.14657968e-02	2.10184097e-03	1.45971294e-02	2.74396901e-02	2.10184097e-03	-2.10184097e-03	5.27470066e-02	7.56786002e-02
1484            	4.20371185e-02	2.50365240e-21	1.28426672e-01	-6.42133362e-03	-1.14658526e-02	2.10185592e-03	1.45972256e-02	2.74398929e-02	2.10185592e-03	-2.10185592e-03	5.27474836e-02	7.56791889e-02
1485            	4.20373802e-02	2.50370108e-21	1.28427767e-01	-6.42138837e-03	-1.14659121e-02	2.10186901e-03	1.45973017e-02	2.74400785e-02	2.10186901e-03	-2.10186901e-03	5.27479716e-02	7.56797958e-02
1486            	4.20376770e-02	2.50375947e-21	1.28428825e-01	-6.42144126e-03	-1.14659672e-02	2.10188385e-03	1.45973972e-02	2.74402798e-02	2.10188385e-03	-2.10188385e-03	5.27484454e-02	7.56803798e-02
1487            	4.20379365e-02	2.50380781e-21	1.28429912e-01	-6.42149561e-03	-1.14660259e-02	2.10189682e-03	1.45974726e-02	2.74404639e-02	2.10189682e-03	-2.10189682e-03	5.27489302e-02	7.56809820e-02
1488            	4.20382311e-02	2.50386588e-21	1.28430962e-01	-6.42154811e-03	-1.14660802e-02	2.10191155e-03	1.45975674e-02	2.74406637e-02	2.10191155e-03	-2.10191155e-03	5.27494008e-02	7.56815613e-02
1489            	4.20384883e-02	2.50391391e-21	1.28432041e-01	-6.42160206e-03	-1.14661382e-02	2.10192441e-03	1.45976421e-02	2.74408462e-02	2.10192441e-03	-2.10192441e-03	5.27498824e-02	7.56821588e-02
1490            	4.20387806e-02	2.50397167e-21	1.28433083e-01	-6.42165416e-03	-1.14661918e-02	2.10193903e-03	1.45977361e-02	2.74410444e-02	2.10193903e-03	-2.10193903e-03	5.27503499e-02	7.56827334e-02
1491            	4.20390354e-02	2.50401939e-21	1.28434154e-01	-6.42170772e-03	-1.14662489e-02	2.10195177e-03	1.45978100e-02	2.74412254e-02	2.10195177e-03	-2.10195177e-03	5.27508282e-02	7.56833261e-02
1492            	4.20393254e-02	2.50407686e-21	1.28435189e-01	-6.42175943e-03	-1.14663018e-02	2.10196627e-03	1.45979033e-02	2.74414221e-02	2.10196627e-03	-2.10196627e-03	5.27512925e-02	7.56838961e-02
1493            	4.20395779e-02	2.50412428e-21	1.28436252e-01	-6.42181259e-03	-1.14663583e-02	2.10197889e-03	1.45979763e-02	2.74416015e-02	2.10197889e-03	-2.10197889e-03	5.27517676e-02	7.56844842e-02
1494            	4.20398655e-02	2.50418147e-21	1.28437278e-01	-6.42186391e-03	-1.14664105e-02	2.10199328e-03	1.45980688e-02	2.74417967e-02	2.10199328e-03	-2.10199328e-03	5.27522286e-02	7.56850496e-02
1495            	4.20401157e-02	2.50422862e-21	1.28438334e-01	-6.42191669e-03	-1.14664663e-02	2.10200578e-03	1.45981411e-02	2.74419745e-02	2.10200578e-03	-2.10200578e-03	5.27527005e-02	7.56856332e-02
1496            	4.20404010e-02	2.50428554e-21	1.28439352e-01	-6.42196762e-03	-1.14665179e-02	2.10202005e-03	1.45982329e-02	2.74421681e-02	2.10202005e-03	-2.10202005e-03	5.27531583e-02	7.56861941e-02
1497            	4.20406488e-02	2.50433241e-21	1.28440401e-01	-6.42202003e-03	-1.14665732e-02	2.10203244e-03	1.45983044e-02	2.74423444e-02	2.10203244e-03	-2.10203244e-03	5.27536271e-02	7.56867734e-02
1498            	4.20409319e-02	2.50438906e-21	1.28441412e-01	-6.42207060e-03	-1.14666242e-02	2.10204659e-03	1.45983953e-02	2.74425365e-02	2.10204659e-03	-2.10204659e-03	5.27540817e-02	7.56873302e-02
1499            	4.20411775e-02	2.50443566e-21	1.28442453e-01	-6.42212264e-03	-1.14666791e-02	2.10205888e-03	1.45984661e-02	2.74427114e-02	2.10205888e-03	-2.10205888e-03	5.27545474e-02	7.56879055e-02
1500            	4.20414585e-02	2.50449204e-21	1.28443457e-01	-6.42217286e-03	-1.14667297e-02	2.10207292e-03	1.45985564e-02	2.74429021e-02	2.10207292e-03	-2.10207292e-03	5.27549989e-02	7.56884583e-02
1501            	4.20417021e-02	2.50453837e-21	1.28444491e-01	-6.42222457e-03	-1.14667841e-02	2.10208510e-03	1.45986265e-02	2.74430756e-02	2.10208510e-03	-2.10208510e-03	5.27554616e-02	7.56890298e-02
1502            	4.20419810e-02	2.50459448e-21	1.28445489e-01	-6.42227446e-03	-1.14668344e-02	2.10209905e-03	1.45987160e-02	2.74432650e-02	2.10209905e-03	-2.10209905e-03	5.27559102e-02	7.56895791e-02
1503            	4.20422227e-02	2.50464054e-21	1.28446517e-01	-6.42232585e-03	-1.14668886e-02	2.10211114e-03	1.45987855e-02	2.74434372e-02	2.10211114e-03	-2.10211114e-03	5.27563699e-02	7.56901471e-02
1504            	4.20424998e-02	2.50469637e-21	1.28447509e-01	-6.42237544e-03	-1.14669387e-02	2.10212499e-03	1.45988745e-02	2.74436254e-02	2.10212499e-03	-2.10212499e-03	5.27568157e-02	7.56906930e-02
1505            	4.20427398e-02	2.50474214e-21	1.28448531e-01	-6.42242653e-03	-1.14669927e-02	2.10213699e-03	1.45989434e-02	2.74437964e-02	2.10213699e-03	-2.10213699e-03	5.27572726e-02	7.56912579e-02
1506            	4.20430153e-02	2.50479769e-21	1.28449516e-01	-6.42247582e-03	-1.14670426e-02	2.10215076e-03	1.45990318e-02	2.74439835e-02	2.10215076e-03	-2.10215076e-03	5.27577156e-02	7.56918009e-02
1507            	4.20432537e-02	2.50484317e-21	1.28450533e-01	-6.42252664e-03	-1.14670965e-02	2.10216268e-03	1.45991002e-02	2.74441535e-02	2.10216268e-03	-2.10216268e-03	5.27581698e-02	7.56923629e-02
1508            	4.20435277e-02	2.50489842e-21	1.28451514e-01	-6.42257568e-03	-1.14671465e-02	2.10217639e-03	1.45991882e-02	2.74443395e-02	2.10217639e-03	-2.10217639e-03	5.27586103e-02	7.56929033e-02
1509            	4.20437648e-02	2.50494359e-21	1.28452525e-01	-6.42262624e-03	-1.14672004e-02	2.10218824e-03	1.45992561e-02	2.74445086e-02	2.10218824e-03	-2.10218824e-03	5.27590620e-02	7.56934628e-02
1510            	4.20440376e-02	2.50499854e-21	1.28453501e-01	-6.42267504e-03	-1.14672504e-02	2.10220188e-03	1.45993438e-02	2.74446938e-02	2.10220188e-03	-2.10220188e-03	5.27594999e-02	7.56940008e-02
1511            	4.20442735e-02	2.50504339e-21	1.28454507e-01	-6.42272537e-03	-1.14673045e-02	2.10221367e-03	1.45994114e-02	2.74448621e-02	2.10221367e-03	-2.10221367e-03	5.27599492e-02	7.56945582e-02
1512            	4.20445453e-02	2.50509801e-21	1.28455479e-01	-6.42277395e-03	-1.14673547e-02	2.10222726e-03	1.45994987e-02	2.74450466e-02	2.10222726e-03	-2.10222726e-03	5.27603848e-02	7.56950942e-02
1513            	4.20447802e-02	2.50514254e-21	1.28456482e-01	-6.42282408e-03	-1.14674089e-02	2.10223901e-03	1.45995660e-02	2.74452142e-02	2.10223901e-03	-2.10223901e-03	5.27608319e-02	7.56956496e-02
1514            	4.20450512e-02	2.50519683e-21	1.28457449e-01	-6.42287246e-03	-1.14674593e-02	2.10225256e-03	1.45996531e-02	2.74453981e-02	2.10225256e-03	-2.10225256e-03	5.27612653e-02	7.56961838e-02
1515            	4.20452854e-02	2.50524101e-21	1.28458448e-01	-6.42292239e-03	-1.14675137e-02	2.10226427e-03	1.45997203e-02	2.74455651e-02	2.10226427e-03	-2.10226427e-03	5.27617102e-02	7.56967377e-02
1516            	4.20455558e-02	2.50529496e-21	1.28459412e-01	-6.42297059e-03	-1.14675644e-02	2.10227779e-03	1.45998073e-02	2.74457485e-02	2.10227779e-03	-2.10227779e-03	5.27621415e-02	7.56972703e-02
1517            	4.20457894e-02	2.50533879e-21	1.28460407e-01	-6.42302036e-03	-1.14676192e-02	2.10228947e-03	1.45998743e-02	2.74459151e-02	2.10228947e-03	-2.10228947e-03	5.27625844e-02	7.56978228e-02
1518            	4.20460592e-02	2.50539239e-21	1.28461368e-01	-6.42306839e-03	-1.14676701e-02	2.10230296e-03	1.45999612e-02	2.74460980e-02	2.10230296e-03	-2.10230296e-03	5.27630138e-02	7.56983541e-02
1519            	4.20462925e-02	2.50543586e-21	1.28462360e-01	-6.42311800e-03	-1.14677252e-02	2.10231462e-03	1.46000282e-02	2.74462642e-02	2.10231462e-03	-2.10231462e-03	5.27634548e-02	7.56989052e-02
1520            	4.20465619e-02	2.50548910e-21	1.28463318e-01	-6.42316588e-03	-1.14677765e-02	2.10232810e-03	1.46001151e-02	2.74464469e-02	2.10232810e-03	-2.10232810e-03	5.27638823e-02	7.56994353e-02
1521            	4.20467949e-02	2.50553221e-21	1.28464307e-01	-6.42321533e-03	-1.14678319e-02	2.10233974e-03	1.46001821e-02	2.74466128e-02	2.10233974e-03	-2.10233974e-03	5.27643215e-02	7.56999852e-02
1522            	4.20470641e-02	2.50558509e-21	1.28465261e-01	-6.42326306e-03	-1.14678835e-02	2.10235320e-03	1.46002690e-02	2.74467951e-02	2.10235320e-03	-2.10235320e-03	5.27647472e-02	7.57005141e-02
1523            	4.20472967e-02	2.50562783e-21	1.28466247e-01	-6.42331237e-03	-1.14679392e-02	2.10236484e-03	1.46003360e-02	2.74469607e-02	2.10236484e-03	-2.10236484e-03	5.27651845e-02	7.57010629e-02
1524            	4.20475658e-02	2.50568035e-21	1.28467199e-01	-6.42335996e-03	-1.14679911e-02	2.10237829e-03	1.46004229e-02	2.74471428e-02	2.10237829e-03	-2.10237829e-03	5.27656085e-02	7.57015907e-02
1525            	4.20477983e-02	2.50572273e-21	1.28468182e-01	-6.42340912e-03	-1.14680471e-02	2.10238991e-03	1.46004900e-02	2.74473083e-02	2.10238991e-03	-2.10238991e-03	5.27660441e-02	7.57021384e-02
1526            	4.20480671e-02	2.50577488e-21	1.28469131e-01	-6.42345657e-03	-1.14680993e-02	2.10240336e-03	1.46005770e-02	2.74474901e-02	2.10240336e-03	-2.10240336e-03	5.27664663e-02	7.57026650e-02
1527            	4.20482994e-02	2.50581689e-21	1.28470112e-01	-6.42350558e-03	-1.14681556e-02	2.10241497e-03	1.46006441e-02	2.74476553e-02	2.10241497e-03	-2.10241497e-03	5.27669002e-02	7.57032114e-02
1528            	4.20485606e-02	2.50586779e-21	1.28471034e-01	-6.42355172e-03	-1.14682063e-02	2.10242803e-03	1.46007286e-02	2.74478320e-02	2.10242803e-03	-2.10242803e-03	5.27673109e-02	7.57037235e-02
1529            	4.20488008e-02	2.50591046e-21	1.28472035e-01	-6.42360176e-03	-1.14682648e-02	2.10244004e-03	1.46007986e-02	2.74480021e-02	2.10244004e-03	-2.10244004e-03	5.27677528e-02	7.57042825e-02
1530            	4.20490661e-02	2.50596147e-21	1.28472968e-01	-6.42364839e-03	-1.14683168e-02	2.10245330e-03	1.46008847e-02	2.74481814e-02	2.10245330e-03	-2.10245330e-03	5.27681671e-02	7.57048007e-02
1531            	4.20493061e-02	2.50600378e-21	1.28473966e-01	-6.42369831e-03	-1.14683755e-02	2.10246531e-03	1.46009547e-02	2.74483514e-02	2.10246531e-03	-2.10246531e-03	5.27686076e-02	7.57053586e-02
1532            	4.20495691e-02	2.50605422e-21	1.28474890e-01	-6.42374448e-03	-1.14684270e-02	2.10247845e-03	1.46010401e-02	2.74485290e-02	2.10247845e-03	-2.10247845e-03	5.27690178e-02	7.57058719e-02
1533            	4.20498063e-02	2.50609591e-21	1.28475878e-01	-6.42379390e-03	-1.14684853e-02	2.10249032e-03	1.46011093e-02	2.74486971e-02	2.10249032e-03	-2.10249032e-03	5.27694537e-02	7.57064242e-02
1534            	4.20500686e-02	2.50614603e-21	1.28476798e-01	-6.42383989e-03	-1.14685368e-02	2.10250343e-03	1.46011944e-02	2.74488742e-02	2.10250343e-03	-2.10250343e-03	5.27698621e-02	7.57069357e-02
1535            	4.20503037e-02	2.50618715e-21	1.28477777e-01	-6.42388886e-03	-1.14685946e-02	2.10251519e-03	1.46012630e-02	2.74490407e-02	2.10251519e-03	-2.10251519e-03	5.27702939e-02	7.57074832e-02
1536            	4.20505653e-02	2.50623689e-21	1.28478692e-01	-6.42393460e-03	-1.14686461e-02	2.10252826e-03	1.46013480e-02	2.74492172e-02	2.10252826e-03	-2.10252826e-03	5.27706999e-02	7.57079920e-02
1537            	4.20508004e-02	2.50627774e-21	1.28479669e-01	-6.42398344e-03	-1.14687040e-02	2.10254002e-03	1.46014168e-02	2.74493836e-02	2.10254002e-03	-2.10254002e-03	5.27711304e-02	7.57085385e-02
1538            	4.20510620e-02	2.50632725e-21	1.28480582e-01	-6.42402908e-03	-1.14687556e-02	2.10255310e-03	1.46015019e-02	2.74495601e-02	2.10255310e-03	-2.10255310e-03	5.27715352e-02	7.57090463e-02
1539            	4.20512969e-02	2.50636783e-21	1.28481555e-01	-6.42407776e-03	-1.14688135e-02	2.10256484e-03	1.46015707e-02	2.74497262e-02	2.10256484e-03	-2.10256484e-03	5.27719641e-02	7.57095911e-02
1540            	4.20515578e-02	2.50641704e-21	1.28482464e-01	-6.42412318e-03	-1.14688649e-02	2.10257789e-03	1.46016557e-02	2.74499021e-02	2.10257789e-03	-2.10257789e-03	5.27723669e-02	7.57100966e-02
1541            	4.20517915e-02	2.50645728e-21	1.28483432e-01	-6.42417159e-03	-1.14689226e-02	2.10258958e-03	1.46017242e-02	2.74500674e-02	2.10258958e-03	-2.10258958e-03	5.27727933e-02	7.57106385e-02
1542            	4.20520513e-02	2.50650614e-21	1.28484335e-01	-6.42421673e-03	-1.14689737e-02	2.10260256e-03	1.46018089e-02	2.74502424e-02	2.10260256e-03	-2.10260256e-03	5.27731935e-02	7.57111410e-02
1543            	4.20522838e-02	2.50654603e-21	1.28485297e-01	-6.42426486e-03	-1.14690312e-02	2.10261419e-03	1.46018771e-02	2.74504068e-02	2.10261419e-03	-2.10261419e-03	5.27736174e-02	7.57116798e-02
1544            	4.20525425e-02	2.50659457e-21	1.28486195e-01	-6.42430973e-03	-1.14690821e-02	2.10262712e-03	1.46019615e-02	2.74505810e-02	2.10262712e-03	-2.10262712e-03	5.27740152e-02	7.57121794e-02
1545            	4.20527739e-02	2.50663414e-21	1.28487152e-01	-6.42435760e-03	-1.14691393e-02	2.10263870e-03	1.46020294e-02	2.74507446e-02	2.10263870e-03	-2.10263870e-03	5.27744366e-02	7.57127153e-02
1546            	4.20530303e-02	2.50668221e-21	1.28488040e-01	-6.42440202e-03	-1.14691897e-02	2.10265152e-03	1.46021131e-02	2.74509172e-02	2.10265152e-03	-2.10265152e-03	5.27748305e-02	7.57132099e-02
1547            	4.20532618e-02	2.50672167e-21	1.28488996e-01	-6.42444981e-03	-1.14692470e-02	2.10266309e-03	1.46021811e-02	2.74510807e-02	2.10266309e-03	-2.10266309e-03	5.27752511e-02	7.57137451e-02
1548            	4.20535175e-02	2.50676954e-21	1.28489881e-01	-6.42449406e-03	-1.14692972e-02	2.10267588e-03	1.46022647e-02	2.74512528e-02	2.10267588e-03	-2.10267588e-03	5.27756434e-02	7.57142378e-02
1549            	4.20537475e-02	2.50680868e-21	1.28490831e-01	-6.42454154e-03	-1.14693541e-02	2.10268738e-03	1.46023322e-02	2.74514153e-02	2.10268738e-03	-2.10268738e-03	5.27760613e-02	7.57147696e-02
1550            	4.20540015e-02	2.50685621e-21	1.28491709e-01	-6.42458544e-03	-1.14694039e-02	2.10270007e-03	1.46024153e-02	2.74515862e-02	2.10270007e-03	-2.10270007e-03	5.27764504e-02	7.57152583e-02
1551            	4.20542295e-02	2.50689500e-21	1.28492651e-01	-6.42463255e-03	-1.14694604e-02	2.10271148e-03	1.46024822e-02	2.74517473e-02	2.10271148e-03	-2.10271148e-03	5.27768652e-02	7.57157859e-02
1552            	4.20544819e-02	2.50694222e-21	1.28493522e-01	-6.42467611e-03	-1.14695098e-02	2.10272409e-03	1.46025648e-02	2.74519170e-02	2.10272409e-03	-2.10272409e-03	5.27772514e-02	7.57162709e-02
1553            	4.20547083e-02	2.50698070e-21	1.28494458e-01	-6.42472291e-03	-1.14695658e-02	2.10273541e-03	1.46026312e-02	2.74520770e-02	2.10273541e-03	-2.10273541e-03	5.27776633e-02	7.57167949e-02
1554            	4.20549591e-02	2.50702764e-21	1.28495324e-01	-6.42476618e-03	-1.14696149e-02	2.10274796e-03	1.46027134e-02	2.74522457e-02	2.10274796e-03	-2.10274796e-03	5.27780469e-02	7.57172766e-02
1555            	4.20551840e-02	2.50706582e-21	1.28496253e-01	-6.42481267e-03	-1.14696706e-02	2.10275920e-03	1.46027793e-02	2.74524047e-02	2.10275920e-03	-2.10275920e-03	5.27784561e-02	7.57177972e-02
1556            	4.20554333e-02	2.50711247e-21	1.28497113e-01	-6.42485563e-03	-1.14697193e-02	2.10277166e-03	1.46028610e-02	2.74525723e-02	2.10277166e-03	-2.10277166e-03	5.27788370e-02	7.57182755e-02
1557            	4.20556565e-02	2.50715035e-21	1.28498036e-01	-6.42490179e-03	-1.14697746e-02	2.10278282e-03	1.46029264e-02	2.74527300e-02	2.10278282e-03	-2.10278282e-03	5.27792434e-02	7.57187925e-02
1558            	4.20559042e-02	2.50719670e-21	1.28498889e-01	-6.42494444e-03	-1.14698229e-02	2.10279521e-03	1.46030076e-02	2.74528965e-02	2.10279521e-03	-2.10279521e-03	5.27796215e-02	7.57192673e-02
1559            	4.20561256e-02	2.50723427e-21	1.28499805e-01	-6.42499027e-03	-1.14698778e-02	2.10280628e-03	1.46030725e-02	2.74530531e-02	2.10280628e-03	-2.10280628e-03	5.27800249e-02	7.57197805e-02
1560            	4.20563716e-02	2.50728031e-21	1.28500652e-01	-6.42503260e-03	-1.14699258e-02	2.10281858e-03	1.46031532e-02	2.74532184e-02	2.10281858e-03	-2.10281858e-03	5.27804002e-02	7.57202518e-02
1561            	4.20565914e-02	2.50731756e-21	1.28501562e-01	-6.42507811e-03	-1.14699803e-02	2.10282957e-03	1.46032176e-02	2.74533738e-02	2.10282957e-03	-2.10282957e-03	5.27808008e-02	7.57207614e-02
1562            	4.20568358e-02	2.50736331e-21	1.28502403e-01	-6.42512013e-03	-1.14700279e-02	2.10284179e-03	1.46032978e-02	2.74535380e-02	2.10284179e-03	-2.10284179e-03	5.27811734e-02	7.57212292e-02
1563            	4.20570539e-02	2.50740025e-21	1.28503306e-01	-6.42516532e-03	-1.14700821e-02	2.10285270e-03	1.46033616e-02	2.74536923e-02	2.10285270e-03	-2.10285270e-03	5.27815711e-02	7.57217353e-02
1564            	4.20572968e-02	2.50744569e-21	1.28504141e-01	-6.42520704e-03	-1.14701295e-02	2.10286484e-03	1.46034413e-02	2.74538554e-02	2.10286484e-03	-2.10286484e-03	5.27819409e-02	7.57221998e-02
1565            	4.20575132e-02	2.50748232e-21	1.28505038e-01	-6.42525191e-03	-1.14701833e-02	2.10287566e-03	1.46035047e-02	2.74540085e-02	2.10287566e-03	-2.10287566e-03	5.27823358e-02	7.57227024e-02
1566            	4.20577545e-02	2.50752746e-21	1.28505866e-01	-6.42529332e-03	-1.14702303e-02	2.10288772e-03	1.46035839e-02	2.74541706e-02	2.10288772e-03	-2.10288772e-03	5.27827029e-02	7.57231635e-02
1567            	4.20579693e-02	2.50756377e-21	1.28506758e-01	-6.42533788e-03	-1.14702838e-02	2.10289846e-03	1.46036468e-02	2.74543225e-02	2.10289846e-03	-2.10289846e-03	5.27830950e-02	7.57236627e-02
1568            	4.20582090e-02	2.50760862e-21	1.28507580e-01	-6.42537900e-03	-1.14703306e-02	2.10291045e-03	1.46037255e-02	2.74544835e-02	2.10291045e-03	-2.10291045e-03	5.27834594e-02	7.57241205e-02
1569            	4.20584222e-02	2.50764462e-21	1.28508465e-01	-6.42542325e-03	-1.14703838e-02	2.10292111e-03	1.46037879e-02	2.74546344e-02	2.10292111e-03	-2.10292111e-03	5.27838487e-02	7.57246163e-02
1570            	4.20586605e-02	2.50768916e-21	1.28509281e-01	-6.42546407e-03	-1.14704303e-02	2.10293303e-03	1.46038662e-02	2.74547943e-02	2.10293303e-03	-2.10293303e-03	5.27842105e-02	7.57250710e-02
1571            	4.20588722e-02	2.50772486e-21	1.28510161e-01	-6.42550803e-03	-1.14704832e-02	2.10294361e-03	1.46039281e-02	2.74549441e-02	2.10294361e-03	-2.10294361e-03	5.27845970e-02	7.57255635e-02
1572            	4.20591090e-02	2.50776910e-21	1.28510971e-01	-6.42554856e-03	-1.14705294e-02	2.10295545e-03	1.46040060e-02	2.74551031e-02	2.10295545e-03	-2.10295545e-03	5.27849562e-02	7.57260150e-02
1573            	4.20593192e-02	2.50780448e-21	1.28511844e-01	-6.42559222e-03	-1.14705821e-02	2.10296596e-03	1.46040674e-02	2.74552518e-02	2.10296596e-03	-2.10296596e-03	5.27853400e-02	7.57265043e-02
1574            	4.20595547e-02	2.50784842e-21	1.28512649e-01	-6.42563246e-03	-1.14706281e-02	2.10297773e-03	1.46041449e-02	2.74554098e-02	2.10297773e-03	-2.10297773e-03	5.27856966e-02	7.57269527e-02
1575            	4.20597634e-02	2.50788349e-21	1.28513517e-01	-6.42567583e-03	-1.14706805e-02	2.10298817e-03	1.46042059e-02	2.74555575e-02	2.10298817e-03	-2.10298817e-03	5.27860778e-02	7.57274388e-02
1576            	4.20599975e-02	2.50792713e-21	1.28514316e-01	-6.42571580e-03	-1.14707262e-02	2.10299987e-03	1.46042829e-02	2.74557145e-02	2.10299987e-03	-2.10299987e-03	5.27864318e-02	7.57278842e-02
1577            	4.20602048e-02	2.50796188e-21	1.28515178e-01	-6.42575888e-03	-1.14707784e-02	2.10301024e-03	1.46043435e-02	2.74558613e-02	2.10301024e-03	-2.10301024e-03	5.27868104e-02	7.57283673e-02
1578            	4.20604376e-02	2.50800522e-21	1.28515972e-01	-6.42579859e-03	-1.14708240e-02	2.10302188e-03	1.46044202e-02	2.74560174e-02	2.10302188e-03	-2.10302188e-03	5.27871619e-02	7.57288098e-02
1579            	4.20606436e-02	2.50803966e-21	1.28516828e-01	-6.42584139e-03	-1.14708760e-02	2.10303218e-03	1.46044804e-02	2.74561632e-02	2.10303218e-03	-2.10303218e-03	5.27875380e-02	7.57292899e-02
1580            	4.20608752e-02	2.50808270e-21	1.28517617e-01	-6.42588083e-03	-1.14709213e-02	2.10304376e-03	1.46045568e-02	2.74563184e-02	2.10304376e-03	-2.10304376e-03	5.27878870e-02	7.57297296e-02
1581            	4.20610799e-02	2.50811682e-21	1.28518467e-01	-6.42592336e-03	-1.14709731e-02	2.10305399e-03	1.46046166e-02	2.74564633e-02	2.10305399e-03	-2.10305399e-03	5.27882605e-02	7.57302067e-02
1582            	4.20613101e-02	2.50815956e-21	1.28519251e-01	-6.42596253e-03	-1.14710182e-02	2.10306551e-03	1.46046925e-02	2.74566176e-02	2.10306551e-03	-2.10306551e-03	5.27886070e-02	7.57306435e-02
1583            	4.20615112e-02	2.50819309e-21	1.28520089e-01	-6.42600447e-03	-1.14710693e-02	2.10307556e-03	1.46047511e-02	2.74567601e-02	2.10307556e-03	-2.10307556e-03	5.27889754e-02	7.57311139e-02
1584            	4.20617424e-02	2.50823585e-21	1.28520873e-01	-6.42604367e-03	-1.14711147e-02	2.10308712e-03	1.46048275e-02	2.74569149e-02	2.10308712e-03	-2.10308712e-03	5.27893220e-02	7.57315514e-02
1585            	4.20619456e-02	2.50826947e-21	1.28521717e-01	-6.42608583e-03	-1.14711664e-02	2.10309728e-03	1.46048870e-02	2.74570586e-02	2.10309728e-03	-2.10309728e-03	5.27896919e-02	7.57320246e-02
1586            	4.20621734e-02	2.50831161e-21	1.28522489e-01	-6.42612447e-03	-1.14712111e-02	2.10310867e-03	1.46049622e-02	2.74572112e-02	2.10310867e-03	-2.10310867e-03	5.27900336e-02	7.57324558e-02
1587            	4.20623712e-02	2.50834447e-21	1.28523315e-01	-6.42616577e-03	-1.14712615e-02	2.10311856e-03	1.46050198e-02	2.74573514e-02	2.10311856e-03	-2.10311856e-03	5.27903962e-02	7.57329193e-02
1588            	4.20625991e-02	2.50838657e-21	1.28524087e-01	-6.42620435e-03	-1.14713064e-02	2.10312995e-03	1.46050952e-02	2.74575039e-02	2.10312995e-03	-2.10312995e-03	5.27907371e-02	7.57333499e-02
1589            	4.20627992e-02	2.50841954e-21	1.28524918e-01	-6.42624589e-03	-1.14713575e-02	2.10313996e-03	1.46051537e-02	2.74576455e-02	2.10313996e-03	-2.10313996e-03	5.27911014e-02	7.57338164e-02
1590            	4.20630243e-02	2.50846109e-21	1.28525680e-01	-6.42628399e-03	-1.14714017e-02	2.10315122e-03	1.46052282e-02	2.74577961e-02	2.10315122e-03	-2.10315122e-03	5.27914382e-02	7.57342416e-02
1591            	4.20632196e-02	2.50849334e-21	1.28526495e-01	-6.42632476e-03	-1.14714517e-02	2.10316098e-03	1.46052850e-02	2.74579346e-02	2.10316098e-03	-2.10316098e-03	5.27917959e-02	7.57346993e-02
1592            	4.20634451e-02	2.50853487e-21	1.28527256e-01	-6.42636282e-03	-1.14714962e-02	2.10317225e-03	1.46053597e-02	2.74580854e-02	2.10317225e-03	-2.10317225e-03	5.27921320e-02	7.57351244e-02
1593            	4.20636426e-02	2.50856725e-21	1.28528076e-01	-6.42640382e-03	-1.14715468e-02	2.10318213e-03	1.46054175e-02	2.74582251e-02	2.10318213e-03	-2.10318213e-03	5.27924914e-02	7.57355849e-02
1594            	4.20638651e-02	2.50860821e-21	1.28528828e-01	-6.42644138e-03	-1.14715906e-02	2.10319326e-03	1.46054912e-02	2.74583740e-02	2.10319326e-03	-2.10319326e-03	5.27928232e-02	7.57360044e-02
1595            	4.20640577e-02	2.50863987e-21	1.28529632e-01	-6.42648159e-03	-1.14716401e-02	2.10320289e-03	1.46055473e-02	2.74585104e-02	2.10320289e-03	-2.10320289e-03	5.27931758e-02	7.57364560e-02
1596            	4.20642805e-02	2.50868082e-21	1.28530382e-01	-6.42651910e-03	-1.14716840e-02	2.10321403e-03	1.46056212e-02	2.74586594e-02	2.10321403e-03	-2.10321403e-03	5.27935070e-02	7.57368750e-02
1597            	4.20644731e-02	2.50871230e-21	1.28531185e-01	-6.42655923e-03	-1.14717336e-02	2.10322366e-03	1.46056773e-02	2.74587958e-02	2.10322366e-03	-2.10322366e-03	5.27938586e-02	7.57373259e-02
1598            	4.20646952e-02	2.50875300e-21	1.28531931e-01	-6.42659655e-03	-1.14717775e-02	2.10323476e-03	1.46057511e-02	2.74589442e-02	2.10323476e-03	-2.10323476e-03	5.27941880e-02	7.57377430e-02
1599            	4.20648863e-02	2.50878417e-21	1.28532728e-01	-6.42663638e-03	-1.14718268e-02	2.10324432e-03	1.46058068e-02	2.74590795e-02	2.10324432e-03	-2.10324432e-03	5.27945369e-02	7.57381906e-02
1600            	4.20651067e-02	2.50882453e-21	1.28533467e-01	-6.42667336e-03	-1.14718703e-02	2.10325533e-03	1.46058800e-02	2.74592267e-02	2.10325533e-03	-2.10325533e-03	5.27948633e-02	7.57386039e-02
1601            	4.20652960e-02	2.50885537e-21	1.28534257e-01	-6.42671285e-03	-1.14719193e-02	2.10326480e-03	1.46059351e-02	2.74593608e-02	2.10326480e-03	-2.10326480e-03	5.27952093e-02	7.57390478e-02
1602            	4.20655147e-02	2.50889543e-21	1.28534991e-01	-6.42674954e-03	-1.14719625e-02	2.10327574e-03	1.46060078e-02	2.74595069e-02	2.10327574e-03	-2.10327574e-03	5.27955329e-02	7.57394578e-02
1603            	4.20657027e-02	2.50892598e-21	1.28535775e-01	-6.42678875e-03	-1.14720111e-02	2.10328513e-03	1.46060626e-02	2.74596401e-02	2.10328513e-03	-2.10328513e-03	5.27958764e-02	7.57398986e-02
1604            	4.20659202e-02	2.50896577e-21	1.28536503e-01	-6.42682517e-03	-1.14720541e-02	2.10329601e-03	1.46061349e-02	2.74597853e-02	2.10329601e-03	-2.10329601e-03	5.27961977e-02	7.57403058e-02
1605            	4.20661069e-02	2.50899603e-21	1.28537282e-01	-6.42686412e-03	-1.14721025e-02	2.10330534e-03	1.46061893e-02	2.74599175e-02	2.10330534e-03	-2.10330534e-03	5.27965386e-02	7.57407437e-02
1606            	4.20663231e-02	2.50903555e-21	1.28538005e-01	-6.42690027e-03	-1.14721452e-02	2.10331616e-03	1.46062613e-02	2.74600618e-02	2.10331616e-03	-2.10331616e-03	5.27968575e-02	7.57411480e-02
1607            	4.20665084e-02	2.50906552e-21	1.28538779e-01	-6.42693893e-03	-1.14721934e-02	2.10332542e-03	1.46063152e-02	2.74601931e-02	2.10332542e-03	-2.10332542e-03	5.27971959e-02	7.57415827e-02
1608            	4.20667232e-02	2.50910475e-21	1.28539496e-01	-6.42697481e-03	-1.14722358e-02	2.10333616e-03	1.46063868e-02	2.74603364e-02	2.10333616e-03	-2.10333616e-03	5.27975123e-02	7.57419839e-02
1609            	4.20669070e-02	2.50913444e-21	1.28540264e-01	-6.42701318e-03	-1.14722837e-02	2.10334535e-03	1.46064403e-02	2.74604667e-02	2.10334535e-03	-2.10334535e-03	5.27978481e-02	7.57424155e-02
1610            	4.20671205e-02	2.50917339e-21	1.28540976e-01	-6.42704878e-03	-1.14723258e-02	2.10335602e-03	1.46065115e-02	2.74606090e-02	2.10335602e-03	-2.10335602e-03	5.27981619e-02	7.57428136e-02
1611            	4.20673028e-02	2.50920278e-21	1.28541737e-01	-6.42708686e-03	-1.14723734e-02	2.10336514e-03	1.46065646e-02	2.74607383e-02	2.10336514e-03	-2.10336514e-03	5.27984952e-02	7.57432420e-02
1612            	4.20675149e-02	2.50924146e-21	1.28542444e-01	-6.42712219e-03	-1.14724153e-02	2.10337575e-03	1.46066353e-02	2.74608797e-02	2.10337575e-03	-2.10337575e-03	5.27988066e-02	7.57436372e-02
1613            	4.20676959e-02	2.50927056e-21	1.28543200e-01	-6.42715998e-03	-1.14724626e-02	2.10338479e-03	1.46066879e-02	2.74610079e-02	2.10338479e-03	-2.10338479e-03	5.27991373e-02	7.57440624e-02
1614            	4.20679066e-02	2.50930896e-21	1.28543901e-01	-6.42719503e-03	-1.14725042e-02	2.10339533e-03	1.46067583e-02	2.74611483e-02	2.10339533e-03	-2.10339533e-03	5.27994461e-02	7.57444545e-02
1615            	4.20680861e-02	2.50933778e-21	1.28544651e-01	-6.42723254e-03	-1.14725512e-02	2.10340430e-03	1.46068105e-02	2.74612756e-02	2.10340430e-03	-2.10340430e-03	5.27997743e-02	7.57448766e-02
1616            	4.20682954e-02	2.50937590e-21	1.28545346e-01	-6.42726732e-03	-1.14725925e-02	2.10341477e-03	1.46068804e-02	2.74614150e-02	2.10341477e-03	-2.10341477e-03	5.28000807e-02	7.57452657e-02
1617            	4.20684735e-02	2.50940444e-21	1.28546091e-01	-6.42730454e-03	-1.14726392e-02	2.10342367e-03	1.46069322e-02	2.74615413e-02	2.10342367e-03	-2.10342367e-03	5.28004062e-02	7.57456846e-02
1618            	4.20686814e-02	2.50944228e-21	1.28546781e-01	-6.42733904e-03	-1.14726802e-02	2.10343407e-03	1.46070017e-02	2.74616797e-02	2.10343407e-03	-2.10343407e-03	5.28007101e-02	7.57460706e-02
1619            	4.20688580e-02	2.50947054e-21	1.28547520e-01	-6.42737598e-03	-1.14727266e-02	2.10344290e-03	1.46070530e-02	2.74618050e-02	2.10344290e-03	-2.10344290e-03	5.28010331e-02	7.57464864e-02
1620            	4.20690646e-02	2.50950811e-21	1.28548204e-01	-6.42741019e-03	-1.14727674e-02	2.10345323e-03	1.46071221e-02	2.74619425e-02	2.10345323e-03	-2.10345323e-03	5.28013346e-02	7.57468693e-02
1621            	4.20692376e-02	2.50953586e-21	1.28548932e-01	-6.42744659e-03	-1.14728129e-02	2.10346188e-03	1.46071722e-02	2.74620654e-02	2.10346188e-03	-2.10346188e-03	5.28016529e-02	7.57472788e-02
1622            	4.20694448e-02	2.50957343e-21	1.28549616e-01	-6.42748079e-03	-1.14728539e-02	2.10347224e-03	1.46072416e-02	2.74622032e-02	2.10347224e-03	-2.10347224e-03	5.28019539e-02	7.57476618e-02
1623            	4.20696175e-02	2.50960096e-21	1.28550341e-01	-6.42751704e-03	-1.14728995e-02	2.10348088e-03	1.46072917e-02	2.74623258e-02	2.10348088e-03	-2.10348088e-03	5.28022709e-02	7.57480699e-02
1624            	4.20698234e-02	2.50963824e-21	1.28551019e-01	-6.42755097e-03	-1.14729402e-02	2.10349117e-03	1.46073607e-02	2.74624626e-02	2.10349117e-03	-2.10349117e-03	5.28025695e-02	7.57484499e-02
1625            	4.20699942e-02	2.50966545e-21	1.28551737e-01	-6.42758687e-03	-1.14729853e-02	2.10349971e-03	1.46074102e-02	2.74625840e-02	2.10349971e-03	-2.10349971e-03	5.28028834e-02	7.57488540e-02
1626            	4.20701980e-02	2.50970242e-21	1.28552409e-01	-6.42762044e-03	-1.14730255e-02	2.10350990e-03	1.46074785e-02	2.74627194e-02	2.10350990e-03	-2.10350990e-03	5.28031789e-02	7.57492299e-02
1627            	4.20703669e-02	2.50972934e-21	1.28553120e-01	-6.42765601e-03	-1.14730702e-02	2.10351835e-03	1.46075275e-02	2.74628395e-02	2.10351835e-03	-2.10351835e-03	5.28034899e-02	7.57496303e-02
1628            	4.20705692e-02	2.50976603e-21	1.28553786e-01	-6.42768929e-03	-1.14731101e-02	2.10352846e-03	1.46075953e-02	2.74629739e-02	2.10352846e-03	-2.10352846e-03	5.28037828e-02	7.57500030e-02
1629            	4.20707368e-02	2.50979269e-21	1.28554492e-01	-6.42772459e-03	-1.14731545e-02	2.10353684e-03	1.46076438e-02	2.74630930e-02	2.10353684e-03	-2.10353684e-03	5.28040915e-02	7.57504004e-02
1630            	4.20709378e-02	2.50982913e-21	1.28555152e-01	-6.42775761e-03	-1.14731941e-02	2.10354689e-03	1.46077113e-02	2.74632265e-02	2.10354689e-03	-2.10354689e-03	5.28043821e-02	7.57507702e-02
1631            	4.20711040e-02	2.50985551e-21	1.28555853e-01	-6.42779265e-03	-1.14732382e-02	2.10355520e-03	1.46077594e-02	2.74633446e-02	2.10355520e-03	-2.10355520e-03	5.28046883e-02	7.57511646e-02
1632            	4.20713036e-02	2.50989169e-21	1.28556508e-01	-6.42782539e-03	-1.14732775e-02	2.10356518e-03	1.46078264e-02	2.74634772e-02	2.10356518e-03	-2.10356518e-03	5.28049764e-02	7.57515314e-02
1633            	4.20714683e-02	2.50991780e-21	1.28557203e-01	-6.42786013e-03	-1.14733212e-02	2.10357341e-03	1.46078740e-02	2.74635943e-02	2.10357341e-03	-2.10357341e-03	5.28052801e-02	7.57519226e-02
1634            	4.20716663e-02	2.50995371e-21	1.28557852e-01	-6.42789259e-03	-1.14733602e-02	2.10358332e-03	1.46079406e-02	2.74637258e-02	2.10358332e-03	-2.10358332e-03	5.28055657e-02	7.57522861e-02
1635            	4.20718295e-02	2.50997956e-21	1.28558541e-01	-6.42792704e-03	-1.14734036e-02	2.10359148e-03	1.46079877e-02	2.74638418e-02	2.10359148e-03	-2.10359148e-03	5.28058668e-02	7.57526741e-02
1636            	4.20720261e-02	2.51001520e-21	1.28559184e-01	-6.42795922e-03	-1.14734422e-02	2.10360131e-03	1.46080538e-02	2.74639723e-02	2.10360131e-03	-2.10360131e-03	5.28061500e-02	7.57530345e-02
1637            	4.20721878e-02	2.51004078e-21	1.28559868e-01	-6.42799339e-03	-1.14734853e-02	2.10360939e-03	1.46081005e-02	2.74640873e-02	2.10360939e-03	-2.10360939e-03	5.28064486e-02	7.57534192e-02
1638            	4.20723829e-02	2.51007617e-21	1.28560506e-01	-6.42802529e-03	-1.14735236e-02	2.10361915e-03	1.46081662e-02	2.74642168e-02	2.10361915e-03	-2.10361915e-03	5.28067293e-02	7.57537766e-02
1639            	4.20725432e-02	2.51010149e-21	1.28561184e-01	-6.42805918e-03	-1.14735664e-02	2.10362716e-03	1.46082124e-02	2.74643308e-02	2.10362716e-03	-2.10362716e-03	5.28070254e-02	7.57541582e-02
1640            	4.20727368e-02	2.51013662e-21	1.28561816e-01	-6.42809081e-03	-1.14736043e-02	2.10363684e-03	1.46082776e-02	2.74644592e-02	2.10363684e-03	-2.10363684e-03	5.28073037e-02	7.57545124e-02
1641            	4.20728956e-02	2.51016168e-21	1.28562488e-01	-6.42812441e-03	-1.14736468e-02	2.10364478e-03	1.46083234e-02	2.74645722e-02	2.10364478e-03	-2.10364478e-03	5.28075973e-02	7.57548908e-02
1642            	4.20730877e-02	2.51019655e-21	1.28563115e-01	-6.42815576e-03	-1.14736844e-02	2.10365439e-03	1.46083881e-02	2.74646996e-02	2.10365439e-03	-2.10365439e-03	5.28078732e-02	7.57552419e-02
1643            	4.20732449e-02	2.51022135e-21	1.28563782e-01	-6.42818908e-03	-1.14737264e-02	2.10366225e-03	1.46084334e-02	2.74648115e-02	2.10366225e-03	-2.10366225e-03	5.28081643e-02	7.57556172e-02
1644            	4.20734357e-02	2.51025598e-21	1.28564403e-01	-6.42822014e-03	-1.14737637e-02	2.10367178e-03	1.46084977e-02	2.74649380e-02	2.10367178e-03	-2.10367178e-03	5.28084377e-02	7.57559652e-02
1645            	4.20735913e-02	2.51028051e-21	1.28565064e-01	-6.42825318e-03	-1.14738054e-02	2.10367957e-03	1.46085425e-02	2.74650488e-02	2.10367957e-03	-2.10367957e-03	5.28087264e-02	7.57563372e-02
1646            	4.20737806e-02	2.51031489e-21	1.28565679e-01	-6.42828397e-03	-1.14738424e-02	2.10368903e-03	1.46086063e-02	2.74651743e-02	2.10368903e-03	-2.10368903e-03	5.28089973e-02	7.57566821e-02
1647            	4.20739347e-02	2.51033917e-21	1.28566334e-01	-6.42831672e-03	-1.14738837e-02	2.10369674e-03	1.46086506e-02	2.74652841e-02	2.10369674e-03	-2.10369674e-03	5.28092835e-02	7.57570509e-02
1648            	4.20741225e-02	2.51037330e-21	1.28566945e-01	-6.42834724e-03	-1.14739203e-02	2.10370612e-03	1.46087140e-02	2.74654085e-02	2.10370612e-03	-2.10370612e-03	5.28095521e-02	7.57573927e-02
1649            	4.20742751e-02	2.51039733e-21	1.28567594e-01	-6.42837971e-03	-1.14739613e-02	2.10371376e-03	1.46087578e-02	2.74655173e-02	2.10371376e-03	-2.10371376e-03	5.28098358e-02	7.57577584e-02
1650            	4.20744614e-02	2.51043121e-21	1.28568199e-01	-6.42840995e-03	-1.14739975e-02	2.10372307e-03	1.46088207e-02	2.74656406e-02	2.10372307e-03	-2.10372307e-03	5.28101019e-02	7.57580970e-02
1651            	4.20746125e-02	2.51045499e-21	1.28568843e-01	-6.42844214e-03	-1.14740382e-02	2.10373062e-03	1.46088641e-02	2.74657484e-02	2.10373062e-03	-2.10373062e-03	5.28103832e-02	7.57584595e-02
1652            	4.20747972e-02	2.51048863e-21	1.28569442e-01	-6.42847210e-03	-1.14740741e-02	2.10373986e-03	1.46089265e-02	2.74658707e-02	2.10373986e-03	-2.10373986e-03	5.28106469e-02	7.57587951e-02
1653            	4.20749468e-02	2.51051216e-21	1.28570080e-01	-6.42850401e-03	-1.14741143e-02	2.10374734e-03	1.46089694e-02	2.74659774e-02	2.10374734e-03	-2.10374734e-03	5.28109258e-02	7.57591544e-02
1654            	4.20751301e-02	2.51054556e-21	1.28570674e-01	-6.42853370e-03	-1.14741499e-02	2.10375651e-03	1.46090314e-02	2.74660988e-02	2.10375651e-03	-2.10375651e-03	5.28111871e-02	7.57594869e-02
1655            	4.20752756e-02	2.51056854e-21	1.28571299e-01	-6.42856496e-03	-1.14741891e-02	2.10376378e-03	1.46090728e-02	2.74662027e-02	2.10376378e-03	-2.10376378e-03	5.28114605e-02	7.57598388e-02
1656            	4.20754601e-02	2.51060205e-21	1.28571895e-01	-6.42859476e-03	-1.14742251e-02	2.10377300e-03	1.46091353e-02	2.74663248e-02	2.10377300e-03	-2.10377300e-03	5.28117225e-02	7.57601727e-02
1657            	4.20756055e-02	2.51062487e-21	1.28572519e-01	-6.42862596e-03	-1.14742644e-02	2.10378028e-03	1.46091768e-02	2.74664287e-02	2.10378028e-03	-2.10378028e-03	5.28119952e-02	7.57605240e-02
1658            	4.20757863e-02	2.51065788e-21	1.28573103e-01	-6.42865516e-03	-1.14742995e-02	2.10378932e-03	1.46092380e-02	2.74665483e-02	2.10378932e-03	-2.10378932e-03	5.28122522e-02	7.57608511e-02
1659            	4.20759320e-02	2.51068069e-21	1.28573727e-01	-6.42868635e-03	-1.14743389e-02	2.10379660e-03	1.46092797e-02	2.74666524e-02	2.10379660e-03	-2.10379660e-03	5.28125246e-02	7.57612024e-02
1660            	4.20761118e-02	2.51071352e-21	1.28574307e-01	-6.42871537e-03	-1.14743737e-02	2.10380559e-03	1.46093406e-02	2.74667713e-02	2.10380559e-03	-2.10380559e-03	5.28127799e-02	7.57615274e-02
1661            	4.20762557e-02	2.51073606e-21	1.28574925e-01	-6.42874624e-03	-1.14744127e-02	2.10381278e-03	1.46093816e-02	2.74668741e-02	2.10381278e-03	-2.10381278e-03	5.28130496e-02	7.57618751e-02
1662            	4.20764333e-02	2.51076858e-21	1.28575498e-01	-6.42877490e-03	-1.14744471e-02	2.10382167e-03	1.46094418e-02	2.74669916e-02	2.10382167e-03	-2.10382167e-03	5.28133019e-02	7.57621960e-02
1663            	4.20765752e-02	2.51079083e-21	1.28576108e-01	-6.42880542e-03	-1.14744856e-02	2.10382876e-03	1.46094822e-02	2.74670930e-02	2.10382876e-03	-2.10382876e-03	5.28135687e-02	7.57625398e-02
1664            	4.20767511e-02	2.51082309e-21	1.28576676e-01	-6.42883379e-03	-1.14745195e-02	2.10383756e-03	1.46095418e-02	2.74672094e-02	2.10383756e-03	-2.10383756e-03	5.28138184e-02	7.57628574e-02
1665            	4.20768915e-02	2.51084511e-21	1.28577281e-01	-6.42886405e-03	-1.14745576e-02	2.10384457e-03	1.46095817e-02	2.74673098e-02	2.10384457e-03	-2.10384457e-03	5.28140829e-02	7.57631981e-02
1666            	4.20770662e-02	2.51087716e-21	1.28577843e-01	-6.42889216e-03	-1.14745912e-02	2.10385331e-03	1.46096409e-02	2.74674252e-02	2.10385331e-03	-2.10385331e-03	5.28143304e-02	7.57635129e-02
1667            	4.20772051e-02	2.51089895e-21	1.28578443e-01	-6.42892217e-03	-1.14746290e-02	2.10386026e-03	1.46096804e-02	2.74675247e-02	2.10386026e-03	-2.10386026e-03	5.28145927e-02	7.57638507e-02
1668            	4.20773784e-02	2.51093078e-21	1.28579001e-01	-6.42895003e-03	-1.14746622e-02	2.10386892e-03	1.46097392e-02	2.74676392e-02	2.10386892e-03	-2.10386892e-03	5.28148380e-02	7.57641625e-02
1669            	4.20775158e-02	2.51095234e-21	1.28579595e-01	-6.42897976e-03	-1.14746996e-02	2.10387579e-03	1.46097782e-02	2.74677377e-02	2.10387579e-03	-2.10387579e-03	5.28150979e-02	7.57644972e-02
1670            	4.20776876e-02	2.51098395e-21	1.28580147e-01	-6.42900734e-03	-1.14747325e-02	2.10388438e-03	1.46098365e-02	2.74678511e-02	2.10388438e-03	-2.10388438e-03	5.28153409e-02	7.57648059e-02
1671            	4.20778235e-02	2.51100527e-21	1.28580736e-01	-6.42903679e-03	-1.14747695e-02	2.10389118e-03	1.46098750e-02	2.74679485e-02	2.10389118e-03	-2.10389118e-03	5.28155984e-02	7.57651374e-02
1672            	4.20779938e-02	2.51103666e-21	1.28581282e-01	-6.42906412e-03	-1.14748020e-02	2.10389969e-03	1.46099328e-02	2.74680610e-02	2.10389969e-03	-2.10389969e-03	5.28158392e-02	7.57654431e-02
1673            	4.20781282e-02	2.51105775e-21	1.28581866e-01	-6.42909330e-03	-1.14748386e-02	2.10390641e-03	1.46099708e-02	2.74681574e-02	2.10390641e-03	-2.10390641e-03	5.28160944e-02	7.57657716e-02
1674            	4.20782972e-02	2.51108891e-21	1.28582407e-01	-6.42912037e-03	-1.14748708e-02	2.10391486e-03	1.46100282e-02	2.74682690e-02	2.10391486e-03	-2.10391486e-03	5.28163330e-02	7.57660745e-02
1675            	4.20784302e-02	2.51110977e-21	1.28582986e-01	-6.42914930e-03	-1.14749070e-02	2.10392151e-03	1.46100658e-02	2.74683644e-02	2.10392151e-03	-2.10392151e-03	5.28165859e-02	7.57664000e-02
1676            	4.20785978e-02	2.51114071e-21	1.28583522e-01	-6.42917612e-03	-1.14749389e-02	2.10392989e-03	1.46101228e-02	2.74684750e-02	2.10392989e-03	-2.10392989e-03	5.28168223e-02	7.57667001e-02
1677            	4.20787293e-02	2.51116134e-21	1.28584096e-01	-6.42920478e-03	-1.14749748e-02	2.10393647e-03	1.46101599e-02	2.74685695e-02	2.10393647e-03	-2.10393647e-03	5.28170730e-02	7.57670227e-02
1678            	4.20788956e-02	2.51119206e-21	1.28584627e-01	-6.42923136e-03	-1.14750063e-02	2.10394478e-03	1.46102164e-02	2.74686791e-02	2.10394478e-03	-2.10394478e-03	5.28173073e-02	7.57673200e-02
1679            	4.20790257e-02	2.51121247e-21	1.28585195e-01	-6.42925977e-03	-1.14750420e-02	2.10395129e-03	1.46102531e-02	2.74687726e-02	2.10395129e-03	-2.10395129e-03	5.28175558e-02	7.57676397e-02
1680            	4.20791906e-02	2.51124298e-21	1.28585722e-01	-6.42928611e-03	-1.14750732e-02	2.10395953e-03	1.46103092e-02	2.74688814e-02	2.10395953e-03	-2.10395953e-03	5.28177880e-02	7.57679343e-02
1681            	4.20793194e-02	2.51126316e-21	1.28586285e-01	-6.42931427e-03	-1.14751085e-02	2.10396597e-03	1.46103454e-02	2.74689740e-02	2.10396597e-03	-2.10396597e-03	5.28180342e-02	7.57682512e-02
1682            	4.20794830e-02	2.51129346e-21	1.28586807e-01	-6.42934037e-03	-1.14751394e-02	2.10397415e-03	1.46104011e-02	2.74690819e-02	2.10397415e-03	-2.10397415e-03	5.28182644e-02	7.57685431e-02
1683            	4.20796103e-02	2.51131341e-21	1.28587366e-01	-6.42936828e-03	-1.14751743e-02	2.10398052e-03	1.46104369e-02	2.74691734e-02	2.10398052e-03	-2.10398052e-03	5.28185084e-02	7.57688571e-02
1684            	4.20797726e-02	2.51134351e-21	1.28587883e-01	-6.42939414e-03	-1.14752049e-02	2.10398863e-03	1.46104922e-02	2.74692805e-02	2.10398863e-03	-2.10398863e-03	5.28187365e-02	7.57691464e-02
1685            	4.20798986e-02	2.51136324e-21	1.28588436e-01	-6.42942180e-03	-1.14752396e-02	2.10399493e-03	1.46105275e-02	2.74693711e-02	2.10399493e-03	-2.10399493e-03	5.28189785e-02	7.57694576e-02
1686            	4.20800596e-02	2.51139312e-21	1.28588949e-01	-6.42944744e-03	-1.14752699e-02	2.10400298e-03	1.46105824e-02	2.74694772e-02	2.10400298e-03	-2.10400298e-03	5.28192045e-02	7.57697443e-02
1687            	4.20801843e-02	2.51141264e-21	1.28589497e-01	-6.42947485e-03	-1.14753042e-02	2.10400921e-03	1.46106173e-02	2.74695670e-02	2.10400921e-03	-2.10400921e-03	5.28194443e-02	7.57700528e-02
1688            	4.20803440e-02	2.51144232e-21	1.28590005e-01	-6.42950025e-03	-1.14753342e-02	2.10401720e-03	1.46106717e-02	2.74696722e-02	2.10401720e-03	-2.10401720e-03	5.28196683e-02	7.57703368e-02
1689            	4.20804673e-02	2.51146162e-21	1.28590549e-01	-6.42952743e-03	-1.14753683e-02	2.10402336e-03	1.46107062e-02	2.74697611e-02	2.10402336e-03	-2.10402336e-03	5.28199060e-02	7.57706426e-02
1690            	4.20806257e-02	2.51149109e-21	1.28591052e-01	-6.42955260e-03	-1.14753980e-02	2.10403129e-03	1.46107603e-02	2.74698655e-02	2.10403129e-03	-2.10403129e-03	5.28201280e-02	7.57709240e-02
1691            	4.20807477e-02	2.51151017e-21	1.28591591e-01	-6.42957954e-03	-1.14754317e-02	2.10403739e-03	1.46107943e-02	2.74699534e-02	2.10403739e-03	-2.10403739e-03	5.28203636e-02	7.57712271e-02
1692            	4.20809049e-02	2.51153944e-21	1.28592090e-01	-6.42960448e-03	-1.14754612e-02	2.10404525e-03	1.46108480e-02	2.74700569e-02	2.10404525e-03	-2.10404525e-03	5.28205837e-02	7.57715060e-02
1693            	4.20810256e-02	2.51155831e-21	1.28592624e-01	-6.42963118e-03	-1.14754946e-02	2.10405128e-03	1.46108816e-02	2.74701440e-02	2.10405128e-03	-2.10405128e-03	5.28208172e-02	7.57718064e-02
1694            	4.20811816e-02	2.51158738e-21	1.28593118e-01	-6.42965591e-03	-1.14755237e-02	2.10405908e-03	1.46109349e-02	2.74702467e-02	2.10405908e-03	-2.10405908e-03	5.28210353e-02	7.57720828e-02
1695            	4.20813009e-02	2.51160604e-21	1.28593647e-01	-6.42968237e-03	-1.14755569e-02	2.10406505e-03	1.46109681e-02	2.74703328e-02	2.10406505e-03	-2.10406505e-03	5.28212668e-02	7.57723806e-02
1696            	4.20814557e-02	2.51163491e-21	1.28594137e-01	-6.42970687e-03	-1.14755858e-02	2.10407279e-03	1.46110210e-02	2.74704347e-02	2.10407279e-03	-2.10407279e-03	5.28214830e-02	7.57726545e-02
1697            	4.20815759e-02	2.51165367e-21	1.28594668e-01	-6.42973342e-03	-1.14756191e-02	2.10407879e-03	1.46110545e-02	2.74705214e-02	2.10407879e-03	-2.10407879e-03	5.28217151e-02	7.57729533e-02
1698            	4.20817272e-02	2.51168200e-21	1.28595148e-01	-6.42975738e-03	-1.14756471e-02	2.10408636e-03	1.46111062e-02	2.74706210e-02	2.10408636e-03	-2.10408636e-03	5.28219266e-02	7.57732209e-02
1699            	4.20818450e-02	2.51170045e-21	1.28595670e-01	-6.42978352e-03	-1.14756799e-02	2.10409225e-03	1.46111390e-02	2.74707060e-02	2.10409225e-03	-2.10409225e-03	5.28221553e-02	7.57735151e-02
1700            	4.20819951e-02	2.51172860e-21	1.28596145e-01	-6.42980725e-03	-1.14757077e-02	2.10409975e-03	1.46111903e-02	2.74708048e-02	2.10409975e-03	-2.10409975e-03	5.28223649e-02	7.57737802e-02
1701            	4.20821121e-02	2.51174691e-21	1.28596665e-01	-6.42983326e-03	-1.14757403e-02	2.10410561e-03	1.46112228e-02	2.74708893e-02	2.10410561e-03	-2.10410561e-03	5.28225923e-02	7.57740729e-02
1702            	4.20822617e-02	2.51177493e-21	1.28597137e-01	-6.42985687e-03	-1.14757680e-02	2.10411309e-03	1.46112740e-02	2.74709877e-02	2.10411309e-03	-2.10411309e-03	5.28228007e-02	7.57743367e-02
1703            	4.20823780e-02	2.51179307e-21	1.28597654e-01	-6.42988271e-03	-1.14758004e-02	2.10411890e-03	1.46113063e-02	2.74710717e-02	2.10411890e-03	-2.10411890e-03	5.28230266e-02	7.57746275e-02
1704            	4.20825265e-02	2.51182090e-21	1.28598122e-01	-6.42990612e-03	-1.14758279e-02	2.10412633e-03	1.46113571e-02	2.74711694e-02	2.10412633e-03	-2.10412633e-03	5.28232333e-02	7.57748891e-02
1705            	4.20826415e-02	2.51183883e-21	1.28598634e-01	-6.42993172e-03	-1.14758601e-02	2.10413207e-03	1.46113890e-02	2.74712524e-02	2.10413207e-03	-2.10413207e-03	5.28234571e-02	7.57751773e-02
1706            	4.20827887e-02	2.51186645e-21	1.28599098e-01	-6.42995490e-03	-1.14758872e-02	2.10413944e-03	1.46114395e-02	2.74713493e-02	2.10413944e-03	-2.10413944e-03	5.28236618e-02	7.57754362e-02
1707            	4.20829023e-02	2.51188417e-21	1.28599605e-01	-6.42998027e-03	-1.14759191e-02	2.10414512e-03	1.46114709e-02	2.74714314e-02	2.10414512e-03	-2.10414512e-03	5.28238836e-02	7.57757218e-02
1708            	4.20830485e-02	2.51191160e-21	1.28600065e-01	-6.43000325e-03	-1.14759461e-02	2.10415242e-03	1.46115210e-02	2.74715275e-02	2.10415242e-03	-2.10415242e-03	5.28240864e-02	7.57759785e-02
1709            	4.20831610e-02	2.51192912e-21	1.28600568e-01	-6.43002841e-03	-1.14759777e-02	2.10415805e-03	1.46115521e-02	2.74716089e-02	2.10415805e-03	-2.10415805e-03	5.28243064e-02	7.57762618e-02
1710            	4.20833061e-02	2.51195638e-21	1.28601024e-01	-6.43005119e-03	-1.14760044e-02	2.10416530e-03	1.46116018e-02	2.74717042e-02	2.10416530e-03	-2.10416530e-03	5.28245075e-02	7.57765164e-02
1711            	4.20834175e-02	2.51197370e-21	1.28601523e-01	-6.43007615e-03	-1.14760359e-02	2.10417087e-03	1.46116326e-02	2.74717849e-02	2.10417087e-03	-2.10417087e-03	5.28247257e-02	7.57767974e-02
1712            	4.20835616e-02	2.51200077e-21	1.28601975e-01	-6.43009874e-03	-1.14760624e-02	2.10417808e-03	1.46116820e-02	2.74718795e-02	2.10417808e-03	-2.10417808e-03	5.28249251e-02	7.57770498e-02
1713            	4.20836718e-02	2.51201791e-21	1.28602470e-01	-6.43012349e-03	-1.14760935e-02	2.10418359e-03	1.46117124e-02	2.74719594e-02	2.10418359e-03	-2.10418359e-03	5.28251414e-02	7.57773285e-02
1714            	4.20838148e-02	2.51204479e-21	1.28602918e-01	-6.43014589e-03	-1.14761198e-02	2.10419074e-03	1.46117615e-02	2.74720533e-02	2.10419074e-03	-2.10419074e-03	5.28253391e-02	7.57775787e-02
1715            	4.20839240e-02	2.51206173e-21	1.28603409e-01	-6.43017043e-03	-1.14761507e-02	2.10419620e-03	1.46117916e-02	2.74721324e-02	2.10419620e-03	-2.10419620e-03	5.28255535e-02	7.57778550e-02
1716            	4.20840660e-02	2.51208844e-21	1.28603853e-01	-6.43019263e-03	-1.14761768e-02	2.10420330e-03	1.46118404e-02	2.74722256e-02	2.10420330e-03	-2.10420330e-03	5.28257495e-02	7.57781031e-02
1717            	4.20841740e-02	2.51210518e-21	1.28604339e-01	-6.43021696e-03	-1.14762075e-02	2.10420870e-03	1.46118700e-02	2.74723040e-02	2.10420870e-03	-2.10420870e-03	5.28259621e-02	7.57783771e-02
1718            	4.20843150e-02	2.51213171e-21	1.28604779e-01	-6.43023897e-03	-1.14762333e-02	2.10421575e-03	1.46119185e-02	2.74723965e-02	2.10421575e-03	-2.10421575e-03	5.28261564e-02	7.57786231e-02
1719            	4.20844219e-02	2.51214827e-21	1.28605262e-01	-6.43026311e-03	-1.14762638e-02	2.10422110e-03	1.46119479e-02	2.74724741e-02	2.10422110e-03	-2.10422110e-03	5.28263673e-02	7.57788948e-02
1720            	4.20845619e-02	2.51217462e-21	1.28605699e-01	-6.43028493e-03	-1.14762894e-02	2.10422809e-03	1.46119960e-02	2.74725659e-02	2.10422809e-03	-2.10422809e-03	5.28265599e-02	7.57791387e-02
1721            	4.20846677e-02	2.51219098e-21	1.28606177e-01	-6.43030886e-03	-1.14763196e-02	2.10423339e-03	1.46120250e-02	2.74726427e-02	2.10423339e-03	-2.10423339e-03	5.28267690e-02	7.57794082e-02
1722            	4.20848067e-02	2.51221716e-21	1.28606610e-01	-6.43033050e-03	-1.14763450e-02	2.10424034e-03	1.46120729e-02	2.74727339e-02	2.10424034e-03	-2.10424034e-03	5.28269599e-02	7.57796500e-02
1723            	4.20849115e-02	2.51223334e-21	1.28607085e-01	-6.43035423e-03	-1.14763750e-02	2.10424558e-03	1.46121015e-02	2.74728100e-02	2.10424558e-03	-2.10424558e-03	5.28271673e-02	7.57799173e-02
1724            	4.20850495e-02	2.51225934e-21	1.28607514e-01	-6.43037568e-03	-1.14764002e-02	2.10425248e-03	1.46121491e-02	2.74729004e-02	2.10425248e-03	-2.10425248e-03	5.28273566e-02	7.57801570e-02
1725            	4.20851532e-02	2.51227533e-21	1.28607984e-01	-6.43039921e-03	-1.14764300e-02	2.10425766e-03	1.46121774e-02	2.74729758e-02	2.10425766e-03	-2.10425766e-03	5.28275622e-02	7.57804221e-02
1726            	4.20852922e-02	2.51230138e-21	1.28608416e-01	-6.43042078e-03	-1.14764554e-02	2.10426461e-03	1.46122253e-02	2.74730669e-02	2.10426461e-03	-2.10426461e-03	5.28277523e-02	7.57806632e-02
1727            	4.20853928e-02	2.51231693e-21	1.28608876e-01	-6.43044381e-03	-1.14764844e-02	2.10426964e-03	1.46122526e-02	2.74731402e-02	2.10426964e-03	-2.10426964e-03	5.28279537e-02	7.57809226e-02
1728            	4.20855297e-02	2.51234268e-21	1.28609301e-01	-6.43046503e-03	-1.14765094e-02	2.10427649e-03	1.46122998e-02	2.74732299e-02	2.10427649e-03	-2.10427649e-03	5.28281409e-02	7.57811597e-02
1729            	4.20856292e-02	2.51235805e-21	1.28609757e-01	-6.43048786e-03	-1.14765382e-02	2.10428146e-03	1.46123268e-02	2.74733025e-02	2.10428146e-03	-2.10428146e-03	5.28283404e-02	7.57814168e-02
1730            	4.20857657e-02	2.51238369e-21	1.28610179e-01	-6.43050897e-03	-1.14765631e-02	2.10428828e-03	1.46123739e-02	2.74733918e-02	2.10428828e-03	-2.10428828e-03	5.28285266e-02	7.57816528e-02
1731            	4.20858647e-02	2.51239895e-21	1.28610634e-01	-6.43053169e-03	-1.14765918e-02	2.10429324e-03	1.46124007e-02	2.74734641e-02	2.10429324e-03	-2.10429324e-03	5.28287252e-02	7.57819087e-02
1732            	4.20860006e-02	2.51242447e-21	1.28611053e-01	-6.43055267e-03	-1.14766165e-02	2.10430003e-03	1.46124476e-02	2.74735530e-02	2.10430003e-03	-2.10430003e-03	5.28289102e-02	7.57821433e-02
1733            	4.20860988e-02	2.51243955e-21	1.28611504e-01	-6.43057522e-03	-1.14766450e-02	2.10430494e-03	1.46124742e-02	2.74736246e-02	2.10430494e-03	-2.10430494e-03	5.28291071e-02	7.57823972e-02
1734            	4.20862336e-02	2.51246489e-21	1.28611920e-01	-6.43059600e-03	-1.14766696e-02	2.10431168e-03	1.46125208e-02	2.74737128e-02	2.10431168e-03	-2.10431168e-03	5.28292904e-02	7.57826296e-02
1735            	4.20863305e-02	2.51247978e-21	1.28612367e-01	-6.43061833e-03	-1.14766978e-02	2.10431653e-03	1.46125469e-02	2.74737836e-02	2.10431653e-03	-2.10431653e-03	5.28294855e-02	7.57828811e-02
1736            	4.20864643e-02	2.51250493e-21	1.28612778e-01	-6.43063892e-03	-1.14767221e-02	2.10432321e-03	1.46125932e-02	2.74738711e-02	2.10432321e-03	-2.10432321e-03	5.28296671e-02	7.57831113e-02
1737            	4.20865602e-02	2.51251964e-21	1.28613221e-01	-6.43066106e-03	-1.14767501e-02	2.10432801e-03	1.46126191e-02	2.74739412e-02	2.10432801e-03	-2.10432801e-03	5.28298605e-02	7.57833607e-02
1738            	4.20866930e-02	2.51254463e-21	1.28613630e-01	-6.43068148e-03	-1.14767742e-02	2.10433465e-03	1.46126650e-02	2.74740280e-02	2.10433465e-03	-2.10433465e-03	5.28300406e-02	7.57835890e-02
1739            	4.20867881e-02	2.51255918e-21	1.28614069e-01	-6.43070344e-03	-1.14768020e-02	2.10433940e-03	1.46126906e-02	2.74740975e-02	2.10433940e-03	-2.10433940e-03	5.28302324e-02	7.57838364e-02
1740            	4.20869200e-02	2.51258401e-21	1.28614474e-01	-6.43072368e-03	-1.14768259e-02	2.10434600e-03	1.46127363e-02	2.74741837e-02	2.10434600e-03	-2.10434600e-03	5.28304109e-02	7.57840627e-02
1741            	4.20870140e-02	2.51259839e-21	1.28614909e-01	-6.43074546e-03	-1.14768535e-02	2.10435070e-03	1.46127615e-02	2.74742525e-02	2.10435070e-03	-2.10435070e-03	5.28306012e-02	7.57843081e-02
1742            	4.20871450e-02	2.51262306e-21	1.28615311e-01	-6.43076553e-03	-1.14768771e-02	2.10435725e-03	1.46128070e-02	2.74743380e-02	2.10435725e-03	-2.10435725e-03	5.28307781e-02	7.57845324e-02
1743            	4.20872380e-02	2.51263728e-21	1.28615742e-01	-6.43078712e-03	-1.14769045e-02	2.10436190e-03	1.46128319e-02	2.74744061e-02	2.10436190e-03	-2.10436190e-03	5.28309668e-02	7.57847757e-02
1744            	4.20873680e-02	2.51266179e-21	1.28616140e-01	-6.43080701e-03	-1.14769279e-02	2.10436840e-03	1.46128770e-02	2.74744910e-02	2.10436840e-03	-2.10436840e-03	5.28311421e-02	7.57849980e-02
1745            	4.20874600e-02	2.51267584e-21	1.28616568e-01	-6.43082842e-03	-1.14769550e-02	2.10437300e-03	1.46129016e-02	2.74745584e-02	2.10437300e-03	-2.10437300e-03	5.28313291e-02	7.57852392e-02
1746            	4.20875891e-02	2.51270019e-21	1.28616962e-01	-6.43084812e-03	-1.14769783e-02	2.10437945e-03	1.46129464e-02	2.74746427e-02	2.10437945e-03	-2.10437945e-03	5.28315030e-02	7.57854595e-02
1747            	4.20876801e-02	2.51271407e-21	1.28617387e-01	-6.43086936e-03	-1.14770051e-02	2.10438401e-03	1.46129707e-02	2.74747094e-02	2.10438401e-03	-2.10438401e-03	5.28316884e-02	7.57856987e-02
1748            	4.20878082e-02	2.51273826e-21	1.28617778e-01	-6.43088889e-03	-1.14770282e-02	2.10439041e-03	1.46130152e-02	2.74747930e-02	2.10439041e-03	-2.10439041e-03	5.28318607e-02	7.57859170e-02
1749            	4.20878983e-02	2.51275198e-21	1.28618199e-01	-6.43090994e-03	-1.14770548e-02	2.10439492e-03	1.46130392e-02	2.74748591e-02	2.10439492e-03	-2.10439492e-03	5.28320445e-02	7.57861542e-02
1750            	4.20880255e-02	2.51277601e-21	1.28618586e-01	-6.43092929e-03	-1.14770776e-02	2.10440127e-03	1.46130834e-02	2.74749420e-02	2.10440127e-03	-2.10440127e-03	5.28322153e-02	7.57863705e-02
1751            	4.20881146e-02	2.51278956e-21	1.28619003e-01	-6.43095016e-03	-1.14771040e-02	2.10440573e-03	1.46131071e-02	2.74750074e-02	2.10440573e-03	-2.10440573e-03	5.28323976e-02	7.57866057e-02
1752            	4.20882408e-02	2.51281344e-21	1.28619387e-01	-6.43096934e-03	-1.14771266e-02	2.10441204e-03	1.46131510e-02	2.74750897e-02	2.10441204e-03	-2.10441204e-03	5.28325668e-02	7.57868200e-02
1753            	4.20883289e-02	2.51282683e-21	1.28619801e-01	-6.43099003e-03	-1.14771528e-02	2.10441644e-03	1.46131744e-02	2.74751545e-02	2.10441644e-03	-2.10441644e-03	5.28327475e-02	7.57870531e-02
1754            	4.20884542e-02	2.51285056e-21	1.28620181e-01	-6.43100904e-03	-1.14771751e-02	2.10442271e-03	1.46132180e-02	2.74752361e-02	2.10442271e-03	-2.10442271e-03	5.28329152e-02	7.57872655e-02
1755            	4.20885413e-02	2.51286379e-21	1.28620591e-01	-6.43102955e-03	-1.14772011e-02	2.10442707e-03	1.46132411e-02	2.74753002e-02	2.10442707e-03	-2.10442707e-03	5.28330944e-02	7.57874966e-02
1756            	4.20886656e-02	2.51288736e-21	1.28620968e-01	-6.43104838e-03	-1.14772232e-02	2.10443328e-03	1.46132844e-02	2.74753812e-02	2.10443328e-03	-2.10443328e-03	5.28332606e-02	7.57877070e-02
1757            	4.20887518e-02	2.51290044e-21	1.28621374e-01	-6.43106872e-03	-1.14772490e-02	2.10443759e-03	1.46133072e-02	2.74754446e-02	2.10443759e-03	-2.10443759e-03	5.28334382e-02	7.57879361e-02
1758            	4.20888752e-02	2.51292386e-21	1.28621748e-01	-6.43108738e-03	-1.14772708e-02	2.10444376e-03	1.46133502e-02	2.74755250e-02	2.10444376e-03	-2.10444376e-03	5.28336029e-02	7.57881446e-02
1759            	4.20889604e-02	2.51293679e-21	1.28622151e-01	-6.43110754e-03	-1.14772964e-02	2.10444802e-03	1.46133727e-02	2.74755877e-02	2.10444802e-03	-2.10444802e-03	5.28337790e-02	7.57883717e-02
1760            	4.20890828e-02	2.51296006e-21	1.28622521e-01	-6.43112603e-03	-1.14773180e-02	2.10445414e-03	1.46134154e-02	2.74756674e-02	2.10445414e-03	-2.10445414e-03	5.28339422e-02	7.57885783e-02
1761            	4.20891671e-02	2.51297283e-21	1.28622920e-01	-6.43114601e-03	-1.14773433e-02	2.10445835e-03	1.46134375e-02	2.74757296e-02	2.10445835e-03	-2.10445835e-03	5.28341168e-02	7.57888034e-02
1762            	4.20892886e-02	2.51299595e-21	1.28623287e-01	-6.43116433e-03	-1.14773647e-02	2.10446443e-03	1.46134800e-02	2.74758086e-02	2.10446443e-03	-2.10446443e-03	5.28342785e-02	7.57890080e-02
1763            	4.20893719e-02	2.51300857e-21	1.28623683e-01	-6.43118414e-03	-1.14773898e-02	2.10446859e-03	1.46135018e-02	2.74758701e-02	2.10446859e-03	-2.10446859e-03	5.28344516e-02	7.57892312e-02
1764            	4.20894925e-02	2.51303155e-21	1.28624046e-01	-6.43120229e-03	-1.14774110e-02	2.10447462e-03	1.46135440e-02	2.74759485e-02	2.10447462e-03	-2.10447462e-03	5.28346119e-02	7.57894339e-02
1765            	4.20895748e-02	2.51304402e-21	1.28624438e-01	-6.43122192e-03	-1.14774358e-02	2.10447874e-03	1.46135655e-02	2.74760093e-02	2.10447874e-03	-2.10447874e-03	5.28347834e-02	7.57896551e-02
1766            	4.20896945e-02	2.51306685e-21	1.28624798e-01	-6.43123990e-03	-1.14774568e-02	2.10448472e-03	1.46136073e-02	2.74760872e-02	2.10448472e-03	-2.10448472e-03	5.28349422e-02	7.57898559e-02
1767            	4.20897759e-02	2.51307917e-21	1.28625187e-01	-6.43125937e-03	-1.14774814e-02	2.10448879e-03	1.46136286e-02	2.74761473e-02	2.10448879e-03	-2.10448879e-03	5.28351123e-02	7.57900751e-02
1768            	4.20898946e-02	2.51310185e-21	1.28625544e-01	-6.43127718e-03	-1.14775022e-02	2.10449473e-03	1.46136701e-02	2.74762245e-02	2.10449473e-03	-2.10449473e-03	5.28352697e-02	7.57902740e-02
1769            	4.20899751e-02	2.51311402e-21	1.28625930e-01	-6.43129648e-03	-1.14775265e-02	2.10449875e-03	1.46136911e-02	2.74762840e-02	2.10449875e-03	-2.10449875e-03	5.28354383e-02	7.57904913e-02
1770            	4.20900929e-02	2.51313657e-21	1.28626282e-01	-6.43131412e-03	-1.14775471e-02	2.10450464e-03	1.46137323e-02	2.74763606e-02	2.10450464e-03	-2.10450464e-03	5.28355942e-02	7.57906883e-02
1771            	4.20901724e-02	2.51314859e-21	1.28626665e-01	-6.43133325e-03	-1.14775712e-02	2.10450862e-03	1.46137529e-02	2.74764194e-02	2.10450862e-03	-2.10450862e-03	5.28357613e-02	7.57909036e-02
1772            	4.20902893e-02	2.51317099e-21	1.28627015e-01	-6.43135073e-03	-1.14775915e-02	2.10451446e-03	1.46137939e-02	2.74764954e-02	2.10451446e-03	-2.10451446e-03	5.28359158e-02	7.57910988e-02
1773            	4.20903678e-02	2.51318288e-21	1.28627394e-01	-6.43136968e-03	-1.14776154e-02	2.10451839e-03	1.46138142e-02	2.74765536e-02	2.10451839e-03	-2.10451839e-03	5.28360815e-02	7.57913122e-02
1774            	4.20904838e-02	2.51320514e-21	1.28627740e-01	-6.43138700e-03	-1.14776354e-02	2.10452419e-03	1.46138549e-02	2.74766289e-02	2.10452419e-03	-2.10452419e-03	5.28362346e-02	7.57915055e-02
1775            	4.20905615e-02	2.51321688e-21	1.28628116e-01	-6.43140579e-03	-1.14776591e-02	2.10452807e-03	1.46138749e-02	2.74766865e-02	2.10452807e-03	-2.10452807e-03	5.28363988e-02	7.57917170e-02
1776            	4.20906765e-02	2.51323900e-21	1.28628459e-01	-6.43142294e-03	-1.14776789e-02	2.10453383e-03	1.46139153e-02	2.74767612e-02	2.10453383e-03	-2.10453383e-03	5.28365505e-02	7.57919084e-02
1777            	4.20907532e-02	2.51325060e-21	1.28628831e-01	-6.43144156e-03	-1.14777024e-02	2.10453766e-03	1.46139350e-02	2.74768182e-02	2.10453766e-03	-2.10453766e-03	5.28367133e-02	7.57921180e-02
1778            	4.20908674e-02	2.51327259e-21	1.28629171e-01	-6.43145856e-03	-1.14777220e-02	2.10454337e-03	1.46139752e-02	2.74768923e-02	2.10454337e-03	-2.10454337e-03	5.28368636e-02	7.57923075e-02
1779            	4.20909432e-02	2.51328405e-21	1.28629540e-01	-6.43147701e-03	-1.14777452e-02	2.10454716e-03	1.46139946e-02	2.74769486e-02	2.10454716e-03	-2.10454716e-03	5.28370250e-02	7.57925153e-02
1780            	4.20910564e-02	2.51330590e-21	1.28629877e-01	-6.43149384e-03	-1.14777646e-02	2.10455282e-03	1.46140344e-02	2.74770221e-02	2.10455282e-03	-2.10455282e-03	5.28371739e-02	7.57927030e-02
1781            	4.20911313e-02	2.51331722e-21	1.28630243e-01	-6.43151214e-03	-1.14777875e-02	2.10455656e-03	1.46140535e-02	2.74770778e-02	2.10455656e-03	-2.10455656e-03	5.28373339e-02	7.57929089e-02
1782            	4.20912437e-02	2.51333894e-21	1.28630576e-01	-6.43152880e-03	-1.14778067e-02	2.10456218e-03	1.46140930e-02	2.74771506e-02	2.10456218e-03	-2.10456218e-03	5.28374814e-02	7.57930947e-02
1783            	4.20913176e-02	2.51335013e-21	1.28630939e-01	-6.43154694e-03	-1.14778294e-02	2.10456588e-03	1.46141119e-02	2.74772057e-02	2.10456588e-03	-2.10456588e-03	5.28376400e-02	7.57932987e-02
1784            	4.20914291e-02	2.51337171e-21	1.28631269e-01	-6.43156345e-03	-1.14778483e-02	2.10457145e-03	1.46141511e-02	2.74772780e-02	2.10457145e-03	-2.10457145e-03	5.28377861e-02	7.57934828e-02
1785            	4.20915021e-02	2.51338277e-21	1.28631628e-01	-6.43158142e-03	-1.14778708e-02	2.10457510e-03	1.46141696e-02	2.74773325e-02	2.10457510e-03	-2.10457510e-03	5.28379434e-02	7.57936850e-02
1786            	4.20916127e-02	2.51340423e-21	1.28631955e-01	-6.43159777e-03	-1.14778895e-02	2.10458063e-03	1.46142086e-02	2.74774041e-02	2.10458063e-03	-2.10458063e-03	5.28380882e-02	7.57938672e-02
1787            	4.20916848e-02	2.51341515e-21	1.28632312e-01	-6.43161558e-03	-1.14779117e-02	2.10458424e-03	1.46142268e-02	2.74774580e-02	2.10458424e-03	-2.10458424e-03	5.28382441e-02	7.57940675e-02
1788            	4.20917945e-02	2.51343647e-21	1.28632636e-01	-6.43163178e-03	-1.14779302e-02	2.10458972e-03	1.46142655e-02	2.74775290e-02	2.10458972e-03	-2.10458972e-03	5.28383875e-02	7.57942480e-02
1789            	4.20918657e-02	2.51344727e-21	1.28632989e-01	-6.43164943e-03	-1.14779523e-02	2.10459329e-03	1.46142834e-02	2.74775823e-02	2.10459329e-03	-2.10459329e-03	5.28385421e-02	7.57944466e-02
1790            	4.20919746e-02	2.51346847e-21	1.28633309e-01	-6.43166547e-03	-1.14779705e-02	2.10459873e-03	1.46143218e-02	2.74776527e-02	2.10459873e-03	-2.10459873e-03	5.28386842e-02	7.57946252e-02
1791            	4.20920449e-02	2.51347913e-21	1.28633659e-01	-6.43168297e-03	-1.14779923e-02	2.10460224e-03	1.46143395e-02	2.74777054e-02	2.10460224e-03	-2.10460224e-03	5.28388374e-02	7.57948220e-02
1792            	4.20921529e-02	2.51350020e-21	1.28633977e-01	-6.43169886e-03	-1.14780103e-02	2.10460764e-03	1.46143776e-02	2.74777753e-02	2.10460764e-03	-2.10460764e-03	5.28389783e-02	7.57949989e-02
1793            	4.20922223e-02	2.51351073e-21	1.28634324e-01	-6.43171621e-03	-1.14780319e-02	2.10461112e-03	1.46143949e-02	2.74778274e-02	2.10461112e-03	-2.10461112e-03	5.28391301e-02	7.57951940e-02
1794            	4.20923294e-02	2.51353168e-21	1.28634639e-01	-6.43173194e-03	-1.14780497e-02	2.10461647e-03	1.46144328e-02	2.74778967e-02	2.10461647e-03	-2.10461647e-03	5.28392697e-02	7.57953692e-02
1795            	4.20923980e-02	2.51354209e-21	1.28634983e-01	-6.43174914e-03	-1.14780711e-02	2.10461990e-03	1.46144499e-02	2.74779481e-02	2.10461990e-03	-2.10461990e-03	5.28394203e-02	7.57955624e-02
1796            	4.20925043e-02	2.51356292e-21	1.28635294e-01	-6.43176472e-03	-1.14780887e-02	2.10462521e-03	1.46144874e-02	2.74780169e-02	2.10462521e-03	-2.10462521e-03	5.28395586e-02	7.57957359e-02
1797            	4.20925720e-02	2.51357320e-21	1.28635635e-01	-6.43178177e-03	-1.14781098e-02	2.10462860e-03	1.46145042e-02	2.74780678e-02	2.10462860e-03	-2.10462860e-03	5.28397079e-02	7.57959275e-02
1798            	4.20926774e-02	2.51359390e-21	1.28635944e-01	-6.43179721e-03	-1.14781272e-02	2.10463387e-03	1.46145415e-02	2.74781359e-02	2.10463387e-03	-2.10463387e-03	5.28398449e-02	7.57960993e-02
1799            	4.20927443e-02	2.51360406e-21	1.28636282e-01	-6.43181410e-03	-1.14781481e-02	2.10463722e-03	1.46145581e-02	2.74781863e-02	2.10463722e-03	-2.10463722e-03	5.28399929e-02	7.57962891e-02
1800            	4.20928489e-02	2.51362464e-21	1.28636588e-01	-6.43182940e-03	-1.14781653e-02	2.10464245e-03	1.46145951e-02	2.74782539e-02	2.10464245e-03	-2.10464245e-03	5.28401287e-02	7.57964593e-02
1801            	4.20929150e-02	2.51363468e-21	1.28636923e-01	-6.43184615e-03	-1.14781860e-02	2.10464575e-03	1.46146113e-02	2.74783036e-02	2.10464575e-03	-2.10464575e-03	5.28402755e-02	7.57966475e-02
1802            	4.20930188e-02	2.51365514e-21	1.28637226e-01	-6.43186130e-03	-1.14782030e-02	2.10465094e-03	1.46146481e-02	2.74783707e-02	2.10465094e-03	-2.10465094e-03	5.28404100e-02	7.57968159e-02
1803            	4.20930840e-02	2.51366505e-21	1.28637558e-01	-6.43187790e-03	-1.14782235e-02	2.10465420e-03	1.46146641e-02	2.74784199e-02	2.10465420e-03	-2.10465420e-03	5.28405556e-02	7.57970025e-02
1804            	4.20931870e-02	2.51368539e-21	1.28637858e-01	-6.43189291e-03	-1.14782402e-02	2.10465935e-03	1.46147006e-02	2.74784864e-02	2.10465935e-03	-2.10465935e-03	5.28406889e-02	7.57971693e-02
1805            	4.20932514e-02	2.51369519e-21	1.28638187e-01	-6.43190937e-03	-1.14782605e-02	2.10466257e-03	1.46147163e-02	2.74785351e-02	2.10466257e-03	-2.10466257e-03	5.28408332e-02	7.57973543e-02
1806            	4.20933536e-02	2.51371541e-21	1.28638485e-01	-6.43192424e-03	-1.14782771e-02	2.10466768e-03	1.46147525e-02	2.74786010e-02	2.10466768e-03	-2.10466768e-03	5.28409653e-02	7.57975195e-02
1807            	4.20934172e-02	2.51372508e-21	1.28638811e-01	-6.43194057e-03	-1.14782972e-02	2.10467086e-03	1.46147680e-02	2.74786492e-02	2.10467086e-03	-2.10467086e-03	5.28411085e-02	7.57977029e-02
1808            	4.20935186e-02	2.51374519e-21	1.28639106e-01	-6.43195530e-03	-1.14783136e-02	2.10467593e-03	1.46148040e-02	2.74787146e-02	2.10467593e-03	-2.10467593e-03	5.28412394e-02	7.57978666e-02
1809            	4.20935814e-02	2.51375475e-21	1.28639430e-01	-6.43197149e-03	-1.14783335e-02	2.10467907e-03	1.46148192e-02	2.74787622e-02	2.10467907e-03	-2.10467907e-03	5.28413814e-02	7.57980483e-02
1810            	4.20936820e-02	2.51377474e-21	1.28639722e-01	-6.43198608e-03	-1.14783497e-02	2.10468410e-03	1.46148549e-02	2.74788271e-02	2.10468410e-03	-2.10468410e-03	5.28415112e-02	7.57982105e-02
1811            	4.20937441e-02	2.51378418e-21	1.28640043e-01	-6.43200213e-03	-1.14783694e-02	2.10468720e-03	1.46148699e-02	2.74788742e-02	2.10468720e-03	-2.10468720e-03	5.28416520e-02	7.57983907e-02
1812            	4.20938440e-02	2.51380406e-21	1.28640332e-01	-6.43201660e-03	-1.14783854e-02	2.10469220e-03	1.46149054e-02	2.74789386e-02	2.10469220e-03	-2.10469220e-03	5.28417806e-02	7.57985514e-02
1813            	4.20939053e-02	2.51381339e-21	1.28640650e-01	-6.43203252e-03	-1.14784049e-02	2.10469526e-03	1.46149201e-02	2.74789852e-02	2.10469526e-03	-2.10469526e-03	5.28419203e-02	7.57987301e-02
1814            	4.20940044e-02	2.51383315e-21	1.28640937e-01	-6.43204685e-03	-1.14784207e-02	2.10470022e-03	1.46149554e-02	2.74790491e-02	2.10470022e-03	-2.10470022e-03	5.28420477e-02	7.57988892e-02
1815            	4.20940650e-02	2.51384236e-21	1.28641253e-01	-6.43206264e-03	-1.14784401e-02	2.10470325e-03	1.46149699e-02	2.74790951e-02	2.10470325e-03	-2.10470325e-03	5.28421863e-02	7.57990665e-02
1816            	4.20941634e-02	2.51386202e-21	1.28641537e-01	-6.43207684e-03	-1.14784557e-02	2.10470817e-03	1.46150049e-02	2.74791585e-02	2.10470817e-03	-2.10470817e-03	5.28423127e-02	7.57992242e-02
1817            	4.20942232e-02	2.51387112e-21	1.28641850e-01	-6.43209250e-03	-1.14784749e-02	2.10471116e-03	1.46150191e-02	2.74792041e-02	2.10471116e-03	-2.10471116e-03	5.28424501e-02	7.57993999e-02
1818            	4.20943210e-02	2.51389066e-21	1.28642132e-01	-6.43210658e-03	-1.14784904e-02	2.10471605e-03	1.46150539e-02	2.74792671e-02	2.10471605e-03	-2.10471605e-03	5.28425754e-02	7.57995562e-02
1819            	4.20943801e-02	2.51389965e-21	1.28642442e-01	-6.43212211e-03	-1.14785094e-02	2.10471900e-03	1.46150679e-02	2.74793122e-02	2.10471900e-03	-2.10471900e-03	5.28427117e-02	7.57997306e-02
1820            	4.20944771e-02	2.51391908e-21	1.28642721e-01	-6.43213607e-03	-1.14785248e-02	2.10472385e-03	1.46151025e-02	2.74793746e-02	2.10472385e-03	-2.10472385e-03	5.28428359e-02	7.57998854e-02
1821            	4.20945355e-02	2.51392796e-21	1.28643030e-01	-6.43215148e-03	-1.14785436e-02	2.10472678e-03	1.46151163e-02	2.74794192e-02	2.10472678e-03	-2.10472678e-03	5.28429712e-02	7.58000584e-02
1822            	4.20946319e-02	2.51394728e-21	1.28643306e-01	-6.43216531e-03	-1.14785588e-02	2.10473159e-03	1.46151506e-02	2.74794812e-02	2.10473159e-03	-2.10473159e-03	5.28430943e-02	7.58002119e-02
1823            	4.20946896e-02	2.51395605e-21	1.28643612e-01	-6.43218060e-03	-1.14785775e-02	2.10473448e-03	1.46151642e-02	2.74795254e-02	2.10473448e-03	-2.10473448e-03	5.28432285e-02	7.58003835e-02
1824            	4.20947853e-02	2.51397527e-21	1.28643886e-01	-6.43219431e-03	-1.14785925e-02	2.10473926e-03	1.46151983e-02	2.74795869e-02	2.10473926e-03	-2.10473926e-03	5.28433506e-02	7.58005356e-02
1825            	4.20948424e-02	2.51398393e-21	1.28644190e-01	-6.43220948e-03	-1.14786110e-02	2.10474212e-03	1.46152117e-02	2.74796307e-02	2.10474212e-03	-2.10474212e-03	5.28434838e-02	7.58007058e-02
1826            	4.20949374e-02	2.51400304e-21	1.28644462e-01	-6.43222308e-03	-1.14786259e-02	2.10474687e-03	1.46152456e-02	2.74796918e-02	2.10474687e-03	-2.10474687e-03	5.28436049e-02	7.58008566e-02
1827            	4.20949938e-02	2.51401159e-21	1.28644763e-01	-6.43223813e-03	-1.14786443e-02	2.10474969e-03	1.46152588e-02	2.74797350e-02	2.10474969e-03	-2.10474969e-03	5.28437370e-02	7.58010256e-02
1828            	4.20950882e-02	2.51403059e-21	1.28645032e-01	-6.43225161e-03	-1.14786590e-02	2.10475441e-03	1.46152925e-02	2.74797957e-02	2.10475441e-03	-2.10475441e-03	5.28438571e-02	7.58011751e-02
1829            	4.20951440e-02	2.51403904e-21	1.28645331e-01	-6.43226655e-03	-1.14786773e-02	2.10475720e-03	1.46153054e-02	2.74798385e-02	2.10475720e-03	-2.10475720e-03	5.28439882e-02	7.58013427e-02
1830            	4.20952377e-02	2.51405794e-21	1.28645598e-01	-6.43227991e-03	-1.14786918e-02	2.10476189e-03	1.46153389e-02	2.74798988e-02	2.10476189e-03	-2.10476189e-03	5.28441073e-02	7.58014910e-02
1831            	4.20952929e-02	2.51406629e-21	1.28645895e-01	-6.43229474e-03	-1.14787100e-02	2.10476465e-03	1.46153517e-02	2.74799412e-02	2.10476465e-03	-2.10476465e-03	5.28442374e-02	7.58016573e-02
1832            	4.20953860e-02	2.51408508e-21	1.28646160e-01	-6.43230799e-03	-1.14787244e-02	2.10476930e-03	1.46153850e-02	2.74800010e-02	2.10476930e-03	-2.10476930e-03	5.28443555e-02	7.58018043e-02
1833            	4.20954406e-02	2.51409332e-21	1.28646454e-01	-6.43232271e-03	-1.14787424e-02	2.10477203e-03	1.46153976e-02	2.74800430e-02	2.10477203e-03	-2.10477203e-03	5.28444847e-02	7.58019694e-02
1834            	4.20955331e-02	2.51411201e-21	1.28646717e-01	-6.43233585e-03	-1.14787567e-02	2.10477666e-03	1.46154307e-02	2.74801024e-02	2.10477666e-03	-2.10477666e-03	5.28446018e-02	7.58021152e-02
1835            	4.20955871e-02	2.51412015e-21	1.28647009e-01	-6.43235045e-03	-1.14787745e-02	2.10477935e-03	1.46154431e-02	2.74801440e-02	2.10477935e-03	-2.10477935e-03	5.28447300e-02	7.58022791e-02
1836            	4.20956790e-02	2.51413873e-21	1.28647270e-01	-6.43236348e-03	-1.14787887e-02	2.10478395e-03	1.46154760e-02	2.74802030e-02	2.10478395e-03	-2.10478395e-03	5.28448461e-02	7.58024236e-02
1837            	4.20957324e-02	2.51414677e-21	1.28647560e-01	-6.43237798e-03	-1.14788065e-02	2.10478662e-03	1.46154882e-02	2.74802442e-02	2.10478662e-03	-2.10478662e-03	5.28449734e-02	7.58025863e-02
1838            	4.20958237e-02	2.51416525e-21	1.28647818e-01	-6.43239091e-03	-1.14788205e-02	2.10479119e-03	1.46155210e-02	2.74803028e-02	2.10479119e-03	-2.10479119e-03	5.28450886e-02	7.58027296e-02
1839            	4.20958765e-02	2.51417319e-21	1.28648106e-01	-6.43240530e-03	-1.14788381e-02	2.10479383e-03	1.46155330e-02	2.74803436e-02	2.10479383e-03	-2.10479383e-03	5.28452149e-02	7.58028911e-02
1840            	4.20959673e-02	2.51419157e-21	1.28648362e-01	-6.43241812e-03	-1.14788520e-02	2.10479836e-03	1.46155655e-02	2.74804018e-02	2.10479836e-03	-2.10479836e-03	5.28453291e-02	7.58030332e-02
1841            	4.20960195e-02	2.51419941e-21	1.28648648e-01	-6.43243240e-03	-1.14788695e-02	2.10480098e-03	1.46155774e-02	2.74804422e-02	2.10480098e-03	-2.10480098e-03	5.28454545e-02	7.58031936e-02
1842            	4.20961097e-02	2.51421769e-21	1.28648902e-01	-6.43244512e-03	-1.14788833e-02	2.10480549e-03	1.46156097e-02	2.74805000e-02	2.10480549e-03	-2.10480549e-03	5.28455679e-02	7.58033345e-02
1843            	4.20961614e-02	2.51422543e-21	1.28649186e-01	-6.43245930e-03	-1.14789007e-02	2.10480807e-03	1.46156214e-02	2.74805400e-02	2.10480807e-03	-2.10480807e-03	5.28456924e-02	7.58034937e-02
1844            	4.20962511e-02	2.51424362e-21	1.28649438e-01	-6.43247191e-03	-1.14789144e-02	2.10481255e-03	1.46156536e-02	2.74805974e-02	2.10481255e-03	-2.10481255e-03	5.28458048e-02	7.58036335e-02
1845            	4.20963022e-02	2.51425126e-21	1.28649720e-01	-6.43248600e-03	-1.14789316e-02	2.10481511e-03	1.46156651e-02	2.74806371e-02	2.10481511e-03	-2.10481511e-03	5.28459284e-02	7.58037915e-02
1846            	4.20963913e-02	2.51426934e-21	1.28649970e-01	-6.43249850e-03	-1.14789452e-02	2.10481956e-03	1.46156971e-02	2.74806941e-02	2.10481956e-03	-2.10481956e-03	5.28460399e-02	7.58039302e-02
1847            	4.20964419e-02	2.51427689e-21	1.28650250e-01	-6.43251248e-03	-1.14789623e-02	2.10482209e-03	1.46157084e-02	2.74807334e-02	2.10482209e-03	-2.10482209e-03	5.28461626e-02	7.58040871e-02
1848            	4.20965304e-02	2.51429488e-21	1.28650498e-01	-6.43252489e-03	-1.14789757e-02	2.10482652e-03	1.46157403e-02	2.74807901e-02	2.10482652e-03	-2.10482652e-03	5.28462732e-02	7.58042247e-02
1849            	4.20965805e-02	2.51430232e-21	1.28650775e-01	-6.43253877e-03	-1.14789927e-02	2.10482902e-03	1.46157515e-02	2.74808290e-02	2.10482902e-03	-2.10482902e-03	5.28463950e-02	7.58043804e-02
1850            	4.20967417e-02	2.51432222e-21	1.28651177e-01	-6.43255886e-03	-1.14790270e-02	2.10483709e-03	1.46158120e-02	2.74809297e-02	2.10483709e-03	-2.10483709e-03	5.28465616e-02	7.58046156e-02
1851            	4.20967919e-02	2.51432832e-21	1.28651450e-01	-6.43257249e-03	-1.14790441e-02	2.10483960e-03	1.46158235e-02	2.74809684e-02	2.10483960e-03	-2.10483960e-03	5.28466808e-02	7.58047690e-02
1852            	4.20969175e-02	2.51434710e-21	1.28651772e-01	-6.43258859e-03	-1.14790680e-02	2.10484587e-03	1.46158702e-02	2.74810473e-02	2.10484587e-03	-2.10484587e-03	5.28468180e-02	7.58049539e-02
1853            	4.20970054e-02	2.51435506e-21	1.28652121e-01	-6.43260605e-03	-1.14790956e-02	2.10485027e-03	1.46158967e-02	2.74811088e-02	2.10485027e-03	-2.10485027e-03	5.28469649e-02	7.58051560e-02
1854            	4.20971126e-02	2.51437267e-21	1.28652401e-01	-6.43262007e-03	-1.14791137e-02	2.10485563e-03	1.46159362e-02	2.74811764e-02	2.10485563e-03	-2.10485563e-03	5.28470870e-02	7.58053143e-02
1855            	4.20971607e-02	2.51437955e-21	1.28652665e-01	-6.43263323e-03	-1.14791298e-02	2.10485803e-03	1.46159471e-02	2.74812136e-02	2.10485803e-03	-2.10485803e-03	5.28472024e-02	7.58054621e-02
1856            	4.20972352e-02	2.51439661e-21	1.28652876e-01	-6.43264378e-03	-1.14791388e-02	2.10486176e-03	1.46159738e-02	2.74812614e-02	2.10486176e-03	-2.10486176e-03	5.28472990e-02	7.58055766e-02
1857            	4.20972680e-02	2.51440341e-21	1.28653108e-01	-6.43265539e-03	-1.14791509e-02	2.10486340e-03	1.46159786e-02	2.74812894e-02	2.10486340e-03	-2.10486340e-03	5.28474030e-02	7.58057047e-02
1858            	4.20973438e-02	2.51442074e-21	1.28653323e-01	-6.43266616e-03	-1.14791604e-02	2.10486719e-03	1.46160057e-02	2.74813381e-02	2.10486719e-03	-2.10486719e-03	5.28475013e-02	7.58058220e-02
1859            	4.20973842e-02	2.51442765e-21	1.28653571e-01	-6.43267854e-03	-1.14791748e-02	2.10486921e-03	1.46160135e-02	2.74813706e-02	2.10486921e-03	-2.10486921e-03	5.28476106e-02	7.58059602e-02
1860            	4.20974680e-02	2.51444499e-21	1.28653803e-01	-6.43269015e-03	-1.14791868e-02	2.10487340e-03	1.46160438e-02	2.74814241e-02	2.10487340e-03	-2.10487340e-03	5.28477147e-02	7.58060882e-02
1861            	4.20975131e-02	2.51445185e-21	1.28654060e-01	-6.43270300e-03	-1.14792027e-02	2.10487566e-03	1.46160536e-02	2.74814596e-02	2.10487566e-03	-2.10487566e-03	5.28478273e-02	7.58062327e-02
1862            	4.20975978e-02	2.51446907e-21	1.28654293e-01	-6.43271467e-03	-1.14792150e-02	2.10487989e-03	1.46160842e-02	2.74815136e-02	2.10487989e-03	-2.10487989e-03	5.28479317e-02	7.58063617e-02
1863            	4.20976413e-02	2.51447580e-21	1.28654546e-01	-6.43272732e-03	-1.14792304e-02	2.10488206e-03	1.46160933e-02	2.74815479e-02	2.10488206e-03	-2.10488206e-03	5.28480427e-02	7.58065036e-02
1864            	4.20977235e-02	2.51449292e-21	1.28654774e-01	-6.43273871e-03	-1.14792421e-02	2.10488618e-03	1.46161231e-02	2.74816005e-02	2.10488618e-03	-2.10488618e-03	5.28481450e-02	7.58066291e-02
1865            	4.20977651e-02	2.51449956e-21	1.28655023e-01	-6.43275113e-03	-1.14792570e-02	2.10488826e-03	1.46161314e-02	2.74816337e-02	2.10488826e-03	-2.10488826e-03	5.28482543e-02	7.58067683e-02
1866            	4.20978465e-02	2.51451661e-21	1.28655248e-01	-6.43276239e-03	-1.14792683e-02	2.10489232e-03	1.46161608e-02	2.74816856e-02	2.10489232e-03	-2.10489232e-03	5.28483555e-02	7.58068922e-02
1867            	4.20978878e-02	2.51452318e-21	1.28655495e-01	-6.43277476e-03	-1.14792832e-02	2.10489439e-03	1.46161692e-02	2.74817187e-02	2.10489439e-03	-2.10489439e-03	5.28484644e-02	7.58070308e-02
1868            	4.20979693e-02	2.51454017e-21	1.28655720e-01	-6.43278600e-03	-1.14792946e-02	2.10489847e-03	1.46161987e-02	2.74817707e-02	2.10489847e-03	-2.10489847e-03	5.28485654e-02	7.58071547e-02
1869            	4.20980108e-02	2.51454667e-21	1.28655967e-01	-6.43279835e-03	-1.14793096e-02	2.10490054e-03	1.46162070e-02	2.74818037e-02	2.10490054e-03	-2.10490054e-03	5.28486739e-02	7.58072931e-02
1870            	4.20980922e-02	2.51456358e-21	1.28656191e-01	-6.43280955e-03	-1.14793210e-02	2.10490461e-03	1.46162365e-02	2.74818556e-02	2.10490461e-03	-2.10490461e-03	5.28487745e-02	7.58074165e-02
1871            	4.20981333e-02	2.51457001e-21	1.28656437e-01	-6.43282184e-03	-1.14793359e-02	2.10490667e-03	1.46162448e-02	2.74818885e-02	2.10490667e-03	-2.10490667e-03	5.28488825e-02	7.58075542e-02
1872            	4.20982143e-02	2.51458684e-21	1.28656659e-01	-6.43283296e-03	-1.14793472e-02	2.10491071e-03	1.46162742e-02	2.74819401e-02	2.10491071e-03	-2.10491071e-03	5.28489824e-02	7.58076768e-02
1873            	4.20982550e-02	2.51459318e-21	1.28656903e-01	-6.43284516e-03	-1.14793620e-02	2.10491275e-03	1.46162823e-02	2.74819727e-02	2.10491275e-03	-2.10491275e-03	5.28490897e-02	7.58078136e-02
1874            	4.20983355e-02	2.51460993e-21	1.28657124e-01	-6.43285621e-03	-1.14793732e-02	2.10491678e-03	1.46163116e-02	2.74820240e-02	2.10491678e-03	-2.10491678e-03	5.28491889e-02	7.58079353e-02
1875            	4.20983758e-02	2.51461620e-21	1.28657367e-01	-6.43286834e-03	-1.14793878e-02	2.10491879e-03	1.46163196e-02	2.74820562e-02	2.10491879e-03	-2.10491879e-03	5.28492955e-02	7.58080712e-02
1876            	4.20984560e-02	2.51463287e-21	1.28657586e-01	-6.43287931e-03	-1.14793990e-02	2.10492280e-03	1.46163487e-02	2.74821073e-02	2.10492280e-03	-2.10492280e-03	5.28493941e-02	7.58081920e-02
1877            	4.20984959e-02	2.51463906e-21	1.28657827e-01	-6.43289137e-03	-1.14794135e-02	2.10492480e-03	1.46163566e-02	2.74821393e-02	2.10492480e-03	-2.10492480e-03	5.28495001e-02	7.58083272e-02
1878            	4.20985757e-02	2.51465565e-21	1.28658045e-01	-6.43290227e-03	-1.14794246e-02	2.10492879e-03	1.46163856e-02	2.74821901e-02	2.10492879e-03	-2.10492879e-03	5.28495981e-02	7.58084473e-02
1879            	4.20986153e-02	2.51466175e-21	1.28658285e-01	-6.43291426e-03	-1.14794391e-02	2.10493077e-03	1.46163934e-02	2.74822219e-02	2.10493077e-03	-2.10493077e-03	5.28497035e-02	7.58085816e-02
1880            	4.20986948e-02	2.51467826e-21	1.28658502e-01	-6.43292509e-03	-1.14794500e-02	2.10493474e-03	1.46164223e-02	2.74822725e-02	2.10493474e-03	-2.10493474e-03	5.28498009e-02	7.58087009e-02
1881            	4.20987340e-02	2.51468428e-21	1.28658740e-01	-6.43293700e-03	-1.14794644e-02	2.10493670e-03	1.46164300e-02	2.74823040e-02	2.10493670e-03	-2.10493670e-03	5.28499056e-02	7.58088344e-02
1882            	4.20988131e-02	2.51470070e-21	1.28658955e-01	-6.43294776e-03	-1.14794753e-02	2.10494065e-03	1.46164588e-02	2.74823543e-02	2.10494065e-03	-2.10494065e-03	5.28500023e-02	7.58089529e-02
1883            	4.20988519e-02	2.51470664e-21	1.28659192e-01	-6.43295961e-03	-1.14794896e-02	2.10494260e-03	1.46164664e-02	2.74823856e-02	2.10494260e-03	-2.10494260e-03	5.28501065e-02	7.58090857e-02
1884            	4.20989307e-02	2.51472298e-21	1.28659406e-01	-6.43297030e-03	-1.14795004e-02	2.10494653e-03	1.46164950e-02	2.74824356e-02	2.10494653e-03	-2.10494653e-03	5.28502026e-02	7.58092033e-02
1885            	4.20989692e-02	2.51472884e-21	1.28659641e-01	-6.43298207e-03	-1.14795146e-02	2.10494846e-03	1.46165025e-02	2.74824667e-02	2.10494846e-03	-2.10494846e-03	5.28503061e-02	7.58093353e-02
1886            	4.20990475e-02	2.51474510e-21	1.28659854e-01	-6.43299269e-03	-1.14795253e-02	2.10495238e-03	1.46165311e-02	2.74825165e-02	2.10495238e-03	-2.10495238e-03	5.28504016e-02	7.58094522e-02
1887            	4.20990857e-02	2.51475088e-21	1.28660088e-01	-6.43300439e-03	-1.14795395e-02	2.10495428e-03	1.46165384e-02	2.74825472e-02	2.10495428e-03	-2.10495428e-03	5.28505045e-02	7.58095834e-02
1888            	4.20991636e-02	2.51476706e-21	1.28660299e-01	-6.43301494e-03	-1.14795501e-02	2.10495818e-03	1.46165669e-02	2.74825968e-02	2.10495818e-03	-2.10495818e-03	5.28505993e-02	7.58096994e-02
1889            	4.20992014e-02	2.51477277e-21	1.28660531e-01	-6.43302657e-03	-1.14795641e-02	2.10496007e-03	1.46165741e-02	2.74826272e-02	2.10496007e-03	-2.10496007e-03	5.28507016e-02	7.58098298e-02
1890            	4.20992789e-02	2.51478888e-21	1.28660741e-01	-6.43303703e-03	-1.14795746e-02	2.10496394e-03	1.46166024e-02	2.74826765e-02	2.10496394e-03	-2.10496394e-03	5.28507958e-02	7.58099449e-02
1891            	4.20993162e-02	2.51479452e-21	1.28660972e-01	-6.43304858e-03	-1.14795885e-02	2.10496581e-03	1.46166095e-02	2.74827067e-02	2.10496581e-03	-2.10496581e-03	5.28508973e-02	7.58100743e-02
1892            	4.20993933e-02	2.51481056e-21	1.28661179e-01	-6.43305897e-03	-1.14795989e-02	2.10496966e-03	1.46166377e-02	2.74827556e-02	2.10496966e-03	-2.10496966e-03	5.28509908e-02	7.58101886e-02
1893            	4.20994301e-02	2.51481613e-21	1.28661409e-01	-6.43307044e-03	-1.14796127e-02	2.10497150e-03	1.46166446e-02	2.74827855e-02	2.10497150e-03	-2.10497150e-03	5.28510917e-02	7.58103170e-02
1894            	4.20995067e-02	2.51483211e-21	1.28661615e-01	-6.43308074e-03	-1.14796229e-02	2.10497533e-03	1.46166726e-02	2.74828341e-02	2.10497533e-03	-2.10497533e-03	5.28511845e-02	7.58104303e-02
1895            	4.20995431e-02	2.51483761e-21	1.28661843e-01	-6.43309213e-03	-1.14796366e-02	2.10497715e-03	1.46166794e-02	2.74828637e-02	2.10497715e-03	-2.10497715e-03	5.28512847e-02	7.58105579e-02
1896            	4.20996193e-02	2.51485353e-21	1.28662047e-01	-6.43310236e-03	-1.14796467e-02	2.10498097e-03	1.46167073e-02	2.74829120e-02	2.10498097e-03	-2.10498097e-03	5.28513769e-02	7.58106704e-02
1897            	4.20996553e-02	2.51485897e-21	1.28662274e-01	-6.43311369e-03	-1.14796604e-02	2.10498277e-03	1.46167140e-02	2.74829413e-02	2.10498277e-03	-2.10498277e-03	5.28514765e-02	7.58107972e-02
1898            	4.20997311e-02	2.51487483e-21	1.28662477e-01	-6.43312385e-03	-1.14796704e-02	2.10498656e-03	1.46167417e-02	2.74829894e-02	2.10498656e-03	-2.10498656e-03	5.28515681e-02	7.58109089e-02
1899            	4.20997666e-02	2.51488020e-21	1.28662702e-01	-6.43313508e-03	-1.14796839e-02	2.10498833e-03	1.46167482e-02	2.74830184e-02	2.10498833e-03	-2.10498833e-03	5.28516669e-02	7.58110347e-02
1900            	4.20998419e-02	2.51489599e-21	1.28662903e-01	-6.43314515e-03	-1.14796938e-02	2.10499209e-03	1.46167758e-02	2.74830661e-02	2.10499209e-03	-2.10499209e-03	5.28517577e-02	7.58111453e-02
1901            	4.20998768e-02	2.51490130e-21	1.28663126e-01	-6.43315630e-03	-1.14797071e-02	2.10499384e-03	1.46167821e-02	2.74830947e-02	2.10499384e-03	-2.10499384e-03	5.28518559e-02	7.58112701e-02
1902            	4.20999516e-02	2.51491702e-21	1.28663326e-01	-6.43316628e-03	-1.14797169e-02	2.10499758e-03	1.46168095e-02	2.74831421e-02	2.10499758e-03	-2.10499758e-03	5.28519460e-02	7.58113797e-02
1903            	4.20999860e-02	2.51492226e-21	1.28663547e-01	-6.43317735e-03	-1.14797301e-02	2.10499930e-03	1.46168157e-02	2.74831704e-02	2.10499930e-03	-2.10499930e-03	5.28520434e-02	7.58115036e-02
1904            	4.21000603e-02	2.51493792e-21	1.28663745e-01	-6.43318726e-03	-1.14797398e-02	2.10500302e-03	1.46168429e-02	2.74832174e-02	2.10500302e-03	-2.10500302e-03	5.28521328e-02	7.58116123e-02
1905            	4.21000944e-02	2.51494309e-21	1.28663965e-01	-6.43319824e-03	-1.14797529e-02	2.10500472e-03	1.46168489e-02	2.74832454e-02	2.10500472e-03	-2.10500472e-03	5.28522295e-02	7.58117354e-02
1906            	4.21001683e-02	2.51495868e-21	1.28664162e-01	-6.43320808e-03	-1.14797625e-02	2.10500841e-03	1.46168761e-02	2.74832922e-02	2.10500841e-03	-2.10500841e-03	5.28523182e-02	7.58118433e-02
1907            	4.21002019e-02	2.51496378e-21	1.28664380e-01	-6.43321899e-03	-1.14797756e-02	2.10501009e-03	1.46168820e-02	2.74833199e-02	2.10501009e-03	-2.10501009e-03	5.28524144e-02	7.58119655e-02
1908            	4.21002754e-02	2.51497930e-21	1.28664575e-01	-6.43322876e-03	-1.14797851e-02	2.10501377e-03	1.46169089e-02	2.74833664e-02	2.10501377e-03	-2.10501377e-03	5.28525025e-02	7.58120727e-02
1909            	4.21003086e-02	2.51498432e-21	1.28664792e-01	-6.43323960e-03	-1.14797981e-02	2.10501543e-03	1.46169147e-02	2.74833939e-02	2.10501543e-03	-2.10501543e-03	5.28525979e-02	7.58121941e-02
1910            	4.21003817e-02	2.51499977e-21	1.28664986e-01	-6.43324930e-03	-1.14798076e-02	2.10501909e-03	1.46169416e-02	2.74834402e-02	2.10501909e-03	-2.10501909e-03	5.28526854e-02	7.58123005e-02
1911            	4.21004146e-02	2.51500472e-21	1.28665202e-01	-6.43326008e-03	-1.14798205e-02	2.10502073e-03	1.46169472e-02	2.74834674e-02	2.10502073e-03	-2.10502073e-03	5.28527803e-02	7.58124213e-02
1912            	4.21004874e-02	2.51502008e-21	1.28665394e-01	-6.43326971e-03	-1.14798299e-02	2.10502437e-03	1.46169740e-02	2.74835134e-02	2.10502437e-03	-2.10502437e-03	5.28528672e-02	7.58125270e-02
1913            	4.21005200e-02	2.51502496e-21	1.28665608e-01	-6.43328042e-03	-1.14798428e-02	2.10502600e-03	1.46169796e-02	2.74835404e-02	2.10502600e-03	-2.10502600e-03	5.28529615e-02	7.58126470e-02
1914            	4.21005925e-02	2.51504025e-21	1.28665800e-01	-6.43328999e-03	-1.14798521e-02	2.10502962e-03	1.46170062e-02	2.74835862e-02	2.10502962e-03	-2.10502962e-03	5.28530478e-02	7.58127521e-02
1915            	4.21006247e-02	2.51504505e-21	1.28666013e-01	-6.43330065e-03	-1.14798650e-02	2.10503124e-03	1.46170117e-02	2.74836130e-02	2.10503124e-03	-2.10503124e-03	5.28531415e-02	7.58128715e-02
1916            	4.21006969e-02	2.51506026e-21	1.28666203e-01	-6.43331015e-03	-1.14798743e-02	2.10503484e-03	1.46170383e-02	2.74836586e-02	2.10503484e-03	-2.10503484e-03	5.28532272e-02	7.58129758e-02
1917            	4.21007288e-02	2.51506498e-21	1.28666415e-01	-6.43332075e-03	-1.14798871e-02	2.10503644e-03	1.46170437e-02	2.74836851e-02	2.10503644e-03	-2.10503644e-03	5.28533204e-02	7.58130946e-02
1918            	4.21007365e-02	2.51507803e-21	1.28666485e-01	-6.43332423e-03	-1.14798810e-02	2.10503682e-03	1.46170440e-02	2.74836925e-02	2.10503682e-03	-2.10503682e-03	5.28533612e-02	7.58131233e-02
1919            	4.21007235e-02	2.51508121e-21	1.28666565e-01	-6.43332827e-03	-1.14798767e-02	2.10503617e-03	1.46170335e-02	2.74836900e-02	2.10503617e-03	-2.10503617e-03	5.28534059e-02	7.58131594e-02
1920            	4.21007466e-02	2.51509523e-21	1.28666673e-01	-6.43333367e-03	-1.14798764e-02	2.10503733e-03	1.46170396e-02	2.74837070e-02	2.10503733e-03	-2.10503733e-03	5.28534603e-02	7.58132132e-02
1921            	4.21007829e-02	2.51509964e-21	1.28666864e-01	-6.43334320e-03	-1.14798870e-02	2.10503914e-03	1.46170482e-02	2.74837346e-02	2.10503914e-03	-2.10503914e-03	5.28535450e-02	7.58133189e-02
1922            	4.21008510e-02	2.51511444e-21	1.28667071e-01	-6.43335354e-03	-1.14798999e-02	2.10504255e-03	1.46170720e-02	2.74837791e-02	2.10504255e-03	-2.10504255e-03	5.28536355e-02	7.58134353e-02
1923            	4.21009108e-02	2.51511904e-21	1.28667312e-01	-6.43336558e-03	-1.14799171e-02	2.10504554e-03	1.46170898e-02	2.74838210e-02	2.10504554e-03	-2.10504554e-03	5.28537387e-02	7.58135730e-02
1924            	4.21009805e-02	2.51513357e-21	1.28667521e-01	-6.43337603e-03	-1.14799304e-02	2.10504903e-03	1.46171142e-02	2.74838663e-02	2.10504903e-03	-2.10504903e-03	5.28538300e-02	7.58136907e-02
1925            	4.21010295e-02	2.51513778e-21	1.28667737e-01	-6.43338685e-03	-1.14799444e-02	2.10505148e-03	1.46171279e-02	2.74839016e-02	2.10505148e-03	-2.10505148e-03	5.28539241e-02	7.58138129e-02
1926            	4.21010864e-02	2.51515199e-21	1.28667917e-01	-6.43339584e-03	-1.14799538e-02	2.10505432e-03	1.46171473e-02	2.74839390e-02	2.10505432e-03	-2.10505432e-03	5.28540046e-02	7.58139123e-02
1927            	4.21011265e-02	2.51515602e-21	1.28668113e-01	-6.43340566e-03	-1.14799653e-02	2.10505632e-03	1.46171576e-02	2.74839689e-02	2.10505632e-03	-2.10505632e-03	5.28540913e-02	7.58140219e-02
1928            	4.21011803e-02	2.51517016e-21	1.28668286e-01	-6.43341429e-03	-1.14799738e-02	2.10505901e-03	1.46171758e-02	2.74840044e-02	2.10505901e-03	-2.10505901e-03	5.28541691e-02	7.58141168e-02
1929            	4.21012214e-02	2.51517419e-21	1.28668484e-01	-6.43342419e-03	-1.14799856e-02	2.10506107e-03	1.46171865e-02	2.74840349e-02	2.10506107e-03	-2.10506107e-03	5.28542562e-02	7.58142275e-02
1930            	4.21012778e-02	2.51518834e-21	1.28668661e-01	-6.43343307e-03	-1.14799950e-02	2.10506389e-03	1.46172058e-02	2.74840719e-02	2.10506389e-03	-2.10506389e-03	5.28543357e-02	7.58143257e-02
1931            	4.21013210e-02	2.51519235e-21	1.28668863e-01	-6.43344317e-03	-1.14800075e-02	2.10506605e-03	1.46172173e-02	2.74841037e-02	2.10506605e-03	-2.10506605e-03	5.28544242e-02	7.58144392e-02
1932            	4.21013782e-02	2.51520644e-21	1.28669042e-01	-6.43345212e-03	-1.14800172e-02	2.10506891e-03	1.46172370e-02	2.74841412e-02	2.10506891e-03	-2.10506891e-03	5.28545040e-02	7.58145383e-02
1933            	4.21014211e-02	2.51521037e-21	1.28669243e-01	-6.43346214e-03	-1.14800296e-02	2.10507106e-03	1.46172484e-02	2.74841727e-02	2.10507106e-03	-2.10507106e-03	5.28545919e-02	7.58146510e-02
1934            	4.21014774e-02	2.51522439e-21	1.28669419e-01	-6.43347095e-03	-1.14800390e-02	2.10507387e-03	1.46172677e-02	2.74842096e-02	2.10507387e-03	-2.10507387e-03	5.28546705e-02	7.58147485e-02
1935            	4.21015192e-02	2.51522825e-21	1.28669616e-01	-6.43348082e-03	-1.14800511e-02	2.10507596e-03	1.46172788e-02	2.74842404e-02	2.10507596e-03	-2.10507596e-03	5.28547571e-02	7.58148594e-02
1936            	4.21015745e-02	2.51524219e-21	1.28669790e-01	-6.43348951e-03	-1.14800603e-02	2.10507873e-03	1.46172978e-02	2.74842768e-02	2.10507873e-03	-2.10507873e-03	5.28548347e-02	7.58149554e-02
1937            	4.21016158e-02	2.51524599e-21	1.28669986e-01	-6.43349929e-03	-1.14800724e-02	2.10508079e-03	1.46173086e-02	2.74843072e-02	2.10508079e-03	-2.10508079e-03	5.28549205e-02	7.58150653e-02
1938            	4.21016709e-02	2.51525988e-21	1.28670158e-01	-6.43350791e-03	-1.14800815e-02	2.10508354e-03	1.46173275e-02	2.74843433e-02	2.10508354e-03	-2.10508354e-03	5.28549976e-02	7.58151607e-02
1939            	4.21017119e-02	2.51526362e-21	1.28670353e-01	-6.43351764e-03	-1.14800935e-02	2.10508559e-03	1.46173383e-02	2.74843736e-02	2.10508559e-03	-2.10508559e-03	5.28550829e-02	7.58152699e-02
1940            	4.21017667e-02	2.51527744e-21	1.28670524e-01	-6.43352621e-03	-1.14801027e-02	2.10508834e-03	1.46173572e-02	2.74844096e-02	2.10508834e-03	-2.10508834e-03	5.28551594e-02	7.58153647e-02
1941            	4.21018075e-02	2.51528112e-21	1.28670717e-01	-6.43353587e-03	-1.14801146e-02	2.10509037e-03	1.46173679e-02	2.74844396e-02	2.10509037e-03	-2.10509037e-03	5.28552441e-02	7.58154734e-02
1942            	4.21018620e-02	2.51529488e-21	1.28670888e-01	-6.43354438e-03	-1.14801237e-02	2.10509310e-03	1.46173866e-02	2.74844754e-02	2.10509310e-03	-2.10509310e-03	5.28553200e-02	7.58155675e-02
1943            	4.21019023e-02	2.51529849e-21	1.28671080e-01	-6.43355398e-03	-1.14801356e-02	2.10509512e-03	1.46173972e-02	2.74845051e-02	2.10509512e-03	-2.10509512e-03	5.28554041e-02	7.58156754e-02
1944            	4.21019565e-02	2.51531217e-21	1.28671248e-01	-6.43356241e-03	-1.14801447e-02	2.10509782e-03	1.46174158e-02	2.74845407e-02	2.10509782e-03	-2.10509782e-03	5.28554795e-02	7.58157688e-02
1945            	4.21019966e-02	2.51531572e-21	1.28671439e-01	-6.43357195e-03	-1.14801565e-02	2.10509983e-03	1.46174263e-02	2.74845702e-02	2.10509983e-03	-2.10509983e-03	5.28555630e-02	7.58158760e-02
1946            	4.21020504e-02	2.51532934e-21	1.28671606e-01	-6.43358032e-03	-1.14801655e-02	2.10510252e-03	1.46174449e-02	2.74846055e-02	2.10510252e-03	-2.10510252e-03	5.28556377e-02	7.58159687e-02
1947            	4.21020902e-02	2.51533283e-21	1.28671796e-01	-6.43358980e-03	-1.14801773e-02	2.10510451e-03	1.46174553e-02	2.74846349e-02	2.10510451e-03	-2.10510451e-03	5.28557207e-02	7.58160753e-02
1948            	4.21021437e-02	2.51534638e-21	1.28671962e-01	-6.43359812e-03	-1.14801863e-02	2.10510719e-03	1.46174737e-02	2.74846700e-02	2.10510719e-03	-2.10510719e-03	5.28557949e-02	7.58161674e-02
1949            	4.21021832e-02	2.51534980e-21	1.28672151e-01	-6.43360754e-03	-1.14801980e-02	2.10510916e-03	1.46174841e-02	2.74846991e-02	2.10510916e-03	-2.10510916e-03	5.28558773e-02	7.58162734e-02
1950            	4.21022365e-02	2.51536329e-21	1.28672316e-01	-6.43361579e-03	-1.14802070e-02	2.10511182e-03	1.46175024e-02	2.74847340e-02	2.10511182e-03	-2.10511182e-03	5.28559510e-02	7.58163649e-02
1951            	4.21022757e-02	2.51536664e-21	1.28672503e-01	-6.43362515e-03	-1.14802187e-02	2.10511378e-03	1.46175127e-02	2.74847630e-02	2.10511378e-03	-2.10511378e-03	5.28560329e-02	7.58164702e-02
1952            	4.21023286e-02	2.51538007e-21	1.28672667e-01	-6.43363335e-03	-1.14802275e-02	2.10511643e-03	1.46175310e-02	2.74847977e-02	2.10511643e-03	-2.10511643e-03	5.28561060e-02	7.58165610e-02
1953            	4.21023676e-02	2.51538336e-21	1.28672853e-01	-6.43364265e-03	-1.14802392e-02	2.10511838e-03	1.46175411e-02	2.74848264e-02	2.10511838e-03	-2.10511838e-03	5.28561873e-02	7.58166657e-02
1954            	4.21024203e-02	2.51539673e-21	1.28673016e-01	-6.43365079e-03	-1.14802480e-02	2.10512101e-03	1.46175593e-02	2.74848609e-02	2.10512101e-03	-2.10512101e-03	5.28562599e-02	7.58167559e-02
1955            	4.21024589e-02	2.51539997e-21	1.28673201e-01	-6.43366004e-03	-1.14802596e-02	2.10512295e-03	1.46175694e-02	2.74848895e-02	2.10512295e-03	-2.10512295e-03	5.28563407e-02	7.58168600e-02
1956            	4.21025114e-02	2.51541328e-21	1.28673362e-01	-6.43366812e-03	-1.14802684e-02	2.10512557e-03	1.46175876e-02	2.74849238e-02	2.10512557e-03	-2.10512557e-03	5.28564128e-02	7.58169496e-02
1957            	4.21025497e-02	2.51541648e-21	1.28673546e-01	-6.43367731e-03	-1.14802800e-02	2.10512749e-03	1.46175976e-02	2.74849522e-02	2.10512749e-03	-2.10512749e-03	5.28564931e-02	7.58170531e-02
1958            	4.21026020e-02	2.51542974e-21	1.28673707e-01	-6.43368534e-03	-1.14802887e-02	2.10513010e-03	1.46176156e-02	2.74849863e-02	2.10513010e-03	-2.10513010e-03	5.28565647e-02	7.58171421e-02
1959            	4.21026401e-02	2.51543289e-21	1.28673890e-01	-6.43369448e-03	-1.14803003e-02	2.10513201e-03	1.46176256e-02	2.74850145e-02	2.10513201e-03	-2.10513201e-03	5.28566445e-02	7.58172451e-02
1960            	4.21026921e-02	2.51544612e-21	1.28674049e-01	-6.43370245e-03	-1.14803090e-02	2.10513460e-03	1.46176436e-02	2.74850485e-02	2.10513460e-03	-2.10513460e-03	5.28567156e-02	7.58173335e-02
1961            	4.21027300e-02	2.51544922e-21	1.28674231e-01	-6.43371154e-03	-1.14803205e-02	2.10513650e-03	1.46176535e-02	2.74850766e-02	2.10513650e-03	-2.10513650e-03	5.28567949e-02	7.58174359e-02
1962            	4.21027818e-02	2.51546241e-21	1.28674389e-01	-6.43371947e-03	-1.14803292e-02	2.10513909e-03	1.46176714e-02	2.74851104e-02	2.10513909e-03	-2.10513909e-03	5.28568655e-02	7.58175238e-02
1963            	4.21028196e-02	2.51546548e-21	1.28674570e-01	-6.43372851e-03	-1.14803406e-02	2.10514098e-03	1.46176813e-02	2.74851383e-02	2.10514098e-03	-2.10514098e-03	5.28569444e-02	7.58176257e-02
1964            	4.21028711e-02	2.51547862e-21	1.28674728e-01	-6.43373638e-03	-1.14803493e-02	2.10514356e-03	1.46176992e-02	2.74851719e-02	2.10514356e-03	-2.10514356e-03	5.28570146e-02	7.58177131e-02
1965            	4.21029087e-02	2.51548165e-21	1.28674907e-01	-6.43374537e-03	-1.14803607e-02	2.10514543e-03	1.46177090e-02	2.74851997e-02	2.10514543e-03	-2.10514543e-03	5.28570930e-02	7.58178144e-02
1966            	4.21029601e-02	2.51549476e-21	1.28675064e-01	-6.43375320e-03	-1.14803693e-02	2.10514800e-03	1.46177268e-02	2.74852332e-02	2.10514800e-03	-2.10514800e-03	5.28571627e-02	7.58179013e-02
1967            	4.21029974e-02	2.51549774e-21	1.28675243e-01	-6.43376214e-03	-1.14803807e-02	2.10514987e-03	1.46177366e-02	2.74852608e-02	2.10514987e-03	-2.10514987e-03	5.28572408e-02	7.58180021e-02
1968            	4.21030486e-02	2.51551081e-21	1.28675398e-01	-6.43376992e-03	-1.14803892e-02	2.10515243e-03	1.46177544e-02	2.74852942e-02	2.10515243e-03	-2.10515243e-03	5.28573100e-02	7.58180884e-02
1969            	4.21030857e-02	2.51551375e-21	1.28675576e-01	-6.43377881e-03	-1.14804005e-02	2.10515429e-03	1.46177641e-02	2.74853217e-02	2.10515429e-03	-2.10515429e-03	5.28573876e-02	7.58181887e-02
1970            	4.21031367e-02	2.51552677e-21	1.28675731e-01	-6.43378654e-03	-1.14804090e-02	2.10515684e-03	1.46177818e-02	2.74853549e-02	2.10515684e-03	-2.10515684e-03	5.28574564e-02	7.58182744e-02
1971            	4.21031736e-02	2.51552967e-21	1.28675908e-01	-6.43379538e-03	-1.14804203e-02	2.10515868e-03	1.46177914e-02	2.74853822e-02	2.10515868e-03	-2.10515868e-03	5.28575335e-02	7.58183741e-02
1972            	4.21032244e-02	2.51554263e-21	1.28676061e-01	-6.43380305e-03	-1.14804287e-02	2.10516122e-03	1.46178091e-02	2.74854152e-02	2.10516122e-03	-2.10516122e-03	5.28576018e-02	7.58184593e-02
1973            	4.21032610e-02	2.51554548e-21	1.28676237e-01	-6.43381184e-03	-1.14804399e-02	2.10516305e-03	1.46178187e-02	2.74854424e-02	2.10516305e-03	-2.10516305e-03	5.28576785e-02	7.58185583e-02
1974            	4.21033115e-02	2.51555839e-21	1.28676389e-01	-6.43381946e-03	-1.14804482e-02	2.10516557e-03	1.46178363e-02	2.74854752e-02	2.10516557e-03	-2.10516557e-03	5.28577463e-02	7.58186428e-02
1975            	4.21033479e-02	2.51556118e-21	1.28676564e-01	-6.43382818e-03	-1.14804593e-02	2.10516739e-03	1.46178458e-02	2.74855021e-02	2.10516739e-03	-2.10516739e-03	5.28578225e-02	7.58187411e-02
1976            	4.21033980e-02	2.51557404e-21	1.28676715e-01	-6.43383574e-03	-1.14804676e-02	2.10516990e-03	1.46178633e-02	2.74855347e-02	2.10516990e-03	-2.10516990e-03	5.28578898e-02	7.58188249e-02
1977            	4.21034341e-02	2.51557677e-21	1.28676888e-01	-6.43384440e-03	-1.14804785e-02	2.10517170e-03	1.46178726e-02	2.74855614e-02	2.10517170e-03	-2.10517170e-03	5.28579654e-02	7.58189225e-02
1978            	4.21034839e-02	2.51558956e-21	1.28677038e-01	-6.43385189e-03	-1.14804867e-02	2.10517419e-03	1.46178900e-02	2.74855938e-02	2.10517419e-03	-2.10517419e-03	5.28580323e-02	7.58190056e-02
1979            	4.21035196e-02	2.51559222e-21	1.28677210e-01	-6.43386049e-03	-1.14804975e-02	2.10517598e-03	1.46178993e-02	2.74856203e-02	2.10517598e-03	-2.10517598e-03	5.28581073e-02	7.58191024e-02
1980            	4.21035690e-02	2.51560493e-21	1.28677358e-01	-6.43386791e-03	-1.14805055e-02	2.10517845e-03	1.46179166e-02	2.74856524e-02	2.10517845e-03	-2.10517845e-03	5.28581736e-02	7.58191846e-02
1981            	4.21036043e-02	2.51560752e-21	1.28677529e-01	-6.43387644e-03	-1.14805163e-02	2.10518022e-03	1.46179257e-02	2.74856786e-02	2.10518022e-03	-2.10518022e-03	5.28582481e-02	7.58192806e-02
1982            	4.21036534e-02	2.51562016e-21	1.28677676e-01	-6.43388379e-03	-1.14805241e-02	2.10518267e-03	1.46179429e-02	2.74857105e-02	2.10518267e-03	-2.10518267e-03	5.28583138e-02	7.58193620e-02
1983            	4.21036883e-02	2.51562267e-21	1.28677845e-01	-6.43389225e-03	-1.14805347e-02	2.10518441e-03	1.46179519e-02	2.74857364e-02	2.10518441e-03	-2.10518441e-03	5.28583878e-02	7.58194572e-02
1984            	4.21037369e-02	2.51563524e-21	1.28677991e-01	-6.43389953e-03	-1.14805424e-02	2.10518685e-03	1.46179689e-02	2.74857680e-02	2.10518685e-03	-2.10518685e-03	5.28584529e-02	7.58195377e-02
1985            	4.21037714e-02	2.51563767e-21	1.28678158e-01	-6.43390791e-03	-1.14805528e-02	2.10518857e-03	1.46179778e-02	2.74857936e-02	2.10518857e-03	-2.10518857e-03	5.28585263e-02	7.58196319e-02
1986            	4.21038196e-02	2.51565016e-21	1.28678302e-01	-6.43391512e-03	-1.14805604e-02	2.10519098e-03	1.46179947e-02	2.74858249e-02	2.10519098e-03	-2.10519098e-03	5.28585908e-02	7.58197116e-02
1987            	4.21038536e-02	2.51565252e-21	1.28678468e-01	-6.43392342e-03	-1.14805707e-02	2.10519268e-03	1.46180034e-02	2.74858502e-02	2.10519268e-03	-2.10519268e-03	5.28586636e-02	7.58198049e-02
1988            	4.21039014e-02	2.51566494e-21	1.28678611e-01	-6.43393056e-03	-1.14805781e-02	2.10519507e-03	1.46180201e-02	2.74858812e-02	2.10519507e-03	-2.10519507e-03	5.28587275e-02	7.58198837e-02
1989            	4.21039350e-02	2.51566723e-21	1.28678776e-01	-6.43393879e-03	-1.14805882e-02	2.10519675e-03	1.46180287e-02	2.74859063e-02	2.10519675e-03	-2.10519675e-03	5.28587997e-02	7.58199761e-02
1990            	4.21039823e-02	2.51567958e-21	1.28678917e-01	-6.43394585e-03	-1.14805954e-02	2.10519911e-03	1.46180453e-02	2.74859370e-02	2.10519911e-03	-2.10519911e-03	5.28588631e-02	7.58200539e-02
1991            	4.21040154e-02	2.51568181e-21	1.28679080e-01	-6.43395401e-03	-1.14806054e-02	2.10520077e-03	1.46180537e-02	2.74859617e-02	2.10520077e-03	-2.10520077e-03	5.28589347e-02	7.58201454e-02
1992            	4.21040623e-02	2.51569411e-21	1.28679220e-01	-6.43396100e-03	-1.14806125e-02	2.10520311e-03	1.46180702e-02	2.74859921e-02	2.10520311e-03	-2.10520311e-03	5.28589975e-02	7.58202224e-02
1993            	4.21040950e-02	2.51569628e-21	1.28679382e-01	-6.43396908e-03	-1.14806223e-02	2.10520475e-03	1.46180784e-02	2.74860166e-02	2.10520475e-03	-2.10520475e-03	5.28590685e-02	7.58203130e-02
1994            	4.21041414e-02	2.51570853e-21	1.28679520e-01	-6.43397599e-03	-1.14806292e-02	2.10520707e-03	1.46180947e-02	2.74860467e-02	2.10520707e-03	-2.10520707e-03	5.28591307e-02	7.58203891e-02
1995            	4.21041737e-02	2.51571065e-21	1.28679680e-01	-6.43398400e-03	-1.14806388e-02	2.10520868e-03	1.46181028e-02	2.74860708e-02	2.10520868e-03	-2.10520868e-03	5.28592012e-02	7.58204789e-02
1996            	4.21042197e-02	2.51572286e-21	1.28679817e-01	-6.43399085e-03	-1.14806456e-02	2.10521098e-03	1.46181190e-02	2.74861007e-02	2.10521098e-03	-2.10521098e-03	5.28592629e-02	7.58205541e-02
1997            	4.21042515e-02	2.51572495e-21	1.28679976e-01	-6.43399879e-03	-1.14806552e-02	2.10521258e-03	1.46181270e-02	2.74861245e-02	2.10521258e-03	-2.10521258e-03	5.28593328e-02	7.58206431e-02
1998            	4.21042971e-02	2.51573712e-21	1.28680111e-01	-6.43400557e-03	-1.14806618e-02	2.10521486e-03	1.46181430e-02	2.74861541e-02	2.10521486e-03	-2.10521486e-03	5.28593939e-02	7.58207175e-02
1999            	4.21043285e-02	2.51573918e-21	1.28680269e-01	-6.43401345e-03	-1.14806712e-02	2.10521643e-03	1.46181508e-02	2.74861777e-02	2.10521643e-03	-2.10521643e-03	5.28594633e-02	7.58208057e-02
2000            	4.21043737e-02	2.51575132e-21	1.28680403e-01	-6.43402017e-03	-1.14806777e-02	2.10521868e-03	1.46181667e-02	2.74862070e-02	2.10521868e-03	-2.10521868e-03	5.28595239e-02	7.58208794e-02
